Volume,vw,Open,Close,High,Low,timestamp,n
200.0,12.1,12.1,12.1,12.1,12.1,2026-07-29 08:03:00,1
100.0,12.1,12.1,12.1,12.1,12.1,2026-07-29 08:05:00,1
600.0,11.7617,11.82,11.73,11.82,11.73,2026-07-29 09:49:00,2
400.0,12.1426,12.15,12.13,12.15,12.13,2026-07-29 12:05:00,3
1704.0,12.1295,12.14,12.07,12.14,12.07,2026-07-29 12:18:00,31
12587.780501,12.2203,12.22,12.215,12.3375,12.21,2026-07-29 13:30:00,52
1154.0,12.2781,12.23,12.23,12.3418,12.23,2026-07-29 13:31:00,8
268.789002,12.2832,12.235,12.235,12.235,12.235,2026-07-29 13:32:00,9
2986.0,12.2087,12.245,12.24,12.255,12.1717,2026-07-29 13:33:00,23
3072.68424,12.2434,12.24,12.24,12.2711,12.24,2026-07-29 13:34:00,21
6505.66193,12.2502,12.24,12.3,12.3,12.24,2026-07-29 13:35:00,27
2151.557077,12.3476,12.32,12.345,12.38,12.32,2026-07-29 13:36:00,37
1886.703385,12.2725,12.31,12.28,12.31,12.2,2026-07-29 13:37:00,31
5073.0,12.2065,12.2002,12.24,12.24,12.2002,2026-07-29 13:38:00,17
513.0,12.2608,12.281,12.281,12.281,12.281,2026-07-29 13:39:00,19
1342.944106,12.2117,12.24,12.19,12.24,12.19,2026-07-29 13:40:00,54
436.032,12.183,12.195,12.18,12.195,12.18,2026-07-29 13:41:00,40
2369.928683,12.0592,12.136,12.06,12.136,12.03,2026-07-29 13:42:00,22
967.412922,12.0448,12.06,12.0386,12.06,12.011,2026-07-29 13:43:00,23
1098.0,12.1206,12.11,12.116,12.14,12.11,2026-07-29 13:44:00,30
358.0,12.1369,12.14,12.14,12.14,12.14,2026-07-29 13:45:00,14
514.0,12.0523,12.03,12.03,12.03,12.03,2026-07-29 13:46:00,22
3383.415309,12.0271,12.01,12.06,12.06,12.0,2026-07-29 13:47:00,66
4093.0,12.1049,12.1,12.1099,12.1099,12.075,2026-07-29 13:48:00,32
2130.082584,12.1048,12.09,12.12,12.12,12.09,2026-07-29 13:49:00,38
1486.749275,12.0957,12.11,12.07,12.11,12.07,2026-07-29 13:50:00,25
313.0,12.0036,12.0,11.99,12.0,11.99,2026-07-29 13:52:00,12
3230.670597,12.0332,12.01,12.01,12.04,12.01,2026-07-29 13:53:00,39
1971.0,12.049,12.03,12.045,12.06,12.03,2026-07-29 13:54:00,59
909.0,12.0279,12.01,12.05,12.05,12.01,2026-07-29 13:57:00,27
1171.0,12.0934,12.08,12.11,12.11,12.08,2026-07-29 13:58:00,37
1578.0,12.1283,12.14,12.13,12.14,12.13,2026-07-29 13:59:00,61
1131.093906,12.1642,12.17,12.17,12.17,12.17,2026-07-29 14:00:00,28
594.0,12.1404,12.15,12.135,12.15,12.135,2026-07-29 14:01:00,14
440.0,12.1145,12.115,12.115,12.115,12.115,2026-07-29 14:03:00,21
882.024714,12.1119,12.1,12.115,12.13,12.1,2026-07-29 14:05:00,46
5349.0,12.1308,12.13,12.11,12.17,12.11,2026-07-29 14:06:00,65
2255.0,12.0289,12.06,12.01,12.06,11.975,2026-07-29 14:07:00,28
2336.0,11.956,11.98,11.94,11.99,11.94,2026-07-29 14:08:00,52
1007.197452,11.8962,11.9,11.865,11.9,11.865,2026-07-29 14:09:00,21
423.0,11.8487,11.85,11.84,11.85,11.84,2026-07-29 14:10:00,16
3155.043641,11.8665,11.835,11.88,11.88,11.835,2026-07-29 14:11:00,49
1465.0,11.8245,11.7958,11.78,11.8,11.78,2026-07-29 14:12:00,20
6048.0,11.7104,11.75,11.73,11.75,11.6805,2026-07-29 14:13:00,83
2691.0,11.7459,11.73,11.76,11.76,11.73,2026-07-29 14:14:00,96
971.0,11.7761,11.77,11.79,11.79,11.77,2026-07-29 14:15:00,42
3349.0,11.7916,11.8,11.7756,11.8,11.7756,2026-07-29 14:16:00,54
845.0,11.7615,11.76,11.76,11.76,11.76,2026-07-29 14:17:00,33
860.0,11.7508,11.73,11.76,11.76,11.73,2026-07-29 14:18:00,32
2303.0,11.7061,11.71,11.69,11.71,11.69,2026-07-29 14:19:00,39
2094.0,11.7007,11.665,11.73,11.73,11.645,2026-07-29 14:20:00,45
796.0,11.695,11.69,11.69,11.7,11.69,2026-07-29 14:21:00,26
430.0,11.7017,11.7,11.7,11.7,11.7,2026-07-29 14:22:00,26
862.0,11.6574,11.65,11.65,11.65,11.65,2026-07-29 14:24:00,38
4248.0,11.6698,11.64,11.71,11.71,11.635,2026-07-29 14:25:00,84
1239.0,11.6593,11.69,11.7,11.7,11.6401,2026-07-29 14:26:00,23
319.0,11.684,11.68,11.68,11.68,11.68,2026-07-29 14:27:00,15
1784.0,11.7166,11.7,11.72,11.72,11.7,2026-07-29 14:28:00,47
556.255319,11.7199,11.72,11.72,11.72,11.72,2026-07-29 14:29:00,26
618.0,11.7228,11.72,11.72,11.72,11.72,2026-07-29 14:30:00,26
8024.0,11.7253,11.725,11.725,11.725,11.725,2026-07-29 14:31:00,19
1314.605134,11.7718,11.76,11.8,11.8,11.76,2026-07-29 14:32:00,45
874.096847,11.7834,11.77,11.79,11.79,11.77,2026-07-29 14:34:00,35
3903.341,11.7992,11.78,11.8,11.8,11.78,2026-07-29 14:35:00,25
6781.180745,11.7969,11.8,11.79,11.8,11.79,2026-07-29 14:36:00,34
837.083898,11.7696,11.77,11.77,11.77,11.77,2026-07-29 14:37:00,33
816.0,11.764,11.76,11.78,11.78,11.76,2026-07-29 14:38:00,18
1499.316144,11.773,11.765,11.78,11.78,11.765,2026-07-29 14:39:00,17
240.0,11.7172,11.695,11.695,11.695,11.695,2026-07-29 14:40:00,13
1413.0,11.7373,11.74,11.75,11.75,11.74,2026-07-29 14:41:00,46
11283.0,11.688,11.7,11.69,11.7,11.67,2026-07-29 14:42:00,44
230.0,11.6679,11.67,11.67,11.67,11.67,2026-07-29 14:43:00,18
376.0,11.6716,11.675,11.675,11.675,11.675,2026-07-29 14:44:00,21
619.0,11.6725,11.66,11.675,11.675,11.66,2026-07-29 14:45:00,24
2247.048444,11.681,11.6673,11.71,11.71,11.6673,2026-07-29 14:46:00,44
1398.064846,11.7093,11.7109,11.7,11.73,11.7,2026-07-29 14:47:00,25
258.0,11.6717,11.67,11.68,11.68,11.67,2026-07-29 14:49:00,14
15135.0,11.6795,11.68,11.68,11.72,11.66,2026-07-29 14:50:00,107
157.9829,11.7601,11.6966,11.6966,11.6966,11.6966,2026-07-29 14:51:00,13
634.0,11.683,11.69,11.69,11.69,11.69,2026-07-29 14:54:00,17
1934.0,11.6933,11.698,11.685,11.7,11.68,2026-07-29 14:56:00,28
1275.0,11.6856,11.685,11.685,11.685,11.685,2026-07-29 14:57:00,16
3839.0,11.6893,11.67,11.69,11.73,11.67,2026-07-29 14:58:00,87
1532.0,11.7233,11.7233,11.715,11.7291,11.7,2026-07-29 15:00:00,18
1254.0,11.7098,11.71,11.71,11.71,11.71,2026-07-29 15:01:00,31
1323.0,11.7224,11.72,11.73,11.73,11.72,2026-07-29 15:02:00,36
460.979812,11.7602,11.745,11.745,11.745,11.745,2026-07-29 15:03:00,27
417.0,11.74,11.745,11.745,11.745,11.745,2026-07-29 15:04:00,17
544.0,11.7173,11.71,11.71,11.71,11.71,2026-07-29 15:05:00,25
229.0,11.7135,11.72,11.72,11.72,11.72,2026-07-29 15:06:00,10
397.00003,11.6993,11.695,11.695,11.695,11.695,2026-07-29 15:07:00,14
5488.0,11.7236,11.72,11.71,11.74,11.71,2026-07-29 15:08:00,82
4912.0,11.7323,11.72,11.76,11.76,11.72,2026-07-29 15:09:00,76
1170.113763,11.7701,11.78,11.75,11.78,11.75,2026-07-29 15:10:00,34
443.0,11.7295,11.725,11.73,11.73,11.725,2026-07-29 15:11:00,16
1127.0,11.741,11.74,11.75,11.75,11.74,2026-07-29 15:12:00,31
800.0,11.7146,11.72,11.71,11.72,11.71,2026-07-29 15:14:00,29
1246.0,11.7165,11.705,11.72,11.72,11.705,2026-07-29 15:15:00,31
3108.0,11.7388,11.74,11.74,11.74,11.74,2026-07-29 15:16:00,56
1668.0,11.7468,11.74,11.75,11.75,11.74,2026-07-29 15:18:00,35
4417.0,11.7036,11.7404,11.72,11.7404,11.69,2026-07-29 15:19:00,64
428.0,11.7319,11.735,11.735,11.735,11.735,2026-07-29 15:20:00,16
334.0,11.7205,11.715,11.715,11.715,11.715,2026-07-29 15:21:00,19
509.255501,11.7202,11.715,11.715,11.715,11.715,2026-07-29 15:22:00,13
1432.0,11.7356,11.72,11.75,11.75,11.72,2026-07-29 15:25:00,45
1627.0,11.6979,11.71,11.685,11.71,11.685,2026-07-29 15:26:00,28
1002.0,11.7001,11.685,11.705,11.705,11.685,2026-07-29 15:27:00,24
8801.113036,11.6745,11.69,11.63,11.69,11.63,2026-07-29 15:29:00,74
456.0,11.6229,11.6,11.615,11.615,11.6,2026-07-29 15:30:00,14
433.171917,11.6356,11.63,11.63,11.63,11.63,2026-07-29 15:32:00,18
205.0,11.6239,11.62,11.62,11.62,11.62,2026-07-29 15:34:00,8
1680.0,11.6379,11.63,11.645,11.65,11.63,2026-07-29 15:35:00,31
855.0,11.636,11.63,11.63,11.63,11.63,2026-07-29 15:37:00,47
2658.0,11.6073,11.62,11.6,11.62,11.6,2026-07-29 15:38:00,43
713.323389,11.5633,11.5547,11.56,11.56,11.5547,2026-07-29 15:39:00,12
600.233,11.5646,11.56,11.56,11.56,11.56,2026-07-29 15:40:00,18
520.0,11.5811,11.58,11.58,11.58,11.58,2026-07-29 15:41:00,21
648.0,11.5819,11.58,11.58,11.58,11.58,2026-07-29 15:42:00,19
681.73356,11.5886,11.58,11.58,11.58,11.57,2026-07-29 15:43:00,19
551.0,11.5657,11.552,11.552,11.552,11.552,2026-07-29 15:44:00,25
354.1,11.5612,11.565,11.541,11.565,11.541,2026-07-29 15:45:00,11
399.0,11.5704,11.59,11.59,11.59,11.59,2026-07-29 15:46:00,15
1515.0,11.5798,11.585,11.57,11.585,11.57,2026-07-29 15:47:00,22
808.0,11.5913,11.5954,11.59,11.5954,11.59,2026-07-29 15:48:00,18
496.159072,11.596,11.595,11.595,11.595,11.595,2026-07-29 15:50:00,20
713.0,11.5874,11.59,11.5808,11.59,11.5808,2026-07-29 15:51:00,29
2401.0,11.5802,11.5801,11.58,11.5801,11.58,2026-07-29 15:52:00,38
319.0,11.5805,11.575,11.575,11.575,11.575,2026-07-29 15:53:00,16
490.0,11.5669,11.56,11.56,11.56,11.56,2026-07-29 15:54:00,20
3637.1666,11.568,11.56,11.57,11.57,11.56,2026-07-29 15:55:00,66
2701.0,11.5703,11.57,11.57,11.57,11.57,2026-07-29 15:57:00,12
403.0,11.5709,11.57,11.57,11.57,11.57,2026-07-29 15:58:00,11
993.0,11.5887,11.59,11.59,11.59,11.59,2026-07-29 15:59:00,30
2788.563591,11.5904,11.61,11.57,11.61,11.57,2026-07-29 16:00:00,76
5085.0,11.5678,11.57,11.55,11.57,11.55,2026-07-29 16:01:00,48
313.0,11.5281,11.52,11.52,11.52,11.52,2026-07-29 16:02:00,16
1476.0,11.531,11.53,11.53,11.53,11.525,2026-07-29 16:03:00,47
206.0,11.5256,11.525,11.525,11.525,11.525,2026-07-29 16:04:00,7
1724.0,11.5154,11.515,11.51,11.515,11.51,2026-07-29 16:05:00,20
915.4338,11.5344,11.53,11.53,11.53,11.53,2026-07-29 16:08:00,41
614.0,11.5217,11.525,11.52,11.525,11.52,2026-07-29 16:09:00,21
1252.0,11.5274,11.53,11.515,11.53,11.515,2026-07-29 16:10:00,18
716.297846,11.5199,11.515,11.515,11.515,11.515,2026-07-29 16:11:00,12
1927.6044,11.5066,11.51,11.5,11.51,11.5,2026-07-29 16:12:00,37
7799.918904,11.4969,11.5,11.5,11.5,11.49,2026-07-29 16:13:00,79
1917.0,11.4997,11.5,11.5,11.5,11.5,2026-07-29 16:14:00,25
2367.0,11.4871,11.49,11.49,11.4903,11.48,2026-07-29 16:15:00,41
535.0,11.4905,11.49,11.49,11.49,11.49,2026-07-29 16:16:00,17
3126.0,11.5152,11.49,11.52,11.52,11.49,2026-07-29 16:17:00,43
525.0,11.5175,11.52,11.52,11.52,11.52,2026-07-29 16:18:00,20
341.173611,11.5311,11.52,11.52,11.52,11.52,2026-07-29 16:19:00,20
1221.0,11.5147,11.515,11.52,11.52,11.505,2026-07-29 16:20:00,39
1289.0,11.526,11.53,11.53,11.53,11.53,2026-07-29 16:21:00,52
176.0,11.5288,11.53,11.53,11.53,11.53,2026-07-29 16:22:00,12
2922.11182,11.5503,11.54,11.5592,11.57,11.54,2026-07-29 16:23:00,54
383.112834,11.5451,11.54,11.54,11.54,11.54,2026-07-29 16:25:00,17
2816.0,11.5593,11.55,11.59,11.59,11.55,2026-07-29 16:26:00,65
2289.0,11.5969,11.6,11.58,11.61,11.58,2026-07-29 16:27:00,63
313.0,11.5774,11.58,11.58,11.58,11.58,2026-07-29 16:29:00,12
2691.0,11.6026,11.59,11.62,11.62,11.59,2026-07-29 16:30:00,50
1480.0,11.614,11.61,11.62,11.62,11.61,2026-07-29 16:31:00,40
906.0,11.6126,11.615,11.615,11.615,11.615,2026-07-29 16:32:00,25
946.034037,11.6121,11.605,11.62,11.62,11.605,2026-07-29 16:33:00,24
1126.0,11.5996,11.61,11.6,11.61,11.6,2026-07-29 16:34:00,34
577.0,11.5673,11.565,11.565,11.565,11.565,2026-07-29 16:35:00,26
717.0,11.5548,11.58,11.535,11.58,11.535,2026-07-29 16:36:00,15
686.0,11.5508,11.5395,11.55,11.55,11.5395,2026-07-29 16:37:00,20
464.432938,11.5538,11.55,11.535,11.55,11.535,2026-07-29 16:38:00,14
406.0,11.5319,11.53,11.525,11.53,11.525,2026-07-29 16:39:00,14
3995.0,11.5309,11.525,11.545,11.545,11.525,2026-07-29 16:40:00,50
358.98701,11.5789,11.545,11.55,11.55,11.545,2026-07-29 16:41:00,12
1173.0,11.5321,11.54,11.52,11.54,11.52,2026-07-29 16:42:00,32
1203.0,11.5216,11.52,11.525,11.525,11.52,2026-07-29 16:43:00,21
1034.405,11.5293,11.525,11.525,11.525,11.525,2026-07-29 16:44:00,27
1531.004195,11.5285,11.525,11.53,11.53,11.525,2026-07-29 16:45:00,51
1066.0,11.534,11.54,11.53,11.54,11.53,2026-07-29 16:46:00,26
2125.0,11.5419,11.54,11.55,11.55,11.535,2026-07-29 16:47:00,59
776.0,11.5699,11.57,11.57,11.57,11.57,2026-07-29 16:48:00,21
2567.0,11.5965,11.58,11.6,11.605,11.58,2026-07-29 16:49:00,46
2596.0,11.6096,11.61,11.61,11.61,11.61,2026-07-29 16:50:00,30
541.0,11.6225,11.63,11.63,11.63,11.63,2026-07-29 16:52:00,28
784.0,11.6168,11.62,11.61,11.62,11.61,2026-07-29 16:53:00,20
1764.0,11.6265,11.62,11.62,11.6396,11.62,2026-07-29 16:54:00,32
1314.0,11.6037,11.61,11.61,11.61,11.6,2026-07-29 16:56:00,34
758.0,11.6182,11.62,11.62,11.62,11.62,2026-07-29 16:57:00,24
1810.0,11.6349,11.63,11.6369,11.64,11.63,2026-07-29 16:58:00,43
236.0,11.6368,11.64,11.64,11.64,11.64,2026-07-29 16:59:00,13
2397.0,11.6676,11.65,11.68,11.68,11.65,2026-07-29 17:00:00,60
2136.0,11.702,11.7,11.71,11.71,11.7,2026-07-29 17:02:00,42
439.0,11.7154,11.72,11.72,11.72,11.72,2026-07-29 17:03:00,20
897.0,11.726,11.73,11.72,11.73,11.72,2026-07-29 17:04:00,27
1955.0,11.7203,11.73,11.71,11.7444,11.71,2026-07-29 17:05:00,34
530.226504,11.7297,11.725,11.73,11.73,11.725,2026-07-29 17:06:00,17
451.776223,11.753,11.74,11.7399,11.74,11.7399,2026-07-29 17:07:00,12
552.0,11.7256,11.74,11.74,11.74,11.74,2026-07-29 17:08:00,19
1304.0,11.7122,11.7156,11.71,11.7156,11.71,2026-07-29 17:09:00,21
1649.0,11.7223,11.72,11.72,11.73,11.72,2026-07-29 17:10:00,39
594.0,11.7286,11.74,11.73,11.74,11.73,2026-07-29 17:12:00,25
677.0,11.7178,11.715,11.72,11.72,11.715,2026-07-29 17:14:00,26
1190.0,11.7072,11.71,11.7,11.71,11.7,2026-07-29 17:15:00,35
485.0,11.7026,11.7,11.7,11.7,11.7,2026-07-29 17:16:00,24
1510.0,11.7004,11.7,11.7,11.7,11.7,2026-07-29 17:17:00,39
250.0,11.7009,11.7,11.7,11.7,11.7,2026-07-29 17:18:00,9
539.0,11.6993,11.7,11.695,11.7,11.695,2026-07-29 17:19:00,19
2668.0,11.7092,11.7,11.72,11.72,11.7,2026-07-29 17:20:00,50
3148.0,11.7116,11.71,11.72,11.72,11.71,2026-07-29 17:21:00,27
164.0,11.718,11.72,11.72,11.72,11.72,2026-07-29 17:22:00,4
2141.0,11.6953,11.71,11.69,11.71,11.685,2026-07-29 17:24:00,43
728.0,11.7013,11.695,11.7,11.7,11.695,2026-07-29 17:25:00,32
775.0,11.7109,11.71,11.715,11.715,11.71,2026-07-29 17:26:00,28
525.0,11.7202,11.72,11.72,11.72,11.72,2026-07-29 17:27:00,18
2979.0,11.7376,11.73,11.76,11.76,11.73,2026-07-29 17:28:00,47
2042.0,11.7372,11.74,11.735,11.74,11.735,2026-07-29 17:29:00,32
264.0,11.7221,11.72,11.72,11.72,11.72,2026-07-29 17:30:00,11
1193.0,11.7113,11.71,11.71,11.71,11.71,2026-07-29 17:31:00,33
563.0,11.7237,11.7101,11.74,11.74,11.7101,2026-07-29 17:32:00,28
1542.426257,11.7406,11.7399,11.74,11.74,11.7399,2026-07-29 17:33:00,53
1588.0,11.7219,11.73,11.72,11.73,11.72,2026-07-29 17:34:00,42
1816.0,11.7084,11.72,11.69,11.72,11.69,2026-07-29 17:35:00,39
793.0,11.684,11.69,11.68,11.69,11.68,2026-07-29 17:36:00,20
165.0,11.6845,11.68,11.68,11.68,11.68,2026-07-29 17:38:00,8
741.47422,11.6871,11.68,11.675,11.68,11.675,2026-07-29 17:39:00,23
3768.0,11.6576,11.67,11.635,11.67,11.635,2026-07-29 17:40:00,55
1317.0,11.6377,11.635,11.64,11.64,11.635,2026-07-29 17:41:00,24
10367.0,11.6309,11.63,11.62,11.64,11.62,2026-07-29 17:42:00,127
4705.0,11.6202,11.615,11.65,11.65,11.61,2026-07-29 17:43:00,99
9755.0,11.6541,11.67,11.65,11.67,11.65,2026-07-29 17:44:00,40
495.0,11.6622,11.665,11.665,11.665,11.665,2026-07-29 17:45:00,12
713.0,11.6595,11.66,11.66,11.66,11.66,2026-07-29 17:46:00,29
840.0,11.6688,11.67,11.675,11.675,11.67,2026-07-29 17:48:00,34
250.542703,11.6997,11.68,11.68,11.68,11.68,2026-07-29 17:49:00,19
309.0,11.6747,11.675,11.675,11.675,11.675,2026-07-29 17:50:00,17
1113.0,11.6791,11.68,11.68,11.68,11.68,2026-07-29 17:51:00,33
918.0,11.6815,11.69,11.685,11.69,11.675,2026-07-29 17:52:00,38
1277.0,11.6824,11.675,11.69,11.69,11.675,2026-07-29 17:54:00,42
1159.085,11.6833,11.69,11.68,11.69,11.68,2026-07-29 17:55:00,35
602.0,11.6688,11.67,11.675,11.675,11.6614,2026-07-29 17:57:00,19
785.0,11.6789,11.68,11.675,11.68,11.675,2026-07-29 17:58:00,25
4513.0,11.7614,11.69,11.82,11.85,11.68,2026-07-29 18:00:00,102
4001.0,11.8424,11.83,11.85,11.89,11.805,2026-07-29 18:01:00,65
2041.0,11.8174,11.83,11.815,11.83,11.81,2026-07-29 18:02:00,67
2012.0,11.8308,11.84,11.8392,11.84,11.815,2026-07-29 18:03:00,24
790.0,11.7956,11.79,11.79,11.79,11.79,2026-07-29 18:04:00,42
1266.0,11.7951,11.78,11.78,11.78,11.78,2026-07-29 18:05:00,44
2958.0,11.8235,11.79,11.825,11.84,11.79,2026-07-29 18:06:00,83
612.0,11.8271,11.82,11.84,11.84,11.82,2026-07-29 18:07:00,17
505.0,11.8206,11.815,11.815,11.815,11.815,2026-07-29 18:08:00,18
461.0,11.8223,11.82,11.82,11.82,11.82,2026-07-29 18:09:00,23
594.0,11.8414,11.85,11.85,11.85,11.85,2026-07-29 18:10:00,29
1398.0,11.8589,11.85,11.86,11.87,11.85,2026-07-29 18:11:00,42
221.0,11.8568,11.87,11.87,11.87,11.87,2026-07-29 18:12:00,17
1518.0,11.8344,11.84,11.82,11.84,11.82,2026-07-29 18:13:00,38
758.0,11.7914,11.8,11.79,11.8,11.79,2026-07-29 18:14:00,36
2515.0,11.8078,11.8,11.802,11.84,11.8,2026-07-29 18:15:00,50
933.0,11.8131,11.815,11.81,11.83,11.81,2026-07-29 18:16:00,20
540.0,11.7739,11.775,11.775,11.775,11.775,2026-07-29 18:17:00,28
1049.0,11.7648,11.76,11.76,11.78,11.76,2026-07-29 18:18:00,18
387.0,11.7611,11.76,11.77,11.77,11.76,2026-07-29 18:19:00,25
1849.603089,11.7425,11.74,11.73,11.74,11.73,2026-07-29 18:20:00,41
1351.0,11.7481,11.735,11.7579,11.7579,11.735,2026-07-29 18:21:00,33
210.0,11.7469,11.74,11.74,11.74,11.74,2026-07-29 18:22:00,16
1067.0,11.7542,11.76,11.76,11.76,11.75,2026-07-29 18:23:00,30
385.0,11.7451,11.7401,11.7401,11.7401,11.7401,2026-07-29 18:24:00,16
845.0,11.7545,11.75,11.76,11.77,11.75,2026-07-29 18:25:00,30
3961.0,11.7618,11.77,11.77,11.77,11.76,2026-07-29 18:26:00,48
780.0,11.7695,11.765,11.78,11.78,11.765,2026-07-29 18:28:00,26
221.0,11.7597,11.76,11.76,11.76,11.76,2026-07-29 18:29:00,15
3875.0,11.7636,11.765,11.77,11.77,11.76,2026-07-29 18:30:00,68
1960.0,11.7507,11.75,11.75,11.75,11.75,2026-07-29 18:31:00,39
4156.0,11.7324,11.74,11.71,11.74,11.71,2026-07-29 18:32:00,100
1151.0,11.7432,11.74,11.75,11.75,11.74,2026-07-29 18:33:00,34
1609.0,11.7286,11.74,11.71,11.7496,11.71,2026-07-29 18:34:00,31
1599.0,11.7008,11.7,11.6801,11.7,11.6801,2026-07-29 18:35:00,38
3622.0,11.6822,11.68,11.7,11.7,11.67,2026-07-29 18:36:00,69
5522.0,11.715,11.715,11.715,11.715,11.715,2026-07-29 18:37:00,17
4544.0,11.7355,11.74,11.76,11.78,11.7201,2026-07-29 18:38:00,40
4162.29298,11.7541,11.75,11.765,11.77,11.74,2026-07-29 18:39:00,57
1446.0,11.7739,11.765,11.785,11.785,11.765,2026-07-29 18:40:00,36
1690.0,11.7961,11.79,11.805,11.81,11.79,2026-07-29 18:41:00,42
1696.0,11.7807,11.79,11.785,11.79,11.78,2026-07-29 18:42:00,44
2083.0,11.7705,11.77,11.77,11.77,11.77,2026-07-29 18:43:00,48
3213.0,11.7872,11.77,11.785,11.79,11.77,2026-07-29 18:44:00,49
2312.0,11.7767,11.77,11.77,11.78,11.77,2026-07-29 18:45:00,56
4234.0,11.8231,11.79,11.84,11.84,11.79,2026-07-29 18:46:00,83
2230.0,11.8637,11.85,11.875,11.88,11.85,2026-07-29 18:47:00,54
2897.0,11.8638,11.875,11.86,11.875,11.86,2026-07-29 18:48:00,73
3977.0,11.8913,11.87,11.89,11.91,11.87,2026-07-29 18:49:00,47
7150.0,11.8957,11.89,11.9,11.9,11.88,2026-07-29 18:50:00,61
7236.0,11.858,11.9,11.86,11.9,11.85,2026-07-29 18:51:00,50
708.0,11.871,11.87,11.87,11.87,11.87,2026-07-29 18:52:00,28
4360.0,11.8926,11.89,11.91,11.91,11.89,2026-07-29 18:53:00,36
1733.0,11.8813,11.8801,11.8801,11.8801,11.8801,2026-07-29 18:54:00,22
3697.0,11.8895,11.895,11.88,11.9,11.88,2026-07-29 18:55:00,46
8620.0,11.8793,11.88,11.86,11.9,11.86,2026-07-29 18:56:00,139
1254.0,11.8544,11.85,11.845,11.85,11.84,2026-07-29 18:57:00,32
996.0,11.8471,11.845,11.845,11.845,11.845,2026-07-29 18:58:00,48
2359.0,11.8501,11.85,11.85,11.85,11.85,2026-07-29 18:59:00,33
4124.0,11.8533,11.85,11.85,11.87,11.85,2026-07-29 19:00:00,68
3365.0,11.8678,11.84,11.89,11.89,11.84,2026-07-29 19:01:00,62
1789.9836,11.8869,11.895,11.88,11.895,11.88,2026-07-29 19:02:00,35
3354.0,11.8388,11.88,11.82,11.88,11.81,2026-07-29 19:03:00,74
1100.0,11.8059,11.82,11.795,11.82,11.795,2026-07-29 19:04:00,24
4232.0,11.828,11.81,11.82,11.85,11.81,2026-07-29 19:05:00,90
2909.0,11.8078,11.81,11.8,11.82,11.775,2026-07-29 19:06:00,68
895.0,11.7983,11.785,11.785,11.785,11.785,2026-07-29 19:07:00,28
3307.0,11.7539,11.77,11.74,11.77,11.73,2026-07-29 19:08:00,70
1836.0,11.7413,11.76,11.73,11.76,11.73,2026-07-29 19:09:00,54
2735.0,11.728,11.725,11.71,11.74,11.71,2026-07-29 19:10:00,69
3534.0,11.7271,11.7,11.745,11.75,11.7,2026-07-29 19:11:00,49
3764.53191,11.7629,11.76,11.755,11.78,11.745,2026-07-29 19:12:00,94
939.0,11.7592,11.76,11.76,11.76,11.76,2026-07-29 19:13:00,30
599.0,11.7545,11.755,11.755,11.76,11.755,2026-07-29 19:14:00,20
2045.0,11.7616,11.77,11.75,11.78,11.75,2026-07-29 19:15:00,45
1071.0,11.7419,11.75,11.73,11.75,11.73,2026-07-29 19:16:00,21
874.0,11.7112,11.7,11.7,11.7,11.7,2026-07-29 19:17:00,22
4220.0,11.6758,11.69,11.66,11.69,11.66,2026-07-29 19:18:00,72
4116.0,11.6632,11.655,11.67,11.67,11.655,2026-07-29 19:19:00,72
3268.0,11.6701,11.66,11.67,11.68,11.66,2026-07-29 19:20:00,56
12655.0,11.6549,11.66,11.68,11.68,11.6405,2026-07-29 19:21:00,138
4130.011163,11.6635,11.66,11.7,11.7,11.64,2026-07-29 19:22:00,65
649.0,11.6778,11.68,11.675,11.68,11.675,2026-07-29 19:23:00,23
876.0,11.6619,11.66,11.66,11.66,11.66,2026-07-29 19:24:00,28
3188.0,11.6577,11.65,11.68,11.68,11.65,2026-07-29 19:25:00,61
3963.0,11.6464,11.64,11.65,11.66,11.64,2026-07-29 19:26:00,55
686.0,11.6565,11.66,11.66,11.66,11.66,2026-07-29 19:27:00,28
7568.0,11.6593,11.645,11.68,11.68,11.6316,2026-07-29 19:28:00,57
4134.0,11.676,11.67,11.675,11.69,11.67,2026-07-29 19:29:00,49
2902.0,11.7011,11.68,11.71,11.72,11.68,2026-07-29 19:30:00,50
2825.0,11.6919,11.71,11.68,11.71,11.67,2026-07-29 19:31:00,48
3242.0,11.6653,11.69,11.64,11.69,11.64,2026-07-29 19:32:00,63
11278.429697,11.6306,11.63,11.635,11.64,11.62,2026-07-29 19:33:00,97
1172.0,11.6352,11.63,11.635,11.635,11.63,2026-07-29 19:34:00,25
6968.0,11.6236,11.635,11.63,11.635,11.5802,2026-07-29 19:35:00,98
2511.0,11.6359,11.625,11.64,11.64,11.625,2026-07-29 19:36:00,37
2615.0,11.6212,11.63,11.6,11.63,11.6,2026-07-29 19:37:00,56
2394.0,11.575,11.59,11.56,11.59,11.56,2026-07-29 19:38:00,54
3564.7662,11.5423,11.55,11.53,11.55,11.53,2026-07-29 19:39:00,60
5438.0,11.53,11.52,11.55,11.55,11.5106,2026-07-29 19:40:00,88
1512.0,11.5518,11.55,11.54,11.55,11.54,2026-07-29 19:41:00,38
1169.0,11.547,11.535,11.535,11.535,11.535,2026-07-29 19:42:00,35
6989.0,11.5198,11.53,11.51,11.53,11.505,2026-07-29 19:43:00,111
6712.261324,11.4832,11.5,11.455,11.5,11.45,2026-07-29 19:44:00,79
4233.345722,11.4659,11.46,11.465,11.47,11.455,2026-07-29 19:45:00,74
11106.0,11.4485,11.46,11.43,11.46,11.43,2026-07-29 19:46:00,115
5740.0,11.4099,11.42,11.41,11.42,11.4,2026-07-29 19:47:00,45
4606.004977,11.4122,11.41,11.405,11.42,11.405,2026-07-29 19:48:00,71
10289.864716,11.3844,11.4,11.37,11.405,11.365,2026-07-29 19:49:00,183
12832.0,11.3714,11.36,11.38,11.385,11.35,2026-07-29 19:50:00,162
7454.0,11.3752,11.38,11.375,11.38,11.37,2026-07-29 19:51:00,105
7916.59859,11.3695,11.375,11.355,11.38,11.355,2026-07-29 19:52:00,123
16375.0,11.365,11.355,11.38,11.39,11.3501,2026-07-29 19:53:00,173
12626.0,11.37,11.38,11.355,11.385,11.355,2026-07-29 19:54:00,133
16239.0,11.3449,11.35,11.355,11.355,11.335,2026-07-29 19:55:00,166
28724.0,11.3302,11.355,11.32,11.3599,11.29,2026-07-29 19:56:00,228
24448.0,11.3069,11.3201,11.33,11.33,11.275,2026-07-29 19:57:00,253
35167.824,11.3457,11.33,11.375,11.38,11.315,2026-07-29 19:58:00,352
34870.0,11.3759,11.37,11.39,11.39,11.36,2026-07-29 19:59:00,464
1374.193478,11.42,11.38,11.62,11.62,11.38,2026-07-29 20:00:00,12
2500.0,11.1636,11.19,11.21,11.21,11.13,2026-07-29 20:53:00,8
225.0,11.45,11.45,11.45,11.45,11.45,2026-07-29 22:32:00,1
500.0,11.35,11.35,11.35,11.35,11.35,2026-07-30 11:58:00,1
800.0,11.57,11.57,11.57,11.57,11.57,2026-07-30 12:14:00,2
110.0,11.2877,11.2877,11.2877,11.2877,11.2877,2026-07-30 12:31:00,1
486.0,11.5552,11.56,11.55,11.56,11.55,2026-07-30 12:40:00,3
445.0,11.57,11.57,11.57,11.57,11.57,2026-07-30 12:52:00,1
750.0,11.66,11.66,11.66,11.66,11.66,2026-07-30 13:24:00,1
523.0,11.58,11.58,11.58,11.58,11.58,2026-07-30 13:27:00,12
152.0,11.7366,11.74,11.74,11.74,11.74,2026-07-30 13:28:00,2
353.0,11.7431,11.74,11.74,11.74,11.74,2026-07-30 13:29:00,7
13299.595475,11.7348,11.76,11.805,11.805,11.73,2026-07-30 13:30:00,41
962.490626,11.8599,11.871,11.8298,11.871,11.8298,2026-07-30 13:31:00,9
646.519817,11.8892,11.88,11.88,11.88,11.88,2026-07-30 13:32:00,5
2338.882747,11.892,11.911,11.85,11.9399,11.85,2026-07-30 13:33:00,13
4185.14021,11.9104,11.85,11.94,11.94,11.85,2026-07-30 13:34:00,37
2182.0,11.947,11.95,11.93,11.995,11.93,2026-07-30 13:35:00,11
3951.22,11.8903,11.935,11.88,11.935,11.84,2026-07-30 13:37:00,47
562.0,11.8148,11.815,11.815,11.815,11.815,2026-07-30 13:39:00,4
9519.0,11.8373,11.805,11.8925,11.92,11.805,2026-07-30 13:40:00,77
5064.0,11.8761,11.885,11.85,11.9,11.84,2026-07-30 13:41:00,52
849.0,11.8702,11.8206,11.89,11.89,11.8206,2026-07-30 13:42:00,12
8394.5897,11.9952,11.93,11.98,12.005,11.93,2026-07-30 13:44:00,48
3180.4,12.0714,12.05,12.07,12.1,12.05,2026-07-30 13:45:00,37
4236.06,12.0836,12.0669,12.1,12.1,12.06,2026-07-30 13:46:00,40
4204.0,12.138,12.1,12.155,12.19,12.1,2026-07-30 13:47:00,34
1004.235748,12.1533,12.15,12.15,12.15,12.15,2026-07-30 13:48:00,19
6159.0,12.0945,12.13,12.05,12.13,12.05,2026-07-30 13:49:00,70
1883.0,12.1027,12.085,12.12,12.125,12.085,2026-07-30 13:50:00,28
632.082244,12.1216,12.12,12.12,12.12,12.12,2026-07-30 13:51:00,10
497.0,12.083,12.09,12.08,12.09,12.08,2026-07-30 13:52:00,13
386.085251,12.0841,12.08,12.08,12.08,12.08,2026-07-30 13:53:00,17
1417.612026,12.1321,12.11,12.14,12.14,12.11,2026-07-30 13:54:00,22
13642.0674,12.1633,12.12,12.12,12.18,12.12,2026-07-30 13:55:00,113
2858.0,12.0899,12.1,12.07,12.12,12.07,2026-07-30 13:56:00,45
1748.0,12.0663,12.07,12.06,12.07,12.05,2026-07-30 13:57:00,36
3725.500193,12.0941,12.07,12.11,12.11,12.07,2026-07-30 13:58:00,62
2399.0,12.1159,12.1,12.11,12.13,12.1,2026-07-30 13:59:00,47
3314.0,12.0495,12.06,12.05,12.06,12.04,2026-07-30 14:00:00,46
1294.246305,12.0744,12.07,12.075,12.075,12.07,2026-07-30 14:01:00,29
365.614335,12.0936,12.075,12.075,12.075,12.07,2026-07-30 14:02:00,13
3078.0,12.0439,12.05,12.04,12.05,12.04,2026-07-30 14:03:00,43
3754.0,12.0235,12.03,12.015,12.05,12.015,2026-07-30 14:04:00,53
11800.0,11.9911,12.0,12.0,12.005,11.96,2026-07-30 14:05:00,91
2396.0,11.9798,12.005,11.96,12.005,11.96,2026-07-30 14:06:00,27
7235.6336,11.9968,11.99,11.99,12.01,11.99,2026-07-30 14:07:00,78
4071.0,11.9585,11.98,11.93,11.98,11.93,2026-07-30 14:08:00,39
4039.0,11.9449,11.93,11.99,11.99,11.93,2026-07-30 14:09:00,47
3259.292381,11.9905,12.0,11.99,12.0,11.98,2026-07-30 14:10:00,50
1802.0,11.9721,11.9814,11.95,11.985,11.95,2026-07-30 14:12:00,22
529.0,11.9734,11.97,11.97,11.97,11.97,2026-07-30 14:13:00,11
4504.0,11.9297,11.95,11.94,11.955,11.91,2026-07-30 14:14:00,52
3067.0,11.9853,11.955,12.01,12.01,11.95,2026-07-30 14:15:00,36
1696.0,11.9747,11.99,11.98,11.99,11.96,2026-07-30 14:16:00,32
1427.2,11.9911,11.985,11.975,12.0,11.975,2026-07-30 14:17:00,22
3558.0,11.942,11.96,11.95,11.96,11.93,2026-07-30 14:18:00,44
1659.944908,11.967,11.96,11.955,11.98,11.955,2026-07-30 14:19:00,14
376.13137,11.977,11.98,11.98,11.98,11.98,2026-07-30 14:20:00,8
1162.495231,11.9951,11.9953,11.96,11.9953,11.96,2026-07-30 14:21:00,8
2785.0,12.004,12.0,12.0472,12.0472,11.99,2026-07-30 14:22:00,35
1972.589833,12.0087,12.01,12.0,12.01,12.0,2026-07-30 14:23:00,37
1298.09834,11.989,12.0072,11.99,12.0072,11.98,2026-07-30 14:24:00,30
2536.0,12.0345,12.0,12.05,12.05,12.0,2026-07-30 14:25:00,34
1387.389,12.0847,12.08,12.08,12.09,12.08,2026-07-30 14:26:00,56
4198.0,12.1036,12.0848,12.13,12.13,12.0848,2026-07-30 14:27:00,47
2832.0,12.1461,12.1493,12.13,12.15,12.12,2026-07-30 14:28:00,21
6442.0,12.0913,12.135,12.06,12.135,12.0588,2026-07-30 14:29:00,78
4054.0,12.0649,12.06,12.08,12.08,12.05,2026-07-30 14:30:00,91
6564.0,12.1103,12.09,12.13,12.13,12.09,2026-07-30 14:31:00,82
2410.0,12.1502,12.15,12.15,12.1625,12.15,2026-07-30 14:33:00,43
5415.0,12.1236,12.15,12.11,12.15,12.09,2026-07-30 14:34:00,58
1735.0,12.0843,12.1,12.09,12.1,12.075,2026-07-30 14:35:00,29
664.0,12.1068,12.11,12.11,12.11,12.11,2026-07-30 14:36:00,16
1162.0,12.1218,12.105,12.13,12.13,12.105,2026-07-30 14:37:00,29
5481.668659,12.1406,12.16,12.125,12.1799,12.12,2026-07-30 14:38:00,35
1432.0,12.105,12.11,12.1,12.11,12.1,2026-07-30 14:39:00,30
1814.562049,12.0838,12.09,12.08,12.09,12.07,2026-07-30 14:40:00,46
368.0,12.0875,12.07,12.07,12.07,12.07,2026-07-30 14:41:00,16
1953.0,12.0803,12.08,12.08,12.0837,12.08,2026-07-30 14:42:00,28
2976.0,12.0567,12.06,12.05,12.06,12.05,2026-07-30 14:43:00,70
1458.0,12.043,12.04,12.05,12.05,12.04,2026-07-30 14:44:00,37
1772.0,12.0494,12.06,12.05,12.06,12.05,2026-07-30 14:45:00,47
472.0,12.0535,12.04,12.04,12.04,12.04,2026-07-30 14:46:00,22
8329.0,12.0432,12.04,12.08,12.08,12.03,2026-07-30 14:47:00,83
3240.0,12.0665,12.085,12.07,12.085,12.06,2026-07-30 14:48:00,49
1774.0,12.0938,12.08,12.1,12.1,12.08,2026-07-30 14:49:00,32
4666.0,12.1938,12.14,12.21,12.21,12.14,2026-07-30 14:50:00,73
2402.0,12.1504,12.195,12.1,12.195,12.1,2026-07-30 14:51:00,55
1131.0,12.1119,12.09,12.09,12.09,12.09,2026-07-30 14:52:00,25
1772.0,12.0637,12.08,12.045,12.08,12.045,2026-07-30 14:53:00,33
2539.0,12.0386,12.045,12.045,12.045,12.02,2026-07-30 14:54:00,66
2255.0,12.0542,12.045,12.06,12.06,12.04,2026-07-30 14:55:00,54
3739.0,12.0889,12.065,12.11,12.11,12.065,2026-07-30 14:56:00,66
584.0,12.1023,12.11,12.11,12.11,12.11,2026-07-30 14:57:00,12
1226.0,12.1354,12.11,12.14,12.15,12.11,2026-07-30 14:58:00,14
973.0,12.1761,12.17,12.1941,12.1941,12.17,2026-07-30 14:59:00,30
16021.95052,12.1785,12.19,12.175,12.23,12.16,2026-07-30 15:00:00,207
686.0,12.1742,12.16,12.16,12.16,12.16,2026-07-30 15:01:00,12
1070.31578,12.1753,12.155,12.18,12.18,12.155,2026-07-30 15:02:00,22
1166.0,12.204,12.2059,12.2,12.2059,12.2,2026-07-30 15:03:00,12
1577.45,12.1779,12.195,12.16,12.195,12.16,2026-07-30 15:04:00,41
640.449917,12.1743,12.145,12.17,12.17,12.145,2026-07-30 15:05:00,20
1232.0,12.1778,12.18,12.185,12.185,12.18,2026-07-30 15:06:00,52
1671.0,12.1555,12.14,12.18,12.18,12.14,2026-07-30 15:08:00,54
978.0,12.193,12.19,12.195,12.2,12.19,2026-07-30 15:09:00,25
1624.0,12.1701,12.18,12.16,12.18,12.16,2026-07-30 15:10:00,30
2098.047823,12.1234,12.13,12.11,12.13,12.11,2026-07-30 15:11:00,54
1686.0,12.1039,12.1,12.095,12.1,12.095,2026-07-30 15:12:00,50
1162.0,12.0814,12.095,12.08,12.095,12.08,2026-07-30 15:13:00,29
1324.99765,12.0799,12.07,12.055,12.07,12.055,2026-07-30 15:14:00,36
1071.0,12.0793,12.07,12.1,12.1,12.07,2026-07-30 15:15:00,24
833.0,12.1182,12.11,12.13,12.13,12.11,2026-07-30 15:16:00,20
1893.0,12.1135,12.13,12.095,12.13,12.09,2026-07-30 15:17:00,36
12922.0,12.1131,12.11,12.125,12.14,12.095,2026-07-30 15:18:00,60
8425.0,12.1536,12.14,12.1601,12.17,12.125,2026-07-30 15:19:00,36
13485.034,12.1965,12.1688,12.205,12.205,12.1688,2026-07-30 15:20:00,52
19840.307793,12.2589,12.22,12.3074,12.3099,12.22,2026-07-30 15:21:00,69
6387.0,12.3142,12.3,12.3388,12.3388,12.3,2026-07-30 15:22:00,47
3709.0,12.3369,12.34,12.3396,12.35,12.32,2026-07-30 15:23:00,40
4441.0,12.342,12.34,12.365,12.365,12.34,2026-07-30 15:24:00,33
11381.0,12.3248,12.36,12.3299,12.3683,12.295,2026-07-30 15:25:00,127
8569.0,12.2698,12.25,12.29,12.29,12.25,2026-07-30 15:26:00,36
13303.0,12.3105,12.3,12.36,12.36,12.3,2026-07-30 15:27:00,42
19334.242349,12.3769,12.36,12.4689,12.4689,12.345,2026-07-30 15:28:00,67
9971.0,12.4344,12.435,12.44,12.44,12.435,2026-07-30 15:29:00,21
11370.0,12.4394,12.44,12.44,12.44,12.44,2026-07-30 15:30:00,29
5592.0,12.433,12.475,12.4,12.475,12.4,2026-07-30 15:31:00,15
3996.0,12.4545,12.44,12.46,12.4774,12.44,2026-07-30 15:32:00,25
7080.0,12.4623,12.46,12.475,12.4851,12.44,2026-07-30 15:33:00,68
17078.0,12.4936,12.5,12.49,12.5103,12.435,2026-07-30 15:34:00,92
2357.0,12.5059,12.49,12.505,12.53,12.49,2026-07-30 15:35:00,19
12088.0,12.4752,12.5057,12.5,12.5057,12.44,2026-07-30 15:36:00,134
4323.938907,12.449,12.46,12.43,12.46,12.43,2026-07-30 15:37:00,31
3543.049316,12.4365,12.45,12.485,12.485,12.4,2026-07-30 15:38:00,39
4142.0,12.5197,12.5,12.505,12.5399,12.5,2026-07-30 15:39:00,42
15881.0,12.5413,12.53,12.52,12.5799,12.515,2026-07-30 15:40:00,177
3732.0,12.5138,12.53,12.52,12.53,12.5,2026-07-30 15:41:00,51
1801.897446,12.5181,12.52,12.5,12.5379,12.5,2026-07-30 15:42:00,23
8331.0,12.5589,12.505,12.57,12.57,12.505,2026-07-30 15:43:00,43
4183.0,12.5574,12.57,12.55,12.57,12.55,2026-07-30 15:44:00,42
14167.0,12.5922,12.56,12.6,12.635,12.56,2026-07-30 15:45:00,126
5934.0,12.6083,12.6,12.61,12.62,12.6,2026-07-30 15:46:00,44
7900.0,12.5762,12.61,12.57,12.61,12.545,2026-07-30 15:47:00,79
2293.0,12.5569,12.57,12.55,12.57,12.55,2026-07-30 15:48:00,21
6656.0,12.584,12.57,12.62,12.62,12.57,2026-07-30 15:49:00,44
14698.0,12.6199,12.6299,12.64,12.64,12.6,2026-07-30 15:50:00,130
3108.0,12.6067,12.63,12.625,12.63,12.59,2026-07-30 15:51:00,37
4216.0,12.5873,12.63,12.56,12.63,12.56,2026-07-30 15:52:00,44
9499.0,12.5788,12.57,12.581,12.581,12.57,2026-07-30 15:53:00,34
2283.0,12.5816,12.5814,12.57,12.59,12.57,2026-07-30 15:54:00,24
1459.0,12.5772,12.56,12.58,12.58,12.56,2026-07-30 15:55:00,35
4227.397456,12.5943,12.59,12.62,12.62,12.58,2026-07-30 15:56:00,40
6738.0,12.5908,12.59,12.595,12.61,12.58,2026-07-30 15:57:00,70
3659.0,12.5812,12.58,12.5805,12.6,12.575,2026-07-30 15:58:00,45
2355.0,12.5885,12.6,12.58,12.6,12.56,2026-07-30 15:59:00,41
1287.0,12.5687,12.575,12.56,12.575,12.56,2026-07-30 16:00:00,22
1509.321285,12.5303,12.55,12.52,12.55,12.52,2026-07-30 16:01:00,29
3860.0,12.5497,12.54,12.55,12.57,12.54,2026-07-30 16:02:00,25
941.0,12.5559,12.5599,12.55,12.56,12.55,2026-07-30 16:03:00,26
649.0,12.5675,12.5768,12.57,12.5768,12.57,2026-07-30 16:04:00,23
1515.0,12.5532,12.56,12.54,12.56,12.54,2026-07-30 16:05:00,41
5333.0,12.5202,12.52,12.5223,12.5223,12.52,2026-07-30 16:06:00,62
8236.119693,12.5213,12.52,12.525,12.54,12.49,2026-07-30 16:07:00,87
1131.0,12.5302,12.525,12.5292,12.5292,12.525,2026-07-30 16:08:00,12
3677.0,12.5122,12.51,12.5083,12.52,12.505,2026-07-30 16:11:00,42
638.897446,12.5213,12.505,12.4906,12.505,12.4906,2026-07-30 16:12:00,23
4501.0,12.5436,12.52,12.565,12.565,12.5122,2026-07-30 16:13:00,109
1099.0,12.5496,12.565,12.5499,12.565,12.54,2026-07-30 16:14:00,18
516.0,12.5362,12.535,12.535,12.535,12.535,2026-07-30 16:15:00,15
205.410142,12.5602,12.535,12.535,12.535,12.535,2026-07-30 16:16:00,8
689.39043,12.5537,12.5487,12.5482,12.5487,12.5482,2026-07-30 16:17:00,10
3322.0,12.5263,12.53,12.52,12.53,12.52,2026-07-30 16:18:00,25
4192.0,12.5192,12.53,12.51,12.53,12.5,2026-07-30 16:19:00,63
309.596704,12.5285,12.5,12.5,12.5,12.5,2026-07-30 16:20:00,18
407.286331,12.5245,12.52,12.52,12.52,12.52,2026-07-30 16:21:00,19
1299.766,12.5216,12.51,12.5288,12.5288,12.51,2026-07-30 16:22:00,27
1073.0,12.5276,12.52,12.54,12.54,12.52,2026-07-30 16:23:00,49
7540.993605,12.5236,12.53,12.51,12.54,12.51,2026-07-30 16:24:00,101
4214.0,12.5063,12.51,12.51,12.51,12.5,2026-07-30 16:25:00,60
3157.936,12.4999,12.51,12.4804,12.51,12.48,2026-07-30 16:26:00,38
3037.0,12.4926,12.49,12.5,12.5,12.49,2026-07-30 16:27:00,20
2134.400038,12.4915,12.49,12.48,12.49,12.48,2026-07-30 16:28:00,37
480.0,12.4908,12.48,12.48,12.48,12.48,2026-07-30 16:29:00,9
4557.256,12.4607,12.48,12.45,12.48,12.44,2026-07-30 16:30:00,73
631.5,12.4395,12.43,12.42,12.43,12.42,2026-07-30 16:31:00,21
2685.0,12.4208,12.42,12.42,12.43,12.42,2026-07-30 16:32:00,17
889.0,12.4084,12.415,12.4,12.415,12.4,2026-07-30 16:33:00,13
2594.0,12.3968,12.4,12.39,12.4,12.38,2026-07-30 16:34:00,56
634.0,12.3995,12.4,12.405,12.405,12.4,2026-07-30 16:35:00,14
660.0,12.3984,12.4,12.4,12.4,12.4,2026-07-30 16:37:00,15
472.0,12.3929,12.39,12.39,12.39,12.39,2026-07-30 16:38:00,21
1611.0,12.379,12.37,12.37,12.38,12.37,2026-07-30 16:40:00,30
1282.0,12.3762,12.3899,12.37,12.3899,12.37,2026-07-30 16:41:00,5
596.0,12.3829,12.3878,12.37,12.3878,12.37,2026-07-30 16:42:00,6
2988.0,12.3699,12.37,12.37,12.38,12.35,2026-07-30 16:43:00,33
1977.0,12.3889,12.382,12.3999,12.3999,12.37,2026-07-30 16:44:00,13
2650.0,12.4068,12.4,12.41,12.41,12.4,2026-07-30 16:45:00,26
5433.0,12.4393,12.44,12.44,12.44,12.44,2026-07-30 16:47:00,19
7177.0,12.4553,12.44,12.495,12.495,12.43,2026-07-30 16:48:00,91
671.0,12.4817,12.4996,12.4996,12.4996,12.4996,2026-07-30 16:49:00,8
4168.07704,12.4622,12.47,12.46,12.47,12.46,2026-07-30 16:50:00,46
2690.438596,12.455,12.455,12.455,12.46,12.45,2026-07-30 16:51:00,19
1781.0,12.4807,12.47,12.5,12.5,12.47,2026-07-30 16:52:00,35
1338.0,12.4898,12.505,12.48,12.505,12.48,2026-07-30 16:53:00,36
479.0,12.4649,12.46,12.46,12.46,12.46,2026-07-30 16:54:00,11
762.0,12.4617,12.46,12.46,12.46,12.46,2026-07-30 16:55:00,23
408.0,12.4674,12.47,12.47,12.47,12.47,2026-07-30 16:56:00,14
5470.0,12.4689,12.47,12.47,12.47,12.4651,2026-07-30 16:58:00,37
4161.0,12.4719,12.46,12.48,12.48,12.46,2026-07-30 16:59:00,52
3389.0,12.5106,12.49,12.51,12.53,12.49,2026-07-30 17:00:00,67
499.0,12.5127,12.53,12.53,12.53,12.51,2026-07-30 17:01:00,11
10603.0,12.5184,12.5099,12.53,12.5455,12.5099,2026-07-30 17:02:00,45
8259.0,12.5733,12.55,12.59,12.6,12.55,2026-07-30 17:03:00,74
3134.0,12.5726,12.57,12.5788,12.58,12.57,2026-07-30 17:04:00,33
168.0,12.5571,12.57,12.57,12.57,12.57,2026-07-30 17:05:00,8
4516.0,12.5601,12.57,12.56,12.57,12.56,2026-07-30 17:06:00,46
4361.0,12.5528,12.55,12.55,12.5599,12.55,2026-07-30 17:07:00,50
3377.0,12.5668,12.56,12.58,12.58,12.5522,2026-07-30 17:08:00,40
3153.0,12.5982,12.59,12.6068,12.6068,12.59,2026-07-30 17:09:00,9
3035.0,12.5612,12.57,12.56,12.57,12.55,2026-07-30 17:10:00,33
2143.0,12.5622,12.55,12.56,12.575,12.55,2026-07-30 17:11:00,42
1951.0,12.57,12.57,12.57,12.57,12.57,2026-07-30 17:12:00,19
838.0,12.5617,12.56,12.56,12.56,12.56,2026-07-30 17:14:00,26
7095.079396,12.582,12.5695,12.61,12.61,12.5622,2026-07-30 17:15:00,129
1788.0,12.6066,12.61,12.63,12.63,12.61,2026-07-30 17:16:00,31
1477.0,12.6153,12.6321,12.63,12.6321,12.63,2026-07-30 17:17:00,13
1562.0,12.6166,12.6439,12.61,12.6439,12.61,2026-07-30 17:18:00,33
398.0,12.6082,12.6199,12.6199,12.6199,12.6199,2026-07-30 17:19:00,13
3190.0,12.5996,12.6,12.61,12.61,12.5999,2026-07-30 17:20:00,51
3947.0,12.5941,12.6,12.59,12.605,12.59,2026-07-30 17:21:00,43
1299.280185,12.5823,12.5995,12.57,12.5995,12.57,2026-07-30 17:22:00,29
1038.0,12.5862,12.58,12.59,12.59,12.58,2026-07-30 17:23:00,31
1060.0,12.5712,12.58,12.57,12.58,12.56,2026-07-30 17:24:00,44
1293.0,12.5769,12.5799,12.57,12.58,12.57,2026-07-30 17:25:00,31
1120.0,12.562,12.56,12.56,12.56,12.56,2026-07-30 17:26:00,21
6508.0,12.5881,12.57,12.6,12.61,12.57,2026-07-30 17:27:00,75
8332.0,12.6027,12.61,12.615,12.62,12.59,2026-07-30 17:28:00,25
7289.0,12.5901,12.61,12.59,12.61,12.5749,2026-07-30 17:29:00,49
1499.0,12.6131,12.61,12.63,12.63,12.5983,2026-07-30 17:30:00,31
1130.0,12.6314,12.6383,12.6383,12.6383,12.6256,2026-07-30 17:31:00,11
1114.158478,12.6301,12.62,12.6399,12.6399,12.62,2026-07-30 17:32:00,9
6578.0,12.62,12.61,12.6499,12.6499,12.61,2026-07-30 17:33:00,56
4972.0,12.6342,12.63,12.62,12.6499,12.62,2026-07-30 17:34:00,51
1587.0,12.6194,12.61,12.62,12.63,12.61,2026-07-30 17:35:00,19
1319.0,12.6152,12.62,12.61,12.62,12.6,2026-07-30 17:36:00,19
2009.0,12.6025,12.61,12.59,12.61,12.59,2026-07-30 17:37:00,32
15515.0,12.5845,12.57,12.61,12.61,12.565,2026-07-30 17:38:00,168
2642.0,12.5976,12.59,12.61,12.61,12.59,2026-07-30 17:39:00,32
1126.0,12.6011,12.5996,12.61,12.61,12.5996,2026-07-30 17:40:00,18
4369.743947,12.6174,12.61,12.6183,12.63,12.61,2026-07-30 17:41:00,50
4945.0,12.6613,12.65,12.6683,12.68,12.63,2026-07-30 17:42:00,76
946.687702,12.6614,12.6682,12.65,12.6682,12.65,2026-07-30 17:43:00,15
2757.0,12.6321,12.64,12.64,12.64,12.63,2026-07-30 17:44:00,59
1092.0,12.645,12.645,12.63,12.6599,12.63,2026-07-30 17:45:00,17
1549.827861,12.6592,12.63,12.66,12.66,12.63,2026-07-30 17:46:00,32
2573.0,12.6892,12.67,12.6999,12.6999,12.67,2026-07-30 17:47:00,22
1382.795594,12.6693,12.6699,12.66,12.6699,12.66,2026-07-30 17:50:00,36
1014.1,12.6553,12.65,12.66,12.66,12.65,2026-07-30 17:51:00,21
5553.0007,12.6471,12.66,12.6598,12.66,12.63,2026-07-30 17:52:00,86
905.0,12.6392,12.64,12.64,12.64,12.64,2026-07-30 17:53:00,19
1869.0,12.6372,12.63,12.645,12.645,12.63,2026-07-30 17:54:00,48
3240.007,12.6407,12.64,12.63,12.645,12.63,2026-07-30 17:55:00,49
3053.316205,12.6425,12.64,12.64,12.645,12.64,2026-07-30 17:56:00,39
14132.0,12.6317,12.65,12.615,12.65,12.615,2026-07-30 17:58:00,118
1758.0,12.6177,12.615,12.615,12.615,12.615,2026-07-30 17:59:00,8
1513.0,12.6291,12.625,12.63,12.63,12.625,2026-07-30 18:00:00,23
1013.0,12.6341,12.63,12.64,12.64,12.63,2026-07-30 18:01:00,29
2334.0,12.641,12.635,12.6399,12.6498,12.63,2026-07-30 18:02:00,27
923.898734,12.6434,12.63,12.63,12.63,12.63,2026-07-30 18:03:00,27
5325.0,12.6226,12.62,12.62,12.6262,12.62,2026-07-30 18:04:00,70
3150.0,12.6196,12.62,12.62,12.62,12.615,2026-07-30 18:05:00,70
559.0,12.6238,12.62,12.62,12.62,12.62,2026-07-30 18:06:00,16
4262.0,12.6156,12.61,12.61,12.62,12.61,2026-07-30 18:07:00,47
865.0,12.6079,12.6,12.6099,12.6099,12.6,2026-07-30 18:08:00,23
4558.0,12.6078,12.605,12.61,12.6199,12.6,2026-07-30 18:09:00,106
2820.0,12.6261,12.61,12.63,12.63,12.61,2026-07-30 18:11:00,48
3074.0,12.6194,12.63,12.61,12.635,12.61,2026-07-30 18:12:00,72
3627.0,12.6082,12.6,12.6117,12.6117,12.6,2026-07-30 18:13:00,55
3622.065646,12.6108,12.61,12.61,12.62,12.605,2026-07-30 18:14:00,26
7408.02183,12.63,12.62,12.6396,12.6399,12.6122,2026-07-30 18:15:00,65
918.37187,12.639,12.63,12.6396,12.6396,12.63,2026-07-30 18:16:00,13
6657.328,12.6235,12.62,12.62,12.64,12.62,2026-07-30 18:17:00,56
14521.0,12.6369,12.62,12.655,12.655,12.62,2026-07-30 18:18:00,171
7063.0,12.6558,12.66,12.64,12.6699,12.64,2026-07-30 18:19:00,53
2367.0,12.6577,12.6599,12.6599,12.6599,12.6599,2026-07-30 18:20:00,12
461.0,12.6369,12.63,12.63,12.63,12.63,2026-07-30 18:21:00,17
2602.3968,12.6144,12.62,12.595,12.62,12.595,2026-07-30 18:22:00,41
962.0,12.608,12.6,12.61,12.61,12.6,2026-07-30 18:23:00,16
2174.0,12.6019,12.6,12.6,12.61,12.59,2026-07-30 18:25:00,31
238.832,12.6562,12.6062,12.6062,12.6062,12.6062,2026-07-30 18:26:00,14
3393.0,12.6016,12.62,12.6,12.62,12.59,2026-07-30 18:27:00,82
1236.0,12.596,12.59,12.59,12.595,12.59,2026-07-30 18:29:00,30
847.839054,12.6048,12.585,12.59,12.59,12.585,2026-07-30 18:30:00,31
1079.0,12.5922,12.59,12.59,12.59,12.59,2026-07-30 18:31:00,18
2248.0,12.575,12.58,12.57,12.58,12.56,2026-07-30 18:32:00,54
702.0,12.5764,12.57,12.58,12.58,12.57,2026-07-30 18:33:00,21
1078.0,12.578,12.575,12.575,12.575,12.575,2026-07-30 18:34:00,17
2260.0,12.5684,12.57,12.55,12.57,12.55,2026-07-30 18:35:00,64
2698.0,12.5507,12.555,12.55,12.555,12.55,2026-07-30 18:36:00,65
1185.0,12.5444,12.55,12.525,12.55,12.525,2026-07-30 18:37:00,26
4428.0,12.5447,12.53,12.555,12.555,12.53,2026-07-30 18:38:00,62
1416.0,12.5512,12.55,12.55,12.555,12.55,2026-07-30 18:39:00,28
1096.0,12.5509,12.55,12.55,12.55,12.55,2026-07-30 18:40:00,21
345.0,12.552,12.55,12.55,12.55,12.55,2026-07-30 18:41:00,14
14557.0,12.5519,12.54,12.57,12.57,12.54,2026-07-30 18:42:00,104
16466.0,12.6011,12.5899,12.62,12.62,12.58,2026-07-30 18:43:00,95
2124.378,12.609,12.62,12.6299,12.6299,12.61,2026-07-30 18:44:00,41
2818.0,12.5859,12.615,12.5743,12.615,12.5743,2026-07-30 18:45:00,41
474.0,12.5672,12.565,12.565,12.565,12.565,2026-07-30 18:46:00,12
1359.0,12.57,12.57,12.57,12.57,12.56,2026-07-30 18:47:00,27
1357.0,12.5646,12.56,12.565,12.565,12.56,2026-07-30 18:48:00,28
630.0,12.5671,12.565,12.56,12.565,12.56,2026-07-30 18:50:00,17
386.0,12.5652,12.565,12.565,12.565,12.565,2026-07-30 18:51:00,13
830.1591,12.5637,12.56,12.56,12.56,12.56,2026-07-30 18:52:00,20
2256.0,12.5565,12.56,12.56,12.56,12.55,2026-07-30 18:53:00,32
609.0,12.5597,12.56,12.55,12.56,12.55,2026-07-30 18:54:00,17
950.0,12.553,12.555,12.55,12.555,12.55,2026-07-30 18:55:00,26
786.0,12.555,12.555,12.55,12.56,12.55,2026-07-30 18:56:00,24
1521.827861,12.564,12.56,12.555,12.56,12.555,2026-07-30 18:57:00,22
4598.0,12.5562,12.55,12.575,12.575,12.55,2026-07-30 18:58:00,76
3299.0,12.5752,12.57,12.59,12.59,12.57,2026-07-30 18:59:00,53
978.0,12.5924,12.6,12.6,12.6,12.6,2026-07-30 19:00:00,20
1418.0,12.5867,12.59,12.59,12.59,12.59,2026-07-30 19:01:00,24
643.0,12.5865,12.59,12.59,12.59,12.59,2026-07-30 19:03:00,16
509.0,12.5858,12.59,12.59,12.59,12.59,2026-07-30 19:04:00,14
4315.657971,12.5843,12.59,12.58,12.59,12.575,2026-07-30 19:05:00,73
2012.0,12.5793,12.58,12.585,12.585,12.575,2026-07-30 19:06:00,40
584.0,12.5829,12.58,12.58,12.585,12.58,2026-07-30 19:07:00,18
352.0,12.5841,12.585,12.585,12.585,12.585,2026-07-30 19:08:00,13
2688.287,12.5825,12.58,12.585,12.585,12.58,2026-07-30 19:09:00,37
1828.0,12.5867,12.59,12.59,12.59,12.59,2026-07-30 19:10:00,48
5311.952127,12.6063,12.59,12.6,12.61,12.59,2026-07-30 19:11:00,102
1173.0,12.6063,12.6,12.61,12.61,12.6,2026-07-30 19:12:00,19
4284.0,12.6091,12.615,12.61,12.615,12.61,2026-07-30 19:14:00,58
2695.0,12.6101,12.61,12.6188,12.6188,12.61,2026-07-30 19:15:00,32
2152.0,12.6007,12.61,12.6,12.61,12.6,2026-07-30 19:16:00,37
1204.0,12.6074,12.6,12.61,12.61,12.6,2026-07-30 19:17:00,28
633.795594,12.6279,12.615,12.615,12.615,12.61,2026-07-30 19:18:00,14
267.0,12.6111,12.615,12.615,12.615,12.615,2026-07-30 19:19:00,8
3544.0,12.6157,12.615,12.625,12.625,12.61,2026-07-30 19:20:00,51
5794.0,12.6201,12.625,12.62,12.625,12.62,2026-07-30 19:21:00,92
1936.423381,12.6122,12.61,12.6,12.61,12.6,2026-07-30 19:22:00,26
7467.0,12.6284,12.605,12.63,12.64,12.605,2026-07-30 19:23:00,140
3127.0,12.6437,12.63,12.64,12.665,12.63,2026-07-30 19:24:00,52
3643.0,12.637,12.64,12.64,12.64,12.64,2026-07-30 19:25:00,23
2694.0,12.6311,12.63,12.645,12.645,12.625,2026-07-30 19:26:00,45
2150.0,12.6391,12.645,12.63,12.6499,12.63,2026-07-30 19:27:00,24
1036.0,12.6391,12.64,12.65,12.65,12.64,2026-07-30 19:28:00,14
7226.0,12.6462,12.65,12.64,12.655,12.64,2026-07-30 19:29:00,131
8752.0,12.652,12.645,12.67,12.6701,12.64,2026-07-30 19:30:00,122
3815.0,12.6644,12.66,12.675,12.675,12.66,2026-07-30 19:31:00,97
6992.0,12.6842,12.68,12.67,12.695,12.67,2026-07-30 19:32:00,105
4044.0,12.6934,12.68,12.71,12.71,12.68,2026-07-30 19:33:00,75
7204.0,12.7332,12.72,12.73,12.76,12.71,2026-07-30 19:34:00,104
1183.0,12.7116,12.72,12.72,12.72,12.72,2026-07-30 19:35:00,42
2814.0,12.7017,12.71,12.705,12.71,12.69,2026-07-30 19:36:00,62
2491.32,12.7062,12.7,12.71,12.71,12.69,2026-07-30 19:37:00,44
2807.0,12.7082,12.7169,12.71,12.7169,12.7069,2026-07-30 19:38:00,19
674.0,12.7096,12.71,12.71,12.71,12.71,2026-07-30 19:39:00,18
8360.0,12.7391,12.71,12.7568,12.76,12.71,2026-07-30 19:40:00,89
9428.0,12.7449,12.75,12.75,12.76,12.735,2026-07-30 19:41:00,137
2060.0,12.7449,12.76,12.76,12.76,12.76,2026-07-30 19:42:00,17
3925.0,12.7633,12.76,12.77,12.78,12.76,2026-07-30 19:43:00,60
8094.0,12.7414,12.76,12.72,12.76,12.72,2026-07-30 19:44:00,116
3959.56862,12.7425,12.73,12.75,12.75,12.73,2026-07-30 19:45:00,60
1806.006199,12.7487,12.75,12.75,12.75,12.75,2026-07-30 19:46:00,27
3914.0,12.7389,12.74,12.74,12.74,12.73,2026-07-30 19:47:00,52
3699.0,12.7301,12.73,12.735,12.74,12.72,2026-07-30 19:48:00,73
7101.43362,12.7319,12.73,12.725,12.75,12.72,2026-07-30 19:49:00,101
18524.0,12.7285,12.72,12.7251,12.735,12.72,2026-07-30 19:50:00,154
4163.0,12.7172,12.725,12.7,12.725,12.7,2026-07-30 19:51:00,78
8929.0,12.6974,12.7,12.68,12.7,12.68,2026-07-30 19:52:00,84
7388.0,12.6838,12.69,12.675,12.695,12.67,2026-07-30 19:53:00,121
16341.0,12.7067,12.68,12.71,12.735,12.68,2026-07-30 19:54:00,174
26376.0,12.6577,12.71,12.6,12.72,12.6,2026-07-30 19:55:00,263
16773.0,12.6516,12.61,12.665,12.685,12.6,2026-07-30 19:56:00,212
18084.0,12.6651,12.665,12.64,12.69,12.635,2026-07-30 19:57:00,238
34252.0,12.66,12.64,12.66,12.6825,12.64,2026-07-30 19:58:00,417
47091.0,12.6252,12.66,12.62,12.66,12.61,2026-07-30 19:59:00,462
14667.841552,12.6307,12.63,12.63,12.63,12.63,2026-07-30 20:00:00,22
410.0,12.7061,12.74,12.65,12.74,12.65,2026-07-30 20:24:00,3
2209.0,12.8892,12.83,12.9,12.9,12.83,2026-07-30 20:33:00,42
681.0,12.8893,12.9,12.9,12.9,12.86,2026-07-30 20:37:00,8
140.0,12.87,12.87,12.87,12.87,12.87,2026-07-30 21:02:00,1
158.0,12.9949,13.0,13.0,13.0,13.0,2026-07-30 21:36:00,2
100.0,12.75,12.75,12.75,12.75,12.75,2026-07-30 22:09:00,1
500.0,12.9,12.9,12.9,12.9,12.9,2026-07-30 22:15:00,1
300.0,12.84,12.84,12.84,12.84,12.84,2026-07-30 22:18:00,1
100.0,13.2113,13.2113,13.2113,13.2113,13.2113,2026-07-30 23:09:00,1
400.0,13.2111,13.2126,13.2126,13.2126,13.2113,2026-07-30 23:10:00,6
900.0,13.2863,13.2946,13.2697,13.2946,13.2697,2026-07-30 23:28:00,3
600.0,13.2822,13.2946,13.2697,13.2946,13.2697,2026-07-30 23:29:00,2
500.0,13.25,13.25,13.25,13.25,13.25,2026-07-30 23:53:00,1
415.0,13.01,13.01,13.01,13.01,13.01,2026-07-31 08:00:00,1
100.0,12.98,12.98,12.98,12.98,12.98,2026-07-31 08:03:00,1
1366.0,13.3407,13.34,13.49,13.49,13.24,2026-07-31 09:02:00,31
100.0,13.1405,13.1405,13.1405,13.1405,13.1405,2026-07-31 09:09:00,1
1300.0,13.1777,13.3,12.98,13.3,12.98,2026-07-31 11:00:00,4
181.0,13.3091,13.31,13.31,13.31,13.31,2026-07-31 11:05:00,3
500.0,13.0,13.0,13.0,13.0,13.0,2026-07-31 11:15:00,1
500.0,13.074,13.01,13.09,13.09,13.01,2026-07-31 11:24:00,2
100.0,12.99,12.99,12.99,12.99,12.99,2026-07-31 11:42:00,1
200.0,12.99,12.99,12.99,12.99,12.99,2026-07-31 11:43:00,1
267.0,13.0,13.0,13.0,13.0,13.0,2026-07-31 11:45:00,1
100.0,13.0,13.0,13.0,13.0,13.0,2026-07-31 11:47:00,1
401.0,13.026,13.03,13.02,13.03,13.02,2026-07-31 11:49:00,2
202.0,13.02,13.02,13.02,13.02,13.02,2026-07-31 11:50:00,2
300.0,13.03,13.03,13.03,13.03,13.03,2026-07-31 11:52:00,1
300.0,12.96,12.96,12.96,12.96,12.96,2026-07-31 11:53:00,1
300.0,13.03,13.03,13.03,13.03,13.03,2026-07-31 12:51:00,1
200.0,12.96,12.96,12.96,12.96,12.96,2026-07-31 12:52:00,1
306.0,12.99,12.99,12.99,12.99,12.99,2026-07-31 12:55:00,2
250.0,13.03,13.03,13.03,13.03,13.03,2026-07-31 13:15:00,1
582.0,13.0228,13.04,13.0,13.04,13.0,2026-07-31 13:21:00,5
600.0,13.0,13.0,13.0,13.0,13.0,2026-07-31 13:22:00,2
315.0,13.0124,13.0,13.0,13.0,13.0,2026-07-31 13:24:00,2
300.0,13.01,13.01,13.01,13.01,13.01,2026-07-31 13:27:00,1
4997.0,13.2872,13.25,13.31,13.34,13.25,2026-07-31 13:28:00,22
425.0,13.4506,13.46,13.46,13.46,13.46,2026-07-31 13:29:00,3
109067.740518,13.4843,13.47,13.58,13.6,13.41,2026-07-31 13:30:00,97
23757.203315,13.8357,13.55,14.041,14.11,13.51,2026-07-31 13:31:00,194
45672.600015,14.292,14.0999,14.32,14.44,14.0999,2026-07-31 13:32:00,319
44466.208951,14.4674,14.331,14.475,14.67,14.26,2026-07-31 13:33:00,165
41242.053094,14.4418,14.395,14.35,14.57,14.2875,2026-07-31 13:34:00,218
35733.192247,14.5556,14.36,14.55,14.64,14.36,2026-07-31 13:35:00,219
14158.177814,14.5621,14.6,14.59,14.648,14.5,2026-07-31 13:36:00,158
15918.658486,14.6559,14.6,14.65,14.7,14.6,2026-07-31 13:37:00,154
9083.285917,14.6551,14.66,14.62,14.71,14.58,2026-07-31 13:38:00,150
14423.319837,14.4118,14.62,14.28,14.62,14.25,2026-07-31 13:39:00,152
39796.489627,14.2298,14.325,14.09,14.3499,14.08,2026-07-31 13:40:00,368
8150.581144,14.058,14.09,14.0,14.1084,13.8966,2026-07-31 13:41:00,85
16174.96832,14.1735,14.06,14.215,14.2899,14.06,2026-07-31 13:42:00,172
15023.0,14.2269,14.215,14.26,14.27,14.2,2026-07-31 13:43:00,209
16868.348704,14.2355,14.25,14.195,14.295,14.16,2026-07-31 13:44:00,217
6507.0,14.2086,14.23,14.16,14.245,14.1445,2026-07-31 13:45:00,125
15167.022405,14.1807,14.1,14.19,14.23,14.1,2026-07-31 13:46:00,163
14558.975955,14.2452,14.215,14.1839,14.32,14.1839,2026-07-31 13:47:00,174
12000.640353,14.1398,14.21,14.05,14.21,14.05,2026-07-31 13:48:00,160
16424.32612,14.0142,14.07,14.0742,14.0742,13.98,2026-07-31 13:49:00,254
34751.190706,14.033,14.055,14.0,14.07,14.0,2026-07-31 13:50:00,258
3896.0,14.0264,14.01,14.055,14.055,14.0007,2026-07-31 13:51:00,68
5568.112334,14.0539,14.06,14.06,14.07,14.03,2026-07-31 13:52:00,110
39990.796363,14.104,14.07,14.15,14.15,14.02,2026-07-31 13:53:00,236
3340.0,14.0255,14.08,13.98,14.08,13.98,2026-07-31 13:54:00,54
7544.0,14.0272,14.02,14.025,14.09,14.01,2026-07-31 13:55:00,102
1708.0,14.0234,14.02,14.03,14.03,14.02,2026-07-31 13:56:00,38
4284.35378,14.0012,14.03,13.97,14.03,13.96,2026-07-31 13:57:00,65
4354.0,13.9502,13.96,13.96,13.96,13.9385,2026-07-31 13:58:00,67
7493.720898,13.9079,13.94,13.85,13.94,13.815,2026-07-31 13:59:00,142
5911.0,13.887,13.84,13.895,13.94,13.84,2026-07-31 14:00:00,81
10569.559259,13.8773,13.895,13.875,13.895,13.85,2026-07-31 14:01:00,168
13924.6496,13.9201,13.89,13.985,13.985,13.87,2026-07-31 14:02:00,132
3008.0,13.951,13.97,13.96,13.97,13.94,2026-07-31 14:03:00,62
7758.787,13.9075,13.96,13.88,13.96,13.88,2026-07-31 14:04:00,104
6739.090173,13.8245,13.88,13.795,13.88,13.77,2026-07-31 14:05:00,111
8257.072727,13.7577,13.795,13.71,13.84,13.71,2026-07-31 14:06:00,95
7144.805296,13.7258,13.6756,13.74,13.76,13.67,2026-07-31 14:07:00,118
6328.0,13.6979,13.755,13.73,13.76,13.66,2026-07-31 14:08:00,73
20890.0,13.6763,13.7011,13.71,13.75,13.66,2026-07-31 14:09:00,113
5810.0,13.707,13.72,13.665,13.74,13.66,2026-07-31 14:10:00,101
3862.116798,13.7124,13.69,13.72,13.73,13.69,2026-07-31 14:11:00,79
6984.0,13.7426,13.75,13.69,13.79,13.69,2026-07-31 14:12:00,116
6218.09569,13.6979,13.6967,13.69,13.71,13.69,2026-07-31 14:13:00,71
1254.0,13.6681,13.67,13.69,13.69,13.6501,2026-07-31 14:14:00,28
12064.0,13.6351,13.65,13.61,13.66,13.6,2026-07-31 14:15:00,171
4890.624227,13.5726,13.61,13.59,13.61,13.54,2026-07-31 14:16:00,70
5384.0,13.5918,13.59,13.53,13.615,13.53,2026-07-31 14:17:00,71
2280.254099,13.5698,13.56,13.58,13.6,13.5536,2026-07-31 14:18:00,60
26317.0,13.6865,13.6,13.714,13.714,13.6,2026-07-31 14:19:00,92
27452.0,13.6847,13.7491,13.74,13.755,13.67,2026-07-31 14:20:00,150
9152.0,13.657,13.73,13.61,13.73,13.61,2026-07-31 14:21:00,119
1751.0,13.6347,13.61,13.646,13.66,13.61,2026-07-31 14:22:00,48
7252.278544,13.6087,13.67,13.59,13.67,13.57,2026-07-31 14:23:00,109
4108.0,13.5237,13.57,13.51,13.57,13.4735,2026-07-31 14:24:00,107
6204.0,13.5061,13.52,13.5094,13.52,13.472,2026-07-31 14:25:00,98
2864.0,13.5464,13.51,13.55,13.59,13.51,2026-07-31 14:26:00,74
21961.0,13.5264,13.54,13.53,13.58,13.51,2026-07-31 14:27:00,135
4509.0,13.5171,13.54,13.4807,13.54,13.4807,2026-07-31 14:28:00,52
1860.0,13.5164,13.52,13.502,13.52,13.5,2026-07-31 14:29:00,51
5246.0,13.5109,13.52,13.54,13.54,13.5,2026-07-31 14:30:00,74
4496.0,13.5695,13.58,13.555,13.62,13.55,2026-07-31 14:31:00,51
13749.833044,13.4966,13.55,13.47,13.55,13.44,2026-07-31 14:32:00,139
3131.0,13.4995,13.48,13.51,13.52,13.47,2026-07-31 14:33:00,111
3146.0,13.5159,13.5,13.52,13.545,13.48,2026-07-31 14:34:00,88
5576.516624,13.5754,13.52,13.63,13.63,13.51,2026-07-31 14:35:00,74
8092.993,13.6389,13.64,13.62,13.68,13.62,2026-07-31 14:36:00,85
2337.0,13.5975,13.598,13.598,13.598,13.598,2026-07-31 14:37:00,21
3616.0,13.6177,13.62,13.59,13.6396,13.59,2026-07-31 14:38:00,47
1806.0,13.6104,13.59,13.63,13.63,13.59,2026-07-31 14:39:00,31
2319.098,13.6294,13.634,13.63,13.634,13.62,2026-07-31 14:40:00,54
3149.0,13.6097,13.62,13.6,13.62,13.6,2026-07-31 14:41:00,57
2107.0,13.5737,13.58,13.57,13.58,13.565,2026-07-31 14:42:00,31
1940.0,13.5779,13.57,13.59,13.59,13.56,2026-07-31 14:43:00,52
2296.0,13.5993,13.62,13.58,13.62,13.58,2026-07-31 14:44:00,56
2293.015,13.5703,13.57,13.56,13.57,13.545,2026-07-31 14:45:00,55
1459.0,13.5591,13.565,13.55,13.5782,13.55,2026-07-31 14:46:00,27
4418.278544,13.5479,13.54,13.56,13.57,13.53,2026-07-31 14:47:00,61
19757.0,13.5924,13.56,13.62,13.62,13.5599,2026-07-31 14:48:00,202
3249.0,13.6617,13.645,13.68,13.69,13.64,2026-07-31 14:49:00,73
2886.0,13.6716,13.68,13.66,13.69,13.66,2026-07-31 14:50:00,45
6487.34407,13.6618,13.67,13.695,13.695,13.63,2026-07-31 14:51:00,75
21427.3671,13.7363,13.7,13.75,13.75,13.7,2026-07-31 14:52:00,78
7335.0,13.7169,13.74,13.7199,13.7499,13.7,2026-07-31 14:53:00,66
10843.31,13.6748,13.715,13.6696,13.715,13.66,2026-07-31 14:54:00,95
8457.0,13.6682,13.68,13.665,13.685,13.65,2026-07-31 14:55:00,120
3449.968253,13.6993,13.69,13.68,13.705,13.68,2026-07-31 14:56:00,91
1790.072999,13.6742,13.68,13.66,13.685,13.66,2026-07-31 14:57:00,49
2313.0,13.6351,13.64,13.64,13.64,13.625,2026-07-31 14:58:00,53
2646.0,13.616,13.64,13.59,13.64,13.59,2026-07-31 14:59:00,76
7498.0,13.601,13.585,13.6,13.62,13.585,2026-07-31 15:00:00,128
2631.182299,13.5936,13.59,13.59,13.59,13.59,2026-07-31 15:01:00,72
1374.0,13.6269,13.61,13.64,13.64,13.61,2026-07-31 15:02:00,38
4016.0,13.654,13.64,13.67,13.68,13.6366,2026-07-31 15:03:00,90
2776.557376,13.6675,13.66,13.68,13.68,13.66,2026-07-31 15:04:00,60
3599.0,13.7204,13.69,13.73,13.74,13.69,2026-07-31 15:05:00,85
3055.0,13.6959,13.715,13.68,13.715,13.68,2026-07-31 15:06:00,84
2438.0,13.6603,13.68,13.63,13.68,13.63,2026-07-31 15:07:00,57
8045.0,13.5633,13.62,13.52,13.62,13.51,2026-07-31 15:08:00,93
14272.0,13.5031,13.5,13.52,13.53,13.45,2026-07-31 15:09:00,194
1235.126,13.529,13.52,13.53,13.53,13.52,2026-07-31 15:10:00,47
20731.0,13.486,13.53,13.47,13.53,13.46,2026-07-31 15:11:00,82
3486.0,13.5161,13.51,13.55,13.55,13.51,2026-07-31 15:12:00,63
1789.380073,13.5512,13.56,13.56,13.56,13.54,2026-07-31 15:13:00,44
3275.0,13.5648,13.5577,13.57,13.58,13.5577,2026-07-31 15:14:00,54
7748.0,13.6273,13.56,13.65,13.6699,13.56,2026-07-31 15:15:00,129
10990.123703,13.5586,13.615,13.54,13.615,13.52,2026-07-31 15:16:00,125
2712.0,13.5634,13.55,13.56,13.58,13.55,2026-07-31 15:17:00,48
4608.0,13.55,13.55,13.55,13.55,13.54,2026-07-31 15:18:00,37
647.0,13.5672,13.58,13.55,13.58,13.55,2026-07-31 15:19:00,20
6991.0,13.5478,13.57,13.52,13.57,13.51,2026-07-31 15:20:00,83
414.0,13.5324,13.52,13.52,13.52,13.52,2026-07-31 15:21:00,15
4170.0,13.5213,13.51,13.525,13.54,13.5025,2026-07-31 15:22:00,72
787.0,13.5375,13.54,13.54,13.54,13.54,2026-07-31 15:23:00,33
4248.0,13.542,13.55,13.53,13.56,13.52,2026-07-31 15:24:00,67
1556.0,13.5216,13.525,13.52,13.525,13.51,2026-07-31 15:25:00,34
2418.0,13.5046,13.51,13.49,13.51,13.49,2026-07-31 15:26:00,56
2814.0,13.4936,13.5,13.48,13.5,13.48,2026-07-31 15:27:00,56
2996.0,13.4762,13.485,13.49,13.49,13.46,2026-07-31 15:28:00,43
14228.0,13.4961,13.49,13.53,13.54,13.49,2026-07-31 15:29:00,82
1664.0,13.5103,13.53,13.51,13.53,13.51,2026-07-31 15:30:00,35
1993.0,13.4923,13.49,13.48,13.5,13.48,2026-07-31 15:31:00,38
1239.0,13.4727,13.48,13.465,13.48,13.465,2026-07-31 15:32:00,28
814.0,13.4717,13.47,13.47,13.47,13.47,2026-07-31 15:33:00,28
5216.0,13.4271,13.465,13.43,13.465,13.41,2026-07-31 15:34:00,82
1004.0,13.4412,13.44,13.45,13.45,13.44,2026-07-31 15:35:00,41
1282.0,13.4681,13.46,13.47,13.48,13.46,2026-07-31 15:36:00,37
1336.0,13.4975,13.51,13.51,13.51,13.51,2026-07-31 15:38:00,41
3250.0,13.5041,13.51,13.505,13.51,13.5,2026-07-31 15:39:00,50
2947.0,13.4867,13.49,13.48,13.49,13.48,2026-07-31 15:40:00,40
3950.737,13.4575,13.485,13.45,13.485,13.44,2026-07-31 15:41:00,72
6683.0,13.4595,13.47,13.45,13.47,13.45,2026-07-31 15:42:00,85
970.25,13.451,13.44,13.46,13.46,13.44,2026-07-31 15:43:00,31
266.0,13.46,13.46,13.46,13.46,13.46,2026-07-31 15:44:00,16
2895.075,13.4598,13.47,13.45,13.47,13.45,2026-07-31 15:45:00,54
1723.0,13.4609,13.465,13.455,13.465,13.455,2026-07-31 15:46:00,33
2079.0,13.45,13.455,13.45,13.455,13.44,2026-07-31 15:47:00,56
7110.0,13.4153,13.43,13.44,13.44,13.4,2026-07-31 15:48:00,80
1622.293761,13.4454,13.44,13.44,13.445,13.44,2026-07-31 15:49:00,36
1720.0,13.4827,13.46,13.505,13.505,13.46,2026-07-31 15:50:00,55
1528.0,13.4875,13.5,13.49,13.505,13.49,2026-07-31 15:51:00,30
1205.0,13.4954,13.49,13.52,13.52,13.49,2026-07-31 15:52:00,40
3578.0,13.5115,13.52,13.5,13.52,13.5,2026-07-31 15:53:00,48
852.88309,13.5399,13.51,13.54,13.54,13.51,2026-07-31 15:54:00,33
4319.0,13.5751,13.56,13.56,13.59,13.56,2026-07-31 15:55:00,73
1334.04506,13.56,13.56,13.56,13.565,13.55,2026-07-31 15:56:00,47
6432.0,13.5662,13.55,13.58,13.59,13.54,2026-07-31 15:57:00,60
4147.750698,13.6,13.58,13.62,13.62,13.58,2026-07-31 15:58:00,70
1168.0,13.6001,13.6,13.6,13.6,13.595,2026-07-31 15:59:00,46
4027.0,13.5922,13.6,13.5999,13.6,13.5697,2026-07-31 16:00:00,54
8119.7647,13.6159,13.6,13.61,13.64,13.6,2026-07-31 16:01:00,77
9154.0,13.6103,13.6193,13.6,13.6299,13.6,2026-07-31 16:02:00,90
4181.0,13.6001,13.61,13.6,13.61,13.59,2026-07-31 16:04:00,90
3751.0,13.5668,13.59,13.55,13.59,13.55,2026-07-31 16:05:00,65
1053.0,13.5327,13.54,13.52,13.54,13.52,2026-07-31 16:06:00,28
1881.0,13.5112,13.5002,13.5,13.5195,13.5,2026-07-31 16:07:00,26
1558.0,13.5014,13.5,13.49,13.5082,13.49,2026-07-31 16:08:00,42
4632.0,13.4939,13.495,13.5,13.5,13.49,2026-07-31 16:09:00,50
2380.756,13.4964,13.49,13.5,13.5,13.47,2026-07-31 16:10:00,45
10917.0,13.5102,13.51,13.51,13.51,13.51,2026-07-31 16:11:00,43
2777.22052,13.529,13.52,13.545,13.545,13.5199,2026-07-31 16:12:00,72
1817.0,13.54,13.545,13.55,13.55,13.53,2026-07-31 16:13:00,44
11089.0,13.5762,13.55,13.62,13.62,13.55,2026-07-31 16:14:00,165
15560.0,13.6179,13.62,13.59,13.64,13.58,2026-07-31 16:15:00,156
1305.0,13.5966,13.6,13.59,13.6,13.59,2026-07-31 16:16:00,39
2226.0,13.6169,13.6,13.63,13.63,13.6,2026-07-31 16:17:00,53
2254.0,13.6394,13.64,13.65,13.655,13.63,2026-07-31 16:18:00,45
3693.367,13.6596,13.6674,13.64,13.67,13.64,2026-07-31 16:19:00,50
1702.0,13.635,13.64,13.63,13.64,13.625,2026-07-31 16:20:00,61
795.367,13.6215,13.61,13.61,13.61,13.61,2026-07-31 16:21:00,40
1649.0,13.6294,13.62,13.645,13.645,13.62,2026-07-31 16:22:00,43
24949.0,13.6803,13.64,13.65,13.7,13.64,2026-07-31 16:23:00,262
5172.0,13.6471,13.66,13.64,13.66,13.635,2026-07-31 16:25:00,93
1397.0,13.6536,13.66,13.65,13.66,13.65,2026-07-31 16:26:00,40
4314.611192,13.6924,13.66,13.6999,13.7,13.66,2026-07-31 16:27:00,60
2648.0,13.6998,13.7,13.69,13.7195,13.69,2026-07-31 16:28:00,54
2882.34407,13.6996,13.7,13.69,13.7,13.69,2026-07-31 16:29:00,55
1348.0,13.705,13.7,13.7,13.71,13.7,2026-07-31 16:30:00,41
4203.7056,13.7333,13.71,13.75,13.75,13.7099,2026-07-31 16:31:00,48
1721.0,13.7438,13.75,13.725,13.75,13.725,2026-07-31 16:32:00,31
706.0,13.7363,13.73,13.74,13.74,13.73,2026-07-31 16:33:00,29
3939.0,13.7205,13.74,13.705,13.745,13.7,2026-07-31 16:34:00,41
3142.937984,13.7087,13.702,13.7,13.72,13.7,2026-07-31 16:35:00,35
3353.321,13.71,13.71,13.71,13.71,13.705,2026-07-31 16:36:00,44
7086.0,13.6857,13.705,13.67,13.705,13.67,2026-07-31 16:37:00,76
6599.0,13.6604,13.66,13.66,13.66,13.65,2026-07-31 16:38:00,124
3105.0,13.6694,13.67,13.67,13.67,13.66,2026-07-31 16:39:00,54
2189.0,13.6744,13.68,13.665,13.685,13.665,2026-07-31 16:40:00,70
945.0,13.6614,13.66,13.655,13.66,13.655,2026-07-31 16:41:00,33
1787.0,13.6596,13.655,13.665,13.665,13.655,2026-07-31 16:42:00,30
6868.23,13.6499,13.66,13.635,13.66,13.635,2026-07-31 16:43:00,82
4733.203,13.6358,13.62,13.6399,13.6399,13.62,2026-07-31 16:44:00,26
1971.0,13.6283,13.635,13.625,13.635,13.62,2026-07-31 16:45:00,40
693.0,13.6343,13.64,13.64,13.64,13.64,2026-07-31 16:48:00,21
1450.0,13.6363,13.63,13.64,13.64,13.63,2026-07-31 16:49:00,26
610.293147,13.6527,13.645,13.645,13.645,13.645,2026-07-31 16:50:00,22
2225.0,13.6551,13.66,13.66,13.66,13.65,2026-07-31 16:51:00,58
1820.6526,13.6559,13.66,13.66,13.66,13.6406,2026-07-31 16:52:00,35
606.371206,13.6618,13.655,13.655,13.655,13.655,2026-07-31 16:53:00,25
7168.073185,13.6454,13.66,13.62,13.66,13.62,2026-07-31 16:54:00,67
5671.0,13.6428,13.63,13.66,13.67,13.63,2026-07-31 16:55:00,54
882.0,13.6715,13.68,13.68,13.68,13.68,2026-07-31 16:56:00,22
1282.0,13.6675,13.67,13.67,13.67,13.67,2026-07-31 16:57:00,44
2996.0,13.6627,13.67,13.66,13.67,13.66,2026-07-31 16:58:00,61
6756.0,13.6527,13.66,13.65,13.66,13.65,2026-07-31 16:59:00,82
3331.0,13.6777,13.67,13.7,13.7,13.67,2026-07-31 17:00:00,64
1092.0,13.6899,13.69,13.695,13.695,13.69,2026-07-31 17:01:00,48
485.0,13.6904,13.69,13.69,13.69,13.69,2026-07-31 17:02:00,28
1258.0,13.7009,13.7,13.7,13.71,13.7,2026-07-31 17:04:00,46
772.0,13.7089,13.71,13.71,13.71,13.71,2026-07-31 17:05:00,31
3741.0,13.7027,13.71,13.69,13.71,13.69,2026-07-31 17:06:00,52
2209.0,13.6614,13.68,13.635,13.68,13.635,2026-07-31 17:07:00,49
496.0,13.6493,13.64,13.65,13.65,13.64,2026-07-31 17:09:00,24
2499.0,13.6327,13.66,13.62,13.66,13.62,2026-07-31 17:10:00,82
1325.0,13.6261,13.61,13.64,13.64,13.61,2026-07-31 17:11:00,41
938.0,13.6483,13.65,13.655,13.655,13.65,2026-07-31 17:12:00,28
1603.0,13.6515,13.66,13.64,13.66,13.64,2026-07-31 17:13:00,41
705.0,13.6418,13.65,13.65,13.65,13.65,2026-07-31 17:14:00,20
1063.0,13.6437,13.64,13.64,13.65,13.64,2026-07-31 17:15:00,33
1101.0,13.6368,13.645,13.63,13.645,13.63,2026-07-31 17:16:00,36
940.1374,13.6178,13.61,13.61,13.61,13.61,2026-07-31 17:17:00,32
5517.0,13.6052,13.6,13.61,13.62,13.5914,2026-07-31 17:18:00,51
2311.0,13.6228,13.605,13.645,13.645,13.6,2026-07-31 17:19:00,43
2545.0,13.6467,13.645,13.64,13.655,13.64,2026-07-31 17:20:00,50
10291.0,13.6391,13.6352,13.64,13.65,13.6352,2026-07-31 17:21:00,66
2689.0,13.6316,13.635,13.63,13.635,13.63,2026-07-31 17:22:00,49
1869.0,13.6439,13.63,13.65,13.65,13.63,2026-07-31 17:23:00,38
2751.0,13.662,13.665,13.67,13.67,13.65,2026-07-31 17:24:00,52
768.0,13.6684,13.67,13.67,13.67,13.67,2026-07-31 17:25:00,30
1473.646929,13.6758,13.66,13.675,13.675,13.66,2026-07-31 17:26:00,52
2209.0,13.6899,13.68,13.7,13.7,13.68,2026-07-31 17:27:00,48
923.3671,13.7152,13.71,13.72,13.72,13.71,2026-07-31 17:28:00,40
708.0,13.7196,13.72,13.72,13.725,13.72,2026-07-31 17:29:00,29
1381.0,13.7009,13.71,13.69,13.71,13.69,2026-07-31 17:30:00,48
6142.288,13.6987,13.68,13.67,13.73,13.67,2026-07-31 17:31:00,110
943.730695,13.6877,13.67,13.68,13.68,13.67,2026-07-31 17:32:00,39
690.0,13.6916,13.69,13.69,13.69,13.69,2026-07-31 17:33:00,27
1182.0,13.6925,13.695,13.69,13.7,13.69,2026-07-31 17:34:00,33
1128.0,13.702,13.7,13.71,13.71,13.7,2026-07-31 17:35:00,39
1771.0,13.7112,13.72,13.71,13.72,13.71,2026-07-31 17:36:00,36
1011.584,13.7212,13.72,13.715,13.72,13.71,2026-07-31 17:37:00,30
7546.0,13.7099,13.71,13.715,13.73,13.7,2026-07-31 17:38:00,74
2146.0,13.7047,13.715,13.7,13.715,13.7,2026-07-31 17:39:00,41
622.0,13.7011,13.7,13.7,13.7,13.7,2026-07-31 17:40:00,28
1245.0,13.7048,13.7,13.71,13.71,13.7,2026-07-31 17:41:00,42
990.71,13.7138,13.7,13.7,13.7,13.7,2026-07-31 17:42:00,43
1354.0,13.6992,13.6901,13.7,13.7,13.6901,2026-07-31 17:43:00,48
1337.71,13.6945,13.695,13.68,13.695,13.68,2026-07-31 17:44:00,48
2220.0,13.6836,13.68,13.69,13.69,13.675,2026-07-31 17:45:00,51
2808.0,13.6907,13.695,13.69,13.6995,13.69,2026-07-31 17:46:00,64
2088.729927,13.7044,13.7,13.7,13.7,13.7,2026-07-31 17:47:00,36
3216.0,13.6648,13.69,13.64,13.69,13.64,2026-07-31 17:48:00,79
1068.0,13.6466,13.65,13.64,13.65,13.64,2026-07-31 17:49:00,37
1432.0,13.6133,13.63,13.6,13.63,13.6,2026-07-31 17:50:00,36
2202.0,13.6084,13.59,13.63,13.63,13.59,2026-07-31 17:51:00,49
1277.001,13.621,13.63,13.61,13.63,13.61,2026-07-31 17:52:00,38
392.0,13.6155,13.615,13.615,13.615,13.615,2026-07-31 17:53:00,17
1372.0,13.6048,13.6,13.6,13.6,13.6,2026-07-31 17:54:00,39
1223.0,13.6302,13.61,13.64,13.64,13.61,2026-07-31 17:55:00,27
3158.0,13.6358,13.64,13.62,13.64,13.62,2026-07-31 17:56:00,49
607.0,13.6296,13.63,13.63,13.63,13.63,2026-07-31 17:57:00,21
1524.0,13.636,13.63,13.64,13.64,13.63,2026-07-31 17:58:00,25
1872.0,13.6365,13.63,13.63,13.64,13.63,2026-07-31 17:59:00,40
2472.036,13.6504,13.63,13.67,13.67,13.63,2026-07-31 18:00:00,58
3634.0,13.6591,13.67,13.65,13.68,13.65,2026-07-31 18:01:00,64
1418.746,13.6515,13.64,13.65,13.65,13.64,2026-07-31 18:02:00,34
933.0,13.6417,13.65,13.64,13.65,13.64,2026-07-31 18:03:00,21
959.0,13.6301,13.63,13.62,13.63,13.62,2026-07-31 18:04:00,29
3104.0,13.6276,13.62,13.625,13.63,13.62,2026-07-31 18:05:00,49
3467.0,13.6457,13.63,13.65,13.655,13.63,2026-07-31 18:06:00,40
393.0,13.6485,13.65,13.65,13.65,13.65,2026-07-31 18:07:00,21
1265.0,13.635,13.64,13.63,13.64,13.63,2026-07-31 18:08:00,21
1273.0,13.6125,13.62,13.61,13.62,13.61,2026-07-31 18:09:00,44
2010.856671,13.6054,13.6,13.6,13.6094,13.59,2026-07-31 18:10:00,63
1372.0,13.5925,13.59,13.58,13.5962,13.58,2026-07-31 18:11:00,30
619.0,13.5799,13.58,13.57,13.58,13.57,2026-07-31 18:12:00,21
2559.293761,13.5766,13.57,13.57,13.58,13.57,2026-07-31 18:13:00,49
2980.0,13.584,13.57,13.565,13.6,13.565,2026-07-31 18:14:00,84
1847.583,13.591,13.58,13.59,13.59,13.58,2026-07-31 18:15:00,36
2521.935483,13.6299,13.6,13.64,13.64,13.6,2026-07-31 18:16:00,47
5890.0,13.6881,13.65,13.67,13.71,13.65,2026-07-31 18:17:00,115
1648.452485,13.6677,13.65,13.68,13.68,13.65,2026-07-31 18:18:00,48
2875.0,13.658,13.67,13.65,13.67,13.645,2026-07-31 18:19:00,60
519.824072,13.6691,13.6417,13.6417,13.6417,13.6417,2026-07-31 18:20:00,20
2498.1,13.6539,13.65,13.66,13.66,13.645,2026-07-31 18:21:00,54
503.0,13.6494,13.65,13.65,13.65,13.65,2026-07-31 18:22:00,23
842.0,13.6429,13.6417,13.64,13.6417,13.64,2026-07-31 18:23:00,29
1761.7,13.6323,13.63,13.61,13.63,13.61,2026-07-31 18:25:00,38
4217.0,13.6273,13.62,13.63,13.63,13.62,2026-07-31 18:27:00,64
1288.131406,13.6397,13.64,13.64,13.64,13.64,2026-07-31 18:28:00,26
1836.0,13.6454,13.64,13.645,13.65,13.64,2026-07-31 18:29:00,35
1205.0,13.6493,13.65,13.65,13.65,13.65,2026-07-31 18:30:00,31
3518.0,13.6562,13.66,13.655,13.669,13.65,2026-07-31 18:31:00,59
701.032,13.6598,13.66,13.66,13.66,13.66,2026-07-31 18:32:00,12
1233.0,13.6575,13.66,13.65,13.665,13.65,2026-07-31 18:34:00,33
3587.0,13.6485,13.65,13.65,13.655,13.645,2026-07-31 18:35:00,53
5467.0,13.659,13.66,13.65,13.66,13.65,2026-07-31 18:36:00,73
1151.0,13.6487,13.64,13.65,13.65,13.64,2026-07-31 18:37:00,30
3440.166239,13.6599,13.6598,13.66,13.66,13.655,2026-07-31 18:38:00,59
1833.0,13.6516,13.65,13.65,13.66,13.65,2026-07-31 18:39:00,33
1242.0,13.6368,13.64,13.63,13.64,13.63,2026-07-31 18:40:00,30
2546.3,13.6444,13.64,13.65,13.65,13.64,2026-07-31 18:41:00,53
3052.84303,13.6543,13.65,13.655,13.655,13.65,2026-07-31 18:42:00,79
929.831501,13.6628,13.65,13.65,13.65,13.65,2026-07-31 18:43:00,28
10818.0,13.6179,13.64,13.6,13.64,13.6,2026-07-31 18:44:00,195
1098.015418,13.6137,13.61,13.605,13.61,13.605,2026-07-31 18:45:00,30
2421.365692,13.6126,13.61,13.61,13.615,13.61,2026-07-31 18:46:00,65
2731.0,13.6195,13.615,13.625,13.625,13.61,2026-07-31 18:47:00,49
1858.0,13.6213,13.625,13.62,13.625,13.62,2026-07-31 18:48:00,38
1233.0,13.6292,13.63,13.63,13.63,13.63,2026-07-31 18:49:00,35
703.461368,13.6371,13.63,13.63,13.63,13.62,2026-07-31 18:50:00,23
1673.0,13.6204,13.62,13.62,13.62,13.62,2026-07-31 18:51:00,33
552.0,13.6181,13.62,13.62,13.62,13.62,2026-07-31 18:52:00,18
2368.293496,13.6144,13.62,13.6,13.62,13.6,2026-07-31 18:54:00,43
4234.0,13.6035,13.6,13.6,13.61,13.6,2026-07-31 18:55:00,75
1797.0,13.5777,13.57,13.57,13.578,13.57,2026-07-31 18:56:00,35
3514.0,13.5644,13.56,13.57,13.57,13.56,2026-07-31 18:57:00,68
570.0,13.577,13.575,13.575,13.575,13.575,2026-07-31 18:58:00,20
4523.000735,13.5893,13.58,13.6,13.6,13.58,2026-07-31 19:00:00,101
2079.0,13.6119,13.605,13.62,13.62,13.605,2026-07-31 19:01:00,44
4290.0,13.6293,13.63,13.62,13.64,13.62,2026-07-31 19:02:00,64
2082.0,13.6056,13.61,13.61,13.61,13.6,2026-07-31 19:03:00,41
1915.0,13.6049,13.615,13.59,13.615,13.59,2026-07-31 19:04:00,43
2627.0,13.5809,13.58,13.58,13.58,13.57,2026-07-31 19:05:00,56
678.0,13.5754,13.56,13.56,13.56,13.56,2026-07-31 19:06:00,24
3952.0,13.5426,13.55,13.55,13.55,13.53,2026-07-31 19:07:00,56
4870.0,13.5717,13.56,13.59,13.59,13.56,2026-07-31 19:09:00,88
3172.0,13.5842,13.5801,13.595,13.595,13.58,2026-07-31 19:10:00,46
5313.0,13.5897,13.59,13.5972,13.6,13.5873,2026-07-31 19:11:00,46
2698.0,13.5966,13.59,13.6,13.6,13.59,2026-07-31 19:12:00,45
1156.0,13.6015,13.6,13.61,13.61,13.6,2026-07-31 19:13:00,25
3258.0,13.602,13.61,13.595,13.61,13.595,2026-07-31 19:14:00,80
3220.0,13.5915,13.59,13.6,13.6,13.59,2026-07-31 19:15:00,51
3750.0,13.5901,13.6,13.59,13.6,13.58,2026-07-31 19:16:00,51
3548.0,13.5939,13.6,13.6,13.61,13.59,2026-07-31 19:17:00,50
4030.0,13.6223,13.61,13.63,13.63,13.61,2026-07-31 19:18:00,49
620.0,13.6356,13.64,13.64,13.64,13.64,2026-07-31 19:19:00,28
2554.5,13.6487,13.645,13.6487,13.65,13.64,2026-07-31 19:20:00,34
3002.0,13.6505,13.65,13.6691,13.6691,13.65,2026-07-31 19:21:00,37
3029.0,13.6625,13.67,13.655,13.6794,13.655,2026-07-31 19:22:00,56
2104.0732,13.6579,13.66,13.66,13.66,13.655,2026-07-31 19:23:00,41
4570.0,13.6682,13.67,13.655,13.685,13.655,2026-07-31 19:24:00,86
864.2,13.6447,13.65,13.65,13.65,13.65,2026-07-31 19:25:00,30
3746.0,13.6415,13.65,13.63,13.65,13.63,2026-07-31 19:26:00,69
6434.0,13.6295,13.61,13.63,13.635,13.61,2026-07-31 19:28:00,102
2960.0,13.6308,13.63,13.64,13.64,13.63,2026-07-31 19:29:00,68
5120.67,13.6394,13.64,13.635,13.645,13.63,2026-07-31 19:30:00,73
3723.0,13.6276,13.635,13.62,13.635,13.62,2026-07-31 19:31:00,65
8066.0,13.6087,13.615,13.58,13.62,13.58,2026-07-31 19:32:00,140
6227.073421,13.6076,13.6,13.61,13.62,13.5925,2026-07-31 19:33:00,128
1157.0,13.6199,13.62,13.62,13.62,13.61,2026-07-31 19:34:00,27
4072.658464,13.6212,13.6299,13.62,13.63,13.61,2026-07-31 19:35:00,75
4138.0,13.6299,13.63,13.63,13.63,13.63,2026-07-31 19:36:00,43
2103.0,13.6212,13.62,13.63,13.63,13.62,2026-07-31 19:37:00,45
5931.0,13.6271,13.63,13.61,13.63,13.61,2026-07-31 19:38:00,90
3606.0,13.6131,13.615,13.605,13.615,13.605,2026-07-31 19:39:00,51
19691.073556,13.5802,13.61,13.57,13.61,13.55,2026-07-31 19:40:00,279
3197.0,13.5615,13.56,13.555,13.56,13.5515,2026-07-31 19:41:00,55
1520.0,13.5553,13.555,13.552,13.5558,13.55,2026-07-31 19:42:00,43
5770.0,13.5693,13.56,13.58,13.58,13.56,2026-07-31 19:43:00,102
6929.0,13.5907,13.59,13.58,13.6,13.58,2026-07-31 19:44:00,124
6069.0,13.6028,13.59,13.605,13.625,13.59,2026-07-31 19:45:00,81
1179.0,13.6132,13.61,13.62,13.62,13.61,2026-07-31 19:46:00,48
7979.920293,13.6048,13.63,13.62,13.63,13.5899,2026-07-31 19:47:00,130
1799.0,13.6184,13.62,13.62,13.63,13.62,2026-07-31 19:48:00,18
6727.0,13.618,13.62,13.63,13.63,13.61,2026-07-31 19:49:00,107
15657.0,13.6798,13.64,13.7,13.71,13.64,2026-07-31 19:50:00,239
11098.0,13.6737,13.69,13.65,13.69,13.65,2026-07-31 19:51:00,171
8007.0,13.6578,13.65,13.67,13.67,13.65,2026-07-31 19:52:00,102
16390.0,13.6843,13.66,13.705,13.705,13.66,2026-07-31 19:53:00,218
18576.0,13.6502,13.71,13.5916,13.72,13.58,2026-07-31 19:54:00,220
22172.0,13.6285,13.6,13.63,13.68,13.6,2026-07-31 19:55:00,287
33650.4484,13.6507,13.625,13.635,13.68,13.62,2026-07-31 19:56:00,285
17368.0,13.6406,13.635,13.64,13.66,13.62,2026-07-31 19:57:00,254
45528.0,13.6729,13.65,13.68,13.695,13.645,2026-07-31 19:58:00,553
41504.025749,13.7035,13.68,13.71,13.74,13.66,2026-07-31 19:59:00,546
15493.029356,13.72,13.72,13.72,13.72,13.72,2026-07-31 20:00:00,22
3404.0,13.7199,13.7182,13.7182,13.7182,13.7182,2026-07-31 20:14:00,2
100.0,13.5301,13.5301,13.5301,13.5301,13.5301,2026-07-31 20:17:00,1
500.0,13.7188,13.7188,13.7188,13.7188,13.7188,2026-07-31 20:23:00,1
171.0,13.7285,13.73,13.73,13.73,13.73,2026-07-31 20:47:00,5
165.0,13.76,13.76,13.76,13.76,13.76,2026-07-31 20:48:00,1
2025.0,13.7351,13.75,13.73,13.75,13.73,2026-07-31 20:56:00,9
100.0,13.8,13.8,13.8,13.8,13.8,2026-07-31 21:30:00,1
150.0,14.0597,14.07,14.07,14.07,14.07,2026-07-31 21:31:00,2
199.0,14.08,14.08,14.08,14.08,14.08,2026-07-31 21:34:00,1
138.0,13.99,13.99,13.99,13.99,13.99,2026-07-31 21:49:00,1
500.0,14.0398,14.0398,14.0398,14.0398,14.0398,2026-07-31 21:52:00,1
219.0,13.7284,13.72,13.72,13.72,13.72,2026-07-31 21:56:00,3
113.0,13.5606,13.5606,13.5606,13.5606,13.5606,2026-07-31 22:26:00,1
100.0,13.5534,13.5534,13.5534,13.5534,13.5534,2026-07-31 22:27:00,1
693.0,13.5712,13.58,13.57,13.58,13.57,2026-07-31 22:49:00,9
730.0,13.686,13.68,13.69,13.69,13.68,2026-07-31 23:59:00,5
853.333422,13.9984,14.0,13.94,14.0,13.94,2026-08-03 08:00:00,3
510.0,13.8788,13.88,13.88,13.88,13.88,2026-08-03 08:22:00,3
400.0,13.885,13.89,13.88,13.89,13.88,2026-08-03 08:44:00,2
2334.0,14.3237,14.35,13.93,14.74,13.93,2026-08-03 08:53:00,17
150.0,14.25,14.25,14.25,14.25,14.25,2026-08-03 09:04:00,1
220.0,14.2498,14.25,14.25,14.25,14.25,2026-08-03 09:38:00,2
1145.0,14.1771,14.19,14.19,14.19,14.14,2026-08-03 09:49:00,7
141.116607,14.1617,14.15,14.15,14.15,14.15,2026-08-03 09:54:00,2
200.0,14.05,14.05,14.05,14.05,14.05,2026-08-03 10:39:00,1
660.0,13.8973,13.9,13.88,13.9,13.88,2026-08-03 10:49:00,8
3057.0,14.1175,14.02,14.2,14.22,14.01,2026-08-03 11:00:00,17
2000.0,14.2017,14.2017,14.2017,14.2017,14.2017,2026-08-03 11:06:00,1
2010.0,14.2101,14.21,14.21,14.21,14.21,2026-08-03 11:10:00,2
758.0,14.2389,14.2402,14.2402,14.2402,14.2402,2026-08-03 11:12:00,2
120.0,14.2463,14.25,14.25,14.25,14.25,2026-08-03 11:31:00,2
140.0,14.2268,14.2268,14.2268,14.2268,14.2268,2026-08-03 11:46:00,1
155.0,14.24,14.24,14.24,14.24,14.24,2026-08-03 11:48:00,1
1412.0,14.0169,14.05,13.99,14.06,13.99,2026-08-03 11:53:00,16
100.0,13.94,13.94,13.94,13.94,13.94,2026-08-03 12:02:00,1
900.0,14.02,14.02,14.02,14.02,14.02,2026-08-03 12:17:00,2
100.0,14.2152,14.2152,14.2152,14.2152,14.2152,2026-08-03 12:18:00,1
515.0,14.2245,14.24,14.2134,14.24,14.2134,2026-08-03 12:20:00,4
860.0,14.2185,14.24,14.2145,14.24,14.213,2026-08-03 12:22:00,3
281.0,14.2227,14.2321,14.2321,14.2321,14.2321,2026-08-03 12:26:00,5
110.0,14.2147,14.2112,14.2112,14.2112,14.2112,2026-08-03 12:32:00,2
105.0,14.2405,14.25,14.25,14.25,14.25,2026-08-03 12:33:00,2
480.0,14.1448,14.14,14.15,14.15,14.14,2026-08-03 12:49:00,2
1900.0,14.14,14.14,14.1,14.15,14.1,2026-08-03 12:53:00,12
235.0,14.0611,14.06,14.06,14.06,14.06,2026-08-03 12:58:00,3
704.0,14.1768,14.1768,14.1768,14.1768,14.1768,2026-08-03 13:03:00,1
150.0,14.16,14.16,14.16,14.16,14.16,2026-08-03 13:17:00,1
110.0,14.108,14.1,14.1,14.1,14.1,2026-08-03 13:20:00,2
2500.0,13.8524,14.05,13.74,14.05,13.72,2026-08-03 13:25:00,31
44954.431651,13.8027,13.76,13.88,13.99,13.76,2026-08-03 13:30:00,119
2048.935483,13.8525,13.8541,13.875,13.9043,13.7801,2026-08-03 13:31:00,21
3474.3544,13.8748,13.875,13.875,13.875,13.83,2026-08-03 13:32:00,22
6999.182944,13.7172,13.875,13.6669,13.875,13.54,2026-08-03 13:33:00,82
8924.367571,13.5698,13.63,13.4492,13.65,13.4492,2026-08-03 13:34:00,67
9821.0,13.6173,13.48,13.665,13.665,13.48,2026-08-03 13:35:00,106
8228.0,13.7153,13.66,13.7635,13.77,13.64,2026-08-03 13:36:00,115
3078.220602,13.8335,13.71,13.82,13.89,13.71,2026-08-03 13:37:00,29
1590.0,13.7609,13.82,13.75,13.82,13.74,2026-08-03 13:38:00,43
3949.0,13.8761,13.84,13.94,13.94,13.84,2026-08-03 13:39:00,73
8760.946921,13.8727,13.97,13.86,13.97,13.825,2026-08-03 13:40:00,128
2463.0,13.8926,13.88,13.92,13.9291,13.86,2026-08-03 13:41:00,54
4164.026,13.8979,13.88,13.9663,13.9663,13.85,2026-08-03 13:42:00,78
7064.229416,13.8845,13.97,13.86,13.97,13.84,2026-08-03 13:43:00,76
1562.0,13.857,13.845,13.89,13.89,13.83,2026-08-03 13:44:00,71
7740.174688,13.9261,13.92,13.91,13.96,13.9,2026-08-03 13:45:00,190
14459.0,14.0463,13.945,14.06,14.1476,13.93,2026-08-03 13:46:00,236
9729.812519,14.0894,14.075,14.07,14.1599,14.06,2026-08-03 13:47:00,194
4228.755487,14.0538,14.07,14.04,14.07,14.02,2026-08-03 13:48:00,114
1617.5078,14.0829,14.07,14.085,14.1075,14.03,2026-08-03 13:49:00,63
2262.873893,14.1129,14.085,14.115,14.1367,14.085,2026-08-03 13:50:00,49
5171.0,14.1442,14.125,14.17,14.18,14.12,2026-08-03 13:51:00,134
11916.354137,14.1367,14.15,14.1,14.185,14.09,2026-08-03 13:52:00,165
2155.0,14.0971,14.1,14.09,14.1,14.08,2026-08-03 13:53:00,73
4264.147069,14.0948,14.0999,14.1,14.105,14.08,2026-08-03 13:54:00,101
4443.805005,14.0685,14.07,14.085,14.085,14.045,2026-08-03 13:55:00,105
19205.467803,14.0537,14.09,14.01,14.115,14.01,2026-08-03 13:56:00,173
8083.570841,14.0293,14.01,14.0281,14.045,14.01,2026-08-03 13:57:00,45
1926.0,14.0601,14.055,14.09,14.09,14.03,2026-08-03 13:58:00,55
2381.0,14.1175,14.095,14.15,14.15,14.095,2026-08-03 13:59:00,99
6452.0,14.1275,14.17,14.08,14.18,14.03,2026-08-03 14:00:00,102
2600.0,14.0995,14.08,14.065,14.13,14.065,2026-08-03 14:01:00,63
3918.77578,14.0258,14.05,14.0,14.05,13.99,2026-08-03 14:02:00,73
11872.0,14.0422,14.02,14.07,14.07,14.02,2026-08-03 14:03:00,133
5513.697301,14.1244,14.1264,14.11,14.155,14.065,2026-08-03 14:04:00,107
2967.212832,14.1017,14.1,14.095,14.125,14.095,2026-08-03 14:05:00,61
1240.0,14.1284,14.1184,14.135,14.14,14.1184,2026-08-03 14:06:00,55
9066.0,14.1288,14.145,14.09,14.15,14.09,2026-08-03 14:07:00,106
2436.874767,14.0816,14.09,14.075,14.09,14.075,2026-08-03 14:08:00,61
4757.0,14.1021,14.08,14.1117,14.125,14.08,2026-08-03 14:09:00,101
4411.0,14.1448,14.11,14.16,14.17,14.11,2026-08-03 14:10:00,96
6984.687698,14.2202,14.165,14.3,14.3,14.1599,2026-08-03 14:11:00,110
9443.492839,14.3367,14.3083,14.35,14.3601,14.3083,2026-08-03 14:12:00,122
5705.948464,14.3424,14.315,14.33,14.37,14.315,2026-08-03 14:13:00,136
12940.0,14.233,14.3,14.16,14.3,14.16,2026-08-03 14:14:00,215
4729.06,14.1385,14.16,14.11,14.16,14.11,2026-08-03 14:15:00,113
4577.005322,14.1738,14.145,14.2499,14.2499,14.1272,2026-08-03 14:16:00,89
626.0,14.2238,14.22,14.22,14.22,14.22,2026-08-03 14:17:00,24
10635.0,14.1845,14.22,14.1748,14.235,14.16,2026-08-03 14:18:00,131
3393.0,14.1774,14.145,14.1771,14.18,14.145,2026-08-03 14:19:00,59
6465.001426,14.1487,14.18,14.15,14.18,14.14,2026-08-03 14:20:00,95
1683.359578,14.1461,14.15,14.145,14.155,14.1301,2026-08-03 14:21:00,35
1564.0,14.1707,14.175,14.16,14.175,14.16,2026-08-03 14:22:00,37
5640.0,14.1611,14.16,14.16,14.18,14.14,2026-08-03 14:23:00,121
1383.5614,14.2149,14.1898,14.225,14.225,14.1898,2026-08-03 14:24:00,66
6799.070546,14.1921,14.215,14.17,14.215,14.16,2026-08-03 14:25:00,106
5172.0,14.1556,14.19,14.13,14.19,14.12,2026-08-03 14:26:00,124
2435.0,14.1593,14.1684,14.1301,14.1684,14.1301,2026-08-03 14:27:00,27
5310.0,14.1674,14.16,14.18,14.185,14.16,2026-08-03 14:28:00,117
2250.0,14.1799,14.175,14.195,14.195,14.16,2026-08-03 14:29:00,66
3049.0,14.1682,14.18,14.17,14.18,14.16,2026-08-03 14:30:00,86
1525.0,14.1683,14.175,14.16,14.18,14.16,2026-08-03 14:31:00,46
7696.45955,14.1633,14.16,14.15,14.185,14.15,2026-08-03 14:32:00,145
1518.070627,14.1474,14.14,14.14,14.1527,14.14,2026-08-03 14:33:00,52
3553.0,14.147,14.1583,14.15,14.1583,14.13,2026-08-03 14:34:00,87
1470.218023,14.1702,14.17,14.17,14.17,14.17,2026-08-03 14:35:00,46
2843.0,14.1694,14.16,14.19,14.19,14.16,2026-08-03 14:36:00,74
1476.246,14.2183,14.19,14.23,14.23,14.19,2026-08-03 14:37:00,34
4097.088872,14.2225,14.24,14.2582,14.2582,14.22,2026-08-03 14:38:00,51
3387.03705,14.2468,14.26,14.22,14.2699,14.22,2026-08-03 14:39:00,79
4635.0,14.2513,14.23,14.29,14.295,14.22,2026-08-03 14:40:00,94
5550.2979,14.286,14.29,14.2897,14.3,14.26,2026-08-03 14:41:00,86
2976.0,14.2672,14.29,14.25,14.29,14.25,2026-08-03 14:42:00,75
2295.00511,14.2692,14.26,14.275,14.275,14.26,2026-08-03 14:43:00,74
536.0,14.2668,14.25,14.27,14.27,14.25,2026-08-03 14:44:00,30
1142.125217,14.2471,14.25,14.235,14.263,14.235,2026-08-03 14:45:00,48
1591.0,14.2448,14.225,14.26,14.26,14.225,2026-08-03 14:46:00,47
2611.053787,14.2598,14.252,14.2798,14.2798,14.24,2026-08-03 14:47:00,41
1049.751927,14.2759,14.2575,14.2737,14.2737,14.2575,2026-08-03 14:48:00,23
5177.0,14.2772,14.265,14.285,14.29,14.26,2026-08-03 14:49:00,87
4030.0,14.2748,14.285,14.2734,14.285,14.27,2026-08-03 14:50:00,80
15030.0,14.2648,14.28,14.22,14.3,14.22,2026-08-03 14:51:00,227
3851.118925,14.2143,14.21,14.23,14.23,14.205,2026-08-03 14:52:00,101
4889.6139,14.2434,14.2301,14.23,14.26,14.225,2026-08-03 14:53:00,134
1058.512469,14.2458,14.24,14.24,14.24,14.24,2026-08-03 14:54:00,86
4131.0,14.2437,14.24,14.25,14.26,14.24,2026-08-03 14:56:00,112
3634.433889,14.2625,14.24,14.28,14.28,14.24,2026-08-03 14:57:00,91
1590.0,14.2778,14.275,14.28,14.28,14.275,2026-08-03 14:58:00,83
3189.0,14.2917,14.27,14.3,14.3,14.27,2026-08-03 14:59:00,95
1550.68641,14.3047,14.305,14.3,14.305,14.3,2026-08-03 15:00:00,70
6165.000001,14.3133,14.318,14.34,14.34,14.3,2026-08-03 15:01:00,113
3190.0,14.3406,14.34,14.335,14.35,14.33,2026-08-03 15:02:00,83
8282.877052,14.3212,14.33,14.31,14.34,14.3,2026-08-03 15:03:00,139
3145.037922,14.303,14.305,14.305,14.305,14.3,2026-08-03 15:04:00,59
670.0,14.3028,14.3,14.3,14.3,14.3,2026-08-03 15:05:00,39
2009.279806,14.306,14.29,14.33,14.33,14.29,2026-08-03 15:06:00,70
9859.069808,14.3556,14.34,14.37,14.375,14.34,2026-08-03 15:07:00,210
1749.344871,14.3523,14.36,14.34,14.36,14.34,2026-08-03 15:08:00,50
60905.56823,14.4131,14.345,14.41,14.47,14.345,2026-08-03 15:09:00,428
4593.693962,14.3882,14.41,14.35,14.4282,14.34,2026-08-03 15:10:00,107
7533.553451,14.3339,14.335,14.35,14.35,14.32,2026-08-03 15:11:00,91
4969.348218,14.3327,14.35,14.3,14.35,14.3,2026-08-03 15:12:00,65
8899.0,14.3083,14.3,14.29,14.32,14.29,2026-08-03 15:13:00,55
2473.348218,14.322,14.29,14.31,14.31,14.29,2026-08-03 15:14:00,76
2908.246305,14.3324,14.32,14.335,14.34,14.32,2026-08-03 15:15:00,85
1975.0,14.3449,14.345,14.35,14.35,14.34,2026-08-03 15:16:00,71
14334.0,14.3174,14.33,14.3162,14.34,14.31,2026-08-03 15:17:00,84
2302.4654,14.3095,14.31,14.305,14.31,14.305,2026-08-03 15:18:00,38
3358.0,14.3175,14.305,14.32,14.32,14.305,2026-08-03 15:19:00,72
4149.144071,14.3176,14.3,14.3155,14.32,14.3,2026-08-03 15:20:00,42
7612.0,14.3147,14.32,14.31,14.32,14.3,2026-08-03 15:21:00,84
786.767994,14.3267,14.32,14.31,14.32,14.31,2026-08-03 15:22:00,46
2017.0,14.3167,14.31,14.32,14.32,14.31,2026-08-03 15:23:00,72
3849.0,14.3283,14.33,14.33,14.33,14.33,2026-08-03 15:24:00,95
2152.226974,14.3148,14.31,14.31,14.32,14.31,2026-08-03 15:25:00,80
2762.350206,14.3023,14.3,14.28,14.3,14.28,2026-08-03 15:26:00,64
1173.0,14.2818,14.28,14.28,14.28,14.28,2026-08-03 15:27:00,46
2508.243883,14.2506,14.275,14.24,14.275,14.235,2026-08-03 15:28:00,70
1106.0,14.2316,14.23,14.2219,14.23,14.2219,2026-08-03 15:29:00,41
3772.434636,14.2535,14.24,14.245,14.26,14.24,2026-08-03 15:30:00,47
6721.083,14.253,14.26,14.24,14.27,14.24,2026-08-03 15:31:00,86
2071.0,14.2392,14.23,14.235,14.245,14.23,2026-08-03 15:32:00,42
9419.0,14.2551,14.23,14.285,14.285,14.23,2026-08-03 15:33:00,98
399.0,14.2746,14.29,14.29,14.29,14.29,2026-08-03 15:34:00,31
2319.0,14.2739,14.29,14.26,14.29,14.26,2026-08-03 15:35:00,57
2478.0,14.2612,14.2502,14.25,14.2747,14.25,2026-08-03 15:36:00,36
2133.536,14.2672,14.27,14.25,14.28,14.25,2026-08-03 15:37:00,46
765.0,14.254,14.25,14.25,14.25,14.25,2026-08-03 15:38:00,33
2562.0286,14.2485,14.25,14.24,14.25,14.24,2026-08-03 15:39:00,76
2478.01,14.237,14.2303,14.245,14.245,14.2303,2026-08-03 15:40:00,45
2091.0,14.2541,14.25,14.26,14.26,14.25,2026-08-03 15:41:00,57
3886.958012,14.2887,14.29,14.3,14.3,14.28,2026-08-03 15:42:00,112
3564.981132,14.2976,14.3,14.29,14.3,14.29,2026-08-03 15:43:00,86
2708.0,14.3042,14.31,14.3,14.31,14.3,2026-08-03 15:44:00,65
1946.0,14.2961,14.3088,14.29,14.31,14.29,2026-08-03 15:45:00,41
2934.467841,14.3381,14.29,14.365,14.38,14.29,2026-08-03 15:46:00,66
16320.88,14.348,14.36,14.335,14.36,14.33,2026-08-03 15:47:00,90
1991.0,14.3169,14.31,14.31,14.33,14.31,2026-08-03 15:48:00,42
1513.0,14.3101,14.31,14.31,14.31,14.31,2026-08-03 15:49:00,45
2965.0,14.3222,14.295,14.34,14.34,14.295,2026-08-03 15:51:00,85
4002.0,14.3689,14.35,14.38,14.385,14.35,2026-08-03 15:52:00,84
2144.0,14.3986,14.4,14.43,14.43,14.4,2026-08-03 15:53:00,66
8959.0,14.438,14.4337,14.45,14.45,14.4337,2026-08-03 15:54:00,80
11507.0,14.4454,14.46,14.41,14.465,14.41,2026-08-03 15:55:00,166
8102.0,14.4137,14.42,14.395,14.435,14.39,2026-08-03 15:56:00,104
2646.0,14.389,14.4096,14.38,14.4096,14.38,2026-08-03 15:57:00,80
1288.930603,14.4039,14.39,14.39,14.39,14.39,2026-08-03 15:58:00,29
1655.0,14.39,14.385,14.39,14.39,14.385,2026-08-03 15:59:00,40
4223.0,14.3939,14.39,14.4,14.4,14.385,2026-08-03 16:00:00,81
2586.0,14.3929,14.4,14.38,14.4,14.38,2026-08-03 16:01:00,48
893.0,14.3845,14.385,14.38,14.385,14.38,2026-08-03 16:02:00,38
1816.5505,14.389,14.39,14.385,14.39,14.38,2026-08-03 16:03:00,61
4542.056497,14.4011,14.39,14.4,14.41,14.39,2026-08-03 16:04:00,87
2409.0,14.3985,14.38,14.4,14.4,14.38,2026-08-03 16:05:00,30
1356.0,14.3856,14.38,14.38,14.395,14.38,2026-08-03 16:06:00,31
1101.0,14.3897,14.395,14.4,14.4,14.38,2026-08-03 16:07:00,37
5970.0,14.3719,14.38,14.37,14.38,14.36,2026-08-03 16:08:00,108
4624.329441,14.3583,14.37,14.3801,14.3801,14.35,2026-08-03 16:09:00,65
986.0,14.3757,14.37,14.38,14.38,14.37,2026-08-03 16:10:00,47
1898.0,14.3682,14.375,14.365,14.375,14.36,2026-08-03 16:11:00,50
1777.0,14.3681,14.36,14.37,14.37,14.36,2026-08-03 16:12:00,75
1171.0,14.3791,14.385,14.38,14.385,14.38,2026-08-03 16:13:00,48
12024.0,14.3212,14.37,14.3143,14.37,14.28,2026-08-03 16:14:00,160
910.0,14.3248,14.32,14.3428,14.3428,14.32,2026-08-03 16:15:00,43
1534.0,14.3592,14.35,14.3714,14.3714,14.35,2026-08-03 16:16:00,68
5607.0,14.3726,14.38,14.375,14.385,14.36,2026-08-03 16:17:00,85
3277.0,14.3692,14.3601,14.37,14.3796,14.36,2026-08-03 16:18:00,66
2725.655244,14.3803,14.38,14.39,14.39,14.38,2026-08-03 16:19:00,41
3333.0,14.3965,14.3999,14.405,14.41,14.3929,2026-08-03 16:20:00,63
2896.0,14.3988,14.4,14.4,14.405,14.39,2026-08-03 16:21:00,60
4638.840569,14.4039,14.41,14.395,14.41,14.395,2026-08-03 16:22:00,110
9631.450361,14.4005,14.4,14.43,14.43,14.39,2026-08-03 16:23:00,164
1576.0,14.4106,14.415,14.415,14.415,14.415,2026-08-03 16:24:00,47
1268.0,14.4169,14.42,14.42,14.42,14.42,2026-08-03 16:25:00,52
1794.0,14.4159,14.4151,14.42,14.42,14.4151,2026-08-03 16:26:00,50
2079.329841,14.4264,14.42,14.43,14.43,14.4165,2026-08-03 16:27:00,69
25310.0,14.4433,14.43,14.435,14.46,14.42,2026-08-03 16:28:00,199
1281.0,14.4345,14.435,14.44,14.45,14.42,2026-08-03 16:29:00,38
4659.0,14.4052,14.45,14.4,14.45,14.39,2026-08-03 16:30:00,94
1148.0,14.4064,14.4,14.41,14.41,14.4,2026-08-03 16:31:00,37
1146.1388,14.3819,14.38,14.37,14.381,14.37,2026-08-03 16:32:00,34
4352.00904,14.3773,14.365,14.38,14.38,14.365,2026-08-03 16:33:00,87
2527.0,14.3728,14.37,14.37,14.375,14.37,2026-08-03 16:34:00,55
1723.108169,14.3881,14.39,14.385,14.39,14.385,2026-08-03 16:35:00,47
1195.0,14.3853,14.39,14.385,14.39,14.38,2026-08-03 16:36:00,30
2249.0,14.3741,14.37,14.375,14.375,14.37,2026-08-03 16:37:00,44
963.9227,14.3776,14.36,14.37,14.37,14.36,2026-08-03 16:38:00,38
3755.0,14.3526,14.36,14.35,14.3697,14.34,2026-08-03 16:39:00,74
1109.0,14.3493,14.35,14.35,14.35,14.35,2026-08-03 16:40:00,35
2194.808626,14.3491,14.345,14.35,14.35,14.33,2026-08-03 16:41:00,43
3829.0,14.3678,14.36,14.37,14.3799,14.36,2026-08-03 16:42:00,91
6191.311771,14.3731,14.38,14.365,14.39,14.36,2026-08-03 16:43:00,142
1747.0,14.3591,14.37,14.351,14.37,14.351,2026-08-03 16:44:00,33
4700.0,14.3579,14.37,14.36,14.37,14.35,2026-08-03 16:45:00,109
1412.0,14.3668,14.36,14.37,14.37,14.36,2026-08-03 16:46:00,49
8685.0,14.3547,14.37,14.32,14.37,14.32,2026-08-03 16:47:00,88
1019.0,14.3379,14.33,14.33,14.33,14.33,2026-08-03 16:48:00,38
1106.27894,14.3436,14.34,14.34,14.34,14.34,2026-08-03 16:49:00,48
456.0,14.336,14.335,14.3375,14.3375,14.335,2026-08-03 16:50:00,21
1121.0,14.3315,14.33,14.33,14.33,14.33,2026-08-03 16:51:00,41
1796.357652,14.3295,14.33,14.32,14.33,14.32,2026-08-03 16:52:00,50
3447.0,14.3391,14.32,14.36,14.36,14.32,2026-08-03 16:53:00,103
5512.0,14.3769,14.37,14.39,14.39,14.37,2026-08-03 16:54:00,123
5028.655,14.3997,14.395,14.39,14.4,14.39,2026-08-03 16:55:00,96
63373.0,14.4271,14.39,14.435,14.46,14.38,2026-08-03 16:56:00,733
2379.0,14.432,14.435,14.4314,14.435,14.43,2026-08-03 16:57:00,77
6456.0,14.438,14.44,14.435,14.45,14.43,2026-08-03 16:58:00,105
3772.0,14.4181,14.42,14.42,14.42,14.41,2026-08-03 16:59:00,107
4693.0,14.4066,14.415,14.4,14.415,14.39,2026-08-03 17:00:00,136
33784.0,14.5012,14.4,14.49,14.57,14.4,2026-08-03 17:01:00,420
2733.0,14.4675,14.49,14.44,14.49,14.44,2026-08-03 17:02:00,64
1748.0,14.4411,14.44,14.44,14.44,14.44,2026-08-03 17:03:00,58
7915.0,14.4521,14.44,14.46,14.46,14.44,2026-08-03 17:04:00,176
23704.0,14.4689,14.46,14.465,14.5,14.44,2026-08-03 17:05:00,228
2766.0,14.469,14.465,14.4657,14.4772,14.465,2026-08-03 17:06:00,60
2890.036828,14.4558,14.46,14.45,14.46,14.45,2026-08-03 17:07:00,88
2193.692098,14.4464,14.44,14.44,14.44,14.43,2026-08-03 17:08:00,103
7522.0,14.4468,14.445,14.45,14.455,14.44,2026-08-03 17:09:00,177
8740.0,14.4475,14.445,14.45,14.46,14.44,2026-08-03 17:10:00,170
2514.0,14.4432,14.44,14.45,14.45,14.43,2026-08-03 17:11:00,95
30531.0,14.4439,14.455,14.405,14.455,14.4,2026-08-03 17:12:00,127
980.0,14.4089,14.4,14.41,14.41,14.39,2026-08-03 17:13:00,41
1641.0,14.4132,14.41,14.41,14.415,14.41,2026-08-03 17:14:00,65
872.0,14.4165,14.41,14.41,14.41,14.41,2026-08-03 17:15:00,72
4840.0,14.4042,14.41,14.41,14.41,14.4,2026-08-03 17:16:00,98
5988.375064,14.3922,14.4,14.38,14.4,14.38,2026-08-03 17:18:00,133
5771.917884,14.3638,14.38,14.37,14.38,14.34,2026-08-03 17:19:00,167
1634.507306,14.3735,14.37,14.36,14.37,14.36,2026-08-03 17:20:00,89
1481.0,14.376,14.37,14.38,14.385,14.37,2026-08-03 17:21:00,66
859.0,14.3904,14.38,14.38,14.38,14.38,2026-08-03 17:22:00,67
3310.123221,14.4005,14.4,14.41,14.41,14.4,2026-08-03 17:24:00,109
488.872896,14.4327,14.415,14.415,14.415,14.415,2026-08-03 17:25:00,62
3078.0,14.4095,14.415,14.4,14.415,14.4,2026-08-03 17:26:00,92
1986.0,14.4007,14.4,14.4,14.41,14.4,2026-08-03 17:27:00,78
2042.893893,14.4147,14.405,14.41,14.41,14.405,2026-08-03 17:28:00,103
3476.0,14.4098,14.415,14.4,14.415,14.4,2026-08-03 17:29:00,81
4588.0,14.4199,14.405,14.425,14.43,14.405,2026-08-03 17:30:00,112
3332.0,14.4269,14.43,14.42,14.43,14.42,2026-08-03 17:31:00,49
4154.0,14.4302,14.43,14.43,14.435,14.43,2026-08-03 17:32:00,61
3405.0,14.4328,14.42,14.4489,14.4489,14.42,2026-08-03 17:33:00,71
528.0,14.4309,14.4389,14.43,14.4389,14.43,2026-08-03 17:34:00,24
3229.425104,14.4348,14.425,14.44,14.44,14.425,2026-08-03 17:35:00,82
3600.0,14.4207,14.43,14.41,14.43,14.41,2026-08-03 17:36:00,73
485.0,14.4018,14.3936,14.395,14.395,14.3936,2026-08-03 17:37:00,33
946.0,14.4087,14.4,14.4,14.4,14.4,2026-08-03 17:38:00,51
2119.0,14.414,14.4,14.425,14.425,14.4,2026-08-03 17:39:00,63
17794.0,14.451,14.43,14.53,14.53,14.42,2026-08-03 17:40:00,282
7136.0,14.546,14.54,14.54,14.56,14.54,2026-08-03 17:41:00,129
2251.508591,14.5331,14.55,14.55,14.55,14.54,2026-08-03 17:42:00,83
2026.0,14.5407,14.54,14.52,14.55,14.52,2026-08-03 17:43:00,81
4910.692949,14.536,14.525,14.55,14.55,14.525,2026-08-03 17:44:00,105
1130.0,14.5502,14.555,14.565,14.565,14.55,2026-08-03 17:45:00,66
24849.063552,14.5155,14.56,14.5,14.56,14.47,2026-08-03 17:46:00,159
6653.32091,14.5097,14.51,14.55,14.55,14.49,2026-08-03 17:47:00,143
5185.927792,14.5783,14.5594,14.58,14.59,14.5594,2026-08-03 17:48:00,116
5263.742,14.5662,14.59,14.55,14.59,14.55,2026-08-03 17:49:00,106
1527.029,14.565,14.56,14.56,14.57,14.558,2026-08-03 17:50:00,83
23538.0,14.599,14.57,14.59,14.62,14.57,2026-08-03 17:51:00,182
6793.0,14.6118,14.61,14.6,14.625,14.6,2026-08-03 17:52:00,113
6327.107607,14.588,14.59,14.61,14.61,14.5725,2026-08-03 17:53:00,141
3855.0,14.6084,14.615,14.61,14.615,14.6,2026-08-03 17:54:00,99
4331.0,14.603,14.615,14.59,14.615,14.59,2026-08-03 17:55:00,65
9554.0,14.6217,14.595,14.62,14.64,14.595,2026-08-03 17:56:00,110
2811.669,14.6519,14.62,14.655,14.6699,14.62,2026-08-03 17:57:00,34
14252.002048,14.6415,14.64,14.635,14.655,14.63,2026-08-03 17:58:00,166
11014.412969,14.6508,14.64,14.675,14.675,14.63,2026-08-03 17:59:00,161
19218.0,14.7426,14.6799,14.77,14.79,14.675,2026-08-03 18:00:00,265
28134.725025,14.7324,14.765,14.705,14.765,14.685,2026-08-03 18:01:00,124
4968.0,14.7287,14.73,14.75,14.75,14.71,2026-08-03 18:02:00,131
8595.5149,14.8133,14.77,14.825,14.825,14.77,2026-08-03 18:03:00,116
15454.452522,14.8271,14.8101,14.83,14.86,14.8,2026-08-03 18:04:00,133
16519.291,14.8674,14.85,14.87,14.9,14.845,2026-08-03 18:05:00,168
3929.73174,14.8699,14.89,14.855,14.89,14.855,2026-08-03 18:06:00,71
4798.345895,14.8384,14.86,14.825,14.8637,14.8,2026-08-03 18:07:00,158
10196.802,14.7987,14.81,14.795,14.82,14.76,2026-08-03 18:08:00,146
5310.186,14.815,14.8046,14.85,14.85,14.795,2026-08-03 18:09:00,104
6729.0,14.8761,14.855,14.885,14.91,14.85,2026-08-03 18:10:00,154
8395.134273,14.8857,14.885,14.915,14.915,14.855,2026-08-03 18:11:00,108
5061.487823,14.9124,14.915,14.9256,14.93,14.9,2026-08-03 18:12:00,96
34330.0,14.9832,14.91,14.955,15.0,14.9,2026-08-03 18:13:00,188
20018.084104,14.9987,14.955,15.01,15.025,14.95,2026-08-03 18:14:00,234
23463.487823,15.0067,15.0109,14.94,15.04,14.935,2026-08-03 18:15:00,218
13388.854435,14.9925,14.94,15.015,15.0201,14.94,2026-08-03 18:16:00,176
6785.463658,15.0271,15.02,15.0292,15.05,15.015,2026-08-03 18:17:00,113
7057.452956,15.0454,15.02,15.06,15.07,15.02,2026-08-03 18:18:00,133
5759.0,15.0301,15.04,15.025,15.04,15.025,2026-08-03 18:19:00,143
5876.125429,15.0057,15.025,14.975,15.025,14.9588,2026-08-03 18:20:00,145
12765.51562,14.9797,14.9669,15.0,15.0,14.9625,2026-08-03 18:21:00,120
6180.998422,15.0057,14.99,15.0196,15.0196,14.99,2026-08-03 18:22:00,139
16210.0,14.9789,15.01,14.98,15.01,14.95,2026-08-03 18:23:00,212
2712.661382,15.0029,15.0,15.0,15.005,14.99,2026-08-03 18:24:00,89
6674.331556,14.9979,15.0,14.97,15.02,14.97,2026-08-03 18:25:00,131
2324.0,14.9842,14.98,14.98,14.985,14.98,2026-08-03 18:26:00,90
5214.0,14.9623,14.98,14.9503,14.98,14.94,2026-08-03 18:27:00,87
17671.347,14.9693,14.955,14.985,14.985,14.95,2026-08-03 18:28:00,218
5395.0,14.9764,14.99,14.95,15.0,14.95,2026-08-03 18:29:00,167
9386.0,14.9793,14.9632,14.97,15.0,14.9632,2026-08-03 18:30:00,121
8739.405988,14.9926,14.98,15.0,15.005,14.98,2026-08-03 18:31:00,149
22197.335,14.9952,15.01,15.02,15.02,14.98,2026-08-03 18:32:00,271
12130.347,15.0091,15.0129,15.04,15.04,14.98,2026-08-03 18:33:00,180
15864.1785,15.0619,15.05,15.077,15.08,15.0428,2026-08-03 18:34:00,199
30228.0,15.042,15.07,15.0,15.07,15.0,2026-08-03 18:35:00,489
5099.0,14.9861,15.0,14.97,15.0,14.96,2026-08-03 18:36:00,94
2041.0,14.9812,14.97,14.9983,14.9983,14.97,2026-08-03 18:37:00,44
5357.418152,14.9863,14.99,14.97,14.99,14.97,2026-08-03 18:38:00,114
7215.0,14.9748,14.98,14.955,14.99,14.95,2026-08-03 18:39:00,130
2294.0,14.9617,14.95,14.96,14.96,14.95,2026-08-03 18:40:00,94
6932.0,14.9652,14.96,14.9752,14.9752,14.955,2026-08-03 18:41:00,137
5146.0,14.9528,14.97,14.95,14.97,14.94,2026-08-03 18:42:00,70
4981.0,14.9478,14.945,14.955,14.955,14.94,2026-08-03 18:43:00,95
5421.0,14.9651,14.955,14.97,14.975,14.9501,2026-08-03 18:44:00,103
4473.512115,14.9732,14.97,14.97,14.98,14.97,2026-08-03 18:45:00,81
14735.0,14.9635,14.97,14.97,14.985,14.94,2026-08-03 18:46:00,193
3235.0,14.969,14.9601,14.985,14.985,14.96,2026-08-03 18:47:00,81
9481.0,14.9833,14.98,14.975,14.995,14.97,2026-08-03 18:48:00,154
7630.0,14.9911,14.98,15.005,15.01,14.98,2026-08-03 18:49:00,147
9425.0,14.9849,15.005,14.965,15.0099,14.96,2026-08-03 18:50:00,144
9427.366565,14.9351,14.9635,14.93,14.9635,14.92,2026-08-03 18:51:00,183
4754.8472,14.9517,14.94,14.965,14.965,14.94,2026-08-03 18:52:00,137
3753.709765,14.9711,14.975,14.95,14.975,14.95,2026-08-03 18:53:00,91
1813.0,14.9588,14.97,14.955,14.97,14.955,2026-08-03 18:54:00,64
15584.0,14.9466,14.955,14.95,14.955,14.93,2026-08-03 18:55:00,164
5584.0,14.9461,14.955,14.935,14.955,14.935,2026-08-03 18:56:00,103
8318.0,14.9411,14.9399,14.945,14.945,14.93,2026-08-03 18:57:00,113
1796.0,14.9454,14.945,14.945,14.945,14.945,2026-08-03 18:58:00,78
9972.0,14.9274,14.945,14.93,14.945,14.9,2026-08-03 18:59:00,191
21605.0,15.0165,14.94,15.04,15.08,14.94,2026-08-03 19:00:00,280
7701.782751,15.0716,15.05,15.095,15.095,15.05,2026-08-03 19:01:00,152
11457.893023,15.084,15.1,15.095,15.1,15.06,2026-08-03 19:02:00,165
13544.853908,15.1038,15.095,15.11,15.13,15.09,2026-08-03 19:03:00,183
5885.0,15.0944,15.115,15.08,15.115,15.07,2026-08-03 19:04:00,112
9894.0,15.0568,15.0708,15.045,15.08,15.03,2026-08-03 19:05:00,196
31351.9,15.048,15.05,15.06,15.065,15.02,2026-08-03 19:06:00,283
23537.0,15.0632,15.065,15.06,15.0764,15.05,2026-08-03 19:07:00,173
8009.0,15.0689,15.065,15.075,15.075,15.06,2026-08-03 19:08:00,121
22919.0,15.0725,15.075,15.07,15.08,15.05,2026-08-03 19:09:00,183
6523.7224,15.0867,15.075,15.095,15.1,15.075,2026-08-03 19:10:00,76
15818.80855,15.093,15.095,15.07,15.11,15.06,2026-08-03 19:11:00,180
12267.0,15.0677,15.075,15.06,15.075,15.0581,2026-08-03 19:12:00,179
11619.099579,15.0497,15.065,15.06,15.065,15.04,2026-08-03 19:13:00,227
17350.0,15.0451,15.06,15.05,15.065,15.03,2026-08-03 19:14:00,203
6122.0,15.0523,15.0501,15.055,15.06,15.05,2026-08-03 19:15:00,100
10255.0,15.0453,15.055,15.04,15.055,15.04,2026-08-03 19:16:00,149
4302.95957,15.0452,15.04,15.035,15.045,15.03,2026-08-03 19:17:00,88
20075.0,15.054,15.035,15.055,15.065,15.035,2026-08-03 19:18:00,206
14132.760364,15.0767,15.045,15.1096,15.1193,15.04,2026-08-03 19:19:00,192
14570.0,15.0795,15.1,15.07,15.11,15.06,2026-08-03 19:20:00,193
6478.0,15.0652,15.075,15.07,15.075,15.05,2026-08-03 19:21:00,125
1834.0,15.0716,15.075,15.07,15.0753,15.07,2026-08-03 19:22:00,76
15769.092325,15.0782,15.08,15.08,15.085,15.06,2026-08-03 19:23:00,213
9856.325732,15.0844,15.08,15.095,15.095,15.07,2026-08-03 19:24:00,135
8777.093853,15.1092,15.09,15.13,15.13,15.09,2026-08-03 19:25:00,198
17582.726,15.1126,15.1271,15.115,15.1271,15.1,2026-08-03 19:26:00,218
1494.0,15.1095,15.115,15.11,15.1279,15.1,2026-08-03 19:27:00,49
16515.0,15.147,15.13,15.155,15.1672,15.115,2026-08-03 19:28:00,249
14332.449646,15.19,15.16,15.21,15.225,15.16,2026-08-03 19:29:00,236
11157.0,15.2105,15.21,15.21,15.23,15.21,2026-08-03 19:30:00,141
15971.56367,15.2165,15.21,15.22,15.24,15.2,2026-08-03 19:31:00,220
6549.301225,15.2117,15.215,15.21,15.2299,15.2,2026-08-03 19:32:00,112
21175.445026,15.2456,15.22,15.28,15.28,15.22,2026-08-03 19:33:00,348
37000.643111,15.2995,15.275,15.295,15.325,15.275,2026-08-03 19:34:00,315
30023.0,15.2994,15.3,15.285,15.33,15.275,2026-08-03 19:35:00,372
18728.076628,15.2756,15.282,15.27,15.29,15.2601,2026-08-03 19:36:00,200
20280.0,15.2324,15.27,15.22,15.27,15.2,2026-08-03 19:37:00,221
19710.529936,15.2696,15.22,15.2527,15.3,15.22,2026-08-03 19:38:00,335
16152.958768,15.2707,15.27,15.265,15.3,15.24,2026-08-03 19:39:00,283
28592.8865,15.23,15.26,15.22,15.26,15.21,2026-08-03 19:40:00,291
17132.0,15.2127,15.22,15.225,15.23,15.2,2026-08-03 19:41:00,187
34185.0,15.3145,15.225,15.35,15.36,15.225,2026-08-03 19:42:00,430
27344.859709,15.3322,15.34,15.35,15.355,15.31,2026-08-03 19:43:00,410
16854.135354,15.361,15.35,15.36,15.385,15.35,2026-08-03 19:44:00,232
31121.178037,15.3656,15.365,15.38,15.3999,15.35,2026-08-03 19:45:00,412
15371.949317,15.3659,15.35,15.3877,15.4,15.35,2026-08-03 19:46:00,222
27811.038405,15.3957,15.4,15.37,15.42,15.36,2026-08-03 19:47:00,374
13118.545553,15.4001,15.37,15.425,15.435,15.37,2026-08-03 19:48:00,224
23227.0,15.4362,15.43,15.45,15.47,15.405,2026-08-03 19:49:00,348
41587.0,15.4058,15.44,15.4,15.44,15.38,2026-08-03 19:50:00,433
23641.9,15.4335,15.4,15.45,15.46,15.4,2026-08-03 19:51:00,292
40944.61498,15.4621,15.44,15.46,15.5,15.43,2026-08-03 19:52:00,461
28332.0,15.4418,15.46,15.43,15.4683,15.42,2026-08-03 19:53:00,477
46256.925331,15.4239,15.43,15.44,15.45,15.39,2026-08-03 19:54:00,654
42870.420046,15.4296,15.42,15.45,15.45,15.39,2026-08-03 19:55:00,541
70481.773719,15.4957,15.455,15.53,15.578,15.425,2026-08-03 19:56:00,829
107781.738,15.5564,15.52,15.605,15.62,15.5,2026-08-03 19:57:00,1030
123081.343622,15.6287,15.61,15.595,15.69,15.59,2026-08-03 19:58:00,1082
142516.254526,15.5829,15.595,15.595,15.61,15.505,2026-08-03 19:59:00,1218
2803.417382,15.5923,15.59,15.59,15.59,15.59,2026-08-03 20:00:00,16
1029.0,15.8885,15.9,15.9,15.9,15.9,2026-08-03 20:01:00,3
931.0,15.695,15.6,15.91,15.91,15.6,2026-08-03 20:02:00,8
1300.0,15.7642,15.91,15.65,15.91,15.65,2026-08-03 20:03:00,6
719.72357,15.4695,15.4007,15.4007,15.4007,15.4007,2026-08-03 20:04:00,18
19718.0,16.5631,15.4,17.2843,17.38,15.4,2026-08-03 20:05:00,107
26657.0,17.7056,17.2628,17.68,18.85,16.81,2026-08-03 20:06:00,305
26554.284357,17.8832,17.945,17.15,18.4,17.15,2026-08-03 20:07:00,215
12157.0,17.0478,17.13,16.7641,17.42,16.7641,2026-08-03 20:08:00,186
16669.0,17.152,16.7753,16.97,17.5559,16.7753,2026-08-03 20:09:00,177
2908.630931,17.1169,17.0,17.15,17.214,17.0,2026-08-03 20:10:00,90
25672.632857,17.6925,17.142,18.0127,18.23,17.142,2026-08-03 20:11:00,328
11658.0,17.9882,18.1,18.0,18.1299,17.79,2026-08-03 20:12:00,136
5598.0,17.8897,17.81,18.0,18.0,17.701,2026-08-03 20:13:00,77
3295.0,18.0131,18.15,17.94,18.15,17.94,2026-08-03 20:14:00,63
4994.0,17.6992,17.85,17.62,17.85,17.61,2026-08-03 20:15:00,68
5710.0,17.7531,17.7,17.84,17.8723,17.7,2026-08-03 20:16:00,76
18428.0,17.8007,17.89,17.7525,17.9,17.691,2026-08-03 20:17:00,119
10210.709237,17.9324,17.64,17.98,18.05,17.64,2026-08-03 20:18:00,139
12369.0,18.1637,17.9008,18.034,18.2494,17.9008,2026-08-03 20:19:00,114
17669.0,18.2492,18.2,18.38,18.4,18.1,2026-08-03 20:20:00,172
6589.0,18.3036,18.2553,18.32,18.3413,18.2458,2026-08-03 20:21:00,128
10600.301324,18.174,18.21,18.3,18.31,18.03,2026-08-03 20:22:00,265
1229.0,18.2446,18.25,18.2195,18.27,18.2195,2026-08-03 20:23:00,46
2985.0,18.1595,18.05,18.15,18.25,18.05,2026-08-03 20:24:00,35
3524.0,18.1956,18.24,18.2062,18.25,18.1,2026-08-03 20:25:00,60
1792.0,18.206,18.203,18.22,18.23,18.1853,2026-08-03 20:26:00,30
3873.0,18.263,18.25,18.26,18.3,18.25,2026-08-03 20:27:00,91
2287.0,18.2461,18.2576,18.27,18.27,18.19,2026-08-03 20:28:00,32
9688.0,18.2703,18.26,18.34,18.34,18.2005,2026-08-03 20:29:00,64
66560.0,18.6192,18.32,18.69,19.05,18.32,2026-08-03 20:30:00,559
17638.0,18.848,18.69,19.182,19.182,18.5387,2026-08-03 20:31:00,333
7975.0,18.9038,19.04,18.9876,19.04,18.76,2026-08-03 20:32:00,221
23177.590158,18.9916,18.93,19.1773,19.189,18.6709,2026-08-03 20:33:00,288
25524.0,18.8137,19.17,18.6,19.2,18.459,2026-08-03 20:34:00,275
5737.62242,18.611,18.6,18.6052,18.6739,18.58,2026-08-03 20:35:00,119
5641.574933,18.7114,18.51,18.75,18.754,18.51,2026-08-03 20:36:00,105
2153.0,18.6532,18.69,18.51,18.75,18.51,2026-08-03 20:37:00,64
9225.0,18.3943,18.6288,18.31,18.6288,18.25,2026-08-03 20:38:00,108
6638.0,18.3059,18.37,18.38,18.5,18.25,2026-08-03 20:39:00,124
2063.0,18.4329,18.48,18.4152,18.48,18.3792,2026-08-03 20:40:00,29
10912.0,18.2641,18.37,18.0,18.3963,18.0,2026-08-03 20:41:00,74
3621.0,18.1894,18.01,18.28,18.28,18.01,2026-08-03 20:42:00,77
1474.0,18.348,18.5,18.29,18.5,18.28,2026-08-03 20:43:00,23
6480.0,18.4203,18.37,18.5105,18.5105,18.25,2026-08-03 20:44:00,25
559.55573,18.3288,18.33,18.2431,18.33,18.2431,2026-08-03 20:45:00,17
1978.034428,18.2341,18.33,18.3,18.33,18.21,2026-08-03 20:46:00,19
436.0,18.4373,18.4477,18.44,18.4477,18.44,2026-08-03 20:47:00,9
724.0,18.4161,18.3365,18.4249,18.4249,18.3365,2026-08-03 20:48:00,10
1401.0,18.4747,18.5,18.4,18.5,18.4,2026-08-03 20:49:00,10
504.0,18.49,18.5,18.45,18.5,18.45,2026-08-03 20:50:00,18
1489.0,18.6488,18.6434,18.6434,18.8631,18.6434,2026-08-03 20:51:00,34
11511.0,18.6507,18.7,18.42,18.7,18.42,2026-08-03 20:52:00,72
380.0,18.4764,18.3722,18.5,18.51,18.3722,2026-08-03 20:54:00,14
2253.0,18.5278,18.6,18.38,18.6,18.38,2026-08-03 20:55:00,12
2805.0,18.5792,18.589,18.49,18.6,18.49,2026-08-03 20:56:00,12
4957.0,18.5984,18.5541,18.6,18.6,18.5541,2026-08-03 20:57:00,41
709.0,18.5925,18.6,18.6,18.6,18.59,2026-08-03 20:58:00,23
2453.0,18.565,18.56,18.55,18.68,18.55,2026-08-03 20:59:00,28
834.0,18.4967,18.4465,18.5,18.55,18.4465,2026-08-03 21:00:00,13
899.0,18.5061,18.55,18.4,18.55,18.4,2026-08-03 21:01:00,15
3321.0,18.4032,18.55,18.4731,18.55,18.331,2026-08-03 21:02:00,38
1986.0,18.42,18.5,18.5,18.5,18.3129,2026-08-03 21:03:00,30
1817.0,18.4228,18.5,18.4,18.5,18.35,2026-08-03 21:04:00,12
6291.0,18.2913,18.3095,18.26,18.31,18.25,2026-08-03 21:06:00,35
1323.0,18.2593,18.26,18.26,18.26,18.26,2026-08-03 21:07:00,18
571.0,18.2598,18.26,18.26,18.26,18.26,2026-08-03 21:08:00,7
722.0,18.2061,18.1218,18.25,18.25,18.1218,2026-08-03 21:11:00,15
276.0,18.2294,18.2384,18.2384,18.2384,18.2384,2026-08-03 21:12:00,27
1684.0,18.1426,18.1176,18.1016,18.24,18.1,2026-08-03 21:13:00,12
10332.0,18.0483,18.11,18.0139,18.172,18.0,2026-08-03 21:14:00,60
546.0,18.0208,18.0195,18.0195,18.0195,18.0195,2026-08-03 21:15:00,5
3211.0,18.0484,18.0208,18.05,18.1512,18.02,2026-08-03 21:16:00,25
3463.0,18.0807,18.11,18.16,18.16,18.05,2026-08-03 21:17:00,36
4367.0,18.1953,18.17,18.25,18.25,18.17,2026-08-03 21:18:00,61
484.0,18.3557,18.36,18.36,18.36,18.36,2026-08-03 21:19:00,8
531.0,18.3326,18.33,18.33,18.33,18.33,2026-08-03 21:20:00,8
2231.0,18.2098,18.27,18.17,18.27,18.15,2026-08-03 21:21:00,25
3624.0,18.2079,18.23,18.2292,18.23,18.1565,2026-08-03 21:22:00,37
1779.0,18.2544,18.15,18.3103,18.3103,18.15,2026-08-03 21:23:00,13
2304.0,18.079,18.15,18.1418,18.15,18.05,2026-08-03 21:24:00,16
1619.0,18.0728,18.05,18.1,18.119,18.05,2026-08-03 21:25:00,9
1416.0,18.1123,18.11,18.12,18.12,18.11,2026-08-03 21:26:00,22
324.0,18.1114,18.0866,18.0866,18.0866,18.0866,2026-08-03 21:27:00,9
357.0,18.088,18.08,18.08,18.08,18.08,2026-08-03 21:29:00,11
2326.0,18.1241,18.15,18.1,18.15,18.1,2026-08-03 21:30:00,30
518.0497,18.1503,18.15,18.15,18.15,18.15,2026-08-03 21:31:00,6
1467.0,18.2117,18.18,18.23,18.23,18.18,2026-08-03 21:32:00,11
3922.0,18.2422,18.25,18.15,18.25,18.15,2026-08-03 21:33:00,7
138.0,18.2983,18.3293,18.3293,18.3293,18.3293,2026-08-03 21:34:00,6
191.0,18.2112,18.23,18.23,18.23,18.23,2026-08-03 21:35:00,5
2035.0,18.3424,18.3,18.4,18.4,18.3,2026-08-03 21:36:00,21
2185.0,18.3903,18.44,18.3012,18.45,18.3012,2026-08-03 21:37:00,16
1024.0,18.3314,18.343,18.25,18.343,18.25,2026-08-03 21:40:00,6
1004.0,18.2723,18.2721,18.2721,18.2721,18.2721,2026-08-03 21:43:00,3
1012.0,18.2934,18.3525,18.3,18.3525,18.28,2026-08-03 21:44:00,11
912.0,18.2401,18.26,18.21,18.26,18.21,2026-08-03 21:45:00,9
304.0,18.0949,18.09,18.09,18.09,18.09,2026-08-03 21:46:00,4
1023.0,18.115,18.1122,18.1122,18.1122,18.1122,2026-08-03 21:47:00,4
200.0,18.225,18.15,18.3,18.3,18.15,2026-08-03 21:52:00,2
1269.0,18.3376,18.3466,18.3354,18.3466,18.3354,2026-08-03 21:53:00,8
712.0,18.1752,18.1607,18.21,18.21,18.1607,2026-08-03 21:56:00,3
1015.0,18.2135,18.21,18.21,18.21,18.21,2026-08-03 21:59:00,14
400.0,18.2819,18.2792,18.29,18.29,18.2792,2026-08-03 22:00:00,2
143.0,18.2866,18.29,18.29,18.29,18.29,2026-08-03 22:01:00,8
614.0,18.273,18.26,18.2852,18.2852,18.26,2026-08-03 22:02:00,4
830.0,18.2118,18.23,18.16,18.23,18.16,2026-08-03 22:04:00,9
185.0,18.1784,18.16,18.16,18.16,18.16,2026-08-03 22:05:00,3
417.0,18.2196,18.22,18.22,18.22,18.22,2026-08-03 22:06:00,3
968.0,18.2078,18.21,18.2,18.21,18.2,2026-08-03 22:08:00,7
1146.0,18.198,18.2,18.2,18.2,18.16,2026-08-03 22:10:00,9
252.0,18.2201,18.22,18.22,18.22,18.22,2026-08-03 22:14:00,5
319.0,18.2078,18.22,18.22,18.22,18.22,2026-08-03 22:15:00,7
771.0,18.1264,18.1923,18.09,18.1923,18.09,2026-08-03 22:17:00,16
685.0,18.0406,18.0394,18.0394,18.0394,18.0394,2026-08-03 22:21:00,4
693.0,18.1849,18.11,18.2,18.2,18.11,2026-08-03 22:22:00,8
349.0,18.226,18.22,18.22,18.22,18.22,2026-08-03 22:23:00,11
1132.0,18.3034,18.29,18.32,18.32,18.29,2026-08-03 22:30:00,12
602.0,18.3294,18.33,18.33,18.33,18.33,2026-08-03 22:31:00,4
257.639203,18.3006,18.3,18.3,18.3,18.3,2026-08-03 22:33:00,7
798.0,18.2962,18.2919,18.3,18.3,18.2919,2026-08-03 22:34:00,7
108.0,18.2037,18.2,18.2,18.2,18.2,2026-08-03 22:36:00,2
308.0,18.345,18.36,18.36,18.36,18.36,2026-08-03 22:37:00,8
6011.0,18.4957,18.45,18.5858,18.5858,18.44,2026-08-03 22:38:00,38
1410.0,18.5763,18.52,18.6,18.6,18.52,2026-08-03 22:39:00,21
366.0,18.4956,18.59,18.34,18.59,18.34,2026-08-03 22:40:00,7
13335.0,18.5195,18.4,18.5,18.6,18.4,2026-08-03 22:42:00,18
3267.0,18.5292,18.5,18.5,18.5955,18.5,2026-08-03 22:43:00,43
1332.0,18.5946,18.58,18.6,18.6,18.58,2026-08-03 22:45:00,6
1178.0,18.5273,18.54,18.53,18.54,18.53,2026-08-03 22:47:00,10
134.0,18.4833,18.5,18.5,18.5,18.5,2026-08-03 22:51:00,6
539.0,18.3559,18.356,18.356,18.356,18.356,2026-08-03 22:56:00,3
300.0,18.42,18.42,18.42,18.42,18.42,2026-08-03 22:57:00,1
225.0,18.4437,18.45,18.45,18.45,18.45,2026-08-03 22:59:00,3
1692.0,18.3817,18.4,18.4416,18.4416,18.35,2026-08-03 23:00:00,12
221.0,18.3511,18.3509,18.3509,18.3509,18.3509,2026-08-03 23:01:00,4
4194.0,18.3412,18.35,18.3893,18.3893,18.34,2026-08-03 23:13:00,7
1185.0,18.3729,18.3868,18.3868,18.3868,18.3868,2026-08-03 23:15:00,7
3120.0,18.3536,18.2,18.3606,18.3606,18.2,2026-08-03 23:16:00,5
963.0,18.3267,18.3,18.33,18.34,18.3,2026-08-03 23:18:00,11
200.0,18.39,18.39,18.39,18.39,18.39,2026-08-03 23:20:00,2
102.0,18.2016,18.2,18.2,18.2,18.2,2026-08-03 23:33:00,3
132.681216,18.3443,18.23,18.23,18.23,18.23,2026-08-03 23:34:00,7
2882.0,18.2127,18.23,18.2,18.23,18.2,2026-08-03 23:35:00,10
100.0,18.37,18.37,18.37,18.37,18.37,2026-08-03 23:38:00,1
905.0,18.3049,18.31,18.3,18.31,18.3,2026-08-03 23:43:00,13
1770.0,18.2708,18.23,18.282,18.2867,18.23,2026-08-03 23:44:00,11
311.0,18.2888,18.2888,18.2888,18.2888,18.2888,2026-08-03 23:45:00,4
1230.0,18.2333,18.23,18.24,18.25,18.22,2026-08-03 23:47:00,15
285.0,18.254,18.28,18.28,18.28,18.28,2026-08-03 23:48:00,5
5252.0,18.2883,18.2761,18.2889,18.2889,18.2761,2026-08-03 23:51:00,4
3326.0,18.2882,18.2886,18.2886,18.2886,18.2886,2026-08-03 23:52:00,4
342.0,18.245,18.25,18.25,18.25,18.25,2026-08-03 23:53:00,6
2980.0,18.3054,18.29,18.22,18.49,18.22,2026-08-03 23:54:00,15
1228.0,18.2515,18.33,18.21,18.33,18.21,2026-08-03 23:55:00,13
892.0,18.2088,18.21,18.21,18.21,18.21,2026-08-03 23:57:00,19
1285.0,18.2127,18.25,18.2025,18.25,18.2,2026-08-03 23:58:00,11
1130.0,18.2463,18.2461,18.25,18.25,18.2461,2026-08-03 23:59:00,8
2831.0,18.3543,18.5,18.5,18.69,18.06,2026-08-04 08:00:00,73
3326.0,18.2895,18.17,18.36,18.36,18.12,2026-08-04 08:01:00,60
965.0,18.6366,18.7,18.7,18.7,18.7,2026-08-04 08:02:00,30
264.0,18.3159,18.43,18.43,18.43,18.43,2026-08-04 08:03:00,4
603.0,18.0873,18.05,18.29,18.29,18.04,2026-08-04 08:21:00,8
237.0,18.1565,18.29,18.29,18.29,18.29,2026-08-04 08:26:00,8
772.0,18.0049,18.0035,18.0035,18.0035,18.0035,2026-08-04 08:30:00,3
391.0,18.0215,18.02,18.02,18.02,18.02,2026-08-04 08:31:00,8
313.0,18.0496,18.05,18.05,18.05,18.05,2026-08-04 08:42:00,3
501.0,18.04,18.04,18.04,18.04,18.04,2026-08-04 08:48:00,2
189.0,18.21,18.21,18.21,18.21,18.21,2026-08-04 09:09:00,1
346.0,18.2097,18.21,18.21,18.21,18.21,2026-08-04 09:26:00,4
10561.0,18.006,18.07,18.0,18.07,18.0,2026-08-04 09:27:00,54
342.0,17.5669,17.55,17.55,17.55,17.55,2026-08-04 09:28:00,11
101.0,17.9928,17.99,17.99,17.99,17.99,2026-08-04 09:31:00,2
123.0,17.9718,17.99,17.99,17.99,17.99,2026-08-04 09:32:00,3
340.0,18.0558,18.2,18.0,18.2,18.0,2026-08-04 09:48:00,8
399.0,17.9725,17.98,17.95,17.98,17.95,2026-08-04 09:52:00,2
455.0,18.0045,18.0,18.01,18.01,18.0,2026-08-04 09:53:00,3
138.0,18.0618,18.03,18.03,18.03,18.03,2026-08-04 09:58:00,3
702.0,18.0098,18.03,18.0,18.03,18.0,2026-08-04 09:59:00,5
5008.0,18.18,18.18,18.18,18.18,18.18,2026-08-04 10:06:00,2
6638.0,18.3774,18.2,18.55,18.55,18.2,2026-08-04 10:07:00,53
752.0,18.4733,18.45,18.5,18.5,18.45,2026-08-04 10:10:00,4
2703.0,18.6057,18.51,18.69,18.69,18.5,2026-08-04 10:11:00,18
683.0,18.7749,18.77,18.8,18.8,18.77,2026-08-04 10:13:00,9
839.033084,18.8001,18.74,18.8,18.8,18.74,2026-08-04 10:15:00,19
233.0,18.817,18.7963,18.85,18.85,18.7963,2026-08-04 10:18:00,4
120.0,18.8411,18.85,18.85,18.85,18.85,2026-08-04 10:19:00,3
327.0,18.7859,18.79,18.79,18.79,18.79,2026-08-04 10:21:00,5
202.0,18.4711,18.469,18.469,18.469,18.469,2026-08-04 10:23:00,3
503.0,18.6613,18.69,18.69,18.69,18.69,2026-08-04 10:24:00,11
170.0,18.7039,18.7,18.7,18.7,18.7,2026-08-04 10:25:00,6
972.0,18.7621,18.79,18.8,18.8,18.74,2026-08-04 10:28:00,9
352.0,18.5698,18.57,18.57,18.57,18.57,2026-08-04 10:39:00,4
1587.0,18.5731,18.57,18.5734,18.5734,18.57,2026-08-04 10:40:00,3
100.0,18.85,18.85,18.85,18.85,18.85,2026-08-04 10:50:00,1
202.0,18.6995,18.7,18.7,18.7,18.7,2026-08-04 10:54:00,3
1065.0,18.8429,18.842,18.842,18.842,18.842,2026-08-04 10:57:00,3
200.0,18.59,18.59,18.59,18.59,18.59,2026-08-04 10:58:00,2
153.0,18.5318,18.51,18.51,18.51,18.51,2026-08-04 10:59:00,4
1162.0,18.6123,18.51,18.7,18.7,18.51,2026-08-04 11:00:00,15
2681.0,18.5723,18.6884,18.45,18.6884,18.45,2026-08-04 11:01:00,17
340.0,18.4474,18.44,18.44,18.44,18.44,2026-08-04 11:02:00,4
156.0,18.4103,18.4,18.4,18.4,18.4,2026-08-04 11:03:00,5
300.0,18.3733,18.28,18.42,18.42,18.28,2026-08-04 11:04:00,2
1448.0,18.3473,18.28,18.3768,18.3768,18.26,2026-08-04 11:06:00,6
173.0,18.3949,18.4,18.4,18.4,18.4,2026-08-04 11:07:00,5
1214.0,18.2018,18.25,18.11,18.25,18.11,2026-08-04 11:10:00,8
500.0,18.1042,18.09,18.08,18.09,18.08,2026-08-04 11:12:00,4
1476.826373,18.175,18.19,18.12,18.2,18.12,2026-08-04 11:13:00,25
175.0,18.3486,18.35,18.35,18.35,18.35,2026-08-04 11:17:00,3
242.0,18.3765,18.3743,18.3743,18.3743,18.3743,2026-08-04 11:19:00,5
1555.0,18.3191,18.322,18.322,18.322,18.322,2026-08-04 11:29:00,8
165.0,18.2594,18.26,18.26,18.26,18.26,2026-08-04 11:30:00,2
946.0,18.2718,18.25,18.26,18.26,18.25,2026-08-04 11:32:00,15
602.0,18.2601,18.26,18.26,18.26,18.26,2026-08-04 11:33:00,4
1870.0,18.408,18.36,18.5,18.5,18.36,2026-08-04 11:34:00,13
143.0,18.4941,18.4993,18.4993,18.4993,18.4993,2026-08-04 11:37:00,6
824.0,18.495,18.5,18.5,18.5,18.5,2026-08-04 11:38:00,26
162.0,18.49,18.49,18.49,18.49,18.49,2026-08-04 11:42:00,1
1031.0,18.397,18.4,18.4,18.4,18.4,2026-08-04 11:48:00,4
1511.0,18.4987,18.5,18.5,18.5,18.5,2026-08-04 11:49:00,3
109.0,18.4763,18.4777,18.4777,18.4777,18.4777,2026-08-04 11:51:00,3
1512.0,18.4951,18.5,18.5,18.5,18.5,2026-08-04 11:54:00,6
1014.0,18.6093,18.61,18.61,18.61,18.61,2026-08-04 11:58:00,6
285.0,18.6135,18.6,18.6,18.6,18.6,2026-08-04 11:59:00,9
4744.0,18.7374,18.6932,18.75,18.75,18.6932,2026-08-04 12:02:00,24
581.0,18.75,18.75,18.75,18.75,18.75,2026-08-04 12:03:00,3
2343.0,18.7502,18.75,18.75,18.75,18.75,2026-08-04 12:04:00,19
1877.0,18.7238,18.75,18.7,18.76,18.7,2026-08-04 12:05:00,33
1011.0,18.7343,18.7355,18.7355,18.7355,18.7355,2026-08-04 12:07:00,3
231.0,18.6868,18.6895,18.6895,18.6895,18.6895,2026-08-04 12:09:00,4
1509.0,18.5932,18.61,18.59,18.61,18.55,2026-08-04 12:11:00,17
158.0,18.5291,18.5623,18.5623,18.5623,18.5623,2026-08-04 12:12:00,2
229.0,18.5129,18.5351,18.5351,18.5351,18.5351,2026-08-04 12:14:00,3
105.0,18.5,18.5,18.5,18.5,18.5,2026-08-04 12:17:00,2
333.0,18.2842,18.2836,18.2836,18.2836,18.2836,2026-08-04 12:18:00,3
228.0,18.4152,18.5,18.5,18.5,18.5,2026-08-04 12:19:00,5
845.0,18.5666,18.59,18.5198,18.59,18.5198,2026-08-04 12:21:00,9
100.0,18.675,18.675,18.675,18.675,18.675,2026-08-04 12:22:00,1
265.0,18.6648,18.66,18.66,18.66,18.66,2026-08-04 12:23:00,11
616.0,18.6153,18.6,18.6,18.6,18.6,2026-08-04 12:25:00,4
400.0,18.7379,18.74,18.7266,18.74,18.7266,2026-08-04 12:31:00,9
13044.0,18.7715,18.75,18.98,18.98,18.74,2026-08-04 12:32:00,24
2341.0,18.9675,18.92,19.0,19.0,18.84,2026-08-04 12:33:00,30
7544.0,19.1388,19.15,19.2,19.3,19.0,2026-08-04 12:34:00,51
2371.0,19.1317,19.13,19.1595,19.262,19.11,2026-08-04 12:35:00,35
960.0,19.2226,19.268,19.1335,19.3,19.1335,2026-08-04 12:36:00,19
479.0,19.1536,19.15,19.1348,19.15,19.1348,2026-08-04 12:37:00,29
361.0,19.2378,19.254,19.2514,19.254,19.2514,2026-08-04 12:38:00,14
1327.0,19.1045,19.11,18.9597,19.12,18.9597,2026-08-04 12:39:00,50
118.0,19.0681,19.0846,19.0846,19.0846,19.0846,2026-08-04 12:42:00,5
616.0,19.0608,19.0962,19.0682,19.0962,19.0012,2026-08-04 12:44:00,9
1082.0,19.1571,19.1,19.06,19.2,19.06,2026-08-04 12:45:00,12
800.0,19.1095,19.1,19.1,19.1,19.1,2026-08-04 12:47:00,17
1733.0,19.1847,19.1887,19.18,19.1887,19.18,2026-08-04 12:48:00,8
209.0,19.0722,19.0681,19.0681,19.0681,19.0681,2026-08-04 12:49:00,4
417.0,19.0731,19.0732,19.0732,19.0732,19.0732,2026-08-04 12:50:00,2
1899.0,19.065,19.07,19.1493,19.1493,19.05,2026-08-04 12:51:00,9
576.0,19.063,19.05,19.05,19.05,19.05,2026-08-04 12:55:00,11
1005.0,19.0028,19.0,19.0,19.01,19.0,2026-08-04 12:56:00,7
534.0,19.125,19.13,19.13,19.13,19.13,2026-08-04 12:57:00,6
250.0,19.1243,19.1299,19.1299,19.1299,19.1299,2026-08-04 12:58:00,6
1561.0,19.027,19.04,19.0,19.04,19.0,2026-08-04 12:59:00,10
607.0,18.941,18.95,18.9,19.0,18.9,2026-08-04 13:00:00,9
2105.0,19.0505,19.0,19.04,19.069,19.0,2026-08-04 13:01:00,10
844.0,19.0011,19.01,19.0,19.01,19.0,2026-08-04 13:02:00,14
309.0,18.9997,19.0,19.0,19.0,19.0,2026-08-04 13:03:00,4
1562.0,18.9915,19.0,18.9877,19.0,18.9,2026-08-04 13:04:00,11
2431.0,18.9502,18.95,18.95,18.95,18.95,2026-08-04 13:05:00,17
2184.0,18.9534,18.95,18.96,18.96,18.94,2026-08-04 13:06:00,15
1715.164311,18.9978,19.0,18.96,19.0,18.96,2026-08-04 13:07:00,14
212.0,19.0519,19.05,19.05,19.05,19.05,2026-08-04 13:08:00,4
1370.0,19.0596,19.05,19.0542,19.0542,19.05,2026-08-04 13:09:00,12
1690.0,19.1493,19.15,19.081,19.15,19.081,2026-08-04 13:11:00,16
122.0,19.2402,19.24,19.24,19.24,19.24,2026-08-04 13:13:00,3
359.0,19.217,19.2378,19.23,19.2378,19.23,2026-08-04 13:14:00,9
533.0,19.2059,19.214,19.2079,19.214,19.2079,2026-08-04 13:15:00,25
27908.0,19.2802,19.23,19.36,19.37,19.19,2026-08-04 13:16:00,165
9136.013292,19.5962,19.48,19.7,19.71,19.48,2026-08-04 13:17:00,160
5097.0,19.6767,19.73,19.6846,19.77,19.56,2026-08-04 13:18:00,61
956.0,19.6572,19.69,19.64,19.69,19.63,2026-08-04 13:19:00,20
3209.0,19.6215,19.57,19.56,19.69,19.56,2026-08-04 13:20:00,39
4525.0,19.7265,19.7,19.7124,19.78,19.7,2026-08-04 13:21:00,25
5991.0,19.7251,19.7642,19.61,19.78,19.61,2026-08-04 13:22:00,61
463.0,19.6034,19.6,19.585,19.6,19.585,2026-08-04 13:23:00,14
597.0,19.6048,19.6,19.63,19.63,19.58,2026-08-04 13:24:00,9
2928.0,19.4803,19.58,19.48,19.58,19.2339,2026-08-04 13:25:00,60
266.0,19.3873,19.36,19.36,19.36,19.36,2026-08-04 13:26:00,7
19357.0,19.9594,19.55,19.9,20.24,19.55,2026-08-04 13:27:00,197
2043.0,20.1732,20.24,20.18,20.24,20.12,2026-08-04 13:28:00,42
35972.0,20.0447,20.24,20.19,20.28,19.81,2026-08-04 13:29:00,174
409199.038321,20.547,20.16,21.575,21.7499,20.1,2026-08-04 13:30:00,1566
253841.036927,22.1588,21.52,22.72,22.8875,21.52,2026-08-04 13:31:00,2046
335308.897888,23.3142,22.76,23.85,23.99,22.2605,2026-08-04 13:32:00,2911
371853.788516,22.9028,23.825,22.23,23.88,22.21,2026-08-04 13:33:00,3066
203240.710201,22.4298,22.22,22.525,22.84,22.0601,2026-08-04 13:34:00,1427
160363.017944,22.9883,22.48,23.4525,23.5,22.47,2026-08-04 13:35:00,1581
157452.510799,23.3086,23.455,23.084,23.4996,23.0724,2026-08-04 13:36:00,1747
68562.331558,23.1303,23.12,23.1988,23.3,22.88,2026-08-04 13:37:00,888
108404.833064,23.1442,23.165,23.26,23.3689,22.86,2026-08-04 13:38:00,1300
69506.589993,22.8585,23.205,22.6193,23.205,22.61,2026-08-04 13:39:00,790
93043.24782,22.7363,22.66,22.59,23.0,22.5,2026-08-04 13:40:00,842
230724.987925,22.9155,22.615,23.17,23.27,22.35,2026-08-04 13:41:00,1767
153614.303782,23.3489,23.11,23.6494,23.65,23.02,2026-08-04 13:42:00,1189
132671.440935,23.4356,23.62,23.505,23.65,23.25,2026-08-04 13:43:00,1007
179513.988693,23.5047,23.505,23.0292,23.79,23.0292,2026-08-04 13:44:00,1307
76582.02407,23.3513,23.125,23.56,23.56,23.0902,2026-08-04 13:45:00,696
148521.065284,23.436,23.5,23.305,23.66,23.24,2026-08-04 13:46:00,1027
42278.524071,23.293,23.36,23.32,23.4353,23.08,2026-08-04 13:47:00,517
44499.989606,23.223,23.3,23.365,23.47,23.01,2026-08-04 13:48:00,616
87999.363875,23.1155,23.37,23.17,23.41,22.89,2026-08-04 13:49:00,937
26024.362833,23.2005,23.17,23.24,23.29,23.12,2026-08-04 13:50:00,349
28220.614274,23.2888,23.29,23.1,23.37,23.1,2026-08-04 13:51:00,356
27505.768585,23.1646,23.2616,23.1555,23.2616,23.05,2026-08-04 13:52:00,349
49607.809058,23.2211,23.23,23.25,23.4,23.05,2026-08-04 13:53:00,507
51681.776377,23.1278,23.25,23.23,23.28,22.98,2026-08-04 13:54:00,573
45422.95034,23.3381,23.29,23.19,23.5,23.06,2026-08-04 13:55:00,507
43064.399617,23.3121,23.1462,23.28,23.47,23.1462,2026-08-04 13:56:00,417
24053.619777,23.2308,23.2897,23.27,23.33,23.1001,2026-08-04 13:57:00,333
46840.320341,23.2829,23.31,23.255,23.37,23.2,2026-08-04 13:58:00,399
124119.194328,23.2013,23.28,23.17,23.37,23.0875,2026-08-04 13:59:00,619
28842.833923,23.1938,23.17,23.21,23.29,23.1066,2026-08-04 14:00:00,413
75682.952832,23.3404,23.215,23.335,23.4332,23.13,2026-08-04 14:01:00,626
47789.386627,23.2627,23.32,23.3964,23.3964,23.2001,2026-08-04 14:02:00,325
105506.430219,23.4744,23.4,23.41,23.65,23.33,2026-08-04 14:03:00,788
64579.365527,23.4273,23.405,23.4379,23.55,23.31,2026-08-04 14:04:00,532
57739.681801,23.3647,23.43,23.28,23.52,23.21,2026-08-04 14:05:00,399
49779.344899,23.2608,23.27,23.32,23.35,23.18,2026-08-04 14:06:00,470
25561.833826,23.3096,23.305,23.31,23.38,23.2401,2026-08-04 14:07:00,334
63849.238281,23.1465,23.2801,23.05,23.295,23.04,2026-08-04 14:08:00,642
105765.209466,22.9353,23.04,23.15,23.15,22.75,2026-08-04 14:09:00,780
37849.622472,23.0685,23.125,23.0617,23.2099,22.89,2026-08-04 14:10:00,447
18952.361455,23.068,23.075,22.9494,23.16,22.9494,2026-08-04 14:11:00,245
36125.127125,22.9826,22.965,22.9925,23.05,22.92,2026-08-04 14:12:00,360
40580.785197,22.8184,22.98,22.76,22.98,22.71,2026-08-04 14:13:00,356
37833.986848,22.8247,22.7895,22.795,22.97,22.745,2026-08-04 14:14:00,483
36582.387048,22.7793,22.7701,22.83,22.8684,22.7,2026-08-04 14:15:00,427
14388.311923,22.8636,22.925,22.77,22.95,22.77,2026-08-04 14:16:00,225
10981.788499,22.8237,22.81,22.85,22.88,22.75,2026-08-04 14:17:00,194
17711.350709,22.8373,22.85,22.775,22.89,22.775,2026-08-04 14:18:00,246
15323.997381,22.8157,22.775,22.85,22.88,22.75,2026-08-04 14:19:00,230
77646.14204,22.713,22.8109,22.745,22.82,22.6193,2026-08-04 14:20:00,851
21936.248814,22.6561,22.73,22.565,22.73,22.56,2026-08-04 14:21:00,321
45288.504882,22.5661,22.56,22.7,22.7,22.5,2026-08-04 14:22:00,532
25965.1,22.6989,22.73,22.65,22.7661,22.64,2026-08-04 14:23:00,282
18560.34816,22.636,22.6126,22.66,22.67,22.5904,2026-08-04 14:24:00,196
15883.6297,22.6738,22.64,22.645,22.72,22.632,2026-08-04 14:25:00,237
20037.20551,22.5292,22.62,22.5,22.62,22.43,2026-08-04 14:26:00,292
46831.518815,22.4028,22.465,22.34,22.6,22.33,2026-08-04 14:27:00,392
40329.855346,22.4765,22.3301,22.5,22.6,22.3301,2026-08-04 14:28:00,265
27348.046912,22.5731,22.54,22.66,22.7,22.5,2026-08-04 14:29:00,252
39517.067632,22.7829,22.68,22.82,22.96,22.57,2026-08-04 14:30:00,397
30068.451884,22.7719,22.8125,22.66,22.85,22.66,2026-08-04 14:31:00,241
41723.399664,22.7987,22.65,22.87,22.9,22.63,2026-08-04 14:32:00,282
16326.934584,22.8818,22.88,22.925,22.93,22.8454,2026-08-04 14:33:00,177
19521.585121,22.8334,22.88,22.78,22.9,22.78,2026-08-04 14:34:00,213
40726.507044,22.8196,22.81,22.8,22.88,22.719,2026-08-04 14:35:00,244
22172.67681,22.8001,22.8,22.82,22.85,22.74,2026-08-04 14:36:00,272
7214.582028,22.7747,22.82,22.7599,22.82,22.74,2026-08-04 14:37:00,138
18496.042057,22.8122,22.75,22.8,22.95,22.75,2026-08-04 14:38:00,218
30195.096911,22.7827,22.765,22.87,22.87,22.69,2026-08-04 14:39:00,270
25459.118631,22.868,22.845,22.8301,22.92,22.805,2026-08-04 14:40:00,284
10894.56544,22.869,22.82,22.86,22.9485,22.82,2026-08-04 14:41:00,116
9138.951404,22.804,22.8387,22.805,22.84,22.77,2026-08-04 14:42:00,152
24961.305996,22.7288,22.8097,22.76,22.8097,22.67,2026-08-04 14:43:00,224
18156.130886,22.7414,22.75,22.7496,22.795,22.665,2026-08-04 14:44:00,230
20494.011372,22.7314,22.74,22.785,22.785,22.69,2026-08-04 14:45:00,155
15357.989002,22.7711,22.795,22.75,22.83,22.715,2026-08-04 14:46:00,214
26480.671125,22.7403,22.75,22.69,22.81,22.68,2026-08-04 14:47:00,200
18721.913864,22.6537,22.67,22.66,22.73,22.61,2026-08-04 14:48:00,170
9755.0,22.6892,22.67,22.66,22.74,22.66,2026-08-04 14:49:00,131
16488.905272,22.6227,22.68,22.59,22.68,22.57,2026-08-04 14:50:00,207
31679.705278,22.4832,22.6,22.44,22.6,22.41,2026-08-04 14:51:00,339
36632.070697,22.2937,22.42,22.3152,22.42,22.2,2026-08-04 14:52:00,413
12053.374228,22.3795,22.3588,22.34,22.4269,22.34,2026-08-04 14:53:00,150
74201.599525,22.2291,22.38,22.09,22.38,22.07,2026-08-04 14:54:00,299
75378.32431,22.0807,22.09,22.1,22.2,22.02,2026-08-04 14:55:00,591
19071.158996,22.2529,22.125,22.3,22.35,22.12,2026-08-04 14:56:00,237
26715.0,22.1564,22.3,22.1,22.3,22.0601,2026-08-04 14:57:00,254
33365.482988,22.0947,22.06,22.095,22.1809,22.0241,2026-08-04 14:58:00,272
80509.32294,21.9171,22.052,21.85,22.1,21.7526,2026-08-04 14:59:00,522
33849.245674,21.935,21.87,21.94,22.0266,21.83,2026-08-04 15:00:00,364
21131.037897,21.888,21.94,21.9,21.9583,21.84,2026-08-04 15:01:00,234
50208.422931,21.9568,21.8963,22.1,22.19,21.84,2026-08-04 15:02:00,438
15269.889448,22.1072,22.09,22.06,22.18,22.05,2026-08-04 15:03:00,196
11144.182609,22.0371,22.03,21.98,22.09,21.9336,2026-08-04 15:04:00,169
16732.539458,22.0927,21.97,22.17,22.24,21.97,2026-08-04 15:05:00,199
13897.346767,22.1529,22.2062,22.095,22.2062,22.08,2026-08-04 15:06:00,131
22967.091846,22.1361,22.12,22.06,22.23,22.06,2026-08-04 15:07:00,282
16080.832325,22.2048,22.1,22.28,22.3,22.1,2026-08-04 15:08:00,226
19290.80708,22.2164,22.285,22.16,22.285,22.1501,2026-08-04 15:09:00,247
25120.409865,22.1821,22.17,22.18,22.24,22.15,2026-08-04 15:10:00,183
9989.139724,22.2089,22.2,22.22,22.24,22.18,2026-08-04 15:11:00,159
6228.434849,22.2377,22.235,22.21,22.28,22.21,2026-08-04 15:12:00,110
21839.808688,22.2145,22.21,22.25,22.29,22.16,2026-08-04 15:13:00,208
10758.76546,22.1606,22.21,22.12,22.2476,22.1,2026-08-04 15:14:00,151
11189.9,22.1608,22.12,22.21,22.22,22.1001,2026-08-04 15:15:00,158
26877.914072,22.0622,22.195,22.025,22.195,22.01,2026-08-04 15:16:00,266
14751.646106,21.954,22.01,21.945,22.01,21.9101,2026-08-04 15:17:00,152
34969.337801,21.8427,21.935,21.81,21.94,21.76,2026-08-04 15:18:00,310
20795.097619,21.8437,21.835,21.83,21.8899,21.8013,2026-08-04 15:19:00,247
8008.86,21.8262,21.83,21.78,21.87,21.78,2026-08-04 15:20:00,176
38791.726634,21.7705,21.78,21.8,21.8553,21.68,2026-08-04 15:21:00,447
11083.555366,21.8004,21.81,21.77,21.8299,21.77,2026-08-04 15:22:00,153
12590.566388,21.7752,21.76,21.78,21.805,21.73,2026-08-04 15:23:00,187
10120.6408,21.7982,21.78,21.79,21.86,21.77,2026-08-04 15:24:00,147
23478.39121,21.7057,21.8201,21.625,21.8201,21.6,2026-08-04 15:25:00,326
28655.152871,21.6008,21.6378,21.59,21.64,21.53,2026-08-04 15:26:00,361
46399.248709,21.5219,21.59,21.5,21.59,21.44,2026-08-04 15:27:00,388
47586.344977,21.464,21.46,21.431,21.52,21.38,2026-08-04 15:28:00,367
7252.649372,21.4588,21.48,21.458,21.4899,21.43,2026-08-04 15:29:00,189
19322.945311,21.4859,21.463,21.505,21.54,21.455,2026-08-04 15:30:00,364
11289.736462,21.486,21.51,21.45,21.577,21.43,2026-08-04 15:31:00,177
14988.98,21.4367,21.45,21.455,21.49,21.4,2026-08-04 15:32:00,146
22358.218794,21.4148,21.42,21.44,21.49,21.33,2026-08-04 15:33:00,294
14097.600447,21.4353,21.47,21.49,21.49,21.39,2026-08-04 15:34:00,112
14440.736648,21.401,21.44,21.37,21.45,21.32,2026-08-04 15:35:00,303
36047.7128,21.3047,21.335,21.335,21.335,21.23,2026-08-04 15:36:00,337
36849.717731,21.3187,21.32,21.3,21.36,21.27,2026-08-04 15:37:00,208
7543.77756,21.3203,21.33,21.325,21.3542,21.3,2026-08-04 15:38:00,99
23786.806186,21.4065,21.355,21.45,21.45,21.355,2026-08-04 15:39:00,307
16226.025987,21.4777,21.435,21.53,21.55,21.4248,2026-08-04 15:40:00,199
16942.640691,21.5158,21.5,21.48,21.555,21.48,2026-08-04 15:41:00,217
8562.04479,21.4989,21.5,21.55,21.55,21.47,2026-08-04 15:42:00,162
11142.98117,21.5505,21.56,21.54,21.58,21.525,2026-08-04 15:43:00,145
9823.845986,21.5662,21.555,21.59,21.64,21.5316,2026-08-04 15:44:00,147
11689.380527,21.5217,21.59,21.455,21.59,21.455,2026-08-04 15:45:00,116
9307.584871,21.4458,21.45,21.44,21.455,21.4201,2026-08-04 15:46:00,82
11680.387112,21.404,21.455,21.3431,21.455,21.3431,2026-08-04 15:47:00,160
8365.959775,21.3978,21.375,21.42,21.44,21.36,2026-08-04 15:48:00,178
8951.636891,21.3996,21.42,21.366,21.42,21.366,2026-08-04 15:49:00,94
7082.822191,21.3732,21.3504,21.36,21.4,21.35,2026-08-04 15:50:00,109
9791.368664,21.3798,21.33,21.3531,21.43,21.31,2026-08-04 15:51:00,105
15863.769329,21.324,21.36,21.31,21.37,21.27,2026-08-04 15:52:00,210
10518.226065,21.2995,21.23,21.32,21.33,21.23,2026-08-04 15:53:00,159
11382.59724,21.28,21.2708,21.28,21.3,21.27,2026-08-04 15:54:00,97
9347.406281,21.3317,21.3,21.34,21.365,21.29,2026-08-04 15:55:00,134
6672.89,21.3114,21.34,21.31,21.34,21.27,2026-08-04 15:56:00,111
18413.490738,21.2299,21.28,21.22,21.28,21.15,2026-08-04 15:57:00,261
23724.187547,21.2144,21.22,21.25,21.28,21.16,2026-08-04 15:58:00,325
12332.126336,21.2044,21.235,21.2,21.235,21.18,2026-08-04 15:59:00,180
18127.818239,21.0909,21.19,21.07,21.21,21.0203,2026-08-04 16:00:00,321
12829.075216,21.0564,21.06,21.1,21.11,21.02,2026-08-04 16:01:00,187
8910.425115,21.1133,21.075,21.142,21.1756,21.055,2026-08-04 16:02:00,206
15803.643943,21.1346,21.17,21.1,21.2,21.08,2026-08-04 16:03:00,286
12157.493613,21.1246,21.09,21.25,21.25,21.08,2026-08-04 16:04:00,186
33104.373977,21.3851,21.235,21.375,21.4399,21.235,2026-08-04 16:05:00,367
8424.05,21.3646,21.38,21.4,21.4,21.33,2026-08-04 16:06:00,154
57684.484495,21.4225,21.4008,21.46,21.5,21.38,2026-08-04 16:07:00,283
36454.401516,21.5558,21.46,21.53,21.64,21.46,2026-08-04 16:08:00,370
83284.039531,21.433,21.53,21.465,21.53,21.36,2026-08-04 16:09:00,880
9358.816454,21.459,21.44,21.48,21.51,21.41,2026-08-04 16:10:00,187
12153.664761,21.529,21.4799,21.551,21.58,21.455,2026-08-04 16:11:00,180
14500.191792,21.5087,21.55,21.54,21.5899,21.4401,2026-08-04 16:12:00,149
28594.735602,21.5384,21.55,21.565,21.565,21.5,2026-08-04 16:13:00,210
9809.608847,21.5115,21.55,21.5,21.55,21.49,2026-08-04 16:14:00,127
11337.171372,21.5099,21.51,21.51,21.53,21.4833,2026-08-04 16:15:00,208
2944.484576,21.5157,21.51,21.5299,21.5299,21.5,2026-08-04 16:16:00,92
67058.0,21.3871,21.505,21.34,21.505,21.3,2026-08-04 16:17:00,408
6356.71016,21.3886,21.3301,21.4244,21.425,21.3301,2026-08-04 16:18:00,108
7581.783103,21.4729,21.43,21.47,21.5,21.43,2026-08-04 16:19:00,105
10300.62308,21.4646,21.48,21.5,21.5,21.44,2026-08-04 16:20:00,136
10850.99535,21.5092,21.475,21.49,21.53,21.475,2026-08-04 16:21:00,148
5777.396883,21.443,21.4656,21.45,21.4883,21.41,2026-08-04 16:22:00,133
5567.1,21.4656,21.468,21.4648,21.48,21.445,2026-08-04 16:23:00,113
10379.905749,21.5179,21.47,21.53,21.56,21.4501,2026-08-04 16:24:00,151
48651.284892,21.6284,21.535,21.62,21.7,21.535,2026-08-04 16:25:00,344
15340.834861,21.5728,21.63,21.51,21.63,21.505,2026-08-04 16:26:00,228
11955.459,21.4694,21.52,21.45,21.52,21.41,2026-08-04 16:27:00,202
10933.616251,21.5072,21.49,21.5,21.54,21.45,2026-08-04 16:28:00,180
10349.194589,21.5291,21.495,21.53,21.54,21.495,2026-08-04 16:29:00,189
9373.516323,21.5252,21.5498,21.52,21.558,21.5,2026-08-04 16:30:00,158
11380.06,21.51,21.52,21.52,21.54,21.47,2026-08-04 16:31:00,144
19845.605018,21.525,21.5,21.595,21.6,21.475,2026-08-04 16:32:00,202
41227.490226,21.6344,21.61,21.61,21.698,21.6,2026-08-04 16:33:00,340
14951.439844,21.5986,21.6,21.6199,21.64,21.58,2026-08-04 16:34:00,179
10580.092341,21.6434,21.62,21.6401,21.675,21.62,2026-08-04 16:35:00,169
40803.430172,21.7158,21.685,21.665,21.78,21.62,2026-08-04 16:36:00,274
14661.5253,21.7006,21.6346,21.74,21.76,21.6346,2026-08-04 16:37:00,160
23006.102619,21.734,21.715,21.79,21.805,21.66,2026-08-04 16:38:00,248
8118.922145,21.7549,21.77,21.75,21.78,21.745,2026-08-04 16:39:00,184
68583.539027,21.8011,21.7499,21.8,21.88,21.735,2026-08-04 16:40:00,424
17457.002597,21.7996,21.7857,21.78,21.8482,21.765,2026-08-04 16:41:00,214
9457.108864,21.7569,21.775,21.74,21.8,21.7187,2026-08-04 16:42:00,140
6985.551217,21.7259,21.72,21.76,21.76,21.6909,2026-08-04 16:43:00,168
8860.71656,21.7494,21.7574,21.74,21.7574,21.72,2026-08-04 16:44:00,153
11348.606775,21.7517,21.73,21.73,21.8199,21.725,2026-08-04 16:45:00,149
6885.563415,21.722,21.72,21.7199,21.735,21.71,2026-08-04 16:46:00,127
13209.3169,21.6833,21.7,21.695,21.71,21.6201,2026-08-04 16:47:00,160
11084.694382,21.7543,21.71,21.81,21.84,21.69,2026-08-04 16:48:00,158
13362.285766,21.8041,21.8,21.84,21.85,21.755,2026-08-04 16:49:00,167
36758.86296,21.832,21.84,21.83,21.88,21.79,2026-08-04 16:50:00,170
12806.220126,21.71,21.835,21.65,21.835,21.65,2026-08-04 16:51:00,128
7822.1352,21.6804,21.645,21.74,21.78,21.6011,2026-08-04 16:52:00,129
2788.888813,21.7294,21.735,21.67,21.7399,21.66,2026-08-04 16:53:00,86
7136.61344,21.6439,21.63,21.635,21.64,21.61,2026-08-04 16:54:00,131
11376.182662,21.6177,21.65,21.635,21.65,21.57,2026-08-04 16:55:00,199
6634.0,21.6551,21.6499,21.65,21.7,21.61,2026-08-04 16:56:00,148
3349.660693,21.6386,21.66,21.61,21.68,21.59,2026-08-04 16:57:00,103
15613.246279,21.5825,21.6,21.585,21.63,21.55,2026-08-04 16:58:00,156
6963.11135,21.5882,21.57,21.58,21.628,21.56,2026-08-04 16:59:00,113
3112.09161,21.5983,21.615,21.57,21.6299,21.57,2026-08-04 17:00:00,117
26776.643916,21.4942,21.575,21.52,21.58,21.45,2026-08-04 17:01:00,153
8265.667416,21.4751,21.45,21.4744,21.5,21.45,2026-08-04 17:02:00,96
6201.412106,21.4435,21.485,21.43,21.485,21.41,2026-08-04 17:03:00,112
5554.95,21.4507,21.44,21.4121,21.4793,21.4121,2026-08-04 17:04:00,115
9242.997807,21.4307,21.425,21.445,21.45,21.4101,2026-08-04 17:05:00,140
4025.380344,21.4439,21.445,21.43,21.45,21.42,2026-08-04 17:06:00,109
4308.567484,21.4731,21.43,21.4999,21.5,21.43,2026-08-04 17:07:00,93
8399.127792,21.4709,21.455,21.525,21.525,21.41,2026-08-04 17:08:00,145
4178.851,21.5122,21.535,21.49,21.5488,21.49,2026-08-04 17:09:00,94
13365.638527,21.4881,21.5,21.48,21.5001,21.4514,2026-08-04 17:10:00,96
10055.766725,21.4249,21.45,21.45,21.45,21.4,2026-08-04 17:11:00,162
15034.112314,21.369,21.465,21.35,21.465,21.32,2026-08-04 17:12:00,191
12136.0,21.3959,21.35,21.39,21.415,21.35,2026-08-04 17:13:00,177
5758.067264,21.4214,21.41,21.41,21.455,21.4,2026-08-04 17:14:00,123
2992.956044,21.4452,21.44,21.44,21.45,21.435,2026-08-04 17:15:00,126
10979.0,21.4566,21.44,21.49,21.495,21.42,2026-08-04 17:16:00,262
3327.29584,21.5111,21.51,21.53,21.53,21.51,2026-08-04 17:17:00,127
4974.148321,21.5388,21.5431,21.55,21.57,21.535,2026-08-04 17:18:00,133
17612.05,21.5487,21.565,21.57,21.59,21.5,2026-08-04 17:19:00,237
2176.23146,21.5767,21.58,21.585,21.61,21.58,2026-08-04 17:20:00,54
14324.0,21.5383,21.54,21.525,21.58,21.5025,2026-08-04 17:21:00,82
7072.447984,21.5233,21.535,21.535,21.54,21.5,2026-08-04 17:22:00,159
4826.0,21.526,21.52,21.5401,21.5401,21.49,2026-08-04 17:23:00,124
3852.481436,21.5546,21.54,21.59,21.59,21.52,2026-08-04 17:24:00,101
1974.824226,21.5669,21.59,21.575,21.59,21.55,2026-08-04 17:25:00,73
9011.432931,21.5455,21.565,21.56,21.57,21.53,2026-08-04 17:26:00,146
2315.48128,21.5717,21.59,21.55,21.59,21.55,2026-08-04 17:27:00,63
7649.338854,21.5291,21.55,21.575,21.5886,21.48,2026-08-04 17:28:00,148
18913.432093,21.5864,21.575,21.56,21.62,21.56,2026-08-04 17:29:00,250
8676.312583,21.5196,21.555,21.55,21.56,21.49,2026-08-04 17:30:00,165
5657.816549,21.5221,21.55,21.51,21.5567,21.51,2026-08-04 17:31:00,65
5369.039621,21.5476,21.5298,21.6,21.6,21.52,2026-08-04 17:32:00,143
10424.40123,21.5716,21.6058,21.55,21.61,21.53,2026-08-04 17:33:00,115
10716.286271,21.5429,21.55,21.47,21.605,21.46,2026-08-04 17:34:00,146
2700.868837,21.4804,21.42,21.46,21.53,21.42,2026-08-04 17:35:00,37
3409.0,21.4868,21.46,21.485,21.495,21.455,2026-08-04 17:36:00,64
4738.232136,21.5015,21.49,21.53,21.53,21.48,2026-08-04 17:37:00,98
6620.726682,21.5479,21.5318,21.585,21.585,21.52,2026-08-04 17:38:00,89
2891.231816,21.5612,21.58,21.555,21.58,21.55,2026-08-04 17:39:00,69
5992.998835,21.5517,21.5401,21.56,21.5682,21.535,2026-08-04 17:40:00,102
4223.436194,21.5465,21.55,21.53,21.55,21.53,2026-08-04 17:41:00,99
9657.30216,21.5171,21.53,21.5,21.55,21.48,2026-08-04 17:42:00,140
5525.469732,21.4851,21.52,21.43,21.52,21.43,2026-08-04 17:43:00,110
6795.41554,21.4296,21.4272,21.44,21.4411,21.41,2026-08-04 17:44:00,83
3248.406182,21.4406,21.43,21.45,21.45,21.41,2026-08-04 17:45:00,69
7920.846898,21.4242,21.43,21.37,21.445,21.351,2026-08-04 17:46:00,132
3454.374266,21.3968,21.38,21.405,21.405,21.365,2026-08-04 17:47:00,87
8819.413808,21.384,21.38,21.38,21.39,21.35,2026-08-04 17:48:00,112
5622.69127,21.3991,21.41,21.39,21.41,21.35,2026-08-04 17:49:00,95
74103.676396,21.1635,21.4,21.08,21.4,21.055,2026-08-04 17:50:00,511
12258.59728,21.1347,21.0587,21.15,21.17,21.0587,2026-08-04 17:51:00,171
10884.705025,21.2089,21.16,21.22,21.24,21.16,2026-08-04 17:52:00,202
4960.128831,21.2061,21.2,21.225,21.225,21.19,2026-08-04 17:53:00,123
8112.034422,21.2409,21.24,21.245,21.28,21.2,2026-08-04 17:54:00,110
5052.534472,21.2345,21.255,21.2001,21.27,21.2001,2026-08-04 17:55:00,124
7641.331698,21.2221,21.255,21.205,21.255,21.2,2026-08-04 17:56:00,172
4389.0,21.2275,21.21,21.23,21.265,21.21,2026-08-04 17:57:00,86
8332.211322,21.1929,21.2295,21.1992,21.265,21.16,2026-08-04 17:58:00,141
9629.524,21.1657,21.17,21.17,21.195,21.13,2026-08-04 17:59:00,154
11627.305,21.124,21.15,21.09,21.155,21.09,2026-08-04 18:00:00,147
72905.143429,20.9316,21.09,20.99,21.09,20.82,2026-08-04 18:01:00,621
13443.919798,20.9751,20.965,21.0,21.045,20.9,2026-08-04 18:02:00,239
8185.0009,20.9323,20.99,20.925,20.99,20.91,2026-08-04 18:03:00,122
9110.572517,20.9489,20.91,20.925,20.98,20.91,2026-08-04 18:04:00,163
7915.03906,20.9309,20.91,20.885,20.98,20.885,2026-08-04 18:05:00,175
11514.808452,20.8984,20.87,20.8915,20.915,20.87,2026-08-04 18:06:00,117
16809.008596,20.9032,20.9135,20.93,20.945,20.88,2026-08-04 18:07:00,147
4618.963762,20.9263,20.95,20.92,20.95,20.91,2026-08-04 18:08:00,126
7041.1,20.9383,20.94,20.93,20.96,20.92,2026-08-04 18:09:00,139
4501.271343,20.9484,20.93,20.94,20.97,20.9203,2026-08-04 18:10:00,126
4688.839607,20.8985,20.94,20.885,20.94,20.8601,2026-08-04 18:11:00,110
9859.373613,20.9131,20.8601,20.93,20.93,20.8601,2026-08-04 18:12:00,170
14566.642152,20.987,20.935,21.03,21.06,20.935,2026-08-04 18:13:00,221
8115.1,21.0131,21.02,21.01,21.04,20.98,2026-08-04 18:14:00,156
7070.18896,21.0234,21.03,21.0391,21.0535,21.0198,2026-08-04 18:15:00,170
6454.6995,21.0328,21.0251,20.955,21.06,20.945,2026-08-04 18:16:00,148
8402.3346,20.9084,20.92,20.89,20.95,20.87,2026-08-04 18:17:00,137
11848.357615,20.9224,20.91,20.93,20.965,20.87,2026-08-04 18:18:00,204
9496.466188,20.9361,20.95,20.96,20.96,20.9,2026-08-04 18:19:00,166
4079.435695,20.9395,20.95,20.95,20.95,20.9018,2026-08-04 18:20:00,107
2471.047701,20.9566,20.945,20.98,20.98,20.945,2026-08-04 18:21:00,65
1626.143417,20.9551,20.9514,20.9758,20.9758,20.945,2026-08-04 18:22:00,60
3182.4444,20.9528,20.935,20.95,20.9672,20.935,2026-08-04 18:23:00,90
6755.721851,20.9784,20.95,20.98,21.0099,20.95,2026-08-04 18:24:00,117
1212.488614,20.9916,20.985,20.9999,20.9999,20.985,2026-08-04 18:25:00,50
9978.0,20.9256,20.985,20.89,20.985,20.865,2026-08-04 18:26:00,145
6216.96,20.9118,20.87,20.96,20.97,20.87,2026-08-04 18:27:00,148
1237.85,20.9564,20.95,20.94,20.95,20.94,2026-08-04 18:28:00,50
5534.107125,20.925,20.94,20.94,20.94,20.9,2026-08-04 18:29:00,111
3874.796475,20.9106,20.92,20.8818,20.92,20.8818,2026-08-04 18:30:00,102
24516.12264,20.8083,20.89,20.77,20.89,20.74,2026-08-04 18:31:00,215
28587.670832,20.6758,20.77,20.67,20.77,20.6,2026-08-04 18:32:00,349
13340.3743,20.6765,20.67,20.655,20.7,20.63,2026-08-04 18:33:00,221
13890.956311,20.6572,20.6778,20.645,20.68,20.63,2026-08-04 18:34:00,176
28191.96,20.672,20.645,20.7199,20.72,20.62,2026-08-04 18:35:00,285
13686.0,20.7007,20.7186,20.7,20.73,20.69,2026-08-04 18:36:00,136
8545.53948,20.7418,20.71,20.77,20.79,20.71,2026-08-04 18:37:00,133
7936.571635,20.7519,20.7501,20.765,20.77,20.74,2026-08-04 18:38:00,152
11781.0,20.773,20.765,20.76,20.79,20.75,2026-08-04 18:39:00,183
10878.731499,20.7522,20.77,20.765,20.77,20.73,2026-08-04 18:40:00,193
9424.886,20.7854,20.76,20.78,20.815,20.76,2026-08-04 18:41:00,120
5081.06,20.7952,20.795,20.8,20.81,20.78,2026-08-04 18:42:00,114
7162.0,20.8028,20.805,20.81,20.82,20.79,2026-08-04 18:43:00,127
4676.812594,20.7581,20.7951,20.71,20.7951,20.685,2026-08-04 18:44:00,110
11931.29891,20.7146,20.7,20.75,20.76,20.67,2026-08-04 18:45:00,140
8316.690254,20.7667,20.74,20.76,20.81,20.735,2026-08-04 18:46:00,215
4772.5,20.7742,20.77,20.775,20.78,20.75,2026-08-04 18:47:00,83
11615.2,20.7812,20.775,20.78,20.81,20.77,2026-08-04 18:48:00,124
12394.391937,20.809,20.77,20.79,20.8693,20.77,2026-08-04 18:49:00,151
4543.0,20.7756,20.76,20.78,20.78,20.76,2026-08-04 18:50:00,117
11896.693004,20.8032,20.781,20.785,20.83,20.781,2026-08-04 18:51:00,138
2697.706,20.7808,20.78,20.7501,20.78,20.7501,2026-08-04 18:52:00,85
3805.709765,20.7582,20.76,20.74,20.77,20.74,2026-08-04 18:53:00,125
32728.175592,20.6797,20.72,20.63,20.72,20.61,2026-08-04 18:54:00,231
17897.909225,20.6524,20.63,20.66,20.66,20.61,2026-08-04 18:55:00,362
10473.201923,20.6656,20.675,20.64,20.6912,20.62,2026-08-04 18:56:00,201
3255.0,20.675,20.69,20.68,20.69,20.66,2026-08-04 18:57:00,103
3192.419444,20.6686,20.68,20.655,20.68,20.65,2026-08-04 18:58:00,111
5520.613732,20.6509,20.665,20.65,20.665,20.64,2026-08-04 18:59:00,153
10858.876,20.6337,20.665,20.635,20.665,20.6,2026-08-04 19:00:00,204
5126.76,20.6335,20.63,20.623,20.64,20.61,2026-08-04 19:01:00,173
22973.939668,20.5756,20.63,20.55,20.63,20.53,2026-08-04 19:02:00,241
11730.165641,20.57,20.55,20.57,20.6,20.54,2026-08-04 19:03:00,174
11253.479246,20.5599,20.59,20.55,20.6099,20.54,2026-08-04 19:04:00,122
12447.0,20.623,20.55,20.62,20.67,20.55,2026-08-04 19:05:00,157
1968.55929,20.6145,20.625,20.6,20.625,20.6,2026-08-04 19:06:00,67
3144.31925,20.6133,20.6,20.61,20.615,20.6,2026-08-04 19:07:00,71
4265.611192,20.6059,20.615,20.6075,20.615,20.59,2026-08-04 19:08:00,108
6902.05,20.6599,20.62,20.7,20.705,20.62,2026-08-04 19:09:00,123
11089.876784,20.6728,20.73,20.69,20.73,20.65,2026-08-04 19:10:00,151
14426.897483,20.7344,20.72,20.725,20.78,20.7118,2026-08-04 19:11:00,256
14086.157082,20.7347,20.735,20.73,20.77,20.73,2026-08-04 19:12:00,135
16452.395339,20.6944,20.72,20.665,20.72,20.665,2026-08-04 19:13:00,98
5410.0,20.6346,20.66,20.64,20.66,20.61,2026-08-04 19:14:00,110
14009.773053,20.5974,20.59,20.62,20.62,20.58,2026-08-04 19:15:00,128
4364.0,20.6252,20.615,20.62,20.63,20.61,2026-08-04 19:16:00,95
6359.0,20.6432,20.61,20.67,20.747,20.61,2026-08-04 19:17:00,127
3688.897917,20.6812,20.69,20.68,20.69,20.66,2026-08-04 19:18:00,81
4984.188013,20.6724,20.67,20.69,20.69,20.66,2026-08-04 19:19:00,124
2394.084299,20.6589,20.68,20.64,20.68,20.64,2026-08-04 19:20:00,77
3080.94639,20.6404,20.62,20.6455,20.6455,20.61,2026-08-04 19:21:00,92
6562.484496,20.64,20.635,20.64,20.65,20.62,2026-08-04 19:22:00,109
15964.0,20.6553,20.63,20.63,20.68,20.62,2026-08-04 19:23:00,203
8538.909918,20.6521,20.64,20.625,20.675,20.625,2026-08-04 19:24:00,188
9564.966976,20.6394,20.625,20.6201,20.655,20.61,2026-08-04 19:25:00,192
4725.6625,20.6306,20.615,20.615,20.63,20.6,2026-08-04 19:26:00,148
10261.125486,20.6255,20.6,20.63,20.63,20.6,2026-08-04 19:27:00,203
12193.496,20.6309,20.63,20.655,20.655,20.61,2026-08-04 19:28:00,264
17350.396212,20.6078,20.64,20.58,20.65,20.58,2026-08-04 19:29:00,202
21822.880406,20.5238,20.58,20.525,20.58,20.46,2026-08-04 19:30:00,346
15972.666422,20.4885,20.5281,20.36,20.5682,20.36,2026-08-04 19:31:00,236
16230.913176,20.4855,20.4199,20.54,20.54,20.3484,2026-08-04 19:32:00,269
8040.7,20.5139,20.55,20.475,20.55,20.47,2026-08-04 19:33:00,127
18689.20733,20.417,20.47,20.43,20.47,20.36,2026-08-04 19:34:00,299
12862.153756,20.4374,20.425,20.38,20.46,20.38,2026-08-04 19:35:00,197
8322.7,20.4174,20.41,20.4,20.4313,20.39,2026-08-04 19:36:00,157
15035.098,20.3806,20.39,20.36,20.405,20.35,2026-08-04 19:37:00,234
16447.709187,20.3434,20.37,20.34,20.39,20.31,2026-08-04 19:38:00,269
16466.0,20.3675,20.34,20.393,20.3985,20.33,2026-08-04 19:39:00,235
21836.4,20.3979,20.4,20.45,20.45,20.34,2026-08-04 19:40:00,299
25775.0505,20.4738,20.45,20.46,20.5199,20.45,2026-08-04 19:41:00,326
39022.253047,20.4783,20.46,20.49,20.51,20.45,2026-08-04 19:42:00,331
27107.40786,20.4979,20.47,20.48,20.53,20.47,2026-08-04 19:43:00,299
18561.904466,20.4515,20.475,20.42,20.48,20.42,2026-08-04 19:44:00,271
21327.867762,20.3852,20.41,20.41,20.42,20.33,2026-08-04 19:45:00,377
17607.785804,20.4166,20.4219,20.41,20.455,20.3601,2026-08-04 19:46:00,247
13709.478202,20.3899,20.415,20.375,20.4245,20.36,2026-08-04 19:47:00,240
33620.0,20.2886,20.34,20.21,20.34,20.21,2026-08-04 19:48:00,382
23133.791997,20.2695,20.22,20.265,20.305,20.21,2026-08-04 19:49:00,317
324277.91975,19.9295,20.27,19.84,20.27,19.76,2026-08-04 19:50:00,3807
47407.178513,19.8742,19.84,19.9,19.96,19.79,2026-08-04 19:51:00,628
33213.063842,19.9098,19.89,19.915,19.94,19.87,2026-08-04 19:52:00,379
16985.73789,19.8829,19.915,19.87,19.92,19.85,2026-08-04 19:53:00,217
32182.019479,19.8557,19.87,19.79,19.9,19.7627,2026-08-04 19:54:00,412
84890.050456,19.7631,19.79,19.785,19.87,19.65,2026-08-04 19:55:00,886
93587.01005,19.8413,19.785,19.88,19.91,19.75,2026-08-04 19:56:00,918
79713.427011,19.8576,19.875,19.87,19.9,19.825,2026-08-04 19:57:00,811
85145.824278,19.8949,19.87,19.885,19.9395,19.84,2026-08-04 19:58:00,933
134952.585655,19.8273,19.89,19.81,19.89,19.74,2026-08-04 19:59:00,1458
5273.683324,19.7757,19.79,19.68,19.79,19.68,2026-08-04 20:00:00,23
1735.544628,19.9085,19.84,19.91,19.93,19.84,2026-08-04 20:01:00,12
753.0,20.0021,19.95,20.05,20.11,19.95,2026-08-04 20:02:00,10
680.0,19.9104,19.91,19.91,19.91,19.91,2026-08-04 20:03:00,5
325.24142,19.9175,19.91,19.91,19.91,19.91,2026-08-04 20:04:00,16
684.0,19.8003,19.8,19.8,19.8,19.8,2026-08-04 20:05:00,3
2192.0,19.7817,19.8,19.65,19.82,19.65,2026-08-04 20:06:00,17
700.0,19.6982,19.68,19.68,19.68,19.68,2026-08-04 20:08:00,5
1332.0,19.709,19.7,19.84,19.84,19.68,2026-08-04 20:09:00,18
1016.589371,19.9672,19.9,19.9815,19.9815,19.9,2026-08-04 20:10:00,14
657.826373,19.9151,19.88,19.9,19.9,19.88,2026-08-04 20:11:00,12
2984.0,19.9444,19.94,19.95,19.97,19.82,2026-08-04 20:13:00,18
3152.0,19.8004,19.79,19.67,19.81,19.67,2026-08-04 20:17:00,10
1750.0,19.6189,19.67,19.6156,19.67,19.6156,2026-08-04 20:18:00,6
181.0,19.7062,19.705,19.705,19.705,19.705,2026-08-04 20:23:00,2
103.0,19.6126,19.61,19.61,19.61,19.61,2026-08-04 20:26:00,3
1605.0,19.8002,19.8,19.8,19.8,19.8,2026-08-04 20:27:00,4
449.0,19.996,20.0,20.0,20.0,20.0,2026-08-04 20:29:00,2
928.0,19.9796,19.9796,19.9796,19.9796,19.9796,2026-08-04 20:30:00,1
125.0,19.9495,19.95,19.95,19.95,19.95,2026-08-04 20:33:00,2
195.0,19.8672,19.9,19.9,19.9,19.9,2026-08-04 20:34:00,5
34315.0,19.79,19.79,19.79,19.79,19.79,2026-08-04 20:41:00,3
191.081,19.7984,19.79,19.79,19.79,19.79,2026-08-04 20:48:00,2
274.0,19.7278,19.74,19.74,19.74,19.74,2026-08-04 20:49:00,5
429.0,19.8497,19.86,19.86,19.86,19.86,2026-08-04 20:53:00,4
238.0,19.8968,19.9,19.9,19.9,19.9,2026-08-04 20:59:00,2
755.0,19.7775,19.77,19.88,19.88,19.76,2026-08-04 21:08:00,4
232.0,19.7652,19.77,19.77,19.77,19.77,2026-08-04 21:09:00,6
383.0,19.7857,19.79,19.79,19.79,19.79,2026-08-04 21:10:00,7
1936.0,19.8426,19.8451,19.8451,19.8451,19.8451,2026-08-04 21:15:00,9
125.0,19.6469,19.6394,19.6394,19.6394,19.6394,2026-08-04 21:19:00,8
213.0,19.6265,19.62,19.62,19.62,19.62,2026-08-04 21:20:00,6
401.0,19.7002,19.7,19.7,19.7,19.7,2026-08-04 21:22:00,2
200.0,19.8128,19.8128,19.8128,19.8128,19.8128,2026-08-04 21:33:00,1
131.0,19.7,19.7,19.7,19.7,19.7,2026-08-04 21:43:00,1
3190.0,19.6681,19.67,19.67,19.69,19.61,2026-08-04 21:47:00,30
2656.0,19.6763,19.69,19.67,19.735,19.67,2026-08-04 21:51:00,37
100.0,19.8,19.8,19.8,19.8,19.8,2026-08-04 22:19:00,1
307.0,19.8407,19.84,19.84,19.84,19.84,2026-08-04 22:21:00,7
4320.0,19.9996,19.87,20.27,20.27,19.87,2026-08-04 22:23:00,122
1408.0,20.3694,20.37,20.37,20.37,20.37,2026-08-04 22:25:00,4
362.0,20.0075,20.03,20.03,20.03,20.03,2026-08-04 22:28:00,12
633.0,19.9739,19.98,19.99,19.99,19.98,2026-08-04 22:29:00,15
250.0,20.1,20.1,20.1,20.1,20.1,2026-08-04 22:30:00,1
1005.0,20.2195,20.22,20.22,20.22,20.22,2026-08-04 22:32:00,2
138.0,20.1851,20.1829,20.1829,20.1829,20.1829,2026-08-04 22:33:00,6
905.0,19.9775,19.915,20.0,20.0,19.915,2026-08-04 22:47:00,22
294.0,20.0015,20.0,20.0,20.0,20.0,2026-08-04 22:48:00,4
3591.0,20.1801,20.15,20.14,20.19,20.14,2026-08-04 22:49:00,16
488.0,20.0325,20.05,20.05,20.05,20.05,2026-08-04 22:58:00,6
260.0,20.0377,20.04,20.04,20.04,20.04,2026-08-04 23:05:00,2
139.0,20.227,20.23,20.23,20.23,20.23,2026-08-04 23:11:00,2
1000.0,20.1967,20.1967,20.1967,20.1967,20.1967,2026-08-04 23:21:00,1
145.0,20.1672,20.18,20.18,20.18,20.18,2026-08-04 23:23:00,3
400.0,20.18,20.18,20.18,20.18,20.18,2026-08-04 23:24:00,1
125.0,20.164,20.18,20.18,20.18,20.18,2026-08-04 23:30:00,2
180.0,20.188,20.188,20.188,20.188,20.188,2026-08-04 23:31:00,1
1351.0,20.1709,20.15,20.2,20.2,20.15,2026-08-04 23:40:00,16
262.0,20.2364,20.23,20.23,20.23,20.23,2026-08-04 23:49:00,6
577.0,20.0983,20.22,19.97,20.2975,19.97,2026-08-05 08:00:00,35
178.0,20.1733,20.17,20.17,20.17,20.17,2026-08-05 08:14:00,2
200.0,20.0,20.0,20.0,20.0,20.0,2026-08-05 08:22:00,1
100.0,20.0,20.0,20.0,20.0,20.0,2026-08-05 08:29:00,1
249.870703,20.0302,19.9604,19.9604,19.9604,19.9604,2026-08-05 09:17:00,2
177.0,19.9532,19.95,19.95,19.95,19.95,2026-08-05 10:47:00,3
592.0,19.96,19.96,19.96,19.96,19.96,2026-08-05 10:49:00,7
2184.0,19.9298,19.9792,19.83,19.98,19.83,2026-08-05 11:00:00,12
135.0,19.9594,19.9793,19.9793,19.9793,19.9793,2026-08-05 11:01:00,3
2525.0,19.9995,19.9997,19.9997,19.9997,19.9997,2026-08-05 11:03:00,2
121.0,19.9742,19.9793,19.9793,19.9793,19.9793,2026-08-05 11:04:00,3
1000.0,19.8301,19.83,19.83,19.83,19.83,2026-08-05 11:05:00,4
500.0,19.83,19.83,19.83,19.83,19.83,2026-08-05 11:08:00,1
559.0,19.8409,19.83,19.8,19.83,19.8,2026-08-05 11:10:00,7
120.0,19.9705,19.9675,19.9675,19.9675,19.9675,2026-08-05 11:16:00,3
125.0,19.974,19.9675,19.9675,19.9675,19.9675,2026-08-05 11:20:00,2
337.54008,20.0295,20.0,20.0,20.0,20.0,2026-08-05 11:21:00,5
117.0,19.8809,19.89,19.89,19.89,19.89,2026-08-05 11:23:00,4
121.0,19.8486,19.8225,19.8225,19.8225,19.8225,2026-08-05 11:26:00,3
201.0,19.8902,19.89,19.89,19.89,19.89,2026-08-05 11:35:00,2
273.8485,19.9523,19.89,19.89,19.89,19.89,2026-08-05 11:50:00,5
500.0,19.9,19.9,19.9,19.9,19.9,2026-08-05 11:54:00,1
223.0,19.99,19.99,19.99,19.99,19.99,2026-08-05 11:55:00,7
432.0,20.0219,19.99,19.99,19.99,19.99,2026-08-05 11:57:00,19
156.0,20.0542,20.05,20.05,20.05,20.05,2026-08-05 11:58:00,2
220.0,20.169,20.19,20.15,20.19,20.15,2026-08-05 12:00:00,4
1319.0,20.1949,20.1959,20.1959,20.1959,20.1959,2026-08-05 12:01:00,6
270.0,20.0925,20.1,20.1,20.1,20.1,2026-08-05 12:02:00,4
289.0,20.0856,20.1,20.1,20.1,20.1,2026-08-05 12:06:00,4
370.0,19.9961,20.0,20.0,20.0,20.0,2026-08-05 12:08:00,3
103.0,19.98,19.98,19.98,19.98,19.98,2026-08-05 12:11:00,1
125.0,19.98,19.98,19.98,19.98,19.98,2026-08-05 12:12:00,2
500.0,20.0814,20.0814,20.0814,20.0814,20.0814,2026-08-05 12:14:00,1
120.0,20.0334,20.04,20.04,20.04,20.04,2026-08-05 12:17:00,2
239.0,20.0151,20.0,20.0,20.0,20.0,2026-08-05 12:19:00,2
150.0,20.1,20.1,20.1,20.1,20.1,2026-08-05 12:22:00,1
210.0,19.9834,19.98,19.9801,19.9801,19.98,2026-08-05 12:25:00,3
300.0,19.9831,19.9831,19.9831,19.9831,19.9831,2026-08-05 12:28:00,1
1058.0,19.9849,19.99,19.98,20.0,19.98,2026-08-05 12:29:00,19
105.0,19.9871,19.9885,19.9885,19.9885,19.9885,2026-08-05 12:31:00,2
200.0,19.96,19.96,19.96,19.96,19.96,2026-08-05 12:32:00,1
500.0,19.98,19.98,19.98,19.98,19.98,2026-08-05 12:42:00,4
1000.0,19.9228,19.93,19.92,19.93,19.92,2026-08-05 12:44:00,7
506.0,19.98,19.9806,19.9806,19.9806,19.9806,2026-08-05 12:47:00,2
456.0,19.9838,19.9835,19.9835,19.9835,19.9835,2026-08-05 12:49:00,3
500.0,19.9393,19.9393,19.9393,19.9393,19.9393,2026-08-05 12:50:00,1
1147.0,19.9307,19.93,19.93,19.93,19.93,2026-08-05 12:55:00,5
150.0,19.9,19.9,19.9,19.9,19.9,2026-08-05 13:01:00,2
519.0,19.9266,19.9,19.908,19.908,19.9,2026-08-05 13:03:00,10
483.139488,19.9075,19.9,19.9001,19.9001,19.9,2026-08-05 13:15:00,20
200.0,20.0,20.0,20.0,20.0,20.0,2026-08-05 13:18:00,1
1166.0,19.8701,19.91,19.81,19.91,19.81,2026-08-05 13:25:00,30
168091.777538,19.3027,19.79,18.965,19.79,18.75,2026-08-05 13:30:00,657
12454.442906,18.9121,18.93,18.905,18.95,18.86,2026-08-05 13:31:00,114
79031.840965,18.7729,18.999,18.73,18.999,18.63,2026-08-05 13:32:00,297
59999.00579,18.5732,18.68,18.47,18.735,18.42,2026-08-05 13:33:00,443
37952.669,18.4156,18.41,18.41,18.55,18.34,2026-08-05 13:34:00,236
27172.25619,18.2633,18.43,18.22,18.48,18.1671,2026-08-05 13:35:00,318
31645.325471,18.1349,18.2,18.18,18.23,18.01,2026-08-05 13:36:00,196
28279.035,18.1386,18.14,18.095,18.23,18.0301,2026-08-05 13:37:00,254
28329.667543,18.2143,18.095,18.29,18.29,18.065,2026-08-05 13:38:00,222
11504.0,18.097,18.215,18.2782,18.2782,18.04,2026-08-05 13:39:00,154
15074.244952,18.237,18.21,18.24,18.29,18.2,2026-08-05 13:40:00,150
54010.399274,18.0137,18.2313,17.91,18.3066,17.9,2026-08-05 13:41:00,240
27384.028244,17.9399,17.925,17.965,18.0,17.8041,2026-08-05 13:42:00,345
39386.530665,18.0415,17.99,18.0302,18.1899,17.965,2026-08-05 13:43:00,320
25643.643313,18.1205,18.03,18.055,18.1999,18.03,2026-08-05 13:44:00,95
38730.869469,18.0121,18.02,18.1859,18.1859,17.88,2026-08-05 13:45:00,213
27371.10659,18.2834,18.12,18.3232,18.4899,18.12,2026-08-05 13:46:00,260
10014.75042,18.2782,18.24,18.41,18.41,18.15,2026-08-05 13:47:00,119
37013.3,18.3662,18.44,18.25,18.49,18.19,2026-08-05 13:48:00,254
56032.545629,18.1557,18.21,17.9883,18.26,17.96,2026-08-05 13:49:00,388
8310.065552,18.0208,18.0,18.06,18.0799,17.9601,2026-08-05 13:50:00,120
20009.801633,18.0205,18.055,18.055,18.1003,17.9601,2026-08-05 13:51:00,136
35088.486664,17.8924,18.05,17.89,18.06,17.75,2026-08-05 13:52:00,239
11461.906209,17.8874,17.89,17.8833,17.93,17.805,2026-08-05 13:53:00,147
31176.946705,17.8528,17.895,17.805,17.915,17.78,2026-08-05 13:54:00,222
8711.0,17.7688,17.82,17.7799,17.88,17.65,2026-08-05 13:55:00,171
6954.527817,17.7819,17.77,17.75,17.8147,17.75,2026-08-05 13:56:00,151
4132.371891,17.7621,17.74,17.76,17.77,17.735,2026-08-05 13:57:00,108
12254.822718,17.739,17.76,17.76,17.76,17.7,2026-08-05 13:58:00,149
12961.0,17.6793,17.68,17.72,17.72,17.65,2026-08-05 13:59:00,164
12691.065597,17.7464,17.67,17.75,17.8,17.66,2026-08-05 14:00:00,217
46116.665782,17.6154,17.74,17.565,17.795,17.47,2026-08-05 14:01:00,508
29442.301771,17.6065,17.51,17.66,17.67,17.495,2026-08-05 14:02:00,333
31252.5055,17.7158,17.66,17.725,17.83,17.64,2026-08-05 14:03:00,290
40927.823679,17.8377,17.725,17.95,17.99,17.725,2026-08-05 14:04:00,203
23317.751454,18.0412,17.95,18.03,18.1,17.95,2026-08-05 14:05:00,267
11330.957896,18.0509,18.03,18.07,18.09,18.01,2026-08-05 14:06:00,198
9643.443675,18.0467,18.09,18.0695,18.11,18.02,2026-08-05 14:07:00,149
17794.0039,17.9911,18.06,17.935,18.07,17.92,2026-08-05 14:08:00,265
53777.0188,18.1079,17.97,18.29,18.3,17.97,2026-08-05 14:09:00,318
22193.973107,18.1232,18.25,18.13,18.26,18.07,2026-08-05 14:10:00,277
11978.778315,18.1102,18.13,18.12,18.14,18.08,2026-08-05 14:11:00,228
20579.0,18.0346,18.1,18.05,18.1,17.96,2026-08-05 14:12:00,251
24471.649329,18.0857,18.048,18.11,18.12,18.048,2026-08-05 14:13:00,197
7631.0,18.1524,18.16,18.08,18.2,18.08,2026-08-05 14:14:00,128
4986.0,18.1066,18.08,18.135,18.135,18.07,2026-08-05 14:15:00,157
6198.0,18.1487,18.14,18.16,18.17,18.13,2026-08-05 14:16:00,154
20178.303688,18.2686,18.168,18.255,18.33,18.16,2026-08-05 14:17:00,214
7961.843971,18.1959,18.265,18.11,18.29,18.11,2026-08-05 14:18:00,162
9333.844275,18.1102,18.1021,18.12,18.13,18.08,2026-08-05 14:19:00,146
6676.673806,18.0856,18.1,18.09,18.1,18.055,2026-08-05 14:20:00,150
6470.846859,18.1131,18.08,18.11,18.15,18.075,2026-08-05 14:21:00,124
10436.0,18.0744,18.1,18.04,18.125,18.03,2026-08-05 14:22:00,211
7858.0,18.0348,18.05,18.025,18.055,18.01,2026-08-05 14:23:00,151
9598.709789,18.0113,18.03,17.9507,18.06,17.9507,2026-08-05 14:24:00,171
4762.890873,17.9812,17.97,17.975,18.0,17.95,2026-08-05 14:25:00,119
51417.0,18.108,17.97,18.08,18.16,17.95,2026-08-05 14:26:00,395
10070.0,18.1086,18.07,18.1201,18.16,18.07,2026-08-05 14:27:00,156
22349.700654,18.132,18.15,18.08,18.16,18.08,2026-08-05 14:28:00,227
6102.0,18.0731,18.07,18.07,18.095,18.05,2026-08-05 14:29:00,131
9840.0,18.047,18.065,18.08,18.08,18.03,2026-08-05 14:30:00,205
4267.0,18.027,18.07,18.0,18.07,18.0,2026-08-05 14:31:00,139
5976.431165,18.0453,18.02,18.1,18.1,18.015,2026-08-05 14:32:00,119
6702.361522,18.1211,18.11,18.1,18.1699,18.1,2026-08-05 14:33:00,144
4752.02,18.0458,18.11,18.005,18.11,18.0,2026-08-05 14:34:00,95
7372.0,17.9672,17.98,18.03,18.04,17.93,2026-08-05 14:35:00,117
17817.0,17.9554,18.025,17.87,18.03,17.8001,2026-08-05 14:36:00,223
5863.374195,17.86,17.88,17.8,17.9,17.8,2026-08-05 14:37:00,96
6318.38,17.839,17.78,17.88,17.88,17.78,2026-08-05 14:38:00,103
7133.411308,17.867,17.88,17.885,17.885,17.8101,2026-08-05 14:39:00,101
12689.0,17.8722,17.91,17.92,17.92,17.84,2026-08-05 14:40:00,212
5666.0,17.9431,17.92,17.94,17.99,17.91,2026-08-05 14:41:00,155
2054.131519,17.9782,18.0,17.97,18.0274,17.96,2026-08-05 14:42:00,74
5614.113275,17.9201,17.98,17.85,17.98,17.85,2026-08-05 14:43:00,87
4213.0,17.8953,17.87,17.915,17.92,17.87,2026-08-05 14:44:00,98
3323.825302,17.9246,17.92,17.92,17.95,17.91,2026-08-05 14:45:00,91
5847.65099,17.954,17.93,17.93,17.9983,17.92,2026-08-05 14:46:00,99
8232.104034,17.934,17.93,17.92,17.955,17.92,2026-08-05 14:47:00,129
2448.805415,17.9247,17.91,17.91,17.93,17.91,2026-08-05 14:48:00,64
2492.649329,17.9045,17.9,17.905,17.91,17.88,2026-08-05 14:49:00,86
3571.136594,17.8792,17.9,17.865,17.9,17.855,2026-08-05 14:50:00,89
2334.5,17.8832,17.88,17.88,17.88,17.87,2026-08-05 14:51:00,71
2072.360934,17.87,17.875,17.86,17.9099,17.85,2026-08-05 14:52:00,60
6756.251367,17.8254,17.87,17.75,17.87,17.75,2026-08-05 14:53:00,149
2427.636156,17.8216,17.81,17.82,17.83,17.81,2026-08-05 14:54:00,72
3082.745974,17.8079,17.8186,17.79,17.8186,17.79,2026-08-05 14:55:00,106
5989.0,17.7973,17.77,17.8346,17.835,17.77,2026-08-05 14:56:00,104
3752.0,17.8426,17.812,17.82,17.88,17.812,2026-08-05 14:57:00,87
2523.0,17.8164,17.81,17.81,17.84,17.8,2026-08-05 14:58:00,106
4426.0,17.7894,17.81,17.76,17.81,17.76,2026-08-05 14:59:00,107
5766.0,17.7159,17.77,17.72,17.77,17.69,2026-08-05 15:00:00,127
5954.282007,17.737,17.73,17.715,17.75,17.715,2026-08-05 15:01:00,123
13681.23,17.6821,17.72,17.7,17.72,17.66,2026-08-05 15:02:00,125
4166.653104,17.6847,17.67,17.68,17.7,17.665,2026-08-05 15:03:00,118
5477.93,17.704,17.6999,17.67,17.7299,17.67,2026-08-05 15:04:00,133
12446.176855,17.6186,17.66,17.595,17.67,17.58,2026-08-05 15:05:00,188
4759.953808,17.5675,17.56,17.58,17.58,17.54,2026-08-05 15:06:00,114
9037.0,17.586,17.58,17.64,17.64,17.56,2026-08-05 15:07:00,83
12900.349221,17.589,17.62,17.6,17.62,17.56,2026-08-05 15:08:00,204
8419.17,17.5958,17.58,17.605,17.61,17.58,2026-08-05 15:09:00,113
12386.63561,17.6094,17.6,17.65,17.65,17.572,2026-08-05 15:10:00,187
24259.5,17.8259,17.655,17.94,17.97,17.655,2026-08-05 15:11:00,245
8408.0,17.8987,17.93,17.91,17.97,17.88,2026-08-05 15:12:00,159
6932.376342,17.9048,17.92,17.9,17.945,17.9,2026-08-05 15:13:00,116
12382.806,17.9713,17.88,18.04,18.075,17.8701,2026-08-05 15:14:00,173
4964.052515,18.0623,18.07,18.08,18.1,18.07,2026-08-05 15:15:00,73
9153.0,18.0129,18.07,18.01,18.07,18.0,2026-08-05 15:16:00,124
12982.0,17.9393,17.99,17.91,18.0,17.89,2026-08-05 15:17:00,194
5285.269123,17.901,17.915,17.905,17.92,17.89,2026-08-05 15:18:00,108
7506.279017,17.92,17.91,17.95,17.965,17.91,2026-08-05 15:19:00,128
5870.600648,17.9653,17.96,17.99,17.99,17.96,2026-08-05 15:20:00,119
3357.0,18.0045,18.01,18.04,18.04,18.005,2026-08-05 15:21:00,71
14333.281139,18.0565,18.03,18.11,18.12,18.01,2026-08-05 15:22:00,139
11262.054824,18.1352,18.1227,18.23,18.23,18.11,2026-08-05 15:23:00,156
7775.989,18.1998,18.23,18.19,18.23,18.19,2026-08-05 15:24:00,142
6976.0,18.1754,18.19,18.19,18.2,18.16,2026-08-05 15:25:00,95
9562.743289,18.1385,18.175,18.15,18.1772,18.115,2026-08-05 15:26:00,97
7248.395,18.157,18.17,18.2,18.2,18.135,2026-08-05 15:27:00,86
21116.108778,18.2482,18.24,18.28,18.28,18.2,2026-08-05 15:28:00,206
11394.0,18.3269,18.285,18.32,18.3864,18.285,2026-08-05 15:29:00,124
16610.673024,18.324,18.32,18.31,18.3699,18.29,2026-08-05 15:30:00,146
23507.07557,18.437,18.31,18.48,18.536,18.31,2026-08-05 15:31:00,222
13778.554292,18.4939,18.49,18.55,18.55,18.46,2026-08-05 15:32:00,147
21141.537293,18.5654,18.578,18.62,18.64,18.53,2026-08-05 15:33:00,178
13322.031689,18.5631,18.62,18.52,18.62,18.52,2026-08-05 15:34:00,208
22449.195919,18.6098,18.53,18.605,18.67,18.53,2026-08-05 15:35:00,139
9790.796299,18.6224,18.6,18.64,18.655,18.6,2026-08-05 15:36:00,152
7340.8039,18.6408,18.64,18.7259,18.7259,18.61,2026-08-05 15:37:00,103
7164.218,18.6509,18.68,18.68,18.7,18.65,2026-08-05 15:38:00,84
23961.137708,18.609,18.68,18.53,18.68,18.53,2026-08-05 15:39:00,251
3609.0,18.5477,18.5056,18.55,18.56,18.5056,2026-08-05 15:40:00,66
3837.482071,18.5681,18.55,18.57,18.58,18.54,2026-08-05 15:41:00,98
4065.620048,18.562,18.57,18.555,18.57,18.55,2026-08-05 15:42:00,83
2834.854799,18.5701,18.573,18.55,18.573,18.54,2026-08-05 15:43:00,75
2652.747378,18.5522,18.5656,18.52,18.5656,18.52,2026-08-05 15:44:00,86
7052.846071,18.5023,18.51,18.47,18.51,18.47,2026-08-05 15:45:00,138
6097.269904,18.4505,18.475,18.405,18.485,18.3837,2026-08-05 15:46:00,113
10416.725777,18.4325,18.43,18.47,18.49,18.41,2026-08-05 15:47:00,157
3040.0,18.4521,18.43,18.475,18.475,18.42,2026-08-05 15:48:00,60
10150.597243,18.4647,18.5,18.46,18.5,18.45,2026-08-05 15:49:00,120
6160.451921,18.4633,18.45,18.485,18.49,18.435,2026-08-05 15:50:00,121
6507.0,18.5134,18.47,18.513,18.54,18.47,2026-08-05 15:51:00,120
15089.6247,18.5785,18.565,18.445,18.66,18.445,2026-08-05 15:52:00,216
4952.0,18.5318,18.48,18.625,18.63,18.465,2026-08-05 15:53:00,71
6369.628362,18.608,18.6,18.54,18.6405,18.54,2026-08-05 15:54:00,84
1427.0,18.5747,18.565,18.58,18.585,18.565,2026-08-05 15:55:00,83
4765.75862,18.5373,18.5872,18.495,18.5872,18.49,2026-08-05 15:56:00,124
7995.0,18.5311,18.48,18.58,18.58,18.48,2026-08-05 15:57:00,138
2055.762121,18.5823,18.578,18.6,18.6,18.578,2026-08-05 15:58:00,33
10495.5361,18.6243,18.61,18.64,18.64,18.61,2026-08-05 15:59:00,116
21793.9,18.5197,18.635,18.52,18.635,18.43,2026-08-05 16:00:00,290
11830.0,18.5752,18.52,18.6,18.63,18.52,2026-08-05 16:01:00,176
11975.157771,18.5338,18.595,18.465,18.6,18.465,2026-08-05 16:02:00,152
2610.0,18.4887,18.465,18.485,18.485,18.44,2026-08-05 16:03:00,61
4308.331907,18.4909,18.5,18.5,18.51,18.47,2026-08-05 16:04:00,99
5089.0,18.4921,18.46,18.52,18.52,18.46,2026-08-05 16:05:00,98
3445.0,18.5472,18.52,18.565,18.5899,18.52,2026-08-05 16:06:00,54
2638.0,18.5685,18.57,18.585,18.59,18.57,2026-08-05 16:07:00,58
8523.0,18.5161,18.585,18.55,18.585,18.47,2026-08-05 16:08:00,153
2677.370773,18.5651,18.55,18.57,18.57,18.55,2026-08-05 16:09:00,88
9081.0,18.5413,18.55,18.5,18.56,18.5,2026-08-05 16:10:00,123
8172.670051,18.5179,18.5,18.565,18.565,18.49,2026-08-05 16:11:00,160
11019.0,18.581,18.59,18.54,18.61,18.51,2026-08-05 16:12:00,113
3252.27,18.5198,18.525,18.5,18.535,18.495,2026-08-05 16:13:00,96
2124.0,18.4932,18.48,18.49,18.51,18.48,2026-08-05 16:14:00,82
3049.0,18.5081,18.49,18.515,18.52,18.49,2026-08-05 16:15:00,100
2602.434992,18.5392,18.52,18.54,18.55,18.52,2026-08-05 16:16:00,72
35288.150583,18.5768,18.55,18.62,18.6392,18.54,2026-08-05 16:17:00,291
5337.268744,18.6114,18.62,18.605,18.625,18.6,2026-08-05 16:18:00,87
4677.526528,18.5938,18.605,18.58,18.61,18.58,2026-08-05 16:19:00,104
9043.0,18.587,18.575,18.61,18.615,18.575,2026-08-05 16:20:00,144
5053.21,18.5959,18.592,18.62,18.62,18.59,2026-08-05 16:21:00,130
4996.692932,18.6199,18.625,18.62,18.64,18.62,2026-08-05 16:22:00,106
11864.0,18.6169,18.62,18.61,18.63,18.6,2026-08-05 16:23:00,135
16549.016345,18.6256,18.6,18.685,18.685,18.57,2026-08-05 16:24:00,176
39157.7454,18.7868,18.6997,18.86,18.89,18.68,2026-08-05 16:25:00,227
6615.0,18.823,18.875,18.765,18.8997,18.75,2026-08-05 16:26:00,107
4730.109364,18.7811,18.765,18.76,18.81,18.76,2026-08-05 16:27:00,91
3636.0,18.7431,18.77,18.73,18.77,18.73,2026-08-05 16:28:00,82
2478.0,18.7363,18.73,18.745,18.7583,18.73,2026-08-05 16:29:00,61
1546.13347,18.7322,18.745,18.75,18.75,18.73,2026-08-05 16:30:00,62
10899.0,18.7089,18.72,18.725,18.74,18.68,2026-08-05 16:31:00,144
5866.420651,18.7068,18.72,18.71,18.72,18.68,2026-08-05 16:32:00,105
2583.0,18.6989,18.715,18.66,18.715,18.66,2026-08-05 16:33:00,72
938.436061,18.7035,18.675,18.6558,18.675,18.6558,2026-08-05 16:34:00,53
26757.1207,18.6355,18.66,18.7,18.7199,18.55,2026-08-05 16:35:00,211
24301.581629,18.7239,18.695,18.7,18.76,18.69,2026-08-05 16:36:00,221
8756.0,18.7113,18.72,18.75,18.75,18.69,2026-08-05 16:37:00,139
11538.7237,18.7537,18.77,18.73,18.795,18.72,2026-08-05 16:38:00,166
2783.0,18.7237,18.725,18.72,18.7482,18.72,2026-08-05 16:39:00,38
8148.0,18.7345,18.73,18.73,18.7874,18.72,2026-08-05 16:40:00,89
4194.055,18.7699,18.75,18.79,18.81,18.75,2026-08-05 16:41:00,102
6461.244477,18.7575,18.785,18.73,18.8,18.73,2026-08-05 16:42:00,146
3390.0,18.723,18.71,18.735,18.735,18.71,2026-08-05 16:43:00,72
4389.0,18.7197,18.7255,18.7191,18.74,18.7001,2026-08-05 16:44:00,73
7165.0,18.6948,18.71,18.735,18.735,18.66,2026-08-05 16:45:00,123
3762.126121,18.7082,18.7,18.71,18.72,18.7,2026-08-05 16:46:00,52
3799.764848,18.7172,18.7,18.725,18.725,18.7,2026-08-05 16:47:00,87
4696.035477,18.7224,18.71,18.71,18.7387,18.71,2026-08-05 16:48:00,93
4124.0,18.6986,18.71,18.69,18.71,18.69,2026-08-05 16:49:00,73
3218.106919,18.7006,18.7,18.71,18.71,18.7,2026-08-05 16:50:00,86
3385.658191,18.6994,18.7,18.68,18.7093,18.68,2026-08-05 16:51:00,106
4045.0,18.6929,18.69,18.68,18.7,18.68,2026-08-05 16:52:00,89
1739.0,18.6916,18.675,18.72,18.72,18.675,2026-08-05 16:53:00,57
2697.0,18.6934,18.7,18.67,18.7,18.67,2026-08-05 16:54:00,54
3755.0,18.6738,18.675,18.67,18.675,18.67,2026-08-05 16:55:00,68
1196.126684,18.682,18.68,18.68,18.68,18.6707,2026-08-05 16:56:00,43
3902.333,18.6798,18.67,18.675,18.69,18.67,2026-08-05 16:57:00,94
2217.0,18.678,18.66,18.6789,18.6799,18.66,2026-08-05 16:58:00,59
2072.3005,18.6832,18.67,18.6897,18.69,18.67,2026-08-05 16:59:00,64
5223.5,18.6829,18.69,18.71,18.71,18.66,2026-08-05 17:00:00,96
5878.216,18.7095,18.685,18.7,18.738,18.67,2026-08-05 17:01:00,114
4123.693371,18.6888,18.69,18.675,18.695,18.67,2026-08-05 17:02:00,78
3618.477706,18.6662,18.675,18.65,18.675,18.65,2026-08-05 17:03:00,69
11007.0,18.6747,18.6699,18.66,18.71,18.64,2026-08-05 17:04:00,90
4580.7883,18.6884,18.66,18.72,18.72,18.66,2026-08-05 17:05:00,73
3085.1443,18.7034,18.72,18.7125,18.72,18.69,2026-08-05 17:06:00,85
8793.0,18.6515,18.69,18.65,18.69,18.64,2026-08-05 17:07:00,70
2332.0,18.6477,18.66,18.63,18.66,18.63,2026-08-05 17:08:00,46
7380.0,18.6432,18.65,18.63,18.65,18.63,2026-08-05 17:09:00,121
2945.67077,18.656,18.64,18.67,18.67,18.64,2026-08-05 17:10:00,55
3300.0,18.654,18.655,18.68,18.68,18.63,2026-08-05 17:11:00,72
2911.0,18.6697,18.68,18.685,18.685,18.66,2026-08-05 17:12:00,42
9573.781685,18.6717,18.685,18.665,18.7,18.66,2026-08-05 17:13:00,91
3240.0,18.6579,18.67,18.66,18.67,18.63,2026-08-05 17:14:00,74
1761.251756,18.6652,18.65,18.67,18.67,18.65,2026-08-05 17:15:00,58
5312.835016,18.6637,18.67,18.66,18.67,18.645,2026-08-05 17:16:00,86
22063.0,18.6237,18.64,18.62,18.66,18.61,2026-08-05 17:17:00,254
20671.0,18.6492,18.6,18.6499,18.675,18.6,2026-08-05 17:18:00,187
5159.0,18.6376,18.64,18.65,18.65,18.63,2026-08-05 17:19:00,66
8341.934283,18.664,18.65,18.73,18.73,18.65,2026-08-05 17:20:00,120
3857.0,18.6662,18.685,18.65,18.685,18.65,2026-08-05 17:21:00,93
7265.0,18.6497,18.64,18.65,18.67,18.63,2026-08-05 17:22:00,148
2748.0,18.6543,18.65,18.66,18.66,18.65,2026-08-05 17:23:00,78
7582.0,18.6708,18.64,18.69,18.705,18.64,2026-08-05 17:24:00,168
22307.0,18.6546,18.69,18.695,18.695,18.65,2026-08-05 17:25:00,108
5017.0,18.6604,18.685,18.675,18.685,18.65,2026-08-05 17:26:00,65
9281.0,18.77,18.67,18.83,18.85,18.67,2026-08-05 17:27:00,161
16012.0,18.8434,18.82,18.83,18.91,18.815,2026-08-05 17:28:00,139
7215.7,18.8251,18.815,18.84,18.84,18.815,2026-08-05 17:29:00,94
4901.0,18.8328,18.82,18.895,18.9299,18.79,2026-08-05 17:30:00,108
14393.628696,18.8941,18.9,18.885,18.94,18.865,2026-08-05 17:31:00,109
2088.1732,18.8732,18.885,18.9,18.9,18.87,2026-08-05 17:32:00,86
8243.0,18.8708,18.9,18.82,18.9,18.82,2026-08-05 17:33:00,126
11875.0,18.8267,18.815,18.85,18.87,18.8,2026-08-05 17:34:00,137
13878.0,18.8999,18.85,18.925,18.95,18.835,2026-08-05 17:35:00,202
10091.83843,18.9341,18.94,18.955,18.955,18.9201,2026-08-05 17:36:00,133
19808.5745,19.0059,18.96,19.03,19.0493,18.95,2026-08-05 17:37:00,236
11871.646244,19.0164,19.048,19.0,19.05,19.0,2026-08-05 17:38:00,190
7227.578361,19.024,19.0,19.07,19.07,18.995,2026-08-05 17:39:00,158
1806.055,19.0536,19.07,19.07,19.085,19.07,2026-08-05 17:40:00,63
2789.0,19.0394,19.06,19.035,19.06,19.03,2026-08-05 17:41:00,99
2355.0,19.0364,19.03,19.055,19.055,19.03,2026-08-05 17:42:00,91
6689.0,19.1018,19.05,19.17,19.19,19.05,2026-08-05 17:43:00,175
11745.5948,19.1565,19.19,19.135,19.205,19.1,2026-08-05 17:44:00,182
6666.0,19.1062,19.125,19.12,19.1299,19.08,2026-08-05 17:45:00,147
3590.0,19.1503,19.14,19.165,19.17,19.13,2026-08-05 17:46:00,65
3420.0,19.1351,19.16,19.16,19.165,19.13,2026-08-05 17:47:00,69
5463.162839,19.1396,19.145,19.145,19.1551,19.12,2026-08-05 17:48:00,81
33004.529,19.2901,19.16,19.295,19.5,19.16,2026-08-05 17:49:00,402
11865.044602,19.3076,19.34,19.3,19.34,19.291,2026-08-05 17:50:00,242
5394.0,19.3103,19.31,19.31,19.33,19.3,2026-08-05 17:51:00,117
5815.4338,19.3043,19.31,19.305,19.315,19.2901,2026-08-05 17:52:00,108
9534.0,19.2936,19.305,19.3,19.325,19.27,2026-08-05 17:53:00,174
7476.0,19.3061,19.3,19.295,19.32,19.295,2026-08-05 17:54:00,85
5087.258815,19.3056,19.31,19.295,19.32,19.295,2026-08-05 17:55:00,72
8513.0,19.3287,19.3,19.35,19.35,19.3,2026-08-05 17:56:00,93
4916.591568,19.3521,19.35,19.345,19.37,19.34,2026-08-05 17:57:00,106
6549.0,19.3295,19.34,19.31,19.35,19.31,2026-08-05 17:58:00,139
11262.037613,19.2669,19.29,19.29,19.305,19.24,2026-08-05 17:59:00,139
6139.0,19.2731,19.275,19.25,19.285,19.25,2026-08-05 18:00:00,110
4631.0,19.2313,19.26,19.2201,19.26,19.21,2026-08-05 18:01:00,93
4519.0,19.2556,19.24,19.245,19.275,19.235,2026-08-05 18:02:00,86
8649.607803,19.2634,19.2422,19.285,19.3,19.2422,2026-08-05 18:03:00,85
4933.103663,19.2931,19.2984,19.32,19.32,19.2703,2026-08-05 18:04:00,105
20109.0,19.3161,19.31,19.36,19.365,19.2903,2026-08-05 18:05:00,138
4183.1218,19.3429,19.355,19.34,19.355,19.34,2026-08-05 18:06:00,93
6707.2436,19.2964,19.34,19.28,19.34,19.26,2026-08-05 18:07:00,142
2895.0,19.2495,19.26,19.22,19.26,19.22,2026-08-05 18:08:00,90
2668.506516,19.2559,19.23,19.27,19.27,19.23,2026-08-05 18:09:00,77
6907.906155,19.2589,19.26,19.245,19.27,19.24,2026-08-05 18:10:00,107
5934.0,19.2654,19.25,19.29,19.29,19.245,2026-08-05 18:11:00,123
4955.0,19.2887,19.2807,19.28,19.305,19.28,2026-08-05 18:12:00,117
5917.5,19.2825,19.29,19.27,19.295,19.265,2026-08-05 18:13:00,112
5538.0,19.2432,19.28,19.2,19.28,19.1705,2026-08-05 18:14:00,101
5677.7,19.2091,19.195,19.23,19.23,19.195,2026-08-05 18:15:00,124
6438.0,19.2372,19.225,19.23,19.26,19.22,2026-08-05 18:16:00,104
2859.2598,19.2312,19.225,19.225,19.225,19.225,2026-08-05 18:17:00,65
6911.0,19.211,19.225,19.2,19.225,19.2,2026-08-05 18:18:00,135
5183.6,19.2258,19.21,19.22,19.235,19.21,2026-08-05 18:19:00,124
5551.0,19.223,19.23,19.24,19.24,19.2,2026-08-05 18:20:00,140
3202.752042,19.2323,19.24,19.21,19.24,19.21,2026-08-05 18:21:00,92
9886.0,19.1547,19.215,19.1301,19.215,19.125,2026-08-05 18:22:00,146
5639.0,19.1445,19.15,19.125,19.15,19.115,2026-08-05 18:23:00,84
9025.0,19.1101,19.13,19.12,19.145,19.08,2026-08-05 18:24:00,134
3844.0,19.1322,19.12,19.14,19.15,19.12,2026-08-05 18:25:00,60
6287.0,19.1359,19.14,19.15,19.15,19.12,2026-08-05 18:26:00,109
3810.0,19.1427,19.15,19.12,19.16,19.12,2026-08-05 18:27:00,73
7220.0,19.1304,19.135,19.115,19.14,19.115,2026-08-05 18:28:00,113
2020.0,19.12,19.115,19.11,19.115,19.11,2026-08-05 18:29:00,73
6302.800468,19.12,19.12,19.09,19.15,19.09,2026-08-05 18:30:00,131
5114.0,19.0873,19.09,19.09,19.09,19.08,2026-08-05 18:31:00,106
10714.2572,19.0898,19.1,19.07,19.105,19.07,2026-08-05 18:32:00,139
24810.041938,19.2,19.07,19.23,19.27,19.07,2026-08-05 18:33:00,253
9889.312,19.2696,19.245,19.278,19.28,19.245,2026-08-05 18:34:00,98
13750.0,19.2542,19.27,19.24,19.285,19.2,2026-08-05 18:35:00,166
22702.0,19.2389,19.27,19.265,19.275,19.22,2026-08-05 18:36:00,253
3384.0,19.2341,19.26,19.23,19.26,19.22,2026-08-05 18:37:00,108
6941.0,19.2231,19.225,19.23,19.24,19.22,2026-08-05 18:38:00,102
10176.415716,19.2215,19.25,19.2,19.25,19.2,2026-08-05 18:39:00,120
13138.4138,19.1989,19.2,19.2,19.2001,19.18,2026-08-05 18:40:00,122
3722.15616,19.2125,19.2,19.235,19.235,19.2,2026-08-05 18:41:00,76
4052.0,19.2433,19.235,19.26,19.27,19.235,2026-08-05 18:42:00,80
4918.0,19.2628,19.26,19.27,19.28,19.25,2026-08-05 18:43:00,82
5831.207432,19.2837,19.28,19.31,19.31,19.28,2026-08-05 18:44:00,99
30463.06,19.4339,19.31,19.48,19.56,19.31,2026-08-05 18:45:00,342
5218.096588,19.5099,19.5,19.505,19.55,19.5,2026-08-05 18:46:00,93
8504.0,19.4779,19.54,19.47,19.54,19.46,2026-08-05 18:47:00,157
14145.054741,19.5684,19.48,19.605,19.6191,19.48,2026-08-05 18:48:00,161
28581.246,19.5274,19.6182,19.54,19.6182,19.5,2026-08-05 18:49:00,186
12347.5309,19.5488,19.55,19.54,19.57,19.53,2026-08-05 18:50:00,166
10041.062448,19.5292,19.54,19.53,19.55,19.51,2026-08-05 18:51:00,126
8068.0,19.5355,19.53,19.53,19.555,19.525,2026-08-05 18:52:00,114
39990.276,19.4536,19.53,19.41,19.53,19.38,2026-08-05 18:53:00,424
29943.035,19.4293,19.42,19.45,19.45,19.41,2026-08-05 18:54:00,233
31747.0,19.4417,19.435,19.475,19.49,19.4,2026-08-05 18:55:00,262
10148.765191,19.4858,19.475,19.49,19.495,19.475,2026-08-05 18:56:00,146
19714.0,19.4105,19.49,19.3,19.49,19.3,2026-08-05 18:57:00,242
63820.5309,19.2415,19.29,19.205,19.3,19.1472,2026-08-05 18:58:00,673
14622.8,19.1854,19.21,19.105,19.215,19.1,2026-08-05 18:59:00,190
53380.0,19.0429,19.105,19.01,19.105,18.95,2026-08-05 19:00:00,765
8966.0,19.0154,19.01,18.99,19.015,18.96,2026-08-05 19:01:00,128
5264.0,18.9807,18.99,18.94,18.99,18.932,2026-08-05 19:02:00,96
14128.0,19.0982,18.94,19.22,19.26,18.94,2026-08-05 19:03:00,183
6272.484431,19.1868,19.225,19.19,19.225,19.145,2026-08-05 19:04:00,130
17159.52,19.167,19.2,19.18,19.2,19.14,2026-08-05 19:05:00,197
48589.0,19.0758,19.18,19.13,19.2,19.02,2026-08-05 19:06:00,518
6249.529242,19.1359,19.12,19.21,19.21,19.12,2026-08-05 19:07:00,106
11966.0,19.1745,19.195,19.155,19.195,19.12,2026-08-05 19:08:00,153
9330.000966,19.1778,19.16,19.18,19.19,19.16,2026-08-05 19:09:00,144
10830.0,19.1696,19.175,19.14,19.2,19.14,2026-08-05 19:10:00,170
15087.646286,19.1227,19.14,19.11,19.14,19.07,2026-08-05 19:11:00,163
6976.0,19.1488,19.1,19.19,19.19,19.1,2026-08-05 19:12:00,99
13396.5,19.2132,19.19,19.19,19.25,19.19,2026-08-05 19:13:00,200
4672.3415,19.1972,19.19,19.24,19.24,19.19,2026-08-05 19:14:00,133
23190.0,19.2136,19.235,19.24,19.25,19.21,2026-08-05 19:15:00,243
1603.0,19.221,19.23,19.2301,19.235,19.23,2026-08-05 19:16:00,70
10780.623921,19.2544,19.25,19.25,19.28,19.24,2026-08-05 19:17:00,125
21934.727006,19.2328,19.26,19.22,19.26,19.205,2026-08-05 19:18:00,344
5839.0,19.2304,19.22,19.26,19.26,19.21,2026-08-05 19:19:00,90
7229.195866,19.261,19.25,19.29,19.29,19.245,2026-08-05 19:20:00,117
27274.0,19.1698,19.29,19.125,19.29,19.04,2026-08-05 19:21:00,262
12651.0,19.1202,19.14,19.11,19.14,19.1,2026-08-05 19:22:00,103
23471.172994,19.0936,19.11,19.09,19.13,19.05,2026-08-05 19:23:00,237
17311.862391,19.0382,19.075,19.04,19.075,19.02,2026-08-05 19:24:00,284
12272.3413,19.0813,19.04,19.06,19.065,19.04,2026-08-05 19:25:00,160
18868.248684,19.0617,19.06,19.11,19.11,19.04,2026-08-05 19:26:00,197
20041.342,19.1226,19.11,19.12,19.145,19.11,2026-08-05 19:27:00,186
5933.0,19.1033,19.12,19.09,19.125,19.08,2026-08-05 19:28:00,108
17659.0,19.1015,19.09,19.1,19.135,19.08,2026-08-05 19:29:00,218
15472.4286,19.1258,19.11,19.11,19.15,19.1,2026-08-05 19:30:00,191
14563.0,19.0961,19.1,19.09,19.11,19.075,2026-08-05 19:31:00,262
15416.0,19.0929,19.09,19.09,19.11,19.075,2026-08-05 19:32:00,227
30219.0,19.089,19.09,19.11,19.12,19.06,2026-08-05 19:33:00,347
10416.0,19.1026,19.11,19.11,19.125,19.085,2026-08-05 19:34:00,177
29423.0,19.108,19.11,19.11,19.125,19.09,2026-08-05 19:35:00,372
19981.0,19.1019,19.095,19.12,19.12,19.085,2026-08-05 19:36:00,273
11895.9182,19.1054,19.125,19.13,19.13,19.085,2026-08-05 19:37:00,200
10623.0,19.1467,19.13,19.15,19.17,19.13,2026-08-05 19:38:00,187
13142.0,19.1546,19.16,19.16,19.17,19.1401,2026-08-05 19:39:00,182
31352.0,19.1346,19.155,19.13,19.2,19.06,2026-08-05 19:40:00,391
22271.727006,19.1082,19.14,19.07,19.14,19.065,2026-08-05 19:41:00,281
41423.0,19.0172,19.07,19.02,19.07,18.99,2026-08-05 19:42:00,352
16165.0,19.0516,19.02,19.08,19.08,19.02,2026-08-05 19:43:00,226
22592.804818,19.0689,19.09,19.07,19.1,19.04,2026-08-05 19:44:00,315
42409.869578,19.0213,19.065,18.96,19.1,18.915,2026-08-05 19:45:00,465
27193.0,18.9686,18.96,18.925,18.995,18.925,2026-08-05 19:46:00,250
20196.0,18.9445,18.94,18.975,18.975,18.8801,2026-08-05 19:47:00,242
20381.0,19.0665,18.975,19.08,19.15,18.97,2026-08-05 19:48:00,202
26036.595156,19.0642,19.09,19.065,19.1,19.04,2026-08-05 19:49:00,310
36049.425654,19.107,19.07,19.05,19.145,19.035,2026-08-05 19:50:00,388
28884.02,19.0649,19.05,19.135,19.135,19.025,2026-08-05 19:51:00,428
36033.006,19.0809,19.135,19.06,19.135,19.03,2026-08-05 19:52:00,314
32918.0,19.0623,19.06,19.07,19.09,19.02,2026-08-05 19:53:00,409
28097.111567,19.1046,19.08,19.05,19.14,19.05,2026-08-05 19:54:00,412
60241.36,18.8857,19.04,18.75,19.1,18.73,2026-08-05 19:55:00,730
52551.144412,18.7333,18.75,18.7,18.785,18.66,2026-08-05 19:56:00,628
45726.0,18.7077,18.69,18.69,18.745,18.67,2026-08-05 19:57:00,593
67522.099463,18.6535,18.685,18.61,18.69,18.61,2026-08-05 19:58:00,826
134475.11757,18.5927,18.61,18.595,18.63,18.55,2026-08-05 19:59:00,947
4974.444313,18.5739,18.62,18.45,18.62,18.37,2026-08-05 20:00:00,21
300.0,18.41,18.41,18.41,18.41,18.41,2026-08-05 20:01:00,1
827.0,18.423,18.4101,18.4101,18.4101,18.4101,2026-08-05 20:02:00,2
781.591519,18.5564,18.5301,18.5699,18.57,18.5301,2026-08-05 20:03:00,9
1303.88343,18.5805,18.57,18.56,18.57,18.56,2026-08-05 20:04:00,16
100.0,18.5316,18.5316,18.5316,18.5316,18.5316,2026-08-05 20:05:00,1
102.0,18.5302,18.53,18.53,18.53,18.53,2026-08-05 20:06:00,2
1484.0,18.6053,18.59,18.61,18.61,18.59,2026-08-05 20:07:00,6
450.0,18.62,18.62,18.62,18.62,18.62,2026-08-05 20:08:00,5
171.369172,18.6602,18.62,18.62,18.62,18.62,2026-08-05 20:10:00,5
213.0,18.6788,18.66,18.7,18.7,18.66,2026-08-05 20:11:00,4
500.0,18.62,18.62,18.62,18.62,18.62,2026-08-05 20:12:00,1
550.0,18.6936,18.6936,18.6936,18.6936,18.6936,2026-08-05 20:28:00,1
3015.0,18.62,18.62,18.62,18.62,18.62,2026-08-05 20:30:00,7
100.0,18.53,18.53,18.53,18.53,18.53,2026-08-05 20:57:00,1
431.0,18.5087,18.51,18.5099,18.51,18.5099,2026-08-05 21:07:00,4
500.0,18.4413,18.4413,18.4413,18.4413,18.4413,2026-08-05 21:11:00,1
1100.0,18.5,18.5,18.5,18.5,18.5,2026-08-05 21:19:00,1
1000.0,18.51,18.51,18.51,18.51,18.51,2026-08-05 21:22:00,3
260.0,18.51,18.51,18.5099,18.51,18.5099,2026-08-05 21:27:00,6
182.0,18.5162,18.52,18.52,18.52,18.52,2026-08-05 21:30:00,2
481.0,18.4596,18.4543,18.4543,18.4543,18.4543,2026-08-05 21:38:00,12
273.550431,18.5627,18.5254,18.5254,18.5254,18.5254,2026-08-05 21:52:00,5
1221.0,18.6343,18.6,18.65,18.65,18.6,2026-08-05 22:00:00,7
203.0,18.65,18.65,18.65,18.65,18.65,2026-08-05 23:06:00,3
100.0,18.7,18.7,18.7,18.7,18.7,2026-08-05 23:07:00,1
100.0,18.65,18.65,18.65,18.65,18.65,2026-08-05 23:09:00,1
250.0,18.6984,18.6984,18.6984,18.6984,18.6984,2026-08-05 23:24:00,1
2965.0,18.3062,18.38,18.41,18.41,18.28,2026-08-06 08:01:00,15
148.0,18.62,18.62,18.62,18.62,18.62,2026-08-06 08:06:00,2
686.0,18.27,18.27,18.27,18.27,18.27,2026-08-06 08:23:00,2
100.0,18.29,18.29,18.29,18.29,18.29,2026-08-06 08:55:00,1
100.0,18.8616,18.8616,18.8616,18.8616,18.8616,2026-08-06 10:30:00,1
100.0,18.34,18.34,18.34,18.34,18.34,2026-08-06 11:03:00,1
101.0,18.7657,18.7701,18.7701,18.7701,18.7701,2026-08-06 11:04:00,2
100.0,18.3,18.3,18.3,18.3,18.3,2026-08-06 11:07:00,1
183.0,18.3531,18.3,18.3,18.3,18.3,2026-08-06 11:24:00,2
101.0,18.3,18.3,18.3,18.3,18.3,2026-08-06 11:50:00,1
200.0,18.35,18.35,18.35,18.35,18.35,2026-08-06 12:00:00,1
100.0,18.3,18.3,18.3,18.3,18.3,2026-08-06 12:10:00,1
1000.0,18.3229,18.3229,18.3229,18.3229,18.3229,2026-08-06 12:32:00,1
713.0,18.3307,18.33,18.33,18.33,18.33,2026-08-06 12:55:00,3
550.0,18.4595,18.51,18.39,18.51,18.39,2026-08-06 12:57:00,6
100.0,18.46,18.46,18.46,18.46,18.46,2026-08-06 13:09:00,1
121.0,18.4393,18.44,18.44,18.44,18.44,2026-08-06 13:22:00,2
500.0,18.3193,18.3193,18.3193,18.3193,18.3193,2026-08-06 13:25:00,1
203.0,18.3049,18.31,18.3,18.31,18.3,2026-08-06 13:27:00,3
274.0,18.2499,18.25,18.25,18.25,18.25,2026-08-06 13:28:00,2
572.0,18.0694,18.07,18.07,18.07,18.07,2026-08-06 13:29:00,12
62659.402076,17.9923,18.245,17.84,18.245,17.7,2026-08-06 13:30:00,166
3198.92854,17.7981,17.72,17.76,17.84,17.71,2026-08-06 13:31:00,43
18408.654,17.7575,17.74,17.82,17.855,17.7,2026-08-06 13:32:00,131
17589.0,17.7058,17.82,17.9,17.94,17.6,2026-08-06 13:33:00,164
3060.633144,17.8809,17.9,17.86,17.93,17.82,2026-08-06 13:34:00,44
7754.1,17.7454,17.84,17.695,17.84,17.695,2026-08-06 13:35:00,62
6573.0,17.7651,17.695,17.775,17.82,17.695,2026-08-06 13:36:00,70
11331.86761,17.9644,17.775,18.125,18.15,17.775,2026-08-06 13:37:00,132
13707.068512,18.0885,18.135,18.065,18.135,18.04,2026-08-06 13:38:00,128
7852.0004,18.0749,18.06,18.115,18.14,18.03,2026-08-06 13:39:00,112
5167.149924,18.1914,18.13,18.24,18.2865,18.13,2026-08-06 13:40:00,108
15577.136295,18.3652,18.29,18.55,18.55,18.24,2026-08-06 13:41:00,117
15328.027002,18.6466,18.568,18.6641,18.73,18.54,2026-08-06 13:42:00,115
62019.517998,18.7452,18.695,18.64,18.8,18.61,2026-08-06 13:43:00,472
9420.98604,18.7155,18.635,18.72,18.7742,18.63,2026-08-06 13:44:00,112
5023.775,18.7067,18.67,18.72,18.76,18.67,2026-08-06 13:45:00,37
5963.231837,18.7748,18.708,18.805,18.84,18.708,2026-08-06 13:46:00,135
8767.997357,18.864,18.805,18.93,18.98,18.805,2026-08-06 13:47:00,130
4333.175,18.9107,18.96,18.925,18.96,18.89,2026-08-06 13:48:00,77
10192.55,18.8551,18.91,18.86,18.9399,18.74,2026-08-06 13:49:00,141
10726.48,18.7705,18.86,18.6101,18.9155,18.6101,2026-08-06 13:50:00,63
5084.326533,18.537,18.63,18.47,18.63,18.4331,2026-08-06 13:51:00,99
3621.0,18.5117,18.47,18.46,18.545,18.45,2026-08-06 13:52:00,104
2838.0,18.5238,18.4381,18.585,18.585,18.4381,2026-08-06 13:53:00,73
4042.856714,18.543,18.59,18.5264,18.59,18.5047,2026-08-06 13:54:00,84
13165.0,18.5133,18.49,18.54,18.54,18.4608,2026-08-06 13:55:00,111
5990.0,18.4504,18.55,18.34,18.555,18.3075,2026-08-06 13:56:00,100
5694.0,18.4247,18.345,18.405,18.47,18.345,2026-08-06 13:57:00,87
1250.0,18.4023,18.35,18.39,18.39,18.35,2026-08-06 13:58:00,48
5553.5,18.3733,18.39,18.32,18.43,18.32,2026-08-06 13:59:00,110
6409.924289,18.4285,18.3,18.48,18.51,18.3,2026-08-06 14:00:00,149
2785.253047,18.4432,18.47,18.39,18.5151,18.39,2026-08-06 14:01:00,83
2291.0,18.3529,18.38,18.335,18.38,18.32,2026-08-06 14:02:00,92
9689.180694,18.3282,18.35,18.325,18.37,18.27,2026-08-06 14:03:00,125
23069.0,18.1768,18.315,18.14,18.315,18.11,2026-08-06 14:04:00,289
7073.384408,18.1729,18.16,18.1206,18.22,18.1206,2026-08-06 14:05:00,132
69405.778975,18.1269,18.13,18.405,18.45,18.01,2026-08-06 14:06:00,513
47911.0,18.4747,18.405,18.48,18.5,18.37,2026-08-06 14:07:00,102
3702.006566,18.5479,18.475,18.54,18.6159,18.475,2026-08-06 14:08:00,42
2719.0,18.6863,18.62,18.705,18.75,18.62,2026-08-06 14:09:00,45
8556.53533,18.6873,18.68,18.655,18.755,18.655,2026-08-06 14:10:00,116
1086.0,18.6542,18.6759,18.67,18.6759,18.64,2026-08-06 14:11:00,31
2457.72061,18.6277,18.6761,18.615,18.6761,18.61,2026-08-06 14:12:00,62
1857.556629,18.6377,18.61,18.66,18.66,18.61,2026-08-06 14:13:00,57
5932.0,18.6087,18.63,18.625,18.635,18.59,2026-08-06 14:14:00,81
1996.5,18.6735,18.665,18.67,18.69,18.665,2026-08-06 14:15:00,21
6536.05,18.773,18.71,18.805,18.82,18.71,2026-08-06 14:16:00,78
7424.0,18.8751,18.85,18.89,18.9538,18.83,2026-08-06 14:17:00,151
3450.15859,18.8632,18.8843,18.835,18.9025,18.82,2026-08-06 14:18:00,48
1591.0,18.8438,18.85,18.84,18.86,18.84,2026-08-06 14:19:00,25
2274.0,18.8245,18.865,18.83,18.865,18.81,2026-08-06 14:20:00,43
2021.0,18.8611,18.88,18.83,18.9,18.82,2026-08-06 14:21:00,66
23025.47838,18.7777,18.83,18.69,18.86,18.6725,2026-08-06 14:22:00,186
24876.0,18.6256,18.67,18.6,18.6752,18.59,2026-08-06 14:23:00,223
30528.0,18.6418,18.6,18.695,18.695,18.6,2026-08-06 14:24:00,166
10182.45,18.6769,18.71,18.63,18.72,18.63,2026-08-06 14:25:00,167
23778.111,18.6325,18.63,18.6001,18.67,18.6001,2026-08-06 14:26:00,184
1649.128746,18.57,18.61,18.56,18.61,18.56,2026-08-06 14:27:00,82
1627.0,18.5897,18.57,18.62,18.62,18.57,2026-08-06 14:28:00,53
4056.835003,18.6144,18.66,18.58,18.66,18.58,2026-08-06 14:29:00,86
15553.0,18.5939,18.59,18.66,18.66,18.59,2026-08-06 14:30:00,94
9567.801603,18.6731,18.67,18.71,18.71,18.65,2026-08-06 14:31:00,81
3624.5149,18.7448,18.71,18.75,18.76,18.71,2026-08-06 14:32:00,78
841.0,18.7687,18.78,18.775,18.78,18.77,2026-08-06 14:33:00,62
2989.793588,18.7777,18.7846,18.77,18.785,18.77,2026-08-06 14:34:00,80
5940.0,18.7566,18.77,18.7777,18.8,18.72,2026-08-06 14:35:00,93
1416.101928,18.8054,18.805,18.825,18.825,18.805,2026-08-06 14:36:00,44
3566.1011,18.793,18.8503,18.78,18.8503,18.76,2026-08-06 14:37:00,83
9666.0,18.7678,18.84,18.72,18.84,18.72,2026-08-06 14:38:00,91
24227.0,18.6273,18.68,18.645,18.71,18.6,2026-08-06 14:39:00,150
23907.740887,18.6201,18.645,18.665,18.69,18.59,2026-08-06 14:40:00,222
19704.982,18.6405,18.65,18.63,18.67,18.62,2026-08-06 14:41:00,138
4293.0,18.6481,18.63,18.68,18.68,18.63,2026-08-06 14:42:00,132
1472.0,18.6564,18.675,18.65,18.675,18.64,2026-08-06 14:43:00,82
5093.0,18.6498,18.66,18.6301,18.67,18.63,2026-08-06 14:44:00,111
3104.597747,18.6078,18.61,18.58,18.6101,18.58,2026-08-06 14:45:00,126
4519.0,18.6136,18.61,18.6,18.625,18.6,2026-08-06 14:46:00,91
4233.0,18.5954,18.6,18.61,18.61,18.57,2026-08-06 14:47:00,98
7803.0,18.6203,18.64,18.615,18.66,18.61,2026-08-06 14:48:00,94
5735.84,18.6058,18.615,18.61,18.615,18.585,2026-08-06 14:49:00,105
1239.0,18.6185,18.61,18.66,18.66,18.61,2026-08-06 14:50:00,65
1974.0,18.6461,18.655,18.64,18.655,18.64,2026-08-06 14:51:00,62
1254.0,18.622,18.62,18.62,18.62,18.62,2026-08-06 14:52:00,71
5854.0,18.6144,18.61,18.59,18.63,18.58,2026-08-06 14:53:00,143
2215.0,18.6013,18.57,18.64,18.64,18.57,2026-08-06 14:54:00,103
3309.0,18.6531,18.63,18.65,18.67,18.625,2026-08-06 14:55:00,117
2548.0,18.6837,18.65,18.715,18.72,18.65,2026-08-06 14:56:00,79
2176.0,18.686,18.7,18.65,18.7,18.65,2026-08-06 14:57:00,85
4085.0,18.6189,18.645,18.6,18.645,18.6,2026-08-06 14:58:00,105
49303.135,18.5105,18.58,18.5599,18.591,18.49,2026-08-06 14:59:00,443
2616.0,18.5564,18.53,18.57,18.58,18.53,2026-08-06 15:00:00,68
6557.0,18.5335,18.56,18.54,18.56,18.5101,2026-08-06 15:01:00,111
2737.0,18.5405,18.55,18.535,18.55,18.53,2026-08-06 15:02:00,97
3431.0,18.5193,18.52,18.55,18.55,18.51,2026-08-06 15:03:00,88
3252.6302,18.5703,18.55,18.56,18.58,18.55,2026-08-06 15:04:00,88
4751.384924,18.5902,18.57,18.63,18.63,18.56,2026-08-06 15:05:00,129
4143.193,18.6231,18.65,18.615,18.65,18.61,2026-08-06 15:06:00,96
1874.0,18.6121,18.6125,18.61,18.62,18.61,2026-08-06 15:07:00,92
1566.2685,18.6192,18.62,18.61,18.62,18.61,2026-08-06 15:08:00,82
1847.0,18.6329,18.62,18.65,18.65,18.62,2026-08-06 15:09:00,85
8713.0,18.6907,18.6527,18.7,18.72,18.6527,2026-08-06 15:10:00,130
47339.5311,18.7185,18.69,18.7,18.73,18.67,2026-08-06 15:11:00,288
2652.0,18.6793,18.69,18.655,18.7,18.655,2026-08-06 15:13:00,62
2589.0,18.6334,18.655,18.625,18.655,18.62,2026-08-06 15:14:00,75
1249.0,18.6482,18.6409,18.65,18.67,18.6409,2026-08-06 15:15:00,46
1237.119658,18.699,18.7224,18.7224,18.7224,18.7224,2026-08-06 15:16:00,62
2129.261106,18.6839,18.695,18.67,18.695,18.67,2026-08-06 15:17:00,88
2903.0,18.6354,18.66,18.61,18.66,18.61,2026-08-06 15:18:00,94
1792.0,18.6125,18.62,18.6,18.62,18.6,2026-08-06 15:19:00,80
48447.0,18.612,18.59,18.68,18.68,18.59,2026-08-06 15:20:00,106
1701.646507,18.7092,18.685,18.73,18.73,18.685,2026-08-06 15:21:00,53
2130.0,18.6901,18.71,18.67,18.71,18.67,2026-08-06 15:22:00,72
11664.0,18.7278,18.7,18.77,18.77,18.68,2026-08-06 15:23:00,172
3382.313026,18.7708,18.76,18.78,18.78,18.73,2026-08-06 15:24:00,83
823.0,18.7723,18.785,18.785,18.785,18.76,2026-08-06 15:25:00,58
2583.0,18.7645,18.795,18.75,18.795,18.75,2026-08-06 15:26:00,64
5842.503,18.7565,18.76,18.75,18.77,18.7301,2026-08-06 15:27:00,100
1087.0,18.7641,18.755,18.77,18.77,18.755,2026-08-06 15:28:00,67
1955.0,18.7713,18.775,18.76,18.79,18.76,2026-08-06 15:30:00,87
801.340326,18.7734,18.77,18.77,18.77,18.77,2026-08-06 15:31:00,57
2744.0,18.7406,18.75,18.735,18.75,18.73,2026-08-06 15:32:00,98
753.0,18.7203,18.72,18.72,18.72,18.72,2026-08-06 15:33:00,52
2273.129487,18.6999,18.7,18.67,18.7076,18.67,2026-08-06 15:34:00,75
714.0,18.6831,18.675,18.695,18.695,18.675,2026-08-06 15:35:00,26
2735.0,18.6789,18.68,18.665,18.68,18.665,2026-08-06 15:36:00,40
921.0,18.6773,18.68,18.675,18.68,18.675,2026-08-06 15:37:00,28
385.1,18.6952,18.69,18.69,18.69,18.69,2026-08-06 15:38:00,14
3097.0,18.7099,18.72,18.71,18.72,18.7001,2026-08-06 15:39:00,48
995.06,18.7262,18.71,18.73,18.73,18.71,2026-08-06 15:40:00,52
1758.0,18.7217,18.72,18.715,18.72,18.715,2026-08-06 15:41:00,64
2447.140067,18.7026,18.7,18.705,18.7152,18.69,2026-08-06 15:43:00,51
1630.0,18.6813,18.68,18.675,18.68,18.67,2026-08-06 15:44:00,48
573.0,18.6618,18.66,18.655,18.66,18.655,2026-08-06 15:45:00,29
6450.223219,18.6402,18.64,18.67,18.67,18.63,2026-08-06 15:46:00,51
1532.0,18.6917,18.69,18.7161,18.7161,18.6856,2026-08-06 15:47:00,29
438.0,18.6882,18.7,18.7,18.7,18.7,2026-08-06 15:48:00,16
3351.0,18.7075,18.71,18.7,18.72,18.7,2026-08-06 15:49:00,69
1296.0,18.7186,18.71,18.73,18.73,18.71,2026-08-06 15:50:00,38
2456.355201,18.7166,18.72,18.6801,18.729,18.6801,2026-08-06 15:51:00,59
11809.867044,18.6544,18.68,18.635,18.68,18.635,2026-08-06 15:52:00,80
5854.0,18.6271,18.615,18.62,18.64,18.615,2026-08-06 15:53:00,91
6611.350294,18.5443,18.62,18.55,18.62,18.51,2026-08-06 15:54:00,130
2515.3,18.556,18.555,18.555,18.555,18.555,2026-08-06 15:55:00,66
928.0,18.559,18.55,18.56,18.56,18.55,2026-08-06 15:56:00,59
1021.0,18.5697,18.585,18.565,18.585,18.55,2026-08-06 15:57:00,33
6085.0,18.4979,18.585,18.42,18.585,18.39,2026-08-06 15:58:00,87
2711.0,18.398,18.4,18.405,18.405,18.381,2026-08-06 15:59:00,61
7516.0,18.2962,18.39,18.24,18.39,18.23,2026-08-06 16:00:00,73
49760.0,18.2242,18.21,18.24,18.28,18.171,2026-08-06 16:01:00,157
2103.0,18.2556,18.25,18.255,18.26,18.24,2026-08-06 16:02:00,89
6763.06,18.2322,18.25,18.24,18.25,18.2101,2026-08-06 16:03:00,87
3205.437822,18.2633,18.23,18.29,18.29,18.2295,2026-08-06 16:04:00,123
1961.042698,18.3356,18.29,18.36,18.36,18.29,2026-08-06 16:05:00,95
2080.0,18.3533,18.361,18.3495,18.361,18.3495,2026-08-06 16:06:00,54
1786.649,18.355,18.36,18.3704,18.3704,18.36,2026-08-06 16:07:00,50
2615.0,18.3771,18.35,18.35,18.39,18.35,2026-08-06 16:08:00,57
1304.0,18.3736,18.38,18.39,18.39,18.36,2026-08-06 16:09:00,51
2246.822843,18.3993,18.4,18.39,18.4,18.39,2026-08-06 16:10:00,82
1955.0,18.3369,18.35,18.3,18.35,18.3,2026-08-06 16:11:00,59
1130.0,18.287,18.2301,18.25,18.25,18.2301,2026-08-06 16:12:00,41
1247.0,18.2555,18.25,18.22,18.25,18.22,2026-08-06 16:13:00,64
3135.0,18.2238,18.2,18.2089,18.24,18.2,2026-08-06 16:14:00,62
1614.0,18.2135,18.205,18.215,18.22,18.191,2026-08-06 16:15:00,52
2188.5714,18.193,18.2,18.21,18.21,18.161,2026-08-06 16:16:00,67
970.0,18.1924,18.19,18.19,18.19,18.19,2026-08-06 16:17:00,69
1760.595822,18.1961,18.21,18.1744,18.21,18.1744,2026-08-06 16:18:00,68
301.0,18.1992,18.2,18.2,18.2,18.2,2026-08-06 16:19:00,29
1604.0,18.1622,18.18,18.13,18.18,18.13,2026-08-06 16:20:00,79
990.355201,18.143,18.12,18.12,18.12,18.12,2026-08-06 16:21:00,54
1534.0,18.1086,18.11,18.09,18.111,18.09,2026-08-06 16:22:00,50
1144.627762,18.0823,18.075,18.06,18.075,18.06,2026-08-06 16:23:00,39
4187.0,18.0511,18.06,18.06,18.06,18.01,2026-08-06 16:24:00,96
2122.644681,18.0809,18.075,18.07,18.0897,18.0601,2026-08-06 16:25:00,40
1334.0,18.0772,18.0794,18.08,18.08,18.07,2026-08-06 16:26:00,47
2922.0,18.0766,18.07,18.07,18.09,18.06,2026-08-06 16:27:00,54
2563.1063,18.0717,18.07,18.06,18.075,18.06,2026-08-06 16:28:00,111
2072.0,18.0578,18.05,18.065,18.065,18.05,2026-08-06 16:29:00,97
1789.0,18.0582,18.06,18.055,18.06,18.055,2026-08-06 16:30:00,81
1700.0,18.0669,18.06,18.07,18.08,18.06,2026-08-06 16:31:00,41
6594.0,18.1092,18.09,18.095,18.14,18.09,2026-08-06 16:32:00,141
1574.0,18.0852,18.09,18.09,18.09,18.076,2026-08-06 16:33:00,32
521.0,18.0852,18.09,18.07,18.09,18.07,2026-08-06 16:34:00,18
17933.0,17.9782,18.1,17.9701,18.1,17.96,2026-08-06 16:35:00,115
2841.771666,17.9963,17.971,18.0,18.0,17.971,2026-08-06 16:36:00,65
686.92,18.0343,18.02,18.02,18.02,18.02,2026-08-06 16:37:00,30
1027.0,18.0224,18.03,18.03,18.03,18.03,2026-08-06 16:38:00,56
1688.783363,18.053,18.03,18.058,18.058,18.03,2026-08-06 16:39:00,54
2314.0,18.0236,18.04,18.02,18.04,18.02,2026-08-06 16:40:00,61
3719.0,17.9939,18.015,18.02,18.02,17.975,2026-08-06 16:41:00,57
886.0,18.0278,18.015,18.03,18.05,18.015,2026-08-06 16:42:00,25
863.952767,18.0513,18.032,18.035,18.05,18.032,2026-08-06 16:43:00,39
2259.19755,18.0154,18.03,18.01,18.03,18.01,2026-08-06 16:44:00,29
3413.0,17.9931,18.0,18.0,18.0,17.99,2026-08-06 16:45:00,68
7934.0,17.9641,18.0,17.95,18.0,17.95,2026-08-06 16:46:00,69
1595.595822,17.9423,17.95,17.925,17.95,17.925,2026-08-06 16:47:00,51
6661.0,17.9286,17.93,17.94,17.94,17.9019,2026-08-06 16:48:00,88
2004.0,17.9361,17.931,17.96,17.96,17.92,2026-08-06 16:49:00,49
5975.0,18.001,17.98,18.03,18.03,17.98,2026-08-06 16:50:00,75
1528.0,18.0564,18.07,18.08,18.08,18.07,2026-08-06 16:51:00,56
1502.448143,18.057,18.08,18.06,18.08,18.05,2026-08-06 16:52:00,68
2109.0,18.0441,18.03,18.03,18.06,18.03,2026-08-06 16:53:00,57
378.5841,18.063,18.035,18.035,18.035,18.035,2026-08-06 16:54:00,24
4248.0,18.0567,18.06,18.095,18.095,18.06,2026-08-06 16:55:00,72
1954.5187,18.0958,18.1,18.08,18.1,18.08,2026-08-06 16:56:00,47
1359.256331,18.0489,18.055,18.02,18.055,18.02,2026-08-06 16:57:00,45
2553.0,18.0209,18.02,18.06,18.06,17.99,2026-08-06 16:58:00,65
4253.0,18.0692,18.07,18.06,18.07,18.06,2026-08-06 16:59:00,57
2517.0,18.0351,18.03,18.03,18.04,18.03,2026-08-06 17:00:00,45
6039.0,18.0109,18.04,18.015,18.04,18.0,2026-08-06 17:01:00,116
3363.0,18.0201,18.02,18.02,18.025,18.02,2026-08-06 17:02:00,52
1375.0,18.0138,18.02,18.015,18.02,18.005,2026-08-06 17:03:00,71
2739.5856,18.0225,18.001,18.04,18.04,18.001,2026-08-06 17:04:00,82
5836.1789,18.0688,18.02,18.08,18.0806,18.02,2026-08-06 17:05:00,59
5710.932468,18.1148,18.11,18.095,18.155,18.09,2026-08-06 17:06:00,71
1367.965133,18.0634,18.07,18.04,18.07,18.03,2026-08-06 17:07:00,38
6481.113595,18.0486,18.05,18.0401,18.05,18.04,2026-08-06 17:08:00,78
1653.543052,18.0472,18.04,18.03,18.04,18.03,2026-08-06 17:09:00,29
5405.0,18.0449,18.03,18.05,18.0522,18.03,2026-08-06 17:10:00,51
2443.16629,18.0458,18.05,18.05,18.05,18.04,2026-08-06 17:11:00,43
4615.0,18.0209,18.04,18.03,18.04,17.99,2026-08-06 17:12:00,70
2275.0,18.0603,18.05,18.065,18.075,18.05,2026-08-06 17:13:00,58
5531.0,18.1263,18.07,18.115,18.17,18.07,2026-08-06 17:14:00,110
3175.394063,18.0911,18.12,18.05,18.12,18.05,2026-08-06 17:15:00,69
2202.0,18.0063,18.0,17.99,18.0,17.99,2026-08-06 17:16:00,49
5343.0,17.9628,17.96,17.96,17.96,17.95,2026-08-06 17:17:00,57
4889.111728,17.9816,17.95,17.99,17.99,17.95,2026-08-06 17:18:00,87
7479.0,18.0546,18.0,18.14,18.15,18.0,2026-08-06 17:19:00,127
1926.0,18.1691,18.14,18.16,18.185,18.14,2026-08-06 17:20:00,28
4727.0,18.1572,18.16,18.18,18.18,18.15,2026-08-06 17:21:00,77
4637.0,18.1753,18.2,18.21,18.21,18.16,2026-08-06 17:22:00,91
467.0,18.1491,18.195,18.195,18.195,18.195,2026-08-06 17:23:00,37
2286.1102,18.167,18.17,18.16,18.17,18.16,2026-08-06 17:24:00,72
5065.0,18.1829,18.17,18.22,18.22,18.16,2026-08-06 17:25:00,79
3850.0,18.2164,18.24,18.22,18.24,18.21,2026-08-06 17:26:00,60
9622.0,18.2613,18.215,18.24,18.3,18.215,2026-08-06 17:27:00,118
692.0,18.1868,18.2,18.19,18.2,18.19,2026-08-06 17:28:00,38
3721.0,18.131,18.1306,18.13,18.1306,18.13,2026-08-06 17:29:00,52
859.457193,18.0771,18.06,18.06,18.06,18.055,2026-08-06 17:30:00,60
2586.0,18.0515,18.06,18.02,18.06,18.02,2026-08-06 17:31:00,73
742.0,17.9748,17.96,17.97,17.97,17.96,2026-08-06 17:33:00,48
268.0,17.9801,17.97,17.97,17.97,17.97,2026-08-06 17:34:00,43
893.0,17.9902,17.98,17.99,17.99,17.98,2026-08-06 17:35:00,35
3939.0,17.9761,17.97,17.945,17.9993,17.945,2026-08-06 17:37:00,73
703.0,17.9674,17.96,17.96,17.96,17.96,2026-08-06 17:38:00,30
2228.0,17.9422,17.95,17.92,17.95,17.92,2026-08-06 17:39:00,48
5074.503637,17.9,17.92,17.9,17.92,17.8622,2026-08-06 17:40:00,81
2736.453325,17.8744,17.89,17.86,17.89,17.86,2026-08-06 17:41:00,82
2473.168067,17.8552,17.85,17.8506,17.86,17.85,2026-08-06 17:43:00,69
1092.0,17.8503,17.845,17.85,17.85,17.845,2026-08-06 17:44:00,42
2260.0,17.8827,17.86,17.9,17.9,17.86,2026-08-06 17:45:00,51
467.0,17.8873,17.89,17.89,17.89,17.89,2026-08-06 17:46:00,30
1235.118155,17.8908,17.9,17.88,17.9,17.88,2026-08-06 17:47:00,56
4050.452475,17.8849,17.875,17.9,17.9,17.86,2026-08-06 17:48:00,116
1795.0,17.904,17.91,17.905,17.91,17.9,2026-08-06 17:49:00,71
663.0,17.9076,17.91,17.91,17.91,17.91,2026-08-06 17:50:00,64
6557.0,17.9134,17.9,17.91,17.92,17.9,2026-08-06 17:51:00,71
763.0,17.9181,17.925,17.93,17.93,17.925,2026-08-06 17:52:00,62
11806.895604,17.8714,17.92,17.85,17.92,17.84,2026-08-06 17:53:00,198
4085.0,17.8349,17.84,17.83,17.84,17.83,2026-08-06 17:54:00,79
2756.374166,17.8683,17.835,17.88,17.88,17.835,2026-08-06 17:55:00,70
627.0004,17.8818,17.88,17.88,17.885,17.88,2026-08-06 17:56:00,28
6354.3163,17.8788,17.87,17.9068,17.91,17.86,2026-08-06 17:57:00,71
4853.448,17.9111,17.92,17.91,17.92,17.901,2026-08-06 17:58:00,78
15950.315,17.9206,17.91,17.915,17.94,17.9,2026-08-06 17:59:00,102
1068.0,17.9119,17.91,17.9,17.92,17.9,2026-08-06 18:00:00,42
7071.0,17.8778,17.905,17.87,17.905,17.87,2026-08-06 18:01:00,29
2253.589945,17.8688,17.85,17.87,17.88,17.85,2026-08-06 18:02:00,76
6511.0,17.9047,17.87,17.92,17.93,17.87,2026-08-06 18:03:00,116
847.0,17.9364,17.945,17.9475,17.9475,17.945,2026-08-06 18:05:00,21
5267.0,17.9596,17.945,17.98,17.98,17.945,2026-08-06 18:06:00,74
1834.0,17.9522,17.96,17.93,17.96,17.93,2026-08-06 18:07:00,31
2130.0,17.9374,17.9369,17.96,17.96,17.93,2026-08-06 18:08:00,27
2829.0,17.9465,17.94,17.96,17.96,17.93,2026-08-06 18:09:00,52
1448.0,17.9418,17.985,17.9401,17.985,17.9401,2026-08-06 18:10:00,27
521.0,17.9505,17.955,17.955,17.955,17.955,2026-08-06 18:11:00,26
3262.0,17.9639,17.955,17.945,17.98,17.945,2026-08-06 18:12:00,59
1306.0,17.9481,17.9544,17.94,17.9544,17.94,2026-08-06 18:13:00,48
3076.0,17.9583,17.945,17.97,17.97,17.94,2026-08-06 18:14:00,51
1980.16,17.9561,17.96,17.945,17.96,17.945,2026-08-06 18:15:00,58
2928.0,17.924,17.94,17.935,17.94,17.9,2026-08-06 18:16:00,71
653.0,17.9371,17.94,17.935,17.94,17.935,2026-08-06 18:17:00,27
5805.0,17.9297,17.93,17.95,17.95,17.92,2026-08-06 18:18:00,60
4216.0,17.9179,17.94,17.91,17.94,17.89,2026-08-06 18:19:00,106
4223.0,17.8642,17.915,17.85,17.915,17.83,2026-08-06 18:20:00,77
3237.0,17.8339,17.84,17.84,17.84,17.82,2026-08-06 18:21:00,87
2661.0,17.8441,17.84,17.84,17.845,17.84,2026-08-06 18:22:00,55
2834.06,17.8564,17.85,17.841,17.86,17.841,2026-08-06 18:23:00,60
12091.0,17.7966,17.84,17.795,17.84,17.77,2026-08-06 18:24:00,104
2426.0,17.8194,17.81,17.81,17.821,17.81,2026-08-06 18:25:00,41
6520.0,17.8103,17.815,17.825,17.825,17.795,2026-08-06 18:26:00,83
3295.0,17.8295,17.825,17.83,17.83,17.82,2026-08-06 18:27:00,42
11515.728617,17.8179,17.8699,17.79,17.8699,17.79,2026-08-06 18:28:00,128
11660.844036,17.787,17.78,17.795,17.83,17.78,2026-08-06 18:29:00,83
3850.191389,17.7988,17.79,17.81,17.815,17.79,2026-08-06 18:30:00,73
3817.0,17.8273,17.82,17.81,17.845,17.805,2026-08-06 18:31:00,101
1224.3439,17.8113,17.81,17.8,17.81,17.8,2026-08-06 18:32:00,64
1211.0,17.792,17.79,17.79,17.79,17.79,2026-08-06 18:33:00,81
4100.0,17.7678,17.785,17.735,17.785,17.735,2026-08-06 18:34:00,85
1646.0,17.7523,17.74,17.765,17.765,17.74,2026-08-06 18:35:00,83
1819.015,17.7683,17.77,17.77,17.77,17.76,2026-08-06 18:36:00,72
1762.345011,17.7737,17.77,17.76,17.77,17.76,2026-08-06 18:37:00,67
5644.0,17.7815,17.77,17.8,17.8,17.77,2026-08-06 18:38:00,86
2970.0,17.8163,17.81,17.82,17.82,17.81,2026-08-06 18:39:00,98
2408.5371,17.8175,17.82,17.81,17.82,17.805,2026-08-06 18:40:00,83
1498.0,17.7926,17.8,17.79,17.8,17.79,2026-08-06 18:41:00,76
8466.0,17.802,17.78,17.86,17.86,17.78,2026-08-06 18:42:00,114
22461.0,17.9337,17.86,17.99,18.035,17.86,2026-08-06 18:43:00,192
4140.3331,18.0003,17.98,18.01,18.01,17.98,2026-08-06 18:44:00,89
9482.0,18.0477,18.015,18.05,18.09,18.015,2026-08-06 18:47:00,112
3840.2187,18.0496,18.041,18.045,18.08,18.0301,2026-08-06 18:48:00,81
13916.0,18.0361,18.025,18.075,18.09,18.015,2026-08-06 18:49:00,144
3760.1215,18.0912,18.08,18.1,18.1,18.08,2026-08-06 18:50:00,69
6720.0,18.0852,18.11,18.05,18.12,18.04,2026-08-06 18:51:00,110
3401.0,18.0384,18.045,18.055,18.06,18.01,2026-08-06 18:52:00,64
692.0,18.0472,18.04,18.05,18.05,18.04,2026-08-06 18:53:00,27
1990.0,18.0279,18.045,18.02,18.045,18.01,2026-08-06 18:54:00,62
1796.27746,18.0278,18.02,18.03,18.03,18.02,2026-08-06 18:55:00,43
1639.098166,18.0298,18.03,18.02,18.04,18.02,2026-08-06 18:56:00,45
1002.0,18.0293,18.02,18.02,18.02,18.02,2026-08-06 18:57:00,33
2817.0,18.0164,18.02,17.995,18.02,17.99,2026-08-06 18:58:00,38
4667.0,17.9781,17.99,17.98,17.99,17.96,2026-08-06 18:59:00,84
1297.0,17.9946,17.99,18.0,18.0,17.99,2026-08-06 19:00:00,53
4673.45036,18.0234,18.005,18.055,18.055,18.0,2026-08-06 19:01:00,80
5729.0,18.0476,18.05,18.06,18.07,18.04,2026-08-06 19:02:00,82
4386.0,18.0433,18.05,18.03,18.05,18.02,2026-08-06 19:03:00,58
10306.0,18.0986,18.03,18.09,18.14,18.03,2026-08-06 19:04:00,123
1847.104173,18.0957,18.09,18.105,18.11,18.09,2026-08-06 19:05:00,31
5801.055703,18.071,18.09,18.051,18.095,18.05,2026-08-06 19:06:00,92
2971.0,18.0395,18.065,18.04,18.065,18.02,2026-08-06 19:07:00,71
2618.919,18.0699,18.08,18.06,18.08,18.06,2026-08-06 19:08:00,63
3173.1104,18.0786,18.06,18.12,18.12,18.06,2026-08-06 19:09:00,69
4215.0,18.1331,18.11,18.155,18.158,18.11,2026-08-06 19:10:00,59
2920.190878,18.1678,18.17,18.1882,18.1882,18.16,2026-08-06 19:11:00,65
5613.0,18.1714,18.18,18.19,18.19,18.17,2026-08-06 19:12:00,103
3722.769961,18.1824,18.18,18.175,18.185,18.175,2026-08-06 19:13:00,67
4018.0,18.1584,18.175,18.125,18.175,18.1201,2026-08-06 19:14:00,85
3953.0,18.1257,18.125,18.13,18.1451,18.11,2026-08-06 19:15:00,76
1133.013226,18.1297,18.13,18.13,18.13,18.13,2026-08-06 19:16:00,30
5580.0,18.1186,18.13,18.12,18.13,18.11,2026-08-06 19:17:00,106
30185.0,18.0584,18.12,18.03,18.12,18.02,2026-08-06 19:18:00,170
28637.0,18.1205,18.045,18.14,18.1726,18.045,2026-08-06 19:19:00,181
2573.0,18.1315,18.14,18.145,18.145,18.125,2026-08-06 19:20:00,46
6285.0,18.117,18.145,18.09,18.145,18.09,2026-08-06 19:21:00,114
1669.0,18.0835,18.07,18.08,18.08,18.07,2026-08-06 19:22:00,43
4803.0,18.0819,18.08,18.08,18.09,18.075,2026-08-06 19:23:00,71
5296.0,18.0698,18.08,18.055,18.08,18.05,2026-08-06 19:24:00,75
3468.0,18.0492,18.05,18.04,18.055,18.04,2026-08-06 19:25:00,50
3925.0,18.047,18.05,18.035,18.055,18.035,2026-08-06 19:26:00,55
3472.0,18.0411,18.035,18.06,18.06,18.035,2026-08-06 19:27:00,57
4873.0,18.0638,18.065,18.065,18.07,18.055,2026-08-06 19:28:00,81
3713.099,18.0722,18.07,18.065,18.075,18.065,2026-08-06 19:29:00,68
8562.07,18.0664,18.065,18.08,18.08,18.06,2026-08-06 19:30:00,143
9453.0,18.105,18.09,18.14,18.14,18.08,2026-08-06 19:31:00,141
2809.0,18.1256,18.13,18.13,18.14,18.13,2026-08-06 19:32:00,53
5585.082293,18.098,18.128,18.08,18.128,18.0701,2026-08-06 19:33:00,88
3671.7764,18.0812,18.07,18.085,18.1,18.065,2026-08-06 19:34:00,64
1285.0,18.1078,18.11,18.12,18.12,18.11,2026-08-06 19:35:00,30
1234.0371,18.1121,18.11,18.12,18.12,18.11,2026-08-06 19:36:00,42
8453.828,18.1151,18.11,18.11,18.13,18.1,2026-08-06 19:37:00,115
3322.0,18.1011,18.11,18.1,18.11,18.1,2026-08-06 19:38:00,53
6441.337102,18.1084,18.105,18.11,18.12,18.1,2026-08-06 19:39:00,87
76648.0,18.2057,18.115,18.165,18.2298,18.0998,2026-08-06 19:40:00,293
8499.0,18.142,18.165,18.13,18.17,18.12,2026-08-06 19:41:00,103
3210.0,18.1412,18.1399,18.14,18.14,18.13,2026-08-06 19:42:00,52
5361.0,18.1424,18.14,18.155,18.155,18.135,2026-08-06 19:43:00,91
5996.0,18.1616,18.155,18.2,18.2,18.15,2026-08-06 19:44:00,100
9299.0,18.2318,18.19,18.245,18.25,18.19,2026-08-06 19:45:00,104
7334.434322,18.2353,18.245,18.23,18.245,18.225,2026-08-06 19:46:00,136
4664.0,18.2298,18.235,18.23,18.235,18.225,2026-08-06 19:47:00,71
13268.0,18.2255,18.22,18.24,18.25,18.202,2026-08-06 19:48:00,126
7737.0,18.2289,18.24,18.24,18.24,18.225,2026-08-06 19:49:00,118
14998.0,18.3005,18.25,18.35,18.358,18.25,2026-08-06 19:50:00,197
10738.751,18.3341,18.345,18.335,18.35,18.325,2026-08-06 19:51:00,144
13308.361,18.3365,18.34,18.335,18.35,18.33,2026-08-06 19:52:00,166
7189.0,18.3373,18.335,18.345,18.345,18.335,2026-08-06 19:53:00,112
20676.0,18.3016,18.345,18.225,18.35,18.225,2026-08-06 19:54:00,262
40891.856917,18.1001,18.2,17.99,18.2,17.99,2026-08-06 19:55:00,496
69484.0,18.0563,17.98,18.14,18.14,17.98,2026-08-06 19:56:00,644
40528.0,18.0169,18.14,17.92,18.14,17.92,2026-08-06 19:57:00,547
66642.0,17.9504,17.93,17.99,18.0,17.92,2026-08-06 19:58:00,720
125259.53996,18.0314,17.99,18.105,18.12,17.98,2026-08-06 19:59:00,711
1403.62482,18.1181,18.11,18.11,18.11,18.11,2026-08-06 20:00:00,9
240.0,18.16,18.16,18.16,18.16,18.16,2026-08-06 23:14:00,1
200.0,18.2,18.2,18.2,18.2,18.2,2026-08-06 23:36:00,1
255.275869,18.1736,18.15,18.15,18.15,18.15,2026-08-07 08:57:00,27
175.0,18.49,18.49,18.49,18.49,18.49,2026-08-07 11:07:00,1
1202.0,18.4741,18.49,18.47,18.49,18.47,2026-08-07 11:15:00,23
123.0,18.5,18.5,18.5,18.5,18.5,2026-08-07 11:21:00,1
300.0,18.575,18.56,18.56,18.56,18.56,2026-08-07 11:23:00,3
115.0,18.5983,18.6,18.6,18.6,18.6,2026-08-07 11:30:00,2
500.0,18.6,18.6,18.6,18.6,18.6,2026-08-07 11:40:00,2
101.0,18.7,18.7,18.7,18.7,18.7,2026-08-07 12:44:00,2
101.0,18.6401,18.64,18.64,18.64,18.64,2026-08-07 12:46:00,2
5052.0,18.7293,18.66,18.82,18.89,18.66,2026-08-07 12:48:00,21
3003.0,18.91,18.91,18.91,18.91,18.91,2026-08-07 12:50:00,3
100.0,19.0,19.0,19.0,19.0,19.0,2026-08-07 12:59:00,1
100.0,18.7363,18.7363,18.7363,18.7363,18.7363,2026-08-07 13:20:00,1
26055.055693,18.6251,18.64,18.5611,18.74,18.54,2026-08-07 13:30:00,135
7565.574827,18.5363,18.55,18.546,18.6,18.435,2026-08-07 13:31:00,100
4006.0,18.5842,18.545,18.555,18.64,18.52,2026-08-07 13:32:00,42
17860.4844,18.7454,18.555,18.96,18.9797,18.555,2026-08-07 13:33:00,93
29798.82935,18.7847,18.91,18.51,18.9799,18.51,2026-08-07 13:34:00,128
3680.801603,18.66,18.63,18.668,18.71,18.59,2026-08-07 13:35:00,22
7147.202257,18.6786,18.66,18.7,18.72,18.615,2026-08-07 13:36:00,50
15453.31349,18.797,18.7454,18.735,18.83,18.7,2026-08-07 13:37:00,48
8295.096,18.7891,18.81,18.85,18.9065,18.715,2026-08-07 13:38:00,70
8022.616245,18.9049,18.815,18.89,18.99,18.815,2026-08-07 13:39:00,89
12096.1425,18.8548,18.8124,18.89,18.94,18.81,2026-08-07 13:40:00,69
103054.09336,18.9622,18.9,18.78,19.0,18.72,2026-08-07 13:41:00,482
10377.42,18.7709,18.785,18.86,18.8702,18.72,2026-08-07 13:42:00,53
5437.0,18.8403,18.825,18.86,18.86,18.81,2026-08-07 13:43:00,41
8049.1995,18.8651,18.865,18.83,18.91,18.83,2026-08-07 13:44:00,44
17111.57358,18.6833,18.77,18.565,18.77,18.5504,2026-08-07 13:45:00,376
56644.334013,18.4253,18.52,18.48,18.57,18.29,2026-08-07 13:46:00,348
2748.0,18.4111,18.3673,18.42,18.5,18.35,2026-08-07 13:47:00,15
3581.054086,18.3695,18.4999,18.36,18.4999,18.32,2026-08-07 13:48:00,60
7106.28229,18.2844,18.36,18.265,18.36,18.26,2026-08-07 13:49:00,104
3828.0,18.3108,18.26,18.33,18.3797,18.26,2026-08-07 13:50:00,78
6698.036373,18.3418,18.35,18.42,18.42,18.3,2026-08-07 13:51:00,79
5145.388141,18.4782,18.415,18.53,18.57,18.4,2026-08-07 13:52:00,114
6620.412061,18.5508,18.58,18.4922,18.62,18.4922,2026-08-07 13:53:00,80
3082.1,18.5396,18.4903,18.555,18.57,18.4903,2026-08-07 13:54:00,86
3503.8337,18.5975,18.568,18.64,18.64,18.568,2026-08-07 13:55:00,120
4853.20206,18.6014,18.65,18.4648,18.65,18.46,2026-08-07 13:56:00,65
1910.216747,18.4874,18.465,18.47,18.5,18.465,2026-08-07 13:57:00,21
3285.0,18.5303,18.51,18.6,18.6,18.5,2026-08-07 13:58:00,68
4112.494152,18.6697,18.6,18.72,18.72,18.6,2026-08-07 13:59:00,113
5093.0428,18.6556,18.7,18.6997,18.7,18.59,2026-08-07 14:00:00,114
1306.0,18.5865,18.625,18.52,18.625,18.52,2026-08-07 14:01:00,51
9288.102265,18.4582,18.5,18.51,18.51,18.42,2026-08-07 14:02:00,78
6343.0,18.5581,18.56,18.5223,18.61,18.5223,2026-08-07 14:03:00,74
19521.624186,18.4513,18.4942,18.42,18.5,18.4019,2026-08-07 14:04:00,74
3012.0,18.4461,18.46,18.46,18.505,18.42,2026-08-07 14:05:00,55
2561.489419,18.5094,18.43,18.505,18.54,18.43,2026-08-07 14:06:00,79
4093.073539,18.5255,18.56,18.52,18.56,18.51,2026-08-07 14:07:00,44
1584.0,18.5674,18.53,18.57,18.57,18.53,2026-08-07 14:08:00,66
2442.0,18.5319,18.52,18.5454,18.5454,18.5,2026-08-07 14:09:00,43
7335.2418,18.4405,18.54,18.335,18.55,18.3,2026-08-07 14:10:00,89
35117.0,18.2613,18.37,18.2201,18.37,18.18,2026-08-07 14:11:00,215
7802.048958,18.1688,18.22,18.15,18.22,18.15,2026-08-07 14:12:00,69
6200.4,18.1657,18.16,18.19,18.24,18.12,2026-08-07 14:13:00,49
4000.06,18.2213,18.19,18.27,18.27,18.13,2026-08-07 14:14:00,47
5868.0,18.3033,18.27,18.325,18.37,18.27,2026-08-07 14:15:00,70
7657.0,18.3294,18.325,18.38,18.39,18.28,2026-08-07 14:16:00,26
12752.0,18.354,18.335,18.335,18.44,18.3,2026-08-07 14:17:00,135
1643.36314,18.29,18.29,18.32,18.32,18.26,2026-08-07 14:18:00,39
13363.0,18.3302,18.29,18.35,18.36,18.29,2026-08-07 14:19:00,75
3915.0,18.3794,18.405,18.39,18.44,18.37,2026-08-07 14:20:00,93
4211.0,18.3968,18.38,18.39,18.41,18.38,2026-08-07 14:21:00,38
2303.0,18.3518,18.35,18.36,18.37,18.34,2026-08-07 14:22:00,68
410.0,18.3773,18.39,18.39,18.39,18.39,2026-08-07 14:23:00,18
3074.294593,18.3643,18.4,18.38,18.4,18.34,2026-08-07 14:24:00,59
2986.0,18.4445,18.37,18.4897,18.4897,18.37,2026-08-07 14:25:00,59
1774.645,18.4372,18.43,18.43,18.44,18.43,2026-08-07 14:26:00,34
9660.60433,18.4496,18.46,18.43,18.464,18.39,2026-08-07 14:27:00,131
1603.0,18.3971,18.4,18.39,18.425,18.38,2026-08-07 14:28:00,42
1910.0,18.3258,18.36,18.3,18.36,18.3,2026-08-07 14:29:00,48
813.0,18.2602,18.275,18.21,18.275,18.21,2026-08-07 14:30:00,22
2241.9207,18.1675,18.19,18.1358,18.19,18.1358,2026-08-07 14:31:00,26
4682.1076,18.2233,18.155,18.215,18.25,18.155,2026-08-07 14:32:00,47
806.570958,18.2505,18.23,18.23,18.23,18.23,2026-08-07 14:33:00,30
865.0,18.27,18.2686,18.275,18.28,18.2686,2026-08-07 14:34:00,29
4298.1523,18.2753,18.31,18.24,18.315,18.24,2026-08-07 14:35:00,82
3123.0,18.1965,18.22,18.17,18.22,18.17,2026-08-07 14:36:00,62
2218.776,18.1656,18.17,18.16,18.17,18.14,2026-08-07 14:37:00,46
3415.0,18.1995,18.155,18.27,18.27,18.155,2026-08-07 14:38:00,54
6782.504559,18.1426,18.25,18.06,18.25,18.06,2026-08-07 14:39:00,118
2929.0,18.0834,18.06,18.09,18.12,18.06,2026-08-07 14:40:00,40
1653.241093,18.1174,18.09,18.125,18.125,18.09,2026-08-07 14:41:00,34
2654.646507,18.0897,18.125,18.05,18.125,18.05,2026-08-07 14:42:00,52
5193.0,18.0456,18.06,18.08,18.08,18.01,2026-08-07 14:43:00,110
1935.148497,18.0589,18.065,18.06,18.0846,18.03,2026-08-07 14:44:00,45
1219.35411,18.1037,18.13,18.1,18.13,18.0763,2026-08-07 14:45:00,45
3367.0,18.0903,18.09,18.0601,18.11,18.05,2026-08-07 14:46:00,45
2386.0,18.0764,18.05,18.0914,18.125,18.05,2026-08-07 14:47:00,54
3475.80011,18.1083,18.1,18.1,18.12,18.09,2026-08-07 14:48:00,51
8508.0,18.1115,18.11,18.11,18.14,18.08,2026-08-07 14:49:00,147
1516.541586,18.103,18.11,18.095,18.11,18.09,2026-08-07 14:50:00,50
1537.0,18.073,18.08,18.03,18.08,18.03,2026-08-07 14:51:00,42
5085.0,18.0442,18.04,18.04,18.075,18.03,2026-08-07 14:52:00,81
406.249,18.077,18.05,18.05,18.05,18.05,2026-08-07 14:53:00,29
2828.0,18.0698,18.05,18.05,18.0916,18.04,2026-08-07 14:54:00,55
994.046525,18.0414,18.04,18.035,18.04,18.035,2026-08-07 14:55:00,35
1117.0,18.0523,18.05,18.08,18.08,18.05,2026-08-07 14:56:00,38
11143.978,18.0614,18.04,18.08,18.08,18.04,2026-08-07 14:57:00,65
945.0,18.0872,18.08,18.12,18.12,18.08,2026-08-07 14:58:00,30
8065.0,18.0541,18.09,18.1,18.12,18.02,2026-08-07 14:59:00,110
1907.0,18.0961,18.11,18.08,18.11,18.08,2026-08-07 15:00:00,31
2730.0,18.0828,18.04,18.1497,18.1497,18.04,2026-08-07 15:01:00,75
734.0,18.1069,18.12,18.12,18.12,18.12,2026-08-07 15:02:00,20
2534.0,18.0876,18.12,18.08,18.15,18.08,2026-08-07 15:03:00,53
818.0,18.0293,18.035,18.0254,18.035,18.01,2026-08-07 15:04:00,16
3607.0,18.0544,18.035,18.08,18.09,18.0103,2026-08-07 15:05:00,60
2045.0,18.1346,18.1,18.18,18.18,18.1,2026-08-07 15:06:00,40
2396.0,18.1626,18.18,18.13,18.19,18.13,2026-08-07 15:07:00,40
2208.0,18.118,18.13,18.12,18.1305,18.11,2026-08-07 15:08:00,49
2126.550286,18.142,18.13,18.135,18.14,18.13,2026-08-07 15:09:00,25
6742.550286,18.1738,18.15,18.17,18.1884,18.15,2026-08-07 15:11:00,93
17855.0,18.2346,18.175,18.3,18.3034,18.175,2026-08-07 15:12:00,142
2278.707896,18.3042,18.3,18.3054,18.3054,18.2824,2026-08-07 15:13:00,24
5655.0,18.3498,18.34,18.3469,18.395,18.31,2026-08-07 15:14:00,92
1452.081717,18.3316,18.3255,18.335,18.335,18.3255,2026-08-07 15:15:00,14
1932.0,18.3539,18.335,18.35,18.37,18.335,2026-08-07 15:16:00,25
2069.981591,18.334,18.34,18.33,18.34,18.2916,2026-08-07 15:17:00,47
803.750427,18.3578,18.35,18.34,18.35,18.34,2026-08-07 15:18:00,36
909.314,18.359,18.34,18.375,18.38,18.34,2026-08-07 15:19:00,27
1897.0,18.4123,18.3801,18.445,18.45,18.3801,2026-08-07 15:20:00,49
1728.0,18.422,18.43,18.4,18.46,18.4,2026-08-07 15:21:00,53
1083.0,18.4095,18.4,18.425,18.425,18.4,2026-08-07 15:22:00,37
26045.0,18.3272,18.41,18.2536,18.41,18.25,2026-08-07 15:23:00,224
10230.2004,18.2163,18.25,18.25,18.25,18.2,2026-08-07 15:24:00,94
1852.0,18.2428,18.25,18.26,18.26,18.235,2026-08-07 15:25:00,24
848.0,18.2562,18.235,18.255,18.28,18.235,2026-08-07 15:26:00,36
3630.0,18.2848,18.28,18.295,18.295,18.26,2026-08-07 15:27:00,49
2873.0,18.2707,18.27,18.275,18.29,18.27,2026-08-07 15:28:00,48
465.167656,18.2969,18.29,18.29,18.29,18.29,2026-08-07 15:29:00,22
350.0,18.2937,18.29,18.29,18.29,18.29,2026-08-07 15:30:00,16
678.0,18.3058,18.29,18.29,18.29,18.29,2026-08-07 15:31:00,29
463.0,18.3394,18.38,18.38,18.38,18.38,2026-08-07 15:32:00,15
3934.277066,18.3434,18.3624,18.34,18.37,18.34,2026-08-07 15:33:00,56
2174.0,18.3459,18.3475,18.3475,18.3475,18.3475,2026-08-07 15:35:00,14
1486.0,18.3477,18.345,18.36,18.37,18.34,2026-08-07 15:36:00,21
10105.1784,18.364,18.34,18.38,18.41,18.34,2026-08-07 15:37:00,101
312.0,18.3873,18.4,18.4,18.4,18.4,2026-08-07 15:38:00,18
326.2,18.3973,18.39,18.39,18.39,18.39,2026-08-07 15:40:00,15
13377.18,18.4515,18.42,18.4764,18.4862,18.42,2026-08-07 15:41:00,210
1875.444633,18.5004,18.485,18.52,18.52,18.485,2026-08-07 15:42:00,41
8372.840077,18.464,18.49,18.47,18.49,18.445,2026-08-07 15:43:00,62
6257.10851,18.4269,18.47,18.42,18.475,18.4,2026-08-07 15:44:00,65
529.837255,18.4647,18.44,18.45,18.45,18.44,2026-08-07 15:45:00,18
2038.144633,18.4201,18.415,18.45,18.45,18.415,2026-08-07 15:46:00,18
1057.0,18.4283,18.42,18.4194,18.45,18.4194,2026-08-07 15:47:00,29
7148.0,18.412,18.44,18.4,18.44,18.4,2026-08-07 15:48:00,94
1664.0,18.4105,18.4099,18.41,18.41,18.4099,2026-08-07 15:49:00,18
4358.0,18.3909,18.41,18.4,18.41,18.37,2026-08-07 15:50:00,128
3762.0,18.448,18.44,18.46,18.46,18.44,2026-08-07 15:51:00,43
2162.18,18.4649,18.48,18.46,18.48,18.45,2026-08-07 15:53:00,44
6695.55891,18.5616,18.48,18.64,18.645,18.48,2026-08-07 15:54:00,71
6058.5224,18.6262,18.64,18.6107,18.65,18.61,2026-08-07 15:55:00,79
6364.0,18.6186,18.61,18.61,18.6301,18.6,2026-08-07 15:56:00,78
2846.0,18.5859,18.64,18.57,18.64,18.56,2026-08-07 15:57:00,64
439.0,18.5877,18.58,18.58,18.58,18.58,2026-08-07 15:58:00,14
2328.99,18.5631,18.56,18.53,18.575,18.53,2026-08-07 15:59:00,49
3811.0,18.531,18.52,18.515,18.545,18.51,2026-08-07 16:00:00,66
3638.0,18.4983,18.51,18.47,18.51,18.47,2026-08-07 16:01:00,71
2096.376,18.4443,18.45,18.4144,18.45,18.4144,2026-08-07 16:02:00,34
3229.0,18.4543,18.43,18.49,18.49,18.43,2026-08-07 16:03:00,47
6443.236667,18.5654,18.52,18.61,18.61,18.52,2026-08-07 16:04:00,78
14816.0,18.6108,18.61,18.605,18.645,18.6,2026-08-07 16:05:00,81
19770.0,18.6741,18.62,18.64,18.74,18.61,2026-08-07 16:06:00,210
1599.345091,18.6274,18.64,18.58,18.645,18.58,2026-08-07 16:07:00,34
768.858829,18.6645,18.6462,18.6462,18.6462,18.6462,2026-08-07 16:08:00,30
4300.0,18.5954,18.6,18.59,18.6,18.58,2026-08-07 16:09:00,73
1600.0,18.6083,18.605,18.62,18.62,18.605,2026-08-07 16:10:00,18
1993.147,18.6072,18.61,18.6049,18.61,18.6,2026-08-07 16:11:00,48
3088.934963,18.5932,18.6,18.585,18.6,18.57,2026-08-07 16:12:00,90
4265.0,18.5571,18.57,18.55,18.575,18.55,2026-08-07 16:13:00,58
1645.0,18.561,18.55,18.5599,18.56,18.55,2026-08-07 16:15:00,55
1018.684153,18.5867,18.575,18.56,18.575,18.56,2026-08-07 16:16:00,52
6110.0,18.5291,18.555,18.5201,18.555,18.5201,2026-08-07 16:17:00,35
907.18,18.5521,18.55,18.53,18.55,18.53,2026-08-07 16:18:00,37
1324.026694,18.5596,18.56,18.57,18.57,18.555,2026-08-07 16:19:00,25
755.425912,18.611,18.59,18.61,18.62,18.59,2026-08-07 16:20:00,31
903.0536,18.588,18.61,18.61,18.61,18.61,2026-08-07 16:21:00,29
883.0,18.5984,18.61,18.615,18.615,18.61,2026-08-07 16:22:00,38
2556.0,18.5975,18.6,18.61,18.61,18.59,2026-08-07 16:23:00,67
1246.0,18.587,18.59,18.58,18.59,18.58,2026-08-07 16:24:00,28
3943.0,18.5586,18.58,18.55,18.59,18.54,2026-08-07 16:25:00,70
2988.0,18.5359,18.56,18.51,18.56,18.51,2026-08-07 16:26:00,59
1330.137517,18.4859,18.51,18.465,18.51,18.46,2026-08-07 16:27:00,25
5918.0,18.4827,18.49,18.475,18.49,18.475,2026-08-07 16:28:00,21
2052.0,18.4661,18.47,18.45,18.47,18.45,2026-08-07 16:29:00,41
2252.0,18.4074,18.43,18.4,18.43,18.395,2026-08-07 16:30:00,37
2707.251,18.3921,18.38,18.39,18.4,18.38,2026-08-07 16:31:00,46
1225.0,18.413,18.385,18.41,18.41,18.385,2026-08-07 16:32:00,26
755.0,18.4309,18.43,18.43,18.43,18.43,2026-08-07 16:33:00,20
1879.352604,18.456,18.46,18.47,18.47,18.44,2026-08-07 16:34:00,62
491.360413,18.4686,18.455,18.455,18.455,18.455,2026-08-07 16:35:00,11
2225.0,18.4152,18.455,18.405,18.455,18.39,2026-08-07 16:36:00,47
778.223188,18.3878,18.375,18.3506,18.375,18.3506,2026-08-07 16:37:00,26
1801.0,18.3768,18.35,18.341,18.35,18.341,2026-08-07 16:38:00,22
921.0,18.3841,18.37,18.43,18.43,18.37,2026-08-07 16:39:00,17
890.0,18.3793,18.38,18.3937,18.3937,18.37,2026-08-07 16:40:00,20
425.0,18.3848,18.39,18.39,18.39,18.39,2026-08-07 16:41:00,21
1665.0,18.3678,18.37,18.3772,18.3772,18.35,2026-08-07 16:42:00,28
802.533526,18.399,18.4,18.41,18.41,18.4,2026-08-07 16:43:00,21
1718.0,18.3892,18.3893,18.3893,18.3893,18.3893,2026-08-07 16:44:00,15
2322.0,18.429,18.405,18.425,18.45,18.405,2026-08-07 16:45:00,38
1096.0,18.426,18.43,18.45,18.45,18.43,2026-08-07 16:48:00,23
528.0,18.4303,18.43,18.43,18.43,18.43,2026-08-07 16:49:00,16
1601.3106,18.4677,18.45,18.4596,18.47,18.45,2026-08-07 16:50:00,34
1980.0,18.4461,18.4882,18.42,18.4882,18.42,2026-08-07 16:51:00,54
802.0,18.424,18.42,18.42,18.42,18.42,2026-08-07 16:52:00,20
731.0,18.401,18.41,18.4,18.41,18.4,2026-08-07 16:54:00,30
806.0,18.4029,18.4,18.4,18.4,18.4,2026-08-07 16:56:00,20
3382.0,18.4194,18.42,18.42,18.42,18.42,2026-08-07 16:58:00,40
6501.731909,18.4399,18.43,18.43,18.45,18.41,2026-08-07 16:59:00,93
5509.0,18.4338,18.435,18.45,18.45,18.42,2026-08-07 17:00:00,85
4445.0,18.4351,18.45,18.4475,18.46,18.39,2026-08-07 17:01:00,94
3705.0,18.4754,18.42,18.5,18.5,18.42,2026-08-07 17:02:00,32
3661.2206,18.4951,18.51,18.495,18.51,18.49,2026-08-07 17:03:00,49
2354.9,18.4945,18.49,18.49,18.49,18.48,2026-08-07 17:04:00,65
6682.0,18.4848,18.485,18.51,18.51,18.47,2026-08-07 17:05:00,38
635.0,18.5077,18.53,18.52,18.53,18.52,2026-08-07 17:06:00,28
8019.946122,18.5392,18.53,18.53,18.56,18.53,2026-08-07 17:07:00,122
2152.0,18.5649,18.5594,18.555,18.59,18.555,2026-08-07 17:08:00,30
4500.382131,18.5558,18.548,18.57,18.575,18.548,2026-08-07 17:09:00,64
2082.497382,18.5303,18.55,18.51,18.55,18.505,2026-08-07 17:10:00,54
564.0,18.5303,18.55,18.55,18.55,18.55,2026-08-07 17:11:00,23
3175.0,18.4915,18.53,18.48,18.53,18.47,2026-08-07 17:12:00,59
1611.0,18.4811,18.48,18.46,18.48,18.46,2026-08-07 17:13:00,49
2755.6404,18.4578,18.44,18.43,18.44,18.43,2026-08-07 17:14:00,30
1257.141112,18.4453,18.43,18.43,18.43,18.43,2026-08-07 17:15:00,25
773.162325,18.4607,18.45,18.47,18.47,18.45,2026-08-07 17:16:00,30
3955.0,18.4901,18.49,18.48,18.49,18.48,2026-08-07 17:17:00,32
1515.0,18.5,18.53,18.51,18.53,18.49,2026-08-07 17:18:00,48
1040.0,18.4987,18.535,18.5,18.535,18.5,2026-08-07 17:19:00,33
4351.684301,18.4787,18.49,18.47,18.49,18.46,2026-08-07 17:21:00,78
1979.0,18.4806,18.48,18.5005,18.5005,18.47,2026-08-07 17:23:00,28
1098.0,18.5049,18.51,18.52,18.53,18.51,2026-08-07 17:24:00,41
2654.405888,18.4834,18.5,18.46,18.5,18.46,2026-08-07 17:25:00,47
1067.0,18.4628,18.46,18.4799,18.4799,18.46,2026-08-07 17:26:00,26
1346.0,18.467,18.465,18.465,18.48,18.465,2026-08-07 17:27:00,26
390.0,18.4736,18.48,18.48,18.48,18.48,2026-08-07 17:28:00,13
5346.0,18.4895,18.47,18.525,18.525,18.465,2026-08-07 17:29:00,105
11557.0,18.5517,18.53,18.531,18.575,18.525,2026-08-07 17:30:00,209
3170.0,18.5386,18.52,18.56,18.5699,18.52,2026-08-07 17:31:00,64
2861.0,18.5316,18.54,18.495,18.54,18.495,2026-08-07 17:32:00,50
2256.0,18.4822,18.5,18.465,18.5,18.465,2026-08-07 17:33:00,43
4513.0,18.4666,18.48,18.445,18.48,18.445,2026-08-07 17:34:00,37
3923.0,18.5014,18.46,18.51,18.54,18.46,2026-08-07 17:35:00,68
607.0,18.5125,18.52,18.505,18.53,18.48,2026-08-07 17:36:00,12
3058.0,18.4699,18.52,18.4423,18.52,18.4423,2026-08-07 17:37:00,50
5547.0,18.4233,18.445,18.47,18.47,18.4101,2026-08-07 17:38:00,45
785.693888,18.4908,18.49,18.49,18.49,18.49,2026-08-07 17:39:00,23
2699.057372,18.4848,18.51,18.45,18.51,18.45,2026-08-07 17:40:00,55
768.0,18.4542,18.45,18.455,18.455,18.45,2026-08-07 17:41:00,24
380.806202,18.4835,18.445,18.43,18.445,18.43,2026-08-07 17:42:00,21
1285.0,18.4505,18.45,18.43,18.45,18.43,2026-08-07 17:44:00,36
1327.0,18.4463,18.435,18.45,18.45,18.435,2026-08-07 17:45:00,36
1626.0,18.4953,18.495,18.5,18.5,18.495,2026-08-07 17:46:00,34
1116.0,18.4689,18.47,18.46,18.47,18.46,2026-08-07 17:47:00,39
1549.0,18.4579,18.455,18.45,18.455,18.45,2026-08-07 17:49:00,28
690.0,18.4526,18.45,18.45,18.45,18.45,2026-08-07 17:50:00,14
875.0,18.4338,18.43,18.425,18.43,18.425,2026-08-07 17:51:00,33
386.0,18.4383,18.44,18.44,18.44,18.44,2026-08-07 17:52:00,15
331.2169,18.444,18.44,18.44,18.44,18.44,2026-08-07 17:53:00,15
1376.0,18.4333,18.425,18.43,18.43,18.425,2026-08-07 17:54:00,43
5410.0,18.4083,18.42,18.4,18.42,18.39,2026-08-07 17:55:00,94
322.352,18.425,18.405,18.405,18.405,18.405,2026-08-07 17:56:00,22
1100.767061,18.419,18.405,18.405,18.405,18.405,2026-08-07 17:57:00,22
4969.0,18.3902,18.3901,18.4,18.405,18.385,2026-08-07 17:58:00,67
1295.0,18.4253,18.415,18.44,18.44,18.415,2026-08-07 17:59:00,37
1450.0,18.4415,18.43,18.46,18.46,18.425,2026-08-07 18:00:00,64
581.0,18.4677,18.48,18.47,18.48,18.47,2026-08-07 18:01:00,15
4089.0,18.4683,18.49,18.485,18.49,18.46,2026-08-07 18:02:00,62
3191.0,18.5021,18.5,18.5,18.53,18.5,2026-08-07 18:03:00,64
13670.722192,18.5809,18.53,18.59,18.59,18.53,2026-08-07 18:04:00,70
3447.0,18.5955,18.6,18.63,18.63,18.58,2026-08-07 18:05:00,46
1672.0,18.6048,18.605,18.62,18.62,18.6,2026-08-07 18:06:00,33
1190.0,18.5943,18.62,18.5952,18.62,18.59,2026-08-07 18:07:00,28
4100.409,18.6058,18.59,18.6299,18.635,18.59,2026-08-07 18:08:00,78
3796.0,18.6313,18.62,18.65,18.6699,18.61,2026-08-07 18:09:00,56
3586.0,18.6372,18.67,18.63,18.67,18.63,2026-08-07 18:10:00,85
867.82,18.6464,18.63,18.63,18.63,18.63,2026-08-07 18:11:00,24
2691.0,18.6185,18.61,18.63,18.63,18.61,2026-08-07 18:12:00,61
2104.0,18.5886,18.61,18.57,18.61,18.53,2026-08-07 18:13:00,53
2334.0,18.5465,18.56,18.53,18.56,18.53,2026-08-07 18:14:00,57
1219.0,18.5567,18.55,18.55,18.56,18.55,2026-08-07 18:15:00,35
1857.0,18.5688,18.55,18.57,18.57,18.55,2026-08-07 18:16:00,40
4099.0,18.5658,18.585,18.555,18.585,18.54,2026-08-07 18:17:00,75
381.0,18.5839,18.6,18.6,18.6,18.6,2026-08-07 18:18:00,12
1482.0,18.5863,18.5838,18.58,18.595,18.58,2026-08-07 18:19:00,44
926.0,18.5981,18.5999,18.6,18.61,18.5999,2026-08-07 18:20:00,17
975.046567,18.5661,18.58,18.565,18.58,18.56,2026-08-07 18:21:00,36
321.0,18.5746,18.58,18.58,18.58,18.58,2026-08-07 18:22:00,12
3041.0,18.5591,18.58,18.55,18.58,18.545,2026-08-07 18:23:00,75
3005.0,18.5209,18.54,18.52,18.54,18.51,2026-08-07 18:24:00,73
1056.0,18.5236,18.51,18.51,18.51,18.51,2026-08-07 18:25:00,27
2260.0,18.5011,18.5,18.5,18.5,18.5,2026-08-07 18:26:00,43
1181.0,18.5228,18.51,18.53,18.54,18.51,2026-08-07 18:27:00,39
4704.2836,18.5042,18.52,18.4985,18.52,18.48,2026-08-07 18:28:00,62
1023.0,18.5173,18.5,18.51,18.53,18.5,2026-08-07 18:29:00,26
1835.0,18.5316,18.51,18.56,18.56,18.51,2026-08-07 18:30:00,48
1298.0,18.5732,18.58,18.58,18.58,18.58,2026-08-07 18:31:00,30
2673.372011,18.6051,18.58,18.615,18.63,18.58,2026-08-07 18:32:00,48
3057.0,18.6102,18.615,18.61,18.63,18.61,2026-08-07 18:33:00,61
2868.0,18.5983,18.61,18.61,18.61,18.59,2026-08-07 18:34:00,60
1500.0,18.6025,18.61,18.6,18.62,18.6,2026-08-07 18:35:00,19
10752.0,18.6084,18.5918,18.635,18.65,18.5918,2026-08-07 18:36:00,121
33494.222798,18.7448,18.65,18.73,18.79,18.65,2026-08-07 18:37:00,153
12850.941115,18.7556,18.72,18.78,18.795,18.72,2026-08-07 18:38:00,127
8891.6047,18.6948,18.775,18.695,18.775,18.67,2026-08-07 18:39:00,56
2175.0,18.7267,18.7049,18.7323,18.75,18.698,2026-08-07 18:40:00,44
1246.0,18.7371,18.7499,18.735,18.7499,18.735,2026-08-07 18:41:00,40
3300.0,18.7443,18.735,18.735,18.76,18.7218,2026-08-07 18:42:00,51
1500.0,18.7364,18.75,18.7329,18.75,18.7329,2026-08-07 18:43:00,50
5030.0,18.7584,18.74,18.7735,18.78,18.74,2026-08-07 18:44:00,56
1534.0,18.7629,18.765,18.79,18.79,18.765,2026-08-07 18:45:00,28
6194.0,18.771,18.765,18.75,18.79,18.75,2026-08-07 18:46:00,79
5590.0,18.7866,18.75,18.8,18.8186,18.75,2026-08-07 18:47:00,60
4107.0,18.7886,18.8092,18.77,18.8092,18.77,2026-08-07 18:48:00,82
924.0,18.7858,18.785,18.785,18.81,18.785,2026-08-07 18:49:00,27
403.062573,18.7834,18.7756,18.7756,18.7756,18.7756,2026-08-07 18:50:00,11
2888.0,18.7781,18.7709,18.79,18.81,18.77,2026-08-07 18:51:00,30
9850.0,18.7598,18.81,18.73,18.81,18.7009,2026-08-07 18:52:00,122
3502.0,18.7227,18.72,18.72,18.73,18.71,2026-08-07 18:53:00,56
1848.0,18.7137,18.75,18.6903,18.75,18.6903,2026-08-07 18:54:00,41
7006.0,18.6804,18.691,18.62,18.7,18.62,2026-08-07 18:55:00,93
3478.0,18.6544,18.66,18.64,18.66,18.64,2026-08-07 18:57:00,66
1834.0,18.671,18.66,18.69,18.69,18.66,2026-08-07 18:58:00,54
1123.0,18.682,18.67,18.675,18.68,18.67,2026-08-07 18:59:00,37
2599.0,18.6859,18.685,18.685,18.685,18.6701,2026-08-07 19:00:00,64
7464.0,18.7642,18.685,18.7906,18.8099,18.685,2026-08-07 19:01:00,64
3202.0,18.8074,18.82,18.84,18.84,18.7892,2026-08-07 19:02:00,34
4996.139454,18.8348,18.825,18.835,18.84,18.82,2026-08-07 19:03:00,121
4662.272,18.7867,18.83,18.775,18.83,18.75,2026-08-07 19:04:00,79
10009.539,18.8539,18.8,18.8805,18.89,18.8,2026-08-07 19:05:00,74
5366.5,18.8854,18.88,18.89,18.9,18.87,2026-08-07 19:06:00,84
3358.227776,18.8595,18.87,18.84,18.8872,18.84,2026-08-07 19:07:00,60
3291.517003,18.827,18.83,18.81,18.83,18.81,2026-08-07 19:08:00,60
1935.0,18.8165,18.82,18.81,18.83,18.81,2026-08-07 19:09:00,67
5489.006143,18.8106,18.81,18.8,18.82,18.8,2026-08-07 19:10:00,73
4887.0,18.8295,18.82,18.83,18.85,18.814,2026-08-07 19:11:00,85
1594.0,18.827,18.825,18.83,18.835,18.825,2026-08-07 19:12:00,35
3191.329009,18.8204,18.83,18.814,18.85,18.81,2026-08-07 19:13:00,60
4277.0,18.8107,18.82,18.785,18.82,18.785,2026-08-07 19:14:00,93
3049.0,18.8035,18.79,18.805,18.82,18.79,2026-08-07 19:15:00,79
14021.119658,18.7647,18.7942,18.72,18.795,18.6903,2026-08-07 19:16:00,226
1318.0,18.743,18.72,18.7333,18.7333,18.72,2026-08-07 19:17:00,31
2541.221998,18.7335,18.73,18.725,18.735,18.72,2026-08-07 19:18:00,52
3771.0,18.7292,18.7271,18.74,18.74,18.72,2026-08-07 19:19:00,64
5667.0,18.7437,18.74,18.76,18.76,18.73,2026-08-07 19:20:00,81
6682.0,18.7852,18.75,18.8099,18.81,18.75,2026-08-07 19:21:00,101
4966.0,18.8073,18.8,18.805,18.825,18.8,2026-08-07 19:22:00,57
2164.0,18.8187,18.82,18.825,18.825,18.82,2026-08-07 19:23:00,54
1032.0,18.8227,18.825,18.83,18.83,18.825,2026-08-07 19:24:00,43
8450.382,18.8027,18.83,18.74,18.83,18.74,2026-08-07 19:25:00,119
3893.0,18.7433,18.74,18.74,18.74,18.7301,2026-08-07 19:26:00,81
8757.0,18.7904,18.75,18.765,18.82,18.75,2026-08-07 19:27:00,106
1250.0,18.7551,18.75,18.75,18.75,18.75,2026-08-07 19:28:00,38
3061.0,18.7452,18.75,18.745,18.75,18.73,2026-08-07 19:29:00,77
4399.0,18.7292,18.74,18.72,18.74,18.72,2026-08-07 19:30:00,92
8671.288,18.7056,18.71,18.715,18.715,18.69,2026-08-07 19:31:00,103
26922.991354,18.7043,18.71,18.79,18.79,18.69,2026-08-07 19:32:00,148
6782.880977,18.805,18.79,18.81,18.84,18.79,2026-08-07 19:33:00,68
8972.0,18.7637,18.81,18.74,18.82,18.74,2026-08-07 19:34:00,129
2712.0,18.7414,18.73,18.78,18.78,18.72,2026-08-07 19:35:00,98
2396.0,18.7769,18.8,18.78,18.8,18.78,2026-08-07 19:36:00,38
6768.06439,18.8051,18.79,18.835,18.84,18.77,2026-08-07 19:37:00,103
3138.87,18.8355,18.8378,18.83,18.845,18.82,2026-08-07 19:38:00,95
7096.483443,18.8412,18.83,18.87,18.87,18.83,2026-08-07 19:39:00,140
13330.0,18.8443,18.87,18.84,18.87,18.82,2026-08-07 19:40:00,235
8044.0,18.835,18.85,18.81,18.86,18.81,2026-08-07 19:41:00,130
5037.570669,18.8171,18.81,18.805,18.83,18.79,2026-08-07 19:42:00,97
2405.0,18.8125,18.81,18.81,18.82,18.8,2026-08-07 19:43:00,56
9774.0,18.8057,18.8,18.82,18.83,18.79,2026-08-07 19:44:00,143
23860.067,18.8448,18.83,18.8991,18.8991,18.825,2026-08-07 19:45:00,169
15611.6476,18.9056,18.88,18.94,18.95,18.87,2026-08-07 19:46:00,161
9902.0,18.9367,18.9399,18.935,18.955,18.935,2026-08-07 19:47:00,121
9129.055,18.9373,18.94,18.93,18.95,18.92,2026-08-07 19:48:00,187
9293.879,18.9409,18.92,18.94,18.97,18.92,2026-08-07 19:49:00,110
9128.73205,18.9504,18.96,18.945,18.97,18.94,2026-08-07 19:50:00,199
13875.0,18.9375,18.94,18.93,18.945,18.93,2026-08-07 19:51:00,197
12407.528167,18.958,18.935,18.9798,18.9798,18.935,2026-08-07 19:52:00,184
20555.0,18.9763,18.98,18.965,18.985,18.96,2026-08-07 19:53:00,312
18860.2,18.8973,18.955,18.85,18.955,18.85,2026-08-07 19:54:00,334
38317.0,18.782,18.84,18.75,18.845,18.7,2026-08-07 19:55:00,474
31173.0,18.7431,18.75,18.83,18.83,18.685,2026-08-07 19:56:00,370
21056.348212,18.7909,18.82,18.805,18.82,18.76,2026-08-07 19:57:00,307
28620.265759,18.8109,18.805,18.81,18.83,18.79,2026-08-07 19:58:00,396
54300.087039,18.8233,18.82,18.825,18.845,18.81,2026-08-07 19:59:00,698
9578.757206,18.8215,18.82,18.82,18.82,18.82,2026-08-07 20:00:00,24
102.0,19.0,19.0,19.0,19.0,19.0,2026-08-07 20:02:00,3
200.0,18.8,18.8,18.8,18.8,18.8,2026-08-07 20:03:00,1
215.0,18.8093,18.81,18.81,18.81,18.81,2026-08-07 20:05:00,5
839.0,18.9003,18.81,19.0,19.0,18.81,2026-08-07 20:08:00,7
400.0,18.805,18.81,18.8,18.81,18.8,2026-08-07 20:12:00,2
201.0,19.17,19.17,19.17,19.17,19.17,2026-08-07 20:21:00,2
110.0,18.8,18.8,18.8,18.8,18.8,2026-08-07 20:24:00,1
100.0,19.0,19.0,19.0,19.0,19.0,2026-08-07 22:06:00,1
325.0,19.0,19.0,19.0,19.0,19.0,2026-08-07 22:21:00,1
199.0,18.944,18.944,18.944,18.944,18.944,2026-08-07 22:32:00,1
100.0,18.8645,18.8645,18.8645,18.8645,18.8645,2026-08-07 23:47:00,1
671.0,18.9955,19.0,19.0,19.0,19.0,2026-08-10 08:00:00,8
517.0,19.0704,19.39,18.99,19.39,18.99,2026-08-10 08:08:00,13
862.5781,18.5993,18.56,18.56,18.56,18.56,2026-08-10 08:09:00,10
183.0,18.95,18.95,18.95,18.95,18.95,2026-08-10 08:10:00,1
650.0,19.0115,19.05,19.0,19.05,19.0,2026-08-10 10:36:00,50
4223.0,19.0,19.0,19.0,19.0,19.0,2026-08-10 11:06:00,4
1131.0,18.9623,19.0,18.95,19.0,18.95,2026-08-10 11:15:00,10
101.0,18.95,18.95,18.95,18.95,18.95,2026-08-10 11:31:00,2
101.0,18.8,18.8,18.8,18.8,18.8,2026-08-10 11:48:00,1
100.0,18.8158,18.8158,18.8158,18.8158,18.8158,2026-08-10 11:53:00,1
1066.0,18.8253,18.83,18.8,18.83,18.8,2026-08-10 11:54:00,9
200.0,18.95,18.95,18.95,18.95,18.95,2026-08-10 12:01:00,2
2000.0,18.9264,18.92,18.93,18.94,18.92,2026-08-10 12:05:00,19
1300.0,18.8825,18.9763,18.57,18.9763,18.57,2026-08-10 12:07:00,2
302.0,18.9393,18.94,18.94,18.94,18.94,2026-08-10 12:08:00,4
355.0,18.5523,18.5523,18.5523,18.5523,18.5523,2026-08-10 12:27:00,1
610.0,18.7,18.7,18.7,18.7,18.7,2026-08-10 12:35:00,1
1301.0,18.9222,18.9741,18.75,18.9741,18.75,2026-08-10 12:59:00,3
761.0,18.6262,18.5371,18.87,18.87,18.5371,2026-08-10 13:04:00,4
200.0,18.88,18.88,18.88,18.88,18.88,2026-08-10 13:05:00,1
100.0,18.9198,18.9198,18.9198,18.9198,18.9198,2026-08-10 13:15:00,1
9666.0,18.9361,18.94,18.9435,18.96,18.82,2026-08-10 13:20:00,28
1504.0,18.9651,18.98,18.94,18.98,18.94,2026-08-10 13:21:00,12
275.0,18.8,18.8,18.8,18.8,18.8,2026-08-10 13:22:00,1
250.0,18.92,18.92,18.92,18.92,18.92,2026-08-10 13:26:00,1
607.0,18.9993,19.0,19.0,19.0,19.0,2026-08-10 13:27:00,11
1612.0,19.0379,19.03,19.05,19.06,19.03,2026-08-10 13:28:00,12
1400.0,19.1229,19.14,19.03,19.17,19.03,2026-08-10 13:29:00,6
630591.277475,19.1512,19.035,20.03,20.24,18.95,2026-08-10 13:30:00,831
87814.939822,20.0804,20.03,20.01,20.349,19.6,2026-08-10 13:31:00,610
78224.230784,19.7721,20.03,19.49,20.03,19.29,2026-08-10 13:32:00,381
18953.818925,19.6018,19.49,19.53,19.8,19.49,2026-08-10 13:33:00,166
35342.536438,19.6076,19.58,19.69,19.77,19.46,2026-08-10 13:34:00,297
20145.058226,19.5765,19.62,19.64,19.71,19.39,2026-08-10 13:35:00,209
41764.121473,20.0201,19.640495,20.03,20.19,19.640495,2026-08-10 13:36:00,387
22082.715273,20.0377,19.975,20.13,20.15,19.91,2026-08-10 13:37:00,165
108642.390556,19.9621,20.08,19.615,20.2,19.5975,2026-08-10 13:38:00,655
17609.254351,19.6348,19.61,19.67,19.7328,19.54,2026-08-10 13:39:00,133
5024.406788,19.6009,19.68,19.57,19.7091,19.57,2026-08-10 13:40:00,72
15286.513676,19.5284,19.675,19.42,19.68,19.42,2026-08-10 13:41:00,110
5787.552298,19.6164,19.42,19.45,19.7399,19.42,2026-08-10 13:42:00,51
8524.001596,19.7077,19.58,19.855,19.855,19.58,2026-08-10 13:43:00,119
24516.157991,19.8971,19.855,19.82,19.98,19.8,2026-08-10 13:44:00,185
13422.262454,19.9846,19.96,20.05,20.07,19.9,2026-08-10 13:45:00,153
15430.448928,19.814,20.015,19.62,20.015,19.62,2026-08-10 13:46:00,163
11191.067385,19.6645,19.62,19.63,19.7799,19.62,2026-08-10 13:47:00,75
31687.327829,19.7633,19.65,19.765,19.81,19.64,2026-08-10 13:48:00,193
11003.658438,19.898,19.8,19.95,19.99,19.765,2026-08-10 13:49:00,141
20394.849285,20.1261,19.9738,20.12,20.24,19.9,2026-08-10 13:50:00,230
23396.942256,20.0506,20.05,19.975,20.2,19.93,2026-08-10 13:51:00,253
15380.01898,20.0631,20.05,20.109625,20.109625,19.99,2026-08-10 13:52:00,109
9080.620438,20.0084,20.11,19.94,20.11,19.94,2026-08-10 13:53:00,154
10559.819128,20.0748,19.95,20.09,20.2,19.95,2026-08-10 13:54:00,109
10124.168253,20.0674,20.03,20.03,20.0999,20.01,2026-08-10 13:55:00,115
30307.374526,20.0913,20.0,20.12,20.24,19.99,2026-08-10 13:56:00,192
7267.984512,20.1723,20.0849,20.23,20.25,20.0849,2026-08-10 13:57:00,127
42123.069633,20.3414,20.23,20.37,20.44,20.23,2026-08-10 13:58:00,307
48247.790397,20.3658,20.37,20.23,20.44,20.1501,2026-08-10 13:59:00,308
10809.375149,20.2413,20.25,20.19,20.3,20.19,2026-08-10 14:00:00,106
13363.604176,20.2278,20.15,20.21,20.335,20.15,2026-08-10 14:01:00,204
24859.117509,20.1433,20.2183,20.22,20.23,20.06,2026-08-10 14:02:00,209
7413.573192,20.1761,20.21,20.15,20.23,20.14,2026-08-10 14:03:00,106
4018.323578,20.2006,20.12,20.225,20.25,20.12,2026-08-10 14:04:00,91
10775.549826,20.2701,20.2,20.26,20.4,20.2,2026-08-10 14:05:00,126
11485.478162,20.203,20.26,20.205,20.29,20.13,2026-08-10 14:06:00,135
1517.546712,20.188,20.17,20.19,20.2,20.17,2026-08-10 14:07:00,35
9572.438068,20.0816,20.18,20.165,20.18,20.05,2026-08-10 14:08:00,89
17787.771405,20.2014,20.165,20.205,20.25,20.1,2026-08-10 14:09:00,96
4123.921695,20.2611,20.21,20.31,20.315,20.21,2026-08-10 14:10:00,93
4182.817554,20.2937,20.31,20.23,20.36,20.23,2026-08-10 14:11:00,57
3865.067223,20.2617,20.295,20.23,20.3417,20.23,2026-08-10 14:12:00,53
34410.0587,20.0898,20.22,20.05,20.22,20.01,2026-08-10 14:13:00,419
59800.28,20.0702,20.07,20.25,20.25,20.05,2026-08-10 14:14:00,361
18507.4472,20.4103,20.3,20.37,20.49,20.3,2026-08-10 14:15:00,182
3464.115913,20.3632,20.36,20.36,20.4,20.32,2026-08-10 14:16:00,51
15706.5,20.373,20.38,20.34,20.46,20.33,2026-08-10 14:17:00,122
15773.541387,20.3207,20.34,20.28,20.39,20.28,2026-08-10 14:18:00,100
5651.076167,20.3119,20.275,20.325,20.38,20.157,2026-08-10 14:19:00,97
7417.878,20.2421,20.26,20.26,20.26,20.2,2026-08-10 14:20:00,121
3945.627218,20.2712,20.27,20.3099,20.3099,20.25,2026-08-10 14:21:00,61
3601.56213,20.2973,20.31,20.33,20.33,20.26,2026-08-10 14:22:00,75
10940.0,20.2826,20.29,20.31,20.31,20.25,2026-08-10 14:23:00,129
21527.921259,20.2578,20.29,20.35,20.36,20.1696,2026-08-10 14:24:00,222
3296.256182,20.3278,20.33,20.335,20.37,20.3,2026-08-10 14:25:00,37
5256.690189,20.3557,20.36,20.36,20.37,20.335,2026-08-10 14:26:00,47
1183.897159,20.3624,20.3984,20.37,20.3984,20.32,2026-08-10 14:27:00,45
2901.31,20.336,20.36,20.3499,20.38,20.3,2026-08-10 14:28:00,59
5304.500607,20.3005,20.31,20.275,20.36,20.27,2026-08-10 14:29:00,61
6777.3,20.219,20.275,20.2,20.29,20.19,2026-08-10 14:30:00,131
6341.741,20.2413,20.19,20.28,20.2891,20.18,2026-08-10 14:31:00,82
9004.320025,20.2886,20.305,20.3,20.4,20.26,2026-08-10 14:32:00,139
8569.891717,20.3551,20.26,20.35,20.405,20.26,2026-08-10 14:33:00,146
6185.0,20.3262,20.36,20.29,20.4,20.29,2026-08-10 14:34:00,86
4346.962733,20.3051,20.33,20.27,20.35,20.27,2026-08-10 14:35:00,93
23386.754711,20.2564,20.25,20.275,20.3346,20.24,2026-08-10 14:36:00,143
20950.273268,20.2938,20.28,20.3,20.32,20.23,2026-08-10 14:37:00,141
4879.0,20.222,20.32,20.2,20.32,20.2,2026-08-10 14:38:00,89
4047.822471,20.1917,20.19,20.21,20.21,20.165,2026-08-10 14:39:00,80
14057.0,20.2875,20.23,20.28,20.36,20.23,2026-08-10 14:40:00,198
1507.903,20.2816,20.245,20.2908,20.3,20.245,2026-08-10 14:41:00,37
5653.573214,20.288,20.275,20.29,20.34,20.26,2026-08-10 14:42:00,51
2925.0,20.2715,20.31,20.24,20.31,20.24,2026-08-10 14:43:00,121
3113.0,20.2482,20.24,20.28,20.28,20.2127,2026-08-10 14:44:00,61
7106.014277,20.2138,20.26,20.25,20.26,20.17,2026-08-10 14:45:00,126
1079.81763,20.2508,20.23,20.253,20.275,20.23,2026-08-10 14:46:00,29
6285.510619,20.2352,20.26,20.22,20.27,20.1808,2026-08-10 14:47:00,110
3367.927828,20.2148,20.22,20.2,20.24,20.195,2026-08-10 14:48:00,75
3295.0,20.1986,20.195,20.21,20.23,20.18,2026-08-10 14:49:00,63
638.0,20.2562,20.235,20.3299,20.3299,20.235,2026-08-10 14:50:00,18
2500.0,20.28,20.27,20.26,20.33,20.26,2026-08-10 14:51:00,43
15699.517105,20.2021,20.24,20.165,20.24,20.14,2026-08-10 14:52:00,146
8942.0,20.1432,20.155,20.16,20.185,20.13,2026-08-10 14:53:00,128
1899.082169,20.1341,20.15,20.09,20.15,20.09,2026-08-10 14:54:00,39
10214.514839,20.148,20.18,20.2,20.2,20.1001,2026-08-10 14:55:00,88
2834.791975,20.19,20.2,20.215,20.215,20.17,2026-08-10 14:56:00,62
1561.237623,20.1859,20.19,20.18,20.195,20.18,2026-08-10 14:57:00,49
1677.570634,20.1827,20.24,20.17,20.24,20.16,2026-08-10 14:58:00,76
10796.182196,20.0993,20.16,20.085,20.16,20.08,2026-08-10 14:59:00,159
1701.760853,20.1166,20.11,20.125,20.125,20.1,2026-08-10 15:00:00,57
2984.572028,20.1641,20.13,20.215,20.215,20.12,2026-08-10 15:01:00,75
2412.545494,20.2076,20.215,20.21,20.215,20.21,2026-08-10 15:02:00,47
5238.314007,20.1408,20.15,20.12,20.2,20.12,2026-08-10 15:03:00,71
1774.049816,20.0913,20.105,20.08,20.115,20.0799,2026-08-10 15:04:00,75
20764.03882,20.0279,20.08,20.107,20.1076,19.98,2026-08-10 15:05:00,195
2801.220186,20.0444,20.105,20.075,20.105,20.03,2026-08-10 15:06:00,67
5486.33,20.0368,20.02,20.0301,20.065,20.02,2026-08-10 15:07:00,46
7828.0,20.0276,20.06,19.97,20.1,19.962,2026-08-10 15:08:00,125
31483.296394,19.9036,19.96,19.9076,19.96,19.8719,2026-08-10 15:09:00,227
2594.0,19.9013,19.88,19.92,19.92,19.88,2026-08-10 15:10:00,110
2529.585951,19.8974,19.93,19.895,19.93,19.88,2026-08-10 15:11:00,123
6719.1112,19.8903,19.895,19.855,19.92,19.855,2026-08-10 15:12:00,130
3222.430276,19.8656,19.85,19.8784,19.88,19.845,2026-08-10 15:13:00,93
27778.545271,19.8155,19.87,19.72,19.89,19.72,2026-08-10 15:14:00,331
10197.124029,19.6841,19.69,19.72,19.7272,19.67,2026-08-10 15:15:00,116
2458.467746,19.7235,19.73,19.71,19.75,19.71,2026-08-10 15:16:00,101
28179.367,19.6229,19.69,19.59,19.72,19.56,2026-08-10 15:17:00,277
7013.643443,19.6223,19.6,19.615,19.64,19.6,2026-08-10 15:18:00,149
3347.2641,19.6011,19.59,19.64,19.64,19.59,2026-08-10 15:19:00,90
5248.05,19.6555,19.64,19.64,19.67,19.64,2026-08-10 15:20:00,128
4119.0,19.6189,19.61,19.6217,19.65,19.61,2026-08-10 15:21:00,93
6624.916005,19.6463,19.63,19.69,19.69,19.62,2026-08-10 15:22:00,182
9834.015486,19.6529,19.72,19.67,19.72,19.62,2026-08-10 15:23:00,135
3247.0,19.6263,19.62,19.66,19.66,19.6013,2026-08-10 15:24:00,100
1089.0,19.6622,19.66,19.66,19.67,19.66,2026-08-10 15:25:00,93
3239.544259,19.6486,19.68,19.645,19.68,19.625,2026-08-10 15:26:00,132
1628.0,19.6716,19.645,19.69,19.72,19.64,2026-08-10 15:27:00,74
1971.144619,19.6741,19.68,19.67,19.68,19.67,2026-08-10 15:28:00,83
3411.0,19.6662,19.68,19.65,19.68,19.65,2026-08-10 15:29:00,70
1510.0,19.6534,19.6699,19.665,19.6699,19.64,2026-08-10 15:30:00,58
2380.0,19.6575,19.65,19.67,19.67,19.65,2026-08-10 15:31:00,63
3630.312747,19.6908,19.68,19.69,19.7082,19.68,2026-08-10 15:32:00,63
5042.0,19.7005,19.7,19.7,19.71,19.7,2026-08-10 15:33:00,51
6133.0,19.66,19.69,19.6221,19.69,19.61,2026-08-10 15:34:00,107
22998.127668,19.4778,19.63,19.445,19.63,19.44,2026-08-10 15:35:00,280
8015.955471,19.4463,19.445,19.46,19.4794,19.41,2026-08-10 15:36:00,161
9162.0,19.5618,19.49,19.58,19.59,19.48,2026-08-10 15:37:00,74
3187.0,19.5727,19.59,19.57,19.59,19.57,2026-08-10 15:38:00,66
1601.0,19.5909,19.58,19.6,19.6,19.58,2026-08-10 15:39:00,35
2469.401127,19.6059,19.61,19.59,19.61,19.59,2026-08-10 15:40:00,83
3262.699568,19.6777,19.66,19.6976,19.6976,19.66,2026-08-10 15:41:00,77
5610.0,19.6866,19.69,19.685,19.695,19.68,2026-08-10 15:42:00,64
6961.838174,19.6902,19.6995,19.7,19.72,19.64,2026-08-10 15:43:00,117
2418.0,19.7096,19.7345,19.705,19.7345,19.705,2026-08-10 15:44:00,38
4027.0,19.6657,19.69,19.65,19.6974,19.65,2026-08-10 15:45:00,57
5053.308139,19.6207,19.5801,19.62,19.6878,19.58,2026-08-10 15:46:00,78
927.0,19.6428,19.64,19.64,19.65,19.64,2026-08-10 15:47:00,39
2344.0,19.6757,19.65,19.675,19.6899,19.65,2026-08-10 15:48:00,52
4214.0,19.6901,19.6865,19.69,19.73,19.68,2026-08-10 15:49:00,96
2525.0,19.7,19.7,19.7,19.71,19.695,2026-08-10 15:50:00,84
3279.0,19.75,19.72,19.76,19.76,19.72,2026-08-10 15:51:00,40
6201.0,19.7578,19.76,19.745,19.79,19.73,2026-08-10 15:52:00,107
33529.818861,19.8912,19.78,19.87,19.93,19.78,2026-08-10 15:53:00,209
11549.0,19.7934,19.86,19.75,19.86,19.74,2026-08-10 15:54:00,177
37714.200902,19.6225,19.74,19.715,19.75,19.57,2026-08-10 15:55:00,278
6434.215213,19.6648,19.68,19.655,19.685,19.62,2026-08-10 15:56:00,96
1564.0,19.6606,19.66,19.64,19.66,19.64,2026-08-10 15:57:00,25
1846.0,19.6813,19.68,19.68,19.69,19.68,2026-08-10 15:58:00,44
1054.0,19.727,19.7599,19.71,19.7599,19.71,2026-08-10 15:59:00,26
21653.0,19.7056,19.695,19.7,19.735,19.66,2026-08-10 16:00:00,276
2306.0,19.6658,19.69,19.65,19.69,19.64,2026-08-10 16:01:00,42
3742.0,19.6605,19.65,19.68,19.68,19.64,2026-08-10 16:02:00,42
940.787461,19.6633,19.665,19.65,19.665,19.65,2026-08-10 16:03:00,25
1339.0,19.6809,19.67,19.72,19.72,19.67,2026-08-10 16:04:00,42
1251.852425,19.679,19.65,19.68,19.69,19.65,2026-08-10 16:05:00,40
14573.559355,19.6866,19.71,19.685,19.71,19.66,2026-08-10 16:06:00,234
3214.0,19.6664,19.73,19.65,19.73,19.65,2026-08-10 16:07:00,51
5379.170353,19.6621,19.65,19.66,19.6699,19.65,2026-08-10 16:08:00,67
3204.0,19.6211,19.64,19.585,19.64,19.585,2026-08-10 16:09:00,87
1364.0,19.6118,19.5999,19.6,19.6,19.59,2026-08-10 16:10:00,44
920.0,19.5922,19.62,19.62,19.62,19.62,2026-08-10 16:11:00,49
2490.0,19.6324,19.66,19.6,19.66,19.6,2026-08-10 16:12:00,60
1096.030157,19.6227,19.625,19.62,19.625,19.62,2026-08-10 16:13:00,38
3962.0,19.5804,19.62,19.57,19.62,19.55,2026-08-10 16:14:00,76
1839.1186,19.563,19.565,19.56,19.59,19.56,2026-08-10 16:15:00,26
7823.0,19.6266,19.56,19.64,19.69,19.56,2026-08-10 16:16:00,115
1488.0,19.653,19.64,19.68,19.68,19.64,2026-08-10 16:17:00,57
7641.660348,19.6519,19.64,19.65,19.67,19.64,2026-08-10 16:18:00,45
8874.0,19.6037,19.645,19.585,19.6599,19.58,2026-08-10 16:19:00,119
2891.776258,19.5759,19.595,19.56,19.595,19.55,2026-08-10 16:20:00,64
8203.931665,19.5228,19.55,19.57,19.57,19.49,2026-08-10 16:21:00,119
1067.704816,19.544,19.57,19.545,19.57,19.53,2026-08-10 16:22:00,24
708.0,19.5665,19.555,19.565,19.58,19.555,2026-08-10 16:23:00,20
19874.0,19.6106,19.54,19.725,19.725,19.5,2026-08-10 16:24:00,241
1514.997703,19.7045,19.73,19.74,19.74,19.73,2026-08-10 16:25:00,30
10195.0,19.7334,19.72,19.74,19.755,19.71,2026-08-10 16:26:00,123
6353.051608,19.7626,19.73,19.78,19.78,19.73,2026-08-10 16:27:00,68
10039.0,19.7804,19.78,19.78,19.8,19.76,2026-08-10 16:28:00,99
9624.403632,19.7651,19.81,19.81,19.81,19.74,2026-08-10 16:29:00,135
3231.859302,19.7935,19.81,19.77,19.81,19.77,2026-08-10 16:30:00,78
5873.516979,19.7306,19.77,19.6975,19.77,19.6975,2026-08-10 16:31:00,98
28746.0,19.6474,19.61,19.675,19.695,19.58,2026-08-10 16:32:00,327
12309.517285,19.7926,19.685,19.8,19.83,19.685,2026-08-10 16:33:00,152
7519.0,19.7691,19.8,19.76,19.8,19.75,2026-08-10 16:34:00,116
2757.0,19.754,19.77,19.7861,19.7861,19.74,2026-08-10 16:35:00,53
8608.0,19.8159,19.79,19.84,19.87,19.7899,2026-08-10 16:36:00,108
1517.95,19.8261,19.839,19.85,19.85,19.83,2026-08-10 16:37:00,39
3464.440505,19.8171,19.83,19.8,19.83,19.785,2026-08-10 16:38:00,80
23293.0,19.8466,19.81,19.79,19.93,19.79,2026-08-10 16:39:00,211
1986.73,19.832,19.815,19.855,19.855,19.815,2026-08-10 16:40:00,68
4470.1,19.7974,19.855,19.795,19.855,19.79,2026-08-10 16:41:00,60
1189.0,19.8407,19.85,19.85,19.85,19.84,2026-08-10 16:42:00,29
619.063261,19.8267,19.8,19.82,19.84,19.8,2026-08-10 16:43:00,16
6718.151362,19.8054,19.79,19.82,19.82,19.78,2026-08-10 16:44:00,107
2480.0,19.8279,19.845,19.83,19.845,19.82,2026-08-10 16:45:00,54
1226.61693,19.8553,19.83,19.89,19.89,19.83,2026-08-10 16:46:00,31
3072.0,19.8436,19.86,19.83,19.86,19.83,2026-08-10 16:47:00,76
23758.0,19.8657,19.85,19.84,19.89,19.84,2026-08-10 16:48:00,168
5801.0,19.8334,19.85,19.8,19.86,19.8,2026-08-10 16:49:00,67
687.907505,19.8044,19.82,19.8,19.82,19.78,2026-08-10 16:50:00,30
910.918454,19.8266,19.83,19.83,19.83,19.83,2026-08-10 16:51:00,32
3749.825604,19.8398,19.84,19.84,19.84,19.83,2026-08-10 16:52:00,19
6206.302297,19.8196,19.84,19.81,19.85,19.79,2026-08-10 16:53:00,120
3527.64,19.8069,19.805,19.78,19.83,19.78,2026-08-10 16:54:00,78
635.0,19.8135,19.81,19.8,19.815,19.8,2026-08-10 16:55:00,30
1986.0,19.8458,19.7841,19.87,19.87,19.7841,2026-08-10 16:56:00,31
3697.896725,19.7994,19.86,19.755,19.86,19.755,2026-08-10 16:57:00,62
2874.850331,19.7494,19.75,19.75,19.75,19.72,2026-08-10 16:58:00,39
1455.0,19.7373,19.75,19.72,19.75,19.72,2026-08-10 16:59:00,29
1316.0,19.732,19.715,19.72,19.73,19.715,2026-08-10 17:00:00,34
3393.0299,19.7132,19.71,19.71,19.7397,19.71,2026-08-10 17:01:00,31
3343.0,19.7081,19.712,19.69,19.7135,19.69,2026-08-10 17:02:00,68
1767.603971,19.6217,19.68,19.6,19.68,19.59,2026-08-10 17:03:00,46
1448.878223,19.5791,19.59,19.5403,19.59,19.5403,2026-08-10 17:04:00,52
1423.2565,19.579,19.57,19.5899,19.59,19.57,2026-08-10 17:05:00,38
5109.0,19.6329,19.59,19.635,19.6699,19.59,2026-08-10 17:06:00,39
798.0,19.6467,19.635,19.66,19.66,19.635,2026-08-10 17:07:00,12
1674.0,19.6496,19.66,19.64,19.67,19.64,2026-08-10 17:08:00,50
1785.017293,19.6524,19.66,19.65,19.66,19.65,2026-08-10 17:09:00,37
4238.0,19.6363,19.655,19.61,19.655,19.61,2026-08-10 17:10:00,78
3911.066,19.5968,19.5927,19.595,19.6,19.5927,2026-08-10 17:11:00,53
4295.089695,19.5811,19.545,19.62,19.62,19.545,2026-08-10 17:13:00,58
3549.0,19.6375,19.63,19.625,19.66,19.625,2026-08-10 17:14:00,73
785.0,19.6277,19.6275,19.6275,19.6275,19.6275,2026-08-10 17:15:00,30
403.0,19.6308,19.625,19.625,19.625,19.625,2026-08-10 17:16:00,34
909.0,19.6481,19.65,19.655,19.655,19.65,2026-08-10 17:17:00,42
13711.440856,19.6735,19.645,19.69,19.7,19.63,2026-08-10 17:18:00,164
3551.0,19.6735,19.69,19.655,19.69,19.65,2026-08-10 17:19:00,120
2133.0,19.6654,19.665,19.675,19.675,19.665,2026-08-10 17:21:00,69
2948.720528,19.6833,19.675,19.7,19.7,19.67,2026-08-10 17:22:00,95
6390.028994,19.7028,19.695,19.73,19.73,19.695,2026-08-10 17:23:00,114
771.0,19.7284,19.725,19.735,19.735,19.725,2026-08-10 17:24:00,38
3998.0,19.7192,19.735,19.71,19.735,19.7,2026-08-10 17:25:00,61
430.0,19.7053,19.71,19.71,19.71,19.71,2026-08-10 17:26:00,20
1335.010546,19.7212,19.715,19.73,19.73,19.715,2026-08-10 17:27:00,50
2482.0,19.7092,19.73,19.705,19.73,19.695,2026-08-10 17:28:00,59
11420.0,19.681,19.7,19.69,19.72,19.66,2026-08-10 17:29:00,198
1524.479431,19.6988,19.6999,19.705,19.705,19.68,2026-08-10 17:30:00,34
3426.0,19.7318,19.705,19.72,19.74,19.705,2026-08-10 17:31:00,44
2109.129,19.7248,19.715,19.74,19.75,19.7,2026-08-10 17:32:00,54
895.0,19.7386,19.75,19.745,19.75,19.745,2026-08-10 17:33:00,19
732.0,19.7535,19.75,19.755,19.755,19.75,2026-08-10 17:34:00,21
1525.256578,19.7612,19.77,19.75,19.77,19.75,2026-08-10 17:35:00,23
368.0,19.75,19.75,19.75,19.75,19.75,2026-08-10 17:36:00,17
3295.0,19.7511,19.74,19.76,19.76,19.74,2026-08-10 17:37:00,47
789.0,19.7431,19.755,19.755,19.755,19.755,2026-08-10 17:38:00,35
570.0,19.7575,19.77,19.77,19.77,19.77,2026-08-10 17:39:00,27
7080.675634,19.719,19.74,19.695,19.74,19.695,2026-08-10 17:40:00,151
1305.060279,19.6974,19.695,19.69,19.695,19.69,2026-08-10 17:41:00,43
4949.0,19.7212,19.7,19.775,19.775,19.69,2026-08-10 17:42:00,101
5375.781652,19.7521,19.74,19.77,19.77,19.74,2026-08-10 17:43:00,61
34142.624186,19.81,19.77,19.83,19.88,19.77,2026-08-10 17:44:00,275
1504.0,19.8017,19.83,19.77,19.85,19.77,2026-08-10 17:45:00,31
1098.0,19.7994,19.77,19.8099,19.81,19.77,2026-08-10 17:46:00,29
4770.0,19.8064,19.79,19.81,19.84,19.79,2026-08-10 17:47:00,83
2640.008993,19.7631,19.79,19.765,19.79,19.73,2026-08-10 17:48:00,71
2358.039696,19.7791,19.7829,19.78,19.7829,19.78,2026-08-10 17:50:00,36
669.561,19.7822,19.7899,19.77,19.7899,19.77,2026-08-10 17:51:00,21
2003.0,19.7596,19.775,19.75,19.775,19.75,2026-08-10 17:52:00,40
14511.0,19.7348,19.755,19.735,19.77,19.705,2026-08-10 17:53:00,199
237.0,19.7501,19.735,19.735,19.735,19.735,2026-08-10 17:54:00,13
2717.0,19.7338,19.73,19.73,19.75,19.73,2026-08-10 17:55:00,37
1184.051,19.7164,19.71,19.71,19.71,19.71,2026-08-10 17:56:00,39
1561.0,19.7015,19.7,19.69,19.7,19.69,2026-08-10 17:57:00,41
762.0,19.7189,19.7,19.73,19.73,19.7,2026-08-10 17:58:00,26
344.0,19.7296,19.73,19.73,19.73,19.73,2026-08-10 17:59:00,11
3173.921982,19.6893,19.71,19.68,19.71,19.66,2026-08-10 18:00:00,68
1948.850951,19.7042,19.7,19.695,19.71,19.69,2026-08-10 18:01:00,30
402.0,19.7052,19.7,19.7,19.7,19.7,2026-08-10 18:02:00,13
5787.0,19.6618,19.68,19.65,19.68,19.64,2026-08-10 18:03:00,58
7453.0,19.612,19.6399,19.625,19.6399,19.58,2026-08-10 18:04:00,114
877.0,19.6484,19.64,19.66,19.66,19.64,2026-08-10 18:05:00,36
1336.0,19.6448,19.6356,19.64,19.65,19.6356,2026-08-10 18:06:00,30
1798.0,19.6317,19.63,19.63,19.63,19.63,2026-08-10 18:07:00,38
3075.0,19.631,19.63,19.63,19.64,19.63,2026-08-10 18:08:00,52
1648.0,19.6079,19.62,19.605,19.62,19.6,2026-08-10 18:09:00,29
1245.0,19.6092,19.615,19.6,19.64,19.6,2026-08-10 18:10:00,50
497.0,19.616,19.615,19.615,19.615,19.615,2026-08-10 18:11:00,18
5222.0,19.5965,19.615,19.575,19.615,19.575,2026-08-10 18:12:00,65
1352.5,19.5771,19.58,19.58,19.585,19.57,2026-08-10 18:13:00,44
1882.7666,19.575,19.57,19.57,19.59,19.57,2026-08-10 18:14:00,43
4102.584442,19.5395,19.55,19.55,19.55,19.53,2026-08-10 18:15:00,49
665.0,19.5699,19.56,19.59,19.59,19.56,2026-08-10 18:16:00,15
3433.2043,19.5634,19.585,19.56,19.585,19.56,2026-08-10 18:17:00,46
12635.0,19.5733,19.56,19.6,19.6,19.56,2026-08-10 18:18:00,93
10468.68286,19.5663,19.585,19.575,19.61,19.54,2026-08-10 18:19:00,122
4707.0,19.6104,19.57,19.625,19.64,19.57,2026-08-10 18:20:00,65
3310.0,19.6261,19.625,19.65,19.65,19.62,2026-08-10 18:21:00,50
5185.65047,19.6336,19.625,19.66,19.66,19.625,2026-08-10 18:22:00,50
2172.829771,19.6406,19.67,19.63,19.67,19.63,2026-08-10 18:23:00,43
2854.187,19.6493,19.64,19.665,19.665,19.64,2026-08-10 18:24:00,56
4719.6,19.6746,19.66,19.685,19.7,19.655,2026-08-10 18:25:00,102
1367.733299,19.6718,19.685,19.66,19.685,19.66,2026-08-10 18:26:00,41
1876.0,19.6546,19.66,19.655,19.66,19.64,2026-08-10 18:28:00,30
18055.0,19.6701,19.655,19.705,19.705,19.655,2026-08-10 18:29:00,163
5628.0,19.698,19.7,19.69,19.71,19.69,2026-08-10 18:30:00,95
4973.694326,19.6519,19.68,19.65,19.68,19.625,2026-08-10 18:31:00,81
1198.0,19.6615,19.66,19.66,19.67,19.66,2026-08-10 18:32:00,50
2458.0,19.6668,19.67,19.66,19.67,19.66,2026-08-10 18:33:00,51
1692.0,19.6418,19.65,19.63,19.65,19.63,2026-08-10 18:34:00,53
2419.0,19.648,19.64,19.645,19.65,19.63,2026-08-10 18:35:00,63
1629.439043,19.6303,19.63,19.63,19.63,19.62,2026-08-10 18:36:00,36
2115.037,19.6402,19.6399,19.655,19.655,19.6399,2026-08-10 18:37:00,21
704.571,19.6616,19.655,19.67,19.67,19.655,2026-08-10 18:38:00,16
1041.0,19.6514,19.65,19.64,19.655,19.64,2026-08-10 18:39:00,40
16095.194429,19.6381,19.64,19.6,19.66,19.6,2026-08-10 18:40:00,143
17751.0,19.5889,19.6,19.56,19.6,19.555,2026-08-10 18:41:00,121
5180.958,19.5743,19.5686,19.59,19.59,19.56,2026-08-10 18:42:00,65
446.0,19.5953,19.6,19.6,19.6,19.6,2026-08-10 18:43:00,17
171.0,19.5905,19.59,19.59,19.59,19.59,2026-08-10 18:44:00,9
34278.0,19.6652,19.58,19.735,19.76,19.58,2026-08-10 18:45:00,198
18016.0,19.871,19.76,19.91,19.96,19.75,2026-08-10 18:46:00,238
31329.4906,19.8782,19.91,19.885,19.94,19.795,2026-08-10 18:47:00,315
583305.208002,19.9999,19.84,20.09,20.1699,19.8125,2026-08-10 18:48:00,979
32660.505688,20.1115,20.11,20.05,20.1395,20.035,2026-08-10 18:49:00,176
12093.0,20.0733,20.035,20.08,20.1,20.025,2026-08-10 18:50:00,168
9194.925788,20.0529,20.08,20.0,20.08,20.0,2026-08-10 18:51:00,130
3050.0,20.0222,20.0001,20.03,20.03,20.0001,2026-08-10 18:52:00,40
4305.810302,20.0303,20.03,20.045,20.05,20.01,2026-08-10 18:53:00,82
25719.0,20.0157,20.045,20.02,20.06,20.0,2026-08-10 18:54:00,187
6442.0,19.9938,20.07,19.94,20.07,19.94,2026-08-10 18:55:00,118
2738.0,19.9365,19.96,19.9,19.96,19.9,2026-08-10 18:56:00,55
10991.0,19.9071,19.885,19.96,19.99,19.8825,2026-08-10 18:57:00,141
3603.0,19.9431,19.975,19.9,19.975,19.9,2026-08-10 18:58:00,78
4213.0,19.8242,19.89,19.8099,19.89,19.78,2026-08-10 18:59:00,67
8726.0,19.7427,19.795,19.745,19.8082,19.7201,2026-08-10 19:00:00,60
5409.0,19.7349,19.73,19.72,19.76,19.694,2026-08-10 19:01:00,107
2585.0,19.7497,19.75,19.77,19.77,19.72,2026-08-10 19:02:00,41
1267.0,19.7759,19.77,19.76,19.775,19.755,2026-08-10 19:03:00,49
3508.0,19.7539,19.76,19.755,19.78,19.735,2026-08-10 19:04:00,51
6527.0,19.7295,19.755,19.724,19.755,19.72,2026-08-10 19:05:00,102
4538.53028,19.7122,19.725,19.7,19.725,19.6804,2026-08-10 19:06:00,67
5887.0,19.6918,19.69,19.7,19.74,19.655,2026-08-10 19:07:00,108
2722.6774,19.7665,19.76,19.78,19.785,19.7,2026-08-10 19:08:00,31
6300.0,19.7567,19.84,19.72,19.8538,19.7087,2026-08-10 19:09:00,78
2981.35864,19.749,19.76,19.73,19.76,19.73,2026-08-10 19:10:00,36
14852.0,19.761,19.73,19.81,19.82,19.725,2026-08-10 19:11:00,128
8282.0,19.8516,19.8342,19.87,19.9,19.8342,2026-08-10 19:12:00,123
3801.0,19.8317,19.9,19.8153,19.9,19.81,2026-08-10 19:13:00,65
2180.0,19.8091,19.84,19.8,19.84,19.79,2026-08-10 19:14:00,38
2897.0,19.8126,19.8,19.815,19.83,19.8,2026-08-10 19:15:00,33
5734.669,19.8425,19.83,19.86,19.86,19.83,2026-08-10 19:16:00,84
9281.0,19.8387,19.83,19.855,19.87,19.83,2026-08-10 19:17:00,99
9659.0006,19.8365,19.865,19.82,19.88,19.81,2026-08-10 19:18:00,154
3445.671626,19.8059,19.835,19.791,19.835,19.791,2026-08-10 19:19:00,47
2928.0,19.802,19.82,19.78,19.82,19.78,2026-08-10 19:20:00,40
4320.0,19.7838,19.78,19.799,19.8,19.77,2026-08-10 19:21:00,76
6447.961,19.7701,19.79,19.76,19.8099,19.75,2026-08-10 19:22:00,84
5081.880977,19.8036,19.77,19.81,19.82,19.77,2026-08-10 19:23:00,74
2850.289,19.7905,19.8099,19.8,19.81,19.78,2026-08-10 19:24:00,65
6921.310684,19.781,19.795,19.789,19.8,19.77,2026-08-10 19:25:00,90
6057.842611,19.769,19.79,19.75,19.79,19.75,2026-08-10 19:26:00,138
5298.0,19.7475,19.74,19.75,19.76,19.73,2026-08-10 19:27:00,155
6932.0,19.7763,19.755,19.81,19.81,19.755,2026-08-10 19:28:00,113
5984.298989,19.8149,19.8362,19.82,19.8362,19.81,2026-08-10 19:29:00,146
15117.356178,19.8192,19.83,19.8494,19.8494,19.805,2026-08-10 19:30:00,286
9269.07,19.8349,19.85,19.81,19.86,19.81,2026-08-10 19:31:00,215
4253.411608,19.8227,19.815,19.85,19.85,19.81,2026-08-10 19:32:00,97
4753.0,19.8259,19.84,19.845,19.845,19.81,2026-08-10 19:33:00,70
12341.0,19.8393,19.85,19.845,19.85,19.83,2026-08-10 19:34:00,158
5754.0,19.8167,19.83,19.81,19.83,19.795,2026-08-10 19:35:00,104
10191.0,19.7911,19.81,19.79,19.81,19.77,2026-08-10 19:36:00,113
4406.018,19.8011,19.805,19.8097,19.815,19.7897,2026-08-10 19:37:00,125
1919.0,19.8062,19.805,19.8,19.81,19.8,2026-08-10 19:38:00,48
3674.0,19.7887,19.79,19.78,19.8,19.78,2026-08-10 19:39:00,77
30088.0,19.7293,19.78,19.665,19.785,19.665,2026-08-10 19:40:00,392
8997.0,19.6506,19.66,19.64,19.66,19.63,2026-08-10 19:41:00,156
8564.2244,19.6345,19.645,19.65,19.65,19.6,2026-08-10 19:42:00,128
1646.746403,19.6731,19.655,19.679,19.679,19.655,2026-08-10 19:43:00,43
6892.0,19.6578,19.67,19.64,19.68,19.64,2026-08-10 19:44:00,103
37773.696403,19.5936,19.645,19.58,19.645,19.5587,2026-08-10 19:45:00,222
12781.0,19.5788,19.57,19.58,19.6091,19.56,2026-08-10 19:46:00,174
5358.0,19.5688,19.6,19.555,19.6,19.55,2026-08-10 19:47:00,109
7140.0,19.5656,19.57,19.555,19.59,19.55,2026-08-10 19:48:00,109
9869.0,19.5598,19.58,19.56,19.58,19.54,2026-08-10 19:49:00,152
18551.0,19.6314,19.56,19.669,19.69,19.56,2026-08-10 19:50:00,285
9452.610997,19.6507,19.67,19.645,19.68,19.64,2026-08-10 19:51:00,162
7792.302748,19.6441,19.65,19.635,19.655,19.63,2026-08-10 19:52:00,164
18611.0,19.6734,19.64,19.67,19.71,19.63,2026-08-10 19:53:00,254
15908.057465,19.609,19.67,19.53,19.67,19.52,2026-08-10 19:54:00,315
64600.950596,19.3381,19.52,19.285,19.52,19.235,2026-08-10 19:55:00,532
30848.712352,19.2476,19.285,19.25,19.295,19.1906,2026-08-10 19:56:00,346
28684.0,19.2995,19.27,19.38,19.39,19.25,2026-08-10 19:57:00,327
47462.0,19.3222,19.38,19.31,19.38,19.28,2026-08-10 19:58:00,490
68280.29769,19.2975,19.31,19.26,19.34,19.26,2026-08-10 19:59:00,896
15175.365253,19.2781,19.27,19.27,19.29,19.27,2026-08-10 20:00:00,21
250.0,19.05,19.05,19.05,19.05,19.05,2026-08-10 20:07:00,1
104.0,19.2465,19.232,19.232,19.232,19.232,2026-08-10 20:09:00,2
585.0,19.05,19.05,19.05,19.05,19.05,2026-08-10 20:23:00,3
122.0,19.0897,19.05,19.05,19.05,19.05,2026-08-10 20:39:00,2
100.0,19.0813,19.0813,19.0813,19.0813,19.0813,2026-08-10 21:43:00,1
105.0,19.2495,19.25,19.25,19.25,19.25,2026-08-10 22:28:00,2
595.0,19.1825,19.1822,19.1822,19.1822,19.1822,2026-08-10 22:31:00,2
142.0,19.2223,19.24,19.24,19.24,19.24,2026-08-10 22:40:00,2
200.0,19.2445,19.25,19.239,19.25,19.239,2026-08-10 23:18:00,2
