Volume,vw,Open,Close,High,Low,timestamp,n
196.0,21.42,21.42,21.42,21.42,21.42,2026-07-29 09:47:00,2
195.0,21.4049,21.4,21.4,21.4,21.4,2026-07-29 09:48:00,2
189.0,21.4123,21.41,21.41,21.41,21.41,2026-07-29 09:50:00,2
286.0,21.4236,21.43,21.43,21.43,21.43,2026-07-29 09:52:00,4
996.0,21.4296,21.45,21.41,21.45,21.41,2026-07-29 11:11:00,8
467.0,21.5,21.5,21.5,21.5,21.5,2026-07-29 11:28:00,1
201.0,21.5,21.5,21.5,21.5,21.5,2026-07-29 12:11:00,1
2019.0,21.3897,21.42,21.36,21.42,21.35,2026-07-29 13:19:00,16
304.0,21.3866,21.39,21.39,21.39,21.39,2026-07-29 13:23:00,4
150.0,21.3,21.3,21.3,21.3,21.3,2026-07-29 13:29:00,1
46937.975947,21.176,21.16,21.5,21.5,21.11,2026-07-29 13:30:00,132
1511.0,21.3857,21.48,21.33,21.48,21.33,2026-07-29 13:31:00,28
565.0,21.2946,21.28,21.28,21.29,21.28,2026-07-29 13:33:00,15
483.0,21.317,21.27,21.32,21.32,21.27,2026-07-29 13:34:00,17
4038.0,21.2979,21.33,21.33,21.33,21.26,2026-07-29 13:35:00,82
4243.0,21.4272,21.41,21.41,21.44,21.365,2026-07-29 13:36:00,72
540.0,21.3598,21.37,21.35,21.37,21.35,2026-07-29 13:37:00,17
4009.0,21.3237,21.3,21.33,21.34,21.25,2026-07-29 13:38:00,76
2426.7581,21.4272,21.315,21.48,21.48,21.315,2026-07-29 13:39:00,46
1609.4716,21.4517,21.41,21.45,21.45,21.41,2026-07-29 13:40:00,53
712.0,21.4479,21.45,21.45,21.45,21.45,2026-07-29 13:41:00,22
1303.0,21.4409,21.44,21.42,21.445,21.42,2026-07-29 13:42:00,26
1925.0,21.3904,21.4,21.38,21.4,21.37,2026-07-29 13:43:00,34
2313.0,21.4403,21.44,21.45,21.45,21.44,2026-07-29 13:44:00,60
3788.0,21.4622,21.47,21.435,21.49,21.43,2026-07-29 13:45:00,76
683.0,21.4324,21.42,21.42,21.42,21.42,2026-07-29 13:46:00,16
1631.0,21.3947,21.41,21.37,21.41,21.37,2026-07-29 13:47:00,44
2753.0,21.3794,21.37,21.37,21.4,21.365,2026-07-29 13:48:00,47
4691.0,21.3854,21.38,21.395,21.41,21.365,2026-07-29 13:49:00,103
3027.21,21.418,21.405,21.42,21.435,21.405,2026-07-29 13:50:00,41
1037.0,21.4099,21.39,21.41,21.425,21.39,2026-07-29 13:51:00,30
1449.643069,21.3966,21.39,21.375,21.3999,21.375,2026-07-29 13:52:00,41
1873.466574,21.406,21.4,21.41,21.41,21.375,2026-07-29 13:53:00,38
1326.0,21.3867,21.39,21.385,21.39,21.385,2026-07-29 13:54:00,34
5116.21814,21.4183,21.4,21.46,21.46,21.385,2026-07-29 13:55:00,86
2344.0,21.4943,21.46,21.53,21.53,21.46,2026-07-29 13:56:00,42
1043.0,21.4915,21.49,21.52,21.525,21.49,2026-07-29 13:57:00,26
8166.0,21.5448,21.52,21.56,21.56,21.52,2026-07-29 13:58:00,153
4862.232218,21.5878,21.57,21.6,21.6195,21.57,2026-07-29 13:59:00,97
3460.886932,21.6732,21.64,21.71,21.71,21.64,2026-07-29 14:00:00,74
3188.460619,21.6959,21.69,21.7,21.71,21.68,2026-07-29 14:01:00,64
2852.0,21.6796,21.68,21.675,21.69,21.67,2026-07-29 14:02:00,57
2957.26465,21.6716,21.675,21.67,21.6895,21.66,2026-07-29 14:03:00,73
2812.0,21.7016,21.67,21.73,21.73,21.67,2026-07-29 14:04:00,50
4986.2762,21.7173,21.72,21.715,21.74,21.7,2026-07-29 14:05:00,85
3297.349526,21.7019,21.715,21.7,21.715,21.69,2026-07-29 14:06:00,61
2222.0,21.6836,21.72,21.67,21.72,21.67,2026-07-29 14:07:00,55
1545.0,21.6448,21.6615,21.63,21.6615,21.63,2026-07-29 14:08:00,39
11229.0,21.5859,21.615,21.59,21.615,21.53,2026-07-29 14:09:00,139
3520.221,21.5599,21.57,21.55,21.57,21.54,2026-07-29 14:10:00,66
1194.0,21.5254,21.55,21.5,21.55,21.5,2026-07-29 14:11:00,33
3257.0,21.4798,21.49,21.47,21.495,21.455,2026-07-29 14:12:00,71
2911.0,21.455,21.47,21.425,21.47,21.425,2026-07-29 14:13:00,54
1751.0,21.4384,21.43,21.43,21.45,21.43,2026-07-29 14:14:00,44
3740.031705,21.439,21.44,21.43,21.455,21.425,2026-07-29 14:15:00,65
5230.14828,21.395,21.42,21.38,21.42,21.37,2026-07-29 14:16:00,61
1701.0,21.3939,21.4,21.385,21.4,21.385,2026-07-29 14:17:00,46
3179.0,21.4063,21.4,21.42,21.44,21.39,2026-07-29 14:18:00,66
5037.195226,21.4034,21.42,21.4,21.43,21.39,2026-07-29 14:19:00,63
2710.0,21.4033,21.405,21.41,21.41,21.395,2026-07-29 14:20:00,64
5924.592795,21.4118,21.415,21.42,21.42,21.4,2026-07-29 14:21:00,58
2822.31,21.4326,21.43,21.46,21.46,21.43,2026-07-29 14:22:00,67
4122.0,21.4893,21.48,21.51,21.51,21.48,2026-07-29 14:23:00,57
3175.0,21.4872,21.51,21.48,21.51,21.48,2026-07-29 14:24:00,43
1767.2244,21.4783,21.475,21.475,21.48,21.475,2026-07-29 14:25:00,45
1455.0,21.4656,21.46,21.48,21.48,21.46,2026-07-29 14:26:00,57
2586.0,21.4764,21.48,21.49,21.49,21.47,2026-07-29 14:27:00,55
2965.0,21.4927,21.5,21.48,21.51,21.48,2026-07-29 14:28:00,80
3128.0,21.4413,21.475,21.435,21.475,21.43,2026-07-29 14:29:00,67
2411.0,21.4564,21.44,21.455,21.46,21.44,2026-07-29 14:31:00,46
3010.46036,21.453,21.44,21.45,21.46,21.44,2026-07-29 14:32:00,74
961.0,21.4505,21.45,21.455,21.455,21.45,2026-07-29 14:33:00,30
4364.143285,21.4694,21.47,21.465,21.48,21.45,2026-07-29 14:34:00,79
2494.0,21.4738,21.47,21.48,21.48,21.47,2026-07-29 14:35:00,60
1539.0,21.4877,21.5,21.505,21.505,21.49,2026-07-29 14:36:00,36
2861.0,21.5176,21.51,21.53,21.53,21.51,2026-07-29 14:37:00,59
2443.294472,21.5522,21.54,21.57,21.57,21.54,2026-07-29 14:38:00,60
2557.334446,21.5616,21.57,21.56,21.57,21.56,2026-07-29 14:39:00,49
5363.0,21.5628,21.56,21.555,21.58,21.555,2026-07-29 14:40:00,70
2912.0,21.5453,21.5405,21.54,21.55,21.54,2026-07-29 14:41:00,49
2048.0,21.5448,21.55,21.55,21.55,21.54,2026-07-29 14:42:00,46
1618.0,21.5341,21.54,21.525,21.54,21.525,2026-07-29 14:43:00,45
1665.53,21.555,21.54,21.56,21.56,21.54,2026-07-29 14:44:00,47
1984.0,21.5693,21.555,21.57,21.58,21.555,2026-07-29 14:45:00,47
2898.0,21.5456,21.57,21.52,21.57,21.52,2026-07-29 14:46:00,47
2905.0,21.5383,21.5393,21.54,21.54,21.52,2026-07-29 14:47:00,46
1139.0,21.543,21.545,21.54,21.545,21.54,2026-07-29 14:48:00,28
4606.07797,21.5297,21.54,21.525,21.54,21.525,2026-07-29 14:49:00,62
2461.0,21.5365,21.525,21.545,21.545,21.525,2026-07-29 14:50:00,51
1931.0,21.5576,21.545,21.58,21.58,21.54,2026-07-29 14:51:00,41
1658.0,21.5693,21.575,21.575,21.575,21.57,2026-07-29 14:52:00,39
3962.0,21.5864,21.58,21.59,21.6,21.58,2026-07-29 14:53:00,77
1190.0,21.5774,21.58,21.59,21.59,21.57,2026-07-29 14:54:00,31
1465.0,21.5967,21.6,21.6,21.61,21.6,2026-07-29 14:55:00,39
3713.0,21.5939,21.59,21.605,21.61,21.585,2026-07-29 14:56:00,70
2452.0,21.6152,21.61,21.615,21.62,21.61,2026-07-29 14:57:00,47
6839.0,21.6366,21.62,21.64,21.66,21.62,2026-07-29 14:58:00,101
1253.0,21.6404,21.64,21.645,21.65,21.64,2026-07-29 14:59:00,26
4133.7775,21.6586,21.65,21.66,21.665,21.64,2026-07-29 15:00:00,72
19558.40343,21.7069,21.65,21.765,21.765,21.65,2026-07-29 15:01:00,285
5809.0,21.7645,21.765,21.8,21.8,21.755,2026-07-29 15:02:00,102
563.0,21.7788,21.7901,21.7901,21.7901,21.7901,2026-07-29 15:03:00,23
2651.0,21.7928,21.8,21.8,21.805,21.8,2026-07-29 15:04:00,51
4583.294472,21.7927,21.79,21.78,21.81,21.775,2026-07-29 15:05:00,104
2487.0,21.7984,21.79,21.81,21.81,21.79,2026-07-29 15:06:00,42
2448.22762,21.824,21.81,21.83,21.83,21.81,2026-07-29 15:07:00,53
4001.0,21.8256,21.825,21.84,21.84,21.82,2026-07-29 15:08:00,84
1880.0,21.8381,21.845,21.84,21.845,21.84,2026-07-29 15:09:00,41
4307.0,21.8334,21.85,21.845,21.85,21.83,2026-07-29 15:10:00,83
1887.05704,21.8331,21.845,21.82,21.845,21.82,2026-07-29 15:11:00,42
1681.0,21.8317,21.83,21.83,21.835,21.83,2026-07-29 15:12:00,38
3756.0,21.8376,21.83,21.84,21.85,21.83,2026-07-29 15:13:00,71
2905.0,21.8342,21.83,21.83,21.84,21.83,2026-07-29 15:14:00,60
2192.0,21.8323,21.83,21.84,21.84,21.83,2026-07-29 15:15:00,46
6625.0,21.8538,21.845,21.86,21.86,21.845,2026-07-29 15:16:00,84
2438.0,21.8593,21.86,21.86,21.86,21.86,2026-07-29 15:17:00,57
2294.0,21.8587,21.86,21.86,21.86,21.8575,2026-07-29 15:18:00,47
4538.0,21.8626,21.87,21.86,21.87,21.86,2026-07-29 15:19:00,82
2324.0,21.8587,21.86,21.86,21.86,21.86,2026-07-29 15:20:00,42
10823.0,21.8375,21.86,21.82,21.86,21.815,2026-07-29 15:21:00,140
16008.0,21.8252,21.82,21.82,21.84,21.8,2026-07-29 15:22:00,223
1705.88807,21.8325,21.82,21.82,21.82,21.82,2026-07-29 15:23:00,39
6228.0,21.8191,21.82,21.82,21.82,21.81,2026-07-29 15:24:00,59
9025.0,21.8043,21.82,21.805,21.82,21.79,2026-07-29 15:25:00,146
3888.3433,21.8161,21.81,21.81,21.822,21.81,2026-07-29 15:26:00,87
1395.0,21.8136,21.81,21.81,21.82,21.81,2026-07-29 15:27:00,43
511.0,21.8103,21.81,21.81,21.81,21.81,2026-07-29 15:28:00,26
3895.0,21.8095,21.81,21.81,21.82,21.8,2026-07-29 15:29:00,85
4864.917217,21.8113,21.81,21.8,21.82,21.7982,2026-07-29 15:30:00,102
9834.0,21.8008,21.8,21.815,21.815,21.79,2026-07-29 15:31:00,115
5522.2487,21.8207,21.815,21.85,21.85,21.81,2026-07-29 15:32:00,96
5067.2539,21.8289,21.845,21.835,21.845,21.82,2026-07-29 15:33:00,97
2865.0,21.8234,21.83,21.82,21.83,21.82,2026-07-29 15:34:00,61
815.1972,21.8239,21.82,21.82,21.82,21.82,2026-07-29 15:35:00,31
2124.0,21.8167,21.815,21.82,21.82,21.815,2026-07-29 15:36:00,45
2422.0,21.8159,21.815,21.815,21.82,21.815,2026-07-29 15:37:00,35
1293.0161,21.8104,21.81,21.8,21.81,21.8,2026-07-29 15:38:00,41
1988.09514,21.8001,21.8,21.79,21.8,21.79,2026-07-29 15:39:00,53
4680.0,21.7897,21.79,21.79,21.79,21.785,2026-07-29 15:40:00,79
1546.0,21.8011,21.8,21.8,21.8,21.8,2026-07-29 15:41:00,46
1325.0,21.8009,21.8,21.8,21.8,21.8,2026-07-29 15:42:00,38
5282.0,21.7727,21.79,21.735,21.79,21.735,2026-07-29 15:43:00,112
3875.0,21.746,21.735,21.74,21.755,21.735,2026-07-29 15:44:00,74
6084.0,21.7725,21.76,21.78,21.8,21.76,2026-07-29 15:45:00,75
1147.0,21.7852,21.79,21.79,21.79,21.785,2026-07-29 15:46:00,35
4549.0,21.8015,21.795,21.8,21.815,21.79,2026-07-29 15:47:00,73
1775.303414,21.8064,21.805,21.805,21.805,21.805,2026-07-29 15:48:00,55
2587.0,21.8109,21.805,21.815,21.815,21.805,2026-07-29 15:49:00,46
1933.0,21.8135,21.815,21.815,21.82,21.815,2026-07-29 15:50:00,35
5078.0,21.8192,21.815,21.815,21.8299,21.81,2026-07-29 15:51:00,78
1886.0,21.8113,21.81,21.82,21.82,21.81,2026-07-29 15:52:00,43
3468.0,21.8271,21.82,21.845,21.845,21.82,2026-07-29 15:53:00,66
2681.02334,21.8324,21.845,21.82,21.845,21.82,2026-07-29 15:54:00,65
1947.7935,21.8265,21.82,21.815,21.82,21.81,2026-07-29 15:55:00,53
2120.0,21.8202,21.815,21.83,21.83,21.815,2026-07-29 15:56:00,49
4379.0,21.8344,21.83,21.84,21.84,21.83,2026-07-29 15:57:00,77
5732.0,21.8431,21.84,21.845,21.85,21.84,2026-07-29 15:58:00,107
1556.0,21.8439,21.845,21.845,21.845,21.841,2026-07-29 15:59:00,42
5579.0,21.849,21.845,21.85,21.855,21.845,2026-07-29 16:00:00,99
7641.0,21.8491,21.85,21.82,21.86,21.82,2026-07-29 16:01:00,97
1970.0,21.83,21.82,21.825,21.825,21.82,2026-07-29 16:02:00,35
992.0,21.8287,21.825,21.825,21.825,21.825,2026-07-29 16:03:00,36
1753.2419,21.8241,21.825,21.81,21.825,21.81,2026-07-29 16:04:00,39
4085.77279,21.817,21.81,21.815,21.815,21.8,2026-07-29 16:05:00,77
3183.0,21.8211,21.82,21.825,21.825,21.82,2026-07-29 16:06:00,38
2992.72405,21.8353,21.83,21.83,21.835,21.83,2026-07-29 16:07:00,59
1754.21082,21.8328,21.83,21.835,21.835,21.83,2026-07-29 16:08:00,40
2689.0,21.829,21.835,21.83,21.835,21.825,2026-07-29 16:09:00,48
1174.0,21.8286,21.83,21.83,21.83,21.82,2026-07-29 16:10:00,21
11789.14649,21.8032,21.82,21.79,21.82,21.79,2026-07-29 16:11:00,92
1012.0,21.7977,21.79,21.79,21.79,21.79,2026-07-29 16:12:00,36
11926.2042,21.8044,21.79,21.8,21.815,21.79,2026-07-29 16:13:00,157
3416.264,21.7852,21.79,21.78,21.79,21.77,2026-07-29 16:14:00,58
5332.0,21.7727,21.77,21.78,21.7875,21.76,2026-07-29 16:15:00,93
3702.0,21.7765,21.77,21.78,21.79,21.7601,2026-07-29 16:16:00,60
1909.4581,21.8137,21.81,21.815,21.815,21.81,2026-07-29 16:17:00,40
1143.76,21.8142,21.81,21.81,21.81,21.81,2026-07-29 16:18:00,40
1863.063,21.8092,21.8101,21.8,21.815,21.8,2026-07-29 16:19:00,39
4104.0,21.8158,21.8,21.825,21.8251,21.8,2026-07-29 16:20:00,81
3389.0,21.8082,21.82,21.8,21.82,21.8,2026-07-29 16:21:00,61
2481.0,21.8129,21.8,21.82,21.82,21.8,2026-07-29 16:22:00,51
3131.0,21.8288,21.82,21.82,21.84,21.82,2026-07-29 16:23:00,66
2753.0,21.8189,21.815,21.815,21.82,21.815,2026-07-29 16:24:00,60
2505.0,21.8016,21.81,21.78,21.81,21.78,2026-07-29 16:25:00,47
5135.009,21.7744,21.78,21.78,21.78,21.765,2026-07-29 16:26:00,78
4811.83608,21.8023,21.78,21.8,21.8,21.78,2026-07-29 16:27:00,34
3155.0,21.7995,21.805,21.8,21.81,21.79,2026-07-29 16:28:00,65
3501.34021,21.8075,21.8,21.81,21.81,21.8,2026-07-29 16:29:00,71
5524.0,21.8046,21.81,21.81,21.825,21.79,2026-07-29 16:30:00,97
486.0,21.8086,21.81,21.81,21.81,21.81,2026-07-29 16:31:00,14
775.266953,21.8111,21.8,21.8,21.8,21.8,2026-07-29 16:32:00,24
911.0,21.8,21.8,21.8,21.8,21.8,2026-07-29 16:33:00,23
3030.0,21.7981,21.8,21.78,21.8,21.78,2026-07-29 16:34:00,32
2366.7147,21.7797,21.77,21.77,21.77,21.77,2026-07-29 16:35:00,51
10312.0,21.7509,21.77,21.755,21.77,21.73,2026-07-29 16:36:00,149
7437.0,21.7486,21.75,21.76,21.76,21.74,2026-07-29 16:37:00,129
3022.0,21.7526,21.76,21.74,21.7601,21.74,2026-07-29 16:38:00,58
4893.0,21.7459,21.74,21.73,21.75,21.73,2026-07-29 16:39:00,78
6838.0,21.726,21.725,21.73,21.74,21.71,2026-07-29 16:40:00,49
2630.0,21.7121,21.72,21.705,21.725,21.705,2026-07-29 16:41:00,60
5574.0,21.6985,21.705,21.71,21.71,21.685,2026-07-29 16:42:00,80
1658.18427,21.7135,21.7,21.71,21.71,21.7,2026-07-29 16:43:00,38
2822.0,21.7097,21.7,21.72,21.72,21.7,2026-07-29 16:44:00,56
2818.0,21.706,21.72,21.7,21.72,21.7,2026-07-29 16:45:00,53
7144.0,21.6941,21.69,21.69,21.705,21.685,2026-07-29 16:46:00,111
8273.0,21.6939,21.69,21.71,21.71,21.685,2026-07-29 16:47:00,139
2738.0,21.7243,21.72,21.735,21.735,21.72,2026-07-29 16:48:00,53
593.0,21.7134,21.735,21.735,21.735,21.735,2026-07-29 16:49:00,19
3258.0,21.7423,21.74,21.755,21.76,21.74,2026-07-29 16:50:00,70
8490.0001,21.7561,21.76,21.775,21.775,21.75,2026-07-29 16:51:00,141
1274.0,21.7694,21.78,21.78,21.78,21.78,2026-07-29 16:52:00,39
3315.0,21.7905,21.795,21.78,21.795,21.78,2026-07-29 16:53:00,62
730.0,21.7802,21.785,21.785,21.785,21.785,2026-07-29 16:54:00,31
7857.5777,21.794,21.78,21.79,21.81,21.78,2026-07-29 16:55:00,100
5913.0,21.7907,21.79,21.79,21.795,21.79,2026-07-29 16:56:00,94
2748.0,21.7673,21.78,21.755,21.78,21.755,2026-07-29 16:57:00,56
4049.0,21.765,21.75,21.77,21.78,21.75,2026-07-29 16:58:00,78
2158.0,21.7714,21.77,21.78,21.78,21.76,2026-07-29 16:59:00,50
4112.0,21.7816,21.77,21.79,21.79,21.77,2026-07-29 17:00:00,73
1329.0,21.7929,21.795,21.795,21.795,21.795,2026-07-29 17:01:00,25
10778.0,21.8024,21.795,21.8,21.815,21.79,2026-07-29 17:02:00,157
2110.0,21.8036,21.8,21.815,21.815,21.8,2026-07-29 17:03:00,46
6442.79958,21.8017,21.815,21.79,21.8177,21.78,2026-07-29 17:04:00,135
2257.0,21.7886,21.8,21.785,21.8,21.78,2026-07-29 17:05:00,59
5987.0,21.7752,21.78,21.78,21.78,21.765,2026-07-29 17:06:00,94
2232.0,21.773,21.77,21.77,21.77,21.77,2026-07-29 17:07:00,51
5304.0,21.7541,21.76,21.768,21.77,21.745,2026-07-29 17:08:00,104
9485.0,21.7486,21.75,21.75,21.76,21.74,2026-07-29 17:09:00,146
11370.0,21.7559,21.755,21.78,21.78,21.75,2026-07-29 17:10:00,183
6892.0,21.7827,21.78,21.76,21.8,21.76,2026-07-29 17:11:00,104
7309.0,21.7535,21.76,21.74,21.76,21.74,2026-07-29 17:12:00,73
1022.0,21.7423,21.74,21.74,21.74,21.74,2026-07-29 17:13:00,31
2157.29803,21.754,21.74,21.755,21.755,21.74,2026-07-29 17:14:00,53
5177.0,21.7447,21.755,21.735,21.755,21.73,2026-07-29 17:15:00,96
5540.0,21.741,21.7401,21.73,21.75,21.73,2026-07-29 17:16:00,124
5058.0,21.7238,21.73,21.72,21.73,21.71,2026-07-29 17:17:00,77
7272.0,21.721,21.72,21.725,21.725,21.7105,2026-07-29 17:18:00,59
4221.0,21.7331,21.725,21.745,21.745,21.725,2026-07-29 17:19:00,77
4824.0,21.7538,21.75,21.755,21.76,21.75,2026-07-29 17:20:00,59
9677.04597,21.7629,21.76,21.775,21.775,21.755,2026-07-29 17:21:00,151
8308.0,21.7545,21.765,21.745,21.765,21.745,2026-07-29 17:22:00,109
6534.0,21.757,21.745,21.765,21.765,21.745,2026-07-29 17:23:00,101
5192.0,21.75,21.765,21.74,21.765,21.73,2026-07-29 17:24:00,107
1794.0,21.745,21.74,21.745,21.745,21.74,2026-07-29 17:26:00,57
6565.0,21.7379,21.74,21.73,21.75,21.72,2026-07-29 17:27:00,130
5195.0,21.7333,21.725,21.74,21.74,21.725,2026-07-29 17:28:00,90
1299.0,21.7397,21.74,21.74,21.7441,21.74,2026-07-29 17:29:00,32
1880.0,21.7391,21.74,21.74,21.74,21.73,2026-07-29 17:30:00,27
7564.1786,21.7345,21.73,21.725,21.745,21.72,2026-07-29 17:31:00,106
7393.0,21.7422,21.73,21.755,21.755,21.73,2026-07-29 17:32:00,97
16640.0,21.6869,21.755,21.655,21.755,21.65,2026-07-29 17:33:00,189
3290.0,21.6555,21.65,21.65,21.65,21.64,2026-07-29 17:34:00,59
2848.0,21.6422,21.65,21.63,21.65,21.62,2026-07-29 17:35:00,54
7836.0,21.6152,21.62,21.61,21.62,21.605,2026-07-29 17:36:00,125
8298.0,21.6242,21.61,21.62,21.63,21.61,2026-07-29 17:37:00,143
2122.0,21.6148,21.61,21.61,21.61,21.6,2026-07-29 17:38:00,48
3504.0,21.6184,21.61,21.61,21.62,21.61,2026-07-29 17:39:00,51
2636.0,21.6286,21.63,21.63,21.63,21.625,2026-07-29 17:40:00,54
2877.0,21.6161,21.63,21.61,21.63,21.61,2026-07-29 17:41:00,62
5098.0,21.6158,21.61,21.62,21.62,21.605,2026-07-29 17:42:00,87
3414.0,21.6086,21.61,21.6,21.61,21.6,2026-07-29 17:43:00,65
1076.46932,21.6132,21.6,21.59,21.6,21.59,2026-07-29 17:44:00,32
5837.634,21.6048,21.6,21.595,21.61,21.595,2026-07-29 17:45:00,106
1470.561,21.6087,21.595,21.595,21.598,21.595,2026-07-29 17:46:00,33
8798.0,21.5939,21.595,21.59,21.6,21.59,2026-07-29 17:47:00,128
2457.0,21.5936,21.59,21.6,21.6,21.59,2026-07-29 17:48:00,58
2681.0,21.591,21.585,21.595,21.6,21.585,2026-07-29 17:49:00,57
3573.0,21.5922,21.595,21.585,21.6,21.585,2026-07-29 17:50:00,81
3606.0,21.5896,21.59,21.595,21.6,21.57,2026-07-29 17:51:00,64
710.0,21.5951,21.595,21.6,21.6,21.595,2026-07-29 17:52:00,21
4031.22762,21.5896,21.6,21.59,21.6,21.58,2026-07-29 17:53:00,69
6988.32267,21.5817,21.585,21.595,21.595,21.57,2026-07-29 17:54:00,121
2584.0,21.6041,21.595,21.61,21.61,21.595,2026-07-29 17:55:00,76
1879.0,21.597,21.6,21.6,21.6,21.6,2026-07-29 17:56:00,39
2285.0,21.5898,21.59,21.5801,21.6,21.5801,2026-07-29 17:57:00,38
4303.0,21.5989,21.6,21.6,21.61,21.595,2026-07-29 17:58:00,76
2486.0,21.6087,21.6,21.61,21.62,21.6,2026-07-29 17:59:00,45
18115.0,21.6757,21.62,21.7025,21.72,21.615,2026-07-29 18:00:00,300
5628.0,21.7552,21.71,21.755,21.8,21.705,2026-07-29 18:01:00,90
2356.2058,21.7084,21.735,21.73,21.735,21.73,2026-07-29 18:02:00,82
1411.0,21.6965,21.69,21.69,21.69,21.69,2026-07-29 18:03:00,40
2212.0,21.6969,21.685,21.69,21.7,21.685,2026-07-29 18:04:00,59
2501.0,21.6762,21.67,21.645,21.68,21.645,2026-07-29 18:05:00,52
11825.0,21.6368,21.645,21.605,21.67,21.6,2026-07-29 18:06:00,170
1281.79288,21.6399,21.615,21.615,21.615,21.615,2026-07-29 18:07:00,30
2829.0,21.6253,21.61,21.62,21.62,21.61,2026-07-29 18:08:00,50
3279.0,21.611,21.62,21.595,21.62,21.595,2026-07-29 18:09:00,92
11225.0,21.6256,21.595,21.64,21.655,21.595,2026-07-29 18:10:00,204
4143.0,21.6494,21.635,21.67,21.67,21.635,2026-07-29 18:11:00,88
1589.0,21.67,21.68,21.68,21.68,21.68,2026-07-29 18:12:00,39
2650.1,21.6646,21.68,21.65,21.68,21.65,2026-07-29 18:13:00,53
5366.0,21.64,21.665,21.64,21.665,21.625,2026-07-29 18:14:00,96
2572.0,21.6538,21.64,21.66,21.665,21.64,2026-07-29 18:15:00,44
3436.0,21.665,21.67,21.655,21.68,21.655,2026-07-29 18:16:00,66
2702.93444,21.665,21.655,21.66,21.66,21.655,2026-07-29 18:17:00,61
3590.6498,21.6702,21.67,21.675,21.675,21.66,2026-07-29 18:18:00,66
7085.0,21.6693,21.6799,21.65,21.68,21.65,2026-07-29 18:19:00,111
900.13687,21.6612,21.65,21.65,21.65,21.65,2026-07-29 18:20:00,30
5288.0,21.6411,21.64,21.63,21.64,21.63,2026-07-29 18:21:00,86
2996.0,21.6281,21.625,21.625,21.6291,21.625,2026-07-29 18:22:00,37
9447.0,21.6283,21.625,21.6,21.64,21.6,2026-07-29 18:23:00,141
2924.0,21.6041,21.6,21.6,21.6,21.6,2026-07-29 18:24:00,47
4530.0,21.603,21.6,21.59,21.62,21.59,2026-07-29 18:25:00,89
3147.0,21.6098,21.595,21.605,21.61,21.595,2026-07-29 18:26:00,55
7416.03193,21.5992,21.605,21.585,21.61,21.585,2026-07-29 18:27:00,109
17034.0,21.6029,21.585,21.61,21.615,21.585,2026-07-29 18:28:00,217
5347.0,21.6064,21.615,21.605,21.615,21.6,2026-07-29 18:29:00,86
4415.0,21.6194,21.605,21.635,21.64,21.605,2026-07-29 18:30:00,92
16322.0,21.6233,21.635,21.6,21.635,21.6,2026-07-29 18:31:00,212
7205.0,21.5933,21.6,21.61,21.61,21.58,2026-07-29 18:32:00,98
5799.0,21.635,21.62,21.66,21.66,21.62,2026-07-29 18:33:00,96
4472.0,21.647,21.66,21.64,21.66,21.64,2026-07-29 18:34:00,71
4262.0,21.6398,21.635,21.65,21.65,21.635,2026-07-29 18:35:00,89
9075.0,21.6484,21.64,21.68,21.68,21.64,2026-07-29 18:36:00,156
7032.0,21.6957,21.69,21.712,21.72,21.69,2026-07-29 18:37:00,111
5716.0,21.739,21.72,21.745,21.76,21.72,2026-07-29 18:38:00,108
7543.0,21.7223,21.73,21.74,21.74,21.71,2026-07-29 18:39:00,148
10105.0,21.7235,21.72,21.72,21.735,21.71,2026-07-29 18:40:00,165
6129.0,21.7262,21.73,21.72,21.735,21.71,2026-07-29 18:41:00,101
9932.0,21.7119,21.71,21.725,21.725,21.7,2026-07-29 18:42:00,146
3833.0,21.7214,21.72,21.73,21.73,21.71,2026-07-29 18:43:00,66
3763.2479,21.7238,21.735,21.71,21.735,21.71,2026-07-29 18:44:00,77
8918.0,21.728,21.711,21.74,21.75,21.705,2026-07-29 18:45:00,151
4364.46812,21.763,21.75,21.79,21.79,21.75,2026-07-29 18:46:00,88
9111.0,21.7801,21.79,21.79,21.79,21.775,2026-07-29 18:47:00,144
4031.22762,21.8093,21.8,21.82,21.82,21.8,2026-07-29 18:48:00,65
6527.0,21.8148,21.83,21.805,21.83,21.805,2026-07-29 18:49:00,90
3075.68615,21.8204,21.81,21.825,21.83,21.81,2026-07-29 18:50:00,75
6477.0,21.8183,21.83,21.825,21.83,21.8101,2026-07-29 18:51:00,108
5427.0,21.8126,21.825,21.82,21.825,21.8,2026-07-29 18:52:00,87
4395.0,21.814,21.81,21.82,21.82,21.81,2026-07-29 18:53:00,81
6694.0,21.824,21.83,21.83,21.83,21.82,2026-07-29 18:54:00,88
6605.0,21.8247,21.83,21.815,21.84,21.81,2026-07-29 18:55:00,106
7665.0,21.8168,21.82,21.805,21.82,21.805,2026-07-29 18:56:00,150
7216.0,21.7774,21.8,21.77,21.8,21.76,2026-07-29 18:57:00,100
10134.0,21.7794,21.765,21.79,21.79,21.765,2026-07-29 18:58:00,150
2174.0,21.7837,21.78,21.77,21.785,21.77,2026-07-29 18:59:00,51
12433.82006,21.7643,21.76,21.76,21.77,21.76,2026-07-29 19:00:00,209
4142.0,21.7504,21.75,21.76,21.76,21.74,2026-07-29 19:01:00,72
12552.0,21.7407,21.77,21.735,21.77,21.71,2026-07-29 19:02:00,219
5143.0,21.7379,21.73,21.72,21.75,21.72,2026-07-29 19:03:00,79
6468.536,21.6992,21.71,21.7,21.71,21.68,2026-07-29 19:04:00,119
4710.0,21.7211,21.695,21.72,21.72,21.695,2026-07-29 19:05:00,84
7247.59446,21.6966,21.71,21.69,21.71,21.68,2026-07-29 19:06:00,113
4666.104195,21.6861,21.68,21.675,21.69,21.67,2026-07-29 19:07:00,100
9933.0,21.6638,21.665,21.66,21.67,21.64,2026-07-29 19:08:00,138
22220.588799,21.7359,21.66,21.8,21.81,21.66,2026-07-29 19:09:00,291
9861.78123,21.7981,21.8,21.83,21.84,21.785,2026-07-29 19:10:00,159
4695.8,21.836,21.83,21.87,21.87,21.83,2026-07-29 19:11:00,87
8524.68567,21.8708,21.88,21.88,21.89,21.855,2026-07-29 19:12:00,142
4863.5766,21.8536,21.87,21.86,21.87,21.855,2026-07-29 19:13:00,87
2753.0,21.8494,21.86,21.855,21.86,21.855,2026-07-29 19:14:00,66
19391.0,21.8525,21.855,21.83,21.865,21.83,2026-07-29 19:15:00,253
2952.295714,21.8015,21.82,21.785,21.82,21.785,2026-07-29 19:16:00,82
7770.2951,21.7914,21.79,21.77,21.81,21.77,2026-07-29 19:17:00,132
7189.0,21.7551,21.76,21.73,21.76,21.73,2026-07-29 19:18:00,90
4712.0,21.7426,21.74,21.735,21.74,21.73,2026-07-29 19:19:00,84
15646.0,21.7214,21.735,21.71,21.735,21.69,2026-07-29 19:20:00,195
8220.0,21.7309,21.71,21.7399,21.74,21.71,2026-07-29 19:21:00,133
14132.0,21.7094,21.739,21.695,21.739,21.695,2026-07-29 19:22:00,194
6075.358,21.6762,21.68,21.65,21.68,21.65,2026-07-29 19:23:00,104
9268.0,21.6612,21.65,21.67,21.67,21.65,2026-07-29 19:24:00,123
17153.0,21.6844,21.67,21.7,21.7,21.67,2026-07-29 19:25:00,271
8896.0,21.7,21.69,21.71,21.72,21.685,2026-07-29 19:26:00,139
11677.0,21.7127,21.72,21.72,21.72,21.71,2026-07-29 19:27:00,131
6998.0,21.7151,21.72,21.75,21.75,21.71,2026-07-29 19:28:00,101
10388.948527,21.7487,21.75,21.76,21.76,21.735,2026-07-29 19:29:00,185
10048.0,21.7822,21.76,21.78,21.81,21.76,2026-07-29 19:30:00,157
20310.0,21.7771,21.79,21.79,21.8,21.77,2026-07-29 19:31:00,235
14741.0,21.7852,21.79,21.765,21.805,21.765,2026-07-29 19:32:00,198
9754.0,21.7271,21.76,21.68,21.76,21.68,2026-07-29 19:33:00,151
10473.0,21.6985,21.68,21.71,21.71,21.67,2026-07-29 19:34:00,125
15463.0,21.6697,21.69,21.65,21.69,21.64,2026-07-29 19:35:00,228
15978.180042,21.6717,21.65,21.69,21.69,21.64,2026-07-29 19:36:00,170
8170.0,21.6847,21.7,21.66,21.705,21.66,2026-07-29 19:37:00,145
9899.431631,21.6363,21.66,21.62,21.66,21.61,2026-07-29 19:38:00,151
8065.0,21.6316,21.61,21.63,21.63,21.61,2026-07-29 19:39:00,125
27135.0,21.6335,21.63,21.63,21.645,21.62,2026-07-29 19:40:00,288
12094.0,21.6361,21.64,21.62,21.65,21.62,2026-07-29 19:41:00,194
8319.0,21.6193,21.62,21.615,21.625,21.61,2026-07-29 19:42:00,121
19183.0,21.6128,21.615,21.62,21.625,21.6,2026-07-29 19:43:00,283
11923.0,21.6109,21.61,21.605,21.62,21.6,2026-07-29 19:44:00,189
19575.0,21.6257,21.605,21.62,21.645,21.605,2026-07-29 19:45:00,257
9940.0,21.616,21.62,21.605,21.62,21.6,2026-07-29 19:46:00,154
18196.36112,21.59,21.605,21.585,21.605,21.5711,2026-07-29 19:47:00,243
20521.0,21.5963,21.585,21.605,21.605,21.58,2026-07-29 19:48:00,280
12863.0,21.6078,21.605,21.605,21.615,21.6,2026-07-29 19:49:00,180
30483.0,21.6154,21.6,21.59,21.64,21.585,2026-07-29 19:50:00,377
18120.89171,21.5981,21.59,21.595,21.61,21.58,2026-07-29 19:51:00,262
28857.697444,21.588,21.6,21.595,21.61,21.565,2026-07-29 19:52:00,328
21401.54285,21.5952,21.595,21.57,21.61,21.57,2026-07-29 19:53:00,236
22399.0,21.5823,21.57,21.59,21.595,21.57,2026-07-29 19:54:00,300
53915.0,21.6141,21.58,21.635,21.65,21.575,2026-07-29 19:55:00,527
62017.0,21.6309,21.635,21.63,21.65,21.61,2026-07-29 19:56:00,718
77272.0,21.628,21.635,21.635,21.65,21.595,2026-07-29 19:57:00,628
61750.0,21.6449,21.635,21.645,21.66,21.63,2026-07-29 19:58:00,623
136265.0,21.6335,21.64,21.63,21.65,21.61,2026-07-29 19:59:00,1121
7965.89209,21.6323,21.63,21.63,21.63,21.63,2026-07-29 20:00:00,27
580.0,21.6806,21.65,21.64,21.65,21.64,2026-07-29 20:12:00,4
100.0,21.5517,21.5517,21.5517,21.5517,21.5517,2026-07-29 20:31:00,1
100.0,21.8881,21.8881,21.8881,21.8881,21.8881,2026-07-29 23:20:00,1
149.0,21.61,21.61,21.61,21.61,21.61,2026-07-30 11:33:00,1
100.0,21.89,21.89,21.89,21.89,21.89,2026-07-30 12:22:00,1
200.0,21.4083,21.4083,21.4083,21.4083,21.4083,2026-07-30 13:10:00,1
290.0,21.2548,21.31,21.24,21.31,21.24,2026-07-30 13:29:00,3
21416.462942,21.0342,21.21,21.19,21.21,20.85,2026-07-30 13:30:00,67
4675.929561,21.1766,21.19,21.07,21.21,21.07,2026-07-30 13:31:00,66
4164.0,21.0213,21.06,20.95,21.06,20.95,2026-07-30 13:32:00,78
4115.23691,21.004,20.9001,21.02,21.05,20.9001,2026-07-30 13:33:00,54
1099.025365,20.9693,20.97,20.98,20.98,20.96,2026-07-30 13:34:00,23
7258.5,20.9654,20.98,20.92,20.98,20.92,2026-07-30 13:35:00,82
4608.72473,20.9917,20.91,21.03,21.04,20.91,2026-07-30 13:36:00,107
3339.1808,21.0399,21.03,21.06,21.06,21.01,2026-07-30 13:37:00,69
3234.0,21.0086,21.06,20.93,21.06,20.93,2026-07-30 13:38:00,58
2587.241696,20.9218,20.96,20.94,20.96,20.9,2026-07-30 13:39:00,50
1948.1084,20.9586,20.955,20.98,20.98,20.93,2026-07-30 13:40:00,50
4099.0,21.0255,21.01,21.035,21.045,21.01,2026-07-30 13:41:00,69
4011.0,21.012,21.035,20.99,21.035,20.99,2026-07-30 13:42:00,74
2830.0,21.0406,21.02,21.07,21.075,20.995,2026-07-30 13:43:00,76
5968.285442,21.0678,21.09,21.02,21.09,21.02,2026-07-30 13:44:00,72
3143.0,20.9879,21.02,20.96,21.02,20.96,2026-07-30 13:45:00,57
3781.0,20.9529,20.93,20.96,20.98,20.93,2026-07-30 13:46:00,60
11066.216,20.8812,20.93,20.87,20.93,20.84,2026-07-30 13:47:00,167
3117.0,20.8843,20.88,20.91,20.91,20.86,2026-07-30 13:48:00,80
5792.0,20.9548,20.93,20.96,20.975,20.925,2026-07-30 13:49:00,77
5305.370218,20.9313,20.95,20.91,20.95,20.91,2026-07-30 13:50:00,88
7667.43,20.9233,20.9,20.9,20.955,20.9,2026-07-30 13:51:00,139
4024.0,20.8852,20.9,20.85,20.9,20.84,2026-07-30 13:52:00,64
4746.1231,20.8576,20.88,20.83,20.88,20.83,2026-07-30 13:53:00,104
6702.1798,20.8032,20.81,20.76,20.85,20.75,2026-07-30 13:54:00,106
7395.0,20.7513,20.75,20.73,20.77,20.73,2026-07-30 13:55:00,104
10096.0,20.7555,20.76,20.75,20.77,20.72,2026-07-30 13:56:00,121
3512.0,20.7519,20.73,20.765,20.765,20.73,2026-07-30 13:57:00,38
6190.0,20.7906,20.77,20.8,20.82,20.76,2026-07-30 13:58:00,112
7693.246578,20.762,20.81,20.72,20.81,20.71,2026-07-30 13:59:00,78
1968.647932,20.7059,20.71,20.695,20.71,20.68,2026-07-30 14:00:00,33
3755.96959,20.6884,20.695,20.65,20.7155,20.65,2026-07-30 14:01:00,65
8191.88676,20.6775,20.66,20.68,20.69,20.65,2026-07-30 14:02:00,116
2352.242,20.6792,20.68,20.66,20.68,20.66,2026-07-30 14:03:00,51
6333.0,20.6397,20.645,20.65,20.66,20.62,2026-07-30 14:04:00,87
6070.0,20.6247,20.64,20.65,20.65,20.6,2026-07-30 14:05:00,68
5949.1406,20.5906,20.615,20.585,20.615,20.58,2026-07-30 14:06:00,84
8016.1093,20.5802,20.55,20.595,20.6,20.55,2026-07-30 14:07:00,82
7262.249419,20.5371,20.59,20.475,20.59,20.4717,2026-07-30 14:08:00,96
10108.219398,20.5039,20.475,20.485,20.52,20.475,2026-07-30 14:09:00,63
6103.291604,20.467,20.48,20.46,20.4832,20.45,2026-07-30 14:10:00,90
6520.067951,20.4635,20.46,20.4775,20.48,20.44,2026-07-30 14:11:00,120
4426.728188,20.4475,20.47,20.425,20.47,20.415,2026-07-30 14:12:00,75
4042.0,20.4197,20.3952,20.435,20.45,20.3952,2026-07-30 14:13:00,84
7860.0,20.4472,20.45,20.43,20.47,20.43,2026-07-30 14:14:00,80
3924.033769,20.4239,20.41,20.44,20.44,20.41,2026-07-30 14:15:00,72
4063.35697,20.4116,20.43,20.41,20.43,20.39,2026-07-30 14:16:00,81
5238.04897,20.4018,20.41,20.4,20.415,20.3899,2026-07-30 14:17:00,98
4452.183763,20.3745,20.41,20.34,20.41,20.34,2026-07-30 14:18:00,69
2422.566959,20.3663,20.345,20.36,20.36,20.345,2026-07-30 14:19:00,51
3907.0,20.3738,20.35,20.38,20.4,20.35,2026-07-30 14:20:00,69
3076.0,20.3984,20.395,20.4,20.41,20.395,2026-07-30 14:21:00,51
6174.0,20.3807,20.4,20.365,20.41,20.35,2026-07-30 14:22:00,99
3762.49089,20.3726,20.365,20.37,20.38,20.365,2026-07-30 14:23:00,64
7418.0,20.3823,20.38,20.415,20.415,20.36,2026-07-30 14:24:00,85
6240.62676,20.4158,20.41,20.44,20.455,20.395,2026-07-30 14:25:00,103
6806.0,20.4667,20.44,20.5,20.5,20.44,2026-07-30 14:26:00,71
19143.0,20.4963,20.5,20.51,20.53,20.48,2026-07-30 14:27:00,168
2901.033684,20.4817,20.5,20.46,20.5,20.46,2026-07-30 14:28:00,77
2029.0,20.452,20.45,20.45,20.46,20.45,2026-07-30 14:29:00,45
4758.03664,20.4424,20.43,20.47,20.47,20.43,2026-07-30 14:30:00,87
2207.0,20.4695,20.48,20.47,20.48,20.47,2026-07-30 14:31:00,37
8376.2529,20.4897,20.5,20.47,20.51,20.47,2026-07-30 14:32:00,97
6395.0,20.4943,20.47,20.52,20.52,20.46,2026-07-30 14:33:00,115
3333.0,20.4909,20.5,20.49,20.5,20.48,2026-07-30 14:34:00,60
4445.0,20.5057,20.5,20.51,20.515,20.5,2026-07-30 14:35:00,78
7403.1,20.5153,20.505,20.53,20.53,20.505,2026-07-30 14:36:00,103
4660.0,20.5513,20.54,20.58,20.58,20.54,2026-07-30 14:37:00,80
4820.0,20.5658,20.59,20.535,20.59,20.535,2026-07-30 14:38:00,96
9470.1773,20.515,20.53,20.485,20.53,20.48,2026-07-30 14:39:00,77
2491.0,20.4986,20.49,20.5,20.5,20.49,2026-07-30 14:40:00,41
4786.0,20.4773,20.49,20.475,20.49,20.46,2026-07-30 14:41:00,80
5805.49,20.4831,20.47,20.53,20.53,20.455,2026-07-30 14:42:00,86
1681.0,20.5051,20.52,20.52,20.52,20.5,2026-07-30 14:43:00,54
1577.0,20.5134,20.52,20.51,20.52,20.51,2026-07-30 14:44:00,36
33043.0,20.4791,20.51,20.41,20.51,20.41,2026-07-30 14:45:00,143
6253.0,20.4416,20.4199,20.5,20.51,20.4199,2026-07-30 14:46:00,108
3101.0,20.4969,20.5,20.53,20.53,20.5,2026-07-30 14:47:00,63
7201.106,20.4998,20.535,20.49,20.535,20.46,2026-07-30 14:48:00,140
2825.0,20.5116,20.5,20.52,20.52,20.5,2026-07-30 14:49:00,59
1726.0,20.5163,20.52,20.53,20.53,20.52,2026-07-30 14:50:00,41
4144.0,20.5375,20.53,20.5516,20.56,20.53,2026-07-30 14:51:00,72
6563.279386,20.5405,20.56,20.52,20.56,20.51,2026-07-30 14:52:00,125
3340.0,20.53,20.555,20.51,20.555,20.51,2026-07-30 14:53:00,74
5478.325767,20.5269,20.5,20.535,20.54,20.5,2026-07-30 14:54:00,96
3490.0,20.5234,20.53,20.53,20.53,20.51,2026-07-30 14:55:00,71
4746.24303,20.5592,20.54,20.56,20.58,20.54,2026-07-30 14:56:00,126
4488.0,20.5559,20.56,20.555,20.5687,20.55,2026-07-30 14:57:00,69
2935.0,20.5647,20.555,20.58,20.58,20.555,2026-07-30 14:58:00,87
5721.32881,20.6273,20.61,20.635,20.64,20.61,2026-07-30 14:59:00,105
6206.40085,20.6428,20.63,20.63,20.665,20.63,2026-07-30 15:00:00,114
3712.126,20.6082,20.63,20.595,20.63,20.595,2026-07-30 15:01:00,65
2999.134959,20.6046,20.598,20.6,20.61,20.598,2026-07-30 15:02:00,57
2776.428563,20.6129,20.618,20.61,20.618,20.605,2026-07-30 15:03:00,77
3577.0,20.6216,20.62,20.61,20.63,20.61,2026-07-30 15:04:00,72
2951.0,20.6107,20.61,20.62,20.62,20.61,2026-07-30 15:05:00,47
1649.0,20.6093,20.62,20.61,20.62,20.6,2026-07-30 15:06:00,49
2206.0,20.6225,20.62,20.6408,20.6408,20.62,2026-07-30 15:07:00,38
2787.0,20.6396,20.64,20.652,20.652,20.635,2026-07-30 15:08:00,70
4393.0,20.6525,20.65,20.66,20.66,20.645,2026-07-30 15:09:00,74
7335.0,20.6538,20.65,20.67,20.67,20.64,2026-07-30 15:10:00,143
3429.0,20.6886,20.69,20.705,20.71,20.68,2026-07-30 15:11:00,75
5774.55,20.679,20.705,20.67,20.705,20.67,2026-07-30 15:12:00,106
10001.0,20.6515,20.66,20.665,20.67,20.61,2026-07-30 15:13:00,142
5924.0,20.6442,20.66,20.65,20.665,20.63,2026-07-30 15:14:00,88
3890.189,20.657,20.655,20.66,20.66,20.65,2026-07-30 15:15:00,55
4154.0,20.6767,20.67,20.7,20.7,20.66,2026-07-30 15:16:00,86
5102.0,20.691,20.7,20.69,20.7,20.68,2026-07-30 15:17:00,102
1840.191599,20.6837,20.68,20.69,20.69,20.68,2026-07-30 15:18:00,52
2649.0,20.6917,20.69,20.69,20.7,20.69,2026-07-30 15:19:00,51
4286.0,20.696,20.695,20.7,20.7,20.695,2026-07-30 15:20:00,50
8044.0,20.7209,20.71,20.74,20.74,20.705,2026-07-30 15:21:00,140
7642.43046,20.7537,20.74,20.76,20.775,20.735,2026-07-30 15:22:00,76
6499.0,20.7431,20.765,20.75,20.765,20.72,2026-07-30 15:23:00,103
16020.0,20.7542,20.755,20.785,20.785,20.73,2026-07-30 15:24:00,153
3287.0,20.8001,20.785,20.815,20.815,20.785,2026-07-30 15:25:00,71
11838.0,20.8187,20.815,20.85,20.85,20.79,2026-07-30 15:26:00,155
5777.0,20.835,20.855,20.8404,20.855,20.82,2026-07-30 15:27:00,107
3638.0,20.834,20.84,20.845,20.845,20.835,2026-07-30 15:28:00,62
3240.0,20.8693,20.85,20.88,20.89,20.85,2026-07-30 15:29:00,54
5910.0,20.8894,20.885,20.91,20.91,20.87,2026-07-30 15:30:00,76
14222.0,20.9229,20.92,20.905,20.935,20.905,2026-07-30 15:31:00,169
4258.0,20.9052,20.9,20.9,20.915,20.9,2026-07-30 15:32:00,80
5761.0,20.8815,20.89,20.875,20.89,20.875,2026-07-30 15:33:00,100
4035.0,20.891,20.88,20.9,20.91,20.88,2026-07-30 15:34:00,61
5385.0,20.9165,20.905,20.92,20.93,20.905,2026-07-30 15:35:00,85
4578.2228,20.9242,20.92,20.93,20.94,20.91,2026-07-30 15:36:00,69
10487.0,20.9194,20.93,20.92,20.93,20.91,2026-07-30 15:37:00,127
1157.787,20.9346,20.92,20.92,20.92,20.92,2026-07-30 15:38:00,34
2717.0,20.9222,20.92,20.915,20.93,20.915,2026-07-30 15:39:00,51
1265.0,20.9265,20.93,20.94,20.94,20.93,2026-07-30 15:40:00,40
3075.246578,20.9544,20.95,20.96,20.96,20.95,2026-07-30 15:41:00,67
9250.0,20.9817,20.965,20.99,20.99,20.965,2026-07-30 15:42:00,86
6308.0,20.9963,21.0,20.99,21.01,20.99,2026-07-30 15:43:00,91
2204.0,20.9874,20.998,20.99,20.998,20.99,2026-07-30 15:44:00,30
6741.0,20.9945,20.98,21.03,21.03,20.98,2026-07-30 15:45:00,111
6922.049,21.0225,21.04,21.025,21.04,21.01,2026-07-30 15:46:00,107
4475.0,21.0202,21.025,21.02,21.03,21.02,2026-07-30 15:47:00,82
2086.0,21.0149,21.01,21.02,21.02,21.01,2026-07-30 15:48:00,45
5290.0,21.017,21.02,21.01,21.03,21.01,2026-07-30 15:49:00,71
6342.1777,21.003,21.0,21.01,21.01,21.0,2026-07-30 15:50:00,75
3228.0,21.0033,21.01,21.01,21.01,21.0,2026-07-30 15:51:00,47
6305.0,20.9944,21.005,20.98,21.0051,20.98,2026-07-30 15:52:00,70
3199.1,20.9925,20.98,20.99,20.99,20.98,2026-07-30 15:53:00,49
5679.0,21.0217,20.99,21.05,21.05,20.99,2026-07-30 15:54:00,94
4428.0,21.0527,21.06,21.04,21.06,21.035,2026-07-30 15:55:00,78
2711.0,21.0231,21.04,21.01,21.04,21.01,2026-07-30 15:56:00,60
5436.0,21.0081,21.0,21.03,21.03,21.0,2026-07-30 15:57:00,92
3123.0,21.0282,21.04,21.02,21.04,21.02,2026-07-30 15:58:00,55
3160.0,21.0162,21.02,21.01,21.03,21.01,2026-07-30 15:59:00,60
1484.053318,21.0037,21.0,21.0,21.0,21.0,2026-07-30 16:00:00,39
2545.0,21.0049,21.0,21.0,21.01,21.0,2026-07-30 16:01:00,66
6454.1794,21.0201,21.02,21.02,21.025,21.015,2026-07-30 16:02:00,121
5072.0,21.0109,21.02,20.99,21.02,20.99,2026-07-30 16:03:00,103
3389.0,21.0018,21.0,20.99,21.01,20.99,2026-07-30 16:04:00,59
5110.0,20.9916,21.0,20.98,21.0,20.98,2026-07-30 16:05:00,83
2966.0,20.9951,20.99,21.01,21.01,20.99,2026-07-30 16:06:00,60
6906.0,20.9955,21.01,20.98,21.01,20.98,2026-07-30 16:07:00,99
4924.0,20.9652,20.97,20.96,20.97,20.96,2026-07-30 16:08:00,83
692.0,20.9664,20.96,20.96,20.96,20.96,2026-07-30 16:09:00,24
2714.0,20.9812,20.97,20.995,20.995,20.97,2026-07-30 16:10:00,65
2503.1935,20.9998,21.0,21.005,21.005,21.0,2026-07-30 16:11:00,55
4215.0,20.9995,21.01,20.995,21.01,20.99,2026-07-30 16:12:00,79
2147.0476,21.0066,21.0,21.005,21.01,21.0,2026-07-30 16:13:00,39
4137.0,20.9935,21.0,20.99,21.0,20.99,2026-07-30 16:14:00,64
2129.0,20.9869,20.99,20.98,20.99,20.98,2026-07-30 16:15:00,50
3370.0,20.9684,20.98,20.96,20.98,20.955,2026-07-30 16:16:00,56
2939.0,20.9547,20.961,20.945,20.961,20.945,2026-07-30 16:17:00,59
2426.0,20.9578,20.94,20.95,20.95,20.94,2026-07-30 16:18:00,51
4581.0,20.9575,20.95,20.96,20.96,20.95,2026-07-30 16:19:00,66
2825.0,20.9621,20.965,20.955,20.965,20.955,2026-07-30 16:20:00,50
4248.0,20.9629,20.955,20.97,20.97,20.955,2026-07-30 16:21:00,77
2903.0,20.9651,20.96,20.97,20.97,20.955,2026-07-30 16:22:00,68
3640.1,20.9819,20.965,21.01,21.01,20.965,2026-07-30 16:23:00,83
4605.0769,20.9907,21.005,20.99,21.005,20.985,2026-07-30 16:24:00,64
4233.0,20.9904,20.99,20.99,21.0,20.99,2026-07-30 16:25:00,63
1677.23823,20.9849,20.98,20.98,20.99,20.98,2026-07-30 16:26:00,38
6585.0,20.9736,20.9842,20.97,20.9842,20.97,2026-07-30 16:27:00,115
2688.0,20.9807,20.98,20.99,20.99,20.98,2026-07-30 16:28:00,50
3021.0,20.9816,20.9899,20.98,20.9899,20.98,2026-07-30 16:29:00,58
1748.0,20.979,20.98,20.98,20.98,20.98,2026-07-30 16:30:00,38
5245.07055,20.9733,20.98,20.97,20.98,20.97,2026-07-30 16:31:00,111
3334.0,20.9804,20.98,20.99,20.99,20.98,2026-07-30 16:32:00,75
5470.0,21.0025,21.0,21.01,21.01,21.0,2026-07-30 16:33:00,98
2172.0,20.9978,21.01,21.0,21.01,20.99,2026-07-30 16:34:00,51
2903.0,21.0085,21.005,21.0101,21.015,21.005,2026-07-30 16:35:00,53
3958.3449,21.0169,21.01,21.005,21.02,21.005,2026-07-30 16:36:00,87
1466.0,21.0131,21.01,21.02,21.025,21.01,2026-07-30 16:37:00,43
2027.0,21.0102,21.01,21.01,21.01,21.01,2026-07-30 16:38:00,56
1553.047,21.0022,21.01,21.0,21.01,21.0,2026-07-30 16:39:00,42
2156.0,21.0096,21.01,21.01,21.01,21.01,2026-07-30 16:40:00,43
2363.0,21.0134,21.015,21.015,21.015,21.0105,2026-07-30 16:41:00,30
6358.449014,21.0165,21.015,21.015,21.02,21.01,2026-07-30 16:42:00,94
5650.0,21.0244,21.015,21.04,21.04,21.015,2026-07-30 16:43:00,81
2850.412072,21.0371,21.04,21.03,21.04,21.03,2026-07-30 16:44:00,50
1674.0,21.0328,21.03,21.035,21.035,21.03,2026-07-30 16:45:00,37
5554.201436,21.0467,21.04,21.04,21.055,21.04,2026-07-30 16:46:00,114
2963.26123,21.0306,21.04,21.03,21.04,21.0201,2026-07-30 16:47:00,50
3281.0,21.0235,21.03,21.02,21.03,21.02,2026-07-30 16:48:00,62
3078.80178,21.0139,21.01,20.995,21.01,20.995,2026-07-30 16:49:00,67
6135.0,21.003,20.99,21.0,21.01,20.99,2026-07-30 16:50:00,99
2694.0,20.9998,21.0,21.0,21.0,20.995,2026-07-30 16:51:00,55
3072.0,21.0223,21.0,21.03,21.04,21.0,2026-07-30 16:52:00,57
4235.0,21.0121,21.03,20.99,21.03,20.99,2026-07-30 16:53:00,79
2413.0,20.9865,20.99,20.98,20.99,20.97,2026-07-30 16:54:00,52
1515.0,20.9779,20.97,20.97,20.98,20.97,2026-07-30 16:55:00,44
5258.0,20.9653,20.97,20.96,20.97,20.96,2026-07-30 16:56:00,84
2481.0,20.9506,20.95,20.94,20.95,20.94,2026-07-30 16:57:00,59
4493.0,20.9458,20.935,20.945,20.945,20.93,2026-07-30 16:58:00,62
1775.4,20.951,20.94,20.93,20.94,20.93,2026-07-30 16:59:00,42
5149.0,20.9485,20.94,20.96,20.96,20.94,2026-07-30 17:00:00,78
4245.0,20.9634,20.96,20.975,20.975,20.96,2026-07-30 17:01:00,31
5029.0,20.9705,20.975,20.975,20.975,20.965,2026-07-30 17:02:00,78
3647.0,20.9755,20.97,20.99,20.99,20.97,2026-07-30 17:03:00,76
1612.0,20.9743,20.99,20.985,20.99,20.985,2026-07-30 17:04:00,19
2769.0,20.9792,20.98,20.98,20.98,20.98,2026-07-30 17:05:00,54
2090.0,20.9877,20.99,20.98,20.99,20.98,2026-07-30 17:06:00,49
1666.0,20.9841,20.985,20.985,20.985,20.985,2026-07-30 17:07:00,47
3762.0,20.9934,20.985,21.0,21.0,20.985,2026-07-30 17:09:00,60
10061.997636,21.0193,21.02,21.01,21.04,21.005,2026-07-30 17:10:00,154
2391.0,21.0036,21.01,21.0,21.01,21.0,2026-07-30 17:11:00,51
1825.0,21.0002,21.0,21.0,21.0,21.0,2026-07-30 17:12:00,45
1485.0,21.0079,21.01,21.01,21.01,21.0,2026-07-30 17:13:00,47
2247.0,21.0166,21.01,21.02,21.02,21.01,2026-07-30 17:14:00,48
4470.1,21.0201,21.02,21.02,21.03,21.02,2026-07-30 17:15:00,77
1931.59237,21.0207,21.01,21.02,21.02,21.01,2026-07-30 17:16:00,44
5060.077123,21.0123,21.02,21.0,21.02,21.0,2026-07-30 17:17:00,89
2946.87259,20.9966,20.99,20.98,20.99,20.98,2026-07-30 17:18:00,85
2106.0,20.9879,20.98,20.985,20.99,20.98,2026-07-30 17:19:00,53
3664.346,20.9866,20.98,20.995,21.0,20.98,2026-07-30 17:20:00,62
4588.0,20.9883,20.99,20.99,20.995,20.98,2026-07-30 17:21:00,77
3053.0,20.9966,21.0,20.99,21.01,20.99,2026-07-30 17:22:00,60
3767.179,20.9834,20.99,20.98,20.99,20.98,2026-07-30 17:23:00,45
587.0,20.9812,20.98,20.9845,20.9845,20.98,2026-07-30 17:24:00,28
3150.0,20.9887,20.985,20.99,20.99,20.985,2026-07-30 17:25:00,72
3343.0,20.9951,21.0,20.98,21.0,20.98,2026-07-30 17:26:00,61
2472.0,20.9877,20.98,20.985,20.99,20.98,2026-07-30 17:27:00,70
2507.0,20.9901,20.99,20.99,20.99,20.99,2026-07-30 17:28:00,63
1342.0,20.9899,20.99,20.99,20.99,20.99,2026-07-30 17:29:00,25
3601.29271,20.9871,20.98,20.99,20.99,20.98,2026-07-30 17:30:00,69
4367.20459,20.9916,20.995,20.985,20.995,20.985,2026-07-30 17:31:00,76
2999.8114,20.9867,20.9899,20.975,20.9899,20.975,2026-07-30 17:32:00,60
3889.08746,20.9714,20.975,20.97,20.975,20.97,2026-07-30 17:33:00,63
4255.4542,20.9662,20.97,20.97,20.97,20.96,2026-07-30 17:34:00,66
2008.0,20.9644,20.97,20.96,20.97,20.96,2026-07-30 17:35:00,66
3623.0,20.9583,20.95,20.97,20.97,20.95,2026-07-30 17:36:00,70
4009.0,20.9639,20.97,20.95,20.97,20.95,2026-07-30 17:37:00,101
3348.0,20.9321,20.94,20.93,20.94,20.925,2026-07-30 17:38:00,72
1720.0,20.9272,20.925,20.925,20.925,20.925,2026-07-30 17:39:00,39
2621.0,20.932,20.93,20.93,20.93,20.93,2026-07-30 17:40:00,68
1909.0,20.9377,20.935,20.935,20.94,20.935,2026-07-30 17:41:00,39
5214.0,20.9352,20.94,20.93,20.94,20.93,2026-07-30 17:42:00,102
3933.9565,20.9502,20.94,20.96,20.96,20.94,2026-07-30 17:43:00,56
5574.40534,20.9573,20.96,20.96,20.96,20.95,2026-07-30 17:44:00,45
1168.0,20.9575,20.965,20.97,20.97,20.965,2026-07-30 17:45:00,28
2690.0,20.9674,20.97,20.965,20.97,20.965,2026-07-30 17:46:00,60
5748.8602,20.9633,20.965,20.955,20.965,20.955,2026-07-30 17:47:00,95
2563.0,20.9635,20.96,20.97,20.97,20.96,2026-07-30 17:48:00,53
2404.0,20.9699,20.965,20.975,20.975,20.965,2026-07-30 17:49:00,48
1965.0,20.9764,20.9791,20.975,20.9791,20.975,2026-07-30 17:50:00,37
1647.26619,20.9753,20.975,20.975,20.975,20.975,2026-07-30 17:51:00,39
4784.0,20.9695,20.97,20.965,20.975,20.96,2026-07-30 17:52:00,78
2227.0,20.9682,20.965,20.975,20.975,20.965,2026-07-30 17:54:00,28
2196.3128,20.985,20.975,20.995,20.995,20.975,2026-07-30 17:55:00,48
1214.001,21.0009,21.0,21.0,21.0,21.0,2026-07-30 17:56:00,38
4071.0,21.0246,21.025,21.04,21.04,21.025,2026-07-30 17:57:00,73
2633.0,21.0288,21.035,21.03,21.035,21.03,2026-07-30 17:58:00,58
5940.0,21.0272,21.03,21.03,21.03,21.025,2026-07-30 17:59:00,91
2339.0,21.0404,21.035,21.0425,21.05,21.035,2026-07-30 18:00:00,52
3670.0,21.0591,21.05,21.06,21.07,21.05,2026-07-30 18:01:00,62
24055.0,21.0687,21.07,21.08,21.09,21.06,2026-07-30 18:02:00,215
7006.0947,21.0833,21.07,21.1099,21.1099,21.07,2026-07-30 18:03:00,89
7032.75177,21.1026,21.1,21.115,21.12,21.095,2026-07-30 18:04:00,84
1376.0,21.1234,21.12,21.135,21.135,21.12,2026-07-30 18:05:00,37
7384.0,21.1364,21.1351,21.14,21.145,21.135,2026-07-30 18:06:00,88
1288.0,21.1391,21.14,21.14,21.14,21.14,2026-07-30 18:07:00,24
3050.0,21.1322,21.14,21.125,21.14,21.125,2026-07-30 18:08:00,50
2283.24833,21.1275,21.12,21.13,21.13,21.12,2026-07-30 18:09:00,48
5604.0,21.1199,21.12,21.12,21.12,21.115,2026-07-30 18:10:00,88
3020.0,21.1268,21.12,21.135,21.135,21.12,2026-07-30 18:11:00,54
4574.0,21.1375,21.135,21.14,21.14,21.135,2026-07-30 18:12:00,89
4129.0,21.1264,21.135,21.115,21.135,21.115,2026-07-30 18:13:00,54
5328.0,21.1085,21.115,21.095,21.115,21.095,2026-07-30 18:14:00,97
3460.0,21.0998,21.095,21.105,21.105,21.095,2026-07-30 18:15:00,58
2949.0,21.1117,21.105,21.1101,21.115,21.105,2026-07-30 18:16:00,46
2096.0,21.1135,21.115,21.115,21.1164,21.1103,2026-07-30 18:17:00,21
35049.0,21.0813,21.12,21.08,21.12,21.07,2026-07-30 18:18:00,208
2935.0,21.081,21.08,21.08,21.08,21.08,2026-07-30 18:19:00,38
3820.0,21.0894,21.08,21.095,21.095,21.08,2026-07-30 18:20:00,77
3438.0,21.109,21.1,21.13,21.13,21.095,2026-07-30 18:21:00,81
6105.0,21.1186,21.125,21.12,21.125,21.12,2026-07-30 18:22:00,93
2234.0,21.1178,21.11,21.12,21.125,21.11,2026-07-30 18:23:00,46
2195.0,21.1248,21.13,21.13,21.13,21.125,2026-07-30 18:24:00,52
11187.0,21.1169,21.13,21.12,21.13,21.105,2026-07-30 18:25:00,163
1137.0,21.1171,21.12,21.12,21.12,21.12,2026-07-30 18:26:00,41
3392.0,21.1363,21.13,21.14,21.15,21.13,2026-07-30 18:27:00,73
1669.716,21.1487,21.14,21.14,21.14,21.14,2026-07-30 18:28:00,53
3482.0,21.1374,21.14,21.145,21.145,21.135,2026-07-30 18:29:00,67
6546.715,21.1479,21.14,21.15,21.15,21.14,2026-07-30 18:30:00,96
4220.0,21.1423,21.15,21.145,21.15,21.14,2026-07-30 18:31:00,68
3510.0,21.1356,21.145,21.13,21.145,21.13,2026-07-30 18:32:00,76
2522.73137,21.1421,21.13,21.135,21.14,21.13,2026-07-30 18:33:00,64
2892.0,21.1399,21.135,21.145,21.145,21.135,2026-07-30 18:34:00,60
3591.2198,21.1428,21.14,21.145,21.145,21.14,2026-07-30 18:35:00,69
4352.0,21.1351,21.145,21.125,21.145,21.125,2026-07-30 18:36:00,84
5670.0,21.1155,21.12,21.105,21.125,21.105,2026-07-30 18:37:00,109
3203.0,21.105,21.105,21.095,21.105,21.095,2026-07-30 18:38:00,47
13825.0,21.0967,21.095,21.09,21.0951,21.09,2026-07-30 18:39:00,84
4501.0,21.0914,21.09,21.09,21.095,21.085,2026-07-30 18:40:00,72
883.1802,21.1029,21.095,21.1,21.1,21.095,2026-07-30 18:41:00,57
2844.0,21.0966,21.1,21.095,21.1,21.095,2026-07-30 18:42:00,75
2877.0,21.0934,21.1,21.095,21.1,21.09,2026-07-30 18:43:00,60
1971.0,21.0961,21.095,21.095,21.095,21.095,2026-07-30 18:44:00,50
8295.0,21.0958,21.095,21.095,21.1,21.095,2026-07-30 18:45:00,85
6371.0,21.1021,21.095,21.105,21.11,21.095,2026-07-30 18:46:00,103
5922.0,21.0983,21.1,21.095,21.1,21.095,2026-07-30 18:47:00,88
2938.0,21.0953,21.095,21.095,21.095,21.095,2026-07-30 18:48:00,55
10880.184,21.0937,21.095,21.085,21.095,21.085,2026-07-30 18:49:00,103
6463.0,21.096,21.09,21.11,21.11,21.09,2026-07-30 18:50:00,103
7968.0,21.1285,21.12,21.1399,21.14,21.12,2026-07-30 18:51:00,93
6489.0,21.14,21.135,21.14,21.145,21.135,2026-07-30 18:52:00,110
701.0,21.1263,21.135,21.135,21.135,21.135,2026-07-30 18:53:00,26
2959.19841,21.132,21.135,21.135,21.135,21.135,2026-07-30 18:54:00,56
2824.5789,21.1338,21.135,21.135,21.135,21.135,2026-07-30 18:55:00,64
2461.0,21.1317,21.135,21.135,21.135,21.135,2026-07-30 18:56:00,48
4410.0,21.1353,21.135,21.135,21.14,21.135,2026-07-30 18:57:00,78
7047.0,21.1338,21.135,21.13,21.14,21.125,2026-07-30 18:58:00,128
4518.0,21.1317,21.13,21.13,21.14,21.13,2026-07-30 18:59:00,99
7274.0,21.1341,21.125,21.14,21.14,21.125,2026-07-30 19:00:00,117
6571.0,21.1261,21.14,21.11,21.14,21.11,2026-07-30 19:01:00,105
6471.0,21.1205,21.11,21.12,21.125,21.11,2026-07-30 19:02:00,74
1293.639414,21.127,21.12,21.115,21.12,21.115,2026-07-30 19:03:00,33
5301.2364,21.1341,21.12,21.16,21.16,21.12,2026-07-30 19:04:00,106
5285.364066,21.1483,21.155,21.15,21.155,21.145,2026-07-30 19:05:00,79
5835.0,21.1283,21.15,21.11,21.15,21.11,2026-07-30 19:06:00,99
3452.12578,21.1147,21.11,21.105,21.11,21.105,2026-07-30 19:07:00,59
10154.19462,21.0995,21.105,21.11,21.11,21.09,2026-07-30 19:08:00,130
2609.698309,21.1178,21.11,21.11,21.11,21.11,2026-07-30 19:09:00,53
5579.0,21.1118,21.115,21.11,21.115,21.11,2026-07-30 19:10:00,58
5210.0,21.1127,21.1,21.11,21.12,21.1,2026-07-30 19:11:00,71
1569.0,21.1146,21.11,21.115,21.12,21.11,2026-07-30 19:12:00,25
7396.0,21.131,21.115,21.155,21.155,21.115,2026-07-30 19:13:00,117
5039.0,21.1476,21.15,21.15,21.15,21.15,2026-07-30 19:14:00,76
8676.241696,21.1484,21.15,21.17,21.175,21.14,2026-07-30 19:15:00,161
8361.5363,21.1515,21.17,21.14,21.18,21.14,2026-07-30 19:16:00,118
2869.189,21.1404,21.14,21.14,21.14,21.14,2026-07-30 19:17:00,42
4265.0,21.1334,21.14,21.13,21.1499,21.125,2026-07-30 19:18:00,78
9095.0,21.14,21.13,21.14,21.15,21.13,2026-07-30 19:19:00,108
7096.0,21.1441,21.14,21.155,21.155,21.135,2026-07-30 19:20:00,131
1696.0,21.1557,21.16,21.155,21.16,21.155,2026-07-30 19:21:00,74
7008.047284,21.1538,21.16,21.145,21.16,21.145,2026-07-30 19:22:00,98
9860.0,21.1563,21.145,21.16,21.165,21.145,2026-07-30 19:23:00,138
1609.0,21.1596,21.165,21.165,21.165,21.165,2026-07-30 19:24:00,39
9791.0,21.1602,21.165,21.16,21.165,21.155,2026-07-30 19:25:00,149
4222.0,21.16,21.16,21.16,21.165,21.16,2026-07-30 19:26:00,63
5875.542533,21.1604,21.165,21.165,21.165,21.155,2026-07-30 19:27:00,97
4501.0,21.1651,21.165,21.16,21.17,21.16,2026-07-30 19:28:00,70
9362.0273,21.1605,21.16,21.17,21.17,21.155,2026-07-30 19:29:00,127
6213.0,21.1681,21.17,21.17,21.1725,21.17,2026-07-30 19:30:00,113
19535.0,21.1758,21.175,21.165,21.195,21.165,2026-07-30 19:31:00,200
13511.1,21.1498,21.17,21.14,21.17,21.13,2026-07-30 19:32:00,153
15387.0,21.139,21.14,21.14,21.15,21.125,2026-07-30 19:33:00,213
6458.0,21.1524,21.155,21.155,21.155,21.15,2026-07-30 19:34:00,120
13444.0,21.1525,21.16,21.145,21.16,21.145,2026-07-30 19:35:00,192
17338.0,21.1481,21.145,21.12,21.165,21.12,2026-07-30 19:36:00,274
3400.0,21.1257,21.12,21.12,21.12,21.12,2026-07-30 19:37:00,59
16585.336532,21.1304,21.12,21.13,21.14,21.12,2026-07-30 19:38:00,215
8381.0,21.1391,21.13,21.145,21.15,21.13,2026-07-30 19:39:00,108
10882.0061,21.1407,21.145,21.135,21.15,21.135,2026-07-30 19:40:00,142
11041.0,21.1364,21.135,21.135,21.14,21.13,2026-07-30 19:41:00,139
26064.0,21.1443,21.135,21.19,21.19,21.13,2026-07-30 19:42:00,348
29047.0,21.1801,21.19,21.185,21.2,21.17,2026-07-30 19:43:00,426
1513.0,21.1709,21.19,21.19,21.19,21.19,2026-07-30 19:44:00,52
15983.0,21.1911,21.19,21.18,21.205,21.18,2026-07-30 19:45:00,230
6540.0,21.1712,21.17,21.175,21.175,21.17,2026-07-30 19:46:00,110
8756.0,21.1662,21.175,21.15,21.175,21.15,2026-07-30 19:47:00,153
12613.0,21.1524,21.15,21.145,21.155,21.145,2026-07-30 19:48:00,221
14044.0,21.1556,21.15,21.16,21.17,21.15,2026-07-30 19:49:00,241
14491.0,21.1613,21.165,21.165,21.17,21.155,2026-07-30 19:50:00,215
12911.0,21.1717,21.17,21.175,21.185,21.165,2026-07-30 19:51:00,184
17673.42814,21.1607,21.175,21.11,21.18,21.11,2026-07-30 19:52:00,209
24977.033536,21.1259,21.115,21.135,21.1355,21.105,2026-07-30 19:53:00,291
22460.0,21.1578,21.135,21.17,21.185,21.135,2026-07-30 19:54:00,308
29018.0,21.1637,21.17,21.185,21.185,21.14,2026-07-30 19:55:00,419
33855.02404,21.2073,21.19,21.245,21.245,21.19,2026-07-30 19:56:00,427
42053.0,21.2309,21.245,21.215,21.265,21.215,2026-07-30 19:57:00,432
69572.235,21.2384,21.215,21.245,21.27,21.2,2026-07-30 19:58:00,687
88799.0,21.2295,21.245,21.23,21.245,21.21,2026-07-30 19:59:00,1151
10270.50639,21.2409,21.24,21.24,21.24,21.24,2026-07-30 20:00:00,27
100.0,20.916,20.916,20.916,20.916,20.916,2026-07-30 21:33:00,1
501.0,21.3007,21.3,21.3,21.3,21.3,2026-07-30 22:08:00,11
100.0,21.17,21.17,21.17,21.17,21.17,2026-07-31 11:28:00,1
571.0,21.1747,21.17,21.17,21.17,21.17,2026-07-31 13:03:00,7
20128.262432,20.96,20.95,21.07,21.12,20.89,2026-07-31 13:30:00,43
978.232411,20.9727,20.99,20.97,20.99,20.92,2026-07-31 13:31:00,16
1054.0,20.9741,20.94,20.99,20.99,20.93,2026-07-31 13:32:00,11
1663.0,20.9769,20.94,20.99,20.99,20.93,2026-07-31 13:33:00,17
7379.420896,21.1519,20.99,21.27,21.28,20.99,2026-07-31 13:34:00,73
4389.06205,21.2508,21.25,21.255,21.28,21.23,2026-07-31 13:35:00,89
3528.4327,21.2124,21.259,21.28,21.28,21.18,2026-07-31 13:36:00,68
1727.1,21.2435,21.24,21.239,21.24,21.239,2026-07-31 13:37:00,19
3642.0,21.2743,21.245,21.27,21.3,21.24,2026-07-31 13:38:00,46
4870.0028,21.2939,21.27,21.295,21.32,21.255,2026-07-31 13:39:00,61
10076.0,21.2947,21.32,21.26,21.35,21.26,2026-07-31 13:40:00,132
4114.0764,21.2856,21.28,21.3,21.3,21.27,2026-07-31 13:41:00,38
332.0,21.2968,21.3,21.3,21.3,21.3,2026-07-31 13:42:00,14
3526.0,21.2758,21.28,21.29,21.29,21.27,2026-07-31 13:43:00,83
5272.0,21.3228,21.3,21.27,21.36,21.27,2026-07-31 13:44:00,57
5469.0,21.2923,21.285,21.26,21.31,21.26,2026-07-31 13:45:00,98
1306.0,21.2645,21.22,21.24,21.24,21.22,2026-07-31 13:46:00,21
2454.193,21.2468,21.235,21.24,21.27,21.234,2026-07-31 13:47:00,33
4320.0,21.2771,21.265,21.27,21.285,21.24,2026-07-31 13:48:00,38
895.9799,21.292,21.27,21.249,21.27,21.249,2026-07-31 13:49:00,34
4695.212,21.2498,21.275,21.18,21.275,21.18,2026-07-31 13:50:00,87
1893.0,21.1948,21.219,21.13,21.219,21.13,2026-07-31 13:51:00,54
1617.247,21.1894,21.144,21.2,21.2,21.144,2026-07-31 13:52:00,40
7643.235516,21.1784,21.199,21.23,21.24,21.16,2026-07-31 13:53:00,61
6188.1801,21.2427,21.224,21.27,21.27,21.224,2026-07-31 13:54:00,80
1832.8985,21.2782,21.27,21.285,21.3,21.265,2026-07-31 13:55:00,36
3287.0,21.2729,21.3,21.27,21.3,21.26,2026-07-31 13:56:00,60
5399.0,21.2378,21.27,21.21,21.27,21.21,2026-07-31 13:57:00,87
1714.0,21.248,21.23,21.255,21.28,21.23,2026-07-31 13:58:00,52
2441.0,21.2159,21.22,21.175,21.22,21.175,2026-07-31 13:59:00,57
2130.03538,21.2083,21.21,21.165,21.21,21.165,2026-07-31 14:00:00,41
1451.0,21.1669,21.16,21.165,21.165,21.16,2026-07-31 14:01:00,33
6200.806698,21.1517,21.19,21.16,21.19,21.09,2026-07-31 14:02:00,72
2340.0,21.0996,21.08,21.07,21.08,21.05,2026-07-31 14:03:00,59
8541.0,21.0758,21.07,21.1,21.105,21.06,2026-07-31 14:04:00,106
4501.0,21.0946,21.09,21.095,21.1,21.085,2026-07-31 14:05:00,94
12716.1585,21.1103,21.11,21.095,21.14,21.09,2026-07-31 14:06:00,150
755.3632,21.1128,21.1,21.1,21.1,21.1,2026-07-31 14:07:00,29
5562.82474,21.0072,21.09,20.98,21.09,20.96,2026-07-31 14:08:00,96
3673.292935,21.0237,21.0,21.03,21.05,21.0,2026-07-31 14:09:00,63
3107.0,21.0367,21.03,21.04,21.04,21.0156,2026-07-31 14:10:00,52
4056.0,21.0063,21.03,20.96,21.03,20.96,2026-07-31 14:11:00,69
2659.907696,20.9246,20.945,20.89,20.945,20.87,2026-07-31 14:12:00,52
4955.0,20.8569,20.89,20.83,20.89,20.83,2026-07-31 14:13:00,111
3571.0,20.8744,20.835,20.8838,20.89,20.835,2026-07-31 14:14:00,67
3055.0,20.8761,20.88,20.86,20.88,20.85,2026-07-31 14:15:00,54
6924.52538,20.8199,20.84,20.85,20.85,20.78,2026-07-31 14:16:00,118
3134.0,20.824,20.85,20.76,20.85,20.76,2026-07-31 14:17:00,78
7696.0,20.7671,20.775,20.775,20.775,20.75,2026-07-31 14:18:00,145
7998.6125,20.7764,20.78,20.75,20.795,20.75,2026-07-31 14:19:00,101
18891.77102,20.7501,20.755,20.72,20.76,20.72,2026-07-31 14:20:00,212
4231.0,20.7522,20.73,20.765,20.765,20.73,2026-07-31 14:21:00,57
9155.92159,20.7486,20.755,20.77,20.77,20.74,2026-07-31 14:22:00,82
3628.481589,20.7594,20.765,20.745,20.77,20.745,2026-07-31 14:23:00,78
3962.0,20.7572,20.76,20.765,20.77,20.75,2026-07-31 14:24:00,77
3845.5,20.7507,20.76,20.74,20.76,20.74,2026-07-31 14:25:00,80
1331.06459,20.7513,20.75,20.76,20.76,20.75,2026-07-31 14:26:00,48
2756.0,20.7682,20.77,20.77,20.77,20.76,2026-07-31 14:27:00,60
8434.204,20.7601,20.77,20.76,20.77,20.75,2026-07-31 14:28:00,106
15102.582692,20.7684,20.76,20.7999,20.7999,20.75,2026-07-31 14:29:00,167
4516.0,20.7769,20.77,20.78,20.78,20.77,2026-07-31 14:30:00,57
6934.0,20.7801,20.77,20.82,20.82,20.76,2026-07-31 14:31:00,106
1139.8549,20.8151,20.82,20.82,20.82,20.82,2026-07-31 14:32:00,46
4432.0,20.8046,20.815,20.775,20.82,20.775,2026-07-31 14:33:00,87
2842.0,20.7646,20.775,20.76,20.78,20.76,2026-07-31 14:34:00,67
724.0,20.7622,20.7401,20.75,20.75,20.7401,2026-07-31 14:35:00,26
4372.0,20.7908,20.78,20.79,20.805,20.78,2026-07-31 14:36:00,80
1256.0,20.7896,20.79,20.79,20.79,20.79,2026-07-31 14:37:00,44
3923.0,20.7858,20.795,20.785,20.795,20.77,2026-07-31 14:38:00,75
4746.195,20.8032,20.7962,20.8,20.82,20.785,2026-07-31 14:39:00,92
2127.0,20.8174,20.82,20.83,20.835,20.81,2026-07-31 14:41:00,52
2637.0019,20.8008,20.82,20.78,20.82,20.78,2026-07-31 14:42:00,56
5104.0,20.8028,20.8,20.835,20.835,20.79,2026-07-31 14:43:00,91
1323.0,20.8236,20.83,20.83,20.83,20.83,2026-07-31 14:44:00,51
3206.0,20.8148,20.825,20.8,20.825,20.8,2026-07-31 14:45:00,60
1417.0,20.8124,20.81,20.8,20.82,20.8,2026-07-31 14:46:00,44
3810.0,20.7995,20.79,20.82,20.82,20.78,2026-07-31 14:47:00,72
835.0,20.8118,20.82,20.82,20.82,20.82,2026-07-31 14:48:00,31
8107.681447,20.8302,20.83,20.83,20.835,20.82,2026-07-31 14:49:00,82
1179.0,20.8232,20.84,20.81,20.84,20.81,2026-07-31 14:50:00,29
3798.0,20.8193,20.82,20.82,20.82,20.82,2026-07-31 14:51:00,55
7396.088,20.8085,20.81,20.82,20.82,20.795,2026-07-31 14:52:00,110
1857.0,20.8066,20.81,20.81,20.81,20.8,2026-07-31 14:53:00,48
1731.0,20.8029,20.81,20.79,20.81,20.79,2026-07-31 14:54:00,38
3724.0,20.8003,20.785,20.81,20.81,20.785,2026-07-31 14:55:00,98
3689.0,20.8061,20.8,20.81,20.82,20.795,2026-07-31 14:56:00,76
2796.0,20.8142,20.82,20.8,20.82,20.8,2026-07-31 14:57:00,68
690.0,20.809,20.81,20.81,20.81,20.81,2026-07-31 14:58:00,34
4338.0004,20.7969,20.805,20.79,20.805,20.79,2026-07-31 14:59:00,67
5358.0,20.7677,20.77,20.77,20.775,20.76,2026-07-31 15:00:00,105
2400.1,20.7781,20.77,20.77,20.77,20.77,2026-07-31 15:01:00,65
25184.0,20.8132,20.78,20.816,20.82,20.78,2026-07-31 15:02:00,127
2188.0,20.8077,20.804,20.8,20.82,20.8,2026-07-31 15:03:00,81
3716.0,20.7993,20.8,20.795,20.8,20.795,2026-07-31 15:04:00,105
2341.0,20.8127,20.8,20.82,20.82,20.8,2026-07-31 15:05:00,49
7938.0,20.8113,20.82,20.784,20.82,20.784,2026-07-31 15:06:00,141
1036.0,20.7881,20.78,20.78,20.78,20.78,2026-07-31 15:07:00,42
5368.4533,20.756,20.76,20.75,20.76,20.74,2026-07-31 15:08:00,93
3982.0001,20.7455,20.74,20.75,20.75,20.735,2026-07-31 15:09:00,83
2567.071229,20.7702,20.76,20.78,20.78,20.76,2026-07-31 15:10:00,67
3487.09616,20.79,20.79,20.795,20.795,20.79,2026-07-31 15:11:00,67
3854.0,20.7944,20.795,20.81,20.81,20.79,2026-07-31 15:12:00,72
885.0,20.7964,20.81,20.81,20.81,20.81,2026-07-31 15:13:00,36
3474.0,20.7993,20.82,20.78,20.82,20.78,2026-07-31 15:14:00,71
24280.0,20.7966,20.78,20.785,20.82,20.765,2026-07-31 15:15:00,138
3311.0,20.7861,20.8,20.77,20.8,20.77,2026-07-31 15:16:00,77
756.026,20.7686,20.755,20.75,20.755,20.75,2026-07-31 15:17:00,39
4133.0,20.7569,20.76,20.74,20.76,20.74,2026-07-31 15:18:00,76
512.0,20.7532,20.745,20.74,20.745,20.74,2026-07-31 15:19:00,25
2943.0,20.7389,20.75,20.73,20.75,20.73,2026-07-31 15:20:00,57
12314.0,20.7405,20.72,20.76,20.765,20.71,2026-07-31 15:21:00,146
2995.0,20.7484,20.76,20.75,20.76,20.74,2026-07-31 15:22:00,62
2373.4008,20.7564,20.75,20.749,20.755,20.749,2026-07-31 15:23:00,46
1117.0,20.7505,20.74,20.75,20.75,20.74,2026-07-31 15:24:00,46
2273.481493,20.7655,20.76,20.765,20.765,20.76,2026-07-31 15:25:00,47
5188.0,20.7633,20.765,20.775,20.775,20.76,2026-07-31 15:26:00,85
2191.04817,20.762,20.77,20.76,20.77,20.755,2026-07-31 15:27:00,54
3170.048149,20.7612,20.76,20.765,20.77,20.76,2026-07-31 15:28:00,58
5605.1303,20.7621,20.76,20.74,20.765,20.74,2026-07-31 15:29:00,108
2153.0,20.735,20.75,20.73,20.75,20.725,2026-07-31 15:30:00,52
2035.0,20.7366,20.73,20.75,20.75,20.73,2026-07-31 15:31:00,48
1684.0,20.7463,20.74,20.75,20.75,20.74,2026-07-31 15:32:00,42
5160.0,20.7521,20.75,20.755,20.76,20.74,2026-07-31 15:33:00,75
6070.48228,20.7516,20.75,20.75,20.76,20.74,2026-07-31 15:34:00,99
1138.0,20.7516,20.75,20.75,20.753,20.75,2026-07-31 15:35:00,22
6438.0,20.7589,20.75,20.78,20.78,20.75,2026-07-31 15:36:00,76
3514.0,20.7891,20.78,20.79,20.8,20.775,2026-07-31 15:37:00,81
3724.0,20.7906,20.79,20.795,20.795,20.79,2026-07-31 15:38:00,40
6637.0,20.804,20.8,20.81,20.81,20.8,2026-07-31 15:39:00,114
2588.0,20.7939,20.805,20.795,20.805,20.79,2026-07-31 15:40:00,84
900.0,20.7941,20.81,20.81,20.81,20.81,2026-07-31 15:41:00,36
1714.0,20.8025,20.81,20.81,20.81,20.8,2026-07-31 15:42:00,61
3908.0,20.8282,20.82,20.8386,20.845,20.82,2026-07-31 15:43:00,75
4465.0,20.8591,20.86,20.86,20.87,20.855,2026-07-31 15:44:00,67
2330.0,20.8576,20.87,20.87,20.88,20.87,2026-07-31 15:45:00,38
1215.0,20.8558,20.87,20.865,20.87,20.865,2026-07-31 15:46:00,47
3726.047,20.8717,20.87,20.865,20.875,20.865,2026-07-31 15:47:00,65
5327.0,20.8803,20.8651,20.8999,20.8999,20.8651,2026-07-31 15:48:00,92
1897.517642,20.9022,20.9,20.9,20.9,20.9,2026-07-31 15:49:00,38
9376.203,20.9122,20.9,20.91,20.92,20.9,2026-07-31 15:50:00,121
4040.0,20.9201,20.92,20.93,20.93,20.92,2026-07-31 15:52:00,51
1259.14344,20.9186,20.93,20.92,20.93,20.92,2026-07-31 15:53:00,43
3160.0,20.9294,20.925,20.925,20.935,20.925,2026-07-31 15:54:00,60
2166.0,20.9246,20.93,20.925,20.93,20.925,2026-07-31 15:55:00,46
1510.0,20.9271,20.93,20.93,20.94,20.93,2026-07-31 15:56:00,39
4615.246578,20.939,20.93,20.94,20.95,20.93,2026-07-31 15:57:00,77
3303.75441,20.9422,20.95,20.925,20.95,20.925,2026-07-31 15:59:00,62
6353.0,20.9273,20.92,20.93,20.935,20.915,2026-07-31 16:00:00,138
1850.0,20.9231,20.925,20.92,20.925,20.92,2026-07-31 16:01:00,41
5934.0,20.908,20.91,20.9,20.91,20.895,2026-07-31 16:02:00,85
1149.0,20.9105,20.9,20.9,20.9,20.9,2026-07-31 16:03:00,41
3634.0,20.9215,20.91,20.93,20.93,20.91,2026-07-31 16:04:00,45
5525.0,20.9496,20.94,20.94,20.96,20.93,2026-07-31 16:05:00,76
2084.0,20.9241,20.93,20.92,20.93,20.92,2026-07-31 16:06:00,42
3325.0,20.9,20.9,20.89,20.9,20.89,2026-07-31 16:07:00,33
2172.0,20.8887,20.88,20.89,20.89,20.88,2026-07-31 16:08:00,29
7309.056,20.8938,20.9,20.87,20.9,20.87,2026-07-31 16:09:00,120
5150.0,20.8683,20.86,20.87,20.88,20.855,2026-07-31 16:10:00,75
2062.0,20.8838,20.87,20.88,20.885,20.87,2026-07-31 16:11:00,40
1946.0,20.8733,20.875,20.87,20.875,20.87,2026-07-31 16:12:00,57
1483.0,20.87,20.86,20.85,20.86,20.85,2026-07-31 16:13:00,38
2700.1,20.8623,20.855,20.85,20.86,20.85,2026-07-31 16:14:00,54
7842.0,20.8579,20.855,20.845,20.865,20.845,2026-07-31 16:15:00,107
10154.364,20.8564,20.85,20.86,20.875,20.85,2026-07-31 16:16:00,93
444.0,20.8576,20.85,20.85,20.85,20.85,2026-07-31 16:17:00,26
4017.0,20.8775,20.86,20.9,20.9,20.86,2026-07-31 16:18:00,77
3522.0,20.9094,20.91,20.9,20.92,20.9,2026-07-31 16:19:00,96
1338.0,20.9059,20.92,20.92,20.92,20.92,2026-07-31 16:20:00,35
3037.0,20.9082,20.915,20.9,20.915,20.9,2026-07-31 16:21:00,59
1761.04782,20.9103,20.91,20.92,20.92,20.91,2026-07-31 16:22:00,34
2627.0,20.9209,20.92,20.94,20.94,20.91,2026-07-31 16:23:00,47
4068.0,20.9372,20.94,20.94,20.95,20.94,2026-07-31 16:24:00,52
10273.0,20.9391,20.945,20.935,20.945,20.935,2026-07-31 16:25:00,134
4778.0,20.9315,20.93,20.94,20.94,20.925,2026-07-31 16:26:00,70
1083.0,20.9396,20.945,20.94,20.945,20.94,2026-07-31 16:27:00,33
2646.0,20.9432,20.94,20.94,20.95,20.94,2026-07-31 16:28:00,52
839.0,20.9549,20.96,20.96,20.96,20.96,2026-07-31 16:29:00,46
6474.0,20.9653,20.97,20.96,20.97,20.96,2026-07-31 16:30:00,89
4515.0,20.9762,20.965,20.985,20.985,20.965,2026-07-31 16:31:00,54
3389.0,20.9744,20.985,20.97,20.985,20.97,2026-07-31 16:32:00,68
2049.0,20.9695,20.97,20.97,20.98,20.97,2026-07-31 16:33:00,43
2503.741,20.9959,20.98,21.0,21.0,20.98,2026-07-31 16:34:00,64
1998.0,20.9819,20.995,20.985,20.995,20.98,2026-07-31 16:35:00,50
6056.0,20.9971,20.99,21.005,21.01,20.99,2026-07-31 16:36:00,45
1266.0,20.9885,21.0,20.99,21.0,20.99,2026-07-31 16:37:00,27
3718.0,20.9915,20.99,20.99,21.0,20.985,2026-07-31 16:38:00,59
2378.0,20.9984,20.995,21.0,21.0,20.995,2026-07-31 16:39:00,49
1831.0,21.0078,21.01,21.015,21.015,21.01,2026-07-31 16:40:00,31
3350.0,21.0238,21.02,21.025,21.035,21.02,2026-07-31 16:41:00,62
3296.0,21.0218,21.03,21.02,21.03,21.02,2026-07-31 16:42:00,68
6283.0,21.0272,21.01,21.04,21.04,21.01,2026-07-31 16:43:00,69
3487.0,21.0298,21.04,21.015,21.04,21.015,2026-07-31 16:44:00,67
2752.1814,21.0061,21.01,21.0,21.01,21.0,2026-07-31 16:46:00,57
785.18728,21.0055,20.985,20.985,20.985,20.985,2026-07-31 16:47:00,34
3032.29976,20.9976,20.99,20.99,21.0,20.99,2026-07-31 16:48:00,53
6331.0,20.9843,20.99,20.99,20.99,20.98,2026-07-31 16:49:00,68
1476.2662,20.9838,20.98,20.975,20.98,20.975,2026-07-31 16:50:00,40
2041.0,20.971,20.97,20.965,20.97,20.965,2026-07-31 16:51:00,39
3553.0,20.9662,20.965,20.96,20.965,20.96,2026-07-31 16:52:00,43
2840.0,20.9652,20.96,20.965,20.965,20.96,2026-07-31 16:53:00,45
1780.0,20.9547,20.96,20.94,20.96,20.94,2026-07-31 16:54:00,47
647.0,20.9529,20.94,20.94,20.94,20.94,2026-07-31 16:55:00,22
2952.3626,20.938,20.945,20.92,20.945,20.9101,2026-07-31 16:56:00,64
461.0,20.9442,20.92,20.92,20.92,20.92,2026-07-31 16:57:00,23
10494.0,20.915,20.91,20.925,20.925,20.91,2026-07-31 16:58:00,86
3525.0,20.9264,20.9203,20.93,20.93,20.9203,2026-07-31 16:59:00,41
1747.0,20.9267,20.9299,20.925,20.9299,20.925,2026-07-31 17:00:00,51
4643.188,20.9335,20.925,20.94,20.94,20.925,2026-07-31 17:01:00,80
1281.0,20.949,20.95,20.95,20.95,20.95,2026-07-31 17:02:00,32
1283.0,20.9522,20.955,20.965,20.965,20.955,2026-07-31 17:03:00,42
4133.0,20.9826,20.97,20.995,20.995,20.97,2026-07-31 17:05:00,68
6938.0,20.9943,21.0,20.995,21.005,20.98,2026-07-31 17:06:00,109
1141.0,20.9833,20.98,20.98,20.98,20.98,2026-07-31 17:07:00,44
960.0,20.9784,20.98,20.98,20.98,20.98,2026-07-31 17:08:00,36
2246.0,20.9939,20.99,20.995,20.995,20.99,2026-07-31 17:09:00,46
2044.017,21.0056,21.01,21.01,21.01,21.01,2026-07-31 17:10:00,54
3337.0,21.0068,21.01,21.01,21.01,21.005,2026-07-31 17:11:00,54
1910.0,21.0176,21.02,21.02,21.02,21.02,2026-07-31 17:12:00,33
1599.0,21.0116,21.02,21.01,21.02,21.01,2026-07-31 17:13:00,44
628.0,21.0068,21.01,21.01,21.01,21.01,2026-07-31 17:14:00,23
6055.0,21.0081,21.01,21.0,21.02,21.0,2026-07-31 17:15:00,74
4313.505686,21.0038,21.0,20.995,21.005,20.995,2026-07-31 17:16:00,57
1586.0,21.0021,21.0,21.0,21.0,21.0,2026-07-31 17:17:00,49
4184.43592,20.9766,20.98,20.9698,20.98,20.96,2026-07-31 17:18:00,76
2508.0,20.9769,20.96,20.975,20.98,20.96,2026-07-31 17:19:00,43
3887.0,20.9837,20.975,20.995,20.995,20.975,2026-07-31 17:20:00,68
1634.0,21.0008,21.0,21.01,21.01,21.0,2026-07-31 17:21:00,46
8952.0,21.011,21.01,21.02,21.02,21.005,2026-07-31 17:22:00,114
1572.2329,21.0332,21.02,21.0336,21.04,21.02,2026-07-31 17:23:00,46
5016.6,21.042,21.035,21.06,21.06,21.035,2026-07-31 17:24:00,113
4715.0,21.0657,21.06,21.09,21.09,21.06,2026-07-31 17:25:00,74
1467.0,21.0696,21.08,21.08,21.09,21.075,2026-07-31 17:26:00,45
3193.0,21.0584,21.08,21.06,21.08,21.06,2026-07-31 17:27:00,67
4376.0,21.0622,21.07,21.07,21.07,21.07,2026-07-31 17:28:00,59
2166.235348,21.0758,21.075,21.075,21.075,21.075,2026-07-31 17:29:00,58
6360.0,21.0842,21.08,21.0837,21.095,21.08,2026-07-31 17:30:00,109
2322.0,21.0578,21.055,21.055,21.055,21.055,2026-07-31 17:31:00,56
2554.0,21.0722,21.07,21.075,21.08,21.07,2026-07-31 17:32:00,57
935.0,21.0817,21.09,21.08,21.09,21.08,2026-07-31 17:33:00,34
965.70846,21.0908,21.08,21.07,21.08,21.07,2026-07-31 17:34:00,29
2716.7259,21.0754,21.06,21.07,21.08,21.06,2026-07-31 17:35:00,65
5065.0,21.0467,21.06,21.03,21.06,21.02,2026-07-31 17:36:00,87
1734.0,21.0378,21.025,21.01,21.025,21.01,2026-07-31 17:37:00,38
6107.0,20.9993,21.01,20.99,21.01,20.99,2026-07-31 17:38:00,65
4066.0,21.0008,21.0,21.0,21.0,20.995,2026-07-31 17:39:00,67
712.0,21.0118,21.0,21.0,21.0,21.0,2026-07-31 17:40:00,27
4121.0,21.0088,21.0,21.015,21.015,21.0,2026-07-31 17:41:00,52
6164.0,21.0098,21.01,21.01,21.015,21.005,2026-07-31 17:42:00,74
1633.0,21.0031,21.01,21.0,21.01,20.995,2026-07-31 17:43:00,44
3138.0,21.0,20.995,21.0,21.0,20.995,2026-07-31 17:44:00,52
2484.0,21.0054,21.01,20.99,21.01,20.99,2026-07-31 17:45:00,51
1998.5104,20.9936,20.98,20.975,20.98,20.975,2026-07-31 17:46:00,64
2632.0,21.001,20.99,21.015,21.015,20.99,2026-07-31 17:47:00,51
1666.0,21.0079,21.015,21.015,21.015,21.015,2026-07-31 17:48:00,37
4916.0,21.0084,21.015,20.995,21.015,20.995,2026-07-31 17:49:00,57
2822.08471,21.0003,20.995,20.995,21.0,20.995,2026-07-31 17:50:00,49
3337.3416,21.0105,21.01,21.01,21.01,21.0,2026-07-31 17:51:00,63
2534.402071,21.0147,21.015,21.01,21.015,21.01,2026-07-31 17:52:00,50
2822.07023,21.0062,21.0,21.01,21.01,20.995,2026-07-31 17:53:00,50
6702.02186,21.0308,21.01,21.045,21.045,21.01,2026-07-31 17:55:00,95
1075.25178,21.0399,21.045,21.045,21.045,21.045,2026-07-31 17:56:00,33
1590.0,21.0372,21.045,21.055,21.055,21.045,2026-07-31 17:57:00,41
2674.0,21.0521,21.055,21.055,21.055,21.055,2026-07-31 17:58:00,36
6186.556,21.0423,21.05,21.0101,21.05,21.0101,2026-07-31 17:59:00,119
1377.0,21.0273,21.015,21.01,21.02,21.01,2026-07-31 18:00:00,55
1899.0,21.0172,21.01,21.01,21.0198,21.0,2026-07-31 18:01:00,65
8731.0,21.0157,21.01,21.015,21.015,21.01,2026-07-31 18:02:00,42
4501.04897,21.0207,21.015,21.025,21.03,21.015,2026-07-31 18:03:00,63
4363.04757,21.0154,21.02,21.01,21.02,21.01,2026-07-31 18:04:00,85
4022.64197,21.0022,20.99,21.0,21.0,20.99,2026-07-31 18:05:00,92
3286.0,21.0094,21.01,21.01,21.01,21.005,2026-07-31 18:06:00,63
4998.0,21.011,21.015,21.01,21.015,21.005,2026-07-31 18:07:00,56
1586.0,21.0079,21.005,21.01,21.01,21.005,2026-07-31 18:08:00,48
4885.0,20.9958,21.005,20.975,21.005,20.975,2026-07-31 18:09:00,83
6806.77777,20.9903,20.98,20.995,20.995,20.98,2026-07-31 18:10:00,96
1236.0,21.001,21.0,21.0,21.0,21.0,2026-07-31 18:11:00,51
5264.0,21.0002,21.005,20.99,21.005,20.99,2026-07-31 18:13:00,73
2123.0,21.0028,21.0,21.01,21.01,21.0,2026-07-31 18:14:00,63
2256.0,21.0073,21.01,21.01,21.01,21.0,2026-07-31 18:15:00,47
2268.0,21.0163,21.02,21.02,21.025,21.02,2026-07-31 18:16:00,51
2388.0,21.0175,21.02,21.01,21.03,21.01,2026-07-31 18:17:00,48
1679.0,21.0119,21.02,21.01,21.02,21.01,2026-07-31 18:18:00,39
9006.0,21.0287,21.01,21.035,21.04,21.01,2026-07-31 18:19:00,112
2136.0,21.0372,21.035,21.045,21.045,21.035,2026-07-31 18:20:00,50
879.0,21.0287,21.045,21.045,21.045,21.045,2026-07-31 18:21:00,38
6979.02849,21.0529,21.05,21.05,21.06,21.05,2026-07-31 18:22:00,128
3256.0,21.0501,21.055,21.065,21.065,21.055,2026-07-31 18:23:00,64
4041.0,21.066,21.07,21.05,21.07,21.05,2026-07-31 18:24:00,65
2280.0,21.0545,21.06,21.06,21.06,21.06,2026-07-31 18:25:00,42
630.0,21.0572,21.06,21.05,21.06,21.05,2026-07-31 18:26:00,27
1980.0,21.0599,21.06,21.06,21.06,21.06,2026-07-31 18:27:00,50
1305.0,21.0597,21.065,21.065,21.065,21.065,2026-07-31 18:28:00,38
2746.0,21.0563,21.06,21.05,21.06,21.05,2026-07-31 18:29:00,57
2887.0,21.0477,21.045,21.045,21.05,21.045,2026-07-31 18:30:00,64
3698.0,21.0414,21.045,21.02,21.045,21.02,2026-07-31 18:31:00,76
607.0,21.044,21.025,21.025,21.025,21.025,2026-07-31 18:32:00,20
10122.0,21.0152,21.02,21.01,21.025,21.005,2026-07-31 18:33:00,135
4004.0,21.003,21.0,20.995,21.0,20.995,2026-07-31 18:35:00,48
892.0,21.0001,20.99,20.995,20.995,20.99,2026-07-31 18:36:00,29
1974.0,21.0034,20.995,20.995,20.995,20.995,2026-07-31 18:37:00,43
13623.0,20.9763,20.995,20.97,21.0,20.96,2026-07-31 18:38:00,147
789.0,20.9802,20.9701,20.9701,20.9701,20.9701,2026-07-31 18:39:00,16
1491.0,20.9821,20.97,20.98,20.98,20.97,2026-07-31 18:40:00,47
1341.0,20.9788,20.975,20.975,20.98,20.975,2026-07-31 18:41:00,47
2666.0,20.9813,20.98,20.985,20.985,20.98,2026-07-31 18:42:00,57
766.0,20.9877,20.985,20.985,20.985,20.985,2026-07-31 18:43:00,25
2408.0,20.9868,20.985,20.99,20.99,20.985,2026-07-31 18:44:00,40
1181.0,20.9834,20.985,20.985,20.985,20.985,2026-07-31 18:45:00,20
6073.0,20.9794,20.98,20.975,20.985,20.975,2026-07-31 18:46:00,56
1650.0,20.9686,20.97,20.965,20.97,20.96,2026-07-31 18:47:00,43
5406.03387,20.9555,20.965,20.95,20.97,20.945,2026-07-31 18:48:00,82
7516.0,20.9672,20.96,20.98,20.985,20.96,2026-07-31 18:49:00,94
965.0,20.9732,20.985,20.985,20.985,20.985,2026-07-31 18:50:00,23
2754.0,20.9901,20.985,21.0,21.0,20.985,2026-07-31 18:51:00,65
2175.0,20.9915,20.995,20.99,20.995,20.99,2026-07-31 18:52:00,29
3886.0,20.9833,20.985,20.985,20.985,20.9801,2026-07-31 18:53:00,45
2075.0,20.9816,20.985,20.985,20.985,20.98,2026-07-31 18:54:00,36
1934.0,20.98,20.98,20.985,20.985,20.98,2026-07-31 18:55:00,32
3599.0,20.9777,20.98,20.97,20.98,20.97,2026-07-31 18:56:00,58
1708.0,20.9755,20.975,20.975,20.975,20.975,2026-07-31 18:57:00,34
6532.0,20.9853,20.98,20.995,20.995,20.98,2026-07-31 18:58:00,81
4338.0,20.9927,20.995,20.995,21.0,20.9902,2026-07-31 18:59:00,64
10142.9182,21.0013,20.995,20.995,21.005,20.995,2026-07-31 19:01:00,140
6692.0,21.0128,20.995,21.015,21.025,20.995,2026-07-31 19:02:00,119
1628.0,21.0065,21.01,21.01,21.01,21.01,2026-07-31 19:03:00,38
10263.0,21.0167,21.01,21.01,21.025,21.01,2026-07-31 19:05:00,122
4330.0,21.0002,20.995,20.995,21.005,20.995,2026-07-31 19:06:00,71
1542.18438,20.9995,20.995,20.985,20.995,20.985,2026-07-31 19:07:00,48
3523.0,20.9961,20.985,20.99,21.0,20.985,2026-07-31 19:08:00,117
3021.377623,20.9981,21.0,20.985,21.0,20.985,2026-07-31 19:09:00,71
5038.0,20.9938,20.99,21.005,21.005,20.99,2026-07-31 19:10:00,75
2516.0,21.0071,21.005,21.01,21.01,21.005,2026-07-31 19:11:00,77
7057.286,21.0198,21.015,21.02,21.025,21.015,2026-07-31 19:12:00,114
1586.0,21.0115,21.015,21.015,21.015,21.015,2026-07-31 19:13:00,48
7539.0,21.0104,21.01,21.015,21.015,21.005,2026-07-31 19:14:00,87
8168.0,21.0208,21.02,21.035,21.035,21.015,2026-07-31 19:15:00,130
2507.0,21.0298,21.035,21.035,21.035,21.035,2026-07-31 19:16:00,43
13186.1,21.0384,21.03,21.05,21.055,21.025,2026-07-31 19:17:00,158
3692.0,21.049,21.05,21.055,21.06,21.05,2026-07-31 19:18:00,64
3252.0,21.0501,21.055,21.05,21.06,21.05,2026-07-31 19:19:00,58
2603.0,21.0474,21.05,21.055,21.055,21.05,2026-07-31 19:20:00,66
3377.0,21.0459,21.05,21.05,21.05,21.045,2026-07-31 19:21:00,64
6955.0,21.0552,21.05,21.06,21.06,21.05,2026-07-31 19:22:00,91
2147.0,21.0546,21.06,21.06,21.06,21.06,2026-07-31 19:23:00,56
9770.0,21.0501,21.06,21.045,21.06,21.04,2026-07-31 19:24:00,91
4815.1817,21.0342,21.04,21.02,21.04,21.02,2026-07-31 19:25:00,77
7043.006648,21.0243,21.02,21.025,21.025,21.015,2026-07-31 19:26:00,89
7182.0,21.0328,21.03,21.025,21.035,21.025,2026-07-31 19:27:00,116
6017.0,21.0221,21.025,21.02,21.025,21.015,2026-07-31 19:28:00,104
2554.0,21.0224,21.02,21.015,21.02,21.015,2026-07-31 19:29:00,80
10525.0,21.0136,21.01,21.01,21.02,21.005,2026-07-31 19:30:00,171
2051.0,21.0111,21.0,20.9901,21.0,20.99,2026-07-31 19:31:00,56
10964.0,20.9742,20.99,20.93,20.99,20.93,2026-07-31 19:32:00,161
3478.0,20.9554,20.93,20.935,20.94,20.93,2026-07-31 19:33:00,65
6659.0,20.9445,20.93,20.93,20.94,20.93,2026-07-31 19:34:00,95
18849.03061,20.9179,20.93,20.91,20.93,20.9,2026-07-31 19:35:00,233
6845.673,20.9238,20.91,20.925,20.925,20.91,2026-07-31 19:36:00,129
7404.0,20.9268,20.93,20.915,20.935,20.915,2026-07-31 19:37:00,97
6330.0,20.9223,20.915,20.925,20.925,20.915,2026-07-31 19:38:00,112
12954.0,20.925,20.93,20.915,20.93,20.915,2026-07-31 19:39:00,213
4814.1,20.9229,20.915,20.915,20.93,20.915,2026-07-31 19:40:00,87
7888.0,20.9083,20.915,20.895,20.92,20.895,2026-07-31 19:41:00,131
9271.3631,20.9065,20.895,20.91,20.91,20.895,2026-07-31 19:42:00,114
15082.0,20.9163,20.92,20.915,20.93,20.905,2026-07-31 19:43:00,190
5717.0,20.9149,20.915,20.915,20.915,20.915,2026-07-31 19:44:00,86
15264.0,20.9193,20.915,20.925,20.925,20.91,2026-07-31 19:45:00,256
9926.0,20.9191,20.925,20.915,20.925,20.915,2026-07-31 19:46:00,144
14500.0,20.9057,20.91,20.9,20.91,20.895,2026-07-31 19:47:00,226
4694.0,20.9027,20.9,20.895,20.905,20.895,2026-07-31 19:48:00,92
17797.04757,20.8782,20.895,20.875,20.9,20.86,2026-07-31 19:49:00,240
15282.19154,20.8927,20.88,20.885,20.9,20.88,2026-07-31 19:50:00,226
19693.0,20.8812,20.89,20.885,20.89,20.87,2026-07-31 19:51:00,237
6333.65445,20.8906,20.885,20.88,20.885,20.88,2026-07-31 19:52:00,82
29302.617904,20.89,20.89,20.895,20.895,20.88,2026-07-31 19:53:00,340
23094.0,20.902,20.9,20.93,20.935,20.89,2026-07-31 19:54:00,305
30234.0,20.9243,20.945,20.925,20.945,20.92,2026-07-31 19:55:00,379
32370.0,20.9286,20.92,20.945,20.945,20.92,2026-07-31 19:56:00,412
28571.0,20.9488,20.95,20.96,20.965,20.945,2026-07-31 19:57:00,396
76530.0,20.9597,20.955,20.955,20.975,20.945,2026-07-31 19:58:00,875
122270.0,20.9182,20.95,20.9,20.95,20.9,2026-07-31 19:59:00,1426
18449.091762,20.9101,20.91,20.91,20.91,20.91,2026-07-31 20:00:00,25
47391.150398,21.3761,21.32,21.385,21.47,21.32,2026-08-03 13:30:00,90
6102.0,21.4013,21.47,21.3,21.49,21.3,2026-08-03 13:31:00,79
4554.5146,21.2827,21.3,21.2701,21.3325,21.2701,2026-08-03 13:32:00,20
3019.23691,21.4644,21.39,21.46,21.5,21.39,2026-08-03 13:33:00,42
3480.0751,21.4942,21.48,21.5,21.51,21.47,2026-08-03 13:34:00,50
4959.267234,21.4901,21.5,21.48,21.53,21.47,2026-08-03 13:35:00,87
74296.938,21.542,21.48,21.635,21.7,21.44,2026-08-03 13:36:00,694
7744.555,21.6299,21.615,21.71,21.71,21.58,2026-08-03 13:37:00,117
9230.816783,21.7134,21.74,21.68,21.74,21.68,2026-08-03 13:38:00,165
11269.23327,21.7444,21.705,21.78,21.785,21.705,2026-08-03 13:39:00,126
25483.035351,21.8352,21.78,21.865,21.89,21.77,2026-08-03 13:40:00,296
4267.0,21.8579,21.86,21.86,21.88,21.84,2026-08-03 13:41:00,85
9749.0,21.849,21.88,21.85,21.88,21.84,2026-08-03 13:42:00,167
13122.0,21.821,21.84,21.77,21.85,21.77,2026-08-03 13:43:00,182
12028.0298,21.7526,21.77,21.71,21.77,21.71,2026-08-03 13:44:00,108
10145.70495,21.6776,21.69,21.7401,21.7401,21.61,2026-08-03 13:45:00,150
8702.0,21.7687,21.76,21.78,21.8,21.74,2026-08-03 13:46:00,129
5302.0,21.7927,21.76,21.815,21.845,21.76,2026-08-03 13:47:00,99
7230.9748,21.8008,21.815,21.78,21.8151,21.78,2026-08-03 13:48:00,120
5325.0,21.7355,21.79,21.705,21.79,21.705,2026-08-03 13:49:00,105
4629.0472,21.7579,21.72,21.77,21.77,21.72,2026-08-03 13:50:00,57
5914.0,21.7848,21.765,21.815,21.815,21.765,2026-08-03 13:51:00,76
1753.565401,21.8369,21.825,21.81,21.84,21.81,2026-08-03 13:52:00,56
2763.0,21.8269,21.82,21.82,21.85,21.81,2026-08-03 13:53:00,60
3400.74822,21.8913,21.82,21.94,21.94,21.82,2026-08-03 13:54:00,86
3488.158,21.9477,21.94,21.93,21.96,21.93,2026-08-03 13:55:00,69
9134.0,21.9333,21.94,21.8701,21.96,21.8701,2026-08-03 13:56:00,155
12543.0,21.8735,21.87,21.86,21.89,21.845,2026-08-03 13:57:00,144
4118.0,21.8694,21.86,21.855,21.88,21.855,2026-08-03 13:58:00,83
4303.0,21.8442,21.86,21.85,21.86,21.83,2026-08-03 13:59:00,94
8491.0,21.8299,21.85,21.81,21.85,21.81,2026-08-03 14:00:00,107
8962.673,21.7601,21.79,21.74,21.79,21.73,2026-08-03 14:01:00,144
11828.8129,21.7172,21.75,21.705,21.76,21.685,2026-08-03 14:02:00,143
4057.01875,21.7103,21.715,21.71,21.715,21.7,2026-08-03 14:03:00,64
4251.0,21.7364,21.72,21.74,21.76,21.72,2026-08-03 14:04:00,92
2117.0,21.7231,21.735,21.72,21.735,21.71,2026-08-03 14:05:00,48
5906.95027,21.7255,21.72,21.7101,21.745,21.71,2026-08-03 14:06:00,100
12722.0,21.7741,21.74,21.75,21.79,21.74,2026-08-03 14:07:00,173
3927.0,21.7242,21.74,21.67,21.74,21.67,2026-08-03 14:08:00,85
10392.095826,21.6709,21.66,21.68,21.7,21.645,2026-08-03 14:09:00,132
2728.0,21.6529,21.66,21.65,21.66,21.64,2026-08-03 14:10:00,47
5953.0,21.6177,21.65,21.6,21.65,21.595,2026-08-03 14:11:00,93
3538.693,21.6212,21.62,21.618,21.63,21.61,2026-08-03 14:12:00,74
7271.22762,21.5776,21.59,21.54,21.6,21.54,2026-08-03 14:13:00,112
13966.072023,21.5329,21.55,21.53,21.55,21.5,2026-08-03 14:14:00,200
4380.477857,21.5508,21.54,21.54,21.57,21.54,2026-08-03 14:15:00,82
7763.057,21.5442,21.53,21.54,21.55,21.52,2026-08-03 14:16:00,107
2947.464144,21.5426,21.55,21.55,21.55,21.525,2026-08-03 14:17:00,59
4359.0,21.569,21.56,21.57,21.575,21.56,2026-08-03 14:18:00,72
1667.27837,21.5531,21.55,21.55,21.55,21.55,2026-08-03 14:19:00,39
7653.0,21.5628,21.56,21.53,21.5751,21.53,2026-08-03 14:20:00,95
3352.248,21.5275,21.54,21.5,21.54,21.49,2026-08-03 14:21:00,80
3822.0,21.4858,21.5,21.49,21.5,21.47,2026-08-03 14:22:00,71
4953.0,21.5024,21.5,21.495,21.52,21.495,2026-08-03 14:23:00,70
7966.636839,21.4946,21.49,21.485,21.5,21.485,2026-08-03 14:24:00,81
6726.0,21.5061,21.48,21.535,21.535,21.48,2026-08-03 14:25:00,103
12834.0,21.5617,21.535,21.58,21.595,21.535,2026-08-03 14:26:00,172
4021.0,21.5676,21.57,21.58,21.58,21.56,2026-08-03 14:27:00,71
4653.0,21.5619,21.58,21.57,21.58,21.55,2026-08-03 14:28:00,72
19713.0,21.552,21.56,21.57,21.57,21.53,2026-08-03 14:29:00,228
4970.0,21.6118,21.57,21.65,21.65,21.57,2026-08-03 14:30:00,116
3692.0,21.625,21.64,21.62,21.64,21.61,2026-08-03 14:31:00,89
2492.04639,21.5913,21.61,21.55,21.62,21.55,2026-08-03 14:32:00,54
9236.1038,21.5791,21.55,21.575,21.62,21.55,2026-08-03 14:33:00,125
9023.0,21.5622,21.56,21.56,21.57,21.545,2026-08-03 14:34:00,107
3943.0,21.5691,21.57,21.56,21.58,21.56,2026-08-03 14:35:00,65
1819.0,21.5584,21.55,21.56,21.56,21.55,2026-08-03 14:36:00,54
5947.0,21.57,21.56,21.59,21.59,21.555,2026-08-03 14:37:00,119
9177.0,21.6255,21.61,21.64,21.64,21.61,2026-08-03 14:38:00,124
6415.0,21.6408,21.65,21.615,21.655,21.615,2026-08-03 14:39:00,85
3064.0,21.643,21.62,21.655,21.66,21.62,2026-08-03 14:40:00,59
5495.0,21.6597,21.67,21.67,21.68,21.65,2026-08-03 14:41:00,105
2569.0,21.6728,21.67,21.68,21.685,21.67,2026-08-03 14:42:00,59
3132.0,21.6769,21.68,21.67,21.7,21.67,2026-08-03 14:43:00,69
1858.0,21.6611,21.665,21.65,21.68,21.65,2026-08-03 14:44:00,36
4647.0,21.6575,21.65,21.6541,21.67,21.65,2026-08-03 14:45:00,71
8465.0,21.6314,21.645,21.62,21.65,21.61,2026-08-03 14:46:00,123
13715.0,21.6247,21.62,21.6268,21.63,21.62,2026-08-03 14:47:00,123
8925.0,21.6098,21.61,21.62,21.62,21.5975,2026-08-03 14:48:00,95
13236.0,21.5616,21.59,21.555,21.59,21.55,2026-08-03 14:49:00,183
3219.0,21.572,21.56,21.56,21.57,21.56,2026-08-03 14:50:00,63
4498.21587,21.5658,21.56,21.57,21.57,21.55,2026-08-03 14:51:00,60
2710.0,21.5476,21.56,21.54,21.56,21.535,2026-08-03 14:52:00,61
1948.0,21.5501,21.54,21.55,21.55,21.54,2026-08-03 14:53:00,48
3379.3623,21.5408,21.55,21.54,21.55,21.53,2026-08-03 14:54:00,57
2008.0,21.5521,21.55,21.55,21.55,21.55,2026-08-03 14:55:00,44
6466.0,21.5451,21.55,21.54,21.56,21.53,2026-08-03 14:56:00,115
20718.0,21.6179,21.55,21.66,21.6762,21.55,2026-08-03 14:57:00,338
5509.0,21.6423,21.66,21.64,21.66,21.63,2026-08-03 14:58:00,88
1587.7261,21.6245,21.62,21.625,21.625,21.615,2026-08-03 14:59:00,45
15375.0,21.646,21.62,21.7,21.71,21.62,2026-08-03 15:00:00,209
5800.0,21.7143,21.7,21.75,21.77,21.695,2026-08-03 15:01:00,94
15044.0,21.7452,21.73,21.74,21.77,21.72,2026-08-03 15:02:00,213
6480.0,21.7328,21.77,21.73,21.77,21.73,2026-08-03 15:03:00,91
4387.0,21.7317,21.73,21.74,21.755,21.72,2026-08-03 15:04:00,74
3544.011,21.753,21.75,21.78,21.78,21.74,2026-08-03 15:05:00,42
3769.0,21.7567,21.75,21.77,21.77,21.75,2026-08-03 15:06:00,67
9545.41472,21.7988,21.77,21.8,21.83,21.77,2026-08-03 15:07:00,168
7208.095402,21.803,21.8,21.85,21.85,21.7901,2026-08-03 15:08:00,81
11959.0,21.823,21.85,21.825,21.855,21.81,2026-08-03 15:09:00,148
4150.0,21.8117,21.83,21.815,21.83,21.805,2026-08-03 15:10:00,70
3865.0,21.8428,21.83,21.852,21.86,21.83,2026-08-03 15:11:00,66
7914.0,21.8378,21.855,21.835,21.855,21.83,2026-08-03 15:12:00,142
5729.0,21.8322,21.835,21.84,21.84,21.825,2026-08-03 15:13:00,94
7102.0,21.8326,21.84,21.84,21.86,21.815,2026-08-03 15:14:00,113
4522.886,21.8508,21.84,21.85,21.86,21.84,2026-08-03 15:15:00,65
2932.0,21.8552,21.85,21.87,21.87,21.85,2026-08-03 15:16:00,58
5513.563,21.909,21.87,21.925,21.93,21.87,2026-08-03 15:17:00,109
12362.0,21.9195,21.93,21.905,21.94,21.9,2026-08-03 15:18:00,128
8119.5662,21.9074,21.91,21.91,21.92,21.895,2026-08-03 15:19:00,134
5907.0,21.9236,21.92,21.91,21.94,21.91,2026-08-03 15:20:00,99
6599.5662,21.9017,21.9,21.9,21.9,21.88,2026-08-03 15:21:00,93
4237.0,21.9045,21.9,21.9,21.91,21.9,2026-08-03 15:22:00,61
2661.0,21.9,21.9028,21.9001,21.9028,21.9,2026-08-03 15:23:00,48
6877.0,21.905,21.905,21.93,21.93,21.89,2026-08-03 15:24:00,88
3358.0,21.9035,21.915,21.9,21.915,21.89,2026-08-03 15:25:00,77
4196.227946,21.911,21.895,21.93,21.93,21.895,2026-08-03 15:26:00,79
6809.8423,21.9346,21.935,21.94,21.95,21.935,2026-08-03 15:27:00,86
4353.0,21.9213,21.935,21.915,21.935,21.915,2026-08-03 15:28:00,101
3013.0,21.9169,21.915,21.91,21.921,21.91,2026-08-03 15:29:00,68
5027.0,21.9138,21.905,21.89,21.92,21.89,2026-08-03 15:30:00,91
3388.0,21.8901,21.89,21.885,21.89,21.885,2026-08-03 15:31:00,71
4118.0,21.8906,21.885,21.89,21.89,21.88,2026-08-03 15:32:00,71
11135.0,21.886,21.9,21.89,21.9,21.87,2026-08-03 15:33:00,123
2332.0,21.895,21.89,21.91,21.91,21.88,2026-08-03 15:34:00,54
4539.0,21.919,21.91,21.91,21.93,21.91,2026-08-03 15:35:00,88
3342.0,21.8977,21.9,21.89,21.91,21.89,2026-08-03 15:36:00,63
7806.0,21.9135,21.89,21.93,21.94,21.89,2026-08-03 15:37:00,92
3550.0,21.9201,21.93,21.92,21.94,21.92,2026-08-03 15:38:00,64
9982.0,21.9153,21.915,21.89,21.93,21.89,2026-08-03 15:39:00,151
3243.0,21.8893,21.89,21.88,21.89,21.88,2026-08-03 15:40:00,78
2476.0,21.8748,21.88,21.86,21.88,21.86,2026-08-03 15:41:00,57
1151.0,21.8635,21.865,21.87,21.87,21.86,2026-08-03 15:42:00,36
6191.251,21.8681,21.86,21.855,21.87,21.855,2026-08-03 15:43:00,109
4500.0,21.8595,21.86,21.86,21.87,21.845,2026-08-03 15:44:00,66
1164.0,21.8645,21.85,21.86,21.86,21.85,2026-08-03 15:45:00,23
3582.5693,21.8751,21.87,21.875,21.885,21.865,2026-08-03 15:46:00,77
2088.0,21.8657,21.87,21.87,21.87,21.86,2026-08-03 15:47:00,50
3043.0,21.8472,21.85,21.83,21.85,21.83,2026-08-03 15:48:00,59
3174.0,21.8365,21.83,21.825,21.84,21.825,2026-08-03 15:49:00,61
6104.0,21.8316,21.825,21.83,21.84,21.825,2026-08-03 15:50:00,113
3414.0,21.8266,21.815,21.835,21.835,21.815,2026-08-03 15:51:00,58
2293.0,21.8168,21.835,21.81,21.835,21.8,2026-08-03 15:52:00,57
4087.1802,21.8289,21.82,21.84,21.84,21.82,2026-08-03 15:53:00,44
6093.0,21.8233,21.83,21.825,21.83,21.815,2026-08-03 15:54:00,87
2773.5904,21.8133,21.82,21.795,21.82,21.795,2026-08-03 15:55:00,66
6054.0,21.7818,21.79,21.76,21.79,21.76,2026-08-03 15:56:00,107
5512.0,21.783,21.77,21.805,21.805,21.77,2026-08-03 15:57:00,101
6171.09055,21.8045,21.8,21.812,21.815,21.795,2026-08-03 15:58:00,93
3161.0,21.8169,21.815,21.815,21.82,21.815,2026-08-03 15:59:00,64
2798.0,21.8044,21.815,21.8,21.815,21.8,2026-08-03 16:00:00,55
2772.1659,21.8127,21.81,21.815,21.82,21.81,2026-08-03 16:01:00,49
3426.0,21.8209,21.82,21.82,21.83,21.82,2026-08-03 16:02:00,63
4575.4088,21.8037,21.82,21.78,21.82,21.78,2026-08-03 16:03:00,68
10046.0,21.8037,21.785,21.81,21.81,21.785,2026-08-03 16:04:00,74
6634.0,21.8276,21.81,21.83,21.84,21.81,2026-08-03 16:05:00,119
2626.589612,21.8236,21.82,21.8223,21.8223,21.815,2026-08-03 16:06:00,51
2497.0,21.8171,21.825,21.81,21.825,21.81,2026-08-03 16:07:00,63
2038.0,21.8111,21.81,21.815,21.815,21.81,2026-08-03 16:08:00,44
3153.0,21.8181,21.815,21.82,21.82,21.815,2026-08-03 16:09:00,62
11288.0,21.8473,21.83,21.83,21.865,21.83,2026-08-03 16:10:00,163
2445.0,21.8112,21.82,21.805,21.82,21.805,2026-08-03 16:11:00,53
5050.0,21.8178,21.81,21.82,21.83,21.81,2026-08-03 16:12:00,86
1289.0,21.8215,21.82,21.82,21.82,21.82,2026-08-03 16:13:00,29
1659.01599,21.819,21.82,21.81,21.82,21.81,2026-08-03 16:14:00,40
3338.0,21.8168,21.81,21.82,21.82,21.81,2026-08-03 16:15:00,53
4629.0,21.8196,21.82,21.82,21.825,21.81,2026-08-03 16:16:00,82
1736.0,21.823,21.82,21.825,21.825,21.82,2026-08-03 16:17:00,34
7464.0,21.8147,21.825,21.81,21.825,21.805,2026-08-03 16:18:00,88
2192.0,21.8094,21.81,21.81,21.81,21.8,2026-08-03 16:19:00,32
11324.0,21.826,21.81,21.82,21.84,21.81,2026-08-03 16:20:00,177
2887.14236,21.81,21.81,21.815,21.815,21.8,2026-08-03 16:21:00,58
2854.0,21.8196,21.82,21.82,21.82,21.82,2026-08-03 16:22:00,57
6015.0,21.7876,21.81,21.785,21.81,21.765,2026-08-03 16:23:00,135
5297.0,21.8062,21.79,21.83,21.83,21.79,2026-08-03 16:24:00,105
2081.0,21.82,21.83,21.8155,21.8301,21.8155,2026-08-03 16:25:00,32
3162.0,21.8097,21.81,21.815,21.815,21.81,2026-08-03 16:26:00,48
1983.0,21.8213,21.82,21.825,21.825,21.82,2026-08-03 16:27:00,36
3520.184,21.8299,21.825,21.835,21.835,21.825,2026-08-03 16:28:00,87
5432.0,21.8458,21.835,21.855,21.86,21.835,2026-08-03 16:29:00,111
1939.287805,21.8524,21.855,21.85,21.86,21.85,2026-08-03 16:30:00,68
3024.0,21.8443,21.84,21.85,21.85,21.835,2026-08-03 16:31:00,65
3289.0,21.8333,21.85,21.815,21.85,21.815,2026-08-03 16:32:00,69
2830.37477,21.8147,21.81,21.805,21.81,21.8,2026-08-03 16:33:00,50
7909.0,21.8165,21.81,21.825,21.83,21.81,2026-08-03 16:34:00,123
2937.0,21.8327,21.835,21.835,21.84,21.83,2026-08-03 16:35:00,56
2649.0,21.8154,21.83,21.805,21.83,21.805,2026-08-03 16:36:00,47
5938.0,21.8228,21.81,21.84,21.845,21.81,2026-08-03 16:37:00,106
3155.0,21.838,21.84,21.84,21.84,21.835,2026-08-03 16:38:00,62
3571.0,21.8355,21.84,21.825,21.845,21.825,2026-08-03 16:39:00,54
1308.0,21.8275,21.825,21.825,21.83,21.825,2026-08-03 16:40:00,27
4729.0,21.8299,21.83,21.83,21.835,21.83,2026-08-03 16:41:00,81
3870.0,21.8374,21.83,21.84,21.84,21.83,2026-08-03 16:42:00,81
1183.0,21.8371,21.84,21.845,21.845,21.84,2026-08-03 16:43:00,36
2303.885099,21.8509,21.845,21.845,21.85,21.845,2026-08-03 16:44:00,50
3672.045769,21.8412,21.845,21.84,21.845,21.835,2026-08-03 16:45:00,75
2944.1809,21.842,21.85,21.83,21.85,21.83,2026-08-03 16:46:00,81
2517.1836,21.8404,21.835,21.84,21.84,21.835,2026-08-03 16:47:00,59
1822.0,21.8411,21.85,21.835,21.85,21.835,2026-08-03 16:48:00,48
2020.0,21.8383,21.84,21.835,21.84,21.83,2026-08-03 16:49:00,41
3275.0,21.8283,21.835,21.81,21.835,21.81,2026-08-03 16:50:00,94
909.0,21.8072,21.805,21.8,21.805,21.8,2026-08-03 16:51:00,20
2652.0,21.8032,21.805,21.795,21.805,21.795,2026-08-03 16:52:00,62
6545.0,21.8065,21.795,21.81,21.81,21.795,2026-08-03 16:53:00,105
1496.0,21.8126,21.81,21.81,21.81,21.81,2026-08-03 16:54:00,38
3435.0,21.8197,21.82,21.82,21.825,21.82,2026-08-03 16:55:00,84
1772.0,21.8176,21.815,21.82,21.82,21.815,2026-08-03 16:56:00,57
3217.013,21.8215,21.83,21.815,21.83,21.815,2026-08-03 16:57:00,71
4978.0,21.8241,21.82,21.845,21.845,21.82,2026-08-03 16:58:00,98
6579.0,21.8838,21.845,21.875,21.91,21.845,2026-08-03 16:59:00,126
3463.0,21.8701,21.87,21.86,21.88,21.86,2026-08-03 17:00:00,79
3574.0,21.8491,21.86,21.85,21.86,21.845,2026-08-03 17:01:00,60
764.70862,21.8739,21.855,21.855,21.855,21.855,2026-08-03 17:03:00,28
5281.7259,21.864,21.855,21.865,21.87,21.855,2026-08-03 17:04:00,115
5420.0,21.8637,21.865,21.86,21.87,21.86,2026-08-03 17:05:00,89
729.0,21.8568,21.855,21.855,21.855,21.855,2026-08-03 17:06:00,30
2968.0,21.8494,21.855,21.84,21.855,21.84,2026-08-03 17:07:00,65
3435.0,21.8477,21.85,21.845,21.85,21.84,2026-08-03 17:08:00,79
3122.0,21.8487,21.845,21.855,21.855,21.84,2026-08-03 17:09:00,75
5700.0,21.8619,21.855,21.875,21.875,21.855,2026-08-03 17:10:00,95
10603.0,21.8866,21.875,21.895,21.9,21.87,2026-08-03 17:11:00,158
1514.0,21.8924,21.9,21.895,21.9,21.895,2026-08-03 17:12:00,33
7480.7193,21.909,21.9,21.915,21.92,21.9,2026-08-03 17:13:00,105
3498.0,21.9065,21.91,21.91,21.91,21.905,2026-08-03 17:14:00,55
4862.0,21.9017,21.905,21.91,21.91,21.9,2026-08-03 17:15:00,80
3743.0,21.9113,21.92,21.91,21.92,21.91,2026-08-03 17:16:00,72
1552.0,21.8973,21.9,21.9,21.9,21.895,2026-08-03 17:17:00,42
1402.59592,21.906,21.895,21.8923,21.9,21.8923,2026-08-03 17:18:00,31
1308.0,21.8963,21.9,21.895,21.9,21.895,2026-08-03 17:19:00,32
3986.46581,21.8936,21.895,21.885,21.9,21.885,2026-08-03 17:20:00,61
3247.0,21.8895,21.885,21.89,21.89,21.881,2026-08-03 17:21:00,64
3290.0,21.8904,21.895,21.89,21.895,21.885,2026-08-03 17:22:00,59
1874.0,21.8903,21.89,21.89,21.89,21.89,2026-08-03 17:23:00,32
13166.0,21.9173,21.89,21.93,21.94,21.89,2026-08-03 17:24:00,198
3010.0,21.9349,21.935,21.94,21.94,21.93,2026-08-03 17:25:00,52
5685.0,21.9226,21.935,21.92,21.94,21.91,2026-08-03 17:26:00,94
3417.0,21.9257,21.92,21.935,21.935,21.92,2026-08-03 17:27:00,66
5748.7245,21.9293,21.94,21.93,21.94,21.92,2026-08-03 17:28:00,96
3394.0,21.9396,21.94,21.935,21.95,21.935,2026-08-03 17:29:00,60
1516.0,21.9381,21.94,21.94,21.94,21.935,2026-08-03 17:30:00,42
3385.0049,21.9408,21.94,21.94,21.945,21.94,2026-08-03 17:31:00,75
1444.0,21.9314,21.935,21.93,21.935,21.93,2026-08-03 17:32:00,31
8998.0,21.9586,21.935,21.975,21.98,21.935,2026-08-03 17:33:00,141
1817.27606,21.9614,21.975,21.965,21.975,21.96,2026-08-03 17:34:00,33
11537.0,21.9417,21.96,21.93,21.96,21.93,2026-08-03 17:35:00,168
1759.203923,21.9288,21.92,21.92,21.92,21.92,2026-08-03 17:36:00,37
7869.0456,21.9128,21.92,21.88,21.93,21.88,2026-08-03 17:37:00,149
1739.381275,21.8874,21.875,21.8776,21.8776,21.87,2026-08-03 17:38:00,51
899.0,21.8858,21.875,21.875,21.875,21.875,2026-08-03 17:39:00,22
2599.0,21.8668,21.875,21.855,21.875,21.855,2026-08-03 17:40:00,48
6061.0,21.8417,21.85,21.83,21.85,21.83,2026-08-03 17:41:00,104
2262.0,21.8309,21.83,21.83,21.83,21.83,2026-08-03 17:42:00,39
3960.0,21.8322,21.82,21.825,21.835,21.82,2026-08-03 17:43:00,74
2999.0,21.8259,21.825,21.82,21.83,21.81,2026-08-03 17:44:00,65
2728.0,21.8252,21.82,21.825,21.83,21.82,2026-08-03 17:45:00,57
3478.0,21.8309,21.825,21.825,21.83,21.825,2026-08-03 17:46:00,68
3908.0,21.8333,21.84,21.83,21.84,21.825,2026-08-03 17:47:00,69
2017.365593,21.8243,21.83,21.81,21.83,21.81,2026-08-03 17:48:00,55
11262.0,21.7997,21.795,21.79,21.805,21.79,2026-08-03 17:49:00,95
1144.932377,21.8097,21.79,21.79,21.79,21.79,2026-08-03 17:50:00,37
842.0,21.7979,21.8,21.79,21.8,21.79,2026-08-03 17:51:00,22
3533.0,21.7949,21.79,21.79,21.8,21.79,2026-08-03 17:52:00,63
2308.325001,21.7874,21.785,21.775,21.79,21.775,2026-08-03 17:53:00,57
2001.0,21.7759,21.775,21.775,21.775,21.77,2026-08-03 17:54:00,42
3527.0,21.7674,21.775,21.76,21.775,21.76,2026-08-03 17:55:00,72
4407.0,21.7602,21.76,21.7539,21.76,21.75,2026-08-03 17:56:00,91
6149.0,21.7575,21.75,21.76,21.76,21.75,2026-08-03 17:57:00,116
2275.0,21.7613,21.755,21.765,21.765,21.755,2026-08-03 17:58:00,47
2431.0,21.7628,21.76,21.76,21.765,21.76,2026-08-03 17:59:00,40
7424.0,21.7659,21.755,21.77,21.77,21.755,2026-08-03 18:00:00,115
2635.73466,21.7834,21.775,21.78,21.78,21.775,2026-08-03 18:01:00,59
11927.326,21.7805,21.78,21.78,21.78,21.78,2026-08-03 18:02:00,45
3808.584,21.8,21.79,21.805,21.81,21.79,2026-08-03 18:03:00,80
8302.0,21.775,21.8,21.76,21.8,21.745,2026-08-03 18:04:00,141
4336.0,21.77,21.76,21.79,21.79,21.76,2026-08-03 18:05:00,92
2988.0,21.8089,21.82,21.815,21.82,21.81,2026-08-03 18:06:00,68
1385.0,21.8079,21.81,21.81,21.81,21.81,2026-08-03 18:07:00,35
1289.0,21.7998,21.81,21.81,21.82,21.81,2026-08-03 18:08:00,29
1711.0,21.8049,21.82,21.81,21.82,21.8,2026-08-03 18:09:00,38
1201.0,21.8001,21.8,21.805,21.805,21.8,2026-08-03 18:10:00,32
8401.0,21.7773,21.8,21.765,21.8,21.765,2026-08-03 18:11:00,144
821.275765,21.7766,21.765,21.765,21.765,21.765,2026-08-03 18:12:00,40
6660.0,21.7732,21.765,21.78,21.78,21.765,2026-08-03 18:13:00,95
828.0,21.7884,21.79,21.795,21.795,21.79,2026-08-03 18:14:00,35
1393.0,21.7932,21.8,21.79,21.8,21.79,2026-08-03 18:15:00,52
6080.1725,21.7992,21.795,21.8,21.8001,21.795,2026-08-03 18:16:00,102
1174.0,21.7875,21.79,21.79,21.79,21.79,2026-08-03 18:17:00,41
3528.0,21.7888,21.785,21.79,21.79,21.785,2026-08-03 18:18:00,82
1136.0,21.7883,21.79,21.79,21.79,21.79,2026-08-03 18:19:00,24
7404.0,21.794,21.79,21.8,21.8,21.79,2026-08-03 18:20:00,126
1154.0,21.7986,21.8,21.8,21.805,21.8,2026-08-03 18:21:00,27
1172.0,21.8012,21.8,21.805,21.805,21.8,2026-08-03 18:22:00,40
808.0,21.7991,21.805,21.805,21.805,21.805,2026-08-03 18:23:00,35
3651.0,21.7954,21.805,21.785,21.805,21.785,2026-08-03 18:24:00,81
5621.0,21.7959,21.79,21.79,21.805,21.79,2026-08-03 18:25:00,96
4166.0,21.7973,21.79,21.8,21.8,21.79,2026-08-03 18:26:00,81
6451.0,21.8027,21.8,21.81,21.81,21.795,2026-08-03 18:27:00,115
2006.0,21.8108,21.81,21.8195,21.8195,21.8095,2026-08-03 18:28:00,54
4802.7601,21.8216,21.82,21.815,21.82,21.815,2026-08-03 18:29:00,91
4990.0,21.8074,21.81,21.795,21.81,21.795,2026-08-03 18:30:00,83
3307.25736,21.8003,21.795,21.795,21.8,21.795,2026-08-03 18:31:00,67
4575.15497,21.8063,21.7944,21.81,21.81,21.7944,2026-08-03 18:32:00,73
1972.01233,21.8071,21.81,21.805,21.81,21.805,2026-08-03 18:33:00,35
3920.0,21.8125,21.805,21.815,21.82,21.805,2026-08-03 18:34:00,75
2145.0,21.82,21.82,21.825,21.825,21.82,2026-08-03 18:35:00,55
3675.0,21.813,21.82,21.805,21.82,21.805,2026-08-03 18:36:00,92
3417.0,21.8118,21.81,21.82,21.82,21.805,2026-08-03 18:37:00,55
4034.0,21.8249,21.82,21.83,21.83,21.82,2026-08-03 18:38:00,68
3946.0,21.8324,21.83,21.85,21.85,21.825,2026-08-03 18:39:00,78
3435.0,21.847,21.85,21.845,21.855,21.845,2026-08-03 18:40:00,71
3035.0,21.8385,21.84,21.84,21.84,21.835,2026-08-03 18:41:00,82
1996.3617,21.8434,21.84,21.845,21.845,21.835,2026-08-03 18:42:00,44
4193.0,21.8475,21.845,21.845,21.85,21.845,2026-08-03 18:43:00,86
2423.0,21.8352,21.84,21.83,21.84,21.83,2026-08-03 18:44:00,71
1436.0,21.821,21.82,21.82,21.82,21.82,2026-08-03 18:45:00,38
2874.0,21.8071,21.81,21.8,21.81,21.795,2026-08-03 18:46:00,64
4341.0,21.81,21.8,21.8044,21.81,21.8,2026-08-03 18:47:00,70
1624.0,21.8088,21.81,21.8,21.81,21.8,2026-08-03 18:48:00,43
6642.183444,21.7983,21.8,21.7805,21.81,21.7805,2026-08-03 18:49:00,109
7964.0,21.791,21.785,21.785,21.8,21.785,2026-08-03 18:50:00,135
1544.697343,21.7939,21.78,21.775,21.78,21.775,2026-08-03 18:51:00,47
6197.0,21.7793,21.77,21.785,21.785,21.77,2026-08-03 18:52:00,92
3951.0,21.7919,21.785,21.795,21.795,21.785,2026-08-03 18:53:00,71
1277.0,21.7923,21.7975,21.795,21.7975,21.795,2026-08-03 18:54:00,37
4692.0,21.7864,21.79,21.775,21.79,21.77,2026-08-03 18:55:00,84
1601.0,21.775,21.775,21.775,21.775,21.77,2026-08-03 18:56:00,38
4849.0,21.7712,21.77,21.765,21.7739,21.765,2026-08-03 18:57:00,89
5550.0,21.7684,21.765,21.77,21.77,21.76,2026-08-03 18:58:00,88
5576.00643,21.7671,21.775,21.765,21.78,21.76,2026-08-03 18:59:00,108
5707.90625,21.7688,21.76,21.755,21.77,21.755,2026-08-03 19:00:00,96
5305.0,21.7603,21.76,21.765,21.765,21.755,2026-08-03 19:01:00,95
5979.0,21.748,21.765,21.735,21.765,21.73,2026-08-03 19:02:00,111
20522.0,21.7724,21.74,21.825,21.825,21.735,2026-08-03 19:03:00,201
1353.3622,21.8087,21.825,21.825,21.825,21.825,2026-08-03 19:04:00,36
18280.0,21.8146,21.825,21.81,21.83,21.795,2026-08-03 19:05:00,218
3525.0,21.8106,21.81,21.805,21.8195,21.805,2026-08-03 19:06:00,46
8286.0,21.7937,21.8,21.8,21.805,21.785,2026-08-03 19:07:00,108
20453.205197,21.8038,21.81,21.81,21.82,21.79,2026-08-03 19:08:00,213
1603.0,21.8343,21.845,21.84,21.845,21.84,2026-08-03 19:09:00,45
16854.37954,21.9118,21.84,21.96,21.96,21.84,2026-08-03 19:10:00,207
9827.1802,21.9267,21.95,21.89,21.95,21.89,2026-08-03 19:11:00,169
5084.0,21.9012,21.89,21.91,21.91,21.89,2026-08-03 19:12:00,76
2581.0,21.8992,21.91,21.91,21.91,21.9,2026-08-03 19:13:00,53
7455.0,21.9007,21.9,21.905,21.91,21.895,2026-08-03 19:14:00,112
1948.0,21.9083,21.905,21.905,21.91,21.905,2026-08-03 19:15:00,66
8403.31141,21.9099,21.91,21.9,21.92,21.9,2026-08-03 19:16:00,132
4110.0,21.899,21.9,21.89,21.91,21.89,2026-08-03 19:17:00,42
6004.6439,21.8918,21.89,21.87,21.9,21.87,2026-08-03 19:18:00,95
12601.0,21.8788,21.875,21.88,21.88,21.87,2026-08-03 19:19:00,184
6042.0,21.8782,21.88,21.86,21.885,21.86,2026-08-03 19:20:00,93
1963.0,21.8586,21.86,21.855,21.86,21.85,2026-08-03 19:21:00,39
3556.0,21.8624,21.855,21.86,21.86,21.855,2026-08-03 19:22:00,59
3922.0,21.8698,21.87,21.865,21.87,21.865,2026-08-03 19:23:00,49
16090.63,21.8774,21.87,21.9,21.9,21.87,2026-08-03 19:24:00,209
12581.0,21.9055,21.9,21.905,21.91,21.895,2026-08-03 19:25:00,115
3111.0,21.9072,21.905,21.91,21.91,21.905,2026-08-03 19:26:00,76
2784.0,21.9199,21.92,21.925,21.93,21.92,2026-08-03 19:27:00,82
8315.0,21.9347,21.93,21.95,21.95,21.93,2026-08-03 19:28:00,121
33120.0,21.9422,21.95,21.945,21.96,21.935,2026-08-03 19:29:00,201
5262.0,21.9513,21.945,21.955,21.965,21.945,2026-08-03 19:30:00,103
8776.0,21.9507,21.95,21.955,21.955,21.945,2026-08-03 19:31:00,154
17767.0,21.9403,21.955,21.915,21.955,21.915,2026-08-03 19:32:00,171
8536.00045,21.929,21.915,21.945,21.945,21.915,2026-08-03 19:33:00,126
6735.4494,21.9415,21.945,21.945,21.945,21.935,2026-08-03 19:34:00,114
7463.0,21.9479,21.945,21.945,21.95,21.945,2026-08-03 19:35:00,118
5454.0,21.9496,21.945,21.9427,21.96,21.9427,2026-08-03 19:36:00,110
5431.0,21.9395,21.94,21.935,21.94,21.9341,2026-08-03 19:37:00,84
3962.0,21.9417,21.935,21.945,21.949,21.935,2026-08-03 19:38:00,105
8661.0,21.9443,21.945,21.94,21.95,21.94,2026-08-03 19:39:00,139
12970.0,21.9347,21.935,21.95,21.95,21.93,2026-08-03 19:40:00,168
6633.0,21.9467,21.945,21.945,21.95,21.945,2026-08-03 19:41:00,125
8519.0,21.9377,21.95,21.935,21.95,21.93,2026-08-03 19:42:00,112
7834.0,21.9404,21.94,21.945,21.95,21.93,2026-08-03 19:43:00,118
11492.0,21.9508,21.945,21.96,21.96,21.945,2026-08-03 19:44:00,183
6321.0,21.965,21.955,21.975,21.98,21.955,2026-08-03 19:45:00,103
13953.356,21.9762,21.975,21.97,21.985,21.97,2026-08-03 19:46:00,163
11510.0,21.9785,21.975,21.975,21.985,21.975,2026-08-03 19:47:00,185
17611.0,21.9544,21.975,21.925,21.98,21.925,2026-08-03 19:48:00,259
19119.881896,21.9168,21.925,21.92,21.925,21.905,2026-08-03 19:49:00,238
13213.714547,21.8734,21.9,21.84,21.9,21.835,2026-08-03 19:50:00,194
13887.92955,21.8328,21.84,21.82,21.84,21.815,2026-08-03 19:51:00,222
5862.351086,21.8203,21.815,21.81,21.815,21.81,2026-08-03 19:52:00,112
28729.237931,21.8355,21.81,21.85,21.865,21.81,2026-08-03 19:53:00,363
12765.0,21.8343,21.85,21.82,21.85,21.82,2026-08-03 19:54:00,213
34905.04581,21.8156,21.825,21.795,21.835,21.79,2026-08-03 19:55:00,471
40170.587134,21.8063,21.795,21.795,21.815,21.79,2026-08-03 19:56:00,467
29656.0,21.7668,21.79,21.75,21.79,21.74,2026-08-03 19:57:00,428
58030.0,21.7557,21.745,21.76,21.76,21.74,2026-08-03 19:58:00,622
119756.0,21.6971,21.765,21.66,21.77,21.655,2026-08-03 19:59:00,1330
13863.95679,21.6619,21.66,21.67,21.67,21.66,2026-08-03 20:00:00,24
313.0,21.8218,21.8218,21.8218,21.8218,21.8218,2026-08-03 23:51:00,1
337.0,21.7989,21.8,21.8,21.8,21.8,2026-08-04 08:01:00,2
300.0,21.51,21.51,21.51,21.51,21.51,2026-08-04 10:27:00,1
288.0,21.5,21.5,21.5,21.5,21.5,2026-08-04 10:28:00,1
100.0,21.5,21.5,21.5,21.5,21.5,2026-08-04 11:22:00,1
470.0,21.5182,21.53,21.53,21.53,21.53,2026-08-04 11:51:00,4
350.0,21.4514,21.45,21.45,21.45,21.45,2026-08-04 13:20:00,2
24475.695753,21.4611,21.46,21.43,21.525,21.41,2026-08-04 13:30:00,61
3995.184489,21.6007,21.525,21.64,21.64,21.52,2026-08-04 13:31:00,63
6204.31862,21.8263,21.69,21.84,21.8493,21.69,2026-08-04 13:32:00,38
2389.82,21.8537,21.87,21.78,21.9,21.78,2026-08-04 13:33:00,42
1792.496583,21.8055,21.8,21.82,21.82,21.785,2026-08-04 13:34:00,39
2056.0,21.8024,21.82,21.795,21.82,21.77,2026-08-04 13:35:00,34
4161.1806,21.8673,21.86,21.8,21.89,21.8,2026-08-04 13:36:00,56
1957.0368,21.7781,21.8,21.745,21.8,21.74,2026-08-04 13:37:00,44
387.0,21.798,21.765,21.825,21.825,21.765,2026-08-04 13:38:00,17
2468.0,21.8161,21.84,21.835,21.84,21.78,2026-08-04 13:39:00,40
860.0,21.8766,21.8376,21.9,21.9,21.8376,2026-08-04 13:40:00,10
5091.74218,21.8475,21.87,21.855,21.87,21.83,2026-08-04 13:41:00,91
5815.0,21.8289,21.82,21.83,21.84,21.81,2026-08-04 13:42:00,83
1259.886,21.8572,21.835,21.85,21.85,21.835,2026-08-04 13:43:00,41
2791.0,21.7996,21.83,21.78,21.83,21.78,2026-08-04 13:44:00,62
4447.0,21.7667,21.78,21.75,21.79,21.745,2026-08-04 13:45:00,85
1742.0,21.7514,21.76,21.74,21.77,21.74,2026-08-04 13:46:00,34
6069.0,21.7137,21.7235,21.72,21.73,21.7,2026-08-04 13:47:00,118
2571.577601,21.719,21.72,21.68,21.72,21.68,2026-08-04 13:48:00,50
6378.4947,21.6857,21.675,21.685,21.7,21.665,2026-08-04 13:49:00,111
35394.0,21.7057,21.6998,21.64,21.75,21.63,2026-08-04 13:50:00,412
2930.460556,21.6366,21.63,21.65,21.65,21.61,2026-08-04 13:51:00,54
2447.22476,21.6866,21.65,21.67,21.7,21.65,2026-08-04 13:52:00,59
927.0,21.6893,21.67,21.7,21.7,21.67,2026-08-04 13:53:00,31
1006.0,21.7018,21.71,21.71,21.71,21.695,2026-08-04 13:54:00,29
3507.0,21.7036,21.7,21.7,21.71,21.7,2026-08-04 13:55:00,66
1662.0,21.7061,21.7,21.72,21.72,21.7,2026-08-04 13:56:00,43
3874.0,21.7145,21.7051,21.71,21.72,21.7051,2026-08-04 13:57:00,70
1978.13816,21.7086,21.71,21.705,21.71,21.7,2026-08-04 13:58:00,54
4828.0,21.7044,21.71,21.69,21.71,21.69,2026-08-04 13:59:00,84
1003.0,21.7144,21.71,21.73,21.73,21.71,2026-08-04 14:00:00,27
6454.0,21.7427,21.72,21.73,21.75,21.72,2026-08-04 14:01:00,123
5686.15293,21.723,21.73,21.715,21.73,21.71,2026-08-04 14:02:00,106
858.90889,21.7428,21.715,21.715,21.715,21.715,2026-08-04 14:03:00,34
2893.0,21.6728,21.71,21.635,21.71,21.63,2026-08-04 14:04:00,64
1905.0,21.6336,21.62,21.62,21.63,21.62,2026-08-04 14:05:00,60
1958.0,21.657,21.66,21.665,21.665,21.65,2026-08-04 14:06:00,54
6021.1814,21.6647,21.665,21.65,21.68,21.65,2026-08-04 14:07:00,123
4998.096637,21.6318,21.61,21.63,21.65,21.61,2026-08-04 14:08:00,91
1487.0,21.6372,21.63,21.65,21.65,21.63,2026-08-04 14:09:00,43
5380.0,21.6751,21.655,21.68,21.69,21.655,2026-08-04 14:10:00,98
1843.0,21.6712,21.68,21.665,21.685,21.665,2026-08-04 14:11:00,58
2745.092256,21.6767,21.675,21.675,21.6799,21.675,2026-08-04 14:12:00,60
3517.031801,21.6773,21.675,21.67,21.69,21.67,2026-08-04 14:13:00,63
4669.19153,21.6419,21.67,21.63,21.67,21.62,2026-08-04 14:14:00,113
6887.0358,21.6502,21.63,21.66,21.66,21.63,2026-08-04 14:15:00,60
3366.00785,21.654,21.665,21.635,21.665,21.635,2026-08-04 14:16:00,63
2338.0,21.6929,21.65,21.72,21.72,21.65,2026-08-04 14:17:00,66
2153.0,21.7057,21.71,21.71,21.71,21.7,2026-08-04 14:18:00,66
2061.171506,21.6964,21.71,21.69,21.71,21.69,2026-08-04 14:19:00,59
4588.132,21.6889,21.7,21.7,21.7,21.685,2026-08-04 14:20:00,69
3481.0,21.6777,21.695,21.645,21.695,21.645,2026-08-04 14:21:00,73
5655.1499,21.6401,21.64,21.63,21.645,21.63,2026-08-04 14:22:00,76
1864.0,21.6241,21.62,21.61,21.62,21.61,2026-08-04 14:23:00,48
11030.3126,21.6599,21.62,21.625,21.68,21.62,2026-08-04 14:24:00,199
2693.078035,21.6421,21.63,21.6398,21.64,21.63,2026-08-04 14:25:00,60
1744.0,21.6414,21.64,21.65,21.65,21.635,2026-08-04 14:26:00,54
1511.0,21.6491,21.645,21.645,21.655,21.645,2026-08-04 14:27:00,60
2508.031874,21.6411,21.645,21.66,21.67,21.625,2026-08-04 14:28:00,60
1972.6135,21.6698,21.66,21.678,21.678,21.66,2026-08-04 14:29:00,47
2843.0,21.6728,21.67,21.695,21.695,21.67,2026-08-04 14:30:00,81
1865.593,21.6806,21.68,21.67,21.68,21.67,2026-08-04 14:31:00,49
2118.716141,21.6685,21.66,21.67,21.67,21.65,2026-08-04 14:32:00,71
1463.0,21.674,21.68,21.68,21.68,21.67,2026-08-04 14:33:00,55
2611.0,21.7003,21.7,21.71,21.71,21.7,2026-08-04 14:34:00,67
6271.0,21.6946,21.71,21.68,21.715,21.67,2026-08-04 14:35:00,88
1981.0,21.6793,21.69,21.66,21.69,21.66,2026-08-04 14:36:00,66
4225.0,21.6617,21.66,21.655,21.67,21.655,2026-08-04 14:37:00,54
4697.6812,21.6684,21.65,21.67,21.68,21.65,2026-08-04 14:38:00,84
3258.0,21.6757,21.68,21.67,21.68,21.66,2026-08-04 14:39:00,57
1905.0,21.6766,21.68,21.68,21.69,21.68,2026-08-04 14:40:00,44
3071.0,21.6897,21.69,21.705,21.71,21.69,2026-08-04 14:41:00,73
2933.0,21.7232,21.72,21.75,21.75,21.715,2026-08-04 14:42:00,74
2304.0,21.7456,21.75,21.76,21.76,21.75,2026-08-04 14:43:00,56
2422.0,21.7424,21.75,21.74,21.75,21.735,2026-08-04 14:44:00,51
1202.2487,21.7386,21.74,21.7495,21.7495,21.74,2026-08-04 14:45:00,33
3783.5014,21.7186,21.745,21.685,21.745,21.685,2026-08-04 14:46:00,73
1829.0,21.6932,21.7,21.685,21.7,21.685,2026-08-04 14:47:00,54
1799.0,21.6825,21.68,21.67,21.68,21.67,2026-08-04 14:48:00,58
3986.0,21.6527,21.655,21.65,21.66,21.64,2026-08-04 14:49:00,99
2254.0,21.6642,21.65,21.66,21.67,21.65,2026-08-04 14:50:00,66
2028.0,21.6788,21.67,21.68,21.685,21.67,2026-08-04 14:51:00,56
3814.0,21.6495,21.67,21.64,21.67,21.64,2026-08-04 14:52:00,82
1496.048171,21.6353,21.64,21.615,21.64,21.615,2026-08-04 14:53:00,61
3539.0,21.617,21.605,21.64,21.64,21.6,2026-08-04 14:54:00,96
980.0,21.6391,21.64,21.64,21.64,21.63,2026-08-04 14:55:00,31
1284.137669,21.6379,21.64,21.63,21.64,21.63,2026-08-04 14:56:00,39
3574.1807,21.6279,21.64,21.62,21.64,21.61,2026-08-04 14:57:00,70
1610.0,21.6289,21.63,21.63,21.63,21.63,2026-08-04 14:58:00,42
13815.0,21.6117,21.61,21.6295,21.6295,21.605,2026-08-04 14:59:00,237
1656.0,21.629,21.63,21.63,21.63,21.63,2026-08-04 15:00:00,49
3137.0,21.6533,21.635,21.66,21.66,21.635,2026-08-04 15:01:00,84
3199.0,21.6434,21.65,21.64,21.65,21.64,2026-08-04 15:02:00,50
1221.0,21.6427,21.64,21.65,21.65,21.64,2026-08-04 15:03:00,38
3028.8468,21.6706,21.66,21.66,21.67,21.66,2026-08-04 15:04:00,63
21591.0,21.6542,21.66,21.66,21.67,21.63,2026-08-04 15:05:00,119
1839.24,21.6535,21.66,21.65,21.66,21.645,2026-08-04 15:06:00,41
2109.5781,21.6646,21.66,21.665,21.665,21.6513,2026-08-04 15:07:00,65
2423.0,21.6823,21.67,21.7,21.71,21.665,2026-08-04 15:08:00,64
601.6045,21.7152,21.715,21.715,21.715,21.715,2026-08-04 15:09:00,32
5384.0,21.6933,21.71,21.69,21.71,21.69,2026-08-04 15:10:00,98
1277.3731,21.6955,21.69,21.7,21.7,21.69,2026-08-04 15:11:00,39
1595.6087,21.704,21.7,21.695,21.705,21.695,2026-08-04 15:12:00,64
5671.610419,21.6887,21.69,21.69,21.7,21.675,2026-08-04 15:13:00,107
1974.613,21.6936,21.7,21.67,21.7,21.67,2026-08-04 15:14:00,58
1370.1948,21.6881,21.68,21.69,21.69,21.68,2026-08-04 15:15:00,44
1396.0,21.6966,21.69,21.7,21.7,21.69,2026-08-04 15:16:00,46
3174.532453,21.7113,21.71,21.71,21.71,21.705,2026-08-04 15:17:00,70
2877.0,21.7006,21.7,21.71,21.71,21.695,2026-08-04 15:18:00,72
4304.0,21.699,21.7,21.7,21.7,21.695,2026-08-04 15:19:00,82
5169.0,21.6883,21.69,21.69,21.7,21.68,2026-08-04 15:20:00,97
3407.0,21.6974,21.69,21.705,21.71,21.69,2026-08-04 15:21:00,73
11962.0,21.7248,21.715,21.74,21.75,21.705,2026-08-04 15:22:00,139
6611.0,21.7373,21.74,21.74,21.75,21.74,2026-08-04 15:23:00,73
890.1,21.7369,21.7405,21.74,21.7405,21.74,2026-08-04 15:24:00,41
4115.0,21.7469,21.75,21.745,21.755,21.745,2026-08-04 15:25:00,92
3252.0,21.7362,21.74,21.73,21.745,21.73,2026-08-04 15:26:00,100
3965.0,21.7089,21.72,21.69,21.72,21.69,2026-08-04 15:27:00,79
4137.0,21.6897,21.685,21.675,21.7,21.675,2026-08-04 15:28:00,107
1937.0,21.6855,21.675,21.68,21.68,21.675,2026-08-04 15:29:00,61
2191.0,21.6903,21.68,21.69,21.69,21.68,2026-08-04 15:30:00,60
2106.0,21.6953,21.69,21.695,21.7,21.69,2026-08-04 15:31:00,57
2110.0,21.6888,21.69,21.67,21.69,21.67,2026-08-04 15:32:00,65
3641.0,21.6699,21.66,21.65,21.67,21.65,2026-08-04 15:33:00,100
2493.1,21.642,21.632,21.64,21.64,21.63,2026-08-04 15:34:00,54
616.0,21.6518,21.65,21.65,21.65,21.65,2026-08-04 15:35:00,30
2404.0,21.6477,21.65,21.65,21.65,21.64,2026-08-04 15:36:00,74
1097.0,21.6476,21.64,21.645,21.645,21.64,2026-08-04 15:37:00,48
2242.0,21.6695,21.645,21.685,21.69,21.645,2026-08-04 15:38:00,77
5256.0,21.6996,21.7,21.715,21.72,21.7,2026-08-04 15:39:00,82
4034.0,21.7144,21.72,21.715,21.72,21.705,2026-08-04 15:40:00,107
1552.1,21.7147,21.715,21.72,21.72,21.715,2026-08-04 15:41:00,62
6742.1805,21.723,21.715,21.71,21.73,21.71,2026-08-04 15:42:00,149
1668.0,21.7061,21.705,21.71,21.71,21.705,2026-08-04 15:43:00,48
1714.0,21.7003,21.7,21.71,21.71,21.695,2026-08-04 15:44:00,56
991.0,21.7051,21.705,21.7,21.705,21.7,2026-08-04 15:45:00,34
941.0,21.6996,21.7,21.69,21.7,21.69,2026-08-04 15:46:00,43
2026.0,21.6871,21.69,21.685,21.69,21.68,2026-08-04 15:47:00,69
2995.1806,21.6829,21.685,21.68,21.685,21.68,2026-08-04 15:48:00,90
1425.0,21.674,21.67,21.66,21.67,21.66,2026-08-04 15:49:00,55
1869.0,21.6727,21.665,21.675,21.675,21.66,2026-08-04 15:50:00,49
1085.0,21.6814,21.68,21.68,21.68,21.675,2026-08-04 15:51:00,45
1077.0,21.6775,21.675,21.675,21.675,21.675,2026-08-04 15:52:00,34
3314.0,21.6679,21.675,21.65,21.675,21.65,2026-08-04 15:53:00,84
2979.0,21.6571,21.65,21.66,21.66,21.645,2026-08-04 15:54:00,63
1005.0,21.6642,21.66,21.66,21.66,21.66,2026-08-04 15:55:00,28
9832.0988,21.6658,21.665,21.67,21.675,21.66,2026-08-04 15:56:00,124
1187.0,21.6663,21.67,21.67,21.67,21.66,2026-08-04 15:57:00,27
2592.0,21.6704,21.665,21.67,21.6704,21.665,2026-08-04 15:58:00,86
1998.0,21.6715,21.67,21.675,21.675,21.67,2026-08-04 15:59:00,72
5814.0,21.6833,21.675,21.68,21.695,21.675,2026-08-04 16:00:00,99
2558.1662,21.6844,21.68,21.69,21.69,21.68,2026-08-04 16:01:00,72
4685.0,21.6952,21.695,21.685,21.7,21.685,2026-08-04 16:02:00,119
1579.0,21.6809,21.685,21.68,21.685,21.675,2026-08-04 16:03:00,69
2036.0,21.6696,21.675,21.665,21.675,21.66,2026-08-04 16:04:00,72
2714.0,21.6711,21.665,21.68,21.68,21.665,2026-08-04 16:05:00,73
3313.0,21.6815,21.68,21.685,21.685,21.675,2026-08-04 16:06:00,70
1420.0884,21.6889,21.685,21.69,21.69,21.685,2026-08-04 16:07:00,44
4399.0,21.6828,21.69,21.69,21.69,21.675,2026-08-04 16:08:00,77
814.0,21.6846,21.69,21.69,21.69,21.69,2026-08-04 16:09:00,37
2424.34,21.6996,21.69,21.69,21.705,21.69,2026-08-04 16:10:00,62
2347.0,21.6868,21.69,21.68,21.69,21.68,2026-08-04 16:11:00,74
1328.0,21.6803,21.68,21.675,21.68,21.675,2026-08-04 16:12:00,58
2407.0,21.6796,21.675,21.68,21.68,21.675,2026-08-04 16:13:00,73
2631.7263,21.6821,21.67,21.68,21.68,21.67,2026-08-04 16:14:00,72
762.0,21.6759,21.68,21.6701,21.68,21.6701,2026-08-04 16:15:00,34
1484.0,21.6745,21.67,21.67,21.67,21.67,2026-08-04 16:16:00,53
1631.289,21.6734,21.67,21.67,21.67,21.66,2026-08-04 16:17:00,51
2789.0,21.6699,21.67,21.665,21.67,21.665,2026-08-04 16:19:00,64
1828.0,21.6713,21.67,21.67,21.67,21.67,2026-08-04 16:20:00,64
2444.0,21.6749,21.675,21.68,21.68,21.675,2026-08-04 16:21:00,37
3487.308,21.6688,21.67,21.665,21.67,21.66,2026-08-04 16:22:00,74
2795.173102,21.6706,21.665,21.67,21.67,21.665,2026-08-04 16:23:00,65
5582.0,21.6789,21.675,21.675,21.69,21.675,2026-08-04 16:24:00,112
1057.0,21.6757,21.675,21.675,21.675,21.675,2026-08-04 16:25:00,36
2164.0,21.6788,21.675,21.685,21.685,21.675,2026-08-04 16:26:00,53
2847.0,21.6764,21.68,21.68,21.68,21.67,2026-08-04 16:27:00,74
540.0,21.6734,21.6701,21.6701,21.6701,21.6701,2026-08-04 16:28:00,32
1644.0,21.6685,21.67,21.665,21.67,21.66,2026-08-04 16:29:00,59
1757.0,21.6692,21.665,21.67,21.67,21.665,2026-08-04 16:30:00,61
1581.0,21.6696,21.665,21.67,21.67,21.665,2026-08-04 16:31:00,37
1200.0,21.6709,21.675,21.675,21.675,21.675,2026-08-04 16:32:00,30
937.0,21.672,21.675,21.67,21.675,21.67,2026-08-04 16:33:00,28
3176.7213,21.6758,21.67,21.68,21.68,21.665,2026-08-04 16:34:00,86
896.46113,21.6884,21.68,21.68,21.68,21.68,2026-08-04 16:35:00,39
1883.4415,21.6895,21.685,21.69,21.69,21.685,2026-08-04 16:36:00,54
3991.0,21.6829,21.69,21.68,21.69,21.68,2026-08-04 16:37:00,75
858.558,21.6908,21.675,21.675,21.675,21.675,2026-08-04 16:38:00,53
3920.0,21.6734,21.675,21.675,21.675,21.67,2026-08-04 16:39:00,41
4643.0,21.6643,21.67,21.65,21.67,21.65,2026-08-04 16:40:00,108
4497.0,21.6233,21.64,21.62,21.64,21.6,2026-08-04 16:41:00,84
1099.2102,21.6291,21.6175,21.615,21.6175,21.615,2026-08-04 16:42:00,32
2346.0,21.6125,21.6109,21.605,21.6109,21.605,2026-08-04 16:43:00,52
2227.0,21.6153,21.61,21.61,21.61,21.61,2026-08-04 16:44:00,62
1978.0,21.6197,21.61,21.62,21.62,21.61,2026-08-04 16:45:00,52
2059.0,21.6194,21.6178,21.615,21.6178,21.6101,2026-08-04 16:46:00,35
16018.0,21.6497,21.61,21.7,21.7,21.61,2026-08-04 16:47:00,221
3260.0,21.6989,21.7,21.725,21.725,21.695,2026-08-04 16:48:00,76
975.0,21.709,21.72,21.72,21.72,21.71,2026-08-04 16:49:00,41
1631.0,21.6996,21.71,21.71,21.71,21.71,2026-08-04 16:50:00,41
1341.84002,21.707,21.71,21.72,21.72,21.71,2026-08-04 16:51:00,40
1842.0,21.7058,21.72,21.715,21.72,21.715,2026-08-04 16:52:00,60
1042.0,21.7112,21.715,21.71,21.715,21.71,2026-08-04 16:53:00,45
4786.0,21.6985,21.71,21.685,21.71,21.685,2026-08-04 16:54:00,91
700.0,21.6832,21.705,21.69,21.705,21.69,2026-08-04 16:55:00,28
2949.0,21.7039,21.7,21.71,21.71,21.7,2026-08-04 16:56:00,67
1291.0,21.7167,21.72,21.725,21.725,21.72,2026-08-04 16:57:00,42
4644.0,21.7172,21.72,21.735,21.735,21.71,2026-08-04 16:58:00,100
1596.46007,21.7328,21.73,21.73,21.73,21.72,2026-08-04 16:59:00,65
3286.0,21.739,21.73,21.745,21.75,21.73,2026-08-04 17:00:00,79
910.0,21.7371,21.75,21.75,21.75,21.75,2026-08-04 17:01:00,35
2263.73113,21.7625,21.75,21.75,21.765,21.75,2026-08-04 17:02:00,66
2943.109,21.7431,21.74,21.74,21.75,21.735,2026-08-04 17:03:00,67
859.0,21.7405,21.74,21.74,21.74,21.74,2026-08-04 17:04:00,31
2269.0,21.7567,21.75,21.775,21.775,21.75,2026-08-04 17:05:00,67
1282.0,21.7587,21.77,21.75,21.77,21.75,2026-08-04 17:06:00,49
4010.0,21.773,21.76,21.8,21.8,21.76,2026-08-04 17:07:00,93
796.59221,21.8033,21.8,21.79,21.8,21.79,2026-08-04 17:08:00,36
1133.0,21.7903,21.8,21.8,21.8,21.8,2026-08-04 17:09:00,53
1207.3595,21.7934,21.8,21.78,21.8,21.78,2026-08-04 17:10:00,49
1323.0,21.7889,21.79,21.795,21.795,21.79,2026-08-04 17:11:00,43
1294.0,21.7852,21.79,21.79,21.79,21.785,2026-08-04 17:12:00,59
705.0,21.7852,21.79,21.79,21.79,21.79,2026-08-04 17:13:00,49
2768.2155,21.8045,21.78,21.83,21.83,21.78,2026-08-04 17:14:00,94
2246.1795,21.8262,21.84,21.82,21.84,21.82,2026-08-04 17:15:00,54
16622.0,21.8145,21.825,21.79,21.825,21.79,2026-08-04 17:16:00,152
3040.91244,21.797,21.79,21.78,21.79,21.78,2026-08-04 17:17:00,55
1288.44254,21.8025,21.79,21.8,21.8,21.79,2026-08-04 17:18:00,44
1989.7282,21.7973,21.7912,21.78,21.7912,21.78,2026-08-04 17:19:00,43
5349.0,21.7811,21.79,21.77,21.79,21.765,2026-08-04 17:20:00,118
961.13715,21.7823,21.77,21.78,21.78,21.77,2026-08-04 17:21:00,24
1232.0,21.7778,21.77,21.775,21.775,21.77,2026-08-04 17:22:00,32
702.0,21.7753,21.775,21.775,21.775,21.775,2026-08-04 17:23:00,32
2677.0,21.7704,21.77,21.765,21.77,21.765,2026-08-04 17:24:00,69
1895.0,21.7705,21.765,21.78,21.78,21.765,2026-08-04 17:25:00,56
2820.0,21.7763,21.78,21.77,21.78,21.77,2026-08-04 17:26:00,55
755.8766,21.7939,21.765,21.765,21.765,21.765,2026-08-04 17:27:00,41
2735.0,21.761,21.765,21.75,21.765,21.75,2026-08-04 17:28:00,90
5971.0,21.7354,21.745,21.72,21.745,21.71,2026-08-04 17:29:00,123
4397.0,21.7258,21.72,21.725,21.73,21.705,2026-08-04 17:30:00,104
1436.1798,21.7332,21.72,21.72,21.72,21.72,2026-08-04 17:31:00,41
4485.0,21.7385,21.72,21.76,21.76,21.72,2026-08-04 17:32:00,77
873.0,21.7513,21.75,21.75,21.75,21.75,2026-08-04 17:33:00,60
3163.0,21.7505,21.745,21.75,21.76,21.745,2026-08-04 17:34:00,69
1458.0,21.7466,21.74,21.75,21.75,21.74,2026-08-04 17:35:00,38
4601.0,21.7647,21.765,21.7611,21.77,21.76,2026-08-04 17:36:00,90
1898.0,21.7671,21.765,21.77,21.77,21.765,2026-08-04 17:37:00,51
1001.0,21.7641,21.77,21.77,21.77,21.77,2026-08-04 17:38:00,30
1199.0,21.7767,21.78,21.78,21.785,21.78,2026-08-04 17:39:00,45
6923.0,21.7729,21.77,21.78,21.78,21.765,2026-08-04 17:40:00,126
1180.0,21.7755,21.78,21.78,21.78,21.78,2026-08-04 17:41:00,30
4088.0,21.7802,21.78,21.775,21.79,21.775,2026-08-04 17:42:00,102
24619.238,21.8216,21.78,21.84,21.85,21.7699,2026-08-04 17:43:00,231
4654.136,21.8889,21.88,21.9,21.91,21.88,2026-08-04 17:44:00,86
3616.354285,21.8771,21.89,21.87,21.89,21.87,2026-08-04 17:45:00,75
1339.0,21.8523,21.87,21.83,21.87,21.83,2026-08-04 17:46:00,37
2054.0,21.8362,21.85,21.83,21.85,21.83,2026-08-04 17:47:00,46
2833.0,21.8245,21.83,21.815,21.83,21.815,2026-08-04 17:48:00,59
7774.0,21.8012,21.805,21.78,21.815,21.78,2026-08-04 17:49:00,130
1860.0,21.7879,21.78,21.78,21.78,21.78,2026-08-04 17:50:00,60
2566.581,21.7874,21.78,21.78,21.78,21.775,2026-08-04 17:51:00,76
1238.031653,21.7945,21.785,21.79,21.79,21.785,2026-08-04 17:52:00,46
3468.0,21.7915,21.795,21.77,21.8,21.77,2026-08-04 17:53:00,100
919.6608,21.7963,21.77,21.77,21.77,21.77,2026-08-04 17:54:00,36
2128.0,21.7729,21.765,21.765,21.765,21.76,2026-08-04 17:55:00,61
2652.0,21.776,21.765,21.765,21.77,21.765,2026-08-04 17:56:00,64
4300.448,21.7713,21.765,21.77,21.77,21.765,2026-08-04 17:57:00,104
1132.0,21.774,21.77,21.77,21.77,21.77,2026-08-04 17:58:00,39
1259.0,21.773,21.77,21.7712,21.775,21.77,2026-08-04 17:59:00,36
6474.0,21.7776,21.775,21.775,21.78,21.775,2026-08-04 18:00:00,135
2643.0,21.7726,21.78,21.77,21.78,21.77,2026-08-04 18:01:00,68
2901.91833,21.7708,21.765,21.76,21.765,21.76,2026-08-04 18:02:00,51
2338.09597,21.7628,21.765,21.755,21.77,21.755,2026-08-04 18:03:00,65
5020.0,21.7771,21.755,21.79,21.79,21.755,2026-08-04 18:04:00,120
5381.4212,21.8039,21.8,21.79,21.81,21.79,2026-08-04 18:05:00,119
4214.0,21.797,21.8,21.795,21.805,21.795,2026-08-04 18:06:00,80
3969.0,21.7843,21.79,21.78,21.79,21.775,2026-08-04 18:07:00,106
1548.04593,21.7724,21.77,21.765,21.77,21.765,2026-08-04 18:08:00,62
1744.835414,21.7708,21.76,21.755,21.76,21.755,2026-08-04 18:09:00,68
2773.0,21.7672,21.76,21.765,21.77,21.76,2026-08-04 18:10:00,70
4832.0,21.7791,21.77,21.795,21.795,21.77,2026-08-04 18:11:00,110
2612.0,21.7877,21.79,21.79,21.79,21.785,2026-08-04 18:12:00,60
2425.0,21.7894,21.79,21.785,21.79,21.785,2026-08-04 18:13:00,65
1421.0,21.7869,21.785,21.79,21.79,21.781,2026-08-04 18:14:00,42
5577.2157,21.7932,21.795,21.79,21.8,21.785,2026-08-04 18:15:00,113
18023.0,21.7823,21.8,21.785,21.8,21.76,2026-08-04 18:16:00,175
4570.0,21.7787,21.79,21.76,21.79,21.76,2026-08-04 18:17:00,96
842.0,21.7634,21.755,21.755,21.755,21.755,2026-08-04 18:18:00,34
3144.0,21.7585,21.75,21.755,21.76,21.75,2026-08-04 18:19:00,108
3150.0,21.7607,21.755,21.76,21.76,21.755,2026-08-04 18:20:00,68
3611.0,21.7631,21.76,21.77,21.77,21.755,2026-08-04 18:21:00,58
1301.0,21.7757,21.7775,21.7797,21.7797,21.7775,2026-08-04 18:22:00,27
66594.0,21.7975,21.775,21.77,21.775,21.76,2026-08-04 18:23:00,106
19310.0,21.7945,21.765,21.78,21.78,21.76,2026-08-04 18:24:00,113
5349.0,21.7783,21.775,21.78,21.785,21.775,2026-08-04 18:25:00,123
5348.0,21.7891,21.79,21.785,21.8,21.785,2026-08-04 18:26:00,121
2644.0,21.7766,21.785,21.775,21.785,21.77,2026-08-04 18:27:00,57
5109.0,21.7892,21.78,21.785,21.8,21.78,2026-08-04 18:28:00,113
2311.0,21.7851,21.785,21.79,21.79,21.785,2026-08-04 18:29:00,57
3460.0,21.7827,21.79,21.7712,21.79,21.7712,2026-08-04 18:30:00,74
11947.0,21.7925,21.775,21.81,21.81,21.775,2026-08-04 18:31:00,201
3519.0,21.8067,21.81,21.805,21.81,21.805,2026-08-04 18:32:00,87
1933.7472,21.8154,21.8,21.815,21.815,21.8,2026-08-04 18:33:00,40
1881.0,21.8118,21.8112,21.815,21.815,21.81,2026-08-04 18:34:00,39
3943.0,21.8188,21.815,21.815,21.825,21.815,2026-08-04 18:35:00,86
1431.0,21.8048,21.815,21.815,21.815,21.815,2026-08-04 18:36:00,29
1583.0,21.814,21.815,21.815,21.815,21.815,2026-08-04 18:37:00,42
3666.0,21.8039,21.81,21.8,21.81,21.795,2026-08-04 18:38:00,70
570.0,21.8076,21.805,21.805,21.805,21.805,2026-08-04 18:39:00,24
2947.0,21.8032,21.8,21.8099,21.8099,21.795,2026-08-04 18:40:00,60
4429.0,21.8064,21.805,21.815,21.815,21.805,2026-08-04 18:41:00,66
925.0,21.8115,21.815,21.815,21.82,21.815,2026-08-04 18:42:00,33
4879.0,21.8128,21.82,21.805,21.82,21.805,2026-08-04 18:43:00,82
13839.0,21.8287,21.805,21.83,21.845,21.805,2026-08-04 18:44:00,189
19298.228362,21.8801,21.83,21.9,21.9,21.83,2026-08-04 18:45:00,265
20234.0,21.9088,21.89,21.89,21.92,21.89,2026-08-04 18:46:00,127
5031.0,21.8873,21.89,21.895,21.895,21.88,2026-08-04 18:47:00,47
7244.0,21.8983,21.9,21.9,21.9,21.89,2026-08-04 18:48:00,103
9263.0,21.9066,21.9,21.895,21.92,21.895,2026-08-04 18:49:00,114
3510.0,21.8952,21.895,21.89,21.9,21.89,2026-08-04 18:50:00,67
3626.0,21.8865,21.88,21.89,21.9,21.875,2026-08-04 18:51:00,69
770.0,21.89,21.89,21.89,21.89,21.89,2026-08-04 18:52:00,32
4863.0,21.8712,21.88,21.86,21.88,21.85,2026-08-04 18:53:00,74
2091.0,21.8731,21.86,21.87,21.87,21.86,2026-08-04 18:54:00,56
4471.132156,21.8723,21.865,21.865,21.87,21.865,2026-08-04 18:55:00,99
3193.0,21.8724,21.865,21.88,21.88,21.865,2026-08-04 18:56:00,94
2635.0,21.8814,21.88,21.89,21.89,21.88,2026-08-04 18:57:00,50
1985.0,21.8752,21.88,21.88,21.88,21.865,2026-08-04 18:58:00,60
29929.0,21.8748,21.87,21.87,21.88,21.86,2026-08-04 18:59:00,174
4935.0,21.8768,21.87,21.89,21.89,21.865,2026-08-04 19:00:00,108
4418.0,21.8891,21.89,21.9,21.9,21.88,2026-08-04 19:01:00,75
4971.0,21.9091,21.9,21.92,21.92,21.9,2026-08-04 19:02:00,100
6275.0,21.9055,21.91,21.91,21.91,21.9,2026-08-04 19:03:00,101
6306.0,21.895,21.91,21.875,21.91,21.875,2026-08-04 19:04:00,76
3031.0,21.8828,21.88,21.88,21.88,21.875,2026-08-04 19:05:00,68
3217.0,21.8847,21.885,21.88,21.89,21.88,2026-08-04 19:06:00,58
2077.5795,21.8796,21.87,21.87,21.87,21.87,2026-08-04 19:07:00,56
2271.403869,21.8758,21.87,21.87,21.87,21.86,2026-08-04 19:08:00,53
4268.0,21.8729,21.865,21.865,21.87,21.865,2026-08-04 19:09:00,51
7371.0,21.8663,21.865,21.86,21.875,21.855,2026-08-04 19:10:00,141
2329.0,21.8692,21.86,21.87,21.87,21.86,2026-08-04 19:11:00,88
3271.0,21.872,21.87,21.875,21.88,21.86,2026-08-04 19:12:00,59
5490.0,21.8791,21.87,21.885,21.89,21.87,2026-08-04 19:13:00,95
2786.0,21.8833,21.885,21.895,21.9,21.885,2026-08-04 19:14:00,62
6152.65477,21.8907,21.89,21.895,21.895,21.885,2026-08-04 19:15:00,114
7704.0,21.8907,21.895,21.885,21.9,21.88,2026-08-04 19:16:00,117
3140.7199,21.8899,21.88,21.895,21.895,21.88,2026-08-04 19:17:00,65
3581.1713,21.8895,21.8901,21.88,21.895,21.88,2026-08-04 19:18:00,60
4409.0,21.8871,21.885,21.89,21.89,21.885,2026-08-04 19:19:00,82
2712.1,21.8899,21.895,21.885,21.895,21.885,2026-08-04 19:20:00,69
8507.0,21.8997,21.885,21.9,21.91,21.885,2026-08-04 19:21:00,162
3933.0,21.9034,21.905,21.905,21.91,21.905,2026-08-04 19:22:00,58
8193.0,21.8988,21.9,21.905,21.905,21.89,2026-08-04 19:23:00,116
5112.0123,21.9059,21.905,21.915,21.915,21.905,2026-08-04 19:24:00,101
7078.0,21.9207,21.91,21.935,21.935,21.91,2026-08-04 19:25:00,152
5979.0164,21.9275,21.935,21.93,21.94,21.925,2026-08-04 19:26:00,99
3397.0,21.9255,21.93,21.93,21.93,21.925,2026-08-04 19:27:00,79
6302.0,21.924,21.93,21.915,21.93,21.915,2026-08-04 19:28:00,108
6610.45625,21.9208,21.9199,21.93,21.93,21.915,2026-08-04 19:29:00,120
9298.0145,21.9569,21.94,21.965,21.98,21.94,2026-08-04 19:30:00,143
8672.18363,21.96,21.97,21.95,21.97,21.95,2026-08-04 19:31:00,135
2587.0,21.9541,21.955,21.955,21.96,21.95,2026-08-04 19:32:00,56
12878.0,21.9454,21.95,21.955,21.955,21.935,2026-08-04 19:33:00,206
11743.0,21.9448,21.95,21.935,21.95,21.935,2026-08-04 19:34:00,122
6655.0,21.9353,21.93,21.945,21.945,21.925,2026-08-04 19:35:00,119
7435.0,21.9402,21.945,21.955,21.955,21.935,2026-08-04 19:36:00,121
5935.0,21.9636,21.96,21.97,21.97,21.955,2026-08-04 19:37:00,126
8723.0,21.9672,21.965,21.98,21.98,21.965,2026-08-04 19:38:00,144
15165.0,21.9706,21.985,21.945,21.99,21.945,2026-08-04 19:39:00,233
9662.0,21.9558,21.945,21.955,21.97,21.94,2026-08-04 19:40:00,186
8271.0,21.9638,21.955,21.98,21.98,21.955,2026-08-04 19:41:00,160
10010.0,21.9785,21.985,21.985,21.99,21.975,2026-08-04 19:42:00,142
13042.107252,21.9913,21.985,22.01,22.01,21.985,2026-08-04 19:43:00,136
12265.0,21.9947,22.005,21.985,22.005,21.985,2026-08-04 19:44:00,149
7456.0,21.9868,21.99,21.995,21.995,21.985,2026-08-04 19:45:00,97
9583.0,22.0155,21.995,22.025,22.03,21.995,2026-08-04 19:46:00,133
23137.45537,21.9894,22.025,21.955,22.025,21.955,2026-08-04 19:47:00,259
8075.0,21.9531,21.955,21.955,21.955,21.94,2026-08-04 19:48:00,138
15854.0,21.9537,21.955,21.94,21.96,21.935,2026-08-04 19:49:00,221
12581.0,21.9313,21.93,21.925,21.93,21.915,2026-08-04 19:50:00,219
12387.0,21.9346,21.925,21.94,21.94,21.925,2026-08-04 19:51:00,201
10807.81312,21.9346,21.935,21.925,21.935,21.925,2026-08-04 19:52:00,149
20865.338836,21.9234,21.92,21.895,21.94,21.89,2026-08-04 19:53:00,315
22075.407799,21.8951,21.895,21.865,21.9,21.865,2026-08-04 19:54:00,287
53407.0,21.857,21.87,21.84,21.885,21.8305,2026-08-04 19:55:00,636
37327.0,21.8537,21.85,21.88,21.88,21.825,2026-08-04 19:56:00,492
42612.0,21.8899,21.875,21.875,21.91,21.875,2026-08-04 19:57:00,565
78991.0,21.8845,21.875,21.905,21.905,21.875,2026-08-04 19:58:00,877
183364.0,21.8827,21.905,21.87,21.91,21.86,2026-08-04 19:59:00,2140
13129.710414,21.8912,21.89,21.89,21.89,21.89,2026-08-04 20:00:00,37
477.0,21.95,21.95,21.95,21.95,21.95,2026-08-04 20:01:00,3
192.0,21.95,21.95,21.95,21.95,21.95,2026-08-04 20:02:00,2
100.0,22.0365,22.0365,22.0365,22.0365,22.0365,2026-08-04 21:16:00,1
100.0,21.5779,21.5779,21.5779,21.5779,21.5779,2026-08-05 10:30:00,1
246.0,22.0054,21.9732,22.04,22.04,21.9732,2026-08-05 11:00:00,3
500.0,22.06,22.06,22.06,22.06,22.06,2026-08-05 11:07:00,20
516.0,21.9845,21.96,21.96,22.02,21.96,2026-08-05 11:32:00,6
114.0,22.18,22.18,22.18,22.18,22.18,2026-08-05 12:22:00,1
225.0,22.2004,22.19,22.21,22.21,22.19,2026-08-05 12:54:00,3
1951.0,22.2091,22.21,22.21,22.21,22.21,2026-08-05 13:07:00,6
18930.935259,21.9127,21.91,21.895,21.985,21.86,2026-08-05 13:30:00,40
4370.55454,21.9228,21.93,21.895,21.93,21.895,2026-08-05 13:31:00,28
1939.223113,21.8349,21.89,21.814,21.89,21.78,2026-08-05 13:32:00,41
1550.421,21.82,21.765,21.834,21.87,21.76,2026-08-05 13:33:00,26
913.0,21.8126,21.85,21.7808,21.85,21.7808,2026-08-05 13:34:00,13
2994.77756,21.8615,21.829,21.9,21.9,21.829,2026-08-05 13:35:00,39
3862.0,21.9392,21.92,21.93,21.97,21.919,2026-08-05 13:36:00,60
3693.1712,21.9178,21.94,21.86,21.944,21.86,2026-08-05 13:37:00,68
1123.0,21.8805,21.875,21.92,21.92,21.869,2026-08-05 13:38:00,31
2520.636588,21.9317,21.875,21.935,21.939,21.875,2026-08-05 13:39:00,40
4347.0,21.9579,21.95,21.96,21.975,21.94,2026-08-05 13:40:00,66
1656.457356,21.9445,21.96,21.924,21.96,21.924,2026-08-05 13:41:00,35
2551.0059,21.8725,21.89,21.86,21.89,21.855,2026-08-05 13:42:00,54
112.0,21.8635,21.864,21.864,21.864,21.864,2026-08-05 13:43:00,6
750.0,21.8782,21.854,21.87,21.89,21.854,2026-08-05 13:44:00,15
1472.0,21.8983,21.895,21.89,21.905,21.89,2026-08-05 13:45:00,20
9475.0013,21.8367,21.85,21.78,21.8893,21.78,2026-08-05 13:46:00,106
2418.0,21.786,21.7707,21.81,21.81,21.76,2026-08-05 13:47:00,47
3558.0,21.7522,21.805,21.74,21.805,21.73,2026-08-05 13:48:00,48
2337.0,21.7219,21.745,21.685,21.745,21.685,2026-08-05 13:49:00,37
1364.0,21.6991,21.67,21.68,21.68,21.67,2026-08-05 13:50:00,32
7137.0,21.7303,21.69,21.68,21.75,21.68,2026-08-05 13:51:00,115
900.0487,21.7063,21.689,21.7,21.7,21.689,2026-08-05 13:52:00,25
931.0,21.6887,21.704,21.6659,21.704,21.6659,2026-08-05 13:53:00,23
1236.0,21.6654,21.65,21.664,21.67,21.65,2026-08-05 13:54:00,28
3441.0,21.6417,21.67,21.619,21.67,21.61,2026-08-05 13:55:00,68
830.6427,21.6694,21.645,21.644,21.645,21.644,2026-08-05 13:56:00,29
1228.099093,21.6519,21.645,21.644,21.6639,21.644,2026-08-05 13:57:00,19
3288.0,21.629,21.645,21.63,21.645,21.62,2026-08-05 13:58:00,46
1622.0027,21.6352,21.635,21.6168,21.6526,21.6168,2026-08-05 13:59:00,33
3900.0,21.6654,21.65,21.67,21.68,21.65,2026-08-05 14:00:00,65
1981.0,21.6585,21.669,21.66,21.669,21.65,2026-08-05 14:01:00,39
1667.40665,21.6715,21.66,21.67,21.67,21.66,2026-08-05 14:02:00,42
5430.00184,21.7266,21.68,21.765,21.765,21.68,2026-08-05 14:03:00,85
4875.0,21.6964,21.75,21.68,21.75,21.645,2026-08-05 14:04:00,95
3595.0,21.7007,21.69,21.67,21.72,21.665,2026-08-05 14:05:00,43
3445.0,21.6628,21.665,21.66,21.685,21.65,2026-08-05 14:06:00,39
2117.2789,21.6434,21.65,21.62,21.66,21.62,2026-08-05 14:07:00,43
3433.1748,21.6164,21.62,21.63,21.64,21.6,2026-08-05 14:08:00,63
2212.894,21.6253,21.63,21.6,21.63,21.6,2026-08-05 14:09:00,49
1533.0,21.6387,21.62,21.65,21.65,21.62,2026-08-05 14:10:00,40
1637.7003,21.6554,21.645,21.66,21.66,21.64,2026-08-05 14:11:00,36
3954.0,21.6605,21.665,21.67,21.68,21.645,2026-08-05 14:12:00,75
2559.0,21.6642,21.66,21.675,21.68,21.66,2026-08-05 14:13:00,70
3068.63882,21.7025,21.68,21.706,21.71,21.68,2026-08-05 14:14:00,62
1915.1,21.6971,21.7,21.71,21.71,21.7,2026-08-05 14:15:00,33
6686.0,21.704,21.715,21.7,21.72,21.69,2026-08-05 14:16:00,106
1505.0,21.7027,21.7,21.72,21.72,21.695,2026-08-05 14:17:00,57
1067.233821,21.7016,21.7,21.69,21.7,21.69,2026-08-05 14:18:00,37
1502.773332,21.6844,21.66,21.65,21.66,21.65,2026-08-05 14:19:00,47
927.6031,21.7056,21.69,21.69,21.7,21.69,2026-08-05 14:20:00,32
1273.0,21.6898,21.69,21.68,21.69,21.68,2026-08-05 14:21:00,33
1356.0,21.7051,21.7,21.71,21.71,21.7,2026-08-05 14:22:00,43
611.0,21.7081,21.71,21.71,21.71,21.71,2026-08-05 14:23:00,28
4045.0,21.7078,21.715,21.69,21.72,21.69,2026-08-05 14:24:00,76
9822.0005,21.6989,21.7,21.67,21.71,21.67,2026-08-05 14:25:00,100
1549.0,21.7136,21.71,21.725,21.725,21.71,2026-08-05 14:26:00,32
3331.0,21.7216,21.711,21.73,21.74,21.71,2026-08-05 14:27:00,69
3792.0,21.7205,21.72,21.7,21.73,21.7,2026-08-05 14:28:00,49
3958.0,21.7112,21.71,21.71,21.72,21.7,2026-08-05 14:29:00,66
3554.0,21.7124,21.7,21.72,21.72,21.7,2026-08-05 14:30:00,62
1966.0,21.7084,21.72,21.69,21.72,21.69,2026-08-05 14:31:00,43
3964.0,21.7344,21.7,21.765,21.77,21.7,2026-08-05 14:32:00,67
5782.49,21.7751,21.76,21.785,21.79,21.755,2026-08-05 14:33:00,108
2636.0,21.7844,21.78,21.765,21.7999,21.765,2026-08-05 14:34:00,54
4271.0,21.7508,21.75,21.74,21.76,21.74,2026-08-05 14:35:00,63
1439.0,21.7421,21.74,21.74,21.76,21.73,2026-08-05 14:36:00,41
1935.01123,21.752,21.75,21.75,21.76,21.75,2026-08-05 14:37:00,42
2593.0,21.7524,21.76,21.74,21.76,21.74,2026-08-05 14:38:00,51
2595.0,21.7474,21.74,21.75,21.75,21.74,2026-08-05 14:39:00,49
1806.0,21.7579,21.76,21.75,21.76,21.75,2026-08-05 14:40:00,41
1829.0,21.7534,21.75,21.76,21.76,21.75,2026-08-05 14:41:00,40
3618.0,21.7453,21.76,21.73,21.76,21.725,2026-08-05 14:42:00,59
4464.0,21.7513,21.74,21.75,21.76,21.74,2026-08-05 14:43:00,78
1809.4687,21.7455,21.75,21.73,21.75,21.73,2026-08-05 14:44:00,32
1598.2634,21.7517,21.74,21.75,21.75,21.74,2026-08-05 14:45:00,39
10807.0,21.7614,21.755,21.76,21.77,21.75,2026-08-05 14:46:00,168
1123.0,21.7375,21.74,21.73,21.74,21.73,2026-08-05 14:47:00,32
2383.921022,21.7285,21.73,21.71,21.73,21.71,2026-08-05 14:48:00,45
14423.0,21.6919,21.72,21.69,21.73,21.67,2026-08-05 14:49:00,99
3410.0,21.7064,21.69,21.71,21.71,21.69,2026-08-05 14:50:00,59
1184.0,21.7085,21.705,21.71,21.71,21.705,2026-08-05 14:51:00,35
3657.0001,21.7249,21.72,21.74,21.74,21.71,2026-08-05 14:52:00,100
3204.2847,21.7424,21.75,21.74,21.75,21.73,2026-08-05 14:53:00,69
2230.0,21.7628,21.75,21.78,21.78,21.75,2026-08-05 14:54:00,55
2413.0,21.7783,21.785,21.79,21.79,21.78,2026-08-05 14:55:00,67
5329.0,21.8106,21.805,21.81,21.825,21.805,2026-08-05 14:56:00,99
2823.0,21.7808,21.8,21.76,21.8,21.76,2026-08-05 14:57:00,67
1948.0,21.7525,21.77,21.73,21.77,21.73,2026-08-05 14:58:00,50
3257.0,21.7178,21.72,21.72,21.72,21.705,2026-08-05 14:59:00,67
4559.0,21.7518,21.72,21.77,21.77,21.72,2026-08-05 15:00:00,60
2271.1719,21.7747,21.78,21.755,21.79,21.755,2026-08-05 15:01:00,56
1573.0,21.7513,21.755,21.75,21.755,21.75,2026-08-05 15:02:00,35
1050.25,21.746,21.74,21.74,21.745,21.74,2026-08-05 15:03:00,39
1830.0,21.7578,21.75,21.77,21.77,21.75,2026-08-05 15:04:00,49
1121.0,21.7687,21.78,21.77,21.78,21.77,2026-08-05 15:05:00,28
3780.45932,21.7688,21.78,21.75,21.78,21.75,2026-08-05 15:06:00,53
2461.5799,21.7523,21.76,21.74,21.76,21.74,2026-08-05 15:07:00,55
1359.0,21.734,21.735,21.74,21.74,21.73,2026-08-05 15:08:00,35
2318.0,21.7319,21.74,21.73,21.74,21.72,2026-08-05 15:09:00,48
2118.0,21.7241,21.72,21.73,21.73,21.72,2026-08-05 15:10:00,66
1205.0,21.7316,21.73,21.73,21.73,21.73,2026-08-05 15:11:00,31
2853.0,21.7267,21.73,21.72,21.73,21.72,2026-08-05 15:12:00,47
2501.03361,21.7177,21.71,21.73,21.73,21.71,2026-08-05 15:13:00,59
1538.0,21.7322,21.73,21.74,21.74,21.73,2026-08-05 15:14:00,38
3932.1541,21.715,21.72,21.7,21.72,21.7,2026-08-05 15:15:00,63
3731.0752,21.6924,21.7,21.67,21.7,21.67,2026-08-05 15:16:00,79
3418.008,21.6765,21.66,21.68,21.69,21.66,2026-08-05 15:17:00,76
3731.0,21.6766,21.68,21.69,21.69,21.67,2026-08-05 15:18:00,50
7932.0,21.6677,21.67,21.69,21.69,21.66,2026-08-05 15:19:00,116
2855.0,21.6891,21.69,21.7,21.7,21.685,2026-08-05 15:20:00,77
3753.78099,21.7342,21.71,21.75,21.75,21.71,2026-08-05 15:21:00,89
5641.0,21.7412,21.76,21.73,21.76,21.72,2026-08-05 15:22:00,69
1364.0,21.7279,21.715,21.74,21.74,21.715,2026-08-05 15:23:00,35
2998.0,21.753,21.75,21.77,21.77,21.75,2026-08-05 15:24:00,50
2256.0,21.7545,21.76,21.75,21.76,21.75,2026-08-05 15:25:00,55
4923.0,21.7578,21.74,21.76,21.77,21.74,2026-08-05 15:26:00,121
1931.0,21.7374,21.74,21.74,21.74,21.74,2026-08-05 15:27:00,70
1640.0,21.7405,21.74,21.73,21.75,21.73,2026-08-05 15:28:00,53
801.0,21.7357,21.735,21.735,21.735,21.735,2026-08-05 15:29:00,48
2996.761237,21.7544,21.735,21.76,21.76,21.735,2026-08-05 15:30:00,79
6012.0,21.7428,21.76,21.74,21.76,21.74,2026-08-05 15:31:00,110
17777.0,21.74,21.74,21.735,21.75,21.73,2026-08-05 15:32:00,285
1343.0,21.7342,21.73,21.735,21.735,21.73,2026-08-05 15:33:00,34
15096.0,21.7228,21.735,21.69,21.735,21.69,2026-08-05 15:34:00,250
1250.415913,21.717,21.69,21.69,21.69,21.69,2026-08-05 15:35:00,36
9318.0,21.6917,21.69,21.7,21.7,21.69,2026-08-05 15:36:00,163
6625.0,21.6699,21.685,21.645,21.685,21.645,2026-08-05 15:37:00,96
1240.0,21.6652,21.66,21.66,21.66,21.66,2026-08-05 15:38:00,33
3600.0,21.6534,21.645,21.639,21.645,21.635,2026-08-05 15:39:00,67
1291.0,21.6416,21.63,21.625,21.63,21.625,2026-08-05 15:40:00,51
3833.0,21.6426,21.625,21.65,21.66,21.625,2026-08-05 15:41:00,78
2876.1,21.6461,21.645,21.65,21.65,21.64,2026-08-05 15:42:00,63
1346.03183,21.6655,21.66,21.66,21.66,21.66,2026-08-05 15:43:00,52
1608.0,21.6727,21.67,21.68,21.68,21.67,2026-08-05 15:44:00,48
5605.0,21.6765,21.68,21.67,21.69,21.67,2026-08-05 15:45:00,100
2262.0,21.642,21.66,21.62,21.66,21.62,2026-08-05 15:47:00,60
1320.0,21.6135,21.61,21.605,21.61,21.605,2026-08-05 15:48:00,31
3019.0,21.6045,21.6,21.6,21.6,21.595,2026-08-05 15:49:00,58
4194.0,21.5938,21.5951,21.585,21.5951,21.585,2026-08-05 15:50:00,54
1529.22762,21.5838,21.585,21.57,21.585,21.57,2026-08-05 15:51:00,42
1183.0,21.5707,21.57,21.57,21.57,21.57,2026-08-05 15:52:00,38
1199.9182,21.6099,21.57,21.575,21.575,21.57,2026-08-05 15:53:00,48
1156.0,21.571,21.57,21.56,21.57,21.56,2026-08-05 15:54:00,37
6017.161,21.5618,21.56,21.58,21.58,21.55,2026-08-05 15:55:00,88
5509.169,21.5817,21.57,21.58,21.5899,21.57,2026-08-05 15:56:00,69
512.0,21.5761,21.58,21.58,21.58,21.58,2026-08-05 15:57:00,25
2611.0,21.58,21.58,21.58,21.585,21.58,2026-08-05 15:58:00,66
2262.092,21.5732,21.579,21.565,21.579,21.565,2026-08-05 15:59:00,66
1765.0694,21.5661,21.565,21.56,21.565,21.56,2026-08-05 16:00:00,62
2867.0,21.5648,21.565,21.575,21.575,21.555,2026-08-05 16:01:00,87
4485.2282,21.5792,21.57,21.59,21.59,21.57,2026-08-05 16:02:00,67
1150.0,21.5852,21.59,21.59,21.59,21.59,2026-08-05 16:03:00,38
1159.13885,21.5983,21.6,21.6,21.6,21.6,2026-08-05 16:04:00,30
2279.050052,21.5936,21.6,21.58,21.6,21.58,2026-08-05 16:05:00,55
1231.0,21.5654,21.57,21.56,21.57,21.56,2026-08-05 16:06:00,43
8568.1393,21.5373,21.55,21.53,21.55,21.525,2026-08-05 16:07:00,91
3122.179,21.528,21.52,21.52,21.53,21.52,2026-08-05 16:08:00,72
6182.61953,21.508,21.51,21.51,21.51,21.5,2026-08-05 16:09:00,90
972.0,21.5138,21.515,21.515,21.515,21.515,2026-08-05 16:10:00,36
5729.01787,21.5504,21.52,21.56,21.56,21.52,2026-08-05 16:11:00,113
1830.0143,21.5604,21.565,21.56,21.57,21.56,2026-08-05 16:12:00,51
1656.0,21.5611,21.56,21.575,21.575,21.56,2026-08-05 16:13:00,46
3448.0,21.561,21.57,21.565,21.57,21.56,2026-08-05 16:14:00,52
2666.0,21.5638,21.57,21.56,21.57,21.56,2026-08-05 16:15:00,72
2081.391465,21.5644,21.56,21.56,21.56,21.56,2026-08-05 16:16:00,54
1290.0,21.5532,21.56,21.55,21.56,21.55,2026-08-05 16:17:00,40
2276.0,21.5394,21.54,21.54,21.545,21.53,2026-08-05 16:18:00,59
1351.0,21.553,21.55,21.555,21.56,21.55,2026-08-05 16:19:00,44
1079.0,21.5578,21.555,21.565,21.565,21.555,2026-08-05 16:20:00,33
3536.0,21.5647,21.56,21.58,21.58,21.56,2026-08-05 16:21:00,69
2562.0,21.5806,21.58,21.6,21.6,21.58,2026-08-05 16:22:00,51
9047.0,21.5958,21.59,21.6,21.6,21.58,2026-08-05 16:23:00,92
2704.0,21.6067,21.6,21.605,21.615,21.6,2026-08-05 16:24:00,56
3389.0,21.6055,21.605,21.59,21.615,21.59,2026-08-05 16:25:00,59
2407.0,21.6164,21.6,21.65,21.65,21.6,2026-08-05 16:26:00,58
1984.0,21.6249,21.64,21.61,21.64,21.61,2026-08-05 16:27:00,53
1283.0,21.6121,21.605,21.61,21.625,21.605,2026-08-05 16:28:00,41
1459.0,21.6197,21.62,21.63,21.63,21.62,2026-08-05 16:29:00,37
1338.319351,21.6221,21.62,21.61,21.62,21.61,2026-08-05 16:30:00,42
1233.0,21.6243,21.63,21.635,21.635,21.63,2026-08-05 16:31:00,31
1559.0,21.6059,21.62,21.59,21.62,21.59,2026-08-05 16:32:00,47
1259.0,21.5866,21.59,21.59,21.59,21.59,2026-08-05 16:33:00,38
2999.37951,21.5952,21.59,21.6,21.6,21.59,2026-08-05 16:34:00,78
921.0,21.605,21.6,21.6,21.6,21.6,2026-08-05 16:35:00,20
1043.0,21.601,21.6,21.6,21.6,21.6,2026-08-05 16:36:00,31
990.238,21.5959,21.595,21.59,21.595,21.59,2026-08-05 16:37:00,38
1326.0,21.5807,21.58,21.58,21.58,21.58,2026-08-05 16:38:00,52
1060.0,21.5878,21.58,21.59,21.59,21.58,2026-08-05 16:40:00,31
1091.0463,21.5899,21.59,21.59,21.59,21.59,2026-08-05 16:41:00,52
1571.0,21.5932,21.6,21.59,21.6,21.59,2026-08-05 16:42:00,59
1416.0,21.5866,21.59,21.58,21.59,21.58,2026-08-05 16:43:00,38
2467.0,21.5811,21.58,21.58,21.5801,21.58,2026-08-05 16:44:00,39
1632.6814,21.5976,21.59,21.59,21.59,21.59,2026-08-05 16:45:00,33
2381.0,21.5847,21.58,21.59,21.59,21.575,2026-08-05 16:46:00,65
2810.0,21.5896,21.59,21.59,21.595,21.59,2026-08-05 16:47:00,54
1060.63925,21.6013,21.59,21.59,21.59,21.59,2026-08-05 16:48:00,38
1687.23172,21.584,21.585,21.58,21.585,21.58,2026-08-05 16:49:00,63
1634.07913,21.5921,21.585,21.6,21.6,21.585,2026-08-05 16:50:00,63
2293.1787,21.5966,21.6,21.6,21.6,21.6,2026-08-05 16:51:00,68
2479.04628,21.6013,21.6,21.61,21.61,21.6,2026-08-05 16:52:00,59
3197.0,21.6127,21.615,21.6,21.62,21.6,2026-08-05 16:53:00,60
1793.0,21.5888,21.6,21.58,21.6,21.58,2026-08-05 16:54:00,34
1185.0,21.5665,21.57,21.565,21.57,21.56,2026-08-05 16:55:00,42
2362.0,21.5694,21.57,21.56,21.57,21.56,2026-08-05 16:56:00,39
1156.0,21.5516,21.55,21.55,21.55,21.55,2026-08-05 16:57:00,43
2278.0,21.5641,21.55,21.558,21.56,21.55,2026-08-05 16:58:00,65
2979.0,21.5583,21.56,21.568,21.568,21.55,2026-08-05 16:59:00,70
2680.0,21.5752,21.565,21.58,21.58,21.565,2026-08-05 17:00:00,79
1265.9165,21.5862,21.58,21.57,21.58,21.57,2026-08-05 17:01:00,36
3299.0,21.553,21.56,21.54,21.56,21.54,2026-08-05 17:02:00,54
1821.0,21.5513,21.54,21.555,21.555,21.54,2026-08-05 17:03:00,43
1222.37044,21.5581,21.55,21.545,21.56,21.545,2026-08-05 17:04:00,24
1458.0,21.5517,21.545,21.56,21.56,21.545,2026-08-05 17:05:00,38
1067.0,21.559,21.56,21.565,21.565,21.56,2026-08-05 17:06:00,31
2030.0,21.5559,21.565,21.56,21.565,21.55,2026-08-05 17:07:00,51
1939.0,21.5577,21.56,21.56,21.56,21.56,2026-08-05 17:08:00,26
1591.0,21.5635,21.56,21.56,21.57,21.56,2026-08-05 17:09:00,42
2665.0,21.5664,21.56,21.57,21.57,21.555,2026-08-05 17:10:00,57
4440.0,21.6044,21.59,21.61,21.62,21.59,2026-08-05 17:11:00,78
2072.0,21.5997,21.61,21.61,21.61,21.6,2026-08-05 17:12:00,39
1060.1422,21.6175,21.62,21.62,21.62,21.62,2026-08-05 17:13:00,37
2134.0,21.6331,21.63,21.635,21.64,21.63,2026-08-05 17:14:00,50
2256.0,21.6183,21.63,21.61,21.63,21.61,2026-08-05 17:15:00,53
854.7225,21.6236,21.6,21.61,21.61,21.6,2026-08-05 17:16:00,28
640.45192,21.6321,21.6199,21.6199,21.6199,21.6199,2026-08-05 17:17:00,20
3316.106719,21.5978,21.61,21.59,21.61,21.59,2026-08-05 17:18:00,74
2250.0,21.5835,21.59,21.585,21.59,21.58,2026-08-05 17:19:00,47
3296.05,21.5844,21.57,21.59,21.59,21.57,2026-08-05 17:20:00,58
2368.0,21.5995,21.6,21.6,21.605,21.6,2026-08-05 17:21:00,59
1314.0,21.5906,21.59,21.59,21.59,21.59,2026-08-05 17:22:00,39
745.0,21.5886,21.59,21.5848,21.59,21.5848,2026-08-05 17:23:00,21
2214.0,21.5856,21.58,21.59,21.59,21.58,2026-08-05 17:24:00,56
774.0,21.593,21.59,21.595,21.595,21.59,2026-08-05 17:25:00,19
2239.0,21.5934,21.6,21.59,21.6,21.59,2026-08-05 17:26:00,47
5625.5789,21.6025,21.581,21.61,21.61,21.581,2026-08-05 17:27:00,106
3542.3577,21.6109,21.615,21.61,21.615,21.605,2026-08-05 17:28:00,73
4080.0,21.5961,21.6,21.595,21.61,21.59,2026-08-05 17:29:00,69
1780.0,21.5915,21.59,21.59,21.59,21.58,2026-08-05 17:30:00,39
1945.36345,21.6048,21.595,21.605,21.605,21.595,2026-08-05 17:31:00,53
2753.0,21.5995,21.6,21.6,21.6,21.595,2026-08-05 17:32:00,56
953.0,21.5992,21.59,21.6,21.6,21.59,2026-08-05 17:33:00,35
2791.0,21.6091,21.61,21.61,21.61,21.61,2026-08-05 17:34:00,46
2414.5,21.6249,21.61,21.635,21.635,21.61,2026-08-05 17:35:00,57
1279.0,21.6265,21.63,21.63,21.63,21.63,2026-08-05 17:36:00,36
1742.0,21.6232,21.63,21.62,21.64,21.62,2026-08-05 17:37:00,47
1995.0,21.6068,21.61,21.61,21.61,21.59,2026-08-05 17:38:00,45
580.0,21.6063,21.6,21.6,21.6,21.6,2026-08-05 17:39:00,20
2728.0,21.6056,21.595,21.61,21.61,21.595,2026-08-05 17:40:00,67
819.0,21.609,21.61,21.605,21.61,21.605,2026-08-05 17:41:00,32
2322.0,21.6091,21.605,21.61,21.61,21.605,2026-08-05 17:42:00,61
1562.0,21.6079,21.61,21.61,21.61,21.61,2026-08-05 17:43:00,48
3241.1034,21.615,21.61,21.615,21.615,21.61,2026-08-05 17:44:00,46
2701.0,21.6119,21.61,21.615,21.62,21.61,2026-08-05 17:45:00,47
2140.4407,21.6223,21.61,21.62,21.62,21.61,2026-08-05 17:46:00,47
4463.0,21.6112,21.62,21.62,21.62,21.6,2026-08-05 17:47:00,70
4831.79,21.6353,21.62,21.65,21.65,21.62,2026-08-05 17:48:00,74
2307.0,21.6492,21.65,21.645,21.65,21.645,2026-08-05 17:49:00,20
18795.0,21.6355,21.65,21.628,21.65,21.61,2026-08-05 17:50:00,122
2994.0,21.6287,21.62,21.63,21.64,21.62,2026-08-05 17:51:00,72
1597.0,21.6298,21.64,21.625,21.64,21.625,2026-08-05 17:52:00,44
1892.0,21.6209,21.62,21.615,21.62,21.61,2026-08-05 17:53:00,57
1259.5725,21.6108,21.6,21.6,21.6,21.595,2026-08-05 17:54:00,35
2772.0,21.5911,21.59,21.585,21.59,21.585,2026-08-05 17:55:00,59
2296.0,21.5815,21.58,21.57,21.58,21.57,2026-08-05 17:56:00,38
2537.0,21.5799,21.58,21.575,21.58,21.57,2026-08-05 17:57:00,67
1036.0,21.5825,21.5751,21.575,21.5751,21.575,2026-08-05 17:58:00,27
2279.0,21.5728,21.575,21.565,21.58,21.565,2026-08-05 17:59:00,52
3592.0,21.576,21.57,21.57,21.58,21.57,2026-08-05 18:00:00,85
1086.0,21.5718,21.57,21.57,21.57,21.57,2026-08-05 18:01:00,28
4934.871926,21.586,21.575,21.575,21.59,21.575,2026-08-05 18:02:00,100
3868.0,21.5517,21.565,21.53,21.565,21.53,2026-08-05 18:03:00,62
4043.02131,21.5363,21.53,21.55,21.55,21.53,2026-08-05 18:04:00,50
2628.1,21.5554,21.55,21.56,21.56,21.55,2026-08-05 18:05:00,61
2591.0,21.5652,21.56,21.56,21.575,21.56,2026-08-05 18:06:00,45
2439.0,21.5441,21.55,21.53,21.55,21.53,2026-08-05 18:07:00,47
3538.6184,21.5374,21.54,21.53,21.54,21.52,2026-08-05 18:08:00,48
1961.0,21.5376,21.535,21.545,21.545,21.53,2026-08-05 18:09:00,36
3267.0,21.5398,21.54,21.55,21.55,21.53,2026-08-05 18:10:00,52
561.3956,21.5679,21.56,21.56,21.56,21.56,2026-08-05 18:11:00,29
2860.0,21.5443,21.56,21.54,21.56,21.535,2026-08-05 18:12:00,62
2545.0,21.5381,21.53,21.54,21.545,21.53,2026-08-05 18:13:00,56
1670.0,21.5408,21.545,21.545,21.545,21.53,2026-08-05 18:14:00,36
2062.0,21.5488,21.54,21.55,21.56,21.54,2026-08-05 18:15:00,55
3098.0,21.5589,21.5566,21.565,21.57,21.55,2026-08-05 18:16:00,64
1817.0,21.5446,21.56,21.54,21.56,21.54,2026-08-05 18:17:00,42
1367.14,21.5411,21.54,21.54,21.54,21.54,2026-08-05 18:18:00,29
2203.0,21.533,21.525,21.535,21.535,21.525,2026-08-05 18:19:00,46
2520.596,21.5517,21.545,21.55,21.55,21.54,2026-08-05 18:20:00,57
1993.0,21.5509,21.56,21.55,21.56,21.545,2026-08-05 18:21:00,34
2065.0,21.5397,21.54,21.535,21.5401,21.535,2026-08-05 18:22:00,49
1738.0,21.5266,21.53,21.52,21.53,21.52,2026-08-05 18:23:00,37
1755.0,21.5238,21.52,21.52,21.52,21.52,2026-08-05 18:24:00,37
1617.363803,21.521,21.52,21.515,21.52,21.51,2026-08-05 18:25:00,39
1940.498883,21.5187,21.515,21.51,21.515,21.51,2026-08-05 18:26:00,49
901.0,21.5122,21.505,21.505,21.505,21.505,2026-08-05 18:27:00,24
4974.0001,21.5052,21.505,21.5,21.51,21.5,2026-08-05 18:28:00,103
2541.0,21.4955,21.5,21.5,21.5,21.485,2026-08-05 18:29:00,69
3448.0,21.5114,21.505,21.52,21.52,21.505,2026-08-05 18:30:00,81
982.0,21.5169,21.52,21.52,21.52,21.52,2026-08-05 18:31:00,31
1881.0,21.5096,21.515,21.505,21.515,21.505,2026-08-05 18:32:00,34
1725.0,21.5001,21.5,21.495,21.5,21.495,2026-08-05 18:33:00,49
5837.0,21.4983,21.495,21.49,21.5,21.49,2026-08-05 18:34:00,107
1305.0,21.494,21.49,21.495,21.495,21.49,2026-08-05 18:35:00,27
2004.5832,21.4971,21.49,21.485,21.49,21.485,2026-08-05 18:36:00,48
1271.0,21.4877,21.485,21.485,21.485,21.485,2026-08-05 18:37:00,23
1737.0,21.4862,21.485,21.485,21.49,21.485,2026-08-05 18:38:00,35
4605.0,21.491,21.485,21.5,21.5,21.485,2026-08-05 18:39:00,90
29791.0,21.5245,21.5,21.56,21.56,21.5,2026-08-05 18:40:00,305
3551.0,21.5545,21.56,21.56,21.56,21.56,2026-08-05 18:41:00,28
1920.0,21.5541,21.565,21.555,21.565,21.555,2026-08-05 18:42:00,32
943.0,21.5455,21.555,21.555,21.555,21.555,2026-08-05 18:43:00,26
3154.0,21.5644,21.56,21.57,21.57,21.56,2026-08-05 18:44:00,60
1725.0,21.5592,21.57,21.57,21.57,21.5603,2026-08-05 18:45:00,25
1200.0,21.56,21.565,21.565,21.565,21.565,2026-08-05 18:46:00,41
1599.0,21.5597,21.56,21.56,21.56,21.56,2026-08-05 18:47:00,36
5713.0,21.5369,21.55,21.515,21.55,21.515,2026-08-05 18:48:00,91
3537.864,21.5317,21.515,21.52,21.53,21.515,2026-08-05 18:49:00,42
4695.0,21.5203,21.52,21.52,21.52,21.52,2026-08-05 18:50:00,38
4425.046468,21.522,21.515,21.52,21.525,21.515,2026-08-05 18:51:00,91
1571.92913,21.5326,21.52,21.52,21.52,21.515,2026-08-05 18:52:00,57
3217.0,21.5253,21.52,21.525,21.53,21.52,2026-08-05 18:53:00,48
1995.0,21.526,21.525,21.535,21.535,21.525,2026-08-05 18:54:00,34
3732.23512,21.5399,21.54,21.545,21.545,21.535,2026-08-05 18:55:00,65
6631.0,21.5414,21.545,21.535,21.545,21.535,2026-08-05 18:56:00,78
1795.0,21.5358,21.535,21.54,21.54,21.535,2026-08-05 18:57:00,40
2955.09286,21.5384,21.535,21.535,21.54,21.535,2026-08-05 18:58:00,72
4998.0,21.5235,21.535,21.5,21.535,21.5,2026-08-05 18:59:00,95
4775.0,21.5065,21.5,21.5,21.505,21.495,2026-08-05 19:00:00,77
2140.0,21.5149,21.505,21.515,21.52,21.505,2026-08-05 19:01:00,42
3040.0,21.519,21.515,21.52,21.52,21.515,2026-08-05 19:02:00,48
2225.232,21.5219,21.51,21.53,21.54,21.51,2026-08-05 19:03:00,42
2145.0,21.5225,21.52,21.53,21.53,21.52,2026-08-05 19:04:00,56
2080.0,21.5337,21.54,21.54,21.54,21.54,2026-08-05 19:05:00,56
1833.05945,21.5276,21.53,21.525,21.53,21.525,2026-08-05 19:06:00,38
761.0,21.5245,21.525,21.525,21.525,21.525,2026-08-05 19:07:00,18
3525.401781,21.5216,21.52,21.515,21.52,21.515,2026-08-05 19:08:00,67
2304.0,21.5185,21.52,21.52,21.52,21.515,2026-08-05 19:09:00,46
4186.0,21.5293,21.52,21.545,21.55,21.52,2026-08-05 19:10:00,64
8147.0,21.5279,21.54,21.53,21.54,21.515,2026-08-05 19:11:00,108
790.0,21.5266,21.53,21.53,21.53,21.53,2026-08-05 19:12:00,22
7832.0,21.5387,21.53,21.5425,21.55,21.53,2026-08-05 19:13:00,167
5097.0,21.5601,21.55,21.56,21.57,21.55,2026-08-05 19:14:00,76
7354.7188,21.5478,21.555,21.52,21.56,21.52,2026-08-05 19:15:00,110
3847.0,21.524,21.52,21.52,21.52,21.52,2026-08-05 19:16:00,49
909.0,21.5223,21.52,21.52,21.52,21.52,2026-08-05 19:17:00,22
8174.139418,21.5227,21.52,21.53,21.54,21.51,2026-08-05 19:18:00,125
5683.0,21.5067,21.53,21.485,21.53,21.485,2026-08-05 19:19:00,96
8491.617326,21.4922,21.49,21.485,21.5,21.475,2026-08-05 19:20:00,144
11130.1673,21.4561,21.48,21.45,21.485,21.44,2026-08-05 19:21:00,107
4490.0,21.4603,21.45,21.46,21.46,21.445,2026-08-05 19:22:00,80
11662.001,21.4537,21.45,21.45,21.46,21.445,2026-08-05 19:23:00,57
4389.600306,21.4325,21.44,21.425,21.44,21.415,2026-08-05 19:24:00,107
3588.0,21.4282,21.42,21.42,21.42,21.42,2026-08-05 19:25:00,68
11893.331,21.4393,21.43,21.45,21.455,21.43,2026-08-05 19:26:00,155
4665.0,21.4424,21.44,21.43,21.45,21.43,2026-08-05 19:27:00,88
6645.0,21.4371,21.43,21.43,21.45,21.425,2026-08-05 19:28:00,105
6021.0,21.4216,21.42,21.42,21.4299,21.415,2026-08-05 19:29:00,95
3830.0,21.4215,21.42,21.42,21.42,21.42,2026-08-05 19:30:00,64
9418.0,21.3958,21.42,21.3899,21.42,21.37,2026-08-05 19:31:00,167
4102.60581,21.3885,21.385,21.38,21.385,21.38,2026-08-05 19:32:00,73
7243.0,21.3892,21.38,21.39,21.4,21.38,2026-08-05 19:33:00,113
32714.0,21.3963,21.385,21.395,21.41,21.385,2026-08-05 19:34:00,479
14739.0,21.4175,21.395,21.42,21.44,21.395,2026-08-05 19:35:00,205
7140.0,21.405,21.41,21.39,21.41,21.39,2026-08-05 19:36:00,110
3716.0,21.3982,21.39,21.39,21.407,21.39,2026-08-05 19:37:00,68
4746.0,21.4001,21.395,21.405,21.405,21.39,2026-08-05 19:38:00,81
6996.0,21.4075,21.409,21.409,21.41,21.405,2026-08-05 19:39:00,138
9059.101,21.4199,21.405,21.42,21.43,21.405,2026-08-05 19:40:00,144
7581.0,21.4191,21.42,21.42,21.429,21.415,2026-08-05 19:41:00,145
6590.0,21.4228,21.425,21.425,21.435,21.425,2026-08-05 19:42:00,83
7046.02,21.4291,21.425,21.435,21.435,21.425,2026-08-05 19:43:00,118
12104.0,21.4565,21.435,21.47,21.475,21.435,2026-08-05 19:44:00,202
12579.0,21.4842,21.475,21.485,21.5,21.475,2026-08-05 19:45:00,135
8122.000016,21.4773,21.49,21.48,21.49,21.475,2026-08-05 19:46:00,94
3453.0,21.4816,21.48,21.485,21.49,21.48,2026-08-05 19:47:00,41
16694.0,21.4826,21.48,21.47,21.49,21.47,2026-08-05 19:48:00,193
22871.0,21.5024,21.47,21.53,21.54,21.47,2026-08-05 19:49:00,233
9449.0,21.5199,21.5399,21.55,21.55,21.51,2026-08-05 19:50:00,150
12221.25059,21.5461,21.54,21.565,21.569,21.535,2026-08-05 19:51:00,180
19350.774691,21.5525,21.565,21.545,21.565,21.54,2026-08-05 19:52:00,155
18143.906606,21.5611,21.545,21.575,21.58,21.54,2026-08-05 19:53:00,235
12136.0,21.5754,21.575,21.595,21.6,21.57,2026-08-05 19:54:00,147
36690.0,21.5899,21.59,21.59,21.615,21.57,2026-08-05 19:55:00,472
24616.0,21.5929,21.595,21.615,21.615,21.58,2026-08-05 19:56:00,277
41995.23138,21.6106,21.615,21.625,21.635,21.585,2026-08-05 19:57:00,509
53456.01434,21.6146,21.625,21.6,21.63,21.6,2026-08-05 19:58:00,694
138369.0,21.6072,21.6,21.62,21.64,21.58,2026-08-05 19:59:00,1604
12263.146859,21.6303,21.63,21.63,21.63,21.63,2026-08-05 20:00:00,37
500.0,21.5464,21.54,21.54,21.55,21.54,2026-08-05 20:36:00,4
106.0,21.5501,21.55,21.55,21.55,21.55,2026-08-05 21:12:00,3
100.0,21.35,21.35,21.35,21.35,21.35,2026-08-05 21:18:00,1
300.0,21.36,21.36,21.36,21.36,21.36,2026-08-05 21:46:00,1
832.0,21.4175,21.42,21.41,21.42,21.41,2026-08-06 11:05:00,4
280.0,21.41,21.41,21.41,21.41,21.41,2026-08-06 11:23:00,1
2036.0,21.3867,21.43,21.37,21.43,21.37,2026-08-06 11:55:00,7
456.0,21.3695,21.38,21.35,21.38,21.35,2026-08-06 11:59:00,9
492.0,21.4397,21.44,21.44,21.44,21.44,2026-08-06 12:43:00,5
1224.0,21.4267,21.5,21.42,21.5,21.41,2026-08-06 12:55:00,11
269.0,21.3567,21.36,21.35,21.36,21.35,2026-08-06 13:07:00,5
1535.232218,21.3549,21.35,21.33,21.37,21.33,2026-08-06 13:12:00,18
167.0,21.3582,21.36,21.36,21.36,21.36,2026-08-06 13:26:00,2
1026.0,21.3181,21.32,21.31,21.32,21.31,2026-08-06 13:27:00,9
34900.25371,21.2329,21.21,21.415,21.43,21.21,2026-08-06 13:30:00,54
16533.23691,21.1866,21.25,21.38,21.38,21.12,2026-08-06 13:31:00,145
6147.0,21.5386,21.38,21.5899,21.5899,21.38,2026-08-06 13:32:00,50
2005.755895,21.552,21.53,21.565,21.565,21.529,2026-08-06 13:33:00,34
2779.23691,21.5589,21.565,21.55,21.565,21.55,2026-08-06 13:34:00,34
7908.59153,21.54,21.55,21.57,21.57,21.4773,2026-08-06 13:35:00,111
9820.052069,21.48,21.56,21.42,21.595,21.42,2026-08-06 13:36:00,121
2692.0,21.4602,21.4603,21.49,21.49,21.43,2026-08-06 13:37:00,37
3244.0,21.5018,21.489,21.475,21.55,21.475,2026-08-06 13:38:00,63
5150.8,21.4914,21.45,21.47,21.525,21.45,2026-08-06 13:39:00,81
6925.0,21.466,21.44,21.48,21.505,21.42,2026-08-06 13:40:00,92
5170.08021,21.4793,21.48,21.45,21.505,21.45,2026-08-06 13:41:00,77
6450.1,21.492,21.45,21.47,21.5101,21.45,2026-08-06 13:42:00,91
8071.1828,21.4643,21.47,21.44,21.485,21.44,2026-08-06 13:43:00,114
2228.6028,21.417,21.42,21.3944,21.42,21.3944,2026-08-06 13:44:00,53
5002.975631,21.4335,21.41,21.43,21.46,21.41,2026-08-06 13:45:00,93
3781.0728,21.4139,21.4438,21.44,21.4438,21.38,2026-08-06 13:46:00,62
2925.181401,21.4238,21.42,21.43,21.45,21.395,2026-08-06 13:47:00,52
8836.0,21.3911,21.43,21.38,21.43,21.38,2026-08-06 13:48:00,104
1822.0,21.406,21.38,21.42,21.42,21.38,2026-08-06 13:49:00,45
6601.0,21.4701,21.42,21.51,21.52,21.415,2026-08-06 13:50:00,99
11254.0,21.5246,21.51,21.58,21.59,21.49,2026-08-06 13:51:00,201
11567.589118,21.5784,21.59,21.57,21.6,21.5515,2026-08-06 13:52:00,189
6611.3258,21.6022,21.57,21.65,21.65,21.56,2026-08-06 13:53:00,159
2701.0,21.6736,21.66,21.69,21.69,21.66,2026-08-06 13:54:00,73
8599.0,21.6733,21.67,21.695,21.71,21.645,2026-08-06 13:55:00,210
5458.0,21.6753,21.69,21.69,21.695,21.66,2026-08-06 13:56:00,93
7693.0,21.6682,21.685,21.67,21.69,21.65,2026-08-06 13:57:00,160
14128.0,21.6193,21.66,21.58,21.67,21.575,2026-08-06 13:58:00,240
6759.464982,21.5665,21.555,21.58,21.58,21.55,2026-08-06 13:59:00,102
9083.6758,21.6365,21.6,21.63,21.675,21.59,2026-08-06 14:00:00,136
12902.1839,21.6326,21.635,21.61,21.65,21.61,2026-08-06 14:01:00,212
9033.62303,21.6411,21.61,21.655,21.675,21.6,2026-08-06 14:02:00,157
4687.1282,21.6596,21.64,21.68,21.68,21.64,2026-08-06 14:03:00,92
5034.0,21.6712,21.675,21.67,21.68,21.66,2026-08-06 14:04:00,100
5935.4042,21.6802,21.67,21.675,21.695,21.66,2026-08-06 14:05:00,115
8728.0,21.6451,21.675,21.64,21.675,21.63,2026-08-06 14:06:00,137
8116.95,21.6682,21.635,21.69,21.69,21.635,2026-08-06 14:07:00,101
7172.0,21.6489,21.69,21.62,21.69,21.62,2026-08-06 14:08:00,136
6878.0,21.6341,21.63,21.63,21.645,21.62,2026-08-06 14:09:00,117
3199.0,21.6203,21.62,21.64,21.64,21.6,2026-08-06 14:10:00,75
6433.0,21.6099,21.62,21.61,21.63,21.585,2026-08-06 14:11:00,130
7035.0,21.6407,21.62,21.64,21.6563,21.62,2026-08-06 14:12:00,76
4169.282416,21.641,21.65,21.635,21.65,21.63,2026-08-06 14:13:00,91
6034.0,21.6596,21.66,21.66,21.67,21.65,2026-08-06 14:14:00,101
10001.0,21.6549,21.66,21.655,21.67,21.65,2026-08-06 14:15:00,143
6758.18724,21.641,21.655,21.65,21.66,21.62,2026-08-06 14:16:00,106
6072.0,21.6476,21.65,21.635,21.66,21.63,2026-08-06 14:17:00,117
11565.0,21.6077,21.635,21.62,21.635,21.6,2026-08-06 14:18:00,102
9882.976033,21.631,21.625,21.615,21.65,21.61,2026-08-06 14:19:00,154
5829.0,21.6101,21.62,21.59,21.62,21.59,2026-08-06 14:20:00,117
8055.1539,21.6366,21.595,21.66,21.66,21.595,2026-08-06 14:21:00,124
4485.0,21.6501,21.66,21.64,21.668,21.64,2026-08-06 14:22:00,83
11400.23073,21.655,21.64,21.665,21.67,21.63,2026-08-06 14:23:00,178
17714.46151,21.6759,21.662,21.67,21.695,21.662,2026-08-06 14:24:00,166
22846.0,21.7262,21.66,21.805,21.82,21.66,2026-08-06 14:25:00,267
25540.0,21.7837,21.805,21.82,21.82,21.76,2026-08-06 14:26:00,250
69537.22762,21.817,21.82,21.81,21.85,21.781,2026-08-06 14:27:00,691
4650.0,21.8034,21.805,21.8,21.81,21.79,2026-08-06 14:28:00,77
9473.916,21.8103,21.8,21.82,21.825,21.8,2026-08-06 14:29:00,125
11542.0,21.8449,21.825,21.86,21.87,21.825,2026-08-06 14:30:00,149
9702.655,21.8591,21.855,21.88,21.88,21.85,2026-08-06 14:31:00,124
8342.0,21.8981,21.88,21.925,21.93,21.88,2026-08-06 14:32:00,91
21491.0,21.9164,21.92,21.885,21.94,21.885,2026-08-06 14:33:00,343
6854.0,21.9019,21.885,21.92,21.92,21.885,2026-08-06 14:34:00,86
7549.0,21.925,21.92,21.94,21.94,21.91,2026-08-06 14:35:00,87
9265.0,21.9188,21.925,21.915,21.94,21.9,2026-08-06 14:36:00,135
6509.0,21.9259,21.915,21.92,21.94,21.915,2026-08-06 14:37:00,117
7871.0,21.9533,21.93,21.97,21.98,21.93,2026-08-06 14:38:00,116
7299.0,21.9572,21.97,21.97,21.97,21.95,2026-08-06 14:39:00,103
9745.0,21.9811,21.96,21.98,21.99,21.96,2026-08-06 14:40:00,170
6514.0,21.9805,21.98,21.98,21.99,21.98,2026-08-06 14:41:00,107
9654.253614,22.0062,21.98,22.02,22.02,21.98,2026-08-06 14:42:00,117
7730.5519,22.0123,22.025,22.02,22.025,22.01,2026-08-06 14:43:00,112
3716.0,21.9987,22.01,22.01,22.01,22.01,2026-08-06 14:44:00,53
16582.0,21.9996,22.01,21.97,22.01,21.97,2026-08-06 14:45:00,154
14785.223113,22.0337,21.97,22.11,22.11,21.96,2026-08-06 14:46:00,194
52444.0,22.1055,22.12,22.07,22.14,22.065,2026-08-06 14:47:00,490
11560.0,22.1095,22.07,22.13,22.145,22.07,2026-08-06 14:48:00,158
6769.327,22.1128,22.12,22.16,22.16,22.1,2026-08-06 14:49:00,140
6372.0,22.178,22.16,22.18,22.195,22.15,2026-08-06 14:50:00,134
10264.0,22.1476,22.17,22.13,22.17,22.12,2026-08-06 14:51:00,167
14950.0,22.1203,22.13,22.12,22.13,22.11,2026-08-06 14:52:00,200
11884.9131,22.1455,22.12,22.15,22.165,22.12,2026-08-06 14:53:00,182
6575.0,22.1489,22.15,22.16,22.16,22.15,2026-08-06 14:54:00,107
7280.0,22.1951,22.17,22.205,22.21,22.17,2026-08-06 14:55:00,127
5638.15749,22.2165,22.205,22.24,22.24,22.205,2026-08-06 14:56:00,117
8756.847923,22.2411,22.235,22.26,22.26,22.23,2026-08-06 14:57:00,168
18350.0,22.2428,22.26,22.25,22.27,22.24,2026-08-06 14:58:00,204
7910.55,22.2353,22.25,22.235,22.25,22.23,2026-08-06 14:59:00,131
17385.0,22.2748,22.23,22.31,22.31,22.23,2026-08-06 15:00:00,267
45623.0,22.3042,22.33,22.36,22.36,22.28,2026-08-06 15:01:00,365
67396.53527,22.4104,22.36,22.355,22.435,22.345,2026-08-06 15:02:00,640
10047.0,22.3733,22.35,22.405,22.405,22.35,2026-08-06 15:03:00,120
9540.246,22.4121,22.405,22.38,22.43,22.38,2026-08-06 15:04:00,141
37783.7329,22.3816,22.4,22.365,22.42,22.35,2026-08-06 15:05:00,288
32056.0,22.32,22.365,22.29,22.365,22.29,2026-08-06 15:06:00,213
113051.0,22.2751,22.295,22.25,22.33,22.175,2026-08-06 15:07:00,330
4810.0,22.2728,22.26,22.265,22.275,22.255,2026-08-06 15:08:00,80
19953.0,22.3121,22.28,22.36,22.36,22.28,2026-08-06 15:09:00,288
62098.1846,22.2847,22.365,22.205,22.365,22.205,2026-08-06 15:10:00,421
32854.0,22.1947,22.2195,22.22,22.25,22.15,2026-08-06 15:11:00,216
180476.218694,22.1001,22.225,21.97,22.225,21.93,2026-08-06 15:12:00,956
120806.0,21.9911,21.99,22.0,22.045,21.96,2026-08-06 15:13:00,348
118973.7066,22.0185,22.0,22.075,22.08,21.98,2026-08-06 15:14:00,700
65334.269,22.0791,22.075,22.005,22.165,22.0,2026-08-06 15:15:00,350
109824.269581,21.888,22.005,21.735,22.005,21.73,2026-08-06 15:16:00,1062
184801.0,21.7207,21.73,21.58,21.8,21.58,2026-08-06 15:17:00,1186
144875.161538,21.4517,21.575,21.44,21.59,21.31,2026-08-06 15:18:00,1204
109244.806484,21.2207,21.45,21.01,21.5095,20.98,2026-08-06 15:19:00,846
206459.0,21.1149,21.02,21.14,21.25,21.02,2026-08-06 15:20:00,1620
410593.337106,21.0102,21.15,21.01,21.17,20.88,2026-08-06 15:21:00,2138
420646.583728,20.7563,21.01,20.64,21.01,20.57,2026-08-06 15:22:00,2883
501223.295904,20.5493,20.64,20.69,20.79,20.31,2026-08-06 15:23:00,4555
299776.323088,20.8485,20.72,21.1,21.15,20.67,2026-08-06 15:24:00,1840
271993.690356,21.2681,21.095,21.445,21.51,20.9,2026-08-06 15:25:00,2843
142899.232218,21.5956,21.445,21.675,21.78,21.3575,2026-08-06 15:26:00,1119
55032.432525,21.5626,21.68,21.47,21.72,21.43,2026-08-06 15:27:00,452
31477.67234,21.4854,21.55,21.48,21.6,21.4,2026-08-06 15:28:00,273
36736.0,21.5193,21.4725,21.52,21.57,21.43,2026-08-06 15:29:00,320
131271.469128,21.3164,21.55,21.17,21.59,21.1,2026-08-06 15:30:00,1469
73112.0,21.1706,21.17,21.105,21.27,21.01,2026-08-06 15:31:00,646
84290.0,21.0697,21.1,20.94,21.15,20.92,2026-08-06 15:32:00,439
22277.543955,20.9912,20.97,20.905,21.09,20.87,2026-08-06 15:33:00,195
67676.0,20.9647,20.95,20.92,21.03,20.87,2026-08-06 15:34:00,339
69882.243324,20.8771,20.88,20.83,20.96,20.8,2026-08-06 15:35:00,369
60790.04806,20.8007,20.815,20.81,20.9,20.74,2026-08-06 15:36:00,533
105645.033075,20.8933,20.805,20.84,20.99,20.76,2026-08-06 15:37:00,733
77692.0,20.8615,20.9,20.91,20.93,20.81,2026-08-06 15:38:00,603
245427.0,20.9066,20.91,20.84,20.97,20.81,2026-08-06 15:39:00,2066
34916.0,20.8809,20.84,20.84,20.9,20.83,2026-08-06 15:40:00,228
107364.304578,20.7076,20.85,20.67,20.87,20.57,2026-08-06 15:41:00,576
95402.678774,20.6287,20.675,20.625,20.695,20.55,2026-08-06 15:42:00,601
20543.9826,20.711,20.65,20.81,20.83,20.65,2026-08-06 15:43:00,196
15524.0,20.8172,20.84,20.835,20.86,20.78,2026-08-06 15:44:00,121
33411.0,20.8591,20.83,20.87,20.885,20.83,2026-08-06 15:45:00,337
33901.246578,20.9526,20.9,20.93,20.99,20.88,2026-08-06 15:46:00,287
111423.0,21.0092,20.93,21.1075,21.12,20.93,2026-08-06 15:47:00,487
19710.241696,21.1492,21.12,21.15,21.19,21.12,2026-08-06 15:48:00,137
42740.978377,21.1815,21.14,21.29,21.29,21.09,2026-08-06 15:49:00,335
60042.187617,21.2979,21.3,21.14,21.34,21.14,2026-08-06 15:50:00,684
2224.379025,21.1288,21.12,21.115,21.13,21.115,2026-08-06 15:51:00,43
61374.0,21.194,21.15,21.19,21.22,21.15,2026-08-06 15:52:00,276
28025.283375,21.097,21.19,21.05,21.19,21.05,2026-08-06 15:53:00,273
4243.0,21.1113,21.09,21.13,21.13,21.085,2026-08-06 15:54:00,74
42890.0,21.1445,21.16,21.09,21.208,21.07,2026-08-06 15:55:00,366
68183.241696,21.0209,21.09,21.021,21.13,20.94,2026-08-06 15:56:00,584
35457.0,21.0336,21.04,20.99,21.06,20.99,2026-08-06 15:57:00,196
42884.0,20.9785,21.01,20.94,21.06,20.91,2026-08-06 15:58:00,397
8407.0,20.9975,20.955,20.99,21.0,20.955,2026-08-06 15:59:00,91
63868.0,21.036,20.99,21.13,21.13,20.99,2026-08-06 16:00:00,219
60877.294626,21.1623,21.13,21.11,21.23,21.07,2026-08-06 16:01:00,532
6323.238342,21.1258,21.12,21.125,21.16,21.11,2026-08-06 16:02:00,130
5716.0,21.1539,21.12,21.17,21.175,21.12,2026-08-06 16:03:00,73
130568.238342,21.0904,21.2,21.02,21.25,21.0,2026-08-06 16:04:00,1103
21335.7251,21.039,21.04,21.04,21.04,21.0,2026-08-06 16:05:00,225
8811.28839,21.0743,21.04,21.135,21.135,21.04,2026-08-06 16:06:00,103
12002.0,21.1252,21.14,21.1039,21.17,21.07,2026-08-06 16:07:00,117
4181.283859,21.0809,21.07,21.08,21.095,21.07,2026-08-06 16:08:00,50
12512.55,21.024,21.08,21.005,21.08,20.93,2026-08-06 16:09:00,227
48126.241696,20.9936,21.005,20.9,21.03,20.9,2026-08-06 16:10:00,412
7919.28386,20.8919,20.9,20.91,20.92,20.85,2026-08-06 16:11:00,115
45080.296602,20.7884,20.91,20.745,20.91,20.72,2026-08-06 16:12:00,496
57761.0,20.7175,20.745,20.67,20.77,20.64,2026-08-06 16:13:00,450
41000.0,20.7009,20.68,20.7,20.77,20.63,2026-08-06 16:14:00,372
63822.0464,20.7506,20.7,20.84,20.85,20.68,2026-08-06 16:15:00,346
76667.0,20.7419,20.83,20.63,20.91,20.62,2026-08-06 16:16:00,672
53079.0,20.6767,20.65,20.71,20.73,20.6405,2026-08-06 16:17:00,306
55776.0,20.6605,20.71,20.7,20.725,20.61,2026-08-06 16:18:00,378
5731.0,20.7187,20.715,20.755,20.76,20.67,2026-08-06 16:19:00,78
24700.0,20.7317,20.75,20.755,20.77,20.685,2026-08-06 16:20:00,169
23726.0,20.7358,20.765,20.72,20.78,20.71,2026-08-06 16:21:00,229
17105.0,20.7499,20.75,20.735,20.81,20.72,2026-08-06 16:22:00,116
3513.059,20.7619,20.75,20.77,20.79,20.75,2026-08-06 16:23:00,68
16179.0,20.6973,20.76,20.655,20.76,20.65,2026-08-06 16:24:00,184
2618.0,20.6717,20.68,20.655,20.68,20.65,2026-08-06 16:25:00,66
5087.0,20.6826,20.67,20.67,20.7,20.665,2026-08-06 16:26:00,78
3695.0,20.69,20.685,20.68,20.7,20.68,2026-08-06 16:27:00,59
30724.0,20.7376,20.72,20.79,20.79,20.72,2026-08-06 16:28:00,143
7337.0,20.7879,20.805,20.81,20.81,20.765,2026-08-06 16:29:00,100
16153.0,20.7909,20.83,20.75,20.83,20.75,2026-08-06 16:30:00,163
11586.0,20.7334,20.7401,20.71,20.8,20.68,2026-08-06 16:31:00,176
34291.0,20.6763,20.705,20.635,20.705,20.635,2026-08-06 16:32:00,168
38733.0,20.6465,20.64,20.645,20.67,20.61,2026-08-06 16:33:00,191
18120.0,20.6394,20.625,20.6,20.665,20.59,2026-08-06 16:34:00,128
97636.25156,20.5214,20.605,20.45,20.615,20.43,2026-08-06 16:35:00,381
41247.0,20.3968,20.48,20.3225,20.49,20.3,2026-08-06 16:36:00,346
43573.256642,20.2284,20.3,20.195,20.3,20.162,2026-08-06 16:37:00,305
15953.839826,20.1583,20.16,20.22,20.22,20.08,2026-08-06 16:38:00,220
24458.046962,20.2033,20.22,20.16,20.25,20.15,2026-08-06 16:39:00,214
60993.808348,20.02,20.14,19.97,20.1499,19.88,2026-08-06 16:40:00,592
26095.034971,20.0039,19.98,20.05,20.05,19.94,2026-08-06 16:41:00,223
34542.512576,20.1062,20.04,20.2,20.22,20.0305,2026-08-06 16:42:00,322
24999.0,20.1906,20.18,20.21,20.25,20.14,2026-08-06 16:43:00,267
12534.0,20.2219,20.23,20.235,20.25,20.18,2026-08-06 16:44:00,162
9093.555962,20.2333,20.235,20.26,20.27,20.235,2026-08-06 16:45:00,103
11030.527203,20.3031,20.28,20.33,20.34,20.28,2026-08-06 16:46:00,136
37748.559006,20.4038,20.35,20.44,20.45,20.35,2026-08-06 16:47:00,255
17271.24437,20.4199,20.46,20.41,20.47,20.4,2026-08-06 16:48:00,203
15502.034251,20.3878,20.405,20.445,20.445,20.36,2026-08-06 16:49:00,204
32590.61419,20.4369,20.445,20.45,20.48,20.41,2026-08-06 16:50:00,313
5628.0,20.4906,20.47,20.505,20.51,20.47,2026-08-06 16:51:00,77
6979.256642,20.5213,20.515,20.57,20.57,20.49,2026-08-06 16:52:00,102
52237.25156,20.6083,20.55,20.725,20.75,20.475,2026-08-06 16:53:00,541
31961.136211,20.7938,20.73,20.8,20.88,20.73,2026-08-06 16:54:00,291
15159.0,20.8287,20.8,20.89,20.89,20.7862,2026-08-06 16:55:00,173
79388.0,20.8019,20.89,20.8,20.89,20.74,2026-08-06 16:56:00,834
29444.11524,20.8746,20.78,20.94,20.98,20.77,2026-08-06 16:57:00,374
17830.246578,20.935,20.94,20.94,20.99,20.89,2026-08-06 16:58:00,206
17016.0,20.914,20.97,20.87,20.97,20.87,2026-08-06 16:59:00,196
2402.0,20.879,20.915,20.86,20.92,20.86,2026-08-06 17:00:00,78
20493.0,20.8469,20.86,20.87,20.875,20.82,2026-08-06 17:01:00,302
27342.353528,20.7524,20.86,20.675,20.86,20.66,2026-08-06 17:02:00,272
9139.0,20.7092,20.695,20.695,20.72,20.67,2026-08-06 17:03:00,90
5716.0,20.684,20.69,20.69,20.695,20.65,2026-08-06 17:04:00,92
9065.37,20.7117,20.68,20.72,20.72,20.67,2026-08-06 17:05:00,109
7670.0,20.7054,20.725,20.67,20.735,20.67,2026-08-06 17:06:00,107
46734.0,20.5811,20.67,20.54,20.67,20.51,2026-08-06 17:07:00,539
7667.37176,20.5014,20.54,20.46,20.58,20.43,2026-08-06 17:08:00,123
3379.0,20.5326,20.5122,20.51,20.54,20.51,2026-08-06 17:09:00,49
7199.24017,20.523,20.52,20.485,20.525,20.48,2026-08-06 17:10:00,82
5791.66217,20.5109,20.485,20.48,20.53,20.48,2026-08-06 17:11:00,112
11657.973171,20.4086,20.46,20.35,20.47,20.34,2026-08-06 17:12:00,145
8207.0,20.3898,20.37,20.4,20.4,20.37,2026-08-06 17:13:00,86
11481.0,20.437,20.36,20.42,20.47,20.36,2026-08-06 17:14:00,125
16340.0,20.428,20.45,20.39,20.45,20.39,2026-08-06 17:15:00,144
5455.0,20.4062,20.42,20.415,20.42,20.38,2026-08-06 17:16:00,59
6831.4934,20.4179,20.44,20.42,20.45,20.39,2026-08-06 17:17:00,92
5283.39875,20.4066,20.42,20.415,20.425,20.39,2026-08-06 17:18:00,67
8978.17687,20.4275,20.4,20.44,20.45,20.395,2026-08-06 17:19:00,119
33375.0,20.4117,20.45,20.34,20.485,20.34,2026-08-06 17:20:00,412
45708.256642,20.3232,20.365,20.405,20.405,20.28,2026-08-06 17:21:00,514
9516.0,20.4124,20.41,20.39,20.43,20.38,2026-08-06 17:22:00,123
7389.0,20.4059,20.395,20.475,20.475,20.38,2026-08-06 17:23:00,104
8989.0,20.4581,20.495,20.455,20.495,20.43,2026-08-06 17:24:00,149
8986.22098,20.456,20.47,20.46,20.475,20.44,2026-08-06 17:25:00,136
6412.256642,20.5152,20.475,20.54,20.54,20.475,2026-08-06 17:26:00,88
23393.0,20.5086,20.54,20.48,20.57,20.46,2026-08-06 17:27:00,355
8522.0379,20.5408,20.51,20.565,20.575,20.51,2026-08-06 17:28:00,114
16280.0,20.584,20.57,20.565,20.61,20.55,2026-08-06 17:29:00,117
10194.31972,20.5829,20.565,20.63,20.63,20.55,2026-08-06 17:30:00,173
49044.0,20.6449,20.63,20.665,20.685,20.6,2026-08-06 17:31:00,449
25929.0,20.7031,20.655,20.735,20.735,20.655,2026-08-06 17:32:00,180
45979.25156,20.7345,20.735,20.735,20.76,20.69,2026-08-06 17:33:00,442
53902.0,20.7742,20.75,20.775,20.8,20.74,2026-08-06 17:34:00,510
14290.0,20.8383,20.79,20.835,20.88,20.79,2026-08-06 17:35:00,198
14922.0,20.8368,20.84,20.82,20.85,20.82,2026-08-06 17:36:00,140
8812.360769,20.84,20.86,20.775,20.9,20.775,2026-08-06 17:37:00,122
2435.0,20.8016,20.78,20.83,20.83,20.78,2026-08-06 17:38:00,40
12778.0,20.8292,20.83,20.84,20.855,20.81,2026-08-06 17:39:00,205
4764.0,20.824,20.845,20.84,20.85,20.84,2026-08-06 17:40:00,66
3555.0,20.8418,20.845,20.85,20.855,20.84,2026-08-06 17:41:00,97
22716.18483,20.8819,20.855,20.88,20.9,20.855,2026-08-06 17:42:00,237
110634.0,20.8942,20.88,20.875,20.91,20.86,2026-08-06 17:43:00,524
21881.0,20.8462,20.87,20.91,20.91,20.83,2026-08-06 17:44:00,153
5330.12434,20.9163,20.895,20.93,20.94,20.895,2026-08-06 17:45:00,85
26344.570578,20.9634,20.95,21.02,21.02,20.93,2026-08-06 17:46:00,256
87576.23377,21.0333,21.03,20.99,21.08,20.99,2026-08-06 17:47:00,801
12011.1107,21.0167,20.99,21.045,21.06,20.99,2026-08-06 17:48:00,166
64151.241696,21.1313,21.07,21.16,21.17,21.06,2026-08-06 17:49:00,595
31385.0,21.1133,21.13,21.1,21.155,21.075,2026-08-06 17:50:00,399
8047.73484,21.0964,21.1,21.095,21.115,21.0701,2026-08-06 17:51:00,92
28729.171306,21.0968,21.1,21.04,21.14,21.04,2026-08-06 17:52:00,290
13577.32244,21.042,21.035,21.035,21.05,21.03,2026-08-06 17:53:00,191
8011.0,21.1,21.04,21.1,21.135,21.04,2026-08-06 17:54:00,168
44025.0,21.0079,21.1,20.98,21.1,20.96,2026-08-06 17:55:00,603
82301.0,20.9949,21.0,20.935,21.06,20.935,2026-08-06 17:56:00,552
14408.241696,20.9081,20.935,20.87,20.95,20.84,2026-08-06 17:57:00,166
22735.0,20.8886,20.87,20.85,20.905,20.84,2026-08-06 17:58:00,251
16670.0,20.8596,20.85,20.83,20.87,20.83,2026-08-06 17:59:00,213
14642.0,20.9012,20.845,20.9,20.925,20.845,2026-08-06 18:00:00,167
7760.0,20.9553,20.91,20.97,20.97,20.91,2026-08-06 18:01:00,92
121767.05362,20.9942,20.975,20.95,21.025,20.935,2026-08-06 18:02:00,406
42228.0,20.9852,20.975,20.98,21.0,20.97,2026-08-06 18:03:00,222
29440.525288,20.9988,20.97,21.055,21.055,20.925,2026-08-06 18:04:00,158
42131.0,20.9726,21.07,20.87,21.07,20.85,2026-08-06 18:05:00,294
49065.0,20.7928,20.9,20.8,20.9,20.73,2026-08-06 18:06:00,447
14129.4971,20.8634,20.82,20.93,20.93,20.82,2026-08-06 18:07:00,153
7924.0,20.8875,20.905,20.895,20.91,20.875,2026-08-06 18:08:00,100
2590.0,20.9195,20.93,20.92,20.93,20.91,2026-08-06 18:09:00,67
46939.5252,20.9802,20.95,20.96,21.0,20.945,2026-08-06 18:10:00,331
40007.8969,20.9774,20.98,20.98,21.0,20.95,2026-08-06 18:11:00,245
6676.0,20.9776,20.98,20.99,21.0,20.96,2026-08-06 18:12:00,93
11783.0,20.9522,20.98,20.93,20.98,20.92,2026-08-06 18:13:00,128
10233.9387,20.9533,20.9499,20.95,20.96,20.9499,2026-08-06 18:14:00,62
11293.0,20.9563,20.96,20.93,20.975,20.92,2026-08-06 18:15:00,131
9431.84811,20.922,20.91,20.935,20.935,20.9,2026-08-06 18:16:00,119
116399.143061,21.0265,20.95,21.1,21.135,20.95,2026-08-06 18:17:00,492
16688.283108,21.0875,21.09,21.055,21.14,21.055,2026-08-06 18:18:00,187
5299.0,21.0441,21.075,21.02,21.08,21.02,2026-08-06 18:19:00,81
32047.0,21.0013,21.02,21.06,21.06,20.96,2026-08-06 18:20:00,362
4572.040122,21.0429,21.04,21.06,21.06,21.04,2026-08-06 18:21:00,58
2224.283108,21.0684,21.07,21.08,21.08,21.06,2026-08-06 18:22:00,50
8531.0,21.0726,21.08,21.08,21.1,21.065,2026-08-06 18:23:00,131
18180.0,21.1026,21.12,21.015,21.155,21.015,2026-08-06 18:24:00,234
33636.0,21.0073,21.0001,21.0456,21.0456,20.99,2026-08-06 18:25:00,271
3513.654889,21.0741,21.05,21.09,21.1,21.05,2026-08-06 18:26:00,56
27118.0,21.0995,21.09,21.089,21.13,21.05,2026-08-06 18:27:00,286
60742.0,21.0676,21.09,21.12,21.12,21.05,2026-08-06 18:28:00,418
20460.0,21.1414,21.105,21.135,21.17,21.105,2026-08-06 18:29:00,213
49302.483696,21.1715,21.13,21.18,21.21,21.115,2026-08-06 18:30:00,425
25099.0,21.1594,21.17,21.14,21.2,21.11,2026-08-06 18:31:00,294
28438.0,21.1516,21.16,21.215,21.215,21.13,2026-08-06 18:32:00,147
22431.0,21.2063,21.225,21.2,21.25,21.15,2026-08-06 18:33:00,274
43773.0,21.1386,21.18,21.13,21.18,21.11,2026-08-06 18:34:00,434
10055.0,21.129,21.13,21.2,21.2,21.11,2026-08-06 18:35:00,108
6145.198641,21.1775,21.2,21.18,21.2,21.18,2026-08-06 18:36:00,95
3647.7067,21.2013,21.19,21.2,21.215,21.19,2026-08-06 18:37:00,64
12930.0,21.1844,21.205,21.175,21.205,21.16,2026-08-06 18:38:00,130
7585.0,21.1455,21.175,21.15,21.175,21.11,2026-08-06 18:39:00,125
25190.0,21.1582,21.16,21.12,21.18,21.12,2026-08-06 18:40:00,289
15401.0,21.147,21.12,21.14,21.17,21.12,2026-08-06 18:41:00,102
9289.0,21.1464,21.145,21.12,21.155,21.12,2026-08-06 18:42:00,129
33119.198641,21.0944,21.125,21.075,21.125,21.045,2026-08-06 18:43:00,317
105380.047,21.067,21.1,21.06,21.12,21.04,2026-08-06 18:44:00,768
60238.341696,20.9635,21.07,20.9,21.07,20.88,2026-08-06 18:45:00,585
300565.246578,20.7085,20.9,20.71,20.925,20.53,2026-08-06 18:46:00,3561
67646.16793,20.799,20.74,20.86,20.87,20.71,2026-08-06 18:47:00,649
28403.582,20.8842,20.86,20.885,20.93,20.85,2026-08-06 18:48:00,375
69252.0,20.9179,20.91,20.82,20.96,20.8,2026-08-06 18:49:00,636
198065.25156,20.5921,20.8,20.555,20.8,20.48,2026-08-06 18:50:00,1538
61293.0,20.5461,20.565,20.59,20.62,20.5,2026-08-06 18:51:00,206
14352.0,20.5504,20.575,20.54,20.6,20.51,2026-08-06 18:52:00,160
30196.0,20.6296,20.545,20.69,20.71,20.545,2026-08-06 18:53:00,373
10935.0,20.662,20.69,20.62,20.7,20.61,2026-08-06 18:54:00,153
8509.4827,20.6904,20.645,20.695,20.72,20.62,2026-08-06 18:55:00,131
6959.0,20.6846,20.73,20.7,20.73,20.66,2026-08-06 18:56:00,108
6104.0,20.683,20.7,20.675,20.7,20.67,2026-08-06 18:57:00,109
10417.855782,20.6797,20.69,20.695,20.74,20.63,2026-08-06 18:58:00,167
8222.9053,20.649,20.69,20.6,20.7,20.595,2026-08-06 18:59:00,161
35874.660606,20.7061,20.63,20.75,20.78,20.6,2026-08-06 19:00:00,337
129173.0,20.8629,20.755,20.925,20.95,20.755,2026-08-06 19:01:00,424
175798.25156,20.6553,20.97,20.56,20.97,20.5,2026-08-06 19:02:00,1518
24716.1,20.4893,20.55,20.425,20.55,20.4149,2026-08-06 19:03:00,224
77508.256642,20.3072,20.44,20.23,20.45,20.16,2026-08-06 19:04:00,643
124062.0,20.215,20.24,20.24,20.26,20.15,2026-08-06 19:05:00,891
13084.661199,20.278,20.24,20.24,20.345,20.21,2026-08-06 19:06:00,196
40577.0,20.3241,20.24,20.38,20.4,20.24,2026-08-06 19:07:00,362
36783.76791,20.4489,20.4,20.425,20.54,20.4,2026-08-06 19:08:00,378
10388.413,20.453,20.425,20.525,20.525,20.4,2026-08-06 19:09:00,144
16514.256642,20.5453,20.53,20.58,20.62,20.4901,2026-08-06 19:10:00,221
13572.0,20.533,20.585,20.53,20.585,20.49,2026-08-06 19:11:00,191
6900.636098,20.5619,20.54,20.6,20.61,20.54,2026-08-06 19:12:00,90
34982.0,20.5399,20.61,20.53,20.61,20.5,2026-08-06 19:13:00,454
6195.955,20.5298,20.54,20.545,20.58,20.52,2026-08-06 19:14:00,136
19475.238098,20.5272,20.55,20.55,20.56,20.5,2026-08-06 19:15:00,203
71652.0719,20.4869,20.59,20.49,20.59,20.44,2026-08-06 19:16:00,793
28724.24478,20.4337,20.485,20.42,20.485,20.39,2026-08-06 19:17:00,316
32471.256642,20.3241,20.425,20.32,20.425,20.25,2026-08-06 19:18:00,343
12064.9808,20.3525,20.33,20.37,20.3895,20.32,2026-08-06 19:19:00,170
120535.0,20.3969,20.38,20.43,20.43,20.34,2026-08-06 19:20:00,565
29143.28428,20.4065,20.415,20.35,20.46,20.33,2026-08-06 19:21:00,226
31933.0,20.3718,20.35,20.38,20.4,20.35,2026-08-06 19:22:00,170
30377.0,20.4214,20.39,20.47,20.49,20.37,2026-08-06 19:23:00,248
28326.0,20.4494,20.48,20.47,20.49,20.42,2026-08-06 19:24:00,247
32234.256642,20.51,20.475,20.535,20.54,20.475,2026-08-06 19:25:00,360
22369.0,20.5434,20.535,20.545,20.57,20.51,2026-08-06 19:26:00,267
26085.0,20.5234,20.53,20.54,20.56,20.5,2026-08-06 19:27:00,325
9528.0,20.5456,20.55,20.58,20.58,20.53,2026-08-06 19:28:00,157
102645.4884,20.4778,20.57,20.53,20.57,20.41,2026-08-06 19:29:00,844
32050.0,20.5459,20.54,20.52,20.59,20.5,2026-08-06 19:30:00,391
33048.0,20.5961,20.52,20.6,20.64,20.52,2026-08-06 19:31:00,347
24735.0,20.6104,20.62,20.53,20.66,20.52,2026-08-06 19:32:00,355
63356.974488,20.5198,20.55,20.54,20.58,20.44,2026-08-06 19:33:00,740
17740.01487,20.5166,20.545,20.5,20.56,20.48,2026-08-06 19:34:00,236
10883.0,20.5097,20.51,20.53,20.53,20.49,2026-08-06 19:35:00,192
40736.0,20.521,20.53,20.53,20.55,20.49,2026-08-06 19:36:00,466
11888.156895,20.5096,20.52,20.51,20.52,20.49,2026-08-06 19:37:00,179
70327.0,20.4417,20.51,20.43,20.525,20.41,2026-08-06 19:38:00,832
57172.0,20.4047,20.43,20.39,20.44,20.36,2026-08-06 19:39:00,696
23714.0,20.4301,20.4,20.45,20.47,20.39,2026-08-06 19:40:00,382
72571.0,20.4183,20.44,20.47,20.485,20.325,2026-08-06 19:41:00,713
25848.3413,20.49,20.49,20.5,20.535,20.46,2026-08-06 19:42:00,378
40275.485972,20.5296,20.49,20.56,20.585,20.48,2026-08-06 19:43:00,491
25061.0,20.5404,20.58,20.54,20.58,20.53,2026-08-06 19:44:00,346
56806.901,20.4968,20.53,20.42,20.56,20.39,2026-08-06 19:45:00,579
43453.0,20.4441,20.425,20.41,20.5,20.39,2026-08-06 19:46:00,474
65581.0,20.3909,20.41,20.38,20.435,20.36,2026-08-06 19:47:00,835
28461.1,20.4372,20.38,20.48,20.48,20.37,2026-08-06 19:48:00,404
170140.0,20.5049,20.485,20.51,20.57,20.48,2026-08-06 19:49:00,899
43651.591497,20.4943,20.5,20.48,20.54,20.45,2026-08-06 19:50:00,433
116627.460701,20.549,20.49,20.58,20.62,20.48,2026-08-06 19:51:00,795
47253.0,20.6257,20.58,20.63,20.665,20.58,2026-08-06 19:52:00,511
34199.85548,20.6613,20.62,20.705,20.71,20.62,2026-08-06 19:53:00,471
49478.352241,20.705,20.7,20.72,20.735,20.69,2026-08-06 19:54:00,644
82467.25156,20.709,20.72,20.695,20.745,20.6925,2026-08-06 19:55:00,721
121295.1,20.7028,20.7,20.72,20.74,20.63,2026-08-06 19:56:00,980
168598.0,20.7644,20.72,20.69,20.8,20.68,2026-08-06 19:57:00,1136
141304.2418,20.674,20.695,20.63,20.73,20.625,2026-08-06 19:58:00,1262
268847.0,20.6395,20.625,20.62,20.7,20.6,2026-08-06 19:59:00,1975
16004.025221,20.6613,20.66,20.66,20.66,20.66,2026-08-06 20:00:00,30
4610.0,20.7231,20.55,20.7,20.93,20.55,2026-08-06 20:01:00,15
8525.0,20.6038,20.6,20.59,20.6,20.51,2026-08-06 20:03:00,59
11780.44766,20.498,20.52,20.48,20.52,20.41,2026-08-06 20:04:00,29
10841.0,20.4128,20.49,20.4732,20.49,20.41,2026-08-06 20:05:00,14
26468.0,20.4986,20.48,20.5,20.5,20.43,2026-08-06 20:06:00,24
11327.0,20.4976,20.49,20.5,20.5,20.49,2026-08-06 20:07:00,11
7188.256642,20.1478,20.5,20.18,20.5,20.04,2026-08-06 20:08:00,40
8176.256642,20.4942,20.4361,20.59,20.59,20.2,2026-08-06 20:09:00,21
7342.594877,20.6011,20.6,20.6,20.6,20.59,2026-08-06 20:10:00,14
20749.0,20.7364,20.7,20.89,20.89,20.65,2026-08-06 20:11:00,32
31915.25156,20.8982,20.8781,20.91,20.91,20.8781,2026-08-06 20:12:00,26
13828.246578,21.3382,21.2,22.25,22.25,21.2,2026-08-06 20:13:00,30
9372.478606,22.704,22.72,22.6921,22.8,22.5,2026-08-06 20:14:00,27
60368.232218,22.9949,22.52,23.51,23.57,22.5,2026-08-06 20:15:00,221
45214.450733,23.4973,23.59,23.0,23.9851,23.0,2026-08-06 20:16:00,202
41545.433058,23.7047,23.58,24.2011,24.3,23.01,2026-08-06 20:17:00,161
48762.416077,26.102,24.41,27.1,27.37,24.41,2026-08-06 20:18:00,285
74152.399762,27.6095,27.1,27.88,28.65,27.1,2026-08-06 20:19:00,422
42535.932164,27.6023,27.99,27.4039,28.15,26.41,2026-08-06 20:20:00,299
78580.002256,26.8896,26.89,27.6211,27.6211,26.12,2026-08-06 20:21:00,478
101998.748073,27.8945,27.66,27.81,28.0,27.11,2026-08-06 20:22:00,398
33553.140845,27.9496,27.79,27.8,28.0,27.37,2026-08-06 20:23:00,294
26488.0,27.8003,28.0,27.5,28.0,27.5,2026-08-06 20:24:00,282
38005.284536,27.2579,27.3042,27.36,27.54,27.0,2026-08-06 20:25:00,290
40712.146593,27.0012,27.15,26.94,27.19,26.53,2026-08-06 20:26:00,299
76873.0,27.0207,26.9618,27.15,27.29,26.88,2026-08-06 20:27:00,275
31892.0,27.0041,27.24,26.9,27.3,26.7392,2026-08-06 20:28:00,132
37918.0,27.0389,26.9,27.0,27.2,26.75,2026-08-06 20:29:00,169
14309.149555,26.7608,27.0,26.52,27.0,26.51,2026-08-06 20:30:00,97
39747.308234,26.094,26.66,25.9759,26.66,25.8407,2026-08-06 20:31:00,206
22131.320814,25.677,26.3248,25.5,26.3248,25.2002,2026-08-06 20:32:00,156
6216.0,25.8039,25.9765,25.4549,25.98,25.4549,2026-08-06 20:33:00,84
29828.165284,25.3051,25.5,25.7,25.7,25.2,2026-08-06 20:34:00,203
19353.165284,25.6801,25.7,25.57,25.85,25.3,2026-08-06 20:35:00,133
30353.162011,25.9402,25.424,25.68,26.0,25.424,2026-08-06 20:36:00,352
34783.314461,26.2498,26.0,26.24,26.5,25.9228,2026-08-06 20:37:00,309
37095.208108,26.1927,26.5,26.49,26.5,26.0,2026-08-06 20:38:00,442
15615.0,26.2728,26.24,26.376,26.5,26.0,2026-08-06 20:39:00,77
20775.308234,26.4801,26.35,26.65,26.65,26.3,2026-08-06 20:40:00,123
2436.0,26.8305,26.9613,26.85,26.9613,26.7,2026-08-06 20:41:00,28
9514.149555,26.9578,26.9566,27.0,27.0861,26.6287,2026-08-06 20:42:00,84
29350.0,27.089,27.01,27.07,27.18,27.0,2026-08-06 20:43:00,481
69708.0,26.9915,27.07,26.8001,27.115,26.77,2026-08-06 20:44:00,265
9086.0,26.8208,26.92,26.74,26.92,26.6465,2026-08-06 20:45:00,114
2524.0,26.7562,26.75,26.79,26.79,26.75,2026-08-06 20:46:00,23
19423.0,26.9301,26.83,27.0,27.05,26.8239,2026-08-06 20:47:00,233
20831.0,27.0344,26.9994,27.01,27.1,26.95,2026-08-06 20:48:00,108
17818.146593,27.1071,27.1,27.23,27.4,27.0,2026-08-06 20:49:00,96
10821.143691,27.5579,27.35,27.6363,27.85,27.35,2026-08-06 20:50:00,80
45186.140845,27.9495,27.71,28.02,28.1,27.6485,2026-08-06 20:51:00,195
66571.273378,28.4054,28.14,28.53,28.59,28.0,2026-08-06 20:52:00,343
46064.517543,29.0118,28.65,28.78,29.5,28.59,2026-08-06 20:53:00,533
33017.127442,29.0656,28.9,28.9,29.38,28.875,2026-08-06 20:54:00,430
37763.0,29.0755,28.93,29.44,29.47,28.85,2026-08-06 20:55:00,274
88631.574834,29.8303,29.5,30.05,30.25,29.4198,2026-08-06 20:56:00,769
72800.345986,30.8721,30.0569,31.0252,31.2901,30.0569,2026-08-06 20:57:00,863
77420.676421,31.6401,30.89,32.26,32.26,30.89,2026-08-06 20:58:00,743
144669.7791,33.4811,32.37,34.79,35.0,32.02,2026-08-06 20:59:00,1724
245368.108297,34.7265,34.79,34.87,35.67,33.5,2026-08-06 21:00:00,3928
243783.332248,34.5049,34.87,34.3538,35.0,33.52,2026-08-06 21:01:00,1284
242666.178149,35.3365,34.95,35.0,36.8,33.5,2026-08-06 21:02:00,2290
72542.177824,34.9394,34.656,34.22,35.28,34.21,2026-08-06 21:03:00,838
89156.183249,34.0361,34.22,33.5,34.9,33.46,2026-08-06 21:04:00,1334
97696.34428,33.4776,33.7,33.17,33.96,32.64,2026-08-06 21:05:00,1042
54905.331108,33.0339,32.98,32.77,33.48,32.64,2026-08-06 21:06:00,788
74392.117481,33.141,32.5,33.7925,34.13,32.36,2026-08-06 21:07:00,1003
73272.388146,34.5995,33.74,34.19,35.5,33.212,2026-08-06 21:08:00,1106
20132.0,34.401,34.5,34.505,35.0,34.0,2026-08-06 21:09:00,381
31132.338852,34.3035,34.32,34.48,34.6806,34.11,2026-08-06 21:10:00,342
52879.266771,34.9914,34.11,35.33,35.56,34.11,2026-08-06 21:11:00,948
41248.087151,35.0773,35.5,34.51,35.5,34.51,2026-08-06 21:12:00,589
22556.177824,34.8088,34.5,35.14,35.3,34.17,2026-08-06 21:13:00,350
37960.397473,35.2551,35.145,35.3254,35.89,34.71,2026-08-06 21:14:00,681
64005.251235,36.0694,35.72,36.64,36.77,35.22,2026-08-06 21:15:00,1003
127956.831232,36.5439,36.77,36.51,36.84,36.01,2026-08-06 21:16:00,1264
32785.236554,36.4039,36.6041,36.05,36.79,35.68,2026-08-06 21:17:00,431
30265.083734,35.9279,36.362,35.3694,36.362,35.3694,2026-08-06 21:18:00,486
65194.701492,35.2859,35.51,34.6,36.33,34.6,2026-08-06 21:19:00,996
33251.056458,34.8934,34.62,34.8394,35.0,34.51,2026-08-06 21:20:00,391
49686.339891,34.9763,34.9909,34.99,35.0,34.85,2026-08-06 21:21:00,477
24231.087151,35.139,35.0,35.1704,35.5786,34.98,2026-08-06 21:22:00,442
29744.176063,34.8881,35.44,34.52,35.5,34.35,2026-08-06 21:23:00,432
7340.207452,34.6651,34.59,34.8884,34.9,34.5203,2026-08-06 21:24:00,149
52325.451165,35.0169,34.8268,35.18,35.19,34.7385,2026-08-06 21:25:00,355
70516.0,35.0179,35.0,34.925,35.19,34.89,2026-08-06 21:26:00,587
65378.326129,35.251,34.85,35.82,36.0,34.55,2026-08-06 21:27:00,546
32934.0,35.9495,35.98,35.83,36.1,35.82,2026-08-06 21:28:00,256
57772.083734,35.9326,35.83,36.2,36.2,35.6,2026-08-06 21:29:00,393
29295.31863,36.1373,36.23,35.9985,36.5858,35.8,2026-08-06 21:30:00,272
27012.0,35.0976,35.76,35.02,35.76,34.879,2026-08-06 21:31:00,352
9096.169159,35.1404,35.06,35.15,35.27,35.02,2026-08-06 21:32:00,172
30599.422463,34.931,35.2,34.2786,35.25,34.2786,2026-08-06 21:33:00,568
158846.487092,34.7389,34.35,35.0,35.9,33.75,2026-08-06 21:34:00,1566
15443.0,34.9796,35.2,34.8092,35.5,34.3676,2026-08-06 21:35:00,167
20399.088912,34.6356,34.82,34.64,34.8736,34.5161,2026-08-06 21:36:00,233
11247.088912,34.9653,34.734,35.36,35.49,34.734,2026-08-06 21:37:00,259
21440.172576,35.6624,35.5,35.59,36.0,35.04,2026-08-06 21:38:00,231
18832.0,35.6609,35.6,35.8,35.86,35.54,2026-08-06 21:39:00,228
27684.494351,35.507,35.73,35.16,35.86,35.0,2026-08-06 21:40:00,780
17118.494351,35.5828,35.12,35.77,35.88,35.12,2026-08-06 21:41:00,309
8429.0,35.7665,35.79,35.5224,35.9,35.5,2026-08-06 21:42:00,124
5833.0,35.6666,35.85,35.6279,35.88,35.53,2026-08-06 21:43:00,140
40254.0,35.5501,35.8658,36.0,36.0,35.195,2026-08-06 21:44:00,275
28126.083734,36.1523,36.1,36.02,36.35,36.0,2026-08-06 21:45:00,274
17102.0,36.0282,36.1,35.6218,36.13,35.6218,2026-08-06 21:46:00,642
40305.082076,36.3811,36.03,36.99,37.0,35.85,2026-08-06 21:47:00,1083
138281.312369,37.6443,36.9,38.0,38.32,36.72,2026-08-06 21:48:00,1156
90233.106484,37.1371,37.9,36.59,37.9,36.48,2026-08-06 21:49:00,904
47793.212544,37.2326,37.0,37.04,37.41,36.67,2026-08-06 21:50:00,223
28609.078857,36.9815,37.0568,36.98,37.22,36.52,2026-08-06 21:51:00,218
28958.078857,36.9663,36.98,36.93,37.3727,36.72,2026-08-06 21:52:00,409
43925.0,36.8858,36.8521,36.98,37.0814,36.7,2026-08-06 21:53:00,162
17756.0,36.9274,36.74,37.0,37.06,36.74,2026-08-06 21:54:00,123
27803.0,37.1206,37.0,37.32,37.33,37.0,2026-08-06 21:55:00,231
21383.0,37.3625,37.2697,37.2799,37.4972,37.16,2026-08-06 21:56:00,285
44721.153061,37.6119,37.2216,37.89,37.98,37.2143,2026-08-06 21:57:00,320
33434.056705,37.7143,37.6001,37.8761,37.89,37.6,2026-08-06 21:58:00,231
54176.075765,37.8994,37.89,37.8889,38.4,37.51,2026-08-06 21:59:00,371
13986.06958,37.886,37.9157,38.0,38.2,37.62,2026-08-06 22:00:00,209
20414.0,38.1597,38.0,38.2967,38.3,37.909,2026-08-06 22:01:00,222
56186.147059,38.6886,38.2,39.0009,39.2,38.1647,2026-08-06 22:02:00,668
98504.141293,39.223,39.0217,39.51,39.67,39.0,2026-08-06 22:03:00,724
77659.532156,39.2613,39.47,39.525,39.65,39.0,2026-08-06 22:04:00,724
42650.528916,39.4344,39.6,39.24,39.66,39.03,2026-08-06 22:05:00,519
87097.06994,38.9652,39.1047,39.06,39.25,38.5001,2026-08-06 22:06:00,793
75257.144147,38.5308,39.0017,38.0,39.12,37.9,2026-08-06 22:07:00,703
70556.074265,37.9592,38.0,37.73,38.15,37.63,2026-08-06 22:08:00,723
39482.075765,37.5721,37.88,37.9,37.9,37.32,2026-08-06 22:09:00,399
42043.077296,37.3482,37.5816,37.08,37.68,37.0,2026-08-06 22:10:00,522
22364.0,37.0663,37.0,37.1,37.39,36.72,2026-08-06 22:11:00,374
35384.0,37.0045,37.1,36.96,37.25,36.78,2026-08-06 22:12:00,265
37665.157714,36.8955,36.8,37.25,37.25,36.65,2026-08-06 22:13:00,420
15806.952547,37.5747,37.18,37.3,37.9,37.0001,2026-08-06 22:14:00,279
8891.0,37.4174,37.37,37.35,37.5,37.26,2026-08-06 22:15:00,115
7459.0,37.4385,37.495,37.33,37.5811,37.21,2026-08-06 22:16:00,97
9043.0,37.4841,37.41,37.4,37.5865,37.4,2026-08-06 22:17:00,221
29594.351802,37.6596,37.42,37.64,38.0,37.41,2026-08-06 22:18:00,373
7201.0,37.7764,37.72,37.8217,38.0,37.6234,2026-08-06 22:19:00,176
51679.075765,37.9452,37.94,38.048,38.05,37.63,2026-08-06 22:20:00,332
53160.0,38.0087,38.0492,38.2,38.22,37.7,2026-08-06 22:21:00,402
14471.786165,38.0141,38.0302,38.0178,38.05,38.0,2026-08-06 22:22:00,96
9592.0,38.0152,38.0,38.0,38.09,38.0,2026-08-06 22:23:00,115
24373.0,38.0,38.0,38.0,38.0015,38.0,2026-08-06 22:24:00,145
7479.0,38.0001,38.0,38.0,38.0001,38.0,2026-08-06 22:25:00,96
9887.351802,38.0079,38.0,38.015,38.0278,38.0,2026-08-06 22:26:00,107
27263.0,38.0212,38.015,38.23,38.23,38.0,2026-08-06 22:27:00,194
7548.074265,38.3097,38.1362,38.3,38.59,38.13,2026-08-06 22:28:00,215
25396.263396,38.8536,38.3,39.2,39.27,38.208,2026-08-06 22:29:00,292
18794.292122,39.2129,39.1,39.2377,39.3,39.0,2026-08-06 22:30:00,255
9112.0,39.2541,39.2035,39.2419,39.3899,39.2,2026-08-06 22:31:00,128
24546.704849,39.0865,39.24,38.5286,39.2932,38.4,2026-08-06 22:32:00,341
14306.071353,38.5761,38.78,38.5,38.78,38.4,2026-08-06 22:33:00,140
4395.0,38.5145,38.53,38.6,38.6,38.4,2026-08-06 22:34:00,69
11672.0,38.4969,38.65,38.44,38.65,38.4,2026-08-06 22:35:00,181
10981.0,38.3633,38.48,38.17,38.5,38.17,2026-08-06 22:36:00,115
11763.072794,38.0672,38.17,38.1,38.19,38.0,2026-08-06 22:37:00,128
6462.0,38.0252,38.1,38.0,38.1,38.0,2026-08-06 22:38:00,75
18074.373438,38.0054,38.0877,38.0,38.0877,38.0,2026-08-06 22:39:00,117
44981.0,38.0015,38.005,38.01,38.05,38.0,2026-08-06 22:40:00,178
191285.0,38.0008,38.0017,38.02,38.0803,38.0,2026-08-06 22:41:00,421
132280.074265,37.9902,38.04,37.83,38.04,37.7,2026-08-06 22:42:00,369
15026.0,37.8363,37.98,37.8,38.0,37.6,2026-08-06 22:43:00,145
25734.153061,37.282,37.65,37.14,37.65,37.1,2026-08-06 22:45:00,191
8344.0,37.2205,37.12,37.32,37.4,37.1,2026-08-06 22:46:00,106
3970.0,37.3894,37.38,37.469,37.469,37.25,2026-08-06 22:47:00,74
4937.0,37.356,37.3,37.26,37.5,37.26,2026-08-06 22:48:00,61
2659.0,37.2766,37.2516,37.3,37.3,37.2516,2026-08-06 22:49:00,64
1601.0,37.3732,37.4729,37.4819,37.5,37.1626,2026-08-06 22:50:00,35
3779.0,37.295,37.4,37.23,37.4,37.1574,2026-08-06 22:51:00,62
48610.153061,37.8979,37.22,37.62,38.0,37.19,2026-08-06 22:52:00,118
17420.075765,37.4333,37.42,37.4,37.83,37.36,2026-08-06 22:53:00,111
5524.0,37.3848,37.5,37.3232,37.5,37.3232,2026-08-06 22:54:00,47
7744.0,37.2506,37.3293,37.16,37.3293,37.16,2026-08-06 22:55:00,82
2619.077296,37.108,37.1595,37.08,37.1595,37.04,2026-08-06 22:56:00,48
16160.0,36.9613,37.08,36.8,37.08,36.78,2026-08-06 22:57:00,111
5968.078857,36.7991,36.8,36.74,36.85,36.67,2026-08-06 22:58:00,87
17603.0,36.5821,36.7327,36.6,36.74,36.5,2026-08-06 22:59:00,218
14022.0,36.5988,36.6,36.6221,36.65,36.55,2026-08-06 23:00:00,254
6496.0,36.9721,37.0,36.9761,37.0,36.9,2026-08-06 23:01:00,82
5697.0,36.9412,36.99,36.9048,36.99,36.9,2026-08-06 23:02:00,98
16426.0,36.7496,36.91,36.86,36.91,36.6451,2026-08-06 23:03:00,107
19821.0,36.9764,36.8,37.01,37.12,36.8,2026-08-06 23:04:00,211
10030.0,36.9855,37.0287,36.97,37.03,36.91,2026-08-06 23:05:00,147
11907.0,36.7847,36.96,36.57,36.96,36.57,2026-08-06 23:06:00,170
5837.080451,36.3465,36.55,36.4,36.55,36.2089,2026-08-06 23:07:00,89
31913.082076,36.0518,36.4,35.99,36.4,35.9,2026-08-06 23:08:00,270
98388.0,35.9623,35.9,35.72,36.0,35.6747,2026-08-06 23:09:00,243
5110.0,35.8311,35.67,35.8,35.95,35.67,2026-08-06 23:10:00,98
14498.0,35.9639,35.9284,36.01,36.02,35.81,2026-08-06 23:11:00,75
11619.0,35.9837,36.02,35.95,36.21,35.8,2026-08-06 23:12:00,87
24535.0,36.0135,36.0,36.12,36.25,36.0,2026-08-06 23:13:00,81
10763.0,35.9031,36.1,35.6895,36.26,35.6895,2026-08-06 23:14:00,85
4658.0,35.7503,35.732,35.7048,35.95,35.7,2026-08-06 23:15:00,18
1559.0,35.7611,35.71,35.75,35.8721,35.71,2026-08-06 23:16:00,19
16955.083734,35.5932,35.7308,35.575,35.7308,35.4,2026-08-06 23:17:00,170
9183.0,35.6934,35.58,35.7222,35.9535,35.5118,2026-08-06 23:18:00,151
1643.0,35.8642,35.84,35.8376,35.95,35.74,2026-08-06 23:19:00,26
8114.0,35.8945,35.98,35.81,35.98,35.81,2026-08-06 23:20:00,38
6092.0,35.7605,35.81,35.76,35.82,35.65,2026-08-06 23:21:00,85
4394.0,35.7896,35.75,35.7862,35.8497,35.72,2026-08-06 23:22:00,80
33160.0,35.7195,35.786,35.51,35.89,35.5,2026-08-06 23:23:00,241
9046.0,35.6168,35.6497,35.89,35.9,35.54,2026-08-06 23:24:00,50
14986.0,35.6038,35.7,35.44,35.75,35.44,2026-08-06 23:25:00,180
8248.0,35.453,35.49,35.42,35.5,35.4,2026-08-06 23:26:00,78
16152.085425,35.3499,35.39,35.21,35.5,35.1919,2026-08-06 23:27:00,98
10031.0,35.4277,35.24,35.39,35.5,35.24,2026-08-06 23:28:00,64
7182.0,35.3049,35.41,35.29,35.41,35.2699,2026-08-06 23:29:00,59
6672.0,35.3077,35.21,35.2,35.35,35.2,2026-08-06 23:30:00,53
8590.0,35.1768,35.2775,35.1645,35.2775,35.15,2026-08-06 23:31:00,44
15432.0,35.2265,35.15,35.27,35.35,35.08,2026-08-06 23:32:00,72
13464.085425,35.3737,35.35,35.7,35.7,35.33,2026-08-06 23:33:00,97
10242.176714,35.5745,35.69,35.52,35.69,35.5,2026-08-06 23:34:00,55
5019.0,35.2983,35.35,35.4906,35.4906,35.2,2026-08-06 23:35:00,33
9198.085425,35.2762,35.4845,35.3,35.5,35.2,2026-08-06 23:36:00,71
8853.0,35.2906,35.29,35.3,35.3,35.25,2026-08-06 23:37:00,56
2097.362253,35.3001,35.31,35.31,35.31,35.2326,2026-08-06 23:38:00,24
11246.0,35.2041,35.31,35.15,35.31,35.1017,2026-08-06 23:39:00,85
5027.0,35.1292,35.1449,35.2,35.26,35.08,2026-08-06 23:40:00,67
7722.0,35.1926,35.2,35.24,35.2484,35.147,2026-08-06 23:41:00,33
5245.0,35.269,35.26,35.49,35.49,35.14,2026-08-06 23:42:00,43
5193.0,35.459,35.3114,35.4877,35.4992,35.3114,2026-08-06 23:43:00,44
48105.085425,35.507,35.4761,35.5268,35.7,35.4,2026-08-06 23:44:00,120
5406.0,35.8339,35.5489,35.75,35.99,35.5489,2026-08-06 23:45:00,41
9312.0,35.7974,35.98,35.6,36.0,35.6,2026-08-06 23:46:00,143
9573.0,35.4869,35.5806,35.42,35.5806,35.42,2026-08-06 23:47:00,184
23096.085425,35.153,35.4,35.068,35.5,35.0001,2026-08-06 23:48:00,147
42122.087151,34.9747,35.05,35.0,35.07,34.8,2026-08-06 23:49:00,203
8393.0,35.0619,34.9604,35.05,35.18,34.9604,2026-08-06 23:50:00,38
9977.0,35.1179,35.1903,35.05,35.2,35.05,2026-08-06 23:51:00,66
43718.0,34.929,35.05,34.8,35.1,34.7,2026-08-06 23:52:00,225
61959.0,34.7811,34.8,34.8,34.99,34.65,2026-08-06 23:53:00,220
9954.0,34.8255,34.78,34.84,34.94,34.7,2026-08-06 23:54:00,48
23154.0,34.9568,34.8,34.98,35.01,34.8,2026-08-06 23:55:00,333
14384.087151,35.1003,35.05,35.49,35.49,34.98,2026-08-06 23:56:00,275
36119.0,35.4092,35.49,35.53,35.69,35.2,2026-08-06 23:57:00,64
27134.0,35.2827,35.51,35.29,35.644,35.0,2026-08-06 23:58:00,123
24214.085425,35.4733,35.2783,35.838,35.9,35.16,2026-08-06 23:59:00,138
10011.195497,34.9382,34.81,35.46,35.5,34.7,2026-08-07 08:00:00,267
19580.0,34.9158,34.93,35.19,35.44,34.69,2026-08-07 08:01:00,627
10606.088912,34.9974,35.19,34.26,35.33,34.26,2026-08-07 08:02:00,140
2356.0,34.1953,34.0,34.3,34.4,34.0,2026-08-07 08:03:00,74
4823.090708,34.0973,34.02,34.01,34.2,34.0,2026-08-07 08:04:00,183
1541.592169,34.2372,34.24,34.22,34.24,34.1,2026-08-07 08:05:00,46
183.0,34.3864,34.38,34.38,34.38,34.38,2026-08-07 08:06:00,10
1470.0,34.7006,34.4,34.44,34.82,34.4,2026-08-07 08:07:00,37
9570.090708,34.7544,34.61,34.4459,34.94,34.4459,2026-08-07 08:08:00,106
716.0,34.8424,34.8,34.9,34.9,34.8,2026-08-07 08:09:00,13
1120.0,34.6719,34.7,34.7,34.7,34.7,2026-08-07 08:10:00,54
1462.0,34.9194,34.9,34.9444,34.99,34.9,2026-08-07 08:11:00,46
3023.0,34.8037,34.81,34.89,34.89,34.5,2026-08-07 08:12:00,67
1287.0,34.8406,34.9026,34.75,34.9026,34.75,2026-08-07 08:13:00,24
1113.0,34.6804,34.71,34.67,34.71,34.67,2026-08-07 08:14:00,26
5014.0,34.5902,34.55,34.59,34.59,34.55,2026-08-07 08:15:00,76
389.0,34.7688,34.83,34.83,34.83,34.83,2026-08-07 08:16:00,13
3649.0,34.845,34.51,35.0,35.0,34.51,2026-08-07 08:18:00,53
3319.088912,34.9967,34.98,35.0,35.0,34.98,2026-08-07 08:19:00,41
4465.0,35.1668,35.0,35.25,35.25,35.0,2026-08-07 08:20:00,61
1439.0,34.7905,34.8,34.8,34.8,34.8,2026-08-07 08:22:00,9
14841.088912,34.514,34.57,34.48,34.57,34.36,2026-08-07 08:23:00,123
6709.0,34.4753,34.397,34.51,34.51,34.397,2026-08-07 08:24:00,42
1626.0,34.5463,34.57,34.51,34.57,34.51,2026-08-07 08:26:00,37
1912.0,34.3233,34.4,34.3,34.4,34.3,2026-08-07 08:27:00,35
383.0,34.3027,34.3,34.3,34.3,34.3,2026-08-07 08:28:00,7
427.0,34.3541,34.3,34.4,34.4,34.3,2026-08-07 08:29:00,13
350.0,34.3778,34.35,34.35,34.35,34.35,2026-08-07 08:30:00,16
420.0,34.3892,34.35,34.35,34.35,34.35,2026-08-07 08:31:00,16
265.0,34.3961,34.4,34.4,34.4,34.4,2026-08-07 08:34:00,5
620.0,34.4928,34.41,34.41,34.41,34.41,2026-08-07 08:35:00,33
1567.0,34.5622,34.51,34.53,34.57,34.51,2026-08-07 08:36:00,23
5248.0,34.5347,34.78,34.52,34.78,34.52,2026-08-07 08:37:00,20
5047.0,34.5271,34.58,34.52,34.58,34.52,2026-08-07 08:38:00,10
203.0,34.7897,34.8,34.8,34.8,34.8,2026-08-07 08:39:00,9
5519.0,34.5546,34.68,34.65,34.68,34.51,2026-08-07 08:40:00,25
10394.0,34.6717,34.67,34.67,34.75,34.66,2026-08-07 08:41:00,20
17226.0,34.9266,34.66,34.99,35.0,34.66,2026-08-07 08:42:00,102
1470.902587,35.0932,34.81,35.1,35.18,34.81,2026-08-07 08:43:00,48
885.0,35.0947,35.1,35.1,35.1,35.1,2026-08-07 08:44:00,23
714.263118,35.1435,35.15,35.15,35.15,35.15,2026-08-07 08:45:00,32
1429.087151,35.2791,35.28,35.27,35.28,35.27,2026-08-07 08:47:00,59
19421.0,35.6341,35.24,35.66,35.72,35.24,2026-08-07 08:48:00,176
5959.085425,35.5711,35.66,35.5,35.8,35.45,2026-08-07 08:49:00,85
389.691371,35.4081,35.32,35.32,35.32,35.32,2026-08-07 08:50:00,20
1751.0,35.3696,35.37,35.35,35.37,35.35,2026-08-07 08:51:00,22
953.0,35.2447,35.25,35.22,35.25,35.22,2026-08-07 08:53:00,13
999.385425,35.3098,35.3,35.29,35.3,35.28,2026-08-07 08:54:00,24
893.0,35.1533,35.14,35.14,35.14,35.14,2026-08-07 08:55:00,20
379.0,35.1593,35.15,35.15,35.15,35.15,2026-08-07 08:56:00,17
548.0,35.3827,35.38,35.4,35.4,35.38,2026-08-07 09:01:00,11
1107.0,35.4367,35.44,35.44,35.44,35.44,2026-08-07 09:02:00,10
208.0,35.3963,35.43,35.43,35.43,35.43,2026-08-07 09:03:00,6
226.0,35.2154,35.15,35.15,35.15,35.15,2026-08-07 09:05:00,8
1577.0,35.427,35.43,35.4705,35.4705,35.38,2026-08-07 09:06:00,22
309.885099,35.403,35.2769,35.2769,35.2769,35.2769,2026-08-07 09:10:00,11
693.0,35.3884,35.39,35.4,35.4,35.39,2026-08-07 09:11:00,15
1388.0,35.3957,35.4,35.4,35.4,35.4,2026-08-07 09:12:00,21
2438.691371,35.5028,35.4,35.53,35.53,35.4,2026-08-07 09:13:00,48
517.217403,35.5225,35.52,35.5,35.52,35.5,2026-08-07 09:14:00,20
609.0,35.3216,35.3,35.3,35.3,35.3,2026-08-07 09:15:00,18
260.0,35.4211,35.4179,35.4179,35.4179,35.4179,2026-08-07 09:16:00,20
19997.0,35.5948,35.53,35.6,35.6,35.53,2026-08-07 09:17:00,78
161.0,35.6021,35.6,35.6,35.6,35.6,2026-08-07 09:19:00,3
517.0,35.7047,35.72,35.72,35.72,35.72,2026-08-07 09:20:00,14
363.027882,35.6377,35.7,35.7,35.7,35.7,2026-08-07 09:22:00,11
9484.085425,35.8707,35.8,35.9131,36.0,35.79,2026-08-07 09:23:00,202
7466.083734,36.1305,35.9,36.19,36.19,35.9,2026-08-07 09:24:00,122
3836.759922,36.3322,36.2,36.15,36.37,36.15,2026-08-07 09:25:00,44
355.0,36.2163,36.23,36.19,36.23,36.19,2026-08-07 09:26:00,21
4863.162527,36.5866,36.24,36.58,36.96,36.24,2026-08-07 09:27:00,153
1217.0,36.6045,36.2937,36.5,36.74,36.2937,2026-08-07 09:28:00,28
1986.0,36.3512,36.3,36.41,36.41,36.25,2026-08-07 09:29:00,34
383.0,36.4601,36.24,36.24,36.24,36.24,2026-08-07 09:30:00,36
2716.080451,36.3796,36.3928,36.41,36.41,36.3,2026-08-07 09:31:00,54
1353.0,36.3763,36.47,36.25,36.47,36.25,2026-08-07 09:32:00,32
1913.0,36.4225,36.29,36.45,36.45,36.29,2026-08-07 09:33:00,30
465.759922,36.4139,36.25,36.25,36.25,36.25,2026-08-07 09:34:00,19
561.0,36.479,36.5,36.52,36.52,36.5,2026-08-07 09:35:00,18
169.0,36.6192,36.63,36.63,36.63,36.63,2026-08-07 09:40:00,7
800.0,36.5093,36.51,36.51,36.51,36.51,2026-08-07 09:42:00,14
1323.0,36.4658,36.51,36.51,36.51,36.32,2026-08-07 09:44:00,17
775.0,36.4977,36.52,36.52,36.52,36.52,2026-08-07 09:47:00,10
641.161489,36.4326,36.51,36.34,36.51,36.34,2026-08-07 09:48:00,26
476.0,36.5427,36.52,36.52,36.52,36.52,2026-08-07 09:50:00,8
4301.797877,36.7413,36.76,36.72,36.76,36.72,2026-08-07 09:51:00,62
2469.0,36.748,36.73,36.8,36.8,36.72,2026-08-07 09:52:00,42
5754.703964,36.9638,36.9,36.974,37.0,36.9,2026-08-07 09:53:00,85
4547.0,36.8753,36.96,36.5,36.96,36.5,2026-08-07 09:54:00,112
404.897631,36.7974,36.71,36.71,36.71,36.71,2026-08-07 09:55:00,10
13802.0,36.9688,36.68,36.99,37.0,36.68,2026-08-07 09:56:00,70
745.623513,37.0294,37.0,37.0,37.0,37.0,2026-08-07 09:57:00,39
1884.0,36.9729,36.99,36.99,36.99,36.99,2026-08-07 09:58:00,35
452.0,36.808,36.815,36.815,36.815,36.815,2026-08-07 10:02:00,17
1540.0,36.7909,36.743,36.8,36.8,36.743,2026-08-07 10:03:00,16
348.0,36.6785,36.67,36.67,36.67,36.67,2026-08-07 10:04:00,9
391.0,36.6816,36.67,36.67,36.67,36.67,2026-08-07 10:05:00,16
1949.795695,36.6121,36.67,36.55,36.67,36.54,2026-08-07 10:06:00,44
927.0,36.5186,36.53,36.53,36.53,36.53,2026-08-07 10:07:00,15
2222.0,36.3794,36.535,36.28,36.535,36.28,2026-08-07 10:08:00,51
2168.0,36.8275,36.67,36.99,36.99,36.67,2026-08-07 10:09:00,75
3030.0,36.8047,36.97,36.65,36.97,36.65,2026-08-07 10:10:00,55
1249.0,36.8017,36.88,36.8,36.88,36.8,2026-08-07 10:11:00,16
380.0,36.6967,36.69,36.69,36.69,36.69,2026-08-07 10:12:00,18
3502.0,36.8249,36.8,36.8,36.9,36.8,2026-08-07 10:13:00,27
776.0,36.8462,36.68,37.04,37.04,36.68,2026-08-07 10:14:00,19
249.0,36.8072,36.825,36.825,36.825,36.825,2026-08-07 10:15:00,10
353.0,36.7261,36.825,36.5,36.825,36.5,2026-08-07 10:17:00,8
247.0,36.5943,36.5,36.5,36.5,36.5,2026-08-07 10:18:00,11
553.0,36.5885,36.5,36.5,36.5,36.5,2026-08-07 10:21:00,17
6563.0,36.5861,36.59,36.75,36.75,36.52,2026-08-07 10:22:00,85
457.0,36.8733,36.94,36.94,36.94,36.94,2026-08-07 10:23:00,23
705.0,36.8455,36.81,36.82,36.82,36.81,2026-08-07 10:24:00,34
5179.0,36.969,36.9,36.99,37.07,36.9,2026-08-07 10:25:00,69
26943.443615,37.6515,37.09,38.37,38.42,37.05,2026-08-07 10:26:00,236
13076.0,38.3617,38.36,38.44,38.7543,38.2,2026-08-07 10:27:00,300
5251.0,38.3203,38.43,38.4,38.4924,38.145,2026-08-07 10:28:00,188
2685.0,38.3528,38.44,38.16,38.44,38.16,2026-08-07 10:29:00,132
3166.0,38.1541,38.271,38.0776,38.3553,38.06,2026-08-07 10:30:00,95
14791.07343,38.5961,38.11,38.79,38.81,38.11,2026-08-07 10:31:00,234
9364.773684,38.7839,38.75,38.8,38.94,38.7,2026-08-07 10:32:00,258
8658.284877,38.7808,38.76,38.47,38.83,38.47,2026-08-07 10:33:00,174
3097.893171,38.6253,38.68,38.61,38.82,38.48,2026-08-07 10:34:00,86
2984.0,38.6468,38.56,38.7,38.84,38.4176,2026-08-07 10:35:00,113
11039.0,38.9739,38.625,38.93,39.25,38.625,2026-08-07 10:36:00,214
2168.592954,38.7837,38.91,38.7,38.91,38.7,2026-08-07 10:37:00,59
1129.0,38.6736,38.65,38.65,38.65,38.65,2026-08-07 10:38:00,51
7585.0,38.8243,38.5,38.9,38.98,38.5,2026-08-07 10:39:00,107
22218.141293,39.4341,38.9,39.6,39.6,38.9,2026-08-07 10:40:00,370
18293.784635,39.815,39.7,39.83,39.92,39.7,2026-08-07 10:41:00,517
10780.403262,39.7761,39.83,39.83,39.883,39.54,2026-08-07 10:42:00,302
15631.0,39.7301,39.79,39.86,39.86,39.6,2026-08-07 10:43:00,332
12386.0,39.8807,39.85,39.9238,39.9238,39.8186,2026-08-07 10:44:00,279
5060.0,39.7922,39.86,39.71,39.9039,39.71,2026-08-07 10:45:00,140
41185.0,39.9068,39.71,40.26,40.37,39.71,2026-08-07 10:46:00,615
19314.333472,40.3474,40.26,40.44,40.5,40.03,2026-08-07 10:47:00,442
61578.965867,40.9096,40.4472,40.88,41.0,40.4472,2026-08-07 10:48:00,766
102874.046977,41.4415,40.88,41.62,41.9,40.51,2026-08-07 10:49:00,1389
56351.059567,40.671,41.74,40.63,41.77,39.94,2026-08-07 10:50:00,910
37489.126117,40.4121,40.7,40.11,40.75,39.98,2026-08-07 10:51:00,476
18956.481741,40.1833,40.09,40.27,40.3,40.01,2026-08-07 10:52:00,551
25755.065867,40.5156,40.4,40.77,40.8625,40.29,2026-08-07 10:53:00,368
34909.064563,41.0317,40.8,41.03,41.45,40.5,2026-08-07 10:54:00,557
152570.186118,41.9531,41.3,42.19,42.7,41.2,2026-08-07 10:55:00,1661
122202.664812,43.9025,42.0724,44.2,45.0,42.0724,2026-08-07 10:56:00,2016
143239.222288,44.0897,44.34,44.26,45.0,43.35,2026-08-07 10:57:00,1966
147326.193209,45.1173,44.22,45.24,46.08,44.0,2026-08-07 10:58:00,1856
102387.460776,44.613,45.42,44.22,45.6,44.06,2026-08-07 10:59:00,1600
299777.313688,43.3541,44.06,42.5592,45.11,42.0,2026-08-07 11:00:00,3181
84298.396363,42.863,43.24,42.95,43.28,42.41,2026-08-07 11:01:00,1170
73075.337454,43.1669,43.17,43.3073,43.38,43.0,2026-08-07 11:02:00,781
133519.236405,42.9337,43.1607,42.8,43.38,42.5,2026-08-07 11:03:00,1241
59271.887584,43.54,43.23,43.922,43.95,43.07,2026-08-07 11:04:00,669
111809.12898,44.4569,43.95,44.9369,45.1,43.8,2026-08-07 11:05:00,1300
266227.35847,45.9495,44.99,47.55,47.76,44.8,2026-08-07 11:06:00,3943
184431.146385,47.1725,47.56,47.21,47.72,46.5,2026-08-07 11:07:00,2548
154590.619401,47.5751,47.25,48.88,48.88,46.751,2026-08-07 11:08:00,2159
306359.648401,49.5678,48.88,50.0,50.668,48.79,2026-08-07 11:09:00,4547
341849.303763,50.3577,50.2994,49.6,51.88,48.77,2026-08-07 11:10:00,4935
190438.091422,51.1551,49.52,52.09,52.88,49.17,2026-08-07 11:11:00,3269
225204.217144,52.2309,52.03,52.72,53.87,50.7699,2026-08-07 11:12:00,4044
365766.946232,55.3057,53.1052,57.6,58.76,52.0,2026-08-07 11:13:00,5977
481127.894861,60.0556,57.9193,60.0,63.48,56.81,2026-08-07 11:14:00,8412
314064.094108,60.7985,60.0,61.77,63.88,58.02,2026-08-07 11:15:00,5579
242305.024104,64.4435,61.4229,63.29,68.05,61.35,2026-08-07 11:16:00,6161
394994.179798,60.6589,63.5,58.3694,64.89,58.31,2026-08-07 11:17:00,6554
256824.551357,57.9204,58.3697,57.2,58.65,57.0,2026-08-07 11:18:00,4268
232970.153749,57.1304,57.24,56.46,59.72,55.07,2026-08-07 11:19:00,4443
370517.140954,54.1126,56.54,52.97,56.54,52.7,2026-08-07 11:20:00,5155
300962.747662,51.9889,52.75,51.0,53.0,51.0,2026-08-07 11:21:00,4108
337166.176956,51.5021,51.06,51.0,53.12,50.47,2026-08-07 11:22:00,4522
274202.690412,49.834,51.0,49.9597,51.0,48.98,2026-08-07 11:23:00,3913
162753.17928,49.0217,49.97,48.42,50.0,48.3,2026-08-07 11:24:00,2476
193799.092835,48.0855,48.48,47.97,48.7,47.33,2026-08-07 11:25:00,2590
177767.378837,47.7606,47.82,47.94,48.02,47.3401,2026-08-07 11:26:00,1960
135914.186701,47.4912,47.92,47.2,48.0,47.01,2026-08-07 11:27:00,1567
202363.196166,46.6329,47.17,45.75,47.8,45.61,2026-08-07 11:28:00,2396
269841.118505,44.6792,45.89,43.1,46.0,43.1,2026-08-07 11:29:00,3232
189919.454502,44.3848,43.32,43.85,45.49,43.05,2026-08-07 11:30:00,2726
218122.286423,42.8661,43.73,42.07,44.0,41.53,2026-08-07 11:31:00,2826
354405.121606,41.9642,42.4056,42.09,42.68,40.86,2026-08-07 11:32:00,3481
244266.603987,41.1082,42.24,40.97,42.49,40.61,2026-08-07 11:33:00,2221
255285.332024,40.0369,40.9,39.99,41.12,39.2,2026-08-07 11:34:00,2452
208875.082876,40.6178,40.0,40.12,41.4,39.79,2026-08-07 11:35:00,1993
137750.621985,39.8158,40.4396,39.5,40.82,39.32,2026-08-07 11:36:00,1455
143299.793687,40.4032,39.45,41.37,41.7,39.45,2026-08-07 11:37:00,1615
179522.062031,41.562,41.5946,41.5775,42.02,40.9,2026-08-07 11:38:00,1888
95433.289415,41.2681,41.6,41.26,41.7252,40.56,2026-08-07 11:39:00,1262
94645.21327,41.8546,41.39,42.31,42.49,41.0,2026-08-07 11:40:00,1584
148528.965575,41.5233,42.44,41.19,42.68,40.5,2026-08-07 11:41:00,1997
46626.126568,41.2473,41.04,40.96,41.69,40.93,2026-08-07 11:42:00,765
180416.77334,40.201,40.96,40.13,41.392,39.85,2026-08-07 11:43:00,1533
147114.202951,39.9011,40.06,39.5781,40.69,39.0,2026-08-07 11:44:00,1436
55672.205665,39.6813,39.58,39.8581,40.0,39.15,2026-08-07 11:45:00,806
71878.13711,39.5284,40.0,40.09,40.2,39.04,2026-08-07 11:46:00,946
71326.138495,39.1371,39.9,38.5432,40.2,38.5,2026-08-07 11:47:00,898
88497.718418,38.9162,38.71,39.27,39.5,38.51,2026-08-07 11:48:00,990
30066.643753,38.9828,39.3746,38.8351,39.42,38.59,2026-08-07 11:49:00,439
45533.142706,38.8389,38.57,38.8958,39.5,38.24,2026-08-07 11:50:00,696
43460.208235,38.402,38.8,38.1,38.88,38.1,2026-08-07 11:51:00,635
156226.556736,37.3809,38.05,37.07,38.4045,36.66,2026-08-07 11:52:00,1705
96621.0,37.2414,37.19,37.36,37.786,36.75,2026-08-07 11:53:00,1040
84152.711737,37.4356,37.12,37.5,38.0,36.8,2026-08-07 11:54:00,669
92800.034084,38.1417,37.5038,38.0,38.5,37.5038,2026-08-07 11:55:00,1011
61866.0,38.0894,38.01,38.07,38.25,37.99,2026-08-07 11:56:00,490
47998.0,38.318,38.1,38.11,38.5,38.0418,2026-08-07 11:57:00,488
42186.0,38.1128,38.1987,38.1983,38.3497,38.0,2026-08-07 11:58:00,464
64848.758135,38.2888,38.1983,38.34,38.73,38.0,2026-08-07 11:59:00,667
38874.40727,38.1109,38.6,38.1,38.6,37.99,2026-08-07 12:00:00,417
29323.5188,38.1612,38.0886,38.0,38.3624,38.0,2026-08-07 12:01:00,362
66768.276443,38.0602,38.0,38.38,38.38,37.99,2026-08-07 12:02:00,786
54574.145588,38.434,38.48,38.21,38.88,38.1,2026-08-07 12:03:00,649
17964.0,38.1938,38.21,38.12,38.343,38.11,2026-08-07 12:04:00,227
27745.564412,38.0856,38.25,38.06,38.25,38.0,2026-08-07 12:05:00,392
17613.0,38.1289,38.09,38.07,38.36,38.02,2026-08-07 12:06:00,400
68355.282698,37.7723,38.18,37.705,38.3097,37.3,2026-08-07 12:07:00,913
43281.865702,37.4652,37.71,37.59,37.72,37.2,2026-08-07 12:08:00,567
15749.0,37.5294,37.55,37.4492,37.8,37.4,2026-08-07 12:09:00,262
55888.840507,37.1802,37.52,37.52,37.6,37.0,2026-08-07 12:10:00,666
26939.897763,37.2469,37.43,37.01,37.43,37.01,2026-08-07 12:11:00,426
143508.078857,36.9064,37.03,36.75,37.21,36.48,2026-08-07 12:12:00,974
23450.078857,37.1346,36.77,37.3,37.5,36.72,2026-08-07 12:13:00,402
37591.0,37.2428,37.36,37.25,37.51,37.0,2026-08-07 12:14:00,482
3149.0,37.1906,37.36,37.1478,37.36,37.0,2026-08-07 12:15:00,117
31696.789169,37.7227,37.25,37.985,38.19,37.21,2026-08-07 12:16:00,374
18345.003116,37.7593,37.98,37.659,38.3,37.4,2026-08-07 12:17:00,422
25451.0,37.5483,37.57,37.21,37.77,37.21,2026-08-07 12:18:00,394
9344.0,37.5404,37.3502,37.81,37.91,37.2558,2026-08-07 12:19:00,164
23644.0,37.5227,37.81,37.5,37.81,37.22,2026-08-07 12:20:00,645
29922.075765,38.057,37.4235,38.28,38.29,37.4235,2026-08-07 12:21:00,341
94398.147059,38.5022,38.2543,38.74,39.1,37.97,2026-08-07 12:22:00,1039
65074.364836,39.0072,38.67,39.17,39.25,38.63,2026-08-07 12:23:00,924
89978.13988,39.4768,39.28,39.0212,39.87,38.71,2026-08-07 12:24:00,1252
30130.0,39.1507,39.0182,39.04,39.36,38.8897,2026-08-07 12:25:00,526
35986.06994,39.3314,39.0575,39.6468,39.8098,39.04,2026-08-07 12:26:00,538
54887.0,39.4798,39.6,39.36,39.8419,39.05,2026-08-07 12:27:00,759
26755.620636,39.4302,39.4,39.42,39.73,39.02,2026-08-07 12:28:00,432
53021.068555,39.7755,39.46,39.72,40.0,39.42,2026-08-07 12:29:00,803
74627.217181,39.18,39.6,38.5,40.0,38.25,2026-08-07 12:30:00,897
123915.767695,37.8926,38.3557,38.19,38.62,37.44,2026-08-07 12:31:00,1127
68181.147059,38.7106,38.14,38.82,39.0,38.14,2026-08-07 12:32:00,710
43970.071353,38.9654,38.82,39.32,39.452,38.5,2026-08-07 12:33:00,563
32927.566667,38.8599,39.24,38.88,39.26,38.5377,2026-08-07 12:34:00,366
42413.827491,38.4977,38.73,38.3388,38.8666,38.2,2026-08-07 12:35:00,417
47703.216941,38.7566,38.26,39.0875,39.1899,38.2,2026-08-07 12:36:00,518
38056.835865,39.0109,39.0191,38.6612,39.22,38.6,2026-08-07 12:37:00,395
29620.071353,38.5702,38.6,38.39,38.96,38.2,2026-08-07 12:38:00,266
90950.072794,38.1361,38.535,37.98,38.6698,37.8,2026-08-07 12:39:00,765
43583.074265,37.7709,38.04,37.71,38.08,37.51,2026-08-07 12:40:00,547
58687.15153,37.7372,37.91,38.27,38.28,37.5,2026-08-07 12:41:00,483
34579.074265,38.4145,38.29,38.38,38.54,38.04,2026-08-07 12:42:00,279
32774.0,38.506,38.46,38.425,38.73,38.24,2026-08-07 12:43:00,403
37386.25,38.1927,38.48,38.07,38.48,38.0,2026-08-07 12:44:00,270
13913.0,38.0907,38.0,38.15,38.29,38.0,2026-08-07 12:45:00,200
3972.634933,38.1774,38.38,38.13,38.38,38.06,2026-08-07 12:46:00,113
21037.0,38.1538,38.13,38.22,38.4,38.0,2026-08-07 12:47:00,294
66030.15003,37.6163,38.1,37.18,38.1,37.08,2026-08-07 12:48:00,840
83392.236604,36.8262,37.22,36.53,37.32,36.3,2026-08-07 12:49:00,900
68065.0,36.5557,36.57,36.63,36.8,36.35,2026-08-07 12:50:00,681
105278.77,36.2704,36.5073,36.2,36.655,36.2,2026-08-07 12:51:00,913
60886.080451,36.4863,36.2,36.9,36.9606,36.2,2026-08-07 12:52:00,537
36383.0,36.7713,36.895,36.9,36.92,36.6134,2026-08-07 12:53:00,472
56478.0,36.7992,36.9,36.56,37.02,36.5,2026-08-07 12:54:00,586
70678.0,36.9114,36.66,36.973,37.0,36.66,2026-08-07 12:55:00,261
17252.0,36.7829,36.9,36.76,36.9,36.72,2026-08-07 12:56:00,314
47967.078857,37.0632,36.79,37.12,37.3,36.73,2026-08-07 12:57:00,459
36691.078857,36.9469,37.1475,36.78,37.1926,36.6617,2026-08-07 12:58:00,437
81339.726136,36.3489,36.61,36.2,36.81,36.03,2026-08-07 12:59:00,775
69405.224856,36.0823,36.2,35.9907,36.3,35.95,2026-08-07 13:00:00,748
73571.242618,35.9694,35.96,36.09,36.2,35.77,2026-08-07 13:01:00,684
70272.985354,35.9464,36.13,36.1256,36.17,35.77,2026-08-07 13:02:00,572
64234.0,36.0211,36.15,35.9634,36.2,35.9,2026-08-07 13:03:00,404
22624.0,35.8404,35.9871,35.95,35.99,35.74,2026-08-07 13:04:00,286
41895.324694,36.404,35.91,36.729,36.78,35.9,2026-08-07 13:05:00,389
54855.080451,36.7773,36.73,36.79,37.0,36.6,2026-08-07 13:06:00,431
17460.0,36.8224,36.72,36.89,36.95,36.66,2026-08-07 13:07:00,214
33997.413344,36.7853,36.85,36.73,36.9499,36.65,2026-08-07 13:08:00,328
24788.080451,36.4548,36.73,36.27,36.77,36.25,2026-08-07 13:09:00,285
55409.159308,36.9136,36.3504,37.14,37.49,36.2,2026-08-07 13:10:00,393
22216.0,37.1255,37.37,36.93,37.5,36.8332,2026-08-07 13:11:00,284
46388.647512,36.9587,36.99,36.84,37.0791,36.7,2026-08-07 13:12:00,357
49168.157714,36.9361,36.76,36.98,37.23,36.65,2026-08-07 13:13:00,360
18099.0,36.9539,37.0,36.81,37.1239,36.8,2026-08-07 13:14:00,253
74966.078857,36.8581,36.7885,36.9,37.12,36.51,2026-08-07 13:15:00,570
36340.080451,36.55,36.8673,36.48,36.9325,36.32,2026-08-07 13:16:00,372
82640.082076,36.108,36.46,35.98,36.48,35.95,2026-08-07 13:17:00,696
63838.865021,35.9519,36.0,36.19,36.19,35.8,2026-08-07 13:18:00,584
56146.756892,36.0469,36.1741,36.41,36.47,35.88,2026-08-07 13:19:00,461
135593.131042,36.8205,36.44,37.25,37.261,36.33,2026-08-07 13:20:00,821
105553.153061,37.6193,37.25,38.0,38.0,37.0,2026-08-07 13:21:00,1031
131550.716983,38.1134,37.9993,38.0,38.4,37.6,2026-08-07 13:22:00,1135
140381.544852,38.8867,38.09,39.0832,39.77,38.0,2026-08-07 13:23:00,1459
151603.982854,39.4639,38.9,39.77,40.0,38.75,2026-08-07 13:24:00,1846
123244.870845,39.0394,39.77,38.9577,39.7731,38.3,2026-08-07 13:25:00,1537
40354.57863,39.1591,38.9213,39.06,39.47,38.8,2026-08-07 13:26:00,645
55078.34145,39.0906,39.03,39.11,39.49,38.7,2026-08-07 13:27:00,1092
76511.071353,38.757,38.9,38.79,39.0,38.56,2026-08-07 13:28:00,745
84343.234178,38.8278,38.79,39.19,39.5,38.1,2026-08-07 13:29:00,848
1299406.141597,39.326,38.865,39.04,40.0,38.38,2026-08-07 13:30:00,8294
547642.90058,38.867,39.08,38.765,39.64,38.11,2026-08-07 13:31:00,5761
511325.02115,37.9693,38.7625,37.18,39.23,37.15,2026-08-07 13:32:00,4959
50389.465187,37.1556,37.15,37.15,37.28,37.15,2026-08-07 13:33:00,385
554496.068654,36.0532,36.8,35.35,36.86,35.23,2026-08-07 13:38:00,4846
750286.335386,35.1086,35.33,34.49,36.09,34.0,2026-08-07 13:39:00,7951
417796.36439,34.2186,34.48,33.72,34.81,33.7,2026-08-07 13:40:00,4289
424877.75841,34.0274,33.78,33.6201,34.54,33.53,2026-08-07 13:41:00,4393
405681.382275,33.3693,33.6201,33.25,33.73,33.25,2026-08-07 13:42:00,3877
9579.846385,33.2797,33.25,33.25,33.25,33.25,2026-08-07 13:43:00,131
602076.338739,32.6556,33.24,32.36,33.2699,32.2,2026-08-07 13:48:00,5003
534308.929556,31.9617,32.36,32.22,32.43,31.5,2026-08-07 13:49:00,5351
448783.537624,32.3331,32.22,32.095,32.73,31.99,2026-08-07 13:50:00,4268
337772.770355,32.5179,32.105,32.57,33.1299,32.0,2026-08-07 13:51:00,3491
244818.463333,32.6187,32.58,32.63,32.85,32.37,2026-08-07 13:52:00,2631
377359.01094,32.8958,32.63,32.53,33.24,32.1601,2026-08-07 13:53:00,3584
227194.345262,32.5453,32.51,32.51,32.709,32.3,2026-08-07 13:54:00,2252
131530.68459,32.6598,32.54,32.6925,32.89,32.4311,2026-08-07 13:55:00,1365
157748.342592,32.7026,32.72,32.75,32.93,32.43,2026-08-07 13:56:00,1516
414857.314222,32.2964,32.7256,32.22,32.77,31.93,2026-08-07 13:57:00,4355
385594.956792,32.0015,32.22,32.0,32.31,31.8,2026-08-07 13:58:00,4153
405162.583671,32.0606,32.0,32.11,32.31,31.88,2026-08-07 13:59:00,4068
153807.393422,32.1057,32.19,32.095,32.3,31.89,2026-08-07 14:00:00,1690
171962.383311,32.0764,32.12,32.13,32.25,31.93,2026-08-07 14:01:00,1815
309004.163351,32.0206,32.142,31.86,32.2739,31.69,2026-08-07 14:02:00,2713
192940.807813,32.1941,31.89,32.3788,32.4,31.8676,2026-08-07 14:03:00,2045
142761.147457,32.3874,32.36,32.52,32.53,32.21,2026-08-07 14:04:00,1609
143018.52508,32.5038,32.485,32.32,32.7,32.3,2026-08-07 14:05:00,1437
239114.21677,32.504,32.385,32.41,32.7,32.27,2026-08-07 14:06:00,1628
195838.102449,32.6591,32.395,32.7,32.8,32.395,2026-08-07 14:07:00,1897
230140.87469,32.9176,32.7,33.05,33.1,32.7,2026-08-07 14:08:00,2248
247255.209385,32.9544,33.065,32.825,33.15,32.76,2026-08-07 14:09:00,2263
133250.77032,32.6401,32.8282,32.67,32.9139,32.445,2026-08-07 14:10:00,1394
64900.085847,32.5855,32.71,32.625,32.72,32.5,2026-08-07 14:11:00,988
98908.520756,32.5533,32.64,32.6098,32.84,32.3201,2026-08-07 14:12:00,1078
48399.996172,32.6603,32.62,32.49,32.7838,32.49,2026-08-07 14:13:00,622
238756.916977,32.1313,32.49,32.05,32.5175,31.98,2026-08-07 14:14:00,2248
109358.697848,32.2706,32.05,32.36,32.43,32.02,2026-08-07 14:15:00,1034
64795.930075,32.2501,32.375,32.1854,32.375,32.125,2026-08-07 14:16:00,703
131029.73864,32.0949,32.22,32.115,32.34,32.0,2026-08-07 14:17:00,1433
184425.901996,31.8067,32.09,31.665,32.1264,31.5201,2026-08-07 14:18:00,1758
114888.413705,31.8616,31.62,31.92,31.96,31.62,2026-08-07 14:19:00,1216
141635.852151,31.8843,31.93,31.84,32.01,31.7,2026-08-07 14:20:00,1676
131721.977141,31.4637,31.81,31.325,31.845,31.26,2026-08-07 14:21:00,1455
165328.184402,31.5146,31.3238,31.49,31.73,31.2,2026-08-07 14:22:00,1807
208049.987565,31.44,31.49,31.4616,31.495,31.21,2026-08-07 14:23:00,1492
115787.196832,31.3261,31.4902,31.3,31.66,31.2,2026-08-07 14:24:00,1415
143408.239454,31.2647,31.3,31.28,31.435,31.19,2026-08-07 14:25:00,1579
103748.912564,31.225,31.32,31.03,31.35,31.0,2026-08-07 14:26:00,1380
125861.083955,31.1128,31.02,31.0601,31.21,31.0,2026-08-07 14:27:00,1487
223638.901253,31.4172,31.06,31.775,31.82,31.06,2026-08-07 14:28:00,1498
87624.936986,31.7954,31.775,31.76,31.8902,31.7,2026-08-07 14:29:00,943
129875.833743,31.9957,31.76,32.145,32.2,31.645,2026-08-07 14:30:00,1297
98952.660715,32.0385,32.145,31.875,32.1914,31.83,2026-08-07 14:31:00,1019
104728.764146,31.8375,31.87,31.8061,32.0,31.6164,2026-08-07 14:32:00,1188
62074.422973,31.6773,31.77,31.55,31.8199,31.5,2026-08-07 14:33:00,658
24047.280491,31.5918,31.6,31.5363,31.6502,31.51,2026-08-07 14:34:00,347
124522.240631,31.6768,31.525,31.59,31.83,31.525,2026-08-07 14:35:00,887
94063.320958,31.5996,31.588,31.6546,31.7399,31.48,2026-08-07 14:36:00,1022
60804.4103,31.7208,31.645,31.6903,31.83,31.622,2026-08-07 14:37:00,774
52794.435163,31.5751,31.66,31.44,31.66,31.44,2026-08-07 14:38:00,653
62213.855472,31.4019,31.4793,31.31,31.51,31.27,2026-08-07 14:39:00,738
69375.719664,31.3756,31.3067,31.46,31.5,31.261,2026-08-07 14:40:00,867
51731.004568,31.4696,31.45,31.5,31.525,31.41,2026-08-07 14:41:00,685
109919.647974,31.5334,31.5065,31.47,31.6199,31.42,2026-08-07 14:42:00,1012
125547.721908,31.3066,31.43,31.31,31.44,31.195,2026-08-07 14:43:00,1303
60698.2644,31.2778,31.3112,31.25,31.35,31.205,2026-08-07 14:44:00,704
119845.27676,31.1592,31.22,31.19,31.25,31.09,2026-08-07 14:45:00,1293
50600.148174,31.1498,31.16,31.225,31.28,31.02,2026-08-07 14:46:00,642
66882.636811,31.1961,31.225,31.19,31.2839,31.1,2026-08-07 14:47:00,767
95754.363288,31.2491,31.195,31.3,31.33,31.1374,2026-08-07 14:48:00,1199
78336.253107,31.3984,31.33,31.49,31.49,31.31,2026-08-07 14:49:00,1135
84521.398167,31.3553,31.45,31.255,31.5,31.19,2026-08-07 14:50:00,1113
47023.764238,31.217,31.2344,31.185,31.28,31.1401,2026-08-07 14:51:00,715
24639.775637,31.2174,31.185,31.16,31.25,31.16,2026-08-07 14:52:00,452
130693.74171,31.1322,31.17,31.06,31.22,31.05,2026-08-07 14:53:00,1372
181635.391011,31.0939,31.08,30.955,31.13,30.92,2026-08-07 14:54:00,1271
115505.468781,30.9473,30.95,30.87,31.02,30.87,2026-08-07 14:55:00,1406
135708.2759,30.7855,30.8415,30.72,30.92,30.66,2026-08-07 14:56:00,1679
173690.177978,30.8484,30.72,30.565,30.734,30.53,2026-08-07 14:57:00,1124
184639.918265,30.5188,30.565,30.52,30.62,30.4203,2026-08-07 14:58:00,2031
145329.099225,30.4903,30.52,30.4,30.56,30.37,2026-08-07 14:59:00,1757
66328.73462,30.3865,30.42,30.375,30.44,30.32,2026-08-07 15:00:00,899
120897.100856,30.3868,30.37,30.375,30.4799,30.3101,2026-08-07 15:01:00,1289
205253.846367,30.4719,30.37,30.57,30.57,30.3254,2026-08-07 15:02:00,2353
123861.750576,30.5633,30.54,30.56,30.62,30.5,2026-08-07 15:03:00,1495
134938.151196,30.3836,30.525,30.34,30.53,30.27,2026-08-07 15:04:00,1320
110833.579252,30.3313,30.32,30.4,30.44,30.21,2026-08-07 15:05:00,1331
76727.403124,30.3789,30.4246,30.3,30.45,30.3,2026-08-07 15:06:00,857
218835.854497,30.3814,30.295,30.19,30.52,30.1837,2026-08-07 15:07:00,1981
128434.171259,30.1528,30.195,30.13,30.24,30.1,2026-08-07 15:08:00,1570
160008.19251,30.1488,30.13,30.14,30.2299,30.09,2026-08-07 15:09:00,1410
262610.757659,30.2539,30.12,30.19,30.32,30.0801,2026-08-07 15:10:00,2476
261755.807644,30.3213,30.205,30.495,30.5,30.19,2026-08-07 15:11:00,3130
161600.264771,30.4392,30.4768,30.44,30.55,30.34,2026-08-07 15:12:00,1980
216103.838826,30.5576,30.444,30.58,30.61,30.41,2026-08-07 15:13:00,2483
134728.987229,30.4475,30.59,30.25,30.66,30.2,2026-08-07 15:14:00,1547
130136.614246,30.2866,30.265,30.29,30.46,30.155,2026-08-07 15:15:00,1489
65112.895294,30.2938,30.27,30.23,30.37,30.2,2026-08-07 15:16:00,762
114009.35106,30.1063,30.23,30.03,30.2534,30.01,2026-08-07 15:17:00,857
208864.925812,29.9894,30.0105,30.01,30.07,29.89,2026-08-07 15:18:00,2065
208958.607808,30.043,30.015,29.9491,30.12,29.94,2026-08-07 15:19:00,2077
181155.404064,29.8442,29.94,29.775,29.98,29.75,2026-08-07 15:20:00,1742
123107.15128,29.7237,29.77,29.71,29.81,29.646,2026-08-07 15:21:00,1538
104636.052198,29.7432,29.69,29.76,29.8,29.675,2026-08-07 15:22:00,1309
104874.464831,29.7854,29.765,29.84,29.84,29.7,2026-08-07 15:23:00,1262
128326.29896,29.8385,29.84,29.805,29.95,29.7701,2026-08-07 15:24:00,1229
84717.767887,29.7379,29.81,29.67,29.84,29.632,2026-08-07 15:25:00,852
75877.21039,29.6682,29.66,29.64,29.73,29.6,2026-08-07 15:26:00,941
40708.029611,29.6527,29.64,29.621,29.7,29.61,2026-08-07 15:27:00,538
77148.503746,29.6326,29.63,29.58,29.6932,29.555,2026-08-07 15:28:00,1200
302068.159984,29.3719,29.58,29.13,29.58,29.11,2026-08-07 15:29:00,3427
221125.058139,29.1544,29.13,29.09,29.23,29.08,2026-08-07 15:30:00,2668
215235.27794,29.0442,29.09,28.93,29.09,28.93,2026-08-07 15:31:00,2503
239954.03681,28.8255,28.94,28.73,28.96,28.67,2026-08-07 15:32:00,2624
161479.596914,28.7571,28.72,28.75,28.82,28.69,2026-08-07 15:33:00,1695
252835.27141,28.5831,28.75,28.49,28.75,28.47,2026-08-07 15:34:00,2393
296039.398981,28.4113,28.49,28.39,28.52,28.31,2026-08-07 15:35:00,2888
109779.289561,28.3191,28.398,28.23,28.4833,28.21,2026-08-07 15:36:00,1445
257943.590217,28.2606,28.23,28.26,28.38,28.12,2026-08-07 15:37:00,3043
152732.597644,28.3505,28.27,28.3615,28.42,28.25,2026-08-07 15:38:00,1821
131654.710877,28.3881,28.345,28.44,28.47,28.3201,2026-08-07 15:39:00,1430
173827.435656,28.3493,28.44,28.285,28.45,28.23,2026-08-07 15:40:00,2153
88334.655972,28.2838,28.28,28.26,28.33,28.23,2026-08-07 15:41:00,1098
60323.30107,28.2243,28.2665,28.21,28.29,28.11,2026-08-07 15:42:00,725
108765.476672,28.2216,28.2,28.3172,28.335,28.12,2026-08-07 15:43:00,1360
135926.636957,28.2937,28.31,28.21,28.37,28.21,2026-08-07 15:44:00,1641
74111.142968,28.2895,28.22,28.355,28.39,28.2,2026-08-07 15:45:00,838
90316.919025,28.2924,28.34,28.245,28.355,28.24,2026-08-07 15:46:00,1122
111368.179596,28.2898,28.25,28.265,28.33,28.21,2026-08-07 15:47:00,1421
101721.853773,28.1712,28.265,28.13,28.265,28.11,2026-08-07 15:48:00,1116
151240.523515,28.25,28.15,28.29,28.34,28.15,2026-08-07 15:49:00,1930
84982.609747,28.2758,28.3,28.29,28.34,28.21,2026-08-07 15:50:00,1032
91557.715388,28.2861,28.29,28.29,28.335,28.22,2026-08-07 15:51:00,1027
93691.403034,28.3229,28.2972,28.34,28.36,28.29,2026-08-07 15:52:00,962
115023.064307,28.3441,28.34,28.35,28.39,28.262,2026-08-07 15:53:00,1262
199954.85067,28.2427,28.355,28.135,28.36,28.11,2026-08-07 15:54:00,1869
119697.254401,28.2021,28.15,28.19,28.29,28.12,2026-08-07 15:55:00,1511
76788.08512,28.2351,28.18,28.255,28.3,28.15,2026-08-07 15:56:00,873
68612.293771,28.2317,28.255,28.21,28.28,28.1705,2026-08-07 15:57:00,838
318125.072862,28.1375,28.2,28.19,28.22,28.08,2026-08-07 15:58:00,3328
104595.240612,28.1605,28.18,28.17,28.2,28.1,2026-08-07 15:59:00,1353
309367.707565,27.9238,28.16,27.98,28.16,27.76,2026-08-07 16:00:00,2736
146080.17863,27.8947,27.98,27.805,28.01,27.78,2026-08-07 16:01:00,1711
87852.563206,27.8115,27.78,27.7659,27.89,27.73,2026-08-07 16:02:00,1014
90062.823986,27.8626,27.76,27.935,27.9558,27.75,2026-08-07 16:03:00,949
124636.194823,27.9064,27.935,28.0329,28.0399,27.81,2026-08-07 16:04:00,1163
101620.85006,27.9678,28.04,27.94,28.04,27.905,2026-08-07 16:05:00,1182
69184.058584,27.8268,27.95,27.79,27.98,27.7708,2026-08-07 16:06:00,795
109682.481936,27.7336,27.795,27.7,27.82,27.66,2026-08-07 16:07:00,1186
123838.938331,27.7104,27.69,27.7076,27.78,27.6501,2026-08-07 16:08:00,1391
54610.680515,27.7341,27.7195,27.755,27.77,27.7,2026-08-07 16:09:00,613
134224.473567,27.6954,27.755,27.62,27.77,27.6,2026-08-07 16:10:00,1372
110793.202814,27.643,27.62,27.55,27.71,27.52,2026-08-07 16:11:00,1275
185661.72554,27.5534,27.5591,27.5463,27.62,27.5,2026-08-07 16:12:00,1815
68674.909618,27.5901,27.548,27.58,27.64,27.545,2026-08-07 16:13:00,644
88461.643807,27.5709,27.55,27.58,27.61,27.525,2026-08-07 16:14:00,885
238796.54869,27.4877,27.57,27.405,27.57,27.39,2026-08-07 16:15:00,1748
94036.173605,27.4298,27.39,27.35,27.52,27.34,2026-08-07 16:16:00,823
103815.154722,27.3919,27.37,27.4,27.44,27.33,2026-08-07 16:17:00,1040
201525.58646,27.573,27.4099,27.65,27.7,27.405,2026-08-07 16:18:00,1773
125432.785842,27.6438,27.6699,27.53,27.71,27.495,2026-08-07 16:19:00,1109
52354.099151,27.6081,27.57,27.64,27.68,27.56,2026-08-07 16:20:00,658
69952.393068,27.6449,27.635,27.62,27.69,27.575,2026-08-07 16:21:00,698
86111.410423,27.6451,27.63,27.63,27.71,27.6,2026-08-07 16:22:00,995
115612.341165,27.7315,27.63,27.775,27.8,27.6,2026-08-07 16:23:00,866
91828.882327,27.737,27.79,27.69,27.8,27.67,2026-08-07 16:24:00,775
62494.043422,27.6291,27.6792,27.635,27.68,27.5403,2026-08-07 16:25:00,662
40849.267222,27.7257,27.635,27.78,27.8,27.635,2026-08-07 16:26:00,495
78240.728587,27.7571,27.78,27.77,27.79,27.69,2026-08-07 16:27:00,696
85830.805522,27.7857,27.78,27.82,27.8298,27.725,2026-08-07 16:28:00,803
204006.257303,28.0311,27.83,28.11,28.21,27.82,2026-08-07 16:29:00,1796
127044.177081,28.0912,28.08,28.13,28.2,27.98,2026-08-07 16:30:00,988
76854.11969,28.0886,28.11,28.025,28.1433,28.025,2026-08-07 16:31:00,816
80943.837176,28.0118,28.03,28.05,28.07,27.95,2026-08-07 16:32:00,671
26942.802721,28.0146,28.0512,28.05,28.07,27.965,2026-08-07 16:33:00,359
45965.158158,28.067,28.065,28.02,28.105,28.01,2026-08-07 16:34:00,486
40263.769549,28.0213,28.015,28.05,28.0511,28.0,2026-08-07 16:35:00,473
34212.301066,28.0376,28.05,28.015,28.079,28.0,2026-08-07 16:36:00,371
107709.709014,28.0003,28.01,28.03,28.05,27.93,2026-08-07 16:37:00,1189
85365.768073,27.9633,28.03,27.9843,28.06,27.88,2026-08-07 16:38:00,891
57817.817797,27.9004,27.9863,27.86,27.99,27.825,2026-08-07 16:39:00,594
69876.277052,27.8661,27.86,27.845,27.92,27.8201,2026-08-07 16:40:00,799
118200.480736,27.805,27.85,27.82,27.88,27.7306,2026-08-07 16:41:00,992
107036.198555,27.8655,27.804,27.91,27.9462,27.804,2026-08-07 16:42:00,954
66217.80288,27.9398,27.926,27.91,27.96,27.91,2026-08-07 16:43:00,654
103017.21511,27.8375,27.9,27.91,27.93,27.75,2026-08-07 16:44:00,840
108142.55071,27.7094,27.89,27.55,27.89,27.55,2026-08-07 16:45:00,958
83981.074608,27.6183,27.55,27.71,27.77,27.52,2026-08-07 16:46:00,914
48643.478469,27.7246,27.73,27.7,27.7732,27.69,2026-08-07 16:47:00,462
48768.469502,27.7251,27.69,27.745,27.77,27.68,2026-08-07 16:48:00,556
47654.398771,27.7533,27.745,27.79,27.82,27.68,2026-08-07 16:49:00,496
33757.404811,27.7941,27.79,27.73,27.84,27.73,2026-08-07 16:50:00,374
112022.558345,27.5815,27.722,27.46,27.774,27.42,2026-08-07 16:51:00,1100
182549.296683,27.2889,27.46,27.26,27.5,27.1603,2026-08-07 16:52:00,1614
80149.847096,27.3138,27.25,27.35,27.36,27.21,2026-08-07 16:53:00,683
50783.993655,27.3144,27.36,27.24,27.41,27.2342,2026-08-07 16:54:00,562
75063.777749,27.2774,27.24,27.28,27.35,27.21,2026-08-07 16:55:00,668
74756.289395,27.3034,27.28,27.2501,27.36,27.25,2026-08-07 16:56:00,547
50965.587367,27.2726,27.255,27.24,27.31,27.24,2026-08-07 16:57:00,466
52813.773577,27.2298,27.245,27.2305,27.27,27.2,2026-08-07 16:58:00,587
50813.555945,27.2531,27.23,27.265,27.28,27.2101,2026-08-07 16:59:00,542
66241.198228,27.2696,27.28,27.24,27.33,27.21,2026-08-07 17:00:00,685
41271.477545,27.2179,27.24,27.24,27.25,27.19,2026-08-07 17:01:00,533
82909.924543,27.2595,27.26,27.279,27.29,27.23,2026-08-07 17:02:00,676
62941.604562,27.2272,27.279,27.2,27.29,27.18,2026-08-07 17:03:00,654
53788.089767,27.2574,27.19,27.265,27.28,27.19,2026-08-07 17:04:00,447
24917.771173,27.2305,27.26,27.22,27.26,27.19,2026-08-07 17:05:00,287
22131.89302,27.2312,27.22,27.27,27.27,27.19,2026-08-07 17:06:00,277
57780.537311,27.2457,27.26,27.225,27.27,27.2,2026-08-07 17:07:00,427
41992.890007,27.2636,27.24,27.24,27.3,27.226,2026-08-07 17:08:00,419
38727.9915,27.2517,27.24,27.26,27.27,27.22,2026-08-07 17:09:00,438
45629.48989,27.2213,27.255,27.23,27.2795,27.17,2026-08-07 17:10:00,491
140428.80252,27.3649,27.23,27.41,27.43,27.23,2026-08-07 17:11:00,1219
74536.155531,27.3884,27.41,27.375,27.42,27.35,2026-08-07 17:12:00,590
83852.303711,27.4558,27.3822,27.43,27.49,27.375,2026-08-07 17:13:00,610
85570.32221,27.4212,27.44,27.425,27.5,27.35,2026-08-07 17:14:00,825
40742.449506,27.4544,27.43,27.48,27.49,27.39,2026-08-07 17:15:00,520
46528.63337,27.4367,27.48,27.46,27.48,27.41,2026-08-07 17:16:00,472
31984.036099,27.4602,27.479,27.435,27.49,27.4201,2026-08-07 17:17:00,431
41349.505902,27.4695,27.44,27.435,27.49,27.42,2026-08-07 17:18:00,436
63800.644545,27.4146,27.435,27.42,27.45,27.36,2026-08-07 17:19:00,608
13606.109097,27.4272,27.42,27.43,27.44,27.41,2026-08-07 17:20:00,239
41699.21379,27.4525,27.43,27.48,27.48,27.415,2026-08-07 17:21:00,425
63565.510595,27.5009,27.475,27.41,27.55,27.4072,2026-08-07 17:22:00,560
35560.80205,27.4259,27.4199,27.4,27.45,27.4,2026-08-07 17:23:00,451
47734.021485,27.441,27.41,27.47,27.485,27.39,2026-08-07 17:24:00,482
30674.982504,27.4694,27.47,27.49,27.49,27.46,2026-08-07 17:25:00,392
101244.945692,27.56,27.49,27.57,27.65,27.48,2026-08-07 17:26:00,1126
97762.734476,27.6018,27.57,27.565,27.66,27.54,2026-08-07 17:27:00,785
157546.104376,27.6907,27.575,27.7813,27.85,27.5197,2026-08-07 17:28:00,1191
288886.527186,28.0806,27.795,28.23,28.3483,27.745,2026-08-07 17:29:00,2212
225567.765511,28.3124,28.26,28.39,28.47,28.08,2026-08-07 17:30:00,1798
157960.503684,28.4555,28.4,28.5816,28.5816,28.36,2026-08-07 17:31:00,1423
213758.094512,28.7599,28.56,28.9,28.91,28.53,2026-08-07 17:32:00,1855
183708.114603,28.9952,28.8927,28.97,29.11,28.86,2026-08-07 17:33:00,1643
222689.212867,28.7536,28.96,28.65,29.058,28.56,2026-08-07 17:34:00,2147
101241.282329,28.527,28.64,28.435,28.655,28.4003,2026-08-07 17:35:00,988
123082.273387,28.444,28.42,28.57,28.58,28.33,2026-08-07 17:36:00,924
86940.681156,28.5546,28.57,28.63,28.6499,28.4,2026-08-07 17:37:00,724
75595.287781,28.6391,28.6399,28.65,28.69,28.555,2026-08-07 17:38:00,607
133646.297669,28.5331,28.65,28.49,28.7,28.46,2026-08-07 17:39:00,1402
127841.781366,28.6673,28.49,28.8299,28.83,28.45,2026-08-07 17:40:00,1151
74195.013329,28.7707,28.8,28.74,28.83,28.7076,2026-08-07 17:41:00,692
68109.341273,28.7829,28.71,28.88,28.88,28.68,2026-08-07 17:42:00,675
98344.370656,28.9032,28.879,28.99,28.99,28.79,2026-08-07 17:43:00,830
157627.463412,28.9896,29.0,29.045,29.05,28.9,2026-08-07 17:44:00,1449
142322.628553,29.03,29.04,28.98,29.12,28.9201,2026-08-07 17:45:00,1043
95260.021845,28.9219,28.98,28.86,28.9995,28.8205,2026-08-07 17:46:00,873
102079.75172,28.8632,28.84,28.875,28.905,28.82,2026-08-07 17:47:00,941
77537.633888,28.9212,28.875,28.86,29.0,28.82,2026-08-07 17:48:00,689
58118.99234,28.8952,28.88,28.89,28.93,28.86,2026-08-07 17:49:00,481
59171.012504,28.8908,28.89,28.9,28.95,28.85,2026-08-07 17:50:00,459
60595.019757,28.8948,28.91,28.85,28.95,28.83,2026-08-07 17:51:00,664
84341.566776,28.7943,28.85,28.83,28.86,28.7101,2026-08-07 17:52:00,767
37358.090458,28.8241,28.825,28.8484,28.8895,28.782,2026-08-07 17:53:00,392
110198.519195,28.8625,28.83,28.87,28.9619,28.7097,2026-08-07 17:54:00,1135
33629.467467,28.9107,28.87,28.915,28.95,28.84,2026-08-07 17:55:00,401
113078.017627,28.9743,28.91,28.99,29.03,28.9,2026-08-07 17:56:00,879
140761.576723,29.1454,28.98,29.23,29.26,28.98,2026-08-07 17:57:00,1098
154834.290028,29.2682,29.2399,29.175,29.36,29.15,2026-08-07 17:58:00,1376
72448.555065,29.1715,29.16,29.29,29.29,29.11,2026-08-07 17:59:00,903
233753.471926,29.3861,29.32,29.42,29.4599,29.3,2026-08-07 18:00:00,1922
156520.906797,29.3427,29.43,29.22,29.47,29.22,2026-08-07 18:01:00,1335
83458.752732,29.2194,29.2288,29.265,29.29,29.12,2026-08-07 18:02:00,897
39636.438392,29.2722,29.2607,29.27,29.325,29.2,2026-08-07 18:03:00,448
65174.133787,29.2625,29.27,29.165,29.32,29.16,2026-08-07 18:04:00,622
66711.457652,29.1532,29.1516,29.1738,29.235,29.1101,2026-08-07 18:05:00,641
61562.593684,29.1464,29.1772,29.11,29.2159,29.07,2026-08-07 18:06:00,549
126413.586419,29.0383,29.11,29.09,29.12,28.96,2026-08-07 18:07:00,1084
81680.405876,29.0655,29.1,29.045,29.1099,29.01,2026-08-07 18:08:00,804
51323.445265,29.0653,29.05,29.02,29.11,29.02,2026-08-07 18:09:00,531
69841.285137,29.0334,29.01,29.0266,29.09,28.96,2026-08-07 18:10:00,616
44512.901441,29.0179,29.03,29.06,29.0799,28.96,2026-08-07 18:11:00,476
32324.911031,29.0636,29.06,28.99,29.1049,28.99,2026-08-07 18:12:00,372
47928.274539,29.0407,28.99,29.03,29.07,28.9701,2026-08-07 18:13:00,544
177187.601589,28.8841,29.025,28.81,29.0357,28.75,2026-08-07 18:14:00,1362
169160.397971,28.6599,28.81,28.632,28.81,28.57,2026-08-07 18:15:00,1220
52210.940683,28.6692,28.63,28.67,28.72,28.6225,2026-08-07 18:16:00,520
79134.679979,28.6609,28.67,28.665,28.715,28.58,2026-08-07 18:17:00,801
86052.362948,28.6402,28.665,28.68,28.6973,28.59,2026-08-07 18:18:00,1026
36456.385634,28.6305,28.68,28.658,28.685,28.5828,2026-08-07 18:19:00,549
35391.58015,28.6692,28.66,28.69,28.695,28.64,2026-08-07 18:20:00,567
57161.721421,28.6199,28.7,28.6,28.7,28.56,2026-08-07 18:21:00,653
51292.533596,28.6617,28.61,28.6336,28.71,28.6,2026-08-07 18:22:00,521
48255.911066,28.6969,28.66,28.6831,28.753,28.66,2026-08-07 18:23:00,481
76147.45323,28.7254,28.679,28.728,28.765,28.6528,2026-08-07 18:24:00,591
38240.0874,28.6527,28.72,28.6366,28.72,28.6,2026-08-07 18:25:00,413
47249.032673,28.6023,28.65,28.575,28.66,28.56,2026-08-07 18:26:00,515
49073.82564,28.6327,28.55,28.66,28.68,28.55,2026-08-07 18:27:00,453
27419.432536,28.6417,28.66,28.615,28.6699,28.61,2026-08-07 18:28:00,420
18968.979103,28.6173,28.615,28.62,28.63,28.592,2026-08-07 18:29:00,340
70405.528704,28.688,28.62,28.65,28.75,28.62,2026-08-07 18:30:00,727
42445.382441,28.6318,28.63,28.67,28.68,28.574,2026-08-07 18:31:00,584
24697.750013,28.6758,28.67,28.685,28.706,28.65,2026-08-07 18:32:00,325
12967.592462,28.6686,28.68,28.65,28.6802,28.6454,2026-08-07 18:33:00,204
25899.709035,28.6875,28.65,28.69,28.73,28.6458,2026-08-07 18:34:00,356
41393.41215,28.721,28.69,28.72,28.79,28.68,2026-08-07 18:35:00,522
41582.260742,28.664,28.71,28.6791,28.71,28.61,2026-08-07 18:36:00,478
47744.24253,28.6952,28.66,28.72,28.73,28.64,2026-08-07 18:37:00,443
21875.924805,28.6993,28.7,28.7215,28.7215,28.68,2026-08-07 18:38:00,333
41496.935764,28.6252,28.72,28.6,28.72,28.55,2026-08-07 18:39:00,557
64270.2181,28.5247,28.578,28.56,28.59,28.46,2026-08-07 18:40:00,703
20577.542049,28.5703,28.56,28.58,28.59,28.54,2026-08-07 18:41:00,272
56958.320563,28.6231,28.58,28.6502,28.68,28.55,2026-08-07 18:42:00,590
40243.69038,28.69,28.6591,28.69,28.7256,28.6591,2026-08-07 18:43:00,454
32149.737951,28.6562,28.67,28.668,28.7,28.6211,2026-08-07 18:44:00,396
66070.232632,28.6581,28.7,28.634,28.71,28.61,2026-08-07 18:45:00,772
46629.33333,28.6183,28.645,28.6116,28.66,28.57,2026-08-07 18:46:00,523
29124.865424,28.6381,28.625,28.65,28.685,28.605,2026-08-07 18:47:00,389
16309.616598,28.6178,28.65,28.62,28.67,28.58,2026-08-07 18:48:00,297
18809.912142,28.6259,28.62,28.6,28.65,28.59,2026-08-07 18:49:00,295
49963.135714,28.613,28.605,28.645,28.65,28.57,2026-08-07 18:50:00,493
16131.32908,28.6406,28.645,28.65,28.66,28.6164,2026-08-07 18:51:00,255
24644.655607,28.6342,28.65,28.625,28.675,28.6,2026-08-07 18:52:00,340
49881.586793,28.6585,28.63,28.66,28.6899,28.63,2026-08-07 18:53:00,551
35302.863028,28.6273,28.66,28.59,28.66,28.59,2026-08-07 18:54:00,371
51280.174947,28.5996,28.58,28.64,28.64,28.55,2026-08-07 18:55:00,584
41940.19395,28.6547,28.65,28.68,28.695,28.624,2026-08-07 18:56:00,564
54597.6292,28.6984,28.68,28.72,28.74,28.6768,2026-08-07 18:57:00,449
60942.069293,28.6876,28.71,28.655,28.74,28.63,2026-08-07 18:58:00,590
60878.48492,28.6764,28.6551,28.67,28.7,28.65,2026-08-07 18:59:00,689
84928.176074,28.7458,28.68,28.735,28.81,28.68,2026-08-07 19:00:00,804
166213.686876,28.9025,28.73,28.865,28.9997,28.72,2026-08-07 19:01:00,1259
76587.707756,28.8019,28.8681,28.9,28.91,28.73,2026-08-07 19:02:00,718
36304.964362,28.8604,28.92,28.82,28.9212,28.82,2026-08-07 19:03:00,403
65585.855807,28.7345,28.82,28.76,28.82,28.6514,2026-08-07 19:04:00,595
47973.794946,28.6166,28.76,28.57,28.775,28.5,2026-08-07 19:05:00,505
41515.526525,28.6251,28.565,28.63,28.7,28.565,2026-08-07 19:06:00,512
43241.956298,28.6013,28.61,28.625,28.645,28.565,2026-08-07 19:07:00,523
30097.076998,28.6479,28.635,28.66,28.6799,28.61,2026-08-07 19:08:00,439
44480.583384,28.6143,28.66,28.6,28.66,28.57,2026-08-07 19:09:00,456
51531.267646,28.6245,28.61,28.63,28.66,28.59,2026-08-07 19:10:00,723
64678.168138,28.6468,28.6282,28.7,28.72,28.59,2026-08-07 19:11:00,672
84251.353838,28.6763,28.7075,28.58,28.73,28.56,2026-08-07 19:12:00,916
26393.210067,28.6145,28.58,28.63,28.63,28.58,2026-08-07 19:13:00,364
46016.579899,28.6406,28.63,28.6788,28.68,28.59,2026-08-07 19:14:00,594
33239.149605,28.6759,28.68,28.645,28.725,28.62,2026-08-07 19:15:00,410
51481.222446,28.6117,28.645,28.67,28.67,28.56,2026-08-07 19:16:00,529
40834.170548,28.6639,28.67,28.67,28.7,28.6301,2026-08-07 19:17:00,377
24811.260945,28.6567,28.67,28.64,28.6765,28.631,2026-08-07 19:18:00,280
67968.46119,28.6827,28.64,28.72,28.74,28.64,2026-08-07 19:19:00,740
16325.778744,28.6521,28.7,28.635,28.7,28.62,2026-08-07 19:20:00,263
52726.156071,28.6606,28.635,28.68,28.71,28.61,2026-08-07 19:21:00,542
154632.675885,28.4626,28.68,28.325,28.7,28.27,2026-08-07 19:22:00,1300
131079.647975,28.4084,28.3455,28.415,28.52,28.32,2026-08-07 19:23:00,931
26448.203215,28.4318,28.415,28.395,28.4699,28.39,2026-08-07 19:24:00,296
59905.40608,28.4276,28.39,28.415,28.49,28.34,2026-08-07 19:25:00,507
79215.386392,28.2829,28.4,28.16,28.4,28.14,2026-08-07 19:26:00,752
90811.142742,28.1538,28.15,28.09,28.1955,28.08,2026-08-07 19:27:00,913
173536.194609,27.975,28.08,27.89,28.1,27.84,2026-08-07 19:28:00,1156
59863.192495,27.891,27.892,27.9,27.91,27.84,2026-08-07 19:29:00,504
169924.988295,27.9786,27.89,28.145,28.16,27.88,2026-08-07 19:30:00,1593
107151.916876,28.1197,28.1305,28.17,28.2099,28.03,2026-08-07 19:31:00,844
73379.86099,28.1311,28.16,28.06,28.23,28.01,2026-08-07 19:32:00,700
136989.816794,28.1092,28.04,28.23,28.23,27.985,2026-08-07 19:33:00,1050
202542.821706,28.1799,28.22,28.1201,28.27,28.06,2026-08-07 19:34:00,1664
98144.142164,28.2117,28.13,28.18,28.275,28.13,2026-08-07 19:35:00,775
59441.247721,28.1576,28.2,28.1586,28.2296,28.1,2026-08-07 19:36:00,549
45842.54378,28.1767,28.16,28.21,28.21,28.14,2026-08-07 19:37:00,532
52337.519513,28.1422,28.2,28.135,28.22,28.112,2026-08-07 19:38:00,347
128905.40829,28.1226,28.135,28.135,28.17,28.1,2026-08-07 19:39:00,1287
72581.474335,28.1492,28.14,28.1,28.2,28.1,2026-08-07 19:40:00,645
115956.009634,28.0172,28.11,28.01,28.11,27.92,2026-08-07 19:41:00,964
96404.21098,28.0655,28.015,28.09,28.14,28.01,2026-08-07 19:42:00,693
83237.662546,28.0519,28.09,27.9538,28.13,27.95,2026-08-07 19:43:00,626
86310.998129,27.9242,27.95,27.86,27.99,27.85,2026-08-07 19:44:00,911
82966.764469,27.8287,27.865,27.75,27.899,27.72,2026-08-07 19:45:00,643
67370.409306,27.7502,27.75,27.665,27.78,27.6505,2026-08-07 19:46:00,709
86857.78633,27.7374,27.665,27.82,27.825,27.6507,2026-08-07 19:47:00,897
68219.128136,27.7554,27.825,27.72,27.8399,27.69,2026-08-07 19:48:00,549
118730.547081,27.7716,27.73,27.7,27.855,27.69,2026-08-07 19:49:00,1058
106965.625017,27.6131,27.7,27.64,27.7,27.52,2026-08-07 19:50:00,943
128776.481838,27.6079,27.631,27.585,27.65,27.56,2026-08-07 19:51:00,1048
142897.704117,27.6627,27.585,27.69,27.74,27.53,2026-08-07 19:52:00,1292
85322.59376,27.6787,27.69,27.71,27.72,27.63,2026-08-07 19:53:00,951
93568.268983,27.6822,27.711,27.63,27.72,27.63,2026-08-07 19:54:00,898
164853.898669,27.606,27.64,27.515,27.71,27.51,2026-08-07 19:55:00,1629
239649.238095,27.4907,27.515,27.41,27.56,27.4,2026-08-07 19:56:00,2139
265711.854445,27.429,27.41,27.34,27.488,27.34,2026-08-07 19:57:00,2289
361751.754738,27.372,27.36,27.335,27.46,27.28,2026-08-07 19:58:00,2873
793131.877768,27.3872,27.335,27.41,27.5,27.29,2026-08-07 19:59:00,5138
37734.470031,27.4339,27.41,27.6,27.65,27.35,2026-08-07 20:00:00,77
12417.140845,27.5189,27.4,27.77,27.88,27.4,2026-08-07 20:01:00,51
2538.0,27.6716,27.75,27.63,27.77,27.6,2026-08-07 20:02:00,42
2087.0,27.6074,27.61,27.55,27.6109,27.55,2026-08-07 20:03:00,25
5716.75519,27.7576,27.686,27.8,27.8,27.65,2026-08-07 20:04:00,59
3737.0,27.6786,27.7904,27.78,27.7904,27.5001,2026-08-07 20:05:00,31
3248.0,27.719,27.69,27.7,27.7606,27.6132,2026-08-07 20:06:00,32
2806.0,27.7031,27.7,27.7176,27.7423,27.6093,2026-08-07 20:07:00,40
1091.0,27.7001,27.7,27.6317,27.72,27.6317,2026-08-07 20:08:00,41
11724.0,27.7263,27.61,27.8,27.8,27.61,2026-08-07 20:09:00,41
15979.297493,27.9475,27.83,27.98,28.1312,27.8,2026-08-07 20:10:00,121
2155.274776,27.9448,27.9056,27.97,27.97,27.9056,2026-08-07 20:11:00,33
5398.134429,27.9716,27.87,27.967,27.991,27.87,2026-08-07 20:12:00,52
3389.0,27.9642,27.986,27.9723,27.986,27.9395,2026-08-07 20:13:00,17
4741.138056,28.086,27.98,28.25,28.25,27.98,2026-08-07 20:14:00,45
4111.0,28.0305,28.06,28.03,28.08,28.0,2026-08-07 20:15:00,40
2456.0,28.0279,28.09,28.02,28.1,27.96,2026-08-07 20:16:00,36
1907.0,28.0472,28.0507,28.0345,28.0507,28.0345,2026-08-07 20:17:00,16
7113.0,28.0185,28.01,28.02,28.0599,28.001,2026-08-07 20:18:00,39
3891.916142,28.0264,28.02,28.004,28.04,28.003,2026-08-07 20:19:00,90
3050.0,27.9338,28.02,27.87,28.02,27.87,2026-08-07 20:20:00,49
14179.0,27.8282,27.8056,27.87,28.0,27.8,2026-08-07 20:21:00,47
2304.138056,27.7584,27.79,27.6722,27.79,27.6722,2026-08-07 20:22:00,23
4665.0,27.6133,27.67,27.62,27.67,27.55,2026-08-07 20:23:00,54
3118.0,27.5618,27.55,27.66,27.66,27.55,2026-08-07 20:24:00,28
1651.0,27.6958,27.68,27.7,27.7,27.68,2026-08-07 20:25:00,16
351.0,27.6865,27.688,27.68,27.7,27.68,2026-08-07 20:26:00,7
1266.0,27.6727,27.65,27.68,27.68,27.65,2026-08-07 20:27:00,16
1330.0,27.6869,27.7,27.6926,27.7,27.6926,2026-08-07 20:28:00,30
1121.134429,27.637,27.62,27.6103,27.63,27.6103,2026-08-07 20:29:00,22
1983.0,27.6138,27.6325,27.6,27.64,27.55,2026-08-07 20:30:00,40
3379.0,27.5883,27.5568,27.6,27.63,27.5568,2026-08-07 20:31:00,24
4370.0,27.7206,27.65,27.7232,27.81,27.63,2026-08-07 20:32:00,62
3003.0,27.8402,27.834,27.7922,27.86,27.7922,2026-08-07 20:33:00,32
1405.0,27.8055,27.7929,27.8,27.82,27.79,2026-08-07 20:34:00,14
1029.0,27.8536,27.82,27.88,27.88,27.82,2026-08-07 20:35:00,20
3137.0,27.9939,27.974,27.9958,28.0147,27.974,2026-08-07 20:36:00,28
1752.0,27.9588,27.9186,27.9,28.02,27.9,2026-08-07 20:37:00,21
2701.0,27.8819,27.92,27.8521,27.92,27.8521,2026-08-07 20:38:00,31
6062.0,27.8985,27.906,27.932,27.95,27.85,2026-08-07 20:39:00,37
1663.0,27.9179,27.98,27.8666,27.98,27.8603,2026-08-07 20:41:00,44
85408.0,27.4047,27.9726,27.95,27.9735,27.4,2026-08-07 20:42:00,9
2369.0,27.9958,27.9887,28.02,28.02,27.9887,2026-08-07 20:43:00,36
1073.0,27.9948,27.99,27.99,28.0125,27.97,2026-08-07 20:44:00,19
1732.0,27.947,27.95,27.8866,28.0,27.87,2026-08-07 20:45:00,32
787.0,27.9091,27.91,27.9,27.91,27.9,2026-08-07 20:46:00,13
2012.0,27.94,27.99,27.95,27.99,27.9,2026-08-07 20:47:00,15
3868.0,27.8918,27.9,27.88,27.9,27.8776,2026-08-07 20:49:00,37
1839.0,27.8838,27.9581,27.9373,27.9581,27.85,2026-08-07 20:51:00,37
609.0,27.8969,27.9,27.9,27.9,27.9,2026-08-07 20:53:00,15
3245.0,27.8566,27.8534,27.88,27.88,27.85,2026-08-07 20:54:00,30
269.02107,27.8901,27.89,27.89,27.89,27.89,2026-08-07 20:55:00,17
1300.0,27.8791,27.89,27.8703,27.89,27.8703,2026-08-07 20:56:00,13
1975.0,27.8924,27.92,27.89,27.92,27.89,2026-08-07 20:57:00,110
3228.0,28.0092,27.91,28.07,28.07,27.89,2026-08-07 20:58:00,49
1183.138056,28.0701,28.06,28.12,28.12,27.93,2026-08-07 20:59:00,31
2992.0,28.1012,28.18,28.1,28.18,27.9925,2026-08-07 21:00:00,18
1611.0,28.0151,28.03,28.0025,28.03,28.0025,2026-08-07 21:01:00,18
3907.0,28.083,28.087,28.09,28.1,28.08,2026-08-07 21:02:00,21
6579.0,28.2032,28.15,28.27,28.27,28.15,2026-08-07 21:03:00,30
2668.0,28.2216,28.24,28.22,28.24,28.22,2026-08-07 21:04:00,17
1010.0,28.0754,28.0541,28.15,28.15,28.0541,2026-08-07 21:07:00,17
2139.0,28.2382,28.17,28.2,28.25,28.17,2026-08-07 21:10:00,17
1465.0,28.0104,28.0052,28.0052,28.0052,28.0052,2026-08-07 21:11:00,12
7684.0,28.0705,28.07,28.1,28.1,28.07,2026-08-07 21:14:00,13
241.0,28.0172,28.011,28.011,28.011,28.011,2026-08-07 21:15:00,5
137.0,28.1387,28.15,28.15,28.15,28.15,2026-08-07 21:16:00,4
456.0,28.0688,28.07,28.07,28.07,28.07,2026-08-07 21:18:00,9
861.0,28.0994,28.1,28.1,28.1,28.1,2026-08-07 21:19:00,8
258.0,28.059,28.06,28.05,28.06,28.05,2026-08-07 21:20:00,9
1152.0,27.9969,28.01,27.929,28.01,27.929,2026-08-07 21:21:00,22
544.0,27.9702,27.92,27.9999,27.9999,27.92,2026-08-07 21:23:00,9
1313.0,27.8838,27.94,27.89,27.94,27.85,2026-08-07 21:25:00,26
394.0,27.8903,27.8597,27.962,27.962,27.8597,2026-08-07 21:26:00,8
3019.804729,27.8646,27.8533,27.85,27.8533,27.85,2026-08-07 21:27:00,18
1144.0,27.938,27.9484,27.9484,27.9484,27.9484,2026-08-07 21:29:00,12
1287.0,27.9068,27.9,27.93,27.93,27.9,2026-08-07 21:31:00,9
107.0,27.868,27.8657,27.8657,27.8657,27.8657,2026-08-07 21:32:00,3
436.0,27.9108,27.93,27.86,27.93,27.86,2026-08-07 21:34:00,5
527.274776,27.8858,27.895,27.8659,27.895,27.8659,2026-08-07 21:35:00,7
762.0,27.8729,27.88,27.8962,27.8962,27.86,2026-08-07 21:36:00,19
353.0,27.8477,27.85,27.85,27.85,27.85,2026-08-07 21:37:00,10
622.0,27.8447,27.8536,27.81,27.8536,27.81,2026-08-07 21:40:00,23
3702.138056,27.7577,27.79,27.75,27.79,27.75,2026-08-07 21:43:00,28
142.0,27.719,27.7,27.7,27.7,27.7,2026-08-07 21:44:00,6
270.0,27.8201,27.85,27.85,27.85,27.85,2026-08-07 21:47:00,31
1014.0,27.7353,27.7344,27.7344,27.7344,27.7344,2026-08-07 21:49:00,6
558.0,27.8349,27.8314,27.83,27.85,27.83,2026-08-07 21:50:00,10
397.0,27.8476,27.86,27.8493,27.86,27.8493,2026-08-07 21:52:00,7
534.0,27.7796,27.78,27.78,27.78,27.77,2026-08-07 21:53:00,7
621.0,27.8,27.8,27.8,27.8,27.8,2026-08-07 21:54:00,11
1321.0,27.8015,27.84,27.8,27.84,27.8,2026-08-07 21:55:00,11
684.0,27.8382,27.84,27.84,27.84,27.83,2026-08-07 21:57:00,15
811.0,27.8017,27.84,27.77,27.84,27.77,2026-08-07 21:59:00,21
489.602002,27.9397,27.9,27.91,27.91,27.9,2026-08-07 22:01:00,8
1006.0,27.8441,27.8429,27.8429,27.8429,27.8429,2026-08-07 22:03:00,9
1963.0,27.9239,27.8528,27.9866,27.9866,27.8528,2026-08-07 22:07:00,11
893.448886,27.9145,27.83,27.99,27.99,27.83,2026-08-07 22:08:00,27
1026.0,27.8957,27.87,27.91,27.91,27.87,2026-08-07 22:10:00,6
174.0,27.85,27.85,27.85,27.85,27.85,2026-08-07 22:11:00,4
5144.0,27.9495,27.9499,27.9408,27.9499,27.9408,2026-08-07 22:12:00,6
793.0,27.8189,27.82,27.82,27.82,27.82,2026-08-07 22:13:00,8
109.0,27.8541,27.85,27.85,27.85,27.85,2026-08-07 22:14:00,4
846.0,27.8957,27.9,27.9,27.9,27.9,2026-08-07 22:16:00,6
715.0,27.8236,27.82,27.8,27.82,27.8,2026-08-07 22:17:00,6
252.0,27.8772,27.9,27.9,27.9,27.9,2026-08-07 22:19:00,5
2413.0,27.8308,27.8277,27.87,27.87,27.82,2026-08-07 22:21:00,33
680.0,27.8639,27.8653,27.87,27.87,27.8653,2026-08-07 22:25:00,7
155.0,27.9036,27.9,27.9,27.9,27.9,2026-08-07 22:26:00,5
1676.0,27.8817,27.9,27.85,27.9,27.85,2026-08-07 22:28:00,4
411.0,27.885,27.89,27.88,27.89,27.88,2026-08-07 22:29:00,7
242.0,27.9287,27.99,27.99,27.99,27.99,2026-08-07 22:30:00,5
109.0,27.9183,27.92,27.92,27.92,27.92,2026-08-07 22:31:00,4
609.0,27.8439,27.85,27.84,27.85,27.84,2026-08-07 22:35:00,7
240.0,27.8993,27.9,27.9,27.9,27.9,2026-08-07 22:36:00,2
361.0,27.9429,27.9425,27.9425,27.9425,27.9425,2026-08-07 22:39:00,8
553.0,27.9289,27.92,27.92,27.96,27.92,2026-08-07 22:41:00,11
2137.0,27.9358,27.94,27.92,27.94,27.92,2026-08-07 22:42:00,9
2091.0,27.873,27.87,27.876,27.876,27.87,2026-08-07 22:44:00,8
211.0,27.87,27.87,27.87,27.87,27.87,2026-08-07 22:46:00,3
879.0,27.8731,27.87,27.87,27.88,27.87,2026-08-07 22:48:00,12
590.0,27.8719,27.87,27.8701,27.8701,27.87,2026-08-07 22:50:00,12
1514.0,27.8988,27.8954,27.9,27.9,27.8954,2026-08-07 22:52:00,12
316.0,27.9074,27.91,27.91,27.91,27.91,2026-08-07 22:53:00,7
1175.0,27.9543,27.9538,27.99,27.99,27.95,2026-08-07 22:54:00,23
397.0,27.9657,27.9891,27.9071,27.9891,27.9071,2026-08-07 22:56:00,4
1281.0,27.9463,27.9139,27.9882,27.9882,27.9139,2026-08-07 22:57:00,8
1593.0,27.9458,27.9507,27.94,27.9507,27.94,2026-08-07 22:58:00,11
1006.0,27.9161,27.9139,27.918,27.918,27.9139,2026-08-07 22:59:00,5
8514.765865,27.8809,27.93,27.87,27.93,27.87,2026-08-07 23:01:00,27
805.0,27.8482,27.87,27.805,27.87,27.805,2026-08-07 23:03:00,19
171.0,27.84,27.84,27.84,27.84,27.84,2026-08-07 23:07:00,1
7873.0,27.8697,27.87,27.87,27.87,27.87,2026-08-07 23:08:00,6
215.0,27.8279,27.83,27.83,27.83,27.83,2026-08-07 23:10:00,3
1075.0,27.8518,27.86,27.85,27.86,27.85,2026-08-07 23:12:00,4
176.0,27.852,27.85,27.85,27.85,27.85,2026-08-07 23:13:00,6
284.0,27.8847,27.9,27.9,27.9,27.9,2026-08-07 23:14:00,7
362.0,27.8994,27.9,27.9,27.9,27.9,2026-08-07 23:18:00,5
2533.0,27.8878,27.9,27.92,27.92,27.8701,2026-08-07 23:19:00,8
2428.0,27.9495,27.9499,27.9499,27.9499,27.9499,2026-08-07 23:20:00,7
283.0,27.821,27.8203,27.8203,27.8203,27.8203,2026-08-07 23:23:00,7
1396.0,27.8609,27.8544,27.89,27.89,27.85,2026-08-07 23:24:00,9
995.0,27.9239,27.9262,27.9262,27.9262,27.9262,2026-08-07 23:25:00,5
1015.0,27.8976,27.8974,27.8974,27.8974,27.8974,2026-08-07 23:27:00,3
119.0,27.8498,27.85,27.85,27.85,27.85,2026-08-07 23:29:00,6
1579.0,27.8615,27.85,27.8707,27.8707,27.85,2026-08-07 23:35:00,4
2144.0,27.8202,27.82,27.82,27.82,27.82,2026-08-07 23:36:00,8
8949.0,27.7617,27.77,27.77,27.77,27.76,2026-08-07 23:37:00,36
1408.0,27.8275,27.82,27.83,27.83,27.82,2026-08-07 23:39:00,7
1346.0,27.8149,27.82,27.8,27.82,27.8,2026-08-07 23:40:00,9
346.0,27.768,27.76,27.76,27.76,27.76,2026-08-07 23:41:00,9
1809.0,27.7562,27.7489,27.8187,27.8187,27.7233,2026-08-07 23:42:00,11
265.0,27.7598,27.76,27.76,27.76,27.76,2026-08-07 23:43:00,5
1923.0,27.7241,27.73,27.7223,27.73,27.7223,2026-08-07 23:54:00,5
400.0,27.8194,27.84,27.84,27.84,27.84,2026-08-07 23:55:00,7
1475.0,27.7522,27.84,27.72,27.84,27.72,2026-08-07 23:56:00,7
251.0,27.7403,27.74,27.74,27.74,27.74,2026-08-07 23:57:00,8
16239.0,27.7128,27.72,27.7,27.76,27.7,2026-08-07 23:58:00,30
3945.0,27.7122,27.7,27.7,27.74,27.6708,2026-08-07 23:59:00,19
3804.73485,27.2081,27.46,27.27,27.46,27.0,2026-08-10 08:00:00,87
8780.0,27.1098,27.02,27.28,27.28,27.02,2026-08-10 08:01:00,92
21618.0,27.2123,27.27,27.18,27.3,27.0,2026-08-10 08:02:00,136
2525.0,27.203,27.18,27.3,27.3,27.18,2026-08-10 08:03:00,12
7063.143691,27.5476,27.47,27.58,27.6,27.47,2026-08-10 08:05:00,31
425.0,27.5649,27.5758,27.5758,27.5758,27.5758,2026-08-10 08:06:00,17
1415.0,27.5715,27.56,27.58,27.6,27.56,2026-08-10 08:07:00,17
2137.0,27.6509,27.68,27.5055,27.7,27.5055,2026-08-10 08:08:00,30
1139.0,27.596,27.58,27.6,27.6,27.58,2026-08-10 08:09:00,5
134.0,27.6607,27.66,27.66,27.66,27.66,2026-08-10 08:10:00,3
1239.0,27.5519,27.61,27.5055,27.65,27.5,2026-08-10 08:11:00,20
4533.140845,27.8196,27.71,27.89,27.89,27.71,2026-08-10 08:16:00,39
2991.0,27.9115,27.8795,27.89,27.98,27.86,2026-08-10 08:17:00,16
861.0,27.8082,27.8,27.82,27.82,27.8,2026-08-10 08:18:00,7
419.0,27.6041,27.58,27.56,27.58,27.56,2026-08-10 08:19:00,9
330.0,27.752,27.75,27.75,27.75,27.75,2026-08-10 08:21:00,5
201.0,27.7706,27.7715,27.77,27.7715,27.77,2026-08-10 08:22:00,3
6673.0,27.6988,27.61,27.8,27.8,27.6,2026-08-10 08:24:00,61
314.0,27.7996,27.8,27.8,27.8,27.8,2026-08-10 08:25:00,5
627.0,27.7999,27.8,27.8,27.8,27.8,2026-08-10 08:26:00,8
200.0,27.76,27.76,27.76,27.76,27.76,2026-08-10 08:34:00,1
1604.0,27.9543,27.84,28.0,28.0,27.84,2026-08-10 08:35:00,20
410.0,27.7795,27.7,27.7,27.7,27.7,2026-08-10 08:36:00,4
183.0,27.9648,28.0,28.0,28.0,28.0,2026-08-10 08:37:00,4
438.0,27.9834,27.99,27.9915,27.9915,27.99,2026-08-10 08:38:00,14
158.0,28.0003,27.98,27.98,27.98,27.98,2026-08-10 08:39:00,4
218.0,27.9871,27.99,27.99,27.99,27.99,2026-08-10 08:40:00,3
100.0,28.02,28.02,28.02,28.02,28.02,2026-08-10 08:41:00,1
458.138056,28.0509,28.05,28.05,28.05,28.05,2026-08-10 08:42:00,10
458.0,28.04,28.05,28.0,28.05,28.0,2026-08-10 08:44:00,10
1025.0,27.7516,27.82,27.67,27.82,27.67,2026-08-10 08:47:00,10
297.0,27.9631,27.9642,27.9642,27.9642,27.9642,2026-08-10 08:48:00,3
206.0,27.851,27.85,27.85,27.85,27.85,2026-08-10 08:52:00,5
1502.0,27.8585,27.84,27.88,27.88,27.84,2026-08-10 09:12:00,9
2823.0,27.7063,27.74,27.72,27.76,27.65,2026-08-10 09:14:00,17
4209.734737,27.6476,27.67,27.69,27.73,27.6,2026-08-10 09:15:00,73
4675.0,27.5206,27.67,27.48,27.67,27.45,2026-08-10 09:16:00,41
123.0,27.4502,27.45,27.45,27.45,27.45,2026-08-10 09:20:00,4
208.0,27.3758,27.37,27.37,27.37,27.37,2026-08-10 09:21:00,10
500.0,27.6469,27.65,27.65,27.65,27.65,2026-08-10 09:24:00,4
297.0,27.3167,27.3118,27.3118,27.3118,27.3118,2026-08-10 09:28:00,2
392.0,27.5452,27.54,27.54,27.54,27.54,2026-08-10 09:32:00,2
302.0,27.6472,27.7,27.7,27.7,27.7,2026-08-10 09:35:00,4
459.0,27.5154,27.54,27.5,27.54,27.5,2026-08-10 09:39:00,9
181.0,27.65,27.65,27.65,27.65,27.65,2026-08-10 09:52:00,2
548.0,27.6,27.6,27.6,27.6,27.6,2026-08-10 10:06:00,1
151.0,27.7185,27.73,27.73,27.73,27.73,2026-08-10 10:11:00,4
103.0,27.6474,27.65,27.65,27.65,27.65,2026-08-10 10:34:00,2
574.0,27.5285,27.53,27.5003,27.53,27.5003,2026-08-10 10:40:00,16
1007.0,27.514,27.51,27.51,27.52,27.51,2026-08-10 10:51:00,10
1117.0,27.4978,27.51,27.49,27.51,27.49,2026-08-10 10:52:00,19
995.0,27.4945,27.49,27.5,27.5,27.49,2026-08-10 10:55:00,8
1699.0,27.6146,27.58,27.65,27.66,27.51,2026-08-10 11:00:00,24
3804.0,27.4339,27.6,27.4,27.6,27.4,2026-08-10 11:01:00,36
1578.0,27.3613,27.28,27.3,27.4,27.28,2026-08-10 11:03:00,7
2507.0,27.2626,27.26,27.2727,27.2727,27.26,2026-08-10 11:04:00,5
1061.0,27.2631,27.2635,27.2635,27.2635,27.2635,2026-08-10 11:05:00,8
325.0,27.2502,27.25,27.25,27.25,27.25,2026-08-10 11:06:00,14
4149.0,27.2601,27.2717,27.25,27.2717,27.25,2026-08-10 11:07:00,142
1804.143691,27.1607,27.18,27.08,27.18,27.08,2026-08-10 11:08:00,31
4994.0,27.0559,27.16,27.0,27.16,27.0,2026-08-10 11:09:00,70
1382.0,26.8298,26.8497,26.8,26.8497,26.8,2026-08-10 11:10:00,24
313.0,26.892,26.8,26.99,26.99,26.8,2026-08-10 11:11:00,10
1410.0,26.8641,26.8684,26.8676,26.8684,26.8586,2026-08-10 11:12:00,7
3165.0,26.9776,26.91,26.85,27.0,26.85,2026-08-10 11:13:00,44
175.0,26.9601,26.98,26.98,26.98,26.98,2026-08-10 11:16:00,5
1389.0,27.0108,27.0,27.0,27.0,26.97,2026-08-10 11:17:00,31
875.0,27.0138,27.001,27.0335,27.0335,27.001,2026-08-10 11:20:00,4
109.0,27.1694,27.17,27.17,27.17,27.17,2026-08-10 11:21:00,3
996.0,27.1176,27.17,27.04,27.17,27.04,2026-08-10 11:22:00,28
3190.0,27.0723,27.01,27.3,27.3,27.01,2026-08-10 11:26:00,22
682.0,27.0893,27.06,27.06,27.06,27.05,2026-08-10 11:27:00,10
154.0,27.2058,27.29,27.29,27.29,27.29,2026-08-10 11:28:00,5
2240.0,27.0151,27.0,27.26,27.26,27.0,2026-08-10 11:30:00,4
169.0,27.0406,27.0328,27.0328,27.0328,27.0328,2026-08-10 11:31:00,5
239.0,27.1438,27.05,27.05,27.05,27.05,2026-08-10 11:33:00,5
416.0,27.0865,27.0233,27.0233,27.0233,27.0233,2026-08-10 11:35:00,9
959.0,27.1062,27.1,27.21,27.21,27.0054,2026-08-10 11:38:00,5
192.0,27.0185,27.0185,27.0185,27.0185,27.0185,2026-08-10 11:42:00,1
607.0,27.0033,27.01,27.0,27.01,27.0,2026-08-10 11:43:00,16
2230.0,27.0111,27.0106,26.98,27.0106,26.98,2026-08-10 11:44:00,12
496.146593,26.8936,26.8792,26.88,26.88,26.8792,2026-08-10 11:46:00,7
244.0,26.9281,26.94,26.94,26.94,26.94,2026-08-10 11:47:00,5
767.0,26.9522,26.8775,27.01,27.01,26.8775,2026-08-10 11:49:00,6
1435.0,27.0054,26.99,27.01,27.01,26.99,2026-08-10 11:50:00,8
4419.0,26.8723,26.92,26.88,26.92,26.85,2026-08-10 11:52:00,32
567.0,26.8514,26.8395,26.9,26.9,26.8395,2026-08-10 11:53:00,4
927.0,27.0086,26.994,26.99,27.03,26.99,2026-08-10 11:55:00,11
101.0,26.9665,26.9665,26.9665,26.9665,26.9665,2026-08-10 11:59:00,2
1030.0,26.9502,26.95,26.95,26.95,26.95,2026-08-10 12:03:00,3
361.0,26.9668,26.96,26.96,26.96,26.96,2026-08-10 12:05:00,3
484.0,26.9812,26.9969,26.97,26.9969,26.97,2026-08-10 12:06:00,4
5766.0,26.9895,27.01,26.89,27.01,26.86,2026-08-10 12:07:00,201
1674.0,26.8579,26.8577,26.8577,26.8577,26.8577,2026-08-10 12:08:00,9
16429.0,26.8495,26.85,26.82,26.88,26.82,2026-08-10 12:09:00,22
1637.0,26.8069,26.82,26.8,26.82,26.8,2026-08-10 12:10:00,35
1050.0,26.7409,26.7317,26.75,26.75,26.7101,2026-08-10 12:11:00,14
633.0,26.7545,26.75,26.75,26.75,26.75,2026-08-10 12:12:00,12
996.0,26.7487,26.76,26.7104,26.76,26.7104,2026-08-10 12:13:00,15
2160.0,26.7049,26.71,26.6386,26.72,26.6386,2026-08-10 12:14:00,25
1154.0,26.7013,26.6644,26.7356,26.7356,26.6644,2026-08-10 12:15:00,8
3262.0,26.7396,26.73,26.6866,26.75,26.6838,2026-08-10 12:17:00,17
462.0,26.6848,26.65,26.6827,26.6827,26.65,2026-08-10 12:19:00,11
1411.0,26.7895,26.79,26.79,26.79,26.79,2026-08-10 12:21:00,12
287.0,26.7882,26.79,26.79,26.79,26.79,2026-08-10 12:22:00,4
412.0,26.772,26.7713,26.7713,26.7713,26.7713,2026-08-10 12:23:00,4
2205.0,26.8597,26.8499,26.85,27.05,26.8499,2026-08-10 12:24:00,8
261.0,26.8308,26.85,26.8,26.85,26.8,2026-08-10 12:25:00,3
105.0,26.7745,26.764,26.764,26.764,26.764,2026-08-10 12:30:00,2
166.0,26.7816,26.77,26.77,26.77,26.77,2026-08-10 12:32:00,5
780.0,26.828,26.9757,26.79,26.9757,26.79,2026-08-10 12:33:00,15
513.0,26.7865,26.8,26.7763,26.8,26.7763,2026-08-10 12:35:00,4
2778.0,26.8044,26.8055,26.8041,26.8055,26.8041,2026-08-10 12:36:00,5
822.0,26.8178,26.8144,26.8208,26.8208,26.8144,2026-08-10 12:39:00,8
180.0,26.8962,26.91,26.91,26.91,26.91,2026-08-10 12:40:00,4
741.0,26.9086,26.91,26.91,26.91,26.91,2026-08-10 12:42:00,15
100.0,27.03,27.03,27.03,27.03,27.03,2026-08-10 12:43:00,1
7027.0,27.0007,27.025,27.0,27.025,27.0,2026-08-10 12:46:00,5
541.0,27.0218,27.02,27.03,27.03,27.02,2026-08-10 12:49:00,11
489.0,27.0148,26.9668,27.04,27.04,26.9668,2026-08-10 12:51:00,15
350.0,26.957,27.037,26.8624,27.05,26.8624,2026-08-10 12:53:00,4
100.0,26.96,26.96,26.96,26.96,26.96,2026-08-10 12:54:00,1
1002.0,26.8002,26.8,26.8,26.8,26.8,2026-08-10 12:55:00,2
456.0,26.9314,26.88,26.88,26.88,26.88,2026-08-10 12:57:00,11
210.0,26.9524,26.9,27.0,27.0,26.9,2026-08-10 12:58:00,3
2075.0,26.9997,27.0,27.0,27.0,27.0,2026-08-10 12:59:00,6
591.0,26.8902,26.89,26.89,26.89,26.89,2026-08-10 13:00:00,2
710.0,27.0002,27.0,27.0,27.0,27.0,2026-08-10 13:09:00,5
201.0,26.99,26.99,26.99,26.99,26.99,2026-08-10 13:12:00,2
531.0,27.0115,27.0122,27.0122,27.0122,27.0122,2026-08-10 13:13:00,3
6254.0,26.9952,27.01,26.9672,27.01,26.9672,2026-08-10 13:15:00,5
717.0,26.9898,26.9776,27.0,27.0,26.9776,2026-08-10 13:16:00,6
1865.0,26.9997,27.0,27.0,27.0,27.0,2026-08-10 13:17:00,5
1340.0,26.9883,27.0768,26.96,27.0768,26.95,2026-08-10 13:18:00,21
1831.0,27.0501,27.0999,27.0,27.0999,26.96,2026-08-10 13:19:00,14
1000.0,26.9661,26.9661,26.9661,26.9661,26.9661,2026-08-10 13:20:00,1
1136.0,26.9974,27.0,26.98,27.0,26.98,2026-08-10 13:21:00,12
127.0,27.0,27.0,27.0,27.0,27.0,2026-08-10 13:22:00,8
4938.0,26.9483,26.97,26.9,27.0,26.9,2026-08-10 13:23:00,50
12456.011197,26.7985,26.9,26.54,26.9,26.54,2026-08-10 13:24:00,144
2763.0,26.5221,26.58,26.5,26.64,26.5,2026-08-10 13:25:00,30
362.0,26.5238,26.52,26.52,26.52,26.52,2026-08-10 13:26:00,7
1182.0,26.5489,26.52,26.61,26.61,26.52,2026-08-10 13:27:00,12
8743.0,26.4542,26.5957,26.36,26.5957,26.36,2026-08-10 13:28:00,114
2692.0,26.451,26.4,26.55,26.5529,26.35,2026-08-10 13:29:00,31
259326.136373,26.198,26.31,25.85,26.61,25.6323,2026-08-10 13:30:00,1323
172584.540903,25.445,25.885,25.2259,25.925,25.08,2026-08-10 13:31:00,1020
102715.467747,25.3963,25.3163,25.265,25.66,25.21,2026-08-10 13:32:00,672
143254.701398,25.0103,25.23,24.98,25.3,24.81,2026-08-10 13:33:00,1045
69637.847705,24.8952,24.95,24.9356,25.1,24.7221,2026-08-10 13:34:00,670
137084.673565,24.8349,24.935,24.81,24.96,24.7,2026-08-10 13:35:00,1167
61952.75385,24.9154,24.85,24.97,25.0,24.81,2026-08-10 13:36:00,666
96982.37798,24.9107,25.0,24.829,25.04,24.76,2026-08-10 13:37:00,886
92763.535819,24.8002,24.85,24.67,24.94,24.66,2026-08-10 13:38:00,941
84161.73076,24.6582,24.6704,24.68,24.82,24.54,2026-08-10 13:39:00,694
225333.674975,24.5741,24.68,24.59,24.75,24.365,2026-08-10 13:40:00,1018
65724.878236,24.7362,24.6226,24.99,24.99,24.54,2026-08-10 13:41:00,506
131033.746396,25.0957,24.998,25.19,25.2199,24.97,2026-08-10 13:42:00,789
86105.89098,25.3629,25.21,25.3775,25.47,25.21,2026-08-10 13:43:00,568
78048.02032,25.3724,25.365,25.3116,25.54,25.255,2026-08-10 13:44:00,439
40302.166442,25.2548,25.4,25.29,25.46,25.1701,2026-08-10 13:45:00,407
40211.44086,25.2125,25.27,25.24,25.28,25.13,2026-08-10 13:46:00,403
59719.573121,25.2591,25.24,25.27,25.48,25.14,2026-08-10 13:47:00,804
24251.20892,25.2417,25.32,25.22,25.32,25.2,2026-08-10 13:48:00,255
35383.853748,25.2134,25.2,25.23,25.2999,25.1063,2026-08-10 13:49:00,393
45517.137706,25.3799,25.205,25.31,25.47,25.1699,2026-08-10 13:50:00,447
51393.123989,25.4214,25.3752,25.42,25.5195,25.2596,2026-08-10 13:51:00,305
49587.161893,25.5402,25.48,25.52,25.66,25.42,2026-08-10 13:52:00,517
21419.406543,25.474,25.52,25.47,25.5799,25.4195,2026-08-10 13:53:00,261
18554.197479,25.4954,25.4626,25.6699,25.6699,25.44,2026-08-10 13:54:00,321
57321.829488,25.6563,25.66,25.71,25.78,25.57,2026-08-10 13:55:00,386
33028.799623,25.5396,25.69,25.53,25.69,25.49,2026-08-10 13:56:00,186
51746.350574,25.5111,25.525,25.58,25.58,25.465,2026-08-10 13:57:00,330
17570.068797,25.4929,25.55,25.48,25.5593,25.46,2026-08-10 13:58:00,283
19148.379525,25.4886,25.46,25.5,25.55,25.43,2026-08-10 13:59:00,301
18009.48122,25.4723,25.53,25.455,25.54,25.4128,2026-08-10 14:00:00,289
14242.34091,25.4521,25.4169,25.4101,25.49,25.4101,2026-08-10 14:01:00,227
34318.08189,25.4072,25.41,25.4,25.47,25.365,2026-08-10 14:02:00,398
46039.317369,25.5481,25.43,25.595,25.62,25.43,2026-08-10 14:03:00,467
12466.760298,25.5202,25.57,25.475,25.59,25.46,2026-08-10 14:04:00,224
21604.486189,25.4573,25.5,25.44,25.5163,25.42,2026-08-10 14:05:00,353
37254.988169,25.45,25.46,25.395,25.485,25.38,2026-08-10 14:06:00,324
54297.549414,25.337,25.39,25.37,25.43,25.28,2026-08-10 14:07:00,807
18463.26691,25.3779,25.37,25.372,25.41,25.35,2026-08-10 14:08:00,292
49313.510326,25.3627,25.38,25.35,25.43,25.32,2026-08-10 14:09:00,491
29120.68144,25.3751,25.375,25.37,25.45,25.35,2026-08-10 14:10:00,302
33149.0,25.3883,25.3972,25.345,25.4455,25.34,2026-08-10 14:11:00,404
90590.431302,25.2116,25.32,25.21,25.32,25.12,2026-08-10 14:12:00,1208
31887.064306,25.1617,25.23,25.1605,25.23,25.1,2026-08-10 14:13:00,455
19520.26686,25.2028,25.19,25.24,25.28,25.15,2026-08-10 14:14:00,311
29360.22828,25.2231,25.23,25.28,25.28,25.18,2026-08-10 14:15:00,290
18101.050196,25.2702,25.255,25.275,25.3,25.245,2026-08-10 14:16:00,218
48683.813298,25.2284,25.275,25.175,25.32,25.17,2026-08-10 14:17:00,527
35553.09219,25.1322,25.15,25.23,25.23,25.08,2026-08-10 14:18:00,413
15695.677823,25.2525,25.235,25.3,25.329,25.215,2026-08-10 14:19:00,185
15966.495945,25.2086,25.3,25.155,25.315,25.1401,2026-08-10 14:20:00,274
23130.29398,25.1818,25.1684,25.245,25.245,25.15,2026-08-10 14:21:00,178
16222.687048,25.212,25.2425,25.21,25.2475,25.1877,2026-08-10 14:22:00,213
26268.786592,25.2489,25.2099,25.305,25.305,25.1811,2026-08-10 14:23:00,213
20818.722728,25.3208,25.305,25.34,25.355,25.2648,2026-08-10 14:24:00,240
47806.879553,25.3599,25.335,25.46,25.47,25.27,2026-08-10 14:25:00,499
53081.198161,25.4132,25.46,25.455,25.5472,25.3401,2026-08-10 14:26:00,393
47878.45989,25.4516,25.45,25.48,25.52,25.36,2026-08-10 14:27:00,317
25787.647229,25.5414,25.47,25.51,25.58,25.47,2026-08-10 14:28:00,332
6940.693836,25.4714,25.5,25.46,25.51,25.44,2026-08-10 14:29:00,201
60585.635837,25.6544,25.46,25.73,25.79,25.46,2026-08-10 14:30:00,587
51000.870234,25.7648,25.73,25.745,25.8463,25.64,2026-08-10 14:31:00,518
32519.556777,25.6465,25.745,25.55,25.745,25.55,2026-08-10 14:32:00,242
27008.068,25.619,25.56,25.6655,25.6899,25.56,2026-08-10 14:33:00,327
32518.630939,25.6687,25.66,25.76,25.76,25.61,2026-08-10 14:34:00,348
22081.0,25.6946,25.765,25.6375,25.765,25.625,2026-08-10 14:35:00,193
15746.315804,25.6325,25.625,25.63,25.6499,25.6,2026-08-10 14:36:00,181
16025.1,25.6314,25.64,25.7,25.7,25.6,2026-08-10 14:37:00,209
13702.244411,25.6935,25.72,25.72,25.73,25.67,2026-08-10 14:38:00,234
10372.53981,25.7406,25.73,25.7,25.77,25.69,2026-08-10 14:39:00,141
30639.871721,25.7091,25.68,25.73,25.825,25.65,2026-08-10 14:40:00,488
11063.47603,25.7227,25.745,25.69,25.75,25.68,2026-08-10 14:41:00,162
14899.04581,25.6494,25.7,25.56,25.73,25.555,2026-08-10 14:42:00,231
15488.07826,25.5425,25.58,25.545,25.58,25.526,2026-08-10 14:43:00,147
12466.394131,25.551,25.545,25.56,25.585,25.53,2026-08-10 14:44:00,222
12851.842548,25.5569,25.54,25.53,25.59,25.53,2026-08-10 14:45:00,189
11594.12936,25.5863,25.5139,25.61,25.63,25.5139,2026-08-10 14:46:00,178
25745.140884,25.4991,25.58,25.505,25.6,25.3901,2026-08-10 14:47:00,420
19162.793201,25.4949,25.505,25.48,25.545,25.46,2026-08-10 14:48:00,227
10027.667303,25.4868,25.48,25.46,25.5,25.46,2026-08-10 14:49:00,152
7048.32724,25.4343,25.46,25.43,25.46,25.415,2026-08-10 14:50:00,163
18649.21742,25.4686,25.44,25.47,25.5,25.43,2026-08-10 14:51:00,196
68971.711494,25.3031,25.455,25.22,25.475,25.21,2026-08-10 14:52:00,806
34131.735821,25.2431,25.2295,25.26,25.27,25.21,2026-08-10 14:53:00,348
18909.130599,25.2851,25.26,25.305,25.325,25.25,2026-08-10 14:54:00,282
15565.184151,25.3413,25.3,25.34,25.36,25.3,2026-08-10 14:55:00,178
18856.85559,25.3193,25.3424,25.33,25.35,25.275,2026-08-10 14:56:00,172
22238.0,25.3048,25.32,25.35,25.35,25.27,2026-08-10 14:57:00,265
11501.11,25.3352,25.35,25.335,25.36,25.33,2026-08-10 14:58:00,168
21898.03951,25.3248,25.32,25.37,25.375,25.3,2026-08-10 14:59:00,295
46390.78734,25.4825,25.37,25.52,25.55,25.37,2026-08-10 15:00:00,576
24384.38051,25.4745,25.52,25.44,25.52,25.43,2026-08-10 15:01:00,239
46638.165284,25.5901,25.445,25.66,25.69,25.445,2026-08-10 15:02:00,389
16195.35054,25.6556,25.67,25.66,25.69,25.6001,2026-08-10 15:03:00,220
16489.149824,25.596,25.65,25.565,25.65,25.565,2026-08-10 15:04:00,174
25251.2989,25.6651,25.58,25.705,25.725,25.58,2026-08-10 15:05:00,291
17071.756363,25.6512,25.69,25.6799,25.69,25.63,2026-08-10 15:06:00,197
17740.21672,25.711,25.675,25.66,25.7699,25.66,2026-08-10 15:07:00,243
6904.152599,25.6972,25.67,25.695,25.73,25.67,2026-08-10 15:08:00,132
19325.04602,25.6915,25.69,25.68,25.73,25.6705,2026-08-10 15:09:00,222
18391.270146,25.6404,25.675,25.65,25.675,25.6,2026-08-10 15:10:00,196
31666.548563,25.7168,25.65,25.768,25.77,25.6405,2026-08-10 15:11:00,322
13848.184516,25.7307,25.7635,25.75,25.765,25.705,2026-08-10 15:12:00,155
19664.3445,25.7381,25.742,25.7301,25.755,25.72,2026-08-10 15:13:00,218
9798.13254,25.6971,25.74,25.665,25.75,25.64,2026-08-10 15:14:00,143
11914.756363,25.6393,25.65,25.62,25.655,25.61,2026-08-10 15:15:00,137
17725.52589,25.635,25.62,25.67,25.68,25.6001,2026-08-10 15:16:00,199
26178.868763,25.7523,25.66,25.79,25.7963,25.655,2026-08-10 15:17:00,258
17169.160038,25.82,25.78,25.82,25.86,25.7641,2026-08-10 15:18:00,308
14572.948947,25.7116,25.81,25.625,25.81,25.6151,2026-08-10 15:19:00,211
23390.19025,25.6789,25.65,25.69,25.72,25.625,2026-08-10 15:20:00,281
14012.0,25.6943,25.68,25.73,25.73,25.675,2026-08-10 15:21:00,134
8897.5,25.7022,25.73,25.72,25.73,25.68,2026-08-10 15:22:00,144
16578.572369,25.7522,25.715,25.74,25.775,25.715,2026-08-10 15:23:00,190
13044.0,25.747,25.735,25.82,25.84,25.69,2026-08-10 15:24:00,237
26906.1522,25.742,25.82,25.7,25.8363,25.7,2026-08-10 15:25:00,208
19989.3321,25.7288,25.71,25.7,25.76,25.7,2026-08-10 15:26:00,151
9452.0,25.7216,25.7,25.705,25.75,25.7,2026-08-10 15:27:00,152
8456.118956,25.7032,25.6905,25.68,25.7249,25.674,2026-08-10 15:28:00,168
13138.043695,25.7114,25.6712,25.728,25.738,25.67,2026-08-10 15:29:00,151
25926.433349,25.6787,25.72,25.67,25.73,25.65,2026-08-10 15:30:00,284
9518.888006,25.675,25.675,25.695,25.699,25.66,2026-08-10 15:31:00,157
12596.11684,25.6862,25.695,25.695,25.72,25.66,2026-08-10 15:32:00,204
10328.92458,25.704,25.7,25.69,25.735,25.69,2026-08-10 15:33:00,167
10216.53887,25.7113,25.69,25.755,25.76,25.66,2026-08-10 15:34:00,181
12970.98472,25.7641,25.76,25.8,25.8,25.75,2026-08-10 15:35:00,208
13515.0,25.7876,25.81,25.74,25.82,25.74,2026-08-10 15:36:00,173
11120.0,25.7402,25.74,25.73,25.7759,25.73,2026-08-10 15:37:00,134
23485.81573,25.7391,25.74,25.765,25.795,25.72,2026-08-10 15:38:00,199
8104.200355,25.7458,25.765,25.78,25.78,25.72,2026-08-10 15:39:00,128
6470.65939,25.7465,25.785,25.74,25.785,25.7,2026-08-10 15:40:00,165
6012.22831,25.7362,25.74,25.73,25.75,25.73,2026-08-10 15:41:00,100
22714.91465,25.6365,25.7384,25.61,25.75,25.58,2026-08-10 15:42:00,227
13400.227113,25.6097,25.61,25.595,25.64,25.571,2026-08-10 15:43:00,196
7112.335862,25.5991,25.59,25.6,25.61,25.58,2026-08-10 15:44:00,112
13235.902587,25.5907,25.601,25.58,25.61,25.575,2026-08-10 15:45:00,137
9672.28858,25.5664,25.58,25.59,25.59,25.53,2026-08-10 15:46:00,166
6302.97483,25.6161,25.6,25.62,25.63,25.6,2026-08-10 15:47:00,121
34869.91,25.6219,25.61,25.67,25.67,25.59,2026-08-10 15:48:00,214
9825.0,25.6608,25.675,25.66,25.7,25.635,2026-08-10 15:49:00,151
4341.96908,25.6512,25.655,25.65,25.67,25.65,2026-08-10 15:50:00,83
6029.00023,25.6125,25.65,25.56,25.65,25.56,2026-08-10 15:51:00,102
4662.639901,25.5563,25.562,25.54,25.5623,25.54,2026-08-10 15:52:00,86
12887.034271,25.5547,25.55,25.58,25.5872,25.53,2026-08-10 15:53:00,145
8110.81387,25.6047,25.59,25.59,25.635,25.59,2026-08-10 15:54:00,140
5045.205044,25.5746,25.58,25.56,25.58,25.56,2026-08-10 15:55:00,124
12311.848349,25.5994,25.56,25.65,25.65,25.55,2026-08-10 15:56:00,235
4153.067,25.6195,25.645,25.615,25.645,25.615,2026-08-10 15:57:00,89
9914.871,25.6149,25.62,25.6213,25.63,25.6,2026-08-10 15:58:00,195
6434.824018,25.636,25.63,25.625,25.65,25.625,2026-08-10 15:59:00,134
35997.0,25.76,25.63,25.79,25.82,25.63,2026-08-10 16:00:00,538
27521.309234,25.8065,25.795,25.865,25.865,25.7801,2026-08-10 16:01:00,313
20040.0,25.843,25.86,25.82,25.865,25.82,2026-08-10 16:02:00,292
17997.200651,25.8598,25.82,25.9,25.91,25.82,2026-08-10 16:03:00,227
38787.51385,25.985,25.91,26.06,26.08,25.91,2026-08-10 16:04:00,403
15434.1779,26.0116,26.05,26.02,26.065,25.941,2026-08-10 16:05:00,194
20232.730568,25.9877,26.02,25.92,26.025,25.92,2026-08-10 16:06:00,185
9852.21186,25.8615,25.88,25.84,25.88,25.84,2026-08-10 16:07:00,168
8594.03879,25.767,25.8,25.73,25.8,25.73,2026-08-10 16:08:00,147
10152.0,25.7438,25.74,25.71,25.75,25.7,2026-08-10 16:09:00,138
15301.00879,25.742,25.71,25.77,25.78,25.69,2026-08-10 16:10:00,233
14766.73846,25.7529,25.77,25.74,25.77,25.68,2026-08-10 16:11:00,194
8715.98818,25.7735,25.735,25.81,25.815,25.735,2026-08-10 16:12:00,148
8181.23059,25.7945,25.8,25.805,25.815,25.7848,2026-08-10 16:13:00,129
17586.0,25.8558,25.805,25.87,25.8861,25.805,2026-08-10 16:14:00,260
28436.542352,25.9027,25.87,25.94,25.9649,25.85,2026-08-10 16:15:00,319
12953.085596,25.9405,25.93,25.955,25.96,25.93,2026-08-10 16:16:00,241
9617.47466,25.9114,25.955,25.872,25.955,25.872,2026-08-10 16:17:00,192
6784.850348,25.8678,25.88,25.84,25.88,25.83,2026-08-10 16:18:00,124
9663.969302,25.8453,25.84,25.8467,25.88,25.82,2026-08-10 16:19:00,183
13848.965032,25.8772,25.8401,25.94,25.94,25.8401,2026-08-10 16:20:00,174
7457.28615,25.9376,25.964,25.92,25.964,25.92,2026-08-10 16:21:00,88
15491.0,25.9105,25.91,25.94,25.94,25.89,2026-08-10 16:22:00,231
2963.127844,25.9098,25.93,25.91,25.93,25.9,2026-08-10 16:23:00,62
13790.923076,25.9351,25.92,25.95,25.95,25.92,2026-08-10 16:24:00,195
6435.0,25.943,25.958,25.97,25.97,25.93,2026-08-10 16:25:00,125
22118.3715,26.0036,25.97,26.02,26.0481,25.965,2026-08-10 16:26:00,239
11638.6912,25.9667,26.01,25.965,26.01,25.945,2026-08-10 16:27:00,151
7107.823574,25.9513,25.965,25.92,25.965,25.92,2026-08-10 16:28:00,127
7897.3715,25.9244,25.91,25.945,25.945,25.905,2026-08-10 16:29:00,212
10642.013497,25.9468,25.95,25.96,25.97,25.93,2026-08-10 16:30:00,198
10917.11395,25.9679,25.97,25.94,25.98,25.94,2026-08-10 16:31:00,170
22049.414188,25.8965,25.94,25.955,25.98,25.84,2026-08-10 16:32:00,297
7221.0,25.9271,25.955,25.926,25.955,25.91,2026-08-10 16:33:00,109
12175.0,25.9005,25.915,25.9,25.915,25.88,2026-08-10 16:34:00,198
9132.12922,25.9031,25.905,25.91,25.92,25.89,2026-08-10 16:35:00,88
6260.018632,25.9141,25.915,25.91,25.925,25.9,2026-08-10 16:36:00,126
7745.81669,25.8807,25.91,25.875,25.91,25.87,2026-08-10 16:37:00,99
19529.0,25.8844,25.875,25.8875,25.92,25.86,2026-08-10 16:38:00,247
10995.0,25.8706,25.885,25.88,25.89,25.86,2026-08-10 16:39:00,174
7583.4149,25.8661,25.885,25.8401,25.885,25.8401,2026-08-10 16:40:00,142
11531.0,25.8302,25.8401,25.83,25.8401,25.8039,2026-08-10 16:41:00,168
11844.84196,25.8608,25.83,25.86,25.89,25.83,2026-08-10 16:42:00,143
11693.26951,25.7957,25.86,25.785,25.86,25.76,2026-08-10 16:43:00,200
13972.0,25.7618,25.775,25.7338,25.8,25.7338,2026-08-10 16:44:00,176
17012.54098,25.6889,25.73,25.6801,25.745,25.6505,2026-08-10 16:45:00,189
30626.885458,25.7307,25.69,25.76,25.77,25.69,2026-08-10 16:46:00,307
10921.0,25.7584,25.75,25.77,25.77,25.74,2026-08-10 16:47:00,137
7040.0,25.7633,25.78,25.77,25.78,25.745,2026-08-10 16:48:00,120
22411.064167,25.8281,25.78,25.82,25.8637,25.78,2026-08-10 16:49:00,202
17582.37717,25.7825,25.815,25.791,25.82,25.75,2026-08-10 16:50:00,229
7764.74754,25.7885,25.78,25.78,25.81,25.7601,2026-08-10 16:51:00,124
2626.74317,25.78,25.775,25.78,25.78,25.775,2026-08-10 16:52:00,46
8378.04677,25.7631,25.78,25.76,25.78,25.74,2026-08-10 16:53:00,149
5791.03805,25.7371,25.76,25.72,25.76,25.72,2026-08-10 16:54:00,150
26752.0,25.6728,25.72,25.68,25.72,25.64,2026-08-10 16:55:00,216
13936.22663,25.6951,25.68,25.72,25.74,25.67,2026-08-10 16:56:00,135
7876.0,25.7161,25.725,25.705,25.7395,25.705,2026-08-10 16:57:00,94
11141.77821,25.7102,25.705,25.705,25.72,25.69,2026-08-10 16:58:00,170
5401.14516,25.6929,25.7,25.68,25.71,25.68,2026-08-10 16:59:00,123
7606.894911,25.6877,25.68,25.7,25.72,25.66,2026-08-10 17:00:00,148
18072.0,25.7295,25.7075,25.77,25.77,25.7,2026-08-10 17:01:00,225
30295.43207,25.8154,25.78,25.825,25.87,25.76,2026-08-10 17:02:00,359
12878.06875,25.8113,25.82,25.825,25.83,25.8,2026-08-10 17:03:00,123
21493.18648,25.8586,25.84,25.87,25.9,25.82,2026-08-10 17:04:00,194
34270.0,25.8831,25.855,25.87,25.91,25.83,2026-08-10 17:05:00,377
34383.051137,25.9119,25.87,25.975,25.975,25.87,2026-08-10 17:06:00,257
42139.23437,25.9979,25.96,26.03,26.06,25.95,2026-08-10 17:07:00,293
10328.580557,25.9654,26.02,25.9001,26.028,25.9001,2026-08-10 17:08:00,132
13770.233,25.8279,25.9,25.785,25.9,25.78,2026-08-10 17:09:00,182
13159.77553,25.7829,25.785,25.79,25.795,25.7401,2026-08-10 17:10:00,230
7460.0,25.794,25.7801,25.8,25.8,25.765,2026-08-10 17:11:00,107
6189.864814,25.7844,25.8,25.785,25.8,25.755,2026-08-10 17:12:00,135
7100.44141,25.7972,25.785,25.805,25.815,25.77,2026-08-10 17:13:00,130
18759.0,25.7958,25.805,25.7601,25.82,25.7601,2026-08-10 17:14:00,224
12363.553535,25.8186,25.77,25.845,25.8579,25.77,2026-08-10 17:15:00,189
13533.354256,25.872,25.845,25.855,25.9,25.845,2026-08-10 17:16:00,162
12148.02714,25.8579,25.855,25.895,25.91,25.82,2026-08-10 17:17:00,169
6933.073741,25.8733,25.895,25.88,25.8954,25.86,2026-08-10 17:18:00,123
3839.86563,25.8665,25.87,25.865,25.875,25.86,2026-08-10 17:19:00,74
12494.809374,25.8332,25.865,25.815,25.865,25.81,2026-08-10 17:20:00,162
19218.0,25.7781,25.805,25.77,25.805,25.77,2026-08-10 17:21:00,127
5294.62665,25.805,25.78,25.825,25.84,25.78,2026-08-10 17:22:00,121
3930.69794,25.8084,25.825,25.795,25.825,25.795,2026-08-10 17:23:00,81
3805.1281,25.791,25.795,25.77,25.81,25.77,2026-08-10 17:24:00,95
12603.0,25.7713,25.78,25.765,25.78,25.76,2026-08-10 17:25:00,175
19998.35006,25.7636,25.77,25.77,25.79,25.74,2026-08-10 17:26:00,176
10996.088409,25.7651,25.76,25.7491,25.77,25.73,2026-08-10 17:27:00,76
4479.38772,25.7513,25.74,25.755,25.755,25.74,2026-08-10 17:28:00,71
19833.98757,25.7631,25.7599,25.8,25.8,25.73,2026-08-10 17:29:00,240
8782.0,25.7992,25.81,25.85,25.85,25.775,2026-08-10 17:30:00,142
11801.758105,25.8694,25.8425,25.87,25.91,25.83,2026-08-10 17:31:00,182
2109.0507,25.8447,25.87,25.8899,25.8899,25.87,2026-08-10 17:32:00,45
4623.11102,25.8839,25.88,25.905,25.905,25.88,2026-08-10 17:33:00,120
13281.57196,25.8464,25.905,25.8262,25.9162,25.81,2026-08-10 17:34:00,161
6991.0,25.8495,25.815,25.915,25.93,25.815,2026-08-10 17:35:00,126
5177.038051,25.8919,25.9,25.895,25.915,25.87,2026-08-10 17:36:00,109
22130.0,25.8845,25.88,25.94,25.95,25.86,2026-08-10 17:37:00,177
6055.0,25.9323,25.935,25.93,25.95,25.92,2026-08-10 17:38:00,76
12639.97796,25.9325,25.93,25.96,25.96,25.91,2026-08-10 17:39:00,184
7784.690738,25.9597,25.97,25.955,25.99,25.942,2026-08-10 17:40:00,139
28834.86487,25.9659,25.955,25.9,26.03,25.88,2026-08-10 17:41:00,386
7064.022,25.8609,25.885,25.875,25.89,25.84,2026-08-10 17:42:00,152
3190.31752,25.8817,25.88,25.87,25.88,25.8601,2026-08-10 17:43:00,68
12799.088336,25.8563,25.86,25.865,25.8776,25.84,2026-08-10 17:44:00,153
12366.0,25.858,25.85,25.875,25.9,25.82,2026-08-10 17:45:00,165
3589.31839,25.8799,25.87,25.875,25.886,25.86,2026-08-10 17:46:00,66
8937.0,25.8906,25.8843,25.85,25.9063,25.85,2026-08-10 17:47:00,136
3682.377477,25.8387,25.84,25.86,25.86,25.82,2026-08-10 17:48:00,99
4473.57997,25.8702,25.855,25.875,25.875,25.85,2026-08-10 17:49:00,95
8811.79601,25.8694,25.88,25.84,25.9,25.84,2026-08-10 17:50:00,159
20958.076706,25.7602,25.83,25.7222,25.83,25.7101,2026-08-10 17:51:00,262
11627.62164,25.7346,25.73,25.73,25.7389,25.72,2026-08-10 17:52:00,137
27973.82339,25.699,25.73,25.6998,25.7301,25.66,2026-08-10 17:53:00,295
4897.24051,25.7288,25.7,25.73,25.74,25.7,2026-08-10 17:54:00,101
13253.476831,25.7251,25.735,25.71,25.735,25.7,2026-08-10 17:55:00,110
9013.0,25.7161,25.71,25.75,25.76,25.69,2026-08-10 17:56:00,122
26320.670299,25.7215,25.741,25.745,25.75,25.685,2026-08-10 17:57:00,245
7273.0,25.746,25.75,25.7572,25.77,25.73,2026-08-10 17:58:00,70
15046.3883,25.7296,25.74,25.73,25.75,25.675,2026-08-10 17:59:00,229
3244.7767,25.7176,25.725,25.71,25.74,25.7,2026-08-10 18:00:00,93
16616.18445,25.6849,25.715,25.665,25.72,25.66,2026-08-10 18:01:00,234
20740.0,25.6888,25.665,25.715,25.74,25.665,2026-08-10 18:02:00,233
9533.0,25.69,25.72,25.68,25.7295,25.6601,2026-08-10 18:03:00,136
2056.27981,25.6748,25.665,25.66,25.68,25.651,2026-08-10 18:04:00,68
7998.0,25.665,25.6503,25.66,25.67,25.65,2026-08-10 18:05:00,143
27403.899243,25.6426,25.66,25.665,25.67,25.62,2026-08-10 18:06:00,235
14028.562,25.6609,25.659,25.655,25.6612,25.64,2026-08-10 18:07:00,148
5940.0,25.6895,25.655,25.7,25.71,25.655,2026-08-10 18:08:00,134
4948.578802,25.6948,25.7,25.681,25.71,25.68,2026-08-10 18:09:00,103
4451.4723,25.6768,25.695,25.67,25.695,25.67,2026-08-10 18:10:00,110
8948.0,25.6753,25.68,25.69,25.69,25.66,2026-08-10 18:11:00,144
7802.31183,25.6704,25.68,25.6525,25.69,25.651,2026-08-10 18:12:00,175
5446.10959,25.6702,25.66,25.66,25.68,25.66,2026-08-10 18:13:00,147
11914.162011,25.637,25.65,25.62,25.65,25.61,2026-08-10 18:14:00,197
20564.06487,25.5993,25.62,25.56,25.62,25.56,2026-08-10 18:15:00,161
7037.32377,25.5748,25.555,25.575,25.575,25.555,2026-08-10 18:16:00,124
5187.221458,25.5826,25.5711,25.58,25.588,25.57,2026-08-10 18:17:00,106
9384.081735,25.595,25.58,25.6,25.625,25.571,2026-08-10 18:18:00,172
7699.0,25.5823,25.6,25.54,25.6,25.54,2026-08-10 18:19:00,119
5295.17879,25.5471,25.54,25.53,25.545,25.53,2026-08-10 18:20:00,64
12755.731019,25.5672,25.54,25.575,25.59,25.54,2026-08-10 18:21:00,178
7976.0,25.5512,25.58,25.53,25.59,25.525,2026-08-10 18:22:00,174
3065.40426,25.5309,25.53,25.53,25.53,25.52,2026-08-10 18:23:00,59
11724.036671,25.5249,25.525,25.55,25.55,25.5,2026-08-10 18:24:00,203
10518.03805,25.5855,25.55,25.59,25.61,25.55,2026-08-10 18:25:00,153
6331.36909,25.5872,25.59,25.585,25.6,25.58,2026-08-10 18:26:00,110
4259.460397,25.5673,25.585,25.56,25.585,25.55,2026-08-10 18:27:00,108
16124.15626,25.6072,25.56,25.68,25.68,25.56,2026-08-10 18:28:00,229
4640.343857,25.6612,25.66,25.67,25.68,25.66,2026-08-10 18:29:00,81
9774.0,25.6601,25.6601,25.667672,25.675,25.65,2026-08-10 18:30:00,131
19422.575464,25.6522,25.665,25.68,25.695,25.65,2026-08-10 18:31:00,126
7141.45283,25.6953,25.7,25.685,25.71,25.68,2026-08-10 18:32:00,132
10253.551476,25.6682,25.6742,25.655,25.7,25.65,2026-08-10 18:33:00,175
4288.19025,25.6592,25.65,25.66,25.6601,25.65,2026-08-10 18:34:00,101
8663.0,25.6529,25.64,25.66,25.67,25.64,2026-08-10 18:35:00,152
4734.0,25.6491,25.66,25.6475,25.66,25.64,2026-08-10 18:36:00,80
6760.0,25.6527,25.64,25.67,25.67,25.64,2026-08-10 18:37:00,111
16649.1,25.6523,25.67,25.63,25.68,25.63,2026-08-10 18:38:00,257
8982.883481,25.6383,25.63,25.63,25.655,25.6205,2026-08-10 18:39:00,151
8371.780335,25.6397,25.64,25.63,25.66,25.62,2026-08-10 18:40:00,156
10894.11415,25.6179,25.63,25.61,25.64,25.59,2026-08-10 18:41:00,192
11043.0,25.6268,25.61,25.635,25.645,25.61,2026-08-10 18:42:00,193
9587.0,25.6541,25.65,25.655,25.665,25.65,2026-08-10 18:43:00,128
16684.290285,25.6384,25.655,25.65,25.66,25.6,2026-08-10 18:44:00,281
8018.722222,25.6436,25.65,25.64,25.65,25.64,2026-08-10 18:45:00,119
9402.0,25.6235,25.632,25.635,25.64,25.6,2026-08-10 18:46:00,192
18703.385214,25.6191,25.63,25.66,25.66,25.59,2026-08-10 18:47:00,297
11311.0,25.6558,25.65,25.64,25.68,25.64,2026-08-10 18:48:00,182
6813.0,25.6321,25.64,25.64,25.64,25.62,2026-08-10 18:49:00,159
14340.69469,25.6614,25.65,25.65,25.68,25.6401,2026-08-10 18:50:00,155
11941.37891,25.6532,25.65,25.655,25.67,25.64,2026-08-10 18:51:00,215
7929.039,25.646,25.65,25.63,25.66,25.63,2026-08-10 18:52:00,155
10691.78085,25.6127,25.63,25.62,25.64,25.59,2026-08-10 18:53:00,200
10293.00301,25.6117,25.62,25.58,25.635,25.58,2026-08-10 18:54:00,165
12726.0,25.5802,25.58,25.57,25.59,25.57,2026-08-10 18:55:00,181
16345.0,25.5816,25.57,25.57,25.585,25.565,2026-08-10 18:56:00,206
10906.56498,25.6059,25.57,25.641,25.65,25.57,2026-08-10 18:57:00,210
12269.5588,25.6168,25.64,25.61,25.64,25.595,2026-08-10 18:58:00,258
7615.1231,25.6093,25.61,25.61,25.63,25.59,2026-08-10 18:59:00,189
19290.0,25.6716,25.61,25.681,25.71,25.61,2026-08-10 19:00:00,305
15444.16575,25.7075,25.695,25.74,25.74,25.6701,2026-08-10 19:01:00,199
14815.3493,25.7269,25.72,25.775,25.785,25.69,2026-08-10 19:02:00,235
16154.0,25.7715,25.775,25.7518,25.795,25.7518,2026-08-10 19:03:00,238
7911.3691,25.7367,25.76,25.745,25.76,25.73,2026-08-10 19:04:00,158
22359.0,25.7012,25.74,25.69,25.74,25.655,2026-08-10 19:05:00,242
9701.0,25.6674,25.68,25.69,25.69,25.64,2026-08-10 19:06:00,165
15552.0,25.7054,25.695,25.68,25.73,25.68,2026-08-10 19:07:00,151
17561.188819,25.6837,25.67,25.7,25.7,25.67,2026-08-10 19:08:00,254
5129.0,25.7164,25.71,25.74,25.74,25.71,2026-08-10 19:09:00,109
19315.699,25.7418,25.755,25.7701,25.785,25.7101,2026-08-10 19:10:00,241
18696.0084,25.7604,25.77,25.81,25.81,25.745,2026-08-10 19:11:00,211
12625.86914,25.8377,25.805,25.87,25.88,25.805,2026-08-10 19:12:00,243
20186.162011,25.8533,25.87,25.9,25.91,25.83,2026-08-10 19:13:00,269
11263.0374,25.8867,25.905,25.88,25.92,25.88,2026-08-10 19:14:00,169
11960.24495,25.882,25.875,25.87,25.92,25.87,2026-08-10 19:15:00,191
14324.3833,25.8734,25.87,25.89,25.9,25.86,2026-08-10 19:16:00,237
11749.05566,25.891,25.88,25.955,25.955,25.865,2026-08-10 19:17:00,161
19966.698578,25.9318,25.94,25.95,25.97,25.92,2026-08-10 19:18:00,289
12446.0,25.9371,25.95,25.9301,25.965,25.93,2026-08-10 19:19:00,166
11896.0,25.9225,25.935,25.91,25.935,25.91,2026-08-10 19:20:00,262
18123.19025,25.8859,25.91,25.845,25.92,25.845,2026-08-10 19:21:00,254
15585.14216,25.8704,25.845,25.8695,25.895,25.845,2026-08-10 19:22:00,209
13195.0,25.8546,25.8601,25.855,25.8679,25.825,2026-08-10 19:23:00,189
21752.0,25.8246,25.85,25.82,25.85,25.81,2026-08-10 19:24:00,286
12767.0,25.8004,25.81,25.785,25.81,25.77,2026-08-10 19:25:00,199
17963.75,25.768,25.785,25.76,25.8,25.73,2026-08-10 19:26:00,292
10228.0,25.7725,25.768,25.75,25.78,25.75,2026-08-10 19:27:00,179
17541.3556,25.7559,25.745,25.73,25.75,25.73,2026-08-10 19:28:00,249
10644.0,25.7416,25.72,25.715,25.745,25.71,2026-08-10 19:29:00,228
35742.162011,25.6368,25.715,25.66,25.715,25.58,2026-08-10 19:30:00,500
13345.53539,25.7007,25.69,25.66,25.71,25.66,2026-08-10 19:31:00,192
19706.47381,25.6456,25.66,25.62,25.6777,25.61,2026-08-10 19:32:00,252
27601.308296,25.5854,25.62,25.58,25.63,25.55,2026-08-10 19:33:00,371
18812.2342,25.6117,25.585,25.6,25.635,25.58,2026-08-10 19:34:00,285
19142.0,25.6544,25.61,25.695,25.7,25.61,2026-08-10 19:35:00,260
20930.0,25.6882,25.7,25.68,25.73,25.6675,2026-08-10 19:36:00,291
12484.972032,25.701,25.69,25.69,25.73,25.69,2026-08-10 19:37:00,229
7645.170936,25.6981,25.69,25.7,25.715,25.685,2026-08-10 19:38:00,144
34162.988615,25.7052,25.7,25.655,25.76,25.655,2026-08-10 19:39:00,496
20420.798442,25.6675,25.66,25.669,25.685,25.65,2026-08-10 19:40:00,301
21685.407558,25.6575,25.665,25.65,25.67,25.635,2026-08-10 19:41:00,316
19051.096077,25.6283,25.64,25.64,25.645,25.6,2026-08-10 19:42:00,282
26299.0,25.691,25.65,25.72,25.745,25.65,2026-08-10 19:43:00,312
15899.0,25.7256,25.73,25.725,25.745,25.72,2026-08-10 19:44:00,214
31706.075225,25.6986,25.72,25.625,25.755,25.625,2026-08-10 19:45:00,366
22474.018756,25.6275,25.62,25.61,25.65,25.6,2026-08-10 19:46:00,369
22815.0,25.6363,25.6,25.665,25.67,25.6,2026-08-10 19:47:00,320
18319.12588,25.6608,25.66,25.695,25.695,25.64,2026-08-10 19:48:00,241
40423.14,25.6901,25.69,25.73,25.73,25.65,2026-08-10 19:49:00,469
39419.0,25.7657,25.71,25.81,25.815,25.71,2026-08-10 19:50:00,556
50243.099627,25.8056,25.81,25.765,25.855,25.75,2026-08-10 19:51:00,626
33760.0,25.7605,25.765,25.75,25.8,25.745,2026-08-10 19:52:00,488
45693.448013,25.7933,25.75,25.8,25.835,25.75,2026-08-10 19:53:00,530
42897.71758,25.8147,25.785,25.81,25.85,25.785,2026-08-10 19:54:00,541
76364.84764,25.7721,25.815,25.73,25.85,25.721,2026-08-10 19:55:00,748
90705.082638,25.6575,25.73,25.675,25.73,25.6075,2026-08-10 19:56:00,987
93522.6832,25.6467,25.675,25.6,25.675,25.6,2026-08-10 19:57:00,919
158456.558327,25.5974,25.605,25.595,25.625,25.56,2026-08-10 19:58:00,1482
319945.00975,25.6406,25.595,25.745,25.85,25.54,2026-08-10 19:59:00,2540
50497.558239,25.63,25.63,25.63,25.63,25.63,2026-08-10 20:00:00,35
551.162011,25.8994,25.9,25.9,25.9,25.9,2026-08-10 20:01:00,4
106.0,25.5298,25.53,25.53,25.53,25.53,2026-08-10 20:03:00,2
582.0,25.7048,25.71,25.7,25.71,25.7,2026-08-10 20:08:00,3
1596.0,25.7088,25.71,25.7,25.71,25.7,2026-08-10 20:09:00,11
103.882245,25.5524,25.55,25.55,25.55,25.55,2026-08-10 20:10:00,8
922.0,25.652,25.65,25.6799,25.6799,25.65,2026-08-10 20:12:00,9
710.0,25.6356,25.64,25.622,25.64,25.622,2026-08-10 20:14:00,15
2269.0,25.6119,25.6176,25.6176,25.6176,25.6176,2026-08-10 20:15:00,8
1017.0,25.5525,25.5524,25.5524,25.5524,25.5524,2026-08-10 20:19:00,3
250.0,25.5561,25.5558,25.5565,25.5565,25.5558,2026-08-10 20:20:00,2
3539.0,25.6208,25.62,25.64,25.64,25.62,2026-08-10 20:22:00,10
100.0,25.64,25.64,25.64,25.64,25.64,2026-08-10 20:25:00,1
265.0,25.6041,25.61,25.61,25.61,25.61,2026-08-10 20:31:00,4
2505.0,25.6382,25.6382,25.6382,25.6382,25.6382,2026-08-10 20:32:00,2
360.0,25.6367,25.64,25.64,25.64,25.64,2026-08-10 20:33:00,2
756.0,25.6021,25.6,25.6,25.6,25.6,2026-08-10 20:36:00,9
34454.0,25.6297,25.63,25.57,25.63,25.57,2026-08-10 20:40:00,3
674.0,25.5914,25.59,25.59,25.59,25.59,2026-08-10 20:46:00,9
2856.0,25.5466,25.59,25.48,25.59,25.48,2026-08-10 20:52:00,36
120.0,25.4,25.4,25.4,25.4,25.4,2026-08-10 20:57:00,1
50539.0,25.6297,25.46,25.63,25.63,25.46,2026-08-10 21:03:00,2
356.0,25.3795,25.3795,25.3795,25.3795,25.3795,2026-08-10 21:19:00,2
133.0,25.4829,25.5,25.5,25.5,25.5,2026-08-10 21:22:00,4
721.0,25.3914,25.3913,25.3913,25.3913,25.3913,2026-08-10 21:25:00,2
771.0,25.3782,25.3819,25.37,25.3819,25.37,2026-08-10 21:26:00,5
100.0,25.3866,25.3866,25.3866,25.3866,25.3866,2026-08-10 21:27:00,1
306.0,25.4124,25.3935,25.44,25.44,25.3935,2026-08-10 21:28:00,3
100.0,25.49,25.49,25.49,25.49,25.49,2026-08-10 21:29:00,1
268.0,25.399,25.3901,25.3901,25.3901,25.3901,2026-08-10 21:30:00,3
529.0,25.4148,25.395,25.395,25.395,25.395,2026-08-10 21:32:00,4
878.0,25.3948,25.3958,25.3901,25.396,25.3901,2026-08-10 21:33:00,3
335.0,25.3975,25.3901,25.3901,25.3901,25.3901,2026-08-10 21:34:00,3
341.0,25.388,25.388,25.388,25.388,25.388,2026-08-10 21:45:00,1
173.0,25.4592,25.5,25.5,25.5,25.5,2026-08-10 21:46:00,4
341.0,25.5,25.5,25.5,25.5,25.5,2026-08-10 21:47:00,2
340.0,25.38,25.38,25.38,25.38,25.38,2026-08-10 21:49:00,1
238.0,25.447,25.43,25.43,25.43,25.43,2026-08-10 21:53:00,4
800.0,25.4825,25.49,25.476,25.49,25.476,2026-08-10 21:59:00,5
1039.302395,25.5001,25.5,25.5,25.5,25.5,2026-08-10 22:00:00,10
220.0,25.495,25.48,25.51,25.51,25.48,2026-08-10 22:12:00,5
185.0,25.49,25.49,25.49,25.49,25.49,2026-08-10 22:14:00,1
100.0,25.63,25.63,25.63,25.63,25.63,2026-08-10 22:20:00,1
173.0,25.4705,25.4301,25.4301,25.4301,25.4301,2026-08-10 22:21:00,5
1200.0,25.4809,25.46,25.63,25.63,25.45,2026-08-10 22:41:00,5
272.0,25.4401,25.45,25.4303,25.45,25.4303,2026-08-10 22:45:00,2
317.0,25.4528,25.46,25.46,25.46,25.46,2026-08-10 22:51:00,5
135.0,25.4443,25.4446,25.4446,25.4446,25.4446,2026-08-10 23:09:00,2
400.0,25.4687,25.4687,25.4687,25.4687,25.4687,2026-08-10 23:35:00,1
250.0,25.612,25.61,25.61,25.61,25.61,2026-08-10 23:40:00,4
