Volume,vw,Open,Close,High,Low,timestamp,n
2670.8525,7.692,7.69,7.69,7.69,7.69,2026-07-29 13:30:00,8
175.0,7.6768,7.677,7.677,7.677,7.677,2026-07-29 13:40:00,2
356.0,7.5634,7.56,7.56,7.56,7.56,2026-07-29 13:46:00,3
170.192376,7.6857,7.677,7.677,7.677,7.677,2026-07-29 13:48:00,2
1514.0,7.5585,7.56,7.56,7.56,7.55,2026-07-29 13:59:00,43
126.0,7.5262,7.5,7.5,7.5,7.5,2026-07-29 14:00:00,3
276.0,7.597,7.597,7.597,7.597,7.597,2026-07-29 14:02:00,1
209.0,7.524,7.5,7.5,7.5,7.5,2026-07-29 14:05:00,6
176.0,7.5984,7.6,7.6,7.6,7.6,2026-07-29 14:06:00,4
1422.0,7.6447,7.64,7.6,7.65,7.6,2026-07-29 14:07:00,19
244.0,7.6484,7.65,7.65,7.65,7.65,2026-07-29 14:08:00,4
216.0,7.673,7.635,7.7,7.7,7.635,2026-07-29 14:09:00,6
1066.17892,7.6998,7.7,7.7,7.7,7.7,2026-07-29 14:10:00,9
234.0,7.61,7.7,7.7,7.7,7.7,2026-07-29 14:11:00,6
1974.0,7.4798,7.5,7.35,7.5,7.35,2026-07-29 14:18:00,21
278.0,7.4325,7.45,7.45,7.45,7.45,2026-07-29 14:19:00,5
505.0,7.4501,7.45,7.45,7.45,7.45,2026-07-29 14:23:00,3
294.0,7.3572,7.35,7.35,7.35,7.35,2026-07-29 14:26:00,6
103.0,7.4477,7.45,7.45,7.45,7.45,2026-07-29 14:28:00,2
888.0,7.4535,7.4917,7.42,7.4917,7.35,2026-07-29 14:34:00,19
110.0,7.4245,7.425,7.425,7.425,7.425,2026-07-29 14:35:00,2
935.0,7.3725,7.37,7.41,7.41,7.35,2026-07-29 15:02:00,8
280.0,7.4068,7.4085,7.4085,7.4085,7.4085,2026-07-29 15:03:00,6
154.0,7.46,7.46,7.46,7.46,7.46,2026-07-29 15:08:00,1
342.0,7.3844,7.4,7.38,7.4,7.38,2026-07-29 15:25:00,6
157.0,7.3997,7.4,7.4,7.4,7.4,2026-07-29 15:26:00,2
156.0,7.378,7.35,7.35,7.35,7.35,2026-07-29 15:42:00,6
342.0,7.4249,7.4499,7.4,7.4499,7.4,2026-07-29 15:46:00,5
1227.0,7.4507,7.44,7.46,7.46,7.44,2026-07-29 15:47:00,25
106.0,7.5069,7.51,7.51,7.51,7.51,2026-07-29 15:53:00,2
210.0,7.4257,7.425,7.425,7.425,7.425,2026-07-29 16:01:00,3
4874.0,7.5111,7.4485,7.555,7.555,7.4485,2026-07-29 16:05:00,158
123.0,7.5037,7.49,7.49,7.49,7.49,2026-07-29 16:06:00,5
127.0,7.5989,7.6,7.6,7.6,7.6,2026-07-29 16:08:00,4
207.0,7.605,7.6099,7.6099,7.6099,7.6099,2026-07-29 16:10:00,5
101.0,7.5356,7.535,7.535,7.535,7.535,2026-07-29 16:11:00,2
268.0,7.5591,7.5972,7.5,7.5972,7.5,2026-07-29 16:21:00,4
291.0,7.6006,7.5972,7.5972,7.5972,7.5972,2026-07-29 16:26:00,5
630.0,7.6114,7.61,7.61,7.61,7.61,2026-07-29 16:32:00,18
161.0,7.6485,7.645,7.645,7.645,7.645,2026-07-29 16:34:00,2
119.0,7.715,7.7167,7.7167,7.7167,7.7167,2026-07-29 16:38:00,5
2209.0,7.699,7.7,7.675,7.7,7.675,2026-07-29 16:45:00,10
1301.0,7.7412,7.73,7.7685,7.7685,7.73,2026-07-29 16:48:00,26
179.0,7.7807,7.78,7.78,7.78,7.78,2026-07-29 16:50:00,6
264.0,7.8653,7.8678,7.8678,7.8678,7.8678,2026-07-29 16:51:00,5
210.0,7.8976,7.8999,7.8999,7.8999,7.8999,2026-07-29 16:53:00,3
574.0,7.8671,7.8792,7.81,7.8792,7.81,2026-07-29 16:54:00,2
116.0,7.8191,7.81,7.81,7.81,7.81,2026-07-29 16:55:00,3
171.0,7.8141,7.815,7.815,7.815,7.815,2026-07-29 17:03:00,5
162.0,7.8945,7.8999,7.8999,7.8999,7.8999,2026-07-29 17:04:00,5
323.0,7.819,7.82,7.815,7.82,7.815,2026-07-29 17:17:00,7
163.0,7.8188,7.815,7.815,7.815,7.815,2026-07-29 17:20:00,3
3091.0,7.7946,7.805,7.82,7.82,7.74,2026-07-29 17:25:00,105
150.0,7.7819,7.782,7.782,7.782,7.782,2026-07-29 17:32:00,2
1961.0,7.7201,7.73,7.7,7.73,7.62,2026-07-29 17:39:00,51
154.0,7.7527,7.7527,7.7527,7.7527,7.7527,2026-07-29 17:41:00,2
549.0,7.7377,7.75,7.65,7.76,7.65,2026-07-29 17:45:00,11
534.0,7.7131,7.72,7.71,7.72,7.71,2026-07-29 17:46:00,6
931.0,7.7932,7.7699,7.83,7.83,7.7699,2026-07-29 17:51:00,24
781.0,7.8864,7.88,7.88,7.88,7.88,2026-07-29 18:00:00,106
163.0,8.1723,8.1943,8.1943,8.1943,8.1943,2026-07-29 18:04:00,2
143.0,8.1943,8.1943,8.1943,8.1943,8.1943,2026-07-29 18:12:00,1
100.0,7.97,7.97,7.97,7.97,7.97,2026-07-29 18:16:00,1
149.0,7.8442,7.83,7.83,7.83,7.83,2026-07-29 18:21:00,3
291.0,7.7865,7.78,7.78,7.78,7.78,2026-07-29 18:22:00,18
100.0,7.81,7.81,7.81,7.81,7.81,2026-07-29 18:25:00,1
532.0,7.6773,7.67,7.67,7.67,7.67,2026-07-29 18:27:00,4
201.0,7.785,7.785,7.785,7.785,7.785,2026-07-29 18:28:00,2
503.0,7.7661,7.785,7.69,7.785,7.69,2026-07-29 18:29:00,3
118.0,7.857,7.87,7.87,7.87,7.87,2026-07-29 18:30:00,3
951.0,7.8797,7.87,7.89,7.89,7.87,2026-07-29 18:41:00,27
100.0,7.885,7.885,7.885,7.885,7.885,2026-07-29 18:45:00,1
245.0,7.8939,7.885,7.9,7.9,7.885,2026-07-29 18:49:00,3
100.0,7.855,7.855,7.855,7.855,7.855,2026-07-29 18:52:00,1
1079.0,7.8572,7.87,7.84,7.87,7.84,2026-07-29 18:56:00,26
870.0,7.8042,7.81,7.76,7.81,7.76,2026-07-29 19:04:00,28
168.0,7.7621,7.76,7.76,7.76,7.76,2026-07-29 19:08:00,8
116.0,7.8047,7.815,7.815,7.815,7.815,2026-07-29 19:13:00,2
260.0,7.7421,7.74,7.74,7.74,7.74,2026-07-29 19:16:00,3
128.0,7.7183,7.725,7.725,7.725,7.725,2026-07-29 19:31:00,6
112.0,7.7195,7.725,7.725,7.725,7.725,2026-07-29 19:33:00,5
1464.0,7.6662,7.66,7.675,7.675,7.66,2026-07-29 19:38:00,37
640.0,7.6428,7.65,7.64,7.65,7.64,2026-07-29 19:40:00,16
1489.0,7.6269,7.64,7.64,7.64,7.51,2026-07-29 19:44:00,27
220.0,7.6027,7.585,7.585,7.585,7.585,2026-07-29 19:47:00,5
110.0,7.6469,7.65,7.65,7.65,7.65,2026-07-29 19:48:00,3
425.0,7.6534,7.66,7.66,7.66,7.66,2026-07-29 19:49:00,27
1882.0,7.7274,7.71,7.745,7.75,7.71,2026-07-29 19:58:00,43
4319.0,7.6914,7.71,7.76,7.76,7.62,2026-07-29 19:59:00,87
2440.8525,7.7659,7.76,7.755,7.78,7.755,2026-07-30 13:30:00,22
2433.0,7.7765,7.77,7.78,7.9,7.77,2026-07-30 14:10:00,8
2132.0,7.7563,7.76,7.7725,7.7725,7.74,2026-07-30 14:13:00,16
105.0,7.691,7.68,7.68,7.68,7.68,2026-07-30 14:15:00,3
106.0,7.6225,7.62,7.62,7.62,7.62,2026-07-30 14:18:00,3
151.0,7.6149,7.6,7.6,7.6,7.6,2026-07-30 14:19:00,3
221.0,7.7651,7.76,7.76,7.76,7.76,2026-07-30 14:25:00,3
100.0,7.685,7.685,7.685,7.685,7.685,2026-07-30 14:41:00,1
169.0,7.6845,7.685,7.685,7.685,7.685,2026-07-30 14:45:00,4
8025.0,7.7248,7.71,7.825,7.825,7.68,2026-07-30 14:51:00,76
148.0,7.825,7.825,7.825,7.825,7.825,2026-07-30 14:53:00,2
107.0,7.7549,7.75,7.75,7.75,7.75,2026-07-30 14:55:00,2
900.0,7.8237,7.82,7.76,7.9,7.74,2026-07-30 14:56:00,10
201.0,7.8962,7.89,7.89,7.89,7.89,2026-07-30 14:58:00,5
700.0,7.7345,7.7219,7.81,7.81,7.7219,2026-07-30 15:02:00,2
109.0,7.8026,7.81,7.81,7.81,7.81,2026-07-30 15:04:00,3
156.0,7.7313,7.7309,7.7309,7.7309,7.7309,2026-07-30 15:08:00,2
880.0,7.7212,7.71,7.785,7.785,7.71,2026-07-30 15:15:00,16
120.0,7.7835,7.785,7.785,7.785,7.785,2026-07-30 15:20:00,3
121.0,7.7336,7.7115,7.7115,7.7115,7.7115,2026-07-30 15:26:00,3
155.0,7.7501,7.7501,7.7501,7.7501,7.7501,2026-07-30 15:28:00,1
118.0,7.7514,7.75,7.75,7.75,7.75,2026-07-30 15:32:00,2
1318.0,7.8497,7.84,7.84,7.86,7.84,2026-07-30 15:34:00,35
9216.0,7.8968,7.8857,8.07,8.07,7.865,2026-07-30 15:42:00,33
300.0,8.0681,8.06,8.07,8.07,8.06,2026-07-30 15:43:00,4
200.0,8.07,8.07,8.07,8.07,8.07,2026-07-30 15:44:00,2
301.0,8.07,8.07,8.07,8.07,8.07,2026-07-30 15:45:00,8
222.0,7.8652,7.8501,7.8501,7.8501,7.8501,2026-07-30 15:46:00,4
306.0,8.0471,8.1,7.985,8.1,7.985,2026-07-30 15:51:00,9
1373.0,7.985,7.985,7.985,7.985,7.985,2026-07-30 15:52:00,2
100.0,8.0082,8.0082,8.0082,8.0082,8.0082,2026-07-30 15:54:00,1
560.0,8.0146,8.04,7.975,8.04,7.975,2026-07-30 15:57:00,9
200.0,7.975,7.975,7.975,7.975,7.975,2026-07-30 15:58:00,2
100.0,8.015,8.015,8.015,8.015,8.015,2026-07-30 16:04:00,1
187.0,7.94,7.94,7.94,7.94,7.94,2026-07-30 16:05:00,2
155.0,7.94,7.94,7.94,7.94,7.94,2026-07-30 16:20:00,1
155.0,7.8961,7.8961,7.8961,7.8961,7.8961,2026-07-30 16:25:00,1
561.0,7.8805,7.88,7.88,7.88,7.88,2026-07-30 16:29:00,11
155.0,7.886,7.886,7.886,7.886,7.886,2026-07-30 16:35:00,1
366.0,7.8275,7.8,7.87,7.87,7.785,2026-07-30 16:48:00,6
100.0,7.96,7.96,7.96,7.96,7.96,2026-07-30 16:57:00,1
5140.0,7.87,7.87,7.87,7.87,7.87,2026-07-30 17:01:00,1
588.0,7.8721,7.87,7.87,7.87,7.87,2026-07-30 17:03:00,8
355.0,7.87,7.87,7.87,7.87,7.87,2026-07-30 17:04:00,3
100.0,7.87,7.87,7.87,7.87,7.87,2026-07-30 17:05:00,1
101.0,7.87,7.87,7.87,7.87,7.87,2026-07-30 17:06:00,2
320.0,7.9536,7.96,7.96,7.96,7.96,2026-07-30 17:09:00,7
504.0,7.8765,7.875,7.955,7.955,7.795,2026-07-30 17:10:00,6
787.0,7.9571,7.955,7.9675,7.9675,7.955,2026-07-30 17:11:00,25
155.0,7.8973,7.8973,7.8973,7.8973,7.8973,2026-07-30 17:18:00,1
200.0,7.88,7.88,7.88,7.88,7.88,2026-07-30 17:52:00,2
228.0,7.8845,7.88,7.89,7.89,7.88,2026-07-30 18:14:00,5
100.0,7.935,7.935,7.935,7.935,7.935,2026-07-30 18:21:00,1
100.0,7.885,7.885,7.885,7.885,7.885,2026-07-30 18:28:00,1
300.0,7.88,7.88,7.88,7.88,7.88,2026-07-30 18:38:00,3
201.0,7.9405,7.935,7.935,7.935,7.935,2026-07-30 18:45:00,4
976.0,7.9897,7.97,7.99,7.99,7.97,2026-07-30 18:54:00,25
103.0,8.0631,8.065,8.065,8.065,8.065,2026-07-30 19:01:00,2
779.0,8.0818,8.07,8.1,8.1,8.07,2026-07-30 19:11:00,29
101.0,8.1145,8.115,8.115,8.115,8.115,2026-07-30 19:13:00,2
104.0,8.1488,8.15,8.15,8.15,8.15,2026-07-30 19:32:00,2
326.0,8.1288,8.13,8.13,8.13,8.13,2026-07-30 19:33:00,13
358.0,8.1537,8.19,8.14,8.19,8.14,2026-07-30 19:35:00,5
957.0,8.1796,8.19,8.155,8.19,8.155,2026-07-30 19:37:00,26
500.243605,8.1837,8.1797,8.1797,8.1797,8.1797,2026-07-30 19:40:00,2
634.0,8.2157,8.22,8.21,8.22,8.21,2026-07-30 19:43:00,31
241.0,8.1584,8.17,8.17,8.17,8.17,2026-07-30 19:49:00,4
405.0,8.2021,8.24,8.165,8.24,8.165,2026-07-30 19:52:00,4
147.0,8.2012,8.23,8.23,8.23,8.23,2026-07-30 19:53:00,6
206.0,8.1713,8.165,8.165,8.165,8.165,2026-07-30 19:54:00,11
192.0,8.1895,8.2,8.2,8.2,8.2,2026-07-30 19:56:00,11
1507.0,8.2148,8.18,8.22,8.24,8.18,2026-07-30 19:57:00,38
1297.0,8.2089,8.22,8.21,8.22,8.2,2026-07-30 19:58:00,33
3567.0,8.1889,8.215,8.12,8.25,8.12,2026-07-30 19:59:00,97
408.4525,8.129,8.12,8.12,8.12,8.12,2026-07-31 13:30:00,4
3616.0,7.9841,8.12,7.876,8.1999,7.876,2026-07-31 13:40:00,4
116.0,7.9906,7.9603,7.9603,7.9603,7.9603,2026-07-31 13:59:00,2
220.0,7.9,7.9,7.9,7.9,7.9,2026-07-31 14:01:00,1
100.0,8.18,8.18,8.18,8.18,8.18,2026-07-31 14:03:00,1
104.0,8.13,8.13,8.13,8.13,8.13,2026-07-31 14:08:00,2
13004.0,7.892,7.91,7.95,8.01,7.89,2026-07-31 14:10:00,10
137.0,7.9868,8.03,8.03,8.03,8.03,2026-07-31 14:11:00,4
501.0,7.9927,8.0,8.06,8.06,7.945,2026-07-31 14:12:00,8
15565.06876,8.0757,8.06,7.97,8.09,7.95,2026-07-31 14:13:00,30
104.0,8.0732,8.08,8.08,8.08,8.08,2026-07-31 14:14:00,3
329.0,7.9927,7.98,8.01,8.01,7.98,2026-07-31 14:16:00,5
1245.0,8.1098,8.01,8.22,8.22,8.01,2026-07-31 14:20:00,25
258.0,8.1299,8.19,8.19,8.19,8.19,2026-07-31 14:23:00,5
112.0,8.2487,8.25,8.25,8.25,8.25,2026-07-31 14:24:00,3
657.0,8.1559,8.145,8.16,8.16,8.145,2026-07-31 14:35:00,6
200.0,8.1625,8.145,8.1799,8.1799,8.145,2026-07-31 14:38:00,2
100.0,8.21,8.21,8.21,8.21,8.21,2026-07-31 14:44:00,1
208.0,8.12,8.12,8.12,8.12,8.12,2026-07-31 14:47:00,3
101.0,8.12,8.12,8.12,8.12,8.12,2026-07-31 14:49:00,2
500.0,8.1814,8.17,8.21,8.21,8.17,2026-07-31 14:51:00,5
390.0,8.1762,8.2,8.145,8.2,8.145,2026-07-31 14:53:00,14
149.0,8.1872,8.19,8.19,8.19,8.19,2026-07-31 14:54:00,4
140.0,8.1538,8.15,8.15,8.15,8.15,2026-07-31 14:57:00,6
200.0,8.145,8.145,8.145,8.145,8.145,2026-07-31 14:59:00,2
861.0,8.2015,8.2,8.2,8.21,8.2,2026-07-31 15:00:00,28
362.18502,8.2071,8.25,8.16,8.25,8.16,2026-07-31 15:01:00,18
335.0,8.1455,8.195,8.14,8.195,8.14,2026-07-31 15:02:00,18
372.0,8.0996,8.1,8.1,8.1,8.09,2026-07-31 15:03:00,19
181.0,8.1313,8.14,8.14,8.14,8.14,2026-07-31 15:04:00,20
170.0,8.1582,8.17,8.17,8.17,8.17,2026-07-31 15:21:00,5
217.0,8.1152,8.115,8.115,8.115,8.115,2026-07-31 15:22:00,10
777.0,8.1182,8.12,8.12,8.12,8.12,2026-07-31 15:26:00,6
1945.0,8.0731,8.06,8.12,8.12,8.045,2026-07-31 15:30:00,42
261.0,8.1949,8.195,8.195,8.195,8.195,2026-07-31 15:32:00,4
2303.0,8.195,8.195,8.195,8.195,8.195,2026-07-31 15:51:00,7
188.0,8.1928,8.22,8.22,8.22,8.22,2026-07-31 16:04:00,12
849.0,8.1285,8.14,8.065,8.15,8.065,2026-07-31 16:16:00,29
381.0,8.1482,8.13,8.13,8.13,8.13,2026-07-31 16:17:00,25
658.0,8.1926,8.19,8.205,8.205,8.19,2026-07-31 16:26:00,25
116.0,8.2434,8.25,8.25,8.25,8.25,2026-07-31 16:27:00,4
124.0,8.2694,8.28,8.28,8.28,8.28,2026-07-31 16:35:00,2
2106.316,8.1872,8.1773,8.27,8.27,8.1773,2026-07-31 16:54:00,6
134.0,8.2301,8.22,8.22,8.22,8.22,2026-07-31 16:55:00,2
118.0,8.2159,8.22,8.22,8.22,8.22,2026-07-31 16:57:00,3
702.0,8.225,8.225,8.225,8.225,8.225,2026-07-31 17:24:00,1
671.0,8.2616,8.2634,8.2634,8.2634,8.2634,2026-07-31 17:27:00,3
108.0,8.2676,8.27,8.27,8.27,8.27,2026-07-31 17:30:00,5
672.0,8.2591,8.27,8.25,8.27,8.25,2026-07-31 17:36:00,27
290.0,8.1805,8.18,8.18,8.18,8.18,2026-07-31 17:42:00,15
226.0,8.155,8.155,8.155,8.155,8.155,2026-07-31 17:53:00,2
317.0,8.145,8.145,8.145,8.145,8.145,2026-07-31 18:04:00,5
1964.0,8.1139,8.105,8.13,8.14,8.08,2026-07-31 18:05:00,58
300.0,8.135,8.135,8.135,8.135,8.135,2026-07-31 18:08:00,2
526.0,8.1823,8.18,8.19,8.19,8.18,2026-07-31 18:13:00,23
202.0,8.2048,8.205,8.205,8.205,8.205,2026-07-31 18:14:00,4
296.0,8.173,8.17,8.18,8.18,8.17,2026-07-31 18:55:00,9
1041.0,8.2128,8.2,8.21,8.23,8.2,2026-07-31 19:00:00,32
105.0,8.2191,8.22,8.22,8.22,8.22,2026-07-31 19:02:00,4
590.0,8.1897,8.19,8.19,8.19,8.19,2026-07-31 19:04:00,20
206.0,8.1275,8.115,8.115,8.115,8.115,2026-07-31 19:05:00,5
430.0,8.1538,8.15,8.15,8.15,8.15,2026-07-31 19:08:00,21
402.0,8.186,8.185,8.185,8.185,8.185,2026-07-31 19:09:00,7
122.0,8.1826,8.185,8.185,8.185,8.185,2026-07-31 19:10:00,3
985.0,8.2508,8.24,8.25,8.27,8.24,2026-07-31 19:22:00,37
853.0,8.2098,8.22,8.21,8.22,8.2,2026-07-31 19:44:00,20
475.0,8.2831,8.28,8.29,8.29,8.28,2026-07-31 19:48:00,17
703.0,8.2352,8.24,8.23,8.24,8.23,2026-07-31 19:50:00,17
915.0,8.1874,8.18,8.19,8.2,8.18,2026-07-31 19:58:00,37
2441.0,8.1401,8.15,8.12,8.18,8.12,2026-07-31 19:59:00,76
2744.344844,8.101,8.1,8.1,8.1,8.1,2026-08-03 13:30:00,7
974.0,8.2187,8.2116,8.2116,8.2116,8.2116,2026-08-03 13:56:00,4
455.0,7.9857,7.97,7.97,7.97,7.97,2026-08-03 13:58:00,4
323.0,8.2131,8.2131,8.2131,8.2131,8.2131,2026-08-03 14:03:00,1
362.01,8.356,8.3563,8.3563,8.3563,8.3563,2026-08-03 14:13:00,5
538.0,8.2802,8.28,8.28,8.28,8.28,2026-08-03 14:24:00,3
322.0,8.2439,8.26,8.26,8.26,8.26,2026-08-03 14:30:00,12
313.0,8.1868,8.19,8.19,8.19,8.19,2026-08-03 14:39:00,6
795.0,8.1437,8.18,8.11,8.18,8.11,2026-08-03 14:40:00,6
567.0,8.0433,8.05,8.05,8.05,8.05,2026-08-03 15:09:00,12
761.0,7.9946,8.01,7.94,8.01,7.94,2026-08-03 15:10:00,9
1246.0,7.931,7.94,7.91,7.94,7.91,2026-08-03 15:14:00,24
650.0,7.8834,7.9,7.9,7.9,7.8,2026-08-03 15:15:00,8
222.0,7.86,7.86,7.86,7.86,7.86,2026-08-03 15:22:00,5
242.0,7.8511,7.86,7.86,7.86,7.86,2026-08-03 15:37:00,4
166.0,7.8133,7.81,7.81,7.81,7.81,2026-08-03 15:48:00,6
121.0,7.86,7.86,7.86,7.86,7.86,2026-08-03 15:52:00,4
540.0,7.8676,7.855,7.855,7.9,7.855,2026-08-03 15:55:00,6
391.0,7.8891,7.855,7.91,7.91,7.855,2026-08-03 15:59:00,9
1961.0,7.8953,7.88,7.86,7.91,7.86,2026-08-03 16:02:00,33
1727.0,7.8273,7.86,7.82,7.86,7.8,2026-08-03 16:07:00,34
901.0,7.8254,7.82,7.84,7.84,7.82,2026-08-03 16:11:00,26
252.0,7.8686,7.88,7.88,7.88,7.88,2026-08-03 16:12:00,8
142.0,7.834,7.835,7.835,7.835,7.835,2026-08-03 16:24:00,4
589.0,7.7745,7.79,7.78,7.79,7.78,2026-08-03 16:31:00,13
740.0,7.7219,7.73,7.67,7.73,7.67,2026-08-03 16:32:00,12
103.0,7.7057,7.705,7.705,7.705,7.705,2026-08-03 16:36:00,2
120.0,7.705,7.705,7.705,7.705,7.705,2026-08-03 16:43:00,3
922.0,7.6168,7.6525,7.61,7.6525,7.58,2026-08-03 16:44:00,14
1044.0,7.6034,7.62,7.575,7.62,7.575,2026-08-03 16:45:00,17
1039.0,7.5863,7.59,7.59,7.59,7.54,2026-08-03 16:46:00,12
137.0,7.59,7.59,7.59,7.59,7.59,2026-08-03 16:48:00,2
410.0,7.59,7.59,7.59,7.59,7.59,2026-08-03 16:49:00,3
516.0,7.539,7.54,7.54,7.54,7.54,2026-08-03 16:54:00,14
133.0,7.5271,7.535,7.535,7.535,7.535,2026-08-03 17:00:00,5
2033.0,7.581,7.57,7.56,7.61,7.56,2026-08-03 17:01:00,43
255.0,7.5978,7.59,7.59,7.59,7.59,2026-08-03 17:05:00,12
134.0,7.5999,7.595,7.595,7.595,7.595,2026-08-03 17:06:00,4
777.0,7.626,7.62,7.64,7.64,7.62,2026-08-03 17:10:00,31
269.0,7.6499,7.65,7.65,7.65,7.65,2026-08-03 17:17:00,4
368.0,7.6282,7.635,7.635,7.635,7.635,2026-08-03 17:18:00,9
711.0,7.6689,7.67,7.67,7.67,7.67,2026-08-03 17:30:00,32
289.170795,7.6745,7.67,7.67,7.67,7.67,2026-08-03 17:31:00,7
134.0,7.6557,7.655,7.655,7.655,7.655,2026-08-03 17:33:00,4
395.0,7.6394,7.655,7.65,7.655,7.65,2026-08-03 17:36:00,20
369.0,7.622,7.61,7.63,7.63,7.61,2026-08-03 17:37:00,16
461.0,7.6666,7.67,7.68,7.68,7.67,2026-08-03 17:46:00,22
1111.0,7.6932,7.68,7.695,7.71,7.68,2026-08-03 17:47:00,23
539.0,7.6737,7.67,7.68,7.68,7.67,2026-08-03 17:53:00,17
735.0,7.6097,7.62,7.6,7.62,7.6,2026-08-03 17:58:00,15
531.0,7.5875,7.59,7.59,7.59,7.59,2026-08-03 17:59:00,27
130.0,7.5841,7.59,7.59,7.59,7.59,2026-08-03 18:01:00,3
2014.0,7.6659,7.62,7.7,7.7,7.62,2026-08-03 18:10:00,37
297.0,7.7013,7.7,7.7,7.7,7.7,2026-08-03 18:11:00,3
1044.0,7.7666,7.77,7.765,7.78,7.76,2026-08-03 18:20:00,19
1196.0,7.7388,7.78,7.72,7.78,7.72,2026-08-03 18:25:00,26
564.0,7.6596,7.68,7.67,7.68,7.66,2026-08-03 18:29:00,14
1374.0,7.6459,7.64,7.64,7.66,7.635,2026-08-03 18:44:00,39
300.0,7.6767,7.67,7.68,7.68,7.67,2026-08-03 18:46:00,3
909.0,7.6776,7.68,7.675,7.69,7.67,2026-08-03 18:48:00,22
300.0,7.66,7.66,7.66,7.66,7.66,2026-08-03 18:52:00,3
269.0,7.6087,7.635,7.635,7.635,7.635,2026-08-03 18:57:00,12
100.0,7.615,7.615,7.615,7.615,7.615,2026-08-03 19:01:00,1
240.0,7.5802,7.58,7.58,7.58,7.58,2026-08-03 19:04:00,7
456.0,7.6385,7.64,7.64,7.65,7.64,2026-08-03 19:07:00,9
249.0,7.6294,7.64,7.64,7.64,7.64,2026-08-03 19:10:00,5
641.14361,7.5802,7.605,7.56,7.605,7.56,2026-08-03 19:12:00,23
1968.0,7.4813,7.5,7.42,7.51,7.42,2026-08-03 19:15:00,40
101.0,7.5149,7.515,7.515,7.515,7.515,2026-08-03 19:16:00,2
448.0,7.525,7.525,7.525,7.525,7.525,2026-08-03 19:18:00,3
408.0,7.5725,7.58,7.56,7.58,7.56,2026-08-03 19:19:00,13
210.0,7.5652,7.565,7.565,7.565,7.565,2026-08-03 19:20:00,4
899.0,7.5287,7.53,7.51,7.53,7.51,2026-08-03 19:21:00,8
2313.0,7.5018,7.52,7.44,7.52,7.44,2026-08-03 19:24:00,26
1164.0,7.4484,7.44,7.5,7.5,7.35,2026-08-03 19:25:00,27
451.0,7.4612,7.485,7.485,7.485,7.37,2026-08-03 19:26:00,5
532.0,7.41,7.41,7.41,7.41,7.41,2026-08-03 19:27:00,1
161.0,7.4777,7.485,7.485,7.485,7.485,2026-08-03 19:32:00,4
457.0,7.5628,7.57,7.57,7.57,7.56,2026-08-03 19:35:00,10
200.0,7.44,7.48,7.4,7.48,7.4,2026-08-03 19:43:00,2
248.0,7.4562,7.44,7.44,7.44,7.44,2026-08-03 19:48:00,10
1108.0,7.4783,7.48,7.48,7.48,7.48,2026-08-03 19:49:00,10
1036.0,7.48,7.48,7.48,7.48,7.48,2026-08-03 19:50:00,23
862.0,7.4203,7.42,7.42,7.42,7.42,2026-08-03 19:54:00,9
499.586,7.3867,7.42,7.42,7.42,7.42,2026-08-03 19:55:00,14
2243.0,7.3432,7.33,7.34,7.37,7.2301,2026-08-03 19:56:00,57
1188.0,7.3708,7.39,7.31,7.39,7.31,2026-08-03 19:57:00,21
950.12307,7.3862,7.31,7.3,7.44,7.3,2026-08-03 19:58:00,18
947.0,7.3254,7.42,7.29,7.42,7.29,2026-08-03 19:59:00,31
2928.099098,7.4932,7.49,7.51,7.51,7.49,2026-08-04 13:30:00,14
350.0,7.4784,7.46,7.53,7.53,7.46,2026-08-04 13:34:00,5
1145.0,7.5536,7.53,7.57,7.57,7.53,2026-08-04 13:35:00,17
614.0,7.5462,7.5,7.57,7.57,7.5,2026-08-04 13:36:00,23
1333.0,7.6762,7.6794,7.6692,7.6794,7.6692,2026-08-04 13:37:00,5
667.0,7.5974,7.61,7.51,7.634,7.51,2026-08-04 13:38:00,9
169.0,7.5687,7.57,7.57,7.57,7.57,2026-08-04 13:39:00,15
314.0,7.5168,7.51,7.51,7.51,7.51,2026-08-04 13:40:00,20
1190.0,7.4378,7.45,7.38,7.45,7.38,2026-08-04 13:42:00,7
437.0,7.4355,7.46,7.3,7.49,7.3,2026-08-04 13:43:00,16
574.0,7.4741,7.49,7.49,7.49,7.46,2026-08-04 13:44:00,9
1127.0,7.494,7.49,7.49,7.52,7.49,2026-08-04 13:45:00,17
631.0,7.4633,7.42,7.48,7.49,7.42,2026-08-04 13:46:00,15
589.0,7.5002,7.5092,7.5,7.5092,7.49,2026-08-04 13:47:00,14
166.0,7.5314,7.49,7.49,7.49,7.49,2026-08-04 13:48:00,10
483.0,7.5748,7.58,7.5799,7.58,7.5799,2026-08-04 13:49:00,12
474.0,7.5937,7.58,7.6,7.6,7.58,2026-08-04 13:51:00,13
178.0,7.5414,7.54,7.54,7.54,7.54,2026-08-04 13:52:00,3
144.0,7.5607,7.56,7.56,7.56,7.56,2026-08-04 13:53:00,4
386.0,7.5151,7.49,7.49,7.49,7.49,2026-08-04 13:55:00,7
1683.0,7.551,7.51,7.56,7.56,7.51,2026-08-04 13:56:00,14
185.0,7.5611,7.56,7.56,7.56,7.56,2026-08-04 13:58:00,5
184.0,7.5425,7.52,7.52,7.52,7.52,2026-08-04 13:59:00,6
600.0,7.4717,7.44,7.43,7.44,7.43,2026-08-04 14:00:00,14
994.157432,7.4706,7.42,7.47,7.49,7.42,2026-08-04 14:03:00,19
120.0,7.4883,7.49,7.49,7.49,7.49,2026-08-04 14:04:00,7
261.0,7.543,7.54,7.55,7.55,7.54,2026-08-04 14:05:00,3
755.0,7.5456,7.54,7.56,7.56,7.54,2026-08-04 14:06:00,11
1131.0,7.5551,7.56,7.56,7.56,7.56,2026-08-04 14:07:00,17
286.0,7.5819,7.5921,7.5921,7.5921,7.5921,2026-08-04 14:09:00,4
618.0,7.5591,7.56,7.56,7.56,7.56,2026-08-04 14:10:00,12
629.0,7.5159,7.52,7.52,7.52,7.52,2026-08-04 14:13:00,22
1109.0,7.4475,7.465,7.44,7.465,7.44,2026-08-04 14:24:00,30
473.0,7.4861,7.49,7.49,7.49,7.49,2026-08-04 14:34:00,13
629.0,7.4552,7.46,7.46,7.46,7.46,2026-08-04 14:46:00,10
613.0,7.4392,7.44,7.44,7.44,7.44,2026-08-04 14:47:00,10
168.0,7.4398,7.44,7.44,7.44,7.44,2026-08-04 14:48:00,11
219.0,7.4398,7.44,7.44,7.44,7.44,2026-08-04 14:52:00,5
277.0,7.4584,7.46,7.46,7.46,7.46,2026-08-04 14:53:00,12
172.0,7.4403,7.44,7.44,7.44,7.44,2026-08-04 14:54:00,4
367.0,7.4563,7.44,7.46,7.46,7.44,2026-08-04 14:56:00,6
170.0,7.5182,7.52,7.52,7.52,7.52,2026-08-04 15:00:00,5
195.0,7.52,7.52,7.52,7.52,7.52,2026-08-04 15:04:00,3
201.0,7.471,7.46,7.46,7.46,7.46,2026-08-04 15:08:00,2
568.0,7.5126,7.49,7.52,7.52,7.49,2026-08-04 15:10:00,16
1171.0,7.5266,7.52,7.53,7.53,7.52,2026-08-04 15:13:00,14
901.0,7.5308,7.53,7.53,7.53,7.53,2026-08-04 15:14:00,13
175.0,7.5589,7.56,7.56,7.56,7.56,2026-08-04 15:17:00,9
143.0,7.5689,7.57,7.57,7.57,7.57,2026-08-04 15:19:00,3
496.0,7.6003,7.57,7.63,7.63,7.57,2026-08-04 15:20:00,15
305.0,7.6993,7.68,7.68,7.68,7.68,2026-08-04 15:22:00,13
313.0,7.7209,7.7101,7.7101,7.7101,7.7101,2026-08-04 15:25:00,7
243.0,7.7599,7.76,7.76,7.76,7.76,2026-08-04 15:26:00,11
537.0,7.7497,7.75,7.75,7.75,7.75,2026-08-04 15:27:00,9
677.0,7.7918,7.78,7.82,7.82,7.78,2026-08-04 15:29:00,19
313.0,7.8274,7.84,7.8,7.84,7.8,2026-08-04 15:30:00,9
3574.0,7.9171,7.85,7.99,8.01,7.85,2026-08-04 15:31:00,29
371.01,7.9475,7.945,7.945,7.945,7.945,2026-08-04 15:39:00,15
114.0,7.9442,7.945,7.945,7.945,7.945,2026-08-04 15:43:00,2
311.0,7.9752,8.0154,8.0154,8.0154,8.0154,2026-08-04 15:46:00,10
114.0,7.9325,7.935,7.935,7.935,7.935,2026-08-04 15:49:00,3
1012.0,7.9364,7.935,7.935,7.935,7.935,2026-08-04 15:51:00,14
659.0,7.9224,7.94,7.93,7.94,7.93,2026-08-04 15:54:00,19
830.0,8.0459,8.05,8.05,8.05,8.04,2026-08-04 15:59:00,26
164.0,7.98,7.98,7.98,7.98,7.98,2026-08-04 16:06:00,1
418.0,8.0846,8.09,8.09,8.09,8.09,2026-08-04 16:08:00,6
399.0,8.0792,8.1,8.09,8.1,8.09,2026-08-04 16:09:00,18
179.0,8.0729,8.0805,8.0805,8.0805,8.0805,2026-08-04 16:20:00,4
399.0,8.0479,8.05,8.05,8.05,8.05,2026-08-04 16:21:00,4
172.0,8.0855,8.0899,8.0899,8.0899,8.0899,2026-08-04 16:25:00,3
529.0,8.0958,8.0999,8.0999,8.0999,8.0999,2026-08-04 16:27:00,7
135.0,8.0594,8.08,8.08,8.08,8.08,2026-08-04 16:28:00,3
342.0,7.9826,7.975,7.975,7.975,7.975,2026-08-04 16:32:00,8
482.0,8.0422,8.05,8.05,8.05,8.05,2026-08-04 16:34:00,5
1353.0,7.9546,7.975,7.95,7.975,7.85,2026-08-04 16:36:00,42
305.0,7.9433,7.945,7.945,7.945,7.945,2026-08-04 16:39:00,12
863.2643,7.9381,7.945,7.945,7.945,7.94,2026-08-04 16:40:00,20
474.0,7.9641,7.9952,7.88,7.9952,7.88,2026-08-04 16:41:00,5
134.0,7.9385,7.945,7.945,7.945,7.945,2026-08-04 16:45:00,7
248.0,7.983,7.98,7.98,7.98,7.98,2026-08-04 16:47:00,12
672.0,7.9928,7.985,7.985,7.985,7.985,2026-08-04 16:48:00,14
1782.0,7.9776,7.99,7.95,8.02,7.95,2026-08-04 16:49:00,31
526.0,7.9767,8.0,7.934,8.0,7.934,2026-08-04 17:04:00,3
408.0,7.9879,7.99,7.99,7.99,7.99,2026-08-04 17:17:00,5
282.0,7.9708,7.955,7.9813,7.9813,7.955,2026-08-04 17:19:00,4
409.0,7.9793,7.98,7.98,7.98,7.98,2026-08-04 17:30:00,2
2416.0,7.9145,7.945,7.81,7.945,7.81,2026-08-04 17:41:00,57
574.0,7.8948,7.89,7.9,7.9,7.89,2026-08-04 17:46:00,14
378.0,7.9082,7.91,7.91,7.91,7.91,2026-08-04 17:47:00,9
375.0,7.911,7.91,7.91,7.91,7.91,2026-08-04 17:49:00,3
973.0,7.9172,7.91,7.92,7.92,7.91,2026-08-04 17:50:00,16
392.0,7.9787,7.98,7.98,7.98,7.98,2026-08-04 18:00:00,2
415.0,7.9298,7.93,7.93,7.93,7.93,2026-08-04 18:14:00,2
415.0,7.9759,7.98,7.98,7.98,7.98,2026-08-04 18:27:00,3
1266.0,7.932,7.925,7.98,7.98,7.925,2026-08-04 18:34:00,7
400.0,7.98,7.98,7.98,7.98,7.98,2026-08-04 18:40:00,1
415.0,7.96,7.96,7.96,7.96,7.96,2026-08-04 18:45:00,10
384.0,8.01,8.01,8.01,8.01,8.01,2026-08-04 18:55:00,1
211.0,7.9586,7.92,7.92,7.92,7.92,2026-08-04 19:02:00,6
285.0,8.0197,8.02,8.02,8.02,8.02,2026-08-04 19:04:00,17
432.0,8.0464,8.05,8.05,8.05,8.05,2026-08-04 19:07:00,3
1241.0,8.0373,8.045,7.99,8.045,7.99,2026-08-04 19:12:00,31
141.0,8.0512,8.045,8.045,8.045,8.045,2026-08-04 19:13:00,6
674.0,7.9928,8.02,8.02,8.02,8.02,2026-08-04 19:15:00,60
145.0,7.9393,7.94,7.94,7.94,7.94,2026-08-04 19:16:00,2
535.0,7.9343,7.93,7.93,7.93,7.93,2026-08-04 19:26:00,6
156.0,7.8715,7.85,7.85,7.85,7.85,2026-08-04 19:27:00,4
215.0,7.9049,7.905,7.905,7.905,7.905,2026-08-04 19:31:00,8
303.0,7.9562,7.95,7.95,7.95,7.95,2026-08-04 19:35:00,12
425.0,8.0218,8.03,8.03,8.03,8.03,2026-08-04 19:36:00,5
668.0,7.9911,8.01,7.91,8.01,7.91,2026-08-04 19:43:00,12
480.0,7.9769,7.975,7.975,7.975,7.975,2026-08-04 19:45:00,26
240.0,7.9842,7.975,7.975,7.975,7.975,2026-08-04 19:47:00,9
314.0,7.9712,7.975,7.975,7.975,7.975,2026-08-04 19:49:00,15
7664.0,7.7886,7.975,7.75,7.975,7.6,2026-08-04 19:50:00,123
225.0,7.783,7.76,7.76,7.76,7.76,2026-08-04 19:51:00,7
199.0,7.8234,7.815,7.815,7.815,7.815,2026-08-04 19:52:00,9
364.0,7.8248,7.82,7.82,7.82,7.82,2026-08-04 19:53:00,10
918.0,7.8293,7.83,7.83,7.835,7.83,2026-08-04 19:55:00,19
2058.0,7.8464,7.835,7.87,7.87,7.835,2026-08-04 19:56:00,37
1577.0,7.8776,7.925,7.86,7.925,7.86,2026-08-04 19:57:00,50
2007.0,7.8709,7.875,7.88,7.88,7.875,2026-08-04 19:58:00,66
1254.0,7.8075,7.79,7.79,7.82,7.79,2026-08-04 19:59:00,54
3686.4325,7.6601,7.66,7.66,7.66,7.66,2026-08-05 13:30:00,13
133.0,7.5249,7.545,7.545,7.545,7.545,2026-08-05 13:49:00,7
161.0,7.5694,7.6,7.6,7.6,7.6,2026-08-05 13:51:00,11
916.0,7.5815,7.59,7.59,7.6,7.58,2026-08-05 13:52:00,46
940.0,7.5209,7.54,7.53,7.54,7.5,2026-08-05 13:54:00,18
344.0,7.5024,7.51,7.49,7.51,7.49,2026-08-05 13:55:00,8
244.112878,7.3611,7.36,7.36,7.36,7.36,2026-08-05 14:02:00,13
1362.0,7.4222,7.455,7.34,7.46,7.34,2026-08-05 14:07:00,25
265.0,7.3765,7.3778,7.3778,7.3778,7.3778,2026-08-05 14:28:00,3
904.0,7.3164,7.34,7.3,7.35,7.3,2026-08-05 14:30:00,17
124.0,7.2787,7.2829,7.2829,7.2829,7.2829,2026-08-05 14:33:00,7
275.0,7.2849,7.29,7.29,7.29,7.29,2026-08-05 14:34:00,11
148.0,7.2926,7.29,7.29,7.29,7.29,2026-08-05 14:39:00,12
500.0,7.285,7.285,7.285,7.285,7.285,2026-08-05 14:40:00,1
196.0,7.2289,7.2039,7.2039,7.2039,7.2039,2026-08-05 14:48:00,3
600.0,7.2608,7.2198,7.285,7.285,7.2,2026-08-05 14:51:00,6
1601.0,7.2797,7.285,7.2,7.285,7.2,2026-08-05 15:03:00,3
206.0,7.2911,7.28,7.28,7.28,7.28,2026-08-05 15:04:00,6
337.0,7.2608,7.28,7.28,7.28,7.28,2026-08-05 15:09:00,6
530.0,7.3426,7.33,7.3537,7.3537,7.33,2026-08-05 15:11:00,14
2067.0,7.2897,7.29,7.29,7.29,7.29,2026-08-05 15:15:00,14
115.0,7.2417,7.24,7.24,7.24,7.24,2026-08-05 15:16:00,4
154.0,7.2515,7.2515,7.2515,7.2515,7.2515,2026-08-05 15:18:00,1
156.0,7.2881,7.28,7.28,7.28,7.28,2026-08-05 15:20:00,8
362.0,7.3119,7.3121,7.31,7.3121,7.31,2026-08-05 15:21:00,15
2312.0,7.3308,7.31,7.37,7.37,7.31,2026-08-05 15:23:00,38
509.0,7.4642,7.4501,7.47,7.47,7.4501,2026-08-05 15:30:00,13
154.0,7.47,7.47,7.47,7.47,7.47,2026-08-05 15:34:00,1
233.0,7.5039,7.47,7.47,7.47,7.47,2026-08-05 15:50:00,2
154.0,7.3501,7.3501,7.3501,7.3501,7.3501,2026-08-05 15:51:00,1
1078.0,7.57,7.56,7.57,7.58,7.56,2026-08-05 15:52:00,12
510.685039,7.5191,7.51,7.51,7.51,7.51,2026-08-05 15:54:00,33
179.0,7.4812,7.4701,7.4701,7.4701,7.4701,2026-08-05 16:02:00,5
300.0,7.5352,7.535,7.535,7.535,7.535,2026-08-05 16:07:00,2
290.0,7.5128,7.4839,7.53,7.53,7.4839,2026-08-05 16:14:00,6
474.0,7.54,7.54,7.54,7.54,7.54,2026-08-05 16:25:00,1
254.0,7.497,7.5015,7.49,7.5015,7.49,2026-08-05 16:27:00,2
2216.0,7.5963,7.58,7.56,7.63,7.56,2026-08-05 16:30:00,37
200.0,7.615,7.615,7.615,7.615,7.615,2026-08-05 16:31:00,2
361.0,7.5734,7.57,7.57,7.57,7.57,2026-08-05 16:32:00,3
703.0,7.5518,7.57,7.54,7.57,7.53,2026-08-05 16:37:00,16
301.0,7.5164,7.4938,7.54,7.54,7.4938,2026-08-05 16:39:00,3
200.0,7.5175,7.535,7.5,7.535,7.5,2026-08-05 16:48:00,2
692.0,7.4874,7.47,7.5,7.5,7.47,2026-08-05 16:49:00,18
154.0,7.465,7.465,7.465,7.465,7.465,2026-08-05 16:55:00,1
100.0,7.465,7.465,7.465,7.465,7.465,2026-08-05 16:58:00,1
154.0,7.3613,7.3613,7.3613,7.3613,7.3613,2026-08-05 17:01:00,1
517.0,7.5729,7.57,7.5662,7.58,7.5662,2026-08-05 17:08:00,12
2354.0,7.4383,7.51,7.4483,7.51,7.43,2026-08-05 17:09:00,7
349.0,7.5377,7.545,7.5,7.545,7.5,2026-08-05 17:12:00,9
239.0,7.5649,7.56,7.56,7.56,7.56,2026-08-05 17:18:00,5
154.0,7.5213,7.521,7.521,7.521,7.521,2026-08-05 17:19:00,2
101.0,7.5603,7.56,7.56,7.56,7.56,2026-08-05 17:21:00,2
750.0,7.5101,7.52,7.49,7.52,7.49,2026-08-05 17:25:00,33
200.0,7.48,7.48,7.48,7.48,7.48,2026-08-05 17:27:00,1
718.0,7.464,7.39,7.495,7.495,7.39,2026-08-05 17:30:00,9
2061.365348,7.4769,7.48,7.48,7.48,7.39,2026-08-05 17:31:00,21
2618.0,7.4808,7.48,7.495,7.495,7.4,2026-08-05 17:32:00,27
216.0,7.417,7.4001,7.4001,7.4001,7.4001,2026-08-05 17:33:00,9
814.0,7.4889,7.48,7.495,7.5,7.48,2026-08-05 17:34:00,16
892.0,7.4886,7.48,7.48,7.5,7.48,2026-08-05 17:35:00,17
874.0,7.4835,7.48,7.46,7.495,7.46,2026-08-05 17:36:00,24
1254.0,7.472,7.47,7.495,7.495,7.42,2026-08-05 17:37:00,18
549.0,7.4816,7.5,7.455,7.5,7.455,2026-08-05 17:38:00,22
180.0,7.435,7.445,7.445,7.445,7.445,2026-08-05 17:40:00,4
2024.0,7.4341,7.44,7.445,7.445,7.42,2026-08-05 17:47:00,24
2100.0,7.4379,7.44,7.44,7.44,7.43,2026-08-05 17:48:00,17
2469.0,7.4311,7.41,7.39,7.45,7.39,2026-08-05 17:49:00,24
2327.0,7.4409,7.45,7.41,7.48,7.41,2026-08-05 17:50:00,21
200.0,7.5448,7.52,7.52,7.52,7.52,2026-08-05 17:51:00,4
301.0,7.5596,7.58,7.52,7.58,7.52,2026-08-05 17:54:00,3
536.0,7.568,7.58,7.6,7.6,7.52,2026-08-05 17:55:00,12
144.0,7.6292,7.605,7.605,7.605,7.605,2026-08-05 17:56:00,3
352.0,7.6489,7.605,7.7,7.7,7.605,2026-08-05 17:59:00,4
510.0,7.5055,7.49,7.49,7.49,7.49,2026-08-05 18:29:00,49
105.0,7.3967,7.39,7.39,7.39,7.39,2026-08-05 18:30:00,2
239.0,7.5,7.5,7.5,7.5,7.5,2026-08-05 18:36:00,6
624.0,7.5016,7.5,7.5,7.5,7.5,2026-08-05 18:37:00,28
212.0,7.5458,7.53,7.56,7.56,7.53,2026-08-05 18:38:00,3
101.0,7.5397,7.54,7.54,7.54,7.54,2026-08-05 18:41:00,2
2318.0,7.4983,7.51,7.44,7.51,7.44,2026-08-05 19:00:00,31
1252.0,7.4968,7.5,7.5,7.5,7.48,2026-08-05 19:01:00,39
120.0,7.5108,7.515,7.515,7.515,7.515,2026-08-05 19:02:00,5
212.0,7.5005,7.5,7.5,7.5,7.5,2026-08-05 19:03:00,5
110.0,7.5123,7.515,7.515,7.515,7.515,2026-08-05 19:07:00,3
100.0,7.56,7.56,7.56,7.56,7.56,2026-08-05 19:16:00,1
126.0,7.5202,7.515,7.515,7.515,7.515,2026-08-05 19:27:00,3
100.0,7.56,7.56,7.56,7.56,7.56,2026-08-05 19:28:00,1
1093.0,7.5673,7.56,7.58,7.58,7.56,2026-08-05 19:33:00,38
508.0,7.5421,7.54,7.54,7.54,7.54,2026-08-05 19:46:00,19
6868.0,7.481,7.49,7.445,7.5,7.445,2026-08-05 19:49:00,79
1570.0,7.5289,7.495,7.52,7.56,7.495,2026-08-05 19:50:00,25
596.0,7.4964,7.49,7.51,7.51,7.48,2026-08-05 19:51:00,16
4375.0,7.5003,7.49,7.515,7.56,7.42,2026-08-05 19:53:00,33
1012.0,7.5427,7.54,7.515,7.5552,7.515,2026-08-05 19:55:00,11
1043.0,7.5597,7.56,7.56,7.56,7.56,2026-08-05 19:56:00,19
642.0,7.589,7.6,7.57,7.61,7.57,2026-08-05 19:57:00,24
1250.0,7.5868,7.61,7.56,7.61,7.56,2026-08-05 19:58:00,55
2875.0,7.5884,7.52,7.62,7.63,7.51,2026-08-05 19:59:00,102
615.4325,7.687,7.68,7.68,7.68,7.68,2026-08-06 13:30:00,8
103.0,7.7677,7.7655,7.7655,7.7655,7.7655,2026-08-06 13:40:00,2
302.0,7.8147,7.7643,7.84,7.84,7.7643,2026-08-06 13:41:00,4
605.0,7.8048,7.805,7.805,7.805,7.805,2026-08-06 13:42:00,6
364.0,7.8537,7.855,7.855,7.855,7.855,2026-08-06 13:44:00,4
2335.0,7.8328,7.855,7.84,7.89,7.77,2026-08-06 13:45:00,23
300.0,7.8037,7.8037,7.8037,7.8037,7.8037,2026-08-06 13:46:00,1
740.0,7.885,7.89,7.89,7.91,7.8,2026-08-06 13:49:00,11
203.0,7.865,7.865,7.865,7.865,7.865,2026-08-06 13:50:00,2
687.0,7.887,7.91,7.89,7.91,7.89,2026-08-06 13:51:00,24
202.0,7.825,7.825,7.825,7.825,7.825,2026-08-06 13:52:00,2
2775.0,7.9488,7.94,7.88,7.99,7.88,2026-08-06 13:57:00,15
234.0,7.9329,7.95,7.91,7.95,7.91,2026-08-06 13:58:00,4
202.0,7.9749,7.975,7.975,7.975,7.975,2026-08-06 13:59:00,3
111.0,7.952,7.9473,7.9473,7.9473,7.9473,2026-08-06 14:03:00,2
211.0,7.9939,7.9942,7.9942,7.9942,7.9942,2026-08-06 14:04:00,2
966.0,7.9464,7.975,7.92,7.975,7.92,2026-08-06 14:07:00,19
810.0,7.8942,7.935,7.86,7.935,7.86,2026-08-06 14:08:00,7
230.0,7.831,7.8309,7.8309,7.8309,7.8309,2026-08-06 14:09:00,3
312.0,7.8139,7.815,7.815,7.815,7.815,2026-08-06 14:11:00,6
340.0,7.8102,7.84,7.76,7.84,7.76,2026-08-06 14:14:00,6
191.0,7.8608,7.855,7.855,7.855,7.855,2026-08-06 14:17:00,2
188.0,7.8233,7.8201,7.8201,7.8201,7.8201,2026-08-06 14:19:00,3
310.0,7.8735,7.8695,7.8695,7.8695,7.8695,2026-08-06 14:21:00,5
500.0,7.79,7.83,7.77,7.83,7.77,2026-08-06 14:30:00,12
129.0,7.7056,7.71,7.71,7.71,7.71,2026-08-06 14:31:00,4
318.0,7.71,7.71,7.71,7.71,7.71,2026-08-06 14:32:00,5
649.0,7.76,7.75,7.76,7.76,7.75,2026-08-06 14:35:00,15
726.0,7.7164,7.75,7.69,7.75,7.69,2026-08-06 15:21:00,14
200.0,7.6186,7.6271,7.61,7.6271,7.61,2026-08-06 15:52:00,2
474.0,7.5923,7.61,7.575,7.61,7.575,2026-08-06 15:53:00,11
384.0,7.5516,7.575,7.5,7.575,7.5,2026-08-06 15:54:00,8
212.0,7.525,7.525,7.525,7.525,7.525,2026-08-06 16:04:00,3
200.0,7.525,7.525,7.525,7.525,7.525,2026-08-06 16:08:00,2
178.0,7.4528,7.43,7.43,7.43,7.43,2026-08-06 16:15:00,10
605.0,7.5077,7.525,7.42,7.525,7.42,2026-08-06 16:24:00,5
142.0,7.525,7.525,7.525,7.525,7.525,2026-08-06 16:38:00,6
103.0,7.6097,7.61,7.61,7.61,7.61,2026-08-06 17:01:00,2
100.0,7.5,7.5,7.5,7.5,7.5,2026-08-06 17:58:00,1
111.0,7.5902,7.5953,7.5953,7.5953,7.5953,2026-08-06 18:04:00,2
1202.0,7.4924,7.5,7.42,7.5,7.42,2026-08-06 18:05:00,30
516.0,7.4231,7.41,7.41,7.41,7.41,2026-08-06 18:07:00,12
338.0,7.3968,7.4,7.4,7.4,7.4,2026-08-06 18:11:00,9
3546.0,7.4005,7.375,7.405,7.455,7.33,2026-08-06 18:12:00,32
702.0,7.4786,7.48,7.46,7.49,7.46,2026-08-06 18:15:00,13
340.0,7.4644,7.495,7.41,7.495,7.41,2026-08-06 18:19:00,7
127.0,7.495,7.5,7.5,7.5,7.5,2026-08-06 18:27:00,3
112.0,7.4761,7.475,7.475,7.475,7.475,2026-08-06 18:29:00,2
173.0,7.47,7.47,7.47,7.47,7.47,2026-08-06 18:39:00,3
619.0,7.4004,7.42,7.4,7.42,7.4,2026-08-06 18:50:00,25
124.0,7.3982,7.405,7.405,7.405,7.405,2026-08-06 18:51:00,4
1325.0,7.4978,7.48,7.55,7.55,7.48,2026-08-06 19:01:00,28
480.0,7.5938,7.595,7.595,7.595,7.595,2026-08-06 19:02:00,5
181.0,7.5447,7.5039,7.5039,7.5039,7.5039,2026-08-06 19:05:00,7
100.0,7.5,7.5,7.5,7.5,7.5,2026-08-06 19:14:00,1
356.0,7.526,7.52,7.52,7.52,7.52,2026-08-06 19:16:00,6
852.0,7.5101,7.515,7.5,7.53,7.5,2026-08-06 19:17:00,20
417.0,7.441,7.432,7.432,7.432,7.432,2026-08-06 19:27:00,10
107.0,7.4683,7.47,7.47,7.47,7.47,2026-08-06 19:34:00,4
474.0,7.4427,7.44,7.44,7.44,7.44,2026-08-06 19:41:00,17
1747.0,7.4712,7.43,7.49,7.505,7.43,2026-08-06 19:55:00,73
795.0,7.4712,7.475,7.45,7.475,7.45,2026-08-06 19:57:00,16
787.0,7.4637,7.475,7.475,7.475,7.475,2026-08-06 19:58:00,35
3951.0,7.4245,7.44,7.4,7.45,7.4,2026-08-06 19:59:00,89
150.0,8.6372,8.65,8.65,8.65,8.65,2026-08-06 20:40:00,8
2001.0,9.7616,9.75,9.78,9.78,9.75,2026-08-06 20:49:00,22
580.0,9.4604,9.3,9.3,9.3,9.3,2026-08-06 20:50:00,19
1947.0,9.3453,9.6,9.3,9.6,9.3,2026-08-06 20:51:00,29
410.0,9.3004,9.3,9.3,9.3,9.3,2026-08-06 20:54:00,6
180.0,9.3948,9.35,9.35,9.35,9.35,2026-08-06 20:57:00,8
1500.0,9.5476,9.5476,9.5476,9.5476,9.5476,2026-08-06 20:59:00,1
685.0,9.6169,9.6,9.6,9.6,9.6,2026-08-06 21:00:00,17
3989.0,10.0846,10.1,10.1,10.1,10.1,2026-08-06 21:01:00,11
2918.0,10.0002,9.99,9.99,9.99,9.99,2026-08-06 21:02:00,27
1117.0,10.0957,9.99,10.1465,10.1465,9.99,2026-08-06 21:03:00,29
1766.0,10.9499,11.01,10.96,11.01,10.96,2026-08-06 21:04:00,69
3095.548214,11.1377,10.99,11.2,11.3,10.99,2026-08-06 21:05:00,144
5044.0,10.6265,11.0974,10.1,11.0974,10.08,2026-08-06 21:06:00,106
2717.0,10.33,10.3,10.43,10.43,10.3,2026-08-06 21:08:00,103
572.0,10.5173,10.4891,10.5263,10.5263,10.4891,2026-08-06 21:09:00,20
516.0,10.5778,10.5226,10.5226,10.5226,10.5226,2026-08-06 21:10:00,24
547.0,10.549,10.5,10.53,10.53,10.5,2026-08-06 21:11:00,20
4282.642931,10.7441,10.77,10.76,10.77,10.73,2026-08-06 21:12:00,66
2522.243243,10.9907,10.98,11.1,11.14,10.98,2026-08-06 21:13:00,57
8027.0,11.1084,11.057,10.75,11.15,10.75,2026-08-06 21:14:00,74
7944.0,10.9881,10.98,10.99,11.14,10.93,2026-08-06 21:15:00,64
7545.0,10.5545,10.71,9.98,10.8871,9.98,2026-08-06 21:16:00,98
423.243243,10.2323,10.2863,10.2863,10.2863,10.2863,2026-08-06 21:17:00,15
2064.0,10.4621,10.27,10.76,10.78,10.2324,2026-08-06 21:18:00,49
273.0,10.5554,10.51,10.51,10.51,10.51,2026-08-06 21:19:00,12
837.0,10.7164,10.72,10.72,10.72,10.72,2026-08-06 21:20:00,19
924.0,10.5959,10.5634,10.564,10.564,10.5634,2026-08-06 21:21:00,12
644.0,10.7347,10.73,10.75,10.75,10.73,2026-08-06 21:22:00,23
3345.0,10.7698,10.95,10.95,10.96,10.62,2026-08-06 21:24:00,35
877.642931,10.8966,10.95,10.95,10.95,10.7112,2026-08-06 21:25:00,16
3544.0,10.8917,10.9,10.88,10.9,10.81,2026-08-06 21:26:00,41
694.0,10.7694,10.81,10.62,10.81,10.62,2026-08-06 21:27:00,14
216.0,10.751,10.7311,10.7311,10.7311,10.7311,2026-08-06 21:28:00,11
120.0,10.6175,10.62,10.62,10.62,10.62,2026-08-06 21:29:00,5
2614.0,10.3852,10.63,10.32,10.63,10.32,2026-08-06 21:30:00,48
2984.0,10.4426,10.28,10.74,10.74,10.28,2026-08-06 21:31:00,54
2355.0,10.5097,10.51,10.53,10.5513,10.3752,2026-08-06 21:32:00,20
3700.0,10.673,10.4055,10.62,10.83,10.4055,2026-08-06 21:33:00,46
1445.0,10.8583,10.88,10.9,10.9,10.88,2026-08-06 21:34:00,52
803.0,10.7215,10.75,10.7,10.75,10.7,2026-08-06 21:35:00,33
521.0,10.6593,10.68,10.68,10.68,10.68,2026-08-06 21:36:00,10
218.0,10.5895,10.5747,10.5747,10.5747,10.5747,2026-08-06 21:37:00,9
175.0,10.6613,10.66,10.66,10.66,10.66,2026-08-06 21:41:00,9
640.0,10.7844,10.77,10.77,10.77,10.77,2026-08-06 21:42:00,8
492.270321,10.4629,10.36,10.55,10.55,10.36,2026-08-06 21:44:00,10
211.0,10.6062,10.61,10.61,10.61,10.61,2026-08-06 21:47:00,2
554.0,10.4318,10.42,10.44,10.44,10.42,2026-08-06 21:48:00,8
1067.0,10.8652,11.0,10.44,11.0,10.44,2026-08-06 21:49:00,9
462.0,10.4525,10.45,10.44,10.45,10.44,2026-08-06 21:54:00,4
1390.0,10.9021,10.95,10.4797,10.95,10.4797,2026-08-06 22:00:00,6
327.0,10.3799,10.37,10.37,10.37,10.37,2026-08-06 22:02:00,8
1078.395038,10.4429,10.37,10.48,10.48,10.37,2026-08-06 22:03:00,14
437.0,10.4809,10.62,10.62,10.62,10.62,2026-08-06 22:09:00,12
720.0,10.2535,10.26,10.25,10.26,10.25,2026-08-06 22:12:00,7
151.0,10.5502,10.55,10.55,10.55,10.55,2026-08-06 22:21:00,3
1277.0,10.5406,10.55,10.55,10.55,10.5,2026-08-06 22:22:00,36
2160.0,10.5094,10.5,10.5,10.51,10.5,2026-08-06 22:23:00,35
640.0,10.3381,10.3,10.35,10.35,10.3,2026-08-06 22:31:00,18
1546.0,10.5,10.5,10.5,10.5,10.5,2026-08-06 22:44:00,3
912.0,10.6091,10.55,10.64,10.64,10.55,2026-08-06 22:45:00,7
122.0,10.6301,10.63,10.63,10.63,10.63,2026-08-06 22:47:00,3
1278.0,10.6685,10.72,10.6,10.72,10.6,2026-08-06 22:49:00,28
856.0,10.7237,10.7299,10.72,10.7299,10.72,2026-08-06 22:50:00,8
755.0,10.5189,10.54,10.49,10.54,10.49,2026-08-06 22:52:00,17
846.0,10.4893,10.55,10.43,10.55,10.42,2026-08-06 22:53:00,7
417.0,10.3982,10.43,10.43,10.43,10.43,2026-08-06 22:54:00,12
121.0,10.573,10.57,10.57,10.57,10.57,2026-08-06 23:20:00,3
166.0,10.52,10.52,10.52,10.52,10.52,2026-08-06 23:39:00,4
347.0,10.604,10.62,10.62,10.62,10.62,2026-08-06 23:40:00,6
288.395038,10.6442,10.63,10.63,10.63,10.63,2026-08-06 23:44:00,6
268.0,10.8464,10.8576,10.8576,10.8576,10.8576,2026-08-06 23:46:00,2
5806.0,10.4659,10.0,10.47,10.69,9.63,2026-08-07 08:00:00,178
1605.0,10.5401,10.72,10.5,10.72,10.5,2026-08-07 08:01:00,97
570.0,10.3212,10.31,10.31,10.31,10.31,2026-08-07 08:02:00,31
1430.0,10.1406,10.24,10.002,10.24,10.002,2026-08-07 08:03:00,27
628.0,10.0407,10.02,10.09,10.09,10.02,2026-08-07 08:05:00,23
2001.0,9.8443,10.09,9.84,10.09,9.68,2026-08-07 08:06:00,30
407.0,9.8353,9.79,9.79,9.79,9.79,2026-08-07 08:08:00,15
245.0,9.9779,9.99,9.99,9.99,9.99,2026-08-07 08:09:00,7
961.0,9.9443,9.95,9.85,9.95,9.85,2026-08-07 08:10:00,33
946.0,10.0384,9.79,10.1,10.1,9.79,2026-08-07 08:11:00,10
971.0,10.054,9.83,10.08,10.08,9.83,2026-08-07 08:14:00,3
169.0,9.902,9.91,9.91,9.91,9.91,2026-08-07 08:19:00,7
430.0,10.07,10.07,10.07,10.07,10.07,2026-08-07 08:28:00,5
222.0,10.0855,10.09,10.09,10.09,10.09,2026-08-07 08:30:00,8
347.0,10.0821,10.08,10.08,10.08,10.08,2026-08-07 08:31:00,10
278.0,9.9835,9.837,9.837,9.837,9.837,2026-08-07 08:34:00,8
349.0,10.1,10.1,10.1,10.1,10.1,2026-08-07 08:39:00,4
456.0,9.862,9.87,9.87,9.87,9.87,2026-08-07 08:44:00,10
170.0,10.1177,10.12,10.12,10.12,10.12,2026-08-07 08:48:00,7
106.0,10.1126,10.123,10.123,10.123,10.123,2026-08-07 08:50:00,2
144.0,10.1036,10.11,10.11,10.11,10.11,2026-08-07 08:51:00,8
233.0,10.1109,10.1,10.1,10.1,10.1,2026-08-07 08:52:00,7
131.848814,10.0944,10.0,10.0,10.0,10.0,2026-08-07 08:56:00,5
136.964,10.0709,10.0,10.0,10.0,10.0,2026-08-07 08:57:00,5
206.113348,10.1103,10.11,10.11,10.11,10.11,2026-08-07 09:02:00,10
232.0,9.9641,10.09,9.82,10.09,9.82,2026-08-07 09:03:00,5
425.0,10.0521,10.09,9.97,10.09,9.97,2026-08-07 09:08:00,6
311.0,10.1188,10.12,10.12,10.12,10.12,2026-08-07 09:09:00,3
481.0,10.091,10.09,10.09,10.09,10.09,2026-08-07 09:11:00,23
1149.548214,10.3818,10.45,10.18,10.45,10.18,2026-08-07 09:15:00,9
317.0,10.3678,10.37,10.37,10.37,10.37,2026-08-07 09:23:00,10
216.0,10.0647,10.06,10.06,10.06,10.06,2026-08-07 09:24:00,9
185.0,10.1004,10.1,10.1,10.1,10.1,2026-08-07 09:32:00,4
173.0,10.2852,10.22,10.22,10.22,10.22,2026-08-07 09:37:00,3
1135.0,10.4104,10.36,10.45,10.45,10.36,2026-08-07 09:38:00,10
201.0,10.3827,10.395,10.37,10.395,10.37,2026-08-07 09:41:00,3
164.0,10.4085,10.41,10.41,10.41,10.41,2026-08-07 09:42:00,4
277.0,10.3982,10.4,10.4,10.4,10.4,2026-08-07 09:43:00,6
197.0,10.3705,10.37,10.37,10.37,10.37,2026-08-07 09:44:00,5
1204.0,10.4571,10.47,10.47,10.47,10.47,2026-08-07 09:45:00,10
147.0,10.5627,10.56,10.56,10.56,10.56,2026-08-07 09:49:00,4
317.0,10.5591,10.54,10.54,10.54,10.54,2026-08-07 09:53:00,15
274.0,10.5105,10.54,10.54,10.54,10.54,2026-08-07 09:55:00,6
367.0,10.5242,10.53,10.53,10.53,10.53,2026-08-07 09:56:00,11
427.0,10.386,10.38,10.38,10.38,10.38,2026-08-07 09:58:00,5
839.0,10.3287,10.37,10.16,10.37,10.16,2026-08-07 10:00:00,19
348.0,10.0249,10.01,10.01,10.01,10.01,2026-08-07 10:03:00,11
328.0,9.9207,9.94,9.94,9.94,9.94,2026-08-07 10:04:00,11
359.0,10.0033,10.01,10.01,10.01,10.01,2026-08-07 10:09:00,2
106.0,9.9997,10.0,10.0,10.0,10.0,2026-08-07 10:22:00,3
488.5,9.8184,9.81,9.81,9.81,9.81,2026-08-07 10:25:00,27
440.0,9.7943,9.82,9.82,9.82,9.82,2026-08-07 10:26:00,13
1517.0,9.8836,9.81,9.99,10.01,9.81,2026-08-07 10:28:00,23
129.0,10.0112,10.01,10.01,10.01,10.01,2026-08-07 10:31:00,3
196.0,10.3259,10.32,10.32,10.32,10.32,2026-08-07 10:35:00,7
368.0,10.3139,10.31,10.31,10.31,10.31,2026-08-07 10:38:00,7
1875.0,10.6144,10.62,10.53,10.62,10.53,2026-08-07 10:39:00,5
372.0,10.4541,10.5,10.5,10.5,10.5,2026-08-07 10:57:00,9
102.0,10.2,10.2,10.2,10.2,10.2,2026-08-07 10:58:00,1
250.0,10.5,10.5,10.5,10.5,10.5,2026-08-07 10:59:00,1
121.0,10.4179,10.4691,10.4691,10.4691,10.4691,2026-08-07 11:00:00,4
247.0,10.1948,10.17,10.17,10.17,10.17,2026-08-07 11:01:00,6
326.0,10.2482,10.23,10.26,10.26,10.23,2026-08-07 11:02:00,10
733.0,10.3268,10.29,10.356,10.41,10.29,2026-08-07 11:03:00,12
524.0,10.3173,10.3166,10.3166,10.3166,10.3166,2026-08-07 11:04:00,14
405.0,10.3148,10.32,10.32,10.32,10.32,2026-08-07 11:05:00,9
425.0,10.3136,10.32,10.32,10.32,10.32,2026-08-07 11:06:00,10
910.0,10.3215,10.32,10.3221,10.3221,10.31,2026-08-07 11:07:00,12
336.0,10.3895,10.3976,10.4,10.4,10.3976,2026-08-07 11:09:00,16
347.0,10.3479,10.37,10.37,10.37,10.37,2026-08-07 11:10:00,7
266.0,10.3335,10.3301,10.3301,10.3301,10.3301,2026-08-07 11:12:00,5
327.0,10.3699,10.37,10.37,10.37,10.37,2026-08-07 11:13:00,4
2512.0,10.4719,10.37,10.63,10.63,10.37,2026-08-07 11:14:00,42
12039.116363,10.8829,10.7279,10.9826,11.0,10.7279,2026-08-07 11:15:00,247
24158.0,11.0407,10.89,11.21,11.46,10.73,2026-08-07 11:16:00,658
75286.0,10.9519,11.31,9.6966,11.73,9.5708,2026-08-07 11:17:00,1860
28991.0,9.9627,9.61,9.93,10.477,9.44,2026-08-07 11:18:00,1106
77198.0,10.9581,9.87,11.12,11.72,9.83,2026-08-07 11:19:00,1955
93048.775847,11.5416,11.12,11.85,12.2,10.92,2026-08-07 11:20:00,2514
271308.778214,12.8213,11.85,13.0,13.92,11.71,2026-08-07 11:21:00,7355
393410.085646,13.8151,13.11,11.59,15.38,11.36,2026-08-07 11:22:00,10434
166020.995127,11.9685,11.58,12.99,12.99,11.36,2026-08-07 11:23:00,4235
146045.960871,12.6113,12.73,12.73,13.32,12.08,2026-08-07 11:24:00,4472
137156.086419,12.3889,12.75,11.98,13.5,11.78,2026-08-07 11:25:00,4150
81157.740437,11.8443,11.89,11.61,12.36,11.36,2026-08-07 11:26:00,2535
70140.0,12.111,11.82,12.21,12.4206,11.7045,2026-08-07 11:27:00,1866
62148.628801,12.1436,12.24,11.742,12.5,11.7,2026-08-07 11:28:00,1677
71412.0,11.6046,11.74,12.01,12.03,11.35,2026-08-07 11:29:00,1862
172739.879658,12.7668,11.9671,12.7914,13.2252,11.9671,2026-08-07 11:30:00,4117
175532.895451,13.0804,12.85,13.0061,13.62,12.52,2026-08-07 11:31:00,4302
171571.082896,13.3136,13.0067,13.517,13.79,12.7,2026-08-07 11:32:00,4219
234532.413664,13.863,13.6038,14.6794,14.8,13.38,2026-08-07 11:33:00,5466
369863.205075,14.5495,14.86,14.35,15.46,13.8,2026-08-07 11:34:00,8921
115358.796529,14.2001,14.35,14.15,14.48,14.0,2026-08-07 11:35:00,2757
224327.32199,13.3568,14.06,12.85,14.24,12.74,2026-08-07 11:36:00,5401
185841.553088,12.5099,12.77,12.0,13.25,11.7422,2026-08-07 11:37:00,4586
119449.044568,11.7332,11.9799,11.72,12.22,11.28,2026-08-07 11:38:00,2884
50219.5548,11.7495,11.64,11.5838,11.98,11.56,2026-08-07 11:39:00,1355
135732.33705,10.9653,11.61,10.85,11.64,10.5,2026-08-07 11:40:00,2969
51350.0,11.1087,10.92,11.2486,11.49,10.7,2026-08-07 11:41:00,1360
45904.0,11.3503,11.26,11.54,11.68,11.12,2026-08-07 11:42:00,1092
38931.652929,11.1596,11.45,11.12,11.52,10.93,2026-08-07 11:43:00,997
30233.0,10.9577,11.07,10.9774,11.11,10.78,2026-08-07 11:44:00,739
25594.493869,11.2057,10.9285,11.29,11.3,10.9285,2026-08-07 11:45:00,579
104258.0,11.7697,11.3007,11.8362,12.15,11.25,2026-08-07 11:46:00,1795
48395.0,11.7766,11.8891,11.8671,11.9408,11.5749,2026-08-07 11:47:00,1177
77751.603086,12.1059,11.87,12.17,12.3315,11.761,2026-08-07 11:48:00,1594
55749.0,12.0488,12.2104,11.87,12.2999,11.85,2026-08-07 11:49:00,1311
48466.433665,11.8067,11.82,11.7301,12.07,11.5332,2026-08-07 11:50:00,942
19194.553584,11.6415,11.66,11.72,11.8,11.52,2026-08-07 11:51:00,566
86619.633339,12.2613,11.7029,12.45,12.61,11.69,2026-08-07 11:52:00,1595
65587.237098,12.2554,12.4188,12.18,12.5597,12.04,2026-08-07 11:53:00,1373
77775.682542,12.4285,12.19,12.28,12.69,12.03,2026-08-07 11:54:00,1667
65388.475206,12.1383,12.28,11.99,12.46,11.8,2026-08-07 11:55:00,1431
31958.388391,12.2064,12.01,12.24,12.34,11.8901,2026-08-07 11:56:00,560
60244.0,12.4104,12.19,12.4352,12.6,12.18,2026-08-07 11:57:00,1136
24833.0,12.2279,12.38,12.326,12.38,12.09,2026-08-07 11:58:00,548
33093.0,12.1411,12.3,12.03,12.35,12.0,2026-08-07 11:59:00,653
72034.0,11.641,12.06,11.67,12.2004,11.34,2026-08-07 12:00:00,1452
20552.0,11.6465,11.61,11.7368,11.7507,11.48,2026-08-07 12:01:00,496
10975.0,11.7231,11.73,11.74,11.8,11.6319,2026-08-07 12:02:00,329
33642.716228,11.5232,11.75,11.48,11.75,11.4,2026-08-07 12:03:00,607
29073.0,11.3518,11.47,11.37,11.5,11.28,2026-08-07 12:04:00,541
16280.0,11.4411,11.3505,11.5979,11.64,11.3,2026-08-07 12:05:00,405
15940.0,11.653,11.6,11.63,11.8497,11.57,2026-08-07 12:06:00,319
12495.0,11.4363,11.61,11.39,11.61,11.33,2026-08-07 12:07:00,349
23520.713948,11.6185,11.41,11.76,11.8,11.33,2026-08-07 12:08:00,416
53657.0,11.9577,11.74,11.97,12.19,11.68,2026-08-07 12:09:00,964
54683.0,12.0951,12.05,11.92,12.3,11.92,2026-08-07 12:10:00,1111
41821.22,11.7937,11.92,11.9,11.98,11.55,2026-08-07 12:11:00,686
19365.0,11.89,11.84,11.9767,12.0,11.74,2026-08-07 12:12:00,373
18568.865024,11.7488,11.88,11.61,11.92,11.55,2026-08-07 12:13:00,376
20097.0,11.5479,11.6,11.49,11.6865,11.42,2026-08-07 12:14:00,432
16996.931635,11.4117,11.51,11.3913,11.51,11.35,2026-08-07 12:15:00,385
34324.0,11.2534,11.36,11.2639,11.43,11.1,2026-08-07 12:16:00,640
10558.0,11.2617,11.21,11.28,11.3404,11.2,2026-08-07 12:17:00,233
18869.0,11.1887,11.28,11.13,11.3392,11.05,2026-08-07 12:18:00,338
33296.0,10.9666,11.097,11.0,11.19,10.85,2026-08-07 12:19:00,667
20440.0,11.0891,11.01,11.15,11.2045,10.96,2026-08-07 12:20:00,282
9150.0,11.1422,11.2,11.15,11.2007,11.0375,2026-08-07 12:21:00,211
13697.719282,11.0518,11.18,10.9988,11.2,10.95,2026-08-07 12:22:00,247
38145.84708,10.7815,10.98,10.6504,11.0,10.6,2026-08-07 12:23:00,811
18922.0,10.7371,10.69,10.71,10.86,10.65,2026-08-07 12:24:00,400
8235.835877,10.6713,10.71,10.6452,10.752,10.6,2026-08-07 12:25:00,215
10083.276351,10.7784,10.69,10.7847,10.9552,10.65,2026-08-07 12:26:00,225
12781.0,10.9938,10.8,11.0,11.1,10.8,2026-08-07 12:27:00,220
4573.0,11.0238,11.0,11.05,11.05,10.98,2026-08-07 12:28:00,140
12225.995515,11.084,11.1,10.99,11.1868,10.98,2026-08-07 12:29:00,264
6439.0,10.927,10.955,10.93,10.99,10.85,2026-08-07 12:30:00,156
6402.0,10.855,10.86,10.8,10.91,10.8,2026-08-07 12:31:00,150
6764.0,10.7382,10.765,10.77,10.7721,10.69,2026-08-07 12:32:00,209
6595.0,10.7983,10.69,10.9,10.92,10.69,2026-08-07 12:33:00,120
3218.775208,10.8183,10.77,10.81,10.89,10.77,2026-08-07 12:34:00,72
3734.0,10.8581,10.8,10.97,10.97,10.8,2026-08-07 12:35:00,96
15512.0,11.1356,10.99,11.2,11.25,10.99,2026-08-07 12:36:00,279
5762.0,11.1328,11.2378,11.14,11.2378,11.0407,2026-08-07 12:37:00,147
3450.0,11.082,11.1152,11.1,11.14,11.05,2026-08-07 12:38:00,55
5885.0,11.0604,11.05,11.09,11.1097,11.02,2026-08-07 12:39:00,131
8843.0,10.9916,11.0,10.94,11.0733,10.9133,2026-08-07 12:40:00,152
7389.062331,10.8934,10.97,10.81,11.0,10.8,2026-08-07 12:41:00,174
9455.0,10.7696,10.8676,10.71,10.871,10.69,2026-08-07 12:42:00,170
6041.0,10.7482,10.71,10.77,10.86,10.7,2026-08-07 12:43:00,95
7774.0,10.9339,10.8694,10.92,11.0,10.8694,2026-08-07 12:44:00,118
4225.0,10.9573,10.89,10.93,10.99,10.89,2026-08-07 12:45:00,38
21378.0,11.2055,10.93,11.29,11.39,10.9214,2026-08-07 12:46:00,325
15133.0,11.2263,11.3494,11.25,11.35,11.1,2026-08-07 12:47:00,178
4597.0,11.1777,11.2,11.1,11.2049,11.1,2026-08-07 12:48:00,101
30430.0,11.2125,11.1,11.4,11.4,10.89,2026-08-07 12:49:00,448
22971.0,11.4403,11.34,11.4685,11.5,11.3122,2026-08-07 12:50:00,331
22758.121955,11.5723,11.5,11.53,11.73,11.35,2026-08-07 12:51:00,455
26535.0,11.6102,11.46,11.5234,11.75,11.46,2026-08-07 12:52:00,331
6072.0,11.4938,11.56,11.4565,11.56,11.41,2026-08-07 12:53:00,130
12896.0,11.3783,11.4597,11.344,11.46,11.32,2026-08-07 12:54:00,190
10489.0,11.2971,11.34,11.3,11.3477,11.2,2026-08-07 12:55:00,181
3450.0,11.2883,11.2701,11.29,11.34,11.25,2026-08-07 12:56:00,78
9206.0,11.3747,11.3285,11.4846,11.5,11.2598,2026-08-07 12:57:00,122
11979.0,11.5185,11.45,11.52,11.6,11.44,2026-08-07 12:58:00,159
7254.0,11.3481,11.55,11.19,11.55,11.19,2026-08-07 12:59:00,132
6264.0,11.2133,11.19,11.29,11.3,11.15,2026-08-07 13:00:00,142
15869.0,11.0113,11.2,11.08,11.2,10.85,2026-08-07 13:01:00,331
9619.0,11.0336,11.07,10.84,11.234,10.8,2026-08-07 13:02:00,166
5776.0,10.9415,10.9629,10.95,11.0,10.901,2026-08-07 13:03:00,133
10664.0,10.9998,10.9499,11.05,11.06,10.93,2026-08-07 13:04:00,141
10793.0,10.9986,10.99,11.048,11.14,10.89,2026-08-07 13:05:00,169
10815.0,11.0998,11.13,11.0,11.15,10.99,2026-08-07 13:06:00,71
1948.0,11.0163,11.0018,11.01,11.0863,11.0018,2026-08-07 13:07:00,55
1855.0,11.0693,11.0993,11.02,11.1,11.02,2026-08-07 13:08:00,27
2177.0,11.122,11.0306,11.2,11.2,11.0306,2026-08-07 13:09:00,83
2092.0,11.0916,11.14,11.02,11.14,11.02,2026-08-07 13:10:00,65
9372.0,10.9862,11.0315,11.0,11.0315,10.95,2026-08-07 13:11:00,125
2092.0,11.0099,11.07,11.0,11.07,11.0,2026-08-07 13:12:00,52
3085.0,11.002,11.0,11.0,11.02,11.0,2026-08-07 13:13:00,48
3655.0,10.896,10.96,10.86,10.96,10.86,2026-08-07 13:14:00,95
2212.0,10.9526,10.92,10.9,11.0,10.9,2026-08-07 13:15:00,56
2520.0,11.0224,10.98,11.0373,11.07,10.98,2026-08-07 13:16:00,67
1407.0,11.0594,11.07,11.06,11.07,11.06,2026-08-07 13:17:00,46
4378.0,11.1293,11.06,11.07,11.18,11.06,2026-08-07 13:18:00,74
2411.0,11.135,11.13,11.15,11.16,11.07,2026-08-07 13:19:00,49
24041.0,11.4183,11.15,11.55,11.57,11.1499,2026-08-07 13:20:00,362
15649.652929,11.4668,11.54,11.5872,11.5873,11.36,2026-08-07 13:21:00,267
11528.0,11.4881,11.52,11.43,11.5423,11.41,2026-08-07 13:22:00,143
12136.497939,11.6129,11.51,11.65,11.77,11.42,2026-08-07 13:23:00,213
8981.0,11.4801,11.51,11.4,11.5956,11.36,2026-08-07 13:24:00,187
9828.740254,11.4053,11.3928,11.5,11.51,11.3,2026-08-07 13:25:00,127
6961.0,11.3755,11.4886,11.4,11.4886,11.31,2026-08-07 13:26:00,111
4956.0,11.2462,11.3,11.23,11.3,11.2,2026-08-07 13:27:00,126
1959.0,11.2179,11.28,11.19,11.29,11.19,2026-08-07 13:28:00,77
21256.925454,11.06,11.2141,10.9,11.25,10.88,2026-08-07 13:29:00,422
22669.768518,10.8089,11.04,10.951,11.12,10.5,2026-08-07 13:30:00,563
31823.768518,11.2918,11.07,11.54,11.56,10.89,2026-08-07 13:31:00,427
10335.0,11.198,11.46,11.14,11.5,11.0,2026-08-07 13:32:00,255
7281.0,11.2006,11.15,11.13,11.36,11.05,2026-08-07 13:33:00,164
120126.528198,11.4264,11.26,11.15,11.9,10.9255,2026-08-07 13:34:00,1132
47868.382864,10.9354,11.28,10.9899,11.31,10.7,2026-08-07 13:35:00,674
61076.385218,10.594,10.79,10.42,10.98,10.28,2026-08-07 13:36:00,1037
25651.403479,10.5267,10.42,10.6,10.6799,10.3001,2026-08-07 13:37:00,414
64232.874316,10.2877,10.64,10.09,10.6799,10.0208,2026-08-07 13:38:00,816
32050.750052,10.4337,10.2382,10.64,10.66,10.116,2026-08-07 13:39:00,311
52290.817922,10.9455,10.6,11.03,11.2,10.59,2026-08-07 13:40:00,669
28668.462643,10.8755,10.87,10.695,11.04,10.6,2026-08-07 13:41:00,319
16945.675,10.6781,10.6008,10.66,10.8845,10.43,2026-08-07 13:42:00,253
11001.0853,10.4988,10.45,10.4,10.6099,10.4,2026-08-07 13:43:00,162
12233.413416,10.3685,10.485,10.37,10.485,10.26,2026-08-07 13:44:00,237
11777.719998,10.4756,10.375,10.475,10.5999,10.37,2026-08-07 13:45:00,200
8862.6782,10.348,10.52,10.29,10.52,10.2053,2026-08-07 13:46:00,159
7963.07,10.3139,10.32,10.24,10.4693,10.2201,2026-08-07 13:47:00,150
8918.0455,10.3536,10.31,10.39,10.51,10.26,2026-08-07 13:48:00,176
18324.7038,10.3969,10.44,10.1544,10.6299,10.14,2026-08-07 13:49:00,241
6583.702175,10.204,10.34,10.2,10.34,10.11,2026-08-07 13:50:00,162
13404.8194,10.5715,10.43,10.5701,10.78,10.3101,2026-08-07 13:51:00,191
6542.162483,10.6235,10.7299,10.56,10.7299,10.56,2026-08-07 13:52:00,111
23861.7149,10.6476,10.47,10.8,10.88,10.3801,2026-08-07 13:53:00,194
46530.619276,11.0196,10.8999,10.86,11.17,10.687,2026-08-07 13:54:00,542
21148.029958,10.844,10.81,10.95,11.06,10.7,2026-08-07 13:55:00,323
24361.268796,11.0593,11.04,10.955,11.22,10.87,2026-08-07 13:56:00,298
18453.328306,10.9959,10.92,11.04,11.2,10.8231,2026-08-07 13:57:00,264
32068.704271,11.1708,10.9717,11.0909,11.3,10.9717,2026-08-07 13:58:00,346
16043.471748,11.0149,11.07,11.15,11.176,10.9009,2026-08-07 13:59:00,263
56069.264205,11.2725,11.18,11.305,11.49,11.12,2026-08-07 14:00:00,497
28747.68168,11.2569,11.37,11.18,11.4799,11.1,2026-08-07 14:01:00,439
11448.089519,11.1442,11.21,11.21,11.27,11.0363,2026-08-07 14:02:00,237
21914.627139,11.2826,11.13,11.2,11.44,11.06,2026-08-07 14:03:00,300
83401.920503,11.5752,11.28,11.9,11.9,11.28,2026-08-07 14:04:00,907
149320.042725,12.005,11.89,12.025,12.29,11.69,2026-08-07 14:05:00,1980
52645.349864,11.874,12.1799,11.76,12.19,11.67,2026-08-07 14:06:00,960
48710.984332,11.8972,11.81,11.85,12.06,11.7,2026-08-07 14:07:00,611
85672.481134,12.0567,11.83,12.02,12.3499,11.77,2026-08-07 14:08:00,1053
81078.564924,12.1138,12.1699,11.96,12.35,11.89,2026-08-07 14:09:00,1394
39223.274751,11.8295,11.96,11.9715,12.0,11.7,2026-08-07 14:10:00,695
34699.555545,11.7596,11.925,11.78,11.94,11.58,2026-08-07 14:11:00,506
45416.293003,12.0664,11.93,12.15,12.2,11.89,2026-08-07 14:12:00,575
113446.829347,12.3079,12.14,12.35,12.48,12.1,2026-08-07 14:13:00,1651
109678.671135,12.2607,12.31,12.11,12.4699,12.02,2026-08-07 14:14:00,1176
54195.624639,12.2688,12.13,12.34,12.47,12.08,2026-08-07 14:15:00,670
78929.457869,12.0621,12.34,11.97,12.47,11.84,2026-08-07 14:16:00,1110
44326.262213,11.8255,12.04,11.85,12.04,11.7,2026-08-07 14:17:00,523
16563.995625,11.8336,11.923,11.83,11.95,11.7201,2026-08-07 14:18:00,279
32562.926501,11.9559,11.8371,11.945,12.0986,11.81,2026-08-07 14:19:00,344
29471.28883,11.7604,11.875,11.89,11.89,11.62,2026-08-07 14:20:00,399
15309.697047,11.8279,11.89,11.8,11.9,11.7001,2026-08-07 14:21:00,174
10701.910562,11.7911,11.85,11.87,11.88,11.71,2026-08-07 14:22:00,171
18704.977225,12.07,11.86,12.13,12.1794,11.86,2026-08-07 14:23:00,346
42399.279018,12.1704,12.1,12.2998,12.35,11.9633,2026-08-07 14:24:00,525
57881.079663,12.2885,12.35,12.18,12.46,12.15,2026-08-07 14:25:00,932
19065.0683,12.211,12.225,12.2999,12.3,12.1296,2026-08-07 14:26:00,280
66133.2724,12.2328,12.29,12.02,12.45,11.9,2026-08-07 14:27:00,689
21842.334449,12.1249,12.09,12.0515,12.2,12.0201,2026-08-07 14:28:00,217
14528.577877,12.0734,12.02,12.055,12.11,11.9701,2026-08-07 14:29:00,199
25240.91538,12.1167,12.0001,12.225,12.2999,12.0,2026-08-07 14:30:00,260
9961.232693,12.1566,12.225,12.24,12.2899,12.0498,2026-08-07 14:31:00,169
25925.730972,12.3395,12.205,12.38,12.45,12.185,2026-08-07 14:32:00,351
62434.712754,12.5034,12.3373,12.75,12.75,12.2001,2026-08-07 14:33:00,785
101253.349512,12.7045,12.75,12.65,12.9,12.52,2026-08-07 14:34:00,1344
110603.812811,12.6529,12.675,12.765,12.89,12.42,2026-08-07 14:35:00,1060
79518.195869,12.6479,12.7812,12.5101,12.89,12.45,2026-08-07 14:36:00,897
64806.013638,12.7477,12.56,12.8,12.84,12.56,2026-08-07 14:37:00,611
65541.682043,12.6656,12.79,12.675,12.7999,12.5401,2026-08-07 14:38:00,556
124046.439018,12.9188,12.75,12.87,13.08,12.74,2026-08-07 14:39:00,1452
80342.231532,12.7751,12.85,12.73,12.9399,12.65,2026-08-07 14:40:00,988
58482.793072,12.7386,12.775,12.85,12.91,12.52,2026-08-07 14:41:00,744
96418.570028,12.8725,12.875,12.8,13.0199,12.5601,2026-08-07 14:42:00,929
15907.188761,12.7689,12.75,12.79,12.8499,12.7,2026-08-07 14:43:00,314
22585.319079,12.6749,12.7,12.7,12.7839,12.6085,2026-08-07 14:44:00,353
38576.371916,12.8389,12.75,12.9,12.94,12.6395,2026-08-07 14:45:00,501
34723.984104,12.8772,12.885,12.92,12.98,12.7398,2026-08-07 14:46:00,485
25925.703833,12.8458,12.86,12.933,12.9499,12.7441,2026-08-07 14:47:00,265
116871.767072,12.901,12.89,13.11,13.14,12.65,2026-08-07 14:48:00,1075
98773.748852,13.1483,13.09,13.1974,13.25,13.0,2026-08-07 14:49:00,1251
74166.16101,13.142,13.1225,13.1592,13.3,12.88,2026-08-07 14:50:00,1218
105816.810504,13.27,13.17,13.354,13.4,13.05,2026-08-07 14:51:00,1162
87015.505022,13.1043,13.2385,12.92,13.285,12.92,2026-08-07 14:52:00,1098
38798.243594,13.1546,12.9488,13.025,13.3,12.9488,2026-08-07 14:53:00,550
16650.593901,13.1053,13.0899,13.0234,13.1786,13.0001,2026-08-07 14:54:00,296
60785.893065,13.1782,13.0881,13.31,13.4,13.0,2026-08-07 14:55:00,649
81557.714943,13.3921,13.345,13.3901,13.6,13.2,2026-08-07 14:56:00,1446
168802.804271,13.7716,13.48,13.825,14.0,13.46,2026-08-07 14:57:00,2285
131351.862983,13.7071,13.85,13.495,13.88,13.44,2026-08-07 14:58:00,1442
66238.703753,13.5202,13.48,13.685,13.76,13.29,2026-08-07 14:59:00,937
143704.331246,13.5359,13.72,13.3,13.8199,13.2,2026-08-07 15:00:00,1249
32579.043828,13.4089,13.2238,13.391,13.55,13.2238,2026-08-07 15:01:00,580
40550.143325,13.4852,13.4786,13.445,13.5699,13.3801,2026-08-07 15:02:00,466
35333.592199,13.3302,13.39,13.37,13.48,13.2,2026-08-07 15:03:00,588
42282.540147,13.4034,13.4,13.26,13.57,13.2,2026-08-07 15:04:00,540
57809.656134,13.2822,13.2,13.1331,13.5,13.12,2026-08-07 15:05:00,664
82459.766909,13.007,13.13,13.14,13.205,12.9,2026-08-07 15:06:00,1100
15822.972441,13.0404,13.071,13.0,13.1858,12.93,2026-08-07 15:07:00,301
70031.233385,12.9341,13.0,13.16,13.2,12.7414,2026-08-07 15:08:00,779
15468.365379,13.1401,13.1001,13.16,13.188,13.08,2026-08-07 15:09:00,317
21675.787444,12.9463,13.11,12.93,13.11,12.83,2026-08-07 15:10:00,327
27358.608297,12.8958,12.9608,12.82,13.04,12.78,2026-08-07 15:11:00,408
28499.73644,12.8521,12.8,12.7601,12.99,12.7601,2026-08-07 15:12:00,342
32781.68188,12.7345,12.845,12.825,12.92,12.61,2026-08-07 15:13:00,565
7342.860607,12.8466,12.779,12.8,12.92,12.779,2026-08-07 15:14:00,166
24650.408887,12.9278,12.79,13.06,13.15,12.68,2026-08-07 15:15:00,333
85594.757153,13.4117,13.03,13.5015,13.63,13.01,2026-08-07 15:16:00,1083
31063.139753,13.4094,13.51,13.352,13.51,13.3,2026-08-07 15:17:00,471
25239.649413,13.2027,13.3612,13.17,13.3612,13.06,2026-08-07 15:18:00,401
21288.944312,13.0835,13.2,13.1599,13.2,13.02,2026-08-07 15:19:00,225
8364.392192,13.1457,13.16,13.0517,13.2,13.0517,2026-08-07 15:20:00,138
16714.722432,13.1505,13.0622,13.12,13.2299,13.0622,2026-08-07 15:21:00,193
20549.068339,13.2508,13.08,13.28,13.46,13.07,2026-08-07 15:22:00,329
41343.591373,13.3697,13.2167,13.38,13.4899,13.21,2026-08-07 15:23:00,500
61875.766189,13.5184,13.42,13.5,13.61,13.42,2026-08-07 15:24:00,698
37005.184926,13.4666,13.555,13.365,13.66,13.2801,2026-08-07 15:25:00,505
31109.290544,13.4976,13.31,13.52,13.6,13.31,2026-08-07 15:26:00,291
15269.7062,13.491,13.55,13.41,13.58,13.4,2026-08-07 15:27:00,247
17254.641442,13.386,13.44,13.37,13.4999,13.34,2026-08-07 15:28:00,234
25697.172894,13.2379,13.428,13.1999,13.428,13.0678,2026-08-07 15:29:00,533
26047.904763,13.1203,13.07,13.2,13.2379,13.03,2026-08-07 15:30:00,343
7438.03389,13.1842,13.15,13.15,13.3,13.08,2026-08-07 15:31:00,203
33950.7022,13.0297,13.2288,13.08,13.2288,12.93,2026-08-07 15:32:00,359
15960.545796,12.9685,13.08,12.93,13.08,12.9,2026-08-07 15:33:00,263
4860.454811,12.9994,13.04,12.9301,13.0412,12.93,2026-08-07 15:34:00,154
20895.266724,13.009,12.97,12.87,13.16,12.86,2026-08-07 15:35:00,268
12470.1724,12.9243,12.9,13.1,13.1,12.8448,2026-08-07 15:36:00,189
13671.392055,13.0841,13.075,13.15,13.15,12.939,2026-08-07 15:37:00,120
23927.753387,13.1875,13.16,13.21,13.2851,13.0643,2026-08-07 15:38:00,269
11405.525916,13.1318,13.1299,13.12,13.22,13.03,2026-08-07 15:39:00,140
20502.181081,13.3587,13.225,13.3703,13.49,13.1845,2026-08-07 15:40:00,247
29681.448054,13.4747,13.5,13.4193,13.56,13.39,2026-08-07 15:41:00,323
35369.234435,13.4267,13.4299,13.4,13.51,13.3107,2026-08-07 15:42:00,307
17796.74674,13.453,13.37,13.5138,13.57,13.36,2026-08-07 15:43:00,233
51696.870816,13.4102,13.5224,13.3806,13.56,13.3,2026-08-07 15:44:00,473
11331.987825,13.3425,13.4,13.3,13.405,13.2601,2026-08-07 15:45:00,288
34423.183357,13.341,13.37,13.17,13.5,13.16,2026-08-07 15:46:00,284
9588.128916,13.1873,13.17,13.17,13.2685,13.17,2026-08-07 15:47:00,191
16564.063774,13.2281,13.17,13.22,13.34,13.13,2026-08-07 15:48:00,195
13524.488844,13.2136,13.19,13.23,13.3499,13.1501,2026-08-07 15:49:00,147
23777.211889,13.1606,13.17,13.2,13.22,13.1201,2026-08-07 15:50:00,140
14501.346262,13.2086,13.1773,13.135,13.3199,13.09,2026-08-07 15:51:00,186
9536.705261,13.2482,13.11,13.31,13.325,13.1001,2026-08-07 15:52:00,199
10496.918603,13.3161,13.33,13.295,13.349,13.27,2026-08-07 15:53:00,95
15736.547609,13.2384,13.27,13.22,13.33,13.1615,2026-08-07 15:54:00,192
7159.001854,13.2694,13.23,13.275,13.3297,13.23,2026-08-07 15:55:00,91
77799.511352,13.5862,13.33,13.63,13.79,13.33,2026-08-07 15:56:00,834
48635.732809,13.5986,13.7012,13.41,13.7399,13.37,2026-08-07 15:57:00,650
43224.347058,13.4907,13.465,13.4101,13.64,13.38,2026-08-07 15:58:00,376
38880.411116,13.618,13.4861,13.575,13.68,13.4861,2026-08-07 15:59:00,479
48540.598331,13.4363,13.575,13.32,13.6079,13.31,2026-08-07 16:00:00,464
12236.7773,13.4484,13.37,13.38,13.4999,13.37,2026-08-07 16:01:00,174
23310.581148,13.3153,13.38,13.28,13.45,13.21,2026-08-07 16:02:00,370
10765.815402,13.3265,13.28,13.325,13.41,13.2135,2026-08-07 16:03:00,168
10725.894201,13.3449,13.325,13.385,13.4,13.2701,2026-08-07 16:04:00,157
11148.761717,13.4109,13.45,13.4,13.45,13.34,2026-08-07 16:05:00,113
19023.36416,13.4571,13.37,13.33,13.5,13.33,2026-08-07 16:06:00,271
24813.830938,13.2634,13.38,13.27,13.4299,13.1101,2026-08-07 16:07:00,353
6748.738,13.2731,13.3,13.2,13.3999,13.2,2026-08-07 16:08:00,139
15074.169872,13.1171,13.2,13.1471,13.2356,13.05,2026-08-07 16:09:00,249
6590.375973,13.2124,13.15,13.185,13.28,13.1399,2026-08-07 16:10:00,143
10067.0,13.1592,13.1349,13.1219,13.25,13.1,2026-08-07 16:11:00,106
117928.820749,12.7956,13.13,12.49,13.13,12.45,2026-08-07 16:12:00,1396
48330.265747,12.7057,12.595,12.71,12.81,12.5,2026-08-07 16:13:00,544
22962.159392,12.8663,12.75,12.767,12.95,12.7101,2026-08-07 16:14:00,380
23684.997024,12.7276,12.8,12.6518,12.83,12.6401,2026-08-07 16:15:00,295
25763.526493,12.5655,12.65,12.42,12.72,12.42,2026-08-07 16:16:00,309
32878.056024,12.4572,12.44,12.42,12.6,12.3201,2026-08-07 16:17:00,425
21124.458832,12.3479,12.42,12.28,12.46,12.2062,2026-08-07 16:18:00,314
18446.272609,12.3098,12.28,12.2729,12.42,12.23,2026-08-07 16:19:00,309
23627.601972,12.2459,12.33,12.21,12.3886,12.15,2026-08-07 16:20:00,239
28252.366547,12.0685,12.1775,12.1454,12.216,11.87,2026-08-07 16:21:00,454
11153.822574,12.1696,12.026,12.24,12.25,12.026,2026-08-07 16:22:00,204
10142.144077,12.0692,12.2192,12.05,12.2192,12.0,2026-08-07 16:23:00,167
54741.554719,12.3133,12.055,12.3,12.46,12.05,2026-08-07 16:24:00,943
6120.6211,12.1859,12.3,12.11,12.3,12.09,2026-08-07 16:25:00,90
5269.260805,12.1432,12.095,12.15,12.2,12.09,2026-08-07 16:26:00,124
14194.510197,12.2441,12.15,12.275,12.36,12.14,2026-08-07 16:27:00,176
10035.163265,12.2509,12.1801,12.24,12.35,12.1801,2026-08-07 16:28:00,89
11571.892495,12.2173,12.24,12.26,12.2912,12.18,2026-08-07 16:29:00,100
7557.400839,12.246,12.3,12.25,12.315,12.18,2026-08-07 16:30:00,111
25261.941312,12.4085,12.22,12.356,12.5,12.22,2026-08-07 16:31:00,201
3653.0,12.2721,12.245,12.306,12.32,12.2401,2026-08-07 16:32:00,51
21453.60941,12.1141,12.24,12.05,12.3,12.0,2026-08-07 16:33:00,214
7381.323338,12.0564,12.05,12.09,12.14,12.0001,2026-08-07 16:34:00,88
2406.082312,12.0841,12.0101,12.17,12.17,12.0101,2026-08-07 16:35:00,44
4271.48595,12.187,12.0899,12.2499,12.2499,12.0899,2026-08-07 16:36:00,86
5563.849111,12.2349,12.195,12.1873,12.38,12.15,2026-08-07 16:37:00,86
2274.079142,12.2126,12.2931,12.139,12.2931,12.139,2026-08-07 16:38:00,70
1849.523006,12.1385,12.11,12.2089,12.2089,12.1,2026-08-07 16:39:00,47
2353.838585,12.1925,12.19,12.1636,12.2,12.1598,2026-08-07 16:40:00,47
5318.5668,12.0444,12.15,12.0487,12.15,12.0,2026-08-07 16:41:00,65
5800.481481,12.0744,12.05,12.05,12.14,12.0304,2026-08-07 16:42:00,56
3415.0,12.0691,12.0766,12.09,12.095,12.0401,2026-08-07 16:43:00,35
20652.763409,11.9417,12.09,11.885,12.09,11.82,2026-08-07 16:44:00,331
10345.775983,11.9093,11.885,11.8401,11.98,11.8401,2026-08-07 16:45:00,152
10870.0971,11.9188,11.88,11.9,11.99,11.8337,2026-08-07 16:46:00,131
10760.578996,11.8801,11.9781,11.85,11.9781,11.8285,2026-08-07 16:47:00,83
22118.3656,11.8656,11.81,11.92,12.016,11.7,2026-08-07 16:48:00,260
6980.798511,11.8445,11.86,11.7711,11.91,11.7711,2026-08-07 16:49:00,94
7470.054726,11.8585,11.8,11.8001,11.94,11.7583,2026-08-07 16:50:00,205
1457.105,11.9121,11.875,11.955,11.955,11.875,2026-08-07 16:51:00,38
7607.502563,11.8183,11.91,11.82,11.91,11.8,2026-08-07 16:52:00,101
1561.538071,11.8243,11.8241,11.82,11.8241,11.82,2026-08-07 16:53:00,59
14252.0,11.6043,11.82,11.5907,11.82,11.53,2026-08-07 16:54:00,139
11588.590302,11.7078,11.5314,11.7538,11.78,11.5314,2026-08-07 16:55:00,225
5905.160818,11.7409,11.76,11.7165,11.79,11.7016,2026-08-07 16:56:00,58
6311.953093,11.6845,11.8,11.56,11.8,11.5529,2026-08-07 16:57:00,108
8166.0,11.6428,11.75,11.6201,11.75,11.5832,2026-08-07 16:58:00,110
4157.0,11.6861,11.75,11.6501,11.75,11.65,2026-08-07 16:59:00,114
14302.91576,11.7583,11.75,11.8199,11.82,11.6693,2026-08-07 17:00:00,124
5362.579615,11.7754,11.82,11.7,11.82,11.7,2026-08-07 17:01:00,76
5373.6,11.8794,11.8251,11.865,11.94,11.8251,2026-08-07 17:02:00,88
6357.272042,11.893,11.94,11.9,11.9413,11.84,2026-08-07 17:03:00,94
1764.664943,11.8593,11.9,11.8,11.9,11.8,2026-08-07 17:04:00,40
6597.176314,11.8512,11.89,11.88,11.89,11.805,2026-08-07 17:05:00,59
5243.0053,11.8712,11.89,11.8897,11.8901,11.8,2026-08-07 17:06:00,98
4799.391739,11.8713,11.89,11.89,11.89,11.75,2026-08-07 17:07:00,65
1971.09689,11.8487,11.855,11.85,11.865,11.82,2026-08-07 17:08:00,38
3382.0,11.8245,11.86,11.83,11.91,11.8,2026-08-07 17:09:00,50
5313.084317,11.96,11.91,11.97,12.06,11.8975,2026-08-07 17:10:00,110
6318.0,12.0169,11.975,12.0375,12.05,11.975,2026-08-07 17:11:00,73
12619.923215,12.0535,12.06,12.0799,12.15,11.9415,2026-08-07 17:12:00,140
11849.109281,12.142,12.04,12.11,12.2498,12.0,2026-08-07 17:13:00,145
11987.058716,12.0736,12.105,12.005,12.2,11.92,2026-08-07 17:14:00,184
4553.622183,11.9861,12.005,11.975,12.08,11.93,2026-08-07 17:15:00,66
6166.728409,12.0446,11.98,11.92,12.15,11.92,2026-08-07 17:16:00,81
11171.129677,11.8485,11.93,11.9199,11.93,11.75,2026-08-07 17:17:00,101
9367.312927,11.8347,11.7728,11.7501,11.91,11.7501,2026-08-07 17:18:00,73
16024.1,11.6732,11.75,11.62,11.7788,11.6,2026-08-07 17:19:00,195
32256.772389,11.4781,11.5601,11.485,11.7,11.3,2026-08-07 17:20:00,381
16062.903714,11.3425,11.48,11.37,11.48,11.2,2026-08-07 17:21:00,219
3406.9803,11.4949,11.49,11.45,11.54,11.45,2026-08-07 17:22:00,61
5137.441921,11.4586,11.43,11.44,11.475,11.43,2026-08-07 17:23:00,51
4523.807404,11.4657,11.47,11.47,11.5,11.44,2026-08-07 17:24:00,43
9091.6447,11.3626,11.4,11.41,11.4212,11.34,2026-08-07 17:25:00,83
8450.47902,11.4438,11.41,11.44,11.5399,11.37,2026-08-07 17:26:00,105
9629.183534,11.5843,11.45,11.635,11.7,11.45,2026-08-07 17:27:00,122
4698.0,11.6594,11.72,11.669,11.72,11.6,2026-08-07 17:28:00,47
8284.24,11.6654,11.57,11.78,11.78,11.57,2026-08-07 17:29:00,65
27159.85,11.8767,11.76,11.83,11.9899,11.715,2026-08-07 17:30:00,177
6475.561009,11.768,11.85,11.8099,11.85,11.64,2026-08-07 17:31:00,73
5048.184419,11.6849,11.7301,11.617,11.7301,11.55,2026-08-07 17:32:00,46
3566.0,11.7025,11.61,11.7599,11.7599,11.61,2026-08-07 17:33:00,32
3133.427394,11.678,11.68,11.68,11.72,11.68,2026-08-07 17:34:00,71
2805.0,11.7047,11.7418,11.7,11.75,11.6688,2026-08-07 17:35:00,33
9616.862536,11.61,11.6,11.56,11.675,11.551,2026-08-07 17:36:00,64
708.449163,11.6165,11.65,11.5301,11.65,11.5301,2026-08-07 17:37:00,54
1624.0,11.5663,11.54,11.55,11.65,11.54,2026-08-07 17:38:00,23
1883.794365,11.5566,11.595,11.5216,11.595,11.5216,2026-08-07 17:39:00,42
495.487912,11.5451,11.57,11.55,11.57,11.55,2026-08-07 17:40:00,18
6366.772767,11.6822,11.56,11.71,11.79,11.56,2026-08-07 17:41:00,109
8921.817344,11.7744,11.7,11.73,11.8,11.7,2026-08-07 17:42:00,100
892.371318,11.8098,11.8181,11.7548,11.825,11.7548,2026-08-07 17:43:00,40
2294.0,11.7242,11.74,11.675,11.75,11.675,2026-08-07 17:44:00,31
1610.977963,11.6869,11.635,11.7,11.71,11.635,2026-08-07 17:45:00,38
3095.43,11.7073,11.5801,11.69,11.76,11.5801,2026-08-07 17:46:00,26
3674.767544,11.7434,11.7,11.8,11.8,11.68,2026-08-07 17:47:00,99
17278.21942,11.9877,11.85,12.025,12.0941,11.85,2026-08-07 17:48:00,165
12978.2,11.9913,11.9774,11.84,12.0882,11.84,2026-08-07 17:49:00,151
14915.205632,12.0175,11.8283,12.125,12.15,11.8283,2026-08-07 17:50:00,144
17027.24,12.0242,12.1218,11.9703,12.1218,11.91,2026-08-07 17:51:00,86
3740.808013,12.0112,11.96,12.04,12.08,11.95,2026-08-07 17:52:00,73
7063.802206,11.9609,12.04,11.935,12.04,11.91,2026-08-07 17:53:00,140
2949.0,11.9419,11.935,11.9233,11.9699,11.9233,2026-08-07 17:54:00,59
15177.406775,11.8659,11.9578,11.82,11.9578,11.76,2026-08-07 17:55:00,114
13758.4223,11.7589,11.82,11.7136,11.82,11.685,2026-08-07 17:56:00,214
1486.27,11.7554,11.755,11.76,11.76,11.75,2026-08-07 17:57:00,48
2908.65,11.8048,11.795,11.76,11.85,11.76,2026-08-07 17:58:00,55
3174.0,11.7772,11.795,11.77,11.795,11.73,2026-08-07 17:59:00,38
8795.281,11.927,11.89,11.92,12.04,11.835,2026-08-07 18:00:00,51
5889.541224,12.0098,12.01,11.99,12.0526,11.88,2026-08-07 18:01:00,57
9077.851239,11.9206,11.99,11.8,11.99,11.8,2026-08-07 18:02:00,89
600.089548,11.8619,11.86,11.86,11.86,11.86,2026-08-07 18:04:00,38
737.826874,11.9142,11.9,11.9,11.9,11.9,2026-08-07 18:06:00,34
2278.0038,11.8799,11.8854,11.8001,11.9999,11.8001,2026-08-07 18:07:00,60
638.363507,11.9088,11.9,11.91,11.91,11.9,2026-08-07 18:08:00,30
8435.5111,11.8015,11.828,11.8025,11.8351,11.75,2026-08-07 18:09:00,70
1061.101847,11.7965,11.785,11.785,11.785,11.785,2026-08-07 18:10:00,73
2084.0,11.7625,11.85,11.78,11.85,11.7286,2026-08-07 18:11:00,34
5690.0,11.7501,11.775,11.7,11.8,11.7,2026-08-07 18:12:00,79
1440.315,11.798,11.75,11.85,11.85,11.75,2026-08-07 18:13:00,34
1178.168293,11.8464,11.9,11.83,11.9,11.83,2026-08-07 18:14:00,30
1230.019784,11.8257,11.83,11.79,11.875,11.79,2026-08-07 18:15:00,44
777.215851,11.8368,11.82,11.82,11.82,11.82,2026-08-07 18:16:00,32
13115.39,11.8972,11.84,11.884,11.95,11.8272,2026-08-07 18:17:00,103
1405.490708,11.8671,11.85,11.865,11.865,11.85,2026-08-07 18:18:00,45
1665.8,11.8641,11.865,11.8071,11.865,11.8071,2026-08-07 18:19:00,28
9369.0,11.934,11.94,11.865,11.94,11.865,2026-08-07 18:20:00,23
2202.0,11.8696,11.88,11.85,11.885,11.85,2026-08-07 18:21:00,50
17942.0,11.935,11.85,11.91,12.0,11.85,2026-08-07 18:22:00,122
5662.338204,12.0091,11.97,12.05,12.0999,11.94,2026-08-07 18:23:00,50
1474.01487,11.9722,11.965,11.99,11.99,11.94,2026-08-07 18:24:00,45
5347.7251,11.9449,12.0075,11.93,12.02,11.89,2026-08-07 18:25:00,66
22537.572235,11.8366,11.89,11.82,11.915,11.75,2026-08-07 18:26:00,133
1537.5541,11.8218,11.82,11.825,11.825,11.76,2026-08-07 18:27:00,24
606.0,11.8185,11.825,11.825,11.825,11.825,2026-08-07 18:28:00,24
6169.0,11.7931,11.825,11.8,11.88,11.7,2026-08-07 18:29:00,94
9942.0,11.8868,11.78,11.85,11.9,11.78,2026-08-07 18:30:00,33
2689.0,11.7712,11.785,11.77,11.84,11.73,2026-08-07 18:32:00,43
2348.0,11.7379,11.71,11.77,11.77,11.7,2026-08-07 18:33:00,32
4169.0,11.8975,11.84,11.89,11.96,11.78,2026-08-07 18:34:00,57
2513.0,11.7695,11.82,11.8213,11.83,11.7001,2026-08-07 18:35:00,42
1657.8,11.8118,11.8125,11.7275,11.8999,11.7275,2026-08-07 18:36:00,40
1509.694197,11.8036,11.8,11.8224,11.8224,11.7101,2026-08-07 18:37:00,24
1904.0,11.8277,11.8,11.81,11.89,11.8,2026-08-07 18:38:00,35
4970.775,11.9067,11.89,11.96,11.96,11.88,2026-08-07 18:39:00,117
5124.0,11.8964,11.9027,11.92,11.9452,11.7909,2026-08-07 18:40:00,32
956.2,11.9033,11.895,11.89,11.895,11.89,2026-08-07 18:41:00,35
4360.121461,11.9534,11.915,11.945,11.97,11.915,2026-08-07 18:42:00,33
3784.7172,11.8382,11.915,11.8373,11.915,11.8,2026-08-07 18:43:00,53
2829.0,11.7394,11.8,11.7296,11.82,11.7101,2026-08-07 18:44:00,33
668.554626,11.7589,11.81,11.72,11.81,11.72,2026-08-07 18:45:00,19
2278.074269,11.7563,11.72,11.85,11.8788,11.72,2026-08-07 18:46:00,39
8771.0201,11.7053,11.71,11.7571,11.8377,11.67,2026-08-07 18:47:00,83
5328.2504,11.724,11.689,11.67,11.83,11.67,2026-08-07 18:48:00,38
3674.410215,11.8047,11.765,11.88,11.88,11.7625,2026-08-07 18:49:00,86
3174.54,11.9298,11.9,11.99,11.99,11.825,2026-08-07 18:50:00,50
3401.785,11.9409,11.8426,11.943,12.0,11.8426,2026-08-07 18:51:00,29
3201.1888,11.9551,11.94,11.9,12.01,11.86,2026-08-07 18:52:00,44
1600.0,11.8901,11.95,11.9836,11.9836,11.86,2026-08-07 18:53:00,22
16526.94,12.0493,11.905,12.035,12.161,11.905,2026-08-07 18:54:00,124
2660.0,12.0454,11.9462,11.9959,12.11,11.9462,2026-08-07 18:55:00,47
3252.0,12.0591,12.1193,11.98,12.1193,11.98,2026-08-07 18:56:00,31
2278.0,11.9778,11.91,11.99,11.99,11.91,2026-08-07 18:57:00,34
2516.0,11.8961,12.01,11.8757,12.01,11.8757,2026-08-07 18:58:00,15
12673.538,12.1577,11.99,12.1899,12.34,11.95,2026-08-07 18:59:00,140
8979.727251,12.201,12.34,12.17,12.34,12.1101,2026-08-07 19:00:00,89
2145.0,12.0901,12.068,12.09,12.15,12.02,2026-08-07 19:01:00,42
7011.2562,12.0055,12.1599,12.01,12.1599,11.91,2026-08-07 19:02:00,64
2458.4552,12.0025,12.13,11.98,12.13,11.96,2026-08-07 19:03:00,53
2201.44,12.0135,11.98,11.99,12.08,11.98,2026-08-07 19:04:00,49
2961.509371,12.112,12.07,12.055,12.17,12.055,2026-08-07 19:05:00,62
1243.32607,12.1406,12.13,12.125,12.16,12.125,2026-08-07 19:06:00,30
3286.0,12.1758,12.13,12.215,12.25,12.1075,2026-08-07 19:07:00,29
7029.0,12.2254,12.28,12.24,12.28,12.13,2026-08-07 19:08:00,62
225.0,12.1802,12.1516,12.21,12.21,12.1516,2026-08-07 19:09:00,8
654.552399,12.2325,12.2175,12.24,12.24,12.2175,2026-08-07 19:10:00,23
3596.275717,12.2065,12.24,12.19,12.25,12.0501,2026-08-07 19:11:00,41
854.414938,12.1874,12.16,12.21,12.21,12.16,2026-08-07 19:12:00,17
11262.246288,12.2588,12.21,12.38,12.38,12.19,2026-08-07 19:13:00,92
26883.087,12.4541,12.29,12.185,12.7,12.05,2026-08-07 19:14:00,239
2104.0039,12.2266,12.3667,12.19,12.3667,12.19,2026-08-07 19:15:00,54
9673.51,12.0086,12.1202,11.96,12.1202,11.95,2026-08-07 19:16:00,61
5035.9583,11.9761,11.99,12.005,12.0175,11.95,2026-08-07 19:17:00,115
2586.0,12.0486,11.98,12.025,12.1899,11.9495,2026-08-07 19:18:00,43
556.11,12.0291,12.02,12.02,12.02,12.02,2026-08-07 19:19:00,21
990.0,11.9843,11.9901,11.97,11.9901,11.97,2026-08-07 19:21:00,30
737.887,12.018,12.09,11.9739,12.09,11.9739,2026-08-07 19:22:00,23
3500.153392,12.0697,11.97,12.09,12.1,11.96,2026-08-07 19:23:00,63
1142.53,12.08,12.07,12.075,12.075,12.06,2026-08-07 19:24:00,34
1027.0,12.0839,12.0016,12.08,12.08,12.0016,2026-08-07 19:25:00,12
612.0,12.0598,12.07,12.07,12.07,12.07,2026-08-07 19:26:00,28
4524.789037,11.9898,12.02,11.9701,12.04,11.97,2026-08-07 19:28:00,53
4378.0,12.0611,12.05,12.03,12.12,12.0,2026-08-07 19:29:00,76
7788.0,11.9775,11.98,11.965,12.1,11.921,2026-08-07 19:30:00,83
4418.369,11.9621,11.9251,12.05,12.05,11.9001,2026-08-07 19:31:00,58
2906.25,12.0198,11.99,12.05,12.05,11.99,2026-08-07 19:32:00,61
1566.0,12.0396,11.97,12.09,12.09,11.97,2026-08-07 19:33:00,29
1656.473,12.0804,12.08,12.025,12.1,12.025,2026-08-07 19:34:00,24
2331.0,12.0624,12.08,12.04,12.08,12.04,2026-08-07 19:35:00,36
7098.458548,12.0998,12.0915,12.12,12.14,12.05,2026-08-07 19:36:00,72
3935.641268,12.126,12.11,12.1841,12.1841,12.09,2026-08-07 19:37:00,52
6090.555371,12.1577,12.13,12.1425,12.2,12.13,2026-08-07 19:38:00,79
3774.0,12.1289,12.15,12.1,12.2456,12.08,2026-08-07 19:39:00,76
860.657949,12.1488,12.14,12.1475,12.1475,12.14,2026-08-07 19:40:00,34
3274.249951,12.1691,12.14,12.1501,12.2,12.14,2026-08-07 19:41:00,62
11556.128,12.1929,12.23,12.13,12.265,12.13,2026-08-07 19:42:00,98
3902.0,12.1231,12.1074,12.165,12.23,12.095,2026-08-07 19:43:00,60
1114.0,12.1633,12.165,12.19,12.19,12.16,2026-08-07 19:44:00,31
6254.0,12.2044,12.22,12.13,12.2646,12.13,2026-08-07 19:45:00,103
8856.0,12.0485,12.15,11.97,12.15,11.97,2026-08-07 19:46:00,162
3193.080929,11.9621,11.995,11.89,11.995,11.89,2026-08-07 19:47:00,83
9187.989,11.8826,11.93,11.92,11.93,11.83,2026-08-07 19:48:00,110
3786.69,11.8906,12.0091,11.91,12.0091,11.82,2026-08-07 19:49:00,67
11367.604403,11.8841,11.91,11.87,11.94,11.755,2026-08-07 19:50:00,150
3599.0,11.9548,11.86,11.9047,11.995,11.86,2026-08-07 19:51:00,85
1780.380016,11.9666,11.9226,11.945,11.99,11.9226,2026-08-07 19:52:00,38
5060.363782,11.9647,11.989,11.98,12.0,11.9,2026-08-07 19:53:00,75
8962.772085,12.0973,12.0,12.207,12.31,11.9775,2026-08-07 19:54:00,98
9942.105662,12.1518,12.1365,12.0415,12.3,12.03,2026-08-07 19:55:00,144
2350.194152,12.0823,12.115,12.05,12.115,12.03,2026-08-07 19:56:00,68
4022.50422,12.1623,12.1699,12.0809,12.18,12.0809,2026-08-07 19:57:00,90
19552.0358,12.2348,12.155,12.23,12.3,12.15,2026-08-07 19:58:00,281
45901.22698,12.2425,12.33,12.15,12.42,12.1,2026-08-07 19:59:00,464
1010.635819,12.2322,12.28,12.28,12.28,12.28,2026-08-07 20:00:00,42
6635.0,12.1596,12.0942,12.222,12.222,12.09,2026-08-07 20:01:00,34
7660.0,12.1119,12.18,12.1,12.19,12.04,2026-08-07 20:02:00,23
2216.0,12.053,12.05,12.04,12.0739,12.04,2026-08-07 20:03:00,17
13605.5098,12.0263,12.03,12.0387,12.0724,12.0,2026-08-07 20:04:00,42
2274.031538,12.1097,12.11,12.11,12.11,12.11,2026-08-07 20:05:00,19
1198.0,12.0527,12.06,12.06,12.06,12.06,2026-08-07 20:06:00,16
562.0,11.982,11.95,11.95,11.95,11.95,2026-08-07 20:07:00,14
788.0,12.0543,12.04,12.017,12.11,12.017,2026-08-07 20:08:00,13
398.0,12.1334,12.11,12.11,12.11,12.11,2026-08-07 20:09:00,11
407.567795,12.2127,12.25,12.25,12.25,12.25,2026-08-07 20:10:00,12
1261.0,12.0542,12.05,12.06,12.06,12.05,2026-08-07 20:11:00,11
653.0,12.0623,12.05,12.05,12.05,12.05,2026-08-07 20:12:00,20
288.968461,12.1025,12.06,12.06,12.06,12.06,2026-08-07 20:13:00,13
329.0,12.2005,12.23,12.2,12.23,12.2,2026-08-07 20:16:00,11
103.0,12.17,12.17,12.17,12.17,12.17,2026-08-07 20:18:00,2
992.0,12.1097,12.11,12.11,12.11,12.11,2026-08-07 20:20:00,5
242.0,12.0521,12.05,12.05,12.05,12.05,2026-08-07 20:21:00,9
256.0,12.073,12.07,12.07,12.07,12.07,2026-08-07 20:23:00,8
1218.0,12.074,12.07,12.07,12.08,12.07,2026-08-07 20:26:00,4
2862.0,12.071,12.07,12.0777,12.079,12.07,2026-08-07 20:27:00,24
468.0,12.0715,12.09,12.0517,12.09,12.0517,2026-08-07 20:28:00,17
334.0,12.0518,12.05,12.05,12.05,12.05,2026-08-07 20:29:00,6
478.0,12.0541,12.05,12.05,12.05,12.05,2026-08-07 20:33:00,9
744.0,12.0695,12.09,12.04,12.09,12.04,2026-08-07 20:34:00,13
514.0,11.8656,11.85,11.83,11.85,11.83,2026-08-07 20:35:00,5
219.0,12.01,11.99,11.99,11.99,11.99,2026-08-07 20:37:00,9
947.0,11.976,11.9401,11.96,11.98,11.9401,2026-08-07 20:38:00,21
652.0,11.9615,11.98,11.98,11.98,11.98,2026-08-07 20:39:00,13
2228.0,11.9579,11.97,11.97,11.98,11.94,2026-08-07 20:40:00,21
896.0,11.97,12.01,11.95,12.01,11.95,2026-08-07 20:41:00,17
811.0,11.9233,11.91,11.9899,11.9899,11.91,2026-08-07 20:42:00,17
1280.0,11.9504,11.8818,11.91,12.0,11.8818,2026-08-07 20:43:00,16
206.0,11.9547,11.91,11.91,11.91,11.91,2026-08-07 20:45:00,7
233.0,11.9334,11.91,11.91,11.91,11.91,2026-08-07 20:47:00,5
790.0,11.9261,11.89,11.89,11.89,11.89,2026-08-07 20:48:00,22
490.0,12.0012,11.96,11.98,11.98,11.96,2026-08-07 20:52:00,18
450.0,12.0539,12.05,12.05,12.05,12.05,2026-08-07 20:53:00,10
579.0,12.1065,12.11,12.11,12.11,12.11,2026-08-07 20:54:00,8
479.0,12.0643,12.08,12.08,12.08,12.08,2026-08-07 20:56:00,12
542.0,12.0476,12.04,12.04,12.04,12.04,2026-08-07 20:58:00,6
1201.0,12.1082,12.11,12.11,12.11,12.105,2026-08-07 20:59:00,20
304.0,12.1099,12.11,12.11,12.11,12.11,2026-08-07 21:00:00,9
888.0,12.1087,12.11,12.11,12.11,12.11,2026-08-07 21:01:00,10
426.0,12.1257,12.11,12.11,12.11,12.11,2026-08-07 21:04:00,24
567.0,12.0657,12.0614,12.0614,12.0614,12.0614,2026-08-07 21:08:00,6
1608.0,12.0518,12.05,12.05,12.05,12.05,2026-08-07 21:10:00,22
2346.0,11.9493,11.99,11.91,11.99,11.91,2026-08-07 21:11:00,35
543.0,12.0134,11.97,12.03,12.03,11.97,2026-08-07 21:12:00,9
410.0,11.9938,12.01,12.01,12.01,12.01,2026-08-07 21:14:00,12
465.0,11.9926,12.01,11.97,12.01,11.97,2026-08-07 21:15:00,17
423.0,12.0136,12.01,12.01,12.01,12.01,2026-08-07 21:17:00,6
512.0,12.0098,12.01,12.01,12.01,12.01,2026-08-07 21:18:00,8
1416.0,12.0125,12.0,12.0249,12.0249,12.0,2026-08-07 21:21:00,8
7772.0,12.1365,12.0,12.15,12.15,12.0,2026-08-07 21:23:00,13
228.0,12.0862,12.06,12.06,12.06,12.06,2026-08-07 21:24:00,6
181.0,12.0821,12.1,12.1,12.1,12.1,2026-08-07 21:25:00,8
644.0,12.0452,12.0,12.1,12.1,12.0,2026-08-07 21:27:00,14
301.0,12.0862,12.09,12.09,12.09,12.09,2026-08-07 21:29:00,10
305.0,12.0019,12.0,12.0,12.0,12.0,2026-08-07 21:31:00,11
267.0,12.0073,12.0012,12.0012,12.0012,12.0012,2026-08-07 21:32:00,9
1293.0,12.0,12.0,12.0,12.0,12.0,2026-08-07 21:33:00,2
351.0,11.9907,11.99,11.99,11.99,11.99,2026-08-07 21:36:00,3
258.170141,11.9971,11.99,11.99,11.99,11.99,2026-08-07 21:37:00,15
560.0,11.9648,11.97,11.95,11.97,11.95,2026-08-07 21:39:00,20
114.0,11.977,11.98,11.98,11.98,11.98,2026-08-07 21:44:00,3
202.0,11.9797,11.98,11.98,11.98,11.98,2026-08-07 21:46:00,4
279.0,11.9707,11.97,11.97,11.97,11.97,2026-08-07 21:47:00,12
339.0,11.9941,11.99,11.99,11.99,11.99,2026-08-07 21:59:00,7
663.0,12.0178,12.02,12.02,12.02,12.02,2026-08-07 22:01:00,8
421.0,12.0131,12.02,12.0199,12.02,12.0199,2026-08-07 22:02:00,16
1406.0,12.0204,12.02,12.02,12.02,12.02,2026-08-07 22:04:00,10
686.0,12.0649,12.06,12.09,12.09,12.06,2026-08-07 22:16:00,6
557.0,12.083,12.08,12.08,12.08,12.08,2026-08-07 22:23:00,6
8803.0,12.1683,12.15,12.18,12.18,12.15,2026-08-07 22:27:00,16
1192.0,12.2327,12.2,12.3,12.3,12.196,2026-08-07 22:28:00,13
757.0,12.3481,12.29,12.43,12.43,12.29,2026-08-07 22:30:00,18
1015.0,12.3629,12.36,12.35,12.36,12.35,2026-08-07 22:31:00,16
464.0,12.0702,12.07,12.07,12.07,12.07,2026-08-07 22:51:00,4
223.0,12.07,12.07,12.07,12.07,12.07,2026-08-07 22:52:00,2
711.0,12.0701,12.07,12.07,12.07,12.07,2026-08-07 22:53:00,3
211.0,12.0725,12.07,12.073,12.073,12.07,2026-08-07 22:55:00,5
769.0,12.0921,12.1025,12.0934,12.1025,12.07,2026-08-07 22:56:00,14
291.0,12.07,12.07,12.07,12.07,12.07,2026-08-07 22:57:00,3
1432.0,12.0015,12.0,12.0,12.0,12.0,2026-08-07 23:00:00,5
311.0,11.9716,11.97,11.97,11.97,11.97,2026-08-07 23:01:00,7
111.0,12.0601,12.06,12.06,12.06,12.06,2026-08-07 23:03:00,3
100.0,12.0604,12.0604,12.0604,12.0604,12.0604,2026-08-07 23:04:00,1
751.0,12.08,12.08,12.08,12.08,12.08,2026-08-07 23:11:00,2
467.0,12.0867,12.08,12.1,12.1,12.08,2026-08-07 23:13:00,4
267.0,11.9743,11.97,11.97,11.97,11.97,2026-08-07 23:15:00,4
306.0,11.9733,11.97,11.97,11.97,11.97,2026-08-07 23:16:00,8
1537.0,11.9699,11.97,11.97,11.97,11.97,2026-08-07 23:17:00,7
263.0,11.9137,11.9019,11.9019,11.9019,11.9019,2026-08-07 23:20:00,10
3473.0,11.8547,11.9,11.85,11.9,11.85,2026-08-07 23:21:00,13
436.0,11.851,11.85,11.85,11.85,11.85,2026-08-07 23:26:00,5
2817.0,12.1,12.1,12.1,12.1,12.1,2026-08-07 23:27:00,10
1569.0,11.8949,11.8887,11.8887,11.8887,11.8887,2026-08-07 23:29:00,2
2000.0,11.9,11.9,11.9,11.9,11.9,2026-08-07 23:30:00,1
303.0,11.8504,11.85,11.85,11.85,11.85,2026-08-07 23:31:00,3
1010.0,11.8525,11.87,11.85,11.87,11.85,2026-08-07 23:32:00,8
1004.0,11.8501,11.85,11.85,11.85,11.85,2026-08-07 23:33:00,3
177.862355,11.9219,11.8613,11.8613,11.8613,11.8613,2026-08-07 23:34:00,9
101.0,11.9492,11.95,11.95,11.95,11.95,2026-08-07 23:41:00,2
130.0,11.8616,11.85,11.85,11.85,11.85,2026-08-07 23:43:00,6
425.0,11.9263,11.95,11.95,11.95,11.95,2026-08-07 23:44:00,8
101.0,11.8005,11.8,11.8,11.8,11.8,2026-08-07 23:46:00,2
245.0,11.8514,11.85,11.85,11.85,11.85,2026-08-07 23:47:00,5
149.0,11.9463,11.95,11.95,11.95,11.95,2026-08-07 23:48:00,3
300.0,12.0354,11.94,12.11,12.11,11.94,2026-08-07 23:50:00,4
2662.0,12.0848,12.11,12.06,12.11,12.06,2026-08-07 23:57:00,23
137.0,12.11,12.11,12.11,12.11,12.11,2026-08-07 23:59:00,1
1648.9,11.7432,11.32,11.96,11.96,11.32,2026-08-10 08:00:00,56
1479.0,11.5616,11.66,11.66,11.66,11.66,2026-08-10 08:01:00,73
1453.0,11.8201,12.0,11.85,12.0,11.79,2026-08-10 08:02:00,57
184.0,11.6503,11.62,11.62,11.62,11.62,2026-08-10 08:06:00,3
117.0,11.9778,11.98,11.98,11.98,11.98,2026-08-10 08:07:00,4
297.0,11.6527,11.6583,11.6583,11.6583,11.6583,2026-08-10 08:08:00,2
349.0,11.8146,11.82,11.8,11.82,11.8,2026-08-10 08:17:00,4
1978.0,11.85,11.85,11.85,11.85,11.85,2026-08-10 08:21:00,2
238.0,11.851,11.85,11.85,11.85,11.85,2026-08-10 08:32:00,5
145.0,12.0483,12.09,12.09,12.09,12.09,2026-08-10 08:38:00,7
438.0,11.8706,11.86,11.86,11.86,11.86,2026-08-10 08:51:00,6
279.0,11.684,11.68,11.68,11.68,11.68,2026-08-10 08:59:00,4
100.0,11.73,11.73,11.73,11.73,11.73,2026-08-10 09:02:00,1
128.0,11.7628,11.7628,11.7628,11.7628,11.7628,2026-08-10 09:07:00,1
542.0,11.7449,11.7449,11.7449,11.7449,11.7449,2026-08-10 09:08:00,2
292.0,11.7275,11.731,11.73,11.731,11.73,2026-08-10 09:14:00,6
236.0,11.4993,11.4669,11.4669,11.4669,11.4669,2026-08-10 09:27:00,8
189.0,11.4601,11.46,11.46,11.46,11.46,2026-08-10 09:44:00,2
111.0,11.54,11.54,11.54,11.54,11.54,2026-08-10 10:32:00,3
100.0,11.5783,11.5783,11.5783,11.5783,11.5783,2026-08-10 10:33:00,1
473.0,11.7522,11.73,11.82,11.82,11.73,2026-08-10 11:00:00,14
823.0,12.0349,11.99,12.074,12.074,11.99,2026-08-10 11:06:00,30
307.0,12.0273,12.11,11.86,12.11,11.86,2026-08-10 11:07:00,6
645.0,12.1029,12.11,12.11,12.11,12.11,2026-08-10 11:09:00,6
473.0,12.0036,12.02,11.97,12.02,11.97,2026-08-10 11:10:00,11
231.0,12.2569,12.26,12.26,12.26,12.26,2026-08-10 11:15:00,7
147.0,12.3217,12.25,12.25,12.25,12.25,2026-08-10 11:17:00,3
841.0,12.4803,12.45,12.51,12.51,12.45,2026-08-10 11:21:00,16
235.0,12.43,12.43,12.43,12.43,12.43,2026-08-10 11:24:00,1
244.0,12.4407,12.6,12.6,12.6,12.6,2026-08-10 11:29:00,5
1027.0,12.2647,12.38,12.15,12.45,12.15,2026-08-10 11:32:00,19
420.0,12.1354,12.1167,12.1476,12.1476,12.1167,2026-08-10 11:33:00,3
327.0,12.1431,12.15,12.15,12.15,12.15,2026-08-10 11:34:00,7
804.0,12.3631,12.15,12.51,12.51,12.15,2026-08-10 11:35:00,26
515.0,12.4857,12.4869,12.4869,12.4869,12.4869,2026-08-10 11:37:00,4
1000.0,12.4,12.4,12.4,12.4,12.4,2026-08-10 11:41:00,1
615.0,12.1898,12.16,12.16,12.16,12.16,2026-08-10 11:44:00,9
156.0,12.02,12.02,12.02,12.02,12.02,2026-08-10 11:52:00,2
1214.0,11.8,11.8,11.8,11.8,11.8,2026-08-10 11:54:00,13
500.0,11.8816,11.8816,11.8816,11.8816,11.8816,2026-08-10 11:57:00,1
2963.0,12.7485,12.55,12.8522,12.8634,12.55,2026-08-10 12:00:00,60
4567.0,12.6371,12.7,11.8851,12.7,11.8851,2026-08-10 12:01:00,22
584.0,12.4993,12.56,12.53,12.56,12.53,2026-08-10 12:03:00,12
481.0,12.6451,12.56,12.6553,12.6553,12.56,2026-08-10 12:04:00,24
352.0,12.7133,12.7,12.74,12.74,12.7,2026-08-10 12:05:00,10
3023.0,12.8641,12.7,12.9,12.959,12.7,2026-08-10 12:06:00,35
1351.062883,12.9965,13.0,13.0,13.0435,13.0,2026-08-10 12:07:00,39
3524.0,13.1422,13.0,13.16,13.3,13.0,2026-08-10 12:08:00,73
5282.0,12.9779,13.0718,12.97,13.16,12.8,2026-08-10 12:09:00,58
1352.0,12.7803,12.97,12.97,12.97,12.6,2026-08-10 12:10:00,25
1096.0,12.8881,12.97,12.8,12.97,12.8,2026-08-10 12:11:00,8
1012.0,12.7923,12.8,12.8,12.8,12.8,2026-08-10 12:13:00,21
1614.0,12.9016,12.8913,12.79,12.97,12.79,2026-08-10 12:14:00,9
274.0,12.8998,12.95,12.95,12.95,12.95,2026-08-10 12:15:00,4
192.0,12.8726,12.8875,12.8875,12.8875,12.8875,2026-08-10 12:16:00,5
117.0,12.7258,12.75,12.75,12.75,12.75,2026-08-10 12:20:00,4
395.0,12.5025,12.41,12.41,12.41,12.41,2026-08-10 12:23:00,8
4691.0,12.3739,12.42,12.3,12.43,12.3,2026-08-10 12:26:00,27
2348.0,12.1232,12.3,12.51,12.51,12.0,2026-08-10 12:28:00,32
111.0,12.1113,12.11,12.11,12.11,12.11,2026-08-10 12:31:00,2
17141.0,11.6532,12.01,11.27,12.05,11.27,2026-08-10 12:32:00,92
2290.0,11.3402,11.298,11.38,11.38,11.298,2026-08-10 12:33:00,19
5568.0,11.3978,11.41,11.3,11.41,11.3,2026-08-10 12:34:00,26
999.0,11.365,11.3966,11.3237,11.3966,11.3237,2026-08-10 12:35:00,11
1193.0,11.4015,11.41,11.3296,11.41,11.3296,2026-08-10 12:36:00,7
466.0,11.441,11.41,11.41,11.41,11.41,2026-08-10 12:40:00,8
15192.0,11.1192,11.3,11.07,11.35,11.0,2026-08-10 12:41:00,59
1102.0,11.0516,11.01,11.01,11.01,11.01,2026-08-10 12:42:00,23
13337.431122,11.0228,11.09,11.0,11.09,11.0,2026-08-10 12:43:00,17
5702.0,10.7862,11.0,10.75,11.0,10.5,2026-08-10 12:44:00,40
1798.0,10.731,10.715,10.7206,10.76,10.715,2026-08-10 12:45:00,18
4371.0,10.8375,10.7,10.81,10.84,10.7,2026-08-10 12:46:00,24
1259.0,10.974,10.98,11.0,11.0,10.98,2026-08-10 12:47:00,64
1660.0,10.8046,10.82,10.8,10.82,10.8,2026-08-10 12:49:00,11
259.0,10.7043,10.7,10.7,10.7,10.7,2026-08-10 12:50:00,5
3549.0,10.6789,10.7,10.65,10.7,10.65,2026-08-10 12:51:00,32
4271.0,10.4423,10.5,10.4,10.5,10.4,2026-08-10 12:52:00,25
4355.0,10.4318,10.4,10.1666,10.48,10.15,2026-08-10 12:53:00,17
1495.0,10.4143,10.47,10.4113,10.47,10.41,2026-08-10 12:54:00,14
5552.0,10.4795,10.48,10.5,10.5,10.48,2026-08-10 12:55:00,9
349.0,10.5416,10.53,10.55,10.55,10.53,2026-08-10 12:56:00,5
1716.0,10.6341,10.68,10.56,10.68,10.56,2026-08-10 12:57:00,16
2153.0,10.5307,10.56,10.5,10.56,10.5,2026-08-10 12:59:00,12
3285.0,10.5,10.5,10.5,10.5,10.5,2026-08-10 13:02:00,4
206.0,10.6916,10.7,10.7,10.7,10.7,2026-08-10 13:04:00,8
1272.0,10.8085,10.5349,10.91,10.91,10.5349,2026-08-10 13:05:00,8
1935.0,10.89,10.93,10.91,10.93,10.85,2026-08-10 13:06:00,15
219.0,10.7022,10.81,10.81,10.81,10.81,2026-08-10 13:07:00,7
150.0,10.7326,10.7375,10.7375,10.7375,10.7375,2026-08-10 13:09:00,5
301.0,10.7533,10.8,10.73,10.8,10.73,2026-08-10 13:10:00,3
335.0,10.5392,10.51,10.51,10.51,10.51,2026-08-10 13:12:00,12
3069.0,10.3719,10.35,10.41,10.41,10.35,2026-08-10 13:13:00,12
243.0,10.4149,10.4,10.4,10.4,10.4,2026-08-10 13:14:00,9
5574.0,10.242,10.37,10.2,10.37,10.2,2026-08-10 13:15:00,33
1580.0,10.32,10.32,10.3,10.3301,10.3,2026-08-10 13:17:00,21
1633.0,10.2087,10.26,10.1964,10.26,10.1964,2026-08-10 13:18:00,15
1993.062883,10.148,10.15,10.1478,10.15,10.1478,2026-08-10 13:19:00,25
8454.0,9.9669,10.1438,9.83,10.1438,9.83,2026-08-10 13:21:00,64
13242.0,9.4883,9.61,9.2,9.6983,9.18,2026-08-10 13:22:00,53
644.0,9.3611,9.4,9.4,9.4,9.4,2026-08-10 13:23:00,14
320.0,9.6518,9.65,9.65,9.65,9.65,2026-08-10 13:25:00,3
3721.0,9.6613,9.7,9.65,9.7,9.65,2026-08-10 13:26:00,46
18039.0,9.2988,9.26,9.45,9.65,9.2,2026-08-10 13:27:00,32
807.0,9.3724,9.38,9.38,9.38,9.38,2026-08-10 13:28:00,4
2430.569901,9.4245,9.16,9.67,9.81,9.12,2026-08-10 13:30:00,35
1420.0,9.4576,9.85,9.41,9.85,9.19,2026-08-10 13:31:00,12
8752.0,9.0828,9.12,8.995,9.23,8.995,2026-08-10 13:32:00,93
1271.0,8.9396,8.7,9.05,9.05,8.7,2026-08-10 13:33:00,28
81182.355112,8.8454,9.0,8.56,9.08,8.4272,2026-08-10 13:34:00,334
21848.989865,8.6089,8.62,8.69,8.87,8.4601,2026-08-10 13:35:00,118
18020.477801,8.6339,8.8272,8.645,8.94,8.54,2026-08-10 13:36:00,131
18224.484812,8.5094,8.645,8.26,8.785,8.26,2026-08-10 13:37:00,122
36662.9487,8.3079,8.42,8.35,8.47,8.2,2026-08-10 13:38:00,139
37442.1141,8.0743,8.21,7.69,8.3,7.69,2026-08-10 13:39:00,263
32387.108799,7.6092,7.8288,7.58,7.85,7.48,2026-08-10 13:40:00,189
20821.342521,7.5602,7.74,7.5,7.74,7.42,2026-08-10 13:41:00,112
27470.92789,7.3681,7.59,7.2,7.59,7.12,2026-08-10 13:42:00,228
25268.026938,7.171,7.17,7.1,7.499,6.99,2026-08-10 13:43:00,198
10194.904551,7.1788,7.12,7.165,7.24,7.1,2026-08-10 13:44:00,76
18367.0,7.1,7.02,7.085,7.33,7.02,2026-08-10 13:45:00,105
19657.944799,6.9856,7.13,6.97,7.14,6.86,2026-08-10 13:46:00,146
32313.0,7.2174,7.1202,7.18,7.43,7.1202,2026-08-10 13:47:00,240
3604.27,7.1623,7.18,7.1804,7.2,7.06,2026-08-10 13:48:00,81
16776.0811,7.0595,7.14,6.95,7.2896,6.94,2026-08-10 13:49:00,104
10699.221612,6.8391,6.93,6.92,6.93,6.6101,2026-08-10 13:50:00,98
26665.0,7.0249,6.6846,7.04,7.17,6.6846,2026-08-10 13:51:00,198
2802.205461,7.1438,7.1677,7.09,7.1899,7.09,2026-08-10 13:52:00,31
2156.706214,7.066,7.09,7.05,7.09,7.0,2026-08-10 13:53:00,38
9086.0,6.9047,6.96,6.85,7.03,6.82,2026-08-10 13:54:00,65
4536.492628,6.8838,6.87,6.8176,6.95,6.8,2026-08-10 13:55:00,54
3168.0,6.8904,6.8963,6.93,6.9303,6.86,2026-08-10 13:56:00,55
12046.654906,6.8505,6.96,6.795,6.96,6.75,2026-08-10 13:57:00,52
13010.0,6.7087,6.795,6.6768,6.8599,6.61,2026-08-10 13:58:00,106
13143.257721,6.608,6.645,6.6,6.7449,6.47,2026-08-10 13:59:00,206
14980.0,6.6603,6.6,6.7001,6.7625,6.6,2026-08-10 14:00:00,86
8632.033803,6.6324,6.704,6.64,6.7199,6.59,2026-08-10 14:01:00,97
11992.462864,6.5123,6.6257,6.5,6.6257,6.4375,2026-08-10 14:02:00,168
5241.364777,6.5179,6.525,6.6385,6.6385,6.455,2026-08-10 14:03:00,88
5795.0,6.5749,6.575,6.52,6.62,6.52,2026-08-10 14:04:00,51
5451.788528,6.5699,6.606464,6.58,6.606464,6.52,2026-08-10 14:05:00,105
6248.575765,6.5608,6.55,6.555,6.615,6.51,2026-08-10 14:06:00,112
1547.5,6.4927,6.55,6.5227,6.55,6.4415,2026-08-10 14:07:00,67
4220.0,6.5632,6.6,6.56,6.6,6.52,2026-08-10 14:08:00,127
5298.878,6.5361,6.52,6.565,6.565,6.48,2026-08-10 14:09:00,98
3313.0,6.5642,6.54,6.575,6.63,6.5201,2026-08-10 14:10:00,82
13522.430368,6.5398,6.575,6.56,6.63,6.47,2026-08-10 14:11:00,147
10310.259,6.5471,6.5525,6.5,6.575,6.49,2026-08-10 14:12:00,138
10454.395372,6.4544,6.45,6.475,6.48,6.44,2026-08-10 14:13:00,170
6195.0,6.4797,6.4799,6.495,6.495,6.47,2026-08-10 14:14:00,107
42713.0,6.4939,6.495,6.51,6.56,6.41,2026-08-10 14:15:00,194
52490.712728,6.5935,6.535,6.76,6.76,6.486,2026-08-10 14:16:00,180
38278.313139,6.8145,6.7579,6.9411,6.97,6.6001,2026-08-10 14:17:00,93
16543.677664,6.8453,6.85,6.77,6.9699,6.7,2026-08-10 14:18:00,95
3476.063675,6.7934,6.83,6.785,6.83,6.75,2026-08-10 14:19:00,43
3753.108651,6.7869,6.8505,6.8319,6.8505,6.7587,2026-08-10 14:20:00,57
674.290372,6.7782,6.79,6.74,6.79,6.74,2026-08-10 14:21:00,46
7086.7035,6.6764,6.74,6.58,6.76,6.58,2026-08-10 14:22:00,70
4922.3639,6.5727,6.55,6.585,6.65,6.51,2026-08-10 14:23:00,76
23370.0,6.5386,6.6,6.6,6.6,6.45,2026-08-10 14:24:00,149
1962.150285,6.5747,6.6,6.650692,6.650692,6.5208,2026-08-10 14:25:00,47
2186.239349,6.5938,6.57,6.61,6.61,6.57,2026-08-10 14:26:00,53
1398.0,6.6568,6.6,6.61,6.7,6.6,2026-08-10 14:27:00,42
13312.0,6.7037,6.62,6.89,6.9,6.62,2026-08-10 14:28:00,171
2549.0,6.8535,6.7,6.875,6.9,6.7,2026-08-10 14:29:00,98
26395.67,6.6738,6.82,6.83,6.93,6.6,2026-08-10 14:30:00,274
29070.712,6.9044,6.93,6.81,7.05,6.7,2026-08-10 14:31:00,152
12179.4,6.721,6.875,6.9399,6.9399,6.68,2026-08-10 14:32:00,164
22102.0,7.0047,6.95,7.09,7.2,6.7901,2026-08-10 14:33:00,114
38590.586675,7.4198,7.14,7.525,7.55,7.14,2026-08-10 14:34:00,188
13097.0,7.5185,7.5,7.55,7.55,7.495,2026-08-10 14:35:00,93
38786.6003,7.5785,7.5,7.805,7.9712,7.48,2026-08-10 14:40:00,189
46114.640141,7.9608,7.8,7.8,8.265,7.8,2026-08-10 14:41:00,563
20742.99,7.7512,7.8,7.6834,7.97,7.6,2026-08-10 14:42:00,503
20040.751138,7.6803,7.645,7.85,7.85,7.5,2026-08-10 14:43:00,284
11814.863,7.8156,7.86,7.75,7.975,7.75,2026-08-10 14:44:00,85
5294.07,7.6257,7.665,7.625,7.72,7.56,2026-08-10 14:45:00,80
12438.0,7.5812,7.625,7.7679,7.7679,7.5014,2026-08-10 14:46:00,116
3460.794516,7.7044,7.665,7.74,7.74,7.63,2026-08-10 14:47:00,55
814.0,7.6347,7.64,7.72,7.72,7.64,2026-08-10 14:48:00,18
6305.09,7.7383,7.74,7.74,7.78,7.62,2026-08-10 14:49:00,94
9944.84,7.6776,7.75,7.74,7.77,7.5701,2026-08-10 14:50:00,119
4317.109816,7.6805,7.68,7.6401,7.71,7.6401,2026-08-10 14:51:00,54
2741.305943,7.6316,7.68,7.62,7.68,7.57,2026-08-10 14:52:00,94
1187.0,7.646,7.64,7.615,7.675,7.615,2026-08-10 14:53:00,60
14217.99,7.52,7.62,7.5497,7.66,7.5,2026-08-10 14:54:00,217
1754.29,7.6331,7.68,7.6732,7.68,7.5705,2026-08-10 14:55:00,57
2016.0,7.5732,7.6155,7.5104,7.6155,7.5,2026-08-10 14:56:00,69
7251.4,7.5832,7.545,7.595,7.595,7.545,2026-08-10 14:57:00,118
407.0,7.5209,7.51,7.51,7.51,7.51,2026-08-10 14:58:00,39
4004.0,7.5053,7.5,7.51,7.51,7.5,2026-08-10 14:59:00,74
2305.405208,7.5541,7.55,7.58,7.58,7.52,2026-08-10 15:00:00,62
4030.195332,7.5521,7.55,7.545,7.59,7.535,2026-08-10 15:01:00,84
13613.652519,7.525,7.545,7.5375,7.55,7.48,2026-08-10 15:02:00,108
13700.7,7.6345,7.57,7.65,7.72,7.57,2026-08-10 15:03:00,80
2319.0,7.6597,7.65,7.67,7.67,7.64,2026-08-10 15:04:00,63
404.0,7.6359,7.6101,7.65,7.65,7.6101,2026-08-10 15:05:00,24
7217.845535,7.6935,7.69,7.685,7.7412,7.685,2026-08-10 15:06:00,43
5310.0,7.6407,7.7403,7.605,7.7403,7.565,2026-08-10 15:07:00,61
2168.7331,7.5791,7.61,7.56,7.62,7.55,2026-08-10 15:08:00,52
648.25,7.5826,7.58,7.58,7.58,7.58,2026-08-10 15:09:00,25
963.0,7.5901,7.63,7.58,7.63,7.58,2026-08-10 15:10:00,35
1945.641463,7.5612,7.57,7.55,7.57,7.53,2026-08-10 15:11:00,62
3623.254796,7.6084,7.59,7.6999,7.6999,7.55,2026-08-10 15:12:00,72
2729.380846,7.6442,7.6852,7.585,7.7,7.585,2026-08-10 15:13:00,54
1713.0,7.5405,7.55,7.55,7.555,7.51,2026-08-10 15:14:00,48
4098.0,7.6379,7.565,7.69,7.69,7.565,2026-08-10 15:15:00,47
1830.0,7.6902,7.7,7.7,7.7,7.7,2026-08-10 15:16:00,34
446.0,7.5784,7.595,7.54,7.595,7.54,2026-08-10 15:17:00,37
11893.0,7.5293,7.565,7.53,7.565,7.5013,2026-08-10 15:18:00,44
22134.123919,7.5211,7.5,7.53,7.6,7.5,2026-08-10 15:19:00,183
959.0,7.5127,7.5066,7.5066,7.5066,7.5066,2026-08-10 15:20:00,42
2220.0,7.5018,7.5,7.5011,7.5011,7.5,2026-08-10 15:21:00,44
1525.0,7.5186,7.52,7.52,7.52,7.52,2026-08-10 15:22:00,44
3701.730286,7.508,7.505,7.51,7.51,7.5,2026-08-10 15:23:00,53
4163.0,7.5049,7.5,7.51,7.52,7.5,2026-08-10 15:24:00,75
2097.0,7.5192,7.55,7.505,7.55,7.5,2026-08-10 15:25:00,58
3606.0,7.5349,7.535,7.535,7.535,7.535,2026-08-10 15:26:00,52
244.26469,7.54,7.55,7.55,7.55,7.55,2026-08-10 15:27:00,51
496.0,7.5258,7.535,7.5086,7.535,7.5086,2026-08-10 15:28:00,43
491.0,7.507,7.5,7.5,7.5,7.5,2026-08-10 15:29:00,71
1740.0,7.5209,7.5,7.5,7.54,7.5,2026-08-10 15:30:00,91
2778.0,7.5056,7.5,7.5,7.525,7.5,2026-08-10 15:31:00,70
1225.039272,7.5044,7.5,7.5,7.525,7.5,2026-08-10 15:32:00,57
2222.0,7.5312,7.52,7.53,7.54,7.52,2026-08-10 15:33:00,68
1274.0,7.5272,7.53,7.53,7.53,7.5,2026-08-10 15:34:00,11
8986.0,7.5119,7.55,7.5,7.55,7.5,2026-08-10 15:35:00,98
1227.1993,7.5159,7.5159,7.52,7.52,7.5159,2026-08-10 15:36:00,67
4009.0,7.5151,7.52,7.52,7.52,7.5,2026-08-10 15:37:00,77
7277.789037,7.5092,7.52,7.5144,7.5201,7.5,2026-08-10 15:38:00,76
1557.1206,7.519,7.515,7.530517,7.530517,7.515,2026-08-10 15:39:00,80
1364.0,7.5345,7.52,7.53,7.56,7.52,2026-08-10 15:40:00,86
856.0,7.5329,7.512,7.545,7.545,7.51,2026-08-10 15:41:00,61
592.59,7.5245,7.525,7.525,7.525,7.525,2026-08-10 15:43:00,54
1431.06,7.538,7.525,7.525,7.5456,7.525,2026-08-10 15:44:00,52
2001.643651,7.5032,7.5,7.509,7.52,7.5,2026-08-10 15:45:00,67
2196.24,7.5065,7.505,7.5091,7.5091,7.5,2026-08-10 15:46:00,66
2259.0,7.5012,7.5,7.5,7.505,7.5,2026-08-10 15:47:00,65
8798.878,7.5,7.5,7.5,7.505,7.495,2026-08-10 15:48:00,133
16146.2503,7.4895,7.5,7.44,7.5,7.44,2026-08-10 15:49:00,340
3342.348199,7.2585,7.402,7.26,7.402,7.26,2026-08-10 15:50:00,110
3453.32,7.0954,7.0876,7.13,7.13,7.07,2026-08-10 15:52:00,70
5690.689202,7.0375,7.08,7.04,7.08,7.0,2026-08-10 15:53:00,114
9044.0,6.9564,7.06,6.97,7.06,6.82,2026-08-10 15:54:00,119
7017.491,6.9033,6.86,6.8501,6.97,6.8501,2026-08-10 15:55:00,65
4911.0,6.8739,6.9,6.89,6.95,6.86,2026-08-10 15:56:00,49
2158.5535,6.9329,6.93,6.94,6.955,6.915,2026-08-10 15:57:00,62
6872.045203,6.9536,6.93,7.04,7.05,6.9,2026-08-10 15:58:00,94
1544.258954,6.9927,7.04,7.04,7.04,6.945,2026-08-10 15:59:00,35
418.0,7.0058,6.96,6.96,6.96,6.96,2026-08-10 16:00:00,25
2465.0,7.0018,7.0,7.0263,7.03,6.96,2026-08-10 16:01:00,49
581.93,7.0059,7.04,6.98,7.04,6.98,2026-08-10 16:02:00,28
3389.38,6.9448,7.04,6.93,7.04,6.92,2026-08-10 16:03:00,77
5850.0,6.9949,6.86,7.09,7.09,6.86,2026-08-10 16:04:00,69
5891.0,7.0323,7.14,7.08,7.14,7.02,2026-08-10 16:05:00,59
5118.0,7.0604,7.06,7.06,7.06,7.06,2026-08-10 16:06:00,54
1290.0,7.0462,7.065,7.04,7.07,7.04,2026-08-10 16:07:00,84
6404.0,6.9873,7.0,7.0,7.04,6.95,2026-08-10 16:08:00,86
1866.0,6.9361,6.91,6.97,6.9803,6.91,2026-08-10 16:09:00,60
6171.0,6.9961,6.92,7.0,7.0,6.92,2026-08-10 16:10:00,77
12235.774605,7.1548,7.04,7.21,7.25,7.0399,2026-08-10 16:12:00,91
5196.0,7.1026,7.2,7.1,7.2,7.1,2026-08-10 16:13:00,51
926.4178,7.1208,7.18,7.13,7.18,7.06,2026-08-10 16:14:00,51
3143.207926,7.1345,7.125,7.18,7.19,7.07,2026-08-10 16:15:00,50
691.0,7.16,7.12,7.19,7.19,7.11,2026-08-10 16:16:00,61
2654.0,7.166,7.1781,7.19,7.19,7.11,2026-08-10 16:17:00,90
967.0,7.1531,7.1781,7.17,7.19,7.11,2026-08-10 16:18:00,79
1484.5,7.149,7.19,7.18,7.19,7.145,2026-08-10 16:19:00,79
446.72,7.1759,7.18,7.18,7.18,7.18,2026-08-10 16:20:00,62
2226.993026,7.1385,7.19,7.17,7.19,7.1,2026-08-10 16:21:00,137
515.0,7.1376,7.16,7.16,7.17,7.16,2026-08-10 16:22:00,69
4625.31,7.0673,7.11,7.09,7.11,7.05,2026-08-10 16:23:00,98
2156.0,7.1634,7.14,7.19,7.19,7.14,2026-08-10 16:24:00,78
821.064516,7.1711,7.19,7.19,7.19,7.19,2026-08-10 16:25:00,57
457.0,7.2149,7.22,7.23,7.23,7.22,2026-08-10 16:26:00,53
8195.62,7.1876,7.165,7.25,7.25,7.165,2026-08-10 16:27:00,57
2446.0,7.1847,7.25,7.24,7.25,7.16,2026-08-10 16:28:00,59
855.0,7.1433,7.11,7.19,7.19,7.11,2026-08-10 16:29:00,54
1509.0,7.1405,7.18,7.1,7.19,7.1,2026-08-10 16:30:00,81
751.0,7.089,7.1338,7.11,7.1338,7.09,2026-08-10 16:31:00,58
390.7707,7.0787,7.08,7.08,7.08,7.08,2026-08-10 16:32:00,57
793.0,7.0533,7.03,7.02,7.03,7.02,2026-08-10 16:33:00,47
2958.294762,7.0956,7.02,7.18,7.18,7.02,2026-08-10 16:34:00,91
814.71,7.1515,7.115,7.17,7.18,7.115,2026-08-10 16:35:00,24
1703.8,7.1644,7.23,7.23,7.23,7.06,2026-08-10 16:36:00,36
1352.0,7.161,7.14,7.23,7.23,7.14,2026-08-10 16:37:00,10
510.0,7.1829,7.15,7.22,7.22,7.15,2026-08-10 16:38:00,24
806.373803,7.1426,7.0962,7.22,7.22,7.0962,2026-08-10 16:39:00,43
911.0,7.1826,7.17,7.2,7.2,7.17,2026-08-10 16:40:00,74
1710.25,7.1722,7.2,7.2,7.21,7.13,2026-08-10 16:41:00,88
307.0,7.2258,7.24,7.24,7.24,7.24,2026-08-10 16:42:00,43
964.0,7.2195,7.24,7.2264,7.24,7.2264,2026-08-10 16:43:00,53
2591.091074,7.1438,7.23,7.08,7.23,7.08,2026-08-10 16:44:00,86
27555.23,6.9112,7.115,6.96,7.12,6.84,2026-08-10 16:45:00,125
3247.0,6.919,6.91,6.91,6.94,6.91,2026-08-10 16:46:00,55
2765.0,6.8791,6.905,6.925,6.9716,6.86,2026-08-10 16:47:00,34
371.37,6.9035,6.9625,6.9625,6.9625,6.9625,2026-08-10 16:48:00,38
5230.0,6.8425,6.86,6.87,6.87,6.8,2026-08-10 16:49:00,68
1674.0,6.8701,6.9204,6.86,6.9204,6.855,2026-08-10 16:50:00,41
1205.0,6.9201,6.9392,6.855,6.9392,6.855,2026-08-10 16:51:00,4
564.0,6.8507,6.85,6.85,6.85,6.85,2026-08-10 16:52:00,21
555.0,6.8227,6.85,6.78,6.85,6.78,2026-08-10 16:53:00,53
3640.0,6.8971,6.9,6.92,6.94,6.86,2026-08-10 16:54:00,84
2198.0,6.8802,6.96,6.875,6.96,6.85,2026-08-10 16:55:00,33
1003.57,6.8061,6.79,6.79,6.875,6.79,2026-08-10 16:56:00,29
517.0,6.8988,6.9,6.9,6.9,6.9,2026-08-10 16:57:00,15
866.0,6.861,6.9,6.84,6.9,6.84,2026-08-10 16:58:00,15
914.0,6.8939,6.89,6.91,6.91,6.89,2026-08-10 16:59:00,25
713.0,6.9212,6.885,6.97,6.97,6.885,2026-08-10 17:00:00,27
832.35,6.9765,6.97,7.01,7.01,6.97,2026-08-10 17:01:00,23
1719.870436,6.9354,7.0,6.9,7.0,6.9,2026-08-10 17:02:00,41
1170.0,6.9129,6.94,6.83,6.94,6.83,2026-08-10 17:03:00,22
481.144952,6.8988,6.9,6.9,6.9,6.9,2026-08-10 17:05:00,27
1576.0,6.88,6.8999,6.86,6.9,6.83,2026-08-10 17:06:00,25
501.0,6.865,6.83,6.9,6.9,6.83,2026-08-10 17:07:00,14
398.0,6.8941,6.9,6.8892,6.9,6.8892,2026-08-10 17:08:00,13
1289.0,6.9018,6.89,6.96,6.96,6.88,2026-08-10 17:09:00,33
2183.0,6.9369,6.9599,6.96,6.96,6.8701,2026-08-10 17:10:00,32
1132.0,6.9554,6.98,6.98,6.98,6.873,2026-08-10 17:11:00,43
9937.0,7.1141,7.015,7.21,7.23,7.015,2026-08-10 17:12:00,124
3281.06,7.2174,7.22,7.24,7.24,7.2199,2026-08-10 17:13:00,33
979.0,7.2445,7.24,7.25,7.25,7.24,2026-08-10 17:14:00,33
1849.0,7.2639,7.25,7.253,7.33,7.22,2026-08-10 17:15:00,44
1237.0,7.284,7.25,7.31,7.31,7.25,2026-08-10 17:16:00,35
1082.23,7.2643,7.2201,7.28,7.29,7.2201,2026-08-10 17:17:00,22
533.0,7.2348,7.27,7.27,7.27,7.21,2026-08-10 17:19:00,10
316.083272,7.2602,7.27,7.25,7.27,7.25,2026-08-10 17:20:00,16
1204.379881,7.2281,7.25,7.23,7.25,7.21,2026-08-10 17:21:00,26
404.706099,7.2179,7.23,7.23,7.23,7.195,2026-08-10 17:22:00,17
1446.0,7.2082,7.18,7.195,7.22,7.18,2026-08-10 17:23:00,21
1182.0,7.211,7.23,7.23,7.23,7.17,2026-08-10 17:24:00,27
3424.0,7.2103,7.23,7.23,7.23,7.19,2026-08-10 17:25:00,54
627.401106,7.205,7.23,7.23,7.23,7.17,2026-08-10 17:26:00,19
1619.0,7.1897,7.18,7.22,7.23,7.18,2026-08-10 17:27:00,31
1651.0,7.1653,7.18,7.155,7.195,7.14,2026-08-10 17:28:00,240
312.0,7.1878,7.2,7.18,7.2,7.18,2026-08-10 17:29:00,26
493.0,7.1699,7.18,7.18,7.18,7.18,2026-08-10 17:30:00,24
7213.147585,7.0896,7.15,7.03,7.15,7.03,2026-08-10 17:31:00,64
2854.0,7.0079,7.0,7.005,7.01,7.0,2026-08-10 17:32:00,37
1345.0,7.0403,7.04,7.035,7.06,7.035,2026-08-10 17:33:00,21
1978.0,7.0143,7.06,7.012,7.06,7.0065,2026-08-10 17:34:00,21
639.47,7.1069,7.09,7.14,7.14,7.09,2026-08-10 17:35:00,19
324.0,7.1398,7.14,7.14,7.14,7.14,2026-08-10 17:36:00,7
238.0,7.1419,7.15,7.15,7.15,7.15,2026-08-10 17:37:00,4
1679.0,7.0781,7.13,7.0076,7.13,7.0076,2026-08-10 17:38:00,14
2022.71,7.0939,7.1,7.09,7.12,7.04,2026-08-10 17:39:00,26
5819.24,7.1305,7.13,7.13,7.14,7.13,2026-08-10 17:40:00,51
1589.0,7.1722,7.17,7.2,7.2,7.17,2026-08-10 17:41:00,58
575.0,7.2167,7.23,7.22,7.23,7.22,2026-08-10 17:42:00,37
911.0,7.2225,7.1387,7.23,7.26,7.1387,2026-08-10 17:45:00,54
372.0,7.1803,7.18,7.18,7.18,7.18,2026-08-10 17:46:00,47
946.0,7.1838,7.22,7.185,7.23,7.13,2026-08-10 17:47:00,62
646.0,7.1863,7.18,7.18,7.18,7.18,2026-08-10 17:48:00,52
378.0,7.2052,7.22,7.22,7.22,7.22,2026-08-10 17:49:00,41
2194.0,7.1907,7.195,7.2,7.2,7.17,2026-08-10 17:50:00,54
22203.0,7.123,7.2,7.08,7.2,7.06,2026-08-10 17:51:00,108
282.0,7.1395,7.16,7.16,7.16,7.16,2026-08-10 17:52:00,32
489.0,7.1335,7.09,7.16,7.16,7.09,2026-08-10 17:53:00,39
1922.5602,7.1028,7.13,7.08,7.13,7.03,2026-08-10 17:54:00,48
1422.0,7.0786,7.08,7.06,7.09,7.06,2026-08-10 17:55:00,45
1559.3,7.0946,7.12,7.09,7.12,7.09,2026-08-10 17:56:00,54
1267.0,7.0842,7.13,7.06,7.13,7.06,2026-08-10 17:57:00,65
4269.0,7.1236,7.09,7.13,7.13,7.09,2026-08-10 17:58:00,54
2695.0,7.0771,7.07,7.105,7.14,7.07,2026-08-10 17:59:00,43
880.0,7.167,7.16,7.2,7.2,7.16,2026-08-10 18:00:00,51
315.0,7.1786,7.19,7.19,7.19,7.19,2026-08-10 18:01:00,52
2764.0,7.1262,7.19,7.1,7.19,7.1,2026-08-10 18:02:00,81
1304.24,7.0642,7.07,7.09,7.09,7.02,2026-08-10 18:03:00,51
872.1,7.0569,7.1,7.05,7.1,7.03,2026-08-10 18:05:00,37
14446.0,7.0325,7.01,7.13,7.135,6.96,2026-08-10 18:06:00,108
690.39,7.0951,7.13,7.06,7.13,7.06,2026-08-10 18:07:00,32
807.0,7.0476,7.05,7.02,7.05,7.02,2026-08-10 18:08:00,41
1558.840831,7.0465,7.02,7.09,7.09,7.02,2026-08-10 18:09:00,71
382.3,7.0821,7.09,7.09,7.09,7.09,2026-08-10 18:10:00,45
942.2,7.0435,7.09,7.02,7.09,7.02,2026-08-10 18:11:00,71
1710.86,7.0842,7.06,7.09,7.14,7.06,2026-08-10 18:12:00,56
762.0,7.0983,7.09,7.11,7.13,7.04,2026-08-10 18:13:00,28
1916.18,7.1133,7.12,7.12,7.15,7.08,2026-08-10 18:14:00,55
1138.838024,7.0859,7.13,7.07,7.13,7.07,2026-08-10 18:15:00,43
1724.0,7.0755,7.12,7.06,7.12,7.05,2026-08-10 18:16:00,84
2049.0,7.0867,7.09,7.16,7.16,7.03,2026-08-10 18:17:00,54
7909.573914,7.1392,7.115,7.14,7.21,7.06,2026-08-10 18:18:00,68
1064.0,7.1788,7.19,7.19,7.21,7.12,2026-08-10 18:19:00,65
2058.0,7.1639,7.17,7.16,7.205,7.13,2026-08-10 18:20:00,101
1368.0,7.1552,7.18,7.19,7.19,7.12,2026-08-10 18:21:00,70
2112.638,7.1651,7.19,7.17,7.19,7.1301,2026-08-10 18:22:00,84
2435.0,7.1666,7.17,7.16,7.19,7.16,2026-08-10 18:23:00,79
1044.084112,7.1806,7.19,7.2,7.2,7.19,2026-08-10 18:24:00,36
1468.0,7.1353,7.16,7.15,7.18,7.12,2026-08-10 18:25:00,62
590.0,7.1194,7.05,7.13,7.13,7.05,2026-08-10 18:26:00,44
722.0,7.0998,7.09,7.095,7.095,7.05,2026-08-10 18:27:00,43
2528.0,7.0738,7.06,7.08,7.12,7.04,2026-08-10 18:28:00,82
1242.0,7.0859,7.05,7.11,7.11,7.05,2026-08-10 18:29:00,52
343.0,7.1068,7.11,7.11,7.11,7.11,2026-08-10 18:30:00,49
426.0,7.1112,7.11,7.11,7.11,7.11,2026-08-10 18:31:00,28
287.0,7.1169,7.12,7.12,7.12,7.12,2026-08-10 18:32:00,35
506.117,7.1181,7.12,7.12,7.12,7.12,2026-08-10 18:33:00,38
6602.028,7.0818,7.1146,7.08,7.12,7.05,2026-08-10 18:34:00,89
1556.0,7.064,7.08,7.05,7.08,7.05,2026-08-10 18:35:00,43
9834.0,7.0151,7.05,6.98,7.05,6.94,2026-08-10 18:36:00,110
1251.39,6.9694,6.9801,6.9737,6.9801,6.9737,2026-08-10 18:37:00,76
1536.0,6.9852,6.98,7.01,7.01,6.98,2026-08-10 18:38:00,65
5059.0,6.9778,6.97,7.02,7.02,6.95,2026-08-10 18:39:00,152
274.24,7.049,7.05,7.05,7.05,7.05,2026-08-10 18:40:00,49
537.42,7.0448,7.06,7.06,7.06,7.06,2026-08-10 18:41:00,49
709.955532,7.0698,7.08,7.07,7.08,7.07,2026-08-10 18:42:00,44
890.0,7.0667,7.06,7.09,7.09,7.06,2026-08-10 18:43:00,63
2441.0,7.0473,7.09,7.08,7.09,7.04,2026-08-10 18:44:00,92
507.0,7.0515,7.06,7.06,7.06,7.06,2026-08-10 18:45:00,31
2029.0,7.0357,7.04,7.03,7.0462,7.02,2026-08-10 18:46:00,53
697.0,7.0249,7.03,7.03,7.03,7.03,2026-08-10 18:47:00,44
1563.0,7.0081,7.02,6.99,7.02,6.99,2026-08-10 18:48:00,51
747.0,7.0006,6.98,7.02,7.02,6.98,2026-08-10 18:49:00,42
587.76,6.9978,6.97,7.01,7.01,6.97,2026-08-10 18:50:00,44
579.0,7.0005,7.01,7.01,7.01,6.97,2026-08-10 18:51:00,40
2281.122507,7.021,7.01,7.05,7.05,7.01,2026-08-10 18:52:00,43
3229.0,7.0207,7.04,7.04,7.04,7.01,2026-08-10 18:53:00,70
1044.66,7.1142,7.13,7.12,7.13,7.12,2026-08-10 18:54:00,37
338.0,7.1,7.12,7.12,7.12,7.12,2026-08-10 18:55:00,20
569.6,7.1004,7.12,7.11,7.12,7.11,2026-08-10 18:56:00,37
2356.0,7.0471,7.08,7.05,7.08,7.01,2026-08-10 18:57:00,69
1222.0,7.0188,7.01,7.05,7.05,7.01,2026-08-10 18:58:00,44
1094.437188,7.0415,7.01,7.05,7.05,7.01,2026-08-10 18:59:00,50
2347.24,7.0859,7.07,7.1599,7.1599,7.05,2026-08-10 19:00:00,39
5680.977601,7.1017,7.14,7.12,7.1501,7.08,2026-08-10 19:01:00,51
998.0,7.1316,7.12,7.17,7.17,7.12,2026-08-10 19:02:00,29
2722.62,7.1803,7.175,7.175,7.21,7.15,2026-08-10 19:03:00,38
11101.167575,7.1794,7.2,7.1,7.21,7.1,2026-08-10 19:04:00,50
247.2,7.1954,7.2,7.2,7.2,7.2,2026-08-10 19:05:00,13
285.0,7.2104,7.22,7.22,7.22,7.22,2026-08-10 19:06:00,9
2918.0,7.1358,7.19,7.15,7.19,7.1,2026-08-10 19:07:00,41
3385.0,7.1416,7.13,7.16,7.16,7.11,2026-08-10 19:09:00,63
1663.0,7.1342,7.1817,7.06,7.1817,7.06,2026-08-10 19:10:00,34
2069.0,7.1231,7.13,7.145,7.15,7.0901,2026-08-10 19:11:00,45
1001.0,7.1183,7.12,7.1,7.12,7.09,2026-08-10 19:12:00,27
2818.61,7.1003,7.08,7.06,7.125,7.06,2026-08-10 19:13:00,43
1333.0,7.0152,7.02,7.0,7.02,7.0,2026-08-10 19:14:00,55
2392.0,6.9927,7.03,7.0,7.03,6.97,2026-08-10 19:15:00,43
2176.0,7.0038,7.0,7.03,7.04,7.0,2026-08-10 19:16:00,28
434.0,7.075,7.07,7.08,7.08,7.07,2026-08-10 19:17:00,9
4198.07392,7.0059,6.99,7.06,7.06,6.99,2026-08-10 19:18:00,47
905.0,7.0435,7.0526,7.0105,7.06,7.0105,2026-08-10 19:19:00,25
4446.0,7.0277,7.06,6.98,7.06,6.98,2026-08-10 19:20:00,51
4564.0,6.9331,6.96,6.96,6.99,6.895,2026-08-10 19:21:00,57
864.1,6.9215,6.915,6.925,6.925,6.915,2026-08-10 19:22:00,13
1062.0,6.929,6.96,6.9,6.96,6.9,2026-08-10 19:23:00,23
757.0,6.9588,6.96,6.96,6.96,6.96,2026-08-10 19:24:00,34
1774.0,6.96,6.9467,6.94,6.99,6.94,2026-08-10 19:25:00,48
1405.0,6.9334,6.95,6.93,6.95,6.93,2026-08-10 19:26:00,26
1355.0,6.9294,6.95,6.93,6.95,6.92,2026-08-10 19:27:00,38
951.0,6.9395,6.95,6.95,6.95,6.95,2026-08-10 19:28:00,25
1369.0,6.9415,6.945,6.945,6.945,6.945,2026-08-10 19:29:00,32
2079.0,6.9258,6.93,6.95,6.95,6.91,2026-08-10 19:30:00,66
3286.0,6.9645,6.93,6.99,6.99,6.93,2026-08-10 19:31:00,101
1074.426934,6.9717,6.98,6.9473,6.99,6.9473,2026-08-10 19:32:00,71
13058.0,6.9954,6.99,7.0,7.025,6.98,2026-08-10 19:33:00,122
6021.0,6.999,6.99,7.0,7.005,6.99,2026-08-10 19:34:00,155
1191.33,6.9978,7.0,6.99,7.0,6.99,2026-08-10 19:35:00,56
2462.0,6.9797,6.985,6.975,6.985,6.975,2026-08-10 19:36:00,62
833.0,6.9751,6.979,6.98,6.98,6.9713,2026-08-10 19:37:00,59
971.0,6.9767,6.9798,6.98,6.98,6.971,2026-08-10 19:38:00,45
1318.817,6.9761,6.975,6.975,6.975,6.975,2026-08-10 19:39:00,54
11382.0,6.9964,6.98,7.005,7.02,6.98,2026-08-10 19:40:00,147
1031.908898,6.9983,7.0,7.0,7.0,7.0,2026-08-10 19:41:00,52
2741.0,6.9968,6.995,7.0,7.0,6.995,2026-08-10 19:42:00,59
1754.0,7.0089,7.01,7.0,7.01,7.0,2026-08-10 19:43:00,56
2458.0,6.9988,7.01,6.9901,7.01,6.9901,2026-08-10 19:44:00,96
9626.0,6.9966,7.01,6.99,7.01,6.98,2026-08-10 19:45:00,203
1959.640436,6.9983,7.01,6.99,7.01,6.98,2026-08-10 19:46:00,82
2846.276739,6.9998,7.0,6.9983,7.0,6.9962,2026-08-10 19:47:00,64
1261.143674,6.9988,7.0,6.995,7.0,6.995,2026-08-10 19:48:00,48
12841.71,7.0165,7.0,7.03,7.07,6.995,2026-08-10 19:49:00,117
9810.0,7.081,7.04,7.125,7.125,7.03,2026-08-10 19:50:00,142
3852.61,7.0593,7.08,7.04,7.08,7.02,2026-08-10 19:51:00,82
7192.859838,7.0571,7.058,7.05,7.095,7.03,2026-08-10 19:52:00,185
1564.0,7.0839,7.075,7.1,7.1,7.075,2026-08-10 19:53:00,54
1934.521126,7.0932,7.1,7.09,7.1,7.09,2026-08-10 19:54:00,73
12083.6752,7.0804,7.09,7.07,7.09,7.06,2026-08-10 19:55:00,191
5094.4718,7.0905,7.069,7.11,7.12,7.069,2026-08-10 19:56:00,92
7697.2,7.1864,7.11,7.24,7.24,7.1,2026-08-10 19:57:00,102
14145.689464,7.2582,7.27,7.3,7.3,7.23,2026-08-10 19:58:00,220
23198.2105,7.2739,7.25,7.3,7.37,7.2001,2026-08-10 19:59:00,403
580.79849,7.2901,7.1905,7.34,7.34,7.1905,2026-08-10 20:00:00,7
145.0,7.2768,7.28,7.28,7.28,7.28,2026-08-10 20:02:00,3
721.3401,7.3409,7.35,7.3144,7.35,7.3144,2026-08-10 20:04:00,9
740.278381,7.0074,7.0,7.0,7.0,7.0,2026-08-10 20:10:00,6
333.0,7.033,7.01,7.01,7.01,7.01,2026-08-10 20:12:00,4
180.0,7.14,7.14,7.14,7.14,7.14,2026-08-10 20:32:00,1
600.0,7.1,7.1,7.1,7.1,7.1,2026-08-10 20:36:00,1
293.0,7.1034,7.1034,7.1034,7.1034,7.1034,2026-08-10 21:26:00,1
684.0,7.1005,7.1009,7.1,7.1009,7.1,2026-08-10 21:30:00,4
100.0,7.1,7.1,7.1,7.1,7.1,2026-08-10 21:32:00,1
121.0,7.1,7.1,7.1,7.1,7.1,2026-08-10 21:43:00,1
150.0,7.1403,7.1403,7.1403,7.1403,7.1403,2026-08-10 21:59:00,1
110.0,7.0859,7.0845,7.0845,7.0845,7.0845,2026-08-10 22:22:00,2
934.0,7.09,7.09,7.09,7.09,7.09,2026-08-10 23:57:00,3
1007.0,7.0298,7.03,7.03,7.03,7.03,2026-08-10 23:58:00,2
284.0,7.0287,7.0305,7.0305,7.0305,7.0305,2026-08-10 23:59:00,3
