Volume,vw,Open,Close,High,Low,timestamp,n
1915.548321,235.9281,231.84,243.9493,243.9493,230.56,2026-07-29 08:00:00,139
2097.0,236.443,239.06,234.0,239.06,234.0,2026-07-29 08:01:00,138
6562.0,231.885,231.0,233.0,234.02,230.13,2026-07-29 08:02:00,242
3990.0,234.0382,232.19,238.9,242.7072,231.94,2026-07-29 08:03:00,192
5564.0,239.4038,237.73,242.63,242.92,237.73,2026-07-29 08:04:00,225
5214.0,242.7836,239.75,242.79,243.93,239.24,2026-07-29 08:05:00,160
50.0,242.76,242.76,242.76,242.76,242.76,2026-07-29 08:07:00,1
1458.0,241.4924,242.7,240.88,242.7,240.88,2026-07-29 08:09:00,228
254.0,241.8577,241.27,242.6271,242.6271,241.27,2026-07-29 08:12:00,2
470.0,240.7337,241.0,240.1,241.0,240.1,2026-07-29 08:23:00,36
356.16283,239.695,239.9,238.89,239.9,238.89,2026-07-29 08:26:00,12
88.0,238.8314,238.85,238.85,238.85,238.85,2026-07-29 08:29:00,7
1153.0,239.6216,239.24,239.84,239.85,239.24,2026-07-29 08:31:00,24
280.0,239.8464,239.84,239.85,239.85,239.84,2026-07-29 08:32:00,9
792.16,241.1022,240.84,241.15,241.15,240.84,2026-07-29 08:37:00,19
90.0,241.0598,240.35,241.88,241.88,240.35,2026-07-29 08:38:00,4
46.0,241.5252,241.64,241.64,241.64,241.64,2026-07-29 08:39:00,2
263.0,241.9806,241.88,242.15,242.15,241.88,2026-07-29 08:43:00,16
161.0,242.1522,242.17,242.15,242.17,242.15,2026-07-29 08:46:00,4
52.0,243.15,243.15,243.15,243.15,243.15,2026-07-29 08:53:00,2
220.0,242.0895,242.13,242.04,242.13,242.04,2026-07-29 08:54:00,6
97.0,242.0122,242.0,242.0,242.0,242.0,2026-07-29 08:57:00,5
206.0,241.9883,242.0,242.0,242.0,242.0,2026-07-29 09:01:00,2
213.0,242.3572,241.98,242.62,242.62,241.98,2026-07-29 09:04:00,12
155.0,243.0045,242.93,242.93,242.93,242.93,2026-07-29 09:07:00,6
285.41373,244.2768,243.48,244.15,244.15,243.48,2026-07-29 09:09:00,23
208.0,244.996,245.0,245.0,245.0,245.0,2026-07-29 09:12:00,6
1263.006989,245.022,244.99,244.99,245.49,244.99,2026-07-29 09:13:00,188
162.0,245.5826,245.0,245.8,245.8,245.0,2026-07-29 09:14:00,12
79.0,245.3398,245.5,245.5,245.5,245.5,2026-07-29 09:15:00,7
1265.0,245.5802,245.5,245.99,245.99,245.5,2026-07-29 09:20:00,25
283.0,245.9584,245.86,246.0,246.0,245.86,2026-07-29 09:22:00,16
346.122006,245.524,246.0,245.13,246.0,245.13,2026-07-29 09:24:00,17
181.0,245.9997,246.0,246.0,246.0,246.0,2026-07-29 09:26:00,4
639.0,245.0346,245.06,245.06,245.06,244.91,2026-07-29 09:35:00,18
366.0,245.8346,245.1255,246.0,246.0,245.1255,2026-07-29 09:40:00,10
184.0,247.0484,246.99,247.143,247.143,246.99,2026-07-29 09:42:00,22
187.0,246.7955,246.66,246.79,246.79,246.66,2026-07-29 09:45:00,6
205.0,247.376,247.46,247.49,247.49,247.46,2026-07-29 09:49:00,13
251.0,247.759,247.5,247.94,247.97,247.5,2026-07-29 09:50:00,11
195.0,247.4388,247.62,247.62,247.62,247.62,2026-07-29 09:55:00,9
521.0,247.161,247.26,247.0,247.26,247.0,2026-07-29 09:59:00,9
396.0,247.788,247.94,247.94,247.94,247.94,2026-07-29 10:05:00,21
841.0,247.084,247.47,247.06,247.47,247.0,2026-07-29 10:07:00,25
284.0,246.9687,246.9,246.9,247.11,246.9,2026-07-29 10:10:00,16
107.0,246.4294,246.49,246.49,246.49,246.49,2026-07-29 10:14:00,8
575.0,245.9327,245.99,245.85,246.2,245.85,2026-07-29 10:15:00,19
76.0,246.4649,246.5,246.5,246.5,246.5,2026-07-29 10:23:00,6
214.0,245.8706,245.85,245.85,245.85,245.85,2026-07-29 10:26:00,4
602.0,245.849,245.85,245.85,245.85,245.85,2026-07-29 10:34:00,6
82.0,245.9654,246.0,246.0,246.0,246.0,2026-07-29 10:37:00,4
41.0,245.0927,245.07,245.07,245.07,245.07,2026-07-29 10:41:00,2
120.0,243.9358,243.85,243.85,243.85,243.85,2026-07-29 10:52:00,3
55.05495,244.1208,243.85,243.85,243.85,243.85,2026-07-29 10:53:00,3
2501.028789,244.0093,244.41,243.2823,245.14,242.0,2026-07-29 11:00:00,62
93.0,243.3367,243.2928,243.2928,243.2928,243.2928,2026-07-29 11:02:00,2
138.0,244.25,244.1,244.1,244.1,244.1,2026-07-29 11:03:00,5
80.0,244.3155,244.28,244.28,244.28,244.28,2026-07-29 11:04:00,3
81.0,244.1156,244.12,244.12,244.12,244.12,2026-07-29 11:05:00,7
159.427481,244.7999,244.24,244.24,244.24,244.24,2026-07-29 11:07:00,6
66.0,244.4668,244.44,244.44,244.44,244.44,2026-07-29 11:08:00,4
90.0,243.6904,243.5787,243.5787,243.5787,243.5787,2026-07-29 11:09:00,3
190.0,244.2575,243.6,245.0,245.0,243.6,2026-07-29 11:10:00,9
406.006989,245.0638,245.0,245.1238,245.1238,245.0,2026-07-29 11:13:00,33
1026.0,245.414,244.99,245.61,245.61,244.99,2026-07-29 11:15:00,27
78.0,245.4228,245.38,245.38,245.38,245.38,2026-07-29 11:17:00,4
183.0,245.5599,245.69,245.0,245.7,245.0,2026-07-29 11:18:00,15
51.0,246.1273,245.916,245.916,245.916,245.916,2026-07-29 11:20:00,3
250.0,245.9791,245.7,246.0,246.0,245.7,2026-07-29 11:21:00,7
162.0,246.7592,246.75,246.75,246.75,246.75,2026-07-29 11:22:00,3
271.0,246.239,246.5,246.12,246.5,246.12,2026-07-29 11:28:00,9
282.0,246.1189,246.0946,246.0946,246.0946,246.0946,2026-07-29 11:29:00,19
156.0,246.3465,246.262,246.262,246.262,246.262,2026-07-29 11:31:00,11
395.0,245.7502,246.0,245.5,246.0,245.5,2026-07-29 11:32:00,18
1602.0,245.0833,245.12,245.07,245.12,245.07,2026-07-29 11:33:00,10
11886.0,245.0061,245.07,244.85,245.4,244.85,2026-07-29 11:34:00,54
139.0,244.7501,245.0,245.0,245.0,245.0,2026-07-29 11:37:00,10
436.0,244.978,245.0,245.0,245.0,245.0,2026-07-29 11:41:00,8
188.0,244.4828,244.49,244.49,244.5,244.49,2026-07-29 11:42:00,7
123.0,243.9744,243.91,243.91,243.91,243.91,2026-07-29 11:44:00,5
467.0,244.9494,245.0,245.0,245.0,245.0,2026-07-29 11:45:00,12
543.0,244.965,245.0,245.0,245.0,245.0,2026-07-29 11:46:00,16
2667.0,244.8869,244.75,244.96,245.0,244.68,2026-07-29 11:47:00,42
756.0,244.851,244.75,244.75,245.0,244.75,2026-07-29 11:48:00,12
2568.0,244.9873,244.9,245.0,245.0,244.9,2026-07-29 11:49:00,16
276.0,245.1496,245.0,245.0,245.0,245.0,2026-07-29 11:50:00,20
77.0,245.1682,245.13,245.13,245.13,245.13,2026-07-29 11:52:00,6
273.0,244.9934,244.99,245.0,245.0,244.99,2026-07-29 11:54:00,6
403.0,245.0363,245.0,245.0,245.0,245.0,2026-07-29 11:55:00,12
122.0,245.4316,245.56,245.56,245.56,245.56,2026-07-29 11:56:00,8
536.0,245.5691,245.69,245.5147,245.69,245.5147,2026-07-29 12:05:00,9
758.0,245.9503,245.48,246.0,246.0,245.48,2026-07-29 12:06:00,18
253.0,245.5049,245.48,245.48,245.48,245.48,2026-07-29 12:07:00,17
199.0,245.4438,245.49,245.49,245.49,245.49,2026-07-29 12:12:00,15
125.0,245.0027,245.0,245.0,245.0,245.0,2026-07-29 12:14:00,8
18010.0,244.8866,245.0,244.98,245.0,244.79,2026-07-29 12:15:00,88
8123.025706,244.8175,244.98,244.02,245.0,243.91,2026-07-29 12:16:00,151
873.0,243.0805,242.85,242.86,243.55,242.85,2026-07-29 12:18:00,35
142.0,242.66,242.99,242.99,242.99,242.99,2026-07-29 12:19:00,10
206.0,242.4079,242.82,241.85,242.99,241.85,2026-07-29 12:22:00,8
127.006989,242.2826,242.3,242.3,242.3,242.3,2026-07-29 12:24:00,6
720.0,242.7596,242.28,243.0,243.0,242.28,2026-07-29 12:25:00,20
242.0,242.9135,242.47,243.11,243.11,242.47,2026-07-29 12:26:00,15
80.0,243.1258,243.13,243.13,243.13,243.13,2026-07-29 12:27:00,6
245.0,242.9802,243.0,243.0,243.0,242.87,2026-07-29 12:29:00,6
892.0,242.9407,243.0,242.43,243.0,242.43,2026-07-29 12:30:00,16
906.0,242.8873,242.85,243.0,243.0,242.63,2026-07-29 12:31:00,25
225.0,243.08,243.14,243.14,243.14,243.14,2026-07-29 12:32:00,11
285.0,242.8361,242.2443,243.0,243.0,242.2443,2026-07-29 12:33:00,6
393.0,243.0468,242.99,243.14,243.14,242.99,2026-07-29 12:34:00,13
854.0,243.1264,243.11,243.14,243.14,243.11,2026-07-29 12:35:00,23
803.0,242.9929,242.99,243.0,243.0,242.9732,2026-07-29 12:36:00,9
980.0,243.0548,242.99,243.14,243.14,242.99,2026-07-29 12:37:00,30
263.0,243.4832,243.5,243.5,243.5,243.5,2026-07-29 12:41:00,15
83.253233,244.2893,243.52,243.52,243.52,243.52,2026-07-29 12:45:00,6
114.0,243.3548,243.5,243.5,243.5,243.5,2026-07-29 12:46:00,8
109.0,243.469,243.5,243.5,243.5,243.5,2026-07-29 12:51:00,5
221.0,243.6214,243.62,243.64,243.74,243.62,2026-07-29 12:53:00,5
1549.8118,244.5081,243.74,244.75,244.76,243.74,2026-07-29 12:54:00,44
130.6796,246.0489,244.77,244.77,244.77,244.77,2026-07-29 12:55:00,16
572.7813,244.9462,244.49,244.7,244.74,244.49,2026-07-29 12:56:00,19
108.0,244.0051,244.0,244.0,244.0,244.0,2026-07-29 13:00:00,5
176.0,244.0555,244.07,244.01,244.07,244.01,2026-07-29 13:01:00,13
166.043861,244.0849,244.01,244.01,244.01,244.01,2026-07-29 13:02:00,10
1014.0,244.0421,244.01,244.2506,244.2506,244.01,2026-07-29 13:03:00,18
545.0,244.0077,244.01,244.0,244.01,244.0,2026-07-29 13:04:00,9
522.0,243.3972,243.1952,243.39,243.54,243.1952,2026-07-29 13:05:00,10
200.0,243.4775,243.503,243.415,243.503,243.415,2026-07-29 13:11:00,5
1048.0,243.1494,243.14,243.14,243.14,243.14,2026-07-29 13:12:00,3
130.0,243.4436,243.45,243.45,243.45,243.45,2026-07-29 13:13:00,5
124.0,243.421,243.45,243.45,243.45,243.45,2026-07-29 13:14:00,3
246.0,243.2313,243.29,243.14,243.29,243.14,2026-07-29 13:15:00,34
428.0,243.0391,243.0,243.0,243.0,243.0,2026-07-29 13:16:00,24
729.0,243.0072,243.0,243.0,243.0,243.0,2026-07-29 13:17:00,8
531.279622,243.1257,243.0,243.0,243.0,243.0,2026-07-29 13:18:00,16
290.0,242.9783,243.0,243.0,243.0,242.97,2026-07-29 13:19:00,11
464.0,243.0545,243.0,243.15,243.15,242.99,2026-07-29 13:20:00,10
229.043792,243.4489,243.33,243.33,243.33,243.33,2026-07-29 13:21:00,17
207.0,244.1237,244.27,244.14,244.27,244.14,2026-07-29 13:25:00,14
317.0,243.2765,243.57,243.07,243.57,243.07,2026-07-29 13:26:00,18
301.0,243.5243,243.97,243.0,243.97,243.0,2026-07-29 13:27:00,26
986.0,242.9713,243.0,243.0,243.0,242.86,2026-07-29 13:28:00,45
5105.0,242.9015,243.0,243.0,243.4702,242.85,2026-07-29 13:29:00,885
117754.778249,243.2077,243.925,242.655,245.0,241.825,2026-07-29 13:30:00,5056
14854.854091,241.9108,241.96,241.18,244.0,241.18,2026-07-29 13:31:00,581
12430.513651,243.2708,241.66,243.96,244.95,241.05,2026-07-29 13:32:00,531
54002.313707,243.2652,243.96,242.81,244.99,242.39,2026-07-29 13:33:00,627
14739.049541,243.2761,243.22,243.555,244.15,242.401,2026-07-29 13:34:00,420
13462.841708,243.523,243.555,243.36,244.9,242.55,2026-07-29 13:35:00,497
18088.223026,241.9272,243.12,241.7325,243.36,240.7,2026-07-29 13:36:00,513
26816.638835,240.8872,242.14,242.0,242.23,240.05,2026-07-29 13:37:00,584
8763.786063,242.0485,242.0,241.23,242.82,241.05,2026-07-29 13:38:00,387
16110.022062,240.3085,241.21,239.805,241.64,239.19,2026-07-29 13:39:00,454
14654.789612,239.0103,239.805,238.09,240.38,237.63,2026-07-29 13:40:00,510
25112.989395,238.2031,238.09,239.155,239.25,237.63,2026-07-29 13:41:00,692
8788.595925,239.0523,239.66,238.945,239.98,238.12,2026-07-29 13:42:00,274
11386.133249,238.618,239.0825,239.0,239.2,237.96,2026-07-29 13:43:00,302
5009.14406,240.0206,239.26,240.89,241.0,239.26,2026-07-29 13:44:00,250
25917.248421,240.1724,240.72,239.65,241.4,239.135,2026-07-29 13:45:00,455
8908.071456,238.7522,239.73,238.1,240.21,237.98,2026-07-29 13:46:00,230
10802.056081,236.9077,238.055,236.45,238.25,236.04,2026-07-29 13:47:00,400
10542.072243,237.5881,236.85,237.63,238.25,236.85,2026-07-29 13:48:00,325
5558.841959,237.7451,237.28,237.835,238.23,237.08,2026-07-29 13:49:00,218
6257.513423,237.9193,238.32,237.02,238.93,237.02,2026-07-29 13:50:00,230
9148.549905,235.856,236.85,235.3,237.0985,235.1101,2026-07-29 13:51:00,340
9952.983196,235.1832,235.355,235.31,235.6,235.0,2026-07-29 13:52:00,356
8563.764102,235.6555,235.255,236.15,236.15,235.16,2026-07-29 13:53:00,263
15999.774072,235.7368,236.0833,235.4469,236.248,235.265,2026-07-29 13:54:00,331
8770.169223,234.3427,235.36,234.015,235.37,233.63,2026-07-29 13:55:00,314
8580.632359,233.6315,233.97,233.45,234.06,233.2,2026-07-29 13:56:00,265
11061.864383,232.6198,233.32,233.07,233.34,231.87,2026-07-29 13:57:00,493
7536.348142,233.743,233.36,234.4,234.46,233.01,2026-07-29 13:58:00,254
11550.782357,234.3985,234.82,233.86,234.92,233.86,2026-07-29 13:59:00,387
13794.611229,235.0611,234.045,236.39,236.49,234.045,2026-07-29 14:00:00,421
8382.385155,235.6425,236.315,235.38,236.32,235.0157,2026-07-29 14:01:00,286
13810.440213,236.6278,235.5,236.9,237.12,235.38,2026-07-29 14:02:00,295
9844.791594,236.4568,236.63,235.91,237.0,235.5069,2026-07-29 14:03:00,282
11425.627951,236.7417,236.01,237.14,237.15,235.8401,2026-07-29 14:04:00,322
10947.584871,238.1211,236.8601,237.94,238.92,236.8601,2026-07-29 14:05:00,285
4454.804994,237.4429,237.61,236.65,238.22,236.65,2026-07-29 14:06:00,206
11863.158765,235.7178,236.59,236.03,236.64,235.21,2026-07-29 14:07:00,285
5527.994647,236.2768,236.91,236.0,236.91,235.76,2026-07-29 14:08:00,171
5131.853835,236.13,236.24,235.7575,236.5199,235.555,2026-07-29 14:09:00,185
15491.074809,235.7126,235.48,235.9925,236.25,235.01,2026-07-29 14:10:00,360
7288.818526,236.3018,236.115,236.655,236.8099,235.89,2026-07-29 14:11:00,260
13572.332856,235.9453,236.5,234.64,237.1499,234.635,2026-07-29 14:12:00,929
20227.632517,233.9714,234.43,233.47,234.62,233.325,2026-07-29 14:13:00,1035
36132.702411,232.4909,233.46,231.99,233.57,231.88,2026-07-29 14:14:00,692
26832.403349,233.1802,232.335,232.82,234.15,232.335,2026-07-29 14:15:00,618
23474.540503,233.2429,232.93,233.11,233.88,232.77,2026-07-29 14:16:00,440
8670.045838,232.8306,233.085,232.1001,233.36,232.1001,2026-07-29 14:17:00,333
10028.887824,232.633,232.42,232.385,233.03,232.141,2026-07-29 14:18:00,317
9971.03766,232.2868,232.3023,232.31,232.56,231.8001,2026-07-29 14:19:00,398
20600.16295,232.8527,232.57,232.41,233.52,232.28,2026-07-29 14:20:00,564
12764.911888,232.9866,232.57,233.39,233.39,232.3001,2026-07-29 14:21:00,439
5760.653171,233.0362,233.49,232.5,233.49,232.5,2026-07-29 14:22:00,241
13563.569078,231.9699,232.695,231.53,232.695,231.3092,2026-07-29 14:23:00,465
24698.118157,230.7391,231.37,231.225,231.37,230.37,2026-07-29 14:24:00,662
14989.466767,230.3521,231.34,229.75,231.34,229.75,2026-07-29 14:25:00,715
34289.70678,228.9859,229.75,228.56,229.75,228.5,2026-07-29 14:26:00,947
21029.474785,228.278,228.63,228.4,228.63,227.74,2026-07-29 14:27:00,742
15660.710131,228.8671,228.41,229.17,229.17,228.4,2026-07-29 14:28:00,494
17830.59941,229.4428,229.32,229.54,229.77,229.1471,2026-07-29 14:29:00,564
20139.738111,230.2516,229.54,230.515,230.64,229.54,2026-07-29 14:30:00,536
27336.50021,230.1401,230.515,230.43,230.719,229.76,2026-07-29 14:31:00,735
43504.793912,231.2454,230.43,232.005,232.23,230.43,2026-07-29 14:32:00,697
8183.953292,231.8891,232.23,231.5,232.29,231.3708,2026-07-29 14:33:00,324
7072.491117,231.4417,231.5,231.675,231.85,230.99,2026-07-29 14:34:00,366
11092.373578,231.4874,231.6,231.7,231.99,230.88,2026-07-29 14:35:00,381
5953.561834,231.5244,231.7,231.5,231.99,231.24,2026-07-29 14:36:00,255
6891.052688,230.9198,231.3451,231.01,231.3451,230.64,2026-07-29 14:37:00,275
9376.218349,230.8907,231.0,231.005,231.08,230.6003,2026-07-29 14:38:00,301
11658.932904,230.4531,231.005,229.965,231.02,229.75,2026-07-29 14:39:00,445
9953.837266,229.6386,229.97,229.64,229.97,229.11,2026-07-29 14:40:00,422
28923.749734,230.2685,229.635,229.535,230.6399,229.525,2026-07-29 14:41:00,829
9253.262813,229.2562,229.535,229.32,229.535,228.98,2026-07-29 14:42:00,422
9480.622124,229.5395,229.31,229.45,229.78,229.27,2026-07-29 14:43:00,390
22016.935956,228.7691,229.33,228.615,229.385,228.3201,2026-07-29 14:44:00,708
41554.335814,228.4514,228.48,228.255,228.94,228.08,2026-07-29 14:45:00,979
25962.782003,228.0753,228.255,228.315,228.41,227.61,2026-07-29 14:46:00,632
27089.283928,228.3565,228.32,227.96,228.7148,227.96,2026-07-29 14:47:00,824
51761.674414,226.996,227.88,226.85,227.88,226.51,2026-07-29 14:48:00,1060
33498.800415,227.3392,226.86,227.76,228.16,226.72,2026-07-29 14:49:00,805
11927.634207,228.1285,227.735,228.095,228.5099,227.735,2026-07-29 14:50:00,453
16802.188116,228.0298,228.07,227.555,228.54,227.54,2026-07-29 14:51:00,573
27600.048151,228.1614,227.45,228.71,229.16,227.34,2026-07-29 14:52:00,767
11134.131081,228.2808,228.68,227.845,228.68,227.83,2026-07-29 14:53:00,396
17464.370224,227.7551,227.77,227.4401,228.15,227.22,2026-07-29 14:54:00,596
16413.919393,227.279,227.72,226.61,228.07,226.61,2026-07-29 14:55:00,518
23395.738176,227.0083,226.61,226.96,227.31,226.417,2026-07-29 14:56:00,509
11652.642631,227.2791,226.7301,227.005,227.785,226.7301,2026-07-29 14:57:00,321
20246.281722,227.4131,226.8,228.0699,228.0699,226.79,2026-07-29 14:58:00,466
43692.087148,228.0577,227.855,228.33,228.5,227.855,2026-07-29 14:59:00,576
55128.044161,228.4199,228.35,227.66,228.8,227.585,2026-07-29 15:00:00,799
8022.59169,227.8186,227.86,227.97,228.115,227.47,2026-07-29 15:01:00,305
16150.8227,228.4755,228.22,229.03,229.63,228.0,2026-07-29 15:02:00,578
6547.591771,229.0738,228.9,229.0201,229.3509,228.89,2026-07-29 15:03:00,256
12005.071098,229.0765,229.21,229.31,229.445,228.72,2026-07-29 15:04:00,377
5005.998732,228.7623,229.315,228.75,229.34,228.23,2026-07-29 15:05:00,253
6981.052037,228.9387,229.23,228.41,229.65,228.41,2026-07-29 15:06:00,269
5220.117318,228.7075,228.3,228.97,229.0,228.26,2026-07-29 15:07:00,307
5999.219963,229.2568,228.735,228.6,229.95,228.6,2026-07-29 15:08:00,263
6992.474979,228.3049,228.41,228.58,228.78,227.78,2026-07-29 15:09:00,300
5808.105816,228.579,228.77,228.0,229.06,227.99,2026-07-29 15:10:00,299
16153.156246,227.0746,227.94,227.21,227.94,226.6701,2026-07-29 15:11:00,613
4420.816533,227.5476,227.38,227.37,227.605,227.11,2026-07-29 15:12:00,234
5369.264659,227.5345,227.37,227.47,228.0,227.25,2026-07-29 15:13:00,259
7713.219286,227.2858,227.68,227.125,227.84,226.85,2026-07-29 15:14:00,304
7611.470929,227.3945,226.87,227.74,227.74,226.83,2026-07-29 15:15:00,346
6855.285851,227.7904,227.74,227.97,228.32,227.48,2026-07-29 15:16:00,306
4901.498708,227.7653,227.83,227.9,228.04,227.49,2026-07-29 15:17:00,302
7562.550206,228.1708,228.03,228.16,228.59,228.02,2026-07-29 15:18:00,265
6907.151641,227.4843,228.22,226.685,228.235,226.66,2026-07-29 15:19:00,306
22010.106684,226.5444,226.685,226.735,227.15,226.31,2026-07-29 15:20:00,640
8576.317242,226.6037,227.11,227.01,227.11,226.18,2026-07-29 15:21:00,341
14661.498869,226.8479,226.92,227.16,227.16,226.37,2026-07-29 15:22:00,520
12916.598126,227.4583,227.16,227.6,227.77,227.0701,2026-07-29 15:23:00,592
9089.568912,227.3326,227.46,227.335,227.73,227.01,2026-07-29 15:24:00,326
5014.558745,227.3592,227.5,227.42,227.75,227.07,2026-07-29 15:25:00,233
15291.228614,227.2037,227.31,226.95,228.0,226.53,2026-07-29 15:26:00,448
5889.809968,226.9095,227.015,226.58,227.3,226.52,2026-07-29 15:27:00,237
6067.000218,226.6028,226.51,226.75,226.75,226.21,2026-07-29 15:28:00,311
19576.181774,226.9423,226.835,226.31,227.17,226.2424,2026-07-29 15:29:00,237
9543.311098,226.1576,226.21,226.461,226.461,225.88,2026-07-29 15:30:00,548
11203.306169,226.4173,226.26,226.555,226.63,226.0,2026-07-29 15:31:00,279
4719.747059,226.5019,226.73,226.47,226.89,226.28,2026-07-29 15:32:00,266
4687.329508,226.4911,226.35,226.67,226.82,226.13,2026-07-29 15:33:00,299
5185.680264,226.4931,226.715,226.56,226.8774,226.24,2026-07-29 15:34:00,300
9119.751678,226.7321,226.46,227.11,227.21,226.46,2026-07-29 15:35:00,354
6376.803186,227.1129,227.11,227.26,227.26,226.9,2026-07-29 15:36:00,243
3269.764833,227.2965,227.26,227.425,227.71,226.97,2026-07-29 15:37:00,205
7972.683305,227.0186,227.425,226.62,227.425,226.5,2026-07-29 15:38:00,328
5201.916456,226.4921,226.6,226.11,226.64,226.11,2026-07-29 15:39:00,316
9677.015525,225.8812,225.94,225.89,226.0,225.72,2026-07-29 15:40:00,424
5658.817525,226.0721,225.77,225.84,226.31,225.74,2026-07-29 15:41:00,187
16170.252213,225.2327,225.83,224.845,225.83,224.72,2026-07-29 15:42:00,857
7241.010021,224.9873,224.845,224.97,225.125,224.8001,2026-07-29 15:43:00,261
9204.20906,225.268,224.83,225.11,225.43,224.83,2026-07-29 15:44:00,293
8847.50611,225.1025,225.1,224.82,225.19,224.6,2026-07-29 15:45:00,336
10972.445417,225.0131,224.95,225.05,225.1899,224.91,2026-07-29 15:46:00,271
7336.166368,225.0102,225.05,225.08,225.39,224.81,2026-07-29 15:47:00,286
7104.123221,225.176,225.055,225.18,225.56,224.93,2026-07-29 15:48:00,265
7369.225541,225.0938,225.18,225.165,225.39,224.94,2026-07-29 15:49:00,278
9362.939768,225.0765,225.17,224.85,225.38,224.85,2026-07-29 15:50:00,206
5995.749038,224.8994,224.98,224.885,224.989,224.7401,2026-07-29 15:51:00,226
7433.765862,224.781,224.885,224.73,224.98,224.5,2026-07-29 15:52:00,312
8877.832983,224.5784,224.735,224.185,224.735,224.17,2026-07-29 15:53:00,282
13367.150369,223.9197,224.18,223.61,224.19,223.53,2026-07-29 15:54:00,460
11296.8201,223.3647,223.52,223.32,223.525,223.15,2026-07-29 15:55:00,365
12712.698309,223.0622,223.26,223.24,223.26,222.78,2026-07-29 15:56:00,439
6334.205484,223.6269,223.31,223.66,223.815,223.31,2026-07-29 15:57:00,391
9817.555435,224.0713,223.73,223.635,223.73,223.35,2026-07-29 15:58:00,239
5519.464957,223.796,223.635,224.045,224.14,223.635,2026-07-29 15:59:00,244
8703.394763,224.2549,224.1,223.57,224.72,223.57,2026-07-29 16:00:00,317
3259.738217,223.397,223.585,223.21,223.585,223.1,2026-07-29 16:01:00,150
11569.430231,222.7842,223.205,222.765,223.21,222.4801,2026-07-29 16:02:00,471
10790.027504,222.4341,222.765,222.17,222.765,222.17,2026-07-29 16:03:00,357
15990.973624,221.9695,222.13,222.0,222.19,221.675,2026-07-29 16:04:00,524
9897.676909,221.9892,222.0,221.89,222.13,221.5701,2026-07-29 16:05:00,367
9165.508594,221.9067,221.93,221.86,222.165,221.57,2026-07-29 16:06:00,405
6468.470753,222.0152,221.8,221.93,222.17,221.73,2026-07-29 16:07:00,218
5062.888045,222.105,222.02,222.31,222.34,221.855,2026-07-29 16:08:00,327
8680.682472,222.0627,222.31,221.97,222.3992,221.825,2026-07-29 16:09:00,289
11439.673298,222.1897,221.925,222.44,222.595,221.82,2026-07-29 16:10:00,306
9768.064991,222.3702,222.42,222.22,222.75,222.13,2026-07-29 16:11:00,299
8862.550701,222.2264,222.235,222.04,222.3499,222.04,2026-07-29 16:12:00,298
6090.328594,221.8513,222.0139,221.44,222.09,221.44,2026-07-29 16:13:00,293
12286.183957,221.5627,221.5,221.64,221.74,221.39,2026-07-29 16:14:00,458
25383.529932,221.8858,221.6475,222.19,222.35,221.39,2026-07-29 16:15:00,553
13882.898619,221.6677,222.1,221.435,222.145,221.4,2026-07-29 16:16:00,448
32975.470735,222.5085,221.435,221.54,221.755,221.05,2026-07-29 16:17:00,458
16801.555951,221.4283,221.56,221.82,221.825,221.13,2026-07-29 16:18:00,482
11161.314895,221.6005,221.745,221.25,221.85,221.25,2026-07-29 16:19:00,412
15697.690709,221.456,221.3325,221.67,221.67,221.17,2026-07-29 16:20:00,577
7900.97576,221.6763,221.67,221.36,221.91,221.36,2026-07-29 16:21:00,343
8120.358673,221.6555,221.31,221.92,221.96,221.31,2026-07-29 16:22:00,325
22447.569236,222.5676,221.84,222.64,223.0,221.76,2026-07-29 16:23:00,645
15944.215654,222.9596,222.63,222.76,223.3202,222.58,2026-07-29 16:24:00,439
9178.664455,223.0355,222.8,222.92,223.485,222.785,2026-07-29 16:25:00,313
10787.99697,222.9913,222.865,223.21,223.23,222.865,2026-07-29 16:26:00,404
12876.740656,223.0102,223.26,223.09,223.26,222.93,2026-07-29 16:27:00,325
11880.427166,223.3305,223.07,223.77,223.9472,222.93,2026-07-29 16:28:00,325
21321.456882,223.4673,223.775,223.2025,223.775,223.14,2026-07-29 16:29:00,337
10880.455213,223.5198,223.13,223.63,223.805,223.11,2026-07-29 16:30:00,373
20074.454765,223.2606,223.63,223.255,223.73,222.945,2026-07-29 16:31:00,605
40004.684157,223.2262,223.36,223.1034,223.41,222.895,2026-07-29 16:32:00,391
19665.793989,222.9337,223.37,222.72,223.51,222.56,2026-07-29 16:33:00,441
14595.141416,222.6888,222.72,222.145,222.99,222.0,2026-07-29 16:34:00,456
9892.336801,221.7988,222.09,221.615,222.09,221.475,2026-07-29 16:35:00,340
7895.975737,221.8953,221.63,221.5,221.86,221.33,2026-07-29 16:36:00,268
9242.952156,221.8356,221.5,221.8,221.9596,221.5,2026-07-29 16:37:00,349
12160.024461,221.7672,221.72,221.93,222.04,221.48,2026-07-29 16:38:00,358
12255.176073,222.2298,221.97,222.5,222.7333,221.965,2026-07-29 16:39:00,294
15476.727456,222.5946,222.525,222.99,222.99,222.32,2026-07-29 16:40:00,411
15838.32616,222.9036,223.01,222.66,223.15,222.64,2026-07-29 16:41:00,404
10485.681411,222.3624,222.655,222.1301,222.73,222.0,2026-07-29 16:42:00,311
9274.080234,221.8401,222.17,221.62,222.17,221.6,2026-07-29 16:43:00,344
16752.68103,221.665,221.62,221.795,222.0915,221.5,2026-07-29 16:44:00,473
20776.401488,221.5476,221.64,221.47,221.72,221.2001,2026-07-29 16:45:00,482
16879.520501,221.6181,221.395,221.63,221.755,221.395,2026-07-29 16:46:00,476
7242.529979,221.9576,221.65,221.92,222.215,221.65,2026-07-29 16:47:00,295
7137.036071,221.9091,221.93,221.995,222.1199,221.7,2026-07-29 16:48:00,302
8249.899563,222.1956,222.005,222.31,222.42,221.9,2026-07-29 16:49:00,343
5253.300182,222.2839,222.36,222.23,222.6,222.02,2026-07-29 16:50:00,275
7218.661802,222.2984,222.114,222.2,222.69,222.01,2026-07-29 16:51:00,320
11562.849674,222.3189,222.195,222.425,222.67,221.86,2026-07-29 16:52:00,415
12326.466315,222.6503,222.51,222.815,222.93,222.47,2026-07-29 16:53:00,499
7288.005617,222.5941,222.815,222.49,222.97,222.375,2026-07-29 16:54:00,234
14647.713586,222.6381,222.49,222.875,223.0,222.49,2026-07-29 16:55:00,518
12255.350387,222.8043,222.875,222.845,223.01,222.7,2026-07-29 16:56:00,372
10337.626381,222.9218,222.845,223.03,223.11,222.745,2026-07-29 16:57:00,375
14039.644358,222.8576,223.01,222.64,223.09,222.63,2026-07-29 16:58:00,409
6790.342326,222.9412,222.64,223.045,223.155,222.64,2026-07-29 16:59:00,278
23913.901186,223.1213,223.16,223.285,223.38,222.8025,2026-07-29 17:00:00,621
8480.811674,223.6783,223.285,223.97,223.995,223.285,2026-07-29 17:01:00,325
11946.690085,223.8407,223.97,223.78,224.17,223.62,2026-07-29 17:02:00,407
36340.962419,223.7791,223.68,224.55,224.78,223.38,2026-07-29 17:03:00,227
6667.64966,225.0478,224.55,225.55,225.75,224.2701,2026-07-29 17:04:00,303
14595.977366,225.3735,225.55,225.19,225.74,224.95,2026-07-29 17:05:00,459
11445.975117,225.1628,225.375,225.73,225.73,224.69,2026-07-29 17:06:00,673
6380.079575,225.235,225.49,225.36,225.6,225.285,2026-07-29 17:07:00,299
10312.896648,225.4755,225.35,225.45,225.77,225.29,2026-07-29 17:08:00,415
6230.325869,225.2627,225.4,225.27,225.455,225.1,2026-07-29 17:09:00,335
12374.499915,225.7833,225.265,225.8275,226.235,225.22,2026-07-29 17:10:00,315
14861.327101,226.3411,225.795,226.7312,226.8,225.795,2026-07-29 17:11:00,324
5940.647991,226.2977,226.61,226.55,226.61,226.03,2026-07-29 17:12:00,291
5703.66637,226.6567,226.645,226.65,226.865,226.55,2026-07-29 17:13:00,212
41784.107046,226.5234,226.64,226.75,226.76,226.295,2026-07-29 17:14:00,456
11161.363506,226.7705,226.75,226.645,226.9999,226.39,2026-07-29 17:15:00,361
19106.664599,226.9774,226.665,227.165,227.27,226.57,2026-07-29 17:16:00,334
18564.188292,227.2366,227.05,227.35,227.5,226.82,2026-07-29 17:17:00,559
13600.413405,227.3323,227.375,227.31,227.8067,227.0005,2026-07-29 17:18:00,425
21710.437224,227.2553,227.31,227.345,227.44,227.0101,2026-07-29 17:19:00,400
54487.190374,227.179,227.36,226.53,227.49,226.32,2026-07-29 17:20:00,461
13881.752591,226.5581,226.52,226.835,226.835,226.311,2026-07-29 17:21:00,349
6152.547117,226.7486,226.93,226.41,226.97,226.35,2026-07-29 17:22:00,238
10656.388229,226.2681,226.31,226.015,226.62,225.8,2026-07-29 17:23:00,321
6064.724779,225.6383,226.015,225.455,226.13,225.17,2026-07-29 17:24:00,269
6494.851966,225.3886,225.4,225.385,225.5,225.17,2026-07-29 17:25:00,247
7284.563418,225.4832,225.3575,225.57,225.58,225.24,2026-07-29 17:26:00,247
12647.48404,225.0626,225.6,224.66,225.69,224.47,2026-07-29 17:27:00,393
7418.134334,224.7081,224.62,224.615,224.76,224.4,2026-07-29 17:28:00,227
35196.640115,224.7625,224.615,224.5,224.98,224.4,2026-07-29 17:29:00,495
6073.454905,224.5798,224.59,224.34,224.675,224.34,2026-07-29 17:30:00,229
12701.023488,224.5817,224.28,224.895,225.1755,224.28,2026-07-29 17:31:00,248
8802.64689,224.8895,224.89,224.75,225.06,224.6,2026-07-29 17:32:00,306
55706.875725,225.3807,224.665,225.445,225.56,224.665,2026-07-29 17:33:00,413
12744.664606,225.4893,225.57,225.38,225.929,225.31,2026-07-29 17:34:00,345
10677.894609,225.1543,225.37,224.995,225.37,224.84,2026-07-29 17:35:00,300
7763.359782,224.7868,224.995,224.66,224.995,224.6,2026-07-29 17:36:00,248
5769.399181,224.8017,224.56,225.0,225.06,224.535,2026-07-29 17:37:00,203
42504.277698,225.1241,224.865,225.02,225.365,224.865,2026-07-29 17:38:00,290
5322.541023,224.9987,225.035,224.97,225.28,224.8225,2026-07-29 17:39:00,207
4121.11109,225.0201,224.97,225.075,225.135,224.7501,2026-07-29 17:40:00,168
5076.46665,225.2006,225.07,225.26,225.38,224.94,2026-07-29 17:41:00,194
7244.080809,225.1882,225.33,224.855,225.57,224.84,2026-07-29 17:42:00,251
6732.988302,225.0483,224.84,225.29,225.3,224.66,2026-07-29 17:43:00,241
2805.838379,225.4204,225.44,225.27,225.54,225.27,2026-07-29 17:44:00,117
5722.026001,225.0864,225.26,224.865,225.3989,224.8,2026-07-29 17:45:00,258
8030.494968,224.7537,224.86,224.745,224.86,224.59,2026-07-29 17:46:00,308
8195.598479,224.6102,224.87,224.63,224.87,224.415,2026-07-29 17:47:00,427
22988.775007,224.6047,224.6525,224.8325,224.9,224.37,2026-07-29 17:48:00,613
12246.545027,224.7022,224.84,224.63,224.98,224.27,2026-07-29 17:49:00,397
9463.366442,224.6313,224.655,224.64,224.8099,224.47,2026-07-29 17:50:00,513
23356.732924,225.0077,224.65,224.87,225.27,224.64,2026-07-29 17:51:00,651
5827.967485,224.823,224.87,224.68,225.07,224.55,2026-07-29 17:52:00,352
19209.781895,224.8792,224.68,225.185,225.24,224.6,2026-07-29 17:53:00,541
11906.490755,225.2399,225.1875,225.12,225.49,225.08,2026-07-29 17:54:00,471
16006.201353,224.9759,225.12,224.74,225.24,224.57,2026-07-29 17:55:00,495
3733.428689,224.7369,224.74,224.625,224.8799,224.58,2026-07-29 17:56:00,216
7628.516354,224.6797,224.625,224.82,224.9,224.54,2026-07-29 17:57:00,356
13591.507731,224.4693,224.825,224.405,224.9,224.22,2026-07-29 17:58:00,371
9895.088086,224.7237,224.405,225.08,225.08,224.405,2026-07-29 17:59:00,390
59448.555217,226.7474,225.05,227.64,228.27,225.05,2026-07-29 18:00:00,1196
36416.99517,227.7666,227.52,228.305,228.44,226.745,2026-07-29 18:01:00,706
24144.08845,228.2055,228.355,227.475,228.9895,226.79,2026-07-29 18:02:00,560
25577.190526,227.393,227.4,227.245,227.95,226.985,2026-07-29 18:03:00,455
36227.300573,226.7799,227.245,226.91,227.245,225.86,2026-07-29 18:04:00,655
24922.496905,226.963,227.21,227.11,227.34,226.46,2026-07-29 18:05:00,531
42235.543452,227.7626,227.19,228.445,228.445,227.09,2026-07-29 18:06:00,847
17895.819019,228.7441,228.445,228.64,229.1225,228.33,2026-07-29 18:07:00,483
13354.395302,228.1896,228.5,228.195,228.98,227.67,2026-07-29 18:08:00,421
15460.901256,228.1688,228.28,228.475,228.64,227.67,2026-07-29 18:09:00,475
21800.831529,228.7348,228.39,228.66,229.0,228.14,2026-07-29 18:10:00,563
19621.386478,228.8608,228.785,229.665,229.67,228.38,2026-07-29 18:11:00,574
19778.306151,229.1465,229.665,228.67,229.977,228.64,2026-07-29 18:12:00,479
10352.314209,228.3006,228.695,227.65,228.86,227.415,2026-07-29 18:13:00,380
9003.625168,227.2346,227.54,227.22,227.89,226.66,2026-07-29 18:14:00,291
17672.513179,227.8663,227.25,227.58,228.36,227.25,2026-07-29 18:15:00,413
8659.011648,227.8345,227.76,227.62,228.25,227.55,2026-07-29 18:16:00,428
11316.228124,226.734,227.615,226.585,227.71,226.36,2026-07-29 18:17:00,314
11964.075075,226.1566,226.585,226.0499,226.73,225.8001,2026-07-29 18:18:00,351
12552.229441,225.5847,225.925,225.895,225.93,225.23,2026-07-29 18:19:00,381
9474.462097,225.612,225.9,225.4514,226.12,225.17,2026-07-29 18:20:00,348
9508.66151,225.1887,225.36,225.05,225.62,224.54,2026-07-29 18:21:00,334
6707.435255,224.7657,224.87,224.865,224.96,224.35,2026-07-29 18:22:00,240
8328.126441,224.762,224.941,224.525,225.12,224.42,2026-07-29 18:23:00,273
5374.529291,225.0645,224.525,225.215,225.39,224.51,2026-07-29 18:24:00,213
9510.203893,224.7145,225.02,224.49,225.15,224.28,2026-07-29 18:25:00,417
6789.510616,224.6673,224.49,224.43,225.02,224.335,2026-07-29 18:26:00,280
6412.7129,224.2779,224.43,224.11,224.465,224.03,2026-07-29 18:27:00,295
9588.446912,224.0693,224.11,223.95,224.44,223.77,2026-07-29 18:28:00,421
5569.817285,224.0222,223.95,224.055,224.185,223.7601,2026-07-29 18:29:00,211
13194.40975,224.3708,224.29,224.345,224.55,224.1,2026-07-29 18:30:00,426
16529.62709,224.5352,224.53,224.26,225.1099,224.02,2026-07-29 18:31:00,546
14456.647015,224.0154,224.325,224.21,224.7,223.48,2026-07-29 18:32:00,451
11774.115349,224.151,224.21,224.07,224.7499,223.84,2026-07-29 18:33:00,503
6727.022133,224.0529,224.07,224.205,224.4,223.6901,2026-07-29 18:34:00,272
12816.628324,224.1883,224.205,224.385,224.695,223.94,2026-07-29 18:35:00,473
14418.140217,224.1405,224.385,224.505,224.63,223.75,2026-07-29 18:36:00,476
11401.434536,224.6844,224.65,225.12,225.18,224.4,2026-07-29 18:37:00,408
12393.209759,225.5989,225.07,225.735,225.95,225.07,2026-07-29 18:38:00,398
20959.262558,225.6666,225.735,226.055,226.23,225.32,2026-07-29 18:39:00,529
45650.479349,226.354,225.96,226.05,226.615,225.96,2026-07-29 18:40:00,870
58035.278314,227.2524,226.05,228.07,228.23,226.02,2026-07-29 18:41:00,941
35109.722483,228.2819,228.09,228.155,228.715,227.76,2026-07-29 18:42:00,631
15131.071715,228.2069,228.155,228.1865,228.55,227.835,2026-07-29 18:43:00,484
33233.900012,228.5589,228.19,228.37,228.88,228.125,2026-07-29 18:44:00,570
19095.426582,228.6277,228.35,229.04,229.15,228.13,2026-07-29 18:45:00,460
22314.486201,229.6155,229.14,229.17,230.19,228.645,2026-07-29 18:46:00,531
22046.254793,229.2746,228.895,229.565,229.87,228.57,2026-07-29 18:47:00,539
31648.966414,229.7875,229.565,229.55,230.31,229.28,2026-07-29 18:48:00,674
8913.158307,230.0383,229.54,230.145,230.53,229.45,2026-07-29 18:49:00,284
16574.726889,230.0073,230.07,230.4,230.46,229.54,2026-07-29 18:50:00,614
22695.987524,230.103,230.54,230.165,230.65,229.52,2026-07-29 18:51:00,554
8364.028387,230.517,230.28,230.73,230.9,230.24,2026-07-29 18:52:00,269
13728.749092,231.1822,230.73,231.09,231.49,230.73,2026-07-29 18:53:00,430
11463.594169,231.3056,231.01,231.825,231.99,230.81,2026-07-29 18:54:00,414
20519.27566,231.8771,231.82,231.6905,232.28,231.31,2026-07-29 18:55:00,497
27005.46945,231.9245,231.79,232.0,232.68,231.64,2026-07-29 18:56:00,524
10892.29807,231.7947,231.87,232.5317,232.72,231.34,2026-07-29 18:57:00,417
10871.02816,233.3597,232.729,233.4195,233.79,232.485,2026-07-29 18:58:00,364
10608.1494,233.2129,233.32,233.83,233.83,232.79,2026-07-29 18:59:00,380
25511.194927,234.2272,233.89,234.36,234.54,233.84,2026-07-29 19:00:00,627
25097.964913,234.4575,234.15,235.56,235.56,234.0391,2026-07-29 19:01:00,564
11591.256517,235.2189,235.32,234.53,235.56,234.45,2026-07-29 19:02:00,356
11279.620279,233.7503,234.41,233.18,234.44,232.9929,2026-07-29 19:03:00,469
13848.787296,232.6544,233.22,232.61,233.255,232.12,2026-07-29 19:04:00,495
14882.429538,232.8692,232.75,232.14,233.2,232.0,2026-07-29 19:05:00,489
16721.591943,232.6868,232.25,232.89,232.98,232.25,2026-07-29 19:06:00,542
13718.385609,232.863,232.65,231.78,233.26,231.78,2026-07-29 19:07:00,464
32801.180941,231.7882,231.685,231.4,232.13,231.17,2026-07-29 19:08:00,742
11213.29029,231.188,231.54,230.86,231.76,230.72,2026-07-29 19:09:00,345
20770.536121,230.641,230.855,230.56,231.2,229.99,2026-07-29 19:10:00,617
20541.77115,231.3075,230.57,231.79,231.79,230.505,2026-07-29 19:11:00,432
22924.11914,231.5743,231.79,231.125,232.03,230.98,2026-07-29 19:12:00,527
18064.28932,231.735,231.27,231.9,232.19,231.25,2026-07-29 19:13:00,447
23912.170638,231.8059,231.895,231.6,232.06,231.56,2026-07-29 19:14:00,459
23911.189013,231.5917,231.67,232.04,232.04,231.28,2026-07-29 19:15:00,542
22373.640436,231.5901,232.11,231.305,232.12,231.15,2026-07-29 19:16:00,450
22629.125102,230.9411,231.37,230.18,231.445,230.12,2026-07-29 19:17:00,421
17694.06808,230.236,230.18,230.81,230.82,229.885,2026-07-29 19:18:00,507
11966.737815,230.7112,230.65,230.598,230.92,230.485,2026-07-29 19:19:00,345
10519.48245,229.9947,230.67,229.1681,230.67,229.1681,2026-07-29 19:20:00,412
15837.698894,228.9105,229.33,229.07,229.33,228.4,2026-07-29 19:21:00,529
16287.480471,228.5192,229.17,228.515,229.26,227.52,2026-07-29 19:22:00,517
11945.771076,228.298,228.42,228.325,228.555,227.95,2026-07-29 19:23:00,414
10846.665714,228.3155,228.45,228.22,228.77,227.9575,2026-07-29 19:24:00,374
9683.143619,227.7133,228.02,227.38,228.22,227.29,2026-07-29 19:25:00,570
14808.252836,227.048,227.405,227.12,227.41,226.65,2026-07-29 19:26:00,468
14347.343959,227.2141,227.12,227.59,227.66,226.4963,2026-07-29 19:27:00,452
12280.323939,227.8105,227.42,228.26,228.4,227.42,2026-07-29 19:28:00,519
11401.028945,228.3002,228.26,228.485,228.59,228.09,2026-07-29 19:29:00,412
13569.036032,228.8494,228.5575,229.04,229.215,228.42,2026-07-29 19:30:00,487
16132.97017,228.7101,229.02,228.485,229.06,228.4,2026-07-29 19:31:00,689
14270.965456,227.8695,228.41,227.59,228.42,227.1701,2026-07-29 19:32:00,530
12363.311515,226.8995,227.455,226.3,227.6,226.22,2026-07-29 19:33:00,513
16368.500551,226.2202,226.29,226.47,226.61,226.0,2026-07-29 19:34:00,546
17163.380355,226.0649,226.475,226.17,226.6099,225.6701,2026-07-29 19:35:00,521
10769.7157,226.3211,226.17,226.62,226.67,225.92,2026-07-29 19:36:00,433
11878.281892,226.0243,226.62,225.31,226.65,225.31,2026-07-29 19:37:00,360
19606.684208,224.8931,225.3101,224.62,225.35,224.55,2026-07-29 19:38:00,598
31753.530199,224.1071,224.6,223.65,224.68,223.47,2026-07-29 19:39:00,874
28868.987519,223.3223,223.54,223.9,223.98,222.81,2026-07-29 19:40:00,944
20693.618459,223.6507,223.885,223.495,224.04,223.35,2026-07-29 19:41:00,593
15218.996185,223.5318,223.495,223.56,223.79,223.35,2026-07-29 19:42:00,530
18120.653843,223.4821,223.56,223.345,223.74,223.26,2026-07-29 19:43:00,605
14332.234547,222.6728,223.245,222.32,223.25,222.25,2026-07-29 19:44:00,492
23123.176462,222.0334,222.32,221.65,222.49,221.53,2026-07-29 19:45:00,966
21621.748108,221.8387,221.62,221.53,222.25,221.53,2026-07-29 19:46:00,790
37765.121188,221.0759,221.575,221.05,221.62,220.68,2026-07-29 19:47:00,1243
15959.936331,221.4211,221.09,221.405,221.56,221.09,2026-07-29 19:48:00,624
20999.746416,221.6973,221.34,222.26,222.26,221.13,2026-07-29 19:49:00,725
28419.274641,222.1664,222.16,222.7,222.7561,221.69,2026-07-29 19:50:00,1169
30481.052181,221.7785,222.605,221.7,222.605,221.47,2026-07-29 19:51:00,792
28364.68243,221.5307,221.7,221.62,221.8,221.33,2026-07-29 19:52:00,970
22292.577756,221.6186,221.65,221.54,221.8699,221.37,2026-07-29 19:53:00,742
37559.516094,221.8721,221.545,222.045,222.19,221.46,2026-07-29 19:54:00,1142
59406.710828,221.9287,222.01,222.53,222.55,221.51,2026-07-29 19:55:00,1513
52952.690426,222.3929,222.4567,222.23,222.77,222.08,2026-07-29 19:56:00,1392
80067.296549,222.3334,222.2,222.37,222.68,222.06,2026-07-29 19:57:00,1696
97774.91702,222.0549,222.37,221.62,222.37,221.58,2026-07-29 19:58:00,2839
133371.9884,221.6788,221.58,222.1,222.23,221.47,2026-07-29 19:59:00,4467
5567.15086,222.0836,222.05,222.86,222.86,222.05,2026-07-29 20:00:00,59
1129.0,221.8419,222.17,221.67,222.17,221.67,2026-07-29 20:01:00,24
369.06662,221.5583,221.5,221.5,221.5,221.5,2026-07-29 20:02:00,17
1053.0,221.1609,221.16,221.16,221.16,221.16,2026-07-29 20:03:00,4
71.51187,223.165,221.3734,221.3734,221.3734,221.3734,2026-07-29 20:04:00,24
106.0,221.6001,221.51,221.51,221.51,221.51,2026-07-29 20:05:00,9
942.0,221.585,221.7172,221.5,221.7172,221.5,2026-07-29 20:06:00,32
545.0,221.0665,221.14,221.0,221.14,221.0,2026-07-29 20:07:00,36
328.135075,220.8779,222.05,222.05,222.05,222.05,2026-07-29 20:08:00,29
358.0,220.1523,220.12,220.12,220.12,220.12,2026-07-29 20:09:00,19
325.538805,220.7069,220.636,220.636,220.636,220.636,2026-07-29 20:10:00,54
1190.0,220.1227,220.11,220.13,220.1858,220.11,2026-07-29 20:11:00,39
10053.00592,221.9314,220.16,220.5,220.5,220.1,2026-07-29 20:12:00,24
809.0,220.9207,221.25,220.5,221.29,220.5,2026-07-29 20:13:00,23
2390.0,222.0206,221.27,221.27,221.27,221.27,2026-07-29 20:14:00,4
236.243495,220.9489,221.0,220.6438,221.0,220.5,2026-07-29 20:15:00,15
287.0,221.4526,221.5,221.5,221.5,221.5,2026-07-29 20:17:00,12
307.0,221.1084,221.0,221.0,221.0,221.0,2026-07-29 20:19:00,10
236.0,220.8456,221.7988,220.51,221.7988,220.51,2026-07-29 20:20:00,10
256.0,221.0821,221.18,221.21,221.21,221.18,2026-07-29 20:21:00,6
275.0,221.3137,221.25,221.78,221.78,221.25,2026-07-29 20:22:00,8
2251.005,220.529,220.56,220.97,220.97,220.49,2026-07-29 20:23:00,41
70.0,220.4839,220.26,220.26,220.26,220.26,2026-07-29 20:24:00,3
239.0,220.3005,220.24,220.3362,220.3362,220.24,2026-07-29 20:25:00,15
541.04514,220.4103,220.23,220.25,220.99,220.11,2026-07-29 20:26:00,20
746.13286,220.1258,220.23,220.01,220.23,220.01,2026-07-29 20:27:00,33
3090.408109,219.5481,220.01,218.57,220.01,218.56,2026-07-29 20:28:00,321
1677.8583,218.2221,218.54,218.23,219.0,217.67,2026-07-29 20:29:00,120
154.0,218.1727,218.25,218.25,218.25,218.25,2026-07-29 20:30:00,15
676.1373,218.0628,218.23,218.0,218.23,217.2773,2026-07-29 20:31:00,37
102.0,218.0559,217.5963,217.5963,217.5963,217.5963,2026-07-29 20:33:00,15
1107.0,218.9838,219.0,218.5736,219.0,218.5736,2026-07-29 20:34:00,9
318.0,219.2137,218.5689,219.97,219.97,218.5689,2026-07-29 20:35:00,11
255.0,219.0308,219.0001,219.0001,219.0001,219.0001,2026-07-29 20:36:00,6
136.0,219.7241,219.8296,219.8296,219.8296,219.8296,2026-07-29 20:38:00,11
799.0,219.9124,218.71,220.0,222.05,218.71,2026-07-29 20:39:00,22
303.0,218.7961,219.06,218.1,219.06,218.1,2026-07-29 20:40:00,16
132.0,218.988,219.0,219.0,219.0,219.0,2026-07-29 20:41:00,17
144.0,218.8075,218.81,218.81,218.81,218.81,2026-07-29 20:42:00,6
211.0,218.7194,218.75,218.75,218.75,218.75,2026-07-29 20:44:00,11
168.0,219.0824,219.1,219.1,219.1,219.1,2026-07-29 20:45:00,14
147.0,219.204,219.2417,219.2417,219.2417,219.2417,2026-07-29 20:46:00,6
339.0,218.6224,219.0,218.51,219.0,218.51,2026-07-29 20:47:00,10
141.0,218.8549,218.97,218.97,218.97,218.97,2026-07-29 20:49:00,15
216.0,218.6347,218.6432,218.6432,218.6432,218.6432,2026-07-29 20:50:00,15
551.0,218.6566,218.33,218.98,218.98,218.33,2026-07-29 20:52:00,25
271.0,218.7807,218.3,218.9324,218.9324,218.3,2026-07-29 20:53:00,7
305.045419,218.5021,218.3553,218.57,218.57,218.3553,2026-07-29 20:54:00,11
554.0,219.4146,219.0,218.4,222.05,218.4,2026-07-29 20:55:00,22
1066.0,218.9056,218.9,218.9,218.9,218.9,2026-07-29 20:57:00,15
99.0,218.9165,218.8,218.8,218.8,218.8,2026-07-29 21:00:00,13
239.0,218.4926,218.4501,218.4501,218.4501,218.4501,2026-07-29 21:02:00,5
764.0,218.5168,218.51,218.5,218.7486,218.5,2026-07-29 21:04:00,7
799.0,218.4077,218.5,218.33,218.5,218.25,2026-07-29 21:05:00,16
524.0,217.9809,218.12,218.02,218.12,218.02,2026-07-29 21:06:00,47
344.0,217.1723,217.16,217.0,217.5,217.0,2026-07-29 21:07:00,13
825.0,217.2683,217.0,217.2092,217.37,217.0,2026-07-29 21:08:00,25
3625.0,217.0284,217.71,217.37,217.71,217.0,2026-07-29 21:10:00,10
128.0,217.2413,217.25,217.25,217.25,217.25,2026-07-29 21:13:00,5
919.228788,217.0246,217.39,216.71,217.39,216.71,2026-07-29 21:16:00,64
1219.099709,216.7769,216.76,216.79,216.82,216.76,2026-07-29 21:17:00,17
241.0,216.533,216.2128,216.82,216.82,216.2128,2026-07-29 21:18:00,17
246.0,216.8489,216.12,217.2,217.2,216.12,2026-07-29 21:20:00,16
346.0,216.5697,216.52,216.52,216.52,216.52,2026-07-29 21:25:00,6
81.0,216.948,216.6,216.6,216.6,216.6,2026-07-29 21:26:00,12
277.0,217.7082,217.83,217.84,217.84,217.83,2026-07-29 21:27:00,20
271.0,219.0406,219.4873,219.4873,219.4873,219.4873,2026-07-29 21:28:00,10
224.366535,218.1871,218.26,218.26,218.26,218.26,2026-07-29 21:29:00,16
74.0,218.2453,218.49,218.49,218.49,218.49,2026-07-29 21:33:00,7
542.0,217.0595,217.018,217.018,217.018,217.018,2026-07-29 21:34:00,6
119.0,216.9288,216.8957,216.8957,216.8957,216.8957,2026-07-29 21:35:00,8
254.0,217.0081,217.0,217.0,217.0,217.0,2026-07-29 21:36:00,7
211.0,216.8048,216.8,216.8001,216.8001,216.8,2026-07-29 21:38:00,25
115.045,216.5767,216.5,216.5,216.5,216.5,2026-07-29 21:39:00,14
1152.0,216.4221,216.5,216.2,216.58,216.2,2026-07-29 21:40:00,24
1886.230749,216.0132,216.0,215.99,216.0,215.9,2026-07-29 21:41:00,53
126.0,215.4559,215.324,215.324,215.324,215.324,2026-07-29 21:42:00,8
640.0,216.3069,216.0,216.01,216.5,216.0,2026-07-29 21:45:00,8
168.0,216.4808,217.0,217.0,217.0,217.0,2026-07-29 21:46:00,10
2433.4,216.9954,216.87,217.0,217.0,216.84,2026-07-29 21:48:00,26
67.0,217.2391,217.3,217.3,217.3,217.3,2026-07-29 21:50:00,4
1102.0,217.1623,215.7968,217.3,217.3,215.7968,2026-07-29 21:51:00,3
386.0,217.2695,217.3,217.3,217.3,217.3,2026-07-29 21:53:00,9
230.04639,217.8154,217.8,217.8,217.8,217.8,2026-07-29 21:55:00,8
462.0,217.5537,217.5079,217.5079,217.5079,217.5079,2026-07-29 21:56:00,6
206.0,218.1539,218.16,218.13,218.16,218.13,2026-07-29 21:58:00,9
222.0,218.5295,218.5,218.5,218.5,218.5,2026-07-29 21:59:00,8
310.0,218.3615,218.0,218.0,218.0,218.0,2026-07-29 22:00:00,11
80.0,218.4695,218.5,218.5,218.5,218.5,2026-07-29 22:02:00,10
103.0,219.6485,219.67,219.67,219.67,219.67,2026-07-29 22:03:00,4
195.0,218.6421,218.85,218.85,218.85,218.85,2026-07-29 22:06:00,9
1784.008709,219.2809,218.85,219.61,219.61,218.55,2026-07-29 22:08:00,17
1220.0,218.1554,218.69,217.67,218.69,217.67,2026-07-29 22:09:00,32
1084.0,219.4728,218.56,219.45,219.9411,218.55,2026-07-29 22:10:00,34
1309.0,220.2124,220.1,220.13,220.49,220.0,2026-07-29 22:11:00,40
340.0,219.5032,219.1077,219.7,219.7,219.1077,2026-07-29 22:13:00,8
125.0,219.7824,219.8,219.8,219.8,219.8,2026-07-29 22:16:00,11
516.0,220.0905,220.0,220.0,220.25,220.0,2026-07-29 22:17:00,13
412.0,220.6186,220.63,220.63,220.63,220.63,2026-07-29 22:19:00,6
246.0,220.9121,221.0,221.0,221.0,221.0,2026-07-29 22:20:00,6
153.0,220.9958,221.0,221.0,221.0,221.0,2026-07-29 22:22:00,6
94.068041,221.5141,221.57,221.57,221.57,221.57,2026-07-29 22:24:00,10
63.0,220.1496,220.01,220.01,220.01,220.01,2026-07-29 22:28:00,4
107.0,221.2993,221.3,221.3,221.3,221.3,2026-07-29 22:30:00,2
277.0,221.4379,221.3,221.5,221.5,221.3,2026-07-29 22:31:00,5
505.0,220.9913,221.0,221.0,221.0,221.0,2026-07-29 22:33:00,2
487.0,221.0666,221.48,220.8,221.48,220.8,2026-07-29 22:34:00,11
103.0,221.4363,221.44,221.44,221.44,221.44,2026-07-29 22:38:00,3
277.0,221.0071,221.0,221.0,221.0,221.0,2026-07-29 22:39:00,8
98.0,220.6397,220.5775,220.5775,220.5775,220.5775,2026-07-29 22:41:00,9
150.0,220.775,220.51,220.9311,220.9311,220.51,2026-07-29 22:42:00,10
120.0,220.7713,220.51,220.99,220.99,220.51,2026-07-29 22:43:00,9
402.0,220.9914,220.9916,220.9916,220.9916,220.9916,2026-07-29 22:47:00,2
424.0,220.5398,220.5,220.5,220.51,220.5,2026-07-29 22:49:00,18
114.0,220.4067,220.4,220.4,220.4,220.4,2026-07-29 22:50:00,4
53.0,220.0442,220.01,220.01,220.01,220.01,2026-07-29 22:51:00,4
64.0,220.4058,220.5585,220.5585,220.5585,220.5585,2026-07-29 22:52:00,5
503.0,220.0353,220.04,220.04,220.04,220.04,2026-07-29 22:53:00,29
280.0,219.9939,220.0697,220.0,220.0697,220.0,2026-07-29 22:54:00,7
64.0,219.1988,219.19,219.19,219.19,219.19,2026-07-29 22:55:00,4
170.0,219.365,219.5,219.0768,219.5,219.0768,2026-07-29 22:58:00,6
51.0,220.4312,220.44,220.44,220.44,220.44,2026-07-29 22:59:00,2
229.0,220.0282,220.0,220.0,220.0,220.0,2026-07-29 23:02:00,110
115.0,219.3486,219.21,219.21,219.21,219.21,2026-07-29 23:04:00,5
246.17813,220.0498,219.27,220.45,220.45,219.2103,2026-07-29 23:05:00,9
90.0,220.5006,220.5,220.5,220.5,220.5,2026-07-29 23:06:00,6
64.0,220.5378,220.51,220.51,220.51,220.51,2026-07-29 23:07:00,4
464.0,220.8432,220.5657,221.37,221.37,220.5657,2026-07-29 23:08:00,14
141.0,221.41,221.41,221.41,221.41,221.41,2026-07-29 23:09:00,2
113.0,220.6046,220.59,220.59,220.59,220.59,2026-07-29 23:11:00,6
219.0,221.464,221.49,221.49,221.49,221.49,2026-07-29 23:12:00,4
121.0,221.0099,221.02,221.01,221.02,221.01,2026-07-29 23:13:00,6
46.0,221.48,221.48,221.48,221.48,221.48,2026-07-29 23:14:00,2
60.0,220.52,220.52,220.52,220.52,220.52,2026-07-29 23:19:00,1
47.0,221.0213,221.0,221.0,221.0,221.0,2026-07-29 23:20:00,4
130.0,220.6049,220.6049,220.6049,220.6049,220.6049,2026-07-29 23:21:00,1
86.0,221.279,221.26,221.26,221.26,221.26,2026-07-29 23:23:00,3
106.0,220.8009,220.784,220.784,220.784,220.784,2026-07-29 23:25:00,3
1713.008536,221.6001,221.61,221.7,221.7,221.61,2026-07-29 23:26:00,32
103.0,220.816,220.8015,220.8015,220.8015,220.8015,2026-07-29 23:28:00,3
54.0,221.7797,221.84,221.84,221.84,221.84,2026-07-29 23:29:00,3
51.0,221.8275,221.8262,221.8262,221.8262,221.8262,2026-07-29 23:30:00,2
1897.0,221.9057,221.9,221.89,221.9,221.89,2026-07-29 23:31:00,17
95.0,222.1582,222.01,222.01,222.01,222.01,2026-07-29 23:32:00,4
921.0,222.2607,222.22,222.22,222.92,221.88,2026-07-29 23:33:00,14
146.0,221.7117,221.5,221.5,221.5,221.5,2026-07-29 23:35:00,4
58.0,222.5431,222.7,222.7,222.7,222.7,2026-07-29 23:37:00,2
116.0,222.1634,222.7,222.7,222.7,222.7,2026-07-29 23:38:00,6
110.0,222.4692,222.4113,222.69,222.69,222.4113,2026-07-29 23:39:00,4
243.0,221.0591,221.0009,221.0009,221.0009,221.0009,2026-07-29 23:41:00,6
76.0,221.7072,221.57,221.57,221.57,221.57,2026-07-29 23:43:00,4
270.0,221.8911,221.9,221.9,221.9,221.9,2026-07-29 23:52:00,3
112.0,221.898,221.9,221.9,221.9,221.9,2026-07-29 23:54:00,3
53.0,221.1829,221.0926,221.0926,221.0926,221.0926,2026-07-29 23:56:00,8
502.0,221.0024,221.0,221.0,221.0,221.0,2026-07-29 23:57:00,3
492.0,221.1008,221.0,221.2394,221.2394,221.0,2026-07-29 23:58:00,10
116.0,221.8861,221.99,221.99,221.99,221.99,2026-07-29 23:59:00,4
7866.494509,214.0195,219.27,217.93,222.7309,210.0,2026-07-30 08:00:00,290
5680.4173,220.0955,222.5,222.0,222.5,216.0,2026-07-30 08:01:00,249
11841.858911,219.913,221.53,221.51,222.79,216.04,2026-07-30 08:02:00,377
2143.0,220.2791,220.0,220.54,220.54,219.99,2026-07-30 08:03:00,73
4697.2998,217.9375,217.55,217.49,218.65,217.49,2026-07-30 08:04:00,78
2694.008709,219.9299,219.94,220.0,220.0,219.58,2026-07-30 08:05:00,71
2129.0,220.8861,220.0,221.54,221.54,220.0,2026-07-30 08:08:00,27
1476.0,221.3255,219.36,221.49,222.0,219.36,2026-07-30 08:11:00,47
100.0,220.28,220.28,220.28,220.28,220.28,2026-07-30 08:13:00,1
85.0,220.12,220.12,220.12,220.12,220.12,2026-07-30 08:14:00,1
193.0,220.2989,220.41,220.41,220.41,220.41,2026-07-30 08:15:00,11
380.0,220.0652,220.0,220.13,220.13,220.0,2026-07-30 08:16:00,52
1554.008536,221.1497,220.0,220.0,222.03,220.0,2026-07-30 08:17:00,40
85.0,219.3873,218.2625,218.2625,218.2625,218.2625,2026-07-30 08:18:00,4
1088.0,220.4517,221.0,221.0,221.89,219.69,2026-07-30 08:22:00,19
8779.0,219.6095,220.18,220.91,220.91,219.44,2026-07-30 08:23:00,66
631.067443,221.9571,221.91,221.96,221.96,221.91,2026-07-30 08:24:00,25
621.0,221.9204,221.99,221.99,222.0,221.99,2026-07-30 08:25:00,33
312.0,222.4069,222.46,222.34,223.0,222.34,2026-07-30 08:27:00,14
516.0,222.1952,222.38,222.4,222.4,222.34,2026-07-30 08:28:00,21
8405.008536,219.1562,220.07,220.79,220.79,218.72,2026-07-30 08:29:00,56
8558.0,218.8076,219.01,218.72,219.65,218.62,2026-07-30 08:30:00,45
4333.0,218.9248,219.91,220.0,220.0,218.67,2026-07-30 08:31:00,21
180.0,219.0623,219.69,218.4951,219.69,218.4951,2026-07-30 08:32:00,8
2836.0,219.3909,219.5,218.62,219.99,218.06,2026-07-30 08:33:00,73
1006.229309,219.2715,219.27,218.72,219.84,218.67,2026-07-30 08:34:00,33
573.0,218.6425,218.68,218.48,218.72,218.48,2026-07-30 08:35:00,22
2343.0,218.6882,218.58,218.43,218.72,218.43,2026-07-30 08:36:00,40
1807.0,218.6454,218.59,218.5,218.72,218.27,2026-07-30 08:37:00,28
491.0,218.5235,218.43,218.56,218.56,218.43,2026-07-30 08:38:00,7
2063.0,218.5714,218.59,218.68,218.7,218.36,2026-07-30 08:39:00,32
2630.0,218.7191,218.72,218.72,218.72,218.72,2026-07-30 08:40:00,34
791.0,218.6814,218.68,218.72,218.72,218.68,2026-07-30 08:41:00,11
284.0,218.6706,218.7,218.71,218.72,218.7,2026-07-30 08:42:00,10
795.0,218.7172,218.72,218.72,218.72,218.71,2026-07-30 08:43:00,7
118.0,218.72,218.72,218.72,218.72,218.72,2026-07-30 08:44:00,5
1027.0,218.7113,218.71,218.72,218.72,218.71,2026-07-30 08:45:00,9
1683.0,218.7036,218.72,218.72,218.72,218.72,2026-07-30 08:46:00,27
2351.0,218.7263,218.52,219.17,219.17,218.52,2026-07-30 08:47:00,30
1227.0,219.3372,219.25,219.51,219.72,219.0,2026-07-30 08:48:00,20
105.0,219.4764,219.45,219.45,219.45,219.45,2026-07-30 08:49:00,19
566.0,219.5696,219.57,219.57,219.57,219.57,2026-07-30 08:50:00,8
220.0,218.4245,218.4,218.4,218.4,218.4,2026-07-30 08:56:00,2
246.0,219.9383,220.0,220.0,220.0,220.0,2026-07-30 09:07:00,9
78.0,219.834,219.84,219.84,219.84,219.84,2026-07-30 09:08:00,4
200.012261,220.0735,220.06,220.06,220.06,220.06,2026-07-30 09:09:00,8
591.0,220.3586,220.28,220.32,220.38,220.28,2026-07-30 09:10:00,23
108.0,220.7195,220.72,220.72,220.72,220.72,2026-07-30 09:12:00,6
110.0,220.764,220.72,220.72,220.72,220.72,2026-07-30 09:13:00,5
574.0,221.6417,220.94,221.82,221.92,220.94,2026-07-30 09:14:00,19
110.008536,222.0127,222.0,222.0,222.0,222.0,2026-07-30 09:17:00,5
271.0,221.9,221.9,221.9,221.9,221.9,2026-07-30 09:21:00,11
111.0,222.9347,222.94,222.94,222.94,222.94,2026-07-30 09:23:00,7
137.0,222.8479,222.88,222.88,222.88,222.88,2026-07-30 09:25:00,7
160.0,222.9608,222.99,222.99,222.99,222.99,2026-07-30 09:26:00,3
202.335973,222.5192,222.1,222.17,222.17,222.1,2026-07-30 09:27:00,12
190.0,222.942,222.9435,222.94,222.9435,222.94,2026-07-30 09:28:00,4
616.0,222.0348,222.07,222.0,222.07,222.0,2026-07-30 09:30:00,25
289.0,222.8453,222.95,222.99,223.0,222.95,2026-07-30 09:34:00,12
3672.0,222.9525,222.7,223.0,223.61,222.7,2026-07-30 09:38:00,50
1467.0,223.0477,223.26,223.0,223.26,223.0,2026-07-30 09:39:00,30
217.0,223.042,223.0,223.0,223.0,223.0,2026-07-30 09:42:00,5
360.0,223.0923,223.1,223.0,223.1,223.0,2026-07-30 09:43:00,39
561.0,223.038,223.09,223.06,223.09,223.0,2026-07-30 09:44:00,11
109.0,223.0178,223.01,223.01,223.01,223.01,2026-07-30 09:45:00,5
283.0,223.0339,223.06,223.01,223.06,223.01,2026-07-30 09:47:00,9
130.0,223.0941,223.0443,223.0443,223.0443,223.0443,2026-07-30 09:48:00,2
377.0,223.0004,223.0,223.0,223.0,223.0,2026-07-30 09:58:00,13
1412.5,223.0764,223.0,223.0,223.0,223.0,2026-07-30 09:59:00,13
146.0,222.103,222.2,222.2,222.2,222.2,2026-07-30 10:00:00,8
136.0,222.1357,222.2,222.2,222.2,222.2,2026-07-30 10:01:00,4
486.0,222.0836,222.2,222.19,222.2,221.88,2026-07-30 10:03:00,9
110.0,222.2,222.2,222.2,222.2,222.2,2026-07-30 10:05:00,2
365.0,221.8022,222.99,220.2,222.99,220.2,2026-07-30 10:12:00,4
1207.0,222.9915,222.93,223.0,223.0,222.93,2026-07-30 10:16:00,22
238.0,223.3235,223.19,223.39,223.39,223.19,2026-07-30 10:18:00,5
236.0,223.6404,223.71,223.74,223.79,223.71,2026-07-30 10:19:00,21
180.0,223.3806,223.5,223.49,223.5,223.49,2026-07-30 10:21:00,10
398.0,223.822,223.74,224.0,224.0,223.74,2026-07-30 10:23:00,13
365.008367,224.0122,224.0,224.0,224.0,224.0,2026-07-30 10:25:00,11
313.0,224.3215,224.31,224.31,224.31,224.31,2026-07-30 10:26:00,13
432.0,223.9717,224.0,223.04,224.0,223.04,2026-07-30 10:27:00,28
1341.0,224.5766,224.18,225.0,225.0,224.18,2026-07-30 10:30:00,23
242.0,225.0566,225.04,225.0,225.04,225.0,2026-07-30 10:33:00,7
233.012049,225.1802,225.45,225.0,225.45,225.0,2026-07-30 10:35:00,14
688.0,225.5934,225.59,225.6,225.6,225.59,2026-07-30 10:38:00,27
324.0,225.7042,225.8,225.8,225.8,225.8,2026-07-30 10:39:00,8
550.0,225.7743,225.7596,225.8,225.8,225.74,2026-07-30 10:40:00,11
161.0,225.7227,225.69,225.69,225.69,225.69,2026-07-30 10:41:00,18
316.0,225.7718,225.99,225.65,225.99,225.65,2026-07-30 10:42:00,8
1074.0,226.0403,225.88,226.21,226.21,225.88,2026-07-30 10:43:00,24
117.008202,226.4617,226.68,226.68,226.68,226.68,2026-07-30 10:44:00,12
291.0,226.5546,226.58,226.54,226.58,226.54,2026-07-30 10:49:00,14
129.0,227.6785,227.67,227.67,227.67,227.67,2026-07-30 10:53:00,5
7743.0,227.9329,227.82,228.0,228.0,226.77,2026-07-30 10:54:00,104
299.0,227.3299,227.07,227.07,227.07,227.07,2026-07-30 10:55:00,17
449.0,227.0172,227.04,227.02,227.04,227.02,2026-07-30 10:56:00,14
2054.0,227.9573,227.87,228.0,228.0,227.87,2026-07-30 10:57:00,43
227.0,227.225,227.4,227.02,227.4,227.02,2026-07-30 10:58:00,4
299.0,227.0362,227.1,227.12,227.12,227.1,2026-07-30 10:59:00,25
1293.0,227.3115,226.5,227.9534,228.0,226.5,2026-07-30 11:00:00,32
10518.0,227.8036,227.7999,228.7544,228.7544,227.29,2026-07-30 11:01:00,14
1322.0,228.6892,228.8593,228.86,228.86,228.0,2026-07-30 11:02:00,27
521.008039,228.3361,228.35,228.0001,228.85,228.0001,2026-07-30 11:05:00,20
658.715749,228.6734,228.66,228.55,228.66,228.0852,2026-07-30 11:06:00,13
439.0,228.8974,228.86,228.86,228.86,228.72,2026-07-30 11:07:00,20
616.0,229.4029,229.27,229.62,229.62,229.22,2026-07-30 11:08:00,32
84.0,229.2451,228.89,228.89,228.89,228.89,2026-07-30 11:09:00,7
653.087212,229.1193,229.2,229.0,229.2,229.0,2026-07-30 11:10:00,11
469.0,229.0118,229.1184,228.6572,229.18,228.6572,2026-07-30 11:11:00,15
785.058056,228.9254,228.7486,229.39,229.39,228.6937,2026-07-30 11:12:00,27
729.0,228.6358,229.1,228.5,229.1,228.5,2026-07-30 11:13:00,25
110.0,228.5264,228.51,228.56,228.56,228.51,2026-07-30 11:14:00,4
663.0,228.5999,228.98,228.525,228.98,228.51,2026-07-30 11:15:00,20
1271.0,229.731,229.0,230.0,230.0,229.0,2026-07-30 11:16:00,42
1642.0,230.0158,229.95,230.31,230.31,229.95,2026-07-30 11:17:00,31
282.0,230.0683,230.02,230.0,230.05,230.0,2026-07-30 11:18:00,10
224.0,230.2365,230.5,230.0,230.5,230.0,2026-07-30 11:19:00,13
687.0,230.2261,230.14,230.0,230.4273,230.0,2026-07-30 11:20:00,13
773.0,230.0206,230.0,230.3496,230.3496,230.0,2026-07-30 11:21:00,20
111.0,229.6005,229.58,229.58,229.58,229.58,2026-07-30 11:22:00,3
246.0,229.4862,229.54,229.54,229.54,229.42,2026-07-30 11:23:00,13
825.0,229.16,229.0,230.1866,230.1866,229.0,2026-07-30 11:24:00,8
774.0,230.3199,230.3,230.48,230.48,230.0,2026-07-30 11:25:00,31
309.0,230.1913,230.22,230.16,230.22,230.16,2026-07-30 11:27:00,11
129.0,230.8653,230.99,230.99,230.99,230.99,2026-07-30 11:28:00,5
1818.00788,230.9486,230.77,230.9,231.01,230.77,2026-07-30 11:29:00,50
347.015411,230.3444,230.69,230.09,230.69,230.09,2026-07-30 11:30:00,12
1748.0,230.0545,230.15,230.03,230.15,230.0,2026-07-30 11:32:00,35
3177.0,230.1071,230.0,230.03,230.96,230.0,2026-07-30 11:33:00,51
597.0,230.2861,231.5,230.02,231.5,230.0,2026-07-30 11:34:00,18
1340.0,231.1301,230.67,231.59,231.59,230.55,2026-07-30 11:35:00,26
347.0,231.8593,232.0,232.0,232.0,232.0,2026-07-30 11:37:00,12
404.234668,232.0636,231.6,231.578,232.0,231.578,2026-07-30 11:38:00,22
336.0,231.8438,231.4429,231.9,232.2,231.4429,2026-07-30 11:39:00,13
1099.0,232.0118,231.88,232.44,232.44,231.88,2026-07-30 11:42:00,85
1129.0,232.8455,232.48,232.5792,233.0,232.48,2026-07-30 11:43:00,40
1141.747821,233.2018,233.0,232.9873,233.1,232.9873,2026-07-30 11:44:00,40
144.007724,233.5955,233.53,233.53,233.53,233.53,2026-07-30 11:45:00,13
285.0,233.6517,233.64,234.0,234.0,233.64,2026-07-30 11:46:00,19
1090.0,233.2561,233.7968,232.53,233.7968,232.53,2026-07-30 11:51:00,69
1984.0,231.9156,231.99,231.65,231.99,231.65,2026-07-30 11:53:00,50
121.0,231.0768,231.02,231.02,231.02,231.02,2026-07-30 11:55:00,12
322.0,230.752,230.68,230.55,230.68,230.54,2026-07-30 11:56:00,17
57.0,230.9832,231.0,231.0,231.0,231.0,2026-07-30 11:57:00,6
374.0,231.4749,231.65,231.5,231.65,231.37,2026-07-30 11:58:00,16
150.0,231.1,231.45,231.45,231.45,231.45,2026-07-30 11:59:00,12
217.0,231.099,231.11,231.11,231.11,231.11,2026-07-30 12:01:00,9
2426.452508,231.6957,231.65,231.75,231.75,231.65,2026-07-30 12:03:00,71
537.0,231.7447,231.75,231.75,231.75,231.75,2026-07-30 12:04:00,25
3175.9,232.0042,231.75,232.05,232.05,231.7293,2026-07-30 12:05:00,104
1342.0,232.0487,232.05,232.05,232.05,232.025,2026-07-30 12:06:00,46
1475.0,232.0332,232.01,232.03,232.05,231.93,2026-07-30 12:07:00,36
489.0,231.9961,232.025,232.025,232.03,231.81,2026-07-30 12:08:00,17
73.0,231.9314,231.9338,231.9338,231.9338,231.9338,2026-07-30 12:09:00,4
1255.0,232.0065,232.05,232.0,232.05,232.0,2026-07-30 12:10:00,16
843.0,232.001,232.04,232.05,232.05,231.9379,2026-07-30 12:11:00,17
356.0,231.5382,232.04,232.04,232.04,232.04,2026-07-30 12:12:00,23
219.940285,232.4614,231.47,231.47,231.47,231.47,2026-07-30 12:13:00,17
326.0,231.8381,232.0,232.0,232.0,232.0,2026-07-30 12:15:00,20
278.0,231.5174,231.5,231.5,231.5,231.5,2026-07-30 12:16:00,14
3084.0,232.3643,231.6415,232.77,232.99,231.62,2026-07-30 12:17:00,77
1505.0,232.4581,232.0264,232.2,232.5,232.0264,2026-07-30 12:18:00,11
59.0,232.46,232.46,232.46,232.46,232.46,2026-07-30 12:19:00,2
190.0,232.0709,231.96,231.96,231.96,231.96,2026-07-30 12:20:00,18
2790.0,231.6228,231.65,231.62,231.65,231.62,2026-07-30 12:21:00,11
314.211168,231.9146,231.89,231.93,231.93,231.36,2026-07-30 12:22:00,12
780.0,232.2313,231.63,232.4,232.4,231.4551,2026-07-30 12:24:00,25
1358.007035,233.0188,232.89,233.5,233.5,232.89,2026-07-30 12:26:00,19
145.0,233.1617,233.44,233.0,233.44,233.0,2026-07-30 12:27:00,13
393.89224,233.1542,233.247,232.0,233.247,232.0,2026-07-30 12:28:00,22
636.0,233.895,232.99,234.69,234.69,232.99,2026-07-30 12:30:00,30
146.0,232.7196,232.0,232.0,232.0,232.0,2026-07-30 12:31:00,7
165.0,233.5641,233.77,233.77,233.77,233.77,2026-07-30 12:33:00,7
390.479306,233.2574,233.03,232.8003,233.03,232.8003,2026-07-30 12:34:00,26
205.0,233.626,233.47,233.47,233.47,233.47,2026-07-30 12:35:00,16
1504.0,234.8402,234.49,234.8524,235.15,234.49,2026-07-30 12:36:00,46
317.49002,235.0645,234.79,234.79,234.79,234.79,2026-07-30 12:37:00,21
361.0,234.6887,234.7,234.7,234.7,234.7,2026-07-30 12:38:00,6
1292.24215,234.6547,234.7,235.6311,235.6311,234.5,2026-07-30 12:39:00,13
318.0,235.2422,235.0,235.86,235.86,235.0,2026-07-30 12:41:00,25
376.007571,235.4107,235.86,235.56,235.86,235.0,2026-07-30 12:42:00,36
1399.0,235.0179,235.1,235.0,235.1,235.0,2026-07-30 12:43:00,26
902.0,235.0134,235.0,235.14,235.14,235.0,2026-07-30 12:44:00,10
554.0,235.2828,235.86,235.38,235.86,235.32,2026-07-30 12:45:00,25
637.0,234.8076,234.5,234.6543,235.0,234.5,2026-07-30 12:46:00,17
1526.0,235.0238,234.97,235.87,235.87,234.6543,2026-07-30 12:47:00,14
764.0,235.9507,235.57,236.14,236.14,235.57,2026-07-30 12:49:00,40
591.034539,236.0468,236.15,236.0,236.15,236.0,2026-07-30 12:50:00,19
212.0,235.8592,235.7322,236.0,236.0,235.7322,2026-07-30 12:51:00,16
541.0,236.0591,236.0,236.15,236.15,235.99,2026-07-30 12:52:00,22
545.0,236.4188,236.7098,236.34,236.9388,236.32,2026-07-30 12:53:00,50
167.0,236.9249,237.0,237.0,237.0,237.0,2026-07-30 12:54:00,13
906.0,236.9451,236.9,237.0,237.0,236.9,2026-07-30 12:55:00,20
769.0,236.7014,236.8853,236.39,236.8853,236.39,2026-07-30 12:56:00,18
757.0,236.0747,236.15,236.49,236.49,235.99,2026-07-30 12:57:00,37
203.0,236.5605,236.49,236.5,236.5,236.49,2026-07-30 12:58:00,25
123.0,236.5143,236.5,236.5,236.5,236.5,2026-07-30 12:59:00,5
996.0,236.9245,236.94,237.0,237.0,236.91,2026-07-30 13:00:00,37
164.0,237.0148,237.15,237.15,237.15,237.15,2026-07-30 13:01:00,15
158.0,237.1326,237.18,237.18,237.18,237.18,2026-07-30 13:02:00,10
263.919388,238.1549,237.2894,237.49,237.49,237.2894,2026-07-30 13:03:00,14
479.0,236.5371,236.5,236.5,236.56,236.5,2026-07-30 13:04:00,22
571.0,236.5447,236.5,236.5,236.64,236.5,2026-07-30 13:05:00,21
87.0,236.9536,237.0,237.0,237.0,237.0,2026-07-30 13:06:00,11
494.0,237.0939,237.0,237.3366,237.49,236.64,2026-07-30 13:07:00,17
801.011071,237.1039,237.49,236.96,237.5,236.71,2026-07-30 13:08:00,27
1089.0,236.9603,237.0,236.8,237.0,236.73,2026-07-30 13:09:00,15
5380.865212,235.2782,236.5,235.0,236.5,235.0,2026-07-30 13:10:00,62
14343.1924,233.4953,234.85,233.0,234.9,230.0,2026-07-30 13:11:00,286
608.2074,233.9226,233.0,234.3189,234.3189,233.0,2026-07-30 13:12:00,31
904.629461,235.6908,234.61,235.3762,236.124,234.61,2026-07-30 13:13:00,31
111.0,235.3192,235.34,235.34,235.34,235.34,2026-07-30 13:14:00,8
1074.0,234.9758,234.58,234.99,235.0,234.58,2026-07-30 13:15:00,12
1110.0,235.3045,235.0,235.7536,235.7536,235.0,2026-07-30 13:16:00,11
754.444249,235.2038,235.164,235.0,235.164,235.0,2026-07-30 13:17:00,31
1044.0,235.2472,235.1507,235.3,235.6166,235.1507,2026-07-30 13:18:00,11
698.0,235.3877,235.6917,235.0403,235.77,235.0403,2026-07-30 13:19:00,18
1054.0,235.4087,235.05,235.4,235.5,235.05,2026-07-30 13:20:00,13
242.175102,235.6268,235.47,235.46,235.47,235.46,2026-07-30 13:21:00,11
677.0,235.5926,235.65,235.68,235.69,235.46,2026-07-30 13:22:00,16
2995.0,235.9224,235.91,236.15,236.15,235.9,2026-07-30 13:23:00,39
157.0,236.8536,236.97,236.97,236.97,236.97,2026-07-30 13:24:00,14
704.0,236.8929,236.2094,237.01,237.01,236.2094,2026-07-30 13:25:00,21
2845.0,237.0254,237.0,237.5,237.5,236.1005,2026-07-30 13:26:00,71
850.007421,238.3708,237.75,239.01,239.01,237.75,2026-07-30 13:27:00,41
3878.048772,239.1975,238.96,240.0,240.15,238.0,2026-07-30 13:28:00,134
2070.0,242.2461,240.58,244.8,244.8,240.47,2026-07-30 13:29:00,115
196485.116219,242.7202,243.395,240.79,246.64,240.0,2026-07-30 13:30:00,2252
19836.237795,241.9923,241.16,243.58,243.58,240.19,2026-07-30 13:31:00,552
44349.875451,242.7527,243.8473,242.405,244.0,241.9,2026-07-30 13:32:00,760
24873.816054,241.5185,242.405,242.06,242.405,240.84,2026-07-30 13:33:00,664
29847.210874,241.8789,242.38,241.43,242.87,241.0,2026-07-30 13:34:00,645
22334.592977,241.5308,241.525,241.34,242.0,240.8,2026-07-30 13:35:00,625
28310.841942,240.8351,241.55,240.8965,241.95,240.0,2026-07-30 13:36:00,697
18008.209941,240.6302,241.48,240.73,241.9021,239.97,2026-07-30 13:37:00,495
22062.138421,241.321,240.12,241.54,241.95,240.12,2026-07-30 13:38:00,507
12260.256868,241.8134,241.47,241.265,242.99,240.85,2026-07-30 13:39:00,328
35610.830966,240.4691,241.26,240.245,241.4,239.85,2026-07-30 13:40:00,938
18484.276974,240.8826,240.25,240.955,241.66,240.15,2026-07-30 13:41:00,501
18817.585637,241.3424,241.3,240.66,241.99,240.46,2026-07-30 13:42:00,474
16130.762741,240.0161,240.795,240.71,240.91,239.3,2026-07-30 13:43:00,486
14945.404334,241.2884,240.7,241.66,241.8,240.66,2026-07-30 13:44:00,518
32983.397107,242.5048,241.585,243.255,243.49,241.585,2026-07-30 13:45:00,753
43535.439658,243.8939,243.26,244.195,244.55,243.26,2026-07-30 13:46:00,861
42491.781383,244.123,244.17,244.6499,244.6545,243.56,2026-07-30 13:47:00,812
24100.040158,244.3985,244.37,244.445,244.74,243.96,2026-07-30 13:48:00,570
17271.719801,244.859,244.6637,244.21,245.41,244.2,2026-07-30 13:49:00,621
16742.330626,244.6029,244.51,245.0,245.28,244.1,2026-07-30 13:50:00,551
12268.75131,245.1529,245.15,244.25,245.55,244.25,2026-07-30 13:51:00,382
15916.087233,243.5999,244.92,243.47,244.92,242.61,2026-07-30 13:52:00,622
32649.924873,244.6846,243.98,245.74,245.81,243.49,2026-07-30 13:53:00,984
20843.080655,245.3237,245.24,245.675,245.8,244.86,2026-07-30 13:54:00,494
16710.82225,245.2779,245.63,245.53,245.72,244.75,2026-07-30 13:55:00,515
16989.577344,245.316,245.39,244.92,245.75,244.62,2026-07-30 13:56:00,441
19715.267751,245.1948,245.08,245.255,245.65,244.63,2026-07-30 13:57:00,437
25542.64602,245.6472,245.045,246.49,246.5,244.77,2026-07-30 13:58:00,587
18619.517119,247.093,246.3983,247.71,247.79,246.205,2026-07-30 13:59:00,661
63925.840579,247.9208,247.73,248.68,248.68,247.0,2026-07-30 14:00:00,1308
92463.497517,248.9581,248.74,248.26,250.0,248.0,2026-07-30 14:01:00,3065
28728.364817,248.6975,248.26,248.32,249.51,248.18,2026-07-30 14:02:00,678
24987.864627,248.2702,248.6042,248.71,248.96,247.79,2026-07-30 14:03:00,775
24667.579298,248.4803,248.7997,248.851,248.97,248.23,2026-07-30 14:04:00,494
48090.468125,248.2128,248.61,246.98,249.24,246.36,2026-07-30 14:05:00,1051
15704.459896,245.5813,246.71,244.98,246.71,244.1901,2026-07-30 14:06:00,482
20683.352118,245.0514,244.695,243.525,245.36,243.24,2026-07-30 14:07:00,559
47389.754005,242.2042,243.475,241.85,243.62,241.6,2026-07-30 14:08:00,821
29159.442644,241.442,241.87,241.295,242.03,240.59,2026-07-30 14:09:00,654
34766.715864,241.9544,241.3,241.65,242.61,241.162,2026-07-30 14:10:00,708
12362.417354,241.6564,241.63,241.96,242.2,241.16,2026-07-30 14:11:00,397
24838.137118,241.7764,241.74,241.99,242.24,241.2,2026-07-30 14:12:00,567
12066.049264,241.7873,241.8,241.76,242.55,241.3,2026-07-30 14:13:00,417
7765.575465,241.5913,241.615,241.64,242.21,241.06,2026-07-30 14:14:00,277
18124.587948,242.1138,241.66,241.915,242.81,241.66,2026-07-30 14:15:00,533
16146.247943,241.4497,241.83,242.225,242.36,241.0,2026-07-30 14:16:00,505
10844.097278,241.9931,242.225,241.8,242.6099,241.7,2026-07-30 14:17:00,339
32915.102408,242.3988,241.62,243.345,243.51,241.46,2026-07-30 14:18:00,885
15116.389323,243.6275,243.64,243.58,244.46,243.0875,2026-07-30 14:19:00,462
8557.789198,243.803,243.8,243.7,244.22,243.41,2026-07-30 14:20:00,341
10682.392253,244.2633,243.7,244.435,244.61,243.7,2026-07-30 14:21:00,365
18354.319546,244.3137,244.6,244.245,244.7299,243.89,2026-07-30 14:22:00,493
13100.930433,245.1031,244.49,245.19,245.8,244.465,2026-07-30 14:23:00,443
23118.841755,244.9297,245.19,244.895,245.68,244.29,2026-07-30 14:24:00,452
13764.928578,246.0118,245.04,246.8,246.8,245.0,2026-07-30 14:25:00,383
18421.922219,246.76,246.935,246.6148,247.36,246.1,2026-07-30 14:26:00,493
10078.994494,247.1664,246.26,248.0,248.0,246.22,2026-07-30 14:27:00,349
24561.007858,248.9158,247.92,249.23,249.57,247.92,2026-07-30 14:28:00,560
31331.837594,249.1433,249.31,249.64,249.67,248.9,2026-07-30 14:29:00,667
42794.527225,248.7058,249.62,248.22,249.62,247.3001,2026-07-30 14:30:00,738
21276.069649,248.7658,248.61,249.21,249.44,248.22,2026-07-30 14:31:00,467
11403.674153,249.0805,249.35,249.1,249.44,248.76,2026-07-30 14:32:00,286
21658.220166,249.7272,249.1,250.05,250.05,249.1,2026-07-30 14:33:00,598
18371.637563,250.1458,250.065,249.79,250.59,249.5,2026-07-30 14:34:00,513
39071.807002,249.7939,250.11,249.3061,250.37,248.5201,2026-07-30 14:35:00,591
20588.714858,249.2384,249.0,249.39,249.77,248.74,2026-07-30 14:36:00,360
17373.320435,249.6317,249.77,249.42,249.8796,249.3,2026-07-30 14:37:00,396
38480.261896,248.9727,249.3,248.56,249.4817,248.3,2026-07-30 14:38:00,536
10933.279697,248.37,248.305,248.52,248.53,248.14,2026-07-30 14:39:00,305
8534.648604,248.6663,248.33,248.32,249.02,248.07,2026-07-30 14:40:00,308
14291.986416,248.5687,248.49,248.43,249.0,248.1,2026-07-30 14:41:00,393
19374.215329,248.5042,248.255,248.11,248.96,248.1,2026-07-30 14:42:00,445
14017.638568,247.5748,248.0,247.75,248.055,247.215,2026-07-30 14:43:00,374
36039.785205,247.4295,247.69,247.51,247.99,247.0,2026-07-30 14:44:00,605
29809.749495,247.619,247.72,247.57,247.88,247.32,2026-07-30 14:45:00,530
18905.448593,247.3511,247.57,246.6595,248.1299,246.18,2026-07-30 14:46:00,454
13589.565379,246.9027,246.64,247.03,247.19,246.64,2026-07-30 14:47:00,320
32106.441886,247.1442,247.12,247.09,247.59,246.04,2026-07-30 14:48:00,654
5751.722009,247.127,247.035,247.425,247.53,246.59,2026-07-30 14:49:00,204
11255.378247,247.6065,247.57,247.06,248.13,247.06,2026-07-30 14:50:00,316
10199.705618,246.3306,246.99,245.55,247.19,245.55,2026-07-30 14:51:00,284
8192.487968,245.878,245.87,245.765,246.2456,245.56,2026-07-30 14:52:00,268
9216.784783,245.7115,245.765,245.745,246.106,245.5,2026-07-30 14:53:00,263
10210.46661,245.0153,245.75,244.48,245.75,244.475,2026-07-30 14:54:00,341
12069.779219,244.3049,244.34,244.43,244.65,243.9001,2026-07-30 14:55:00,331
19358.522521,243.8333,244.27,243.865,244.365,243.51,2026-07-30 14:56:00,385
10208.450561,244.4516,243.79,245.0,245.11,243.67,2026-07-30 14:57:00,337
7303.198704,244.9669,245.15,245.03,245.28,244.66,2026-07-30 14:58:00,256
9799.199803,244.9231,245.01,244.825,245.329,244.48,2026-07-30 14:59:00,269
7059.781978,244.4104,244.88,243.85,244.88,243.85,2026-07-30 15:00:00,246
13807.36949,244.4053,244.07,244.48,244.76,243.95,2026-07-30 15:01:00,384
14202.334471,244.8829,244.5,245.7,245.7,244.41,2026-07-30 15:02:00,379
12147.378037,246.2464,245.845,246.24,246.77,245.805,2026-07-30 15:03:00,335
35736.389493,246.5549,246.42,247.31,247.31,246.33,2026-07-30 15:04:00,518
10440.521451,247.401,247.035,247.99,248.53,246.9,2026-07-30 15:05:00,423
16591.160218,248.0913,248.02,247.655,248.525,247.48,2026-07-30 15:06:00,408
10925.063409,246.9619,247.88,246.49,247.88,246.23,2026-07-30 15:07:00,314
6430.758342,246.6634,246.325,247.22,247.22,246.24,2026-07-30 15:08:00,232
5164.037266,247.8055,247.25,248.19,248.19,247.25,2026-07-30 15:09:00,219
8254.828258,247.3439,248.12,246.6,248.12,246.4,2026-07-30 15:10:00,283
12352.09976,245.2278,246.6,245.1,246.9,244.4101,2026-07-30 15:11:00,335
26104.45868,245.7252,245.05,245.6325,245.8048,244.57,2026-07-30 15:12:00,235
11428.346,244.8869,245.61,245.18,245.82,244.0101,2026-07-30 15:13:00,251
7890.079736,245.1676,244.89,245.14,245.26,244.73,2026-07-30 15:14:00,225
9144.052015,245.5182,244.93,246.29,246.29,244.7,2026-07-30 15:15:00,353
6390.014617,246.2239,245.7408,246.245,246.78,245.7408,2026-07-30 15:16:00,214
8055.850878,245.397,246.49,244.7,246.49,244.6,2026-07-30 15:17:00,229
3991.526694,245.1278,244.71,245.65,245.65,244.69,2026-07-30 15:18:00,155
5733.155942,245.3176,245.39,245.36,245.7299,244.87,2026-07-30 15:19:00,212
5665.110864,245.5203,245.35,245.81,246.0399,244.99,2026-07-30 15:20:00,190
7581.229278,246.1766,245.96,245.9187,246.78,245.805,2026-07-30 15:21:00,260
3277.887238,246.0126,245.985,246.259,246.26,245.53,2026-07-30 15:22:00,157
9767.82714,245.7362,245.88,245.345,246.1,245.1101,2026-07-30 15:23:00,264
3730.930503,245.5461,245.1845,245.37,245.68,245.1647,2026-07-30 15:24:00,150
8025.95127,245.7566,245.5,245.385,246.44,245.1279,2026-07-30 15:25:00,272
10918.202974,244.8531,245.385,245.52,245.52,244.02,2026-07-30 15:26:00,255
6979.763483,245.2993,245.56,244.975,245.86,244.65,2026-07-30 15:27:00,211
7219.52129,244.9037,244.79,245.2,245.23,244.7,2026-07-30 15:28:00,158
9157.432272,244.93,245.025,245.075,245.3,244.5,2026-07-30 15:29:00,237
6859.64202,244.9299,245.075,244.56,245.43,244.56,2026-07-30 15:30:00,188
9076.07183,245.1542,244.56,245.09,245.46,244.56,2026-07-30 15:31:00,216
3470.365333,245.4064,245.39,245.63,245.63,245.125,2026-07-30 15:32:00,181
9892.947815,245.9014,245.68,246.195,246.49,245.48,2026-07-30 15:33:00,292
6620.341247,245.7422,246.04,245.8,246.32,245.51,2026-07-30 15:34:00,208
3233.913477,246.0365,246.1,245.845,246.47,245.78,2026-07-30 15:35:00,184
5577.930178,246.0321,245.825,246.14,246.2403,245.7,2026-07-30 15:36:00,187
7620.671738,245.833,246.135,245.34,246.36,245.29,2026-07-30 15:37:00,269
6441.500309,244.8782,245.24,244.91,245.25,244.6028,2026-07-30 15:38:00,150
6380.455985,245.1262,244.91,245.27,245.51,244.84,2026-07-30 15:39:00,219
5488.517511,245.4899,245.27,245.15,245.83,245.15,2026-07-30 15:40:00,177
8011.966103,245.3523,245.33,245.2398,245.5117,245.05,2026-07-30 15:41:00,191
7520.157119,245.2866,245.31,245.5,245.58,245.0,2026-07-30 15:42:00,224
5036.012273,245.4968,245.49,245.74,245.75,245.215,2026-07-30 15:43:00,165
8729.719967,245.9732,245.7,245.73,246.28,245.61,2026-07-30 15:44:00,274
3555.571804,245.9272,245.6875,245.8,246.07,245.675,2026-07-30 15:45:00,152
7095.662693,246.1201,245.83,246.145,246.35,245.83,2026-07-30 15:46:00,242
4538.07724,246.2728,246.145,246.2,246.509,245.95,2026-07-30 15:47:00,168
11325.161747,246.0453,246.355,245.985,246.355,245.7,2026-07-30 15:48:00,275
5822.899004,246.1709,246.045,246.67,246.67,245.8,2026-07-30 15:49:00,207
8489.341182,246.4916,246.47,246.28,246.96,246.085,2026-07-30 15:50:00,262
7303.014441,246.4459,246.25,246.88,246.88,245.75,2026-07-30 15:51:00,211
6797.532308,246.1152,246.75,245.465,246.8699,245.39,2026-07-30 15:52:00,231
2871.315706,246.012,245.75,246.03,246.2,245.725,2026-07-30 15:53:00,110
8025.503855,246.0481,246.095,246.42,246.45,245.75,2026-07-30 15:54:00,250
13062.686941,246.9231,246.4,247.6199,247.66,246.38,2026-07-30 15:55:00,303
4586.694726,247.1436,247.04,247.31,247.325,246.93,2026-07-30 15:56:00,162
16536.602795,247.1965,247.27,246.8,247.51,246.79,2026-07-30 15:57:00,251
23157.584298,246.4647,246.8,246.6199,246.81,246.18,2026-07-30 15:58:00,363
9198.901155,246.3614,246.42,246.155,246.51,246.15,2026-07-30 15:59:00,290
17141.14096,246.1787,246.205,245.85,246.46,245.8,2026-07-30 16:00:00,282
9281.953499,245.8548,245.81,246.25,246.44,245.07,2026-07-30 16:01:00,222
5131.057618,246.5791,246.3475,246.8,246.8,246.215,2026-07-30 16:02:00,206
4807.375323,246.6999,246.63,246.9055,246.9873,246.33,2026-07-30 16:03:00,206
5903.708989,247.1413,246.99,247.11,247.4599,246.83,2026-07-30 16:04:00,158
9797.57875,247.4452,247.34,247.57,247.71,247.06,2026-07-30 16:05:00,204
5235.385582,247.3278,247.42,247.215,247.71,247.16,2026-07-30 16:06:00,179
8106.469973,247.1937,247.15,247.04,247.3,246.87,2026-07-30 16:07:00,182
3647.044593,246.9441,247.08,246.9,247.11,246.735,2026-07-30 16:08:00,149
4965.924622,246.8704,246.89,246.86,247.09,246.65,2026-07-30 16:09:00,201
3240.403644,246.9008,246.86,246.765,247.0,246.5751,2026-07-30 16:10:00,131
3044.654639,246.8374,246.835,246.82,246.88,246.59,2026-07-30 16:11:00,155
6422.284368,246.9067,246.74,247.08,247.23,246.62,2026-07-30 16:12:00,265
10388.188781,247.4501,247.25,247.365,247.71,247.23,2026-07-30 16:13:00,209
6700.789703,247.2139,247.49,247.195,247.49,246.99,2026-07-30 16:14:00,242
5209.157997,247.2408,247.28,246.73,247.6399,246.73,2026-07-30 16:15:00,249
7013.416007,246.9059,246.7,247.24,247.24,246.7,2026-07-30 16:16:00,225
4239.036836,247.1123,247.21,247.11,247.31,246.87,2026-07-30 16:17:00,156
2743.743021,246.8955,246.92,247.0,247.0,246.64,2026-07-30 16:18:00,139
3913.889987,246.8504,247.1,246.73,247.1,246.63,2026-07-30 16:19:00,168
7308.173371,246.8016,246.725,246.915,247.08,246.61,2026-07-30 16:20:00,242
8301.964427,246.7599,246.83,246.795,246.98,246.5,2026-07-30 16:21:00,192
5535.838857,246.7725,246.97,246.81,247.03,246.5,2026-07-30 16:22:00,239
20810.209434,246.5041,246.78,246.645,246.91,246.1,2026-07-30 16:23:00,346
3820.144452,246.7635,246.645,246.79,246.94,246.645,2026-07-30 16:24:00,163
7548.255059,246.5871,246.78,246.55,246.78,246.34,2026-07-30 16:25:00,222
3626.915459,246.4312,246.638,246.395,246.638,246.21,2026-07-30 16:26:00,179
15961.748235,246.5798,246.39,246.86,247.13,246.2801,2026-07-30 16:27:00,272
3545.274643,246.7802,247.045,246.8,247.045,246.61,2026-07-30 16:28:00,135
2545.812359,246.8873,246.75,246.78,246.97,246.7,2026-07-30 16:29:00,137
5381.409962,246.2698,246.61,245.8,246.68,245.8,2026-07-30 16:30:00,184
4206.06104,245.4443,245.8,245.51,245.8,245.1901,2026-07-30 16:31:00,154
6255.185901,245.0912,245.4163,245.23,245.4163,244.99,2026-07-30 16:32:00,218
2566.177259,244.9583,245.05,244.845,245.05,244.6798,2026-07-30 16:33:00,102
7471.910586,245.1772,244.845,245.1,245.52,244.83,2026-07-30 16:34:00,226
5366.217801,245.0164,245.1,244.53,245.52,244.51,2026-07-30 16:35:00,190
3317.363693,244.9055,244.72,245.04,245.04,244.705,2026-07-30 16:36:00,96
1815.95825,244.9034,244.82,244.6875,244.86,244.6,2026-07-30 16:37:00,94
1263.829445,244.8552,244.67,244.68,244.755,244.665,2026-07-30 16:38:00,89
2554.27715,244.7423,244.625,244.662,244.8,244.5,2026-07-30 16:39:00,109
7099.81182,244.1017,244.5,243.57,244.5,243.54,2026-07-30 16:40:00,265
4085.575948,243.4186,243.565,243.57,243.71,243.01,2026-07-30 16:41:00,139
4153.518474,243.2701,243.3125,243.0,243.3404,243.0,2026-07-30 16:42:00,184
5774.199697,243.0887,242.89,242.83,243.33,242.765,2026-07-30 16:43:00,181
3184.926084,243.0995,243.0,242.98,243.1,242.8,2026-07-30 16:44:00,100
6414.404461,243.5664,243.0881,243.945,244.1,242.98,2026-07-30 16:45:00,200
5288.729148,243.9257,244.15,243.59,244.2,243.52,2026-07-30 16:46:00,162
3802.892026,243.7305,243.55,243.635,243.84,243.47,2026-07-30 16:47:00,128
3086.240614,243.5987,243.65,243.66,243.77,243.3475,2026-07-30 16:48:00,126
2358.51904,243.9212,243.515,244.34,244.34,243.515,2026-07-30 16:49:00,115
8099.880457,244.2346,244.3,244.13,244.42,244.0,2026-07-30 16:50:00,175
3833.984801,244.9029,244.4224,245.41,245.42,244.27,2026-07-30 16:51:00,161
3488.033094,245.2003,245.52,245.215,245.52,244.94,2026-07-30 16:52:00,149
5007.494,245.0868,245.2,244.76,245.28,244.76,2026-07-30 16:53:00,172
2185.980124,244.6749,244.77,244.5,244.77,244.46,2026-07-30 16:54:00,90
2657.749719,244.9571,244.64,244.85,245.11,244.64,2026-07-30 16:55:00,122
2353.461472,245.0964,245.095,245.12,245.27,244.8211,2026-07-30 16:56:00,106
1652.7721,245.394,245.17,245.2113,245.43,245.0968,2026-07-30 16:57:00,114
5765.09924,245.3215,245.395,245.54,245.59,245.151,2026-07-30 16:58:00,165
6604.797324,245.6491,245.61,245.66,245.83,245.4858,2026-07-30 16:59:00,183
6423.441917,246.0002,245.82,246.06,246.32,245.78,2026-07-30 17:00:00,191
4518.166305,246.2367,246.2999,246.28,246.43,245.905,2026-07-30 17:01:00,144
5568.10425,245.8541,246.245,245.48,246.245,245.48,2026-07-30 17:02:00,198
1541.805759,245.6944,245.54,245.39,245.64,245.39,2026-07-30 17:03:00,74
1903.157548,245.5374,245.3,245.42,245.66,245.3,2026-07-30 17:04:00,74
1651.48876,245.7484,245.64,245.63,245.74,245.34,2026-07-30 17:05:00,93
3557.2372,246.1202,245.69,246.18,246.42,245.69,2026-07-30 17:06:00,154
2580.3249,245.9544,246.225,245.7,246.225,245.7,2026-07-30 17:07:00,126
3339.315,246.0187,245.7,246.11,246.29,245.7,2026-07-30 17:08:00,121
4830.391566,246.0598,246.17,245.77,246.22,245.77,2026-07-30 17:09:00,153
3395.55363,246.0004,245.97,245.86,246.07,245.82,2026-07-30 17:10:00,111
4516.920928,245.7073,245.75,245.82,245.91,245.55,2026-07-30 17:11:00,196
5014.25995,245.6165,245.82,245.45,245.82,245.45,2026-07-30 17:12:00,147
1978.744285,245.4359,245.515,245.37,245.515,245.2,2026-07-30 17:13:00,90
3157.763154,245.4494,245.37,245.5,245.52,245.21,2026-07-30 17:14:00,115
2308.629036,245.6266,245.365,245.72,245.73,245.365,2026-07-30 17:15:00,127
4737.027877,245.9044,245.65,246.015,246.09,245.59,2026-07-30 17:16:00,127
3695.589783,246.2748,246.0999,246.18,246.48,246.01,2026-07-30 17:17:00,115
3769.747418,246.2531,246.3225,246.175,246.39,246.01,2026-07-30 17:18:00,113
3982.831807,246.3626,246.165,246.59,246.59,246.05,2026-07-30 17:19:00,159
1950.202721,246.5622,246.44,246.655,246.66,246.34,2026-07-30 17:20:00,107
2021.25478,246.5986,246.48,246.64,246.74,246.4001,2026-07-30 17:21:00,100
8644.672495,246.1186,246.54,246.02,246.54,245.91,2026-07-30 17:22:00,231
4922.031312,246.3237,246.015,246.6288,246.6288,245.87,2026-07-30 17:23:00,106
3433.276334,246.4927,246.46,246.4301,246.6,246.22,2026-07-30 17:24:00,101
2760.402229,246.37,246.43,246.03,246.61,245.94,2026-07-30 17:25:00,131
3778.81564,246.1789,246.185,246.26,246.27,246.01,2026-07-30 17:26:00,83
2707.588635,246.471,246.05,246.405,246.58,246.05,2026-07-30 17:27:00,120
5916.607732,246.3506,246.375,246.61,246.62,246.1014,2026-07-30 17:28:00,153
2341.036263,246.421,246.6,246.58,246.61,246.21,2026-07-30 17:29:00,94
3669.77028,246.4466,246.4,246.185,246.61,246.11,2026-07-30 17:30:00,209
4194.23409,246.1314,246.18,246.025,246.3,246.02,2026-07-30 17:31:00,205
4907.366892,246.2025,246.02,246.14,246.3699,245.905,2026-07-30 17:32:00,164
4793.88592,246.0889,246.16,245.905,246.33,245.7,2026-07-30 17:33:00,129
6099.254945,246.0708,246.1,246.18,246.21,245.9,2026-07-30 17:34:00,147
3109.79489,246.3014,246.12,246.22,246.39,246.12,2026-07-30 17:35:00,153
2168.8936,246.2704,246.205,246.11,246.37,246.04,2026-07-30 17:36:00,71
3359.893054,246.106,246.11,246.01,246.29,245.91,2026-07-30 17:37:00,178
3252.141698,245.8694,245.99,245.735,246.05,245.6671,2026-07-30 17:38:00,135
3466.914185,245.6125,245.735,245.36,245.735,245.36,2026-07-30 17:39:00,161
3273.322882,245.6949,245.425,245.621,245.82,245.425,2026-07-30 17:40:00,128
2133.703047,245.8912,245.8395,245.72,245.92,245.62,2026-07-30 17:41:00,94
4453.450196,245.961,245.93,245.895,246.15,245.82,2026-07-30 17:42:00,174
4343.533186,246.3237,246.01,246.285,246.55,246.01,2026-07-30 17:43:00,133
1249.144088,246.254,246.285,246.46,246.46,246.03,2026-07-30 17:44:00,70
11026.971305,246.3205,246.23,246.205,246.45,246.0001,2026-07-30 17:45:00,212
6397.97976,246.3861,246.1577,246.415,246.52,246.06,2026-07-30 17:46:00,189
5254.39776,246.2787,246.415,246.14,246.51,246.0212,2026-07-30 17:47:00,195
1544.504667,246.2301,246.17,246.13,246.17,246.06,2026-07-30 17:48:00,81
2652.64771,246.1199,246.07,246.045,246.22,245.88,2026-07-30 17:49:00,134
3481.940818,246.0147,245.9367,246.0,246.045,245.79,2026-07-30 17:50:00,218
4249.04766,246.3047,245.8259,246.45,246.5,245.8259,2026-07-30 17:51:00,176
6709.380606,246.3331,246.35,246.18,246.55,245.95,2026-07-30 17:52:00,228
5304.050271,246.1419,246.19,246.175,246.21,245.94,2026-07-30 17:53:00,145
5759.142095,246.2304,246.17,246.47,246.47,246.1,2026-07-30 17:54:00,222
10587.879116,246.2205,246.36,246.1,246.375,246.035,2026-07-30 17:55:00,297
1480.95256,246.3378,246.04,246.19,246.25,246.0,2026-07-30 17:56:00,81
1493.293301,246.318,246.16,246.41,246.45,246.16,2026-07-30 17:57:00,89
5739.640665,246.3777,246.265,246.41,246.52,246.23,2026-07-30 17:58:00,239
2714.101357,246.3756,246.305,246.38,246.475,246.3,2026-07-30 17:59:00,128
4671.684776,246.6601,246.39,246.62,246.83,246.33,2026-07-30 18:00:00,185
4218.854222,246.7477,246.55,246.87,246.88,246.55,2026-07-30 18:01:00,131
4861.041933,246.7316,246.78,246.755,246.835,246.65,2026-07-30 18:02:00,165
5848.316,246.624,246.76,246.53,246.85,246.43,2026-07-30 18:03:00,230
3581.1,246.4875,246.61,246.38,246.61,246.38,2026-07-30 18:04:00,155
4548.121713,246.3937,246.39,246.475,246.54,246.3,2026-07-30 18:05:00,174
4533.802968,246.7836,246.3,247.035,247.035,246.3,2026-07-30 18:06:00,159
4020.04516,246.8615,247.0,246.74,247.05,246.7,2026-07-30 18:07:00,148
3364.76667,246.7258,246.705,246.54,246.84,246.51,2026-07-30 18:08:00,139
3511.864839,246.8517,246.67,246.82,246.94,246.67,2026-07-30 18:09:00,108
12869.43572,247.0651,246.93,246.76,247.31,246.53,2026-07-30 18:10:00,419
3548.839543,246.7927,246.695,246.85,246.85,246.68,2026-07-30 18:11:00,120
3749.524952,246.4171,246.53,246.245,246.63,246.0,2026-07-30 18:12:00,179
2313.726182,246.3894,246.22,246.37,246.42,246.11,2026-07-30 18:13:00,89
3524.82711,246.5391,246.39,246.31,246.6,246.295,2026-07-30 18:14:00,129
5589.623304,246.2553,246.46,246.08,246.46,245.95,2026-07-30 18:15:00,225
2835.908563,246.0863,246.0,246.06,246.11,245.82,2026-07-30 18:16:00,129
1911.0,245.9827,245.975,245.87,246.09,245.76,2026-07-30 18:17:00,94
1423.828182,246.1769,245.94,246.09,246.09,245.87,2026-07-30 18:18:00,95
11392.430118,245.9123,245.8,245.6893,246.09,245.5,2026-07-30 18:19:00,326
3202.5,245.7934,245.6,245.8,245.9,245.6,2026-07-30 18:20:00,109
7679.533962,246.108,245.8,246.24,246.24,245.785,2026-07-30 18:21:00,195
1776.0,246.3056,246.105,246.52,246.52,246.105,2026-07-30 18:22:00,103
5356.75897,246.5021,246.54,246.465,246.555,246.39,2026-07-30 18:23:00,225
4650.727621,246.494,246.41,246.45,246.62,246.33,2026-07-30 18:24:00,182
1482.51781,246.5686,246.41,246.59,246.66,246.3,2026-07-30 18:25:00,76
12411.900132,246.849,246.62,246.97,247.0,246.54,2026-07-30 18:26:00,386
14270.0,246.471,246.76,246.38,246.87,246.34,2026-07-30 18:27:00,252
6868.417269,246.5294,246.38,246.34,246.6,246.34,2026-07-30 18:28:00,199
3728.604243,246.3213,246.5,246.13,246.5,246.1,2026-07-30 18:29:00,114
3080.097059,246.2473,246.26,246.26,246.37,246.05,2026-07-30 18:30:00,156
2593.065,246.2114,246.32,245.94,246.32,245.94,2026-07-30 18:31:00,117
5850.004293,245.9753,246.095,246.04,246.095,245.83,2026-07-30 18:32:00,160
2148.59458,246.1467,246.06,246.075,246.18,245.98,2026-07-30 18:33:00,89
17876.755638,245.842,246.075,245.905,246.12,245.7,2026-07-30 18:34:00,281
1211.45033,246.0349,245.92,245.925,246.0658,245.72,2026-07-30 18:35:00,64
4325.036452,245.9548,246.0,245.945,246.1,245.9,2026-07-30 18:36:00,128
5369.439503,246.1075,245.95,245.985,246.3081,245.7901,2026-07-30 18:37:00,204
2568.58896,245.9846,245.985,245.8,246.18,245.74,2026-07-30 18:38:00,115
3473.421506,245.5216,245.69,245.29,245.69,245.29,2026-07-30 18:39:00,183
5941.492876,245.7176,245.29,246.0,246.08,245.29,2026-07-30 18:40:00,228
13547.142447,245.9491,246.08,245.935,246.08,245.79,2026-07-30 18:41:00,248
4483.012182,246.0764,245.94,246.135,246.3,245.895,2026-07-30 18:42:00,112
3061.598121,246.2196,246.17,246.28,246.29,246.05,2026-07-30 18:43:00,102
7268.178623,246.3476,246.28,246.67,246.67,246.1,2026-07-30 18:44:00,262
4359.405,246.5317,246.575,246.49,246.71,246.32,2026-07-30 18:45:00,126
5521.982473,246.4459,246.49,246.51,246.63,246.29,2026-07-30 18:46:00,150
5744.078063,246.5813,246.65,246.565,246.68,246.48,2026-07-30 18:47:00,132
3367.003756,246.607,246.565,246.7,246.73,246.55,2026-07-30 18:48:00,159
7428.497941,246.591,246.58,246.56,246.69,246.44,2026-07-30 18:49:00,177
9188.373531,246.4557,246.56,246.42,246.59,246.24,2026-07-30 18:50:00,243
6892.081321,246.0983,246.335,245.52,246.36,245.52,2026-07-30 18:51:00,279
7043.469609,245.6674,245.565,245.64,245.74,245.4006,2026-07-30 18:52:00,103
4196.981403,245.7096,245.64,245.63,245.8696,245.54,2026-07-30 18:53:00,109
3890.21643,245.6386,245.63,245.4,245.8664,245.39,2026-07-30 18:54:00,175
2919.260431,245.4121,245.395,245.18,245.58,245.18,2026-07-30 18:55:00,143
6612.483737,245.0366,245.18,244.95,245.35,244.82,2026-07-30 18:56:00,223
9143.2381,245.1086,245.08,245.26,245.26,244.98,2026-07-30 18:57:00,227
5078.355571,245.265,245.2,245.39,245.39,245.0,2026-07-30 18:58:00,160
5829.247072,245.5792,245.39,245.64,245.77,245.37,2026-07-30 18:59:00,247
6299.769895,245.969,245.74,246.32,246.37,245.74,2026-07-30 19:00:00,213
2581.0736,246.213,246.36,246.21,246.37,246.165,2026-07-30 19:01:00,153
3517.606169,246.3514,246.345,246.345,246.5,246.05,2026-07-30 19:02:00,139
3588.316748,246.2459,246.2,246.34,246.34,246.105,2026-07-30 19:03:00,151
3253.1465,246.3874,246.3699,246.605,246.7,246.231,2026-07-30 19:04:00,142
8244.459683,246.8846,246.63,247.435,247.435,246.57,2026-07-30 19:05:00,278
8486.93588,247.4927,247.32,247.86,247.86,247.19,2026-07-30 19:06:00,265
7034.623618,248.0847,247.98,248.11,248.2699,247.98,2026-07-30 19:07:00,216
5785.729119,247.977,248.11,247.715,248.11,247.67,2026-07-30 19:08:00,238
3878.17442,247.8464,247.71,248.02,248.0487,247.68,2026-07-30 19:09:00,142
6907.095579,248.2659,247.87,248.46,248.46,247.87,2026-07-30 19:10:00,215
23010.502901,247.5196,248.46,248.4,248.76,248.3,2026-07-30 19:11:00,297
10557.038,248.3903,248.29,248.49,248.66,248.2,2026-07-30 19:12:00,297
5129.893127,248.5699,248.5,248.44,248.7,248.4,2026-07-30 19:13:00,164
13853.38849,247.1827,248.44,248.37,248.445,248.3,2026-07-30 19:14:00,184
8500.508275,248.1549,248.22,247.975,248.399,247.87,2026-07-30 19:15:00,262
6796.607841,248.4516,247.965,248.78,248.79,247.87,2026-07-30 19:16:00,176
7469.850823,249.0207,248.83,249.13,249.27,248.83,2026-07-30 19:17:00,230
10212.590178,249.5564,249.27,249.6925,249.81,249.24,2026-07-30 19:18:00,223
14460.141647,249.4986,249.695,249.37,249.74,249.27,2026-07-30 19:19:00,311
8379.4901,249.1356,249.38,249.005,249.38,248.94,2026-07-30 19:20:00,281
5808.573663,248.812,248.89,248.71,248.91,248.68,2026-07-30 19:21:00,189
11139.766594,248.6307,248.67,248.68,248.82,248.36,2026-07-30 19:22:00,248
7803.624823,248.9941,248.75,249.17,249.18,248.74,2026-07-30 19:23:00,206
11768.262015,248.9175,249.18,248.59,249.23,248.5,2026-07-30 19:24:00,302
6924.13357,248.4848,248.49,248.26,248.67,248.26,2026-07-30 19:25:00,220
4646.010549,248.4371,248.24,248.625,248.75,248.18,2026-07-30 19:26:00,184
7865.5953,248.475,248.64,248.325,248.78,248.06,2026-07-30 19:27:00,269
12100.887894,248.6242,248.29,248.67,248.86,248.29,2026-07-30 19:28:00,271
9733.783829,248.4311,248.64,248.33,248.7099,248.25,2026-07-30 19:29:00,313
14759.083791,248.29,248.19,248.46,248.71,247.88,2026-07-30 19:30:00,413
7782.005098,248.165,248.43,248.25,248.43,248.03,2026-07-30 19:31:00,291
9615.474079,248.2808,248.28,248.025,248.51,247.97,2026-07-30 19:32:00,317
13070.803974,248.5642,248.025,248.9,248.99,248.025,2026-07-30 19:33:00,395
11653.446761,249.0693,248.98,249.185,249.28,248.96,2026-07-30 19:34:00,372
15774.339704,249.3912,249.185,249.31,249.79,249.185,2026-07-30 19:35:00,477
27170.902762,249.1344,249.27,249.3175,249.485,248.95,2026-07-30 19:36:00,538
18841.150865,249.5808,249.31,249.62,249.81,249.31,2026-07-30 19:37:00,459
10716.079624,249.6896,249.57,249.7675,249.87,249.57,2026-07-30 19:38:00,300
33860.143956,249.9366,249.8,250.09,250.2475,249.73,2026-07-30 19:39:00,754
42154.709737,249.6805,249.97,249.17,250.32,249.17,2026-07-30 19:40:00,733
19307.954312,249.6569,249.16,249.58,250.0,249.1,2026-07-30 19:41:00,604
12025.61495,249.5285,249.395,249.37,249.62,249.1722,2026-07-30 19:42:00,254
7002.600099,249.4217,249.33,249.36,249.55,249.1823,2026-07-30 19:43:00,265
6007.126506,249.5526,249.36,249.4,249.725,249.36,2026-07-30 19:44:00,227
7645.893716,249.7136,249.31,249.83,249.87,249.31,2026-07-30 19:45:00,273
14940.0979,249.9574,249.83,249.92,250.21,249.72,2026-07-30 19:46:00,478
9676.825772,250.023,249.75,250.15,250.25,249.72,2026-07-30 19:47:00,269
8834.811562,249.7191,250.08,249.41,250.08,249.385,2026-07-30 19:48:00,390
17241.99046,249.5034,249.315,249.475,249.64,249.24,2026-07-30 19:49:00,399
21609.537276,249.2563,249.37,249.13,249.475,248.99,2026-07-30 19:50:00,633
11246.017703,249.0402,249.15,248.805,249.19,248.67,2026-07-30 19:51:00,409
21062.833764,248.9621,248.91,248.83,249.1,248.68,2026-07-30 19:52:00,599
14355.534723,248.8555,248.84,248.56,249.05,248.4605,2026-07-30 19:53:00,535
18212.871255,248.6715,248.64,248.61,248.96,248.37,2026-07-30 19:54:00,560
23096.925379,248.5562,248.5,248.715,248.74,248.115,2026-07-30 19:55:00,715
33166.503918,248.6428,248.715,248.63,249.19,248.39,2026-07-30 19:56:00,995
33785.99982,248.5712,248.65,248.33,248.8125,248.32,2026-07-30 19:57:00,1134
40472.007,248.5097,248.33,248.6,248.63,248.33,2026-07-30 19:58:00,1202
96626.037255,249.0458,248.63,249.06,249.46,248.55,2026-07-30 19:59:00,2717
98842.764053,249.0619,249.06,249.06,249.06,249.06,2026-07-30 20:00:00,105
973.25418,249.9787,250.14,250.15,250.15,250.14,2026-07-30 20:01:00,51
1162.0,250.3968,250.4,250.4,250.4,250.4,2026-07-30 20:02:00,21
36270.0,249.0921,250.16,250.97,250.97,249.06,2026-07-30 20:03:00,12
387.0,251.2195,251.0,251.7291,251.7291,251.0,2026-07-30 20:05:00,34
961.0,251.5884,251.0,251.95,251.99,251.0,2026-07-30 20:07:00,52
447.0,251.6356,251.5,251.94,251.94,251.5,2026-07-30 20:08:00,13
73.0,251.0101,250.97,250.97,250.97,250.97,2026-07-30 20:09:00,8
1296.214182,249.3399,250.45,250.45,250.45,250.45,2026-07-30 20:11:00,18
66.468055,252.9093,251.5,251.5,251.5,251.5,2026-07-30 20:15:00,10
101.0,251.8569,251.8548,251.8548,251.8548,251.8548,2026-07-30 20:18:00,2
1878.048971,252.1523,252.0,252.5,252.5,252.0,2026-07-30 20:19:00,27
1160.0,252.4979,252.0,252.51,252.51,252.0,2026-07-30 20:20:00,25
475.042557,253.0061,252.84,252.99,252.99,252.8,2026-07-30 20:21:00,25
401.031384,253.4606,253.48,253.48,253.48,253.48,2026-07-30 20:22:00,10
2300.763235,253.5651,253.48,253.5,253.5,253.431,2026-07-30 20:23:00,30
219.045399,253.6283,253.8,253.8,253.8,253.8,2026-07-30 20:24:00,14
71.0,253.7437,253.8,253.8,253.8,253.8,2026-07-30 20:25:00,11
497.0,253.9811,253.9,254.0,254.0,253.9,2026-07-30 20:26:00,19
361.0,254.7548,255.0,254.77,255.0,254.77,2026-07-30 20:27:00,40
2989.52149,255.0927,254.96,255.29,255.29,254.96,2026-07-30 20:28:00,66
1623.0,255.0105,255.0,255.0,255.3553,254.77,2026-07-30 20:29:00,10
385.0,254.5216,254.9,254.9,254.9,254.9,2026-07-30 20:30:00,18
566.0,254.3174,254.3,254.3,254.3,254.3,2026-07-30 20:31:00,7
386.0,255.3619,255.3,255.52,255.52,255.0,2026-07-30 20:32:00,21
379.0,256.0339,255.9999,256.15,256.15,255.9999,2026-07-30 20:33:00,24
77.0,255.796,255.5,255.5,255.5,255.5,2026-07-30 20:34:00,6
561.0,249.5498,249.06,249.06,249.06,249.06,2026-07-30 20:35:00,11
272.0,255.6798,255.61,255.7,255.7,255.61,2026-07-30 20:36:00,12
57.0,255.4986,255.5,255.5,255.5,255.5,2026-07-30 20:37:00,6
609.031056,256.5295,256.65,256.73,256.789,256.63,2026-07-30 20:38:00,32
744.0,255.9521,256.6562,255.2292,256.9,255.2292,2026-07-30 20:39:00,12
258.0,255.2551,255.04,255.04,255.04,255.04,2026-07-30 20:41:00,6
637.040712,256.5556,255.69,256.76,256.76,255.69,2026-07-30 20:42:00,15
523.0,256.8178,256.778,256.778,256.87,256.778,2026-07-30 20:43:00,14
145.731137,257.9392,256.75,256.75,256.75,256.75,2026-07-30 20:44:00,10
104.0,256.131,255.5,255.5,255.5,255.5,2026-07-30 20:45:00,9
262.0,255.9773,255.96,255.96,255.96,255.96,2026-07-30 20:46:00,7
341.0,256.7469,256.7,256.8,256.8,256.7,2026-07-30 20:47:00,12
214.0,255.8997,256.0,255.5795,256.0,255.5795,2026-07-30 20:48:00,13
538.0,256.7283,256.77,256.77,256.77,256.77,2026-07-30 20:49:00,6
261.0,256.602,256.6,256.8,256.8,256.6,2026-07-30 20:50:00,6
204.0,256.5527,256.54,256.548,256.6,256.54,2026-07-30 20:51:00,9
219.085467,255.9671,255.2649,256.59,256.59,255.2649,2026-07-30 20:52:00,11
106.0,256.2269,256.1,256.1,256.1,256.1,2026-07-30 20:54:00,6
768750.0,249.0636,256.3,256.2132,257.0,256.2132,2026-07-30 20:55:00,14
208.0,256.727,256.79,256.7,256.79,256.7,2026-07-30 20:56:00,7
89.0,256.5617,256.69,256.69,256.69,256.69,2026-07-30 20:57:00,6
238.0,256.2817,256.43,256.15,256.43,256.15,2026-07-30 20:58:00,9
337.0,256.2173,256.12,256.01,256.518,256.01,2026-07-30 20:59:00,12
193.0,256.1963,256.43,256.17,256.43,256.17,2026-07-30 21:00:00,6
353.039362,256.6445,256.6,256.7,256.7,256.6,2026-07-30 21:03:00,14
111.0,256.4268,256.34,256.45,256.45,256.34,2026-07-30 21:05:00,8
202.0,256.1043,256.0,256.0,256.0,256.0,2026-07-30 21:06:00,11
300.0,256.0,256.0,256.0,256.0,256.0,2026-07-30 21:08:00,2
576.583291,256.4579,256.2835,256.19,256.2835,256.19,2026-07-30 21:09:00,12
188.0,256.4664,256.14,256.8,256.8,256.14,2026-07-30 21:10:00,40
231.0,256.4135,256.05,256.79,256.79,256.05,2026-07-30 21:11:00,4
51.0,256.4586,256.4,256.4,256.4,256.4,2026-07-30 21:12:00,7
662.0,256.4153,256.09,256.68,256.68,256.01,2026-07-30 21:13:00,14
452.0,256.1006,256.11,256.11,256.11,256.11,2026-07-30 21:15:00,6
147.0,256.3869,256.61,256.61,256.61,256.61,2026-07-30 21:16:00,11
361.0,256.7334,256.76,256.84,256.89,256.76,2026-07-30 21:19:00,20
112.381409,257.3983,256.5348,256.5348,256.5348,256.5348,2026-07-30 21:21:00,6
210.0,256.051,256.0,256.0,256.0,256.0,2026-07-30 21:22:00,3
1795.0,256.0537,256.34,256.0,256.4,256.0,2026-07-30 21:24:00,10
67.0,256.0594,256.0,256.0,256.0,256.0,2026-07-30 21:25:00,4
322.0,255.9759,256.0,256.0,256.0,256.0,2026-07-30 21:27:00,8
353.0,256.2077,256.4316,256.01,256.4316,256.01,2026-07-30 21:28:00,8
80.0,256.2124,256.43,256.43,256.43,256.43,2026-07-30 21:30:00,8
425.0,256.233,255.9,256.58,256.58,255.9,2026-07-30 21:31:00,10
120.0,255.5884,255.57,255.56,255.57,255.56,2026-07-30 21:32:00,7
137.0,255.8667,256.0,256.0,256.0,256.0,2026-07-30 21:33:00,7
432.0,255.966,256.0,256.0,256.0,256.0,2026-07-30 21:34:00,5
153.0,256.0137,255.96,256.5,256.5,255.96,2026-07-30 21:36:00,5
86.0,256.7209,256.88,256.88,256.88,256.88,2026-07-30 21:37:00,3
187.0,255.5568,255.03,256.0,256.0,255.03,2026-07-30 21:38:00,5
61.0,255.755,255.76,255.76,255.76,255.76,2026-07-30 21:41:00,3
273.0,255.6726,255.67,255.7,255.7,255.67,2026-07-30 21:42:00,17
257.0,256.8263,256.8459,256.8459,256.8459,256.8459,2026-07-30 21:43:00,6
174.0,255.3218,255.03,255.9,255.9,255.03,2026-07-30 21:46:00,6
1420.0,255.9862,255.93,256.0,256.0,255.93,2026-07-30 21:47:00,15
237.0,256.3223,256.3,256.3,256.3,256.3,2026-07-30 21:51:00,5
78.0,256.4688,256.46,256.46,256.46,256.46,2026-07-30 21:52:00,5
129.0,256.4033,256.38,256.38,256.38,256.38,2026-07-30 21:53:00,3
1327.0,255.8041,255.86,256.87,256.87,255.5,2026-07-30 21:54:00,60
355.0,255.6458,255.35,255.2,255.35,255.2,2026-07-30 21:55:00,14
273.0,255.1766,255.05,255.03,255.05,255.03,2026-07-30 21:56:00,24
175.0,254.9038,254.85,254.94,254.94,254.85,2026-07-30 21:57:00,15
63.0,254.184,254.1512,254.1512,254.1512,254.1512,2026-07-30 21:58:00,3
1094.0,254.0239,254.0,253.85,254.0,253.85,2026-07-30 21:59:00,13
1265.0,255.019,255.1467,254.5,255.1467,254.5,2026-07-30 22:01:00,8
317.0,255.1051,254.93,255.15,255.15,254.93,2026-07-30 22:02:00,10
523.0,256.1247,256.1476,256.1476,256.1476,256.1476,2026-07-30 22:06:00,4
1983.0,256.2799,256.15,256.73,256.73,256.15,2026-07-30 22:09:00,27
205.0,256.4982,256.5,256.5,256.5,256.5,2026-07-30 22:10:00,4
175.389308,257.0125,256.74,256.74,256.74,256.74,2026-07-30 22:12:00,18
1112.016446,256.0038,256.0,256.0,256.0,256.0,2026-07-30 22:13:00,8
156.0,256.3467,256.5,256.5,256.5,256.5,2026-07-30 22:16:00,6
373.0,255.2761,255.0,255.0,256.4,255.0,2026-07-30 22:18:00,7
1017.355504,256.6047,255.11,256.7,256.7,255.11,2026-07-30 22:19:00,19
228.0,255.9818,256.0,256.0,256.0,256.0,2026-07-30 22:20:00,6
716.0,255.8797,256.0,255.0,256.0,255.0,2026-07-30 22:23:00,14
88.0,255.723,255.34,255.34,255.34,255.34,2026-07-30 22:25:00,4
520.0,255.9896,256.0,256.0,256.0,256.0,2026-07-30 22:26:00,6
1226.0,255.0322,255.06,255.06,255.06,255.0,2026-07-30 22:30:00,17
446.0,254.9813,255.0,255.0,255.0,254.85,2026-07-30 22:31:00,12
3022.0,256.1261,256.07,256.13,256.13,256.07,2026-07-30 22:34:00,8
306.0,256.1255,256.07,256.15,256.15,256.07,2026-07-30 22:35:00,11
189.0,256.4559,256.49,256.49,256.49,256.49,2026-07-30 22:36:00,14
927.0,256.8977,256.8,257.0,257.0,256.8,2026-07-30 22:39:00,56
161.70195,258.3387,257.15,257.4,257.4,257.15,2026-07-30 22:40:00,11
186.0,257.3297,257.3192,257.34,257.34,257.3192,2026-07-30 22:42:00,8
135.0,257.2509,257.3196,257.3196,257.3196,257.3196,2026-07-30 22:44:00,7
303.0,256.8572,256.83,256.8,256.83,256.8,2026-07-30 22:45:00,13
291.0,256.3551,256.5,256.25,256.5,256.25,2026-07-30 22:47:00,9
81.0,256.2617,256.26,256.26,256.26,256.26,2026-07-30 22:48:00,4
311.0,256.0643,256.06,256.03,256.06,256.03,2026-07-30 22:49:00,9
103.0,256.8439,256.8692,256.8692,256.8692,256.8692,2026-07-30 22:50:00,2
139.0,256.9535,257.0,257.0,257.0,257.0,2026-07-30 22:51:00,5
2812.006324,257.4854,257.0,258.0,258.0,257.0,2026-07-30 22:53:00,47
487.0,258.1522,258.15,258.15,258.15,258.09,2026-07-30 22:54:00,22
129.0,258.135,258.1323,258.1323,258.1323,258.1323,2026-07-30 22:55:00,16
212.0,258.3227,258.34,258.32,258.34,258.32,2026-07-30 22:56:00,28
239.0,258.6704,258.496,258.87,258.87,258.496,2026-07-30 22:57:00,13
704.0,257.1801,257.2,258.0,258.0,257.0,2026-07-30 22:58:00,13
155.0,258.2715,258.55,258.55,258.55,258.55,2026-07-30 22:59:00,7
87.0,258.3244,258.34,258.34,258.34,258.34,2026-07-30 23:02:00,8
196.0,258.3801,258.44,258.312,258.44,258.312,2026-07-30 23:03:00,9
118.0,257.6227,257.57,257.57,257.57,257.57,2026-07-30 23:06:00,6
148.0,257.7979,257.87,257.87,257.87,257.87,2026-07-30 23:07:00,7
688.0,257.4484,257.99,257.89,257.99,257.01,2026-07-30 23:08:00,17
713.0,257.8439,257.89,257.89,257.89,257.79,2026-07-30 23:09:00,33
150.0,257.91,257.91,257.91,257.91,257.91,2026-07-30 23:10:00,1
57.0,257.6807,257.7,257.7,257.7,257.7,2026-07-30 23:13:00,4
115.0,257.6449,257.65,257.65,257.65,257.65,2026-07-30 23:14:00,7
496.0,257.5373,257.24,257.8,257.8,257.24,2026-07-30 23:15:00,37
85.0,257.7415,257.9,257.9,257.9,257.9,2026-07-30 23:16:00,5
103.0,257.5291,257.0,258.0,258.0,257.0,2026-07-30 23:18:00,3
119.0,257.7052,257.8,257.8,257.8,257.8,2026-07-30 23:19:00,7
1875.0,257.622,257.8,257.82,258.05,257.0,2026-07-30 23:21:00,103
409.0,257.7393,258.0,257.25,258.0,257.25,2026-07-30 23:22:00,32
427.0,257.4657,257.31,257.5,257.5,257.31,2026-07-30 23:23:00,36
180.0,257.9887,257.9,258.0,258.0,257.9,2026-07-30 23:29:00,22
148.0,257.8572,257.53,257.53,257.53,257.53,2026-07-30 23:31:00,8
111.0,258.6957,258.77,258.77,258.77,258.77,2026-07-30 23:32:00,5
257.0,258.8583,258.86,258.86,258.86,258.86,2026-07-30 23:35:00,9
443.0,258.9286,258.86,259.0,259.0,258.86,2026-07-30 23:36:00,33
242.0,259.5073,259.49,259.49,259.49,259.49,2026-07-30 23:37:00,45
536.0,259.7254,259.8247,259.31,259.9039,259.31,2026-07-30 23:38:00,11
507.0,260.0015,259.79,260.2667,260.2667,259.79,2026-07-30 23:39:00,49
575.0,259.9536,259.97,259.85,259.97,259.85,2026-07-30 23:40:00,27
613.0,260.1211,259.9,260.89,260.89,259.9,2026-07-30 23:41:00,21
640.0,260.3398,260.69,260.2,260.76,259.9,2026-07-30 23:44:00,24
130.0,260.0689,259.96,259.96,259.96,259.96,2026-07-30 23:45:00,9
1121.0,260.5397,260.6,260.7525,260.88,260.3,2026-07-30 23:47:00,21
564.0,260.7122,259.9001,260.79,260.79,259.9001,2026-07-30 23:48:00,7
355.0,260.1697,260.49,260.0,260.5,259.9,2026-07-30 23:50:00,14
79.0,260.3595,260.3,260.3,260.3,260.3,2026-07-30 23:52:00,7
129.0,260.434,260.5,260.5,260.5,260.5,2026-07-30 23:53:00,4
420.0,260.2731,260.25,260.38,260.38,260.25,2026-07-30 23:54:00,5
163.0,260.3406,260.33,260.3702,260.3702,260.33,2026-07-30 23:55:00,6
247.0,260.8594,260.5,261.0,261.0,260.5,2026-07-30 23:56:00,7
149.0,260.8804,260.94,260.94,260.94,260.94,2026-07-30 23:57:00,7
79.0,260.6394,260.65,260.65,260.65,260.65,2026-07-30 23:58:00,5
272.0,260.6854,260.75,260.75,260.75,260.75,2026-07-30 23:59:00,23
3309.892375,263.0808,263.88,261.09,265.0,259.33,2026-07-31 08:00:00,157
4674.0,261.8903,261.0,259.99,265.51,258.47,2026-07-31 08:01:00,219
6370.0,263.844,261.31,264.79,266.0,261.0,2026-07-31 08:02:00,315
6581.0,261.577,265.96,259.93,265.96,258.77,2026-07-31 08:03:00,318
2195.167609,261.4182,260.75,261.16,262.36,260.56,2026-07-31 08:04:00,73
463.0,263.1488,263.15,263.15,263.15,263.15,2026-07-31 08:07:00,4
180.0,262.6564,263.1316,263.1316,263.1316,263.1316,2026-07-31 08:08:00,6
204.0,262.0769,262.05,262.04,262.07,262.04,2026-07-31 08:09:00,4
409.0,261.9341,262.0,261.8,262.0,261.8,2026-07-31 08:10:00,9
218.0,261.3758,261.52,261.22,261.52,261.16,2026-07-31 08:11:00,6
70.0,262.5757,262.6,262.6,262.6,262.6,2026-07-31 08:15:00,3
307.0,262.7841,262.99,263.06,263.06,262.99,2026-07-31 08:16:00,14
336.0,263.1236,263.14,263.14,263.14,263.14,2026-07-31 08:17:00,17
87.208167,263.7352,263.06,263.06,263.06,263.06,2026-07-31 08:18:00,10
247.0,263.7938,263.8,263.78,263.8,263.77,2026-07-31 08:20:00,5
1397.0,263.2467,263.78,263.06,263.78,263.06,2026-07-31 08:21:00,23
85.0,263.5881,263.65,263.65,263.65,263.65,2026-07-31 08:22:00,6
1010.0,263.5595,263.3,263.66,263.66,263.3,2026-07-31 08:23:00,11
193.0,263.7621,263.75,263.87,263.87,263.75,2026-07-31 08:24:00,5
245.0,263.9864,263.99,263.9785,263.99,263.9785,2026-07-31 08:25:00,3
129.0,263.7109,263.63,263.63,263.63,263.63,2026-07-31 08:26:00,7
249.0,263.7527,263.6,263.6,263.6,263.6,2026-07-31 08:27:00,17
155.0,263.7415,263.76,263.75,263.76,263.75,2026-07-31 08:28:00,6
234.269318,263.6402,263.25,263.25,263.25,263.25,2026-07-31 08:31:00,10
526.0,263.2259,263.44,263.11,263.44,263.11,2026-07-31 08:33:00,11
617.0,263.0766,263.09,263.06,263.09,263.0,2026-07-31 08:34:00,23
320.0,263.2344,263.2309,263.25,263.25,263.2309,2026-07-31 08:35:00,11
133.0,263.8787,264.1192,264.1192,264.1192,264.1192,2026-07-31 08:37:00,5
68.0,263.7938,263.79,263.79,263.79,263.79,2026-07-31 08:39:00,4
325.0,263.8292,263.79,263.84,263.84,263.79,2026-07-31 08:41:00,5
77.0,263.8903,263.89,263.89,263.89,263.89,2026-07-31 08:42:00,4
190.01734,263.8266,263.69,263.89,263.89,263.69,2026-07-31 08:45:00,7
313.0,263.9025,263.88,263.88,263.88,263.88,2026-07-31 08:46:00,27
1057.0,264.2123,264.0,264.33,264.33,264.0,2026-07-31 08:47:00,30
107.0,264.6364,264.61,264.61,264.61,264.61,2026-07-31 08:48:00,5
165.0,264.7127,264.72,264.72,264.72,264.72,2026-07-31 08:49:00,10
1254.0,264.3322,264.2885,264.44,264.48,264.2885,2026-07-31 08:53:00,7
158.0,264.8111,264.84,264.78,264.84,264.78,2026-07-31 08:54:00,10
220.0,265.5193,265.15,266.0,266.0,265.15,2026-07-31 08:55:00,18
236.0,265.1175,265.22,265.15,265.22,265.08,2026-07-31 08:56:00,5
91.281721,266.381,265.5,265.5,265.5,265.5,2026-07-31 08:57:00,6
236.0,265.8719,266.09,265.76,266.09,265.76,2026-07-31 08:59:00,2
615.0,265.9778,265.97,266.15,266.15,265.76,2026-07-31 09:00:00,18
340.0,266.2289,266.1,266.1,266.1,266.1,2026-07-31 09:01:00,9
2447.0,266.3496,266.5,266.0,266.7,266.0,2026-07-31 09:02:00,37
215.0,266.1127,266.0,266.0,266.0,266.0,2026-07-31 09:03:00,9
616.0,266.6364,266.7,266.7,266.7,266.7,2026-07-31 09:05:00,9
173.0,266.2152,266.27,266.27,266.39,266.27,2026-07-31 09:06:00,14
761.0,266.1181,266.0,267.0,267.0,266.0,2026-07-31 09:07:00,22
344.0,265.9995,266.0,266.0,266.0,266.0,2026-07-31 09:08:00,21
1182.0,266.0063,266.0,266.0,266.05,266.0,2026-07-31 09:09:00,20
710.0,266.4228,267.0,266.0,267.0,266.0,2026-07-31 09:10:00,32
605.0,266.1035,266.33,266.0,266.33,266.0,2026-07-31 09:12:00,28
179.0,266.5006,266.15,266.9445,266.9445,266.15,2026-07-31 09:13:00,2
241.0,265.5901,265.52,265.52,265.52,265.5,2026-07-31 09:16:00,17
131.0,265.4021,265.5,265.5,265.5,265.5,2026-07-31 09:17:00,7
985.0,265.497,265.5,265.5,265.5,265.5,2026-07-31 09:23:00,7
113.0,266.1908,266.2032,266.2032,266.2032,266.2032,2026-07-31 09:24:00,2
359.0,265.3707,266.213,265.0,266.213,265.0,2026-07-31 09:25:00,23
70.0,265.0,265.0,265.0,265.0,265.0,2026-07-31 09:28:00,3
128.0,264.9184,264.85,264.85,264.85,264.85,2026-07-31 09:29:00,8
60.0,265.3,265.3,265.3,265.3,265.3,2026-07-31 09:30:00,1
132.07576,265.0163,264.83,264.83,264.83,264.83,2026-07-31 09:31:00,13
1377.0,265.01,265.03,265.0,265.03,265.0,2026-07-31 09:34:00,16
173.0,264.7777,264.64,264.64,264.64,264.64,2026-07-31 09:35:00,14
314.0,263.8722,263.85,263.79,263.85,263.79,2026-07-31 09:39:00,14
137.0,263.7392,263.79,263.79,263.79,263.79,2026-07-31 09:40:00,9
646.0,264.089,264.38,263.56,264.71,263.56,2026-07-31 09:42:00,13
1170.0,263.3794,263.48,263.2,263.48,263.2,2026-07-31 09:44:00,18
548.0,263.3856,263.8,263.0,264.31,263.0,2026-07-31 09:54:00,35
353.0,263.1617,263.17,263.17,263.17,263.17,2026-07-31 09:55:00,8
362.0,263.1784,263.2,263.2,263.2,263.2,2026-07-31 09:56:00,11
436.0,263.2009,263.2,263.2,263.2,263.2,2026-07-31 09:57:00,14
108.0,263.2,263.2,263.2,263.2,263.2,2026-07-31 09:59:00,5
1956.0,263.2,263.2,263.2,263.2,263.2,2026-07-31 10:00:00,50
209.0,263.1443,263.02,263.18,263.2,263.02,2026-07-31 10:01:00,10
98.0,263.6199,263.55,263.55,263.55,263.55,2026-07-31 10:03:00,3
88.0,263.6645,263.84,263.84,263.84,263.84,2026-07-31 10:04:00,5
165.0,263.63,263.63,263.63,263.63,263.63,2026-07-31 10:07:00,4
244.0,263.6685,263.66,263.66,263.7,263.66,2026-07-31 10:08:00,6
95.0,263.8421,263.83,263.83,263.83,263.83,2026-07-31 10:11:00,3
68.0,263.7262,263.72,263.72,263.72,263.72,2026-07-31 10:16:00,5
128.0,263.9332,263.94,263.94,263.94,263.94,2026-07-31 10:18:00,6
194.0,263.8862,263.88,263.87,263.88,263.87,2026-07-31 10:19:00,8
1232.0,264.8997,264.72,264.99,264.99,264.72,2026-07-31 10:21:00,21
100.0,265.06,265.15,265.0,265.15,265.0,2026-07-31 10:23:00,2
90.0,265.0,265.0,265.0,265.0,265.0,2026-07-31 10:24:00,3
102.0,265.0979,265.1,265.1,265.1,265.1,2026-07-31 10:26:00,3
742.566091,265.2022,265.0,265.0,265.0,265.0,2026-07-31 10:27:00,5
338.0,264.9947,265.0,265.15,265.15,265.0,2026-07-31 10:29:00,3
102.0,265.64,265.64,265.64,265.64,265.64,2026-07-31 10:30:00,2
200.0,265.6958,265.6958,265.6958,265.6958,265.6958,2026-07-31 10:35:00,1
2037.07814,265.7051,265.7,265.7,265.7,265.7,2026-07-31 10:41:00,3
175.0,265.664,265.69,265.69,265.69,265.69,2026-07-31 10:42:00,15
1016.0,264.7739,264.7602,264.7602,264.7602,264.7602,2026-07-31 10:43:00,4
136.095194,265.8823,265.7,265.7,265.7,265.7,2026-07-31 10:45:00,6
629.0,265.4978,265.62,266.15,266.15,264.97,2026-07-31 10:51:00,18
664.045495,265.2884,265.69,265.4,265.69,265.02,2026-07-31 10:53:00,16
110.052182,265.5079,265.4,265.4,265.4,265.4,2026-07-31 10:57:00,4
1382.0,265.6635,265.48,265.8,265.8,265.3,2026-07-31 11:00:00,44
449.0,265.9015,266.0,266.15,266.15,265.43,2026-07-31 11:01:00,19
1149.0,266.7145,266.761,267.15,267.15,266.43,2026-07-31 11:02:00,32
1153.331951,267.1036,266.99,267.0,267.0,266.99,2026-07-31 11:03:00,16
153.0,267.0285,267.09,267.09,267.09,267.09,2026-07-31 11:04:00,8
339.0,267.5561,267.25,267.58,267.74,267.25,2026-07-31 11:05:00,10
434.713637,267.649,268.0,266.0,268.0,266.0,2026-07-31 11:06:00,39
375.0,267.6586,267.58,267.6,267.6,267.58,2026-07-31 11:07:00,18
145.0,267.8088,267.99,267.37,267.99,267.37,2026-07-31 11:09:00,10
358.0,267.5908,267.24,267.8729,267.8729,267.21,2026-07-31 11:10:00,12
645.0,267.8841,268.0,267.92,268.0,267.8172,2026-07-31 11:11:00,20
315.940251,268.6279,267.99,267.6397,267.99,267.6397,2026-07-31 11:12:00,20
1258.880502,267.9294,267.75,267.72,267.75,267.72,2026-07-31 11:13:00,46
375.0,267.9334,267.9617,267.95,267.9617,267.95,2026-07-31 11:14:00,22
598.0,267.8457,267.99,267.6154,268.15,267.6154,2026-07-31 11:15:00,31
1852.0,266.8185,267.19,266.06,267.19,266.06,2026-07-31 11:16:00,39
193.0,266.2312,266.16,266.34,266.34,266.1,2026-07-31 11:17:00,10
190.0,266.5185,266.1,266.1,266.1,266.1,2026-07-31 11:18:00,11
85.0,266.3075,266.0,266.0,266.0,266.0,2026-07-31 11:19:00,5
1302.0,266.3335,266.31,266.5,266.5,266.27,2026-07-31 11:20:00,15
219.0,266.8429,267.3277,266.5,267.3277,266.5,2026-07-31 11:22:00,9
157.0,266.7357,266.77,266.56,266.77,266.56,2026-07-31 11:27:00,9
2581.0,267.1056,267.37,266.66,267.39,266.66,2026-07-31 11:29:00,24
421.0,267.2251,267.3879,266.75,267.3879,266.75,2026-07-31 11:30:00,11
143.0,266.7364,266.71,266.71,266.71,266.71,2026-07-31 11:31:00,8
1168.0,266.6605,266.71,267.0,267.0,266.5,2026-07-31 11:32:00,22
629.0,266.6208,266.5,266.85,266.85,266.5,2026-07-31 11:33:00,12
168.0,266.9573,266.97,266.97,266.97,266.97,2026-07-31 11:34:00,6
342.7,267.0626,266.5,266.5,266.5,266.5,2026-07-31 11:37:00,7
126.0,266.3305,266.27,266.27,266.27,266.27,2026-07-31 11:38:00,5
241.225157,267.0282,266.49,267.1489,267.1489,266.49,2026-07-31 11:39:00,7
98.0,266.5667,266.3721,266.3721,266.3721,266.3721,2026-07-31 11:40:00,5
107.0,267.005,267.01,267.01,267.01,267.01,2026-07-31 11:41:00,7
93.0,266.797,266.68,266.68,266.68,266.68,2026-07-31 11:43:00,5
235.0,267.1047,267.08,267.11,267.11,267.08,2026-07-31 11:44:00,9
86.0,266.9255,266.73,266.73,266.73,266.73,2026-07-31 11:45:00,7
68.0,266.9647,266.85,266.85,266.85,266.85,2026-07-31 11:46:00,6
119.0,266.9983,267.0,267.0,267.0,267.0,2026-07-31 11:47:00,8
753.0,266.6495,267.16,266.59,267.19,266.4558,2026-07-31 11:48:00,12
1794.0,267.3475,267.2,267.49,267.59,267.2,2026-07-31 11:52:00,25
441.29,267.676,267.48,267.6,267.6,267.37,2026-07-31 11:53:00,24
132.0,267.427,267.3,267.3,267.3,267.3,2026-07-31 11:54:00,4
379.0,267.2949,267.37,267.1,267.44,267.1,2026-07-31 11:55:00,16
1124.0,267.9462,267.93,267.9587,267.98,267.92,2026-07-31 11:57:00,22
332.0,268.0034,268.01,267.94,268.01,267.94,2026-07-31 11:58:00,13
599.0,267.6717,267.69,267.69,267.69,267.69,2026-07-31 12:00:00,26
1959.0,267.0482,267.21,266.5,267.21,266.5,2026-07-31 12:01:00,45
2532.0,266.543,266.8159,266.5,266.9,266.48,2026-07-31 12:02:00,51
1404.0,266.1265,266.5,266.0,266.5,265.99,2026-07-31 12:03:00,76
147.0,265.6536,265.85,265.7,265.85,265.7,2026-07-31 12:04:00,12
653.0,265.6917,265.7,265.54,265.7,265.54,2026-07-31 12:05:00,28
456.0,265.725,265.54,265.9287,265.9287,265.54,2026-07-31 12:06:00,22
325.0,265.8871,265.7,266.0,266.0,265.7,2026-07-31 12:07:00,19
223.0,265.7956,266.0,265.81,266.0,265.5,2026-07-31 12:08:00,10
104.002593,265.5501,265.44,265.44,265.44,265.44,2026-07-31 12:09:00,10
2135.113784,265.0771,265.13,265.1,265.15,265.0,2026-07-31 12:10:00,51
194.0,264.9717,264.8,264.8,264.8,264.8,2026-07-31 12:11:00,19
1166.091159,264.1992,264.27,264.3823,264.72,264.0,2026-07-31 12:12:00,32
198.0,264.7149,265.03,264.99,265.03,264.47,2026-07-31 12:13:00,12
53.0,265.7145,265.7258,265.7258,265.7258,265.7258,2026-07-31 12:14:00,2
340.0,264.7418,264.83,264.55,264.83,264.55,2026-07-31 12:15:00,9
742.0,264.051,264.06,264.0,264.21,264.0,2026-07-31 12:16:00,38
158.0,264.0922,264.0,264.0,264.0,264.0,2026-07-31 12:17:00,11
2224.0,263.7081,264.0,263.6,264.0,263.45,2026-07-31 12:19:00,40
640.183288,263.6108,263.71,265.0,265.0,263.11,2026-07-31 12:20:00,24
221.065678,263.8671,263.76,263.76,263.76,263.76,2026-07-31 12:22:00,10
577.0,263.9706,264.32,264.0,264.32,263.73,2026-07-31 12:23:00,21
96.0,264.0453,264.2,264.2,264.2,264.2,2026-07-31 12:24:00,7
686.0,264.0782,264.05,264.0,264.06,264.0,2026-07-31 12:25:00,35
1974.0,264.9921,264.85,265.0,265.15,264.85,2026-07-31 12:26:00,57
150.0,265.5141,265.485,265.53,265.53,265.485,2026-07-31 12:27:00,9
1031.0,265.0132,264.99,264.99,264.99,264.99,2026-07-31 12:28:00,5
136.0,265.4195,265.485,265.485,265.485,265.485,2026-07-31 12:29:00,9
2164.0,265.0075,264.99,265.485,265.485,264.99,2026-07-31 12:30:00,78
699.0,264.9999,265.01,264.99,265.08,264.99,2026-07-31 12:31:00,16
174.0,265.1143,264.99,264.99,264.99,264.99,2026-07-31 12:32:00,12
2029.056075,265.0482,265.25,264.99,265.25,264.99,2026-07-31 12:33:00,66
3286.0,264.993,265.0,264.99,265.0,264.9,2026-07-31 12:34:00,84
1453.0,264.997,264.99,264.99,265.14,264.99,2026-07-31 12:35:00,16
269.0,265.286,265.37,265.37,265.37,265.37,2026-07-31 12:36:00,7
2554.0,264.9962,265.04,265.0,265.045,264.99,2026-07-31 12:37:00,17
540.0,265.1085,265.04,265.4575,265.4575,264.99,2026-07-31 12:38:00,23
2234.0,264.9799,265.05,264.97,265.05,264.8,2026-07-31 12:39:00,57
1058.0,264.5321,264.79,264.27,264.79,264.2,2026-07-31 12:40:00,27
337.0,264.4884,264.28,264.22,264.28,264.22,2026-07-31 12:41:00,13
420.0,264.1437,264.2,264.15,264.2,264.1,2026-07-31 12:42:00,14
686.0,264.1117,264.4558,264.05,264.4558,263.97,2026-07-31 12:43:00,20
242.0,264.222,264.35,264.0082,264.35,264.0082,2026-07-31 12:44:00,10
441.0,264.0956,264.0,264.0003,264.22,264.0,2026-07-31 12:46:00,24
86.0,264.7413,265.07,265.07,265.07,265.07,2026-07-31 12:47:00,6
306.0,264.384,264.1455,264.4,265.1024,264.1455,2026-07-31 12:48:00,10
76.0,264.5247,264.3,264.3,264.3,264.3,2026-07-31 12:49:00,18
1502.0,265.1115,264.84,265.25,265.33,264.5,2026-07-31 12:51:00,34
1227.0,265.5255,265.3,265.575,265.58,265.3,2026-07-31 12:52:00,43
1360.0,265.7801,265.92,265.9,265.93,265.07,2026-07-31 12:53:00,47
625.0,265.4921,265.67,264.8103,265.89,264.8103,2026-07-31 12:54:00,13
270.0,265.6795,265.74,265.16,265.87,265.16,2026-07-31 12:55:00,9
374.0,265.6866,265.85,265.03,265.85,265.03,2026-07-31 12:57:00,7
161.0,265.0789,264.75,264.75,264.75,264.75,2026-07-31 12:58:00,10
1737.0,264.6091,264.61,264.6,264.61,264.6,2026-07-31 12:59:00,35
457.0,264.1214,264.6,264.0,264.6,264.0,2026-07-31 13:00:00,29
1849.0,264.2915,263.85,264.64,264.64,263.56,2026-07-31 13:01:00,37
156.0,264.9196,264.8056,265.15,265.15,264.8056,2026-07-31 13:02:00,9
1088.0,265.8808,265.45,266.0,266.0,265.45,2026-07-31 13:03:00,28
1959.0,266.7329,266.28,266.82,266.83,266.28,2026-07-31 13:04:00,36
507.0,267.0625,266.99,266.92,267.15,266.83,2026-07-31 13:05:00,21
10590.005838,267.9423,267.0333,268.48,268.48,267.0333,2026-07-31 13:06:00,92
3051.0,268.8167,268.5,268.79,269.0,268.31,2026-07-31 13:07:00,51
1058.0,269.5919,269.15,269.5,269.98,269.15,2026-07-31 13:08:00,30
543.0,269.6902,269.36,269.2482,269.98,269.2482,2026-07-31 13:09:00,14
1653.48,269.9121,269.53,270.15,270.15,269.49,2026-07-31 13:10:00,88
610.0,270.2868,269.8876,271.0,271.0,269.8876,2026-07-31 13:11:00,24
1069.0,270.9623,271.0,271.0,271.0,271.0,2026-07-31 13:12:00,48
614.0,270.5133,271.0,270.09,271.0,270.09,2026-07-31 13:13:00,20
773.616662,270.8058,270.88,270.2,270.88,270.2,2026-07-31 13:14:00,21
2026.005722,271.564,271.1,272.64,272.8,270.7,2026-07-31 13:15:00,89
2211.909795,272.9353,272.14,272.6295,273.0,272.14,2026-07-31 13:16:00,78
838.0,272.6898,272.61,272.5,273.0,272.49,2026-07-31 13:17:00,49
2208.0,272.0334,271.85,272.02,272.49,271.85,2026-07-31 13:18:00,29
2588.0,272.5397,272.0,273.0,273.0,271.91,2026-07-31 13:19:00,72
608.035752,273.3517,273.4253,273.45,273.46,273.11,2026-07-31 13:20:00,33
1525.005609,273.4858,273.47,273.65,273.65,273.47,2026-07-31 13:21:00,67
1460.0,274.0068,273.79,274.64,274.67,273.6842,2026-07-31 13:22:00,44
1000.619075,274.099,273.79,273.82,274.47,273.79,2026-07-31 13:23:00,55
1934.14825,273.8398,273.8,273.79,274.01,273.5,2026-07-31 13:24:00,65
3024.0,274.1258,274.0,274.0,274.59,273.99,2026-07-31 13:25:00,54
1084.0,274.4044,274.44,274.5,274.5,274.0,2026-07-31 13:26:00,25
4794.93363,275.4887,274.3107,276.71,277.0,274.3107,2026-07-31 13:27:00,137
817.648642,276.145,276.01,275.3,276.04,275.3,2026-07-31 13:28:00,47
3909.165498,276.0534,275.3,277.0,277.0,275.3,2026-07-31 13:29:00,171
203413.391023,274.9069,275.9,279.62,279.62,272.34,2026-07-31 13:30:00,1863
67077.003152,279.3299,279.64,279.1,280.99,277.59,2026-07-31 13:31:00,2119
35336.519451,279.2035,279.5792,278.28,280.68,277.78,2026-07-31 13:32:00,1096
40107.757908,278.7712,278.16,279.09,280.0,277.85,2026-07-31 13:33:00,1044
52697.169794,280.7149,279.47,280.24,281.99,278.93,2026-07-31 13:34:00,1316
43540.113964,280.2534,279.78,280.485,280.9399,279.23,2026-07-31 13:35:00,1152
41706.157848,278.728,280.66,277.975,280.66,277.42,2026-07-31 13:36:00,1243
63719.226525,276.1557,277.99,276.18,277.99,274.59,2026-07-31 13:37:00,1525
52333.79118,275.2027,276.18,274.38,276.73,273.42,2026-07-31 13:38:00,1446
55980.623606,273.7135,274.345,273.365,274.73,272.6,2026-07-31 13:39:00,1683
47199.068765,272.8541,273.365,273.385,274.54,271.81,2026-07-31 13:40:00,1111
22084.75557,274.6075,273.38,273.83,275.9,272.49,2026-07-31 13:41:00,790
25626.366689,274.1592,274.13,272.76,275.58,272.76,2026-07-31 13:42:00,789
31583.26884,272.4984,273.0,272.765,274.15,271.24,2026-07-31 13:43:00,944
61840.158299,271.2436,272.765,270.39,273.19,269.7,2026-07-31 13:44:00,1101
22237.55513,272.5868,270.38,272.79,273.88,269.86,2026-07-31 13:45:00,795
45472.240869,270.0658,272.08,269.565,272.225,269.03,2026-07-31 13:46:00,1111
31053.777534,269.7874,269.565,269.175,270.93,268.595,2026-07-31 13:47:00,920
24961.103584,268.3382,269.16,268.22,269.98,267.6,2026-07-31 13:48:00,782
41732.290901,268.3408,268.12,268.875,269.1,267.14,2026-07-31 13:49:00,1011
24571.561976,269.2395,268.65,269.47,270.81,267.75,2026-07-31 13:50:00,984
25702.39284,270.1925,269.11,270.83,271.0,268.63,2026-07-31 13:51:00,704
32255.994864,269.7169,270.5,268.86,270.99,267.85,2026-07-31 13:52:00,804
11138.416232,268.7434,268.51,268.54,269.6499,267.95,2026-07-31 13:53:00,483
15824.10863,267.597,268.36,267.18,268.63,266.91,2026-07-31 13:54:00,760
20652.784093,267.6134,267.33,268.31,269.0,266.85,2026-07-31 13:55:00,632
17419.939439,268.4194,268.33,268.87,269.34,267.01,2026-07-31 13:56:00,559
13692.149695,268.085,268.56,267.4601,268.9199,267.31,2026-07-31 13:57:00,576
26518.002126,267.2326,267.46,266.92,267.83,266.2,2026-07-31 13:58:00,584
4269.019289,267.857,266.89,268.34,268.81,266.89,2026-07-31 13:59:00,253
15846.379562,267.8252,268.63,266.49,269.29,266.27,2026-07-31 14:00:00,577
17261.488458,265.5938,266.495,265.29,266.99,265.01,2026-07-31 14:01:00,653
25141.911302,264.7923,265.47,264.26,266.26,263.77,2026-07-31 14:02:00,924
16153.660956,265.1019,264.47,265.15,265.72,264.08,2026-07-31 14:03:00,534
12581.832164,264.3418,265.12,264.025,265.2,263.19,2026-07-31 14:04:00,458
12039.492334,263.9955,264.025,264.49,264.9,263.19,2026-07-31 14:05:00,379
19405.619884,264.2479,264.11,262.12,265.55,262.12,2026-07-31 14:06:00,554
17277.266675,262.1388,262.12,262.54,262.75,261.28,2026-07-31 14:07:00,646
19344.400715,261.1878,262.06,260.84,262.615,260.0201,2026-07-31 14:08:00,614
21098.289102,260.8082,261.17,260.4665,261.5,260.1,2026-07-31 14:09:00,529
31647.130373,259.4434,260.59,259.2817,260.94,258.0,2026-07-31 14:10:00,940
16284.37608,259.7298,259.0,259.9651,260.43,258.894,2026-07-31 14:11:00,384
17698.837092,259.9359,259.965,259.14,260.73,258.86,2026-07-31 14:12:00,584
21929.155287,258.7282,259.14,258.71,259.5799,258.26,2026-07-31 14:13:00,555
20320.905656,258.9546,258.22,258.6001,259.68,258.11,2026-07-31 14:14:00,428
13834.860707,259.0483,259.1,258.39,259.77,258.3481,2026-07-31 14:15:00,407
20165.629677,257.8812,258.31,257.59,258.75,257.125,2026-07-31 14:16:00,570
45676.34767,258.9458,257.535,258.89,260.0,257.535,2026-07-31 14:17:00,558
57053.916841,260.8529,258.89,261.22,262.54,258.67,2026-07-31 14:18:00,1890
35646.551509,262.3728,261.61,262.675,263.1499,261.6099,2026-07-31 14:19:00,631
18831.606546,263.5761,262.56,264.8,265.34,261.91,2026-07-31 14:20:00,541
18679.601551,263.5656,264.64,263.27,265.255,262.24,2026-07-31 14:21:00,597
16548.099739,263.9816,263.8788,264.25,264.88,263.265,2026-07-31 14:22:00,360
9284.155517,263.4835,264.0,263.2302,264.67,262.3,2026-07-31 14:23:00,334
9489.450257,261.4425,262.3001,261.375,262.73,260.29,2026-07-31 14:24:00,359
15434.381798,261.6586,261.41,261.32,262.41,260.84,2026-07-31 14:25:00,300
8298.057187,260.7782,260.85,260.57,261.08,260.16,2026-07-31 14:26:00,348
24317.457132,261.207,261.04,263.38,263.768,260.0,2026-07-31 14:27:00,587
10568.289816,263.0203,263.22,262.48,263.66,262.48,2026-07-31 14:28:00,353
16016.370514,262.6372,262.93,262.66,263.4499,262.35,2026-07-31 14:29:00,298
20642.702791,262.5138,263.0,263.015,263.2886,261.92,2026-07-31 14:30:00,409
17600.760662,262.8232,263.035,261.785,263.5,261.785,2026-07-31 14:31:00,371
8616.610077,261.3406,261.465,261.81,261.81,260.72,2026-07-31 14:32:00,276
6003.362807,261.9715,261.81,260.955,262.7777,260.95,2026-07-31 14:33:00,306
5845.077708,261.2803,260.95,262.18,262.18,260.5203,2026-07-31 14:34:00,288
10160.668493,263.4068,262.0975,263.845,264.1,262.0975,2026-07-31 14:35:00,365
49227.117808,263.2035,263.82,262.5175,264.15,262.06,2026-07-31 14:36:00,1557
4745.783314,262.9701,262.08,263.125,263.18,262.08,2026-07-31 14:37:00,195
6859.971895,262.8223,263.2,262.0,263.73,262.0,2026-07-31 14:38:00,296
6840.427148,262.2924,262.0,262.63,262.93,261.83,2026-07-31 14:39:00,278
4103.247345,262.6494,262.48,262.435,263.16,262.08,2026-07-31 14:40:00,215
7774.145376,261.6872,262.615,260.73,262.7416,260.73,2026-07-31 14:41:00,345
21757.271634,260.133,260.705,260.66,260.705,259.85,2026-07-31 14:42:00,583
5539.045568,260.2616,260.01,260.685,260.685,259.98,2026-07-31 14:43:00,247
7529.163148,260.883,260.96,260.75,261.24,260.47,2026-07-31 14:44:00,297
6015.424176,260.0975,260.66,259.9999,260.7799,259.67,2026-07-31 14:45:00,365
6383.664758,260.4263,259.73,260.79,261.77,259.46,2026-07-31 14:46:00,292
4700.59764,260.9292,260.78,261.11,261.115,260.52,2026-07-31 14:47:00,193
4575.466898,261.5883,261.06,262.1,262.29,260.96,2026-07-31 14:48:00,225
8488.5701,262.4016,262.075,263.25,263.42,261.7,2026-07-31 14:49:00,255
9368.113611,263.7811,263.43,263.86,264.445,263.37,2026-07-31 14:50:00,330
7166.276429,264.1133,264.22,264.4676,264.8995,263.7,2026-07-31 14:51:00,256
13563.846983,264.1547,264.37,264.22,264.8699,263.8,2026-07-31 14:52:00,383
6285.067423,264.3468,264.22,264.215,264.81,263.9375,2026-07-31 14:53:00,241
12223.136182,263.451,264.215,263.485,264.37,262.6,2026-07-31 14:54:00,490
5589.88256,263.3404,263.48,263.0,263.97,262.59,2026-07-31 14:55:00,290
5524.76357,263.8637,262.955,264.28,264.66,262.955,2026-07-31 14:56:00,269
5156.906215,264.2415,264.4,263.635,264.8,263.37,2026-07-31 14:57:00,270
3841.706739,263.3954,263.3,263.665,263.84,262.86,2026-07-31 14:58:00,188
2982.834225,263.6769,263.86,263.155,263.86,263.155,2026-07-31 14:59:00,165
8271.711523,263.1549,263.51,262.59,264.0,262.04,2026-07-31 15:00:00,314
4957.920759,263.1311,262.52,263.35,263.68,262.29,2026-07-31 15:01:00,162
3715.203042,263.7079,263.35,263.72,263.99,263.35,2026-07-31 15:02:00,157
5946.320214,263.44,263.69,263.4,264.0,262.91,2026-07-31 15:03:00,217
6578.305319,264.3148,263.53,264.69,264.76,263.3905,2026-07-31 15:04:00,254
8208.486373,264.7913,264.9,264.2,265.4878,264.1,2026-07-31 15:05:00,363
4454.884378,264.4594,264.27,264.17,264.74,264.0,2026-07-31 15:06:00,210
4541.915663,263.7962,264.06,263.965,264.105,263.09,2026-07-31 15:07:00,184
7588.638905,263.5166,263.7,263.01,263.85,263.0,2026-07-31 15:08:00,256
5018.616219,262.7138,263.69,262.28,263.69,262.0,2026-07-31 15:09:00,200
3041.016873,262.19,262.3,261.67,262.59,261.5,2026-07-31 15:10:00,198
10327.034876,261.2655,261.705,261.005,261.82,260.85,2026-07-31 15:11:00,329
10364.523393,260.8997,261.005,261.52,261.73,260.3,2026-07-31 15:12:00,321
3215.198348,261.3787,261.74,261.65,261.74,261.0,2026-07-31 15:13:00,145
4937.714732,261.9073,261.68,261.47,262.32,261.24,2026-07-31 15:14:00,197
8646.505507,262.3655,261.47,262.91,263.56,261.22,2026-07-31 15:15:00,283
4859.433558,261.6626,262.63,261.9,263.11,261.18,2026-07-31 15:16:00,230
2481.108077,261.8015,261.89,261.95,261.96,261.52,2026-07-31 15:17:00,146
6344.022432,261.4075,261.51,261.86,261.89,261.0,2026-07-31 15:18:00,378
4147.60706,262.07,261.95,262.13,262.44,261.6905,2026-07-31 15:19:00,193
4728.901894,261.7105,262.09,261.34,262.09,261.19,2026-07-31 15:20:00,214
8225.773947,261.4949,261.62,261.095,262.0,260.67,2026-07-31 15:21:00,233
5399.267173,260.4327,260.69,260.655,260.9999,260.02,2026-07-31 15:22:00,209
3083.18972,260.966,260.655,261.185,261.36,260.56,2026-07-31 15:23:00,162
2963.262303,261.0823,260.97,260.84,261.41,260.84,2026-07-31 15:24:00,155
6672.253027,260.3541,260.84,259.49,261.04,259.34,2026-07-31 15:25:00,299
6481.44735,259.02,259.68,258.1,259.94,258.1,2026-07-31 15:26:00,366
7298.416149,258.5892,258.13,258.53,259.05,258.13,2026-07-31 15:27:00,236
3767.242219,258.7037,258.565,259.14,259.2,258.23,2026-07-31 15:28:00,177
3129.984738,259.8569,259.39,260.14,260.15,259.39,2026-07-31 15:29:00,159
16390.92426,260.6767,260.15,261.0,261.0,260.14,2026-07-31 15:30:00,239
6867.685393,260.7945,261.04,260.6,261.38,260.39,2026-07-31 15:31:00,217
14698.805501,260.4514,260.35,260.78,260.95,260.07,2026-07-31 15:32:00,236
27120.846905,260.5164,260.735,259.735,260.99,259.735,2026-07-31 15:33:00,392
6089.690064,259.8582,259.82,260.85,260.85,258.8501,2026-07-31 15:34:00,254
3866.575934,261.4313,260.99,261.59,262.15,260.89,2026-07-31 15:35:00,209
5388.421152,261.4943,261.5,261.27,262.2099,261.27,2026-07-31 15:36:00,167
5421.05303,261.7458,261.635,261.97,262.34,261.525,2026-07-31 15:37:00,180
5928.771709,262.2515,261.61,261.84,262.86,261.61,2026-07-31 15:38:00,281
3701.017862,261.4078,262.22,261.085,262.22,260.93,2026-07-31 15:39:00,159
4689.045686,261.1007,261.085,260.895,261.31,260.76,2026-07-31 15:40:00,168
4245.289785,260.0729,260.67,259.405,260.67,259.16,2026-07-31 15:41:00,205
4504.667089,259.8499,259.405,260.0,260.21,259.27,2026-07-31 15:42:00,151
3559.492936,259.7715,259.8,260.19,260.19,259.29,2026-07-31 15:43:00,144
5284.261778,260.206,260.19,260.19,260.5,259.8001,2026-07-31 15:44:00,140
4387.190477,260.1539,260.5,260.32,260.66,259.8,2026-07-31 15:45:00,242
7492.654935,259.7325,260.31,259.16,260.5,259.16,2026-07-31 15:46:00,298
7647.327647,259.5209,259.325,259.59,259.75,259.24,2026-07-31 15:47:00,177
6589.188853,259.7037,259.565,260.1,260.1,259.36,2026-07-31 15:48:00,224
4406.888114,260.3242,260.1,260.49,260.5,260.08,2026-07-31 15:49:00,146
3955.69461,260.676,260.71,261.065,261.22,260.125,2026-07-31 15:50:00,174
8899.845691,260.0348,261.055,261.12,261.32,260.75,2026-07-31 15:51:00,186
3059.646024,260.9187,260.92,261.57,261.57,260.321,2026-07-31 15:52:00,180
4306.588264,260.9727,261.56,260.41,261.56,260.41,2026-07-31 15:53:00,177
3682.396861,261.0793,260.79,261.44,261.59,260.72,2026-07-31 15:54:00,149
3943.807912,261.7153,261.7499,261.57,261.99,261.2,2026-07-31 15:55:00,188
2421.758546,261.813,261.5,261.92,261.95,261.5,2026-07-31 15:56:00,130
7169.849999,261.8265,261.92,261.535,262.04,261.51,2026-07-31 15:57:00,206
4956.742032,261.3897,261.4,260.76,261.72,260.76,2026-07-31 15:58:00,203
6351.793078,261.0302,260.85,261.55,261.55,260.34,2026-07-31 15:59:00,210
4448.99496,261.0848,260.9,261.355,261.64,260.55,2026-07-31 16:00:00,176
2298.783299,261.4726,261.505,261.06,261.63,261.06,2026-07-31 16:01:00,136
2187.757882,261.2463,261.28,261.05,261.55,261.02,2026-07-31 16:02:00,128
2921.84186,261.208,261.07,261.28,261.28,261.05,2026-07-31 16:03:00,138
5173.892407,261.3794,261.26,260.925,261.75,260.81,2026-07-31 16:04:00,199
2175.187493,260.7024,260.78,260.8699,260.89,260.44,2026-07-31 16:05:00,145
3131.306818,260.3818,260.28,260.37,260.565,260.02,2026-07-31 16:06:00,172
4183.058043,260.0613,260.27,260.15,260.27,259.79,2026-07-31 16:07:00,222
3707.206681,260.1274,260.145,260.175,260.39,259.73,2026-07-31 16:08:00,152
2205.5125,260.5346,260.49,260.66,260.66,260.33,2026-07-31 16:09:00,118
2834.89854,260.7553,260.41,260.455,261.15,260.4,2026-07-31 16:10:00,152
4379.073449,260.1935,260.25,260.46,260.57,259.96,2026-07-31 16:11:00,167
3657.34427,260.3133,260.47,260.245,260.61,259.8,2026-07-31 16:12:00,149
5467.689343,259.9119,260.0,260.17,260.26,259.63,2026-07-31 16:13:00,175
7141.837042,259.7674,260.18,260.06,260.18,259.345,2026-07-31 16:14:00,223
6221.624762,259.6101,260.28,259.035,260.44,258.88,2026-07-31 16:15:00,205
11125.174806,259.485,259.035,260.26,260.265,258.85,2026-07-31 16:16:00,285
12028.718654,260.9432,260.26,261.87,261.92,260.16,2026-07-31 16:17:00,340
10959.409533,261.8068,261.87,261.645,262.2,261.215,2026-07-31 16:18:00,340
7576.403488,261.7321,261.655,261.755,261.94,261.57,2026-07-31 16:19:00,216
7782.536545,261.2994,261.61,261.715,261.8999,260.85,2026-07-31 16:20:00,186
6492.753526,261.551,261.715,261.13,261.86,261.12,2026-07-31 16:21:00,153
4400.227025,261.1165,261.17,261.31,261.31,260.85,2026-07-31 16:22:00,155
7699.75726,261.0832,261.17,261.16,261.31,260.82,2026-07-31 16:23:00,170
9243.395057,261.4474,261.17,261.505,261.98,261.06,2026-07-31 16:24:00,203
10906.052419,261.2024,261.505,260.61,261.6,260.5,2026-07-31 16:25:00,204
7514.224192,261.1486,260.79,261.575,261.605,260.79,2026-07-31 16:26:00,182
6294.130181,261.7824,261.595,261.95,262.05,261.51,2026-07-31 16:27:00,191
4752.330274,261.9904,261.68,262.32,262.505,261.52,2026-07-31 16:28:00,161
5435.830076,262.6623,262.495,262.81,262.88,262.495,2026-07-31 16:29:00,171
12187.110964,263.2724,262.91,262.935,263.54,262.64,2026-07-31 16:30:00,336
6704.64815,263.3029,262.935,263.55,263.57,262.93,2026-07-31 16:31:00,179
5878.559962,263.7825,263.49,263.9,264.0,263.49,2026-07-31 16:32:00,195
6451.975057,263.7574,264.055,263.835,264.055,263.55,2026-07-31 16:33:00,194
9315.133775,263.6165,263.76,263.64,263.84,263.23,2026-07-31 16:34:00,128
5491.003546,263.7567,263.67,263.58,263.98,263.58,2026-07-31 16:35:00,194
6064.247397,263.1034,263.58,262.53,263.69,262.51,2026-07-31 16:36:00,195
6175.821439,262.6825,262.34,262.63,262.84,262.18,2026-07-31 16:37:00,192
6911.951737,262.5946,262.7651,262.9499,262.9499,262.33,2026-07-31 16:38:00,210
3857.336079,263.1296,262.94,263.06,263.32,262.94,2026-07-31 16:39:00,135
6987.559051,262.6732,262.96,262.68,262.96,262.49,2026-07-31 16:40:00,192
6869.734731,262.2666,262.86,261.8,262.87,261.7901,2026-07-31 16:41:00,237
13946.582653,261.5763,261.85,261.69,261.85,261.21,2026-07-31 16:42:00,298
10243.944087,261.5093,261.565,261.72,261.78,261.1,2026-07-31 16:43:00,286
5257.272163,261.6472,261.83,261.6875,261.85,261.34,2026-07-31 16:44:00,166
3834.628985,261.4778,261.46,261.29,261.7,261.185,2026-07-31 16:45:00,182
3735.451061,261.399,261.2,261.88,261.88,260.67,2026-07-31 16:46:00,172
2000.005616,261.6542,261.72,261.7,261.86,261.4401,2026-07-31 16:47:00,100
2103.432102,261.5193,261.53,261.59,261.66,261.2036,2026-07-31 16:48:00,129
7773.248998,261.9309,261.59,262.465,262.7,261.24,2026-07-31 16:49:00,243
5768.629237,262.6291,262.49,263.14,263.14,262.29,2026-07-31 16:50:00,207
4888.911776,263.2484,262.78,263.2,263.48,262.78,2026-07-31 16:51:00,192
3239.437354,262.8447,262.94,262.7225,263.11,262.715,2026-07-31 16:52:00,132
3951.503357,262.7729,262.59,262.75,262.84,262.59,2026-07-31 16:53:00,118
5639.567841,262.7977,262.9799,262.585,263.04,262.47,2026-07-31 16:54:00,169
4139.101575,262.8807,262.75,263.08,263.16,262.69,2026-07-31 16:55:00,130
4578.663875,263.4513,263.21,263.465,263.6,263.17,2026-07-31 16:56:00,150
3087.866709,263.7048,263.6,263.8,263.9,263.4,2026-07-31 16:57:00,112
2896.74182,263.5967,263.674,263.24,263.8,263.2325,2026-07-31 16:58:00,188
18102.061238,262.5494,263.16,262.365,263.16,262.19,2026-07-31 16:59:00,204
42848.63382,261.8029,262.23,262.85,262.85,261.25,2026-07-31 17:00:00,476
1975.603593,263.0166,262.675,263.36,263.37,262.675,2026-07-31 17:01:00,109
2978.420312,263.0939,263.175,263.01,263.37,262.9,2026-07-31 17:02:00,132
3766.97051,262.8957,263.01,262.81,263.06,262.61,2026-07-31 17:03:00,121
2221.79672,262.8754,262.81,262.81,262.86,262.61,2026-07-31 17:04:00,108
3665.416095,263.0144,262.805,263.2395,263.2395,262.8,2026-07-31 17:05:00,137
10356.535477,263.0467,263.0001,262.8,263.2299,262.72,2026-07-31 17:06:00,256
5350.323724,262.7777,262.76,262.61,263.0,262.5001,2026-07-31 17:07:00,164
4722.606355,262.6208,262.51,262.635,262.78,262.38,2026-07-31 17:08:00,143
2902.270079,262.5,262.635,262.37,262.635,262.37,2026-07-31 17:09:00,119
3395.206036,262.0335,262.32,261.94,262.32,261.8,2026-07-31 17:10:00,148
11829.444887,262.3652,261.94,262.335,262.66,261.94,2026-07-31 17:11:00,230
2970.43681,262.7176,262.53,262.93,262.93,262.53,2026-07-31 17:12:00,116
2315.090397,262.7342,262.765,262.765,262.8819,262.58,2026-07-31 17:13:00,101
2812.851583,263.0642,262.8695,263.025,263.15,262.58,2026-07-31 17:14:00,142
6036.173375,263.1205,262.9,263.195,263.47,262.87,2026-07-31 17:15:00,202
20114.672808,262.8707,263.185,262.83,263.3,262.83,2026-07-31 17:16:00,136
7329.872405,262.9411,262.81,262.975,263.25,262.54,2026-07-31 17:17:00,191
2406.556261,262.9309,262.97,262.86,263.11,262.71,2026-07-31 17:18:00,109
2732.12247,263.1251,263.1099,263.475,263.5,262.85,2026-07-31 17:19:00,136
2620.23467,263.2203,263.47,263.135,263.47,263.1,2026-07-31 17:20:00,112
7016.779767,262.9992,263.135,263.0,263.135,262.86,2026-07-31 17:21:00,215
7976.830361,262.5467,262.93,262.704,262.945,262.16,2026-07-31 17:22:00,261
2253.421051,263.1325,262.79,263.3,263.32,262.79,2026-07-31 17:23:00,96
6077.962969,263.5132,263.155,263.79,263.79,263.155,2026-07-31 17:24:00,169
6130.020358,263.9197,263.755,264.0,264.11,263.755,2026-07-31 17:25:00,238
11373.093644,263.8495,264.0,263.88,264.0,263.61,2026-07-31 17:26:00,200
7710.91955,264.2074,263.985,263.98,264.65,263.9,2026-07-31 17:27:00,249
2365.150969,263.9203,264.0,263.79,264.08,263.7,2026-07-31 17:28:00,109
2241.174458,263.9159,263.76,263.93,264.1399,263.76,2026-07-31 17:29:00,98
4468.170063,263.8465,263.925,263.899,263.925,263.64,2026-07-31 17:30:00,183
2868.206258,263.948,263.75,264.035,264.08,263.75,2026-07-31 17:31:00,108
6611.357476,263.855,263.93,264.085,264.15,263.6,2026-07-31 17:32:00,209
4117.869382,264.2342,264.085,264.3,264.35,264.04,2026-07-31 17:33:00,154
7312.902699,264.4145,264.36,264.67,264.71,264.22,2026-07-31 17:34:00,218
3518.88718,264.7694,264.73,264.945,264.95,264.56,2026-07-31 17:35:00,152
33741.770343,265.5897,264.9,265.76,266.0,264.765,2026-07-31 17:36:00,1053
6041.081449,265.9566,265.72,265.93,266.19,265.72,2026-07-31 17:37:00,225
8548.894742,265.7046,265.93,265.49,265.93,265.39,2026-07-31 17:38:00,284
11105.291013,265.0093,265.39,264.795,265.55,264.67,2026-07-31 17:39:00,268
9034.71697,265.0518,264.765,264.98,265.19,264.7475,2026-07-31 17:40:00,224
3953.829415,264.8479,265.06,264.56,265.075,264.5184,2026-07-31 17:41:00,140
7394.314082,264.5293,264.53,264.61,264.655,264.36,2026-07-31 17:42:00,224
4783.896711,264.9081,264.61,264.86,265.0,264.6,2026-07-31 17:43:00,201
4146.47061,265.1507,265.34,265.13,265.39,264.98,2026-07-31 17:44:00,143
6697.192415,264.995,265.11,264.98,265.2,264.77,2026-07-31 17:45:00,182
5713.085375,265.3528,265.0,265.32,265.61,265.0,2026-07-31 17:46:00,239
2796.60576,265.1366,265.3,264.695,265.33,264.695,2026-07-31 17:47:00,112
5442.649014,264.2225,264.56,264.09,264.56,263.945,2026-07-31 17:48:00,191
2458.598701,264.0248,264.065,263.65,264.27,263.65,2026-07-31 17:49:00,114
3045.405563,263.8759,263.8,263.68,264.03,263.56,2026-07-31 17:50:00,127
5954.865962,264.2093,263.655,264.655,264.68,263.655,2026-07-31 17:51:00,226
14847.126077,264.9634,264.7099,264.965,265.31,264.7099,2026-07-31 17:52:00,430
2312.980815,265.0698,264.97,264.7973,265.17,264.7973,2026-07-31 17:53:00,138
2535.286039,265.0837,264.97,264.995,265.35,264.97,2026-07-31 17:54:00,139
5079.90277,264.9398,264.86,265.025,265.2,264.7,2026-07-31 17:55:00,218
3088.909634,265.1714,265.025,265.1,265.2288,265.025,2026-07-31 17:56:00,122
4461.288658,265.0207,265.1,265.23,265.25,264.85,2026-07-31 17:57:00,178
4388.099252,264.9253,265.055,264.79,265.17,264.79,2026-07-31 17:58:00,166
4791.081881,264.8951,264.76,264.819,265.05,264.7,2026-07-31 17:59:00,159
4031.747819,264.9923,264.9,265.035,265.15,264.6901,2026-07-31 18:00:00,173
5011.632772,265.1885,265.14,265.17,265.35,265.02,2026-07-31 18:01:00,154
6126.93841,265.1526,265.23,265.17,265.39,264.95,2026-07-31 18:02:00,245
3368.739489,265.2367,265.17,265.25,265.33,265.13,2026-07-31 18:03:00,96
5809.06845,265.2926,265.34,265.37,265.51,265.06,2026-07-31 18:04:00,222
3511.49705,265.3733,265.26,265.45,265.51,265.17,2026-07-31 18:05:00,167
7041.629798,266.1027,265.55,265.99,266.37,265.55,2026-07-31 18:06:00,272
4309.038038,265.7443,265.91,265.59,265.99,265.5598,2026-07-31 18:07:00,171
3991.404618,265.5873,265.66,265.565,265.71,265.39,2026-07-31 18:08:00,154
2923.644598,265.5373,265.5575,265.295,265.75,265.24,2026-07-31 18:09:00,151
7910.857686,264.9388,265.21,264.74,265.21,264.61,2026-07-31 18:10:00,282
11060.73582,264.581,264.78,264.33,264.78,264.09,2026-07-31 18:11:00,317
7555.607075,264.2108,264.37,264.0,264.4099,263.89,2026-07-31 18:12:00,254
2850.378259,264.0646,264.2,263.99,264.21,263.85,2026-07-31 18:13:00,147
3574.174252,263.8551,263.99,263.84,264.04,263.55,2026-07-31 18:14:00,182
5089.916,263.8909,263.55,264.2,264.2,263.54,2026-07-31 18:15:00,177
2911.347697,264.0865,264.27,263.99,264.27,263.9,2026-07-31 18:16:00,111
24395.107318,263.9983,264.0,264.04,264.31,263.69,2026-07-31 18:17:00,370
12997.511359,264.2477,264.07,264.79,264.79,263.88,2026-07-31 18:18:00,250
11825.569126,264.7453,264.7,264.41,264.93,264.39,2026-07-31 18:19:00,326
8578.37068,264.415,264.345,264.36,264.71,264.19,2026-07-31 18:20:00,315
6763.561856,264.4912,264.36,264.37,264.62,264.19,2026-07-31 18:21:00,181
3355.820379,264.4472,264.33,264.57,264.57,264.26,2026-07-31 18:22:00,114
7248.237976,264.3843,264.56,264.13,264.655,264.1,2026-07-31 18:23:00,245
5117.864505,264.2157,264.125,264.13,264.47,263.89,2026-07-31 18:24:00,208
5878.48404,264.0445,264.09,263.845,264.17,263.84,2026-07-31 18:25:00,211
2032.6059,263.8229,263.765,263.7875,263.94,263.59,2026-07-31 18:26:00,132
3894.561685,263.9143,263.805,263.96,264.11,263.7875,2026-07-31 18:27:00,157
7066.36771,263.9352,263.96,264.0,264.1399,263.81,2026-07-31 18:28:00,244
6630.206633,264.258,264.02,264.335,264.43,264.005,2026-07-31 18:29:00,239
18741.728637,264.8347,264.42,264.975,265.14,264.42,2026-07-31 18:30:00,468
4308.341484,264.805,264.88,264.79,264.985,264.58,2026-07-31 18:31:00,170
4140.944736,264.8865,264.68,265.1,265.1,264.67,2026-07-31 18:32:00,141
3819.02643,265.0444,265.16,265.19,265.3,264.92,2026-07-31 18:33:00,161
4744.581003,265.2739,265.22,265.33,265.62,265.08,2026-07-31 18:34:00,169
11342.5622,264.8349,265.275,264.82,265.275,264.51,2026-07-31 18:35:00,326
5482.615799,265.0536,264.87,264.9,265.338,264.72,2026-07-31 18:36:00,177
3450.878523,265.1944,264.9,265.34,265.35,264.855,2026-07-31 18:37:00,139
6358.073805,265.5299,265.2,265.62,265.78,265.195,2026-07-31 18:38:00,194
8656.564723,265.6968,265.62,265.6215,265.97,265.45,2026-07-31 18:39:00,259
9109.415102,265.602,265.775,265.515,265.82,265.47,2026-07-31 18:40:00,276
12957.197213,265.9213,265.72,265.86,266.18,265.515,2026-07-31 18:41:00,390
4191.500089,266.0454,266.02,266.185,266.23,265.6693,2026-07-31 18:42:00,176
5615.395684,266.0781,266.33,266.1145,266.33,265.93,2026-07-31 18:43:00,191
7660.899162,265.8963,266.0,265.78,266.05,265.63,2026-07-31 18:44:00,202
17763.746574,266.456,265.78,266.72,266.97,265.78,2026-07-31 18:45:00,411
9360.557566,266.4422,266.7595,265.94,266.77,265.94,2026-07-31 18:46:00,322
5807.443852,265.8279,265.96,265.775,265.98,265.6082,2026-07-31 18:47:00,175
3095.353206,266.1382,265.83,266.26,266.26,265.83,2026-07-31 18:48:00,157
3718.218053,266.3246,266.13,266.7,266.7,266.1075,2026-07-31 18:49:00,148
14733.467901,266.9582,266.7,267.115,267.35,266.7,2026-07-31 18:50:00,346
7215.193733,266.8892,267.115,266.66,267.19,266.586,2026-07-31 18:51:00,260
4723.178326,266.6674,266.655,266.44,266.79,266.44,2026-07-31 18:52:00,198
2682.502815,266.4274,266.46,266.34,266.51,266.23,2026-07-31 18:53:00,109
2545.030781,266.4053,266.34,266.42,266.49,266.32,2026-07-31 18:54:00,173
8464.367037,266.2041,266.33,265.55,266.44,265.55,2026-07-31 18:55:00,269
3644.434838,265.5615,265.46,265.36,265.505,265.29,2026-07-31 18:56:00,171
6252.038797,265.2647,265.22,265.425,265.54,264.84,2026-07-31 18:57:00,288
3431.908933,265.6063,265.53,265.6225,265.74,265.325,2026-07-31 18:58:00,184
5694.616272,265.8186,265.78,265.81,266.05,265.5,2026-07-31 18:59:00,196
7132.297606,266.2578,265.81,266.235,266.54,265.81,2026-07-31 19:00:00,231
5769.509909,266.0263,266.22,265.82,266.225,265.81,2026-07-31 19:01:00,199
4584.302754,265.7783,265.81,265.705,266.07,265.4501,2026-07-31 19:02:00,169
2754.551345,265.7364,265.66,265.67,265.82,265.4381,2026-07-31 19:03:00,125
9410.718878,265.5575,265.67,265.54,265.86,265.41,2026-07-31 19:04:00,208
13129.379534,265.4961,265.545,265.8,265.95,265.15,2026-07-31 19:05:00,350
5297.406805,265.6564,265.835,265.65,265.96,265.16,2026-07-31 19:06:00,207
4707.26126,265.5142,265.3894,265.7,265.7,265.22,2026-07-31 19:07:00,219
7204.375693,265.6179,265.61,265.76,265.8,265.46,2026-07-31 19:08:00,259
5243.289131,265.7608,265.79,265.76,265.91,265.67,2026-07-31 19:09:00,219
8938.852515,265.757,265.755,265.755,265.89,265.55,2026-07-31 19:10:00,328
7692.976328,265.5748,265.64,265.585,265.725,265.4092,2026-07-31 19:11:00,261
5431.153202,265.9486,265.62,266.295,266.3217,265.56,2026-07-31 19:12:00,241
7033.514906,266.1281,266.23,266.115,266.25,265.98,2026-07-31 19:13:00,253
4359.676374,266.0785,266.115,265.9,266.25,265.82,2026-07-31 19:14:00,206
11164.25511,265.9971,265.99,265.975,266.17,265.77,2026-07-31 19:15:00,307
10401.607269,265.976,266.0475,265.565,266.13,265.53,2026-07-31 19:16:00,284
7191.0,265.7029,265.57,265.74,265.86,265.36,2026-07-31 19:17:00,215
5865.917347,266.174,265.88,266.095,266.39,265.88,2026-07-31 19:18:00,239
4960.825953,266.3594,266.26,266.305,266.5799,266.15,2026-07-31 19:19:00,214
12563.807989,266.2527,266.36,266.16,266.54,265.96,2026-07-31 19:20:00,366
6881.855615,266.2282,266.265,266.025,266.38,266.02,2026-07-31 19:21:00,252
5325.397477,266.251,266.1,266.215,266.36,266.1,2026-07-31 19:22:00,201
17036.726886,266.3394,266.26,266.39,266.46,266.22,2026-07-31 19:23:00,326
4776.36146,266.1827,266.295,266.115,266.295,266.0,2026-07-31 19:24:00,214
7141.996119,265.8705,266.085,265.62,266.085,265.559,2026-07-31 19:25:00,294
9050.271062,265.9829,265.67,265.875,266.21,265.63,2026-07-31 19:26:00,321
4001.177977,265.7414,265.66,265.7,265.93,265.54,2026-07-31 19:27:00,246
8666.287526,265.7813,265.62,265.83,265.92,265.595,2026-07-31 19:28:00,328
17944.875728,265.8445,265.83,265.81,265.96,265.72,2026-07-31 19:29:00,503
19950.884614,265.512,265.9,264.8,266.01,264.67,2026-07-31 19:30:00,632
18981.434274,265.2372,264.99,265.24,265.39,264.82,2026-07-31 19:31:00,339
8256.24896,265.4007,265.32,265.96,265.96,265.1,2026-07-31 19:32:00,327
8523.267978,265.7282,265.875,265.65,266.1499,265.38,2026-07-31 19:33:00,314
5401.631998,265.8562,265.66,265.73,266.13,265.47,2026-07-31 19:34:00,196
23693.988607,265.8835,265.9325,265.765,266.14,265.61,2026-07-31 19:35:00,681
7661.781239,265.6106,265.76,265.63,265.765,265.25,2026-07-31 19:36:00,270
6597.398358,265.1195,265.3,264.85,265.39,264.81,2026-07-31 19:37:00,270
7867.613202,264.6583,264.855,264.59,264.99,264.33,2026-07-31 19:38:00,316
10150.358676,264.4854,264.58,264.22,264.71,264.13,2026-07-31 19:39:00,383
9628.472188,263.994,264.14,263.72,264.28,263.52,2026-07-31 19:40:00,438
12096.009941,263.8522,263.68,263.5025,264.18,263.45,2026-07-31 19:41:00,445
6591.772915,263.929,263.535,264.235,264.235,263.5091,2026-07-31 19:42:00,262
9432.897623,264.5339,264.26,264.86,264.87,264.23,2026-07-31 19:43:00,414
8009.445723,264.8179,264.91,264.86,265.07,264.6,2026-07-31 19:44:00,345
11705.99759,264.938,264.875,264.81,265.24,264.81,2026-07-31 19:45:00,436
21697.891722,265.1261,264.91,265.045,265.42,264.73,2026-07-31 19:46:00,527
20866.153293,264.9506,265.145,264.84,265.3,264.6,2026-07-31 19:47:00,598
17969.141813,264.8833,264.91,264.925,265.09,264.76,2026-07-31 19:48:00,559
20621.585723,265.2342,264.925,265.515,265.57,264.9,2026-07-31 19:49:00,512
22267.191123,264.9828,265.52,264.83,265.56,264.58,2026-07-31 19:50:00,814
13331.678633,264.7998,264.84,264.82,264.92,264.68,2026-07-31 19:51:00,446
27778.831974,264.9673,264.81,265.08,265.24,264.78,2026-07-31 19:52:00,736
23223.07433,265.1774,265.09,265.785,265.81,264.91,2026-07-31 19:53:00,753
29925.384008,265.5672,265.66,265.28,265.83,265.28,2026-07-31 19:54:00,1100
37501.773831,264.7667,265.27,264.36,265.35,264.36,2026-07-31 19:55:00,1110
50618.69934,263.9868,264.36,263.7485,264.36,263.61,2026-07-31 19:56:00,1343
49573.9513,263.8435,263.685,263.65,264.16,263.6,2026-07-31 19:57:00,1545
77483.474428,263.8028,263.77,263.68,264.02,263.63,2026-07-31 19:58:00,2194
109602.438287,263.4907,263.7,263.1,263.85,262.86,2026-07-31 19:59:00,2915
12956.873703,262.9209,262.89,263.59,263.59,262.89,2026-07-31 20:00:00,71
295.0,263.4227,263.99,263.0836,263.99,263.0836,2026-07-31 20:01:00,9
2004.48628,262.9122,262.85,262.85,262.85,262.85,2026-07-31 20:02:00,8
901.0,262.6567,262.94,262.256,262.97,262.19,2026-07-31 20:03:00,28
166.52859,262.744,262.0,261.85,262.0,261.85,2026-07-31 20:04:00,31
574.0,262.0062,262.18,261.1646,262.19,261.1646,2026-07-31 20:05:00,10
166.153438,261.4446,261.166,261.1127,261.166,261.1127,2026-07-31 20:06:00,8
125.0,262.3393,262.5071,262.5071,262.5071,262.5071,2026-07-31 20:07:00,3
767.0,262.7929,262.8,262.8,262.8,262.8,2026-07-31 20:08:00,7
1680.0,262.5781,262.5,262.8,262.8,262.5,2026-07-31 20:09:00,9
1445.98128,263.0828,263.14,263.15,263.15,263.14,2026-07-31 20:10:00,11
117.0,263.0817,263.0697,263.0697,263.0697,263.0697,2026-07-31 20:12:00,3
311.0,263.9785,264.0,264.0,264.0,264.0,2026-07-31 20:13:00,3
537.0,263.3595,263.22,263.9,263.9,263.1,2026-07-31 20:16:00,9
57.0,262.464,262.464,262.464,262.464,262.464,2026-07-31 20:17:00,1
80.0,263.89,263.89,263.89,263.89,263.89,2026-07-31 20:20:00,1
52.0,263.0342,263.0,263.0,263.0,263.0,2026-07-31 20:21:00,3
328.0,263.0403,263.05,263.0,263.05,263.0,2026-07-31 20:31:00,10
191.0,262.6887,262.56,262.7308,262.7308,262.56,2026-07-31 20:32:00,7
145.0,262.9519,262.5,262.5,262.5,262.5,2026-07-31 20:43:00,7
100.0,262.784,262.784,262.784,262.784,262.784,2026-07-31 20:45:00,1
1462.005956,262.5717,262.98,262.36,262.98,262.36,2026-07-31 20:48:00,21
165.0,261.8947,261.91,261.85,261.91,261.85,2026-07-31 20:53:00,8
61.0,261.1815,261.17,261.17,261.17,261.17,2026-07-31 20:56:00,4
767.0,260.9952,261.01,260.85,261.01,260.85,2026-07-31 20:59:00,14
124.0,260.9554,261.0,261.0,261.0,261.0,2026-07-31 21:00:00,9
81.0,260.9866,260.97,260.97,260.97,260.97,2026-07-31 21:01:00,3
453.0,260.5308,260.4242,260.4242,260.4242,260.4242,2026-07-31 21:02:00,4
52.0,261.3112,261.31,261.31,261.31,261.31,2026-07-31 21:14:00,4
109.0,260.7841,260.81,260.81,260.81,260.81,2026-07-31 21:15:00,13
401.181532,260.5921,260.4,260.4,260.4,260.4,2026-07-31 21:18:00,12
212.0,260.6081,260.51,260.89,260.89,260.51,2026-07-31 21:20:00,12
139.0,260.5107,260.51,260.51,260.51,260.51,2026-07-31 21:22:00,5
102.0,260.4947,260.5,260.5,260.5,260.5,2026-07-31 21:27:00,3
163.0,260.7566,260.99,260.6096,260.99,260.6096,2026-07-31 21:36:00,4
250.0,261.8693,262.15,260.7466,262.15,260.7466,2026-07-31 21:39:00,3
1133.0,260.6391,261.58,260.52,261.58,260.52,2026-07-31 21:43:00,18
498.0,260.5269,260.52,260.52,260.52,260.52,2026-07-31 21:44:00,5
183.044884,260.5849,260.52,260.52,260.52,260.52,2026-07-31 21:48:00,4
301.0,260.5236,260.52,260.52,260.52,260.52,2026-07-31 21:49:00,3
120.0,261.7636,262.15,262.15,262.15,262.15,2026-07-31 21:57:00,6
132.0,260.9727,261.43,260.74,261.43,260.74,2026-07-31 21:58:00,4
444.0,260.7892,261.0,260.76,261.0,260.76,2026-07-31 21:59:00,3
90.0,260.6,260.6,260.6,260.6,260.6,2026-07-31 22:02:00,1
52.411739,263.4112,261.33,261.33,261.33,261.33,2026-07-31 22:03:00,8
209.0,260.6796,260.76,260.52,260.76,260.52,2026-07-31 22:09:00,9
269.528887,261.0661,260.52,260.5,260.52,260.5,2026-07-31 22:11:00,17
2505.347573,260.4922,260.57,260.474,260.57,259.85,2026-07-31 22:12:00,54
443.0,260.0158,260.0,260.0,260.0,260.0,2026-07-31 22:17:00,5
182.0,260.3434,260.3,260.416,260.416,260.3,2026-07-31 22:18:00,4
65.0,260.1615,260.21,260.21,260.21,260.21,2026-07-31 22:20:00,2
138.607158,260.9978,260.0,259.72,260.0,259.72,2026-07-31 22:24:00,11
519.155541,259.0846,259.0,259.0,259.0,259.0,2026-07-31 22:27:00,8
101.429492,260.1104,259.0,259.0,259.0,259.0,2026-07-31 22:28:00,3
191.0,259.376,259.25,259.7,259.7,259.25,2026-07-31 22:30:00,13
190.0,259.5687,259.68,259.68,259.68,259.68,2026-07-31 22:32:00,4
114.0,259.6333,259.68,259.68,259.68,259.68,2026-07-31 22:33:00,5
66.0,259.7539,259.69,259.69,259.69,259.69,2026-07-31 22:34:00,6
1027.0,259.679,259.69,259.68,259.69,259.68,2026-07-31 22:35:00,17
2525.0,259.9934,259.89,259.98,260.0,259.89,2026-07-31 22:36:00,6
90.0,259.5956,259.94,259.32,259.94,259.32,2026-07-31 22:37:00,3
340.0,259.9912,259.97,260.0,260.0,259.97,2026-07-31 22:38:00,3
100.0,260.51,260.51,260.51,260.51,260.51,2026-07-31 22:39:00,1
50.0,259.32,259.32,259.32,259.32,259.32,2026-07-31 22:49:00,1
320.0,260.5149,260.52,260.52,260.52,260.52,2026-07-31 22:57:00,3
87.0,260.9653,260.9457,260.9457,260.9457,260.9457,2026-07-31 22:59:00,4
50.0,260.11,260.11,260.11,260.11,260.11,2026-07-31 23:09:00,1
75.0,259.8916,259.8386,259.8386,259.8386,259.8386,2026-07-31 23:10:00,5
105.0,259.6524,259.61,259.61,259.61,259.61,2026-07-31 23:16:00,2
41.0,261.15,261.15,261.15,261.15,261.15,2026-07-31 23:17:00,2
144.0,260.9857,261.15,261.15,261.15,261.15,2026-07-31 23:27:00,4
60.0,260.7605,260.7605,260.7605,260.7605,260.7605,2026-07-31 23:45:00,1
131.0,260.1547,260.12,260.12,260.12,260.12,2026-07-31 23:50:00,8
92.0,260.8034,260.83,260.83,260.83,260.83,2026-07-31 23:55:00,3
296.0,260.2394,260.25,260.25,260.25,260.25,2026-07-31 23:59:00,8
614.025558,269.2996,270.4017,268.2,270.52,268.2,2026-08-03 08:00:00,65
6552.089021,268.971,268.41,268.21,271.1,266.37,2026-08-03 08:01:00,320
1070.0,267.4653,266.85,266.61,268.4,266.61,2026-08-03 08:02:00,54
722.878045,267.2012,267.0,266.4,267.0,266.4,2026-08-03 08:03:00,41
756.169865,265.6287,266.0,265.0,266.19,265.0,2026-08-03 08:04:00,20
372.005838,264.986,265.0,264.87,265.02,264.87,2026-08-03 08:05:00,13
797.0,264.6451,264.85,264.1,264.85,264.05,2026-08-03 08:06:00,21
295.0,265.2279,265.06,265.58,265.58,265.06,2026-08-03 08:07:00,5
151.0,264.9483,265.0,264.68,265.0,264.68,2026-08-03 08:09:00,4
306.0,265.6539,265.78,265.78,265.78,265.78,2026-08-03 08:11:00,5
533.019728,265.9223,265.71,265.91,266.15,265.71,2026-08-03 08:12:00,20
42.0,265.6195,265.6,265.6,265.6,265.6,2026-08-03 08:17:00,2
305.0,264.9385,265.0,264.85,265.0,264.85,2026-08-03 08:18:00,7
249.0,263.8661,264.0,263.85,264.0,263.85,2026-08-03 08:20:00,10
124.0,263.0838,263.08,263.08,263.08,263.08,2026-08-03 08:21:00,4
88.0,263.47,263.47,263.47,263.47,263.47,2026-08-03 08:22:00,2
634.0,262.4048,262.91,262.0,262.91,262.0,2026-08-03 08:23:00,36
57.005956,262.2692,262.25,262.25,262.25,262.25,2026-08-03 08:24:00,6
439.0,261.6463,262.05,261.85,262.05,261.85,2026-08-03 08:27:00,43
62.0,262.1294,262.44,262.44,262.44,262.44,2026-08-03 08:28:00,6
120.0,261.3197,261.35,261.25,261.35,261.25,2026-08-03 08:30:00,6
476.907495,263.4061,262.79,263.15,263.15,262.79,2026-08-03 08:36:00,19
1047.0,262.994,262.99,263.0,263.0,262.99,2026-08-03 08:37:00,7
251.0,262.9675,262.95,262.99,262.99,262.95,2026-08-03 08:38:00,6
4198.9965,263.0618,262.99,262.99,263.0,262.99,2026-08-03 08:39:00,38
692.0,263.5636,263.68,263.55,263.68,263.55,2026-08-03 08:46:00,9
95.0,264.0837,264.15,264.15,264.15,264.15,2026-08-03 08:50:00,4
99.019123,265.1037,265.12,265.12,265.12,265.12,2026-08-03 08:51:00,6
270.0,265.2013,265.13,265.15,265.15,265.13,2026-08-03 08:54:00,7
267.0,264.7813,264.83,264.73,264.83,264.73,2026-08-03 08:55:00,8
114.005956,265.6224,265.6,265.6,265.6,265.6,2026-08-03 08:56:00,4
63.0,265.7189,265.79,265.79,265.79,265.79,2026-08-03 08:57:00,5
200.0,265.914,265.93,265.95,265.95,265.93,2026-08-03 08:58:00,4
1150.0,264.9703,264.78,264.89,264.93,264.78,2026-08-03 09:01:00,215
52.0,264.3013,264.3,264.3,264.3,264.3,2026-08-03 09:11:00,4
280.0,264.8979,264.93,264.93,264.93,264.93,2026-08-03 09:12:00,2
331.0,263.9263,264.01,263.86,264.01,263.85,2026-08-03 09:14:00,13
354.0,264.049,264.03,264.03,264.03,264.03,2026-08-03 09:22:00,8
50.0,263.93,263.93,263.93,263.93,263.93,2026-08-03 09:30:00,1
76.0,263.0121,263.0,263.0,263.0,263.0,2026-08-03 09:38:00,3
94.0,263.5604,263.48,263.48,263.69,263.48,2026-08-03 09:41:00,3
157.0,262.8521,262.85,262.85,262.85,262.85,2026-08-03 09:50:00,11
158.0,262.661,262.66,262.66,262.66,262.66,2026-08-03 09:51:00,4
142.034808,262.3768,262.24,262.49,262.49,262.24,2026-08-03 10:01:00,7
553.0,262.0007,262.0,262.0,262.0,262.0,2026-08-03 10:07:00,23
58.0,261.8655,261.85,261.85,261.85,261.85,2026-08-03 10:08:00,2
413.0,261.282,261.85,260.91,261.85,260.87,2026-08-03 10:10:00,18
112.0,260.8616,260.85,260.85,260.85,260.85,2026-08-03 10:13:00,3
118.0,260.6088,260.6,260.6,260.6,260.6,2026-08-03 10:14:00,10
720.198,260.1658,260.14,259.85,260.14,259.85,2026-08-03 10:15:00,52
260.0,259.3321,259.0,259.5,259.59,259.0,2026-08-03 10:17:00,5
74.0,259.5012,259.5,259.5,259.5,259.5,2026-08-03 10:19:00,4
224.0,259.0742,258.92,258.92,258.92,258.87,2026-08-03 10:20:00,12
202.063819,258.9393,258.85,258.85,258.85,258.85,2026-08-03 10:21:00,4
260.0,258.5103,258.52,258.52,258.52,258.52,2026-08-03 10:26:00,8
178.0,259.4352,259.28,259.55,259.55,259.28,2026-08-03 10:30:00,5
808.0,258.2941,258.55,258.03,258.68,258.03,2026-08-03 10:33:00,23
138.0,258.8232,258.8,258.66,258.8,258.66,2026-08-03 10:34:00,10
170.0,258.7172,258.78,258.78,258.79,258.78,2026-08-03 10:36:00,6
98.0,258.2732,258.02,258.02,258.02,258.02,2026-08-03 10:37:00,4
104.0,259.4881,259.5155,259.5155,259.5155,259.5155,2026-08-03 10:41:00,3
90.0,258.9022,259.0,258.78,259.0,258.78,2026-08-03 10:50:00,3
199.0,259.4934,259.45,259.53,259.53,259.45,2026-08-03 10:54:00,7
410.0,259.8341,259.56,260.09,260.09,259.56,2026-08-03 10:55:00,10
1161.0,261.0042,260.15,261.15,261.15,260.15,2026-08-03 10:56:00,21
1445.0,260.6153,260.98,260.8821,260.99,260.0,2026-08-03 11:00:00,66
1494.011,260.1491,259.85,260.71,260.77,259.3993,2026-08-03 11:01:00,48
2667.0,259.0828,259.57,259.0003,259.57,259.0003,2026-08-03 11:02:00,11
762.764162,259.3624,259.0,259.74,259.74,259.0,2026-08-03 11:03:00,30
191.030788,259.2147,259.27,259.0349,259.27,259.0349,2026-08-03 11:05:00,7
618.15,259.0615,259.3,258.85,259.3,258.85,2026-08-03 11:06:00,32
410.681564,258.6407,258.21,258.21,258.21,258.21,2026-08-03 11:07:00,3
174.0,258.3325,258.2,258.2,258.2,258.2,2026-08-03 11:08:00,10
940.022979,258.0017,258.02,258.0,258.02,257.85,2026-08-03 11:10:00,47
79.7804,259.96,257.3314,257.3314,257.3314,257.3314,2026-08-03 11:11:00,16
191.0,257.762,257.75,257.75,257.75,257.75,2026-08-03 11:14:00,5
294.0,258.4744,258.5,258.49,258.5,258.49,2026-08-03 11:16:00,14
288.0,258.9501,259.0,259.0,259.0,259.0,2026-08-03 11:17:00,14
160.0,258.7998,257.85,257.85,257.85,257.85,2026-08-03 11:18:00,14
71.0,258.0655,258.06,258.06,258.06,258.06,2026-08-03 11:19:00,3
215.0,259.3949,258.93,259.84,259.84,258.93,2026-08-03 11:22:00,6
62.0,258.2535,258.25,258.25,258.25,258.25,2026-08-03 11:27:00,3
121.0,258.1408,258.0,258.0,258.0,258.0,2026-08-03 11:28:00,4
56.0,257.89,257.85,257.85,257.85,257.85,2026-08-03 11:29:00,5
568.0,257.9127,257.2,258.0,258.0,257.2,2026-08-03 11:32:00,3
137.0,257.9937,258.0,258.0,258.0,258.0,2026-08-03 11:34:00,5
83.0,258.1952,258.43,258.43,258.43,258.43,2026-08-03 11:35:00,4
76.0,258.0,258.0,258.0,258.0,258.0,2026-08-03 11:36:00,2
670.0,257.4578,257.95,257.0,257.95,257.0,2026-08-03 11:38:00,29
207.885891,258.2861,257.18,257.18,257.18,257.18,2026-08-03 11:40:00,5
2110.749099,256.9084,257.0,256.15,257.0,256.15,2026-08-03 11:41:00,52
249.722382,256.7451,256.0,255.85,256.0,255.85,2026-08-03 11:42:00,13
410.554888,256.2019,255.85,255.85,255.85,255.85,2026-08-03 11:43:00,6
90.102208,256.4435,256.1001,256.1001,256.1001,256.1001,2026-08-03 11:48:00,5
138.601693,257.2625,256.1,256.1,256.1,256.1,2026-08-03 11:51:00,14
381.775496,256.5057,256.0,255.85,256.0,255.85,2026-08-03 11:52:00,24
106.042382,256.2606,256.19,256.19,256.19,256.19,2026-08-03 11:56:00,5
72.0,255.2207,255.25,255.25,255.25,255.25,2026-08-03 11:57:00,7
69.0,255.3243,255.2775,255.2775,255.2775,255.2775,2026-08-03 11:59:00,5
109.560206,256.5055,255.119,255.119,255.119,255.119,2026-08-03 12:01:00,7
4994.205496,254.5397,255.0,254.32,255.06,253.86,2026-08-03 12:02:00,121
124.56137,255.167,253.85,253.85,253.85,253.85,2026-08-03 12:03:00,10
251.692012,254.6262,253.94,253.94,253.94,253.94,2026-08-03 12:04:00,10
246.387634,254.4863,254.8943,254.8943,254.8943,254.8943,2026-08-03 12:05:00,13
84.071737,253.7061,253.4,253.4,253.4,253.4,2026-08-03 12:06:00,12
58.0,253.4567,253.58,253.58,253.58,253.58,2026-08-03 12:07:00,2
60276.0,262.8278,253.86,253.86,253.86,253.86,2026-08-03 12:08:00,25
156.0,253.8788,253.8,254.0,254.0,253.8,2026-08-03 12:11:00,7
162.0,253.9323,254.1,253.81,254.1,253.81,2026-08-03 12:13:00,8
1586.0,255.029,254.41,255.25,255.25,254.41,2026-08-03 12:14:00,27
48.0,254.8238,254.78,254.78,254.78,254.78,2026-08-03 12:15:00,3
99.0,254.796,254.0,254.0,254.0,254.0,2026-08-03 12:16:00,12
174.0,254.6337,254.3,254.26,254.3,254.26,2026-08-03 12:17:00,11
286.0,254.7436,254.21,255.02,255.02,254.21,2026-08-03 12:19:00,13
479.0,255.6998,255.72,255.73,255.73,255.72,2026-08-03 12:22:00,18
90.0,255.097,255.15,255.15,255.15,255.15,2026-08-03 12:27:00,8
375.0,255.1719,255.19,255.19,255.19,255.19,2026-08-03 12:28:00,15
231.0,255.4558,255.5,255.5,255.5,255.5,2026-08-03 12:34:00,4
90.0,255.661,255.66,255.66,255.66,255.66,2026-08-03 12:36:00,2
86.0,255.0841,255.07,255.07,255.07,255.07,2026-08-03 12:39:00,8
119.0,255.105,255.11,255.1,255.11,255.1,2026-08-03 12:41:00,5
1673.0,255.9848,255.84,256.0,256.0,255.84,2026-08-03 12:43:00,28
253.087928,256.1429,256.0,256.15,256.15,256.0,2026-08-03 12:44:00,8
438.0,256.1183,256.18,256.16,256.18,256.01,2026-08-03 12:47:00,16
484.0,255.524,255.52,255.52,255.52,255.52,2026-08-03 12:50:00,34
448.0,255.8112,255.52,256.0,256.0,255.52,2026-08-03 12:51:00,23
188.0,255.8986,256.17,256.17,256.17,256.17,2026-08-03 12:54:00,16
336.0,255.7266,255.73,255.74,255.74,255.7,2026-08-03 12:55:00,8
119.0,255.6324,255.5877,255.5877,255.5877,255.5877,2026-08-03 12:56:00,6
306.0,255.4569,255.52,255.4,255.52,255.4,2026-08-03 12:57:00,17
275.0,255.3557,255.52,255.39,255.52,255.25,2026-08-03 12:58:00,9
236.0,255.5009,255.57,255.57,255.57,255.57,2026-08-03 13:00:00,2
2377.0,254.5928,255.0,254.6,255.0,254.58,2026-08-03 13:02:00,28
611.60315,254.1257,253.88,254.02,254.02,253.85,2026-08-03 13:03:00,12
86.0,255.0006,255.0326,255.0326,255.0326,255.0326,2026-08-03 13:07:00,6
220.0,255.0267,254.96,255.1497,255.1497,254.96,2026-08-03 13:09:00,11
474.0,253.95,254.25,253.25,254.25,253.25,2026-08-03 13:10:00,29
289.981449,254.0594,253.24,253.05,253.24,253.04,2026-08-03 13:12:00,34
115.0,253.0307,253.03,253.03,253.03,253.03,2026-08-03 13:13:00,8
183.561906,254.105,253.5,253.5,253.5,253.5,2026-08-03 13:14:00,11
927.0,253.9274,253.82,253.98,254.0,253.81,2026-08-03 13:15:00,16
594.0,253.9124,253.8007,253.588,254.0,253.588,2026-08-03 13:16:00,21
443.0,254.3446,253.94,254.83,254.83,253.94,2026-08-03 13:18:00,16
129.060798,254.4419,254.49,254.49,254.49,254.49,2026-08-03 13:19:00,13
301.0,254.7028,254.74,254.2,255.0,254.2,2026-08-03 13:20:00,13
355.0,254.4028,254.4,254.4,254.4,254.4,2026-08-03 13:21:00,5
632.0,253.6078,253.5,253.5,253.5,253.5,2026-08-03 13:23:00,22
97.0,254.4232,255.09,255.09,255.09,255.09,2026-08-03 13:25:00,4
281.236464,253.2147,253.0,253.0,253.0,253.0,2026-08-03 13:26:00,16
1174.23711,252.5775,252.52,252.15,252.52,252.15,2026-08-03 13:27:00,24
672.0,252.7442,252.78,252.606,252.85,252.606,2026-08-03 13:28:00,30
1476.0,255.1463,252.23,256.15,257.0,252.23,2026-08-03 13:29:00,82
5963.123836,252.017,254.86,250.925,255.36,249.49,2026-08-03 13:30:00,229
119584.239515,250.8833,250.5,252.36,254.9,248.4687,2026-08-03 13:31:00,1599
39445.599973,253.1768,252.85,253.1975,254.43,251.86,2026-08-03 13:32:00,877
23117.519816,252.0142,254.14,252.175,254.14,251.13,2026-08-03 13:33:00,506
28656.299491,253.9438,252.0,254.04,254.87,252.0,2026-08-03 13:34:00,719
21996.99565,254.951,254.04,256.42,256.9098,250.5,2026-08-03 13:35:00,578
38686.527645,259.7448,256.95,262.305,262.335,256.59,2026-08-03 13:36:00,900
49312.030813,263.1638,262.74,262.275,264.1499,261.85,2026-08-03 13:37:00,955
27431.61212,260.8374,261.82,261.155,262.49,259.41,2026-08-03 13:38:00,660
49983.995868,259.6469,261.88,259.31,262.42,258.75,2026-08-03 13:39:00,860
20438.197686,258.7573,259.2432,258.605,260.9001,257.33,2026-08-03 13:40:00,587
46364.355035,258.2773,259.15,257.62,259.43,256.64,2026-08-03 13:41:00,1115
10944.337985,257.3691,257.85,257.53,258.7125,256.1091,2026-08-03 13:42:00,302
18071.653478,258.1965,257.23,258.82,259.06,256.6501,2026-08-03 13:43:00,324
16871.369118,259.2773,258.93,260.72,261.0,258.64,2026-08-03 13:44:00,315
31768.542927,261.565,260.2,261.95,262.99,260.2,2026-08-03 13:45:00,985
29160.088786,261.5454,262.03,260.3,262.5,260.3,2026-08-03 13:46:00,742
11064.469453,261.1916,260.36,261.76,261.8599,260.08,2026-08-03 13:47:00,382
22425.002232,263.4353,261.86,264.01,265.17,261.86,2026-08-03 13:48:00,697
7892.228379,263.6762,264.2232,263.17,264.2625,262.85,2026-08-03 13:49:00,405
6459.962512,263.2237,262.78,263.58,263.9593,262.23,2026-08-03 13:50:00,400
15639.283553,264.1419,263.2,264.5,264.85,263.2,2026-08-03 13:51:00,480
30644.3835,262.7807,264.49,261.435,264.49,261.155,2026-08-03 13:52:00,548
36255.540346,261.994,261.91,263.255,263.32,261.34,2026-08-03 13:53:00,785
6111.352155,262.2299,262.97,262.2,263.015,261.34,2026-08-03 13:54:00,237
9831.006709,263.4905,262.42,264.59,264.99,261.93,2026-08-03 13:55:00,392
17006.072185,265.166,264.67,266.13,266.15,264.32,2026-08-03 13:56:00,488
16789.931262,266.7345,266.13,267.1552,267.49,266.08,2026-08-03 13:57:00,515
14164.46178,267.0337,266.9,267.3967,267.58,266.41,2026-08-03 13:58:00,397
10383.074956,267.75,267.35,268.4,268.79,267.31,2026-08-03 13:59:00,455
13566.643299,268.5838,268.19,268.96,269.45,267.695,2026-08-03 14:00:00,547
22583.05588,267.8544,268.78,267.795,268.78,266.85,2026-08-03 14:01:00,507
9003.036985,267.0578,268.1091,267.0072,268.1091,266.34,2026-08-03 14:02:00,326
15351.93073,267.4073,267.46,267.05,268.76,266.66,2026-08-03 14:03:00,414
37731.685916,266.9217,266.71,266.78,267.31,265.951,2026-08-03 14:04:00,715
7249.232176,267.1667,266.665,267.95,268.2999,266.5,2026-08-03 14:05:00,308
8816.980349,268.2149,267.88,268.6,269.0,267.26,2026-08-03 14:06:00,357
10329.956157,267.6201,268.74,266.81,268.745,266.81,2026-08-03 14:07:00,351
5775.108016,267.1941,266.8,267.2301,268.265,266.32,2026-08-03 14:08:00,234
14122.548037,268.5858,267.885,268.665,269.28,267.7325,2026-08-03 14:09:00,485
30090.669266,269.0114,268.66,269.73,270.14,268.07,2026-08-03 14:10:00,697
11998.76516,270.4627,270.0,271.879,271.879,269.88,2026-08-03 14:11:00,435
29861.642797,270.8833,271.87,270.955,271.87,270.5,2026-08-03 14:12:00,460
12407.132296,271.4286,270.955,271.07,271.98,270.955,2026-08-03 14:13:00,341
17920.006784,269.8875,271.08,269.51,271.08,268.86,2026-08-03 14:14:00,449
6189.553357,269.5189,269.73,269.63,269.73,269.165,2026-08-03 14:15:00,308
6355.081957,270.3077,269.63,271.17,271.17,269.5,2026-08-03 14:16:00,277
20861.715334,271.5918,270.88,271.58,272.38,270.39,2026-08-03 14:17:00,483
23084.690975,271.8193,271.95,272.29,272.38,271.2775,2026-08-03 14:18:00,309
18126.832972,272.3613,272.16,272.04,272.87,271.62,2026-08-03 14:19:00,484
15383.695451,272.6839,272.05,273.52,273.6,271.4701,2026-08-03 14:20:00,474
11350.742814,273.2034,273.255,273.82,273.82,272.74,2026-08-03 14:21:00,425
20131.944293,274.7469,273.815,274.33,275.44,273.6401,2026-08-03 14:22:00,594
34092.275512,274.6911,274.34,275.2911,275.38,274.09,2026-08-03 14:23:00,551
18909.430965,275.8023,275.0,276.32,276.32,275.0,2026-08-03 14:24:00,439
58027.722797,277.4388,276.33,277.47,278.05,276.32,2026-08-03 14:25:00,2304
24841.553721,277.74,277.73,277.22,278.3,276.83,2026-08-03 14:26:00,771
9164.479648,276.7874,277.27,276.66,277.53,276.0,2026-08-03 14:27:00,303
11107.265709,277.424,276.86,277.45,278.15,276.725,2026-08-03 14:28:00,431
15293.418451,278.8477,277.475,279.47,279.6,277.47,2026-08-03 14:29:00,558
63028.063371,280.3595,279.53,281.025,281.19,279.21,2026-08-03 14:30:00,1742
29040.282115,281.6225,281.025,281.39,282.18,281.0,2026-08-03 14:31:00,884
22693.690915,281.9162,281.21,281.695,282.83,281.12,2026-08-03 14:32:00,708
22487.076986,282.2953,281.96,282.735,283.0,281.74,2026-08-03 14:33:00,650
11386.104872,282.4354,282.74,282.29,282.91,282.1,2026-08-03 14:34:00,461
26897.801015,282.8353,282.29,283.44,283.455,282.19,2026-08-03 14:35:00,911
35770.239551,283.6723,283.48,284.36,284.615,283.0,2026-08-03 14:36:00,864
44938.593033,284.6611,284.45,284.83,285.13,284.08,2026-08-03 14:37:00,1124
40696.852421,284.7363,284.77,284.1,285.41,283.82,2026-08-03 14:38:00,900
34112.39059,284.8937,284.16,285.175,285.5,283.96,2026-08-03 14:39:00,970
17402.901073,285.0144,285.17,284.995,285.48,284.4901,2026-08-03 14:40:00,496
17013.335099,285.2286,284.995,284.88,285.72,284.65,2026-08-03 14:41:00,606
14850.822523,283.9166,284.735,284.01,284.735,283.4301,2026-08-03 14:42:00,501
18566.14664,282.9595,284.0,282.865,284.0,282.1101,2026-08-03 14:43:00,431
9483.144088,282.9714,282.86,282.995,283.49,282.262,2026-08-03 14:44:00,309
26987.072384,282.3723,282.79,282.265,282.93,281.8705,2026-08-03 14:45:00,589
12940.763655,283.779,282.265,284.2,284.45,282.265,2026-08-03 14:46:00,392
9069.046626,283.9427,284.13,284.61,284.61,283.5,2026-08-03 14:47:00,352
12323.590739,285.2594,284.84,285.2375,285.7,284.81,2026-08-03 14:48:00,391
14590.786063,285.9663,285.225,286.01,286.64,285.22,2026-08-03 14:49:00,494
21489.562098,286.8917,285.99,286.98,287.58,285.98,2026-08-03 14:50:00,630
15899.929261,287.2361,286.9675,287.68,287.88,286.835,2026-08-03 14:51:00,507
28568.184815,287.5966,287.68,287.38,287.91,287.21,2026-08-03 14:52:00,740
15490.639145,287.405,287.3775,287.27,287.78,287.04,2026-08-03 14:53:00,495
9555.764957,287.0175,287.27,286.62,287.47,286.61,2026-08-03 14:54:00,356
8605.392223,287.1106,286.62,287.32,287.6,286.615,2026-08-03 14:55:00,311
13883.327804,286.6478,287.115,286.2159,287.39,286.18,2026-08-03 14:56:00,411
17058.576205,286.2666,286.17,286.4651,286.875,285.76,2026-08-03 14:57:00,406
11948.424722,286.9508,286.465,287.48,287.48,286.33,2026-08-03 14:58:00,437
8781.595986,287.6382,287.47,287.74,287.9499,287.35,2026-08-03 14:59:00,335
46895.590273,287.7519,287.6,287.7,288.46,287.26,2026-08-03 15:00:00,870
48110.735779,287.0656,287.85,286.65,287.85,286.3514,2026-08-03 15:01:00,843
26000.278389,286.3233,286.65,286.77,286.99,285.5,2026-08-03 15:02:00,722
11230.174171,286.5171,286.815,286.83,287.01,285.68,2026-08-03 15:03:00,384
8016.11355,286.7385,286.77,286.8,286.9541,286.43,2026-08-03 15:04:00,280
8386.066107,286.3384,286.98,285.725,286.99,285.725,2026-08-03 15:05:00,368
19487.354268,285.5479,285.71,285.5545,286.26,285.15,2026-08-03 15:06:00,434
13833.687919,286.1033,285.785,286.39,286.57,285.58,2026-08-03 15:07:00,365
25086.69157,285.7256,286.46,285.38,286.48,285.02,2026-08-03 15:08:00,550
17876.320079,285.1095,285.395,284.54,285.66,284.4101,2026-08-03 15:09:00,415
13055.313528,284.3586,284.44,284.09,284.68,284.0,2026-08-03 15:10:00,359
9556.863115,283.7134,284.01,283.985,284.05,283.1001,2026-08-03 15:11:00,376
12312.806046,283.958,283.8901,285.13,285.13,283.44,2026-08-03 15:12:00,441
29906.425913,284.7755,285.15,284.095,285.39,284.095,2026-08-03 15:13:00,422
10394.916294,284.1104,284.09,283.595,284.755,283.42,2026-08-03 15:14:00,328
7087.095378,284.0551,283.58,284.21,284.36,283.58,2026-08-03 15:15:00,222
11924.569907,284.826,284.69,284.25,285.39,283.89,2026-08-03 15:16:00,379
16102.046373,284.1923,284.48,284.255,284.83,283.71,2026-08-03 15:17:00,269
12558.743989,284.4778,284.255,284.745,285.0,284.01,2026-08-03 15:18:00,341
8865.412932,284.8513,284.51,284.98,285.39,284.51,2026-08-03 15:19:00,336
15401.349999,285.2287,285.01,285.97,286.14,284.77,2026-08-03 15:20:00,382
17780.513788,285.7289,286.04,285.15,286.205,285.145,2026-08-03 15:21:00,485
15935.946054,284.8689,285.145,285.34,285.34,284.28,2026-08-03 15:22:00,443
9840.561459,285.262,285.38,285.32,285.61,285.0,2026-08-03 15:23:00,260
11647.379082,285.0867,285.32,284.8,285.6,284.57,2026-08-03 15:24:00,360
16080.379645,284.8287,284.54,284.78,285.21,284.5,2026-08-03 15:25:00,504
9924.453871,284.8477,284.59,284.81,285.1499,284.58,2026-08-03 15:26:00,359
9465.522791,284.5132,284.66,284.29,284.66,284.21,2026-08-03 15:27:00,290
11712.832406,284.1031,284.5,284.23,284.6,283.61,2026-08-03 15:28:00,500
8640.213066,284.3893,284.28,284.51,284.71,284.195,2026-08-03 15:29:00,232
19735.614136,284.5421,284.315,285.13,285.37,284.02,2026-08-03 15:30:00,573
12466.121385,285.5817,285.19,285.24,286.04,285.19,2026-08-03 15:31:00,360
10654.727736,285.1778,285.16,284.895,285.54,284.74,2026-08-03 15:32:00,334
5575.814944,285.2924,284.94,285.2278,285.55,284.72,2026-08-03 15:33:00,195
10975.03239,285.3711,285.81,285.485,285.95,284.97,2026-08-03 15:34:00,268
10979.952066,285.2046,285.19,285.76,285.87,284.68,2026-08-03 15:35:00,378
8638.120261,285.3925,285.86,285.36,285.86,284.94,2026-08-03 15:36:00,308
8703.462224,284.928,285.35,284.49,285.73,284.12,2026-08-03 15:37:00,292
6888.351192,284.5743,284.62,284.5,284.755,284.32,2026-08-03 15:38:00,185
7119.880611,285.1145,284.5,284.965,285.51,284.5,2026-08-03 15:39:00,242
13881.833644,285.8385,284.965,285.79,286.44,284.965,2026-08-03 15:40:00,347
8093.061233,286.0712,285.975,285.975,286.3636,285.8,2026-08-03 15:41:00,329
8431.97022,286.136,285.9601,286.255,286.44,285.75,2026-08-03 15:42:00,236
7225.690007,286.5158,286.25,286.77,286.83,286.08,2026-08-03 15:43:00,248
3921.058597,286.4232,286.65,286.3,286.78,286.14,2026-08-03 15:44:00,199
20311.729259,286.9541,286.315,286.91,287.21,286.315,2026-08-03 15:45:00,374
8947.547603,287.0632,286.885,287.18,287.5,286.83,2026-08-03 15:46:00,289
3929.779177,287.1308,287.14,287.29,287.38,286.76,2026-08-03 15:47:00,185
7874.721522,287.4823,286.9401,287.61,287.82,286.9401,2026-08-03 15:48:00,291
7310.938894,287.7034,287.48,287.525,287.95,287.2,2026-08-03 15:49:00,273
5148.126167,287.548,287.5175,287.575,287.78,287.3004,2026-08-03 15:50:00,213
8911.519892,287.0994,287.8,287.07,287.82,286.52,2026-08-03 15:51:00,289
3032.000049,287.3237,287.1514,287.38,287.43,287.08,2026-08-03 15:52:00,161
6668.508962,287.7277,287.55,287.95,287.95,287.44,2026-08-03 15:53:00,239
9420.808519,287.9393,287.96,287.48,288.12,287.48,2026-08-03 15:54:00,372
3767.999002,287.661,287.495,287.83,287.83,287.39,2026-08-03 15:55:00,225
5536.638792,287.841,287.68,287.795,287.97,287.59,2026-08-03 15:56:00,276
5453.349457,287.5755,287.67,287.35,287.755,287.33,2026-08-03 15:57:00,261
12615.569805,287.882,287.615,288.015,288.17,287.38,2026-08-03 15:58:00,409
9794.533823,287.7544,288.01,288.04,288.045,287.46,2026-08-03 15:59:00,336
14601.387325,288.559,288.04,288.75,289.0,288.04,2026-08-03 16:00:00,525
4937.083847,288.5532,288.65,288.41,288.81,288.41,2026-08-03 16:01:00,236
8939.199909,288.7014,288.415,288.64,288.99,288.25,2026-08-03 16:02:00,285
5281.364371,288.6061,288.65,288.34,288.9,288.33,2026-08-03 16:03:00,191
16893.679549,288.4188,288.28,288.4899,288.6926,288.0,2026-08-03 16:04:00,249
12401.621349,289.0661,288.49,289.37,289.39,288.48,2026-08-03 16:05:00,427
16783.017883,289.2468,289.55,288.87,289.7444,288.73,2026-08-03 16:06:00,390
9555.128379,288.7258,288.66,288.48,289.0,288.45,2026-08-03 16:07:00,310
14689.971199,288.0032,288.4,287.6,288.5699,287.54,2026-08-03 16:08:00,371
5410.880296,287.9784,287.55,288.25,288.41,287.5233,2026-08-03 16:09:00,255
8983.085678,287.938,288.37,287.595,288.5,287.4605,2026-08-03 16:10:00,364
6694.043332,287.5885,287.595,287.495,287.92,287.28,2026-08-03 16:11:00,238
4365.314874,287.3533,287.43,287.23,287.5,287.145,2026-08-03 16:12:00,200
10853.865984,287.1201,287.33,287.34,287.44,286.86,2026-08-03 16:13:00,288
4282.304959,286.8458,287.02,286.77,287.02,286.58,2026-08-03 16:14:00,192
8722.720624,286.9502,286.95,286.99,287.24,286.725,2026-08-03 16:15:00,253
7142.8412,287.2822,287.1077,287.26,287.495,287.05,2026-08-03 16:16:00,221
5380.004781,287.399,287.19,287.78,287.82,287.19,2026-08-03 16:17:00,281
7309.205531,287.8592,287.66,287.9654,288.295,287.52,2026-08-03 16:18:00,287
7497.855172,288.3569,288.445,288.32,288.65,288.12,2026-08-03 16:19:00,209
6363.005688,287.7927,288.12,287.49,288.16,287.4,2026-08-03 16:20:00,260
6710.069811,287.5784,287.35,287.445,287.9999,287.35,2026-08-03 16:21:00,193
4514.463856,287.6225,287.5,287.7,287.86,287.3,2026-08-03 16:22:00,178
14231.252288,288.0525,287.87,287.66,288.37,287.58,2026-08-03 16:23:00,357
3688.095277,287.3714,287.5,287.18,287.5,287.115,2026-08-03 16:24:00,153
6021.788832,287.5792,287.32,287.84,287.855,287.185,2026-08-03 16:25:00,185
4977.63951,287.5572,287.84,287.59,287.84,287.34,2026-08-03 16:26:00,208
4387.40518,287.5738,287.57,287.53,287.665,287.35,2026-08-03 16:27:00,157
6821.308047,287.4656,287.41,287.64,287.66,287.275,2026-08-03 16:28:00,236
4394.69942,287.6601,287.575,287.415,287.9099,287.415,2026-08-03 16:29:00,182
7831.53342,287.4454,287.415,287.2375,287.76,287.21,2026-08-03 16:30:00,227
6538.276515,287.1721,287.38,287.29,287.4,286.93,2026-08-03 16:31:00,224
8693.083393,287.0825,287.36,287.35,287.36,286.75,2026-08-03 16:32:00,195
10005.098731,287.2603,287.5,287.31,287.62,287.0,2026-08-03 16:33:00,258
2466.59598,287.4039,287.55,287.305,287.57,287.03,2026-08-03 16:34:00,112
4934.862983,287.2881,287.345,287.4651,287.48,287.08,2026-08-03 16:35:00,202
5710.154978,287.4797,287.53,287.3,287.79,287.3,2026-08-03 16:36:00,201
5370.100337,287.3032,287.46,287.165,287.54,287.02,2026-08-03 16:37:00,197
10364.358218,286.8822,287.01,287.12,287.33,286.71,2026-08-03 16:38:00,291
5095.29266,286.7746,287.12,286.48,287.26,286.0,2026-08-03 16:39:00,243
3737.234332,286.7172,286.63,286.725,286.95,286.43,2026-08-03 16:40:00,155
4624.621436,286.9609,286.72,286.95,287.09,286.72,2026-08-03 16:41:00,166
9747.293856,286.2413,286.81,285.78,286.86,285.74,2026-08-03 16:42:00,336
8892.365487,286.1251,285.8025,286.115,286.555,285.5101,2026-08-03 16:43:00,303
5482.335996,286.1838,285.96,286.13,286.46,285.79,2026-08-03 16:44:00,174
5119.867082,286.3939,286.19,286.54,286.7108,286.0,2026-08-03 16:45:00,183
23136.743903,286.6645,286.7,286.59,286.99,286.58,2026-08-03 16:46:00,157
5226.672834,286.2824,286.59,285.99,286.59,285.99,2026-08-03 16:47:00,214
4702.162835,285.9991,286.085,285.92,286.0925,285.76,2026-08-03 16:48:00,119
8930.178449,285.9932,285.86,285.96,286.24,285.75,2026-08-03 16:49:00,299
3276.115746,286.2432,286.05,286.45,286.45,286.0,2026-08-03 16:50:00,141
4326.504134,286.229,286.615,285.95,286.615,285.95,2026-08-03 16:51:00,123
6057.071602,285.5607,285.85,285.5,286.0814,285.13,2026-08-03 16:52:00,256
2100.292737,285.6877,285.64,285.6,285.71,285.38,2026-08-03 16:53:00,97
4590.600025,285.754,285.595,285.8025,285.85,285.44,2026-08-03 16:54:00,174
6182.326582,285.7866,285.81,285.6,286.25,285.53,2026-08-03 16:55:00,185
3736.210931,285.9252,285.77,285.885,286.05,285.77,2026-08-03 16:56:00,159
5815.352298,286.0807,285.84,286.215,286.275,285.6501,2026-08-03 16:57:00,175
7406.8,286.278,286.3,286.165,286.48,286.11,2026-08-03 16:58:00,156
4757.964245,286.0256,286.01,286.25,286.25,285.735,2026-08-03 16:59:00,194
1606.553031,285.79,285.75,285.7,285.915,285.59,2026-08-03 17:00:00,98
2616.202613,286.0013,285.7,286.065,286.17,285.7,2026-08-03 17:01:00,145
4593.170758,286.1437,286.065,286.49,286.72,285.85,2026-08-03 17:02:00,180
3323.783838,286.0202,286.26,285.72,286.26,285.55,2026-08-03 17:03:00,172
2353.353356,285.8252,285.735,285.735,285.75,285.735,2026-08-03 17:04:00,100
9693.059721,285.8874,285.735,286.26,286.44,285.5901,2026-08-03 17:05:00,224
3206.89399,286.3262,286.24,286.49,286.6491,285.9541,2026-08-03 17:06:00,155
3994.339591,286.5873,286.49,286.515,286.84,286.38,2026-08-03 17:07:00,160
5555.19193,286.3928,286.5,286.24,286.51,286.16,2026-08-03 17:08:00,199
5531.951614,286.9939,286.59,286.86,287.32,286.59,2026-08-03 17:09:00,223
3925.271508,286.914,286.86,286.84,287.12,286.75,2026-08-03 17:10:00,183
6033.603246,287.1898,286.88,287.15,287.315,286.88,2026-08-03 17:11:00,195
7533.031342,287.3324,287.3,287.315,287.66,287.215,2026-08-03 17:12:00,180
2489.530727,287.3798,287.34,287.4,287.42,287.21,2026-08-03 17:13:00,148
3453.887679,287.5216,287.54,287.5,287.68,287.2801,2026-08-03 17:14:00,155
3684.990549,287.8838,287.67,288.09,288.15,287.52,2026-08-03 17:15:00,194
12260.732305,288.1006,287.85,287.955,288.22,287.82,2026-08-03 17:16:00,213
6435.470518,287.9639,288.0,288.005,288.21,287.81,2026-08-03 17:17:00,179
5152.680137,288.0301,288.15,287.95,288.16,287.84,2026-08-03 17:18:00,142
8172.913706,287.6748,287.95,287.52,287.95,287.45,2026-08-03 17:19:00,261
4560.549481,287.5598,287.52,287.385,287.73,287.35,2026-08-03 17:20:00,195
3748.839909,287.483,287.295,287.68,287.76,287.19,2026-08-03 17:21:00,162
5435.294455,287.7161,287.59,287.6475,287.815,287.59,2026-08-03 17:22:00,220
8376.999087,288.173,287.83,288.35,288.41,287.74,2026-08-03 17:23:00,189
2081.864887,288.0765,287.97,287.965,288.0899,287.84,2026-08-03 17:24:00,146
3760.828321,287.9191,288.0999,287.865,288.0999,287.7333,2026-08-03 17:25:00,181
6376.39672,287.9887,287.95,288.035,288.19,287.76,2026-08-03 17:26:00,264
6285.957078,288.1512,288.0525,287.84,288.43,287.84,2026-08-03 17:27:00,282
3099.3591,287.9363,287.85,287.965,288.1,287.79,2026-08-03 17:28:00,164
5393.190511,288.1441,287.965,288.145,288.24,287.9575,2026-08-03 17:29:00,170
3479.171586,288.1875,288.145,288.1001,288.37,288.04,2026-08-03 17:30:00,165
8043.962362,288.2884,288.305,288.29,288.4,288.15,2026-08-03 17:31:00,223
10354.779369,288.2032,288.3,288.25,288.55,287.89,2026-08-03 17:32:00,327
13555.359608,288.9604,288.27,289.12,289.345,288.27,2026-08-03 17:33:00,327
7327.062006,289.1446,289.125,289.49,289.57,288.98,2026-08-03 17:34:00,241
10987.679772,289.2024,289.395,289.19,289.395,288.95,2026-08-03 17:35:00,187
9712.978584,289.2217,289.06,289.525,289.8,288.85,2026-08-03 17:36:00,318
15806.487301,289.9843,289.78,289.975,290.39,289.57,2026-08-03 17:37:00,639
5381.667293,289.896,289.97,289.85,290.05,289.755,2026-08-03 17:38:00,275
4345.833172,289.6571,289.825,289.3701,289.85,289.3701,2026-08-03 17:39:00,155
3021.937583,289.6467,289.54,289.64,289.74,289.405,2026-08-03 17:40:00,157
5799.109967,290.0394,289.75,290.35,290.38,289.75,2026-08-03 17:41:00,234
13913.657935,290.6025,290.29,290.64,290.78,290.29,2026-08-03 17:42:00,368
13417.971102,290.6876,290.8,290.545,290.92,290.34,2026-08-03 17:43:00,358
3457.757505,290.7493,290.55,290.8325,290.8325,290.55,2026-08-03 17:44:00,186
6652.080794,290.8953,290.7733,290.8125,291.05,290.67,2026-08-03 17:45:00,266
2548.094498,290.7781,290.81,290.99,290.99,290.58,2026-08-03 17:46:00,148
3976.324085,290.8483,290.785,290.76,290.99,290.65,2026-08-03 17:47:00,185
3827.532681,290.7376,290.76,290.71,290.76,290.53,2026-08-03 17:48:00,161
3632.876642,290.7951,290.86,290.805,290.86,290.665,2026-08-03 17:49:00,276
19225.723708,291.3341,290.88,290.92,291.67,290.88,2026-08-03 17:50:00,423
4180.036829,290.6702,290.91,290.51,290.93,290.5,2026-08-03 17:51:00,164
3234.280109,290.739,290.745,290.72,290.95,290.43,2026-08-03 17:52:00,123
4698.669274,290.7258,290.92,290.69,290.93,290.5,2026-08-03 17:53:00,217
4084.629202,290.9979,290.84,291.13,291.14,290.84,2026-08-03 17:54:00,148
7084.816424,291.3287,291.02,291.68,291.68,290.94,2026-08-03 17:55:00,292
8963.494064,291.8477,291.81,291.6,292.11,291.6,2026-08-03 17:56:00,317
3725.792674,291.8089,291.66,291.805,291.9,291.66,2026-08-03 17:57:00,151
7199.507672,291.8585,291.805,291.69,292.09,291.69,2026-08-03 17:58:00,258
6644.801192,291.8645,291.705,291.9699,291.97,291.7,2026-08-03 17:59:00,174
13323.239596,291.9175,291.93,291.875,292.15,291.72,2026-08-03 18:00:00,337
6793.039345,291.728,291.88,291.49,291.9,291.45,2026-08-03 18:01:00,308
4729.639441,291.6419,291.6099,291.745,291.84,291.43,2026-08-03 18:02:00,195
10076.640265,291.7291,291.745,292.1,292.1,291.38,2026-08-03 18:03:00,339
6794.52893,291.906,291.845,291.985,292.03,291.69,2026-08-03 18:04:00,237
16505.615349,292.2325,291.915,292.03,292.5,291.915,2026-08-03 18:05:00,475
8656.24662,292.1407,292.025,292.15,292.3099,292.025,2026-08-03 18:06:00,215
7208.741244,292.3465,292.15,292.22,292.59,292.011,2026-08-03 18:07:00,267
8498.54069,292.171,292.23,292.38,292.42,291.92,2026-08-03 18:08:00,229
5314.168644,292.2858,292.365,292.215,292.51,292.06,2026-08-03 18:09:00,166
9244.123969,292.5423,292.34,292.585,292.81,292.245,2026-08-03 18:10:00,268
6486.795505,292.5637,292.585,292.415,292.68,292.37,2026-08-03 18:11:00,235
9257.39,292.2646,292.36,292.335,292.4575,292.07,2026-08-03 18:12:00,283
7062.560091,292.3114,292.39,292.01,292.6501,291.925,2026-08-03 18:13:00,232
4261.880108,292.0137,292.0,291.97,292.06,291.67,2026-08-03 18:14:00,167
4240.940998,292.3317,291.97,292.63,292.65,291.81,2026-08-03 18:15:00,201
4972.3314,292.4816,292.49,292.71,292.78,292.32,2026-08-03 18:16:00,200
6972.29547,292.8306,292.7774,292.62,293.04,292.62,2026-08-03 18:17:00,321
4363.950381,292.5136,292.74,292.26,292.74,292.26,2026-08-03 18:18:00,186
4340.66504,292.1397,292.105,291.97,292.105,291.96,2026-08-03 18:19:00,202
5720.880496,291.7073,291.955,291.5,291.955,291.33,2026-08-03 18:20:00,229
6587.944935,291.6156,291.445,291.57,291.775,291.35,2026-08-03 18:21:00,236
8225.539553,291.6792,291.68,291.505,291.795,291.34,2026-08-03 18:22:00,202
4092.173342,291.5034,291.495,291.64,291.64,291.34,2026-08-03 18:23:00,188
3836.839557,291.587,291.58,291.48,291.63,291.42,2026-08-03 18:24:00,159
6569.330017,291.3674,291.61,290.98,291.695,290.85,2026-08-03 18:25:00,269
3881.000799,290.9498,290.85,290.915,291.01,290.8,2026-08-03 18:26:00,161
5843.820845,290.7048,290.76,290.765,290.81,290.4401,2026-08-03 18:27:00,215
8353.809366,290.8883,290.87,290.66,291.11,290.66,2026-08-03 18:28:00,234
6050.984413,290.7842,290.67,290.74,290.84,290.59,2026-08-03 18:29:00,185
8275.173099,290.8987,290.745,291.31,291.31,290.58,2026-08-03 18:30:00,252
4807.166806,290.9822,291.02,291.07,291.19,290.82,2026-08-03 18:31:00,180
4065.797763,291.2067,291.11,291.265,291.42,291.11,2026-08-03 18:32:00,161
13871.848018,291.2141,291.265,291.045,291.6,291.0,2026-08-03 18:33:00,321
5283.060473,291.143,290.99,291.07,291.3451,290.835,2026-08-03 18:34:00,199
4157.888806,291.1892,291.11,291.12,291.3,290.98,2026-08-03 18:35:00,137
6813.546361,291.0426,291.25,290.7,291.3099,290.64,2026-08-03 18:36:00,208
11166.669451,290.2106,290.675,290.11,290.675,290.0,2026-08-03 18:37:00,308
4992.649738,290.1302,290.11,290.17,290.17,289.93,2026-08-03 18:38:00,196
7731.017068,289.9074,290.17,289.5001,290.28,289.5001,2026-08-03 18:39:00,236
4958.440383,289.7794,289.54,289.78,289.88,289.45,2026-08-03 18:40:00,216
5105.384538,289.8964,289.765,289.78,290.06,289.63,2026-08-03 18:41:00,169
4953.52706,290.0926,290.07,289.91,290.29,289.8201,2026-08-03 18:42:00,189
3776.69906,290.0587,289.91,290.14,290.14,289.83,2026-08-03 18:43:00,170
3410.293296,290.2862,290.255,290.43,290.445,290.22,2026-08-03 18:44:00,123
5877.897793,290.4509,290.15,290.5,290.585,290.15,2026-08-03 18:45:00,197
11111.185359,290.1254,290.465,290.1,290.465,289.83,2026-08-03 18:46:00,240
3160.318859,289.9403,289.99,289.84,290.02,289.84,2026-08-03 18:47:00,109
7112.425494,290.0883,289.835,290.53,290.53,289.73,2026-08-03 18:48:00,214
6294.6927,290.5763,290.33,290.83,290.83,290.33,2026-08-03 18:49:00,168
7989.179042,290.7393,290.72,290.685,290.96,290.61,2026-08-03 18:50:00,220
5583.651794,290.7412,290.77,290.735,290.8799,290.535,2026-08-03 18:51:00,212
4082.712815,290.8106,290.735,290.775,290.905,290.61,2026-08-03 18:52:00,159
9464.402792,290.6543,290.795,290.54,290.9,290.39,2026-08-03 18:53:00,296
3236.973175,290.6151,290.54,290.5547,290.58,290.48,2026-08-03 18:54:00,118
6658.379878,290.5315,290.51,290.66,290.68,290.44,2026-08-03 18:55:00,178
4258.345268,290.5149,290.47,290.495,290.59,290.41,2026-08-03 18:56:00,152
7398.208103,290.3371,290.41,290.23,290.5,290.16,2026-08-03 18:57:00,222
5058.471719,290.417,290.31,290.44,290.58,290.17,2026-08-03 18:58:00,170
6076.204949,290.4227,290.49,290.35,290.57,290.26,2026-08-03 18:59:00,199
7453.016048,290.7006,290.25,291.01,291.09,290.24,2026-08-03 19:00:00,325
6550.38466,291.2729,290.88,291.375,291.49,290.88,2026-08-03 19:01:00,213
12441.76262,291.7054,291.43,291.61,292.04,291.375,2026-08-03 19:02:00,326
9172.037537,291.6202,291.61,291.64,291.7699,291.4901,2026-08-03 19:03:00,101
10213.789776,291.354,291.64,291.37,291.64,291.095,2026-08-03 19:04:00,265
4517.659653,291.0167,291.42,290.39,291.45,290.305,2026-08-03 19:05:00,197
4037.145007,290.8864,290.55,291.245,291.385,290.47,2026-08-03 19:06:00,168
4089.00843,290.7821,291.15,290.517,291.15,290.34,2026-08-03 19:07:00,150
5218.652282,290.2823,290.43,290.555,290.61,289.98,2026-08-03 19:08:00,263
3363.500632,290.7516,290.535,290.59,290.7,290.535,2026-08-03 19:09:00,117
5831.02061,290.7114,290.59,290.79,290.8,290.34,2026-08-03 19:10:00,227
14539.68,291.0897,290.71,291.15,291.28,290.71,2026-08-03 19:11:00,282
8811.918887,291.0575,291.24,290.92,291.27,290.78,2026-08-03 19:12:00,297
7353.527672,290.5567,290.81,290.03,290.91,290.015,2026-08-03 19:13:00,270
5180.693527,290.4053,290.065,290.355,290.57,290.065,2026-08-03 19:14:00,223
5862.765267,290.5215,290.41,290.575,290.72,290.17,2026-08-03 19:15:00,208
5209.84668,290.6449,290.72,290.71,290.84,290.38,2026-08-03 19:16:00,194
4783.311723,290.7976,290.8599,290.875,291.0,290.71,2026-08-03 19:17:00,192
7089.403426,291.0597,291.0,291.235,291.235,290.9,2026-08-03 19:18:00,204
7878.053384,291.0053,291.15,290.765,291.31,290.68,2026-08-03 19:19:00,303
6227.644266,290.9334,290.95,290.81,291.06,290.7475,2026-08-03 19:20:00,222
5665.119707,290.9408,290.73,291.02,291.14,290.73,2026-08-03 19:21:00,190
8872.276916,291.0787,291.0,291.32,291.32,290.96,2026-08-03 19:22:00,206
8918.06649,291.2272,291.3,291.19,291.47,291.1471,2026-08-03 19:23:00,183
4980.364517,291.0909,291.36,290.97,291.36,290.9,2026-08-03 19:24:00,199
10240.192586,290.9723,290.91,290.86,291.085,290.81,2026-08-03 19:25:00,403
5306.9644,290.9379,290.8,290.91,291.02,290.69,2026-08-03 19:26:00,166
7770.857191,290.7827,290.91,290.52,290.91,290.52,2026-08-03 19:27:00,312
7143.151918,290.6086,290.59,290.445,290.66,290.4,2026-08-03 19:28:00,235
9798.49855,290.5105,290.37,290.43,290.68,290.35,2026-08-03 19:29:00,351
11286.940528,290.5525,290.44,290.31,290.75,290.26,2026-08-03 19:30:00,407
8171.182762,290.4504,290.37,290.49,290.58,290.22,2026-08-03 19:31:00,292
12129.443316,290.1399,290.46,290.11,290.465,289.89,2026-08-03 19:32:00,342
7445.833604,290.2914,290.125,290.375,290.44,290.095,2026-08-03 19:33:00,262
11039.26717,290.3831,290.375,290.245,290.6,290.1401,2026-08-03 19:34:00,423
10735.979154,290.2555,290.33,290.315,290.415,290.03,2026-08-03 19:35:00,345
37156.998079,291.4065,290.39,289.85,290.505,289.85,2026-08-03 19:36:00,392
6344.545391,290.063,289.96,290.11,290.18,289.84,2026-08-03 19:37:00,221
9428.593999,290.1602,290.22,289.97,290.4,289.97,2026-08-03 19:38:00,293
8923.379,290.1241,290.05,290.1,290.26,289.97,2026-08-03 19:39:00,281
16499.247288,289.8593,290.045,289.925,290.1579,289.63,2026-08-03 19:40:00,523
11858.572538,289.9076,290.0,289.56,290.21,289.51,2026-08-03 19:41:00,419
10862.08892,289.7449,289.555,289.85,289.85,289.51,2026-08-03 19:42:00,306
14033.404915,289.6329,289.85,289.63,289.85,289.48,2026-08-03 19:43:00,372
16567.387901,289.832,289.63,290.12,290.15,289.59,2026-08-03 19:44:00,494
15266.385019,290.0266,290.105,289.985,290.17,289.95,2026-08-03 19:45:00,504
11782.900224,289.6895,290.04,289.68,290.12,289.375,2026-08-03 19:46:00,396
17629.110634,289.4148,289.49,289.24,289.56,289.24,2026-08-03 19:47:00,435
12018.332245,289.4923,289.32,289.475,289.72,289.29,2026-08-03 19:48:00,459
14774.614755,289.1936,289.475,288.975,289.51,288.78,2026-08-03 19:49:00,486
23823.078189,288.6847,289.25,288.24,289.25,288.01,2026-08-03 19:50:00,793
24350.822535,288.475,288.255,288.23,288.76,288.23,2026-08-03 19:51:00,767
20078.670401,288.701,288.225,288.65,288.94,288.2225,2026-08-03 19:52:00,721
19550.464846,288.8798,288.8,288.775,289.09,288.64,2026-08-03 19:53:00,673
30579.398382,288.4414,288.775,288.12,288.775,288.07,2026-08-03 19:54:00,876
33484.264444,288.152,288.0,288.31,288.4099,287.91,2026-08-03 19:55:00,1023
42514.341653,288.008,288.27,287.995,288.37,287.56,2026-08-03 19:56:00,1340
50184.386632,288.4012,287.995,288.39,288.78,287.995,2026-08-03 19:57:00,1514
83091.31679,288.504,288.41,288.555,288.83,288.17,2026-08-03 19:58:00,2117
110938.267598,288.5094,288.57,288.24,288.81,288.09,2026-08-03 19:59:00,2969
12664.366548,288.1459,288.14,287.58,288.14,287.58,2026-08-03 20:00:00,90
1988.0,287.5249,288.6098,287.5,288.6098,287.32,2026-08-03 20:01:00,11
577.0,287.9776,288.0,288.0,288.0,288.0,2026-08-03 20:02:00,9
336.43877,289.1228,288.82,288.82,288.82,288.82,2026-08-03 20:04:00,24
212.0,289.1132,289.14,289.15,289.15,289.14,2026-08-03 20:05:00,16
701.0,288.716,289.7,289.58,289.7,289.58,2026-08-03 20:06:00,10
139.0,289.3499,289.3,289.3,289.3,289.3,2026-08-03 20:09:00,4
65.0,289.7508,289.7508,289.7508,289.7508,289.7508,2026-08-03 20:18:00,1
231.706452,289.2223,288.15,288.15,288.15,288.15,2026-08-03 20:22:00,9
171.0,288.5579,288.61,288.61,288.61,288.61,2026-08-03 20:23:00,4
116.005722,288.308,288.22,288.22,288.22,288.22,2026-08-03 20:26:00,5
54.005389,288.3399,288.3,288.3,288.3,288.3,2026-08-03 20:28:00,4
148.0,289.2957,289.7295,289.15,289.7295,289.15,2026-08-03 20:31:00,8
94.0,289.425,289.41,289.41,289.41,289.41,2026-08-03 20:36:00,4
58.0,289.8871,289.9,289.9,289.9,289.9,2026-08-03 20:38:00,4
403.0,288.6204,288.67,288.6,288.67,288.6,2026-08-03 20:39:00,14
505.0,289.6751,289.6832,289.6832,289.6832,289.6832,2026-08-03 20:44:00,3
84.0,289.2229,289.2,289.2,289.2,289.2,2026-08-03 20:47:00,5
103.0,289.5729,289.5729,289.5729,289.5729,289.5729,2026-08-03 20:50:00,1
103.0,289.5132,289.57,289.57,289.57,289.57,2026-08-03 20:53:00,3
408.0,289.5765,289.54,289.59,289.59,289.54,2026-08-03 20:59:00,9
41.0,289.3122,289.32,289.32,289.32,289.32,2026-08-03 21:10:00,2
83.0,289.3855,289.4,289.4,289.4,289.4,2026-08-03 21:11:00,2
113.0,289.3593,289.4,289.4,289.4,289.4,2026-08-03 21:23:00,3
85.0,288.9965,289.0,289.0,289.0,289.0,2026-08-03 21:26:00,5
437.0,288.714,288.7,288.7,288.7,288.7,2026-08-03 21:28:00,9
128.0,288.9203,288.9233,288.9233,288.9233,288.9233,2026-08-03 21:29:00,3
160.0,288.881,288.99,288.55,288.99,288.55,2026-08-03 21:34:00,8
288.0,289.1557,289.1733,289.1733,289.1733,289.1733,2026-08-03 21:35:00,2
208.0,289.0998,289.11,289.19,289.19,289.11,2026-08-03 21:38:00,13
103.0,289.18,289.18,289.18,289.18,289.18,2026-08-03 21:41:00,1
768.0,289.195,289.18,289.2,289.2,289.18,2026-08-03 21:44:00,11
59.0,289.508,289.5,289.5,289.5,289.5,2026-08-03 21:45:00,3
2462.0,289.8275,289.78,290.15,290.15,289.78,2026-08-03 21:46:00,28
210.0,290.9372,290.8679,290.99,290.99,290.8679,2026-08-03 21:49:00,3
235.0,290.7418,290.74,290.74,290.74,290.74,2026-08-03 21:50:00,5
41.5,294.5397,291.0,291.0,291.0,291.0,2026-08-03 21:51:00,3
61.0,290.7092,290.99,290.99,290.99,290.99,2026-08-03 21:52:00,3
73.0,290.7014,291.0,291.0,291.0,291.0,2026-08-03 21:55:00,5
150.0,290.8,290.8,290.8,290.8,290.8,2026-08-03 22:00:00,1
101.0,290.6973,290.7,290.7,290.7,290.7,2026-08-03 22:05:00,2
147.0,290.4937,290.7,290.4,290.7,290.4,2026-08-03 22:08:00,4
583.0,290.6697,290.6921,290.65,290.6921,290.65,2026-08-03 22:13:00,9
140.0,290.5929,290.6,290.6,290.6,290.6,2026-08-03 22:15:00,5
216.0,290.5954,290.6,290.6,290.6,290.6,2026-08-03 22:16:00,5
107.0,289.3215,289.24,289.24,289.24,289.24,2026-08-03 22:17:00,3
240.0,290.6,290.6,290.6,290.6,290.6,2026-08-03 22:21:00,1
56.0,290.2464,290.09,290.09,290.09,290.09,2026-08-03 22:26:00,7
70.0,290.1053,290.09,290.09,290.09,290.09,2026-08-03 22:33:00,4
269.0,290.952,291.0,290.88,291.0,290.88,2026-08-03 22:42:00,15
128.0,290.9962,291.0,291.0,291.0,291.0,2026-08-03 22:43:00,12
621.0,291.0105,291.0,290.88,291.15,290.88,2026-08-03 22:44:00,20
53.0,291.6949,291.72,291.72,291.72,291.72,2026-08-03 22:45:00,4
102.0,291.5,291.5,291.5,291.5,291.5,2026-08-03 22:50:00,2
222.0,291.1445,291.1,291.23,291.23,291.06,2026-08-03 22:51:00,9
70.510259,293.6404,291.5,291.5,291.5,291.5,2026-08-03 22:52:00,5
355.0,291.9128,291.54,292.0707,292.0707,291.54,2026-08-03 22:56:00,11
134.0,291.8635,291.87,291.87,291.87,291.87,2026-08-03 22:58:00,13
64.0,291.5353,291.41,291.41,291.41,291.41,2026-08-03 23:03:00,5
57.399032,293.4402,291.38,291.38,291.38,291.38,2026-08-03 23:06:00,3
202.0,291.5715,291.54,291.58,291.58,291.54,2026-08-03 23:09:00,4
100.0,291.33,291.33,291.33,291.33,291.33,2026-08-03 23:11:00,3
53.0,291.2453,291.2,291.2,291.2,291.2,2026-08-03 23:15:00,2
67.041129,291.7111,291.55,291.55,291.55,291.55,2026-08-03 23:18:00,5
72.0,291.391,291.39,291.39,291.39,291.39,2026-08-03 23:20:00,4
1679.0,291.8331,291.6,291.85,291.85,291.6,2026-08-03 23:23:00,11
81.0,291.714,291.7,291.7,291.7,291.7,2026-08-03 23:24:00,3
275.0,291.7137,291.7,291.7,291.7,291.7,2026-08-03 23:26:00,3
850.0,291.733,291.1,291.8,291.8,291.1,2026-08-03 23:31:00,9
47.0,291.7443,291.8,291.8,291.8,291.8,2026-08-03 23:35:00,5
110.0,291.7785,291.79,291.79,291.79,291.79,2026-08-03 23:39:00,6
373.0,291.4008,291.3751,291.3751,291.3751,291.3751,2026-08-03 23:42:00,5
95.0,291.8433,291.89,291.89,291.89,291.89,2026-08-03 23:43:00,12
50.0,291.5016,291.5,291.5,291.5,291.5,2026-08-03 23:45:00,2
2430.0,292.4753,291.985,292.8,292.81,291.985,2026-08-03 23:48:00,29
700.004876,293.3942,293.15,293.5,293.5,293.15,2026-08-03 23:50:00,22
105.624527,295.863,294.14,294.14,294.14,294.14,2026-08-03 23:51:00,4
85.0,293.7733,293.86,293.86,293.86,293.86,2026-08-03 23:52:00,15
92.0,293.5388,293.5,293.5,293.5,293.5,2026-08-03 23:54:00,6
209.0,293.0878,293.09,293.03,293.09,293.03,2026-08-03 23:56:00,7
253.0,293.9191,293.88,293.94,293.94,293.88,2026-08-03 23:58:00,19
6672.074448,298.2068,298.53,299.88,302.6424,293.8,2026-08-04 08:00:00,193
28635.303205,297.5797,299.6,300.56,302.0,293.85,2026-08-04 08:01:00,958
13013.863503,299.4145,300.12,298.31,301.14,297.85,2026-08-04 08:02:00,779
1170.520273,300.6525,301.12,301.12,301.12,299.44,2026-08-04 08:03:00,69
257.478459,301.5935,301.08,301.12,301.12,301.0,2026-08-04 08:04:00,13
4431.479403,300.9775,301.12,299.6,302.15,299.19,2026-08-04 08:05:00,52
313.676601,302.6118,301.98,301.98,301.98,301.98,2026-08-04 08:06:00,62
472.047064,302.1204,302.0,302.25,302.25,302.0,2026-08-04 08:07:00,20
3151.0,302.0368,301.9,302.0,302.27,301.9,2026-08-04 08:08:00,39
2351.082731,303.0371,302.95,303.15,303.15,302.95,2026-08-04 08:09:00,50
264.787445,303.6576,302.25,302.25,302.25,302.25,2026-08-04 08:10:00,34
236.0,302.4315,302.8628,302.3,302.8628,302.3,2026-08-04 08:11:00,16
173.167103,303.4231,303.18,303.18,303.29,303.18,2026-08-04 08:13:00,12
183.384433,303.7752,303.2,303.15,303.2,303.15,2026-08-04 08:15:00,17
306.0,304.2908,304.11,304.69,304.69,304.11,2026-08-04 08:16:00,10
661.0,304.2233,304.26,304.2,304.26,304.2,2026-08-04 08:17:00,41
272.0,304.1294,304.12,304.2,304.24,304.12,2026-08-04 08:19:00,29
236.546478,304.9328,304.1,305.0,305.0,304.1,2026-08-04 08:20:00,13
298.0,304.3631,304.25,304.4,304.42,304.17,2026-08-04 08:21:00,18
599.0,304.7175,305.0,304.4,305.0,304.4,2026-08-04 08:22:00,19
507.0,303.9253,303.79,303.77,303.79,303.73,2026-08-04 08:23:00,30
1304.0,303.2707,303.73,303.15,303.74,302.85,2026-08-04 08:24:00,45
313.0,303.2926,303.3,303.2989,303.3,303.27,2026-08-04 08:25:00,14
459.0,302.1499,302.01,302.01,302.01,302.01,2026-08-04 08:26:00,12
188.0,302.3457,303.0,302.1,303.0,302.1,2026-08-04 08:27:00,6
461.0,302.6805,302.12,302.11,303.0,302.11,2026-08-04 08:28:00,12
101.0,302.3655,302.15,302.15,302.15,302.15,2026-08-04 08:29:00,11
584.0,303.2465,302.16,303.5,303.5,302.16,2026-08-04 08:30:00,14
1906.0,302.0615,302.5,302.0,302.5,302.0,2026-08-04 08:32:00,38
870.0,301.9982,302.0,302.0,302.0,301.85,2026-08-04 08:33:00,11
2210.996298,302.1134,301.97,301.5,302.0,301.5,2026-08-04 08:34:00,16
206.0,301.3515,301.11,301.11,301.11,301.11,2026-08-04 08:37:00,17
272.0,301.1345,301.0,301.0,301.0,301.0,2026-08-04 08:38:00,12
170.0,300.9455,300.88,300.97,300.97,300.88,2026-08-04 08:39:00,10
164.0,301.3224,300.87,300.87,300.87,300.85,2026-08-04 08:40:00,10
271.0,300.8457,300.85,300.8,300.85,300.8,2026-08-04 08:42:00,15
150.0,300.7735,300.65,300.65,300.65,300.65,2026-08-04 08:43:00,7
82.0,300.6439,300.57,300.65,300.65,300.57,2026-08-04 08:44:00,3
1074.0,300.0532,300.66,300.0,300.66,300.0,2026-08-04 08:45:00,37
203.0,299.5771,299.5,299.5,299.5,299.5,2026-08-04 08:46:00,6
72.0,299.1943,299.04,299.04,299.04,299.04,2026-08-04 08:47:00,4
210.0,299.8517,299.99,299.76,299.99,299.76,2026-08-04 08:50:00,8
96.0,299.5836,299.53,299.53,299.53,299.53,2026-08-04 08:51:00,9
114.0,299.5439,299.39,299.39,299.39,299.39,2026-08-04 08:52:00,11
1149.900581,299.3395,299.29,298.85,299.7,298.85,2026-08-04 08:53:00,46
111.0,299.4863,299.3,299.3,299.3,299.3,2026-08-04 08:57:00,7
646.0,299.9109,300.12,299.7,300.15,299.61,2026-08-04 08:58:00,14
311.0,299.19,299.01,299.02,299.02,299.01,2026-08-04 08:59:00,16
288.104592,299.0902,299.0,299.0,299.0,299.0,2026-08-04 09:01:00,15
153.0,299.002,299.0,299.0,299.0,299.0,2026-08-04 09:02:00,23
231.0,298.6559,298.6,298.6,298.6,298.6,2026-08-04 09:03:00,10
393.036771,298.5359,298.6,298.5,298.6,298.5,2026-08-04 09:04:00,16
706.0,297.5124,297.85,297.09,297.85,297.09,2026-08-04 09:07:00,35
311.0,297.5124,297.0,297.86,297.86,297.0,2026-08-04 09:10:00,20
5192.0,297.0008,297.07,297.0,297.07,296.98,2026-08-04 09:11:00,19
84.0,296.9339,296.85,296.85,296.85,296.85,2026-08-04 09:16:00,9
280.0,297.36,297.36,297.36,297.36,297.36,2026-08-04 09:18:00,1
124.0,296.8171,296.8,296.8,296.8,296.8,2026-08-04 09:19:00,7
662.0,298.2263,298.14,298.16,298.8,298.14,2026-08-04 09:24:00,27
52.0,297.881,297.86,297.86,297.86,297.86,2026-08-04 09:26:00,3
587.812,298.8136,298.43,298.7773,298.7773,297.92,2026-08-04 09:28:00,7
75.0,298.2767,298.26,298.26,298.26,298.26,2026-08-04 09:30:00,5
55.0,298.5929,298.59,298.59,298.59,298.59,2026-08-04 09:33:00,5
149.0,298.4859,298.55,298.38,298.55,298.38,2026-08-04 09:35:00,8
95.0,298.6574,298.64,298.64,298.64,298.64,2026-08-04 09:39:00,9
92.0,298.9509,298.99,298.99,298.99,298.99,2026-08-04 09:41:00,8
1633.0,299.0066,298.99,299.06,299.15,298.99,2026-08-04 09:43:00,15
147.0,299.0845,298.9415,298.9415,298.9415,298.9415,2026-08-04 09:44:00,8
104.0,298.7857,298.8,298.8,298.8,298.8,2026-08-04 09:51:00,7
144.0,299.4499,299.5,299.5,299.5,299.5,2026-08-04 09:52:00,6
6706.508132,299.7879,298.94,301.15,301.15,298.94,2026-08-04 10:01:00,71
252.1566,300.6462,300.31,300.31,300.36,300.31,2026-08-04 10:02:00,15
739.0,301.1401,301.95,300.36,301.98,300.36,2026-08-04 10:03:00,22
278.016791,301.4994,301.76,301.99,301.99,301.0,2026-08-04 10:04:00,9
206.0,301.9034,301.9208,301.9208,301.9208,301.9208,2026-08-04 10:06:00,4
679.0,302.0162,301.75,302.15,302.15,301.75,2026-08-04 10:07:00,16
1290.004592,304.0937,303.15,304.94,304.94,303.15,2026-08-04 10:08:00,62
1167.511688,305.6599,304.91,305.67,306.15,304.31,2026-08-04 10:09:00,111
2529.0,306.1079,305.54,307.15,307.15,305.3,2026-08-04 10:10:00,174
859.690716,308.0776,307.82,308.0,308.0,307.8,2026-08-04 10:12:00,48
2777.491164,309.762,307.99,311.0,311.1,307.99,2026-08-04 10:13:00,150
7664.495876,314.9325,311.71,316.0,317.0,311.71,2026-08-04 10:14:00,236
12722.0,315.3186,316.09,314.85,317.0,314.85,2026-08-04 10:15:00,122
15811.287977,318.5007,313.85,324.0,324.32,313.85,2026-08-04 10:16:00,329
14241.215363,324.8318,324.14,326.05,327.0,322.0,2026-08-04 10:17:00,258
7877.210667,327.9287,326.05,328.0,330.03,324.85,2026-08-04 10:18:00,308
21759.408677,328.6843,329.15,329.2,330.69,326.5,2026-08-04 10:19:00,253
8818.446994,329.6849,329.88,330.0,331.7962,327.88,2026-08-04 10:20:00,257
7671.973453,330.6773,330.0,330.9,332.0,330.0,2026-08-04 10:21:00,225
12851.308196,332.2615,329.85,333.0,335.0,329.85,2026-08-04 10:22:00,241
3262.404525,331.5459,333.9269,330.0,333.98,330.0,2026-08-04 10:23:00,181
18532.477189,329.4079,329.85,326.98,330.08,326.5,2026-08-04 10:24:00,397
3983.0,327.2837,328.0,327.21,328.0,326.85,2026-08-04 10:25:00,143
28228.446675,327.3777,327.04,329.0,330.14,326.33,2026-08-04 10:26:00,352
2955.0,326.7386,327.2,326.9,327.72,326.05,2026-08-04 10:27:00,98
12143.089213,325.3212,326.89,323.85,326.9,323.59,2026-08-04 10:28:00,311
10365.027818,323.2274,323.58,321.0,325.15,321.0,2026-08-04 10:29:00,340
3266.0,323.8581,321.22,325.15,325.15,321.0,2026-08-04 10:30:00,121
2191.292055,325.4053,326.15,325.5,326.15,324.5,2026-08-04 10:31:00,76
2639.433204,325.0101,326.0,325.15,326.0,323.85,2026-08-04 10:32:00,78
1873.0,326.2674,325.06,326.7,326.83,325.06,2026-08-04 10:33:00,68
3393.804943,329.0606,327.15,328.56,329.6,327.15,2026-08-04 10:34:00,153
2072.0,328.6451,329.54,328.94,329.6,328.0,2026-08-04 10:35:00,75
4571.049945,328.3964,329.0,326.85,329.4,326.85,2026-08-04 10:36:00,142
2311.0,326.852,326.17,326.17,328.15,326.17,2026-08-04 10:37:00,64
1196.0,326.974,326.5,327.01,327.5,326.5,2026-08-04 10:38:00,72
719.0,326.8548,326.0,327.43,327.49,326.0,2026-08-04 10:39:00,50
4103.0,326.1329,326.43,326.2182,327.15,325.01,2026-08-04 10:40:00,251
955.4709,326.6346,327.64,325.85,327.64,325.85,2026-08-04 10:41:00,55
5644.314938,325.9072,325.07,324.85,326.94,324.85,2026-08-04 10:42:00,96
2514.2,324.8933,324.0443,325.03,325.03,324.0,2026-08-04 10:43:00,70
2325.11834,326.884,325.35,327.9,328.0,325.01,2026-08-04 10:44:00,62
11773.167117,326.5546,327.53,328.0,328.0,325.85,2026-08-04 10:45:00,99
4462.067021,327.6864,327.01,329.0,329.0,326.67,2026-08-04 10:46:00,98
2772.0,329.0933,329.0,329.31,330.0,328.15,2026-08-04 10:47:00,86
3861.0,327.8451,329.26,327.15,329.51,326.03,2026-08-04 10:48:00,140
5124.0,327.0421,327.15,328.0,328.0,326.5,2026-08-04 10:49:00,67
3093.0,327.9693,327.98,327.5,328.15,327.5,2026-08-04 10:50:00,59
2279.0,326.6528,327.01,325.85,327.77,325.85,2026-08-04 10:51:00,81
6412.1757,325.3046,325.22,326.0,326.99,324.85,2026-08-04 10:52:00,137
1174.0,324.7783,325.23,324.01,325.23,324.01,2026-08-04 10:53:00,54
3280.610454,323.7361,324.01,324.11,324.11,323.0,2026-08-04 10:54:00,134
2391.1757,322.9277,323.09,321.88,323.78,321.88,2026-08-04 10:55:00,104
6162.003992,321.8698,322.3,321.18,322.85,321.18,2026-08-04 10:56:00,165
2727.0,322.4989,322.49,322.4,323.15,322.05,2026-08-04 10:57:00,69
2049.0,322.6709,322.88,322.4,322.88,322.4,2026-08-04 10:58:00,55
2682.0392,322.2892,322.88,322.24,322.88,321.23,2026-08-04 10:59:00,69
14599.007088,322.3075,321.22,325.0,325.3,320.32,2026-08-04 11:00:00,407
3366.569687,325.0882,325.0,325.15,325.2,325.0,2026-08-04 11:01:00,72
2801.657101,325.4444,325.74,325.41,325.832,324.95,2026-08-04 11:02:00,132
7938.221764,325.6342,324.12,327.0,327.15,324.12,2026-08-04 11:03:00,154
4120.039834,327.1532,326.9,327.02,327.7,326.67,2026-08-04 11:04:00,115
7917.003913,328.0003,327.37,327.51,328.61,327.37,2026-08-04 11:05:00,185
4643.334719,327.9755,328.25,327.82,328.98,327.0,2026-08-04 11:06:00,147
1532.1876,327.4382,326.28,328.15,328.15,326.28,2026-08-04 11:07:00,67
14278.296282,328.2489,328.3,327.36,329.15,327.36,2026-08-04 11:08:00,133
1671.009134,326.9047,327.4,326.85,327.4,326.45,2026-08-04 11:09:00,63
3328.690789,326.3948,326.81,326.85,326.9908,325.89,2026-08-04 11:10:00,89
1333.0,326.1845,326.5,325.7,326.5,325.36,2026-08-04 11:11:00,40
2857.0,327.1859,325.7,328.99,328.99,325.28,2026-08-04 11:12:00,106
8458.573836,330.9089,328.85,332.42,332.57,328.85,2026-08-04 11:13:00,324
10429.133576,334.4108,332.9999,335.5,336.2,332.48,2026-08-04 11:14:00,380
7378.039538,335.2845,335.06,335.4,336.81,334.85,2026-08-04 11:15:00,217
5176.0,335.3952,334.85,336.98,336.98,334.1731,2026-08-04 11:16:00,128
3797.0,336.3174,336.15,335.99,336.97,335.5526,2026-08-04 11:17:00,116
3604.934034,336.34,335.99,336.92,337.5,335.5,2026-08-04 11:18:00,152
6723.915084,337.5452,337.51,336.0,338.15,336.0,2026-08-04 11:19:00,279
5568.503221,336.3542,337.0,336.39,337.5,335.85,2026-08-04 11:20:00,176
4118.0,337.1173,336.94,338.94,338.94,335.86,2026-08-04 11:21:00,167
4172.005213,338.5833,339.1,337.59,339.1,337.59,2026-08-04 11:22:00,161
4127.680348,338.0807,338.16,337.9,338.94,336.91,2026-08-04 11:23:00,127
11149.095824,336.4736,337.56,335.42,337.56,335.1,2026-08-04 11:24:00,313
9127.0,336.1982,335.8,336.0,337.0,335.22,2026-08-04 11:25:00,186
4141.272348,335.3539,335.47,335.27,336.0,334.45,2026-08-04 11:26:00,163
4839.890168,336.5678,335.94,338.0,338.0,335.69,2026-08-04 11:27:00,169
10383.910847,339.7579,337.3132,340.88,341.09,337.29,2026-08-04 11:28:00,336
8621.278263,342.4863,340.94,343.89,343.89,340.94,2026-08-04 11:29:00,316
21979.288711,344.7811,343.06,344.49,345.99,343.01,2026-08-04 11:30:00,601
6902.0,343.8051,344.482,343.6824,344.97,342.86,2026-08-04 11:31:00,162
13116.48126,344.9644,343.99,346.0,346.7,342.85,2026-08-04 11:32:00,481
34472.0874,343.4377,345.58,343.48,346.15,340.0,2026-08-04 11:33:00,993
5167.165828,343.0756,343.49,342.37,343.6422,342.36,2026-08-04 11:34:00,211
15500.019892,340.8584,342.16,340.0,342.99,340.0,2026-08-04 11:35:00,403
13879.0,340.3307,340.5,340.66,341.94,339.75,2026-08-04 11:36:00,397
11912.849235,339.5047,339.7628,339.99,340.15,338.11,2026-08-04 11:37:00,272
8116.0,339.9065,339.62,340.0,340.3,339.5,2026-08-04 11:38:00,170
22386.99,342.0581,340.0,341.35,345.0,339.5,2026-08-04 11:39:00,693
5745.0,339.5183,341.82,338.57,341.82,338.12,2026-08-04 11:40:00,156
15161.169341,337.6929,338.46,337.33,338.8218,336.85,2026-08-04 11:41:00,265
7007.652796,337.8067,337.3301,338.08,338.08,337.2,2026-08-04 11:42:00,166
9634.0,338.5441,337.99,339.93,339.93,337.2,2026-08-04 11:43:00,236
11779.381218,337.4368,338.54,339.0528,339.0528,337.0,2026-08-04 11:44:00,236
7658.20057,336.7602,338.0,336.91,339.14,336.85,2026-08-04 11:45:00,170
3265.06,337.2101,337.2,336.3,338.1,336.3,2026-08-04 11:46:00,133
4174.239495,336.0817,336.3,336.11,337.0,335.85,2026-08-04 11:47:00,75
8377.0,336.3501,336.33,336.44,337.79,335.87,2026-08-04 11:48:00,164
12668.0,336.3448,336.09,335.92,336.93,335.85,2026-08-04 11:49:00,197
4009.04604,336.6047,336.23,335.93,337.35,335.9,2026-08-04 11:50:00,111
20710.6699,337.4321,336.35,338.06,339.0,336.01,2026-08-04 11:51:00,398
2726.1195,338.9547,338.56,339.6786,339.7028,338.06,2026-08-04 11:52:00,103
4510.0,339.1102,339.5,338.6925,339.85,338.51,2026-08-04 11:53:00,99
1716.0,338.7812,338.56,339.1,339.1,338.5,2026-08-04 11:54:00,76
8419.0,338.8936,338.9353,338.79,339.99,338.0,2026-08-04 11:55:00,237
15758.0,338.4671,338.79,338.72,339.99,338.0,2026-08-04 11:56:00,298
10820.0,338.4361,338.09,338.4,339.73,338.0,2026-08-04 11:57:00,182
6491.147758,338.1048,338.0,339.0056,339.0056,338.0,2026-08-04 11:58:00,184
4405.0,338.8728,338.1125,338.95,339.73,338.09,2026-08-04 11:59:00,156
5287.0,339.3891,339.5,338.09,339.99,338.09,2026-08-04 12:00:00,130
7179.0,337.9368,338.49,336.85,338.49,336.85,2026-08-04 12:01:00,189
3586.822179,336.4708,336.95,335.85,337.0,335.84,2026-08-04 12:02:00,141
14485.147758,335.0735,335.69,335.44,336.0,334.01,2026-08-04 12:03:00,247
10757.002985,335.0651,335.44,334.5,335.75,334.1,2026-08-04 12:04:00,113
2636.492269,334.3755,335.0,334.2,335.0,334.2,2026-08-04 12:05:00,89
8518.142476,333.8644,334.05,334.5,334.5,333.01,2026-08-04 12:06:00,185
2500.5383,333.8485,334.09,334.0,334.41,333.01,2026-08-04 12:07:00,87
13582.034332,333.8276,334.0,333.65,334.2,333.01,2026-08-04 12:08:00,116
3212.0,333.7414,333.94,333.54,334.4,333.01,2026-08-04 12:09:00,82
3626.003712,333.593,333.73,333.71,333.9,333.04,2026-08-04 12:10:00,124
6345.0,333.2146,333.69,333.15,334.0,333.0,2026-08-04 12:11:00,209
2262.0,332.8772,333.01,332.53,333.02,332.53,2026-08-04 12:12:00,86
9205.0,332.224,332.12,332.0,332.755,331.85,2026-08-04 12:13:00,175
11631.289636,330.2397,331.62,329.41,331.78,329.28,2026-08-04 12:14:00,304
6856.4683,329.2619,329.7,329.0,329.94,328.28,2026-08-04 12:15:00,160
4303.19633,328.7011,328.73,327.87,329.0,327.87,2026-08-04 12:16:00,164
3340.410284,328.0574,327.88,328.0,328.42,327.68,2026-08-04 12:17:00,86
14818.102836,327.2831,328.3,328.59,328.97,326.0,2026-08-04 12:18:00,352
19569.68192,329.1128,328.62,328.78,329.51,327.8,2026-08-04 12:19:00,399
2450.0,328.7463,328.77,328.83,329.0,328.53,2026-08-04 12:20:00,103
4163.0,328.4044,328.85,328.4,328.92,327.65,2026-08-04 12:21:00,127
2044.0,328.141,328.39,328.0,328.39,327.78,2026-08-04 12:22:00,112
3503.0,328.2422,328.31,327.54,328.92,327.54,2026-08-04 12:23:00,134
4983.0,328.0208,328.0,327.69,328.85,327.6,2026-08-04 12:24:00,93
3317.0,328.3223,327.51,328.85,328.85,327.51,2026-08-04 12:25:00,77
6370.053393,329.0887,327.97,329.26,329.5,327.97,2026-08-04 12:26:00,106
902.0,329.3256,329.4529,329.4065,329.4529,329.25,2026-08-04 12:27:00,28
12825.0,329.5864,329.49,330.1,330.15,329.0,2026-08-04 12:28:00,209
2411.359827,329.9171,330.9043,330.0,330.9043,329.04,2026-08-04 12:29:00,73
3413.779769,329.1977,329.5,328.84,330.1056,328.0,2026-08-04 12:30:00,121
6798.3478,327.2599,328.5,326.1023,328.7,326.0,2026-08-04 12:31:00,245
8532.1839,325.8701,326.45,324.85,326.5,324.85,2026-08-04 12:32:00,307
5904.5,326.1059,324.95,326.84,326.95,324.95,2026-08-04 12:33:00,172
1164.0,326.2942,326.58,326.23,326.58,326.0,2026-08-04 12:34:00,52
1481.6479,326.5937,326.2,326.36,327.01,325.56,2026-08-04 12:35:00,50
3166.0,325.7276,326.36,326.0,326.45,325.19,2026-08-04 12:36:00,121
3109.015552,325.4545,326.0,325.6,326.0,324.8,2026-08-04 12:37:00,115
3992.0,325.124,325.48,325.06,325.5,325.0,2026-08-04 12:38:00,91
26702.256513,324.1535,325.01,323.1,325.5,322.31,2026-08-04 12:39:00,626
5483.144,324.5513,323.16,325.15,325.15,323.08,2026-08-04 12:40:00,156
2632.0,325.1639,325.15,325.25,325.5,325.0,2026-08-04 12:41:00,73
574.0,325.276,325.36,325.0,325.4997,325.0,2026-08-04 12:42:00,24
1470.437607,325.8098,325.34,325.81,326.0,325.34,2026-08-04 12:43:00,62
2590.0,325.6349,325.5,325.55,325.95,325.0,2026-08-04 12:44:00,41
3576.999713,325.5846,326.0,325.5,326.0,325.01,2026-08-04 12:45:00,99
4274.0,324.3769,325.2,324.61,325.2,323.87,2026-08-04 12:46:00,139
1142.0,324.5819,324.8309,324.76,324.89,324.1,2026-08-04 12:47:00,73
1386.0,324.259,324.3602,323.89,324.3602,323.89,2026-08-04 12:48:00,24
1868.0,324.2718,324.18,324.43,324.44,323.91,2026-08-04 12:49:00,56
5518.0,324.3449,324.4,324.25,324.75,324.25,2026-08-04 12:50:00,125
9839.369817,324.3698,324.3,324.12,325.01,324.0,2026-08-04 12:51:00,202
247.0,324.0449,324.0,324.0,324.0,324.0,2026-08-04 12:52:00,19
2876.0,324.0348,324.7307,324.0,324.7307,323.89,2026-08-04 12:53:00,117
5686.866567,324.1329,324.0,324.94,324.94,323.85,2026-08-04 12:54:00,143
2405.0,324.759,324.4,324.05,325.01,324.05,2026-08-04 12:55:00,69
10494.236682,325.0747,325.0,325.0,325.8,324.54,2026-08-04 12:56:00,391
4321.0,326.1529,326.0,326.4058,326.5,325.71,2026-08-04 12:57:00,79
5843.164269,326.4258,326.48,326.93,326.95,326.0,2026-08-04 12:58:00,123
3496.0,326.8918,327.0,326.0,327.126,326.0,2026-08-04 12:59:00,99
7911.0,326.1483,326.31,326.58,326.64,326.0,2026-08-04 13:00:00,216
1967.0,326.9723,326.46,326.89,327.22,326.46,2026-08-04 13:01:00,57
3205.003913,328.6375,327.84,329.0,329.0,327.8,2026-08-04 13:02:00,88
1605.0,328.7568,329.018,328.9,329.018,328.579,2026-08-04 13:03:00,86
3953.0,328.7401,329.0,328.61,329.15,328.5,2026-08-04 13:04:00,117
2314.0,329.2419,328.1867,329.5,329.7554,328.1867,2026-08-04 13:05:00,107
2403.0,329.2526,329.22,329.2,329.4566,329.2,2026-08-04 13:06:00,91
3294.0,329.0964,329.4515,328.75,329.4515,328.64,2026-08-04 13:07:00,104
4988.7088,329.9604,329.0,330.0,330.5997,329.0,2026-08-04 13:08:00,116
7442.0,329.9357,329.96,328.91,330.25,328.89,2026-08-04 13:09:00,119
4216.0,330.2639,329.81,329.73,331.08,329.39,2026-08-04 13:10:00,191
7748.0,330.4681,329.8555,331.14,331.26,329.8555,2026-08-04 13:11:00,209
1606.064927,331.517,331.11,331.46,331.74,331.06,2026-08-04 13:12:00,69
27069.57,329.9632,331.16,333.0,333.28,330.85,2026-08-04 13:13:00,585
3164.97327,332.8037,332.15,333.27,333.33,332.11,2026-08-04 13:14:00,96
3240.0,332.4179,332.5,332.32,333.1407,332.0,2026-08-04 13:15:00,119
1987.201747,332.1563,332.6,332.0,332.6,331.85,2026-08-04 13:16:00,79
2711.013162,331.8983,332.0,332.0,332.9,331.25,2026-08-04 13:17:00,62
3767.021054,331.38,331.8,331.0,332.0,331.0,2026-08-04 13:18:00,97
3284.090538,330.5449,330.85,331.0,331.3931,329.8911,2026-08-04 13:19:00,138
5032.0,330.4496,330.96,330.58,331.22,329.93,2026-08-04 13:20:00,209
3146.08926,330.5586,330.56,330.52,331.37,330.0,2026-08-04 13:21:00,151
3494.0,329.906,329.9,330.68,330.68,329.0,2026-08-04 13:22:00,92
3586.024193,330.489,330.62,331.4,331.4,330.01,2026-08-04 13:23:00,97
4469.0,330.3444,331.01,330.15,331.02,329.85,2026-08-04 13:24:00,139
25163.069,307.4203,330.77,330.72,331.15,328.964,2026-08-04 13:25:00,186
6107.0,329.6763,329.83,329.11,330.0,328.85,2026-08-04 13:26:00,249
6754.0,329.3308,329.07,329.91,330.15,328.85,2026-08-04 13:27:00,227
6835.341659,327.3852,329.91,324.35,329.91,324.35,2026-08-04 13:28:00,225
7082.569643,325.6596,324.73,325.42,326.52,324.54,2026-08-04 13:29:00,354
35006.836193,321.2753,325.87,321.33,326.655,319.98,2026-08-04 13:30:00,1027
29579.454996,318.2898,321.47,316.92,322.68,316.1,2026-08-04 13:31:00,658
12004.413178,322.5596,318.835,322.71,325.35,318.835,2026-08-04 13:32:00,441
30476.2353,325.9823,322.71,328.0,328.55,322.7,2026-08-04 13:33:00,698
41618.97607,328.7303,327.99,331.07,331.8,326.86,2026-08-04 13:34:00,581
43305.404691,333.0874,331.99,332.095,335.0,331.1,2026-08-04 13:35:00,1018
38350.864036,330.9044,331.2,329.75,331.61,329.1,2026-08-04 13:36:00,680
701783.307995,324.0099,329.41,321.29,330.0,316.5,2026-08-04 13:37:00,7571
85168.134563,321.2353,321.565,317.2101,325.28,317.21,2026-08-04 13:38:00,1987
58078.469236,318.1029,317.58,318.55,319.9,316.51,2026-08-04 13:39:00,1233
46552.934932,320.7113,318.7,320.6025,321.88,318.7,2026-08-04 13:40:00,1170
69979.600146,321.838,320.79,323.13,324.0,320.32,2026-08-04 13:41:00,1589
44249.588933,323.9126,323.15,324.5,325.0,322.33,2026-08-04 13:42:00,1119
29407.683002,322.872,324.205,321.18,324.87,320.7,2026-08-04 13:43:00,798
37947.218623,321.0937,321.14,320.35,322.845,319.85,2026-08-04 13:44:00,1134
45281.772724,321.2893,320.055,321.155,322.16,320.055,2026-08-04 13:45:00,958
30110.888549,320.466,321.13,319.99,321.46,319.6,2026-08-04 13:46:00,780
37829.194312,319.7305,320.1,319.17,320.87,318.86,2026-08-04 13:47:00,934
33954.369937,320.2767,319.17,320.75,321.04,318.86,2026-08-04 13:48:00,668
29873.530746,319.8022,320.93,320.13,321.15,318.97,2026-08-04 13:49:00,785
32719.318146,321.2953,320.15,321.6,322.5516,319.99,2026-08-04 13:50:00,1044
27298.49057,321.9929,321.28,322.585,323.15,321.0,2026-08-04 13:51:00,776
19363.382617,321.8763,322.2,322.63,322.9,320.69,2026-08-04 13:52:00,672
20946.628446,322.2609,322.85,323.09,323.5,321.2,2026-08-04 13:53:00,598
46476.672493,324.3935,323.49,325.23,325.23,323.49,2026-08-04 13:54:00,987
51367.886039,324.3109,325.6,324.11,325.84,323.38,2026-08-04 13:55:00,967
27585.256805,323.043,324.04,322.5,325.0,321.86,2026-08-04 13:56:00,791
28210.143492,322.9407,321.85,323.08,323.65,321.8,2026-08-04 13:57:00,764
19777.287847,323.9456,323.075,323.88,324.55,322.89,2026-08-04 13:58:00,505
30811.337032,322.2323,324.125,322.66,324.16,321.0,2026-08-04 13:59:00,941
43758.812317,322.6861,322.99,322.15,323.94,322.01,2026-08-04 14:00:00,755
23155.742948,322.2297,322.51,323.495,323.6,321.275,2026-08-04 14:01:00,639
42213.280088,324.146,323.0,324.61,324.99,323.0,2026-08-04 14:02:00,1695
31522.085439,324.0331,324.545,323.94,324.66,323.45,2026-08-04 14:03:00,920
35336.996621,323.0869,324.29,322.34,324.41,322.27,2026-08-04 14:04:00,790
74238.661559,321.908,322.57,321.56,322.82,320.12,2026-08-04 14:05:00,1107
40890.068599,320.3205,321.585,319.22,321.585,318.91,2026-08-04 14:06:00,1048
31015.078673,319.4959,319.04,319.6899,320.442,318.42,2026-08-04 14:07:00,844
38236.241801,318.564,319.11,320.16,320.56,317.38,2026-08-04 14:08:00,1028
20580.870569,319.1106,320.65,318.69,320.65,317.73,2026-08-04 14:09:00,640
14019.065306,318.7364,318.695,319.0,319.39,318.1,2026-08-04 14:10:00,542
14695.95153,320.792,318.965,321.3982,321.93,318.965,2026-08-04 14:11:00,433
15653.999387,321.8904,321.78,322.69,322.99,321.28,2026-08-04 14:12:00,490
19526.309706,321.7854,322.8,319.985,323.22,319.22,2026-08-04 14:13:00,684
20837.26004,320.3579,320.065,321.175,321.37,319.12,2026-08-04 14:14:00,641
68667.232808,321.3136,321.175,321.74,321.87,320.47,2026-08-04 14:15:00,843
13882.744176,321.4847,321.8599,321.52,321.98,321.12,2026-08-04 14:16:00,457
17276.47502,321.2673,321.5,320.335,321.9399,320.33,2026-08-04 14:17:00,574
11106.853768,320.3771,320.755,320.58,320.94,319.94,2026-08-04 14:18:00,463
24394.790986,321.3182,320.5,320.61,322.0,320.01,2026-08-04 14:19:00,576
21483.520479,319.3236,320.62,319.69,320.62,318.2025,2026-08-04 14:20:00,674
13251.452459,319.8206,319.53,320.3,320.345,319.37,2026-08-04 14:21:00,477
14838.338745,320.4228,320.35,320.51,321.15,319.77,2026-08-04 14:22:00,495
12178.846594,319.9161,320.17,319.835,320.43,319.305,2026-08-04 14:23:00,501
20295.450064,319.3409,319.745,319.58,320.0,318.65,2026-08-04 14:24:00,560
17393.242108,320.6005,319.535,321.58,321.69,319.22,2026-08-04 14:25:00,565
15276.448668,321.6294,321.67,321.1275,322.12,320.9,2026-08-04 14:26:00,443
8133.717219,321.1645,321.3669,322.0,322.0,320.78,2026-08-04 14:27:00,326
8203.056161,321.8676,322.15,321.7,322.5799,321.29,2026-08-04 14:28:00,343
6817.66971,321.516,321.455,321.465,322.0,321.18,2026-08-04 14:29:00,310
10437.65864,321.1029,321.74,320.74,321.74,320.54,2026-08-04 14:30:00,488
8077.980703,321.2957,320.665,320.7,321.9899,320.665,2026-08-04 14:31:00,341
10465.123115,320.2906,320.3905,320.73,321.05,319.73,2026-08-04 14:32:00,427
8709.54069,321.2958,320.96,321.31,321.83,320.8,2026-08-04 14:33:00,418
12330.665952,320.8869,321.185,320.0,321.6,320.0,2026-08-04 14:34:00,430
3928.321376,320.7981,320.05,320.675,321.335,320.05,2026-08-04 14:35:00,206
12202.01525,320.5259,320.85,320.27,321.22,320.0,2026-08-04 14:36:00,412
12529.745999,320.7924,320.45,321.63,321.63,319.852,2026-08-04 14:37:00,366
8157.924444,320.9116,321.15,320.3075,321.63,320.3075,2026-08-04 14:38:00,377
7907.534094,320.553,320.315,320.99,321.11,319.99,2026-08-04 14:39:00,337
11190.354104,321.4776,321.23,322.36,322.36,321.04,2026-08-04 14:40:00,375
6438.351052,322.0035,322.06,322.005,322.39,321.83,2026-08-04 14:41:00,257
13331.328458,322.3296,322.005,322.66,322.9899,321.85,2026-08-04 14:42:00,443
18168.179377,322.9551,322.77,323.16,323.33,322.34,2026-08-04 14:43:00,415
10909.802767,323.0294,323.33,323.19,323.4,322.61,2026-08-04 14:44:00,371
10651.488945,322.9254,322.98,322.84,323.48,322.7,2026-08-04 14:45:00,322
9950.354845,322.9635,322.7,323.2325,323.41,322.29,2026-08-04 14:46:00,407
7232.943979,322.9534,323.02,322.785,323.22,322.67,2026-08-04 14:47:00,264
8425.707648,322.6056,322.9999,323.03,323.07,322.1,2026-08-04 14:48:00,308
5945.419679,322.9414,322.915,322.9051,323.25,322.31,2026-08-04 14:49:00,259
18464.579812,323.499,323.105,323.465,324.15,322.8,2026-08-04 14:50:00,547
11635.551362,323.2723,323.47,323.33,323.65,322.95,2026-08-04 14:51:00,386
10438.827004,323.9266,323.305,324.425,324.48,323.245,2026-08-04 14:52:00,328
8962.647195,324.3261,324.36,324.88,324.895,323.8401,2026-08-04 14:53:00,391
13140.256897,324.5985,324.96,324.31,324.99,324.3,2026-08-04 14:54:00,419
18166.386367,324.2743,324.36,324.235,324.535,323.91,2026-08-04 14:55:00,394
31768.656729,324.8159,324.16,325.285,325.6,323.91,2026-08-04 14:56:00,819
20073.640333,325.8968,325.28,325.25,326.5,325.25,2026-08-04 14:57:00,670
16007.468435,325.2534,325.14,325.58,325.67,324.85,2026-08-04 14:58:00,419
17573.352335,325.9677,325.49,325.92,326.49,325.38,2026-08-04 14:59:00,475
14514.225503,325.6014,325.935,325.71,326.2,325.3901,2026-08-04 15:00:00,359
29929.071017,326.832,325.66,326.75,327.69,325.5001,2026-08-04 15:01:00,729
11233.193808,326.908,326.77,326.92,327.26,326.72,2026-08-04 15:02:00,361
14144.846612,327.1718,326.92,327.06,327.8,326.74,2026-08-04 15:03:00,497
16771.095279,327.4325,326.91,327.82,328.08,326.77,2026-08-04 15:04:00,529
18489.83437,328.0528,327.82,327.895,328.58,327.54,2026-08-04 15:05:00,548
11978.497423,327.9249,327.63,328.41,328.41,327.62,2026-08-04 15:06:00,420
25931.225363,328.2938,328.32,327.78,329.23,327.61,2026-08-04 15:07:00,837
11317.972855,327.4987,327.78,327.1,327.9398,327.0,2026-08-04 15:08:00,425
8021.272603,327.4894,327.25,327.874,327.9399,327.1401,2026-08-04 15:09:00,310
14278.541,327.2824,327.64,326.79,327.76,326.4193,2026-08-04 15:10:00,508
6102.079197,327.2487,326.765,327.53,327.53,326.7436,2026-08-04 15:11:00,220
12815.543016,328.2093,327.2943,328.48,328.66,327.26,2026-08-04 15:12:00,458
45739.934559,328.799,328.66,329.055,329.34,328.48,2026-08-04 15:13:00,906
27789.185557,329.57,329.055,330.01,330.21,328.78,2026-08-04 15:14:00,939
15689.393412,329.6702,329.9875,329.92,330.25,329.2162,2026-08-04 15:15:00,607
12824.302495,329.6298,329.87,329.69,329.993,329.33,2026-08-04 15:16:00,391
24395.754642,329.8504,329.69,329.53,330.26,329.3027,2026-08-04 15:17:00,765
20646.961536,329.1436,329.3,329.07,329.49,328.8,2026-08-04 15:18:00,598
9220.997165,329.4128,329.11,329.0101,329.83,328.94,2026-08-04 15:19:00,365
15131.992493,329.5666,329.08,330.26,330.26,329.03,2026-08-04 15:20:00,380
9488.222554,329.8226,330.3,329.845,330.3,329.3,2026-08-04 15:21:00,328
17184.201599,329.9448,329.9,329.73,330.3,329.58,2026-08-04 15:22:00,366
7880.653136,329.8547,329.66,329.8625,330.22,329.55,2026-08-04 15:23:00,358
8759.91256,329.8896,329.845,329.67,330.17,329.61,2026-08-04 15:24:00,325
12539.665114,329.6399,329.52,329.41,329.97,329.09,2026-08-04 15:25:00,405
5972.674924,329.3373,329.51,329.51,329.61,328.92,2026-08-04 15:26:00,330
9051.826278,329.4362,329.78,328.94,329.87,328.81,2026-08-04 15:27:00,316
10868.978587,328.7569,329.02,329.095,329.43,328.36,2026-08-04 15:28:00,367
7673.158035,328.9497,328.77,328.98,329.125,328.72,2026-08-04 15:29:00,337
6294.938294,328.8883,328.87,328.79,329.06,328.58,2026-08-04 15:30:00,253
25273.499368,329.4884,328.79,330.06,330.06,328.66,2026-08-04 15:31:00,635
9909.735807,329.8157,330.07,329.52,330.14,329.52,2026-08-04 15:32:00,365
10669.38575,329.457,329.42,329.3,330.09,329.0,2026-08-04 15:33:00,443
16024.498687,328.6605,329.345,328.535,329.35,328.01,2026-08-04 15:34:00,448
21102.958242,328.7116,328.66,328.8199,329.33,328.26,2026-08-04 15:35:00,703
17609.648127,328.4309,328.53,328.2701,328.99,328.07,2026-08-04 15:36:00,515
8422.787288,328.5957,328.245,328.7371,328.9399,328.2275,2026-08-04 15:37:00,234
16219.548335,328.86,328.78,329.19,329.19,328.46,2026-08-04 15:38:00,600
8374.688933,328.8199,329.05,328.51,329.19,328.33,2026-08-04 15:39:00,390
17788.277471,328.1454,328.48,327.9,328.5,327.69,2026-08-04 15:40:00,523
14045.058629,328.3928,327.9,328.745,328.745,327.9,2026-08-04 15:41:00,450
9777.412598,328.5763,328.59,329.03,329.15,328.15,2026-08-04 15:42:00,324
8710.975383,328.9457,329.095,328.87,329.2956,328.7,2026-08-04 15:43:00,304
14888.535047,329.3707,328.87,329.68,329.79,328.81,2026-08-04 15:44:00,679
7089.29322,329.834,329.72,329.855,330.06,329.55,2026-08-04 15:45:00,280
7081.310342,329.8448,330.0,329.75,330.1,329.62,2026-08-04 15:46:00,303
12899.436381,329.7377,329.91,329.65,330.14,329.265,2026-08-04 15:47:00,609
8745.047462,329.3704,329.435,328.97,329.67,328.97,2026-08-04 15:48:00,325
14529.955435,328.8433,329.085,328.96,329.275,328.48,2026-08-04 15:49:00,717
8652.444199,328.9114,328.96,328.59,329.08,328.545,2026-08-04 15:50:00,308
14009.897716,329.0259,328.755,329.2,329.22,328.755,2026-08-04 15:51:00,678
40688.045178,330.1392,329.2554,330.16,330.81,329.2554,2026-08-04 15:52:00,1310
13616.513085,330.4529,330.35,330.59,330.81,330.04,2026-08-04 15:53:00,400
7165.917803,330.279,330.53,329.97,330.68,329.83,2026-08-04 15:54:00,386
12939.036837,330.2856,329.83,330.61,330.71,329.7,2026-08-04 15:55:00,456
10711.114343,330.1245,330.53,329.7586,330.53,329.72,2026-08-04 15:56:00,493
14405.17029,329.2529,329.85,328.575,329.85,328.5,2026-08-04 15:57:00,454
6584.01835,329.0238,328.595,328.905,329.18,328.595,2026-08-04 15:58:00,250
4486.835598,329.0853,328.905,328.965,329.18,328.905,2026-08-04 15:59:00,255
26549.77761,329.8597,328.965,330.42,330.51,328.86,2026-08-04 16:00:00,514
6451.114441,329.9313,330.42,329.715,330.6,329.52,2026-08-04 16:01:00,285
4199.821859,329.7399,329.715,329.98,329.98,329.44,2026-08-04 16:02:00,243
15002.431529,330.1202,329.945,329.7,330.37,329.7,2026-08-04 16:03:00,521
3148.194187,329.7035,329.7,329.7,329.8711,329.44,2026-08-04 16:04:00,195
6784.766157,330.1161,329.97,330.3,330.3,329.885,2026-08-04 16:05:00,256
15147.523382,330.3318,330.36,330.305,330.65,329.97,2026-08-04 16:06:00,401
7747.274327,330.4436,330.305,330.71,330.8213,330.11,2026-08-04 16:07:00,281
26395.827956,330.9743,330.71,330.815,331.45,330.48,2026-08-04 16:08:00,636
17507.421235,330.9308,330.99,330.1,331.43,330.1,2026-08-04 16:09:00,404
13195.644466,330.0491,330.25,329.77,330.49,329.1701,2026-08-04 16:10:00,438
9690.219229,330.0433,329.655,330.15,330.24,329.54,2026-08-04 16:11:00,317
4125.465868,330.5379,330.115,330.825,330.9,330.0,2026-08-04 16:12:00,207
17019.280026,331.2173,330.825,331.5,331.57,330.825,2026-08-04 16:13:00,497
9379.039427,331.1591,331.495,330.84,331.6099,330.68,2026-08-04 16:14:00,299
11315.801063,330.7972,330.84,331.235,331.235,330.41,2026-08-04 16:15:00,336
3878.1943,331.504,331.225,331.7,331.78,331.225,2026-08-04 16:16:00,201
17313.198436,331.916,331.65,331.9085,332.64,331.49,2026-08-04 16:17:00,568
4216.760078,332.165,331.81,332.305,332.48,331.66,2026-08-04 16:18:00,224
9183.824648,332.619,332.31,332.58,332.9,332.31,2026-08-04 16:19:00,334
14064.545887,332.781,332.58,332.96,333.28,332.4,2026-08-04 16:20:00,467
8284.662018,333.3433,333.33,333.31,333.55,333.18,2026-08-04 16:21:00,338
12274.059696,333.3242,333.31,333.15,333.6,333.07,2026-08-04 16:22:00,380
20928.260191,333.0924,333.23,332.935,333.66,332.78,2026-08-04 16:23:00,519
5258.216125,333.2881,332.94,333.38,333.43,332.78,2026-08-04 16:24:00,201
12308.911126,333.0434,333.3,333.115,333.3,332.7602,2026-08-04 16:25:00,334
9790.375282,332.8414,332.98,332.71,333.03,332.58,2026-08-04 16:26:00,327
11890.467604,333.0114,332.84,333.02,333.26,332.57,2026-08-04 16:27:00,374
9479.794573,332.5311,333.1,332.605,333.11,332.1,2026-08-04 16:28:00,380
11963.948481,332.9014,332.81,332.855,333.2,332.71,2026-08-04 16:29:00,314
8917.266031,333.0816,332.87,333.32,333.45,332.71,2026-08-04 16:30:00,418
10758.308994,333.1247,333.25,333.315,333.39,332.88,2026-08-04 16:31:00,376
12633.092891,333.0675,333.38,332.665,333.47,332.66,2026-08-04 16:32:00,473
8133.417759,332.6064,332.665,332.51,332.75,332.3648,2026-08-04 16:33:00,342
7462.093982,332.9133,332.59,332.75,333.125,332.52,2026-08-04 16:34:00,353
7374.863126,332.793,332.7506,332.685,332.8934,332.55,2026-08-04 16:35:00,335
12899.649179,332.3951,332.57,332.185,332.8,332.0,2026-08-04 16:36:00,445
8388.837511,331.8751,332.1,331.88,332.18,331.51,2026-08-04 16:37:00,305
6876.646961,331.6365,331.8,331.525,331.8,331.3401,2026-08-04 16:38:00,261
9092.170759,331.9355,331.585,332.035,332.23,331.4031,2026-08-04 16:39:00,355
7997.39699,331.8201,332.035,331.8,332.0977,331.4895,2026-08-04 16:40:00,316
8669.083324,332.2416,331.83,332.33,332.58,331.8175,2026-08-04 16:41:00,264
12495.370379,332.0187,332.23,331.835,332.33,331.78,2026-08-04 16:42:00,289
7056.190343,331.6451,331.78,331.5,331.78,331.48,2026-08-04 16:43:00,255
18424.943243,331.8916,331.6,331.91,332.26,331.6,2026-08-04 16:44:00,430
7815.023408,332.2194,331.9,332.54,332.54,331.9,2026-08-04 16:45:00,247
8364.498232,332.6356,332.395,332.83,332.875,332.395,2026-08-04 16:46:00,289
28655.111837,333.2639,332.85,333.32,333.5,332.7373,2026-08-04 16:47:00,542
21941.386283,333.7672,333.2567,334.03,334.27,333.2567,2026-08-04 16:48:00,694
12426.900946,334.213,334.085,334.7,334.7,333.97,2026-08-04 16:49:00,428
39797.529616,334.7618,334.8,334.11,335.38,333.75,2026-08-04 16:50:00,1251
45286.993282,334.5808,334.28,334.55,334.86,334.28,2026-08-04 16:51:00,836
22897.954756,334.8562,334.705,334.805,335.15,334.705,2026-08-04 16:52:00,379
8623.165967,334.8466,334.805,334.965,335.0833,334.66,2026-08-04 16:53:00,288
7780.379605,334.6979,335.11,334.21,335.11,334.15,2026-08-04 16:54:00,303
10496.977316,333.8941,334.1,334.0,334.1,333.46,2026-08-04 16:55:00,272
6651.740565,333.4601,333.68,333.5,333.76,333.17,2026-08-04 16:56:00,279
10321.910107,333.644,333.56,333.92,333.97,333.31,2026-08-04 16:57:00,293
9094.088819,334.2296,333.7,334.88,334.88,333.51,2026-08-04 16:58:00,281
19716.317858,335.0489,334.735,335.29,335.36,334.7325,2026-08-04 16:59:00,348
15619.49159,335.3794,335.24,335.32,335.55,335.1782,2026-08-04 17:00:00,408
26318.666126,336.0388,335.37,336.16,336.36,335.37,2026-08-04 17:01:00,690
16733.623317,335.7639,336.1,335.39,336.21,335.32,2026-08-04 17:02:00,505
12481.334383,335.5991,335.25,335.91,336.1,335.215,2026-08-04 17:03:00,376
16323.641753,335.6793,335.72,335.34,336.03,335.2,2026-08-04 17:04:00,503
31257.433099,335.4614,335.44,334.59,335.81,334.59,2026-08-04 17:05:00,735
38553.84507,334.4129,334.6004,334.435,334.605,333.83,2026-08-04 17:06:00,340
8124.58722,334.4021,334.44,334.29,334.9099,334.01,2026-08-04 17:07:00,277
22141.898595,333.7337,334.47,333.62,334.47,333.3,2026-08-04 17:08:00,993
9747.991455,333.6008,333.83,333.32,333.84,333.18,2026-08-04 17:09:00,318
10133.352905,333.1815,333.09,332.68,333.51,332.68,2026-08-04 17:10:00,386
13243.710613,332.9017,332.67,333.125,333.31,332.39,2026-08-04 17:11:00,612
4930.122206,333.1226,333.0029,333.225,333.26,332.94,2026-08-04 17:12:00,216
6691.751657,333.0671,333.24,332.86,333.25,332.81,2026-08-04 17:13:00,237
4555.714442,332.8862,332.7,332.585,333.0,332.585,2026-08-04 17:14:00,185
6995.762449,332.4709,332.585,332.98,332.98,332.19,2026-08-04 17:15:00,257
5546.816816,333.0951,332.715,333.15,333.5,332.715,2026-08-04 17:16:00,210
9746.861349,333.4761,333.24,333.415,333.66,333.0,2026-08-04 17:17:00,298
9883.0618,333.1062,333.5,333.3,333.5,332.85,2026-08-04 17:18:00,264
8619.645194,333.2049,333.2,333.09,333.34,333.0,2026-08-04 17:19:00,156
10181.940294,332.9393,333.23,332.5,333.7,332.4,2026-08-04 17:20:00,305
8338.068593,332.1559,332.33,331.9599,332.44,331.85,2026-08-04 17:21:00,244
10108.097333,331.7887,331.78,331.66,331.94,331.6,2026-08-04 17:22:00,185
6277.095294,331.8329,331.7,332.235,332.235,331.49,2026-08-04 17:23:00,239
13072.87668,332.1386,332.23,331.885,332.38,331.87,2026-08-04 17:24:00,295
6375.938571,331.8728,331.81,331.96,332.0956,331.6101,2026-08-04 17:25:00,229
4751.129997,332.3681,332.1,332.535,332.59,331.98,2026-08-04 17:26:00,201
2594.298969,332.5089,332.69,332.44,332.7671,332.33,2026-08-04 17:27:00,181
5239.367169,332.57,332.55,332.6,332.85,332.33,2026-08-04 17:28:00,229
7323.506592,332.7395,332.595,332.94,333.0299,332.51,2026-08-04 17:29:00,271
8191.428483,332.8255,332.94,332.845,333.05,332.575,2026-08-04 17:30:00,284
6720.131983,332.6284,332.715,332.59,332.745,332.39,2026-08-04 17:31:00,217
6279.698835,333.1487,332.76,333.435,333.5,332.76,2026-08-04 17:32:00,254
4669.209114,333.367,333.2289,333.36,333.61,333.16,2026-08-04 17:33:00,206
4586.545877,333.3554,333.11,333.81,333.81,333.08,2026-08-04 17:34:00,237
6319.199052,333.9503,333.87,334.07,334.3401,333.58,2026-08-04 17:35:00,272
8906.916238,334.1554,333.94,334.31,334.39,333.85,2026-08-04 17:36:00,262
3967.255775,334.5184,334.46,334.57,334.69,334.46,2026-08-04 17:37:00,200
6324.463797,334.6478,334.57,334.57,334.804,334.5,2026-08-04 17:38:00,297
3735.187461,334.4299,334.51,334.305,334.789,334.221,2026-08-04 17:39:00,184
9031.254926,334.2735,334.2,334.0775,334.54,333.92,2026-08-04 17:40:00,334
4419.9627,334.3332,334.06,334.2,334.42,334.04,2026-08-04 17:41:00,172
5234.903562,334.4675,334.35,334.53,334.63,334.19,2026-08-04 17:42:00,237
5644.948493,334.6639,334.64,334.695,334.86,334.42,2026-08-04 17:43:00,254
4667.840895,334.7702,334.79,334.74,334.99,334.52,2026-08-04 17:44:00,181
10645.715789,335.1978,334.76,335.315,335.45,334.54,2026-08-04 17:45:00,369
7075.138906,335.2587,335.315,335.105,335.6,334.98,2026-08-04 17:46:00,279
8885.250439,335.1565,335.105,335.1,335.23,334.94,2026-08-04 17:47:00,202
6940.436883,335.0863,334.94,335.33,335.345,334.82,2026-08-04 17:48:00,342
4437.837971,335.1486,335.35,334.76,335.57,334.655,2026-08-04 17:49:00,226
6445.756173,334.3565,334.87,333.97,334.87,333.7,2026-08-04 17:50:00,217
6224.319636,333.4054,333.775,333.26,333.775,333.0,2026-08-04 17:51:00,265
7580.65818,333.3511,333.26,333.21,333.58,333.0489,2026-08-04 17:52:00,290
3550.197406,333.5829,333.215,333.8,333.8,333.215,2026-08-04 17:53:00,163
3622.978552,333.4756,333.65,333.31,333.65,333.19,2026-08-04 17:54:00,184
8819.004999,333.0045,333.1,332.98,333.59,332.59,2026-08-04 17:55:00,309
3058.395259,333.5981,333.42,333.385,333.83,333.13,2026-08-04 17:56:00,169
4407.401091,333.6144,333.63,333.37,333.88,333.35,2026-08-04 17:57:00,264
3175.330444,333.5469,333.6,333.41,333.7,333.275,2026-08-04 17:58:00,171
6294.02559,333.1584,333.15,333.19,333.4,333.0,2026-08-04 17:59:00,211
9822.733846,332.8325,333.185,332.5,333.44,332.21,2026-08-04 18:00:00,354
4647.638514,332.875,332.455,333.42,333.42,332.425,2026-08-04 18:01:00,259
4515.005292,333.3155,333.43,333.32,333.6,332.98,2026-08-04 18:02:00,213
4693.322103,333.1483,333.31,333.3,333.31,332.83,2026-08-04 18:03:00,191
5551.64793,332.6811,333.28,332.455,333.28,332.36,2026-08-04 18:04:00,252
5604.089612,332.6494,332.455,332.77,332.88,332.22,2026-08-04 18:05:00,215
8410.860079,332.3367,332.635,332.2,332.635,332.07,2026-08-04 18:06:00,312
3445.736672,332.5976,332.34,332.5,332.9882,332.22,2026-08-04 18:07:00,179
6655.97987,331.9341,332.355,331.47,332.53,331.3265,2026-08-04 18:08:00,269
3608.156531,332.1615,331.64,332.3501,332.61,331.64,2026-08-04 18:09:00,182
5905.437299,331.7727,332.05,331.58,332.05,331.4,2026-08-04 18:10:00,268
5110.091708,331.4495,331.6,331.28,331.7528,331.04,2026-08-04 18:11:00,207
6751.350299,331.6243,331.47,331.5,332.0,331.4,2026-08-04 18:12:00,211
15972.372409,331.9009,331.61,331.93,332.2398,331.61,2026-08-04 18:13:00,191
5763.334596,331.9261,331.71,332.09,332.12,331.66,2026-08-04 18:14:00,201
4208.71172,332.1909,332.21,332.34,332.34,331.98,2026-08-04 18:15:00,189
7940.72661,332.3622,332.36,332.36,332.6,332.09,2026-08-04 18:16:00,292
6585.985253,332.6132,332.59,332.54,332.81,332.37,2026-08-04 18:17:00,278
5419.655354,332.6162,332.46,332.41,332.87,332.37,2026-08-04 18:18:00,182
6385.685825,332.5277,332.42,332.365,332.66,332.325,2026-08-04 18:19:00,233
6697.441712,332.3933,332.31,332.25,332.6,332.23,2026-08-04 18:20:00,209
7455.109512,332.484,332.36,332.46,332.78,332.26,2026-08-04 18:21:00,265
4593.076465,332.5986,332.46,332.535,332.8299,332.42,2026-08-04 18:22:00,188
4120.984853,332.8039,332.585,332.82,332.93,332.5,2026-08-04 18:23:00,186
9346.986212,332.8844,332.72,332.925,333.07,332.7,2026-08-04 18:24:00,309
5809.872688,332.9301,332.99,332.67,333.13,332.67,2026-08-04 18:25:00,229
4566.491564,332.7537,332.63,332.62,332.97,332.61,2026-08-04 18:26:00,207
4050.715786,332.7867,332.64,332.73,332.8537,332.56,2026-08-04 18:27:00,198
4568.85205,332.9696,332.73,332.91,333.16,332.665,2026-08-04 18:28:00,182
9351.474554,333.2745,333.094,333.096,333.48,332.995,2026-08-04 18:29:00,233
8579.039875,333.1123,333.2,333.2999,333.2999,332.78,2026-08-04 18:30:00,283
4156.839976,333.2479,333.0596,333.155,333.3,333.02,2026-08-04 18:31:00,183
4851.492678,333.2619,333.24,333.1,333.4,333.1,2026-08-04 18:32:00,202
12837.984704,332.958,333.11,332.64,333.13,332.61,2026-08-04 18:33:00,322
10945.734431,332.3325,332.72,332.085,332.84,331.95,2026-08-04 18:34:00,345
6598.447863,332.2215,332.16,332.1863,332.3299,331.97,2026-08-04 18:35:00,214
4781.454424,332.1912,332.18,332.06,332.25,332.0,2026-08-04 18:36:00,224
9674.11221,331.5681,332.01,331.34,332.085,331.09,2026-08-04 18:37:00,342
8060.725172,331.1185,331.21,330.775,331.35,330.62,2026-08-04 18:38:00,324
6922.956636,331.0566,330.775,330.915,331.15,330.77,2026-08-04 18:39:00,309
5597.77082,330.9554,330.915,330.84,331.1,330.75,2026-08-04 18:40:00,229
11853.27804,330.9426,330.8,330.54,331.1399,330.46,2026-08-04 18:41:00,284
8484.56658,330.1326,330.5,329.825,330.54,329.7201,2026-08-04 18:42:00,376
9741.74729,329.8597,329.71,330.095,330.19,329.55,2026-08-04 18:43:00,372
12898.820915,330.3214,330.355,330.66,330.665,329.8942,2026-08-04 18:44:00,317
7640.67388,330.8893,330.81,330.88,331.08,330.65,2026-08-04 18:45:00,285
10046.086585,331.1208,330.88,331.09,331.48,330.88,2026-08-04 18:46:00,314
7791.732503,330.6797,331.155,330.64,331.155,330.16,2026-08-04 18:47:00,259
6825.451103,330.8134,330.64,330.825,330.95,330.64,2026-08-04 18:48:00,240
3134.444775,330.8732,330.8251,330.825,330.95,330.7,2026-08-04 18:49:00,146
7320.17559,330.8233,330.825,330.715,331.05,330.62,2026-08-04 18:50:00,286
4482.335165,330.6671,330.715,330.565,330.81,330.46,2026-08-04 18:51:00,166
4002.35176,330.5475,330.45,330.6453,330.74,330.42,2026-08-04 18:52:00,185
12502.49135,330.3986,330.68,330.66,330.68,330.15,2026-08-04 18:53:00,341
9786.554031,330.2924,330.67,330.06,330.68,330.0,2026-08-04 18:54:00,320
11572.247282,330.4335,330.32,330.74,330.86,330.14,2026-08-04 18:55:00,289
4592.234716,330.7512,330.6651,330.795,330.92,330.6,2026-08-04 18:56:00,191
7110.875264,330.6608,330.91,330.35,330.94,330.35,2026-08-04 18:57:00,308
14248.8876,330.3056,330.39,329.97,330.5,329.97,2026-08-04 18:58:00,450
13400.181788,330.1414,330.02,330.145,330.32,330.02,2026-08-04 18:59:00,335
12484.138082,330.0516,330.29,330.05,330.29,329.75,2026-08-04 19:00:00,341
25305.806236,330.2419,330.06,330.27,330.59,330.05,2026-08-04 19:01:00,533
18829.99599,330.3472,330.41,330.76,330.79,330.16,2026-08-04 19:02:00,507
10194.585417,330.6771,330.89,330.0,331.15,330.0,2026-08-04 19:03:00,317
7715.518764,329.8042,329.8919,329.87,329.91,329.315,2026-08-04 19:04:00,244
6918.469884,330.0109,329.88,329.79,330.27,329.73,2026-08-04 19:05:00,303
5214.214209,330.012,329.86,330.1475,330.27,329.785,2026-08-04 19:06:00,203
2623.668689,330.2344,330.15,330.29,330.33,329.96,2026-08-04 19:07:00,173
10223.950462,329.902,330.135,330.0,330.135,329.66,2026-08-04 19:08:00,447
10633.44502,330.221,330.005,330.105,330.5,329.84,2026-08-04 19:09:00,413
5372.563814,329.8648,330.195,329.42,330.195,329.32,2026-08-04 19:10:00,253
5907.865337,329.7038,329.43,330.08,330.08,329.29,2026-08-04 19:11:00,227
6784.25842,329.9367,329.95,330.065,330.1,329.8,2026-08-04 19:12:00,301
19531.791131,330.009,329.99,330.09,330.25,329.63,2026-08-04 19:13:00,605
5273.974227,329.9437,330.08,329.78,330.1,329.7,2026-08-04 19:14:00,241
9063.654065,329.9887,329.86,329.626,330.275,329.54,2026-08-04 19:15:00,352
5298.55217,329.6841,329.535,329.46,329.81,329.37,2026-08-04 19:16:00,229
5251.298518,329.8368,329.67,329.79,329.93,329.67,2026-08-04 19:17:00,194
9787.199244,329.5195,329.79,329.34,329.92,329.26,2026-08-04 19:18:00,405
9181.11999,329.3047,329.34,329.72,329.72,329.14,2026-08-04 19:19:00,313
8008.788703,329.4091,329.7299,329.23,329.73,329.2,2026-08-04 19:20:00,344
8592.684089,329.2178,329.23,328.975,329.3741,328.91,2026-08-04 19:21:00,367
7239.004125,328.7559,328.85,328.77,328.85,328.4904,2026-08-04 19:22:00,314
6191.224505,328.7922,328.77,328.625,328.95,328.5505,2026-08-04 19:23:00,243
7738.19347,328.7684,328.65,328.62,329.01,328.59,2026-08-04 19:24:00,338
14900.02275,328.3677,328.56,327.83,328.8,327.76,2026-08-04 19:25:00,566
7584.648448,327.8948,327.81,327.47,327.97,327.47,2026-08-04 19:26:00,334
10708.430045,327.9209,327.455,327.91,328.23,327.455,2026-08-04 19:27:00,344
10441.664675,327.8018,327.91,327.56,327.92,327.5,2026-08-04 19:28:00,446
11678.286028,327.6361,327.48,327.9,327.91,327.34,2026-08-04 19:29:00,419
16209.956736,327.7461,328.05,327.81,328.27,327.43,2026-08-04 19:30:00,534
13153.647903,327.6588,327.64,327.725,327.87,327.39,2026-08-04 19:31:00,437
8806.721179,327.5412,327.71,327.38,327.87,327.29,2026-08-04 19:32:00,399
12631.096666,327.5135,327.42,327.17,327.78,327.14,2026-08-04 19:33:00,523
13306.848253,326.9415,327.17,326.56,327.29,326.39,2026-08-04 19:34:00,671
10311.667221,326.608,326.84,326.795,326.97,326.11,2026-08-04 19:35:00,475
36660.331134,326.5029,326.81,326.915,326.95,326.2,2026-08-04 19:36:00,823
19970.80986,327.2327,326.915,327.8,328.15,326.77,2026-08-04 19:37:00,624
14485.959487,328.0601,327.95,328.3225,328.42,327.94,2026-08-04 19:38:00,515
48177.594203,328.6648,328.21,327.6058,328.22,327.6058,2026-08-04 19:39:00,544
9413.088148,327.6002,327.56,328.0,328.0,327.46,2026-08-04 19:40:00,328
13837.381757,327.5975,328.03,327.5,328.03,327.44,2026-08-04 19:41:00,460
9852.872744,327.5798,327.565,327.66,327.7399,327.41,2026-08-04 19:42:00,338
6738.557456,327.5878,327.635,327.7895,327.79,327.45,2026-08-04 19:43:00,321
16736.425492,327.739,327.67,327.795,327.98,327.48,2026-08-04 19:44:00,564
16526.594607,327.5493,327.795,327.58,327.83,327.18,2026-08-04 19:45:00,606
18270.759889,327.4964,327.61,327.02,327.805,327.0,2026-08-04 19:46:00,596
11945.017895,326.7487,326.8501,326.495,327.179,326.2,2026-08-04 19:47:00,346
15832.673821,326.6408,326.49,326.505,326.69,326.31,2026-08-04 19:48:00,594
18760.03016,326.4861,326.47,326.26,326.6299,326.26,2026-08-04 19:49:00,582
25378.188123,326.2237,326.5,326.0,326.53,325.83,2026-08-04 19:50:00,915
19670.523797,326.0009,326.12,325.795,326.34,325.69,2026-08-04 19:51:00,680
21281.103702,325.9342,325.88,326.015,326.12,325.7,2026-08-04 19:52:00,569
25279.841061,325.7434,326.12,325.65,326.12,325.38,2026-08-04 19:53:00,858
29318.309366,325.7464,325.65,325.35,325.8932,325.33,2026-08-04 19:54:00,874
51450.714115,325.2267,325.46,324.79,325.66,324.705,2026-08-04 19:55:00,1441
54786.179366,325.3568,324.83,325.4,325.98,324.65,2026-08-04 19:56:00,1541
41490.728861,325.1964,325.42,325.0,325.51,324.95,2026-08-04 19:57:00,1454
95840.505975,324.9987,324.94,324.64,325.28,324.5,2026-08-04 19:58:00,2324
135790.441367,324.4,324.615,323.805,325.04,323.67,2026-08-04 19:59:00,3712
12044.5705,323.7516,323.73,323.73,324.14,323.73,2026-08-04 20:00:00,99
1487.0,323.8755,323.75,323.74,323.89,323.74,2026-08-04 20:01:00,19
129.54613,326.0036,324.8063,324.8063,324.8063,324.8063,2026-08-04 20:04:00,23
474.0,324.8102,324.91,325.0,325.0,324.91,2026-08-04 20:05:00,39
710.0,325.0713,325.0,325.15,325.15,325.0,2026-08-04 20:06:00,15
377.0,325.9611,325.9,325.995,326.14,325.9,2026-08-04 20:07:00,15
945.0,325.8714,326.0187,326.0,326.0187,326.0,2026-08-04 20:08:00,15
1311.0,323.8875,325.67,325.67,325.67,325.67,2026-08-04 20:09:00,6
455.0,325.0978,325.5,325.0,325.5,325.0,2026-08-04 20:11:00,22
166.0,325.4212,325.232,325.232,325.232,325.232,2026-08-04 20:13:00,31
584.0,325.2846,325.01,325.4298,325.4298,325.01,2026-08-04 20:14:00,17
2049.212089,324.204,325.25,323.73,325.25,323.73,2026-08-04 20:15:00,60
4759.032414,322.2373,323.73,322.0,323.73,321.85,2026-08-04 20:16:00,92
1032.156411,321.2877,321.2793,321.99,321.99,321.0,2026-08-04 20:17:00,32
318.619552,323.028,323.15,322.0,323.15,322.0,2026-08-04 20:18:00,17
1498.0,320.3399,320.85,319.5,321.4932,319.5,2026-08-04 20:19:00,113
755.131386,319.5496,321.0,319.52,321.0,319.0,2026-08-04 20:20:00,28
773.87453,320.3474,320.49,320.0,320.49,319.32,2026-08-04 20:21:00,25
1934.0,320.266,320.3,319.7636,320.3,319.7636,2026-08-04 20:22:00,159
990.0,321.2175,320.84,322.14,322.15,320.84,2026-08-04 20:23:00,152
778.009077,322.8251,323.13,323.15,323.15,323.13,2026-08-04 20:24:00,24
233.0,321.8871,322.73,321.0,322.73,321.0,2026-08-04 20:25:00,10
93.0,321.2098,321.02,321.02,321.02,321.02,2026-08-04 20:26:00,12
633.0,322.29,322.3,322.3,322.3,322.3,2026-08-04 20:27:00,17
1307.0,320.9981,321.0,320.85,321.0,320.85,2026-08-04 20:29:00,14
2681.0,320.0742,320.03,320.03,320.03,320.03,2026-08-04 20:30:00,30
1448.291204,320.0266,320.181,319.01,321.44,319.01,2026-08-04 20:32:00,46
1417.0,319.8881,319.2674,319.81,319.99,319.2674,2026-08-04 20:33:00,11
118.0,320.3327,320.73,320.73,320.73,320.73,2026-08-04 20:34:00,12
237.055776,319.7127,319.0,319.0,319.0,319.0,2026-08-04 20:35:00,34
232.003992,319.6986,319.91,319.91,319.91,319.91,2026-08-04 20:36:00,16
133.288534,320.8197,320.08,320.26,320.26,320.08,2026-08-04 20:37:00,10
413.369622,319.412,319.11,319.11,319.11,319.11,2026-08-04 20:38:00,5
96.0,319.1636,319.157,319.157,319.157,319.157,2026-08-04 20:39:00,7
170.75,321.0936,320.075,319.18,320.075,319.18,2026-08-04 20:40:00,24
154.0,320.0701,320.105,320.16,320.16,320.105,2026-08-04 20:41:00,10
2929.0,319.9967,320.13,320.0,320.13,320.0,2026-08-04 20:42:00,9
225.0,321.2913,321.15,321.8333,321.8333,321.15,2026-08-04 20:43:00,18
1086.0,321.5134,321.58,321.58,321.58,321.58,2026-08-04 20:44:00,9
1384.0,320.2249,320.5,319.85,320.5,319.85,2026-08-04 20:46:00,16
835.0,319.9164,319.9,319.9,319.9,319.9,2026-08-04 20:48:00,17
313.0,320.7305,320.9,320.7555,321.02,320.7555,2026-08-04 20:52:00,14
165.033962,319.1158,319.0227,319.0227,319.0227,319.0227,2026-08-04 20:54:00,6
176.0,319.2511,319.0453,319.0453,319.0453,319.0453,2026-08-04 20:55:00,5
199.0,319.9268,320.0,320.0,320.0,320.0,2026-08-04 20:56:00,16
1791.0,319.2095,319.57,319.09,319.57,319.09,2026-08-04 20:57:00,42
210.0,320.4273,320.462,320.462,320.462,320.462,2026-08-04 21:02:00,6
531.738892,321.3724,320.75,321.15,321.15,320.75,2026-08-04 21:03:00,24
113.0,321.2664,321.3481,321.3481,321.3481,321.3481,2026-08-04 21:08:00,4
210.0,321.1043,320.99,321.0,321.0,320.99,2026-08-04 21:09:00,32
112.0,321.4361,321.43,321.43,321.43,321.43,2026-08-04 21:10:00,4
503.0,321.4293,321.43,321.43,321.43,321.43,2026-08-04 21:11:00,3
461.0,320.9992,320.92,321.0,321.0,320.92,2026-08-04 21:13:00,4
169.0,320.7862,320.92,320.5838,320.92,320.5838,2026-08-04 21:14:00,3
427.0,320.5173,320.52,320.5,320.52,320.5,2026-08-04 21:15:00,11
162.2571,320.5264,320.0,320.0,320.0,320.0,2026-08-04 21:17:00,17
128.0,320.4904,320.43,320.52,320.52,320.43,2026-08-04 21:18:00,9
115.0,320.7592,320.8629,320.8629,320.8629,320.8629,2026-08-04 21:19:00,3
285.0,320.3688,320.55,320.3,320.55,320.3,2026-08-04 21:24:00,11
320.0,320.2912,320.0504,320.4,320.4,320.0504,2026-08-04 21:25:00,5
256.0,320.529,320.6,320.6,320.6,320.6,2026-08-04 21:27:00,17
83.0,320.3727,320.28,320.28,320.28,320.28,2026-08-04 21:29:00,30
106.0,320.6803,320.74,320.74,320.74,320.74,2026-08-04 21:32:00,9
167.0,322.7096,320.89,320.89,320.89,320.89,2026-08-04 21:34:00,2
310.0,320.6371,321.0,320.5,321.0,320.5,2026-08-04 21:36:00,5
220.0,320.4031,320.3575,320.3575,320.3575,320.3575,2026-08-04 21:37:00,6
351.0,320.4302,320.43,320.43,320.43,320.43,2026-08-04 21:40:00,2
151.0,320.327,320.0449,320.0449,320.0449,320.0449,2026-08-04 21:41:00,4
322.0,320.441,320.4,320.4,320.4,320.4,2026-08-04 21:45:00,4
221.0,320.1385,320.1115,320.1115,320.1115,320.1115,2026-08-04 21:46:00,6
168.0,320.8321,320.8295,320.82,320.8295,320.82,2026-08-04 21:47:00,3
281.0,320.7062,320.96,320.96,320.99,320.0893,2026-08-04 21:48:00,7
166.0,320.8422,320.94,320.822,320.94,320.822,2026-08-04 21:51:00,3
213.0,320.3505,320.22,320.36,320.36,320.22,2026-08-04 21:56:00,8
106.0,320.4415,320.5,320.5,320.5,320.5,2026-08-04 21:58:00,5
200.0,320.2265,320.11,320.2287,320.2287,320.11,2026-08-04 22:00:00,3
211.0,320.1486,320.11,320.1545,320.1545,320.11,2026-08-04 22:02:00,6
159.068166,321.0397,320.87,320.96,320.96,320.87,2026-08-04 22:06:00,13
424.0,320.9822,320.99,320.99,320.99,320.99,2026-08-04 22:07:00,64
1522.0,321.0847,321.0,321.43,321.43,321.0,2026-08-04 22:08:00,18
322.0,321.4688,321.53,321.46,321.53,321.46,2026-08-04 22:13:00,5
380.0,322.0991,322.1,322.1,322.1,322.1,2026-08-04 22:15:00,21
100.0,321.46,321.46,321.46,321.46,321.46,2026-08-04 22:20:00,1
356.0,321.5745,322.0,321.4,322.0,321.4,2026-08-04 22:22:00,9
114.0,321.6089,321.6,321.6,321.6,321.6,2026-08-04 22:23:00,6
359.0507,321.4593,321.4,321.4,321.4,321.4,2026-08-04 22:25:00,10
92.0,321.6878,321.5,321.5,321.5,321.5,2026-08-04 22:29:00,11
110.0,322.4328,322.3492,322.5,322.5,322.3492,2026-08-04 22:32:00,6
59.0,322.3678,322.4,322.4,322.4,322.4,2026-08-04 22:33:00,5
901.0,322.414,322.25,322.76,322.76,322.25,2026-08-04 22:36:00,9
401.0,322.3717,322.5,322.5,322.5,322.5,2026-08-04 22:47:00,19
252.0,322.4923,322.5,322.47,322.5,322.47,2026-08-04 22:51:00,5
224.0,322.1071,321.8,322.41,322.41,321.8,2026-08-04 22:52:00,10
99.0,321.7108,321.6204,321.6204,321.6204,321.6204,2026-08-04 22:57:00,7
237.0,322.4841,322.5,322.5,322.5,322.5,2026-08-04 22:59:00,5
489.0,322.5155,322.62,322.5,322.62,322.5,2026-08-04 23:03:00,11
136.0,322.6553,322.98,322.98,322.98,322.98,2026-08-04 23:04:00,8
230.0,323.056,323.15,322.53,323.47,322.53,2026-08-04 23:05:00,9
117.0,323.1075,323.03,323.03,323.03,323.03,2026-08-04 23:09:00,7
185.0,323.0398,323.02,323.02,323.02,323.02,2026-08-04 23:10:00,7
211.0,323.4475,323.51,323.49,323.51,323.3,2026-08-04 23:16:00,12
66.0,323.7076,323.82,323.82,323.82,323.82,2026-08-04 23:19:00,11
412.0,323.7553,323.9,324.04,324.15,323.46,2026-08-04 23:20:00,13
154.0,323.8798,324.0384,323.79,324.0384,323.79,2026-08-04 23:21:00,3
86.0,324.1237,324.14,324.14,324.14,324.14,2026-08-04 23:22:00,3
150.0,323.6477,324.0384,323.43,324.0384,323.43,2026-08-04 23:23:00,8
222.0,323.4691,323.5,323.5,323.5,323.5,2026-08-04 23:24:00,4
74.0,322.9968,323.0,323.0,323.0,323.0,2026-08-04 23:26:00,2
212.0,323.7172,323.83,323.83,323.83,323.83,2026-08-04 23:27:00,5
53.0,322.1669,322.1569,322.1569,322.1569,322.1569,2026-08-04 23:29:00,3
111.0,322.2499,322.2427,322.2427,322.2427,322.2427,2026-08-04 23:30:00,3
190.0,322.5687,322.87,322.87,322.87,322.87,2026-08-04 23:31:00,15
54.0,322.4339,322.3633,322.3633,322.3633,322.3633,2026-08-04 23:41:00,5
105.0,323.3099,323.1408,323.1408,323.1408,323.1408,2026-08-04 23:48:00,7
182.0,323.6102,323.73,323.73,323.73,323.73,2026-08-04 23:49:00,15
360.0,323.7601,323.79,323.5878,323.8,323.5878,2026-08-04 23:50:00,9
237.0,323.9756,323.83,324.15,324.15,323.83,2026-08-04 23:54:00,5
110.003992,324.1501,324.5,324.5,324.5,324.5,2026-08-04 23:58:00,15
10572.836419,335.0646,329.09,337.11,340.99,328.43,2026-08-05 08:00:00,544
34112.0,336.7873,337.14,332.65,340.71,331.85,2026-08-05 08:01:00,1682
10331.0,329.8992,332.5,330.48,334.91,327.85,2026-08-05 08:02:00,614
1558.103504,331.3765,330.17,332.0,332.15,330.17,2026-08-05 08:03:00,54
824.038456,331.8892,332.15,332.1164,332.15,331.59,2026-08-05 08:04:00,40
883.071191,331.1551,331.64,332.15,332.15,331.59,2026-08-05 08:05:00,74
372.0,332.9866,332.47,333.0,333.15,332.47,2026-08-05 08:06:00,21
195.0,333.0264,333.11,333.11,333.11,333.11,2026-08-05 08:07:00,22
1969.0,330.8439,332.87,330.1108,332.87,330.1108,2026-08-05 08:09:00,40
383.0,331.1916,331.37,331.37,331.37,331.0,2026-08-05 08:10:00,8
1985.0,330.141,330.9,329.51,331.0,329.5,2026-08-05 08:11:00,67
768.18084,329.868,330.0,329.37,330.0,329.36,2026-08-05 08:12:00,27
1143.0,329.2893,328.85,329.5,329.5,328.85,2026-08-05 08:13:00,18
98.0,329.1403,328.9904,328.9904,328.9904,328.9904,2026-08-05 08:14:00,5
386.0,328.8088,329.5434,328.34,329.5434,328.34,2026-08-05 08:16:00,18
300.0,329.0107,328.64,329.15,329.15,328.64,2026-08-05 08:17:00,19
591.0,328.1363,329.06,327.85,329.06,327.85,2026-08-05 08:18:00,45
808.003836,327.0499,327.37,326.77,327.41,326.77,2026-08-05 08:19:00,50
1322.3056,327.034,326.3367,326.5,327.27,326.3367,2026-08-05 08:20:00,29
244.0,326.3209,326.1326,326.1326,326.1326,326.1326,2026-08-05 08:21:00,15
1339.365372,325.7438,326.03,325.5,326.03,325.2205,2026-08-05 08:22:00,158
467.0,325.226,325.01,325.2946,325.42,325.01,2026-08-05 08:23:00,15
832.599763,325.2397,325.29,324.78,325.29,324.78,2026-08-05 08:24:00,60
2222.339655,323.9165,324.0,323.01,324.5,323.01,2026-08-05 08:25:00,63
1650.0,323.2052,323.0,323.62,324.0,322.85,2026-08-05 08:26:00,32
626.0,323.8775,323.8,323.94,324.15,323.8,2026-08-05 08:27:00,25
231.1999,324.739,325.15,325.15,325.15,325.15,2026-08-05 08:28:00,19
818.0,326.0436,326.15,326.15,326.15,326.15,2026-08-05 08:29:00,13
672.0,324.7497,325.15,323.85,325.15,323.85,2026-08-05 08:30:00,38
1045.0,323.6734,323.64,323.64,323.64,323.64,2026-08-05 08:32:00,9
430.0,324.8548,323.92,325.15,325.15,323.92,2026-08-05 08:33:00,33
279.0,325.2348,325.27,325.27,325.27,325.27,2026-08-05 08:34:00,16
156.0,325.9397,326.15,326.15,326.15,326.15,2026-08-05 08:36:00,13
772.5,324.6079,325.0,324.0,325.0,324.0,2026-08-05 08:38:00,39
765.580764,324.1226,324.0,323.0,324.0,323.0,2026-08-05 08:39:00,31
2610.338603,322.2076,323.0,321.85,323.0,321.85,2026-08-05 08:40:00,89
1787.0,321.496,321.69,322.0,322.0,321.07,2026-08-05 08:41:00,62
286.003992,321.0968,322.022,320.85,322.022,320.85,2026-08-05 08:42:00,16
2443.57631,319.8403,320.12,319.59,320.12,318.85,2026-08-05 08:43:00,106
392.4915,320.1373,319.0,320.0,320.0,319.0,2026-08-05 08:44:00,16
1179.0,319.7131,319.27,319.27,320.0,319.27,2026-08-05 08:45:00,56
678.0,320.7046,319.0,321.2,321.2,319.0,2026-08-05 08:46:00,50
276.0,321.844,321.9,321.97,321.97,321.9,2026-08-05 08:47:00,16
479.0,322.0179,321.9,322.15,322.15,321.9,2026-08-05 08:48:00,17
165.0,322.5416,322.8,322.8,322.8,322.8,2026-08-05 08:50:00,11
257.0,322.8391,323.15,322.8,323.15,322.8,2026-08-05 08:51:00,11
543.0,323.1027,323.14,323.0,323.15,323.0,2026-08-05 08:52:00,13
132.0,323.6688,323.82,323.82,323.82,323.82,2026-08-05 08:54:00,6
301.0,322.9805,322.99,322.95,323.0,322.95,2026-08-05 08:56:00,12
60.0,322.7687,322.5,322.5,322.5,322.5,2026-08-05 08:57:00,17
74.0,322.8796,322.9,322.9,322.9,322.9,2026-08-05 08:58:00,7
443.0,322.8281,322.88,322.43,322.9,322.43,2026-08-05 09:00:00,18
280.188176,322.1686,321.85,321.85,321.85,321.85,2026-08-05 09:02:00,25
280.0,322.6222,322.83,323.15,323.15,322.0238,2026-08-05 09:03:00,11
770.003992,323.912,323.0,324.5,324.5,323.0,2026-08-05 09:04:00,7
441.0,324.8673,324.79,325.0,325.0,324.79,2026-08-05 09:05:00,10
387.0,324.2528,324.05,324.24,324.5,324.05,2026-08-05 09:08:00,8
66.0,324.1294,324.15,324.15,324.15,324.15,2026-08-05 09:10:00,6
320.0,323.3429,323.3175,323.3175,323.3175,323.3175,2026-08-05 09:11:00,3
493.0,322.9982,323.1,322.85,323.1,322.85,2026-08-05 09:15:00,11
152.0,322.11,322.11,322.11,322.11,322.11,2026-08-05 09:19:00,3
127.0,322.4807,322.5,322.52,322.52,322.5,2026-08-05 09:20:00,11
249.0,322.5072,322.52,322.35,322.52,322.35,2026-08-05 09:21:00,8
51.0,323.39,323.39,323.39,323.39,323.39,2026-08-05 09:22:00,2
412.0,322.4228,322.51,322.4,322.51,322.4,2026-08-05 09:27:00,10
105.0,323.5775,323.2,323.2,323.2,323.2,2026-08-05 09:34:00,8
146.0,324.1054,324.14,324.15,324.15,324.14,2026-08-05 09:35:00,10
653.0,324.9745,324.16,325.15,325.15,324.16,2026-08-05 09:37:00,14
242.0,325.1144,324.62,325.15,325.15,324.62,2026-08-05 09:38:00,14
133.0,324.5326,324.56,324.5,324.56,324.5,2026-08-05 09:39:00,9
206.0,324.7199,324.78,324.77,324.78,324.77,2026-08-05 09:40:00,12
295.0,324.8429,324.78,325.0,325.0,324.78,2026-08-05 09:41:00,9
160.0,324.1237,323.85,323.85,323.85,323.85,2026-08-05 09:44:00,10
131.0,324.3649,324.42,324.42,324.42,324.42,2026-08-05 09:45:00,6
109.0,323.9188,323.85,324.0,324.0,323.85,2026-08-05 09:47:00,5
368.0,324.1496,324.01,324.0,324.3,324.0,2026-08-05 09:48:00,13
85.0,324.0114,324.02,324.02,324.02,324.02,2026-08-05 09:53:00,8
95.0,323.5774,323.26,324.0,324.0,323.26,2026-08-05 09:55:00,3
261.0,324.0268,324.1,324.1,324.1,324.1,2026-08-05 09:58:00,7
300.0,323.3313,323.36,323.34,323.36,323.31,2026-08-05 10:04:00,3
780.272842,322.8365,322.86,322.6444,322.86,322.6444,2026-08-05 10:09:00,20
1128.0,322.3081,322.51,322.15,322.51,322.15,2026-08-05 10:10:00,31
304.1864,321.8979,321.85,321.85,321.85,321.85,2026-08-05 10:11:00,28
330.0,321.2995,321.46,321.2,321.46,321.2,2026-08-05 10:15:00,23
774.003992,321.1846,321.0,321.0,321.33,321.0,2026-08-05 10:16:00,25
404.0,321.166,321.08,321.0,321.08,321.0,2026-08-05 10:17:00,21
461.0,321.1749,321.33,320.86,321.33,320.86,2026-08-05 10:18:00,13
515.0,320.7604,320.85,320.32,320.85,320.32,2026-08-05 10:19:00,23
151.0,321.0928,321.0,321.0,321.0,321.0,2026-08-05 10:20:00,10
290.0,320.992,320.97,320.97,320.97,320.97,2026-08-05 10:30:00,18
112.0,320.9668,321.0,320.96,321.0,320.96,2026-08-05 10:31:00,7
317.0,321.2933,321.29,321.3,321.3,321.29,2026-08-05 10:33:00,8
518.0,320.0289,320.0,320.0,320.0,320.0,2026-08-05 10:40:00,4
583.0,319.9814,320.0,319.85,320.0,319.85,2026-08-05 10:42:00,47
98.9,322.8199,319.85,319.85,319.85,319.85,2026-08-05 10:43:00,6
108.0,319.5704,319.3333,319.3333,319.3333,319.3333,2026-08-05 10:44:00,7
1373.859963,318.4849,319.09,317.01,319.09,317.01,2026-08-05 10:46:00,113
1119.115473,318.2515,317.79,318.5,318.5,317.79,2026-08-05 10:47:00,36
891.18,317.6345,317.31,317.92,317.92,317.11,2026-08-05 10:48:00,34
169.0,317.5368,318.01,317.041,318.01,317.041,2026-08-05 10:49:00,4
875.0,317.2703,317.35,317.1,317.35,317.06,2026-08-05 10:50:00,46
689.140201,317.0108,317.2,316.84,317.2,316.78,2026-08-05 10:51:00,27
163.370578,317.5648,316.97,316.97,316.97,316.97,2026-08-05 10:52:00,12
1267.0,317.56,316.54,318.15,318.16,316.54,2026-08-05 10:54:00,27
264.088323,318.8851,318.92,319.14,319.14,318.92,2026-08-05 10:55:00,22
928.0,318.6721,319.15,317.92,319.23,317.92,2026-08-05 10:56:00,40
212.0,318.9029,319.0,319.0,319.0,319.0,2026-08-05 10:59:00,11
1878.306428,318.6978,318.06,318.8884,319.0,318.06,2026-08-05 11:00:00,78
396.0,318.7171,318.72,318.75,318.75,318.72,2026-08-05 11:01:00,11
338.0,318.6851,318.73,318.4,318.73,318.4,2026-08-05 11:02:00,14
1161.0,318.7769,320.0,318.6111,320.0,318.6111,2026-08-05 11:03:00,10
176.041096,319.2107,319.0,319.0,319.0,319.0,2026-08-05 11:06:00,16
246.0,318.3699,318.5,318.4,318.5,318.4,2026-08-05 11:07:00,22
105.0,318.0902,318.08,318.08,318.08,318.08,2026-08-05 11:12:00,3
212.0,319.7131,319.7371,319.7371,319.7371,319.7371,2026-08-05 11:19:00,5
523.0,319.0593,319.07,318.92,319.1,318.92,2026-08-05 11:22:00,14
113.0,319.4417,319.4,319.4,319.4,319.4,2026-08-05 11:23:00,7
368.0,319.0394,319.1,319.0,319.1,319.0,2026-08-05 11:25:00,9
146.0,319.5404,319.5,319.5,319.5,319.5,2026-08-05 11:27:00,5
115.0,319.6424,319.63,319.63,319.63,319.63,2026-08-05 11:28:00,4
201.0,319.5379,319.6573,319.6573,319.6573,319.6573,2026-08-05 11:32:00,7
172.0,319.867,319.96,319.96,319.96,319.96,2026-08-05 11:33:00,8
793.0,320.0979,320.15,320.14,320.15,320.14,2026-08-05 11:37:00,30
101.0,320.2431,320.0,320.0,320.0,320.0,2026-08-05 11:38:00,6
79.0,320.7222,321.15,321.15,321.15,321.15,2026-08-05 11:39:00,5
121.0,320.5298,321.0,321.0,321.0,321.0,2026-08-05 11:41:00,9
1011.0,319.2818,319.26,319.2,319.26,319.2,2026-08-05 11:42:00,15
61.0,319.0918,319.1,319.1,319.1,319.1,2026-08-05 11:45:00,4
106.0,319.5011,319.5,319.5,319.5,319.5,2026-08-05 11:47:00,5
89.0,320.0024,320.0,320.0,320.0,320.0,2026-08-05 11:49:00,4
205.0,319.6014,319.5221,319.5221,319.5221,319.5221,2026-08-05 11:50:00,12
770.0,319.0184,319.28,318.85,319.28,318.85,2026-08-05 11:52:00,30
203.006582,318.9888,319.13,319.13,319.13,319.13,2026-08-05 11:53:00,6
731.186886,318.8095,318.12,318.98,318.98,318.12,2026-08-05 11:54:00,38
2022.0,318.6223,318.3,318.82,318.82,318.0,2026-08-05 11:55:00,44
141.0,318.0221,318.0,318.0,318.0,318.0,2026-08-05 11:56:00,9
161.0,318.2892,318.1652,318.1652,318.1652,318.1652,2026-08-05 11:58:00,4
510.0,318.6846,318.69,318.69,318.69,318.69,2026-08-05 11:59:00,5
1020.0,317.9404,318.06,317.85,318.06,317.85,2026-08-05 12:00:00,30
567.0,317.7608,317.78,317.78,317.78,317.78,2026-08-05 12:01:00,8
1798.0,317.2836,317.2578,317.11,317.5112,317.11,2026-08-05 12:02:00,15
695.0,317.0058,317.01,316.9,317.02,316.9,2026-08-05 12:03:00,29
532.0,316.659,316.85,316.38,316.85,316.38,2026-08-05 12:04:00,29
430.0,316.4792,316.39,316.3,316.39,316.3,2026-08-05 12:06:00,17
453.0,316.5964,316.15,316.1877,316.894,316.15,2026-08-05 12:07:00,9
359.0,316.3561,316.15,316.15,316.15,316.15,2026-08-05 12:08:00,20
619.0,318.5079,316.5,316.5,316.5,316.5,2026-08-05 12:09:00,10
3269.0,316.2615,316.47,315.861,316.47,315.85,2026-08-05 12:10:00,86
481.0,316.8998,316.94,317.0,317.0,316.9,2026-08-05 12:11:00,18
1546.67816,315.8303,315.8436,315.47,315.93,315.17,2026-08-05 12:12:00,54
430.0,316.1334,316.0,315.4376,316.64,315.4376,2026-08-05 12:13:00,23
321.0,316.7426,316.98,316.94,316.98,316.94,2026-08-05 12:15:00,17
817.0,316.0118,316.0,316.0,316.0,316.0,2026-08-05 12:16:00,28
402.0,316.3078,316.92,316.0,316.92,316.0,2026-08-05 12:17:00,19
5258.524809,314.3031,316.0,314.65,316.0,313.0,2026-08-05 12:18:00,224
2646.295581,314.0584,314.79,314.25,314.79,313.85,2026-08-05 12:19:00,44
259.0,314.474,314.5,314.5,314.5,314.5,2026-08-05 12:20:00,14
1497.11,314.7418,315.16,314.08,315.43,314.08,2026-08-05 12:21:00,67
3878.0,315.0458,315.11,315.0,315.11,315.0,2026-08-05 12:22:00,38
397.0,316.0357,315.85,316.15,316.15,315.85,2026-08-05 12:23:00,18
154.0,316.833,316.5421,316.5421,316.5421,316.5421,2026-08-05 12:25:00,11
202.0,316.9852,317.0,317.15,317.15,317.0,2026-08-05 12:26:00,11
113.0,317.3144,316.6951,317.8566,317.8566,316.6951,2026-08-05 12:27:00,4
181.13219,317.856,317.74,317.5,317.74,317.5,2026-08-05 12:29:00,10
430.0,317.7284,317.8,317.31,318.1,317.31,2026-08-05 12:30:00,23
357.0,317.0552,317.1,317.0,317.1,317.0,2026-08-05 12:31:00,15
322.0,316.4038,315.98,315.98,315.98,315.98,2026-08-05 12:32:00,37
290.0,316.7065,316.1,316.1,316.1,316.1,2026-08-05 12:34:00,12
326.0,317.2509,318.08,316.4,318.08,316.4,2026-08-05 12:36:00,20
632.0,316.933,316.93,316.93,316.93,316.93,2026-08-05 12:37:00,20
823.0,317.1997,317.09,317.09,317.09,317.09,2026-08-05 12:39:00,37
175.0,317.762,317.88,317.88,317.88,317.88,2026-08-05 12:40:00,16
150.0,317.8097,317.79,317.79,317.79,317.79,2026-08-05 12:41:00,6
62.0,317.0781,316.801,316.801,316.801,316.801,2026-08-05 12:42:00,4
257.0,317.2021,317.98,316.1,317.98,316.1,2026-08-05 12:43:00,12
73.0,317.6824,317.94,317.94,317.94,317.94,2026-08-05 12:46:00,5
214.0,317.3068,317.26,317.25,317.26,317.25,2026-08-05 12:51:00,8
223.0,317.347,317.25,317.25,317.25,317.25,2026-08-05 12:52:00,12
97.0,316.8665,317.0,317.0,317.0,317.0,2026-08-05 12:55:00,8
58.0,317.5862,317.6274,317.6274,317.6274,317.6274,2026-08-05 12:58:00,7
139.0,316.3972,316.403,316.403,316.403,316.403,2026-08-05 13:00:00,15
79.0,316.7451,316.75,316.75,316.75,316.75,2026-08-05 13:03:00,5
152.0,317.2382,317.32,317.32,317.32,317.32,2026-08-05 13:04:00,5
105.0,317.1316,317.18,317.18,317.18,317.18,2026-08-05 13:08:00,2
103.0,316.9922,316.97,316.97,316.97,316.97,2026-08-05 13:09:00,8
2331.0,317.2518,317.12,316.58,317.59,316.31,2026-08-05 13:12:00,65
351.0,316.3843,316.1,316.5,316.5,316.1,2026-08-05 13:13:00,12
279.0,316.1212,316.1,316.1498,316.1498,316.1,2026-08-05 13:14:00,9
1138.584309,316.0798,316.1,315.61,316.1,315.61,2026-08-05 13:15:00,72
820.094362,315.1586,315.2802,315.03,315.2802,315.01,2026-08-05 13:16:00,24
455.665565,315.5035,315.06,315.01,315.06,315.01,2026-08-05 13:17:00,22
3086.744514,315.0229,315.01,314.24,315.01,314.24,2026-08-05 13:18:00,80
196.303216,314.5153,313.85,313.85,313.85,313.85,2026-08-05 13:19:00,24
1031.296661,314.0466,314.0,313.85,314.25,313.85,2026-08-05 13:20:00,37
7582.344978,314.6932,313.78,315.01,315.15,313.78,2026-08-05 13:21:00,163
86.0,315.4261,315.7502,315.7502,315.7502,315.7502,2026-08-05 13:22:00,9
74.0,314.9749,314.98,314.98,314.98,314.98,2026-08-05 13:23:00,3
254.0,315.4136,315.53,315.32,315.56,315.32,2026-08-05 13:24:00,10
498.069707,316.3371,316.15,316.13,316.2,316.13,2026-08-05 13:25:00,34
694.0,316.7296,316.87,316.12,316.98,316.12,2026-08-05 13:26:00,20
450.0,317.2838,316.64,318.0,318.0,316.64,2026-08-05 13:27:00,23
1521.0,318.0879,317.9061,318.47,318.47,317.74,2026-08-05 13:28:00,96
3658.073061,319.8001,319.26,320.15,320.15,318.56,2026-08-05 13:29:00,1269
44063.000562,326.1292,319.4,325.64,331.0,319.4,2026-08-05 13:30:00,4258
94883.16964,326.4798,326.32,329.15,329.96,325.93,2026-08-05 13:31:00,1511
28710.859326,328.9134,329.16,327.1,330.7999,326.1001,2026-08-05 13:32:00,1043
22384.038964,330.1278,327.405,331.0,331.37,327.405,2026-08-05 13:33:00,574
19479.161887,330.182,331.32,330.18,331.65,328.85,2026-08-05 13:34:00,723
21038.461945,330.2708,330.17,331.0,331.87,328.775,2026-08-05 13:35:00,710
23121.620895,329.0465,330.89,329.66,331.36,327.0,2026-08-05 13:36:00,907
19663.66992,329.462,329.12,329.9,330.4999,328.22,2026-08-05 13:37:00,767
43337.367764,331.909,329.99,331.87,334.34,329.99,2026-08-05 13:38:00,1308
18264.517919,331.5037,332.13,332.11,332.96,330.2601,2026-08-05 13:39:00,841
25275.677085,332.1659,331.5,332.25,333.5,330.44,2026-08-05 13:40:00,1180
49860.506182,332.4784,332.4,332.14,333.5,331.01,2026-08-05 13:41:00,1405
42322.589341,334.5383,332.6015,335.45,335.91,331.84,2026-08-05 13:42:00,1263
53608.932939,335.9204,335.576,335.79,336.9899,334.84,2026-08-05 13:43:00,1574
43123.713497,336.2333,335.575,336.8,336.98,334.59,2026-08-05 13:44:00,1172
56401.137148,337.2332,336.99,337.9101,338.6,336.01,2026-08-05 13:45:00,1447
74239.626089,339.0703,338.2,339.5,340.75,337.43,2026-08-05 13:46:00,2114
32348.296884,339.5558,339.02,338.655,340.28,338.3025,2026-08-05 13:47:00,965
35947.578726,339.7417,338.49,340.89,341.1165,338.14,2026-08-05 13:48:00,1083
40702.359314,341.307,341.06,341.76,342.5,340.5,2026-08-05 13:49:00,1182
58537.364232,342.5507,341.755,343.32,343.88,341.09,2026-08-05 13:50:00,1734
36623.361997,343.4818,343.43,343.505,344.38,342.03,2026-08-05 13:51:00,1315
29366.910859,341.7402,343.505,340.865,343.62,340.13,2026-08-05 13:52:00,908
33120.382729,341.2079,340.795,342.08,342.3055,340.1401,2026-08-05 13:53:00,695
34238.955161,340.8,342.17,341.59,343.13,339.27,2026-08-05 13:54:00,939
14447.295211,340.4821,341.17,339.77,341.7499,339.77,2026-08-05 13:55:00,549
19906.692362,340.0087,339.945,340.695,341.0,339.41,2026-08-05 13:56:00,680
26298.794752,341.095,340.69,342.505,342.69,340.31,2026-08-05 13:57:00,792
44604.708008,345.664,342.7375,347.25,347.5,342.31,2026-08-05 13:58:00,1438
30549.039283,346.9241,347.25,346.815,347.66,346.43,2026-08-05 13:59:00,1203
51969.718964,345.0784,346.63,344.56,347.0,343.51,2026-08-05 14:00:00,1923
44961.644502,342.9721,344.6,341.37,344.84,341.0,2026-08-05 14:01:00,1187
30895.144031,340.9163,341.29,341.12,341.9599,339.75,2026-08-05 14:02:00,983
21014.764015,340.5989,340.845,339.72,341.6255,339.37,2026-08-05 14:03:00,790
50635.929425,339.1703,339.475,339.35,340.27,337.29,2026-08-05 14:04:00,1191
29316.374092,340.7632,339.71,340.305,341.7,339.13,2026-08-05 14:05:00,896
29291.731179,340.6186,340.17,341.75,341.91,339.91,2026-08-05 14:06:00,732
27775.706209,341.2237,341.64,341.625,341.97,340.7,2026-08-05 14:07:00,723
18593.948096,341.9991,341.41,342.24,342.5,341.41,2026-08-05 14:08:00,671
28097.861197,342.4807,342.275,342.065,343.83,341.02,2026-08-05 14:09:00,740
17132.642154,341.2404,342.04,341.9075,342.5,340.36,2026-08-05 14:10:00,570
11121.141614,341.1227,342.165,340.18,342.165,340.18,2026-08-05 14:11:00,421
8760.477759,341.3018,340.18,340.56,342.1495,340.18,2026-08-05 14:12:00,443
8151.32147,340.8352,340.54,340.525,341.55,340.01,2026-08-05 14:13:00,437
22984.977932,339.4954,340.54,338.12,340.5475,337.85,2026-08-05 14:14:00,620
18346.520836,338.3687,338.68,338.91,339.05,337.6953,2026-08-05 14:15:00,510
16157.31008,338.7484,338.775,338.905,340.2342,337.5,2026-08-05 14:16:00,646
19103.420156,338.5283,338.5,338.485,339.13,338.107,2026-08-05 14:17:00,499
16763.205912,339.1468,338.485,339.85,340.15,338.2706,2026-08-05 14:18:00,621
9594.286551,339.2249,340.015,338.32,340.1639,338.32,2026-08-05 14:19:00,388
21217.378427,337.3414,338.79,337.46,338.79,336.25,2026-08-05 14:20:00,684
10569.580562,337.8895,337.485,337.06,338.5901,336.85,2026-08-05 14:21:00,486
27203.363618,336.363,337.27,335.98,337.27,335.56,2026-08-05 14:22:00,716
29991.212085,335.2681,336.16,335.53,336.21,334.1,2026-08-05 14:23:00,927
15136.638765,336.7229,335.535,337.0,338.46,334.89,2026-08-05 14:24:00,472
15539.097397,337.3196,336.9312,337.28,338.31,336.85,2026-08-05 14:25:00,481
10020.163127,337.1737,337.16,337.71,338.0,336.0,2026-08-05 14:26:00,384
19740.964715,337.5238,337.86,337.755,338.35,336.67,2026-08-05 14:27:00,595
10412.417798,337.0888,337.755,336.68,337.84,336.13,2026-08-05 14:28:00,362
11674.957775,336.3513,336.14,334.795,337.19,334.795,2026-08-05 14:29:00,437
72916.975194,330.9369,334.49,329.91,334.49,329.52,2026-08-05 14:30:00,1518
34304.970702,330.1607,330.205,330.59,330.98,329.01,2026-08-05 14:31:00,1088
38220.075352,331.0654,330.69,330.185,331.57,330.0,2026-08-05 14:32:00,787
24704.398853,330.986,330.28,331.275,331.74,330.0054,2026-08-05 14:33:00,633
29432.985416,330.3479,331.2751,330.14,331.2775,329.87,2026-08-05 14:34:00,825
23154.273394,330.7104,330.31,330.36,331.41,329.94,2026-08-05 14:35:00,661
22155.300531,329.7248,330.19,329.57,330.305,328.69,2026-08-05 14:36:00,630
33702.223005,329.6304,329.5,328.79,330.8,328.48,2026-08-05 14:37:00,704
22382.060055,329.1529,328.72,329.15,330.0,328.49,2026-08-05 14:38:00,481
19800.710929,329.525,329.15,328.93,330.31,328.5,2026-08-05 14:39:00,606
25019.098263,328.2358,328.5,327.65,328.975,327.5,2026-08-05 14:40:00,778
31773.612206,327.9862,327.51,328.92,328.93,327.31,2026-08-05 14:41:00,999
8028.800956,328.9843,328.968,329.42,329.47,328.4,2026-08-05 14:42:00,473
32552.350279,328.5433,329.42,329.21,329.6381,327.95,2026-08-05 14:43:00,1659
14448.3813,329.3931,329.23,329.74,329.85,328.7575,2026-08-05 14:44:00,672
18557.051115,329.0688,329.4,329.535,329.73,328.4,2026-08-05 14:45:00,529
21321.403173,330.059,329.4925,331.2865,331.32,329.12,2026-08-05 14:46:00,615
21953.802358,331.8404,331.25,332.9,332.9,330.79,2026-08-05 14:47:00,621
11396.262508,332.4264,332.5,332.32,333.01,332.26,2026-08-05 14:48:00,401
12752.256082,332.4039,332.33,332.145,333.0,332.0101,2026-08-05 14:49:00,407
13798.983873,331.3716,332.0,331.08,332.29,330.61,2026-08-05 14:50:00,650
11126.502425,330.836,331.065,330.945,331.19,330.34,2026-08-05 14:51:00,332
13244.886138,330.0279,330.61,329.13,331.0,328.97,2026-08-05 14:52:00,411
15479.269912,328.2348,329.14,327.4,329.69,326.8736,2026-08-05 14:53:00,638
8946.229732,328.6514,327.59,329.56,329.56,327.59,2026-08-05 14:54:00,345
13050.731658,329.6718,330.0,329.48,330.07,329.1468,2026-08-05 14:55:00,496
18549.75526,329.7255,329.14,330.54,330.545,329.09,2026-08-05 14:56:00,368
22377.282526,330.8983,330.54,330.9,331.9799,330.1901,2026-08-05 14:57:00,552
8147.59409,330.8633,330.87,330.6713,331.36,330.2,2026-08-05 14:58:00,297
11030.418813,331.3475,330.615,331.8324,332.11,330.615,2026-08-05 14:59:00,341
9136.808936,331.3345,331.56,330.88,331.9699,330.88,2026-08-05 15:00:00,285
8076.490655,331.0687,330.91,331.07,331.285,330.76,2026-08-05 15:01:00,338
9696.734634,332.0776,331.195,332.68,332.92,331.195,2026-08-05 15:02:00,411
14272.145206,331.7887,332.68,331.44,332.68,331.06,2026-08-05 15:03:00,524
8825.075753,331.3213,331.44,331.27,331.705,330.91,2026-08-05 15:04:00,328
4768.197004,331.9284,331.73,332.0,332.4205,331.51,2026-08-05 15:05:00,198
5485.271122,332.1655,331.68,332.795,332.83,331.67,2026-08-05 15:06:00,238
15731.006163,333.5938,332.63,334.0,334.45,332.63,2026-08-05 15:07:00,552
7253.504658,333.7345,334.05,333.79,334.3299,333.46,2026-08-05 15:08:00,300
22561.529173,334.7296,333.78,335.03,335.72,333.601,2026-08-05 15:09:00,556
11865.842455,335.3931,335.2111,336.055,336.08,334.46,2026-08-05 15:10:00,445
17209.806321,336.0472,336.055,335.37,336.7099,335.34,2026-08-05 15:11:00,515
26381.930046,336.0306,335.33,335.99,336.61,335.16,2026-08-05 15:12:00,722
28869.276125,335.1759,336.1721,334.385,336.1721,334.34,2026-08-05 15:13:00,637
8521.706362,334.1083,334.445,334.14,334.6684,333.62,2026-08-05 15:14:00,268
7076.211086,334.5704,334.13,334.445,334.79,334.0,2026-08-05 15:15:00,326
6249.129563,333.9154,334.26,334.015,334.4,333.0,2026-08-05 15:16:00,272
12075.078971,334.0257,334.005,333.87,334.3799,333.6,2026-08-05 15:17:00,253
19088.99943,333.2425,333.42,333.62,334.13,332.5,2026-08-05 15:18:00,581
21821.347339,334.1293,333.69,334.165,334.5,333.61,2026-08-05 15:19:00,414
19120.218562,334.2182,334.165,334.275,334.71,333.94,2026-08-05 15:20:00,496
23444.008332,334.8783,334.4899,335.54,335.8,334.275,2026-08-05 15:21:00,480
14492.054903,335.5497,335.29,335.49,336.0,335.13,2026-08-05 15:22:00,426
11543.193378,335.4093,335.31,335.23,336.0,334.84,2026-08-05 15:23:00,443
10286.219528,334.9313,335.04,334.67,335.355,334.55,2026-08-05 15:24:00,293
12153.126614,334.696,334.705,334.99,335.71,333.86,2026-08-05 15:25:00,349
5497.404942,334.8165,334.74,334.5,335.24,334.35,2026-08-05 15:26:00,246
10585.811378,334.8377,334.24,335.0201,335.355,334.24,2026-08-05 15:27:00,294
7401.349254,334.6911,334.88,334.585,335.0,334.33,2026-08-05 15:28:00,316
8543.004596,334.4915,334.56,334.62,334.99,334.15,2026-08-05 15:29:00,326
10885.541554,335.0672,334.63,335.47,335.64,334.39,2026-08-05 15:30:00,290
13718.251481,336.6049,335.7,336.56,337.11,335.7,2026-08-05 15:31:00,548
9220.866439,337.0059,336.69,337.0,337.4,336.69,2026-08-05 15:32:00,388
7570.808514,336.4596,336.93,336.0,336.94,335.8,2026-08-05 15:33:00,388
8246.135308,335.6723,336.2,334.29,336.61,334.29,2026-08-05 15:34:00,266
12296.60746,335.1552,334.455,335.565,335.75,334.455,2026-08-05 15:35:00,317
5288.990441,335.2391,335.56,335.33,335.565,334.6401,2026-08-05 15:36:00,210
6770.66526,335.6944,335.34,335.76,336.0,335.3,2026-08-05 15:37:00,274
5183.997963,335.5029,335.685,335.11,335.685,335.11,2026-08-05 15:38:00,281
5105.102346,335.4042,334.98,334.83,335.84,334.83,2026-08-05 15:39:00,251
4916.415817,335.2971,335.06,335.51,335.51,335.02,2026-08-05 15:40:00,230
8592.058281,334.7049,335.53,334.49,335.53,334.16,2026-08-05 15:41:00,334
7989.26982,334.2467,334.74,333.85,334.9599,333.85,2026-08-05 15:42:00,340
8247.180588,333.8262,333.96,333.45,334.06,333.38,2026-08-05 15:43:00,336
8173.606,333.3915,333.4,333.415,333.5,333.14,2026-08-05 15:44:00,278
11476.894763,332.8475,333.35,333.02,333.49,332.1,2026-08-05 15:45:00,461
8497.368168,333.1421,333.03,333.63,333.86,332.75,2026-08-05 15:46:00,313
10870.21166,333.9189,333.66,334.285,334.38,333.37,2026-08-05 15:47:00,352
6327.079817,334.2568,334.31,334.87,334.9064,334.05,2026-08-05 15:48:00,285
18199.069003,334.8625,335.0,334.99,335.305,334.34,2026-08-05 15:49:00,487
7307.376403,335.2183,334.93,335.085,335.4,334.93,2026-08-05 15:50:00,315
12700.609501,334.1395,335.17,333.9,335.17,333.32,2026-08-05 15:51:00,817
8133.996682,334.1094,333.7,334.02,334.325,333.6,2026-08-05 15:52:00,637
6511.970652,334.2737,334.33,334.0,334.72,333.8,2026-08-05 15:53:00,384
7117.707515,334.2541,334.44,333.83,334.71,333.63,2026-08-05 15:54:00,493
7755.662005,333.1406,333.6,333.03,333.675,332.3708,2026-08-05 15:55:00,457
9435.155344,332.5019,332.6215,332.585,333.2459,332.04,2026-08-05 15:56:00,380
16508.719243,332.3227,332.395,333.015,333.15,331.7,2026-08-05 15:57:00,447
8563.626821,333.4636,332.8,333.61,334.13,332.61,2026-08-05 15:58:00,350
6553.655694,333.8575,333.68,333.61,334.11,333.555,2026-08-05 15:59:00,239
7862.67509,333.9324,333.54,334.27,334.46,333.341,2026-08-05 16:00:00,282
5565.103866,334.0011,334.27,333.6923,334.46,333.64,2026-08-05 16:01:00,226
6665.375089,333.5861,333.67,333.64,333.98,333.2,2026-08-05 16:02:00,276
5832.430334,333.7118,333.8,333.845,334.04,333.49,2026-08-05 16:03:00,206
11323.452483,334.5171,334.1,334.39,334.98,334.1,2026-08-05 16:04:00,411
6131.294277,334.425,334.39,334.75,334.91,334.05,2026-08-05 16:05:00,279
5540.078581,334.6815,334.91,334.69,335.04,334.38,2026-08-05 16:06:00,276
8619.607863,334.8643,334.7,334.3075,335.45,334.18,2026-08-05 16:07:00,347
3923.897484,333.98,334.31,333.73,334.31,333.64,2026-08-05 16:08:00,253
8185.25217,334.276,333.68,334.83,334.83,333.53,2026-08-05 16:09:00,378
9920.352662,334.9058,334.72,334.745,335.2499,334.64,2026-08-05 16:10:00,364
7820.522096,334.7101,334.72,334.6,334.99,334.33,2026-08-05 16:11:00,354
2898.68606,334.7594,334.82,334.35,334.945,334.33,2026-08-05 16:12:00,193
5361.573074,334.2052,334.74,334.055,334.74,333.64,2026-08-05 16:13:00,289
8686.742928,334.6659,334.055,334.87,335.2,334.04,2026-08-05 16:14:00,366
14858.207922,335.0364,334.87,334.87,335.39,334.64,2026-08-05 16:15:00,369
9973.671819,335.399,334.9,335.36,336.205,334.9,2026-08-05 16:16:00,347
5005.398519,335.5036,335.24,335.65,335.9656,335.0,2026-08-05 16:17:00,189
9028.446061,335.4669,335.61,335.34,335.72,335.15,2026-08-05 16:18:00,396
6211.423209,334.9969,335.31,333.85,335.59,333.83,2026-08-05 16:19:00,328
14834.592631,335.1886,333.75,335.43,335.6,333.68,2026-08-05 16:20:00,308
8228.087727,335.8886,335.72,336.29,336.47,335.53,2026-08-05 16:21:00,300
6680.82018,335.9264,336.13,336.04,336.2,335.425,2026-08-05 16:22:00,317
6018.515029,335.4153,336.155,334.6,336.155,334.495,2026-08-05 16:23:00,417
23163.398166,334.0852,334.33,334.625,334.85,333.6,2026-08-05 16:24:00,559
8059.863976,335.4487,334.4501,335.965,336.07,334.4501,2026-08-05 16:25:00,291
3418.465825,335.9624,335.9,336.0,336.2,335.69,2026-08-05 16:26:00,163
8702.841863,336.2435,336.31,336.155,336.64,335.87,2026-08-05 16:27:00,361
8284.298765,335.9241,336.18,335.88,336.24,335.55,2026-08-05 16:28:00,314
5962.252424,336.4481,335.98,336.62,336.8,335.935,2026-08-05 16:29:00,333
9595.200733,336.3178,336.74,335.335,336.9,335.335,2026-08-05 16:30:00,383
5204.090093,334.9287,335.175,334.615,335.18,334.45,2026-08-05 16:31:00,252
5747.972918,334.6585,334.44,334.755,334.86,334.19,2026-08-05 16:32:00,310
14255.804724,333.9378,334.795,333.77,334.795,333.41,2026-08-05 16:33:00,513
4578.971855,334.1723,333.84,334.43,334.43,333.84,2026-08-05 16:34:00,268
9059.737766,333.7342,334.5,333.294,334.63,333.18,2026-08-05 16:35:00,396
3275.59955,333.7516,333.27,333.975,333.985,333.09,2026-08-05 16:36:00,218
5393.069153,334.2739,333.96,334.755,334.82,333.67,2026-08-05 16:37:00,268
8167.772936,334.6766,334.9525,334.375,334.9919,334.22,2026-08-05 16:38:00,311
7297.446069,334.6971,334.375,334.95,334.95,334.375,2026-08-05 16:39:00,389
7152.824342,335.0848,334.95,335.075,335.5,334.8,2026-08-05 16:40:00,291
7653.011208,335.4281,334.9301,335.5,336.0,334.9301,2026-08-05 16:41:00,365
7035.4078,335.2501,335.41,334.81,335.62,334.73,2026-08-05 16:42:00,358
5746.083889,334.7139,334.72,334.3,335.13,334.17,2026-08-05 16:43:00,222
7369.687694,334.198,334.47,333.69,334.6287,333.2801,2026-08-05 16:44:00,236
7906.14341,333.6375,333.69,334.09,334.09,332.85,2026-08-05 16:45:00,376
4291.783935,333.9975,333.91,333.6,334.34,333.6,2026-08-05 16:46:00,188
3527.225488,334.0501,333.97,334.225,334.225,333.74,2026-08-05 16:47:00,167
4859.536553,334.1131,334.225,333.93,334.38,333.87,2026-08-05 16:48:00,245
4507.815454,333.9543,334.12,333.5,334.33,333.5,2026-08-05 16:49:00,224
6607.49324,333.747,333.8281,333.76,334.045,333.205,2026-08-05 16:50:00,213
3057.34022,334.0179,333.99,333.755,334.28,333.755,2026-08-05 16:51:00,203
3430.165,333.8239,333.82,333.53,333.99,333.53,2026-08-05 16:52:00,221
3542.731834,333.9287,333.69,334.05,334.05,333.69,2026-08-05 16:53:00,178
7212.2111,333.8973,334.2358,333.57,334.2358,333.53,2026-08-05 16:54:00,270
5692.846503,333.9741,333.675,334.155,334.26,333.52,2026-08-05 16:55:00,321
3600.738846,334.117,334.03,333.9775,334.28,333.91,2026-08-05 16:56:00,201
7541.392867,334.4656,334.04,334.84,334.87,334.04,2026-08-05 16:57:00,284
6281.812794,334.5635,334.92,334.5,334.92,334.24,2026-08-05 16:58:00,284
4186.902065,334.7009,334.475,334.48,334.785,334.475,2026-08-05 16:59:00,196
9331.202206,334.87,334.62,334.55,335.15,334.15,2026-08-05 17:00:00,274
3750.623643,335.1647,334.84,335.54,335.54,334.68,2026-08-05 17:01:00,243
4589.79613,335.2285,335.49,334.82,335.49,334.82,2026-08-05 17:02:00,238
4030.024965,334.554,334.7,334.26,334.87,334.18,2026-08-05 17:03:00,203
5496.845678,333.9096,334.26,333.78,334.26,333.414,2026-08-05 17:04:00,282
4660.48676,333.7887,334.0,333.96,334.0,333.4,2026-08-05 17:05:00,239
4581.887299,333.7359,334.13,333.695,334.3,333.39,2026-08-05 17:06:00,216
3991.093592,333.971,333.53,333.835,334.34,333.53,2026-08-05 17:07:00,203
6098.619067,333.6888,333.76,333.64,334.0,333.26,2026-08-05 17:08:00,229
5536.806608,333.6875,333.63,333.63,333.94,333.5,2026-08-05 17:09:00,249
6896.587926,333.2122,333.62,333.49,333.62,332.85,2026-08-05 17:10:00,220
5657.772812,333.2053,333.1,333.49,333.51,332.88,2026-08-05 17:11:00,204
4455.16377,333.5297,333.68,333.7001,333.73,333.19,2026-08-05 17:12:00,198
4857.138167,333.3022,333.57,333.22,333.68,332.93,2026-08-05 17:13:00,242
2110.41027,333.2585,333.22,333.39,333.44,332.95,2026-08-05 17:14:00,130
8111.718053,333.2054,333.22,333.77,333.93,332.75,2026-08-05 17:15:00,334
5505.72002,333.9058,333.91,333.77,334.15,333.65,2026-08-05 17:16:00,291
3590.149263,333.6083,333.56,333.945,333.97,333.38,2026-08-05 17:17:00,184
3412.468097,333.7619,333.945,333.64,334.0,333.63,2026-08-05 17:18:00,200
6503.123531,334.1288,333.96,334.12,334.4,333.96,2026-08-05 17:19:00,236
4812.010454,334.2107,334.145,334.485,334.51,334.04,2026-08-05 17:20:00,194
3853.45777,334.2246,334.5,334.01,334.64,333.88,2026-08-05 17:21:00,209
3790.197874,333.9989,334.01,333.65,334.33,333.62,2026-08-05 17:22:00,214
4856.424264,334.1287,333.99,334.19,334.31,333.9,2026-08-05 17:23:00,163
2342.553839,334.335,334.4,334.325,334.45,334.0,2026-08-05 17:24:00,107
7784.056551,334.8128,334.45,334.83,335.18,334.39,2026-08-05 17:25:00,350
4077.783873,335.013,335.07,334.97,335.211,334.83,2026-08-05 17:26:00,202
20060.818098,335.2625,335.13,335.24,335.39,334.98,2026-08-05 17:27:00,295
6104.872369,335.0712,335.39,335.035,335.39,334.6,2026-08-05 17:28:00,298
5200.1436,334.8219,334.76,334.67,335.17,334.56,2026-08-05 17:29:00,258
4437.227993,334.3527,334.61,334.255,334.61,334.07,2026-08-05 17:30:00,208
2889.218113,334.4724,334.27,334.6,334.74,334.2,2026-08-05 17:31:00,164
2304.969697,334.8271,334.6,335.135,335.135,334.33,2026-08-05 17:32:00,155
2000.045406,334.977,335.1275,335.31,335.3832,334.85,2026-08-05 17:33:00,165
6498.09195,335.0935,335.4,334.625,335.71,334.625,2026-08-05 17:34:00,287
4857.983075,335.0595,334.88,335.25,335.25,334.77,2026-08-05 17:35:00,164
3367.24095,335.4607,335.26,335.46,335.64,335.26,2026-08-05 17:36:00,211
3344.867471,335.5545,335.61,335.535,335.645,335.29,2026-08-05 17:37:00,222
3299.395132,335.5818,335.48,335.605,335.7,335.36,2026-08-05 17:38:00,168
5753.345,335.5449,335.74,335.495,335.84,335.35,2026-08-05 17:39:00,241
13015.222292,336.342,335.65,336.45,336.77,335.56,2026-08-05 17:40:00,387
5097.709118,336.0341,336.37,335.6,336.505,335.2,2026-08-05 17:41:00,233
4008.029837,335.2296,335.2,334.9616,335.45,334.9616,2026-08-05 17:42:00,228
3484.334854,335.24,334.94,335.44,335.49,334.86,2026-08-05 17:43:00,158
4000.841465,335.2106,335.27,335.2725,335.2725,334.7384,2026-08-05 17:44:00,206
5399.913494,334.5853,334.79,334.72,334.79,334.0,2026-08-05 17:45:00,274
4441.137228,334.8177,334.54,334.82,334.99,334.54,2026-08-05 17:46:00,121
6905.182723,335.0392,334.7575,335.48,335.48,334.75,2026-08-05 17:47:00,189
2135.909368,335.7112,335.65,335.58,335.675,335.5,2026-08-05 17:48:00,143
3768.769099,335.8089,335.93,335.735,335.94,335.57,2026-08-05 17:49:00,181
8740.999081,336.2427,335.91,335.95,336.7,335.91,2026-08-05 17:50:00,324
3887.609662,336.3388,336.0151,336.285,336.5,336.015,2026-08-05 17:51:00,142
7212.441592,336.1044,336.08,335.82,336.47,335.82,2026-08-05 17:52:00,317
2876.632631,335.7727,335.995,335.595,336.0,335.5,2026-08-05 17:53:00,171
7895.770179,335.6236,335.48,335.48,335.84,335.26,2026-08-05 17:54:00,297
3488.2736,335.3896,335.36,335.39,335.56,335.136,2026-08-05 17:55:00,217
4764.399915,335.8208,335.58,336.2,336.2,335.52,2026-08-05 17:56:00,268
4187.275422,336.26,336.17,336.68,336.68,336.03,2026-08-05 17:57:00,189
6718.696531,336.6404,336.69,336.4075,336.92,336.33,2026-08-05 17:58:00,290
5820.867075,336.2523,336.395,335.99,336.46,335.99,2026-08-05 17:59:00,198
7549.138649,336.0412,336.01,336.08,336.32,335.74,2026-08-05 18:00:00,245
3488.708482,336.184,336.32,336.075,336.35,335.95,2026-08-05 18:01:00,166
4645.421237,336.3595,336.07,336.375,336.68,335.87,2026-08-05 18:02:00,212
4118.265087,336.1564,336.24,336.11,336.4999,335.84,2026-08-05 18:03:00,220
3312.556131,336.3784,336.115,336.53,336.59,336.11,2026-08-05 18:04:00,146
5168.786172,336.5947,336.53,336.78,336.78,336.4,2026-08-05 18:05:00,383
9251.53806,336.1883,336.55,336.025,336.65,335.4,2026-08-05 18:06:00,347
4635.41578,336.1429,336.025,336.08,336.25,336.0175,2026-08-05 18:07:00,210
1951.815561,336.14,336.02,336.1,336.28,335.79,2026-08-05 18:08:00,124
3435.5685,336.0573,336.1,336.06,336.28,335.73,2026-08-05 18:09:00,159
6851.831524,335.9815,336.06,336.04,336.27,335.59,2026-08-05 18:10:00,259
3032.604031,335.9994,335.795,335.94,336.08,335.76,2026-08-05 18:11:00,168
16024.439122,336.2906,336.01,335.89,336.59,335.89,2026-08-05 18:12:00,307
10957.806146,334.959,335.73,334.36,335.85,334.11,2026-08-05 18:13:00,396
11545.783139,334.1573,334.28,333.6975,334.41,333.58,2026-08-05 18:14:00,369
8461.174654,334.3563,333.57,335.175,335.19,333.5,2026-08-05 18:15:00,333
7021.536348,335.124,335.18,334.91,335.4199,334.82,2026-08-05 18:16:00,273
4966.0,334.8772,334.91,334.66,335.1,334.66,2026-08-05 18:17:00,209
3031.949918,334.9182,334.71,334.975,335.06,334.55,2026-08-05 18:18:00,150
2348.285873,334.9412,334.975,335.12,335.13,334.82,2026-08-05 18:19:00,112
6384.881996,335.169,334.97,335.25,335.33,334.87,2026-08-05 18:20:00,230
6409.463856,335.2112,335.38,335.18,335.415,334.98,2026-08-05 18:21:00,230
3533.2,334.8766,335.18,334.675,335.38,334.52,2026-08-05 18:22:00,198
4197.773486,334.8301,334.675,334.91,334.91,334.52,2026-08-05 18:23:00,224
2827.340816,335.0341,335.0,334.99,335.12,334.94,2026-08-05 18:24:00,119
5035.256139,335.1723,335.1,335.125,335.52,334.96,2026-08-05 18:25:00,232
5364.04991,335.4725,335.18,335.63,335.63,335.18,2026-08-05 18:26:00,234
2714.838211,335.4852,335.49,335.2925,335.58,335.23,2026-08-05 18:27:00,150
2436.87857,335.267,335.295,335.085,335.3,335.07,2026-08-05 18:28:00,166
4406.245816,334.9021,335.085,334.78,335.085,334.64,2026-08-05 18:29:00,252
6404.595451,334.6685,334.83,334.36,334.84,334.31,2026-08-05 18:30:00,301
5904.176,333.7983,334.22,333.605,334.22,333.43,2026-08-05 18:31:00,277
7975.519916,333.3551,333.51,333.32,333.56,333.075,2026-08-05 18:32:00,302
4378.099574,333.424,333.31,333.51,333.62,333.2,2026-08-05 18:33:00,177
4961.517519,333.5808,333.36,333.325,333.6899,333.31,2026-08-05 18:34:00,218
6626.303379,333.641,333.22,333.89,334.01,332.86,2026-08-05 18:35:00,303
6582.99883,333.7446,333.88,333.465,334.05,333.36,2026-08-05 18:36:00,264
7533.0,333.361,333.465,333.23,333.465,333.04,2026-08-05 18:37:00,254
2187.251357,333.2622,333.19,333.3,333.37,333.0,2026-08-05 18:38:00,116
9467.9,333.3692,333.2,332.88,333.675,332.88,2026-08-05 18:39:00,298
9329.017006,332.7979,332.88,332.62,332.92,332.541,2026-08-05 18:40:00,309
2487.720704,332.8905,332.7,332.65,332.86,332.5401,2026-08-05 18:41:00,134
6498.006008,332.7882,332.715,332.815,332.97,332.54,2026-08-05 18:42:00,239
11325.316386,332.618,332.815,332.69,332.83,332.3518,2026-08-05 18:43:00,340
4903.74302,333.043,332.83,333.06,333.12,332.83,2026-08-05 18:44:00,206
5260.6,333.4813,333.06,333.835,333.92,333.06,2026-08-05 18:45:00,213
5075.598907,333.8215,334.01,333.91,334.02,333.66,2026-08-05 18:46:00,247
3850.910386,333.9959,334.0,333.74,334.15,333.69,2026-08-05 18:47:00,207
3214.849153,333.9954,333.815,333.9075,334.105,333.81,2026-08-05 18:48:00,224
2786.146093,333.9356,333.95,334.005,334.08,333.78,2026-08-05 18:49:00,151
5170.861059,333.8545,333.89,333.608,334.0,333.57,2026-08-05 18:50:00,267
3245.431923,333.6515,333.58,333.67,333.76,333.37,2026-08-05 18:51:00,147
1879.065903,333.7478,333.72,333.785,333.785,333.715,2026-08-05 18:52:00,105
2979.548981,333.6568,333.78,333.66,333.79,333.42,2026-08-05 18:53:00,193
4377.801028,333.964,333.71,333.885,334.11,333.71,2026-08-05 18:54:00,232
3653.12829,333.6411,333.95,333.27,333.99,333.27,2026-08-05 18:55:00,253
1544.042,333.4035,333.26,333.4,333.45,333.24,2026-08-05 18:56:00,129
3488.311553,333.5739,333.23,333.645,333.79,333.23,2026-08-05 18:57:00,200
3764.0011,333.5493,333.645,333.53,333.655,333.41,2026-08-05 18:58:00,256
2904.745902,333.6092,333.53,333.595,333.63,333.41,2026-08-05 18:59:00,144
24346.98025,334.4959,333.595,334.27,335.01,333.595,2026-08-05 19:00:00,705
4757.637153,334.2592,334.32,334.49,334.49,333.788,2026-08-05 19:01:00,185
5913.671196,334.5959,334.49,334.53,334.75,334.355,2026-08-05 19:02:00,217
5715.520697,334.3022,334.39,334.49,334.64,334.07,2026-08-05 19:03:00,267
5618.179618,334.373,334.49,334.06,334.595,334.06,2026-08-05 19:04:00,251
5147.0,334.2961,334.27,334.415,334.48,334.08,2026-08-05 19:05:00,208
5371.054759,334.0708,334.26,333.94,334.41,333.86,2026-08-05 19:06:00,254
8229.659127,333.6861,333.94,334.0,334.08,333.38,2026-08-05 19:07:00,332
4829.435609,333.929,334.13,333.935,334.13,333.635,2026-08-05 19:08:00,221
4090.542173,333.9714,334.13,334.05,334.13,333.74,2026-08-05 19:09:00,171
6584.230288,334.0821,334.12,333.87,334.19,333.87,2026-08-05 19:10:00,284
10145.897415,334.1645,333.99,334.335,334.61,333.62,2026-08-05 19:11:00,386
6199.592781,334.5488,334.39,334.535,334.76,334.39,2026-08-05 19:12:00,259
4158.391746,334.8044,334.64,334.895,334.99,334.565,2026-08-05 19:13:00,203
15227.914978,334.9431,334.89,334.755,335.19,334.71,2026-08-05 19:14:00,369
8729.345959,334.7266,334.745,334.6,334.9906,334.55,2026-08-05 19:15:00,283
3687.035169,334.8399,334.7,334.855,334.99,334.68,2026-08-05 19:16:00,210
5998.259879,334.9054,334.855,334.97,335.05,334.76,2026-08-05 19:17:00,319
6505.526373,334.9177,334.94,334.93,335.13,334.66,2026-08-05 19:18:00,294
6589.2571,334.6969,334.945,334.36,335.02,334.36,2026-08-05 19:19:00,308
6516.271312,334.6799,334.44,334.845,334.91,334.38,2026-08-05 19:20:00,226
4127.593,334.6652,334.77,334.56,334.77,334.48,2026-08-05 19:21:00,211
5703.842001,334.4466,334.42,334.375,334.54,334.22,2026-08-05 19:22:00,240
7846.776307,334.6858,334.25,334.795,334.93,334.24,2026-08-05 19:23:00,254
8025.371268,334.5539,334.795,334.315,334.84,334.27,2026-08-05 19:24:00,331
7356.897689,334.4318,334.42,334.355,334.5399,334.21,2026-08-05 19:25:00,296
5167.333111,334.5822,334.355,334.6,334.72,334.355,2026-08-05 19:26:00,237
4993.573838,334.67,334.7,334.62,334.93,334.43,2026-08-05 19:27:00,281
3267.700471,334.7163,334.62,334.76,334.76,334.62,2026-08-05 19:28:00,163
12750.121779,334.4071,334.7196,334.09,334.7196,334.042,2026-08-05 19:29:00,525
9052.481446,334.0121,334.09,334.07,334.15,333.54,2026-08-05 19:30:00,410
8618.936794,333.8031,334.02,333.195,334.185,333.195,2026-08-05 19:31:00,374
6041.173023,333.3863,333.25,333.37,333.52,333.04,2026-08-05 19:32:00,229
8302.85217,333.0571,333.22,333.1,333.23,332.695,2026-08-05 19:33:00,394
5662.598009,333.1472,333.1,333.125,333.27,332.77,2026-08-05 19:34:00,282
11021.16116,333.0938,333.07,332.975,333.2255,332.82,2026-08-05 19:35:00,494
5460.290676,333.1123,332.975,333.34,333.34,332.86,2026-08-05 19:36:00,302
7465.740272,333.3539,333.2201,333.56,333.56,333.09,2026-08-05 19:37:00,386
9027.879502,333.705,333.58,333.64,333.9259,333.57,2026-08-05 19:38:00,381
8782.287877,333.4686,333.665,333.2,333.665,333.2,2026-08-05 19:39:00,449
8192.747,333.6602,333.225,334.1,334.15,333.17,2026-08-05 19:40:00,300
7121.935074,334.0266,334.21,333.845,334.28,333.73,2026-08-05 19:41:00,289
7106.36113,333.9531,333.99,333.73,334.1599,333.69,2026-08-05 19:42:00,345
8919.291457,333.0786,333.63,332.38,333.63,332.355,2026-08-05 19:43:00,490
12189.288235,331.467,332.48,330.99,332.49,330.61,2026-08-05 19:44:00,498
13919.857911,331.0532,330.995,331.08,331.27,330.35,2026-08-05 19:45:00,571
11721.361932,330.659,331.13,330.49,331.13,330.3,2026-08-05 19:46:00,437
10352.695036,330.7966,330.55,330.7201,330.96,330.55,2026-08-05 19:47:00,340
12041.739449,330.884,330.825,330.66,331.16,330.5,2026-08-05 19:48:00,486
11497.672743,330.549,330.66,330.2,330.91,330.17,2026-08-05 19:49:00,486
21694.255191,330.7161,330.39,330.635,331.26,330.2201,2026-08-05 19:50:00,824
15326.290822,330.9009,330.63,330.82,331.09,330.63,2026-08-05 19:51:00,561
17263.0174,330.7411,330.855,330.6425,331.01,330.56,2026-08-05 19:52:00,614
18508.884625,330.4568,330.64,330.54,330.66,330.25,2026-08-05 19:53:00,675
20698.030789,330.4502,330.53,330.89,330.89,330.18,2026-08-05 19:54:00,668
39715.044276,330.0761,330.78,329.58,330.94,329.5,2026-08-05 19:55:00,1385
38806.717755,329.4553,329.531,329.575,329.67,329.17,2026-08-05 19:56:00,1295
64001.174239,329.7249,329.575,329.56,330.21,329.38,2026-08-05 19:57:00,1841
84091.841383,329.5079,329.56,329.155,329.83,329.1,2026-08-05 19:58:00,2812
155419.217199,328.5886,329.155,328.38,329.2,327.88,2026-08-05 19:59:00,5768
87722.52752,328.2221,328.22,328.23,328.54,328.22,2026-08-05 20:00:00,60
248.0,327.6333,327.85,327.4,327.85,327.4,2026-08-05 20:02:00,24
1058.386861,327.2593,327.14,326.85,327.14,326.85,2026-08-05 20:03:00,14
1770.89381,327.2705,326.8501,327.1,327.1,326.8501,2026-08-05 20:04:00,25
4486.369285,324.5228,327.94,323.25,327.94,323.25,2026-08-05 20:05:00,133
1049.710246,323.6176,323.5308,323.1491,324.0,323.0,2026-08-05 20:06:00,46
3096.0,323.2348,323.0,325.15,325.15,322.85,2026-08-05 20:07:00,133
1844.188139,325.3097,325.9,326.15,326.15,324.85,2026-08-05 20:08:00,55
222.0,324.069,323.86,323.85,323.86,323.85,2026-08-05 20:09:00,15
7334.936167,324.0781,325.15,324.02,325.15,323.88,2026-08-05 20:10:00,34
2141.0,324.1593,325.025,325.0,325.025,324.02,2026-08-05 20:11:00,12
1124.0,325.0212,325.0,325.0,325.0,325.0,2026-08-05 20:12:00,11
117.0,326.0137,326.15,326.15,326.15,326.15,2026-08-05 20:13:00,6
181.0,327.3117,327.15,327.15,327.15,327.15,2026-08-05 20:14:00,10
604.100578,328.1902,328.05,328.15,328.15,328.05,2026-08-05 20:15:00,14
413.0,327.9842,328.15,328.0,329.0,326.91,2026-08-05 20:16:00,14
153.0,327.3262,327.2,327.64,327.64,327.2,2026-08-05 20:17:00,10
376.0,327.4037,328.0753,327.0,328.0753,326.8501,2026-08-05 20:18:00,15
419.009109,326.8664,327.0,326.86,327.0,326.85,2026-08-05 20:19:00,17
126.0,326.5001,326.42,326.42,326.42,326.42,2026-08-05 20:24:00,7
270.018894,326.0084,325.85,325.85,325.85,325.85,2026-08-05 20:25:00,9
424.0,326.1775,326.19,326.19,326.19,326.19,2026-08-05 20:26:00,4
232.0,326.3414,326.1467,326.47,326.47,326.1467,2026-08-05 20:27:00,10
210.0,327.7104,327.82,328.15,328.15,327.82,2026-08-05 20:30:00,7
521.622317,327.1349,327.0,326.67,327.0,326.5,2026-08-05 20:32:00,11
253.0,327.3464,327.3,327.3,327.3,327.3,2026-08-05 20:39:00,7
364.0,327.9819,327.98,327.98,327.98,327.98,2026-08-05 20:41:00,9
1037.0,328.0998,328.15,327.98,328.15,327.98,2026-08-05 20:42:00,4
304.1,326.9717,327.33,326.1339,327.33,326.1339,2026-08-05 20:43:00,10
3441.003836,325.2901,326.54,323.85,326.54,323.85,2026-08-05 20:49:00,105
625.796627,322.8466,322.85,322.08,323.47,322.0,2026-08-05 20:50:00,42
248.862,323.3614,322.45,322.45,322.45,322.45,2026-08-05 20:51:00,24
168.0,323.0776,322.0,323.59,323.59,322.0,2026-08-05 20:52:00,6
453.0,323.99,323.86,324.12,324.15,323.86,2026-08-05 20:54:00,10
386.0,323.7907,323.1137,324.0,324.0,323.1137,2026-08-05 20:55:00,11
8558.0,322.6734,324.0,324.21,324.21,322.0,2026-08-05 20:56:00,159
552.0,324.9952,325.09,324.83,325.15,324.83,2026-08-05 20:57:00,17
554.0,324.2714,325.48,324.15,325.48,324.15,2026-08-05 20:58:00,3
876.145066,325.1554,325.04,325.2,325.2,325.04,2026-08-05 20:59:00,13
5430.978608,326.1243,325.04,325.5,325.5,325.04,2026-08-05 21:02:00,66
264.0,325.8587,325.84,326.15,326.15,325.84,2026-08-05 21:05:00,7
86.0,325.7733,325.6965,325.6965,325.6965,325.6965,2026-08-05 21:08:00,4
138.0,326.0275,326.0,326.0,326.0,326.0,2026-08-05 21:09:00,9
106.053397,327.1382,326.98,326.98,326.98,326.98,2026-08-05 21:12:00,8
154.947337,327.0237,324.85,324.85,324.85,324.85,2026-08-05 21:19:00,16
225.0,325.2775,325.24,325.24,325.24,325.24,2026-08-05 21:24:00,5
51.0,323.8556,323.85,323.85,323.85,323.85,2026-08-05 21:29:00,2
1013.0,323.8645,323.8555,323.8555,323.8555,323.8555,2026-08-05 21:32:00,7
187.039389,324.0373,323.85,323.85,323.85,323.85,2026-08-05 21:36:00,23
80.0,323.1985,323.2347,323.2347,323.2347,323.2347,2026-08-05 21:38:00,2
654.0,322.8662,322.88,322.85,322.88,322.85,2026-08-05 21:39:00,11
81.0,322.9576,322.87,322.87,322.87,322.87,2026-08-05 21:40:00,7
414.058445,323.1304,323.4,322.85,323.4,322.85,2026-08-05 21:43:00,9
156.0,321.8266,321.85,321.85,321.85,321.85,2026-08-05 21:44:00,12
663.0,321.7754,321.22,321.85,321.85,321.22,2026-08-05 21:45:00,14
202.0,321.4446,321.4299,321.22,321.8,321.22,2026-08-05 21:46:00,10
119.974582,323.9222,321.2923,321.2923,321.2923,321.2923,2026-08-05 21:48:00,8
324.658385,323.2833,322.08,323.09,323.09,322.08,2026-08-05 21:49:00,21
628.0,321.8821,321.0,322.0,322.2,321.0,2026-08-05 21:50:00,10
223.0,323.0817,322.53,323.5,323.5,322.53,2026-08-05 21:53:00,6
105.0,322.5533,322.5,322.5,322.5,322.5,2026-08-05 21:54:00,5
319.0,322.7368,323.12,321.85,323.12,321.85,2026-08-05 22:02:00,17
176.0,324.0952,324.0,324.15,324.15,324.0,2026-08-05 22:03:00,8
294.0,325.0171,324.98,325.15,325.15,324.98,2026-08-05 22:05:00,16
130.0,325.0601,325.0,325.0,325.0,325.0,2026-08-05 22:10:00,6
2213.0,324.9735,325.0,325.0,325.0,324.8469,2026-08-05 22:11:00,72
196.0,324.1421,323.85,323.85,323.85,323.85,2026-08-05 22:14:00,15
1045.0,323.0417,323.17,323.0,323.17,323.0,2026-08-05 22:15:00,7
281.0,323.2326,323.33,323.2095,323.33,323.2,2026-08-05 22:17:00,10
512.0,324.9952,324.78,325.15,325.15,324.78,2026-08-05 22:18:00,9
130.1195,325.5419,325.25,325.25,325.25,325.25,2026-08-05 22:23:00,6
118.0,325.9847,326.0493,325.98,326.0493,325.98,2026-08-05 22:27:00,7
120.0,326.1833,326.15,326.15,326.15,326.15,2026-08-05 22:32:00,3
62.0,326.8576,326.9268,326.9268,326.9268,326.9268,2026-08-05 22:33:00,5
104.0,326.8243,326.8213,326.8213,326.8213,326.8213,2026-08-05 22:34:00,2
265.0,326.5089,325.8034,326.94,326.94,325.8034,2026-08-05 22:35:00,10
61.0,326.7942,326.8109,326.8109,326.8109,326.8109,2026-08-05 22:36:00,5
412.0,326.473,326.12,326.06,326.12,326.06,2026-08-05 22:39:00,56
115.0,327.0644,327.1,327.1,327.1,327.1,2026-08-05 22:41:00,7
1126.0,327.0791,327.15,327.15,327.15,327.0,2026-08-05 22:42:00,10
53.0,327.566,327.6,327.6,327.6,327.6,2026-08-05 22:45:00,3
240.0,326.7604,327.0,326.27,327.0,326.27,2026-08-05 22:47:00,4
119.0,326.5712,326.27,326.27,326.27,326.27,2026-08-05 22:49:00,13
102.0,326.1131,326.02,326.02,326.02,326.02,2026-08-05 22:51:00,4
112.0,326.9411,327.3,327.3,327.3,327.3,2026-08-05 22:54:00,4
80.0,326.99,326.99,326.99,326.99,326.99,2026-08-05 22:57:00,2
75.0,326.384,326.384,326.384,326.384,326.384,2026-08-05 23:03:00,1
110.0,325.8792,325.85,325.85,325.85,325.85,2026-08-05 23:05:00,5
107.0,325.5411,325.5249,325.5249,325.5249,325.5249,2026-08-05 23:06:00,4
501.0,326.1887,326.19,326.19,326.19,326.19,2026-08-05 23:09:00,3
263.0,325.6602,325.6504,325.6504,325.6504,325.6504,2026-08-05 23:20:00,4
68.0,325.4479,325.2972,325.2972,325.2972,325.2972,2026-08-05 23:24:00,3
50.0,325.652,325.652,325.652,325.652,325.652,2026-08-05 23:27:00,1
544.0,325.6901,325.7,325.7,325.7,325.7,2026-08-05 23:38:00,17
121.0,325.1639,325.0553,325.0553,325.0553,325.0553,2026-08-05 23:39:00,3
108.0,325.0092,324.9817,324.9817,324.9817,324.9817,2026-08-05 23:41:00,6
79.0,325.4919,325.64,325.64,325.64,325.64,2026-08-05 23:42:00,5
249.0,325.4594,325.5683,325.5683,325.5683,325.5683,2026-08-05 23:45:00,6
126.0,324.8513,324.85,324.85,324.85,324.85,2026-08-05 23:46:00,12
229.0,323.85,323.85,323.85,323.85,323.85,2026-08-05 23:47:00,2
117.0,323.8915,323.86,323.86,323.86,323.86,2026-08-05 23:51:00,3
370.0,324.1956,324.0,324.8218,324.8218,323.86,2026-08-05 23:52:00,7
100.0,325.1,325.1,325.1,325.1,325.1,2026-08-05 23:53:00,1
53.0,323.85,323.85,323.85,323.85,323.85,2026-08-05 23:55:00,2
114.0,323.9404,323.92,323.92,323.92,323.92,2026-08-05 23:56:00,5
155.0,324.2677,324.45,323.86,324.45,323.86,2026-08-05 23:58:00,4
64.0,324.5769,324.64,324.64,324.64,324.64,2026-08-05 23:59:00,4
1125.772562,326.2409,325.0,324.0024,328.15,323.806,2026-08-06 08:00:00,91
6551.817326,325.9424,324.0,324.01,328.15,323.64,2026-08-06 08:01:00,363
884.340688,324.8614,325.12,323.7,325.15,323.7,2026-08-06 08:02:00,104
2027.086031,324.7632,324.64,323.85,325.15,323.85,2026-08-06 08:03:00,69
2180.103134,324.2205,324.0,324.48,324.48,324.0,2026-08-06 08:04:00,45
152.0,325.8519,323.41,323.41,323.41,323.41,2026-08-06 08:05:00,13
328.08,324.1772,323.98,323.99,323.99,323.98,2026-08-06 08:06:00,15
1170.871454,324.0534,323.81,323.96,323.96,323.8,2026-08-06 08:08:00,15
445.0,322.9459,322.89,323.15,323.15,322.85,2026-08-06 08:09:00,23
1039.042524,321.8741,322.03,321.2838,322.1,321.2838,2026-08-06 08:11:00,31
202.0,321.9876,321.99,322.0,322.0,321.99,2026-08-06 08:12:00,8
105.0,322.8793,323.04,323.04,323.04,323.04,2026-08-06 08:13:00,9
207.0,323.1047,323.09,323.15,323.15,323.09,2026-08-06 08:14:00,8
179.0,323.3814,323.13,323.13,323.13,323.13,2026-08-06 08:16:00,7
495.0,324.4033,324.14,324.49,324.49,324.14,2026-08-06 08:21:00,10
598.0,324.0866,324.49,324.0,324.49,324.0,2026-08-06 08:23:00,10
296.0,324.0012,324.0,324.0,324.0,324.0,2026-08-06 08:24:00,8
553.350571,324.6896,324.5,324.5,324.5,324.5,2026-08-06 08:25:00,8
271.01312,324.8294,324.9,325.0,325.0,324.9,2026-08-06 08:26:00,15
86.0,325.1408,325.15,325.15,325.15,325.15,2026-08-06 08:27:00,4
293.043169,326.4379,326.15,326.55,326.8378,326.15,2026-08-06 08:28:00,15
493.043036,326.6923,326.5,326.5,326.5,326.5,2026-08-06 08:30:00,20
497.152075,327.3962,326.82,327.53,328.0,326.82,2026-08-06 08:31:00,15
490.003913,327.6779,327.72,327.87,327.94,326.82,2026-08-06 08:32:00,17
134.042905,327.9142,327.75,327.75,327.75,327.75,2026-08-06 08:36:00,7
320.0,328.0917,328.15,328.04,328.15,328.04,2026-08-06 08:37:00,11
84.0,327.4981,327.5,327.5,327.5,327.5,2026-08-06 08:44:00,2
174.0,327.9734,328.07,328.07,328.07,328.07,2026-08-06 08:46:00,10
245.0,327.5296,327.54,327.53,327.54,327.53,2026-08-06 08:47:00,9
76.000522,327.9907,327.99,327.99,327.99,327.99,2026-08-06 08:50:00,4
205.820208,329.6909,328.0,328.22,329.14,328.0,2026-08-06 08:54:00,10
151.0,329.1059,329.15,329.09,329.15,329.09,2026-08-06 08:55:00,4
94.07425,329.3996,329.15,329.15,329.15,329.15,2026-08-06 08:56:00,22
914.120325,330.1665,329.9,331.15,331.15,329.9,2026-08-06 08:57:00,62
137.003836,332.1213,332.15,332.15,332.15,332.15,2026-08-06 08:59:00,10
523.701072,332.5245,332.0,332.0,332.0,332.0,2026-08-06 09:00:00,17
560.0,331.9712,332.0,332.0,332.0,332.0,2026-08-06 09:01:00,11
144.0,330.8912,330.91,330.86,330.91,330.85,2026-08-06 09:02:00,6
906.0,330.4097,330.87,329.85,330.87,329.85,2026-08-06 09:03:00,20
310.0,330.0019,330.0,330.01,330.01,330.0,2026-08-06 09:04:00,7
88.0,329.8659,330.0,330.0,330.0,330.0,2026-08-06 09:06:00,3
154.0,328.9121,328.91,328.91,328.91,328.86,2026-08-06 09:07:00,5
248.0,328.9144,328.97,328.85,328.97,328.85,2026-08-06 09:10:00,9
59.0,328.7432,328.85,328.85,328.85,328.85,2026-08-06 09:12:00,2
68.0,328.8309,328.85,328.85,328.85,328.85,2026-08-06 09:13:00,2
87.0,328.4799,328.5,328.5,328.5,328.5,2026-08-06 09:14:00,6
219.0,328.8075,328.85,328.85,328.85,328.85,2026-08-06 09:15:00,8
200.03,329.2143,328.85,328.85,329.49,328.85,2026-08-06 09:16:00,5
215.0,329.4255,329.4,329.4,329.49,329.4,2026-08-06 09:17:00,4
154.0,329.6946,329.49,330.14,330.14,329.49,2026-08-06 09:18:00,7
101.0,329.0436,329.06,329.06,329.06,329.06,2026-08-06 09:19:00,4
517.0,329.1025,329.2,329.06,329.2,329.02,2026-08-06 09:21:00,13
634.0,328.8066,329.0,328.84,329.0,328.6,2026-08-06 09:22:00,6
526.0,329.0009,328.86,329.1,329.1,328.86,2026-08-06 09:27:00,10
54.0,329.2204,329.2,329.2,329.2,329.2,2026-08-06 09:28:00,6
75.0,329.5012,329.51,329.51,329.51,329.51,2026-08-06 09:29:00,6
54.0,329.0402,329.0,329.0,329.0,329.0,2026-08-06 09:30:00,9
59.0,328.4576,328.5,328.5,328.5,328.5,2026-08-06 09:31:00,6
428.0,329.0638,329.42,328.93,329.42,328.93,2026-08-06 09:34:00,13
231.0,329.4029,329.06,329.51,329.51,329.06,2026-08-06 09:41:00,11
631.0,329.6383,329.52,329.59,330.15,329.51,2026-08-06 09:42:00,17
154.0,329.4117,329.53,329.35,329.53,329.35,2026-08-06 09:43:00,3
103.0,330.4501,330.4718,330.4718,330.4718,330.4718,2026-08-06 09:46:00,3
228.0,329.8535,329.63,330.4697,330.4697,329.63,2026-08-06 09:47:00,8
240.0,330.2733,330.15,330.39,330.44,330.15,2026-08-06 09:48:00,8
422.0,330.1143,330.03,330.0,330.03,330.0,2026-08-06 09:49:00,11
338.0,330.8349,330.87,330.87,330.87,330.87,2026-08-06 09:51:00,15
157.015371,330.7168,330.5,330.5,330.5,330.5,2026-08-06 09:53:00,9
296.0,330.857,331.15,330.75,331.15,330.66,2026-08-06 09:55:00,13
100.0,331.0,331.0,331.0,331.0,331.0,2026-08-06 09:56:00,2
228.0,331.6883,331.22,331.22,331.22,331.22,2026-08-06 09:59:00,8
85.0,331.5885,331.7,331.7,331.7,331.7,2026-08-06 10:00:00,7
214.0,332.2538,332.15,332.15,332.15,332.15,2026-08-06 10:03:00,24
45.957701,338.0752,331.03,331.03,331.03,331.03,2026-08-06 10:04:00,2
73.0,331.0,331.0,331.0,331.0,331.0,2026-08-06 10:08:00,1
70.0,330.9881,330.8782,330.8782,330.8782,330.8782,2026-08-06 10:09:00,3
93.0,330.7706,330.85,330.85,330.85,330.85,2026-08-06 10:11:00,8
96.0,330.4314,330.4,330.4,330.4,330.4,2026-08-06 10:14:00,3
345.0,330.0006,330.06,329.85,330.06,329.85,2026-08-06 10:16:00,13
215.0,330.0,330.0,330.0,330.0,330.0,2026-08-06 10:18:00,2
90.0,330.6073,330.69,330.69,330.69,330.69,2026-08-06 10:20:00,7
84.0,329.0254,329.0254,329.0254,329.0254,329.0254,2026-08-06 10:34:00,1
143.0,328.8808,328.86,328.86,328.86,328.86,2026-08-06 10:37:00,5
75.0,328.8395,328.85,328.85,328.85,328.85,2026-08-06 10:38:00,6
979.0,327.8266,328.08,327.07,328.09,327.07,2026-08-06 10:45:00,32
62.0,327.908,327.9479,327.9479,327.9479,327.9479,2026-08-06 10:53:00,5
517.003836,326.9331,327.0,326.85,327.0,326.85,2026-08-06 10:56:00,29
1231.0,327.3501,326.54,328.14,328.14,326.2181,2026-08-06 11:00:00,40
549.0,326.12,326.28,325.85,326.28,325.85,2026-08-06 11:01:00,20
1091.0,325.6048,326.2,326.18,326.2,325.21,2026-08-06 11:02:00,24
859.0,324.9949,325.01,324.85,325.01,324.85,2026-08-06 11:03:00,16
120.0,324.313,324.19,324.19,324.19,324.19,2026-08-06 11:04:00,8
1423.003913,324.0526,324.23,323.56,324.5,323.5003,2026-08-06 11:05:00,40
313.0,323.1178,323.5,323.0,323.5,323.0,2026-08-06 11:06:00,20
1976.0,322.6755,322.85,322.77,323.0,322.0,2026-08-06 11:07:00,44
938.0,323.6006,323.0,323.0911,324.15,322.81,2026-08-06 11:08:00,20
1006.0,323.4179,322.85,323.75,323.75,322.85,2026-08-06 11:09:00,30
287.0,322.2081,322.0,322.0,322.0,322.0,2026-08-06 11:10:00,7
437.0,323.7277,323.74,323.73,323.75,323.71,2026-08-06 11:11:00,10
668.0,323.2631,323.08,323.21,323.74,323.06,2026-08-06 11:13:00,23
335.0,323.0653,323.1162,323.0,323.21,323.0,2026-08-06 11:14:00,10
220.0,323.0746,323.0,323.02,323.02,323.0,2026-08-06 11:15:00,11
2403.902108,323.905,323.5,324.15,324.15,323.5,2026-08-06 11:17:00,28
305.0,324.0228,324.0,324.0,324.06,324.0,2026-08-06 11:18:00,9
140.0,324.0435,324.0,324.0,324.0,324.0,2026-08-06 11:20:00,7
698.0,324.2219,324.31,324.01,324.8,324.0,2026-08-06 11:21:00,17
162.0,324.8461,324.8,324.87,324.87,324.8,2026-08-06 11:24:00,11
438.0,325.0972,325.09,325.15,325.15,325.07,2026-08-06 11:25:00,12
464.0,325.4598,325.62,325.3,325.62,325.3,2026-08-06 11:26:00,19
400.0,325.7568,325.5,325.8,325.8,325.5,2026-08-06 11:27:00,5
103.0,324.7779,324.56,324.56,324.56,324.56,2026-08-06 11:29:00,9
708.0,325.4167,325.65,325.0001,325.77,325.0001,2026-08-06 11:30:00,22
549.0,326.7549,326.0,327.1,327.1,326.0,2026-08-06 11:31:00,17
831.0,326.2579,326.9699,326.99,326.99,325.2624,2026-08-06 11:32:00,14
447.0,325.9399,326.05,326.0,326.05,326.0,2026-08-06 11:35:00,19
243.0,326.8423,326.97,327.0,327.0,326.97,2026-08-06 11:36:00,5
501.0,326.8656,327.02,327.14,327.15,327.02,2026-08-06 11:38:00,37
470.0,326.6898,327.0,327.0,327.0,327.0,2026-08-06 11:40:00,25
562.0,327.0271,327.5266,327.0,327.5266,327.0,2026-08-06 11:42:00,6
161.0,326.6317,326.29,326.29,326.29,326.29,2026-08-06 11:45:00,10
117.0,327.008,327.0,327.0,327.0,327.0,2026-08-06 11:46:00,5
160.0,326.3379,326.33,326.32,326.33,326.32,2026-08-06 11:47:00,6
360.0,326.0339,326.31,325.91,326.31,325.91,2026-08-06 11:48:00,24
581.269353,326.0691,325.97,325.88,325.97,325.88,2026-08-06 11:50:00,24
350.0,327.28,326.99,327.99,327.99,326.99,2026-08-06 11:52:00,13
246.0,326.422,326.3,326.3,326.3,326.3,2026-08-06 11:54:00,9
229.0,327.0662,327.09,327.09,327.09,327.09,2026-08-06 11:55:00,4
723.0,326.0551,326.21,325.85,326.21,325.85,2026-08-06 12:00:00,40
196.0,325.7173,325.85,325.84,325.85,325.84,2026-08-06 12:01:00,8
1087.0,324.9179,325.0,324.09,325.0,324.09,2026-08-06 12:02:00,33
352.0,324.0329,324.0,323.85,324.0,323.85,2026-08-06 12:03:00,16
133.0,323.5299,323.46,323.46,323.46,323.46,2026-08-06 12:04:00,6
252.05,323.0254,323.0,322.85,323.0,322.85,2026-08-06 12:08:00,15
77.0,322.1916,322.18,322.18,322.18,322.18,2026-08-06 12:10:00,3
266.0,322.651,322.48,322.79,322.79,322.48,2026-08-06 12:11:00,10
708.0,321.9813,321.85,322.5,322.5,321.85,2026-08-06 12:13:00,18
756.0,321.8495,321.85,321.65,322.21,321.5,2026-08-06 12:15:00,28
318.0,321.2081,321.03,321.11,321.11,321.03,2026-08-06 12:16:00,24
281.025635,321.4427,321.47,321.5,321.5,321.47,2026-08-06 12:17:00,20
2799.231278,320.6815,321.01,320.5,321.11,320.49,2026-08-06 12:18:00,77
196.677249,321.5069,320.49,320.33,320.49,320.33,2026-08-06 12:19:00,14
4614.0,320.9451,320.5,321.01,321.01,320.1203,2026-08-06 12:20:00,56
2742.0,320.9703,321.01,321.01,321.01,321.0,2026-08-06 12:21:00,33
1234.0,320.9648,320.99,321.01,321.01,320.9695,2026-08-06 12:22:00,37
327.0,320.8207,321.01,321.01,321.01,321.01,2026-08-06 12:23:00,12
1417.0,320.7576,320.98,320.68,321.01,320.68,2026-08-06 12:25:00,33
6212.189167,320.0995,320.99,319.22,320.99,319.22,2026-08-06 12:26:00,167
444.0,320.6433,320.68,320.68,320.68,320.68,2026-08-06 12:27:00,21
250.0,321.106,321.14,321.15,321.15,321.14,2026-08-06 12:28:00,10
360.0,321.0276,321.0,321.0,321.0,321.0,2026-08-06 12:29:00,11
349.005259,320.5596,320.5,320.5,320.5,320.5,2026-08-06 12:30:00,12
214.0,321.8967,321.94,322.0,322.0,321.94,2026-08-06 12:31:00,10
628.0,321.9128,321.99,321.9224,321.99,321.9224,2026-08-06 12:32:00,7
87.0,321.4064,321.38,321.38,321.38,321.38,2026-08-06 12:33:00,6
294.0,321.5014,321.5,321.5,321.5,321.5,2026-08-06 12:34:00,2
1783.0,320.9682,321.1867,320.7557,321.1867,320.7557,2026-08-06 12:35:00,11
75.0,320.5051,320.5,320.5,320.5,320.5,2026-08-06 12:36:00,2
87.0,320.8477,320.5638,320.5638,320.5638,320.5638,2026-08-06 12:37:00,3
1359.116153,322.0497,321.89,321.92,322.25,321.89,2026-08-06 12:39:00,30
100.0,322.1997,322.1997,322.1997,322.1997,322.1997,2026-08-06 12:41:00,1
140.046587,321.3561,321.06,321.06,321.06,321.01,2026-08-06 12:43:00,6
920.1241,320.8949,320.98,320.7,320.98,320.7,2026-08-06 12:44:00,18
256.0,321.4034,322.0,320.83,322.0,320.83,2026-08-06 12:45:00,9
88.0,321.0111,321.01,321.01,321.01,321.01,2026-08-06 12:46:00,5
176.0,320.6991,320.5,320.5,320.5,320.5,2026-08-06 12:47:00,11
547.0,320.8542,320.8792,320.8792,320.8792,320.8792,2026-08-06 12:48:00,9
64.0,321.4802,321.6681,321.6681,321.6681,321.6681,2026-08-06 12:49:00,3
174.0,320.8365,321.0,321.0,321.0,321.0,2026-08-06 12:50:00,11
170.0,320.1288,320.0171,320.0171,320.0171,320.0171,2026-08-06 12:52:00,17
150.0,320.3173,320.15,320.15,320.15,320.15,2026-08-06 12:54:00,5
397.96741,320.655,320.0,319.83,320.0,319.83,2026-08-06 12:55:00,36
312.899825,320.1955,319.19,319.19,319.19,319.19,2026-08-06 12:56:00,16
212.178105,319.4001,319.16,319.05,319.16,319.05,2026-08-06 12:57:00,13
1072.178168,319.1502,319.2,319.0,319.2,319.0,2026-08-06 12:58:00,45
1006.789464,319.6381,319.48,319.2,319.5,319.0,2026-08-06 12:59:00,19
274.195075,318.901,318.91,318.85,318.91,318.85,2026-08-06 13:00:00,17
119.790427,320.3054,318.05,318.05,318.05,318.05,2026-08-06 13:01:00,12
347.0,318.9552,319.18,318.77,319.43,318.77,2026-08-06 13:02:00,18
169.0,318.3665,318.1783,318.1783,318.1783,318.1783,2026-08-06 13:05:00,14
407.916195,319.108,319.0,318.047,319.0,318.047,2026-08-06 13:07:00,24
177.907843,320.0206,318.47,318.47,318.47,318.47,2026-08-06 13:08:00,14
140.056765,318.6093,318.68,318.68,318.68,318.68,2026-08-06 13:09:00,20
135.908455,320.333,318.22,318.22,318.22,318.22,2026-08-06 13:10:00,13
802.0,318.4102,318.66,318.2,318.7,318.2,2026-08-06 13:11:00,14
1053.099062,318.0652,318.5974,317.85,318.5974,317.85,2026-08-06 13:12:00,37
370.0,317.5638,317.5,317.5,317.5,317.5,2026-08-06 13:15:00,24
484.31398,318.6485,317.0,318.87,318.87,317.0,2026-08-06 13:17:00,33
529.633102,318.3632,318.0,318.0,318.0,318.0,2026-08-06 13:18:00,11
940.0,317.2438,317.54,317.0063,317.6,317.0063,2026-08-06 13:19:00,19
1464.115119,317.7544,317.16,318.0,318.0,317.15,2026-08-06 13:20:00,40
197.0,317.8205,317.6402,317.995,317.995,317.6402,2026-08-06 13:21:00,12
1198.0,317.9057,317.99,318.0,318.0,317.51,2026-08-06 13:22:00,20
535.0,317.5342,317.52,317.51,317.52,317.51,2026-08-06 13:23:00,16
805.095266,317.3207,316.89,317.4,317.42,316.89,2026-08-06 13:24:00,45
1806.003439,315.9543,316.85,315.25,316.85,315.25,2026-08-06 13:25:00,75
1614.798587,315.1553,315.17,314.85,315.17,314.85,2026-08-06 13:26:00,84
474.0,315.2254,315.17,315.17,315.17,315.17,2026-08-06 13:27:00,41
1575.17898,314.0781,314.22,313.02,314.95,313.02,2026-08-06 13:28:00,95
2167.0,313.0703,313.37,312.85,314.15,312.01,2026-08-06 13:29:00,105
10461.009506,314.1209,314.71,312.85,315.65,312.85,2026-08-06 13:30:00,253
10742.670991,311.6696,312.63,310.0,313.01,309.19,2026-08-06 13:31:00,360
161190.214534,312.2217,310.35,313.91,314.37,309.48,2026-08-06 13:32:00,2592
20242.122577,313.871,313.95,314.11,314.68,312.85,2026-08-06 13:33:00,636
26985.247433,315.5986,313.9048,318.0,318.0,313.8,2026-08-06 13:34:00,705
37818.74756,316.4896,318.15,315.41,319.76,314.1601,2026-08-06 13:35:00,958
30869.508652,317.3305,315.36,318.28,319.109,315.25,2026-08-06 13:36:00,770
29676.551871,318.4377,318.59,318.375,319.3455,317.49,2026-08-06 13:37:00,854
21610.631144,318.0174,318.385,317.985,318.78,316.8,2026-08-06 13:38:00,567
21719.746584,315.6456,317.69,315.415,317.76,314.64,2026-08-06 13:39:00,694
21751.956209,316.8106,315.46,317.8784,317.93,314.67,2026-08-06 13:40:00,714
20380.41786,317.3713,317.71,318.23,318.4669,316.5072,2026-08-06 13:41:00,584
12627.85577,317.4046,317.89,316.0,318.17,316.0,2026-08-06 13:42:00,438
24908.76418,317.0611,316.1,318.46,318.56,315.85,2026-08-06 13:43:00,765
37684.39823,319.4215,318.34,320.1199,320.15,318.14,2026-08-06 13:44:00,995
20827.419095,318.914,319.8299,318.84,320.2,318.0,2026-08-06 13:45:00,680
25081.698633,319.366,319.13,320.27,320.77,318.6653,2026-08-06 13:46:00,669
30053.165124,322.179,320.77,322.77,323.14,320.77,2026-08-06 13:47:00,764
53369.208244,323.3614,323.1,323.905,324.535,322.5,2026-08-06 13:48:00,1015
31226.13934,324.4954,323.63,324.72,325.75,323.34,2026-08-06 13:49:00,812
41013.465925,325.4692,324.765,325.52,326.23,324.59,2026-08-06 13:50:00,1039
25088.823045,325.3348,325.69,326.66,326.779,324.565,2026-08-06 13:51:00,712
40242.379094,325.8152,326.64,324.92,326.77,324.41,2026-08-06 13:52:00,787
26182.096254,324.8677,324.65,324.59,326.15,323.85,2026-08-06 13:53:00,597
15197.305011,324.2071,324.595,323.76,324.8,323.51,2026-08-06 13:54:00,473
27256.650587,324.993,323.76,326.07,326.3,323.1166,2026-08-06 13:55:00,710
22603.404729,326.5586,326.07,325.93,327.67,325.2215,2026-08-06 13:56:00,607
17984.756951,327.6697,325.59,328.8499,328.8499,325.59,2026-08-06 13:57:00,587
25172.622076,329.2951,328.7066,330.135,330.75,327.97,2026-08-06 13:58:00,634
30925.114494,331.2,330.135,332.26,333.375,329.79,2026-08-06 13:59:00,804
28312.930311,331.9707,332.25,330.64,333.32,330.0409,2026-08-06 14:00:00,785
20657.158469,331.3179,331.0,331.7595,332.0099,330.67,2026-08-06 14:01:00,583
12910.525231,332.4787,331.49,333.59,333.77,331.28,2026-08-06 14:02:00,503
62592.419119,333.5976,333.35,333.33,334.27,333.0,2026-08-06 14:03:00,1273
33673.005059,333.123,333.07,334.78,334.78,332.42,2026-08-06 14:04:00,772
36248.907851,335.4732,334.82,335.375,336.635,334.47,2026-08-06 14:05:00,986
28748.935579,336.204,335.7,336.5,336.88,335.555,2026-08-06 14:06:00,761
47429.221477,338.0918,336.5,339.245,339.7,336.5,2026-08-06 14:07:00,1245
46823.946181,339.8673,339.14,340.42,340.44,339.11,2026-08-06 14:08:00,1303
26934.10674,340.2432,340.34,340.12,340.98,339.0,2026-08-06 14:09:00,773
22766.522041,340.5484,340.255,340.6494,341.0,339.6048,2026-08-06 14:10:00,630
38083.064797,341.9109,340.77,342.14,343.0,340.585,2026-08-06 14:11:00,1018
30748.890433,341.2128,342.42,340.4,342.66,340.311,2026-08-06 14:12:00,837
20812.241497,341.931,340.38,342.37,342.8981,340.38,2026-08-06 14:13:00,675
28002.276202,342.3686,342.29,342.2418,343.39,341.3646,2026-08-06 14:14:00,803
27368.969414,342.9721,342.72,344.0755,344.5,341.3001,2026-08-06 14:15:00,850
51448.123401,345.294,344.015,346.53,347.12,343.83,2026-08-06 14:16:00,1352
53637.850973,348.3069,346.45,348.1005,349.22,346.45,2026-08-06 14:17:00,1597
31988.527486,347.8075,348.47,348.13,348.7109,346.6596,2026-08-06 14:18:00,992
38585.295029,348.0315,348.27,346.54,349.5,346.54,2026-08-06 14:19:00,1032
21337.549465,346.9107,346.8954,346.26,347.7899,346.081,2026-08-06 14:20:00,633
18356.676204,346.162,346.27,346.39,346.74,345.715,2026-08-06 14:21:00,604
33673.037161,347.2521,346.49,347.9,348.7,345.66,2026-08-06 14:22:00,779
42079.216673,346.4537,348.03,345.57,348.6799,345.28,2026-08-06 14:23:00,1056
21798.311691,346.2207,345.28,345.76,346.68,345.28,2026-08-06 14:24:00,549
29368.663377,345.3991,345.9,346.12,346.215,344.38,2026-08-06 14:25:00,780
28282.291572,344.7713,345.945,344.54,345.95,343.34,2026-08-06 14:26:00,595
33780.336301,343.5889,344.0,343.08,344.32,342.85,2026-08-06 14:27:00,831
21666.43246,345.2503,343.12,346.335,346.89,342.96,2026-08-06 14:28:00,655
20451.180848,344.7014,346.335,343.81,346.37,343.3269,2026-08-06 14:29:00,527
16895.019408,344.7988,343.62,345.2399,345.72,343.62,2026-08-06 14:30:00,577
38613.679731,345.8786,345.24,346.78,346.99,344.95,2026-08-06 14:31:00,828
28533.111666,347.6811,346.99,347.52,348.5,346.5,2026-08-06 14:32:00,675
70456.687776,349.7392,347.97,349.99,350.68,347.9,2026-08-06 14:33:00,1724
24455.703674,350.3549,350.24,350.4,351.0,349.75,2026-08-06 14:34:00,797
40333.142767,352.5804,350.4,354.05,354.27,350.37,2026-08-06 14:35:00,1227
56734.558649,353.2377,354.045,353.08,354.47,352.09,2026-08-06 14:36:00,1201
36245.534021,350.9302,353.04,350.31,353.12,349.0034,2026-08-06 14:37:00,952
22883.390975,349.5406,350.29,347.96,350.66,347.85,2026-08-06 14:38:00,645
21371.419446,347.538,347.58,346.595,348.4999,346.423,2026-08-06 14:39:00,654
18781.91305,347.1722,346.595,347.71,347.87,346.38,2026-08-06 14:40:00,673
26692.189661,347.9224,347.7,348.935,349.02,346.9001,2026-08-06 14:41:00,833
18527.684714,349.2762,349.14,349.645,349.83,348.72,2026-08-06 14:42:00,585
20712.618987,349.6301,349.52,349.66,350.11,349.14,2026-08-06 14:43:00,493
15517.498226,348.7495,349.66,347.61,349.81,347.24,2026-08-06 14:44:00,440
32151.401843,345.7481,347.61,345.75,347.94,344.9,2026-08-06 14:45:00,838
19735.653552,343.4517,345.48,341.38,345.5403,341.0,2026-08-06 14:46:00,685
17427.937632,342.5798,341.25,344.095,344.095,341.25,2026-08-06 14:47:00,656
7749.156478,343.9307,343.7196,343.605,344.57,343.47,2026-08-06 14:48:00,353
9159.689771,343.7245,343.4566,342.44,344.11,342.44,2026-08-06 14:49:00,309
29490.601476,345.0728,342.03,345.995,346.56,341.85,2026-08-06 14:50:00,722
26479.193994,345.4029,346.055,344.735,346.055,344.41,2026-08-06 14:51:00,683
10360.11028,344.7098,344.72,344.695,345.13,344.11,2026-08-06 14:52:00,445
7014.521833,345.0971,344.695,345.12,345.52,344.57,2026-08-06 14:53:00,331
13664.383748,345.8841,345.25,346.775,346.965,344.9,2026-08-06 14:54:00,484
20268.337644,346.2854,346.77,345.92,346.83,345.65,2026-08-06 14:55:00,396
11983.677204,346.3656,345.92,347.2,347.2,345.62,2026-08-06 14:56:00,402
19593.912454,347.151,347.1,346.44,347.9099,346.34,2026-08-06 14:57:00,506
11217.389303,346.343,346.8599,346.35,347.05,345.81,2026-08-06 14:58:00,433
10672.699404,346.8925,346.32,347.2,347.41,346.14,2026-08-06 14:59:00,366
16626.454862,347.1783,347.195,346.62,347.74,346.41,2026-08-06 15:00:00,510
17596.32142,347.0897,346.86,347.34,347.46,346.65,2026-08-06 15:01:00,439
15907.220404,346.4787,347.14,345.535,347.37,345.535,2026-08-06 15:02:00,385
27128.948671,344.1813,345.71,343.49,346.0,342.635,2026-08-06 15:03:00,605
13668.34062,342.7486,343.132,342.17,343.43,342.1233,2026-08-06 15:04:00,368
13227.904946,343.2128,342.25,343.88,344.15,342.2427,2026-08-06 15:05:00,449
8359.092715,344.4668,343.885,344.81,344.99,343.69,2026-08-06 15:06:00,360
7764.295733,345.4906,344.82,345.955,346.3,344.65,2026-08-06 15:07:00,283
6869.549434,345.5969,345.9375,345.555,346.29,345.2001,2026-08-06 15:08:00,263
15770.521616,345.7448,345.36,346.88,346.88,344.8,2026-08-06 15:09:00,494
15825.758464,347.2683,346.755,348.26,348.26,346.685,2026-08-06 15:10:00,433
14608.575108,347.8408,348.01,347.06,348.6586,346.96,2026-08-06 15:11:00,403
8722.469942,347.1216,346.96,346.76,347.78,346.5,2026-08-06 15:12:00,298
7967.019914,347.1952,346.76,347.34,347.851,346.68,2026-08-06 15:13:00,280
16234.358822,346.4864,347.7451,345.9701,347.78,345.1621,2026-08-06 15:14:00,384
7700.089176,345.9052,345.95,346.265,346.37,345.454,2026-08-06 15:15:00,285
7378.741371,346.2408,346.06,346.54,346.62,345.74,2026-08-06 15:16:00,258
9184.932137,346.4717,346.62,346.05,346.89,345.96,2026-08-06 15:17:00,288
9034.124396,345.2349,346.1639,344.865,346.1639,344.56,2026-08-06 15:18:00,271
9495.046158,344.6659,344.86,343.4117,345.22,343.4117,2026-08-06 15:19:00,313
8551.27276,344.7967,343.91,345.25,345.38,343.51,2026-08-06 15:20:00,328
9121.029038,345.7482,345.1247,346.57,346.9,344.98,2026-08-06 15:21:00,436
7197.923369,346.7603,346.57,346.3482,347.0,346.09,2026-08-06 15:22:00,302
6473.983525,345.8069,346.02,345.97,346.12,345.27,2026-08-06 15:23:00,275
15385.913433,346.4599,345.97,346.315,346.9,345.97,2026-08-06 15:24:00,313
11218.756849,347.0953,346.12,347.61,347.73,345.95,2026-08-06 15:25:00,434
8680.346769,346.8437,347.695,345.75,347.71,345.73,2026-08-06 15:26:00,332
12201.608511,346.2841,345.75,346.18,347.25,345.5,2026-08-06 15:27:00,410
12669.730107,346.0869,345.98,345.595,346.87,345.2001,2026-08-06 15:28:00,369
5948.121561,345.5959,345.585,345.62,345.99,345.02,2026-08-06 15:29:00,276
9784.564868,345.9652,345.93,346.19,346.36,345.535,2026-08-06 15:30:00,341
10362.331462,345.4834,346.23,343.9204,347.0,343.9204,2026-08-06 15:31:00,433
13563.087149,343.5932,343.85,343.1801,344.015,343.15,2026-08-06 15:32:00,305
12618.139328,343.2113,343.52,342.89,343.52,342.64,2026-08-06 15:33:00,401
19502.005328,342.404,342.875,342.0,343.1,341.87,2026-08-06 15:34:00,446
13147.572169,342.9991,342.04,343.76,344.01,342.0,2026-08-06 15:35:00,485
8215.77025,343.5597,344.01,342.77,344.0862,342.76,2026-08-06 15:36:00,299
15538.048426,342.38,342.73,342.83,343.14,341.9,2026-08-06 15:37:00,384
4611.087848,343.1007,343.25,343.08,343.5375,342.72,2026-08-06 15:38:00,224
7744.020486,343.0073,343.03,343.39,343.62,342.365,2026-08-06 15:39:00,254
7216.769999,343.3673,342.78,343.71,343.71,342.625,2026-08-06 15:40:00,265
4295.59357,343.7532,343.75,343.69,344.1499,343.4,2026-08-06 15:41:00,214
4434.385849,343.3093,343.81,342.91,343.8623,342.86,2026-08-06 15:42:00,174
12257.65884,342.0785,342.78,341.85,342.78,341.61,2026-08-06 15:43:00,310
13670.580371,341.9248,341.84,341.245,342.51,341.22,2026-08-06 15:44:00,276
7545.147809,341.9575,341.2,342.37,342.5,341.11,2026-08-06 15:45:00,274
9976.06581,342.9327,342.22,343.61,344.05,342.04,2026-08-06 15:46:00,310
9051.889181,343.7104,343.61,343.85,343.97,343.545,2026-08-06 15:47:00,281
7764.0599,344.028,343.82,344.41,344.53,343.7,2026-08-06 15:48:00,223
6584.721156,343.8758,344.4,343.54,344.4,343.28,2026-08-06 15:49:00,249
7509.760026,344.2425,343.55,343.9,344.77,343.55,2026-08-06 15:50:00,247
8200.082582,343.4465,343.9,343.26,344.317,342.86,2026-08-06 15:51:00,290
5626.486943,342.9818,343.1,342.6501,343.3,342.6,2026-08-06 15:52:00,239
14409.494585,342.3191,342.785,341.14,342.91,341.14,2026-08-06 15:53:00,335
7254.600112,342.1302,342.06,341.76,342.43,341.5,2026-08-06 15:54:00,264
9665.327082,341.5023,341.66,342.08,342.19,340.99,2026-08-06 15:55:00,337
10413.015,342.5496,342.28,342.33,342.9,342.2,2026-08-06 15:56:00,298
4853.095494,342.1911,342.16,341.955,342.51,341.82,2026-08-06 15:57:00,190
5579.934018,341.6169,342.045,341.33,342.045,341.09,2026-08-06 15:58:00,192
15609.475623,340.4326,341.315,339.61,341.395,339.38,2026-08-06 15:59:00,501
15261.270852,340.611,339.95,340.37,341.255,339.95,2026-08-06 16:00:00,331
6231.902417,339.7818,340.38,339.25,340.38,339.18,2026-08-06 16:01:00,241
8473.120682,339.8009,339.365,339.67,340.074,339.365,2026-08-06 16:02:00,269
8190.232023,339.3407,339.46,339.14,339.7365,338.65,2026-08-06 16:03:00,250
5977.372103,338.4402,338.99,338.37,338.99,338.01,2026-08-06 16:04:00,199
9703.119493,338.8431,338.49,339.32,339.32,338.22,2026-08-06 16:05:00,293
9998.664308,339.2242,339.2792,339.455,339.6635,338.66,2026-08-06 16:06:00,247
7135.871883,340.1472,339.47,340.59,340.6,339.47,2026-08-06 16:07:00,275
9024.146536,340.1518,340.56,339.905,340.66,339.685,2026-08-06 16:08:00,293
2408.254854,339.6029,340.32,339.34,340.32,338.89,2026-08-06 16:09:00,160
4303.090802,339.7855,339.47,339.86,339.99,339.47,2026-08-06 16:10:00,181
5739.34939,338.9577,339.67,338.97,339.67,338.43,2026-08-06 16:11:00,194
4566.95598,338.7899,338.29,338.56,338.97,338.29,2026-08-06 16:12:00,120
10985.812804,337.7523,338.35,336.66,338.36,336.5,2026-08-06 16:13:00,406
13662.819197,336.3456,336.52,336.045,336.73,335.6,2026-08-06 16:14:00,403
12976.289589,336.4751,335.78,337.305,337.37,335.78,2026-08-06 16:15:00,429
30620.21375,336.4928,337.02,337.39,337.598,335.775,2026-08-06 16:16:00,574
10076.867759,337.1226,337.26,337.138,337.46,336.7,2026-08-06 16:17:00,316
13798.744107,336.6728,336.86,337.075,337.16,336.4,2026-08-06 16:18:00,335
2017.153209,337.0594,337.18,337.09,337.29,336.8148,2026-08-06 16:19:00,126
8715.237318,336.639,337.28,335.94,337.32,335.78,2026-08-06 16:20:00,303
8857.892165,336.3525,336.025,336.65,336.65,335.85,2026-08-06 16:21:00,343
3915.711581,336.1535,336.47,335.88,336.53,335.6201,2026-08-06 16:22:00,163
9765.662501,335.1986,335.86,334.81,335.895,334.81,2026-08-06 16:23:00,271
13889.067973,334.9544,334.65,336.17,336.28,333.86,2026-08-06 16:24:00,427
4544.920122,336.1958,336.5,336.185,336.57,335.8651,2026-08-06 16:25:00,162
5537.656938,335.8234,336.02,335.83,336.26,335.37,2026-08-06 16:26:00,134
6222.158591,335.6684,335.835,335.83,336.3,335.39,2026-08-06 16:27:00,226
5023.686296,335.7568,335.66,335.88,335.98,335.45,2026-08-06 16:28:00,180
7126.757468,335.945,335.69,335.67,336.16,335.67,2026-08-06 16:29:00,230
9107.882213,336.2582,335.51,336.82,336.82,335.51,2026-08-06 16:30:00,299
4087.675768,336.4754,336.87,336.525,336.9,336.06,2026-08-06 16:31:00,139
5462.175648,336.417,336.57,335.78,336.89,335.78,2026-08-06 16:32:00,176
8225.80871,335.3409,335.61,335.5265,335.81,334.92,2026-08-06 16:33:00,235
4008.544709,335.716,335.4501,335.45,335.85,335.45,2026-08-06 16:34:00,181
6105.23363,335.5918,335.65,335.375,335.8072,335.19,2026-08-06 16:35:00,209
7053.702814,335.9805,335.65,336.7846,336.7846,335.25,2026-08-06 16:36:00,270
4831.01083,336.9704,336.2,337.24,337.634,336.2,2026-08-06 16:37:00,229
4502.592997,337.4236,337.37,337.48,337.69,337.21,2026-08-06 16:38:00,121
18240.054485,338.0884,337.46,338.78,338.99,337.46,2026-08-06 16:39:00,354
9035.332738,338.9357,338.99,339.15,339.4899,338.58,2026-08-06 16:40:00,266
7099.789698,338.6399,339.42,338.285,339.575,337.8601,2026-08-06 16:41:00,227
6689.786936,339.0355,338.67,339.65,339.87,338.48,2026-08-06 16:42:00,265
8265.59565,339.8655,339.43,339.56,340.46,339.34,2026-08-06 16:43:00,334
6496.126566,339.2051,339.32,338.72,339.4,338.72,2026-08-06 16:44:00,194
5741.982624,338.963,338.74,338.995,339.12,338.48,2026-08-06 16:45:00,235
5406.249756,338.1938,338.69,337.725,338.69,337.63,2026-08-06 16:46:00,182
6561.846676,338.0716,337.73,338.29,338.3421,337.49,2026-08-06 16:47:00,207
5464.752317,338.7031,338.29,338.98,339.0,338.27,2026-08-06 16:48:00,173
5246.591817,339.3462,339.0,339.57,339.57,338.88,2026-08-06 16:49:00,229
10393.956507,339.8477,339.53,339.825,340.14,339.53,2026-08-06 16:50:00,232
3324.584256,339.6468,339.8425,340.06,340.06,339.53,2026-08-06 16:51:00,144
7277.699979,340.1261,339.855,340.2,340.44,339.855,2026-08-06 16:52:00,315
5755.221393,340.465,340.34,340.145,340.8503,340.0206,2026-08-06 16:53:00,209
7919.90525,339.7576,340.14,338.905,340.14,338.85,2026-08-06 16:54:00,204
5586.047492,339.4004,338.905,339.47,339.62,338.905,2026-08-06 16:55:00,202
3816.798066,339.7758,339.57,339.96,339.96,339.29,2026-08-06 16:56:00,161
6067.648985,340.1057,339.96,340.205,340.43,339.94,2026-08-06 16:57:00,211
4475.709461,340.3345,340.165,340.515,340.6,340.165,2026-08-06 16:58:00,137
7708.149983,340.8034,340.51,341.08,341.08,340.51,2026-08-06 16:59:00,255
13443.18991,340.9838,341.15,341.17,341.31,340.6925,2026-08-06 17:00:00,341
5279.678636,341.1061,341.08,340.84,341.4,340.63,2026-08-06 17:01:00,210
3335.992526,340.8263,340.745,340.47,341.06,340.47,2026-08-06 17:02:00,158
6699.034635,340.5328,340.48,340.5,340.77,340.37,2026-08-06 17:03:00,183
4000.726633,340.4603,340.51,340.02,340.52,340.02,2026-08-06 17:04:00,127
5895.73364,340.5849,340.3,341.1,341.11,340.27,2026-08-06 17:05:00,215
3277.56265,341.0604,341.23,341.18,341.23,340.8825,2026-08-06 17:06:00,137
3917.278721,340.8868,341.005,340.56,341.48,340.38,2026-08-06 17:07:00,163
2796.48901,340.8324,340.7,341.13,341.13,340.485,2026-08-06 17:08:00,137
6486.205339,341.0009,341.03,340.91,341.28,340.82,2026-08-06 17:09:00,159
2231.046208,340.9519,340.945,340.6087,341.33,340.6087,2026-08-06 17:10:00,107
4470.90672,340.6467,340.91,340.785,340.91,340.0,2026-08-06 17:11:00,142
1968.7596,340.9682,340.785,340.77,341.04,340.7605,2026-08-06 17:12:00,88
2878.582612,341.1141,341.08,341.01,341.49,340.5401,2026-08-06 17:13:00,125
5610.570757,340.2953,340.78,339.74,340.78,339.5001,2026-08-06 17:14:00,214
5438.540824,339.5272,339.74,339.24,339.74,339.06,2026-08-06 17:15:00,172
9565.229166,340.5986,339.42,340.61,341.33,339.42,2026-08-06 17:16:00,341
5071.188698,341.1626,340.65,341.2,341.375,340.65,2026-08-06 17:17:00,176
7419.155986,341.6243,341.46,342.035,342.13,341.175,2026-08-06 17:18:00,228
6130.077597,342.0373,342.035,342.07,342.52,341.87,2026-08-06 17:19:00,202
3075.591698,342.1569,342.01,342.42,342.42,341.81,2026-08-06 17:20:00,113
5098.877568,341.7148,342.0,341.4,342.0,341.24,2026-08-06 17:21:00,165
1701.499065,341.4951,341.53,341.18,341.55,341.01,2026-08-06 17:22:00,90
3374.691253,341.2482,341.12,341.2,341.38,340.86,2026-08-06 17:23:00,140
4545.703123,340.8286,341.0,340.945,341.095,340.29,2026-08-06 17:24:00,208
11813.107564,342.1177,341.0,342.245,342.5,341.0,2026-08-06 17:25:00,403
5681.550025,342.2454,342.49,342.44,342.5544,342.0,2026-08-06 17:26:00,176
2189.571813,342.2405,342.365,342.17,342.365,341.89,2026-08-06 17:27:00,110
2226.775954,342.3163,342.24,342.01,342.295,342.01,2026-08-06 17:28:00,99
5273.099881,342.231,342.04,341.88,342.57,341.81,2026-08-06 17:29:00,193
2284.814409,341.9557,341.8,341.52,342.06,341.17,2026-08-06 17:30:00,97
1805.17452,341.8719,341.89,341.695,341.93,341.63,2026-08-06 17:31:00,104
5009.572187,341.9183,341.565,341.91,342.25,341.425,2026-08-06 17:32:00,178
4052.915152,341.8361,341.85,341.395,341.92,341.26,2026-08-06 17:33:00,137
1860.50128,341.623,341.55,341.485,341.7,341.12,2026-08-06 17:34:00,100
9290.893007,341.7322,341.435,341.575,341.82,341.4,2026-08-06 17:35:00,289
6602.28831,341.4673,341.81,341.3,341.81,341.04,2026-08-06 17:36:00,233
2242.255918,341.2943,341.17,341.2225,341.2225,341.0,2026-08-06 17:37:00,94
3415.102697,341.2214,341.28,340.89,341.47,340.86,2026-08-06 17:38:00,147
2898.752418,340.881,340.85,340.24,341.02,340.24,2026-08-06 17:39:00,128
10460.465401,340.0512,340.2,339.47,340.8922,339.36,2026-08-06 17:40:00,243
6613.99446,339.1686,339.25,338.61,339.25,338.61,2026-08-06 17:41:00,188
4975.128653,338.7249,338.46,338.38,338.895,338.214,2026-08-06 17:42:00,148
2136.788934,338.329,338.3,337.92,338.69,337.85,2026-08-06 17:43:00,87
5323.740777,338.1299,337.85,338.125,338.25,337.65,2026-08-06 17:44:00,193
9975.591494,338.1006,338.25,338.24,338.37,337.63,2026-08-06 17:45:00,332
5049.76173,338.3017,338.11,338.59,338.72,337.655,2026-08-06 17:46:00,186
5460.22686,338.462,338.75,338.1,338.75,338.1,2026-08-06 17:47:00,173
3901.353555,338.123,338.09,338.54,338.58,337.56,2026-08-06 17:48:00,142
4199.0,338.4687,338.535,338.13,338.645,338.13,2026-08-06 17:49:00,144
4259.222832,338.1174,338.425,337.98,338.72,337.79,2026-08-06 17:50:00,167
5852.465291,338.2345,337.61,338.515,338.68,337.48,2026-08-06 17:51:00,194
2875.592766,338.6215,338.68,338.54,338.79,338.4,2026-08-06 17:52:00,150
2784.388834,338.439,338.6,338.52,338.6,338.27,2026-08-06 17:53:00,111
3480.35837,338.6517,338.6,338.44,338.86,338.44,2026-08-06 17:54:00,134
3036.220407,338.4009,338.43,338.2,338.78,338.08,2026-08-06 17:55:00,103
2995.111975,338.177,338.335,337.815,338.34,337.63,2026-08-06 17:56:00,116
8843.336886,338.108,337.92,338.11,338.34,337.815,2026-08-06 17:57:00,242
3072.079789,338.3926,338.295,338.23,338.5,338.18,2026-08-06 17:58:00,137
3461.658936,338.2946,338.265,338.03,338.48,338.03,2026-08-06 17:59:00,139
5086.449468,338.0441,338.17,338.135,338.47,337.5,2026-08-06 18:00:00,199
2471.664704,337.8506,338.12,337.21,338.33,337.21,2026-08-06 18:01:00,129
3889.497469,337.7194,337.5,337.38,338.0,337.34,2026-08-06 18:02:00,164
9161.879405,337.0216,337.38,336.36,337.55,336.36,2026-08-06 18:03:00,251
8675.033021,336.7954,336.4125,337.0395,337.06,336.365,2026-08-06 18:04:00,266
5073.152284,336.9833,337.12,337.02,337.13,336.74,2026-08-06 18:05:00,127
6014.989543,337.1234,337.08,336.925,337.31,336.815,2026-08-06 18:06:00,215
5509.13196,336.905,336.76,337.22,337.22,336.45,2026-08-06 18:07:00,213
2749.09218,336.7712,336.97,336.401,336.97,336.401,2026-08-06 18:08:00,137
4064.364059,336.9692,336.41,337.2,337.48,336.27,2026-08-06 18:09:00,189
2444.958663,337.3013,337.48,336.78,337.49,336.77,2026-08-06 18:10:00,105
7990.658034,336.9613,336.97,336.935,337.08,336.65,2026-08-06 18:11:00,273
5453.138047,337.0836,336.945,336.92,337.31,336.92,2026-08-06 18:12:00,168
2665.850526,337.1062,336.955,336.995,337.19,336.87,2026-08-06 18:13:00,118
7921.661391,337.2877,336.99,337.405,337.52,336.82,2026-08-06 18:14:00,295
8079.833638,337.6448,337.53,337.75,337.91,337.4,2026-08-06 18:15:00,273
67114.131791,337.8572,337.83,339.59,342.2,334.27,2026-08-06 18:16:00,1909
3244.068494,339.1554,339.23,339.235,339.89,338.59,2026-08-06 18:17:00,112
4798.094884,339.175,339.24,339.175,339.72,339.0,2026-08-06 18:18:00,143
2999.947495,339.1893,339.61,339.07,339.61,338.75,2026-08-06 18:19:00,149
5445.605963,338.6709,339.13,338.505,339.135,338.19,2026-08-06 18:20:00,216
6906.823619,339.0667,338.72,338.7801,339.6,338.705,2026-08-06 18:21:00,279
1328.667966,339.4206,339.07,339.6772,339.6772,339.07,2026-08-06 18:22:00,83
3168.87412,339.3332,339.36,338.93,339.67,338.93,2026-08-06 18:23:00,147
3603.540554,338.5017,338.55,338.0,338.55,338.0,2026-08-06 18:24:00,171
6601.133619,337.8836,338.0,337.34,338.08,337.34,2026-08-06 18:25:00,296
3018.563566,337.5765,337.01,336.73,337.4,336.73,2026-08-06 18:26:00,126
4429.07609,337.1063,336.84,336.66,337.03,336.395,2026-08-06 18:27:00,145
8414.559935,337.0268,336.66,337.47,337.51,336.35,2026-08-06 18:28:00,304
3735.841643,337.5688,337.75,337.485,337.8,337.25,2026-08-06 18:29:00,152
3068.113804,337.3054,337.5406,337.32,337.5406,337.06,2026-08-06 18:30:00,111
4221.301183,337.3935,337.185,337.4,337.67,337.17,2026-08-06 18:31:00,172
1851.951787,337.4133,337.28,337.0,337.32,337.0,2026-08-06 18:32:00,121
9682.005569,337.242,336.91,337.625,337.83,336.775,2026-08-06 18:33:00,386
31086.611902,337.5271,337.52,337.205,337.81,337.04,2026-08-06 18:34:00,338
5917.358837,337.9062,337.61,338.05,338.28,337.61,2026-08-06 18:35:00,166
2205.81,338.015,337.8,338.06,338.21,337.8,2026-08-06 18:36:00,103
7342.029493,337.8458,337.87,337.87,338.11,337.77,2026-08-06 18:37:00,226
1453.937889,338.032,337.87,337.935,337.935,337.65,2026-08-06 18:38:00,82
4556.284823,337.9629,337.935,338.11,338.23,337.66,2026-08-06 18:39:00,144
5856.623692,338.2193,338.11,337.9301,338.44,337.9301,2026-08-06 18:40:00,249
3416.5911,338.1202,338.21,337.87,338.2609,337.82,2026-08-06 18:41:00,140
22608.35759,337.6425,337.87,337.245,338.015,337.02,2026-08-06 18:42:00,1383
7983.083355,337.799,337.62,337.58,338.15,337.58,2026-08-06 18:43:00,286
3460.365899,338.0827,337.65,338.195,338.24,337.65,2026-08-06 18:44:00,140
5228.271247,338.2011,338.195,338.34,338.49,337.8346,2026-08-06 18:45:00,195
4537.532885,338.3294,338.48,338.26,338.66,337.97,2026-08-06 18:46:00,211
2683.460903,338.2522,338.01,338.27,338.3484,337.99,2026-08-06 18:47:00,95
12792.44061,338.4051,338.55,338.035,338.74,338.03,2026-08-06 18:48:00,353
2560.813158,338.0264,337.82,338.0,338.225,337.29,2026-08-06 18:49:00,173
4308.145568,337.8378,337.63,337.665,338.04,337.625,2026-08-06 18:50:00,149
6538.802703,337.1162,337.675,336.405,337.675,336.405,2026-08-06 18:51:00,219
8627.872496,336.7506,336.45,336.625,336.78,336.25,2026-08-06 18:52:00,308
6963.314861,336.719,336.665,336.665,336.82,336.47,2026-08-06 18:53:00,199
14258.145761,337.1696,336.78,337.385,337.86,336.75,2026-08-06 18:54:00,489
3213.316685,337.4516,337.395,337.635,337.64,337.25,2026-08-06 18:55:00,168
4670.31368,337.6976,337.66,337.47,337.97,337.47,2026-08-06 18:56:00,199
9945.649989,337.822,337.5265,338.32,338.33,337.373,2026-08-06 18:57:00,306
4143.66423,338.2121,338.38,337.99,338.46,337.97,2026-08-06 18:58:00,162
4727.422067,337.9674,338.015,337.49,338.2,337.485,2026-08-06 18:59:00,182
7044.164625,338.0734,337.68,338.04,338.57,337.68,2026-08-06 19:00:00,244
8097.66884,338.9691,337.86,339.66,339.66,337.86,2026-08-06 19:01:00,310
5858.43927,339.7608,339.58,339.385,340.15,339.385,2026-08-06 19:02:00,201
3025.90807,339.3365,339.37,339.5,339.61,339.06,2026-08-06 19:03:00,129
5825.163179,339.1886,339.11,339.5,339.53,338.9,2026-08-06 19:04:00,206
5597.733642,339.3617,339.5,338.19,339.84,338.19,2026-08-06 19:05:00,218
2533.7386,338.9062,338.62,338.745,339.03,338.51,2026-08-06 19:06:00,118
7797.6621,338.5468,338.52,339.12,339.17,338.075,2026-08-06 19:07:00,271
7068.235413,339.6039,339.09,339.39,340.14,338.97,2026-08-06 19:08:00,223
5776.533261,339.3527,339.435,339.25,339.5154,339.14,2026-08-06 19:09:00,187
5744.22894,339.3746,339.23,339.59,339.62,339.0201,2026-08-06 19:10:00,197
6406.930728,339.81,339.67,339.99,339.99,339.55,2026-08-06 19:11:00,206
7987.244382,339.7312,339.795,339.26,339.98,339.25,2026-08-06 19:12:00,223
2843.470426,339.1924,339.145,338.8,339.145,338.64,2026-08-06 19:13:00,110
5668.042009,338.3602,338.8,337.66,338.8,337.35,2026-08-06 19:14:00,209
4907.03699,338.0101,337.73,337.57,338.05,337.26,2026-08-06 19:15:00,153
6084.174245,337.9656,337.85,337.89,338.04,337.69,2026-08-06 19:16:00,239
6938.076015,338.0199,338.03,338.15,338.26,337.76,2026-08-06 19:17:00,250
6975.1281,338.3726,338.22,338.36,338.65,338.07,2026-08-06 19:18:00,268
5011.351209,338.0287,338.26,337.52,338.5,337.51,2026-08-06 19:19:00,160
8936.85753,338.4052,337.72,338.84,338.92,337.51,2026-08-06 19:20:00,334
6139.064015,338.5789,338.81,338.19,338.96,338.0,2026-08-06 19:21:00,255
6037.865807,338.0503,338.14,337.84,338.15,337.57,2026-08-06 19:22:00,244
2283.703315,337.8993,337.85,337.53,337.85,337.52,2026-08-06 19:23:00,102
7159.247946,337.5592,337.73,337.42,337.76,337.01,2026-08-06 19:24:00,250
19434.518695,337.6221,337.26,338.03,338.14,337.08,2026-08-06 19:25:00,448
8690.863511,337.7974,338.1,337.615,338.17,337.57,2026-08-06 19:26:00,159
6097.2338,337.9607,337.78,337.94,338.28,337.5846,2026-08-06 19:27:00,210
8883.481447,338.3038,338.11,338.44,338.61,338.0422,2026-08-06 19:28:00,326
4493.29551,338.3745,338.62,338.23,338.65,337.9334,2026-08-06 19:29:00,222
9844.60963,337.791,338.58,337.94,338.59,337.03,2026-08-06 19:30:00,317
5120.39928,338.2233,338.16,338.335,338.49,338.015,2026-08-06 19:31:00,255
10698.27742,338.5019,338.49,338.51,338.77,338.36,2026-08-06 19:32:00,267
4222.569,338.2649,338.46,337.56,338.46,337.56,2026-08-06 19:33:00,201
13930.45001,338.0562,337.77,338.22,338.31,337.47,2026-08-06 19:34:00,400
5149.829,337.9333,338.0,337.61,338.01,337.51,2026-08-06 19:35:00,230
10582.626026,337.4657,337.79,337.36,337.79,337.145,2026-08-06 19:36:00,338
6931.1782,337.1363,337.36,336.86,337.37,336.86,2026-08-06 19:37:00,231
10209.632431,336.643,337.14,336.1193,337.14,336.1193,2026-08-06 19:38:00,320
11783.37987,336.1551,336.0,336.14,336.31,335.85,2026-08-06 19:39:00,367
9062.029521,336.1577,335.99,335.89,336.31,335.89,2026-08-06 19:40:00,285
9970.886501,335.9642,335.89,335.74,336.1615,335.44,2026-08-06 19:41:00,300
10326.582043,335.9605,335.72,335.79,336.21,335.64,2026-08-06 19:42:00,378
4065.966298,335.8672,335.6778,335.47,335.835,335.47,2026-08-06 19:43:00,158
11801.54696,335.602,335.34,335.5,335.66,335.25,2026-08-06 19:44:00,319
14696.21375,335.8164,335.57,335.675,336.04,335.35,2026-08-06 19:45:00,384
5849.432726,335.7028,335.675,335.51,335.92,335.334,2026-08-06 19:46:00,227
8428.9684,335.5269,335.54,335.365,335.7,335.28,2026-08-06 19:47:00,300
7527.773306,335.7252,335.405,335.745,335.92,335.405,2026-08-06 19:48:00,295
8525.208338,335.7309,335.74,335.875,335.89,335.505,2026-08-06 19:49:00,310
19917.3639,335.6836,335.76,335.15,336.21,335.03,2026-08-06 19:50:00,650
17340.268837,335.1123,335.08,335.31,335.36,334.68,2026-08-06 19:51:00,614
14300.921777,334.9276,335.15,334.71,335.27,334.5,2026-08-06 19:52:00,442
22636.408101,334.8404,334.79,334.81,335.14,334.455,2026-08-06 19:53:00,808
17079.059044,335.0575,334.81,335.13,335.31,334.7,2026-08-06 19:54:00,572
25112.972451,334.4777,334.8,334.31,335.07,334.0,2026-08-06 19:55:00,745
39913.764829,335.0069,334.4,334.9,335.81,334.215,2026-08-06 19:56:00,1124
33171.910082,334.812,334.95,334.72,335.105,334.5,2026-08-06 19:57:00,1069
85037.912725,335.2787,334.8094,336.11,336.11,334.72,2026-08-06 19:58:00,2243
112181.916242,335.0411,336.04,334.15,336.04,333.97,2026-08-06 19:59:00,3757
5361.118916,334.2489,334.22,336.15,336.15,334.22,2026-08-06 20:00:00,50
1963.57,334.3858,335.0,334.25,335.0,334.24,2026-08-06 20:01:00,19
65.0,334.0554,334.06,334.06,334.06,334.06,2026-08-06 20:06:00,2
131.0,334.0202,333.9372,333.9372,333.9372,333.9372,2026-08-06 20:07:00,4
3533.0,340.1365,334.0,334.5,334.5,334.0,2026-08-06 20:09:00,8
6793.604739,337.1449,334.28,340.15,340.15,332.85,2026-08-06 20:10:00,255
2596.0,342.0181,339.23,342.8397,343.15,339.23,2026-08-06 20:11:00,100
4592.176585,341.6341,342.08,343.16,344.0,341.02,2026-08-06 20:12:00,62
2429.926212,340.3901,343.94,336.77,343.94,333.0,2026-08-06 20:13:00,117
1271.2459,336.2162,335.19,336.5,337.92,335.01,2026-08-06 20:14:00,123
1069.144224,337.5379,336.7,338.5,338.5,336.7,2026-08-06 20:15:00,51
5529.0,338.9995,338.93,340.15,340.15,337.6,2026-08-06 20:16:00,48
1167.0,337.9598,338.85,336.85,339.6037,336.85,2026-08-06 20:17:00,68
1776.0,335.6488,336.2,336.0,336.2,333.91,2026-08-06 20:18:00,57
1134.0891,337.1343,337.15,336.97,338.15,336.0,2026-08-06 20:19:00,74
1667.0,337.8592,336.85,338.15,338.15,336.06,2026-08-06 20:20:00,38
602.0,339.0054,339.15,339.15,339.15,339.15,2026-08-06 20:21:00,16
571.0,337.6044,338.0,337.2725,338.6499,337.2725,2026-08-06 20:22:00,9
190.0,336.8627,336.85,336.85,336.85,336.85,2026-08-06 20:23:00,12
232.0,336.9392,336.82,336.8,336.82,336.8,2026-08-06 20:24:00,22
2601.003685,334.7592,336.1,333.85,336.1,333.85,2026-08-06 20:25:00,50
1214.0,334.1921,333.0,335.01,335.15,333.0,2026-08-06 20:26:00,73
2033.051893,336.0087,336.0,336.0,336.0,336.0,2026-08-06 20:27:00,11
551.0,334.2094,334.45,334.2683,334.45,334.06,2026-08-06 20:28:00,8
356.0,334.6197,334.27,335.0,335.0,334.27,2026-08-06 20:29:00,13
214.0,334.8953,334.47,335.5,335.5,334.47,2026-08-06 20:30:00,7
57.0,335.0539,335.0,335.0,335.0,335.0,2026-08-06 20:32:00,4
383.0,335.2636,335.01,335.38,335.47,335.0,2026-08-06 20:33:00,23
408.0,336.0666,336.0,336.2582,336.2582,336.0,2026-08-06 20:34:00,12
520.0,336.7838,336.2,337.15,337.15,336.2,2026-08-06 20:35:00,19
215.0,337.9379,337.95,337.95,337.99,337.95,2026-08-06 20:38:00,5
200.0,337.4253,337.95,338.0,338.0,337.95,2026-08-06 20:39:00,10
201.68063,337.9943,337.6513,336.2,337.6513,336.2,2026-08-06 20:40:00,10
540.0,338.0634,337.08,339.15,339.15,337.08,2026-08-06 20:41:00,20
613.003685,339.2488,339.15,338.92,339.15,338.92,2026-08-06 20:42:00,24
498.0,340.1503,340.0,341.0186,341.0186,340.0,2026-08-06 20:44:00,25
729.0,340.7706,340.79,340.95,340.95,340.79,2026-08-06 20:45:00,23
3137.172761,341.0053,340.9,341.0,341.0,340.9,2026-08-06 20:46:00,35
2845.086355,334.5925,340.22,334.22,340.22,334.22,2026-08-06 20:47:00,15
521.0,340.3301,340.08,340.28,340.8156,340.08,2026-08-06 20:48:00,21
1044.0,340.9494,341.0,341.0,341.0,340.84,2026-08-06 20:49:00,14
201.0,340.8503,340.9519,340.9519,340.9519,340.9519,2026-08-06 20:50:00,9
1483.003612,341.0684,339.78,342.15,342.15,339.78,2026-08-06 20:51:00,27
590.0,342.3812,342.48,342.5,342.5,342.0,2026-08-06 20:52:00,22
2507.0,343.087,343.0,342.68,343.9907,342.68,2026-08-06 20:54:00,20
408.0,342.6964,341.91,343.48,343.5,341.91,2026-08-06 20:55:00,42
159.0,342.4562,342.69,342.06,342.69,342.06,2026-08-06 20:56:00,9
334.0,342.7052,342.99,342.0797,342.99,342.0797,2026-08-06 20:57:00,8
187.0,341.8922,341.85,341.85,341.85,341.85,2026-08-06 20:58:00,9
138.0,341.2045,341.02,341.11,341.11,341.02,2026-08-06 21:01:00,7
633.0,341.7257,341.32,341.7,342.1,341.32,2026-08-06 21:03:00,15
1312.196394,342.5889,342.3,342.94,343.31,341.5,2026-08-06 21:04:00,19
399.0,343.1175,343.5,343.0,343.5,343.0,2026-08-06 21:05:00,15
920.0,342.883,343.01,341.96,343.8539,341.96,2026-08-06 21:06:00,15
759.0,342.5037,342.38,342.66,342.66,342.38,2026-08-06 21:07:00,14
167.0,342.952,343.0,342.76,343.0,342.76,2026-08-06 21:08:00,6
216.0,342.7053,342.99,342.98,342.99,342.98,2026-08-06 21:10:00,15
1096.0,343.5951,343.6,343.7,343.7,343.6,2026-08-06 21:11:00,39
478.0,343.7111,343.8076,343.66,343.8076,343.66,2026-08-06 21:12:00,7
134.0,343.5603,343.64,343.68,343.68,343.64,2026-08-06 21:13:00,8
1582.0,343.9883,343.53,344.15,344.15,343.53,2026-08-06 21:14:00,33
1354.0,344.4104,344.31,344.84,345.0,343.98,2026-08-06 21:15:00,72
1080.0,343.8311,343.99,343.9772,343.99,343.16,2026-08-06 21:16:00,15
482.0,343.2514,343.05,343.4,343.4,342.85,2026-08-06 21:17:00,12
252.0,343.9972,344.0,344.0,344.0,344.0,2026-08-06 21:18:00,3
1251.0,344.1215,344.15,344.13,344.15,344.13,2026-08-06 21:19:00,9
697.0,343.5933,344.1,342.3152,344.1,341.86,2026-08-06 21:20:00,6
91.0,343.5759,343.98,343.98,343.98,343.98,2026-08-06 21:21:00,11
258.0,342.3374,342.21,342.21,342.21,342.21,2026-08-06 21:25:00,4
2376.0,343.9427,342.69,343.98,344.0,342.69,2026-08-06 21:26:00,39
120.0,343.0583,342.99,342.99,342.99,342.99,2026-08-06 21:30:00,2
152.0,343.0494,343.0,343.0,343.0,343.0,2026-08-06 21:31:00,4
534.0,342.0245,342.0,342.0,342.0,342.0,2026-08-06 21:32:00,10
127.138493,342.9544,342.7,342.71,342.71,342.7,2026-08-06 21:34:00,9
1263.0,343.7414,342.48,344.5,344.5,342.4333,2026-08-06 21:36:00,37
1749.003541,344.4101,343.98,344.83,345.15,343.85,2026-08-06 21:38:00,99
296.0,345.674,345.5819,345.62,345.84,345.5819,2026-08-06 21:40:00,17
1625.28,345.9512,345.54,346.0,346.0,345.43,2026-08-06 21:42:00,65
147.0,345.1961,345.2834,345.2834,345.2834,345.2834,2026-08-06 21:45:00,6
1172.447351,345.6291,345.5,345.5,345.5,345.5,2026-08-06 21:46:00,7
73.0,344.3787,344.1408,344.1408,344.1408,344.1408,2026-08-06 21:49:00,5
610.0,344.4413,344.01,344.5,344.5,344.01,2026-08-06 21:50:00,12
288.0,343.8969,344.4,343.85,344.4,343.85,2026-08-06 21:51:00,32
1191.0,344.1205,344.2,344.12,344.2,344.1,2026-08-06 21:54:00,15
77.0,343.5781,343.48,343.48,343.48,343.48,2026-08-06 21:58:00,4
285.568,343.7147,343.0,342.85,343.0,342.85,2026-08-06 22:00:00,17
1164.748,344.0588,343.9,343.9,343.9,343.9,2026-08-06 22:02:00,21
151.0,343.7626,343.9,343.5,343.9,343.5,2026-08-06 22:04:00,5
745.0,343.932,343.9,344.15,344.15,343.9,2026-08-06 22:05:00,16
109.0,343.7839,343.95,343.95,343.95,343.95,2026-08-06 22:07:00,7
455.0,344.957,345.15,345.08,345.15,345.08,2026-08-06 22:08:00,24
153.0,344.5831,344.56,344.56,344.56,344.56,2026-08-06 22:09:00,6
1900.145238,344.5573,345.0,344.49,345.0,344.49,2026-08-06 22:11:00,49
707.0,344.6505,345.0,344.4,345.0,344.4,2026-08-06 22:13:00,19
120.0,344.2083,344.15,344.15,344.15,344.15,2026-08-06 22:15:00,2
120.878872,347.4008,344.97,344.97,344.97,344.97,2026-08-06 22:17:00,29
135.0,344.8012,344.7,344.7,344.7,344.7,2026-08-06 22:18:00,9
207.475629,345.5728,344.7,344.97,344.97,344.7,2026-08-06 22:19:00,12
105.0,344.255,344.2193,344.2193,344.2193,344.2193,2026-08-06 22:20:00,2
280.0,344.1509,344.52,343.85,344.52,343.85,2026-08-06 22:21:00,23
182.0,343.0702,343.06,343.0605,343.0605,343.02,2026-08-06 22:22:00,7
326.0,342.9775,343.0,342.85,343.0,342.85,2026-08-06 22:23:00,13
112.0,343.8291,343.813,343.813,343.813,343.813,2026-08-06 22:24:00,5
158.0,342.8006,343.0,343.0,343.0,343.0,2026-08-06 22:30:00,7
234.57859,342.928,342.05,342.05,342.05,342.05,2026-08-06 22:32:00,31
169.0,342.2592,342.13,342.13,342.13,342.13,2026-08-06 22:40:00,16
106.0,342.1328,342.13,342.13,342.13,342.13,2026-08-06 22:41:00,3
115.0,342.3109,342.2075,342.2075,342.2075,342.2075,2026-08-06 22:45:00,3
107.0,342.6773,342.7,342.7,342.7,342.7,2026-08-06 22:49:00,6
167.0,342.6055,342.99,342.99,342.99,342.99,2026-08-06 22:52:00,15
149.0,343.4283,343.4999,343.4999,343.4999,343.4999,2026-08-06 23:05:00,5
121.0,343.184,343.2447,343.2447,343.2447,343.2447,2026-08-06 23:08:00,5
128.0,342.3762,342.05,342.05,342.05,342.05,2026-08-06 23:11:00,9
90.0,342.9292,342.95,342.95,342.95,342.95,2026-08-06 23:13:00,4
135.0,342.5572,342.94,342.05,342.94,342.05,2026-08-06 23:14:00,7
66.0,342.442,342.05,342.05,342.05,342.05,2026-08-06 23:15:00,7
59.0,343.0539,343.02,343.02,343.02,343.02,2026-08-06 23:29:00,7
265.0,343.5276,343.5,343.5,343.5,343.5,2026-08-06 23:33:00,10
97.925627,347.1405,343.9,343.9,343.9,343.9,2026-08-06 23:34:00,10
213.0,344.0688,343.97,344.15,344.15,343.97,2026-08-06 23:35:00,12
573.0,344.5399,344.55,344.5,344.6,344.5,2026-08-06 23:36:00,11
141.0,344.8584,345.0,345.0,345.0,345.0,2026-08-06 23:37:00,5
150.0,344.5777,344.8458,344.8458,344.8458,344.8458,2026-08-06 23:38:00,9
234.0,344.153,343.9,344.52,344.52,343.9,2026-08-06 23:39:00,6
302.0,344.5149,344.34,344.59,344.59,344.34,2026-08-06 23:40:00,5
135.0,343.3828,343.52,343.52,343.52,343.52,2026-08-06 23:45:00,8
212.0,343.8751,343.9,343.9,343.9,343.9,2026-08-06 23:47:00,3
245.0,343.9028,343.8,344.0,344.0,343.8,2026-08-06 23:48:00,11
68.0,344.2046,344.217,344.217,344.217,344.217,2026-08-06 23:51:00,3
113.0,344.1799,344.17,344.17,344.17,344.17,2026-08-06 23:52:00,5
323.0,343.9156,344.0,343.3356,344.0,343.3356,2026-08-06 23:53:00,11
303.0,344.1903,344.2,344.2,344.2,344.2,2026-08-06 23:54:00,3
597.0,344.2074,344.19,344.36,344.36,344.1,2026-08-06 23:56:00,17
127.0,344.2462,344.2862,344.2862,344.2862,344.2862,2026-08-06 23:58:00,8
104.0,344.4021,344.3308,344.3308,344.3308,344.3308,2026-08-06 23:59:00,5
17957.754448,347.6349,346.12,343.02,351.5,341.2699,2026-08-07 08:00:00,459
26960.525453,347.0418,342.85,349.99,352.0,341.9,2026-08-07 08:01:00,1193
12815.788961,350.5088,351.2,350.0,352.01,349.27,2026-08-07 08:02:00,776
1516.92123,350.1632,350.0,350.0,350.0,349.8,2026-08-07 08:03:00,127
3716.047519,349.9637,350.0,351.0,351.0,349.4,2026-08-07 08:04:00,77
1849.0,350.1812,350.74,350.75,351.0,346.97,2026-08-07 08:05:00,33
280.839833,351.3821,351.15,350.1,351.15,350.1,2026-08-07 08:06:00,23
4779.0,350.1107,350.19,349.51,350.19,349.51,2026-08-07 08:07:00,43
1255.931985,350.2951,349.8381,350.82,350.82,349.8381,2026-08-07 08:08:00,112
561.0,351.0207,351.14,351.0,351.14,351.0,2026-08-07 08:09:00,47
1237.130189,351.8218,351.15,351.94,351.94,351.15,2026-08-07 08:10:00,158
876.261538,351.8528,351.0824,352.15,352.15,351.0824,2026-08-07 08:11:00,65
212.0,352.3856,352.02,353.0,353.0,352.02,2026-08-07 08:13:00,14
331.049503,352.8824,353.0,352.8,353.0,352.8,2026-08-07 08:14:00,21
652.073784,352.9306,353.0,352.98,353.0,352.5,2026-08-07 08:15:00,33
1084.008974,353.0511,353.01,353.27,353.28,353.0,2026-08-07 08:16:00,43
2717.0151,353.0682,353.01,353.4818,353.4818,353.0,2026-08-07 08:17:00,38
1087.078562,352.1742,352.55,352.0,352.55,351.85,2026-08-07 08:18:00,36
260.0,352.0275,352.0,352.0,352.0,352.0,2026-08-07 08:21:00,11
396.0,352.9176,352.49,353.15,353.15,352.49,2026-08-07 08:22:00,28
598.0,353.618,353.22,353.8,353.8,353.22,2026-08-07 08:23:00,35
1006.96346,354.6099,354.0,354.28,354.5,354.0,2026-08-07 08:24:00,65
3751.0,354.7548,354.49,355.15,355.15,354.49,2026-08-07 08:25:00,92
221.892761,356.5931,355.15,355.15,355.15,355.15,2026-08-07 08:26:00,13
1016.0,355.7274,355.93,355.6,355.99,355.6,2026-08-07 08:27:00,30
2542.005879,356.1868,356.0,357.15,357.15,356.0,2026-08-07 08:28:00,83
6328.920115,357.9433,357.16,356.89,358.0,356.89,2026-08-07 08:29:00,54
1220.039467,357.8439,356.66,357.3,357.9776,356.66,2026-08-07 08:30:00,26
453.0,357.5608,357.89,357.1,357.9,357.1,2026-08-07 08:31:00,21
2091.007554,357.1062,357.45,357.39,357.85,356.66,2026-08-07 08:32:00,74
1486.262657,358.1509,357.9,358.0,358.88,357.9,2026-08-07 08:33:00,80
590.87055,358.2725,358.0,358.36,358.36,357.0,2026-08-07 08:34:00,34
972.400087,357.0132,357.87,355.86,357.87,355.86,2026-08-07 08:35:00,50
340.003916,356.1975,357.0,355.2,357.0,355.2,2026-08-07 08:36:00,28
322.0,355.7633,355.19,355.99,355.99,355.19,2026-08-07 08:37:00,49
117.517787,357.2163,355.22,355.22,355.22,355.22,2026-08-07 08:38:00,13
319.0,356.0632,355.89,357.15,357.15,355.89,2026-08-07 08:39:00,12
2162.833484,357.0346,356.69,357.15,357.15,356.09,2026-08-07 08:40:00,46
458.0,355.8844,356.03,356.03,356.03,356.03,2026-08-07 08:43:00,41
531.0,355.2272,355.0,355.06,356.32,355.0,2026-08-07 08:44:00,38
466.235768,355.6891,355.39,355.41,355.7,355.39,2026-08-07 08:45:00,42
844.0,355.8295,355.35,357.0,357.0,355.35,2026-08-07 08:46:00,28
634.0,356.6159,356.36,357.15,357.15,356.36,2026-08-07 08:47:00,24
480.898951,357.3476,356.95,356.95,356.95,356.95,2026-08-07 08:48:00,47
553.0,355.2772,355.07,355.01,355.07,355.01,2026-08-07 08:49:00,56
460.0,355.0389,355.0,355.05,355.05,355.0,2026-08-07 08:50:00,15
230.0,354.8879,354.85,354.85,354.85,354.85,2026-08-07 08:51:00,25
478.007917,354.5679,354.65,354.5,354.65,354.5,2026-08-07 08:53:00,34
353.0,354.228,354.32,354.06,354.38,354.06,2026-08-07 08:54:00,20
254.889427,355.8794,354.65,354.73,354.73,354.65,2026-08-07 08:55:00,17
140.0,354.4311,354.25,354.25,354.25,354.25,2026-08-07 08:57:00,14
393.0,353.9989,353.9375,354.22,354.22,353.85,2026-08-07 08:58:00,17
734.0,354.1234,354.26,353.93,354.26,353.89,2026-08-07 08:59:00,27
179.0,354.1761,354.61,354.61,354.61,354.61,2026-08-07 09:00:00,25
251.0,354.1541,354.36,354.36,354.36,354.36,2026-08-07 09:02:00,28
177.0,354.1806,354.18,354.18,354.18,354.18,2026-08-07 09:03:00,11
1417.0,353.2347,353.49,352.85,353.51,352.85,2026-08-07 09:05:00,47
177.0,353.0837,352.8562,352.8562,352.8562,352.8562,2026-08-07 09:06:00,8
353.0,352.8503,352.85,352.85,352.85,352.85,2026-08-07 09:08:00,3
2076.0,353.5681,353.5,353.5,354.0,353.0,2026-08-07 09:10:00,38
1188.0,353.2505,353.5,353.0,353.5,352.86,2026-08-07 09:11:00,29
128.0,352.8148,352.7,352.7,352.7,352.7,2026-08-07 09:13:00,12
101.0,352.9973,353.0,353.0,353.0,353.0,2026-08-07 09:14:00,3
427.0,353.016,353.22,352.5,353.22,352.5,2026-08-07 09:19:00,27
368.0,352.8732,352.5,352.5,352.5,352.5,2026-08-07 09:20:00,28
51.0,353.2225,353.2,353.2,353.2,353.2,2026-08-07 09:21:00,5
121.0,353.4455,353.5,353.43,353.5,353.43,2026-08-07 09:22:00,9
301.0,353.5494,353.61,353.64,353.64,353.61,2026-08-07 09:23:00,18
66.0,352.7752,352.41,352.41,352.41,352.41,2026-08-07 09:24:00,6
1633.0,353.4404,353.73,352.41,353.73,352.41,2026-08-07 09:25:00,19
3846.7,353.7476,352.3,353.21,355.0,352.3,2026-08-07 09:26:00,115
173.0,353.1242,352.85,352.85,352.85,352.85,2026-08-07 09:27:00,11
468.516629,352.8207,352.24,352.18,353.03,352.18,2026-08-07 09:28:00,39
14292.581234,351.9098,352.18,350.0,352.22,350.0,2026-08-07 09:29:00,111
887.0,350.5585,350.52,350.89,350.89,350.52,2026-08-07 09:30:00,55
750.0,350.2288,350.8,350.8,350.8,350.0,2026-08-07 09:31:00,33
316.0,350.5639,350.67,350.57,350.67,350.35,2026-08-07 09:32:00,21
714.0,350.7128,350.71,350.71,350.71,350.71,2026-08-07 09:33:00,41
887.135314,350.1868,350.29,350.31,350.31,350.01,2026-08-07 09:35:00,42
106.049638,350.585,350.5,350.5,350.5,350.5,2026-08-07 09:36:00,13
658.135078,349.57,349.85,348.92,349.85,348.92,2026-08-07 09:38:00,59
380.0,349.3911,349.2,349.74,349.74,349.2,2026-08-07 09:40:00,28
134.0,349.9151,349.97,349.97,349.97,349.97,2026-08-07 09:43:00,6
731.049326,350.0682,350.03,350.01,350.03,350.01,2026-08-07 09:44:00,32
86.0,350.203,350.19,350.19,350.19,350.19,2026-08-07 09:45:00,8
436.0,350.1719,350.06,350.06,350.06,350.06,2026-08-07 09:47:00,39
321.0,349.5086,350.0,349.29,350.0,349.29,2026-08-07 09:49:00,19
150.0,349.8173,350.06,350.06,350.06,350.06,2026-08-07 09:50:00,9
171.0,349.8709,349.94,349.94,349.94,349.94,2026-08-07 09:53:00,16
892.0,349.1574,349.2,349.15,349.2,349.15,2026-08-07 09:55:00,9
449.0,349.2089,349.2,349.2,349.22,349.2,2026-08-07 09:57:00,14
83.0,349.7463,350.0,350.0,350.0,350.0,2026-08-07 09:59:00,6
244.0,349.2239,349.2,349.2,349.2,349.2,2026-08-07 10:01:00,8
134.0,349.9343,349.9401,349.9401,349.9401,349.9401,2026-08-07 10:03:00,7
83.0,349.8728,350.0,350.0,350.0,350.0,2026-08-07 10:04:00,2
96.0,349.7493,349.83,349.83,349.83,349.83,2026-08-07 10:07:00,3
388.0,349.7424,349.75,349.83,349.83,349.75,2026-08-07 10:08:00,16
788.0,349.2186,349.2,349.2,349.2,349.2,2026-08-07 10:09:00,55
108.0,349.2,349.2,349.2,349.2,349.2,2026-08-07 10:11:00,2
619.0,349.8951,349.9,349.9,349.9,349.9,2026-08-07 10:15:00,6
601.0,349.8817,349.85,349.9,349.9,349.85,2026-08-07 10:16:00,8
1740.0,349.9318,349.77,350.0,350.06,349.77,2026-08-07 10:17:00,62
665.0,350.0377,350.08,350.0,350.08,350.0,2026-08-07 10:18:00,24
3235.0,350.5193,350.65,350.0,351.0,350.0,2026-08-07 10:19:00,84
457.0,350.4941,350.51,350.5,350.51,350.5,2026-08-07 10:20:00,9
862.0,351.0502,350.5,351.15,351.15,350.5,2026-08-07 10:21:00,47
494.0,350.7069,350.78,350.5,350.78,350.5,2026-08-07 10:22:00,17
1364.0,350.9896,350.5,351.21,351.24,350.5,2026-08-07 10:23:00,31
759.0,351.9462,351.75,352.01,352.01,351.75,2026-08-07 10:24:00,14
511.0,351.9439,352.14,352.15,352.15,352.14,2026-08-07 10:25:00,34
245.0,353.0147,353.15,353.15,353.15,353.15,2026-08-07 10:28:00,18
159.0,353.1993,353.19,353.18,353.38,353.18,2026-08-07 10:29:00,12
98.0,352.5024,352.31,352.31,352.31,352.31,2026-08-07 10:39:00,5
105.0,353.076,353.11,353.11,353.11,353.11,2026-08-07 10:40:00,3
64.0,352.4528,352.38,352.38,352.38,352.38,2026-08-07 10:42:00,3
1102.0,353.9169,354.15,354.15,354.15,352.72,2026-08-07 10:43:00,28
291.0,353.762,353.73,353.79,353.79,353.73,2026-08-07 10:45:00,7
175.0,353.1204,353.03,353.03,353.03,353.03,2026-08-07 10:46:00,8
175.0,353.0298,353.0,353.0,353.0,353.0,2026-08-07 10:48:00,16
682.938158,354.2889,353.8,354.0,354.0,353.8,2026-08-07 10:49:00,53
138.0,353.1686,353.05,353.05,353.05,353.05,2026-08-07 10:50:00,18
734.0,353.0612,353.0,353.0,353.0,353.0,2026-08-07 10:51:00,20
812.0,352.9844,353.0,352.85,353.0,352.85,2026-08-07 10:52:00,26
240.008488,352.4952,352.24,352.24,352.24,352.24,2026-08-07 10:53:00,13
123.0,352.6193,352.69,352.6,352.69,352.6,2026-08-07 10:55:00,6
119.0,352.7507,352.82,352.82,352.82,352.82,2026-08-07 10:56:00,4
115.0,352.7832,352.82,352.82,352.82,352.82,2026-08-07 10:57:00,7
331.0,352.7382,352.8,352.65,352.8,352.65,2026-08-07 10:58:00,7
525.49,353.1399,352.99,352.35,353.04,352.35,2026-08-07 10:59:00,22
2132.0,353.1001,352.29,354.15,354.15,352.29,2026-08-07 11:00:00,104
1598.0,354.0525,354.29,354.0,354.29,353.52,2026-08-07 11:01:00,29
736.0,353.2422,353.52,353.1,353.67,352.9535,2026-08-07 11:02:00,29
807.0,353.6831,352.9043,354.02,354.02,352.9043,2026-08-07 11:03:00,26
775.0,353.5717,353.6503,353.6,353.6503,353.5,2026-08-07 11:04:00,23
711.0,353.8513,353.85,353.85,353.92,353.77,2026-08-07 11:05:00,31
495.0,354.0104,354.0,353.97,354.18,353.82,2026-08-07 11:06:00,19
595.0,354.0701,354.13,354.0,354.25,354.0,2026-08-07 11:07:00,23
237.0,354.4116,354.5,354.456,354.5,354.28,2026-08-07 11:08:00,12
120.0,354.4361,354.51,354.51,354.51,354.51,2026-08-07 11:09:00,7
82.0,354.3687,354.38,354.38,354.38,354.38,2026-08-07 11:10:00,6
393.0,354.4437,354.47,354.45,354.47,354.44,2026-08-07 11:11:00,14
276.0,354.2617,354.4,354.0,354.4,354.0,2026-08-07 11:12:00,19
608.765857,355.2159,354.68,354.67,354.88,354.67,2026-08-07 11:13:00,32
213.0,354.3808,354.77,354.0,354.77,354.0,2026-08-07 11:14:00,14
885.0,354.9297,354.4,355.0,355.0,354.4,2026-08-07 11:15:00,51
218.0,354.9655,355.0,355.0,355.0,355.0,2026-08-07 11:16:00,10
359.0,354.6316,354.99,354.5,354.99,354.5,2026-08-07 11:17:00,15
399.0,354.8702,354.9213,354.7413,354.9213,354.7413,2026-08-07 11:18:00,6
218.0,354.5864,354.52,354.6,354.6,354.52,2026-08-07 11:20:00,10
398.396386,355.2387,355.15,354.3392,355.15,354.3392,2026-08-07 11:21:00,22
482.0,355.2641,355.13,355.28,355.44,355.0,2026-08-07 11:23:00,18
274.0,355.2967,355.4,355.19,355.4,355.19,2026-08-07 11:24:00,22
209.003334,355.629,355.82,355.5,355.82,355.5,2026-08-07 11:25:00,22
728.035304,355.9968,355.97,356.15,356.15,355.9065,2026-08-07 11:26:00,52
760.0,355.4078,355.43,356.16,356.16,355.12,2026-08-07 11:27:00,22
933.573919,355.6612,355.3,355.5,355.5,355.3,2026-08-07 11:28:00,46
1470.0,355.7919,355.5,356.0,356.0,355.5,2026-08-07 11:29:00,61
401.0,356.1831,356.14,356.5,356.5,356.14,2026-08-07 11:30:00,24
467.080896,356.3018,356.5,356.4,356.5,356.4,2026-08-07 11:31:00,35
292.0,356.0492,356.0,356.11,356.11,356.0,2026-08-07 11:33:00,15
48.0,356.0394,356.04,356.04,356.04,356.04,2026-08-07 11:34:00,2
178.0,356.0468,356.0,356.0,356.0,356.0,2026-08-07 11:35:00,13
335.0,356.4046,356.5,356.0,356.5,356.0,2026-08-07 11:36:00,16
1468.6259,356.1926,356.41,356.0,356.41,356.0,2026-08-07 11:37:00,33
1665.0,355.4153,355.52,355.06,355.72,355.01,2026-08-07 11:38:00,93
164.0,355.1514,355.06,355.03,355.06,355.03,2026-08-07 11:39:00,14
1275.0,355.0853,355.31,354.85,355.31,354.85,2026-08-07 11:40:00,36
556.779334,355.0536,354.72,354.45,354.72,354.45,2026-08-07 11:41:00,32
457.038464,354.5818,354.18,354.6932,354.6932,354.18,2026-08-07 11:44:00,14
104.0,354.6035,354.99,354.99,354.99,354.99,2026-08-07 11:46:00,10
276.0,354.1239,354.13,354.02,354.13,354.02,2026-08-07 11:47:00,12
388.0,354.0967,354.0,354.02,354.6084,354.0,2026-08-07 11:48:00,22
493.0,354.1656,354.7668,353.85,354.7668,353.85,2026-08-07 11:50:00,22
365.0,353.2029,353.35,353.01,353.42,353.01,2026-08-07 11:51:00,26
124.0,353.0234,352.85,352.85,352.85,352.85,2026-08-07 11:53:00,13
982.0,353.1251,353.23,352.87,353.3,352.87,2026-08-07 11:54:00,29
544.0,353.4342,354.0,353.05,354.0,353.05,2026-08-07 11:55:00,16
334.0,353.2578,353.15,353.15,353.15,353.15,2026-08-07 11:56:00,22
821.0,353.0441,353.0,353.0,353.3,352.99,2026-08-07 11:57:00,19
1353.0,352.4324,353.25,352.0,353.25,352.0,2026-08-07 11:58:00,54
97.0,352.0136,352.0,352.0,352.0,352.0,2026-08-07 11:59:00,8
1258.0,352.0231,351.85,351.95,352.6,351.23,2026-08-07 12:00:00,39
1152.0,351.803,351.77,352.5,352.5,351.284,2026-08-07 12:01:00,63
253.0,352.9124,352.85,353.11,353.11,352.85,2026-08-07 12:02:00,15
752.0,353.095,352.85,353.15,353.15,352.85,2026-08-07 12:04:00,23
524.0,352.0737,352.05,351.85,352.25,351.85,2026-08-07 12:08:00,17
394.0,351.9358,352.05,351.85,352.05,351.85,2026-08-07 12:09:00,12
295.0,351.8686,351.85,351.85,351.85,351.85,2026-08-07 12:10:00,23
697716.0,334.2239,352.0,352.0,352.0,352.0,2026-08-07 12:11:00,11
94.0,352.814,352.88,352.88,352.88,352.88,2026-08-07 12:12:00,6
472.0,353.0384,353.0,353.15,353.15,353.0,2026-08-07 12:14:00,25
680.515758,353.3393,353.29,353.5,353.5,352.5488,2026-08-07 12:16:00,17
267.0,353.6784,353.8423,354.0,354.0,353.55,2026-08-07 12:17:00,13
177.0,353.2832,353.32,353.32,353.32,353.32,2026-08-07 12:19:00,9
194.0,353.4875,353.32,353.99,353.99,353.32,2026-08-07 12:20:00,11
144.0,352.829,352.69,352.69,352.69,352.68,2026-08-07 12:21:00,13
209.0,353.1551,353.34,353.4,353.4,353.34,2026-08-07 12:23:00,11
403.0,353.2665,353.34,353.39,353.39,353.34,2026-08-07 12:24:00,19
689.0,353.3287,353.39,353.4,353.4,352.94,2026-08-07 12:25:00,19
426.0,353.6915,353.49,353.91,353.91,353.49,2026-08-07 12:26:00,23
92.0,353.0437,353.0,353.0,353.0,353.0,2026-08-07 12:28:00,4
143.0,353.5368,353.0983,353.86,353.86,353.0983,2026-08-07 12:29:00,17
974.104204,354.7767,354.0,355.5,355.5708,354.0,2026-08-07 12:30:00,96
2396.077843,355.8563,355.06,355.5,356.0,355.06,2026-08-07 12:31:00,54
1322.665957,356.441,355.06,357.0,357.0,355.06,2026-08-07 12:32:00,62
1665.0,356.5998,356.7037,356.8,356.8,356.15,2026-08-07 12:33:00,76
935.713586,357.5919,357.15,357.6,357.66,357.15,2026-08-07 12:34:00,71
1864.333874,357.8079,357.66,357.54,357.96,357.42,2026-08-07 12:35:00,79
875.0,357.3217,357.54,357.22,357.6161,357.05,2026-08-07 12:36:00,46
615.048309,357.3588,357.31,357.3,357.8,357.3,2026-08-07 12:37:00,33
670.0,357.3471,357.1659,357.5,357.5,357.1659,2026-08-07 12:38:00,22
381.065377,357.6987,357.7,357.49,357.8,357.49,2026-08-07 12:39:00,27
1388.0,357.6745,357.7282,357.642,357.99,357.0747,2026-08-07 12:40:00,38
3651.937695,358.0463,357.8,357.99,358.1,357.69,2026-08-07 12:41:00,83
5489.492997,357.1145,357.5,356.73,357.5,356.73,2026-08-07 12:42:00,60
173.038059,357.7021,357.8162,357.46,357.8162,357.46,2026-08-07 12:43:00,16
3811.054148,357.7004,357.75,357.02,357.81,357.02,2026-08-07 12:44:00,41
1599.688625,358.2786,357.59,358.0,358.5,357.59,2026-08-07 12:45:00,74
454.1878,358.6073,358.58,358.425,358.58,358.425,2026-08-07 12:46:00,44
1342.572821,358.6458,358.59,358.0,358.59,358.0,2026-08-07 12:47:00,74
2999.0,358.8222,358.62,358.99,359.15,358.56,2026-08-07 12:48:00,84
782.799907,359.407,359.15,359.0,359.15,359.0,2026-08-07 12:49:00,83
932.622904,359.2455,358.89,359.5,359.5,358.89,2026-08-07 12:50:00,44
1783.538174,358.7733,358.3904,359.2065,359.43,358.3904,2026-08-07 12:51:00,59
821.404028,359.2379,358.61,359.1,359.4,358.59,2026-08-07 12:52:00,70
959.911109,359.3978,359.0166,359.29,359.3,358.9,2026-08-07 12:53:00,66
2779.7,358.8044,358.8,358.3,359.17,358.3,2026-08-07 12:55:00,160
5402.0,357.9887,358.3,358.3754,358.5,357.68,2026-08-07 12:56:00,54
586.0,357.9444,358.0,357.9,358.0,357.9,2026-08-07 12:57:00,28
2533.0,357.9187,357.0,357.62,358.0,357.0,2026-08-07 12:58:00,29
2884.0,358.2325,357.6,357.95,358.5,357.6,2026-08-07 12:59:00,52
866.0,357.9489,358.22,357.45,358.22,357.45,2026-08-07 13:00:00,56
2119.56,357.4365,358.4059,356.93,358.6,356.93,2026-08-07 13:01:00,58
1776.0,357.4531,356.9,357.81,357.96,356.9,2026-08-07 13:02:00,57
1719.0,357.9724,357.89,357.84,358.2,357.84,2026-08-07 13:03:00,60
284.0,357.919,358.27,357.59,358.27,357.59,2026-08-07 13:04:00,18
274.03,358.3729,358.5,358.5,358.5,358.5,2026-08-07 13:05:00,41
3413.0,358.8409,358.18,358.5,359.0,358.18,2026-08-07 13:06:00,70
6067.0,359.599,358.86,359.03,360.01,358.72,2026-08-07 13:07:00,293
872.038188,359.255,359.04,359.13,359.4,358.59,2026-08-07 13:08:00,64
1724.0,358.9649,359.06,359.99,359.99,358.59,2026-08-07 13:09:00,54
1452.0,359.6547,359.93,359.99,360.0,359.18,2026-08-07 13:10:00,48
1566.0,358.7621,359.5156,358.53,359.5156,358.41,2026-08-07 13:11:00,60
881.0,358.3546,358.53,358.39,358.53,358.1,2026-08-07 13:12:00,21
510.055173,358.5412,358.39,358.89,358.89,358.2,2026-08-07 13:13:00,28
4102.0,358.0407,358.16,357.5201,358.9656,357.5201,2026-08-07 13:14:00,51
1806.7,357.3862,357.8,357.01,358.33,357.01,2026-08-07 13:15:00,27
3150.5,356.9861,357.0,356.6723,357.32,356.1891,2026-08-07 13:16:00,68
2331.770289,357.3994,357.36,356.0,357.36,356.0,2026-08-07 13:17:00,31
582.0,357.2511,357.5888,357.0,357.5888,357.0,2026-08-07 13:18:00,18
1496.0,358.0116,357.81,358.15,358.15,357.81,2026-08-07 13:19:00,58
5217.0,358.8905,358.21,359.3,359.3,358.21,2026-08-07 13:20:00,73
994.0,359.3844,359.5,359.3127,359.59,359.23,2026-08-07 13:21:00,55
1533.0,359.5873,359.61,359.3389,359.61,359.3389,2026-08-07 13:22:00,25
10459.693901,359.1338,359.32,359.76,359.76,358.99,2026-08-07 13:23:00,59
7157.169678,361.1865,359.58,362.5,362.5,359.58,2026-08-07 13:24:00,336
3027.0,361.3732,362.24,360.01,362.24,360.01,2026-08-07 13:25:00,161
1312.0,360.4295,360.0,360.5,361.0,360.0,2026-08-07 13:26:00,63
2282.1448,358.9719,360.5,358.22,360.5,357.85,2026-08-07 13:27:00,79
8513.2443,358.8708,358.33,358.0,360.15,357.8503,2026-08-07 13:28:00,177
6677.0,360.2769,358.94,358.85,360.15,358.85,2026-08-07 13:29:00,1561
261754.109133,358.3418,360.02,368.755,369.5,353.15,2026-08-07 13:30:00,3501
128632.969742,361.8888,369.5,361.68,369.5,356.955,2026-08-07 13:31:00,2276
61587.977635,364.9922,361.96,367.975,368.15,361.685,2026-08-07 13:32:00,1721
93171.841877,372.2069,368.17,373.54,374.33,368.17,2026-08-07 13:33:00,2848
71513.004388,371.7983,373.65,370.56,373.7982,369.0001,2026-08-07 13:34:00,1904
100384.461411,369.2632,370.99,372.465,373.0,366.1,2026-08-07 13:35:00,2527
64938.727165,369.3322,372.465,367.17,372.9348,366.0,2026-08-07 13:36:00,1739
49826.083017,366.7294,366.495,366.59,369.71,365.0397,2026-08-07 13:37:00,1478
37093.716523,369.205,366.89,369.76,370.88,366.865,2026-08-07 13:38:00,1098
49704.373885,370.5045,370.5,370.255,371.9846,369.02,2026-08-07 13:39:00,860
46883.198795,370.6563,369.86,371.17,371.7999,368.6,2026-08-07 13:40:00,1634
66790.59157,373.0296,371.28,375.0413,375.51,369.94,2026-08-07 13:41:00,1885
58748.238763,375.4257,375.15,377.0,377.0,374.501,2026-08-07 13:42:00,1437
84161.253343,379.1789,377.22,380.95,381.95,376.0,2026-08-07 13:43:00,2176
52430.214727,381.9046,381.32,382.63,382.9399,380.8965,2026-08-07 13:44:00,1659
74983.801414,381.4369,382.86,380.01,383.73,379.47,2026-08-07 13:45:00,1900
62445.930139,378.2929,380.13,378.795,380.83,376.43,2026-08-07 13:46:00,1536
68037.497099,377.8554,378.79,376.885,379.99,375.6305,2026-08-07 13:47:00,1584
47307.200678,376.3827,376.85,375.05,378.7,374.6,2026-08-07 13:48:00,1463
49310.553927,375.6427,374.6366,376.8,377.0,374.21,2026-08-07 13:49:00,1208
38318.399254,376.6442,376.65,377.52,378.0,375.525,2026-08-07 13:50:00,1199
30158.670751,377.6557,377.42,378.39,378.66,376.945,2026-08-07 13:51:00,1028
52301.073108,379.4234,378.27,379.24,380.22,378.26,2026-08-07 13:52:00,1469
35122.863774,378.1859,379.0,377.2,379.64,376.98,2026-08-07 13:53:00,1029
28843.298666,376.3296,376.85,376.1632,377.21,375.5775,2026-08-07 13:54:00,1011
32844.430577,375.7592,376.57,375.83,377.24,374.85,2026-08-07 13:55:00,1027
56132.465538,372.8187,375.74,372.09,375.87,371.22,2026-08-07 13:56:00,1473
105457.528818,372.1395,372.165,373.09,373.5,370.1901,2026-08-07 13:57:00,1595
36924.001671,373.9867,373.515,372.5,376.19,371.6601,2026-08-07 13:58:00,1006
25496.39124,373.0132,372.8686,374.1499,374.28,372.1001,2026-08-07 13:59:00,764
35734.284384,373.8226,373.2401,375.23,376.0,372.5,2026-08-07 14:00:00,909
20432.934579,373.8424,375.23,372.9,375.54,372.36,2026-08-07 14:01:00,812
76004.451702,372.0176,372.9,374.09,374.325,370.635,2026-08-07 14:02:00,2154
35829.812785,373.3934,374.3,374.03,374.3,372.65,2026-08-07 14:03:00,849
25690.42491,373.174,373.92,372.04,374.07,371.69,2026-08-07 14:04:00,968
38317.315963,372.7759,371.975,373.49,374.3499,371.56,2026-08-07 14:05:00,1197
21484.91715,373.3778,373.26,374.6,374.7,372.45,2026-08-07 14:06:00,724
30140.354423,374.079,374.9,374.155,375.33,373.09,2026-08-07 14:07:00,933
30472.715889,374.6204,374.47,374.34,376.52,373.02,2026-08-07 14:08:00,881
19154.672102,373.2016,374.32,372.94,375.15,372.26,2026-08-07 14:09:00,715
50967.786864,372.2327,372.81,372.185,373.55,371.45,2026-08-07 14:10:00,1136
97221.719898,370.7137,372.29,367.55,372.9999,367.37,2026-08-07 14:11:00,3347
98785.334921,365.0899,367.23,365.625,367.505,364.0,2026-08-07 14:12:00,1989
42013.718873,365.2658,365.62,365.57,365.97,364.37,2026-08-07 14:13:00,1073
52284.942393,365.9937,365.0201,366.18,366.9661,365.0,2026-08-07 14:14:00,1075
41973.721787,366.0026,366.2,368.24,368.24,364.78,2026-08-07 14:15:00,1153
48139.782718,368.9725,367.69,370.35,370.35,367.69,2026-08-07 14:16:00,842
42861.24681,371.8468,370.77,371.23,373.8373,370.42,2026-08-07 14:17:00,1105
26132.815917,372.7737,371.3403,375.4006,375.4006,370.92,2026-08-07 14:18:00,820
44739.350659,375.5351,375.31,376.945,377.1,374.77,2026-08-07 14:19:00,1105
30839.550898,376.1053,377.23,376.625,377.4,374.93,2026-08-07 14:20:00,822
28485.092609,376.6464,376.28,377.59,377.77,376.02,2026-08-07 14:21:00,689
43946.918522,376.0216,377.585,374.35,378.11,374.14,2026-08-07 14:22:00,1095
27521.87423,373.904,374.47,376.065,376.28,372.5,2026-08-07 14:23:00,839
44901.563119,375.6516,376.28,376.0,377.255,374.47,2026-08-07 14:24:00,754
56474.579472,380.0122,375.83,382.4,382.87,375.83,2026-08-07 14:25:00,1869
47934.78033,383.0166,382.585,383.41,383.72,382.3903,2026-08-07 14:26:00,1578
103668.79542,385.1569,383.4,386.75,386.75,383.1622,2026-08-07 14:27:00,2715
77300.464042,385.9715,386.75,385.23,386.7749,385.07,2026-08-07 14:28:00,1624
74207.220894,382.0314,385.07,379.755,385.09,379.6,2026-08-07 14:29:00,1725
34649.209487,378.617,380.14,377.56,380.19,376.86,2026-08-07 14:30:00,1017
37076.603783,376.9378,377.31,376.43,377.83,376.12,2026-08-07 14:31:00,806
27960.394672,375.8855,376.24,374.95,376.81,374.75,2026-08-07 14:32:00,728
24717.516912,375.1406,374.83,375.07,376.0,374.03,2026-08-07 14:33:00,587
36029.136194,372.7817,375.03,371.5,375.07,370.65,2026-08-07 14:34:00,1011
26401.033916,371.2336,371.505,371.3125,371.99,370.01,2026-08-07 14:35:00,761
35057.700968,371.6799,371.325,371.4616,372.81,370.524,2026-08-07 14:36:00,1078
21300.985829,372.1591,371.1614,372.1,373.7877,371.085,2026-08-07 14:37:00,600
28733.744513,372.4369,372.0,372.25,373.35,371.47,2026-08-07 14:38:00,588
63479.8406,369.4782,372.0,367.85,372.0,367.85,2026-08-07 14:39:00,1408
22380.255795,368.4715,367.59,370.54,370.54,367.02,2026-08-07 14:40:00,555
16588.424435,369.7886,370.62,368.92,371.0,368.9,2026-08-07 14:41:00,612
15910.333545,368.4617,368.99,368.645,369.5984,367.6,2026-08-07 14:42:00,524
39911.890679,367.4156,368.48,367.155,368.92,366.31,2026-08-07 14:43:00,793
28638.469088,366.7271,367.13,367.435,367.6699,365.872,2026-08-07 14:44:00,676
17490.475111,367.6809,367.67,367.975,368.66,366.84,2026-08-07 14:45:00,619
30385.726475,368.7185,367.98,369.845,370.03,367.41,2026-08-07 14:46:00,644
16377.952034,370.4039,369.715,371.29,371.505,369.715,2026-08-07 14:47:00,565
18329.207591,371.2633,371.295,371.2305,372.14,370.84,2026-08-07 14:48:00,547
14271.254631,370.7798,371.06,370.5,371.25,370.34,2026-08-07 14:49:00,435
23477.312399,371.6672,370.33,372.58,372.72,370.24,2026-08-07 14:50:00,615
38453.241555,371.5296,372.0,370.44,372.32,370.21,2026-08-07 14:51:00,654
31708.535419,368.8024,370.03,367.35,370.446,367.07,2026-08-07 14:52:00,701
17652.384556,367.4413,367.81,367.0,368.0311,366.85,2026-08-07 14:53:00,508
26088.545596,366.5953,366.58,366.35,367.34,365.86,2026-08-07 14:54:00,840
41582.993609,366.7673,366.61,367.45,367.8,366.0001,2026-08-07 14:55:00,825
19882.11662,367.739,367.67,367.505,368.524,366.98,2026-08-07 14:56:00,459
22938.029049,368.4719,367.4112,368.48,369.8299,367.17,2026-08-07 14:57:00,472
15560.260766,368.6458,368.48,368.2425,369.16,367.42,2026-08-07 14:58:00,501
10221.660239,368.0555,368.47,368.5,368.72,367.13,2026-08-07 14:59:00,423
20888.110378,368.9232,368.95,369.87,369.87,368.02,2026-08-07 15:00:00,683
18465.582625,369.5673,369.5225,369.505,370.15,369.12,2026-08-07 15:01:00,455
8655.817361,369.7209,369.505,370.33,370.54,369.2595,2026-08-07 15:02:00,316
16154.453674,370.0352,370.33,369.54,370.8,369.44,2026-08-07 15:03:00,509
19223.052516,370.5202,369.6601,371.495,371.495,369.6601,2026-08-07 15:04:00,540
29153.024491,372.0168,371.71,372.2,372.68,371.27,2026-08-07 15:05:00,717
17806.781122,373.7141,372.43,374.19,374.39,372.43,2026-08-07 15:06:00,645
35107.623244,374.5534,373.995,375.04,375.5,373.75,2026-08-07 15:07:00,816
21467.891795,375.0521,374.8,375.85,375.98,374.67,2026-08-07 15:08:00,859
49631.565147,375.6252,375.845,376.71,376.72,374.95,2026-08-07 15:09:00,880
30473.20152,376.9411,376.72,378.16,378.39,364.0399,2026-08-07 15:10:00,774
32115.810014,377.6238,378.0,376.945,378.2,376.81,2026-08-07 15:11:00,701
25204.205525,377.6501,376.945,377.385,378.49,376.8101,2026-08-07 15:12:00,580
18288.48931,376.2241,377.385,376.8,377.4345,375.0,2026-08-07 15:13:00,539
23943.814308,376.4196,376.725,375.56,377.1,375.52,2026-08-07 15:14:00,445
26535.589262,375.3818,375.71,375.235,376.21,374.99,2026-08-07 15:15:00,593
18594.619248,375.4287,375.235,375.92,376.285,374.95,2026-08-07 15:16:00,545
17509.233748,376.0272,375.93,376.25,376.5911,375.53,2026-08-07 15:17:00,659
13398.84137,376.9186,376.5187,377.13,377.54,376.23,2026-08-07 15:18:00,533
10235.414492,376.9932,377.23,377.1,377.3892,376.34,2026-08-07 15:19:00,593
26902.951847,377.6043,377.28,377.9941,378.335,376.83,2026-08-07 15:20:00,876
32755.758701,377.877,378.0825,378.1129,378.49,377.02,2026-08-07 15:21:00,613
16474.393672,378.8839,378.0,378.99,379.49,378.0,2026-08-07 15:22:00,449
13943.443669,379.2773,379.115,379.42,379.635,379.025,2026-08-07 15:23:00,440
15983.446328,379.616,379.385,379.625,379.99,379.14,2026-08-07 15:24:00,490
39075.019922,380.5037,379.685,381.68,381.715,379.685,2026-08-07 15:25:00,1086
19826.443607,381.7276,381.5415,381.37,382.15,381.11,2026-08-07 15:26:00,617
19629.876322,381.4158,381.37,381.4,381.92,380.75,2026-08-07 15:27:00,500
30573.881753,380.8495,381.415,380.445,381.43,380.1,2026-08-07 15:28:00,616
21903.298882,380.1591,380.545,380.22,380.67,379.25,2026-08-07 15:29:00,601
14157.496704,380.8456,380.32,380.6264,381.3,380.32,2026-08-07 15:30:00,435
18000.702476,381.1645,381.0576,380.71,381.72,380.71,2026-08-07 15:31:00,476
7407.82668,381.0135,380.91,380.915,381.33,380.7249,2026-08-07 15:32:00,279
11602.247623,380.41,380.83,380.57,380.9,379.86,2026-08-07 15:33:00,425
23508.077477,381.3063,380.7894,381.71,381.84,380.4053,2026-08-07 15:34:00,476
15775.777999,380.9685,381.89,380.985,381.89,380.31,2026-08-07 15:35:00,432
29968.535694,380.0999,380.81,379.62,380.9863,379.45,2026-08-07 15:36:00,601
18784.234614,380.1714,379.91,381.0,381.0,379.535,2026-08-07 15:37:00,519
15829.617002,380.1014,381.0,379.0,381.1,378.94,2026-08-07 15:38:00,473
11325.929118,379.6154,379.0,380.005,380.18,379.0,2026-08-07 15:39:00,312
11066.404862,380.5913,380.005,380.22,381.19,380.005,2026-08-07 15:40:00,406
18331.151598,379.8493,380.2101,379.5745,380.55,379.47,2026-08-07 15:41:00,451
8852.80584,379.5821,379.35,379.32,379.93,379.0,2026-08-07 15:42:00,307
11164.077865,378.9723,379.32,379.3992,379.3992,378.5,2026-08-07 15:43:00,358
13128.930808,380.0362,379.5,380.0099,380.65,379.44,2026-08-07 15:44:00,439
11978.200249,380.0013,380.05,380.36,380.57,379.33,2026-08-07 15:45:00,352
9885.399067,380.8497,380.18,381.045,381.4299,380.18,2026-08-07 15:46:00,380
13805.106601,380.2024,380.68,379.275,380.9499,379.22,2026-08-07 15:47:00,406
9044.682134,379.6829,379.24,379.715,379.98,379.24,2026-08-07 15:48:00,264
9587.886362,380.7382,379.715,381.4775,381.5,379.7,2026-08-07 15:49:00,327
7892.123829,381.3994,381.66,381.4158,381.6737,381.09,2026-08-07 15:50:00,313
33366.220731,382.2887,381.65,382.755,383.2002,381.3501,2026-08-07 15:51:00,919
19695.873799,382.7826,382.7887,382.94,383.1,382.45,2026-08-07 15:52:00,521
38844.494253,382.1178,382.98,381.845,382.98,381.37,2026-08-07 15:53:00,758
17468.753471,382.3922,381.845,382.21,382.77,381.845,2026-08-07 15:54:00,550
17140.300196,383.0301,382.5,383.29,383.49,382.23,2026-08-07 15:55:00,548
22902.022388,383.4105,383.285,383.89,384.14,382.87,2026-08-07 15:56:00,601
19204.384627,384.0007,383.89,384.085,384.45,383.42,2026-08-07 15:57:00,585
26113.783678,383.2687,384.045,383.395,384.08,382.8,2026-08-07 15:58:00,606
29074.112027,384.4541,383.16,385.61,385.62,383.16,2026-08-07 15:59:00,998
53423.144446,385.9921,385.655,386.03,386.88,385.22,2026-08-07 16:00:00,1487
18747.614839,386.0474,386.03,386.485,386.66,385.45,2026-08-07 16:01:00,547
46704.241699,386.5961,386.68,386.3899,387.0,385.87,2026-08-07 16:02:00,937
15277.144856,386.2897,386.15,386.395,386.6,385.83,2026-08-07 16:03:00,420
19502.138601,385.8146,386.64,386.045,386.64,385.36,2026-08-07 16:04:00,545
22385.982201,386.606,386.175,386.5634,387.04,385.83,2026-08-07 16:05:00,582
21628.779883,387.2931,386.9999,387.64,387.64,386.71,2026-08-07 16:06:00,591
13148.311726,386.9832,387.66,386.68,387.66,386.4,2026-08-07 16:07:00,412
53541.945796,387.5113,386.68,387.925,388.24,386.38,2026-08-07 16:08:00,1338
32193.247908,388.3106,388.1795,389.7099,389.83,386.85,2026-08-07 16:09:00,946
26576.844338,389.0353,389.72,388.57,389.89,388.031,2026-08-07 16:10:00,715
16239.693009,388.9088,388.0701,389.25,389.44,388.0701,2026-08-07 16:11:00,441
14962.627725,389.0842,389.05,389.3499,389.35,388.79,2026-08-07 16:12:00,587
84757.738188,387.3062,389.32,387.67,389.4,385.3,2026-08-07 16:13:00,1167
32313.470988,388.3632,387.56,387.505,389.15,387.22,2026-08-07 16:14:00,784
17972.818133,387.9483,387.505,388.22,388.64,387.4,2026-08-07 16:15:00,434
13408.364425,388.6919,388.38,388.56,389.08,388.19,2026-08-07 16:16:00,497
3193.792522,388.5135,388.2874,388.625,388.9,388.2874,2026-08-07 16:17:00,189
27685.989502,389.0659,388.625,389.1,389.59,388.11,2026-08-07 16:18:00,761
12834.956404,389.4729,389.08,389.86,389.96,388.99,2026-08-07 16:19:00,470
55936.491019,390.3659,389.88,391.31,391.355,389.835,2026-08-07 16:20:00,2223
27877.905872,390.3319,391.31,389.3858,391.365,389.0,2026-08-07 16:21:00,660
19115.569115,389.1298,389.42,389.5,389.58,388.5,2026-08-07 16:22:00,571
18991.790012,388.2221,389.51,387.345,389.85,386.92,2026-08-07 16:23:00,486
33892.155946,387.3114,387.345,386.95,387.6,386.51,2026-08-07 16:24:00,674
12995.524607,387.7078,387.02,388.095,388.47,386.57,2026-08-07 16:25:00,390
11891.170843,387.2918,388.105,386.75,388.46,386.6817,2026-08-07 16:26:00,388
12248.04104,386.3847,386.66,386.68,386.77,385.7401,2026-08-07 16:27:00,394
19130.131438,386.7528,386.79,387.44,387.44,386.37,2026-08-07 16:28:00,507
18080.290374,387.9023,387.29,387.35,388.5,387.2,2026-08-07 16:29:00,522
34571.764069,385.6095,387.67,384.51,388.08,384.3868,2026-08-07 16:30:00,948
26694.539053,384.8308,384.3,384.68,385.45,383.93,2026-08-07 16:31:00,706
25086.044237,384.4695,384.3,384.79,385.43,383.91,2026-08-07 16:32:00,515
9942.738272,385.2905,384.995,385.64,385.73,384.5,2026-08-07 16:33:00,391
11046.022642,386.0927,385.79,386.49,386.49,385.71,2026-08-07 16:34:00,364
13565.3915,385.5864,386.4995,385.41,386.4995,384.9206,2026-08-07 16:35:00,551
7235.438017,385.6244,385.39,385.11,386.0,385.01,2026-08-07 16:36:00,388
6227.754764,385.0814,385.3,384.84,385.4,384.69,2026-08-07 16:37:00,311
7647.661655,384.6373,384.75,384.8179,384.882,384.3,2026-08-07 16:38:00,315
13233.530859,385.6397,384.67,385.52,386.49,384.65,2026-08-07 16:39:00,480
10939.014637,385.9254,385.47,385.55,386.585,385.27,2026-08-07 16:40:00,357
6801.661527,385.848,385.57,385.625,386.14,385.41,2026-08-07 16:41:00,242
9393.042463,385.2614,385.555,385.06,385.7,384.85,2026-08-07 16:42:00,309
5835.244362,385.2295,385.06,385.195,385.48,384.69,2026-08-07 16:43:00,232
5790.604693,385.4811,385.2,385.66,385.66,384.9701,2026-08-07 16:44:00,261
9707.993409,385.9598,385.62,385.88,386.43,385.6,2026-08-07 16:45:00,341
20047.395155,386.2473,386.51,385.98,386.665,385.77,2026-08-07 16:46:00,310
8389.283074,385.9503,385.985,385.8,386.33,385.67,2026-08-07 16:47:00,271
8524.143401,386.0723,386.0,386.045,386.3,385.81,2026-08-07 16:48:00,266
13990.256353,386.6738,386.05,386.88,387.8,385.89,2026-08-07 16:49:00,454
14237.421045,387.1852,387.19,387.41,387.69,386.88,2026-08-07 16:50:00,358
10240.987147,386.7669,387.3788,385.75,387.5,385.75,2026-08-07 16:51:00,348
16626.22571,385.9447,385.645,385.815,386.25,385.47,2026-08-07 16:52:00,406
13110.464908,385.4797,385.8,385.32,385.8,385.0,2026-08-07 16:53:00,345
18463.913428,384.9127,385.48,384.085,385.5,384.0,2026-08-07 16:54:00,482
24070.278677,383.8972,384.17,384.08,384.29,383.5,2026-08-07 16:55:00,469
8324.964904,384.705,383.99,384.9,385.33,383.93,2026-08-07 16:56:00,326
6979.657619,385.0715,384.93,384.875,385.3,384.7,2026-08-07 16:57:00,215
11045.047036,384.5727,384.695,384.675,384.87,384.31,2026-08-07 16:58:00,288
5346.827182,384.7972,384.675,384.69,385.0,384.49,2026-08-07 16:59:00,245
8414.521255,384.3365,384.531,384.11,384.89,383.85,2026-08-07 17:00:00,284
6174.171372,384.4352,384.315,384.69,384.9999,384.01,2026-08-07 17:01:00,254
7922.924732,385.2177,384.77,385.31,385.66,384.595,2026-08-07 17:02:00,243
9354.89279,384.8856,385.31,384.225,385.62,384.16,2026-08-07 17:03:00,285
13038.117462,383.8521,384.01,383.85,384.24,383.39,2026-08-07 17:04:00,327
17883.35082,383.8479,383.7,383.905,384.09,383.2001,2026-08-07 17:05:00,426
11125.557483,383.9607,383.72,384.02,384.31,383.63,2026-08-07 17:06:00,307
14567.390921,384.5013,384.02,385.72,385.98,383.89,2026-08-07 17:07:00,349
12569.303053,386.041,385.735,386.51,386.52,385.59,2026-08-07 17:08:00,311
11798.823514,386.5869,386.42,386.635,386.99,386.07,2026-08-07 17:09:00,313
14752.692738,386.2467,386.685,386.26,386.685,385.8001,2026-08-07 17:10:00,346
6207.263769,386.2434,386.27,386.09,386.64,385.9207,2026-08-07 17:11:00,200
6462.769911,386.0445,386.05,385.41,386.35,385.4,2026-08-07 17:12:00,261
10365.209282,384.8069,385.34,384.235,385.37,384.13,2026-08-07 17:13:00,255
4372.425981,384.0536,384.46,383.32,384.46,383.31,2026-08-07 17:14:00,212
9800.397923,383.5503,383.3,383.3401,383.78,382.85,2026-08-07 17:15:00,284
6539.347877,384.1079,383.655,384.21,384.49,383.63,2026-08-07 17:16:00,264
2451.898972,384.3233,384.1651,384.16,384.24,383.73,2026-08-07 17:17:00,118
6065.826857,384.1406,384.14,384.16,384.39,383.81,2026-08-07 17:18:00,201
7343.551391,384.5129,384.36,384.58,384.73,384.21,2026-08-07 17:19:00,187
9902.920681,384.8686,384.4308,384.0,385.355,384.0,2026-08-07 17:20:00,291
44957.490184,383.1342,384.0,382.685,384.01,382.21,2026-08-07 17:21:00,597
5002.785815,383.2742,383.0,383.13,383.48,382.7101,2026-08-07 17:22:00,219
31298.633022,382.3161,383.16,381.765,383.16,381.616,2026-08-07 17:23:00,700
14898.163106,381.1888,381.77,380.52,381.91,380.52,2026-08-07 17:24:00,377
21027.162396,380.5975,380.52,380.5999,380.67,380.2,2026-08-07 17:25:00,595
37421.994462,380.1168,380.6,379.7,380.67,379.58,2026-08-07 17:26:00,943
35421.987163,378.872,379.655,378.51,379.655,378.39,2026-08-07 17:27:00,523
10693.624432,378.6252,378.39,379.28,379.28,378.11,2026-08-07 17:28:00,375
11674.457037,379.473,379.19,378.875,379.825,378.78,2026-08-07 17:29:00,310
5794.549929,378.8652,378.88,379.16,379.16,378.2,2026-08-07 17:30:00,276
10626.995401,378.875,378.955,378.86,379.16,378.55,2026-08-07 17:31:00,247
7434.614995,378.8542,378.85,378.16,379.18,378.01,2026-08-07 17:32:00,278
8560.442159,378.4364,378.25,379.1599,379.1599,377.79,2026-08-07 17:33:00,293
6922.401823,379.1732,379.24,379.11,379.5,378.6453,2026-08-07 17:34:00,215
13221.654825,379.0508,379.21,379.28,379.49,378.67,2026-08-07 17:35:00,285
30928.022521,378.866,379.48,378.6295,379.4994,378.342,2026-08-07 17:36:00,663
15881.151036,378.0932,378.61,377.5,378.705,377.42,2026-08-07 17:37:00,329
11899.093205,377.5727,377.5,377.73,377.92,377.17,2026-08-07 17:38:00,253
6044.729195,378.0876,377.72,378.22,378.36,377.552,2026-08-07 17:39:00,232
4234.762918,378.2773,378.27,377.73,378.64,377.582,2026-08-07 17:40:00,147
5389.661466,377.4974,377.6,377.4,377.61,377.15,2026-08-07 17:41:00,258
13979.132782,377.6903,377.61,377.93,378.16,377.34,2026-08-07 17:42:00,294
8703.878811,377.8554,378.1586,378.025,378.17,377.5,2026-08-07 17:43:00,260
4019.871807,377.8893,378.02,377.735,378.11,377.66,2026-08-07 17:44:00,160
11706.88894,377.7209,377.54,377.965,378.25,377.1901,2026-08-07 17:45:00,328
3952.839332,377.9134,377.83,377.735,378.12,377.68,2026-08-07 17:46:00,155
6806.974543,377.6215,377.79,377.2,378.0,377.2,2026-08-07 17:47:00,259
6321.289354,377.3387,377.41,377.43,377.64,377.09,2026-08-07 17:48:00,223
8647.919443,377.2213,377.1409,376.86,377.61,376.86,2026-08-07 17:49:00,228
7375.631266,377.2404,376.925,377.38,377.48,376.85,2026-08-07 17:50:00,276
8206.157813,377.0856,377.17,377.245,377.245,376.668,2026-08-07 17:51:00,247
8327.954789,377.3218,377.125,377.655,377.665,376.84,2026-08-07 17:52:00,285
5569.985658,377.5249,377.57,377.4775,377.76,377.24,2026-08-07 17:53:00,186
9322.492511,377.1812,377.29,377.685,377.685,376.93,2026-08-07 17:54:00,210
7303.774366,377.6779,377.69,377.76,377.84,377.57,2026-08-07 17:55:00,214
12380.986195,377.7561,377.74,377.2,378.06,377.2,2026-08-07 17:56:00,363
5701.385395,377.3555,377.16,377.625,377.625,377.16,2026-08-07 17:57:00,187
21376.996176,377.7837,377.74,377.43,378.04,377.36,2026-08-07 17:58:00,312
21216.007917,377.1205,377.255,376.82,377.446,376.37,2026-08-07 17:59:00,392
8414.462184,376.7012,376.6225,376.48,376.75,376.32,2026-08-07 18:00:00,321
8498.17049,376.6737,376.375,376.815,376.95,376.0,2026-08-07 18:01:00,243
10949.596529,376.6157,376.87,376.25,376.98,376.24,2026-08-07 18:02:00,244
8964.487857,376.3137,376.25,375.985,376.615,375.85,2026-08-07 18:03:00,303
19770.849483,374.8209,375.96,374.7197,376.25,374.14,2026-08-07 18:04:00,409
15910.032894,374.3446,374.57,374.18,374.57,373.89,2026-08-07 18:05:00,320
26879.567321,374.366,374.18,374.57,374.6605,373.92,2026-08-07 18:06:00,599
9798.370421,374.6914,374.29,375.24,375.41,374.03,2026-08-07 18:07:00,302
6067.939787,375.4728,375.24,375.46,375.9038,375.09,2026-08-07 18:08:00,242
2843.0978,375.5671,375.48,375.91,375.97,375.37,2026-08-07 18:09:00,135
10923.090416,375.7067,375.7751,375.785,376.19,375.64,2026-08-07 18:10:00,301
5730.39984,375.6207,375.785,375.39,375.88,375.39,2026-08-07 18:11:00,220
9745.567493,374.7669,375.5,374.5,375.5,374.0001,2026-08-07 18:12:00,244
14460.967029,373.6437,374.715,373.205,374.96,373.0,2026-08-07 18:13:00,251
20339.52078,373.2032,373.22,373.9795,373.9795,372.9005,2026-08-07 18:14:00,481
6985.436162,374.0754,373.97,374.51,374.5199,373.5201,2026-08-07 18:15:00,288
6387.403694,374.6977,374.52,375.01,375.2,374.2262,2026-08-07 18:16:00,218
3241.38701,374.9309,374.8,375.24,375.4,374.78,2026-08-07 18:17:00,167
7411.124123,375.4159,375.1,375.69,375.87,375.1,2026-08-07 18:18:00,236
6198.27268,375.6085,375.87,375.47,375.87,375.36,2026-08-07 18:19:00,200
6401.917128,375.6425,375.53,375.625,375.84,375.35,2026-08-07 18:20:00,164
3418.317111,375.6165,375.63,375.69,375.84,375.55,2026-08-07 18:21:00,136
9853.34597,376.3021,375.69,376.725,376.725,375.69,2026-08-07 18:22:00,232
10904.380415,376.7179,376.725,376.745,376.9899,376.5,2026-08-07 18:23:00,231
8048.240878,376.5591,376.745,376.58,376.8852,376.34,2026-08-07 18:24:00,218
9918.728907,376.6398,376.59,376.85,376.85,376.42,2026-08-07 18:25:00,255
7213.870431,376.7947,376.76,376.495,376.86,376.495,2026-08-07 18:26:00,208
10229.285088,376.4647,376.44,376.47,376.8536,376.2201,2026-08-07 18:27:00,296
7366.847859,376.2548,376.46,376.2,376.62,375.845,2026-08-07 18:28:00,236
4899.826542,376.14,376.38,376.11,376.38,375.83,2026-08-07 18:29:00,160
6252.636921,376.0874,376.0774,376.03,376.22,375.77,2026-08-07 18:30:00,211
5263.929411,376.3388,375.87,376.41,376.53,375.86,2026-08-07 18:31:00,243
4359.88295,376.3017,376.23,376.17,376.4,376.02,2026-08-07 18:32:00,152
10124.703176,377.111,376.16,377.775,378.08,376.125,2026-08-07 18:33:00,363
5933.1979,376.895,377.83,376.9474,377.88,376.01,2026-08-07 18:34:00,188
18043.60058,376.6148,376.67,376.34,377.12,376.215,2026-08-07 18:35:00,427
2587.792581,376.5398,376.27,376.43,376.6799,376.1,2026-08-07 18:36:00,123
6351.141313,376.7897,376.43,376.97,376.99,376.43,2026-08-07 18:37:00,204
3867.16674,376.6592,376.9,376.11,376.91,376.11,2026-08-07 18:38:00,217
7727.53475,376.059,376.23,376.59,376.6,375.264,2026-08-07 18:39:00,286
3868.911451,376.7307,376.55,376.95,376.95,376.23,2026-08-07 18:40:00,149
9836.880406,376.6636,376.58,376.845,376.95,376.53,2026-08-07 18:41:00,268
7889.553039,376.6681,376.7307,376.345,376.845,376.32,2026-08-07 18:42:00,243
6180.016346,376.2269,376.3451,376.295,376.4704,375.93,2026-08-07 18:43:00,143
11560.516752,376.3084,376.295,376.41,376.61,376.0,2026-08-07 18:44:00,266
6576.136407,376.8889,376.475,376.93,377.24,376.45,2026-08-07 18:45:00,243
9581.047128,376.9205,376.93,376.8395,377.1,376.68,2026-08-07 18:46:00,190
7591.555367,376.851,376.83,376.89,377.09,376.56,2026-08-07 18:47:00,216
4931.5885,377.1425,377.09,376.975,377.35,376.81,2026-08-07 18:48:00,213
4433.81528,377.2694,377.04,377.28,377.47,377.04,2026-08-07 18:49:00,186
4613.137366,377.2918,377.28,377.4535,377.53,377.17,2026-08-07 18:50:00,171
6089.713327,377.4756,377.23,377.435,377.56,377.23,2026-08-07 18:51:00,170
9908.98376,376.8202,377.36,376.505,377.37,376.45,2026-08-07 18:52:00,262
6576.764316,376.6441,376.57,376.7,376.74,376.405,2026-08-07 18:53:00,231
6534.527572,376.378,376.64,376.165,376.77,375.8501,2026-08-07 18:54:00,241
4325.008289,376.0747,376.205,375.635,376.205,375.58,2026-08-07 18:55:00,220
4811.736116,375.6422,375.63,375.42,375.89,375.24,2026-08-07 18:56:00,210
13317.754802,375.8092,375.42,376.405,376.405,375.42,2026-08-07 18:57:00,318
6254.588379,376.8041,376.78,376.925,377.23,376.6901,2026-08-07 18:58:00,202
7656.688191,377.3433,376.925,377.386,377.69,376.925,2026-08-07 18:59:00,322
7279.648783,377.6325,377.79,377.805,377.93,377.47,2026-08-07 19:00:00,264
19451.092003,378.2908,377.805,378.41,378.91,377.725,2026-08-07 19:01:00,495
11763.525763,378.3723,378.4,378.26,378.63,378.2,2026-08-07 19:02:00,352
7026.86228,378.0466,378.25,377.87,378.28,377.72,2026-08-07 19:03:00,243
10826.155074,377.8734,377.71,377.645,378.35,377.52,2026-08-07 19:04:00,324
10127.113087,378.0453,377.51,378.81,379.0,377.41,2026-08-07 19:05:00,360
17261.79635,379.5021,378.97,379.55,379.8122,378.97,2026-08-07 19:06:00,472
10511.466782,379.8578,379.54,379.945,380.15,379.455,2026-08-07 19:07:00,370
17050.938048,380.1045,380.395,380.035,380.6,379.8501,2026-08-07 19:08:00,327
14169.922716,379.6488,379.92,380.105,380.38,379.18,2026-08-07 19:09:00,339
13011.966431,380.3222,380.11,380.39,380.6,379.9,2026-08-07 19:10:00,378
20937.796188,380.0334,380.2,379.5,380.39,379.5,2026-08-07 19:11:00,483
9745.85054,380.0735,379.695,379.965,380.39,379.695,2026-08-07 19:12:00,326
6639.541182,380.0439,379.965,379.84,380.3,379.8,2026-08-07 19:13:00,236
14514.54483,379.8618,379.825,379.12,380.22,379.11,2026-08-07 19:14:00,412
10700.002186,379.639,379.22,379.89,379.95,379.135,2026-08-07 19:15:00,300
9343.53175,379.2448,379.87,379.05,379.9562,378.64,2026-08-07 19:16:00,379
7693.882903,378.4669,379.0,377.98,379.0,377.83,2026-08-07 19:17:00,296
11766.195096,378.1012,377.915,378.79,378.79,377.645,2026-08-07 19:18:00,307
12325.207305,378.8535,378.84,378.56,379.13,378.4601,2026-08-07 19:19:00,348
10559.319236,378.7061,378.65,379.0,379.0,378.4204,2026-08-07 19:20:00,365
10236.022369,378.8197,378.8208,378.19,379.25,378.14,2026-08-07 19:21:00,350
8793.246108,378.3884,378.26,378.44,378.57,378.025,2026-08-07 19:22:00,302
11438.992348,378.5688,378.34,378.67,378.7,378.33,2026-08-07 19:23:00,301
18051.148338,378.5982,378.64,378.41,379.09,378.24,2026-08-07 19:24:00,449
11179.6821,378.179,378.5,378.2199,378.5,377.91,2026-08-07 19:25:00,341
7746.040818,378.2578,378.2,378.4258,378.4258,378.01,2026-08-07 19:26:00,262
14738.546407,378.1529,378.325,378.32,378.6346,377.96,2026-08-07 19:27:00,325
12327.151377,378.8412,378.4,379.065,379.29,378.4,2026-08-07 19:28:00,399
17668.897332,379.0206,379.3206,378.93,379.3206,378.74,2026-08-07 19:29:00,358
21434.355312,378.2109,379.22,378.43,379.22,377.79,2026-08-07 19:30:00,632
6853.41097,378.459,378.28,378.49,378.55,378.23,2026-08-07 19:31:00,273
8783.589768,377.9173,378.495,377.7,378.495,377.52,2026-08-07 19:32:00,382
22148.660853,377.0878,377.57,376.985,377.65,376.51,2026-08-07 19:33:00,663
11599.443862,376.8947,376.955,376.745,376.955,376.6,2026-08-07 19:34:00,475
19742.35264,376.7296,376.84,376.88,377.07,376.33,2026-08-07 19:35:00,599
9992.207572,376.4537,376.66,376.435,376.7075,376.0474,2026-08-07 19:36:00,406
8444.284204,376.5019,376.35,377.0,377.0,376.0922,2026-08-07 19:37:00,347
10105.990353,377.1976,376.69,377.54,377.71,376.69,2026-08-07 19:38:00,363
12268.618059,377.6959,377.44,377.58,378.12,377.395,2026-08-07 19:39:00,445
9917.464367,377.2437,377.635,376.575,377.65,376.575,2026-08-07 19:40:00,334
11141.115268,376.8514,376.415,376.75,377.0855,376.415,2026-08-07 19:41:00,372
14762.275153,376.8107,376.67,376.92,377.15,376.57,2026-08-07 19:42:00,443
9567.040543,376.782,377.125,376.12,377.16,376.01,2026-08-07 19:43:00,288
17493.755835,376.081,376.01,375.42,376.41,375.42,2026-08-07 19:44:00,492
21064.394195,375.8627,375.55,375.935,376.1,375.3201,2026-08-07 19:45:00,543
15279.712922,376.0281,376.06,376.29,376.52,375.67,2026-08-07 19:46:00,467
11449.482857,376.0949,376.2,376.395,376.47,375.83,2026-08-07 19:47:00,377
11340.446924,376.1592,376.31,376.045,376.3714,375.93,2026-08-07 19:48:00,358
21399.407555,375.9517,376.045,375.79,376.325,375.39,2026-08-07 19:49:00,624
29640.277846,375.7175,375.82,375.7,376.21,375.12,2026-08-07 19:50:00,834
23319.567114,376.1597,375.795,376.3,376.5008,375.71,2026-08-07 19:51:00,710
18437.406593,376.1441,376.195,376.075,376.49,375.92,2026-08-07 19:52:00,669
38876.92224,376.4316,376.17,376.415,376.955,375.99,2026-08-07 19:53:00,1052
27455.703256,376.6812,376.415,377.17,377.26,376.35,2026-08-07 19:54:00,925
51727.59865,376.7305,377.03,376.5,377.33,376.27,2026-08-07 19:55:00,1471
52400.315192,376.6292,376.42,377.52,377.6499,376.03,2026-08-07 19:56:00,1554
60267.914321,377.404,377.415,377.315,377.75,377.16,2026-08-07 19:57:00,1706
125140.957291,377.9545,377.3025,378.1,378.69,377.2,2026-08-07 19:58:00,2960
114350.924236,378.5141,377.98,379.05,379.16,377.83,2026-08-07 19:59:00,3130
3191.599595,379.2171,379.13,379.5,379.65,379.13,2026-08-07 20:00:00,88
1771.039936,379.4149,379.38,379.4,379.4,379.38,2026-08-07 20:01:00,34
5624.764461,380.3702,379.45,381.15,381.15,379.45,2026-08-07 20:02:00,162
752.0,380.5875,380.865,380.9,380.9,380.0,2026-08-07 20:03:00,33
409.16694,380.7947,379.9202,381.0,381.0,379.9202,2026-08-07 20:04:00,32
432.033721,380.1568,380.1,380.63,380.63,379.72,2026-08-07 20:06:00,19
206.973,381.5948,379.44,380.0,380.0,379.44,2026-08-07 20:08:00,17
520.0,379.8619,380.4,380.4,380.4,380.4,2026-08-07 20:09:00,14
187.969587,381.3644,379.2941,379.2648,379.2941,379.2648,2026-08-07 20:10:00,21
101.0,379.55,379.55,379.55,379.55,379.55,2026-08-07 20:12:00,3
138.0,379.13,379.13,379.13,379.13,379.13,2026-08-07 20:14:00,3
2313.725703,379.2621,379.2,379.5,379.5,379.0,2026-08-07 20:15:00,51
436.0,379.1394,379.5,379.0,379.5,379.0,2026-08-07 20:16:00,19
655.0,379.1994,379.0,379.5,379.5,379.0,2026-08-07 20:17:00,41
436.0,379.2582,379.07,379.8422,379.8422,379.07,2026-08-07 20:19:00,9
376.0,379.577,379.71,379.5,379.71,379.5,2026-08-07 20:21:00,6
206.0,379.693,379.6932,379.6932,379.6932,379.6932,2026-08-07 20:26:00,3
89.0,379.9663,379.99,379.99,379.99,379.99,2026-08-07 20:29:00,5
69.0,379.752,379.75,379.75,379.75,379.75,2026-08-07 20:30:00,4
298.0,379.9694,379.99,380.0,380.0,379.99,2026-08-07 20:35:00,17
167.0,380.0336,380.0694,380.0,380.0694,380.0,2026-08-07 20:36:00,8
377.0,379.2723,379.13,379.13,379.13,379.13,2026-08-07 20:42:00,5
509.0,380.3007,380.31,380.3,380.31,380.3,2026-08-07 20:44:00,9
422.0,380.2353,380.32,380.49,380.49,380.06,2026-08-07 20:46:00,20
87.0,380.0353,380.02,380.02,380.02,380.02,2026-08-07 20:48:00,7
240.0,380.2129,380.22,380.19,380.22,380.19,2026-08-07 20:52:00,7
1210.0,380.0017,380.0008,380.0008,380.0008,380.0008,2026-08-07 20:53:00,4
155.0,380.2529,380.19,380.39,380.39,380.19,2026-08-07 20:54:00,3
722.0,380.212,380.34,380.49,380.49,380.0,2026-08-07 20:55:00,14
193.0,380.3935,380.4357,380.4357,380.4357,380.4357,2026-08-07 20:56:00,9
887.0,380.1165,380.17,380.0,380.17,380.0,2026-08-07 20:57:00,20
236.0,380.1182,380.1,380.0,380.25,380.0,2026-08-07 20:58:00,9
293.0,380.0141,380.0,380.0,380.0,380.0,2026-08-07 21:00:00,15
445.0,379.8034,379.8,379.8,379.8,379.8,2026-08-07 21:01:00,8
340.0,379.1328,379.1,379.1,379.1,379.1,2026-08-07 21:02:00,7
184.0,379.2643,379.16,379.16,379.16,379.16,2026-08-07 21:05:00,12
60.0,379.6783,379.7,379.7,379.7,379.7,2026-08-07 21:10:00,5
176.0,379.1546,379.126,379.126,379.126,379.126,2026-08-07 21:12:00,4
166.0,379.6604,379.56,379.7081,379.7081,379.56,2026-08-07 21:14:00,4
126.0,379.2549,379.1932,379.1932,379.1932,379.1932,2026-08-07 21:15:00,6
503.0,379.0863,379.2,379.0,379.2,379.0,2026-08-07 21:22:00,17
172.0,379.1351,379.15,379.15,379.15,379.15,2026-08-07 21:24:00,8
84.0,378.8504,378.85,378.85,378.85,378.85,2026-08-07 21:25:00,4
574.0,379.1507,379.02,379.27,379.27,379.02,2026-08-07 21:26:00,40
51.0,379.0953,379.1,379.1,379.1,379.1,2026-08-07 21:29:00,6
106.0,379.4809,379.5,379.5,379.5,379.5,2026-08-07 21:33:00,4
230.0,379.2152,379.14,379.14,379.14,379.14,2026-08-07 21:37:00,8
156.0,379.1622,379.2,379.14,379.2,379.14,2026-08-07 21:40:00,12
519.0,379.4779,379.14,379.5,379.53,379.14,2026-08-07 21:42:00,18
267.0,378.6392,379.04,378.53,379.04,378.52,2026-08-07 21:45:00,14
70.0,379.0141,378.87,378.87,378.87,378.87,2026-08-07 21:49:00,8
57.0,379.7388,379.77,379.77,379.77,379.77,2026-08-07 21:53:00,4
1539.043768,379.7799,379.66,379.9,379.9,379.61,2026-08-07 21:54:00,60
219.0,379.6931,379.7,379.7,379.7,379.7,2026-08-07 21:56:00,7
74.0,379.6896,379.63,379.63,379.63,379.63,2026-08-07 21:57:00,5
260.0,379.6605,379.66,379.66,379.66,379.66,2026-08-07 21:58:00,13
204.0,379.6829,379.62,379.62,379.62,379.62,2026-08-07 21:59:00,11
4825.0,379.6312,379.62,380.15,380.15,379.62,2026-08-07 22:00:00,7
93.0,378.952,379.0,379.0,379.0,379.0,2026-08-07 22:03:00,6
67.0,379.7159,379.82,379.82,379.82,379.82,2026-08-07 22:05:00,10
217.0,379.151,379.9243,378.83,379.9243,378.83,2026-08-07 22:12:00,8
119.0,379.4076,379.5,379.5,379.5,379.5,2026-08-07 22:15:00,3
128.0,379.1671,379.0,379.0,379.0,379.0,2026-08-07 22:16:00,7
68.0,379.45,379.5,379.5,379.5,379.5,2026-08-07 22:21:00,4
123.0,379.2769,379.5,378.8125,379.5,378.8125,2026-08-07 22:22:00,4
488.0,379.6963,379.7,379.7,379.7,379.7,2026-08-07 22:29:00,12
231.0,379.6103,379.71,379.51,379.71,379.51,2026-08-07 22:41:00,9
317.0,379.9987,380.0,380.0,380.0,380.0,2026-08-07 22:42:00,6
131.0,380.0985,380.15,380.15,380.15,380.15,2026-08-07 22:43:00,9
1139.0,380.3002,380.3,380.3,380.3,380.3,2026-08-07 22:47:00,5
76.0,380.2033,380.29,380.29,380.29,380.29,2026-08-07 22:49:00,3
351.0,380.0152,380.0,380.0,380.0,380.0,2026-08-07 22:55:00,6
131.0,380.1813,380.3,380.3,380.3,380.3,2026-08-07 22:56:00,7
65.0,380.2092,380.25,380.25,380.25,380.25,2026-08-07 22:59:00,3
71.0,380.1654,380.22,380.22,380.22,380.22,2026-08-07 23:00:00,9
389.0,380.021,380.0,380.0,380.1729,380.0,2026-08-07 23:02:00,12
65.0,379.8898,380.0,380.0,380.0,380.0,2026-08-07 23:04:00,5
128.0,379.8038,379.53,380.0855,380.0855,379.53,2026-08-07 23:08:00,6
83.0,379.5859,379.55,379.55,379.55,379.55,2026-08-07 23:10:00,4
133.0,380.1744,380.27,380.27,380.27,380.27,2026-08-07 23:13:00,8
143.0,379.9996,380.0,380.0,380.0,380.0,2026-08-07 23:19:00,9
177.0,380.1967,380.2,380.2,380.2,380.2,2026-08-07 23:21:00,10
152.0,380.2196,380.24,380.24,380.24,380.24,2026-08-07 23:23:00,10
1358.0,380.2463,380.24,380.25,380.25,380.24,2026-08-07 23:24:00,25
63.0,380.3182,380.33,380.33,380.33,380.33,2026-08-07 23:25:00,4
555.0,380.2813,380.2789,380.2789,380.2789,380.2789,2026-08-07 23:26:00,5
1100.0,379.9928,380.0,380.0,380.0,380.0,2026-08-07 23:27:00,22
114.0,379.938,379.9,379.9,379.9,379.9,2026-08-07 23:28:00,11
1076.0,380.2213,380.17,380.28,380.28,380.17,2026-08-07 23:30:00,10
351.0,380.2747,380.2791,380.2791,380.2791,380.2791,2026-08-07 23:31:00,4
1627.0,380.2589,380.25,380.25,380.28,380.2375,2026-08-07 23:33:00,10
470.165224,380.3828,380.2389,380.2501,380.2501,380.2389,2026-08-07 23:34:00,8
1634.0,380.3161,380.28,380.49,380.49,380.28,2026-08-07 23:35:00,30
196.0,380.5893,380.605,380.58,380.605,380.58,2026-08-07 23:37:00,16
114.0,380.3109,380.34,380.34,380.34,380.34,2026-08-07 23:38:00,8
81.0,380.3551,380.34,380.34,380.34,380.34,2026-08-07 23:39:00,9
199.0,380.2433,380.25,380.2123,380.25,380.2123,2026-08-07 23:43:00,7
739.0,380.2802,380.25,380.38,380.38,380.25,2026-08-07 23:46:00,55
937.0,380.2869,380.25,380.3,380.38,380.25,2026-08-07 23:47:00,25
131.0,380.435,380.5,380.5,380.5,380.5,2026-08-07 23:48:00,5
202.0,380.4994,380.5,380.5,380.5,380.5,2026-08-07 23:50:00,6
816.0,380.6589,380.5,380.99,380.99,380.5,2026-08-07 23:52:00,24
248.0,380.6543,380.6,380.6,380.6,380.6,2026-08-07 23:53:00,9
217.0,380.9914,381.0,381.0,381.0,381.0,2026-08-07 23:54:00,10
476.002899,381.411,381.0398,381.15,381.15,381.0398,2026-08-07 23:55:00,31
373.353777,382.2203,381.852,381.8,381.8934,381.8,2026-08-07 23:57:00,18
755.0,382.6739,381.96,383.09,383.09,381.96,2026-08-07 23:58:00,24
1225.0,383.5156,382.93,384.0,384.0,382.93,2026-08-07 23:59:00,35
7413.029113,391.4129,394.0,393.4,394.5,385.5,2026-08-10 08:00:00,560
29905.778549,389.8443,392.99,392.94,393.73,385.49,2026-08-10 08:01:00,1079
21107.028272,391.9353,391.67,391.74,394.5,386.64,2026-08-10 08:02:00,1023
2816.556911,394.9588,393.3,395.01,396.0,393.06,2026-08-10 08:03:00,153
2111.683686,395.7518,396.0,395.81,396.0,395.1,2026-08-10 08:04:00,106
2573.04874,395.3629,395.4,395.65,395.77,395.0,2026-08-10 08:05:00,92
1572.0,392.9876,394.85,393.68,394.85,393.57,2026-08-10 08:06:00,77
522.380686,393.7333,392.86,393.34,394.0,392.86,2026-08-10 08:07:00,21
3079.645781,393.6761,393.2,394.0,394.0,392.85,2026-08-10 08:08:00,93
855.0,393.463,393.864,393.08,393.864,392.82,2026-08-10 08:09:00,32
357.0,392.9401,392.82,392.82,392.82,392.82,2026-08-10 08:10:00,27
654.0,392.5716,392.23,393.88,393.88,392.12,2026-08-10 08:11:00,30
538.329169,393.6193,393.0,393.68,393.87,393.0,2026-08-10 08:12:00,22
1255.0,393.7876,393.88,393.17,395.15,393.17,2026-08-10 08:13:00,43
473.0,393.5998,393.5,393.94,394.0,393.5,2026-08-10 08:14:00,33
596.0,393.3579,393.22,393.5,393.5,393.08,2026-08-10 08:15:00,34
752.0,393.3165,393.2,394.4051,394.4051,393.0,2026-08-10 08:16:00,39
526.0,393.4128,393.92,393.93,393.93,392.87,2026-08-10 08:17:00,39
1244.0,393.2139,392.86,392.92,393.47,392.86,2026-08-10 08:18:00,63
483.0,393.369,393.78,393.1,393.78,393.08,2026-08-10 08:19:00,30
2162.0,392.4353,393.0,392.0,393.0,392.0,2026-08-10 08:20:00,75
1865.07707,391.9557,392.0,391.94,392.0,391.82,2026-08-10 08:21:00,27
456.003585,391.9786,391.99,392.0,392.0,391.99,2026-08-10 08:22:00,17
1801.0,392.2274,392.2,392.2,392.21,392.2,2026-08-10 08:24:00,29
599.0,392.4718,392.41,392.41,392.41,392.41,2026-08-10 08:25:00,13
172.653291,392.727,392.8549,392.8549,392.8549,392.8549,2026-08-10 08:26:00,15
229.756086,392.376,392.32,392.31,392.32,392.31,2026-08-10 08:27:00,9
252.0,392.7728,392.89,392.89,392.89,392.89,2026-08-10 08:29:00,11
676.94359,392.6278,392.57,392.03,392.8628,392.03,2026-08-10 08:30:00,23
738.0,391.964,391.94,392.2716,392.2716,391.94,2026-08-10 08:31:00,27
230.0,391.6517,391.22,391.22,391.22,391.22,2026-08-10 08:32:00,19
162.0,392.205,392.0,392.0,392.0,392.0,2026-08-10 08:34:00,11
234.0,392.6787,392.49,393.0,393.0,392.49,2026-08-10 08:35:00,18
125.0,392.6333,392.56,392.56,392.56,392.56,2026-08-10 08:36:00,11
357.00392,392.6853,392.55,392.88,392.88,392.55,2026-08-10 08:38:00,18
81.0,392.3559,392.22,392.22,392.22,392.22,2026-08-10 08:40:00,10
566.0,391.2213,391.01,391.22,391.36,391.01,2026-08-10 08:42:00,19
258.0,391.5175,391.1109,391.1109,391.1109,391.1109,2026-08-10 08:43:00,37
2759.0,391.0146,391.01,391.01,391.01,391.01,2026-08-10 08:44:00,2
707.0,391.0423,391.01,391.0,391.01,391.0,2026-08-10 08:46:00,40
117.0,391.8006,391.84,391.84,391.84,391.84,2026-08-10 08:47:00,6
343.0,391.5914,391.53,391.53,391.53,391.53,2026-08-10 08:49:00,47
1502.0,391.0735,391.39,391.02,391.39,390.85,2026-08-10 08:50:00,58
985.0,390.5229,390.76,390.75,390.76,390.4,2026-08-10 08:51:00,19
291.670326,390.8575,390.25,391.0,391.0,390.25,2026-08-10 08:52:00,13
302.0,390.5005,390.4272,390.58,390.58,390.07,2026-08-10 08:53:00,26
455.0,390.7007,390.8,390.82,390.82,390.8,2026-08-10 08:54:00,23
3225.0,390.7335,390.54,390.58,391.06,390.54,2026-08-10 08:55:00,40
673.275398,391.2796,390.45,391.62,391.62,390.45,2026-08-10 08:57:00,18
260.0,390.6617,390.6,390.6,390.6,390.6,2026-08-10 08:59:00,35
324.0,390.8552,390.95,391.1,391.1,390.95,2026-08-10 09:00:00,17
174.0,390.9881,390.89,391.07,391.07,390.89,2026-08-10 09:01:00,8
139.0,390.9296,391.3771,390.2292,391.3771,390.2292,2026-08-10 09:02:00,6
4839.024475,390.0327,390.2,390.172,390.2,390.0,2026-08-10 09:03:00,94
5422.0529,389.9291,390.0,388.85,390.0,388.85,2026-08-10 09:11:00,133
1288.5152,389.4137,389.08,389.6,389.6,389.08,2026-08-10 09:13:00,108
222.0,389.0717,389.09,389.09,389.09,389.09,2026-08-10 09:14:00,16
858.0,388.8339,389.12,389.0,389.12,388.39,2026-08-10 09:15:00,32
412.0,389.0465,389.68,388.79,389.68,388.79,2026-08-10 09:16:00,39
113.0,389.3134,389.46,389.46,389.46,389.46,2026-08-10 09:17:00,9
155.0,389.5938,389.63,389.63,389.63,389.63,2026-08-10 09:21:00,14
468.0,390.0006,389.92,390.15,390.15,389.92,2026-08-10 09:23:00,31
405.0,390.8979,390.88,390.92,390.92,390.88,2026-08-10 09:24:00,11
139.0,390.8506,390.95,390.95,390.95,390.95,2026-08-10 09:27:00,8
270.0,390.6506,390.86,390.5,390.86,390.5,2026-08-10 09:28:00,8
291.0,390.1569,390.11,390.14,390.14,390.11,2026-08-10 09:29:00,14
248.0,389.9763,390.0,390.0,390.0,390.0,2026-08-10 09:31:00,17
186.0,390.5587,390.84,390.84,390.84,390.84,2026-08-10 09:32:00,9
83.0,389.9974,390.0,390.0,390.0,390.0,2026-08-10 09:34:00,11
5883.009928,388.7617,389.71,388.5011,389.96,388.5011,2026-08-10 09:36:00,78
96.242245,388.7906,388.79,388.79,388.79,388.79,2026-08-10 09:39:00,10
292.0,388.8799,388.92,388.92,388.92,388.92,2026-08-10 09:40:00,29
507.00273,388.8159,388.8,388.84,388.84,388.8,2026-08-10 09:42:00,21
709.970703,388.4963,388.2,388.74,388.75,388.2,2026-08-10 09:43:00,44
1673.7617,387.9455,388.5,388.1,388.5,387.85,2026-08-10 09:45:00,75
151.0,387.7076,387.93,387.93,387.93,387.93,2026-08-10 09:47:00,10
1239.0,387.8775,387.99,387.99,387.99,387.46,2026-08-10 09:48:00,18
9488.0,387.9984,387.9,388.0,388.0,387.9,2026-08-10 09:49:00,28
91.0,388.7803,388.873,388.873,388.873,388.873,2026-08-10 09:51:00,7
473.0,388.1549,388.06,388.02,388.1,388.02,2026-08-10 09:52:00,16
263.0,388.3327,388.0,388.5728,388.5728,388.0,2026-08-10 09:53:00,12
83.0,388.5383,388.5818,388.5818,388.5818,388.5818,2026-08-10 09:58:00,9
234.0,388.4185,388.5503,388.5503,388.5503,388.5503,2026-08-10 10:00:00,19
493.0045,388.5402,387.93,388.5,388.87,387.93,2026-08-10 10:03:00,16
159.0,388.6394,388.66,388.66,388.66,388.66,2026-08-10 10:06:00,16
222.257291,388.0877,388.07,388.07,388.07,388.07,2026-08-10 10:10:00,26
267.0,388.036,387.97,387.55,388.86,387.55,2026-08-10 10:11:00,15
189.0,387.4006,387.36,387.36,387.36,387.36,2026-08-10 10:12:00,12
98.0,387.8591,388.1994,388.1994,388.1994,388.1994,2026-08-10 10:14:00,10
1118.0,387.1057,387.2,386.85,387.2,386.85,2026-08-10 10:15:00,71
258.0,386.9972,386.99,387.0,387.0,386.99,2026-08-10 10:16:00,17
361.0,387.0102,386.65,387.44,387.44,386.65,2026-08-10 10:17:00,24
375.0,387.7765,387.55,387.8,388.15,387.33,2026-08-10 10:19:00,17
558.0,388.8015,388.85,388.88,388.88,388.85,2026-08-10 10:22:00,34
295.0,388.9613,389.0,389.0,389.0,389.0,2026-08-10 10:23:00,14
487.0,389.0178,389.0,389.15,389.15,389.0,2026-08-10 10:24:00,21
244.0,388.9296,388.4464,390.15,390.15,388.4464,2026-08-10 10:26:00,9
254.0,388.6863,388.52,388.51,388.52,388.51,2026-08-10 10:27:00,12
124.0,388.7718,388.7,388.7,388.7,388.7,2026-08-10 10:28:00,17
398.0,388.8744,388.88,388.5,389.07,388.5,2026-08-10 10:31:00,16
800.634542,388.4798,389.09,388.01,389.09,388.0,2026-08-10 10:33:00,31
59.0,388.8032,388.89,388.89,388.89,388.89,2026-08-10 10:35:00,7
429.0,388.1091,388.048,388.1,388.1,388.048,2026-08-10 10:36:00,11
163.0,388.0886,388.0,388.0,388.0,388.0,2026-08-10 10:37:00,14
89.0,388.4821,388.5,388.5,388.5,388.5,2026-08-10 10:38:00,5
125.4,388.1121,388.13,388.13,388.13,388.13,2026-08-10 10:39:00,10
537.46,387.7413,388.0,387.24,388.0,387.24,2026-08-10 10:40:00,37
107.0,387.5628,387.43,387.6727,387.6727,387.43,2026-08-10 10:41:00,5
199.0,387.3379,387.21,387.21,387.21,387.21,2026-08-10 10:42:00,10
332.128044,387.7848,387.5,388.0,388.0,387.5,2026-08-10 10:44:00,14
175.0,388.1173,388.08,388.08,388.08,388.08,2026-08-10 10:46:00,11
337.0,387.3981,387.7,387.7,387.7,387.7,2026-08-10 10:49:00,39
53.0,387.516,387.5,387.5,387.5,387.5,2026-08-10 10:51:00,4
630.0,388.2926,387.98,388.39,388.42,387.98,2026-08-10 10:52:00,18
237.0,388.0385,388.39,387.66,388.39,387.66,2026-08-10 10:57:00,9
988.0,387.3734,387.83,387.4,387.86,387.04,2026-08-10 10:58:00,26
311.0,387.5405,388.0,387.4,388.0,387.4,2026-08-10 10:59:00,26
5349.0,387.6189,388.29,387.41,388.9,387.28,2026-08-10 11:00:00,116
1312.052208,387.2917,387.0,387.98,388.15,386.85,2026-08-10 11:01:00,69
427.0,387.9537,388.17,388.49,388.49,387.47,2026-08-10 11:02:00,13
565.0,388.4836,388.17,388.49,388.5,388.17,2026-08-10 11:03:00,17
3055.0,388.0404,388.5,387.08,388.72,387.08,2026-08-10 11:04:00,31
1679.0,387.4714,387.47,387.08,387.9,387.08,2026-08-10 11:05:00,72
235.0,387.2919,387.01,387.01,387.01,387.01,2026-08-10 11:06:00,23
486.0,387.2411,387.0,387.0,387.0,387.0,2026-08-10 11:07:00,74
480.0,387.034,387.05,386.88,387.1,386.88,2026-08-10 11:08:00,20
1613.0,387.02,386.88,387.0,387.2,386.85,2026-08-10 11:09:00,52
255.0,387.1881,386.88,387.6196,387.6196,386.88,2026-08-10 11:10:00,17
451.5,387.0661,387.0,387.0,387.39,386.91,2026-08-10 11:11:00,26
2003.0,386.982,386.88,387.05,387.5,386.88,2026-08-10 11:12:00,56
1027.62083,387.543,387.02,387.88,387.88,387.01,2026-08-10 11:14:00,43
1910.0,388.0836,387.8,388.93,388.94,387.8,2026-08-10 11:15:00,30
1898.002569,389.8483,388.98,390.95,391.0,388.98,2026-08-10 11:17:00,110
791.0,391.2002,391.124,391.0,391.32,391.0,2026-08-10 11:18:00,35
208.0,390.9057,391.0,391.0,391.0,391.0,2026-08-10 11:19:00,17
1972.0,391.0052,390.8003,391.3264,391.3264,390.8003,2026-08-10 11:20:00,36
476.0,391.1093,391.2,391.17,391.2,391.17,2026-08-10 11:21:00,33
1375.0,390.9195,391.17,390.23,391.6,390.23,2026-08-10 11:22:00,43
467.0,390.172,390.0,389.85,390.11,389.85,2026-08-10 11:23:00,38
1000.0,390.7495,390.8264,390.8,390.96,390.43,2026-08-10 11:24:00,45
1240.0,391.2318,391.0,391.62,391.62,390.9004,2026-08-10 11:25:00,56
2867.0,392.4343,391.7,392.04,393.15,391.65,2026-08-10 11:26:00,141
1235.00273,393.3239,393.4649,393.0,393.5,393.0,2026-08-10 11:27:00,45
385.0,393.6407,393.7,393.8,393.8,393.7,2026-08-10 11:28:00,29
4605.0,393.0345,393.49,393.0,393.49,392.85,2026-08-10 11:29:00,68
2479.536921,393.0568,393.05,393.0,393.4081,392.0,2026-08-10 11:30:00,82
1333.0,393.3068,393.18,393.4,393.48,393.18,2026-08-10 11:31:00,44
6656.0,393.4797,393.48,393.48,393.48,393.48,2026-08-10 11:32:00,11
691.2974,392.9624,392.69,392.97,393.35,392.69,2026-08-10 11:33:00,30
548.0,392.6287,392.69,393.0,393.0,392.69,2026-08-10 11:34:00,36
1215.0,392.1216,392.55,391.9977,392.55,391.9977,2026-08-10 11:35:00,40
1400.802033,392.0048,392.37,391.85,392.37,391.85,2026-08-10 11:36:00,55
1332.0,391.7399,391.9149,391.89,391.99,391.0,2026-08-10 11:38:00,29
1769.0,392.6341,392.0,392.8186,392.96,391.89,2026-08-10 11:39:00,45
221.0,392.5954,392.425,392.68,392.68,392.425,2026-08-10 11:40:00,11
1004.0,391.9279,392.45,391.9,392.45,391.53,2026-08-10 11:41:00,44
1927.0,391.7723,391.7,391.56,392.0,391.53,2026-08-10 11:42:00,54
1044.0,391.1001,391.0,391.27,391.27,390.71,2026-08-10 11:43:00,39
759.0,390.9981,390.9,390.57,391.3,390.57,2026-08-10 11:44:00,41
2380.0,391.5808,391.5,391.5,392.0,391.5,2026-08-10 11:45:00,73
947.0,392.0715,392.0,392.35,392.35,391.6571,2026-08-10 11:46:00,30
116.0,392.5598,392.7855,392.7855,392.7855,392.7855,2026-08-10 11:47:00,16
6767.582267,392.0415,392.813,391.31,393.0,391.31,2026-08-10 11:48:00,92
1027.0,391.7396,391.05,392.9,392.9,391.05,2026-08-10 11:49:00,33
894.0394,391.408,391.0,392.0,392.0,391.0,2026-08-10 11:50:00,54
1352.0,392.8526,392.85,392.77,393.0,392.71,2026-08-10 11:52:00,38
1143.763713,393.376,392.58,393.31,393.5,392.58,2026-08-10 11:53:00,48
2942.0,394.1197,393.78,394.2,394.4,393.78,2026-08-10 11:54:00,87
1284.0,394.0764,394.1,394.05,394.1,394.05,2026-08-10 11:55:00,28
1227.0,394.1232,394.0,394.09,394.472,393.74,2026-08-10 11:56:00,50
420.0,394.4664,394.36,394.66,394.66,394.36,2026-08-10 11:57:00,15
1147.0,394.0939,394.535,394.31,394.535,393.66,2026-08-10 11:58:00,59
757.003493,393.9034,394.07,393.66,394.07,393.66,2026-08-10 11:59:00,29
1657.808073,393.1326,393.25,393.15,393.47,392.85,2026-08-10 12:01:00,54
1857.0,393.8741,394.14,393.36,394.15,393.36,2026-08-10 12:02:00,67
843.0,393.1906,393.0,393.8024,393.87,393.0,2026-08-10 12:03:00,27
787.0,394.0063,393.99,394.0,394.0,393.99,2026-08-10 12:04:00,27
516.0,393.6775,393.74,393.5,393.76,393.5,2026-08-10 12:05:00,29
425.0,393.4452,393.75,393.51,393.8,393.21,2026-08-10 12:06:00,25
398.94906,393.761,393.5,393.3813,394.0,393.3813,2026-08-10 12:07:00,17
334.0,393.9728,393.9709,393.9709,393.9709,393.9709,2026-08-10 12:08:00,16
606.0,394.1791,394.0,394.33,394.34,394.0,2026-08-10 12:09:00,23
409.0,394.0183,393.9,394.22,394.22,393.9,2026-08-10 12:10:00,19
510.0,393.9649,393.99,393.98,394.0,393.98,2026-08-10 12:11:00,22
241.0,393.7948,393.59,393.59,393.59,393.59,2026-08-10 12:12:00,23
1815.416197,393.0767,393.39,393.13,393.39,392.85,2026-08-10 12:13:00,99
1216.0,393.0595,393.0,393.14,393.15,392.95,2026-08-10 12:14:00,49
1374.0,392.5823,392.82,392.5,392.82,392.5,2026-08-10 12:15:00,56
1992.0,391.8008,392.0,391.42,392.5,391.42,2026-08-10 12:16:00,66
717.012627,391.6093,391.58,391.8758,391.8758,391.58,2026-08-10 12:17:00,41
3151.0,391.3078,391.3599,390.85,391.5,390.85,2026-08-10 12:18:00,69
233.3869,390.518,390.4208,390.4208,390.4208,390.4208,2026-08-10 12:19:00,23
741.4753,390.5733,390.58,390.58,390.58,390.58,2026-08-10 12:20:00,48
1544.0,390.5394,390.79,390.5,390.79,390.5,2026-08-10 12:21:00,46
405.0,390.5006,390.55,390.0,390.6,390.0,2026-08-10 12:22:00,18
1799.18638,390.1208,390.8001,390.21,390.8001,389.9,2026-08-10 12:23:00,100
1730.0,389.4916,389.85,389.45,389.85,389.0,2026-08-10 12:24:00,81
1847.0,389.6081,389.241,390.0,390.0,389.241,2026-08-10 12:25:00,61
690.25027,389.521,389.6,388.85,389.92,388.85,2026-08-10 12:26:00,24
994.0,390.0439,389.85,390.14,390.14,389.85,2026-08-10 12:27:00,37
2629.0,389.9653,390.0,390.18,390.5,389.4294,2026-08-10 12:28:00,94
1044.2089,390.2203,390.48,390.0,390.59,390.0,2026-08-10 12:29:00,67
2525.0,389.8048,390.5493,389.47,390.5493,389.47,2026-08-10 12:30:00,46
2215.0,389.9486,389.61,389.97,390.44,389.61,2026-08-10 12:31:00,59
1810.00273,389.2921,389.97,388.85,389.97,388.85,2026-08-10 12:32:00,72
1223.0,388.7428,388.85,388.91,388.92,388.61,2026-08-10 12:33:00,40
345.0,388.5807,389.0,388.53,389.0,388.5,2026-08-10 12:34:00,29
603.860308,388.2901,388.57,388.0,389.5,388.0,2026-08-10 12:35:00,76
2016.1933,388.3544,388.01,388.5,388.5,387.51,2026-08-10 12:36:00,55
681.564102,389.2798,387.7394,389.94,389.94,387.7394,2026-08-10 12:37:00,36
294.376981,389.2946,389.25,389.25,389.25,389.25,2026-08-10 12:38:00,17
2079.0,388.6467,389.3,388.3,389.3,387.5945,2026-08-10 12:39:00,85
1205.25,388.0744,388.0,388.0,388.19,387.97,2026-08-10 12:40:00,43
577.0,388.904,388.0098,389.15,389.15,388.0098,2026-08-10 12:41:00,24
553.0,388.9699,388.98,389.02,389.02,388.9,2026-08-10 12:42:00,27
345.0,389.0497,389.18,389.03,389.18,389.0,2026-08-10 12:43:00,15
247.0,389.164,389.6252,389.0,389.6252,389.0,2026-08-10 12:44:00,11
299.908166,389.0737,389.14,388.57,389.14,388.57,2026-08-10 12:45:00,19
505.0,389.0483,389.07,389.07,389.07,389.07,2026-08-10 12:46:00,20
729.0,389.0443,389.07,389.07,389.07,389.07,2026-08-10 12:47:00,32
705.0,389.324,388.6,389.7649,389.7649,388.6,2026-08-10 12:48:00,22
141.0,388.4808,388.8,388.2,388.8,388.2,2026-08-10 12:49:00,9
495.0,388.4162,388.2,388.8,388.8,388.2,2026-08-10 12:50:00,8
2163.0,388.0574,388.08,387.9,388.4,387.85,2026-08-10 12:51:00,50
2781.540516,387.2221,387.5,386.85,387.5,386.85,2026-08-10 12:52:00,81
829.952865,386.2156,386.52,386.09,386.52,386.09,2026-08-10 12:53:00,48
714.805334,386.3187,386.27,386.21,386.3723,386.21,2026-08-10 12:54:00,31
858.37066,386.6418,386.7,386.236,387.1714,386.236,2026-08-10 12:55:00,27
2835.0,386.8213,386.53,386.9053,387.0,386.3,2026-08-10 12:56:00,49
6359.103159,386.1037,386.3,386.0,386.35,386.0,2026-08-10 12:57:00,159
1571.23,385.7477,385.93,386.0,386.0,385.23,2026-08-10 12:58:00,87
1000.503105,385.4324,385.57,385.23,385.57,385.23,2026-08-10 12:59:00,48
1354.0,385.8365,386.08,386.04,386.09,385.13,2026-08-10 13:00:00,102
8198.2833,385.2023,385.4,385.3,386.88,385.0,2026-08-10 13:01:00,241
242.0,386.8146,387.0,387.0,387.0,387.0,2026-08-10 13:02:00,19
1801.0,387.2796,387.15,387.6,387.6,387.1,2026-08-10 13:03:00,44
642.0,387.1234,387.0,387.3223,387.3223,387.0,2026-08-10 13:04:00,23
715.0,387.3468,387.1,387.49,387.49,387.1,2026-08-10 13:05:00,25
800.0,387.4363,387.59,387.47,387.6,387.23,2026-08-10 13:06:00,31
325.0,387.7037,387.829,387.5,387.8387,387.5,2026-08-10 13:07:00,18
237.0,387.4657,387.74,387.8163,387.8163,387.74,2026-08-10 13:08:00,15
468.0,387.3179,387.14,387.305,387.305,387.14,2026-08-10 13:09:00,23
1694.0,387.8944,387.51,388.0,388.0,387.51,2026-08-10 13:10:00,46
1050.0,387.9493,388.14,387.5,388.2,387.5,2026-08-10 13:11:00,47
153.0,387.6753,387.6,387.6,387.6,387.6,2026-08-10 13:12:00,17
1819.0,387.9543,387.97,387.97,387.97,387.97,2026-08-10 13:13:00,9
1291.0,387.9822,387.94,388.0,388.0,387.85,2026-08-10 13:14:00,35
1683.752323,387.4159,387.5,387.9,387.9,386.85,2026-08-10 13:15:00,73
1072.061,387.5356,387.6,387.0003,387.84,387.0003,2026-08-10 13:16:00,37
1715.001808,387.9848,387.8,388.0,388.8,387.279,2026-08-10 13:17:00,52
1060.907422,388.0452,388.0001,387.66,388.72,387.66,2026-08-10 13:18:00,57
1306.0,387.7245,387.74,387.68,388.12,387.5,2026-08-10 13:19:00,41
2864.0,387.5996,387.58,387.53,388.0,387.0003,2026-08-10 13:20:00,84
2156.014343,386.5735,386.85,386.5,387.6072,386.0103,2026-08-10 13:21:00,63
395.0,386.3816,386.01,386.15,386.87,386.01,2026-08-10 13:22:00,20
676.0,386.8237,386.3314,386.99,387.18,386.3314,2026-08-10 13:23:00,27
1436.0,387.0539,386.54,386.85,387.26,386.18,2026-08-10 13:24:00,30
7483.581413,385.2098,386.61,384.03,386.61,384.03,2026-08-10 13:25:00,296
4634.5,383.9079,383.85,383.58,384.5,383.0,2026-08-10 13:26:00,77
1629.0,384.056,384.0,384.0,384.09,383.58,2026-08-10 13:27:00,78
2527.0,384.5654,383.69,385.74,385.8,383.63,2026-08-10 13:28:00,73
9848.938,384.4636,384.4,384.12,386.15,382.85,2026-08-10 13:29:00,3164
224923.898816,381.4147,383.185,377.68,386.5,376.3,2026-08-10 13:30:00,3082
73435.618966,375.9169,377.34,374.0605,378.495,372.845,2026-08-10 13:31:00,1722
125648.953872,369.099,373.0,365.35,375.0,365.01,2026-08-10 13:32:00,3162
95476.221628,366.1119,365.34,364.08,368.64,363.51,2026-08-10 13:33:00,2277
156203.56367,360.1383,363.717107,357.1,363.717107,357.1,2026-08-10 13:34:00,3211
157285.238085,356.5535,357.48,355.805,358.62,354.85,2026-08-10 13:35:00,2684
80161.777773,353.637,355.71,352.98,356.21,352.155,2026-08-10 13:36:00,2357
121381.073207,351.054,353.04,349.26,353.16,349.04,2026-08-10 13:37:00,2566
75629.609039,346.9074,349.265,346.4701,349.265,345.3675,2026-08-10 13:38:00,2151
94012.998533,345.6883,346.48,344.865,347.55,344.16,2026-08-10 13:39:00,2662
66637.405411,343.6911,344.9325,343.64,346.34,342.3,2026-08-10 13:40:00,1919
64774.344759,344.7555,343.98,345.975,346.2299,342.5,2026-08-10 13:41:00,1996
77301.585186,348.0545,346.01,349.245,349.49,345.985,2026-08-10 13:42:00,2172
63163.09294,348.1177,349.49,348.5,350.0,346.0,2026-08-10 13:43:00,1830
85665.251212,351.7313,348.465,352.93,353.83,348.05,2026-08-10 13:44:00,1878
84243.212401,349.366,352.54,347.87,352.54,347.4,2026-08-10 13:45:00,2270
55806.681504,348.3958,347.87,348.0,349.51,347.181,2026-08-10 13:46:00,1577
47193.461199,350.4311,348.19,351.75,351.92,348.19,2026-08-10 13:47:00,1344
64602.59074,350.501,351.76,349.73,352.9899,348.73,2026-08-10 13:48:00,1757
51237.383044,353.3279,349.57,353.61,354.68,349.465,2026-08-10 13:49:00,1399
62356.111759,353.0371,353.4968,354.86,354.99,351.51,2026-08-10 13:50:00,1585
50257.012744,353.1613,354.75,352.6408,354.99,352.0205,2026-08-10 13:51:00,1322
63446.436296,351.2,352.78,351.43,352.78,349.85,2026-08-10 13:52:00,1718
38048.923892,350.0236,351.22,349.0,351.89,348.65,2026-08-10 13:53:00,1009
35923.208264,349.3343,348.7056,347.96,350.63,347.69,2026-08-10 13:54:00,1218
44456.782017,347.0989,347.96,345.87,348.5,345.435,2026-08-10 13:55:00,1435
28130.70372,346.4016,346.04,347.945,385.04,345.05,2026-08-10 13:56:00,1082
26358.411766,348.4383,348.14,347.867,349.21,347.7,2026-08-10 13:57:00,1071
28852.261788,347.1797,348.45,346.325,348.8269,346.14,2026-08-10 13:58:00,999
38768.656484,348.2417,346.32,349.4,350.785,346.32,2026-08-10 13:59:00,1109
33010.916399,348.2541,349.4,348.585,349.81,347.1466,2026-08-10 14:00:00,935
33940.108193,349.0112,348.675,350.63,350.99,347.8261,2026-08-10 14:01:00,1044
27703.465941,349.7291,350.31,348.09,351.45,347.89,2026-08-10 14:02:00,990
34232.431866,347.4244,348.0,345.875,348.47,345.7802,2026-08-10 14:03:00,1029
29557.24596,346.4155,346.015,348.365,348.9,345.13,2026-08-10 14:04:00,984
23621.14214,348.1975,347.84,348.0,348.7999,346.85,2026-08-10 14:05:00,775
35681.578578,349.6826,348.075,349.97,350.64,348.075,2026-08-10 14:06:00,899
30523.308223,349.6726,350.0,349.18,350.6299,348.61,2026-08-10 14:07:00,949
36978.315672,347.6326,349.12,347.33,349.12,346.4214,2026-08-10 14:08:00,1230
28397.225554,347.0756,347.24,348.04,348.6999,345.43,2026-08-10 14:09:00,911
30181.430608,348.802,348.1,349.383,349.88,347.91,2026-08-10 14:10:00,738
21488.99515,350.4621,349.77,351.435,351.7845,349.02,2026-08-10 14:11:00,728
29396.376752,352.8097,351.62,353.42,353.85,351.62,2026-08-10 14:12:00,897
38059.614386,352.2169,353.65,350.915,353.65,350.7,2026-08-10 14:13:00,1009
47006.975982,350.8971,350.85,350.24,351.6,350.09,2026-08-10 14:14:00,973
74931.433658,349.4636,350.435,348.77,351.3,348.02,2026-08-10 14:15:00,1524
25857.165615,349.0132,348.83,349.68,350.29,347.8905,2026-08-10 14:16:00,948
32496.827231,348.5862,349.795,347.22,350.02,347.18,2026-08-10 14:17:00,892
32928.100292,347.4886,347.2,346.5,348.16,346.5,2026-08-10 14:18:00,891
46563.865664,346.1735,346.525,345.34,347.6,345.32,2026-08-10 14:19:00,1064
20284.471086,346.11,345.33,346.435,346.645,345.21,2026-08-10 14:20:00,692
21073.752563,345.7381,346.2601,345.85,346.61,345.23,2026-08-10 14:21:00,763
48130.569702,345.3086,345.5501,345.9,346.4161,344.59,2026-08-10 14:22:00,1580
30128.460079,344.6735,346.02,343.33,346.5,343.33,2026-08-10 14:23:00,926
33947.328411,343.2917,343.33,343.34,344.0,342.6,2026-08-10 14:24:00,1280
18153.066803,343.2121,343.34,343.6,343.79,342.55,2026-08-10 14:25:00,795
30193.66001,343.6833,343.54,342.4418,344.43,342.23,2026-08-10 14:26:00,999
36807.01292,342.1261,342.575,341.49,343.35,341.175,2026-08-10 14:27:00,1318
62075.987262,340.7801,341.51,340.78,341.79,340.02,2026-08-10 14:28:00,1852
80050.540102,340.1583,340.945,340.12,341.0702,339.855,2026-08-10 14:29:00,2336
45647.189472,339.2946,340.32,338.623,340.4678,338.3001,2026-08-10 14:30:00,1699
39531.366329,340.4215,338.88,341.58,341.7994,338.88,2026-08-10 14:31:00,1189
18590.44591,341.063,341.37,340.44,342.012,340.3,2026-08-10 14:32:00,762
22858.27971,340.0282,340.61,340.05,340.855,339.14,2026-08-10 14:33:00,845
39448.730299,339.7611,339.84,338.85,340.8211,338.85,2026-08-10 14:34:00,1751
29333.398814,339.6097,338.86,339.88,340.09,338.86,2026-08-10 14:35:00,890
19787.555291,339.724,339.979,339.8899,340.12,339.1182,2026-08-10 14:36:00,718
19735.521413,339.171,339.71,338.615,339.9699,338.58,2026-08-10 14:37:00,919
55926.144393,337.0654,338.51,336.0,338.51,336.0,2026-08-10 14:38:00,1974
72405.567267,335.2729,335.85,334.72,336.24,334.2201,2026-08-10 14:39:00,2483
60558.048822,335.132,334.98,334.94,335.747,334.655,2026-08-10 14:40:00,1364
33123.41247,335.2855,335.3,335.57,335.8299,334.6828,2026-08-10 14:41:00,1038
29701.477481,336.3097,335.72,336.6814,336.98,335.72,2026-08-10 14:42:00,960
20799.112818,336.1507,336.3,336.1,336.81,335.7,2026-08-10 14:43:00,861
15819.205707,336.0832,336.125,335.805,336.7442,335.5902,2026-08-10 14:44:00,660
47404.629194,334.8419,335.7,335.55,335.93,334.1562,2026-08-10 14:45:00,1648
19271.232971,335.2669,335.72,335.011,335.72,334.8001,2026-08-10 14:46:00,696
31356.719204,334.7345,335.16,335.66,335.66,334.17,2026-08-10 14:47:00,937
22707.455433,335.1429,335.625,335.87,335.92,334.71,2026-08-10 14:48:00,782
19767.91668,335.622,335.8669,335.23,336.21,334.8001,2026-08-10 14:49:00,787
15815.506692,335.6166,335.3,335.5627,335.9499,335.053,2026-08-10 14:50:00,545
37726.346111,334.2671,335.725,333.65,335.8683,333.395,2026-08-10 14:51:00,1313
46918.98092,332.7122,333.64,331.905,333.86,331.68,2026-08-10 14:52:00,1534
50865.895906,331.1737,331.98,330.345,332.18,330.335,2026-08-10 14:53:00,1569
84868.732089,329.8374,330.4394,329.78,330.45,329.1,2026-08-10 14:54:00,2621
49790.07865,329.5699,329.78,329.22,330.18,329.03,2026-08-10 14:55:00,1965
51383.56072,329.0495,329.22,329.2,329.52,328.4,2026-08-10 14:56:00,1455
32527.8389,329.8926,329.05,330.03,330.35,329.0,2026-08-10 14:57:00,907
22786.886032,329.5794,330.07,329.04,330.204,328.95,2026-08-10 14:58:00,884
14531.404528,329.092,329.1558,328.73,329.6332,328.69,2026-08-10 14:59:00,748
30401.165358,328.953,328.76,328.67,329.8699,328.375,2026-08-10 15:00:00,1184
35501.831829,329.1647,328.774,329.68,329.87,328.51,2026-08-10 15:01:00,1018
31820.489772,330.0238,329.5,330.905,330.905,329.255,2026-08-10 15:02:00,1024
57217.0616,330.7014,330.905,330.8,331.345,330.1001,2026-08-10 15:03:00,1298
34701.986272,331.5485,330.91,331.695,331.94,330.91,2026-08-10 15:04:00,877
49673.21231,330.4751,331.695,330.0,331.695,329.35,2026-08-10 15:05:00,1218
20052.311241,330.1949,330.055,330.41,330.835,329.715,2026-08-10 15:06:00,783
49038.019486,330.7956,330.44,330.77,331.3,330.06,2026-08-10 15:07:00,1132
19967.67618,330.8629,330.76,329.9,331.525,329.9,2026-08-10 15:08:00,824
18139.051593,329.733,329.97,329.67,330.29,329.28,2026-08-10 15:09:00,826
20354.137056,330.5482,329.67,331.065,331.19,329.51,2026-08-10 15:10:00,688
22434.96334,330.2908,331.0,329.67,331.0,329.63,2026-08-10 15:11:00,718
30427.372684,329.7073,329.74,329.61,330.22,329.275,2026-08-10 15:12:00,940
20769.088272,329.9451,329.57,330.735,330.76,329.25,2026-08-10 15:13:00,728
36959.668914,331.9738,330.61,332.525,332.9899,330.6,2026-08-10 15:14:00,989
27894.980122,332.9286,332.525,333.16,333.29,332.525,2026-08-10 15:15:00,660
21330.633602,332.895,333.0,332.15,333.47,332.0001,2026-08-10 15:16:00,750
25970.256874,332.6322,332.3,332.606,333.02,332.24,2026-08-10 15:17:00,633
23057.729744,333.1319,332.82,333.0101,333.57,332.57,2026-08-10 15:18:00,780
30587.781471,334.0185,333.3123,333.515,334.5621,333.3123,2026-08-10 15:19:00,1025
37036.107692,332.7851,333.36,332.6158,333.6356,332.14,2026-08-10 15:20:00,979
17201.831663,332.3307,332.62,332.09,332.83,332.0,2026-08-10 15:21:00,1273
17627.492975,332.3947,332.11,332.3,332.7061,331.92,2026-08-10 15:22:00,824
22580.497174,333.311,332.4,334.5421,334.92,331.7101,2026-08-10 15:23:00,806
15614.47897,334.0475,334.405,334.33,334.5899,333.6,2026-08-10 15:24:00,774
18498.738874,334.16,334.5,333.6575,334.7799,333.4836,2026-08-10 15:25:00,848
18601.831585,334.3094,333.575,334.94,335.01,333.53,2026-08-10 15:26:00,707
34113.973213,335.1716,335.05,335.42,335.91,334.8601,2026-08-10 15:27:00,1043
17655.548879,335.2795,335.5,335.28,335.6548,334.76,2026-08-10 15:28:00,938
18914.583993,334.8948,335.4,333.85,335.4373,333.85,2026-08-10 15:29:00,778
20284.325303,333.7644,333.845,334.335,334.5,333.33,2026-08-10 15:30:00,699
10224.733006,333.9248,334.17,333.7466,334.5,333.43,2026-08-10 15:31:00,483
19689.974307,333.1263,333.645,333.1,333.845,332.6601,2026-08-10 15:32:00,830
18257.613318,333.2624,332.7584,333.365,333.55,332.7584,2026-08-10 15:33:00,493
12594.049209,333.2283,333.38,333.35,333.635,332.83,2026-08-10 15:34:00,500
15789.431963,333.7058,333.35,333.33,334.37,333.28,2026-08-10 15:35:00,518
6148.253335,333.4606,333.39,333.58,333.63,333.29,2026-08-10 15:36:00,264
11782.368658,333.8704,333.62,334.15,334.23,333.56,2026-08-10 15:37:00,468
10474.02188,334.2359,334.08,334.26,334.5335,334.06,2026-08-10 15:38:00,357
11746.746708,333.7486,334.06,333.46,334.26,333.1031,2026-08-10 15:39:00,514
11452.288707,333.8988,333.37,334.3679,334.8445,333.27,2026-08-10 15:40:00,495
6998.642203,333.9267,334.52,334.31,334.53,333.33,2026-08-10 15:41:00,406
10842.87548,333.6046,334.11,333.71,334.2899,333.065,2026-08-10 15:42:00,498
8072.77229,333.7308,333.5901,334.4,334.4,333.48,2026-08-10 15:43:00,350
14442.568008,334.7957,334.1823,334.7401,335.0785,334.1823,2026-08-10 15:44:00,458
22418.488979,334.7381,334.745,334.225,335.4719,334.09,2026-08-10 15:45:00,774
10813.916111,333.9176,334.18,333.784,334.2,333.63,2026-08-10 15:46:00,398
13565.15523,334.1955,333.75,334.78,334.78,333.572,2026-08-10 15:47:00,444
28816.199483,335.2901,334.87,335.99,336.15,334.8501,2026-08-10 15:48:00,797
17646.507832,336.3429,336.0,336.37,336.75,335.73,2026-08-10 15:49:00,628
15808.392233,337.2169,336.5,337.42,337.8297,336.5,2026-08-10 15:50:00,665
22297.955696,337.8921,337.24,338.9211,338.9211,337.0,2026-08-10 15:51:00,623
33236.739372,339.086,338.9216,338.98,339.49,338.56,2026-08-10 15:52:00,860
14228.153152,338.691,338.7848,338.56,339.27,338.4201,2026-08-10 15:53:00,509
18727.74111,338.5595,338.56,338.94,338.94,338.01,2026-08-10 15:54:00,515
38841.681919,338.4947,339.0,338.465,339.1999,337.58,2026-08-10 15:55:00,909
15022.592796,338.0868,338.56,337.85,338.6,337.69,2026-08-10 15:56:00,576
15807.190846,337.7175,337.85,337.61,338.2399,337.415,2026-08-10 15:57:00,539
19689.408288,337.1573,337.71,336.39,337.8099,336.0,2026-08-10 15:58:00,671
12603.980664,336.5903,336.1547,336.425,337.09,335.96,2026-08-10 15:59:00,482
15124.514565,336.3462,336.56,336.505,336.6499,335.96,2026-08-10 16:00:00,455
10257.44026,336.7022,336.59,336.7626,336.96,336.37,2026-08-10 16:01:00,349
16730.845909,336.7612,336.3701,336.63,337.18,336.34,2026-08-10 16:02:00,481
24045.017961,335.5034,336.53,334.805,336.655,334.805,2026-08-10 16:03:00,797
21586.009468,334.5815,334.8001,334.885,335.0,334.11,2026-08-10 16:04:00,581
13421.953866,335.9828,334.99,336.44,337.0,334.88,2026-08-10 16:05:00,619
14556.765548,336.0571,336.44,335.4175,336.67,335.27,2026-08-10 16:06:00,502
15213.427653,335.1357,335.2511,334.845,335.48,334.75,2026-08-10 16:07:00,537
9821.510767,335.1437,334.8475,334.86,335.57,334.76,2026-08-10 16:08:00,467
15897.437072,334.2423,334.815,334.1904,334.815,334.01,2026-08-10 16:09:00,526
14494.393645,334.1946,334.2,334.08,334.69,333.785,2026-08-10 16:10:00,507
11242.998349,334.4372,334.1,334.28,335.12,334.1,2026-08-10 16:11:00,348
28896.542022,333.4251,334.27,332.98,334.27,332.5,2026-08-10 16:12:00,923
14353.544321,332.9723,332.925,333.8778,333.8778,332.4001,2026-08-10 16:13:00,444
11638.80087,333.5111,333.8,333.0289,333.9095,332.7094,2026-08-10 16:14:00,338
14392.585304,332.7919,332.74,332.925,333.21,332.28,2026-08-10 16:15:00,418
20987.538978,333.6132,332.6676,334.8139,334.9861,332.6676,2026-08-10 16:16:00,502
7217.80166,334.8409,334.65,335.3,335.39,334.4,2026-08-10 16:17:00,353
19698.74767,335.6189,335.0,335.74,336.6464,335.0,2026-08-10 16:18:00,560
12043.141672,335.9701,335.74,335.925,336.4241,335.6101,2026-08-10 16:19:00,359
8779.800612,335.7767,335.925,335.515,336.22,335.34,2026-08-10 16:20:00,314
16299.096828,335.5314,335.515,335.88,336.025,334.94,2026-08-10 16:21:00,483
13702.594226,335.1587,335.76,335.57,335.76,334.745,2026-08-10 16:22:00,448
11614.165513,335.9835,335.51,336.4406,336.5,335.5,2026-08-10 16:23:00,402
12358.677138,336.3193,336.4999,337.055,337.1181,335.805,2026-08-10 16:24:00,411
13811.289242,336.7334,337.055,336.535,337.46,336.16,2026-08-10 16:25:00,367
10375.421558,336.2994,336.57,335.904,337.02,335.6701,2026-08-10 16:26:00,457
6681.086546,335.8327,335.57,335.83,336.24,335.5001,2026-08-10 16:27:00,303
7783.962765,336.0287,335.695,336.05,336.18,335.695,2026-08-10 16:28:00,289
6459.29269,335.9453,335.905,335.765,336.26,335.62,2026-08-10 16:29:00,333
8373.431897,335.561,335.9499,335.23,335.9499,335.23,2026-08-10 16:30:00,307
15934.330825,334.7045,335.134,334.305,335.35,334.28,2026-08-10 16:31:00,549
22071.239774,333.9066,334.28,333.8,334.4607,333.3111,2026-08-10 16:32:00,673
11165.029822,334.1165,333.805,334.0701,334.36,333.805,2026-08-10 16:33:00,319
12693.062827,334.0035,334.225,333.705,334.4214,333.59,2026-08-10 16:34:00,411
9325.302064,333.8422,333.87,334.08,334.1799,333.44,2026-08-10 16:35:00,341
8382.356018,334.0604,334.16,333.89,334.3,333.6701,2026-08-10 16:36:00,284
6803.668533,333.982,334.1,334.01,334.33,333.74,2026-08-10 16:37:00,287
8116.934998,333.4751,334.02,333.49,334.15,333.01,2026-08-10 16:38:00,428
8757.173565,333.25,333.53,333.1557,333.7,332.86,2026-08-10 16:39:00,341
22293.364008,332.3586,333.02,332.619,333.36,332.0001,2026-08-10 16:40:00,636
10910.0894,332.5443,332.55,332.195,332.81,332.12,2026-08-10 16:41:00,376
17130.467051,332.5581,332.195,332.88,333.1699,332.1195,2026-08-10 16:42:00,502
8095.649058,332.7051,332.84,332.5504,333.0235,332.32,2026-08-10 16:43:00,292
7401.226182,332.6675,332.48,333.215,333.27,332.11,2026-08-10 16:44:00,330
10848.795911,333.2408,333.3,333.335,333.5,333.01,2026-08-10 16:45:00,284
5287.479572,333.3314,333.28,333.29,333.57,333.04,2026-08-10 16:46:00,211
5934.397393,333.6537,333.28,333.8,333.91,333.2701,2026-08-10 16:47:00,290
6905.448429,333.9148,333.76,334.4,334.4,333.56,2026-08-10 16:48:00,301
8876.338937,334.1549,334.33,333.915,334.44,333.85,2026-08-10 16:49:00,291
8877.672317,333.5734,333.82,333.37,333.915,333.251,2026-08-10 16:50:00,346
6897.459216,333.2588,333.34,333.45,333.45,333.095,2026-08-10 16:51:00,294
4646.582769,333.15,333.37,333.18,333.45,332.85005,2026-08-10 16:52:00,239
10126.433434,333.2693,333.03,333.4452,333.59,332.97,2026-08-10 16:53:00,327
4663.062027,333.1268,333.335,333.31,333.335,333.035,2026-08-10 16:54:00,186
7024.839249,333.2852,333.46,333.1025,333.65,333.05,2026-08-10 16:55:00,336
5949.565509,333.4226,333.18,333.5075,333.62,333.175,2026-08-10 16:56:00,232
21669.470658,333.3689,333.6288,333.23,333.6288,333.23,2026-08-10 16:57:00,330
6678.775524,333.1546,333.34,333.0,333.46,332.86,2026-08-10 16:58:00,293
3659.94555,333.1582,333.01,333.14,333.31,332.9501,2026-08-10 16:59:00,150
6782.353964,333.0227,333.01,332.945,333.28,332.7432,2026-08-10 17:00:00,282
7394.354251,332.5609,332.76,332.4908,332.83,332.355,2026-08-10 17:01:00,301
7629.498143,332.4454,332.5,332.27,332.67,332.1811,2026-08-10 17:02:00,325
21921.201832,331.9935,332.2,331.85,332.28,331.7501,2026-08-10 17:03:00,693
17147.836246,332.0273,331.78,332.616,332.616,331.5901,2026-08-10 17:04:00,633
8044.913829,333.0429,332.63,333.5,333.5,332.6299,2026-08-10 17:05:00,343
7053.590738,333.4126,333.5,333.14,333.78,333.051,2026-08-10 17:06:00,272
10424.444669,333.144,333.085,333.045,333.4199,332.9201,2026-08-10 17:07:00,285
11579.281243,333.2385,333.03,333.28,333.54,332.8801,2026-08-10 17:08:00,284
5083.984161,333.24,333.23,333.16,333.36,333.15,2026-08-10 17:09:00,199
10304.685963,333.2207,333.25,333.3342,333.42,333.0,2026-08-10 17:10:00,333
4620.100881,333.396,333.26,333.47,333.57,333.2401,2026-08-10 17:11:00,210
5746.814017,333.2576,333.39,333.0131,333.46,333.0131,2026-08-10 17:12:00,286
7611.878102,332.9642,333.01,332.9895,333.4,332.56,2026-08-10 17:13:00,311
6046.119686,332.8929,332.94,332.795,333.1157,332.73,2026-08-10 17:14:00,184
7836.570898,333.0862,332.81,333.23,333.36,332.81,2026-08-10 17:15:00,285
5910.489729,333.8952,333.35,334.01,334.235,333.18,2026-08-10 17:16:00,254
6518.16686,333.7977,334.0,333.59,334.0959,333.5301,2026-08-10 17:17:00,244
8580.02347,333.4524,333.53,333.62,333.64,333.0034,2026-08-10 17:18:00,349
3672.436548,333.603,333.485,333.54,333.77,333.43,2026-08-10 17:19:00,169
9241.400287,333.11,333.47,332.63,333.65,332.63,2026-08-10 17:20:00,322
8860.00275,332.8904,332.63,332.785,333.19,332.63,2026-08-10 17:21:00,291
13814.520529,333.0347,332.785,333.0501,333.39,332.7675,2026-08-10 17:22:00,333
8069.033809,333.2024,333.22,333.32,333.41,333.0501,2026-08-10 17:23:00,275
5347.930383,333.322,333.28,333.28,333.54,333.2,2026-08-10 17:24:00,239
6148.34412,333.329,333.366,333.23,333.5147,333.2067,2026-08-10 17:25:00,249
10662.428103,333.633,333.265,333.65,334.0,333.175,2026-08-10 17:26:00,382
8727.410427,333.7658,333.625,333.6618,334.05,333.57,2026-08-10 17:27:00,254
12143.302299,333.6763,333.63,333.85,334.11,333.36,2026-08-10 17:28:00,371
12714.020383,334.2837,333.95,334.34,334.68,333.83,2026-08-10 17:29:00,485
21121.828455,334.7931,334.345,334.87,335.08,334.31,2026-08-10 17:30:00,563
6943.74525,335.0859,334.87,335.09,335.48,334.745,2026-08-10 17:31:00,332
11221.664207,335.2852,335.095,335.1701,335.75,334.9,2026-08-10 17:32:00,343
17140.677759,335.5098,335.325,335.6216,335.78,335.325,2026-08-10 17:33:00,288
7060.765345,335.3864,335.68,335.6,335.68,335.32,2026-08-10 17:34:00,292
15993.9926,335.3742,335.6,335.205,335.68,335.04,2026-08-10 17:35:00,535
6582.686669,334.9249,335.15,334.88,335.155,334.64,2026-08-10 17:36:00,296
21304.267227,333.9911,334.72,333.82,334.795,333.33,2026-08-10 17:37:00,668
10113.951832,333.7586,333.775,333.95,333.98,333.47,2026-08-10 17:38:00,280
5035.274131,333.8454,333.9493,333.75,333.96,333.71,2026-08-10 17:39:00,217
10077.615626,333.8996,333.63,334.195,334.38,333.5001,2026-08-10 17:40:00,324
8841.280578,334.4179,334.16,334.66,334.8485,334.03,2026-08-10 17:41:00,287
4175.131139,334.4672,334.47,334.285,334.87,334.2073,2026-08-10 17:42:00,158
6815.369558,334.4179,334.285,334.2768,334.57,334.215,2026-08-10 17:43:00,141
8126.747236,334.2473,334.44,333.97,334.5,333.644,2026-08-10 17:44:00,345
3932.599946,334.0854,333.97,334.02,334.26,333.97,2026-08-10 17:45:00,200
4769.762999,334.0981,334.03,333.85,334.31,333.85,2026-08-10 17:46:00,225
14551.215356,333.7304,333.85,333.73,334.2,333.39,2026-08-10 17:47:00,503
5033.250776,333.6495,334.01,333.57,334.01,333.53,2026-08-10 17:48:00,220
4632.9202,333.6678,333.64,333.68,333.82,333.5605,2026-08-10 17:49:00,209
12515.79351,334.1256,333.72,334.23,334.4615,333.68,2026-08-10 17:50:00,478
4504.195633,334.1169,334.14,334.33,334.33,334.0,2026-08-10 17:51:00,216
4667.88167,334.4793,334.4,334.495,334.6,334.39,2026-08-10 17:52:00,179
10545.647638,334.3565,334.495,334.115,334.62,334.11,2026-08-10 17:53:00,343
5557.586706,333.8458,334.03,333.815,334.075,333.67,2026-08-10 17:54:00,227
4614.209208,333.8065,333.815,333.8,334.02,333.655,2026-08-10 17:55:00,190
7248.805914,333.7774,333.8454,333.635,333.89,333.5,2026-08-10 17:56:00,221
4463.979744,333.7182,333.53,333.775,333.78,333.51,2026-08-10 17:57:00,186
10408.317136,333.99,333.856,334.095,334.18,333.75,2026-08-10 17:58:00,337
5012.627977,333.8843,334.07,333.99,334.07,333.76,2026-08-10 17:59:00,297
8117.682461,333.7364,333.97,333.59,334.02,333.49,2026-08-10 18:00:00,333
26941.451684,333.1715,333.595,333.55,333.8,332.6,2026-08-10 18:01:00,790
7627.479633,333.6971,333.35,334.185,334.31,333.25,2026-08-10 18:02:00,302
5672.89592,334.0707,334.2596,334.34,334.4253,334.015,2026-08-10 18:03:00,259
3164.411373,334.2604,334.34,334.42,334.426,334.13,2026-08-10 18:04:00,185
6290.154802,334.4843,334.396,334.9281,334.98,334.22,2026-08-10 18:05:00,269
6366.014094,334.6304,334.91,334.825,334.93,334.37,2026-08-10 18:06:00,259
7074.217583,334.494,334.71,334.61,334.765,334.5398,2026-08-10 18:07:00,228
5825.445206,334.7889,334.65,334.835,335.0,334.625,2026-08-10 18:08:00,259
6815.675282,334.9753,334.93,335.1325,335.15,334.77,2026-08-10 18:09:00,299
7124.49737,334.883,335.0,334.69,335.19,334.68,2026-08-10 18:10:00,312
8982.278621,334.7216,334.57,334.82,334.9249,334.5001,2026-08-10 18:11:00,257
6749.178003,334.8876,334.81,334.63,335.143,334.5,2026-08-10 18:12:00,273
5676.135976,334.4101,334.5,334.41,334.535,334.13,2026-08-10 18:13:00,288
6362.153849,334.1014,334.41,333.85,334.46,333.85,2026-08-10 18:14:00,297
5344.5395,333.9995,334.01,334.1,334.27,333.75,2026-08-10 18:15:00,216
8851.601345,333.95,334.08,333.69,334.3281,333.6857,2026-08-10 18:16:00,321
5323.725452,333.8129,333.695,334.01,334.17,333.5939,2026-08-10 18:17:00,259
5497.799157,334.0788,333.8542,333.99,334.21,333.83,2026-08-10 18:18:00,197
4007.178372,333.9485,333.94,333.995,334.06,333.7301,2026-08-10 18:19:00,246
6370.920548,333.9355,333.9201,334.01,334.13,333.74,2026-08-10 18:20:00,272
4462.644807,333.8857,334.15,333.99,334.15,333.73,2026-08-10 18:21:00,218
8412.425957,334.1948,333.99,334.51,334.71,333.8501,2026-08-10 18:22:00,306
5113.832475,334.6162,334.68,334.815,334.845,334.65,2026-08-10 18:23:00,207
11694.139229,334.6022,334.75,334.615,334.9,334.5,2026-08-10 18:24:00,330
5116.563318,334.3147,334.51,334.12,334.51,334.06,2026-08-10 18:25:00,201
8478.87558,334.0774,334.12,333.71,334.42,333.71,2026-08-10 18:26:00,345
7165.045067,333.6429,333.71,333.69,333.74,333.5116,2026-08-10 18:27:00,269
11503.520582,333.8871,333.725,334.09,334.23,333.63,2026-08-10 18:28:00,321
7652.102844,333.8547,334.14,333.64,334.2,333.51,2026-08-10 18:29:00,297
11883.938568,333.8774,333.64,334.32,334.5908,333.5001,2026-08-10 18:30:00,332
6932.281057,334.4634,334.45,334.6101,334.8,334.115,2026-08-10 18:31:00,211
5977.83761,334.449,334.655,334.4,334.655,334.29,2026-08-10 18:32:00,185
8147.540603,334.3458,334.33,334.295,334.6,334.19,2026-08-10 18:33:00,279
5722.65226,334.3035,334.2701,334.32,334.4446,334.195,2026-08-10 18:34:00,215
5820.847703,334.3008,334.25,334.33,334.44,334.18,2026-08-10 18:35:00,212
14665.132372,334.7509,334.32,334.19,335.4,334.11,2026-08-10 18:36:00,478
11463.178888,333.923,334.12,333.6,334.12,333.6,2026-08-10 18:37:00,221
8452.767061,333.6435,333.69,333.9461,333.9461,333.44,2026-08-10 18:38:00,259
4833.0609,334.1775,333.97,334.3824,334.5819,333.78,2026-08-10 18:39:00,187
8636.296229,334.0732,334.425,333.9,334.425,333.76,2026-08-10 18:40:00,325
9231.165985,334.2234,334.0499,334.52,334.52,333.85,2026-08-10 18:41:00,298
8244.433928,334.5603,334.545,334.06,334.94,334.06,2026-08-10 18:42:00,349
8406.579922,334.0462,334.4499,334.44,334.45,333.7701,2026-08-10 18:43:00,255
4868.327475,334.3924,334.32,334.355,334.58,334.25,2026-08-10 18:44:00,202
8955.56654,334.445,334.355,334.5,334.62,334.26,2026-08-10 18:45:00,279
4818.987384,334.7284,334.3,334.5401,334.79,334.3,2026-08-10 18:46:00,231
7956.314347,334.9027,334.6,335.385,335.385,334.53,2026-08-10 18:47:00,323
8126.792645,335.499,335.48,335.62,335.69,335.295,2026-08-10 18:48:00,271
10432.812063,335.1209,335.625,334.6701,335.64,334.6701,2026-08-10 18:49:00,366
4653.836108,334.8064,334.88,334.699,334.9905,334.5105,2026-08-10 18:50:00,228
10756.875075,334.2774,334.78,334.0699,334.91,333.9,2026-08-10 18:51:00,374
6053.020259,334.0235,333.985,334.225,334.225,333.8501,2026-08-10 18:52:00,241
7368.871087,334.2555,334.225,334.12,334.4139,334.12,2026-08-10 18:53:00,260
7401.06922,334.0478,334.06,334.055,334.17,333.85005,2026-08-10 18:54:00,297
8673.362542,333.9845,334.13,333.95,334.18,333.83,2026-08-10 18:55:00,298
26332.717545,333.711,333.95,333.69,334.15,333.4401,2026-08-10 18:56:00,662
7332.440723,333.5872,333.765,333.605,333.765,333.465,2026-08-10 18:57:00,268
12030.827838,333.5621,333.56,333.52,333.6899,333.35,2026-08-10 18:58:00,391
8505.043416,333.6657,333.56,333.665,334.0,333.48,2026-08-10 18:59:00,307
28697.16164,333.8947,333.5,333.31,334.42,333.18,2026-08-10 19:00:00,680
8681.242017,332.9689,333.21,332.69,333.49,332.69,2026-08-10 19:01:00,436
10632.48944,332.6434,332.67,332.5001,332.77,332.5001,2026-08-10 19:02:00,371
29015.484278,332.3353,332.5,333.38,333.38,332.0,2026-08-10 19:03:00,628
7365.730957,333.3799,333.211,332.975,333.5753,332.975,2026-08-10 19:04:00,277
6291.614003,333.0637,333.0899,333.09,333.2003,332.91,2026-08-10 19:05:00,267
19247.849553,332.45,333.01,331.71,333.08,331.71,2026-08-10 19:06:00,599
8921.210991,332.1218,331.72,332.155,332.36,331.72,2026-08-10 19:07:00,342
7335.81051,331.7765,332.115,331.76,332.12,331.54,2026-08-10 19:08:00,355
10962.428,331.6497,331.75,331.665,331.75,331.53,2026-08-10 19:09:00,352
14291.415377,331.6433,331.75,331.52,332.0293,331.3301,2026-08-10 19:10:00,511
11122.216193,331.4972,331.565,331.39,331.75,331.3,2026-08-10 19:11:00,433
15621.022297,331.4687,331.3,331.73,331.88,331.21,2026-08-10 19:12:00,546
10557.606095,331.8357,331.73,331.965,332.04,331.6159,2026-08-10 19:13:00,397
11257.891666,331.9318,331.95,331.75,332.11,331.71,2026-08-10 19:14:00,381
10263.345546,332.0967,331.785,332.65,332.75,331.7,2026-08-10 19:15:00,340
6427.075803,332.4813,332.65,332.375,332.74,332.1301,2026-08-10 19:16:00,278
9186.887829,332.6039,332.38,332.885,332.95,332.38,2026-08-10 19:17:00,300
9125.748397,332.6141,332.97,332.205,332.97,332.125,2026-08-10 19:18:00,346
8657.957355,331.9433,332.205,331.823907,332.205,331.78,2026-08-10 19:19:00,390
10275.702058,332.2093,331.8,332.39,332.55,331.681,2026-08-10 19:20:00,398
6104.209482,332.4786,332.3,332.67,332.7325,332.3,2026-08-10 19:21:00,235
5893.222866,332.5356,332.63,332.345,332.7,332.23,2026-08-10 19:22:00,253
14855.981321,332.3688,332.32,332.555,332.66,332.16,2026-08-10 19:23:00,551
6218.545716,332.6302,332.6,332.74,332.79,332.48,2026-08-10 19:24:00,239
9939.863189,332.5866,332.84,332.53,332.91,332.4343,2026-08-10 19:25:00,444
8418.408078,332.7442,332.48,332.655,333.0,332.48,2026-08-10 19:26:00,331
14210.645657,332.6141,332.61,333.015,333.035,332.4,2026-08-10 19:27:00,438
13921.30083,333.1547,333.1299,332.79,333.4335,332.76,2026-08-10 19:28:00,474
7279.291443,332.668,332.79,332.8,332.83,332.42,2026-08-10 19:29:00,320
9174.880817,332.6341,332.89,332.58,333.19,332.28,2026-08-10 19:30:00,424
8666.929724,332.5631,332.46,332.5,332.77,332.315,2026-08-10 19:31:00,405
7460.125914,332.54,332.48,332.48,332.73,332.34,2026-08-10 19:32:00,373
9530.381512,332.5103,332.48,332.51,332.7599,332.34,2026-08-10 19:33:00,394
15309.145916,332.2717,332.505,332.0,332.74,332.0,2026-08-10 19:34:00,650
24978.956628,331.7444,332.0,331.31,332.02,331.21,2026-08-10 19:35:00,831
12171.506476,331.4888,331.215,331.535,331.6335,331.2,2026-08-10 19:36:00,430
12031.905088,331.5005,331.535,331.3575,331.63,331.32,2026-08-10 19:37:00,341
13846.686609,331.2203,331.46,331.06,331.5,331.03,2026-08-10 19:38:00,552
41189.915819,331.0779,331.1362,331.025,331.5299,330.65,2026-08-10 19:39:00,1128
20300.598576,330.7898,331.035,330.055,331.2,330.055,2026-08-10 19:40:00,763
35029.476806,330.0921,330.055,330.13,330.27,330.0,2026-08-10 19:41:00,1206
18892.500278,330.2392,330.065,330.08,330.47,330.0,2026-08-10 19:42:00,631
51384.30261,329.8634,330.08,329.6962,330.14,329.555,2026-08-10 19:43:00,1479
20201.975602,329.6262,329.7,329.16,330.03,329.13,2026-08-10 19:44:00,891
44986.4096,328.755,329.1,328.395,329.1,328.39,2026-08-10 19:45:00,1609
38884.940395,328.5181,328.395,328.6766,328.9,328.1101,2026-08-10 19:46:00,1030
18692.623699,328.6529,328.6,328.36,328.76,328.2973,2026-08-10 19:47:00,664
58480.635341,327.691,328.34,327.25,328.425,327.16,2026-08-10 19:48:00,1859
28509.012701,328.1547,327.185,328.7701,328.99,327.185,2026-08-10 19:49:00,837
50101.62393,329.0441,328.89,328.545,329.6,328.5,2026-08-10 19:50:00,1560
42699.349493,328.6627,328.61,328.46,329.4,328.1645,2026-08-10 19:51:00,1271
32260.94656,328.1991,328.415,328.185,328.415,328.035,2026-08-10 19:52:00,1038
43750.927279,327.7679,328.18,327.6401,328.25,327.5,2026-08-10 19:53:00,1386
45431.895121,328.1762,327.64,327.8801,328.73,327.47,2026-08-10 19:54:00,1444
63831.100319,326.9825,327.97,326.18,327.97,326.1701,2026-08-10 19:55:00,2062
67056.007812,326.2021,326.19,326.0502,326.76,325.65,2026-08-10 19:56:00,2022
64337.071738,325.8473,326.01,325.695,326.43,325.5,2026-08-10 19:57:00,2234
92731.199029,325.42,325.675,325.425,325.74,325.18,2026-08-10 19:58:00,3052
107848.464113,325.128,325.38,325.18,325.45,325.0,2026-08-10 19:59:00,4330
3729.387229,325.2207,325.33,325.25,326.124,325.1,2026-08-10 20:00:00,82
2124.0,325.2825,325.5,325.25,325.5,325.19,2026-08-10 20:01:00,49
3984.30873,325.2253,325.3991,325.25,325.4,325.17,2026-08-10 20:02:00,156
1433.0,325.1111,325.245,325.01,325.26,325.01,2026-08-10 20:03:00,78
4350.3263,325.0723,325.09,325.0016,325.1,325.0,2026-08-10 20:04:00,174
3070.0,325.0433,325.04,325.01,325.1,325.0,2026-08-10 20:05:00,119
3852.841903,325.1059,325.0046,325.01,325.18,325.0,2026-08-10 20:06:00,122
3648.5,325.085,325.0033,325.0477,325.07,325.0033,2026-08-10 20:07:00,82
3256.061793,325.2087,325.05,325.6376,325.6376,325.05,2026-08-10 20:08:00,180
2797.0,325.8921,325.6693,325.97,325.97,325.6693,2026-08-10 20:09:00,114
2791.694924,326.0475,325.3679,326.14,326.14,325.3679,2026-08-10 20:10:00,67
2007.0,326.2099,326.05,326.29,326.38,325.97,2026-08-10 20:11:00,76
1161.030538,326.4035,326.3,326.35,326.5,326.3,2026-08-10 20:12:00,52
1060.0,326.5023,326.5045,326.5,326.5045,326.5,2026-08-10 20:13:00,36
776.016631,326.4007,326.3508,326.5,326.5,326.35,2026-08-10 20:14:00,48
1402.360788,326.9906,326.5,326.35,326.5,326.35,2026-08-10 20:15:00,44
266.005109,326.694,326.51,326.78,326.78,326.51,2026-08-10 20:16:00,33
272.51086,326.6861,326.68,326.6973,326.6973,326.68,2026-08-10 20:17:00,29
320.0,326.5859,326.69,326.4213,326.69,326.4213,2026-08-10 20:18:00,21
206.81866,326.579,326.69,326.69,326.69,326.69,2026-08-10 20:19:00,27
23906.0,326.3564,326.63,326.7,326.7,326.63,2026-08-10 20:20:00,31
171.0,326.727,326.71,326.71,326.71,326.71,2026-08-10 20:21:00,19
1452.061346,326.8175,326.8001,326.88,326.88,326.8001,2026-08-10 20:22:00,37
413.0,326.9644,326.9851,326.9851,326.9851,326.9851,2026-08-10 20:23:00,26
726.114373,326.9441,326.9942,326.81,327.0,326.81,2026-08-10 20:24:00,43
392.0,326.8926,326.8999,326.9,326.9,326.8999,2026-08-10 20:25:00,19
1160.0,327.0308,326.7887,327.1,327.18,326.7887,2026-08-10 20:26:00,29
690.313496,326.9762,327.1,326.7856,327.1,326.7856,2026-08-10 20:27:00,42
1042.0,326.8492,326.97,326.9,326.97,326.7629,2026-08-10 20:28:00,20
407.0,326.9144,326.86,326.94,326.94,326.86,2026-08-10 20:29:00,15
1360.030472,326.8344,326.9024,326.7606,326.9024,326.54,2026-08-10 20:30:00,50
231.09173,326.5525,326.5,326.5,326.5,326.5,2026-08-10 20:31:00,24
577.0,326.4085,326.36,326.4,326.4,326.36,2026-08-10 20:32:00,51
441.0,326.3919,326.4,326.4,326.4,326.37,2026-08-10 20:33:00,30
951.50212,326.3862,326.4,326.35,326.46,326.35,2026-08-10 20:34:00,45
369.0,326.2924,326.2782,326.3469,326.3469,326.2782,2026-08-10 20:35:00,30
319.26551,326.2647,326.4,326.21,326.4,326.21,2026-08-10 20:36:00,29
337.0,326.3818,326.4,326.4,326.4,326.4,2026-08-10 20:37:00,14
90.0,326.584,326.45,326.45,326.45,326.45,2026-08-10 20:38:00,11
3644.0,325.4821,325.15,326.1195,326.5,325.15,2026-08-10 20:40:00,22
105.0,326.4862,326.5,326.5,326.5,326.5,2026-08-10 20:41:00,13
1078.0,326.8061,326.78,326.95,326.95,326.78,2026-08-10 20:42:00,26
284.0,326.8602,326.94,326.94,326.94,326.94,2026-08-10 20:43:00,21
786.0,326.8595,326.7,326.93,326.93,326.7,2026-08-10 20:44:00,37
971.0,326.9066,326.8016,327.0,327.0,326.6039,2026-08-10 20:45:00,28
2647.0,327.0177,327.0,327.2,327.2,327.0,2026-08-10 20:46:00,23
1179.0,327.2998,327.22,327.38,327.38,327.2,2026-08-10 20:49:00,26
1147.329364,327.1276,327.29,327.0589,327.35,327.004,2026-08-10 20:50:00,44
155.0,327.3467,327.3715,327.3715,327.3715,327.3715,2026-08-10 20:51:00,9
591.0,327.0588,327.1,327.09,327.1,327.0324,2026-08-10 20:52:00,22
324.0,327.1215,327.04,327.22,327.22,327.0,2026-08-10 20:54:00,18
350.0,327.258,327.21,327.16,327.38,327.16,2026-08-10 20:56:00,11
217.0,327.1436,327.1,327.1,327.1,327.1,2026-08-10 20:57:00,13
762.0,327.221,327.2,327.22,327.25,327.2,2026-08-10 20:58:00,13
594.0,327.0432,327.1911,327.0,327.1911,327.0,2026-08-10 20:59:00,35
554.0,327.0534,327.1,327.0155,327.2,326.975,2026-08-10 21:00:00,29
583.0,327.0965,327.0969,327.0969,327.0969,327.0969,2026-08-10 21:01:00,22
445.0,327.0355,327.1,327.0,327.1,327.0,2026-08-10 21:02:00,28
632.392382,327.0114,327.0,327.01,327.01,327.0,2026-08-10 21:03:00,42
102.0,327.0126,327.0,327.0,327.0,327.0,2026-08-10 21:05:00,20
3013.0,326.9922,326.88,327.0,327.0,326.88,2026-08-10 21:07:00,90
430.0,326.9902,326.9987,326.99,326.9987,326.99,2026-08-10 21:08:00,9
454.0,327.0489,327.0,327.1,327.1,327.0,2026-08-10 21:09:00,23
506.0,327.056,327.0,327.05,327.18,327.0,2026-08-10 21:11:00,24
1533.648221,326.9799,327.0,326.98,327.0,326.915,2026-08-10 21:12:00,35
1443.466149,326.9976,326.98,327.04,327.06,326.96,2026-08-10 21:13:00,42
1623.0,327.0532,327.05,327.18,327.18,326.93,2026-08-10 21:14:00,40
621.0,327.213,327.18,327.26,327.26,327.18,2026-08-10 21:15:00,29
691.0,327.1431,327.1,327.1,327.25,327.0982,2026-08-10 21:16:00,20
760.0,326.9646,327.07,326.8,327.07,326.8,2026-08-10 21:18:00,52
390.0,326.7319,326.8,326.8,326.8,326.8,2026-08-10 21:19:00,34
658.0,326.4619,326.5,326.36,326.55,326.36,2026-08-10 21:20:00,54
170.87136,326.3901,326.455,326.455,326.455,326.455,2026-08-10 21:21:00,18
263.0,326.4574,326.5,326.5,326.5,326.5,2026-08-10 21:22:00,18
158.071815,326.3913,326.26,326.4535,326.4535,326.26,2026-08-10 21:23:00,11
186.0,326.2754,326.28,326.28,326.28,326.28,2026-08-10 21:26:00,13
2849.334648,326.2075,326.2001,326.28,326.28,326.2001,2026-08-10 21:29:00,24
492.0,326.6178,326.49,327.0,327.0,326.49,2026-08-10 21:30:00,14
194.0,326.8747,326.87,326.9268,326.9268,326.87,2026-08-10 21:31:00,8
589.0,326.7708,327.0,326.76,327.0,326.76,2026-08-10 21:32:00,39
142.0,326.9119,326.9196,326.9196,326.9196,326.9196,2026-08-10 21:33:00,11
146.0,326.8797,326.99,327.0,327.0,326.99,2026-08-10 21:34:00,12
1038.0,326.9952,327.0,326.8864,327.05,326.8864,2026-08-10 21:36:00,19
210.0,327.3597,327.36,327.36,327.36,327.36,2026-08-10 21:37:00,6
251.0,327.3537,327.3586,327.3877,327.3877,327.3586,2026-08-10 21:39:00,16
526.0,327.353,327.3556,327.3556,327.3556,327.3556,2026-08-10 21:40:00,12
124.0,327.3494,327.36,327.36,327.36,327.36,2026-08-10 21:41:00,12
98.047266,327.3604,327.42,327.42,327.42,327.42,2026-08-10 21:44:00,9
104.0,327.2972,327.3,327.3,327.3,327.3,2026-08-10 21:45:00,8
998.148118,327.2972,327.3,327.35,327.35,327.3,2026-08-10 21:46:00,25
605.0,327.2732,327.298,327.298,327.298,327.298,2026-08-10 21:48:00,13
2072.0,327.2912,327.24,327.3,327.3,327.24,2026-08-10 21:49:00,22
563.0,327.304,327.3,327.3,327.3,327.3,2026-08-10 21:50:00,15
548.0,327.3319,327.3,327.34,327.35,327.3,2026-08-10 21:51:00,15
661.0,327.2917,327.3,327.3,327.3,327.3,2026-08-10 21:52:00,24
176.0,327.1408,327.3,327.3,327.3,327.3,2026-08-10 21:54:00,18
469.0,327.0194,327.0,327.0,327.0,327.0,2026-08-10 21:55:00,19
305.0,327.199,327.2,327.2,327.2,327.2,2026-08-10 21:56:00,8
180.657895,327.1012,327.2,326.8786,327.2,326.8786,2026-08-10 21:57:00,16
1412.0,327.4,327.35,327.42,327.42,327.35,2026-08-10 22:00:00,32
191.0,327.0758,327.0,327.0,327.0,327.0,2026-08-10 22:01:00,9
289.722682,328.0218,328.1,328.0,328.1,328.0,2026-08-10 22:02:00,18
102.0,328.003,328.0,328.0,328.0,328.0,2026-08-10 22:03:00,10
128.0,327.8498,327.75,327.75,327.75,327.75,2026-08-10 22:05:00,14
548.0,327.869,327.8972,327.8972,327.8972,327.8972,2026-08-10 22:07:00,14
863.0,327.8923,327.9818,327.8591,327.9818,327.8591,2026-08-10 22:09:00,196
118.0,327.7228,327.98,327.98,327.98,327.98,2026-08-10 22:10:00,6
270.9,327.7743,327.7762,327.7762,327.7762,327.7762,2026-08-10 22:11:00,11
244.09287,327.4935,327.4,327.4099,327.41,327.4,2026-08-10 22:12:00,14
422.0,327.4288,327.41,327.4,327.42,327.4,2026-08-10 22:14:00,17
89.0,327.7411,327.7398,327.7398,327.7398,327.7398,2026-08-10 22:16:00,6
238.0,327.5795,327.7311,327.5,327.7311,327.5,2026-08-10 22:17:00,13
1149.0,327.7734,327.7402,327.79,327.79,327.7402,2026-08-10 22:18:00,9
548.0,327.6831,327.66,327.74,327.74,327.66,2026-08-10 22:19:00,23
1297.0,327.397,327.4,327.4,327.41,327.4,2026-08-10 22:21:00,30
188.0,326.9659,327.0,326.8,327.0,326.8,2026-08-10 22:23:00,16
457.0,326.92,326.91,327.0,327.0,326.91,2026-08-10 22:24:00,29
132.0,326.9389,326.87,326.87,326.87,326.87,2026-08-10 22:27:00,13
211.0,327.2756,327.29,327.29,327.29,327.29,2026-08-10 22:30:00,9
544.0,326.83,326.81,326.8,326.81,326.8,2026-08-10 22:31:00,27
221.0,326.9598,327.3,326.8952,327.3,326.7,2026-08-10 22:32:00,15
533.0,326.8628,326.6785,326.9835,327.0,326.6785,2026-08-10 22:34:00,22
137.0,326.9332,327.0,326.95,327.0,326.95,2026-08-10 22:36:00,9
75.0,326.7527,326.7438,326.7438,326.7438,326.7438,2026-08-10 22:37:00,8
1400.0,326.7451,326.75,326.72,326.95,326.72,2026-08-10 22:38:00,12
1035.0,326.6302,326.72,326.55,326.72,326.55,2026-08-10 22:39:00,68
208.5,326.2112,326.2,326.1,326.2,326.1,2026-08-10 22:40:00,29
2049.657895,326.006,326.06,326.0,326.06,326.0,2026-08-10 22:42:00,33
359.0,325.9957,325.98,325.98,325.98,325.98,2026-08-10 22:44:00,55
497.0,325.9641,325.98,326.01,326.01,325.86,2026-08-10 22:45:00,30
156.0,326.0826,326.1,326.1,326.1,326.1,2026-08-10 22:47:00,8
499.0,326.3378,326.11,326.5,326.5,326.11,2026-08-10 22:48:00,53
488.101408,326.3326,326.5,326.03,326.5,326.0101,2026-08-10 22:49:00,13
105.0,326.0243,326.01,326.01,326.01,326.01,2026-08-10 22:52:00,3
265.0,326.4744,326.1,326.5703,326.5703,326.1,2026-08-10 22:53:00,8
119.0,326.2551,326.32,326.32,326.32,326.32,2026-08-10 22:54:00,16
121.0,326.4476,326.47,326.47,326.47,326.47,2026-08-10 22:56:00,9
109.0,326.5047,326.58,326.58,326.58,326.58,2026-08-10 22:57:00,12
405.0,326.3369,326.5065,326.19,326.59,326.19,2026-08-10 22:58:00,16
487.0,326.0687,326.02,326.02,326.02,326.02,2026-08-10 23:00:00,26
136.0,326.2359,326.0,326.5,326.5,326.0,2026-08-10 23:01:00,9
112.0,326.1019,326.1006,326.1006,326.1006,326.1006,2026-08-10 23:02:00,6
295.0,325.9044,326.0,325.85,326.0,325.85,2026-08-10 23:03:00,28
265.0,325.6367,325.55,325.55,325.55,325.55,2026-08-10 23:05:00,16
178.0,325.535,325.5,325.5,325.5,325.5,2026-08-10 23:06:00,19
145.0,325.54,325.45,325.45,325.45,325.45,2026-08-10 23:07:00,18
461.0,325.4527,325.45,325.35,325.5,325.35,2026-08-10 23:09:00,22
297.0,325.7727,325.7,325.9,325.9,325.7,2026-08-10 23:11:00,13
150.0,325.656,325.7,325.7,325.7,325.7,2026-08-10 23:16:00,10
376.0,325.6768,325.68,325.6981,325.6981,325.68,2026-08-10 23:19:00,16
413.0,325.3723,325.5,325.3,325.5,325.3,2026-08-10 23:20:00,33
645.0,325.3117,325.57,325.2252,325.57,325.2252,2026-08-10 23:22:00,16
399.0,325.2115,325.3,325.3,325.3,325.3,2026-08-10 23:23:00,53
168.0,325.1408,325.2,325.2,325.2,325.2,2026-08-10 23:24:00,12
174.0,325.149,325.3227,325.3227,325.3227,325.3227,2026-08-10 23:25:00,22
308.0,325.1004,325.3,325.01,325.3,325.01,2026-08-10 23:26:00,17
342.0,325.2637,325.23,325.096,325.35,325.096,2026-08-10 23:27:00,18
622.0,325.3884,325.42,325.48,325.48,325.42,2026-08-10 23:28:00,29
351.0,325.3783,325.4056,325.4056,325.4056,325.4056,2026-08-10 23:29:00,17
3078.0,325.0179,325.0022,325.0,325.15,325.0,2026-08-10 23:30:00,130
1125.134057,324.8012,325.0,324.71,325.0,324.65,2026-08-10 23:31:00,75
605.0,324.7294,324.24,324.87,324.87,324.24,2026-08-10 23:32:00,20
654.578025,325.0176,325.0,325.0,325.0,324.99,2026-08-10 23:34:00,35
323.0,325.4263,325.43,325.43,325.43,325.43,2026-08-10 23:36:00,7
402.0,325.3049,325.4107,325.15,325.4107,325.15,2026-08-10 23:37:00,7
403.5075,325.0151,325.15,324.85,325.15,324.85,2026-08-10 23:39:00,48
524.0,324.8261,324.57,324.88,324.88,324.56,2026-08-10 23:40:00,18
463.03064,324.7616,324.5124,324.5124,324.5124,324.5124,2026-08-10 23:41:00,29
324.0,325.0747,325.2964,324.77,325.2964,324.77,2026-08-10 23:42:00,17
127.0,325.067,325.05,325.05,325.05,325.05,2026-08-10 23:43:00,5
701.0,325.1624,324.98,325.45,325.45,324.98,2026-08-10 23:44:00,22
4173.0,325.3646,325.3,325.5,325.5,325.3,2026-08-10 23:45:00,46
437.0,325.449,325.35,325.3589,325.7,325.35,2026-08-10 23:47:00,21
289.0,325.9605,326.0,326.15,326.15,326.0,2026-08-10 23:48:00,12
245.0,325.8581,325.8,325.8,325.8,325.8,2026-08-10 23:49:00,18
154.0,325.9148,325.95,325.95,325.95,325.95,2026-08-10 23:50:00,11
160.0,325.8228,325.8,325.8,325.8,325.8,2026-08-10 23:52:00,13
505.0,325.807,325.8,325.8,325.8,325.8,2026-08-10 23:53:00,11
876.307061,325.0925,325.0,325.15,325.155,325.0,2026-08-10 23:55:00,12
1334.0,325.8143,325.77,325.8,325.9815,325.77,2026-08-10 23:56:00,86
389.0,325.1295,325.0,325.0,325.17,325.0,2026-08-10 23:58:00,18
879.0,325.2639,325.1088,325.2105,325.6,325.1088,2026-08-10 23:59:00,14
