Volume,vw,Open,Close,High,Low,timestamp,n
200.0,160.0,160.0,160.0,160.0,160.0,2026-07-29 09:32:00,1
300.0,160.0,160.0,160.0,160.0,160.0,2026-07-29 09:53:00,5
126.0,161.7506,161.75,161.75,161.75,161.75,2026-07-29 10:57:00,2
557.0,161.0226,161.02,161.02,161.02,161.02,2026-07-29 11:02:00,8
118.0,162.0548,162.02,162.02,162.02,162.02,2026-07-29 11:10:00,18
519.0,161.4121,161.41,161.41,161.41,161.41,2026-07-29 11:19:00,10
104.0,161.679,161.68,161.68,161.68,161.68,2026-07-29 11:21:00,5
699.0,159.8327,159.82,159.87,159.87,159.82,2026-07-29 11:25:00,5
115.0,161.0403,161.02,161.02,161.02,161.02,2026-07-29 11:29:00,16
242.0,160.9298,160.92,160.92,160.92,160.92,2026-07-29 11:34:00,8
107.0,160.937,160.92,160.92,160.92,160.92,2026-07-29 11:35:00,8
312.0,160.9172,160.91,160.91,160.91,160.91,2026-07-29 11:37:00,10
165.0,161.0201,160.98,160.98,160.98,160.98,2026-07-29 11:40:00,5
142.0,159.3385,159.32,159.32,159.32,159.32,2026-07-29 11:41:00,7
571.0,160.7172,160.72,160.72,160.72,160.72,2026-07-29 11:55:00,7
566.0,160.2884,160.3,160.3,160.3,160.3,2026-07-29 11:57:00,20
1284.0,160.9314,161.01,161.01,161.01,161.01,2026-07-29 11:58:00,12
201.0,159.9932,160.0,160.0,160.0,160.0,2026-07-29 12:12:00,15
239.0,160.6551,160.65,160.7,160.7,160.65,2026-07-29 12:16:00,7
1007.0,161.9083,161.91,161.91,161.91,161.91,2026-07-29 12:28:00,8
613.0,161.8219,161.82,161.82,161.82,161.82,2026-07-29 12:29:00,9
358.0,160.2713,160.3,160.3,160.3,160.3,2026-07-29 12:34:00,12
925.0,160.3999,160.4,160.4,160.4,160.4,2026-07-29 12:35:00,14
173.0,160.8765,160.99,160.99,160.99,160.99,2026-07-29 12:38:00,14
144.0,161.1823,161.22,161.22,161.22,161.22,2026-07-29 12:42:00,15
137.0,160.9982,161.0,161.0,161.0,161.0,2026-07-29 12:50:00,6
188.0,160.6174,160.62,160.62,160.62,160.62,2026-07-29 12:59:00,5
322.0,160.7577,160.76,160.76,160.76,160.76,2026-07-29 13:01:00,4
415.0,161.4624,161.46,161.46,161.5,161.46,2026-07-29 13:09:00,13
115.0,161.5632,161.6,161.6,161.6,161.6,2026-07-29 13:11:00,12
18246.518887,162.9642,162.61,164.72,164.72,162.61,2026-07-29 13:30:00,176
2113.314034,164.684,164.77,163.275,165.0,163.275,2026-07-29 13:31:00,66
157.4104,164.8587,164.6,164.6,164.6,164.6,2026-07-29 13:32:00,15
498.063942,164.4034,164.5,164.5,164.5,164.5,2026-07-29 13:33:00,21
394.1211,163.9892,164.0,164.0,164.0,164.0,2026-07-29 13:34:00,16
1307.560667,163.899,164.215,163.7753,164.215,163.7753,2026-07-29 13:35:00,16
1302.0009,164.5127,164.89,164.21,164.89,164.21,2026-07-29 13:36:00,33
619.0,164.6503,164.75,164.75,164.75,164.75,2026-07-29 13:37:00,29
5534.120098,165.4202,164.85,166.31,166.31,164.0,2026-07-29 13:39:00,183
3710.041025,166.1457,166.25,166.28,166.44,165.52,2026-07-29 13:40:00,117
2464.05995,166.2912,166.26,166.26,166.57,166.26,2026-07-29 13:41:00,95
3373.5072,166.7447,166.21,167.0,167.0,166.21,2026-07-29 13:42:00,42
2487.008304,166.8833,166.995,167.31,167.31,166.585,2026-07-29 13:43:00,65
377.246205,167.0716,166.955,166.955,166.955,166.955,2026-07-29 13:44:00,20
5582.524361,167.9121,167.54,167.77,168.13,167.54,2026-07-29 13:45:00,174
1059.014411,167.7841,167.6,167.87,167.875,167.48,2026-07-29 13:46:00,35
1334.204325,167.491,167.44,167.52,167.53,167.42,2026-07-29 13:47:00,47
1320.441484,167.4011,167.24,167.27,167.27,167.22,2026-07-29 13:48:00,61
445.0,167.7403,167.37,167.37,167.37,167.37,2026-07-29 13:49:00,18
1038.492573,167.9992,167.88,167.89,167.89,167.88,2026-07-29 13:50:00,81
377.131,167.6584,167.07,167.07,167.07,167.07,2026-07-29 13:52:00,36
700.02364,167.7127,167.51,167.85,167.97,167.51,2026-07-29 13:53:00,30
501.086623,168.2132,168.36,168.36,168.36,168.36,2026-07-29 13:54:00,37
977.010157,167.7483,168.79,167.3229,168.79,167.3229,2026-07-29 13:55:00,21
1664.0,168.9973,168.705,169.108,169.24,168.705,2026-07-29 13:57:00,41
244.05241,169.145,169.1,169.24,169.24,169.1,2026-07-29 13:58:00,11
1563.030387,168.8108,169.23,169.24,169.24,168.6,2026-07-29 13:59:00,52
10369.5469,169.1417,169.12,169.0,169.5,168.87,2026-07-29 14:00:00,156
1995.041351,169.1046,169.1225,169.19,169.19,169.1225,2026-07-29 14:01:00,98
2942.14249,168.9268,168.67,168.99,169.25,168.65,2026-07-29 14:02:00,102
166.0635,169.4111,169.505,169.505,169.505,169.505,2026-07-29 14:03:00,16
3805.9723,169.9927,169.51,170.09,170.09,169.51,2026-07-29 14:04:00,141
1124.185995,170.2377,170.01,170.39,170.39,170.01,2026-07-29 14:05:00,47
3428.525068,170.0143,170.06,169.8,170.19,169.79,2026-07-29 14:06:00,101
688.496092,169.9729,169.88,169.89,169.89,169.88,2026-07-29 14:07:00,37
2641.19639,170.2332,170.25,170.23,170.44,169.8301,2026-07-29 14:08:00,78
4147.411136,170.0433,170.23,169.975,170.23,169.96,2026-07-29 14:09:00,66
1767.7497,169.9145,169.89,169.83,169.89,169.825,2026-07-29 14:10:00,46
3461.00765,169.8764,169.82,169.7625,170.06,169.7625,2026-07-29 14:11:00,89
2133.0006,169.8959,169.99,169.985,169.99,169.73,2026-07-29 14:12:00,76
2663.5539,169.6014,169.755,169.66,169.85,169.61,2026-07-29 14:13:00,82
853.004004,169.2195,169.27,169.28,169.28,169.27,2026-07-29 14:14:00,46
1604.08387,169.2307,169.24,169.24,169.24,168.99,2026-07-29 14:15:00,42
2922.0,169.2644,169.64,169.32,169.71,168.6501,2026-07-29 14:16:00,96
611.038228,169.359,169.255,169.255,169.255,169.255,2026-07-29 14:17:00,37
1356.0,169.6204,169.85,169.36,169.85,169.36,2026-07-29 14:18:00,52
3436.58738,170.1789,169.96,169.9953,170.47,169.96,2026-07-29 14:19:00,91
2653.0392,169.4982,169.51,169.15,169.51,169.15,2026-07-29 14:20:00,90
582.0,169.1622,168.96,169.24,169.24,168.96,2026-07-29 14:21:00,51
1013.143585,169.1062,169.18,169.18,169.18,169.18,2026-07-29 14:22:00,71
784.0,169.429,169.25,169.69,169.69,169.25,2026-07-29 14:23:00,41
1043.0,169.6817,169.809,169.829,169.83,169.77,2026-07-29 14:24:00,57
488.0,169.6519,169.78,169.78,169.78,169.78,2026-07-29 14:25:00,36
637.14742,169.5133,169.1985,169.34,169.34,169.1985,2026-07-29 14:26:00,36
1527.0,169.7422,169.78,169.81,169.83,169.43,2026-07-29 14:27:00,54
2278.06073,169.7326,169.85,169.78,169.92,169.645,2026-07-29 14:28:00,59
1809.314,169.6753,169.64,169.71,169.84,169.62,2026-07-29 14:29:00,64
2689.0,169.6585,169.675,169.62,169.891,169.62,2026-07-29 14:30:00,98
464.1181,169.6829,169.82,169.82,169.82,169.82,2026-07-29 14:31:00,42
659.0,169.5619,169.75,169.475,169.75,169.475,2026-07-29 14:32:00,34
3231.12394,169.7057,169.688,169.41,169.81,169.41,2026-07-29 14:33:00,85
2138.003,170.1094,169.97,170.3,170.3,169.97,2026-07-29 14:34:00,93
2046.0,170.2783,170.115,170.335,170.71,170.1001,2026-07-29 14:35:00,30
3058.0,170.582,170.245,170.345,170.73,170.245,2026-07-29 14:36:00,72
3206.265063,170.5791,170.46,170.83,170.835,170.37,2026-07-29 14:37:00,124
1526.531094,170.7986,170.73,170.865,170.865,170.73,2026-07-29 14:38:00,56
967.5,170.8477,170.865,170.86,170.865,170.46,2026-07-29 14:39:00,31
6225.077798,170.8401,170.86,170.835,171.235,170.32,2026-07-29 14:40:00,156
2450.0,170.8735,171.07,171.02,171.08,170.82,2026-07-29 14:41:00,77
544.0051,171.0004,171.07,170.975,171.07,170.975,2026-07-29 14:42:00,40
722.00584,171.1161,171.27,171.048,171.27,171.048,2026-07-29 14:43:00,39
776.633309,171.2493,171.0775,171.22,171.22,171.0775,2026-07-29 14:44:00,53
1174.548416,171.1859,171.09,171.31,171.31,171.0,2026-07-29 14:45:00,29
2165.0,171.0279,171.29,170.89,171.29,170.88,2026-07-29 14:46:00,68
2821.0,170.8752,170.875,171.06,171.06,170.695,2026-07-29 14:47:00,64
468.0,170.9773,171.16,171.16,171.16,171.16,2026-07-29 14:48:00,32
3480.0,170.723,170.99,170.89,170.99,170.54,2026-07-29 14:49:00,99
3566.12,170.4823,170.5,170.49,170.68,170.1069,2026-07-29 14:50:00,93
4349.88942,170.3427,170.19,169.961,170.73,169.961,2026-07-29 14:51:00,78
796.0,170.5135,170.25,170.56,170.56,170.25,2026-07-29 14:52:00,29
1883.98092,170.8107,170.43,170.77,170.97,170.43,2026-07-29 14:53:00,76
520.0918,170.787,170.475,170.94,170.94,170.475,2026-07-29 14:54:00,29
2902.0,170.929,170.95,170.815,171.0,170.685,2026-07-29 14:55:00,71
1541.4991,170.8901,170.6801,170.97,170.97,170.6801,2026-07-29 14:56:00,62
597.52344,171.1144,171.0,171.0,171.0,171.0,2026-07-29 14:57:00,42
2920.667659,170.8778,170.83,170.82,170.95,170.82,2026-07-29 14:58:00,62
5940.602006,170.7315,170.645,170.73,170.89,170.62,2026-07-29 14:59:00,146
2068.454513,170.7156,170.56,170.86,170.86,170.56,2026-07-29 15:00:00,47
5623.0,170.737,170.765,170.71,170.96,170.53,2026-07-29 15:01:00,69
345.003,170.594,170.71,170.71,170.71,170.71,2026-07-29 15:03:00,20
1173.0,170.6778,170.71,170.67,170.77,170.52,2026-07-29 15:04:00,40
2028.95355,170.6696,170.55,170.7,170.76,170.52,2026-07-29 15:05:00,83
2117.238073,170.6227,170.76,170.67,170.76,170.535,2026-07-29 15:06:00,54
2118.732,170.7582,170.74,170.8,170.8,170.57,2026-07-29 15:07:00,75
1073.4835,170.8021,170.71,170.79,170.79,170.71,2026-07-29 15:08:00,38
930.0,170.7662,170.65,170.79,170.79,170.65,2026-07-29 15:09:00,38
663.0,170.7209,170.78,170.75,170.78,170.75,2026-07-29 15:10:00,30
1146.0575,170.6109,170.58,170.77,170.77,170.58,2026-07-29 15:12:00,48
714.62,170.7803,170.585,170.799,170.799,170.585,2026-07-29 15:13:00,48
5609.0,170.4659,170.78,170.28,170.78,170.28,2026-07-29 15:14:00,192
1919.1338,170.3135,170.28,170.36,170.47,170.24,2026-07-29 15:15:00,48
3200.0,170.4114,170.37,170.55,170.55,170.37,2026-07-29 15:16:00,127
737.0,170.5503,170.61,170.63,170.63,170.465,2026-07-29 15:17:00,43
605.406,170.5899,170.45,170.63,170.63,170.45,2026-07-29 15:18:00,33
980.87617,170.7249,170.2,170.63,170.63,170.2,2026-07-29 15:19:00,41
1974.294,170.735,170.55,170.81,170.81,170.55,2026-07-29 15:20:00,106
2335.4436,170.5938,170.65,170.58,170.65,170.38,2026-07-29 15:21:00,102
2339.767996,170.5252,170.71,170.36,170.71,170.26,2026-07-29 15:22:00,65
917.0,170.2948,170.24,170.21,170.495,170.21,2026-07-29 15:23:00,29
2257.036253,170.303,170.19,170.62,170.62,170.15,2026-07-29 15:24:00,82
808.0,170.5108,170.4,170.6,170.6,170.4,2026-07-29 15:25:00,34
563.0,170.5235,170.63,170.63,170.63,170.63,2026-07-29 15:26:00,32
1070.0,170.5421,170.63,170.6,170.63,170.41,2026-07-29 15:27:00,38
783.909,170.7251,170.58,170.63,170.63,170.58,2026-07-29 15:28:00,32
1643.02931,170.5641,170.63,170.56,170.63,170.56,2026-07-29 15:29:00,57
1288.058624,170.5057,170.42,170.425,170.58,170.42,2026-07-29 15:30:00,33
4540.23,170.8803,170.63,171.0211,171.17,170.63,2026-07-29 15:32:00,175
1432.164704,171.0451,171.1101,171.11,171.1101,171.11,2026-07-29 15:33:00,54
825.476993,171.2599,171.2,171.23,171.23,171.2,2026-07-29 15:34:00,44
3432.0,171.04,171.175,171.21,171.21,170.97,2026-07-29 15:35:00,57
2082.552009,171.2262,171.125,171.18,171.25,171.125,2026-07-29 15:36:00,40
554.0,171.1008,171.11,171.21,171.21,171.11,2026-07-29 15:37:00,22
2554.2039,171.365,171.29,171.44,171.44,171.29,2026-07-29 15:38:00,122
3227.0,171.3326,171.4,171.21,171.4,171.075,2026-07-29 15:39:00,87
979.06,171.2385,171.23,171.22,171.23,171.22,2026-07-29 15:40:00,19
1284.920219,171.4379,171.22,171.51,171.51,171.22,2026-07-29 15:41:00,30
701.0,171.3751,171.52,171.09,171.52,171.09,2026-07-29 15:43:00,46
2326.0,171.2377,171.48,171.559,171.559,170.9401,2026-07-29 15:44:00,49
2915.203,171.6305,171.56,171.77,171.77,171.56,2026-07-29 15:45:00,102
1138.0,171.7121,171.77,171.75,171.77,171.75,2026-07-29 15:46:00,33
1534.007,171.713,171.76,171.76,171.76,171.76,2026-07-29 15:48:00,48
4016.17133,171.7876,171.769,171.72,171.9,171.72,2026-07-29 15:49:00,125
4331.0945,171.4856,171.81,171.13,171.81,171.13,2026-07-29 15:50:00,119
551.58783,171.1187,170.85,170.92,170.97,170.85,2026-07-29 15:52:00,20
1039.0,171.2222,171.13,171.13,171.13,171.13,2026-07-29 15:53:00,45
725.0,171.1306,171.18,171.135,171.18,171.08,2026-07-29 15:54:00,37
1109.0,171.2269,171.23,171.28,171.28,171.23,2026-07-29 15:56:00,49
926.609712,171.4409,171.33,171.315,171.33,171.315,2026-07-29 15:57:00,68
2503.0,171.4695,171.44,171.5,171.5,171.44,2026-07-29 15:58:00,56
1767.0,171.5086,171.5,171.4,171.5,171.4,2026-07-29 15:59:00,52
911.64159,171.7696,171.55,171.55,171.55,171.55,2026-07-29 16:00:00,46
427.178,171.6847,171.63,171.63,171.63,171.63,2026-07-29 16:02:00,19
1540.6,171.8564,171.845,171.8,171.845,171.8,2026-07-29 16:04:00,74
1890.5028,171.9666,171.9,172.04,172.04,171.715,2026-07-29 16:07:00,103
1190.0,172.0184,172.05,172.0568,172.0568,172.05,2026-07-29 16:08:00,36
1764.0,172.0496,171.94,171.94,171.94,171.94,2026-07-29 16:09:00,51
3443.415,172.1252,172.07,172.005,172.21,172.005,2026-07-29 16:10:00,99
1637.13137,171.9549,172.105,171.93,172.105,171.86,2026-07-29 16:12:00,60
1289.3,171.9448,171.78,171.92,172.0,171.78,2026-07-29 16:13:00,42
681.13108,171.8286,171.7415,171.74,171.7415,171.74,2026-07-29 16:14:00,43
680.0,171.8263,171.83,171.69,171.94,171.69,2026-07-29 16:15:00,23
2064.0,171.8394,171.845,171.84,171.845,171.8375,2026-07-29 16:16:00,28
628.0,171.9132,171.885,171.885,171.885,171.885,2026-07-29 16:18:00,32
1260.602,171.8633,171.885,171.7,171.89,171.7,2026-07-29 16:19:00,40
719.8614,172.0456,171.79,171.9099,171.9099,171.79,2026-07-29 16:20:00,24
415.01611,171.8511,171.835,171.9374,171.9374,171.835,2026-07-29 16:21:00,22
1189.0,171.9415,172.01,172.01,172.01,172.01,2026-07-29 16:22:00,89
7217.6666,171.9719,172.08,172.11,172.11,171.92,2026-07-29 16:23:00,75
1008.223598,172.203,172.105,172.2,172.2,172.105,2026-07-29 16:24:00,39
727.0,172.1273,172.07,172.18,172.18,172.07,2026-07-29 16:25:00,30
629.0,172.0035,172.055,172.005,172.055,172.0,2026-07-29 16:26:00,25
2133.581,171.8287,171.91,171.615,171.92,171.615,2026-07-29 16:28:00,45
694.0,171.7642,171.635,171.635,171.635,171.635,2026-07-29 16:30:00,28
172.039,171.7069,171.62,171.62,171.62,171.62,2026-07-29 16:31:00,16
758.0,171.4881,171.59,171.3417,171.59,171.3417,2026-07-29 16:32:00,35
837.284467,171.4632,171.39,171.35,171.39,171.325,2026-07-29 16:33:00,32
2558.0,171.6648,171.75,171.57,171.76,171.57,2026-07-29 16:34:00,79
2104.0,171.4515,171.3725,171.37,171.3725,171.365,2026-07-29 16:35:00,56
2726.358,171.1967,171.0825,171.28,171.28,171.055,2026-07-29 16:37:00,86
709.0,171.1686,171.1301,171.1301,171.1301,171.1301,2026-07-29 16:38:00,18
1957.05,171.2037,171.13,171.13,171.13,171.13,2026-07-29 16:39:00,59
1777.0,170.999,171.12,170.85,171.16,170.85,2026-07-29 16:40:00,63
1771.1172,170.8223,171.03,170.74,171.03,170.74,2026-07-29 16:41:00,35
2207.704948,170.8008,170.735,170.735,170.735,170.7175,2026-07-29 16:42:00,91
2788.693,170.9558,170.715,170.93,171.02,170.715,2026-07-29 16:43:00,109
2445.0007,171.0367,171.03,171.1275,171.1275,171.03,2026-07-29 16:44:00,97
1603.612353,171.1481,171.02,171.02,171.02,171.02,2026-07-29 16:45:00,50
1782.37611,171.1768,171.245,170.9751,171.27,170.9751,2026-07-29 16:46:00,40
1095.13828,171.1261,171.05,171.05,171.05,171.05,2026-07-29 16:48:00,70
1235.0,171.164,171.06,171.06,171.06,171.06,2026-07-29 16:49:00,64
1440.0,171.1795,171.23,171.12,171.23,171.12,2026-07-29 16:50:00,61
1868.0,171.2714,171.35,171.28,171.35,171.28,2026-07-29 16:52:00,61
1471.29941,171.1693,171.1,171.02,171.1,171.02,2026-07-29 16:53:00,59
2651.0058,171.2054,171.23,171.23,171.23,171.165,2026-07-29 16:54:00,69
1499.0,171.1626,171.12,171.2295,171.2295,171.095,2026-07-29 16:55:00,44
1333.0,171.1353,171.01,171.075,171.075,171.01,2026-07-29 16:56:00,53
3477.0,171.2408,171.23,170.9515,171.42,170.9515,2026-07-29 16:57:00,126
3023.0,171.5018,171.45,171.61,171.61,171.45,2026-07-29 16:58:00,106
4217.0,171.5932,171.73,171.565,171.73,171.53,2026-07-29 16:59:00,122
995.349611,171.7065,171.73,171.73,171.73,171.73,2026-07-29 17:00:00,37
2515.0131,171.7659,171.73,171.75,171.75,171.73,2026-07-29 17:03:00,86
1455.0,171.6209,171.55,171.68,171.68,171.49,2026-07-29 17:04:00,40
1030.1,171.6598,171.8637,171.55,171.8637,171.47,2026-07-29 17:05:00,37
791.0,171.6264,171.635,171.63,171.635,171.63,2026-07-29 17:06:00,25
1495.0,171.5014,171.54,171.53,171.55,171.41,2026-07-29 17:07:00,37
3357.8563,171.4477,171.53,171.33,171.53,171.33,2026-07-29 17:08:00,83
1667.231,171.1775,171.16,171.05,171.245,171.0,2026-07-29 17:09:00,42
1190.05,171.0926,171.05,170.99,171.05,170.99,2026-07-29 17:10:00,39
759.0,171.0337,171.0,171.0,171.0,171.0,2026-07-29 17:11:00,30
1472.12,170.8674,170.855,170.855,170.855,170.855,2026-07-29 17:14:00,46
1388.308009,170.6807,170.85,170.68,170.85,170.63,2026-07-29 17:15:00,42
895.0,170.5722,170.6,170.6,170.6,170.6,2026-07-29 17:17:00,37
711.0,170.6476,170.67,170.67,170.67,170.67,2026-07-29 17:18:00,43
756.0,170.7687,170.715,170.715,170.715,170.715,2026-07-29 17:21:00,37
1699.87,170.9644,170.84,170.94,170.95,170.84,2026-07-29 17:24:00,64
1221.0,170.9147,170.93,171.0,171.0,170.93,2026-07-29 17:25:00,41
2601.29241,170.9759,170.87,170.89,170.89,170.87,2026-07-29 17:26:00,104
1693.079849,170.9305,170.835,170.92,171.06,170.835,2026-07-29 17:28:00,57
452.0,170.9145,170.91,170.905,170.91,170.905,2026-07-29 17:32:00,26
825.0,170.8828,170.905,170.905,170.905,170.905,2026-07-29 17:33:00,43
488.0,170.8028,170.8,170.8,170.8,170.8,2026-07-29 17:34:00,34
315.0,170.9342,170.9999,170.9999,170.9999,170.9999,2026-07-29 17:35:00,13
482.0,170.8099,170.93,170.93,170.93,170.93,2026-07-29 17:36:00,33
924.0,170.8743,171.0,170.72,171.0,170.72,2026-07-29 17:37:00,40
2014.0,170.731,170.72,170.83,170.83,170.7,2026-07-29 17:38:00,60
1652.017623,170.9463,170.85,170.99,170.99,170.85,2026-07-29 17:39:00,48
917.05842,171.0446,171.03,171.088,171.088,171.03,2026-07-29 17:40:00,40
701.0,171.0563,171.09,171.09,171.09,171.09,2026-07-29 17:41:00,41
630.0,171.1011,171.15,171.15,171.15,171.15,2026-07-29 17:42:00,46
1016.0,171.2558,171.29,171.29,171.29,171.27,2026-07-29 17:44:00,69
723.0,171.2318,171.185,171.185,171.185,171.185,2026-07-29 17:45:00,38
527.5935,171.4559,171.1598,171.1598,171.1598,171.1598,2026-07-29 17:47:00,23
3891.22,171.2392,171.27,171.12,171.335,171.12,2026-07-29 17:49:00,86
2289.0,171.2928,171.2,171.615,171.615,171.2,2026-07-29 17:50:00,93
284.0,171.1219,171.12,171.1,171.12,171.1,2026-07-29 17:51:00,14
428.0,171.2696,171.35,171.24,171.35,171.24,2026-07-29 17:53:00,20
853.871379,171.5067,171.37,171.37,171.37,171.37,2026-07-29 17:54:00,27
265.0,171.3186,171.385,171.385,171.385,171.385,2026-07-29 17:55:00,20
446.0,171.4024,171.39,171.41,171.41,171.39,2026-07-29 17:56:00,17
1101.21732,171.332,171.4,171.35,171.4,171.16,2026-07-29 17:57:00,43
869.0,171.3914,171.26,171.21,171.26,171.21,2026-07-29 17:58:00,41
1410.041,171.5303,171.44,171.445,171.445,171.44,2026-07-29 17:59:00,61
1639.6861,171.913,171.71,171.84,171.84,171.71,2026-07-29 18:00:00,88
766.290453,172.5077,172.215,172.48,172.48,172.215,2026-07-29 18:01:00,46
9562.0,172.1901,172.06,171.74,172.54,171.74,2026-07-29 18:02:00,128
1738.0,171.8921,171.83,171.79,172.0,171.79,2026-07-29 18:03:00,113
1620.0,171.5895,171.63,171.39,171.775,171.39,2026-07-29 18:05:00,63
915.0,171.3102,171.19,171.19,171.19,171.19,2026-07-29 18:06:00,44
1142.876232,171.3391,171.19,170.855,171.19,170.8,2026-07-29 18:07:00,33
461.0,170.8197,170.87,170.87,170.87,170.87,2026-07-29 18:08:00,26
1315.0,171.0359,170.84,170.87,170.87,170.84,2026-07-29 18:09:00,40
478.0,171.2146,171.37,171.02,171.37,171.02,2026-07-29 18:11:00,38
1739.0,171.235,171.24,171.255,171.255,171.24,2026-07-29 18:14:00,58
1215.150457,171.6794,171.48,171.76,171.76,171.48,2026-07-29 18:17:00,66
1095.10472,172.0057,172.08,172.11,172.11,172.08,2026-07-29 18:18:00,53
2237.0083,171.8752,171.91,171.85,172.01,171.85,2026-07-29 18:19:00,98
709.0,171.6772,171.53,171.53,171.53,171.53,2026-07-29 18:20:00,31
495.163172,171.5019,171.42,171.42,171.42,171.42,2026-07-29 18:22:00,32
536.042783,171.4682,171.29,171.61,171.61,171.29,2026-07-29 18:23:00,22
1479.0,171.361,171.42,171.19,171.42,171.19,2026-07-29 18:24:00,52
1837.0,171.258,171.335,171.285,171.335,171.19,2026-07-29 18:26:00,39
1634.940602,171.2445,171.23,171.21,171.23,171.06,2026-07-29 18:27:00,52
1196.0,171.2633,171.235,171.235,171.235,171.235,2026-07-29 18:28:00,59
3116.25949,171.1593,171.25,171.19,171.255,170.91,2026-07-29 18:29:00,66
386.089655,171.0866,171.0,171.0,171.0,171.0,2026-07-29 18:30:00,32
915.0,171.013,171.01,171.01,171.01,171.01,2026-07-29 18:32:00,32
727.291026,171.1264,170.98,170.99,171.23,170.98,2026-07-29 18:33:00,33
876.332,171.2989,171.39,171.235,171.39,171.235,2026-07-29 18:34:00,41
1085.524092,171.3132,171.44,171.44,171.44,171.44,2026-07-29 18:35:00,34
1009.1459,171.2382,171.235,171.235,171.235,171.235,2026-07-29 18:36:00,41
588.000939,171.3005,171.235,171.44,171.44,171.235,2026-07-29 18:37:00,26
4192.16315,171.431,171.42,171.305,171.5,171.305,2026-07-29 18:38:00,157
1836.029,171.3911,171.335,171.335,171.335,171.335,2026-07-29 18:39:00,61
438.003,171.2927,171.325,171.325,171.325,171.325,2026-07-29 18:41:00,37
3783.04127,171.1083,171.1,171.1425,171.225,170.955,2026-07-29 18:42:00,135
3435.01168,171.1638,171.15,171.16,171.195,171.15,2026-07-29 18:44:00,84
501.0,171.1026,171.005,171.12,171.12,171.005,2026-07-29 18:45:00,25
1145.0,171.1161,171.03,171.005,171.03,171.005,2026-07-29 18:47:00,48
1577.003776,171.119,171.005,171.04,171.04,171.005,2026-07-29 18:48:00,47
4647.0,171.1117,171.26,171.045,171.26,171.045,2026-07-29 18:49:00,126
700.0,170.8054,170.91,170.75,170.91,170.75,2026-07-29 18:50:00,33
666.0,170.6962,170.7392,170.61,170.7392,170.61,2026-07-29 18:51:00,41
2036.018949,170.4262,170.47,170.35,170.47,170.225,2026-07-29 18:52:00,74
1431.0,170.3867,170.43,170.38,170.43,170.25,2026-07-29 18:53:00,61
1449.0,170.2733,170.26,170.26,170.26,170.09,2026-07-29 18:54:00,48
4965.0,170.5455,170.46,170.4,170.71,170.4,2026-07-29 18:55:00,156
2288.03523,170.4774,170.69,170.46,170.7,170.39,2026-07-29 18:56:00,59
773.0,170.5253,170.47,170.47,170.47,170.47,2026-07-29 18:57:00,32
2670.25738,170.2532,170.47,170.3,170.47,170.13,2026-07-29 18:58:00,97
2092.0,170.3299,170.435,170.08,170.495,169.99,2026-07-29 18:59:00,55
1106.193088,170.1526,169.935,170.115,170.115,169.935,2026-07-29 19:00:00,58
1890.0,169.6345,169.66,169.575,169.67,169.565,2026-07-29 19:01:00,38
509.0,169.5996,169.26,169.26,169.26,169.26,2026-07-29 19:02:00,32
1109.0,169.752,169.68,169.685,169.71,169.68,2026-07-29 19:03:00,39
6318.889796,169.6054,169.56,169.92,169.92,169.27,2026-07-29 19:04:00,86
879.04723,169.7283,169.6,169.615,169.91,169.38,2026-07-29 19:05:00,43
6874.04711,169.5776,169.79,169.555,169.79,169.52,2026-07-29 19:06:00,104
1453.08444,169.646,169.56,169.49,169.56,169.4,2026-07-29 19:07:00,55
3163.0,169.7443,169.37,169.73,169.8,169.37,2026-07-29 19:08:00,134
1876.0,169.7776,169.73,169.73,169.92,169.725,2026-07-29 19:09:00,69
1499.943292,169.818,169.73,169.58,169.73,169.58,2026-07-29 19:10:00,40
387.0,169.6874,169.64,169.64,169.64,169.64,2026-07-29 19:11:00,23
1422.970272,169.8151,169.69,169.7,169.785,169.56,2026-07-29 19:12:00,54
1372.0,169.7521,169.69,169.89,169.89,169.69,2026-07-29 19:13:00,43
899.0,169.708,169.7,169.7,169.7,169.7,2026-07-29 19:14:00,41
3853.1,169.9201,169.89,170.09,170.09,169.89,2026-07-29 19:15:00,163
1215.0,170.0245,170.02,170.22,170.22,170.02,2026-07-29 19:16:00,43
3287.0,170.2305,170.24,170.3,170.3,170.24,2026-07-29 19:17:00,101
1756.671124,170.2935,170.17,170.21,170.3,170.155,2026-07-29 19:18:00,43
1442.005811,170.2003,170.21,170.0975,170.215,170.0975,2026-07-29 19:19:00,37
1234.0,170.1995,170.175,170.35,170.35,170.115,2026-07-29 19:21:00,58
785.0,170.3121,170.28,170.34,170.34,170.28,2026-07-29 19:22:00,35
3442.0,170.2231,170.26,170.21,170.26,170.21,2026-07-29 19:23:00,79
3114.01466,170.0918,170.11,170.04,170.11,170.015,2026-07-29 19:24:00,64
2324.0,170.0347,170.01,170.0,170.17,169.98,2026-07-29 19:25:00,42
3057.211,170.0136,169.985,170.135,170.135,169.92,2026-07-29 19:26:00,66
308.0,170.0255,169.98,169.98,169.98,169.98,2026-07-29 19:27:00,21
4149.3415,170.1875,169.95,170.3,170.34,169.93,2026-07-29 19:29:00,130
2411.0,170.1798,170.16,170.16,170.165,170.16,2026-07-29 19:30:00,80
5946.308822,170.4006,170.1701,170.49,170.6,170.1701,2026-07-29 19:31:00,256
4256.00191,170.5981,170.7,170.59,170.73,170.47,2026-07-29 19:32:00,109
2025.0,170.3277,170.44,170.005,170.44,170.005,2026-07-29 19:33:00,81
2038.07925,170.378,170.4,170.315,170.49,170.21,2026-07-29 19:34:00,98
2162.0,170.4389,170.475,170.475,170.4751,170.29,2026-07-29 19:35:00,31
2370.08708,170.5955,170.47,170.73,170.73,170.47,2026-07-29 19:36:00,87
1830.0,170.7688,170.85,170.73,170.88,170.73,2026-07-29 19:37:00,82
3581.33838,170.59,170.6,170.57,170.65,170.54,2026-07-29 19:38:00,69
940.02928,170.6271,170.66,170.83,170.83,170.51,2026-07-29 19:39:00,47
936.871853,170.7128,170.55,170.455,170.55,170.455,2026-07-29 19:40:00,76
2563.0,170.515,170.4,170.55,170.62,170.4,2026-07-29 19:41:00,86
1910.91876,170.5921,170.45,170.515,170.61,170.45,2026-07-29 19:42:00,83
6604.58865,170.6242,170.41,170.61,170.75,170.41,2026-07-29 19:43:00,209
1284.293,170.5088,170.56,170.28,170.56,170.28,2026-07-29 19:44:00,51
2556.77928,170.5447,170.43,170.54,170.54,170.43,2026-07-29 19:45:00,73
3195.807,170.4813,170.365,170.42,170.55,170.365,2026-07-29 19:46:00,101
1685.0,170.4262,170.26,170.33,170.43,170.24,2026-07-29 19:47:00,44
4400.17686,170.4275,170.27,170.4,170.55,170.27,2026-07-29 19:48:00,119
5778.275,170.406,170.305,170.2075,170.54,170.2075,2026-07-29 19:49:00,181
11980.096577,170.5673,170.39,170.545,170.75,170.31,2026-07-29 19:50:00,278
5658.0,170.5834,170.545,170.16,170.68,170.16,2026-07-29 19:51:00,97
3440.46854,170.4994,170.475,170.395,170.53,170.27,2026-07-29 19:52:00,93
5655.29597,170.4641,170.445,170.52,170.53,170.38,2026-07-29 19:53:00,172
7951.29314,170.4618,170.44,170.35,170.55,170.34,2026-07-29 19:54:00,233
17517.0,169.8542,170.1925,169.7,170.1925,169.67,2026-07-29 19:55:00,311
5046.0,169.9783,170.02,169.96,170.03,169.71,2026-07-29 19:56:00,165
20865.0,170.1273,170.07,169.95,170.26,169.95,2026-07-29 19:57:00,387
22374.1241,169.8676,169.87,169.735,170.05,169.735,2026-07-29 19:58:00,491
73588.0,169.2473,169.73,168.92,169.74,168.9,2026-07-29 19:59:00,1212
4297.5539,168.9424,168.92,168.92,168.92,168.92,2026-07-29 20:04:00,42
124.0,167.9749,167.96,167.96,167.96,167.96,2026-07-30 10:18:00,10
117.0,167.8118,167.81,167.81,167.81,167.81,2026-07-30 10:44:00,4
122.0,166.1989,166.2,166.2,166.2,166.2,2026-07-30 10:56:00,6
166.0,166.936,166.92,166.92,166.92,166.92,2026-07-30 11:02:00,14
943.0,166.6125,166.72,166.0,166.72,166.0,2026-07-30 11:06:00,28
212.0,166.2181,166.33,166.33,166.33,166.33,2026-07-30 11:09:00,14
498.020121,164.6839,164.42,164.42,164.42,164.42,2026-07-30 11:10:00,5
122.0,164.7083,164.71,164.71,164.71,164.71,2026-07-30 11:19:00,4
206.0,165.4676,165.45,165.5,165.5,165.45,2026-07-30 11:25:00,8
275.0,165.174,165.2,165.22,165.22,165.2,2026-07-30 11:27:00,13
113.0,165.4859,165.41,165.41,165.41,165.41,2026-07-30 11:30:00,5
378.0,165.4086,165.41,165.41,165.41,165.41,2026-07-30 11:48:00,9
538.0,165.2966,165.31,165.31,165.31,165.31,2026-07-30 11:49:00,10
261.0,165.1812,165.19,165.19,165.19,165.19,2026-07-30 11:51:00,8
102.0,164.9925,165.0,165.0,165.0,165.0,2026-07-30 11:52:00,3
991.0,165.0963,165.1,165.1,165.1,165.1,2026-07-30 11:58:00,15
315.0,165.1534,165.5,165.0,165.5,165.0,2026-07-30 11:59:00,8
570.0,165.1139,165.11,165.11,165.11,165.11,2026-07-30 12:01:00,17
382.0,166.24,166.6119,166.6119,166.6119,166.6119,2026-07-30 12:14:00,6
501.0,165.1191,165.12,165.12,165.12,165.12,2026-07-30 12:21:00,2
123.0,165.3239,165.32,165.32,165.32,165.32,2026-07-30 12:23:00,6
643.0,165.0915,165.02,165.5,165.5,165.02,2026-07-30 12:37:00,11
197.0,165.2614,165.12,165.12,165.12,165.12,2026-07-30 12:46:00,21
302.0,164.9966,165.01,164.99,165.01,164.99,2026-07-30 12:48:00,5
111.0,165.0377,165.05,165.05,165.05,165.05,2026-07-30 12:49:00,10
210.0,164.873,164.87,164.87,164.87,164.87,2026-07-30 12:55:00,8
330.0,164.8942,164.95,164.95,164.95,164.95,2026-07-30 12:57:00,18
153.0,165.6807,165.7,165.7,165.7,165.7,2026-07-30 12:59:00,4
294.0,165.1515,165.29,165.29,165.29,165.29,2026-07-30 13:30:00,7
517.071013,165.93,166.05,165.44,166.05,165.44,2026-07-30 13:31:00,11
10655.848835,164.174,164.22,163.565,165.0,163.54,2026-07-30 13:33:00,89
2039.03801,162.8413,162.75,162.77,163.0579,162.73,2026-07-30 13:34:00,57
2704.3089,162.6731,162.75,162.89,163.02,162.28,2026-07-30 13:35:00,96
728.19929,163.2858,163.255,163.255,163.255,163.255,2026-07-30 13:36:00,26
1506.0,163.6705,163.845,163.535,163.845,163.535,2026-07-30 13:37:00,39
1863.0,162.7703,162.65,163.23,163.245,162.15,2026-07-30 13:39:00,93
594.042517,163.009,162.67,162.67,162.67,162.67,2026-07-30 13:40:00,39
945.227434,163.2392,163.6,163.62,163.62,163.6,2026-07-30 13:41:00,126
672.945833,162.8974,162.6,162.59,162.6,162.59,2026-07-30 13:42:00,31
724.0,163.1751,163.42,162.715,163.42,162.715,2026-07-30 13:44:00,22
1587.7069,163.5613,163.565,163.19,163.565,163.19,2026-07-30 13:45:00,37
1696.874346,163.2929,162.82,163.395,163.395,162.82,2026-07-30 13:46:00,51
1791.0,162.7831,162.85,162.62,162.92,162.62,2026-07-30 13:47:00,48
2048.027033,161.9627,162.05,161.98,162.05,161.39,2026-07-30 13:48:00,45
3183.0,162.5454,162.13,163.04,163.04,162.13,2026-07-30 13:49:00,88
2355.0004,162.6961,162.69,163.1199,163.1199,162.01,2026-07-30 13:50:00,68
1161.117111,162.3974,162.5,162.53,162.53,162.5,2026-07-30 13:51:00,49
2307.10448,162.1658,162.365,162.08,162.365,162.08,2026-07-30 13:52:00,35
4969.000589,162.0662,162.65,161.735,162.65,161.7,2026-07-30 13:53:00,124
1759.006129,161.4497,161.625,160.92,161.65,160.92,2026-07-30 13:54:00,70
3452.0,160.9656,161.0,160.78,161.1,160.77,2026-07-30 13:55:00,115
4804.7051,161.2795,160.93,161.17,161.43,160.84,2026-07-30 13:56:00,128
1309.09437,161.2481,161.145,161.21,161.33,161.145,2026-07-30 13:57:00,37
1805.0,161.33,161.18,161.41,161.41,161.18,2026-07-30 13:58:00,63
1941.0,161.5807,161.42,161.47,161.805,161.42,2026-07-30 13:59:00,72
1265.006107,161.326,161.78,161.11,161.78,161.11,2026-07-30 14:00:00,58
1005.0,161.3792,161.43,161.13,161.63,161.13,2026-07-30 14:01:00,43
6902.379764,160.7598,161.0,160.57,161.0,160.45,2026-07-30 14:02:00,112
3196.05,160.3363,160.3,160.39,160.395,160.0,2026-07-30 14:04:00,135
1295.006164,160.0377,160.31,159.88,160.31,159.88,2026-07-30 14:05:00,61
22699.40501,160.2772,160.1,161.35,161.35,160.08,2026-07-30 14:06:00,169
21710.0,160.7484,160.99,160.79,160.99,160.01,2026-07-30 14:08:00,100
495.0,160.3804,160.38,160.34,160.38,160.34,2026-07-30 14:09:00,44
4008.0,160.5224,160.44,160.68,160.68,160.29,2026-07-30 14:10:00,115
2849.0,160.4917,160.38,160.56,160.56,160.38,2026-07-30 14:11:00,76
20000.1687,159.9013,160.48,159.87,160.485,159.82,2026-07-30 14:12:00,130
1600.0,159.3974,159.87,159.205,159.87,159.19,2026-07-30 14:13:00,53
5080.855769,159.3236,159.39,158.835,159.39,158.835,2026-07-30 14:14:00,59
1194.323217,159.0412,159.06,159.06,159.06,159.06,2026-07-30 14:15:00,61
660.407502,159.207,159.38,159.38,159.38,159.38,2026-07-30 14:16:00,41
846.5561,158.9457,158.635,158.635,158.635,158.635,2026-07-30 14:17:00,52
2998.0,158.6777,158.575,158.6549,158.83,158.42,2026-07-30 14:18:00,89
1553.186811,158.4543,158.6,158.29,158.6,158.29,2026-07-30 14:19:00,61
1211.195928,158.3197,158.3,158.24,158.3,158.24,2026-07-30 14:20:00,74
2514.015005,157.9577,158.09,157.845,158.15,157.8,2026-07-30 14:21:00,77
10014.23,158.115,157.93,158.0219,158.41,157.7161,2026-07-30 14:22:00,171
1677.0,158.0777,157.98,157.925,157.98,157.89,2026-07-30 14:23:00,68
1492.175446,157.9106,157.85,157.75,157.9,157.75,2026-07-30 14:24:00,49
1503.006274,157.5664,157.69,157.38,157.69,157.38,2026-07-30 14:25:00,58
2883.546237,157.423,157.435,157.43,157.44,157.33,2026-07-30 14:26:00,92
970.15,157.452,157.39,157.23,157.39,157.23,2026-07-30 14:27:00,54
1541.076019,157.2451,157.385,157.37,157.385,157.11,2026-07-30 14:28:00,47
625.0,157.1305,157.15,157.15,157.15,157.15,2026-07-30 14:29:00,54
2196.259306,156.901,156.96,156.87,157.02,156.67,2026-07-30 14:30:00,112
739.0637,156.9527,156.9225,156.71,157.06,156.71,2026-07-30 14:31:00,39
1801.03183,156.786,157.06,156.52,157.06,156.52,2026-07-30 14:32:00,51
1847.06823,156.6112,156.51,156.62,156.78,156.45,2026-07-30 14:33:00,70
6335.118,156.8026,156.66,157.265,157.265,156.63,2026-07-30 14:34:00,137
1970.191003,156.9249,157.075,156.5,157.075,156.5,2026-07-30 14:35:00,51
1530.0,156.6161,156.65,156.64,156.715,156.41,2026-07-30 14:36:00,40
1843.8678,156.8265,156.59,156.86,156.86,156.59,2026-07-30 14:37:00,79
2276.0,157.0898,157.06,157.125,157.125,157.06,2026-07-30 14:38:00,68
1020.016,156.7113,156.7,156.7,156.735,156.7,2026-07-30 14:39:00,51
3121.459,157.1347,156.83,157.555,157.555,156.78,2026-07-30 14:40:00,105
1565.0,157.5106,157.66,157.47,157.66,157.4,2026-07-30 14:41:00,45
1044.0,157.2624,157.3,157.13,157.31,157.13,2026-07-30 14:42:00,52
3186.124821,157.1293,157.1,157.24,157.24,157.1,2026-07-30 14:43:00,68
1071.027294,157.2173,157.06,157.22,157.34,157.06,2026-07-30 14:44:00,50
965.0,157.2535,157.3625,157.2,157.3625,157.2,2026-07-30 14:45:00,61
2603.0,157.3763,157.235,157.47,157.47,157.235,2026-07-30 14:46:00,143
1668.321,157.6184,157.64,157.62,157.64,157.53,2026-07-30 14:47:00,54
2733.0,157.2454,157.5575,157.22,157.5575,157.08,2026-07-30 14:48:00,125
2234.0,157.2854,157.3,157.345,157.3475,157.3,2026-07-30 14:50:00,65
3204.0,157.4495,157.34,157.39,157.53,157.34,2026-07-30 14:51:00,92
1001.543,157.4649,157.29,157.29,157.29,157.29,2026-07-30 14:52:00,44
1228.399424,157.4421,157.42,157.4675,157.4675,157.42,2026-07-30 14:53:00,55
1223.0,157.4111,157.41,157.395,157.66,157.375,2026-07-30 14:54:00,63
2856.2,157.5334,157.43,157.56,157.56,157.36,2026-07-30 14:55:00,116
1867.05,157.543,157.69,157.465,157.69,157.42,2026-07-30 14:56:00,64
1255.0,157.2835,157.23,157.305,157.34,157.23,2026-07-30 14:57:00,37
1774.428133,157.472,157.3,157.445,157.477,157.3,2026-07-30 14:58:00,46
4626.407,157.7194,157.65,157.74,157.9,157.52,2026-07-30 14:59:00,110
667.0,157.6408,157.725,157.54,157.725,157.54,2026-07-30 15:00:00,31
529.0,157.591,157.56,157.56,157.56,157.56,2026-07-30 15:01:00,29
762.853763,157.8117,157.555,157.65,157.8395,157.555,2026-07-30 15:02:00,26
2458.0,157.5443,157.64,157.58,157.75,157.46,2026-07-30 15:03:00,62
700.0,157.4434,157.39,157.39,157.39,157.39,2026-07-30 15:04:00,43
3322.082581,157.3037,157.18,157.37,157.47,157.17,2026-07-30 15:05:00,88
817.0,157.2356,157.15,157.14,157.15,157.14,2026-07-30 15:06:00,44
4377.5835,157.7228,157.58,157.865,157.87,157.535,2026-07-30 15:07:00,107
572.0,157.8945,157.99,157.9,157.99,157.875,2026-07-30 15:08:00,32
1175.0,158.0636,157.965,158.11,158.11,157.965,2026-07-30 15:09:00,56
5648.2613,158.4785,158.19,158.78,158.785,158.17,2026-07-30 15:10:00,167
1841.195241,158.804,158.78,158.88,158.88,158.74,2026-07-30 15:11:00,69
1647.01257,158.8526,158.94,158.89,158.94,158.72,2026-07-30 15:12:00,65
920.9587,158.9156,158.88,158.88,158.88,158.88,2026-07-30 15:13:00,47
903.0,158.5413,158.55,158.355,158.665,158.355,2026-07-30 15:14:00,50
414.0,158.5589,158.485,158.485,158.485,158.485,2026-07-30 15:15:00,17
1872.0,158.4016,158.41,158.375,158.42,158.35,2026-07-30 15:17:00,48
3209.0,158.4841,158.52,158.52,158.525,158.375,2026-07-30 15:19:00,100
890.0,158.5713,158.52,158.68,158.68,158.52,2026-07-30 15:20:00,24
584.0,158.5714,158.57,158.57,158.57,158.57,2026-07-30 15:21:00,20
6735.0,158.8245,158.73,158.955,158.955,158.655,2026-07-30 15:22:00,183
810.0,158.9443,158.83,158.99,158.995,158.83,2026-07-30 15:23:00,31
1857.219,159.1139,159.03,159.205,159.21,159.03,2026-07-30 15:24:00,58
2520.022237,159.2448,159.07,159.27,159.35,159.07,2026-07-30 15:25:00,83
1236.0,159.4769,159.45,159.54,159.54,159.45,2026-07-30 15:26:00,60
815.125322,159.6207,159.61,159.62,159.62,159.61,2026-07-30 15:27:00,47
984.125062,159.7285,159.64,159.82,159.82,159.64,2026-07-30 15:28:00,68
794.550417,160.1618,160.03,160.085,160.085,160.03,2026-07-30 15:29:00,57
1250.012475,160.0842,160.17,160.1,160.17,160.1,2026-07-30 15:30:00,47
1737.0,160.1924,160.22,160.22,160.22,160.21,2026-07-30 15:31:00,50
1155.124,160.0679,160.0,160.08,160.08,159.955,2026-07-30 15:32:00,46
2368.03125,159.9348,159.955,159.95,159.955,159.82,2026-07-30 15:33:00,93
706.0,160.0057,160.0175,159.9,160.0451,159.9,2026-07-30 15:34:00,23
1470.0,159.9485,160.05,159.89,160.05,159.89,2026-07-30 15:35:00,61
1188.218736,159.9556,159.85,160.0,160.0,159.84,2026-07-30 15:36:00,36
610.1338,160.0244,159.965,160.0225,160.0225,159.965,2026-07-30 15:38:00,38
1313.5,159.8908,159.85,159.74,159.85,159.74,2026-07-30 15:39:00,57
1642.3125,159.8096,159.765,159.765,159.765,159.765,2026-07-30 15:40:00,45
3881.0,160.0506,159.98,160.19,160.19,159.965,2026-07-30 15:41:00,123
1960.0,160.4578,160.4,160.405,160.405,160.4,2026-07-30 15:42:00,54
1022.0,160.6872,160.725,160.725,160.725,160.7175,2026-07-30 15:43:00,50
2474.0,160.7329,160.61,160.68,160.87,160.61,2026-07-30 15:44:00,58
1621.0,160.6885,160.62,160.75,160.75,160.62,2026-07-30 15:45:00,53
1403.034226,160.8905,160.83,161.005,161.005,160.83,2026-07-30 15:46:00,50
1141.0,160.8031,160.75,160.84,160.84,160.75,2026-07-30 15:47:00,55
3307.0,160.7402,160.75,160.65,160.77,160.65,2026-07-30 15:49:00,86
1847.0,160.6607,160.6,160.63,160.74,160.6,2026-07-30 15:50:00,54
5506.2467,160.4883,160.595,160.6,160.6,160.14,2026-07-30 15:51:00,139
945.70611,160.7773,160.5,160.69,160.69,160.5,2026-07-30 15:52:00,69
276.0,160.796,160.69,160.69,160.69,160.69,2026-07-30 15:54:00,14
918.0,160.8859,160.83,161.0125,161.0125,160.83,2026-07-30 15:55:00,39
2720.0,160.922,160.94,160.775,161.025,160.76,2026-07-30 15:56:00,65
4203.15551,160.8381,160.75,160.99,161.01,160.51,2026-07-30 15:57:00,108
896.0,160.8741,160.89,160.89,160.89,160.89,2026-07-30 15:58:00,31
894.0,160.9597,160.89,161.08,161.08,160.89,2026-07-30 15:59:00,30
981.0,160.8966,160.905,160.9,160.905,160.74,2026-07-30 16:00:00,30
358.0,160.9224,160.935,160.935,160.935,160.935,2026-07-30 16:01:00,20
1910.0,160.7258,160.77,160.64,160.9125,160.64,2026-07-30 16:02:00,69
1049.036,160.655,160.72,160.72,160.72,160.72,2026-07-30 16:03:00,32
1297.004,160.5391,160.695,160.695,160.695,160.695,2026-07-30 16:05:00,60
718.0,160.3457,160.31,160.31,160.31,160.31,2026-07-30 16:06:00,40
1559.0,160.2529,160.32,160.23,160.32,160.21,2026-07-30 16:07:00,46
5846.0,160.254,160.29,160.245,160.33,160.14,2026-07-30 16:08:00,92
1307.0,160.338,160.36,160.44,160.44,160.36,2026-07-30 16:09:00,53
1230.00702,160.5021,160.58,160.53,160.58,160.53,2026-07-30 16:10:00,52
1356.004,160.4295,160.42,160.42,160.42,160.42,2026-07-30 16:11:00,16
784.0,160.5077,160.53,160.525,160.53,160.525,2026-07-30 16:12:00,28
1068.1161,160.4259,160.42,160.4,160.42,160.4,2026-07-30 16:13:00,41
488.0311,160.4232,160.455,160.455,160.455,160.455,2026-07-30 16:14:00,19
1317.0,160.5922,160.52,160.62,160.65,160.52,2026-07-30 16:15:00,47
986.0,160.6696,160.675,160.735,160.735,160.675,2026-07-30 16:16:00,36
1733.0,160.5854,160.65,160.535,160.65,160.535,2026-07-30 16:17:00,58
796.0,160.6247,160.55,160.68,160.68,160.55,2026-07-30 16:18:00,34
794.0,160.626,160.57,160.685,160.685,160.57,2026-07-30 16:20:00,35
2481.0,160.6146,160.695,160.65,160.695,160.57,2026-07-30 16:21:00,80
553.0,160.5892,160.57,160.615,160.615,160.57,2026-07-30 16:22:00,27
1790.184,160.8127,160.72,160.82,160.82,160.72,2026-07-30 16:23:00,70
2278.6216,160.9915,160.81,161.125,161.125,160.81,2026-07-30 16:24:00,96
3415.0,160.9769,161.06,160.9975,161.12,160.88,2026-07-30 16:25:00,99
2766.0,160.9275,161.0,160.87,161.03,160.86,2026-07-30 16:26:00,74
1184.0,160.8804,160.82,160.97,160.97,160.82,2026-07-30 16:27:00,66
2012.0,160.808,160.86,160.82,160.88,160.79,2026-07-30 16:28:00,43
644.1908,160.8519,160.67,160.85,160.855,160.67,2026-07-30 16:30:00,22
800.0,160.88,160.88,160.885,160.885,160.88,2026-07-30 16:32:00,25
1732.0,161.1054,161.08,161.18,161.19,160.955,2026-07-30 16:33:00,68
898.0,161.0504,161.04,161.03,161.04,161.03,2026-07-30 16:34:00,32
347.0,161.06,161.06,161.06,161.06,161.06,2026-07-30 16:35:00,19
1371.648,161.0009,160.95,160.85,160.98,160.85,2026-07-30 16:37:00,54
809.0,160.9114,160.945,160.945,160.945,160.945,2026-07-30 16:38:00,19
1522.0,160.772,160.82,160.825,160.825,160.785,2026-07-30 16:39:00,54
1989.0,160.8958,160.69,160.91,160.96,160.69,2026-07-30 16:40:00,57
660.0,160.92,160.945,160.895,160.945,160.895,2026-07-30 16:41:00,15
1870.0,161.0643,160.97,161.07,161.07,160.97,2026-07-30 16:42:00,88
326.0,161.1772,161.26,161.26,161.26,161.26,2026-07-30 16:43:00,12
815.0,161.3096,161.31,161.31,161.31,161.31,2026-07-30 16:44:00,24
455.549,161.4855,161.32,161.32,161.32,161.32,2026-07-30 16:45:00,24
1449.0,161.4482,161.325,161.53,161.53,161.325,2026-07-30 16:46:00,55
1215.0,161.3478,161.43,161.33,161.43,161.33,2026-07-30 16:47:00,42
804.017231,161.3516,161.36,161.36,161.36,161.36,2026-07-30 16:48:00,28
833.0,161.3534,161.44,161.405,161.44,161.405,2026-07-30 16:49:00,31
2156.0,161.4607,161.4,161.41,161.53,161.38,2026-07-30 16:50:00,73
606.0,161.3969,161.34,161.35,161.35,161.34,2026-07-30 16:52:00,32
1563.0,161.3724,161.4,161.31,161.4,161.31,2026-07-30 16:53:00,43
227.122803,161.5647,161.51,161.51,161.51,161.51,2026-07-30 16:54:00,18
2134.13,161.2805,161.3,161.245,161.3,161.245,2026-07-30 16:55:00,88
463.401,161.2935,161.13,161.13,161.13,161.13,2026-07-30 16:56:00,33
951.1,161.0947,161.06,161.07,161.07,161.06,2026-07-30 16:57:00,51
697.0,161.1425,161.14,161.14,161.14,161.14,2026-07-30 16:59:00,23
1520.0,161.1915,161.14,161.17,161.2893,161.11,2026-07-30 17:00:00,47
3359.551,161.3802,161.1925,161.39,161.41,161.1925,2026-07-30 17:01:00,75
902.0,161.3989,161.405,161.44,161.44,161.405,2026-07-30 17:02:00,30
887.0,161.4542,161.46,161.44,161.46,161.44,2026-07-30 17:04:00,27
1042.0,161.4534,161.43,161.465,161.465,161.43,2026-07-30 17:05:00,51
800.0,161.4611,161.455,161.465,161.465,161.455,2026-07-30 17:06:00,20
310.0,161.4615,161.465,161.465,161.465,161.465,2026-07-30 17:07:00,22
1008.0,161.4723,161.465,161.475,161.475,161.465,2026-07-30 17:08:00,23
1575.0,161.5795,161.475,161.66,161.66,161.475,2026-07-30 17:09:00,69
1102.0,161.6712,161.725,161.695,161.725,161.66,2026-07-30 17:10:00,30
1213.021667,161.6068,161.62,161.625,161.625,161.56,2026-07-30 17:11:00,50
598.0,161.6166,161.65,161.52,161.65,161.52,2026-07-30 17:12:00,18
259.0,161.6284,161.62,161.62,161.62,161.62,2026-07-30 17:13:00,17
1313.0,161.629,161.61,161.65,161.6575,161.61,2026-07-30 17:14:00,30
779.0,161.6442,161.64,161.64,161.64,161.6,2026-07-30 17:15:00,27
2080.00618,161.5486,161.52,161.6,161.6,161.47,2026-07-30 17:16:00,44
293.070756,161.6113,161.595,161.595,161.595,161.595,2026-07-30 17:17:00,15
1065.5798,161.5331,161.43,161.495,161.495,161.43,2026-07-30 17:18:00,48
908.0,161.3959,161.37,161.35,161.37,161.35,2026-07-30 17:20:00,43
905.0,161.4686,161.47,161.47,161.47,161.47,2026-07-30 17:21:00,38
864.1037,161.4685,161.47,161.47,161.47,161.47,2026-07-30 17:22:00,45
826.0,161.3301,161.35,161.33,161.35,161.33,2026-07-30 17:23:00,47
374.0,161.3344,161.38,161.38,161.38,161.38,2026-07-30 17:24:00,16
1796.0,161.3773,161.3425,161.43,161.43,161.34,2026-07-30 17:25:00,49
1363.0649,161.4788,161.5,161.47,161.5,161.445,2026-07-30 17:26:00,66
1456.6218,161.4724,161.47,161.37,161.47,161.37,2026-07-30 17:27:00,39
780.0928,161.4401,161.3925,161.5,161.5,161.3925,2026-07-30 17:28:00,18
559.0,161.3742,161.38,161.38,161.38,161.38,2026-07-30 17:29:00,24
1449.029306,161.3553,161.32,161.355,161.355,161.32,2026-07-30 17:30:00,44
2881.929306,161.5156,161.4126,161.46,161.54,161.41,2026-07-30 17:31:00,83
3887.7611,161.5232,161.485,161.55,161.55,161.45,2026-07-30 17:32:00,74
1036.0,161.4977,161.485,161.485,161.485,161.485,2026-07-30 17:33:00,36
1240.0,161.5431,161.56,161.56,161.56,161.56,2026-07-30 17:34:00,49
1179.0,161.5146,161.51,161.525,161.525,161.51,2026-07-30 17:35:00,27
1549.634,161.6375,161.565,161.585,161.59,161.565,2026-07-30 17:36:00,40
2796.0,161.3775,161.48,161.22,161.48,161.22,2026-07-30 17:38:00,74
974.0,161.3195,161.265,161.34,161.34,161.265,2026-07-30 17:40:00,28
1377.006192,161.422,161.43,161.43,161.43,161.43,2026-07-30 17:41:00,54
3479.0,161.3632,161.35,161.39,161.39,161.34,2026-07-30 17:43:00,78
1092.0,161.3735,161.435,161.33,161.435,161.33,2026-07-30 17:44:00,46
665.0,161.3904,161.385,161.385,161.385,161.385,2026-07-30 17:48:00,51
4129.0,161.4956,161.39,161.57,161.57,161.39,2026-07-30 17:50:00,135
1487.0,161.6082,161.63,161.59,161.64,161.59,2026-07-30 17:51:00,36
726.030932,161.5221,161.57,161.5125,161.57,161.49,2026-07-30 17:52:00,41
649.4575,161.6793,161.515,161.6,161.6,161.515,2026-07-30 17:53:00,38
941.195,161.7241,161.73,161.73,161.73,161.73,2026-07-30 17:54:00,62
851.0,161.6049,161.685,161.685,161.685,161.685,2026-07-30 17:55:00,35
330.0,161.7011,161.77,161.77,161.77,161.77,2026-07-30 17:56:00,35
1336.0,161.8437,161.79,161.96,161.98,161.79,2026-07-30 17:57:00,86
1775.0,161.8596,161.93,161.855,161.93,161.79,2026-07-30 17:58:00,64
803.03472,161.7151,161.73,161.68,161.73,161.68,2026-07-30 17:59:00,38
1787.2527,161.7538,161.74,161.73,161.74,161.72,2026-07-30 18:00:00,48
674.003541,161.7891,161.75,161.75,161.75,161.75,2026-07-30 18:01:00,50
830.00162,161.7448,161.845,161.72,161.845,161.72,2026-07-30 18:02:00,35
277.0,161.8723,161.89,161.89,161.89,161.89,2026-07-30 18:04:00,27
1496.0,161.8797,161.89,161.895,161.895,161.89,2026-07-30 18:05:00,47
974.36,161.9373,161.895,161.8925,161.895,161.89,2026-07-30 18:06:00,29
1535.0,161.81,161.81,161.855,161.855,161.8,2026-07-30 18:07:00,73
934.0,161.7282,161.71,161.7725,161.7725,161.71,2026-07-30 18:08:00,46
1283.33,161.8527,161.835,161.82,161.835,161.81,2026-07-30 18:09:00,40
900.0,161.7284,161.69,161.69,161.69,161.69,2026-07-30 18:10:00,38
4661.0,161.7215,161.755,161.66,161.79,161.66,2026-07-30 18:11:00,97
1565.0,161.8257,161.82,161.92,161.92,161.82,2026-07-30 18:12:00,68
768.0,161.9261,161.91,161.99,161.99,161.91,2026-07-30 18:13:00,65
5187.0,161.7872,161.81,161.69,161.9,161.69,2026-07-30 18:14:00,115
1385.0,161.8299,161.845,161.83,161.845,161.83,2026-07-30 18:15:00,22
579.0,161.8379,161.85,161.84,161.85,161.84,2026-07-30 18:16:00,22
1096.0,161.8407,161.845,161.845,161.845,161.84,2026-07-30 18:17:00,27
424.0,161.8583,161.85,161.85,161.85,161.85,2026-07-30 18:18:00,36
4289.0,162.0174,162.01,162.16,162.165,162.01,2026-07-30 18:19:00,114
2069.011,162.0574,162.14,162.05,162.14,162.05,2026-07-30 18:20:00,45
450.0,162.0644,162.125,162.125,162.125,162.125,2026-07-30 18:21:00,24
811.0,162.0948,162.125,162.08,162.125,162.08,2026-07-30 18:22:00,30
635.0,162.0628,162.08,162.08,162.08,162.08,2026-07-30 18:23:00,36
5208.0,161.9721,162.08,161.83,162.08,161.83,2026-07-30 18:24:00,92
998.0,161.7229,161.66,161.675,161.7,161.66,2026-07-30 18:25:00,35
741.0,161.651,161.61,161.61,161.61,161.61,2026-07-30 18:26:00,45
3511.0,161.8382,161.76,161.94,161.94,161.61,2026-07-30 18:27:00,123
715.293,161.934,161.87,161.855,161.87,161.82,2026-07-30 18:28:00,29
434.0,161.8055,161.7,161.8375,161.8375,161.7,2026-07-30 18:30:00,24
751.0,161.8539,161.84,161.855,161.855,161.84,2026-07-30 18:31:00,36
350.0,161.8601,161.855,161.855,161.855,161.855,2026-07-30 18:32:00,25
440.0,161.9021,161.885,161.885,161.885,161.885,2026-07-30 18:33:00,42
1281.0,161.9487,161.9375,162.06,162.06,161.9375,2026-07-30 18:34:00,61
1500.0,161.969,162.05,161.92,162.05,161.92,2026-07-30 18:35:00,36
1700.0,161.91,161.93,161.925,161.93,161.925,2026-07-30 18:36:00,37
2745.0,161.7016,161.79,161.6925,161.795,161.645,2026-07-30 18:37:00,64
3347.8339,161.7031,161.705,161.685,161.705,161.59,2026-07-30 18:38:00,52
9226.0,161.1673,161.6,160.445,161.64,160.44,2026-07-30 18:39:00,202
16473.0,160.547,160.55,160.605,160.92,160.18,2026-07-30 18:40:00,196
5766.030923,160.7475,160.595,160.7225,160.92,160.595,2026-07-30 18:41:00,95
4585.539,160.4556,160.595,160.365,160.63,160.3,2026-07-30 18:42:00,99
4346.442,160.3498,160.23,160.49,160.5,160.18,2026-07-30 18:43:00,125
3935.0,160.4739,160.525,160.5225,160.525,160.425,2026-07-30 18:44:00,36
3861.0,160.5166,160.5125,160.58,160.58,160.5075,2026-07-30 18:45:00,93
1799.0,160.6877,160.67,160.695,160.695,160.655,2026-07-30 18:46:00,56
5228.031088,160.5781,160.57,160.6,160.6,160.56,2026-07-30 18:47:00,131
6537.0,160.4686,160.38,160.7,160.7,160.305,2026-07-30 18:48:00,147
1599.0,160.5898,160.6,160.605,160.62,160.6,2026-07-30 18:49:00,48
994.0,160.5181,160.505,160.505,160.505,160.505,2026-07-30 18:50:00,67
8061.0,160.3718,160.43,160.31,160.44,160.21,2026-07-30 18:51:00,168
1563.131432,160.3447,160.27,160.46,160.46,160.25,2026-07-30 18:52:00,61
2517.0,160.3442,160.37,160.38,160.43,160.37,2026-07-30 18:53:00,71
3129.0,160.3998,160.38,160.535,160.535,160.38,2026-07-30 18:54:00,114
2468.0,160.5031,160.45,160.57,160.57,160.44,2026-07-30 18:55:00,77
4110.0,160.6078,160.56,160.69,160.77,160.56,2026-07-30 18:56:00,140
1095.0,160.6258,160.785,160.52,160.805,160.52,2026-07-30 18:57:00,54
1544.0,160.5695,160.48,160.685,160.715,160.48,2026-07-30 18:58:00,49
2675.0,160.6051,160.66,160.64,160.68,160.57,2026-07-30 18:59:00,68
2441.193088,160.7144,160.81,160.59,160.845,160.55,2026-07-30 19:00:00,72
987.0,160.5553,160.52,160.54,160.68,160.5,2026-07-30 19:01:00,27
2749.0,160.5237,160.68,160.455,160.68,160.455,2026-07-30 19:02:00,83
4159.0,160.5283,160.52,160.565,160.57,160.43,2026-07-30 19:03:00,102
3078.0,160.5103,160.48,160.545,160.545,160.43,2026-07-30 19:04:00,92
1511.006,160.5094,160.43,160.63,160.63,160.43,2026-07-30 19:05:00,51
3076.0,160.1675,160.42,159.9925,160.42,159.98,2026-07-30 19:06:00,103
5171.218382,160.0926,160.04,160.12,160.17,160.04,2026-07-30 19:07:00,117
2775.0,160.08,160.09,160.055,160.09,160.03,2026-07-30 19:08:00,78
1582.0,160.0949,160.05,160.08,160.08,160.05,2026-07-30 19:09:00,74
2504.0,160.1536,160.27,160.15,160.27,160.135,2026-07-30 19:10:00,68
2965.0,160.1961,160.15,160.31,160.31,160.15,2026-07-30 19:11:00,102
1499.698326,160.2914,160.215,160.21,160.31,160.205,2026-07-30 19:12:00,89
4725.322,160.4179,160.215,160.615,160.615,160.215,2026-07-30 19:13:00,146
2060.0,160.46,160.615,160.555,160.615,160.37,2026-07-30 19:14:00,55
3849.0,160.5396,160.555,160.625,160.625,160.55,2026-07-30 19:15:00,124
2871.0,160.5488,160.6525,160.41,160.665,160.41,2026-07-30 19:16:00,82
3478.852799,160.5469,160.41,160.41,160.78,160.32,2026-07-30 19:17:00,69
2051.9158,160.5244,160.34,160.505,160.545,160.34,2026-07-30 19:18:00,54
3939.0,160.5263,160.35,160.56,160.61,160.35,2026-07-30 19:19:00,87
3679.0,160.7602,160.74,160.92,160.92,160.74,2026-07-30 19:20:00,98
2074.0,160.9224,160.865,161.06,161.06,160.865,2026-07-30 19:21:00,71
2711.0,160.9921,161.06,160.99,161.06,160.95,2026-07-30 19:22:00,96
1038.0,160.9506,160.995,160.995,160.995,160.995,2026-07-30 19:23:00,72
1970.00613,161.1033,161.08,161.16,161.205,161.08,2026-07-30 19:24:00,77
2541.0,161.2121,161.29,161.35,161.35,161.27,2026-07-30 19:25:00,94
2421.0,161.2698,161.35,161.25,161.35,161.25,2026-07-30 19:26:00,71
434.0,161.0891,161.31,161.31,161.31,161.31,2026-07-30 19:27:00,29
1301.0,161.2391,161.315,161.305,161.315,161.305,2026-07-30 19:28:00,52
1859.0,161.2123,161.18,161.28,161.28,161.18,2026-07-30 19:29:00,69
5868.0,161.1919,161.28,161.235,161.28,161.13,2026-07-30 19:30:00,108
5096.07296,161.1093,161.235,160.99,161.2525,160.99,2026-07-30 19:31:00,148
5233.0,160.96,160.96,160.86,161.0,160.86,2026-07-30 19:32:00,134
10934.0,161.004,160.84,161.03,161.08,160.84,2026-07-30 19:33:00,231
1712.421,161.1064,161.08,161.075,161.08,161.075,2026-07-30 19:34:00,70
3288.0,161.031,161.075,161.035,161.08,160.93,2026-07-30 19:35:00,95
2978.888,161.0712,161.035,161.09,161.09,160.91,2026-07-30 19:36:00,92
2218.0,160.9861,161.085,160.925,161.085,160.92,2026-07-30 19:37:00,89
7627.0,161.015,161.04,161.09,161.09,160.92,2026-07-30 19:38:00,138
3234.0,161.0689,161.095,161.13,161.13,161.03,2026-07-30 19:39:00,80
4930.0,161.2102,161.12,161.175,161.3,161.12,2026-07-30 19:40:00,136
9459.022049,161.2629,161.175,161.255,161.43,161.09,2026-07-30 19:41:00,212
4534.1,161.0418,161.1,160.9975,161.255,160.95,2026-07-30 19:42:00,143
4229.0,161.0886,160.995,161.065,161.18,160.995,2026-07-30 19:43:00,137
4190.0,161.0612,161.065,161.02,161.09,161.02,2026-07-30 19:44:00,92
9395.12178,161.1479,160.92,161.3,161.38,160.91,2026-07-30 19:45:00,250
9372.0,161.3582,161.3,161.3,161.48,161.21,2026-07-30 19:46:00,212
2935.0,161.3266,161.3,161.19,161.365,161.19,2026-07-30 19:47:00,92
3709.0,161.2849,161.22,161.355,161.355,161.21,2026-07-30 19:48:00,86
5955.0,161.3425,161.355,161.4,161.43,161.21,2026-07-30 19:49:00,175
15024.0,161.4097,161.53,161.11,161.74,161.02,2026-07-30 19:50:00,385
5641.8702,161.2191,161.22,161.09,161.225,161.09,2026-07-30 19:51:00,199
4293.0,161.1472,161.195,161.05,161.35,161.05,2026-07-30 19:52:00,117
15693.0,161.0674,161.05,161.04,161.12,161.0,2026-07-30 19:53:00,360
13431.10869,161.1299,161.085,161.225,161.225,161.0,2026-07-30 19:54:00,298
12936.0,161.3345,161.43,161.32,161.49,161.21,2026-07-30 19:55:00,289
14753.0,161.469,161.25,161.54,161.6,161.25,2026-07-30 19:56:00,336
18025.0,161.7074,161.55,161.83,161.85,161.55,2026-07-30 19:57:00,390
33499.007249,161.703,161.83,161.82,161.83,161.5,2026-07-30 19:58:00,847
38187.0,161.8587,161.83,161.43,162.07,161.43,2026-07-30 19:59:00,994
12616.66221,161.5284,161.52,161.52,161.52,161.52,2026-07-30 20:04:00,37
214.0,158.225,158.48,158.48,158.48,158.48,2026-07-31 11:11:00,7
105.0,159.2134,159.21,159.21,159.21,159.21,2026-07-31 12:08:00,6
182.0,158.8649,159.22,159.22,159.22,159.22,2026-07-31 12:09:00,16
106.0,159.0236,159.02,159.02,159.02,159.02,2026-07-31 12:11:00,4
409.0,158.0267,158.02,158.02,158.02,158.02,2026-07-31 12:16:00,6
201.0,158.01,158.01,158.01,158.01,158.01,2026-07-31 12:18:00,2
205.0,157.9567,157.9,157.9,157.9,157.9,2026-07-31 12:19:00,4
128.0,159.531,159.51,159.51,159.51,159.51,2026-07-31 12:52:00,12
100.021796,159.0546,159.02,159.02,159.02,159.02,2026-07-31 13:19:00,2
7810.866842,160.282,160.28,160.27,160.28,160.27,2026-07-31 13:30:00,47
141.0,159.2233,159.225,159.225,159.225,159.225,2026-07-31 13:31:00,8
527.74722,158.1835,157.42,157.42,157.42,157.42,2026-07-31 13:33:00,20
786.606335,158.5082,157.695,158.35,158.98,157.695,2026-07-31 13:34:00,33
1116.4858,158.8576,158.35,158.99,158.99,158.35,2026-07-31 13:35:00,37
1376.95144,159.2462,159.005,159.03,159.2175,159.005,2026-07-31 13:36:00,55
497.0024,159.5317,159.155,160.075,160.075,159.155,2026-07-31 13:37:00,24
2078.53728,159.8869,159.155,161.155,161.155,159.155,2026-07-31 13:38:00,53
1386.0,160.6046,160.88,160.115,161.52,160.115,2026-07-31 13:39:00,59
268.364873,160.9547,160.605,160.605,160.605,160.605,2026-07-31 13:40:00,15
296.62852,161.4526,161.14,161.14,161.14,161.14,2026-07-31 13:41:00,19
1067.0,160.9807,160.87,161.48,161.48,160.87,2026-07-31 13:42:00,34
845.981377,161.3741,161.0,161.0,161.0,161.0,2026-07-31 13:43:00,39
1227.26675,161.2519,161.725,161.4825,161.725,160.79,2026-07-31 13:45:00,47
1304.31028,162.0022,162.3355,161.595,162.3355,161.595,2026-07-31 13:46:00,29
524.0,162.047,162.26,162.26,162.26,162.26,2026-07-31 13:47:00,27
1269.0,161.5965,161.68,161.725,161.725,161.11,2026-07-31 13:49:00,45
739.061,161.407,161.11,161.24,161.24,161.11,2026-07-31 13:50:00,33
778.0,161.4719,161.4674,161.16,161.67,161.16,2026-07-31 13:51:00,33
1303.07592,161.9716,162.085,162.11,162.11,161.88,2026-07-31 13:52:00,40
428.786,162.2152,161.92,161.92,161.92,161.92,2026-07-31 13:53:00,24
392.0,161.9771,161.9,161.9,161.9,161.9,2026-07-31 13:54:00,26
913.086,162.3711,162.31,162.42,162.42,162.31,2026-07-31 13:55:00,68
833.0,162.6415,162.72,162.72,162.72,162.72,2026-07-31 13:56:00,22
1352.10367,162.4493,162.235,162.6533,162.6533,162.21,2026-07-31 13:57:00,19
1030.0,162.386,162.235,162.25,162.54,162.235,2026-07-31 13:58:00,35
640.0,162.4404,162.59,162.59,162.59,162.59,2026-07-31 14:01:00,27
1289.0,162.4162,162.78,161.85,162.79,161.85,2026-07-31 14:03:00,39
473.95609,162.6453,162.315,162.315,162.315,162.315,2026-07-31 14:04:00,21
541.99597,162.5378,161.93,161.93,161.93,161.93,2026-07-31 14:05:00,41
847.021365,162.738,162.8,162.62,162.8,162.62,2026-07-31 14:06:00,43
1397.0033,162.8608,162.99,162.2589,163.0,162.2589,2026-07-31 14:07:00,19
744.0,162.9229,162.97,162.97,162.97,162.97,2026-07-31 14:08:00,35
638.0,163.2706,163.44,163.44,163.44,163.44,2026-07-31 14:09:00,38
1822.0,163.3222,163.18,163.11,163.89,163.11,2026-07-31 14:10:00,47
537.18623,163.3221,163.29,163.31,163.31,163.29,2026-07-31 14:11:00,41
1214.0,163.2036,163.29,163.17,163.29,163.17,2026-07-31 14:12:00,17
665.0,162.8594,162.93,162.995,162.995,162.93,2026-07-31 14:13:00,23
464.0,162.9005,163.07,163.07,163.07,163.07,2026-07-31 14:14:00,12
1157.03067,162.4654,162.2,162.42,162.42,162.2,2026-07-31 14:15:00,51
2567.04478,162.3184,162.39,162.5921,162.5921,162.04,2026-07-31 14:16:00,69
1453.0,162.1008,162.28,161.91,162.32,161.91,2026-07-31 14:17:00,41
952.0,161.9365,161.85,161.85,161.85,161.85,2026-07-31 14:18:00,40
2560.0,161.6303,161.855,161.66,161.855,161.51,2026-07-31 14:19:00,63
763.61123,161.6037,161.485,161.485,161.485,161.485,2026-07-31 14:20:00,21
1856.0,161.3747,161.36,161.6,161.6,161.1486,2026-07-31 14:21:00,44
561.080225,161.2959,161.32,161.0282,161.32,161.0282,2026-07-31 14:23:00,25
719.03497,161.4626,161.47,161.325,161.47,161.325,2026-07-31 14:24:00,33
699.0,161.3897,161.295,161.295,161.295,161.295,2026-07-31 14:25:00,24
883.007311,161.3048,161.31,161.31,161.31,161.31,2026-07-31 14:26:00,26
1365.0,161.6287,161.8199,161.33,161.8199,161.33,2026-07-31 14:27:00,30
299.571,161.7815,161.33,161.33,161.33,161.33,2026-07-31 14:28:00,23
816.45,161.668,161.62,161.62,161.62,161.62,2026-07-31 14:29:00,34
423.0,161.2894,161.3,161.3,161.3,161.3,2026-07-31 14:30:00,19
1353.462,161.5004,161.37,161.37,161.37,161.37,2026-07-31 14:32:00,22
823.726,161.5822,161.38,161.63,161.63,161.38,2026-07-31 14:33:00,25
899.0,161.3332,161.2,161.33,161.33,161.2,2026-07-31 14:34:00,23
15062.0,161.4053,161.385,161.57,161.65,161.36,2026-07-31 14:35:00,67
1272.1322,161.7054,161.66,161.65,161.66,161.65,2026-07-31 14:36:00,55
729.0,161.9532,162.0,162.0,162.0,162.0,2026-07-31 14:37:00,37
989.0,162.301,162.26,162.41,162.41,162.26,2026-07-31 14:38:00,12
644.681433,162.6563,162.31,162.31,162.31,162.31,2026-07-31 14:39:00,30
1494.231026,162.4237,162.49,162.28,162.49,162.11,2026-07-31 14:41:00,55
1499.005,162.136,162.05,162.05,162.05,162.05,2026-07-31 14:42:00,54
439.0,162.2567,162.35,162.35,162.35,162.35,2026-07-31 14:43:00,23
1448.0,162.3679,162.36,162.36,162.36,162.36,2026-07-31 14:44:00,47
1860.0,162.3653,162.285,162.285,162.285,162.285,2026-07-31 14:46:00,64
454.004,162.2767,162.28,162.28,162.28,162.28,2026-07-31 14:47:00,24
3661.0,162.0508,161.947,162.19,162.19,161.84,2026-07-31 14:48:00,100
1563.0,161.8874,161.935,161.79,162.04,161.79,2026-07-31 14:49:00,40
1433.0,161.739,161.78,161.755,161.78,161.68,2026-07-31 14:50:00,44
2244.0077,161.7725,161.75,161.75,161.755,161.7425,2026-07-31 14:51:00,40
733.0,161.83,161.755,161.76,161.76,161.755,2026-07-31 14:52:00,31
899.0,161.7873,161.79,161.79,161.79,161.79,2026-07-31 14:53:00,52
2582.0,161.7929,161.81,161.81,161.81,161.74,2026-07-31 14:55:00,31
1732.0,161.5399,161.56,161.32,161.73,161.32,2026-07-31 14:56:00,46
1695.0,161.2287,161.32,161.05,161.32,161.05,2026-07-31 14:57:00,39
970.013413,160.944,160.96,160.605,160.99,160.605,2026-07-31 14:58:00,30
890.021365,160.7661,160.77,160.7,160.78,160.7,2026-07-31 14:59:00,36
504.0,160.5892,160.59,160.59,160.59,160.59,2026-07-31 15:00:00,23
1201.0,160.4527,160.68,160.68,160.68,160.68,2026-07-31 15:01:00,49
484.0,160.471,160.48,160.48,160.48,160.48,2026-07-31 15:02:00,31
1668.0,160.5836,160.5,160.5,160.5,160.5,2026-07-31 15:03:00,74
1478.0,160.9485,160.88,160.99,160.99,160.88,2026-07-31 15:06:00,58
977.0,160.8999,160.88,160.88,160.88,160.88,2026-07-31 15:07:00,38
567.0,160.8833,160.89,160.89,160.89,160.89,2026-07-31 15:08:00,33
1770.0,161.0376,160.89,161.02,161.05,160.89,2026-07-31 15:09:00,54
1759.0,161.1814,161.17,161.1,161.17,161.1,2026-07-31 15:10:00,58
386.581,161.5019,161.34,161.16,161.34,161.16,2026-07-31 15:11:00,24
2155.0,161.4013,161.36,161.49,161.49,161.35,2026-07-31 15:12:00,63
1190.0,161.3441,161.58,161.23,161.58,161.23,2026-07-31 15:15:00,45
869.0,161.3541,161.39,161.12,161.39,161.12,2026-07-31 15:16:00,40
525.0,161.3393,161.12,161.5,161.5,161.12,2026-07-31 15:18:00,29
713.029875,161.4228,161.39,161.39,161.39,161.39,2026-07-31 15:19:00,36
277.0,161.4092,161.395,161.395,161.395,161.395,2026-07-31 15:20:00,29
389.0,161.4046,161.41,161.41,161.41,161.41,2026-07-31 15:21:00,36
960.0,161.418,161.41,161.405,161.42,161.405,2026-07-31 15:22:00,25
492.0,161.4383,161.405,161.405,161.405,161.405,2026-07-31 15:23:00,31
864.335,161.6574,161.61,161.61,161.61,161.61,2026-07-31 15:24:00,54
1240.0,161.7968,161.7,161.69,161.9,161.69,2026-07-31 15:25:00,58
542.0,161.815,161.755,161.69,161.755,161.69,2026-07-31 15:26:00,31
742.0,161.9324,161.925,161.925,161.925,161.925,2026-07-31 15:27:00,25
10729.0,161.9937,161.96,162.14,162.29,161.96,2026-07-31 15:28:00,62
1040.0,161.8653,161.82,161.87,161.87,161.82,2026-07-31 15:29:00,60
1670.0,161.6049,161.58,161.57,161.58,161.56,2026-07-31 15:30:00,49
558.0,161.578,161.56,161.56,161.56,161.56,2026-07-31 15:31:00,35
483.0,161.5861,161.575,161.595,161.595,161.575,2026-07-31 15:32:00,24
685.0,161.655,161.5875,161.6,161.6,161.5875,2026-07-31 15:33:00,26
1279.0,161.7809,161.87,161.615,161.87,161.615,2026-07-31 15:34:00,62
1872.00713,161.4245,161.54,161.33,161.54,161.33,2026-07-31 15:35:00,60
850.0,161.517,161.25,161.52,161.52,161.25,2026-07-31 15:37:00,48
1147.461,161.7801,161.52,161.52,161.89,161.52,2026-07-31 15:38:00,32
228.0,161.511,161.5,161.5,161.5,161.5,2026-07-31 15:39:00,10
889.0,161.5585,161.495,161.53,161.53,161.495,2026-07-31 15:40:00,25
357.025844,161.6288,161.6,161.6,161.6,161.6,2026-07-31 15:41:00,19
1499.0,161.8791,161.6,161.95,161.96,161.6,2026-07-31 15:42:00,59
1895.0,162.014,161.86,162.1,162.1,161.86,2026-07-31 15:43:00,73
568.062,162.0696,162.055,162.055,162.055,162.055,2026-07-31 15:44:00,33
1971.0,162.2238,162.055,162.26,162.34,162.055,2026-07-31 15:45:00,62
478.0,162.2991,162.27,162.27,162.27,162.27,2026-07-31 15:46:00,22
732.0,162.2595,162.27,162.27,162.27,162.27,2026-07-31 15:47:00,28
5571.0,162.2741,162.28,162.275,162.28,162.275,2026-07-31 15:48:00,31
1934.924004,162.1705,162.5,162.06,162.5,162.03,2026-07-31 15:49:00,59
8986.0,162.1308,161.99,162.135,162.135,161.99,2026-07-31 15:50:00,63
2512.0,161.9118,162.135,161.72,162.135,161.72,2026-07-31 15:51:00,65
2796.032773,161.7257,161.76,161.48,162.02,161.46,2026-07-31 15:52:00,51
2764.089723,161.4412,161.42,161.305,161.49,161.305,2026-07-31 15:53:00,56
3776.119266,161.7382,161.48,161.76,161.88,161.48,2026-07-31 15:54:00,120
846.0,161.7897,161.76,161.76,161.83,161.76,2026-07-31 15:55:00,24
250.0,161.7828,161.765,161.765,161.765,161.765,2026-07-31 15:56:00,20
1101.0,161.8587,161.705,161.73,161.73,161.705,2026-07-31 15:57:00,60
2920.0,162.0958,161.93,162.2,162.385,161.93,2026-07-31 15:58:00,79
1896.0,162.1533,162.3,162.06,162.31,162.06,2026-07-31 15:59:00,46
367.0,162.0763,162.185,162.185,162.185,162.185,2026-07-31 16:00:00,14
6573.0,162.1881,162.205,162.21,162.21,162.15,2026-07-31 16:01:00,67
1922.0,162.1651,162.205,162.18,162.205,162.18,2026-07-31 16:02:00,54
4934.0,162.2311,162.23,162.245,162.36,162.23,2026-07-31 16:03:00,55
1213.0,162.2203,162.38,162.12,162.38,162.12,2026-07-31 16:05:00,45
626.0,162.2158,162.28,162.28,162.28,162.28,2026-07-31 16:06:00,27
1169.0,162.1531,162.28,162.235,162.28,162.235,2026-07-31 16:08:00,58
1993.0,162.0783,162.18,162.05,162.18,162.02,2026-07-31 16:09:00,47
1108.0,162.0298,161.95,162.1,162.1,161.94,2026-07-31 16:10:00,41
1401.0,162.1288,162.13,162.16,162.16,162.13,2026-07-31 16:11:00,23
1095.0,161.9336,161.9,161.83,161.91,161.83,2026-07-31 16:12:00,49
637.0,161.874,161.79,161.79,161.82,161.79,2026-07-31 16:13:00,26
1063.0,161.8938,162.03,161.79,162.03,161.79,2026-07-31 16:14:00,34
462.0,161.9267,161.77,162.01,162.01,161.77,2026-07-31 16:15:00,18
786.0,161.8943,161.82,162.01,162.01,161.82,2026-07-31 16:16:00,25
855.004,161.874,161.81,161.85,161.85,161.81,2026-07-31 16:17:00,26
464.0,161.8241,161.76,161.76,161.76,161.76,2026-07-31 16:18:00,26
568.0,161.9963,162.0,162.0,162.0,162.0,2026-07-31 16:19:00,42
736.0,162.0956,162.16,162.16,162.16,162.16,2026-07-31 16:20:00,33
903.0146,162.0615,161.97,162.1161,162.1161,161.97,2026-07-31 16:21:00,22
847.0,162.0212,162.04,162.06,162.06,162.04,2026-07-31 16:22:00,40
434.51,162.1286,161.94,161.94,161.94,161.94,2026-07-31 16:23:00,25
512.0,161.918,161.94,161.94,161.94,161.94,2026-07-31 16:24:00,25
812.026188,162.0588,162.06,162.08,162.08,162.03,2026-07-31 16:26:00,55
353.0,162.0516,162.01,162.15,162.15,162.01,2026-07-31 16:27:00,13
2258.0,161.7997,161.84,161.79,161.85,161.77,2026-07-31 16:28:00,86
338.0,161.706,161.645,161.645,161.645,161.645,2026-07-31 16:34:00,21
1234.0,161.6707,161.65,161.645,161.77,161.64,2026-07-31 16:35:00,37
579.0,161.5593,161.58,161.58,161.58,161.58,2026-07-31 16:36:00,20
1117.0,161.5225,161.535,161.535,161.535,161.535,2026-07-31 16:37:00,17
1763.0,161.4198,161.42,161.32,161.49,161.32,2026-07-31 16:38:00,75
806.03097,161.4371,161.56,161.32,161.56,161.32,2026-07-31 16:39:00,19
1251.76779,161.657,161.47,161.5175,161.66,161.47,2026-07-31 16:40:00,40
1146.0,161.548,161.53,161.57,161.5825,161.51,2026-07-31 16:41:00,37
1123.633509,161.6415,161.57,161.4575,161.64,161.4575,2026-07-31 16:42:00,47
853.0,161.5373,161.455,161.455,161.455,161.455,2026-07-31 16:43:00,29
543.0326,161.5899,161.46,161.46,161.46,161.46,2026-07-31 16:44:00,32
513.0,161.5273,161.46,161.46,161.46,161.46,2026-07-31 16:45:00,19
284.0,161.4608,161.405,161.405,161.405,161.405,2026-07-31 16:46:00,14
920.0,161.4328,161.495,161.49,161.495,161.32,2026-07-31 16:47:00,21
1607.0,161.2845,161.26,161.36,161.36,161.105,2026-07-31 16:49:00,62
1188.0,161.2996,161.26,161.26,161.26,161.26,2026-07-31 16:50:00,34
569.0,161.3015,161.36,161.31,161.36,161.17,2026-07-31 16:51:00,17
2633.0,161.034,161.06,160.96,161.09,160.96,2026-07-31 16:52:00,56
1230.0,161.0364,161.02,161.09,161.09,161.02,2026-07-31 16:53:00,36
573.0,160.9438,161.03,161.03,161.03,161.03,2026-07-31 16:55:00,21
1282.0,160.9989,161.035,160.9801,161.035,160.9801,2026-07-31 16:56:00,23
1805.0,161.0303,161.03,161.22,161.22,160.99,2026-07-31 16:58:00,56
1236.0,161.0527,161.05,161.045,161.05,161.045,2026-07-31 16:59:00,35
1372.12,161.191,161.22,161.14,161.22,161.14,2026-07-31 17:00:00,57
2349.823198,161.4396,161.28,161.54,161.54,161.28,2026-07-31 17:01:00,95
747.0,161.4865,161.42,161.555,161.555,161.42,2026-07-31 17:02:00,44
546.0,161.6248,161.58,161.63,161.63,161.58,2026-07-31 17:05:00,35
426.0,161.7618,161.76,161.76,161.76,161.76,2026-07-31 17:07:00,20
830.0,161.9088,161.9999,161.9999,161.9999,161.9999,2026-07-31 17:08:00,16
504.0,161.9434,161.85,161.9999,161.9999,161.85,2026-07-31 17:09:00,19
774.0,161.9902,162.0,162.0,162.0,162.0,2026-07-31 17:10:00,43
2379.004,162.0423,162.04,162.04,162.04,162.04,2026-07-31 17:11:00,54
5582.0,162.081,162.12,162.18,162.26,162.045,2026-07-31 17:12:00,69
345.624602,162.3551,162.055,162.06,162.06,162.055,2026-07-31 17:14:00,30
361.0,162.0895,162.08,162.08,162.08,162.08,2026-07-31 17:15:00,26
393.0,162.047,162.08,162.08,162.08,162.08,2026-07-31 17:16:00,22
1149.0,162.0402,161.86,162.085,162.085,161.86,2026-07-31 17:18:00,26
986.0,162.0962,162.07,162.075,162.075,162.07,2026-07-31 17:19:00,42
553.10579,162.1465,162.09,162.09,162.09,162.09,2026-07-31 17:20:00,14
13551.021365,162.3366,162.09,162.92,162.99,162.09,2026-07-31 17:21:00,171
936.0,162.785,163.01,163.01,163.01,163.01,2026-07-31 17:22:00,55
1018.0,162.9027,163.04,162.88,163.04,162.865,2026-07-31 17:23:00,32
15391.0,162.8769,163.11,162.915,163.11,162.66,2026-07-31 17:24:00,126
16144.0,162.9501,162.92,163.54,163.54,162.92,2026-07-31 17:25:00,79
10621.0,163.2862,163.3,163.245,163.31,162.99,2026-07-31 17:26:00,73
3551.0,162.965,163.2075,162.99,163.2075,162.91,2026-07-31 17:27:00,62
14237.0,163.2254,163.19,163.705,163.71,163.175,2026-07-31 17:28:00,89
1796.0,163.4151,163.745,163.5625,163.745,163.28,2026-07-31 17:29:00,58
235.0,163.5719,163.64,163.64,163.64,163.64,2026-07-31 17:30:00,17
1304.929306,163.4727,163.3,163.25,163.3,163.25,2026-07-31 17:31:00,52
370.0,163.4332,163.475,163.475,163.475,163.475,2026-07-31 17:32:00,28
1228.0,163.5613,163.49,163.615,163.6475,163.49,2026-07-31 17:33:00,43
789.527659,163.5254,163.655,163.65,163.655,163.27,2026-07-31 17:34:00,23
585.0322,163.5091,163.555,163.555,163.555,163.555,2026-07-31 17:35:00,23
2119.3061,163.3366,163.56,163.41,163.56,163.23,2026-07-31 17:36:00,57
1032.22391,163.1004,163.04,162.9,163.04,162.9,2026-07-31 17:37:00,37
669.0,163.0758,163.1275,163.145,163.145,163.1275,2026-07-31 17:38:00,39
584.0,163.1309,163.145,163.145,163.145,163.145,2026-07-31 17:39:00,24
6063.0,163.2497,163.15,163.3375,163.45,163.14,2026-07-31 17:40:00,86
2683.0,163.4369,163.31,163.38,163.53,163.27,2026-07-31 17:41:00,54
1169.0,163.4936,163.605,163.4975,163.605,163.49,2026-07-31 17:42:00,30
3995.0,163.3307,163.515,163.31,163.515,163.22,2026-07-31 17:43:00,94
691.0,163.0873,163.08,163.08,163.08,163.08,2026-07-31 17:44:00,27
619.03544,163.1123,163.03,162.97,163.25,162.97,2026-07-31 17:45:00,20
496.0,163.1285,163.01,163.01,163.01,163.01,2026-07-31 17:46:00,42
2465.0,163.2623,163.24,163.285,163.34,163.24,2026-07-31 17:47:00,41
787.0,163.2892,163.285,163.29,163.37,163.285,2026-07-31 17:48:00,20
947.7472,163.4311,163.29,163.44,163.44,163.29,2026-07-31 17:49:00,27
1469.326831,163.3316,163.32,163.295,163.32,163.295,2026-07-31 17:50:00,65
742.0,163.3315,163.35,163.335,163.35,163.335,2026-07-31 17:51:00,27
3054.0,163.3522,163.35,163.355,163.355,163.35,2026-07-31 17:52:00,36
927.00611,163.3099,163.15,163.15,163.15,163.15,2026-07-31 17:53:00,40
603.00851,163.235,163.23,163.18,163.23,163.18,2026-07-31 17:54:00,35
1046.536488,163.3997,163.39,163.32,163.39,163.32,2026-07-31 17:55:00,50
883.159,163.3839,163.39,163.415,163.415,163.39,2026-07-31 17:56:00,25
748.01222,163.3335,163.42,163.42,163.42,163.42,2026-07-31 17:57:00,29
947.0,163.3201,163.43,163.4,163.43,163.2,2026-07-31 17:58:00,30
1022.0,163.332,163.4,163.405,163.405,163.4,2026-07-31 17:59:00,52
791.0,163.3832,163.44,163.405,163.44,163.33,2026-07-31 18:00:00,35
580.60989,163.4817,163.27,163.27,163.27,163.27,2026-07-31 18:01:00,36
5610.0,163.2317,163.22,163.1825,163.26,163.15,2026-07-31 18:02:00,91
619.28875,163.3535,163.33,163.33,163.33,163.33,2026-07-31 18:04:00,26
3587.0,163.341,163.335,163.355,163.38,163.335,2026-07-31 18:06:00,63
1607.0,163.3768,163.36,163.36,163.5,163.36,2026-07-31 18:07:00,27
1872.0,163.3695,163.375,163.3625,163.375,163.3625,2026-07-31 18:08:00,30
2531.0,163.3615,163.375,163.375,163.375,163.35,2026-07-31 18:09:00,39
1151.0,163.4277,163.375,163.38,163.59,163.375,2026-07-31 18:10:00,25
492.0,163.3717,163.5,163.5,163.5,163.5,2026-07-31 18:11:00,18
1130.005,163.3802,163.38,163.385,163.5,163.38,2026-07-31 18:12:00,32
572.011,163.3966,163.385,163.5,163.5,163.385,2026-07-31 18:13:00,28
1393.0,163.365,163.34,163.34,163.49,163.34,2026-07-31 18:14:00,45
3597.0,163.4961,163.345,163.555,163.61,163.345,2026-07-31 18:15:00,119
540.946,163.7594,163.64,163.64,163.64,163.64,2026-07-31 18:16:00,25
887.0,163.5677,163.47,163.5025,163.67,163.47,2026-07-31 18:17:00,32
1149.0,163.572,163.64,163.49,163.64,163.49,2026-07-31 18:18:00,43
508.0,163.559,163.495,163.67,163.67,163.495,2026-07-31 18:19:00,27
704.0,163.5294,163.545,163.505,163.545,163.505,2026-07-31 18:20:00,26
1859.0,163.6997,163.67,163.69,163.82,163.67,2026-07-31 18:21:00,104
1187.0,163.6818,163.69,163.6925,163.75,163.64,2026-07-31 18:22:00,26
603.0,163.6821,163.71,163.76,163.76,163.705,2026-07-31 18:23:00,23
498.0,163.7024,163.725,163.725,163.725,163.725,2026-07-31 18:24:00,22
2074.0,163.8172,163.745,163.85,164.0,163.745,2026-07-31 18:25:00,95
932.0,163.9219,164.05,164.05,164.05,164.05,2026-07-31 18:26:00,51
2985.06239,164.0005,163.96,163.975,164.11,163.96,2026-07-31 18:27:00,77
2509.0,163.9834,163.9,163.975,164.05,163.9,2026-07-31 18:28:00,78
3318.0,163.7937,163.83,163.69,163.955,163.69,2026-07-31 18:29:00,89
944.0,163.6996,163.68,163.68,163.68,163.68,2026-07-31 18:30:00,57
1285.0,163.6811,163.68,163.68,163.68,163.67,2026-07-31 18:31:00,31
803.0,163.6782,163.675,163.675,163.675,163.675,2026-07-31 18:32:00,34
667.0,163.7177,163.675,163.75,163.75,163.675,2026-07-31 18:33:00,31
330.305,163.8641,163.6975,163.6975,163.6975,163.6975,2026-07-31 18:34:00,26
2161.0,163.8371,163.83,163.98,163.98,163.71,2026-07-31 18:35:00,86
1588.0,163.8796,163.825,163.93,163.945,163.82,2026-07-31 18:36:00,44
1358.0,163.9491,163.97,164.03,164.03,163.85,2026-07-31 18:37:00,29
1127.0,163.8375,163.85,163.84,163.85,163.84,2026-07-31 18:38:00,36
1682.0,163.6773,163.66,163.6425,163.66,163.58,2026-07-31 18:39:00,62
3496.0,163.6834,163.65,163.66,163.83,163.65,2026-07-31 18:40:00,39
718.0,163.6758,163.66,163.645,163.66,163.645,2026-07-31 18:41:00,37
1301.0,163.7841,163.73,163.745,163.76,163.73,2026-07-31 18:43:00,53
683.61,164.0602,163.95,163.84,164.03,163.84,2026-07-31 18:44:00,33
669.276493,163.9475,163.855,163.86,163.93,163.855,2026-07-31 18:45:00,19
1811.0,163.919,163.93,163.96,163.98,163.86,2026-07-31 18:46:00,49
1189.0,163.914,163.87,163.98,163.98,163.86,2026-07-31 18:47:00,60
2565.0,163.9379,163.98,163.94,164.04,163.915,2026-07-31 18:48:00,68
1890.366642,164.0696,164.05,164.13,164.14,164.05,2026-07-31 18:49:00,91
525.00755,164.1848,164.205,164.205,164.205,164.205,2026-07-31 18:50:00,53
1867.0,164.3719,164.24,164.32,164.38,164.24,2026-07-31 18:51:00,100
1488.0,164.4058,164.51,164.38,164.51,164.38,2026-07-31 18:52:00,54
1088.0,164.3996,164.48,164.395,164.48,164.395,2026-07-31 18:53:00,40
422.0,164.3836,164.415,164.415,164.415,164.415,2026-07-31 18:54:00,29
765.0,164.4146,164.41,164.415,164.415,164.41,2026-07-31 18:55:00,37
1602.0,164.4998,164.46,164.52,164.52,164.46,2026-07-31 18:57:00,55
1072.0,164.5287,164.57,164.47,164.57,164.47,2026-07-31 18:58:00,29
2575.0,164.3164,164.41,164.24,164.41,164.24,2026-07-31 18:59:00,94
762.0,164.3167,164.185,164.22,164.38,164.185,2026-07-31 19:00:00,26
1691.23,164.3471,164.335,164.34,164.34,164.19,2026-07-31 19:01:00,47
883.0,164.4087,164.43,164.37,164.54,164.37,2026-07-31 19:02:00,33
575.0,164.4448,164.57,164.375,164.57,164.375,2026-07-31 19:03:00,24
2006.0,164.4159,164.55,164.4075,164.55,164.4075,2026-07-31 19:04:00,45
790.60778,164.4791,164.415,164.325,164.415,164.32,2026-07-31 19:05:00,31
2233.0,164.132,164.32,163.965,164.32,163.93,2026-07-31 19:06:00,74
1941.03181,164.0499,163.965,164.065,164.15,163.96,2026-07-31 19:07:00,66
678.56272,164.2527,164.2,164.07,164.22,164.07,2026-07-31 19:08:00,25
3691.0,164.0825,164.08,164.065,164.08,164.065,2026-07-31 19:09:00,42
757.07163,164.1532,164.065,164.075,164.27,164.065,2026-07-31 19:10:00,34
1991.0,164.308,164.365,164.305,164.37,164.295,2026-07-31 19:11:00,88
2364.075983,164.299,164.305,164.305,164.305,164.24,2026-07-31 19:12:00,60
738.0,164.2845,164.305,164.305,164.305,164.3025,2026-07-31 19:13:00,27
896.01825,164.3048,164.305,164.305,164.305,164.305,2026-07-31 19:14:00,22
2636.0,164.3166,164.305,164.37,164.37,164.25,2026-07-31 19:15:00,69
6335.0,164.4347,164.42,164.36,164.475,164.36,2026-07-31 19:16:00,127
1040.858228,164.4864,164.3,164.345,164.345,164.3,2026-07-31 19:17:00,48
1599.0,164.4648,164.42,164.505,164.58,164.42,2026-07-31 19:18:00,78
1524.0,164.5594,164.66,164.585,164.66,164.54,2026-07-31 19:19:00,54
2653.06078,164.3865,164.34,164.42,164.42,164.31,2026-07-31 19:20:00,58
1852.0,164.4269,164.42,164.55,164.55,164.42,2026-07-31 19:22:00,73
2476.6547,164.4884,164.55,164.43,164.55,164.43,2026-07-31 19:23:00,83
3497.0,164.2687,164.33,164.15,164.43,164.01,2026-07-31 19:24:00,96
1346.0,164.2297,164.165,164.17,164.17,164.165,2026-07-31 19:25:00,47
1904.0,164.2586,164.25,164.37,164.37,164.25,2026-07-31 19:27:00,62
1486.457,164.3486,164.28,164.36,164.36,164.28,2026-07-31 19:28:00,69
3176.0,164.2906,164.285,164.29,164.29,164.285,2026-07-31 19:29:00,56
1189.0,164.3226,164.31,164.3,164.31,164.3,2026-07-31 19:30:00,54
3328.60778,164.2803,164.38,164.25,164.38,164.18,2026-07-31 19:31:00,68
3227.0,164.1546,164.255,164.05,164.36,164.05,2026-07-31 19:32:00,80
364.1505,164.1326,163.955,163.955,163.955,163.955,2026-07-31 19:33:00,39
2923.0,164.0426,163.93,164.05,164.065,163.93,2026-07-31 19:34:00,96
1312.00609,164.2181,164.13,164.31,164.31,164.13,2026-07-31 19:35:00,71
1197.697,164.3731,164.33,164.33,164.33,164.165,2026-07-31 19:36:00,65
909.1,164.3256,164.36,164.235,164.36,164.235,2026-07-31 19:37:00,51
1423.00006,164.3618,164.38,164.39,164.39,164.38,2026-07-31 19:38:00,70
953.0,164.461,164.57,164.55,164.57,164.55,2026-07-31 19:39:00,55
2455.0,164.5501,164.54,164.55,164.62,164.385,2026-07-31 19:40:00,86
1894.60742,164.4872,164.41,164.4,164.41,164.4,2026-07-31 19:41:00,75
448.077,164.4564,164.4,164.4,164.4,164.4,2026-07-31 19:42:00,25
2321.0,164.3924,164.4,164.48,164.48,164.31,2026-07-31 19:43:00,68
1450.0,164.4208,164.4,164.49,164.49,164.3925,2026-07-31 19:44:00,65
1113.0,164.427,164.415,164.41,164.44,164.41,2026-07-31 19:45:00,42
3284.0,164.479,164.4425,164.53,164.61,164.44,2026-07-31 19:46:00,79
2286.0,164.4679,164.43,164.57,164.57,164.38,2026-07-31 19:47:00,59
2045.0,164.4798,164.45,164.5,164.59,164.45,2026-07-31 19:48:00,78
2349.0,164.6561,164.63,164.665,164.78,164.63,2026-07-31 19:49:00,81
4484.0,164.8609,164.8,164.98,165.0,164.8,2026-07-31 19:50:00,126
7575.0,164.7444,164.96,164.645,164.96,164.52,2026-07-31 19:51:00,185
4622.71611,164.7379,164.73,164.65,164.775,164.605,2026-07-31 19:52:00,109
2779.690128,164.7186,164.67,164.59,164.73,164.59,2026-07-31 19:53:00,76
6941.0,164.6085,164.7,164.58,164.74,164.485,2026-07-31 19:54:00,176
9914.006706,164.5583,164.71,164.53,164.71,164.47,2026-07-31 19:55:00,206
21487.0262,164.4006,164.53,164.205,164.53,164.205,2026-07-31 19:56:00,490
16773.08,164.1406,164.33,163.91,164.34,163.91,2026-07-31 19:57:00,360
20475.0,164.0334,163.88,164.005,164.145,163.88,2026-07-31 19:58:00,511
48364.0,164.2299,164.06,164.19,164.54,164.01,2026-07-31 19:59:00,918
5780.61993,163.9776,163.96,163.96,163.96,163.96,2026-07-31 20:01:00,40
125.0,163.942,163.94,163.94,163.94,163.94,2026-07-31 20:06:00,2
100.0,162.5,162.5,162.5,162.5,162.5,2026-07-31 22:29:00,1
255.0,169.81,169.81,169.81,169.81,169.81,2026-08-03 11:12:00,4
118.0,167.9568,167.96,167.96,167.96,167.96,2026-08-03 11:21:00,3
238.0,170.4617,170.46,170.46,170.46,170.46,2026-08-03 11:33:00,4
528.0,169.9822,170.0,169.97,170.0,169.97,2026-08-03 11:56:00,11
488.0,170.0393,170.0,170.0,170.0,170.0,2026-08-03 11:57:00,11
396.0,169.8644,169.96,169.82,169.96,169.82,2026-08-03 12:07:00,13
599.0,169.4857,169.86,169.86,169.86,169.86,2026-08-03 12:08:00,7
439.0,169.7475,169.82,169.82,169.82,169.82,2026-08-03 12:09:00,20
231.0,168.9561,168.96,168.96,168.96,168.96,2026-08-03 12:15:00,16
399.0,169.7044,169.72,169.72,169.72,169.72,2026-08-03 12:36:00,7
121.0,168.426,168.46,168.46,168.46,168.46,2026-08-03 12:37:00,22
452.0,168.5341,168.56,168.56,168.56,168.56,2026-08-03 12:38:00,44
320.0,168.9532,168.97,168.97,168.97,168.97,2026-08-03 12:48:00,14
122.0,169.812,169.87,169.87,169.87,169.87,2026-08-03 12:51:00,8
293.0,169.2122,169.21,169.21,169.21,169.21,2026-08-03 13:02:00,6
11272.481016,168.1209,167.97,169.7,169.7,167.97,2026-08-03 13:30:00,62
2053.4853,169.1483,169.83,168.415,169.84,168.415,2026-08-03 13:32:00,63
692.157,168.7255,168.72,168.43,168.72,168.43,2026-08-03 13:33:00,29
1697.03,168.6209,168.455,169.56,169.56,168.455,2026-08-03 13:35:00,21
998.0113,168.9427,168.89,168.89,168.89,168.89,2026-08-03 13:36:00,43
1318.24604,168.2148,167.81,168.385,168.39,167.81,2026-08-03 13:37:00,27
1575.014797,169.0411,168.98,169.0,169.0,168.98,2026-08-03 13:38:00,51
1845.974945,170.331,170.0,170.805,170.805,170.0,2026-08-03 13:40:00,72
1031.097174,170.32,170.24,170.26,170.42,170.24,2026-08-03 13:43:00,44
803.09485,170.8635,171.0,171.0,171.0,171.0,2026-08-03 13:45:00,34
984.809032,171.6508,171.5799,171.58,171.58,171.5799,2026-08-03 13:46:00,35
1243.06979,171.5475,171.58,171.59,171.59,171.58,2026-08-03 13:47:00,61
2109.299627,171.4865,171.575,171.3001,171.645,171.3001,2026-08-03 13:48:00,63
1818.0001,171.7548,171.95,171.57,171.95,171.57,2026-08-03 13:49:00,48
3712.0,171.7887,171.555,171.98,171.99,171.555,2026-08-03 13:50:00,147
1362.09927,171.6199,171.555,171.64,171.64,171.555,2026-08-03 13:51:00,56
6093.0009,171.5288,171.625,171.09,171.645,171.03,2026-08-03 13:52:00,136
4332.70407,171.1191,171.59,171.4,171.59,170.57,2026-08-03 13:53:00,92
542.305334,171.4493,171.265,171.265,171.265,171.265,2026-08-03 13:55:00,31
1072.0,171.2869,171.66,171.01,171.88,171.01,2026-08-03 13:56:00,41
1974.48074,170.6953,170.43,170.64,170.64,170.425,2026-08-03 13:57:00,40
337.0,170.6449,170.645,170.645,170.645,170.645,2026-08-03 13:58:00,31
8084.0,170.6789,170.68,170.81,170.81,170.32,2026-08-03 13:59:00,63
1740.080252,170.8053,170.815,170.81,170.815,170.805,2026-08-03 14:00:00,41
6861.11678,170.7655,170.81,170.38,170.835,170.36,2026-08-03 14:01:00,93
2377.0,170.8596,170.835,171.165,171.39,170.43,2026-08-03 14:02:00,54
8534.01167,171.3108,171.07,172.12,172.12,171.07,2026-08-03 14:03:00,159
1280.1074,171.9906,171.67,172.095,172.095,171.67,2026-08-03 14:04:00,60
7591.145386,172.2994,172.32,172.32,172.34,171.88,2026-08-03 14:05:00,135
7514.0058,171.9604,171.74,172.02,172.54,171.555,2026-08-03 14:06:00,177
4254.03989,171.8001,171.925,171.65,172.48,171.38,2026-08-03 14:07:00,81
14346.01206,171.3876,171.695,171.17,171.98,171.17,2026-08-03 14:08:00,286
3815.972007,170.5763,170.34,170.175,170.65,170.165,2026-08-03 14:09:00,95
653.134957,170.6998,170.54,170.33,170.54,170.33,2026-08-03 14:10:00,39
631.01915,170.3259,170.27,170.27,170.27,170.27,2026-08-03 14:11:00,41
919.0,170.3901,170.29,170.29,170.29,170.29,2026-08-03 14:12:00,37
3124.078296,170.3611,170.255,170.58,170.58,170.225,2026-08-03 14:13:00,133
2212.05434,170.661,170.68,170.7,171.09,170.3,2026-08-03 14:15:00,81
6127.974024,170.3917,170.33,170.37,170.77,170.27,2026-08-03 14:16:00,145
11013.058994,170.5037,170.58,170.58,170.58,170.58,2026-08-03 14:17:00,56
7830.003,170.2419,170.26,170.13,170.56,170.01,2026-08-03 14:19:00,182
1260.688745,170.3275,170.25,170.25,170.25,170.25,2026-08-03 14:20:00,56
4616.62923,170.0424,170.21,169.9925,170.21,169.96,2026-08-03 14:21:00,179
6089.211,170.0053,169.97,170.0,170.06,169.93,2026-08-03 14:22:00,90
4694.013,169.9926,170.0,169.8501,170.215,169.8501,2026-08-03 14:23:00,98
2345.0,169.8816,169.8425,169.95,169.95,169.735,2026-08-03 14:24:00,93
5115.008829,169.5706,169.6,169.37,169.64,169.37,2026-08-03 14:25:00,134
1316.06979,169.5692,169.56,169.565,169.565,169.56,2026-08-03 14:26:00,77
1647.384961,169.805,170.0,169.82,170.0,169.82,2026-08-03 14:27:00,118
1279.594,169.9788,170.0,170.0,170.0,170.0,2026-08-03 14:28:00,71
774.052412,169.7797,169.97,169.83,169.97,169.83,2026-08-03 14:29:00,47
332.0,169.8402,169.94,169.94,169.94,169.94,2026-08-03 14:30:00,29
617.827738,169.9679,169.67,169.75,169.75,169.67,2026-08-03 14:31:00,44
10293.0,169.4052,169.52,169.08,169.6325,169.08,2026-08-03 14:32:00,187
2338.1815,169.0735,169.05,169.0625,169.28,169.05,2026-08-03 14:33:00,62
2684.019332,168.6384,168.87,168.31,168.87,168.31,2026-08-03 14:34:00,66
1457.0,168.3744,168.3,168.395,168.43,168.3,2026-08-03 14:36:00,53
617.0,168.5097,168.395,168.505,168.505,168.395,2026-08-03 14:37:00,26
1086.609246,168.8953,168.71,168.82,168.82,168.71,2026-08-03 14:38:00,59
1350.07765,169.1336,169.44,169.15,169.44,169.07,2026-08-03 14:41:00,50
831.55917,169.7487,169.66,169.655,169.66,169.655,2026-08-03 14:43:00,46
994.0,169.4758,169.645,169.3,169.645,169.3,2026-08-03 14:44:00,46
1423.0,169.1681,169.14,169.18,169.2025,169.14,2026-08-03 14:45:00,55
1345.0,168.8853,168.92,168.52,169.08,168.52,2026-08-03 14:46:00,52
2381.45265,168.4522,168.8,168.32,168.81,168.31,2026-08-03 14:47:00,80
10810.0,168.3199,168.44,168.16,168.58,167.99,2026-08-03 14:48:00,132
3104.374501,167.8981,167.93,167.695,167.975,167.695,2026-08-03 14:49:00,77
1066.665146,167.6835,167.555,167.55,167.555,167.55,2026-08-03 14:50:00,49
2973.539522,167.3908,167.34,167.27,167.435,167.27,2026-08-03 14:51:00,86
1864.065,167.2736,167.15,167.145,167.44,167.145,2026-08-03 14:53:00,63
510.0,167.2127,167.14,167.14,167.14,167.14,2026-08-03 14:54:00,29
1778.0,167.5123,167.42,167.54,167.59,167.42,2026-08-03 14:55:00,86
834.00596,167.7606,167.69,167.85,167.85,167.69,2026-08-03 14:56:00,44
1036.0,167.9072,168.07,167.91,168.07,167.84,2026-08-03 14:57:00,38
1781.0,167.8237,167.845,167.74,167.87,167.74,2026-08-03 14:58:00,61
1706.004,167.5689,167.51,167.575,167.68,167.51,2026-08-03 14:59:00,57
940.0,167.7177,167.74,167.74,167.74,167.74,2026-08-03 15:00:00,35
495.0,167.8305,168.19,167.735,168.19,167.735,2026-08-03 15:01:00,39
675.297658,167.8567,167.735,168.11,168.11,167.695,2026-08-03 15:02:00,40
1747.0,167.7396,167.695,168.11,168.11,167.6775,2026-08-03 15:03:00,41
1808.0,167.6507,167.65,168.05,168.06,167.38,2026-08-03 15:04:00,54
1704.0,167.6246,167.65,167.83,167.83,167.47,2026-08-03 15:06:00,78
2752.5414,167.7269,167.96,167.68,167.96,167.61,2026-08-03 15:07:00,60
3647.06,167.4752,167.595,167.86,167.86,167.32,2026-08-03 15:08:00,109
1320.005963,167.5293,167.33,167.55,167.55,167.325,2026-08-03 15:09:00,43
2282.004,167.6303,167.715,167.56,167.88,167.55,2026-08-03 15:10:00,61
12191.0,167.7257,167.66,167.795,167.88,167.65,2026-08-03 15:11:00,209
2007.0,167.6645,167.67,167.71,167.75,167.54,2026-08-03 15:12:00,42
1261.864276,167.5387,167.46,167.4,167.46,167.4,2026-08-03 15:13:00,68
843.0284,167.5806,167.53,167.44,167.53,167.44,2026-08-03 15:14:00,34
575.0,167.5022,167.535,167.2258,167.535,167.2258,2026-08-03 15:16:00,31
3229.0,167.5896,167.55,167.78,167.78,167.55,2026-08-03 15:17:00,60
1773.0,167.9491,167.71,167.93,168.09,167.71,2026-08-03 15:18:00,69
1035.0537,168.1046,168.15,168.045,168.15,168.045,2026-08-03 15:20:00,60
459.0,167.974,168.0325,168.0325,168.0325,168.0325,2026-08-03 15:21:00,27
3924.104,168.1635,168.14,167.95,168.28,167.95,2026-08-03 15:22:00,92
987.01564,167.7883,167.7,167.7,167.7,167.7,2026-08-03 15:25:00,31
614.0,168.0125,168.01,168.01,168.01,168.01,2026-08-03 15:27:00,35
1531.0,167.9467,167.795,168.015,168.015,167.795,2026-08-03 15:28:00,40
9581.02972,167.9342,168.015,167.905,168.02,167.71,2026-08-03 15:29:00,126
4645.0,167.8409,167.9,167.8,167.9,167.8,2026-08-03 15:30:00,79
5109.0,167.5948,167.63,167.37,167.77,167.37,2026-08-03 15:31:00,74
1451.0,167.5546,167.53,167.53,167.53,167.53,2026-08-03 15:32:00,41
1994.4865,167.6732,167.65,167.535,167.65,167.535,2026-08-03 15:33:00,64
779.395,167.747,167.6,167.76,167.76,167.6,2026-08-03 15:34:00,43
2070.0595,167.806,167.92,167.55,167.92,167.55,2026-08-03 15:35:00,79
1148.0,167.5776,167.3201,167.67,167.67,167.3201,2026-08-03 15:36:00,45
1957.0,167.8379,167.705,167.785,168.03,167.705,2026-08-03 15:37:00,59
503.0,167.8546,167.88,167.88,167.88,167.88,2026-08-03 15:40:00,28
1837.0,167.8861,167.885,167.885,167.885,167.885,2026-08-03 15:41:00,41
598.0,167.9037,167.93,167.93,167.93,167.93,2026-08-03 15:42:00,37
525.0,167.9209,167.93,167.96,167.96,167.93,2026-08-03 15:43:00,44
2044.3482,167.9526,167.935,167.94,167.94,167.935,2026-08-03 15:44:00,54
2485.0,167.9438,167.94,167.96,167.96,167.885,2026-08-03 15:45:00,85
3038.0,167.9363,168.03,167.935,168.03,167.9,2026-08-03 15:46:00,69
1613.0,167.868,167.94,167.935,167.94,167.72,2026-08-03 15:47:00,57
2119.0,167.7503,167.955,167.69,167.955,167.69,2026-08-03 15:48:00,80
337.0,167.6505,167.69,167.69,167.69,167.69,2026-08-03 15:49:00,19
1127.153007,167.5946,167.71,167.71,167.71,167.71,2026-08-03 15:50:00,58
2370.0,167.7782,167.75,167.83,167.83,167.71,2026-08-03 15:51:00,80
1394.0,167.7856,167.77,167.77,167.77,167.77,2026-08-03 15:53:00,51
1098.3482,167.9183,167.9,167.9,167.9,167.9,2026-08-03 15:54:00,49
456.0002,167.8478,167.725,167.92,167.92,167.725,2026-08-03 15:55:00,27
1272.0,167.9494,167.9,168.01,168.01,167.9,2026-08-03 15:56:00,71
1539.0,168.2691,168.1,168.34,168.34,168.1,2026-08-03 15:57:00,56
638.0,168.3121,168.455,168.345,168.455,168.345,2026-08-03 15:58:00,33
1781.0002,168.1889,168.26,168.2,168.26,168.2,2026-08-03 16:00:00,64
472.0,167.9967,167.97,167.985,168.0,167.97,2026-08-03 16:01:00,28
1103.0,168.1472,168.11,168.14,168.17,168.11,2026-08-03 16:03:00,43
279.0,168.0674,168.0,168.0,168.0,168.0,2026-08-03 16:05:00,20
358.01315,168.0781,168.08,168.08,168.08,168.08,2026-08-03 16:06:00,24
399.0,168.0753,168.08,168.08,168.08,168.08,2026-08-03 16:08:00,26
606.0,168.113,168.14,168.14,168.14,168.14,2026-08-03 16:09:00,43
1286.0,167.8828,167.87,167.875,167.875,167.87,2026-08-03 16:11:00,70
263.0,167.8743,167.865,167.865,167.865,167.865,2026-08-03 16:12:00,27
332.0,167.9146,167.845,167.845,167.845,167.845,2026-08-03 16:13:00,31
2046.0,168.154,168.12,168.105,168.29,168.105,2026-08-03 16:15:00,63
441.0,168.0976,168.11,168.11,168.11,168.11,2026-08-03 16:16:00,21
362.0,168.0789,168.01,168.01,168.01,168.01,2026-08-03 16:17:00,22
498.0,168.0192,168.01,168.01,168.01,168.01,2026-08-03 16:18:00,28
361.72,168.3516,168.025,168.05,168.05,168.025,2026-08-03 16:19:00,24
775.0,168.0881,168.025,168.0001,168.12,168.0001,2026-08-03 16:20:00,27
610.0,168.1154,168.1,168.17,168.17,168.1,2026-08-03 16:21:00,41
432.0,168.0647,168.02,168.02,168.02,168.02,2026-08-03 16:23:00,22
508.133,168.2309,168.19,168.25,168.25,168.18,2026-08-03 16:24:00,42
887.0,168.1619,168.25,168.105,168.25,168.105,2026-08-03 16:25:00,44
5919.0402,168.5289,168.47,168.7175,168.72,168.44,2026-08-03 16:26:00,94
1043.007437,168.707,168.73,168.73,168.73,168.73,2026-08-03 16:27:00,24
386.0,168.6438,168.7425,168.7425,168.7425,168.7425,2026-08-03 16:29:00,23
739.0,168.565,168.48,168.68,168.68,168.48,2026-08-03 16:31:00,34
2636.0,168.5239,168.66,168.48,168.745,168.48,2026-08-03 16:32:00,68
960.0,168.3516,168.41,168.34,168.41,168.34,2026-08-03 16:33:00,63
723.0,168.3915,168.36,168.445,168.445,168.36,2026-08-03 16:34:00,29
1575.0,168.3002,168.435,168.13,168.435,168.13,2026-08-03 16:36:00,62
631.243707,168.3567,168.25,168.345,168.345,168.25,2026-08-03 16:38:00,32
557.0,168.2689,168.27,168.27,168.27,168.27,2026-08-03 16:39:00,18
541.0,168.2872,168.265,168.265,168.265,168.265,2026-08-03 16:40:00,23
16407.0,168.2231,168.17,168.23,168.23,168.14,2026-08-03 16:41:00,58
12224.005944,168.1706,168.23,168.04,168.24,168.04,2026-08-03 16:42:00,101
11081.0,167.5837,167.85,167.7,167.85,167.47,2026-08-03 16:44:00,113
4144.147104,167.8568,167.86,167.83,168.06,167.55,2026-08-03 16:45:00,101
1451.3522,168.0516,167.96,168.035,168.035,167.96,2026-08-03 16:46:00,99
253.59477,168.3795,168.0,168.0,168.0,168.0,2026-08-03 16:48:00,20
2586.963,167.8323,167.78,167.66,167.78,167.66,2026-08-03 16:50:00,101
845.0,167.6457,167.66,167.615,167.66,167.615,2026-08-03 16:52:00,35
1754.8,167.8695,167.69,167.85,167.85,167.69,2026-08-03 16:55:00,65
1173.0,167.7313,167.72,167.73,167.73,167.72,2026-08-03 16:56:00,38
1352.67354,167.7796,167.73,167.73,167.73,167.72,2026-08-03 17:01:00,43
1081.0,167.5224,167.455,167.455,167.455,167.455,2026-08-03 17:02:00,54
645.0,167.437,167.375,167.375,167.375,167.375,2026-08-03 17:03:00,44
526.0,167.4083,167.415,167.415,167.415,167.415,2026-08-03 17:04:00,44
1987.005909,167.2847,167.35,167.155,167.35,167.155,2026-08-03 17:05:00,78
652.0,167.2495,167.19,167.19,167.19,167.19,2026-08-03 17:06:00,42
440.0,167.1987,167.195,167.21,167.21,167.195,2026-08-03 17:07:00,31
431.0,167.1994,167.2,167.2,167.2,167.2,2026-08-03 17:08:00,22
809.0,167.1866,167.205,167.205,167.205,167.205,2026-08-03 17:09:00,54
1881.005914,167.3689,167.24,167.46,167.47,167.24,2026-08-03 17:10:00,94
2546.0,167.6004,167.41,167.65,167.69,167.41,2026-08-03 17:11:00,109
600.0,167.7657,167.7425,167.81,167.81,167.7425,2026-08-03 17:12:00,31
809.1885,167.9219,167.91,168.0,168.0,167.91,2026-08-03 17:13:00,51
892.026186,167.7904,167.85,167.85,167.85,167.85,2026-08-03 17:15:00,44
1925.0,167.6739,167.67,167.67,167.67,167.67,2026-08-03 17:16:00,55
1579.297658,167.6412,167.61,167.605,167.61,167.605,2026-08-03 17:19:00,59
869.0,167.6222,167.61,167.61,167.61,167.61,2026-08-03 17:20:00,40
845.0,167.7836,167.77,167.77,167.77,167.77,2026-08-03 17:21:00,50
510.189682,167.9617,167.965,167.9575,167.965,167.9575,2026-08-03 17:22:00,30
1415.0,167.8075,167.965,167.8,167.965,167.79,2026-08-03 17:23:00,45
689.029,167.9686,167.955,167.99,167.99,167.955,2026-08-03 17:25:00,46
747.0,167.9025,167.91,168.03,168.03,167.91,2026-08-03 17:26:00,29
962.0,167.9283,167.91,167.9,167.91,167.9,2026-08-03 17:27:00,44
1039.2981,167.9593,167.93,167.93,167.93,167.93,2026-08-03 17:28:00,44
1284.0,167.8673,167.86,167.85,167.86,167.85,2026-08-03 17:30:00,46
489.0,167.9024,167.975,167.975,167.975,167.975,2026-08-03 17:31:00,31
802.0229,167.8593,167.83,167.9,167.9,167.83,2026-08-03 17:32:00,40
1476.0,167.6899,167.75,167.615,167.75,167.615,2026-08-03 17:33:00,73
838.0,167.7499,167.75,167.75,167.75,167.75,2026-08-03 17:34:00,26
3410.0,167.83,167.79,167.97,167.97,167.79,2026-08-03 17:35:00,91
382.0,167.9143,167.925,167.925,167.925,167.925,2026-08-03 17:36:00,25
560.0,167.9397,167.925,167.925,167.925,167.925,2026-08-03 17:37:00,28
521.0,167.956,167.97,167.97,167.97,167.97,2026-08-03 17:38:00,26
183.0,167.9938,167.97,167.97,167.97,167.97,2026-08-03 17:39:00,18
1744.0,167.9757,167.985,167.985,167.985,167.97,2026-08-03 17:40:00,36
6400.0,167.904,167.98,167.8,167.9851,167.8,2026-08-03 17:41:00,111
608.0,167.7141,167.65,167.65,167.65,167.65,2026-08-03 17:42:00,41
1289.0,167.6636,167.65,167.54,167.66,167.54,2026-08-03 17:43:00,31
479.0,167.5643,167.61,167.605,167.61,167.605,2026-08-03 17:44:00,28
343.0,167.591,167.51,167.51,167.51,167.51,2026-08-03 17:45:00,27
459.0,167.682,167.66,167.68,167.68,167.66,2026-08-03 17:46:00,30
1653.0,167.5714,167.53,167.7,167.72,167.53,2026-08-03 17:47:00,40
1475.0,167.5524,167.53,167.545,167.545,167.53,2026-08-03 17:48:00,36
2844.0,167.5572,167.51,167.53,167.6,167.51,2026-08-03 17:50:00,74
1520.046471,167.5828,167.55,167.61,167.61,167.53,2026-08-03 17:53:00,52
1757.0,167.5737,167.57,167.54,167.66,167.53,2026-08-03 17:54:00,38
2138.005968,167.4518,167.53,167.31,167.53,167.31,2026-08-03 17:55:00,76
546.0,167.2517,167.18,167.26,167.26,167.18,2026-08-03 17:58:00,36
1328.0,167.1918,167.1902,167.19,167.1902,167.19,2026-08-03 17:59:00,52
679.0,167.2003,167.26,167.26,167.26,167.26,2026-08-03 18:00:00,30
6171.13176,167.4279,167.32,167.59,167.62,167.32,2026-08-03 18:02:00,143
558.07,167.5795,167.705,167.73,167.73,167.705,2026-08-03 18:03:00,30
429.0,167.7126,167.63,167.63,167.63,167.63,2026-08-03 18:04:00,34
928.355238,167.6937,167.6,167.705,167.705,167.58,2026-08-03 18:05:00,43
635.11904,167.8241,167.805,167.84,167.84,167.805,2026-08-03 18:06:00,39
2985.0,167.6504,167.68,167.52,167.68,167.52,2026-08-03 18:08:00,64
2353.0,167.6444,167.6,167.54,167.74,167.325,2026-08-03 18:09:00,50
947.0,167.653,167.65,167.68,167.68,167.65,2026-08-03 18:10:00,40
1570.0,167.6878,167.69,167.69,167.69,167.69,2026-08-03 18:11:00,34
843.0,167.7044,167.69,167.69,167.69,167.69,2026-08-03 18:12:00,29
2071.0,167.8472,167.755,167.9151,167.9151,167.755,2026-08-03 18:13:00,78
2055.0,167.8366,167.77,167.8925,167.905,167.77,2026-08-03 18:14:00,44
6195.0,167.7628,167.8,167.6,167.8,167.6,2026-08-03 18:16:00,98
1039.007,167.6072,167.6,167.66,167.66,167.6,2026-08-03 18:17:00,44
319.0,167.7048,167.7,167.7,167.7,167.7,2026-08-03 18:19:00,23
496.0,167.6472,167.66,167.675,167.675,167.66,2026-08-03 18:20:00,31
387.038,167.7076,167.67,167.67,167.67,167.67,2026-08-03 18:22:00,35
418.0,167.6373,167.625,167.625,167.625,167.625,2026-08-03 18:23:00,26
976.011926,167.6532,167.625,167.625,167.625,167.625,2026-08-03 18:24:00,34
932.0,167.6615,167.6564,167.63,167.6564,167.63,2026-08-03 18:25:00,30
950.0,167.6869,167.63,167.75,167.75,167.63,2026-08-03 18:26:00,43
544.219735,167.8156,167.69,167.69,167.69,167.69,2026-08-03 18:27:00,52
1147.0,167.76,167.87,167.55,167.87,167.55,2026-08-03 18:28:00,42
747.0,167.7326,167.73,167.74,167.74,167.73,2026-08-03 18:30:00,31
625.0,167.7568,167.74,167.745,167.745,167.73,2026-08-03 18:31:00,22
3935.0831,167.6211,167.73,167.57,167.88,167.57,2026-08-03 18:32:00,72
1859.0,167.5061,167.68,167.39,167.68,167.39,2026-08-03 18:33:00,74
1597.0,167.4128,167.305,167.49,167.49,167.305,2026-08-03 18:34:00,61
1938.0,167.4945,167.52,167.5,167.52,167.5,2026-08-03 18:35:00,57
851.357,167.4667,167.415,167.3,167.465,167.28,2026-08-03 18:36:00,29
487.0,167.4337,167.395,167.395,167.395,167.395,2026-08-03 18:38:00,49
384.0,167.4081,167.35,167.44,167.44,167.35,2026-08-03 18:40:00,34
593.0,167.4296,167.48,167.4,167.48,167.4,2026-08-03 18:41:00,49
1800.0,167.4336,167.395,167.26,167.45,167.26,2026-08-03 18:42:00,68
2009.0,167.2805,167.28,167.28,167.28,167.27,2026-08-03 18:43:00,72
865.643,167.2668,167.055,167.06,167.29,167.055,2026-08-03 18:44:00,40
14693.00592,167.3301,167.09,167.31,167.55,167.06,2026-08-03 18:45:00,291
644.0,167.3501,167.29,167.35,167.35,167.29,2026-08-03 18:46:00,26
1783.351,167.3649,167.35,167.35,167.355,167.35,2026-08-03 18:47:00,55
2373.0,167.2182,167.34,167.35,167.35,167.16,2026-08-03 18:49:00,51
460.011,167.3485,167.35,167.35,167.35,167.35,2026-08-03 18:50:00,36
1744.0,167.1832,167.35,167.075,167.35,167.075,2026-08-03 18:51:00,76
1436.0,167.237,167.32,167.32,167.32,167.2,2026-08-03 18:52:00,50
1519.0,167.2881,167.31,167.275,167.31,167.275,2026-08-03 18:53:00,54
640.0,167.2401,167.24,167.21,167.24,167.21,2026-08-03 18:55:00,31
442.0,167.1931,167.215,167.215,167.215,167.215,2026-08-03 18:56:00,29
683.0,167.255,167.22,167.255,167.255,167.22,2026-08-03 18:57:00,38
656.424743,167.3599,167.255,167.26,167.26,167.255,2026-08-03 18:58:00,49
1669.0,167.2188,167.26,167.21,167.26,167.21,2026-08-03 18:59:00,59
694.0,167.2838,167.2601,167.295,167.36,167.2601,2026-08-03 19:01:00,33
3583.0,167.5968,167.28,167.87,167.87,167.12,2026-08-03 19:02:00,152
594.115,167.7867,167.87,167.87,167.87,167.87,2026-08-03 19:03:00,40
1834.0,167.8065,167.84,167.85,167.85,167.82,2026-08-03 19:05:00,57
572.0,167.8135,167.85,167.85,167.85,167.85,2026-08-03 19:06:00,44
872.37044,167.8738,167.82,167.8251,167.85,167.82,2026-08-03 19:07:00,49
602.0,167.8003,167.83,167.825,167.83,167.825,2026-08-03 19:08:00,44
3166.0,167.6726,167.71,167.63,167.7875,167.63,2026-08-03 19:09:00,95
2186.5,167.8184,167.6525,167.785,167.81,167.6475,2026-08-03 19:10:00,75
902.0,167.8417,167.82,167.84,167.84,167.82,2026-08-03 19:13:00,45
624.0,167.8914,167.955,167.955,167.955,167.955,2026-08-03 19:14:00,38
1057.3904,168.0278,168.02,168.03,168.03,168.02,2026-08-03 19:15:00,39
2179.75503,167.976,167.83,167.93,167.93,167.82,2026-08-03 19:16:00,65
720.673215,168.0592,167.925,167.78,167.925,167.78,2026-08-03 19:17:00,40
895.0,167.9296,167.925,167.925,167.925,167.925,2026-08-03 19:18:00,41
937.0119,167.9012,167.88,167.935,167.935,167.88,2026-08-03 19:19:00,36
1090.0,168.0432,168.11,168.11,168.11,168.11,2026-08-03 19:20:00,86
878.0,168.2015,168.2,168.31,168.31,168.2,2026-08-03 19:21:00,52
1035.3904,168.2998,168.17,168.17,168.17,168.17,2026-08-03 19:22:00,57
767.0,168.3437,168.35,168.37,168.37,168.305,2026-08-03 19:23:00,38
3528.0,168.5011,168.495,168.495,168.61,168.4925,2026-08-03 19:26:00,103
2962.0,168.3554,168.34,168.32,168.34,168.32,2026-08-03 19:27:00,83
2581.0,168.2845,168.34,168.19,168.34,168.19,2026-08-03 19:31:00,112
1706.0,168.1243,168.15,168.05,168.15,168.05,2026-08-03 19:32:00,93
3407.0,168.1168,168.1,168.24,168.24,168.04,2026-08-03 19:33:00,94
3459.0,168.1749,168.19,168.29,168.29,168.16,2026-08-03 19:34:00,121
2435.289,168.258,168.3,168.27,168.31,168.27,2026-08-03 19:35:00,85
883.809,168.3609,168.29,168.29,168.29,168.29,2026-08-03 19:36:00,46
1063.0,168.1851,168.095,168.095,168.095,168.095,2026-08-03 19:37:00,45
3266.0,168.3282,168.35,168.41,168.41,168.18,2026-08-03 19:39:00,199
1615.091224,168.3477,168.48,168.265,168.48,168.265,2026-08-03 19:40:00,61
1125.0,168.3399,168.44,168.42,168.44,168.42,2026-08-03 19:41:00,65
529.0,168.3222,168.28,168.28,168.28,168.28,2026-08-03 19:42:00,36
2880.0,168.4969,168.46,168.62,168.62,168.46,2026-08-03 19:43:00,105
1334.288228,168.5473,168.54,168.55,168.55,168.47,2026-08-03 19:44:00,76
8279.0,168.3561,168.43,168.43,168.56,168.0855,2026-08-03 19:45:00,233
1831.0,168.2743,168.24,168.295,168.3,168.18,2026-08-03 19:46:00,100
3674.0,168.3794,168.4,168.4,168.4,168.39,2026-08-03 19:47:00,106
5474.83435,168.4172,168.4,168.45,168.45,168.31,2026-08-03 19:48:00,154
2401.0,168.3712,168.45,168.45,168.46,168.275,2026-08-03 19:49:00,73
6628.0,168.231,168.45,168.135,168.45,168.135,2026-08-03 19:50:00,184
6010.06245,168.2318,168.1025,168.39,168.39,167.98,2026-08-03 19:51:00,184
1564.09799,168.3226,168.43,168.37,168.43,168.23,2026-08-03 19:52:00,51
5359.020391,168.3877,168.39,168.325,168.49,168.265,2026-08-03 19:53:00,144
10449.053,168.312,168.49,168.215,168.49,168.18,2026-08-03 19:54:00,282
10471.0,168.2909,168.19,168.44,168.44,168.19,2026-08-03 19:55:00,271
10042.0,168.3452,168.44,168.25,168.49,168.25,2026-08-03 19:56:00,245
8162.2,168.2961,168.27,168.41,168.41,168.18,2026-08-03 19:57:00,202
30788.5,168.2385,168.265,168.275,168.4,168.13,2026-08-03 19:58:00,509
58206.0,168.7371,168.34,168.79,168.95,168.34,2026-08-03 19:59:00,1139
8507.50503,168.68,168.67,168.67,168.67,168.67,2026-08-03 20:01:00,52
203.0,165.1733,165.17,165.17,165.17,165.17,2026-08-04 11:24:00,11
229.0,166.1268,166.49,166.49,166.49,166.49,2026-08-04 11:34:00,12
197.0,166.05,166.05,166.05,166.05,166.05,2026-08-04 12:03:00,1
371.0,164.1657,164.17,164.17,164.17,164.17,2026-08-04 12:27:00,9
262.0,165.6718,165.67,165.67,165.67,165.67,2026-08-04 13:29:00,3
5893.481796,166.1561,166.14,165.14,166.865,165.13,2026-08-04 13:30:00,61
1431.0,165.5186,165.0,166.89,166.89,165.0,2026-08-04 13:31:00,29
338.0,166.6459,166.795,166.795,166.795,166.795,2026-08-04 13:32:00,22
1618.434,167.1327,168.0418,166.765,168.0418,166.765,2026-08-04 13:34:00,16
606.06224,167.3738,166.705,168.05,168.05,166.705,2026-08-04 13:36:00,14
1010.0,167.1821,167.16,167.16,167.16,167.16,2026-08-04 13:37:00,19
2067.082511,167.8148,167.16,167.685,168.09,167.16,2026-08-04 13:39:00,36
232.0248,167.6831,167.665,167.665,167.665,167.665,2026-08-04 13:41:00,6
980.0,167.614,167.66,167.66,167.66,167.66,2026-08-04 13:42:00,27
1554.756,168.3545,168.14,168.63,168.73,168.14,2026-08-04 13:43:00,51
3133.0,168.3886,168.4,169.06,169.06,168.2,2026-08-04 13:44:00,88
773.06025,168.1474,168.78,168.775,168.78,167.8671,2026-08-04 13:45:00,15
377.0,168.6983,168.76,168.76,168.76,168.76,2026-08-04 13:46:00,25
841.138122,169.1589,169.195,169.365,169.365,169.195,2026-08-04 13:47:00,54
1612.193904,169.7481,169.645,169.645,170.06,169.645,2026-08-04 13:48:00,53
1813.5936,169.5382,168.97,169.4975,169.755,168.97,2026-08-04 13:49:00,59
1834.0,169.4822,169.515,169.515,169.515,169.515,2026-08-04 13:50:00,39
505.32324,169.5014,169.515,169.08,169.52,169.08,2026-08-04 13:51:00,17
1234.18,169.3459,169.02,169.435,169.47,169.02,2026-08-04 13:52:00,54
950.0,169.4321,169.46,169.555,169.57,169.43,2026-08-04 13:53:00,36
5584.09767,169.2655,169.565,169.485,169.565,168.99,2026-08-04 13:54:00,155
224.1,169.3807,169.41,169.41,169.41,169.41,2026-08-04 13:55:00,16
582.0,169.4623,169.485,169.47,169.485,169.47,2026-08-04 13:56:00,24
1139.98367,169.5278,169.465,169.395,169.465,169.395,2026-08-04 13:57:00,45
1045.0,169.4699,169.4,169.74,169.74,169.395,2026-08-04 13:59:00,47
9008.033261,170.0873,170.335,170.29,170.335,169.73,2026-08-04 14:00:00,149
1977.175408,170.1754,169.79,170.3,170.3,169.73,2026-08-04 14:01:00,39
3415.553601,169.8915,170.28,169.895,170.305,169.62,2026-08-04 14:02:00,100
2138.7002,169.8926,170.105,169.9,170.105,169.9,2026-08-04 14:04:00,68
1567.0,169.8811,169.905,169.9,169.905,169.9,2026-08-04 14:05:00,34
1348.185854,169.8909,169.875,169.875,169.875,169.875,2026-08-04 14:06:00,40
1299.117087,169.9659,169.88,170.09,170.09,169.88,2026-08-04 14:07:00,65
1994.0,169.7414,169.89,169.755,169.89,169.6,2026-08-04 14:08:00,60
2925.0,169.9514,169.725,170.08,170.08,169.725,2026-08-04 14:09:00,58
3039.0,170.3001,169.9,170.58,170.58,169.9,2026-08-04 14:10:00,79
2462.0,170.0763,170.58,170.09,170.58,169.84,2026-08-04 14:11:00,93
1154.0,170.0906,170.25,170.09,170.25,170.09,2026-08-04 14:12:00,39
3191.01,170.2088,170.15,170.47,170.47,170.095,2026-08-04 14:13:00,92
3523.316,170.265,170.34,170.42,170.49,170.01,2026-08-04 14:14:00,123
1443.0,170.233,170.41,169.96,170.415,169.96,2026-08-04 14:15:00,42
453.767,170.7799,170.525,170.525,170.54,170.525,2026-08-04 14:16:00,30
1189.019332,170.8446,170.88,170.915,171.17,170.88,2026-08-04 14:17:00,53
7820.0082,171.338,171.265,171.5,171.62,170.93,2026-08-04 14:18:00,178
1719.0,171.3494,171.395,171.39,171.395,171.39,2026-08-04 14:19:00,72
4951.0,171.7972,171.46,171.915,172.4399,171.46,2026-08-04 14:20:00,122
7558.197122,171.3719,171.94,171.17,171.94,171.17,2026-08-04 14:21:00,176
1834.0,171.1722,171.2,171.305,171.305,171.0,2026-08-04 14:22:00,52
1800.365,171.2696,171.26,171.26,171.26,171.26,2026-08-04 14:23:00,26
791.001,171.3286,171.01,171.01,171.01,171.01,2026-08-04 14:24:00,38
392.409205,171.5876,171.49,171.49,171.49,171.49,2026-08-04 14:25:00,25
4430.0,171.0211,171.49,171.17,171.49,170.5801,2026-08-04 14:26:00,95
1037.0,170.8823,171.0325,170.58,171.0325,170.58,2026-08-04 14:27:00,43
582.0,170.646,170.48,170.55,170.55,170.48,2026-08-04 14:28:00,22
930.453,170.7079,170.24,170.895,170.895,170.24,2026-08-04 14:29:00,39
1548.132,170.3823,170.34,170.05,170.34,170.05,2026-08-04 14:30:00,59
376.1282,170.6582,170.79,170.79,170.79,170.79,2026-08-04 14:31:00,39
536.0522,170.9101,171.16,171.16,171.16,171.16,2026-08-04 14:33:00,38
1586.0,171.2729,171.845,171.055,171.845,171.055,2026-08-04 14:34:00,46
999.035054,170.9639,171.16,170.7001,171.16,170.7001,2026-08-04 14:35:00,24
408.146,171.2042,171.16,171.16,171.16,171.16,2026-08-04 14:36:00,16
902.0,171.116,170.88,171.15,171.31,170.88,2026-08-04 14:37:00,26
816.0,171.1446,171.145,171.15,171.15,171.145,2026-08-04 14:38:00,30
291.0,171.1833,171.165,171.165,171.165,171.165,2026-08-04 14:39:00,15
1663.0,171.6887,171.17,171.89,171.89,171.17,2026-08-04 14:40:00,46
265.025,171.6101,171.585,171.625,171.625,171.585,2026-08-04 14:41:00,19
2020.0,171.6303,171.895,171.685,171.895,171.42,2026-08-04 14:42:00,62
6337.4626,171.5045,171.39,171.685,171.685,171.37,2026-08-04 14:43:00,140
1284.0,171.4814,171.43,171.61,171.68,171.35,2026-08-04 14:45:00,38
2239.0,171.3639,171.34,171.455,171.49,171.32,2026-08-04 14:46:00,71
940.0,171.2874,171.415,171.23,171.415,171.23,2026-08-04 14:47:00,49
1970.0,171.1394,171.08,171.355,171.4,171.03,2026-08-04 14:48:00,60
2714.142,170.8026,170.88,170.715,171.185,170.71,2026-08-04 14:49:00,48
1644.67762,170.9518,170.91,170.84,170.94,170.75,2026-08-04 14:50:00,45
349.0,170.8617,170.85,170.85,170.85,170.85,2026-08-04 14:51:00,21
19585.0,170.7616,170.86,170.525,170.86,170.36,2026-08-04 14:52:00,176
907.04461,170.5283,170.53,170.55,170.55,170.53,2026-08-04 14:53:00,37
433.0,170.6578,170.5,170.5,170.5,170.5,2026-08-04 14:54:00,26
1229.0,170.7067,170.64,170.75,170.75,170.61,2026-08-04 14:57:00,64
2039.0,170.5783,170.55,170.58,170.645,170.55,2026-08-04 14:59:00,65
863.0,170.8465,170.96,170.93,170.96,170.93,2026-08-04 15:03:00,28
1096.0,170.9559,170.99,170.99,170.99,170.99,2026-08-04 15:04:00,74
3130.062291,171.2503,171.05,171.365,171.365,171.05,2026-08-04 15:05:00,130
1562.0,171.1971,171.2,171.25,171.29,171.2,2026-08-04 15:06:00,57
905.0,171.1561,171.06,171.27,171.27,171.05,2026-08-04 15:07:00,32
3443.279383,171.1604,170.95,171.205,171.21,170.95,2026-08-04 15:08:00,54
2596.0,171.3277,171.18,171.415,171.415,171.18,2026-08-04 15:09:00,62
2047.949,171.458,171.35,171.485,171.53,171.23,2026-08-04 15:10:00,72
2422.0,171.1427,171.25,171.0201,171.25,171.02,2026-08-04 15:11:00,72
4835.003,171.0789,170.93,171.19,171.19,170.93,2026-08-04 15:12:00,59
2174.0,171.1076,171.19,170.95,171.19,170.9401,2026-08-04 15:13:00,42
905.0,170.9955,170.96,170.92,171.05,170.92,2026-08-04 15:14:00,35
1045.0,171.1545,171.12,171.155,171.155,171.12,2026-08-04 15:15:00,39
1893.0,171.3401,171.17,171.2,171.38,171.17,2026-08-04 15:17:00,86
492.0,171.4622,171.61,171.61,171.61,171.61,2026-08-04 15:18:00,21
550.0,171.4534,171.42,171.42,171.42,171.42,2026-08-04 15:19:00,24
664.0,171.3905,171.38,171.425,171.425,171.38,2026-08-04 15:20:00,27
7844.0,171.1893,171.42,171.0015,171.42,171.0015,2026-08-04 15:21:00,159
2367.0,170.9983,171.0,171.02,171.02,171.0,2026-08-04 15:23:00,56
507.0,171.0077,171.04,171.05,171.05,171.04,2026-08-04 15:24:00,19
754.0,170.8804,170.7993,171.09,171.09,170.7993,2026-08-04 15:25:00,20
1279.108,170.958,170.89,170.91,171.145,170.84,2026-08-04 15:26:00,36
4795.0,170.577,170.78,170.47,170.78,170.41,2026-08-04 15:27:00,126
769.0,170.4516,170.375,170.375,170.375,170.375,2026-08-04 15:28:00,29
1772.1,170.5454,170.52,170.55,170.55,170.52,2026-08-04 15:29:00,75
877.005,170.6819,170.69,170.69,170.69,170.69,2026-08-04 15:32:00,43
1218.0,170.5808,170.57,170.67,170.67,170.49,2026-08-04 15:33:00,36
1771.005855,170.4418,170.36,170.72,170.72,170.36,2026-08-04 15:34:00,71
487.0,170.5396,170.56,170.52,170.56,170.52,2026-08-04 15:35:00,29
642.0,170.6013,170.595,170.595,170.595,170.595,2026-08-04 15:36:00,33
1006.0,170.7828,170.82,170.82,170.82,170.82,2026-08-04 15:37:00,57
1880.0,170.9447,170.96,170.95,171.055,170.8,2026-08-04 15:38:00,68
1010.0,171.1008,170.68,171.3,171.3,170.68,2026-08-04 15:39:00,42
813.003,171.3514,171.32,171.4,171.4,171.32,2026-08-04 15:40:00,39
7319.0136,171.3409,171.3,171.26,171.56,171.26,2026-08-04 15:42:00,111
433.0,171.388,171.43,171.43,171.43,171.43,2026-08-04 15:43:00,22
476.0,171.3944,171.41,171.42,171.43,171.41,2026-08-04 15:44:00,23
1887.68125,171.4013,171.495,171.5,171.5,171.22,2026-08-04 15:45:00,60
1667.0,171.263,171.5,171.34,171.5,171.16,2026-08-04 15:46:00,64
29212.0,171.3123,171.16,171.23,171.38,170.42,2026-08-04 15:47:00,137
2669.006316,170.4252,170.59,170.31,170.59,170.31,2026-08-04 15:48:00,76
522.296175,170.4541,170.3475,170.3375,170.3475,170.3375,2026-08-04 15:50:00,28
2085.873001,170.6043,170.48,170.57,170.59,170.48,2026-08-04 15:51:00,70
3065.0,170.4707,170.45,170.455,170.58,170.35,2026-08-04 15:52:00,96
3026.0,170.4056,170.295,170.47,170.49,170.295,2026-08-04 15:53:00,76
950.0,170.3176,170.265,170.265,170.265,170.265,2026-08-04 15:54:00,36
1037.0,170.45,170.48,170.49,170.49,170.48,2026-08-04 15:56:00,54
9500.805865,170.6522,170.59,170.71,170.87,170.52,2026-08-04 15:57:00,127
1906.0,170.7488,170.785,170.79,170.79,170.72,2026-08-04 15:58:00,36
546.003,170.8134,170.78,170.78,170.78,170.78,2026-08-04 15:59:00,31
395.0,170.9912,171.0,171.0,171.0,171.0,2026-08-04 16:01:00,22
897.0,170.9696,171.035,171.035,171.035,171.035,2026-08-04 16:02:00,24
4037.0,170.6957,170.9,170.66,170.9,170.66,2026-08-04 16:04:00,101
2026.6848,170.4239,170.44,170.57,170.57,170.19,2026-08-04 16:06:00,56
3875.0,170.2336,170.3275,169.95,170.34,169.95,2026-08-04 16:07:00,71
773.0,170.0106,170.005,170.005,170.005,170.005,2026-08-04 16:08:00,26
8440.0,169.9321,169.93,169.93,169.93,169.93,2026-08-04 16:13:00,16
935.0,170.0165,170.035,170.035,170.035,170.035,2026-08-04 16:15:00,22
1573.0,169.8804,169.89,169.9525,169.9525,169.83,2026-08-04 16:17:00,55
1983.00587,170.2841,170.19,170.455,170.455,170.19,2026-08-04 16:20:00,87
709.0,170.2463,170.38,170.26,170.38,170.14,2026-08-04 16:21:00,18
3269.0,170.2015,170.1,169.895,170.345,169.895,2026-08-04 16:22:00,68
11163.56921,170.042,170.03,170.035,170.0475,170.03,2026-08-04 16:24:00,25
558.0,170.1587,170.22,170.22,170.22,170.22,2026-08-04 16:25:00,22
560.586252,170.5145,170.3125,170.3,170.3125,170.3,2026-08-04 16:26:00,43
573.0,170.4642,170.61,170.53,170.61,170.53,2026-08-04 16:27:00,33
1545.0,170.4237,170.1004,170.52,170.52,170.1004,2026-08-04 16:28:00,26
720.0,170.4391,170.28,170.51,170.51,170.28,2026-08-04 16:30:00,32
2638.311,170.4942,170.5175,170.43,170.65,170.38,2026-08-04 16:31:00,86
400.005853,170.5818,170.37,170.37,170.37,170.37,2026-08-04 16:32:00,34
1441.0,170.6829,170.775,170.51,170.775,170.51,2026-08-04 16:34:00,113
2705.019,171.0583,170.785,171.26,171.26,170.58,2026-08-04 16:35:00,70
4752.0,171.6047,171.64,171.495,171.97,170.99,2026-08-04 16:36:00,81
8067.0,171.0547,171.19,171.07,171.505,170.85,2026-08-04 16:37:00,77
3163.0,171.1187,171.04,171.37,171.44,171.02,2026-08-04 16:38:00,82
866.0,171.119,171.0302,171.1,171.1,171.0302,2026-08-04 16:39:00,27
3484.0,171.074,171.37,171.02,171.37,170.9,2026-08-04 16:40:00,108
1088.0,170.9896,170.93,171.25,171.29,170.88,2026-08-04 16:41:00,40
489.0,170.8963,170.84,170.84,170.84,170.84,2026-08-04 16:42:00,32
2406.0,170.8145,171.105,170.87,171.105,170.74,2026-08-04 16:43:00,46
3196.0,170.9146,170.69,170.69,171.16,170.69,2026-08-04 16:44:00,60
1359.0,171.2093,171.23,171.25,171.25,171.11,2026-08-04 16:45:00,44
485.0,171.3085,171.6787,171.6787,171.6787,171.6787,2026-08-04 16:46:00,30
346.07194,171.2307,171.32,171.32,171.32,171.32,2026-08-04 16:47:00,22
2512.0,171.1447,171.37,171.11,171.37,171.055,2026-08-04 16:49:00,66
1287.00583,171.0921,171.08,171.08,171.08,171.08,2026-08-04 16:50:00,98
547.2871,171.1257,170.95,170.95,170.95,170.95,2026-08-04 16:51:00,46
379.0,171.1635,171.25,171.25,171.25,171.25,2026-08-04 16:53:00,52
630.0,171.0643,170.91,170.91,170.91,170.91,2026-08-04 16:54:00,53
1017.114,171.1052,171.1,171.235,171.235,170.93,2026-08-04 16:55:00,36
257.0,171.195,171.26,171.26,171.26,171.26,2026-08-04 16:56:00,17
386.0,171.2471,171.26,171.26,171.26,171.26,2026-08-04 16:57:00,14
549.0,171.2648,171.265,171.27,171.27,171.265,2026-08-04 16:58:00,14
905.0,171.2634,171.26,171.26,171.265,171.26,2026-08-04 16:59:00,50
326.0,171.3655,171.36,171.36,171.36,171.36,2026-08-04 17:01:00,23
646.0,171.3375,171.375,171.375,171.375,171.375,2026-08-04 17:03:00,29
259.194796,171.5032,171.38,171.38,171.38,171.38,2026-08-04 17:04:00,17
2143.0,171.4777,171.6047,171.5,171.6047,171.44,2026-08-04 17:08:00,68
1722.0,171.376,171.41,171.29,171.42,171.28,2026-08-04 17:09:00,52
767.582754,171.4951,171.335,171.345,171.345,171.3325,2026-08-04 17:11:00,20
588.0,171.5174,171.55,171.55,171.55,171.55,2026-08-04 17:15:00,36
1493.0,171.5537,171.58,171.475,171.58,171.475,2026-08-04 17:17:00,32
792.0,171.5019,171.47,171.52,171.52,171.47,2026-08-04 17:18:00,32
1223.0,171.6006,171.61,171.59,171.61,171.59,2026-08-04 17:19:00,58
3037.0038,171.633,171.57,171.5,171.66,171.5,2026-08-04 17:20:00,103
1291.00966,171.767,171.86,171.67,171.86,171.67,2026-08-04 17:21:00,64
5125.0,171.7882,171.81,171.84,171.85,171.67,2026-08-04 17:23:00,120
2184.273,171.9899,172.0,171.97,172.0,171.97,2026-08-04 17:25:00,103
2709.0,171.8469,171.86,171.915,171.915,171.83,2026-08-04 17:26:00,84
212.0,171.8726,171.915,171.915,171.915,171.915,2026-08-04 17:27:00,23
1527.0,171.7201,171.72,171.87,171.87,171.7,2026-08-04 17:28:00,64
7220.0,171.503,171.6,171.32,171.72,171.24,2026-08-04 17:29:00,155
416.0,171.4671,171.43,171.43,171.43,171.43,2026-08-04 17:30:00,27
1071.0,171.4087,171.38,171.41,171.41,171.34,2026-08-04 17:31:00,35
838.0,171.3565,171.41,171.04,171.41,171.04,2026-08-04 17:32:00,29
1040.0,171.6766,171.62,171.75,171.765,171.62,2026-08-04 17:35:00,60
1526.0,171.8844,171.76,171.8,171.99,171.76,2026-08-04 17:36:00,73
1660.403,172.0764,172.11,172.07,172.12,172.07,2026-08-04 17:37:00,73
1180.203889,172.1911,172.085,172.09,172.09,172.085,2026-08-04 17:38:00,73
7324.0,172.0666,172.09,172.085,172.09,171.76,2026-08-04 17:39:00,79
1186.0,171.958,172.09,172.07,172.09,171.79,2026-08-04 17:40:00,43
810.0,172.0252,172.07,172.07,172.07,171.87,2026-08-04 17:41:00,19
1682.1626,171.9513,172.09,172.085,172.09,171.76,2026-08-04 17:42:00,51
757.0,172.0799,172.085,172.09,172.09,172.07,2026-08-04 17:43:00,35
1570.0,172.0509,172.08,172.12,172.12,171.87,2026-08-04 17:44:00,66
467.0,172.1247,172.12,172.125,172.125,172.12,2026-08-04 17:45:00,23
6389.0,172.1176,172.06,172.15,172.39,171.83,2026-08-04 17:46:00,223
769.15,172.3352,172.225,172.225,172.225,172.225,2026-08-04 17:47:00,55
2753.0,172.216,172.28,172.28,172.28,172.1,2026-08-04 17:48:00,74
1027.13,172.1644,172.11,172.18,172.18,172.1,2026-08-04 17:49:00,39
5205.0032,172.2923,172.2,172.325,172.48,172.185,2026-08-04 17:50:00,125
3161.177349,172.5856,172.35,172.635,172.64,172.35,2026-08-04 17:51:00,76
10219.000014,172.3727,172.635,172.46,172.635,172.27,2026-08-04 17:52:00,169
2017.059582,172.315,172.385,172.19,172.415,172.19,2026-08-04 17:53:00,59
1076.0,172.2224,172.19,172.345,172.345,172.14,2026-08-04 17:54:00,43
991.790261,172.2873,172.065,172.065,172.065,172.065,2026-08-04 17:55:00,48
645.0,172.076,172.06,172.14,172.14,172.01,2026-08-04 17:56:00,31
6236.0,172.0133,172.02,171.95,172.14,171.855,2026-08-04 17:57:00,141
6684.512,172.1356,171.95,172.215,172.29,171.93,2026-08-04 17:58:00,138
556.0,172.2186,172.205,172.205,172.205,172.205,2026-08-04 18:00:00,52
1859.0,172.2721,172.18,172.31,172.31,172.14,2026-08-04 18:01:00,50
982.048,172.3519,172.36,172.355,172.36,172.355,2026-08-04 18:02:00,39
1010.0,172.369,172.3551,172.48,172.51,172.25,2026-08-04 18:03:00,22
1199.0,172.5537,172.505,172.51,172.51,172.505,2026-08-04 18:04:00,83
1390.0,172.6714,172.54,172.645,172.645,172.54,2026-08-04 18:05:00,84
4312.0,172.7163,172.71,172.64,172.78,172.6,2026-08-04 18:06:00,92
3279.0,172.4403,172.46,172.46,172.46,172.36,2026-08-04 18:07:00,90
1188.03,172.4872,172.55,172.46,172.55,172.44,2026-08-04 18:08:00,64
293.60722,172.8704,172.5525,172.5525,172.5525,172.5525,2026-08-04 18:10:00,27
853.006536,172.5188,172.525,172.53,172.53,172.5125,2026-08-04 18:12:00,46
696.0,172.4838,172.53,172.47,172.53,172.47,2026-08-04 18:13:00,44
395.0,172.4784,172.47,172.48,172.485,172.47,2026-08-04 18:14:00,17
820.0,172.4764,172.47,172.51,172.525,172.47,2026-08-04 18:15:00,25
1870.0,172.463,172.46,172.5125,172.5125,172.42,2026-08-04 18:16:00,65
482.0,172.5246,172.4925,172.4925,172.4925,172.4925,2026-08-04 18:17:00,37
1021.0,172.4268,172.5,172.5,172.5,172.5,2026-08-04 18:18:00,56
387.0,172.4404,172.45,172.45,172.45,172.45,2026-08-04 18:20:00,23
1916.0,172.2366,172.13,172.35,172.38,172.13,2026-08-04 18:21:00,69
1615.8,172.4413,172.365,172.335,172.365,172.335,2026-08-04 18:22:00,62
2381.0,172.3833,172.335,172.34,172.48,172.325,2026-08-04 18:23:00,73
1049.0,172.5118,172.55,172.58,172.58,172.55,2026-08-04 18:24:00,38
1240.057,172.4629,172.47,172.53,172.56,172.34,2026-08-04 18:25:00,39
1567.0,172.3726,172.36,172.36,172.4,172.35,2026-08-04 18:26:00,41
17455.502664,172.9517,172.36,173.19,173.31,172.36,2026-08-04 18:27:00,374
1674.0,172.8372,172.98,172.74,172.98,172.74,2026-08-04 18:28:00,63
3954.0,172.7404,172.73,172.765,172.845,172.64,2026-08-04 18:29:00,102
6391.0,172.6893,172.61,172.79,172.82,172.535,2026-08-04 18:30:00,109
2017.0,172.7826,172.79,172.82,172.85,172.6,2026-08-04 18:31:00,44
992.6434,172.6648,172.43,172.43,172.43,172.43,2026-08-04 18:33:00,55
425.161116,172.7272,172.73,172.73,172.73,172.73,2026-08-04 18:34:00,31
869.0,172.5857,172.56,172.56,172.56,172.56,2026-08-04 18:35:00,49
2485.992226,172.4343,172.44,172.23,172.44,172.23,2026-08-04 18:37:00,72
567.0,172.2913,172.32,172.36,172.36,172.32,2026-08-04 18:38:00,31
1276.011,172.4104,172.335,172.335,172.335,172.335,2026-08-04 18:39:00,74
1728.1664,172.4079,172.38,172.385,172.385,172.38,2026-08-04 18:40:00,44
926.15551,172.4518,172.375,172.47,172.47,172.375,2026-08-04 18:41:00,38
1205.0,172.5613,172.54,172.51,172.54,172.51,2026-08-04 18:42:00,66
568.03638,172.7132,172.7,172.7,172.7,172.7,2026-08-04 18:43:00,35
1404.01876,172.6155,172.675,172.525,172.675,172.47,2026-08-04 18:44:00,71
1536.0,172.5844,172.805,172.4801,172.805,172.475,2026-08-04 18:45:00,59
1776.054171,172.6046,172.5,172.47,172.69,172.47,2026-08-04 18:46:00,63
884.0,172.6779,172.7,172.83,172.83,172.5,2026-08-04 18:47:00,45
1750.878789,173.0187,172.945,173.08,173.08,172.945,2026-08-04 18:48:00,90
1947.0,173.0383,173.045,173.05,173.05,173.045,2026-08-04 18:49:00,56
3379.878789,172.9796,173.075,173.015,173.075,172.81,2026-08-04 18:50:00,87
6430.176284,172.8902,173.085,173.07,173.085,172.78,2026-08-04 18:51:00,142
1326.0,173.0424,173.02,173.06,173.065,173.02,2026-08-04 18:52:00,56
1498.0,172.9983,173.05,173.01,173.05,173.0,2026-08-04 18:53:00,66
11203.0,172.8979,173.24,172.905,173.24,172.7,2026-08-04 18:54:00,185
1272.01304,172.8976,172.965,172.88,172.965,172.81,2026-08-04 18:55:00,43
1931.51194,172.7993,172.925,172.8525,172.925,172.64,2026-08-04 18:56:00,88
1253.130319,172.841,172.89,172.8825,172.89,172.8825,2026-08-04 18:57:00,49
1071.0,172.8462,172.845,172.8,172.845,172.8,2026-08-04 18:58:00,45
3752.0,172.7763,172.68,172.89,172.89,172.68,2026-08-04 18:59:00,161
408.0,172.8485,172.94,172.94,172.94,172.94,2026-08-04 19:00:00,17
2011.0,172.9079,172.91,172.85,173.01,172.84,2026-08-04 19:02:00,54
2151.0,172.8001,172.8,172.78,172.8,172.78,2026-08-04 19:03:00,72
989.0,172.8632,172.89,172.895,172.905,172.89,2026-08-04 19:05:00,30
899.0,172.8749,172.89,172.895,172.895,172.77,2026-08-04 19:06:00,30
2260.0,172.7897,172.87,172.67,172.87,172.66,2026-08-04 19:07:00,88
1876.4567,172.7489,172.88,172.64,172.88,172.63,2026-08-04 19:08:00,103
1978.0,172.6229,172.64,172.59,172.64,172.59,2026-08-04 19:09:00,63
1294.0,172.6583,172.74,172.6023,172.74,172.6023,2026-08-04 19:10:00,62
4013.0,172.9609,172.82,173.195,173.195,172.79,2026-08-04 19:12:00,179
2780.819951,173.2601,173.22,173.31,173.32,173.12,2026-08-04 19:13:00,67
2292.0,173.1938,173.12,173.305,173.305,173.1,2026-08-04 19:14:00,62
1249.0,173.2431,173.21,173.3275,173.33,173.21,2026-08-04 19:15:00,36
1225.0,173.33,173.335,173.33,173.335,173.3225,2026-08-04 19:16:00,40
2490.925466,173.1587,173.33,172.975,173.33,172.975,2026-08-04 19:17:00,103
872.0,173.0733,173.01,173.01,173.01,173.01,2026-08-04 19:18:00,28
901.0,173.102,173.085,173.17,173.17,173.085,2026-08-04 19:19:00,32
847.0,173.1314,173.125,173.18,173.18,173.125,2026-08-04 19:20:00,59
3844.0,173.023,173.0,173.0,173.085,172.97,2026-08-04 19:21:00,92
2355.0,172.9972,173.075,172.97,173.075,172.96,2026-08-04 19:22:00,60
1104.0,172.9756,173.01,173.01,173.01,173.01,2026-08-04 19:23:00,51
3181.0,173.0843,173.08,173.11,173.16,173.08,2026-08-04 19:24:00,109
3442.01281,173.312,173.215,173.28,173.43,173.215,2026-08-04 19:25:00,129
1119.074568,173.4846,173.47,173.515,173.515,173.47,2026-08-04 19:26:00,52
1217.1151,173.4986,173.4475,173.56,173.56,173.4475,2026-08-04 19:27:00,60
1821.0,173.4778,173.6,173.485,173.6,173.485,2026-08-04 19:28:00,53
3779.0012,173.3909,173.37,173.465,173.465,173.36,2026-08-04 19:29:00,97
1342.5,173.5692,173.51,173.51,173.51,173.51,2026-08-04 19:30:00,61
772.0,173.5622,173.66,173.61,173.66,173.5,2026-08-04 19:31:00,46
776.0,173.5821,173.625,173.625,173.625,173.625,2026-08-04 19:32:00,40
4997.594,173.772,173.66,173.91,173.91,173.66,2026-08-04 19:33:00,192
2865.0239,173.7647,173.88,173.8,173.88,173.69,2026-08-04 19:34:00,81
2704.0,173.8265,173.805,173.835,173.97,173.71,2026-08-04 19:35:00,75
2714.922,173.825,173.835,173.89,173.89,173.69,2026-08-04 19:36:00,80
2142.145682,173.8246,173.85,173.76,173.85,173.76,2026-08-04 19:37:00,69
3878.531,174.0696,174.0,174.17,174.255,173.95,2026-08-04 19:38:00,156
4607.0,174.0807,174.22,174.065,174.24,173.91,2026-08-04 19:39:00,98
1696.0,174.0349,174.02,174.055,174.055,174.02,2026-08-04 19:40:00,67
1685.0,174.1326,174.05,174.145,174.235,174.05,2026-08-04 19:41:00,60
3963.018186,174.1924,174.09,174.23,174.255,174.09,2026-08-04 19:42:00,146
5548.0,174.1942,174.39,174.02,174.39,174.02,2026-08-04 19:43:00,162
3199.28707,174.1883,174.115,174.225,174.225,174.09,2026-08-04 19:44:00,79
7612.028543,174.1334,174.16,174.21,174.22,174.04,2026-08-04 19:45:00,164
9430.25,174.2407,174.26,174.4,174.4,174.11,2026-08-04 19:46:00,179
2674.292,174.3098,174.38,174.23,174.39,174.23,2026-08-04 19:47:00,82
2798.459,174.3371,174.275,174.41,174.43,174.22,2026-08-04 19:48:00,106
7836.2987,174.3375,174.38,174.44,174.49,174.15,2026-08-04 19:49:00,225
6041.522,174.2682,174.32,174.4193,174.4193,174.1,2026-08-04 19:50:00,187
4947.91,174.3089,174.165,174.32,174.38,174.165,2026-08-04 19:51:00,142
8384.43214,174.2742,174.36,174.36,174.36,174.185,2026-08-04 19:52:00,260
33664.273372,174.5168,174.49,174.165,174.73,174.165,2026-08-04 19:53:00,474
5922.21939,174.2255,173.915,174.38,174.39,173.51,2026-08-04 19:54:00,146
9062.288,174.4959,174.46,174.51,174.66,174.305,2026-08-04 19:55:00,239
19710.0,174.4238,174.65,174.43,174.65,174.205,2026-08-04 19:56:00,359
18255.0,174.5395,174.4575,174.605,174.65,174.315,2026-08-04 19:57:00,435
39560.2122,174.8937,174.585,175.075,175.075,174.56,2026-08-04 19:58:00,851
45356.05706,175.2374,175.15,175.42,175.54,175.09,2026-08-04 19:59:00,1019
13967.83488,175.3105,175.3,175.3,175.3,175.3,2026-08-04 20:04:00,60
301.0,174.9705,175.0,175.0,175.0,175.0,2026-08-04 21:12:00,21
206.0,175.9951,175.99,176.0,176.0,175.99,2026-08-05 09:35:00,5
990.0,175.5008,175.5,175.5,175.5,175.5,2026-08-05 09:49:00,3
368.0,177.3015,177.3,177.3,177.3,177.3,2026-08-05 11:19:00,4
304.0,177.4959,177.5,177.5,177.5,177.5,2026-08-05 11:35:00,6
15435.865886,178.6224,178.65,177.5,178.99,177.465,2026-08-05 13:30:00,74
4132.409875,178.3821,177.5,177.755,179.075,177.5,2026-08-05 13:31:00,86
459.059088,178.0363,177.74,177.725,177.74,177.725,2026-08-05 13:32:00,20
2206.087843,178.0939,177.72,177.965,179.24,177.72,2026-08-05 13:34:00,29
749.066824,178.2196,177.73,178.355,178.74,177.71,2026-08-05 13:35:00,21
605.99997,178.3827,177.99,177.99,177.99,177.99,2026-08-05 13:36:00,28
3273.87398,177.2027,177.99,176.81,177.99,176.65,2026-08-05 13:37:00,75
640.008095,176.7527,175.6553,177.27,177.27,175.6553,2026-08-05 13:38:00,20
586.005599,176.3233,176.42,176.335,176.42,175.78,2026-08-05 13:39:00,34
327.0,176.5183,176.335,176.335,176.335,176.335,2026-08-05 13:40:00,10
645.04726,176.3472,176.335,176.335,176.335,176.335,2026-08-05 13:42:00,24
1201.1024,176.7418,176.89,176.89,176.89,176.89,2026-08-05 13:43:00,38
1011.0,176.4493,176.01,176.445,176.445,176.01,2026-08-05 13:44:00,20
1970.13236,176.7337,176.86,176.49,176.92,176.01,2026-08-05 13:45:00,66
1932.519222,175.9623,176.49,175.555,176.49,175.44,2026-08-05 13:46:00,73
737.0,175.5272,175.4851,175.4851,175.4851,175.4851,2026-08-05 13:47:00,23
604.0,175.354,175.18,175.255,175.255,175.18,2026-08-05 13:48:00,27
426.0,174.2836,174.085,174.085,174.085,174.085,2026-08-05 13:50:00,51
2135.2,174.9,174.92,174.5,174.97,174.5,2026-08-05 13:51:00,97
1614.35236,174.2676,174.2,174.15,174.21,173.99,2026-08-05 13:52:00,58
4432.983302,173.7744,174.0,174.0,174.18,173.2701,2026-08-05 13:53:00,93
2182.190616,173.9656,173.975,173.495,174.18,173.495,2026-08-05 13:54:00,63
2602.522671,173.545,173.495,173.52,173.52,173.435,2026-08-05 13:55:00,46
523.0,173.5162,173.52,173.335,173.52,173.335,2026-08-05 13:56:00,36
1158.21631,173.4949,173.48,173.49,173.49,173.48,2026-08-05 13:57:00,39
573.0,173.3854,173.33,173.315,173.51,173.315,2026-08-05 13:58:00,29
1510.0,173.4152,173.315,173.5,173.5,173.315,2026-08-05 13:59:00,145
981.2374,173.8246,173.68,174.03,174.03,173.68,2026-08-05 14:00:00,71
823.028556,173.9854,174.24,174.19,174.24,174.19,2026-08-05 14:02:00,63
301.0,174.4173,174.7,174.7,174.7,174.7,2026-08-05 14:03:00,23
3436.0,174.5182,174.41,174.88,174.88,174.385,2026-08-05 14:04:00,70
806.0,174.7221,174.88,174.97,174.97,174.88,2026-08-05 14:05:00,37
655.0,174.9924,175.175,175.175,175.175,175.175,2026-08-05 14:06:00,34
3101.0,175.0638,175.09,175.06,175.09,175.06,2026-08-05 14:07:00,46
2332.0,174.8635,174.77,174.56,175.155,174.56,2026-08-05 14:08:00,71
491.0,174.6942,174.94,174.44,174.94,174.44,2026-08-05 14:09:00,39
723.0,174.7656,174.85,174.84,174.85,174.55,2026-08-05 14:10:00,27
565.0,174.9518,174.85,174.85,174.85,174.85,2026-08-05 14:11:00,32
1209.0,175.2438,175.29,175.05,175.4,175.05,2026-08-05 14:12:00,35
1380.0,175.7086,175.48,175.865,175.865,175.48,2026-08-05 14:16:00,54
713.6,175.7007,175.68,175.395,175.68,175.395,2026-08-05 14:17:00,33
1473.0,175.3906,175.31,175.365,175.39,175.3,2026-08-05 14:18:00,64
864.0,175.3424,175.35,175.35,175.35,175.35,2026-08-05 14:19:00,21
1136.153351,175.3543,175.35,175.335,175.35,175.14,2026-08-05 14:20:00,37
911.038952,175.5459,175.335,175.7,175.7,175.335,2026-08-05 14:21:00,41
393.0322,175.8096,175.77,175.77,175.77,175.77,2026-08-05 14:22:00,21
677.0,175.927,175.79,176.0,176.0,175.79,2026-08-05 14:23:00,35
1232.003,175.7146,175.76,175.76,175.76,175.5,2026-08-05 14:24:00,40
841.0,175.5495,175.34,175.34,175.34,175.34,2026-08-05 14:26:00,45
1685.131,175.4708,175.34,175.67,175.67,175.29,2026-08-05 14:27:00,64
555.003,175.7214,175.67,175.665,175.67,175.665,2026-08-05 14:28:00,27
642.0,175.7211,175.665,175.665,175.665,175.665,2026-08-05 14:29:00,34
381.0,175.662,175.665,175.665,175.665,175.665,2026-08-05 14:30:00,17
614.121,175.7729,175.72,175.72,175.72,175.72,2026-08-05 14:31:00,32
2736.018206,176.1403,176.06,176.17,176.2,176.015,2026-08-05 14:33:00,95
1326.0,175.906,175.9,176.01,176.4,175.3301,2026-08-05 14:34:00,49
895.0,175.7494,175.78,175.78,175.78,175.78,2026-08-05 14:35:00,42
1353.313,175.8486,175.805,175.8,175.805,175.735,2026-08-05 14:36:00,58
906.0,175.8785,175.88,175.875,175.88,175.875,2026-08-05 14:38:00,33
1116.0,175.6689,175.6,175.715,175.715,175.6,2026-08-05 14:39:00,52
708.0,175.8799,175.89,175.905,175.905,175.73,2026-08-05 14:40:00,24
739.0,175.7941,175.71,175.71,175.71,175.71,2026-08-05 14:41:00,41
628.0,175.8811,175.97,175.77,175.97,175.77,2026-08-05 14:42:00,27
832.3503,176.0247,176.14,176.14,176.14,176.14,2026-08-05 14:43:00,37
1460.0,175.7274,176.13,175.71,176.13,175.71,2026-08-05 14:44:00,64
3304.0686,175.5582,175.6175,175.305,175.655,175.28,2026-08-05 14:46:00,136
1355.0,175.0015,175.01,174.79,175.01,174.79,2026-08-05 14:47:00,73
607.0,174.6666,174.575,174.575,174.575,174.575,2026-08-05 14:48:00,33
752.418,174.7955,174.915,174.915,174.915,174.915,2026-08-05 14:51:00,46
4003.0,175.0777,174.93,175.305,175.47,174.595,2026-08-05 14:52:00,119
1388.638,175.3388,175.19,175.49,175.49,175.19,2026-08-05 14:54:00,57
2411.394969,175.4335,175.44,175.265,175.445,175.265,2026-08-05 14:56:00,142
601.0,175.0438,175.01,174.93,175.01,174.93,2026-08-05 14:57:00,35
345.0,174.8394,174.755,174.755,174.755,174.755,2026-08-05 14:58:00,27
600.081,174.8913,174.725,174.725,174.725,174.725,2026-08-05 15:00:00,32
1660.01,174.6838,174.72,174.36,174.72,174.36,2026-08-05 15:01:00,57
977.366,174.6814,174.545,174.545,174.545,174.545,2026-08-05 15:02:00,43
887.0,174.4329,174.46,174.465,174.465,174.46,2026-08-05 15:03:00,39
4459.547,174.2714,174.04,174.0201,174.7,174.0201,2026-08-05 15:04:00,119
1396.0,174.422,174.37,174.06,174.37,174.06,2026-08-05 15:05:00,65
479.0,173.9986,173.83,173.83,173.83,173.83,2026-08-05 15:07:00,33
647.0,174.0021,174.07,174.07,174.07,174.07,2026-08-05 15:08:00,45
1447.018206,173.6833,173.66,173.685,173.685,173.65,2026-08-05 15:10:00,73
8884.0,173.5975,173.56,173.745,174.03,173.56,2026-08-05 15:11:00,71
1005.0,173.7026,173.74,173.745,173.745,173.74,2026-08-05 15:12:00,57
4600.0116,173.9684,173.74,174.13,174.13,173.74,2026-08-05 15:13:00,142
2923.0574,173.9871,174.2,173.85,174.2,173.8,2026-08-05 15:14:00,105
1132.0,173.9939,174.08,173.945,174.08,173.945,2026-08-05 15:15:00,47
3741.0,174.153,174.08,174.35,174.35,174.07,2026-08-05 15:17:00,113
1975.0,174.4152,174.21,174.655,174.655,174.21,2026-08-05 15:18:00,71
1463.0,174.4854,174.615,174.6075,174.615,174.6075,2026-08-05 15:19:00,40
739.756,174.7027,174.55,174.57,174.57,174.55,2026-08-05 15:20:00,38
381.0,174.556,174.565,174.565,174.565,174.565,2026-08-05 15:21:00,21
585.011468,174.4915,174.56,174.55,174.56,174.36,2026-08-05 15:22:00,29
3369.0,174.2923,174.3,174.23,174.3,174.2,2026-08-05 15:23:00,118
476.0,174.1918,173.95,173.95,173.95,173.95,2026-08-05 15:27:00,26
1184.0,174.0769,174.12,174.12,174.12,173.73,2026-08-05 15:28:00,44
1896.0,173.9071,174.085,173.89,174.085,173.66,2026-08-05 15:29:00,59
446.0,173.7479,173.59,173.59,173.59,173.59,2026-08-05 15:30:00,34
1793.0,173.5919,173.52,173.73,173.73,173.52,2026-08-05 15:32:00,90
1258.767,173.8691,174.029,173.34,174.029,173.34,2026-08-05 15:33:00,48
882.0,173.7066,173.87,173.6,173.87,173.6,2026-08-05 15:34:00,32
1035.0,173.5649,173.52,173.575,173.575,173.52,2026-08-05 15:35:00,46
1000.0,173.5108,173.46,173.45,173.46,173.45,2026-08-05 15:36:00,51
517.0,173.4686,173.4,173.4,173.4,173.4,2026-08-05 15:37:00,29
1212.7208,173.4177,173.415,173.18,173.415,173.18,2026-08-05 15:38:00,43
644.0,173.3875,173.43,173.43,173.43,173.43,2026-08-05 15:39:00,22
355.0,173.3783,173.43,173.43,173.43,173.43,2026-08-05 15:40:00,27
1616.0,173.4243,173.42,173.47,173.47,173.4,2026-08-05 15:41:00,73
959.0116,173.4091,173.47,173.47,173.47,173.47,2026-08-05 15:42:00,45
423.0,173.4245,173.53,173.365,173.53,173.365,2026-08-05 15:43:00,26
543.0,173.4211,173.435,173.435,173.435,173.435,2026-08-05 15:45:00,105
546.77588,173.6835,173.52,173.435,173.52,173.435,2026-08-05 15:46:00,28
1878.0,173.3815,173.3,173.32,173.43,173.3,2026-08-05 15:47:00,76
1143.003,173.2792,173.29,173.235,173.29,173.235,2026-08-05 15:48:00,55
1588.062,173.1162,173.235,172.845,173.235,172.845,2026-08-05 15:49:00,86
748.129289,172.7878,172.6136,172.86,172.86,172.6136,2026-08-05 15:50:00,30
674.0,172.9423,172.865,172.86,172.865,172.86,2026-08-05 15:53:00,27
2728.0,173.1958,173.15,173.38,173.38,173.105,2026-08-05 15:55:00,125
1845.0,173.3674,173.4,173.32,173.425,173.32,2026-08-05 15:56:00,80
1151.0,173.3201,173.27,173.1201,173.55,173.1201,2026-08-05 15:57:00,27
1069.639,173.5155,173.45,173.45,173.45,173.45,2026-08-05 15:59:00,34
3567.0,173.2727,173.3,173.27,173.315,173.19,2026-08-05 16:00:00,107
2297.0,173.3529,173.3,173.33,173.45,173.26,2026-08-05 16:01:00,70
742.0,173.5847,173.5525,173.525,173.5525,173.525,2026-08-05 16:03:00,31
988.0,173.6419,173.76,173.76,173.76,173.76,2026-08-05 16:04:00,32
1224.0,173.6107,173.66,173.6425,173.66,173.55,2026-08-05 16:05:00,47
1619.0,173.5718,173.5,173.5,173.5,173.5,2026-08-05 16:09:00,54
669.0,173.5023,173.535,173.535,173.535,173.535,2026-08-05 16:10:00,48
1142.467,173.8836,173.85,173.85,173.85,173.85,2026-08-05 16:12:00,55
256.4273,174.0451,173.81,173.81,173.81,173.81,2026-08-05 16:13:00,21
608.512,173.8462,173.735,173.735,173.735,173.735,2026-08-05 16:16:00,29
1143.0,173.6081,173.7225,173.54,173.7225,173.54,2026-08-05 16:17:00,56
2417.569,173.4999,173.44,173.3,173.5,173.3,2026-08-05 16:18:00,69
937.0,173.6145,173.695,173.695,173.695,173.695,2026-08-05 16:19:00,29
482.0,173.6362,173.58,173.58,173.58,173.58,2026-08-05 16:20:00,20
846.0,173.5287,173.57,173.4751,173.57,173.475,2026-08-05 16:21:00,37
1342.0,173.8481,173.82,173.93,173.93,173.82,2026-08-05 16:23:00,61
642.0,173.7389,173.765,173.765,173.765,173.765,2026-08-05 16:24:00,16
508.0,173.7151,173.7001,173.7001,173.7001,173.7001,2026-08-05 16:25:00,16
931.0,173.7061,173.7,173.695,173.72,173.695,2026-08-05 16:26:00,45
2668.0,173.515,173.7425,173.47,173.7425,173.47,2026-08-05 16:27:00,84
313.0072,173.3957,173.31,173.31,173.31,173.31,2026-08-05 16:28:00,17
354.0,173.3965,173.305,173.305,173.305,173.305,2026-08-05 16:30:00,18
1615.0,173.6848,173.67,173.65,173.695,173.65,2026-08-05 16:31:00,76
281.0,173.7525,173.795,173.795,173.795,173.795,2026-08-05 16:32:00,16
747.0,173.7257,173.795,173.795,173.795,173.795,2026-08-05 16:34:00,16
315.00575,173.7791,173.77,173.77,173.77,173.77,2026-08-05 16:36:00,15
892.0,173.742,173.76,173.76,173.76,173.76,2026-08-05 16:38:00,23
2508.0,173.7368,173.8125,173.65,173.82,173.65,2026-08-05 16:39:00,76
718.152,173.7645,173.745,173.745,173.745,173.745,2026-08-05 16:42:00,39
1273.4185,173.9094,173.98,173.83,173.98,173.83,2026-08-05 16:44:00,60
826.0,173.9373,173.98,173.98,173.99,173.97,2026-08-05 16:45:00,37
308.44741,174.0947,173.785,173.96,173.96,173.785,2026-08-05 16:46:00,29
433.301,173.927,173.785,173.785,173.785,173.785,2026-08-05 16:47:00,23
552.0,173.8986,173.96,173.785,173.98,173.785,2026-08-05 16:48:00,15
1291.0,173.8593,173.8075,173.96,173.96,173.785,2026-08-05 16:49:00,29
1563.5,174.0062,173.99,174.025,174.025,173.955,2026-08-05 16:50:00,69
1362.05095,173.7551,173.7,173.74,173.74,173.69,2026-08-05 16:54:00,47
1024.0,173.5346,173.48,173.34,173.48,173.34,2026-08-05 16:55:00,67
820.0,173.5479,173.5375,173.5375,173.5375,173.5375,2026-08-05 16:56:00,37
867.051459,173.5126,173.43,173.43,173.43,173.43,2026-08-05 16:59:00,43
525.0,173.5565,173.63,173.63,173.63,173.63,2026-08-05 17:00:00,28
737.0,173.2761,173.22,173.24,173.24,173.22,2026-08-05 17:02:00,46
625.55208,173.5406,173.44,173.33,173.44,173.33,2026-08-05 17:05:00,38
686.0,173.4046,173.31,173.445,173.445,173.31,2026-08-05 17:08:00,44
3261.2285,173.6367,173.61,173.64,173.74,173.61,2026-08-05 17:09:00,135
554.0,173.7384,173.76,173.76,173.76,173.76,2026-08-05 17:10:00,28
376.0,173.7036,173.72,173.72,173.72,173.72,2026-08-05 17:11:00,22
956.0,173.7037,173.73,173.735,173.735,173.73,2026-08-05 17:14:00,50
1187.0,173.7516,173.775,173.77,173.775,173.77,2026-08-05 17:15:00,52
443.54525,173.9517,173.78,173.78,173.78,173.78,2026-08-05 17:16:00,29
138.0,173.7472,173.78,173.78,173.78,173.78,2026-08-05 17:17:00,10
557.0,173.7046,173.815,173.815,173.815,173.815,2026-08-05 17:18:00,37
864.0,173.6793,173.62,173.63,173.63,173.62,2026-08-05 17:19:00,37
1322.0,173.805,173.62,173.86,173.87,173.62,2026-08-05 17:20:00,71
580.0,173.9565,174.01,174.01,174.01,174.01,2026-08-05 17:21:00,34
1109.0,173.8477,173.88,173.85,173.88,173.85,2026-08-05 17:22:00,31
1486.0,173.7145,173.73,173.625,173.73,173.625,2026-08-05 17:23:00,55
503.0,173.6429,173.63,173.645,173.645,173.63,2026-08-05 17:26:00,22
639.0,173.719,173.775,173.63,173.785,173.63,2026-08-05 17:27:00,20
383.17268,173.7423,173.7,173.7,173.7,173.7,2026-08-05 17:28:00,29
2410.37259,173.8122,173.775,173.84,173.84,173.77,2026-08-05 17:29:00,91
1750.02882,173.614,173.7,173.6,173.74,173.6,2026-08-05 17:30:00,85
756.69783,173.6338,173.48,173.36,173.48,173.36,2026-08-05 17:31:00,27
1357.36596,173.3672,173.29,173.285,173.3,173.285,2026-08-05 17:32:00,36
2844.0495,173.4807,173.29,173.49,173.58,173.29,2026-08-05 17:33:00,117
2984.70555,173.7631,173.725,173.91,173.91,173.55,2026-08-05 17:34:00,102
1748.0,173.9219,173.96,173.95,173.97,173.945,2026-08-05 17:35:00,51
964.11479,173.915,173.83,174.035,174.035,173.78,2026-08-05 17:36:00,31
211.0,173.9626,174.02,174.02,174.02,174.02,2026-08-05 17:37:00,14
670.0805,173.9678,174.025,174.025,174.025,174.025,2026-08-05 17:38:00,33
818.0,173.9603,174.1,173.9,174.1,173.9,2026-08-05 17:41:00,36
587.628,174.2058,173.94,174.115,174.115,173.94,2026-08-05 17:43:00,37
1146.0,174.1584,174.27,174.285,174.285,174.27,2026-08-05 17:44:00,43
2480.0,174.183,174.16,174.12,174.285,174.12,2026-08-05 17:46:00,40
1615.692625,174.322,174.285,174.355,174.355,174.285,2026-08-05 17:47:00,62
7199.0,174.4598,174.35,174.7875,174.795,174.23,2026-08-05 17:48:00,185
718.0,174.5276,174.7625,174.7625,174.7625,174.7625,2026-08-05 17:49:00,34
4220.0,174.6121,174.7825,174.65,174.7825,174.55,2026-08-05 17:50:00,132
4721.0,174.5461,174.461,174.71,174.8,174.461,2026-08-05 17:51:00,63
778.12583,174.7339,174.765,174.67,174.765,174.67,2026-08-05 17:52:00,44
4298.773841,174.7515,174.66,174.78,174.805,174.62,2026-08-05 17:53:00,109
1243.0,174.6758,174.72,174.715,174.72,174.715,2026-08-05 17:54:00,46
9836.0,173.8109,174.81,174.735,174.81,174.715,2026-08-05 17:55:00,60
694.4001,174.8236,174.715,174.73,174.73,174.715,2026-08-05 17:56:00,23
3180.45338,174.7031,174.7,174.645,174.73,174.645,2026-08-05 17:58:00,144
3079.28228,174.7267,174.685,174.72,174.75,174.685,2026-08-05 17:59:00,68
1005.291046,174.8034,174.82,174.8122,174.82,174.78,2026-08-05 18:00:00,50
1242.17834,174.8256,174.73,174.84,174.84,174.73,2026-08-05 18:01:00,60
2647.857919,174.8441,174.84,174.76,174.84,174.75,2026-08-05 18:02:00,94
1395.0,174.724,174.715,174.735,174.815,174.61,2026-08-05 18:03:00,49
2413.0,174.8177,174.745,174.875,174.975,174.74,2026-08-05 18:04:00,83
2439.08575,174.8188,174.81,174.805,174.8524,174.795,2026-08-05 18:05:00,72
651.0,174.8164,174.805,174.805,174.805,174.805,2026-08-05 18:06:00,32
941.40025,174.9588,174.825,174.89,174.89,174.825,2026-08-05 18:07:00,43
1196.0,174.8526,174.91,174.86,174.91,174.82,2026-08-05 18:08:00,43
800.0002,174.8832,174.935,174.96,174.96,174.935,2026-08-05 18:09:00,36
1035.0,174.8156,174.83,174.83,174.83,174.6701,2026-08-05 18:10:00,39
923.0,174.8649,174.83,174.84,174.99,174.83,2026-08-05 18:11:00,39
1702.0,174.8428,174.84,174.86,174.86,174.825,2026-08-05 18:12:00,47
538.0,174.8586,174.825,174.825,174.825,174.825,2026-08-05 18:13:00,28
2802.8074,174.9906,174.955,174.98,175.02,174.9101,2026-08-05 18:14:00,102
3305.028,175.0909,175.02,175.19,175.19,175.02,2026-08-05 18:15:00,116
1328.0,175.1138,175.175,175.19,175.19,174.98,2026-08-05 18:16:00,36
1181.0,175.1512,175.19,175.19,175.19,175.19,2026-08-05 18:17:00,55
3009.05,175.0297,175.19,174.9,175.19,174.9,2026-08-05 18:18:00,102
1627.0,174.9302,174.9,174.99,174.99,174.9,2026-08-05 18:19:00,67
1168.0,174.9753,174.98,174.98,174.98,174.965,2026-08-05 18:20:00,35
1011.0,174.9683,174.99,174.945,174.99,174.945,2026-08-05 18:21:00,40
643.0,174.9601,174.945,174.95,174.95,174.945,2026-08-05 18:22:00,32
1176.0,174.8619,174.95,174.77,174.95,174.77,2026-08-05 18:23:00,56
1945.0,174.9547,174.89,174.9,175.055,174.89,2026-08-05 18:24:00,56
769.0,174.8676,174.8525,174.865,174.865,174.74,2026-08-05 18:25:00,36
1096.0,174.8745,174.87,174.87,174.87,174.87,2026-08-05 18:26:00,43
723.0,174.8437,174.75,174.87,174.87,174.75,2026-08-05 18:27:00,36
2562.0,174.7934,174.74,174.825,174.87,174.74,2026-08-05 18:28:00,85
3303.0,174.7975,174.8126,174.85,174.975,174.68,2026-08-05 18:29:00,83
652.0,174.8297,174.85,174.85,174.85,174.85,2026-08-05 18:30:00,44
1278.681218,174.9172,174.81,174.73,174.85,174.73,2026-08-05 18:31:00,49
379.45736,174.9864,174.71,174.71,174.71,174.71,2026-08-05 18:32:00,41
4637.0,174.7485,174.8325,174.62,174.975,174.62,2026-08-05 18:33:00,114
3668.0,174.5542,174.6,174.39,174.705,174.39,2026-08-05 18:34:00,117
679.888,174.6447,174.39,174.39,174.39,174.39,2026-08-05 18:35:00,35
1123.0,174.2859,174.31,174.12,174.31,174.12,2026-08-05 18:36:00,35
948.17207,174.1689,173.95,173.82,173.95,173.82,2026-08-05 18:37:00,61
356.0,173.991,173.9,173.9,173.9,173.9,2026-08-05 18:38:00,35
1633.1502,174.1735,173.95,174.15,174.155,173.95,2026-08-05 18:39:00,54
948.0,174.1525,174.15,174.15,174.15,174.15,2026-08-05 18:40:00,53
971.0,174.2233,174.15,174.155,174.155,174.15,2026-08-05 18:42:00,50
852.0,174.2281,174.165,174.41,174.41,174.165,2026-08-05 18:43:00,27
7039.22902,174.526,174.435,174.65,174.75,174.435,2026-08-05 18:44:00,195
2226.0,174.4565,174.49,174.385,174.49,174.385,2026-08-05 18:45:00,80
848.0,174.4644,174.43,174.43,174.43,174.43,2026-08-05 18:46:00,33
1512.008455,174.448,174.45,174.45,174.45,174.45,2026-08-05 18:47:00,25
503.14573,174.4996,174.45,174.43,174.45,174.43,2026-08-05 18:48:00,23
1553.0,174.4501,174.455,174.455,174.455,174.2602,2026-08-05 18:49:00,24
2090.433,174.482,174.455,174.46,174.46,174.455,2026-08-05 18:50:00,49
4675.0,174.6572,174.51,174.79,174.81,174.51,2026-08-05 18:51:00,151
609.0,174.5867,174.5468,174.5468,174.5468,174.5468,2026-08-05 18:52:00,29
1271.0,174.5639,174.52,174.63,174.63,174.52,2026-08-05 18:53:00,51
970.0,174.7485,174.655,174.645,174.84,174.645,2026-08-05 18:55:00,33
1293.0,174.7897,174.66,174.765,174.885,174.66,2026-08-05 18:57:00,51
2842.0,174.7072,174.765,174.64,174.765,174.64,2026-08-05 18:58:00,84
716.0,174.6667,174.665,174.665,174.665,174.665,2026-08-05 18:59:00,27
1676.43841,174.5458,174.47,174.32,174.49,174.32,2026-08-05 19:00:00,60
2255.0,174.5423,174.57,174.585,174.585,174.57,2026-08-05 19:01:00,65
791.0,174.5274,174.585,174.585,174.585,174.585,2026-08-05 19:02:00,35
1655.0,174.5587,174.59,174.48,174.59,174.48,2026-08-05 19:03:00,63
2552.0,174.6313,174.59,174.6,174.76,174.59,2026-08-05 19:04:00,76
631.0,174.6309,174.59,174.735,174.735,174.59,2026-08-05 19:05:00,38
1164.0,174.5954,174.59,174.59,174.71,174.5,2026-08-05 19:06:00,40
2850.0,174.5844,174.59,174.585,174.59,174.585,2026-08-05 19:07:00,66
900.0,174.5245,174.6013,174.6013,174.6013,174.6013,2026-08-05 19:08:00,35
1050.0,174.5814,174.59,174.59,174.59,174.59,2026-08-05 19:09:00,33
889.16523,174.6382,174.71,174.46,174.71,174.46,2026-08-05 19:10:00,48
1123.76643,174.7069,174.595,174.595,174.595,174.595,2026-08-05 19:11:00,42
602.025,174.6133,174.66,174.66,174.66,174.66,2026-08-05 19:12:00,45
960.0,174.5868,174.555,174.555,174.66,174.555,2026-08-05 19:13:00,34
918.0,174.592,174.655,174.655,174.655,174.655,2026-08-05 19:14:00,31
1621.0,174.5477,174.555,174.56,174.56,174.44,2026-08-05 19:15:00,52
2362.0,174.5697,174.63,174.64,174.64,174.55,2026-08-05 19:16:00,77
2957.792451,174.5053,174.56,174.32,174.565,174.32,2026-08-05 19:17:00,139
2459.0,174.3148,174.25,174.35,174.35,174.24,2026-08-05 19:18:00,123
1824.609825,174.4858,174.35,174.4,174.485,174.35,2026-08-05 19:19:00,56
898.0,174.4621,174.545,174.42,174.545,174.42,2026-08-05 19:20:00,37
1749.0,174.2447,174.06,174.06,174.06,174.06,2026-08-05 19:21:00,101
852.984,174.3157,174.075,174.075,174.075,174.05,2026-08-05 19:22:00,40
911.0,174.0729,174.075,174.02,174.075,173.965,2026-08-05 19:23:00,45
6001.0,174.0626,174.07,174.235,174.235,173.83,2026-08-05 19:24:00,183
2307.0,174.2566,174.3099,174.13,174.34,174.13,2026-08-05 19:25:00,78
2653.0,174.2746,174.26,174.305,174.305,174.26,2026-08-05 19:26:00,82
1867.198689,174.3086,174.1601,174.3,174.395,174.1601,2026-08-05 19:27:00,66
1476.0,174.2935,174.26,174.33,174.33,174.26,2026-08-05 19:28:00,61
2132.0,174.3868,174.49,174.56,174.56,174.42,2026-08-05 19:29:00,98
1216.02642,174.6033,174.745,174.58,174.745,174.58,2026-08-05 19:30:00,64
1793.0,174.5223,174.54,174.52,174.725,174.52,2026-08-05 19:31:00,85
1244.739,174.6544,174.735,174.555,174.735,174.555,2026-08-05 19:32:00,66
3677.0,174.4071,174.36,174.32,174.51,174.32,2026-08-05 19:33:00,139
2503.60416,174.5222,174.505,174.49,174.58,174.49,2026-08-05 19:34:00,103
1273.0,174.5193,174.535,174.54,174.55,174.535,2026-08-05 19:35:00,79
6417.276,174.5382,174.54,174.63,174.63,174.39,2026-08-05 19:36:00,172
1678.0,174.5919,174.65,174.685,174.685,174.61,2026-08-05 19:37:00,65
1843.0,174.6129,174.675,174.68,174.69,174.675,2026-08-05 19:38:00,89
2778.0,174.5523,174.555,174.55,174.69,174.39,2026-08-05 19:39:00,90
2539.994719,174.7581,174.68,174.72,174.73,174.68,2026-08-05 19:40:00,101
3260.0,174.7582,174.625,174.98,174.98,174.625,2026-08-05 19:41:00,134
3788.445,174.8493,174.81,174.94,174.94,174.73,2026-08-05 19:42:00,127
2255.0,174.962,174.94,175.05,175.05,174.94,2026-08-05 19:43:00,95
4587.0,175.1612,175.13,175.21,175.34,175.01,2026-08-05 19:44:00,152
5399.036085,175.3226,175.2,175.36,175.36,175.2,2026-08-05 19:45:00,69
3285.0,175.2816,175.36,175.3475,175.375,175.2,2026-08-05 19:46:00,98
5415.231311,175.4798,175.365,175.53,175.625,175.365,2026-08-05 19:47:00,169
2333.03739,175.3673,175.45,175.355,175.45,175.33,2026-08-05 19:48:00,102
6548.0,175.2361,175.355,175.195,175.355,175.12,2026-08-05 19:49:00,179
8486.0,175.0446,175.06,175.13,175.15,174.92,2026-08-05 19:50:00,232
4448.693,175.197,175.16,175.185,175.21,175.16,2026-08-05 19:51:00,133
7816.175264,175.1361,175.175,175.1632,175.24,175.045,2026-08-05 19:52:00,207
4639.649169,175.2533,175.26,175.225,175.325,175.18,2026-08-05 19:53:00,136
9053.0,175.2589,175.125,175.44,175.485,175.1,2026-08-05 19:54:00,265
7507.0,175.3604,175.52,175.35,175.545,175.15,2026-08-05 19:55:00,249
19694.0,175.4096,175.09,175.59,175.59,175.07,2026-08-05 19:56:00,411
15769.05706,175.5817,175.62,175.39,175.72,175.39,2026-08-05 19:57:00,423
30310.0,175.0629,175.31,174.995,175.31,174.82,2026-08-05 19:58:00,759
42835.36,175.1747,175.08,174.71,175.45,174.655,2026-08-05 19:59:00,1025
12871.416675,174.8057,174.8,174.8,174.8,174.8,2026-08-05 20:02:00,55
1179.0,179.2855,175.8,181.21,181.21,175.8,2026-08-05 20:05:00,39
445.0,179.3848,178.99,180.3485,180.3485,178.76,2026-08-05 20:09:00,7
419.016129,186.9679,187.0,187.0,187.0,187.0,2026-08-05 20:19:00,23
700.016147,185.0058,185.01,185.0,185.01,185.0,2026-08-05 20:23:00,11
514.0,185.8368,185.82,185.85,185.85,185.82,2026-08-05 20:24:00,7
329.016147,186.8153,186.97,187.0,187.0,186.97,2026-08-05 20:25:00,18
200.0,187.01,187.01,187.01,187.01,187.01,2026-08-05 20:34:00,1
483.0,188.008,188.0,188.0,188.0,188.0,2026-08-05 20:40:00,22
151.0,188.0564,188.0563,188.0563,188.0563,188.0563,2026-08-05 20:42:00,2
1586.0,188.0011,188.0,188.0,188.0,188.0,2026-08-05 20:43:00,30
208.0,188.0,188.0,188.0,188.0,188.0,2026-08-05 20:51:00,3
1043.0,192.8081,193.0,193.0,193.0,193.0,2026-08-05 20:55:00,18
276.029267,189.0279,189.0,189.0,189.0,189.0,2026-08-05 21:06:00,8
529.0,187.018,187.0,187.0,187.0,187.0,2026-08-05 21:11:00,9
680.01519,190.054,190.91,190.81,190.91,190.03,2026-08-05 21:31:00,45
1848.014889,193.2055,191.86,192.5,193.75,191.86,2026-08-05 21:32:00,28
413.014594,194.8475,194.6,194.6,194.6,194.6,2026-08-05 21:35:00,22
425.095497,197.7084,199.0,199.0,199.0,199.0,2026-08-05 21:36:00,48
155.0,198.5563,198.5,198.5,198.5,198.5,2026-08-05 21:37:00,7
392.095411,199.7402,199.0,199.0,199.0,199.0,2026-08-05 21:38:00,36
474.027216,202.4537,202.0,202.1262,204.0,202.0,2026-08-05 21:42:00,12
284.0,202.4306,202.85,202.5,202.85,202.5,2026-08-05 21:44:00,8
127.0,200.9932,201.0,201.0,201.0,201.0,2026-08-05 21:46:00,6
2350.0,201.9939,202.0,202.0,202.0,202.0,2026-08-05 21:47:00,44
228.013759,200.053,200.0,200.0,200.0,200.0,2026-08-05 21:52:00,9
266.0,201.0256,201.0,201.0,201.0,201.0,2026-08-05 22:00:00,6
576.0,201.0064,201.0,201.0,201.01,201.0,2026-08-05 22:04:00,9
130.0,201.2517,201.2,201.2,201.2,201.2,2026-08-05 22:05:00,4
232.0,201.2128,201.21,201.21,201.21,201.21,2026-08-05 22:06:00,2
207.0,201.2099,201.21,201.21,201.21,201.21,2026-08-05 22:08:00,2
309.0,201.2013,201.2,201.2,201.2,201.2,2026-08-05 22:53:00,7
2400.0,200.7632,201.2,200.03,201.21,200.0,2026-08-05 23:03:00,7
113.0,200.0159,200.01,200.01,200.01,200.01,2026-08-05 23:04:00,3
200.0,200.0,200.0,200.0,200.0,200.0,2026-08-05 23:06:00,2
153.0,200.0,200.0,200.0,200.0,200.0,2026-08-05 23:08:00,2
171.0,200.0561,200.0,200.0,200.0,200.0,2026-08-05 23:10:00,4
171.0,200.1053,200.0,200.0,200.0,200.0,2026-08-05 23:15:00,5
214.0,200.1122,200.0,200.0,200.0,200.0,2026-08-05 23:16:00,3
153.0,200.0,200.0,200.0,200.0,200.0,2026-08-05 23:20:00,2
258.0,200.0004,200.0,200.0,200.0,200.0,2026-08-05 23:21:00,5
102.0,200.0002,200.0,200.0,200.0,200.0,2026-08-05 23:22:00,2
161.0,197.718,197.56,197.56,197.56,197.56,2026-08-05 23:45:00,4
499.0,197.5,197.5,197.5,197.5,197.5,2026-08-05 23:53:00,2
138.0,197.2758,197.5,197.5,197.5,197.5,2026-08-05 23:55:00,3
436.0,197.9068,197.7,197.7,197.7,197.7,2026-08-05 23:58:00,3
250.0,199.709,199.3,200.0,200.0,199.3,2026-08-05 23:59:00,4
593.01461,194.8771,195.0,195.0,195.0,194.99,2026-08-06 09:57:00,10
101.0,197.6554,197.682,197.682,197.682,197.682,2026-08-06 10:28:00,2
353.01461,197.1054,196.0,197.49,197.49,196.0,2026-08-06 11:14:00,17
156.0,198.4981,198.5,198.5,198.5,198.5,2026-08-06 11:31:00,4
100.0,198.25,198.25,198.25,198.25,198.25,2026-08-06 11:42:00,1
800.024321,199.4463,199.46,199.5,199.5,199.46,2026-08-06 11:51:00,29
651.0,200.9994,201.0,201.0,201.0,201.0,2026-08-06 12:10:00,5
305.0,201.045,201.0,201.0,201.0,201.0,2026-08-06 12:11:00,15
488.0,201.998,202.0,202.0,202.0,202.0,2026-08-06 12:15:00,2
100.0,202.0,202.0,202.0,202.0,202.0,2026-08-06 12:18:00,1
203.0,202.0072,202.0,202.0,202.0,202.0,2026-08-06 12:20:00,3
211.0,200.9008,200.9,200.9,200.9,200.9,2026-08-06 13:05:00,3
1546.026964,203.5164,202.9,203.05,203.05,202.9,2026-08-06 13:12:00,88
437.094424,208.8361,207.17,207.17,207.17,207.17,2026-08-06 13:14:00,19
924.372499,211.1843,210.0,214.0,214.0,210.0,2026-08-06 13:15:00,44
596.035139,213.7043,214.0,214.0,214.0,214.0,2026-08-06 13:19:00,47
1174.0,212.8695,212.81,213.0,213.0,212.81,2026-08-06 13:24:00,30
608.0,212.9813,213.0,213.0,213.0,213.0,2026-08-06 13:25:00,17
497.01245,211.0114,212.26,210.0,212.26,210.0,2026-08-06 13:26:00,21
484.0,205.5449,209.04,203.2377,209.04,203.2377,2026-08-06 13:27:00,12
647.0,210.2299,210.67,212.32,212.32,210.67,2026-08-06 13:29:00,29
5069.118095,213.0806,212.89,210.71,216.0,210.71,2026-08-06 13:30:00,111
223.0,210.1666,212.495,212.495,212.495,212.495,2026-08-06 13:31:00,15
2128.0,208.7816,208.99,209.05,209.05,208.0,2026-08-06 13:33:00,53
114170.474109,211.646,211.0,214.705,215.78,209.92,2026-08-06 13:34:00,807
45896.130261,216.6544,215.89,218.05,218.93,214.69,2026-08-06 13:35:00,941
21315.110844,216.8183,219.295,217.375,219.5,215.4546,2026-08-06 13:36:00,360
26884.956922,218.157,217.375,218.68,219.5,216.73,2026-08-06 13:37:00,537
11962.181019,218.0035,217.9,217.0,219.0,217.0,2026-08-06 13:38:00,386
12782.56752,216.3036,217.67,215.035,218.305,214.3,2026-08-06 13:39:00,377
11513.295641,214.2911,215.035,215.46,215.89,212.0701,2026-08-06 13:40:00,233
52209.905652,214.2528,214.29,215.43,216.1498,212.0,2026-08-06 13:41:00,643
9688.418469,216.8138,216.45,217.39,218.0,214.52,2026-08-06 13:42:00,278
26014.423793,216.7148,217.0,216.39,217.55,214.95,2026-08-06 13:43:00,372
169592.449652,213.7115,215.64,212.255,216.38,210.6,2026-08-06 13:44:00,1862
37070.080319,212.4438,211.61,212.32,215.41,211.44,2026-08-06 13:45:00,435
53077.235804,213.5059,211.92,214.985,216.0,211.5,2026-08-06 13:46:00,682
22557.506628,215.8097,215.96,215.8,216.7055,214.885,2026-08-06 13:47:00,423
23024.423718,214.8806,216.0,213.66,216.7,213.66,2026-08-06 13:48:00,293
27349.399583,213.3649,214.88,213.24,214.88,212.08,2026-08-06 13:49:00,377
51285.793429,212.7624,212.22,214.0,214.99,211.5,2026-08-06 13:50:00,555
20954.776943,214.8021,213.01,216.315,216.9999,213.01,2026-08-06 13:51:00,398
13122.676421,216.3588,216.315,216.64,217.0,215.62,2026-08-06 13:52:00,389
12048.072508,217.5881,216.83,218.5,218.525,216.83,2026-08-06 13:53:00,295
7339.232484,217.8412,218.4625,218.4275,218.5,217.0,2026-08-06 13:54:00,207
11402.319237,218.0674,217.99,218.0103,218.97,217.01,2026-08-06 13:55:00,244
38056.358375,217.5039,218.505,217.03,218.505,216.2001,2026-08-06 13:56:00,597
17920.708392,216.8557,217.03,217.245,217.605,216.21,2026-08-06 13:57:00,175
6106.764313,216.8088,217.245,216.4,217.245,216.4,2026-08-06 13:58:00,164
23837.011962,215.5351,216.98,216.395,216.99,214.545,2026-08-06 13:59:00,376
4240.994129,217.0121,216.5,217.5,217.5,216.5,2026-08-06 14:00:00,158
9419.982987,216.6791,217.27,216.26,217.27,215.615,2026-08-06 14:01:00,240
3389.589507,215.8584,216.37,216.165,216.37,215.32,2026-08-06 14:02:00,244
28783.772008,215.3981,215.66,215.01,216.0,214.66,2026-08-06 14:03:00,294
3550.977819,215.1154,214.95,215.17,215.17,214.94,2026-08-06 14:04:00,154
7429.044214,215.0444,214.354,215.115,215.35,214.354,2026-08-06 14:05:00,135
33086.249714,214.9207,215.0,215.27,215.5,214.5277,2026-08-06 14:06:00,361
15353.249639,215.1817,215.27,215.415,215.62,214.96,2026-08-06 14:07:00,273
15044.814809,214.8459,215.505,214.73,215.505,214.48,2026-08-06 14:08:00,373
15987.365857,213.7654,214.39,214.2,214.88,212.82,2026-08-06 14:09:00,327
55406.17526,212.5747,213.11,212.53,213.625,210.78,2026-08-06 14:10:00,718
10758.796665,212.7311,212.12,212.855,213.08,212.12,2026-08-06 14:11:00,287
6870.720273,212.4954,212.615,212.51,212.615,212.0,2026-08-06 14:12:00,175
4368.312336,212.5427,213.0,212.515,213.0,212.0949,2026-08-06 14:13:00,97
5119.072044,212.6683,212.6,212.535,212.96,212.5075,2026-08-06 14:14:00,132
8331.26632,212.9327,212.86,212.935,213.23,212.75,2026-08-06 14:15:00,273
8976.295398,212.7056,212.84,212.765,213.23,212.24,2026-08-06 14:16:00,221
3910.41543,213.272,213.18,213.265,213.61,212.9075,2026-08-06 14:17:00,95
23973.176771,213.1936,213.35,213.265,213.58,212.53,2026-08-06 14:18:00,372
3040.405911,213.1356,213.16,213.375,213.375,212.68,2026-08-06 14:19:00,127
7425.080391,212.8185,212.75,213.155,213.28,212.0201,2026-08-06 14:20:00,248
5831.284829,213.2566,213.89,213.12,213.89,213.115,2026-08-06 14:21:00,154
2145.593315,213.4365,213.12,213.49,213.71,213.12,2026-08-06 14:22:00,105
6139.808123,213.9,213.385,214.285,214.285,213.385,2026-08-06 14:23:00,201
2455.91371,214.3008,214.495,214.465,214.495,214.05,2026-08-06 14:24:00,126
6166.494783,214.2058,214.465,214.29,214.58,214.0,2026-08-06 14:25:00,201
29391.745811,213.6405,214.05,212.765,214.61,212.76,2026-08-06 14:26:00,466
5791.866343,213.2215,212.9,212.91,213.775,212.9,2026-08-06 14:27:00,67
6988.588288,213.4318,213.25,214.27,214.27,212.91,2026-08-06 14:28:00,207
4817.787672,213.867,213.905,213.63,214.11,213.5,2026-08-06 14:29:00,217
25361.004672,214.4484,214.035,214.14,214.57,213.61,2026-08-06 14:30:00,183
18517.892322,213.7834,214.0,213.75,214.15,213.461,2026-08-06 14:31:00,267
28917.7687,214.5447,213.925,215.25,215.5,212.01,2026-08-06 14:32:00,568
6394.52616,214.9124,215.45,214.9,215.49,214.3,2026-08-06 14:33:00,192
12402.499484,215.4748,214.905,215.5,216.49,214.885,2026-08-06 14:34:00,255
40402.158504,214.8769,215.33,213.7,215.67,213.41,2026-08-06 14:35:00,634
21118.94705,214.5586,214.4,215.42,215.42,214.015,2026-08-06 14:36:00,366
1906.854614,215.4709,215.02,215.48,215.495,215.02,2026-08-06 14:37:00,81
4150.021361,215.3501,215.5,215.51,215.98,215.03,2026-08-06 14:38:00,154
4163.90977,215.5203,215.51,215.455,215.51,215.455,2026-08-06 14:39:00,105
10236.702371,215.3117,215.59,214.96,215.62,214.96,2026-08-06 14:40:00,299
6247.798434,215.9719,215.41,215.99,216.325,215.4,2026-08-06 14:41:00,257
6214.41662,216.3773,216.04,216.63,216.86,215.65,2026-08-06 14:42:00,139
3175.00377,216.5669,216.535,216.67,216.93,216.535,2026-08-06 14:43:00,119
6976.048163,216.8188,216.64,216.925,217.15,216.5103,2026-08-06 14:44:00,201
5372.387283,216.6855,216.56,216.955,216.975,216.51,2026-08-06 14:45:00,181
4980.376594,216.4331,216.51,216.655,217.0933,216.01,2026-08-06 14:46:00,172
1036.314801,216.5974,216.66,216.66,216.66,216.66,2026-08-06 14:47:00,101
7797.244339,216.1166,216.25,216.2851,216.29,215.81,2026-08-06 14:48:00,239
2001.414,216.1675,215.7674,216.22,216.22,215.7426,2026-08-06 14:49:00,92
39274.881637,214.5328,216.255,212.935,216.26,212.935,2026-08-06 14:50:00,573
58596.095747,213.6089,213.48,215.055,215.055,212.505,2026-08-06 14:51:00,551
7725.270895,214.7573,215.055,214.41,215.23,214.23,2026-08-06 14:52:00,178
3175.454472,215.0136,215.125,214.76,215.125,214.76,2026-08-06 14:53:00,122
2771.7478,214.826,214.51,214.915,215.1672,214.49,2026-08-06 14:54:00,102
3978.072,214.8529,214.76,214.77,215.01,214.38,2026-08-06 14:55:00,150
4366.442752,214.7528,214.7,214.765,214.895,214.48,2026-08-06 14:56:00,200
6175.29101,214.3634,214.38,214.46,214.46,213.98,2026-08-06 14:57:00,218
9232.81491,214.1734,214.51,214.56,214.62,213.51,2026-08-06 14:58:00,219
9263.055902,214.2613,214.63,213.8501,214.63,213.8501,2026-08-06 14:59:00,261
7385.04657,214.3518,214.51,214.5575,214.5575,214.0201,2026-08-06 15:00:00,158
5006.01018,214.479,214.265,214.32,214.7,214.265,2026-08-06 15:01:00,138
8869.13926,214.4045,214.7,214.4025,214.7,214.09,2026-08-06 15:02:00,216
2452.162483,214.3384,214.09,214.0,214.425,214.0,2026-08-06 15:03:00,131
20859.219463,215.5647,214.19,216.5,216.63,214.02,2026-08-06 15:04:00,457
3215.66846,216.6462,216.75,216.715,216.815,216.65,2026-08-06 15:05:00,126
4419.65254,216.6662,216.715,216.72,216.74,216.23,2026-08-06 15:06:00,141
17669.408912,216.2007,216.745,215.77,216.745,215.77,2026-08-06 15:07:00,358
2896.047387,215.789,215.675,215.9,216.0,215.365,2026-08-06 15:08:00,100
20516.318086,216.0088,215.98,216.01,216.335,215.69,2026-08-06 15:09:00,274
3080.01038,215.7854,215.7,215.52,216.15,215.52,2026-08-06 15:10:00,135
6811.55106,216.0536,215.94,216.36,216.4,215.64,2026-08-06 15:11:00,138
2411.97284,216.3323,216.415,215.85,216.53,215.85,2026-08-06 15:12:00,76
9380.100893,215.9533,215.8101,216.0,216.3575,215.6,2026-08-06 15:13:00,213
5898.793945,216.1186,216.0,216.375,216.375,215.93,2026-08-06 15:14:00,111
2441.57296,216.3469,216.04,215.91,216.455,215.91,2026-08-06 15:15:00,98
2648.834761,216.6087,216.455,216.56,216.75,216.455,2026-08-06 15:16:00,78
1539.400938,216.6189,216.7,216.46,216.7,216.45,2026-08-06 15:17:00,53
7522.32508,216.8031,216.705,216.905,217.0,216.41,2026-08-06 15:18:00,186
5878.231055,216.9692,216.57,216.92,217.2,216.57,2026-08-06 15:19:00,149
11224.03982,216.7813,216.81,216.19,217.04,216.18,2026-08-06 15:20:00,216
2804.56237,215.9676,216.18,215.6501,216.18,215.6501,2026-08-06 15:21:00,99
2455.044581,216.1163,215.835,216.08,216.25,215.835,2026-08-06 15:22:00,89
2339.590805,216.6395,216.355,216.7,216.81,216.355,2026-08-06 15:23:00,72
7854.535201,216.3208,216.0039,216.295,216.3875,215.98,2026-08-06 15:24:00,142
8784.934312,215.8987,216.115,215.555,216.29,215.35,2026-08-06 15:25:00,197
2823.448176,216.1514,216.0499,216.39,216.39,215.8375,2026-08-06 15:26:00,106
7983.44593,216.0601,216.285,216.24,216.3,215.75,2026-08-06 15:28:00,244
1353.383619,216.2706,216.28,216.15,216.28,216.15,2026-08-06 15:29:00,108
24682.460556,216.2311,216.69,216.1875,216.89,216.0,2026-08-06 15:30:00,437
29008.27842,216.5555,216.02,217.08,217.32,215.93,2026-08-06 15:31:00,423
7872.177492,217.1612,217.205,216.79,217.68,216.68,2026-08-06 15:32:00,220
1542.15865,216.551,216.435,216.405,216.435,216.405,2026-08-06 15:34:00,45
8446.92757,216.4458,216.57,216.24,216.57,216.235,2026-08-06 15:35:00,186
4004.314137,216.3102,216.24,216.41,216.435,216.14,2026-08-06 15:36:00,102
3503.690716,216.4729,216.4,216.455,216.59,216.24,2026-08-06 15:37:00,94
5019.62707,217.0181,216.95,217.255,217.255,216.745,2026-08-06 15:38:00,185
3010.458732,217.3216,217.255,217.235,217.65,217.2275,2026-08-06 15:39:00,102
1626.71768,217.4046,217.235,217.54,217.54,217.235,2026-08-06 15:40:00,76
1257.258764,217.2838,217.13,217.34,217.34,217.13,2026-08-06 15:41:00,94
2011.211552,217.4133,217.26,217.41,217.5,217.26,2026-08-06 15:42:00,111
1336.833994,217.6571,217.4401,217.78,217.79,217.4401,2026-08-06 15:43:00,67
23091.788098,218.0205,217.8,217.91,218.425,217.755,2026-08-06 15:44:00,394
8686.41791,217.9958,218.0,217.64,218.185,217.64,2026-08-06 15:45:00,226
3553.003,217.7194,217.63,217.825,217.83,217.445,2026-08-06 15:46:00,86
4379.717014,217.8388,217.825,217.825,218.05,217.45,2026-08-06 15:47:00,104
1282.776578,217.9188,217.825,217.83,217.83,217.825,2026-08-06 15:48:00,55
1942.928769,218.0996,218.2,217.5002,218.21,217.5002,2026-08-06 15:49:00,90
8274.681419,217.9867,217.5401,218.0775,218.39,217.5401,2026-08-06 15:50:00,140
5986.09212,218.1378,218.105,218.225,218.32,218.025,2026-08-06 15:51:00,126
4957.749142,218.497,218.3,218.59,218.62,218.3,2026-08-06 15:52:00,189
1229.042322,218.5285,218.5925,218.595,218.595,218.5925,2026-08-06 15:54:00,91
2060.82108,218.6435,218.76,218.59,218.76,218.5427,2026-08-06 15:55:00,133
8215.870389,218.8806,218.5415,219.03,219.05,218.5415,2026-08-06 15:56:00,237
988.79274,219.2624,219.1325,219.175,219.175,219.1325,2026-08-06 15:57:00,86
1208.110363,219.129,219.1093,219.1153,219.1153,219.1,2026-08-06 15:58:00,92
15592.13978,218.8467,219.3,218.355,219.3,218.355,2026-08-06 15:59:00,359
2394.26311,218.5678,218.545,218.56,218.56,218.52,2026-08-06 16:00:00,110
9148.21546,218.5763,218.87,218.535,219.0,218.22,2026-08-06 16:01:00,194
913.676108,218.6716,218.315,218.315,218.44,218.315,2026-08-06 16:02:00,65
6038.8936,218.4729,218.36,218.63,218.73,218.1901,2026-08-06 16:03:00,116
12515.4684,219.1459,218.635,219.52,219.78,218.635,2026-08-06 16:04:00,196
37170.900535,219.4895,219.56,219.91,220.0,219.0,2026-08-06 16:05:00,561
6635.925533,219.8805,219.75,219.83,220.0,219.74,2026-08-06 16:06:00,143
3169.42419,219.794,219.92,219.7125,219.92,219.69,2026-08-06 16:07:00,126
47771.408015,219.7434,219.59,219.67,220.4817,219.17,2026-08-06 16:08:00,571
21821.322054,219.419,219.4,219.69,219.69,219.07,2026-08-06 16:09:00,455
22398.435301,219.2987,219.49,219.67,219.67,218.99,2026-08-06 16:10:00,266
6397.04552,219.4062,219.45,219.49,219.67,219.19,2026-08-06 16:11:00,131
5074.910657,219.5166,219.255,219.56,219.56,219.255,2026-08-06 16:12:00,97
1602.002243,219.664,219.685,219.69,219.69,219.68,2026-08-06 16:13:00,51
2454.258317,219.6205,219.69,219.565,219.69,219.38,2026-08-06 16:14:00,70
2898.706647,219.6147,219.5625,219.695,219.695,219.4,2026-08-06 16:15:00,77
5276.746809,219.4811,219.6825,219.59,219.695,219.18,2026-08-06 16:16:00,190
2126.92361,219.5078,219.355,219.475,219.475,219.35,2026-08-06 16:17:00,86
1778.083433,219.4435,219.44,219.21,219.49,219.21,2026-08-06 16:18:00,90
2368.937705,219.3379,219.2,219.28,219.28,219.2,2026-08-06 16:19:00,102
2118.1212,219.1088,218.98,218.96,219.19,218.96,2026-08-06 16:20:00,98
9596.134715,218.9319,218.9806,219.14,219.23,218.615,2026-08-06 16:21:00,215
6987.266237,219.025,219.15,219.03,219.24,218.82,2026-08-06 16:22:00,171
4662.66543,218.8932,218.905,218.885,219.24,218.6839,2026-08-06 16:23:00,86
4377.10249,218.7327,218.92,218.5489,219.14,218.5489,2026-08-06 16:24:00,116
3482.053968,218.7802,218.81,218.82,219.04,218.44,2026-08-06 16:25:00,147
3660.315827,218.8817,218.82,218.85,219.09,218.62,2026-08-06 16:26:00,93
17019.890167,219.4912,219.2,219.55,220.0,219.19,2026-08-06 16:27:00,310
2629.16234,219.5013,219.545,219.75,219.75,219.42,2026-08-06 16:28:00,127
3675.16167,219.3,219.4264,218.86,219.4264,218.86,2026-08-06 16:29:00,116
1294.13353,218.9206,219.105,218.74,219.105,218.74,2026-08-06 16:30:00,65
2844.170873,218.5461,218.9875,218.07,219.015,218.07,2026-08-06 16:31:00,141
4368.928139,218.6971,218.41,218.695,218.84,218.41,2026-08-06 16:32:00,111
2409.60189,218.8879,218.7,219.02,219.05,218.625,2026-08-06 16:33:00,66
4338.958532,219.0071,218.68,219.06,219.1,218.68,2026-08-06 16:34:00,129
913.0311,219.1663,219.33,219.29,219.37,219.29,2026-08-06 16:35:00,58
1602.954328,219.3313,219.25,219.35,219.35,219.02,2026-08-06 16:36:00,123
2061.422646,219.1795,219.34,219.205,219.34,219.05,2026-08-06 16:37:00,89
1707.20343,219.0872,219.03,219.03,219.22,219.03,2026-08-06 16:38:00,86
2201.09487,219.0143,219.16,219.035,219.16,219.0,2026-08-06 16:39:00,86
3612.031706,218.811,218.94,218.71,218.94,218.71,2026-08-06 16:40:00,134
1070.33036,218.8373,218.56,218.56,218.56,218.56,2026-08-06 16:41:00,62
2794.966569,218.707,218.62,218.5745,218.99,218.5745,2026-08-06 16:42:00,108
2055.00456,218.5574,218.57,218.46,218.58,218.44,2026-08-06 16:43:00,81
7948.511,218.4615,218.45,218.55,218.55,218.31,2026-08-06 16:45:00,165
7549.00157,218.4481,218.55,218.18,218.68,218.18,2026-08-06 16:46:00,142
1388.700208,218.4473,218.22,218.1801,218.54,218.1801,2026-08-06 16:47:00,46
7758.20021,218.118,218.18,217.715,218.545,217.58,2026-08-06 16:48:00,195
4770.139269,217.7132,217.53,217.665,218.03,217.31,2026-08-06 16:49:00,122
3235.13841,217.6212,217.66,217.67,217.88,217.31,2026-08-06 16:50:00,130
1018.65916,217.6691,217.67,217.67,217.67,217.67,2026-08-06 16:51:00,89
3212.0275,217.4575,217.67,217.28,217.67,217.28,2026-08-06 16:52:00,110
8212.268315,216.9324,217.26,216.99,217.44,216.35,2026-08-06 16:53:00,173
4393.441913,216.6906,217.005,216.39,217.005,216.37,2026-08-06 16:54:00,98
3585.006664,216.499,216.665,216.59,216.665,216.39,2026-08-06 16:55:00,106
8007.0,216.838,216.27,216.83,217.09,216.27,2026-08-06 16:56:00,127
1726.10158,216.9125,217.08,216.745,217.08,216.745,2026-08-06 16:57:00,38
3787.771213,217.0684,216.755,217.21,217.21,216.755,2026-08-06 16:58:00,109
22391.30307,216.5943,217.21,216.53,217.21,215.91,2026-08-06 16:59:00,328
31313.14361,216.4512,216.52,216.365,216.58,215.69,2026-08-06 17:00:00,158
2696.121717,216.2587,216.3625,215.811,216.37,215.8,2026-08-06 17:01:00,99
27056.931769,216.0513,216.365,215.95,216.365,215.61,2026-08-06 17:02:00,312
20401.046242,214.9571,215.87,214.22,215.89,214.22,2026-08-06 17:03:00,343
9526.004633,214.6681,214.26,214.99,215.075,214.26,2026-08-06 17:04:00,236
3584.846,215.0962,214.99,215.09,215.47,214.99,2026-08-06 17:05:00,81
5435.063212,215.1914,214.99,215.52,215.545,214.99,2026-08-06 17:06:00,96
3556.0,215.094,215.01,214.82,215.31,214.82,2026-08-06 17:07:00,103
26451.5,214.8023,214.82,214.72,215.06,214.46,2026-08-06 17:08:00,279
12361.987018,214.7016,214.69,214.9,214.98,214.46,2026-08-06 17:09:00,144
7454.0264,215.1148,214.89,215.14,215.32,214.89,2026-08-06 17:10:00,153
9441.0838,214.9228,214.99,214.92,215.0,214.69,2026-08-06 17:11:00,154
13920.008373,214.9175,214.88,214.755,215.0025,214.61,2026-08-06 17:12:00,113
7470.67774,214.7241,214.785,214.68,214.88,214.61,2026-08-06 17:13:00,102
5234.2774,214.8715,214.68,215.045,215.045,214.68,2026-08-06 17:14:00,123
1242.54104,214.9997,215.065,215.065,215.065,214.723,2026-08-06 17:15:00,59
2547.0,214.9332,215.01,214.92,215.0725,214.74,2026-08-06 17:16:00,76
1719.209,214.9599,214.75,214.98,214.99,214.75,2026-08-06 17:17:00,58
12111.0828,214.8424,214.77,214.905,214.94,214.63,2026-08-06 17:18:00,174
10234.710557,214.8656,214.905,214.905,215.0927,214.68,2026-08-06 17:19:00,105
3119.10465,214.8815,214.905,214.905,214.905,214.905,2026-08-06 17:20:00,89
8310.59165,215.0555,214.9075,215.075,215.26,214.86,2026-08-06 17:21:00,150
5940.318804,215.4727,215.1725,215.31,215.57,215.1725,2026-08-06 17:22:00,145
4786.0,215.2161,215.41,215.205,215.42,214.97,2026-08-06 17:23:00,144
10956.0,215.4519,215.2,215.74,215.74,215.2,2026-08-06 17:24:00,179
1837.26462,215.7305,215.96,215.8,215.96,215.8,2026-08-06 17:25:00,69
1278.738034,215.7007,215.735,215.4,215.735,215.4,2026-08-06 17:26:00,59
10405.425049,216.0821,215.735,216.495,216.505,215.735,2026-08-06 17:27:00,142
10585.069409,215.8741,216.11,215.715,216.7,215.43,2026-08-06 17:28:00,205
8904.465,215.8339,215.98,215.745,215.99,215.72,2026-08-06 17:29:00,142
9154.26075,215.7016,215.745,215.72,216.03,215.2652,2026-08-06 17:30:00,145
13159.03246,215.1037,215.495,214.875,215.495,214.125,2026-08-06 17:31:00,168
10868.288,215.2131,214.99,215.3425,215.42,214.96,2026-08-06 17:32:00,166
6099.754762,215.1404,215.23,214.95,215.485,214.82,2026-08-06 17:33:00,124
1636.16245,215.03,215.03,214.74,215.205,214.74,2026-08-06 17:34:00,64
4098.069965,214.7925,215.115,214.545,215.115,214.545,2026-08-06 17:35:00,112
1391.06039,214.7802,214.875,214.53,214.95,214.49,2026-08-06 17:36:00,53
1509.29678,214.9212,214.945,214.8,214.945,214.8,2026-08-06 17:37:00,64
7319.056384,214.8567,214.91,215.025,215.025,214.55,2026-08-06 17:38:00,125
2448.0,214.8733,214.59,215.025,215.13,214.59,2026-08-06 17:39:00,83
2096.172865,214.8481,215.025,214.605,215.025,214.605,2026-08-06 17:40:00,85
3479.985381,214.8424,215.02,214.94,215.02,214.55,2026-08-06 17:41:00,117
4559.0,214.8171,214.94,214.95,214.95,214.56,2026-08-06 17:42:00,84
12304.01365,214.9314,214.79,214.54,215.28,214.54,2026-08-06 17:43:00,238
1490.364394,214.7689,214.8425,214.58,214.8625,214.58,2026-08-06 17:44:00,53
1636.04659,214.6606,214.39,214.8075,214.8075,214.39,2026-08-06 17:45:00,80
3416.0477,214.6032,214.7575,214.42,214.78,214.42,2026-08-06 17:46:00,142
926.297634,214.5517,214.39,214.26,214.65,214.26,2026-08-06 17:47:00,55
7889.04664,214.1624,214.27,213.65,214.3,213.645,2026-08-06 17:49:00,178
5727.351,213.5488,213.51,213.44,213.89,213.1,2026-08-06 17:50:00,116
19869.55441,212.9689,213.1,213.22,213.5,212.2,2026-08-06 17:51:00,381
4988.963484,213.0693,213.22,213.03,213.57,212.8901,2026-08-06 17:52:00,50
2181.30794,213.5195,213.57,213.575,213.58,213.18,2026-08-06 17:53:00,76
961.766366,213.5749,213.29,213.48,213.585,213.29,2026-08-06 17:54:00,59
2354.00467,213.2158,213.585,213.26,213.585,213.06,2026-08-06 17:55:00,75
2993.26686,213.2335,213.595,213.08,213.595,213.08,2026-08-06 17:56:00,78
9218.0047,212.6754,212.96,212.605,212.96,212.4,2026-08-06 17:57:00,221
4094.87376,212.7596,212.605,212.545,212.89,212.545,2026-08-06 17:58:00,150
3842.12219,212.5786,212.835,212.28,212.88,212.28,2026-08-06 17:59:00,138
2420.326655,212.5592,212.52,212.34,212.565,212.34,2026-08-06 18:00:00,88
1874.478251,212.4964,212.525,212.28,212.57,212.28,2026-08-06 18:01:00,75
9459.818894,212.629,212.26,212.7225,212.89,212.2,2026-08-06 18:02:00,227
6656.0,213.029,212.73,213.53,213.54,212.73,2026-08-06 18:03:00,156
3881.0,213.4153,213.525,213.545,213.545,213.45,2026-08-06 18:04:00,109
6124.745459,213.5599,213.2592,213.45,213.83,213.2592,2026-08-06 18:05:00,126
5803.0,213.1319,213.33,213.1,213.34,212.98,2026-08-06 18:06:00,122
4249.0,212.7675,212.96,212.735,213.03,212.5,2026-08-06 18:07:00,112
3901.0,212.8854,212.73,212.775,213.01,212.73,2026-08-06 18:08:00,76
2038.151354,212.9142,212.7,212.79,212.795,212.6,2026-08-06 18:09:00,64
1668.068956,212.8777,212.79,212.865,213.01,212.79,2026-08-06 18:10:00,77
3244.574118,213.0633,212.865,212.97,213.18,212.865,2026-08-06 18:11:00,101
2381.0,213.0911,213.25,213.11,213.37,213.01,2026-08-06 18:12:00,83
7640.18975,212.8235,213.11,212.73,213.11,212.56,2026-08-06 18:13:00,161
2567.277904,212.6633,212.74,212.33,212.91,212.33,2026-08-06 18:14:00,116
4464.004991,212.6421,212.16,212.37,212.63,212.16,2026-08-06 18:15:00,98
5626.90988,212.2179,212.41,212.29,212.41,212.0,2026-08-06 18:16:00,181
1595.00506,212.3078,212.378,212.378,212.378,212.378,2026-08-06 18:17:00,47
1274.0,212.1888,212.2775,211.98,212.2775,211.88,2026-08-06 18:18:00,58
4092.0,212.0176,211.98,212.155,212.155,211.88,2026-08-06 18:19:00,127
7890.805802,211.7634,212.125,211.44,212.155,211.43,2026-08-06 18:20:00,192
21821.97843,210.9566,211.14,211.27,211.43,210.1601,2026-08-06 18:21:00,378
1826.3494,211.2509,211.22,211.22,211.22,211.22,2026-08-06 18:22:00,102
2127.088,211.2821,211.23,211.29,211.435,211.22,2026-08-06 18:23:00,74
5341.83262,211.1981,211.435,211.11,211.435,210.85,2026-08-06 18:24:00,110
4519.146421,211.0817,210.9,211.11,211.12,210.8,2026-08-06 18:25:00,96
9681.028223,211.3099,211.36,211.32,211.59,211.165,2026-08-06 18:26:00,200
4185.304186,211.2931,211.33,211.3,211.33,211.125,2026-08-06 18:27:00,68
5644.12716,211.4757,211.295,211.845,211.845,211.295,2026-08-06 18:28:00,157
2353.0,211.5389,211.85,211.85,211.85,211.5501,2026-08-06 18:29:00,47
2358.122974,211.7082,211.85,211.62,211.855,211.62,2026-08-06 18:30:00,98
7440.3399,211.9241,211.855,211.93,212.25,211.855,2026-08-06 18:31:00,180
3057.0,212.0002,212.18,212.0,212.2,211.93,2026-08-06 18:32:00,83
4263.419243,211.9033,212.11,211.945,212.11,211.73,2026-08-06 18:33:00,97
3781.093327,211.7848,211.75,211.835,211.95,211.57,2026-08-06 18:34:00,93
3521.60408,211.6391,211.57,211.71,211.71,211.42,2026-08-06 18:35:00,96
855.0,211.7023,211.51,211.53,211.53,211.51,2026-08-06 18:36:00,38
1780.00942,211.6975,211.71,211.46,211.715,211.46,2026-08-06 18:37:00,63
6413.01415,211.4672,211.6975,211.285,211.715,211.285,2026-08-06 18:38:00,141
1642.136754,211.5515,211.64,211.35,211.64,211.3,2026-08-06 18:39:00,61
7208.0,211.6277,211.635,211.715,211.715,211.475,2026-08-06 18:40:00,170
15835.025182,211.1667,211.51,210.93,211.7075,210.79,2026-08-06 18:41:00,228
4244.180425,211.0349,210.86,211.39,211.52,210.86,2026-08-06 18:42:00,83
1441.47267,211.3502,211.06,211.335,211.335,211.06,2026-08-06 18:43:00,66
3582.3662,211.2667,211.355,211.355,211.37,211.03,2026-08-06 18:44:00,112
5693.0,211.2007,211.355,211.24,211.355,211.06,2026-08-06 18:45:00,132
3188.03311,211.0954,211.02,211.18,211.18,210.84,2026-08-06 18:46:00,81
12105.0,211.0695,210.9,211.235,211.29,210.88,2026-08-06 18:47:00,227
8663.11442,211.3336,211.3,211.34,211.59,211.23,2026-08-06 18:48:00,170
3549.0,211.4588,211.38,211.655,211.655,211.34,2026-08-06 18:49:00,86
5008.55268,211.418,211.6625,211.26,211.6625,211.19,2026-08-06 18:50:00,114
1576.00472,211.313,211.16,211.61,211.61,211.14,2026-08-06 18:52:00,46
29379.8073,212.1757,211.5725,212.58,213.1075,211.21,2026-08-06 18:53:00,503
1542.384122,212.4457,212.56,212.48,212.56,212.29,2026-08-06 18:54:00,42
7823.84138,212.4754,212.465,212.335,212.69,212.27,2026-08-06 18:55:00,187
2347.0,212.1848,212.24,212.15,212.24,212.1,2026-08-06 18:56:00,83
3177.01414,212.0695,212.3025,212.055,212.3025,212.02,2026-08-06 18:57:00,98
5184.0,211.9929,211.98,211.76,211.98,211.76,2026-08-06 18:58:00,113
1950.4357,211.909,211.94,211.67,211.94,211.67,2026-08-06 18:59:00,78
2759.424142,211.4715,211.49,211.425,211.49,211.2,2026-08-06 19:00:00,136
6814.028358,211.5472,211.44,211.87,211.87,211.17,2026-08-06 19:01:00,110
3393.167877,211.5454,211.835,211.41,211.835,211.41,2026-08-06 19:02:00,73
2259.306053,211.5065,211.29,211.14,211.595,211.14,2026-08-06 19:03:00,72
1935.099985,211.2339,211.545,211.02,211.545,211.02,2026-08-06 19:04:00,85
12925.00466,211.0994,211.3375,211.03,211.81,210.55,2026-08-06 19:05:00,328
875.0,211.4834,211.77,211.77,211.77,211.77,2026-08-06 19:07:00,53
8890.30942,211.9554,211.75,212.025,212.27,211.75,2026-08-06 19:08:00,214
7476.34141,212.2531,212.025,212.421,212.55,212.025,2026-08-06 19:09:00,178
2306.00729,212.2602,212.295,212.37,212.38,212.295,2026-08-06 19:10:00,74
4703.263971,212.501,212.61,212.525,212.625,212.38,2026-08-06 19:11:00,141
9234.05539,212.887,212.59,213.05,213.19,212.5275,2026-08-06 19:12:00,200
3571.0,213.319,213.48,213.455,213.48,213.2,2026-08-06 19:13:00,113
6405.35,213.0284,213.33,212.685,213.38,212.26,2026-08-06 19:14:00,150
4410.0,212.4249,212.675,212.305,212.675,212.2,2026-08-06 19:15:00,146
6694.81923,212.0881,211.99,211.875,212.24,211.405,2026-08-06 19:16:00,179
8842.386401,211.9975,211.9175,211.51,212.73,211.51,2026-08-06 19:17:00,172
6886.1,211.6779,211.62,211.57,211.845,211.49,2026-08-06 19:18:00,121
4551.01887,211.9108,211.57,211.925,212.23,211.565,2026-08-06 19:19:00,164
6989.517,212.0998,211.82,212.435,212.445,211.815,2026-08-06 19:20:00,194
4992.458821,212.2605,212.4025,212.34,212.4025,212.11,2026-08-06 19:21:00,141
1776.004888,212.2279,212.215,212.22,212.38,212.215,2026-08-06 19:22:00,69
5011.14703,212.2946,212.041,212.38,212.42,212.041,2026-08-06 19:23:00,146
2333.706809,212.4678,212.395,212.475,212.68,212.395,2026-08-06 19:24:00,86
3327.04701,212.5112,212.475,212.665,212.665,212.47,2026-08-06 19:25:00,115
4550.4225,212.5172,212.585,212.61,212.675,212.48,2026-08-06 19:26:00,111
1775.47014,212.5738,212.65,212.6675,212.675,212.5325,2026-08-06 19:27:00,111
3533.326988,212.5914,212.675,212.78,212.78,212.2818,2026-08-06 19:28:00,116
3617.04504,212.9226,212.76,213.0775,213.085,212.74,2026-08-06 19:29:00,141
24317.094684,213.1902,212.96,213.08,213.64,212.69,2026-08-06 19:30:00,439
4821.503291,212.9883,213.01,212.895,213.07,212.895,2026-08-06 19:31:00,141
4931.703753,213.208,212.895,213.31,213.645,212.89,2026-08-06 19:32:00,183
3055.0,213.6395,213.5,213.845,213.845,213.5,2026-08-06 19:33:00,84
5570.09809,213.6985,213.64,213.87,213.93,213.59,2026-08-06 19:34:00,158
7028.558,213.6678,213.54,213.72,213.795,213.44,2026-08-06 19:35:00,179
14578.96108,213.5036,213.72,213.175,213.78,212.84,2026-08-06 19:36:00,279
3362.579,213.3503,213.17,212.885,213.17,212.885,2026-08-06 19:37:00,65
4071.6309,213.1443,213.16,213.0975,213.16,212.955,2026-08-06 19:38:00,100
1295.565856,213.2792,213.11,213.12,213.12,213.11,2026-08-06 19:39:00,72
8432.388638,213.4461,213.125,214.025,214.395,212.915,2026-08-06 19:40:00,265
4433.975507,213.8963,213.77,213.9,214.32,213.67,2026-08-06 19:41:00,130
5605.01,213.6393,213.87,213.6,213.92,213.6,2026-08-06 19:42:00,159
3634.06843,213.5928,213.675,213.695,213.695,213.58,2026-08-06 19:43:00,116
6745.02796,214.0489,213.66,214.27,214.5421,213.66,2026-08-06 19:44:00,205
13068.04089,213.8581,214.09,213.6017,214.09,213.6017,2026-08-06 19:45:00,253
6566.975,213.6852,213.65,213.24,213.995,213.24,2026-08-06 19:46:00,202
7031.76598,213.5981,213.69,213.4557,213.825,213.25,2026-08-06 19:47:00,171
4616.1833,213.4977,213.3975,213.35,213.72,213.33,2026-08-06 19:48:00,179
14915.35191,213.2425,213.5,213.075,213.565,212.87,2026-08-06 19:49:00,333
4675.103,213.1233,212.92,213.08,213.19,212.92,2026-08-06 19:50:00,125
9288.567655,213.218,213.09,213.175,213.39,213.055,2026-08-06 19:51:00,205
8184.457479,213.4785,213.18,213.74,213.95,213.18,2026-08-06 19:52:00,185
8549.856255,214.0331,213.74,214.465,214.51,213.74,2026-08-06 19:53:00,262
13081.636275,214.2242,214.495,214.255,214.495,214.11,2026-08-06 19:54:00,272
24894.325712,214.8478,214.4,215.75,215.75,214.205,2026-08-06 19:55:00,595
27871.704963,215.6383,215.785,215.8175,215.98,215.23,2026-08-06 19:56:00,577
43501.69525,215.7219,215.84,215.91,216.08,214.8,2026-08-06 19:57:00,815
65050.803594,216.4487,216.14,216.29,216.775,215.93,2026-08-06 19:58:00,1287
63735.05078,216.2635,216.4,216.23,216.65,215.805,2026-08-06 19:59:00,1402
17662.833129,215.9812,215.97,215.97,215.97,215.97,2026-08-06 20:02:00,64
800.0,217.0,217.0,217.0,217.0,217.0,2026-08-06 20:59:00,1
299.0,216.3059,216.38,216.36,216.38,216.36,2026-08-06 22:08:00,4
335.0,215.97,215.97,215.97,215.97,215.97,2026-08-06 22:42:00,1
400.0,216.0232,215.97,215.97,215.97,215.97,2026-08-06 23:18:00,4
235.0,216.9834,216.99,216.99,216.99,216.99,2026-08-07 08:18:00,6
425.0,217.171,217.17,217.17,217.17,217.17,2026-08-07 12:19:00,6
120.0,219.1908,219.19,219.19,219.19,219.19,2026-08-07 12:41:00,2
18691.145058,216.8088,216.94,214.67,216.94,213.76,2026-08-07 13:30:00,144
1711.106686,216.0488,214.6621,216.38,216.39,214.6621,2026-08-07 13:31:00,43
4883.789692,214.6636,214.66,214.925,215.5,213.7,2026-08-07 13:32:00,138
3527.919721,215.1377,214.92,214.915,215.7,214.59,2026-08-07 13:33:00,82
2653.151559,214.9808,214.9325,214.915,214.9325,214.915,2026-08-07 13:34:00,62
5485.045279,217.3575,215.33,218.37,218.37,215.33,2026-08-07 13:35:00,175
2704.17818,218.2932,217.2501,218.0,218.53,217.2501,2026-08-07 13:36:00,115
8675.50795,220.3863,218.7,220.62,221.2,218.7,2026-08-07 13:37:00,399
2308.490721,220.1966,220.75,219.69,220.78,219.37,2026-08-07 13:38:00,59
1104.345512,219.8659,219.69,219.185,219.69,219.185,2026-08-07 13:39:00,66
747.491874,219.4724,219.464,219.2,219.464,219.2,2026-08-07 13:40:00,25
2690.335776,218.5729,218.635,218.02,218.91,217.95,2026-08-07 13:41:00,75
2133.999405,217.851,217.62,217.7475,217.7475,217.33,2026-08-07 13:42:00,112
985.04609,218.2907,217.78,218.15,218.15,217.78,2026-08-07 13:43:00,62
2718.783794,218.9849,218.465,219.19,219.21,218.465,2026-08-07 13:44:00,109
2491.60751,219.2387,219.185,219.185,219.19,219.185,2026-08-07 13:45:00,50
1044.792086,219.4255,219.6631,219.285,219.6631,219.285,2026-08-07 13:46:00,71
1189.16732,219.304,219.3,219.295,219.3,219.295,2026-08-07 13:47:00,74
2738.071377,218.6033,218.84,218.0725,218.84,218.0725,2026-08-07 13:48:00,92
4751.046021,217.6568,218.935,216.69,218.935,216.69,2026-08-07 13:50:00,150
1759.070393,216.938,216.73,217.155,217.155,216.725,2026-08-07 13:51:00,44
8699.042966,216.6111,217.15,215.785,217.15,215.785,2026-08-07 13:53:00,173
7141.0894,216.8693,216.09,217.5,217.5,216.0,2026-08-07 13:54:00,237
6782.383273,218.019,217.345,217.93,218.41,217.345,2026-08-07 13:55:00,156
698.045927,217.7853,217.805,217.805,217.805,217.805,2026-08-07 13:56:00,36
2986.77707,217.4246,217.49,217.41,217.49,217.0,2026-08-07 13:57:00,54
4473.0,217.7907,217.41,218.13,218.13,217.395,2026-08-07 13:58:00,135
1901.110784,218.5642,218.225,218.71,218.71,218.22,2026-08-07 13:59:00,80
2109.6168,219.0473,218.815,219.035,219.25,218.815,2026-08-07 14:00:00,46
2438.489376,219.2896,219.16,219.49,219.49,219.16,2026-08-07 14:01:00,84
2179.5,219.8114,219.8,219.765,219.81,219.765,2026-08-07 14:02:00,75
2771.768177,220.3454,219.85,220.66,220.66,219.85,2026-08-07 14:03:00,104
390.20834,220.7029,220.71,220.71,220.71,220.71,2026-08-07 14:04:00,48
3732.588142,221.2346,221.15,221.365,221.365,221.1,2026-08-07 14:05:00,101
3077.740003,221.1706,221.28,221.05,221.36,220.8562,2026-08-07 14:06:00,87
1066.523551,221.5217,221.51,221.51,221.51,221.51,2026-08-07 14:07:00,65
4145.221412,221.8154,222.0,222.4299,222.4299,221.34,2026-08-07 14:08:00,128
1883.232001,221.6994,221.76,221.895,221.895,221.76,2026-08-07 14:09:00,84
1349.966106,221.9663,221.905,221.83,221.905,221.815,2026-08-07 14:10:00,40
1545.0,221.7219,221.57,221.845,221.845,221.48,2026-08-07 14:11:00,58
1003.003,221.9502,221.95,221.95,221.95,221.95,2026-08-07 14:12:00,60
2136.926726,221.8714,221.88,221.895,222.05,221.48,2026-08-07 14:13:00,88
596.0,221.7903,221.87,221.87,221.87,221.87,2026-08-07 14:14:00,35
832.0,221.8877,221.925,221.925,221.925,221.925,2026-08-07 14:15:00,49
1883.054407,221.461,221.57,221.11,221.57,221.11,2026-08-07 14:16:00,105
3222.243709,221.1723,221.11,220.81,221.305,220.8,2026-08-07 14:17:00,88
4497.924026,220.5488,220.81,219.95,220.81,219.95,2026-08-07 14:18:00,126
959.02258,220.5025,220.58,220.38,220.61,220.38,2026-08-07 14:19:00,38
2470.2887,220.7977,220.68,221.01,221.065,220.68,2026-08-07 14:20:00,107
2912.0,220.9775,221.01,221.05,221.05,220.95,2026-08-07 14:21:00,92
1754.031226,221.2097,221.05,221.26,221.26,221.05,2026-08-07 14:22:00,80
2860.062172,221.5,221.54,221.47,221.735,221.05,2026-08-07 14:23:00,112
1014.069437,221.5502,221.519,221.565,221.565,221.519,2026-08-07 14:24:00,52
462.0,221.5085,221.575,221.575,221.575,221.575,2026-08-07 14:25:00,44
2623.004,221.2783,221.61,221.17,221.61,221.16,2026-08-07 14:26:00,111
1579.05588,220.9651,221.01,220.79,221.145,220.79,2026-08-07 14:27:00,49
9977.262563,220.8282,221.01,220.27,221.29,220.27,2026-08-07 14:28:00,280
1908.178206,220.3214,220.27,220.1205,220.355,219.99,2026-08-07 14:29:00,63
4176.0,220.4492,220.3451,220.49,220.72,220.0,2026-08-07 14:30:00,107
3824.0,220.2672,220.34,219.95,220.34,219.95,2026-08-07 14:32:00,149
3663.622352,220.1654,219.95,220.21,220.21,219.84,2026-08-07 14:33:00,117
1050.043116,220.2341,220.25,220.25,220.25,220.25,2026-08-07 14:35:00,58
1677.354964,220.4318,220.34,220.41,220.42,220.34,2026-08-07 14:37:00,36
5539.692,220.612,220.41,221.14,221.14,220.37,2026-08-07 14:38:00,190
6152.0,221.0311,221.26,220.93,221.425,220.58,2026-08-07 14:39:00,185
3896.739,220.7085,221.09,220.745,221.09,220.41,2026-08-07 14:40:00,130
1336.47484,221.2597,220.745,221.19,221.35,220.745,2026-08-07 14:41:00,64
8618.547993,221.2138,221.38,220.95,221.51,220.9301,2026-08-07 14:42:00,188
1947.009028,221.2084,221.06,221.3,221.3,221.06,2026-08-07 14:43:00,89
1462.89,221.3933,221.365,221.37,221.37,221.05,2026-08-07 14:44:00,75
3469.0,221.1172,221.25,220.917,221.25,220.917,2026-08-07 14:45:00,160
2563.06782,220.836,220.91,220.52,220.95,220.51,2026-08-07 14:46:00,83
646.0,220.6026,220.17,220.17,220.17,220.17,2026-08-07 14:47:00,43
1640.0,220.2593,220.5351,219.945,220.5351,219.945,2026-08-07 14:48:00,65
1107.01846,219.8552,219.91,219.52,219.91,219.52,2026-08-07 14:49:00,58
6592.488981,219.3151,219.6,219.0,220.22,218.436,2026-08-07 14:50:00,182
1253.0086,219.1212,218.78,219.14,219.145,218.78,2026-08-07 14:51:00,46
420.24333,219.6942,218.875,218.875,218.875,218.875,2026-08-07 14:52:00,29
2507.013907,219.3989,219.25,219.36,219.56,219.25,2026-08-07 14:53:00,67
1082.54273,219.1954,218.9,218.91,218.91,218.9,2026-08-07 14:54:00,36
803.979028,219.3093,219.1,218.2401,219.1,218.2401,2026-08-07 14:55:00,35
352.711782,219.3955,218.945,218.945,218.945,218.945,2026-08-07 14:56:00,36
1389.461992,218.9596,218.36,219.05,219.05,218.36,2026-08-07 14:57:00,40
1516.104871,219.0014,218.965,218.96,219.02,218.955,2026-08-07 14:58:00,51
7525.00461,219.4957,219.14,219.69,219.69,219.14,2026-08-07 15:00:00,185
1336.650696,219.3219,219.13,218.98,219.3,218.98,2026-08-07 15:01:00,47
444.003,219.0377,218.975,218.975,218.975,218.975,2026-08-07 15:02:00,27
502.0,219.1529,218.975,218.975,218.975,218.975,2026-08-07 15:03:00,36
1105.4206,219.3305,219.2696,219.2696,219.2696,219.2696,2026-08-07 15:04:00,34
2550.0,219.2275,219.045,219.44,219.44,219.045,2026-08-07 15:05:00,105
1006.85,219.3949,219.25,219.145,219.25,219.145,2026-08-07 15:06:00,62
1539.031,219.1762,219.0,219.245,219.3,219.0,2026-08-07 15:07:00,46
3128.143079,219.4177,219.25,219.44,219.68,219.25,2026-08-07 15:08:00,143
1195.5,219.6627,219.555,219.68,219.68,219.555,2026-08-07 15:09:00,52
820.0,219.7743,219.76,219.76,219.76,219.76,2026-08-07 15:10:00,50
1945.0,219.7064,219.72,219.575,219.72,219.575,2026-08-07 15:11:00,73
3179.1855,220.0813,219.99,220.255,220.26,219.99,2026-08-07 15:13:00,100
755.8023,220.3934,220.2025,220.185,220.2025,220.185,2026-08-07 15:14:00,21
565.0,220.1523,220.21,220.195,220.21,220.195,2026-08-07 15:15:00,20
449.0,220.0779,219.831,219.831,219.831,219.831,2026-08-07 15:16:00,25
2612.564,220.6187,220.55,220.295,220.77,220.295,2026-08-07 15:17:00,105
726.81787,220.5675,220.49,220.33,220.49,220.295,2026-08-07 15:18:00,35
2981.0,220.1259,220.09,220.135,220.21,220.09,2026-08-07 15:19:00,108
1828.00454,220.4532,220.44,220.47,220.5,220.44,2026-08-07 15:20:00,68
1605.02762,220.3988,220.4375,220.415,220.4375,220.415,2026-08-07 15:21:00,52
639.02878,220.419,220.415,220.415,220.415,220.415,2026-08-07 15:22:00,27
1897.25,220.1186,220.12,219.97,220.12,219.97,2026-08-07 15:23:00,83
1795.0,219.5188,219.47,219.3,219.47,219.27,2026-08-07 15:24:00,87
1187.5373,219.2188,218.92,219.06,219.06,218.83,2026-08-07 15:25:00,49
1905.00468,218.5792,218.52,218.7,218.7,218.4,2026-08-07 15:28:00,64
3866.405568,218.726,218.325,218.8,218.93,218.31,2026-08-07 15:29:00,124
816.0,218.8438,218.8,218.8,218.815,218.8,2026-08-07 15:30:00,32
3626.003,218.9638,218.98,218.685,219.34,218.685,2026-08-07 15:31:00,112
2091.0,218.3562,218.69,218.315,218.69,218.02,2026-08-07 15:33:00,104
2449.548,218.1839,218.01,218.105,218.28,217.98,2026-08-07 15:34:00,59
974.004533,218.1774,218.06,218.075,218.075,218.055,2026-08-07 15:35:00,32
658.023047,218.1836,218.08,218.07,218.08,218.07,2026-08-07 15:36:00,31
3550.031871,217.6943,217.643,217.96,217.96,217.58,2026-08-07 15:38:00,53
1045.436511,218.0125,217.96,217.955,217.96,217.955,2026-08-07 15:39:00,38
2410.4651,217.9775,217.94,217.93,217.97,217.63,2026-08-07 15:40:00,72
1213.8578,218.1611,217.93,217.935,218.24,217.93,2026-08-07 15:41:00,46
3840.0,217.9954,218.06,217.9625,218.07,217.87,2026-08-07 15:42:00,119
2180.0,218.2273,218.2,218.245,218.415,218.1325,2026-08-07 15:43:00,65
1739.0,218.0228,217.85,218.12,218.12,217.85,2026-08-07 15:44:00,46
916.0,218.2099,218.131,218.24,218.24,218.131,2026-08-07 15:46:00,43
4707.096392,218.2018,218.33,217.71,218.46,217.71,2026-08-07 15:47:00,177
1102.0,217.9457,218.095,218.095,218.095,218.095,2026-08-07 15:48:00,45
2137.069462,217.4416,217.61,217.24,217.61,217.17,2026-08-07 15:49:00,68
1762.163305,217.6161,217.59,217.49,217.71,217.43,2026-08-07 15:50:00,43
1849.0312,217.4389,217.44,217.485,217.485,217.44,2026-08-07 15:51:00,43
1647.0,217.3599,217.41,217.41,217.41,217.41,2026-08-07 15:52:00,51
2252.00919,217.6958,217.455,217.66,217.86,217.455,2026-08-07 15:53:00,86
1030.00869,217.7173,217.745,217.65,217.745,217.65,2026-08-07 15:54:00,41
712.348202,217.7345,217.8,217.53,217.8,217.53,2026-08-07 15:55:00,34
1834.0,217.3038,217.22,217.14,217.22,217.14,2026-08-07 15:56:00,83
2212.031725,217.0231,217.17,216.62,217.17,216.55,2026-08-07 15:57:00,73
516.1,216.9206,216.595,216.65,216.65,216.595,2026-08-07 15:58:00,33
516.201718,216.7806,216.545,216.545,216.545,216.545,2026-08-07 15:59:00,35
1089.640752,216.8974,216.58,216.55,216.58,216.55,2026-08-07 16:00:00,31
1110.4534,216.7622,216.61,216.58,216.61,216.58,2026-08-07 16:01:00,56
1798.899737,216.6572,216.58,216.196,216.58,216.196,2026-08-07 16:02:00,87
7548.1,216.202,216.27,216.34,216.585,215.858,2026-08-07 16:03:00,201
845.06978,216.2913,216.335,216.29,216.335,216.29,2026-08-07 16:04:00,29
509.05157,216.3269,216.28,216.28,216.28,216.28,2026-08-07 16:05:00,27
1168.056083,216.0897,215.865,215.92,216.235,215.855,2026-08-07 16:06:00,45
2279.70061,215.8027,215.82,215.54,215.82,215.54,2026-08-07 16:07:00,124
4241.0,215.5081,215.46,215.4,215.79,215.39,2026-08-07 16:08:00,96
1210.0,215.5951,215.71,215.395,215.71,215.395,2026-08-07 16:09:00,37
674.652309,215.7389,215.4675,215.485,215.485,215.4675,2026-08-07 16:10:00,41
1927.027762,215.1878,215.2,215.2,215.2,215.2,2026-08-07 16:11:00,93
1525.670681,215.0463,214.79,214.9,215.11,214.79,2026-08-07 16:13:00,59
714.00465,214.7237,214.67,214.67,214.67,214.67,2026-08-07 16:14:00,55
11448.49663,214.6439,214.54,214.465,214.84,214.465,2026-08-07 16:15:00,278
480.46581,214.8505,214.58,214.58,214.58,214.58,2026-08-07 16:16:00,39
1915.24043,214.7753,214.55,214.7875,214.84,214.55,2026-08-07 16:17:00,90
2197.14636,215.1149,215.14,215.16,215.16,215.09,2026-08-07 16:18:00,102
2102.0,215.0716,215.05,215.0,215.15,215.0,2026-08-07 16:19:00,64
1453.0,214.957,214.8,215.185,215.185,214.8,2026-08-07 16:20:00,42
2539.0,215.0354,214.98,215.12,215.14,214.97,2026-08-07 16:21:00,51
1767.0,215.033,215.12,215.135,215.135,215.12,2026-08-07 16:22:00,52
3964.0,215.3083,215.09,215.535,215.65,215.09,2026-08-07 16:23:00,115
1712.045712,215.2563,215.36,215.3,215.36,215.15,2026-08-07 16:24:00,73
560.0141,215.3964,215.4625,215.4625,215.4625,215.4625,2026-08-07 16:25:00,33
636.04594,215.2544,215.13,215.13,215.13,215.13,2026-08-07 16:26:00,36
1475.0,215.3663,215.395,215.41,215.41,215.395,2026-08-07 16:28:00,54
4138.0,215.2379,215.45,214.98,215.48,214.98,2026-08-07 16:30:00,146
292.046442,215.1113,214.92,214.92,214.92,214.92,2026-08-07 16:32:00,27
3036.3349,214.6352,214.82,214.09,214.92,214.09,2026-08-07 16:33:00,139
1018.0,214.124,214.17,214.17,214.17,214.17,2026-08-07 16:34:00,47
3004.383354,214.4471,214.135,214.48,214.5675,214.135,2026-08-07 16:35:00,119
13237.0,214.3789,214.66,213.9,214.7201,213.9,2026-08-07 16:36:00,134
1304.0,213.8514,213.78,213.6,213.78,213.6,2026-08-07 16:37:00,63
2454.10757,213.7619,213.56,213.96,214.005,213.56,2026-08-07 16:38:00,85
7484.539233,214.3697,213.96,214.38,214.52,213.96,2026-08-07 16:39:00,207
892.0,214.256,214.19,214.24,214.24,214.19,2026-08-07 16:41:00,55
11996.0,214.4994,214.42,214.53,214.64,214.18,2026-08-07 16:43:00,210
844.54417,214.6785,214.45,214.605,214.605,214.45,2026-08-07 16:44:00,42
1449.0,214.6911,214.76,214.8,214.8,214.76,2026-08-07 16:45:00,71
4537.06706,214.652,214.68,214.21,214.865,214.21,2026-08-07 16:46:00,179
5198.0,214.4263,213.935,214.0,214.77,213.89,2026-08-07 16:47:00,74
2773.19221,214.2477,213.98,214.025,214.4,213.98,2026-08-07 16:48:00,101
1931.01806,214.3791,214.045,214.38,214.8053,214.045,2026-08-07 16:49:00,54
1257.34535,214.4558,214.055,214.555,214.6,214.055,2026-08-07 16:50:00,56
919.5,214.4974,214.155,214.35,214.39,214.155,2026-08-07 16:51:00,48
4804.0,214.2678,214.58,214.16,214.58,214.16,2026-08-07 16:52:00,68
2672.004662,214.3449,214.16,214.49,214.49,214.16,2026-08-07 16:53:00,105
834.009504,214.6576,214.625,214.695,214.695,214.625,2026-08-07 16:54:00,52
1425.7654,214.5587,214.475,214.41,214.475,214.41,2026-08-07 16:55:00,62
464.10801,214.3752,214.23,214.23,214.23,214.23,2026-08-07 16:56:00,37
2341.0,214.1168,214.18,213.95,214.18,213.875,2026-08-07 16:57:00,100
1296.0,213.9982,213.86,213.83,213.86,213.83,2026-08-07 16:58:00,52
1846.119866,213.9744,213.83,213.8,214.18,213.77,2026-08-07 16:59:00,107
840.009321,214.0874,213.85,214.105,214.12,213.85,2026-08-07 17:00:00,66
2462.127,214.4528,214.17,214.38,214.57,214.17,2026-08-07 17:02:00,72
405.00466,214.3062,214.2205,214.2205,214.2205,214.2205,2026-08-07 17:03:00,26
671.166874,214.3499,214.23,214.24,214.24,214.23,2026-08-07 17:04:00,42
4236.368692,214.0709,214.22,213.83,214.325,213.76,2026-08-07 17:05:00,115
6581.2103,214.0311,214.0,214.14,214.14,214.0,2026-08-07 17:06:00,72
3819.0,213.9622,213.952,214.0175,214.0325,213.74,2026-08-07 17:07:00,55
577.0,213.9961,213.86,213.86,213.86,213.86,2026-08-07 17:08:00,34
947.0,214.0561,214.015,214.035,214.04,214.015,2026-08-07 17:09:00,30
1915.0,214.2686,214.035,214.145,214.33,214.035,2026-08-07 17:10:00,82
764.04668,214.2535,214.165,214.21,214.21,214.165,2026-08-07 17:11:00,36
1420.0,214.3893,214.205,214.475,214.5025,214.2,2026-08-07 17:12:00,47
2200.67,214.4943,214.6,214.35,214.6,214.33,2026-08-07 17:13:00,75
1780.00921,214.4683,214.52,214.52,214.52,214.52,2026-08-07 17:14:00,56
466.0,214.4038,214.5,214.5,214.5,214.5,2026-08-07 17:16:00,32
12672.018,214.0329,214.25,214.0222,214.25,213.785,2026-08-07 17:17:00,142
852.0,214.0342,214.03,214.03,214.03,214.03,2026-08-07 17:18:00,33
412.0,213.9253,213.76,214.0,214.0,213.76,2026-08-07 17:19:00,36
2744.0,214.2948,214.21,214.39,214.54,214.025,2026-08-07 17:20:00,96
3696.0,214.202,214.28,214.2,214.42,213.98,2026-08-07 17:21:00,79
864.0,214.1993,214.2,214.205,214.205,214.2,2026-08-07 17:22:00,30
177.472651,214.7473,214.205,214.205,214.205,214.205,2026-08-07 17:23:00,19
2452.0,214.2096,214.21,214.215,214.215,214.21,2026-08-07 17:24:00,45
5469.26442,214.3114,214.185,214.36,214.36,214.165,2026-08-07 17:25:00,118
1458.016,214.2824,214.27,214.3125,214.36,214.26,2026-08-07 17:26:00,43
17750.1376,214.653,214.3,214.44,214.78,214.3,2026-08-07 17:27:00,247
11467.25327,214.2462,214.24,214.485,214.75,214.085,2026-08-07 17:28:00,97
618.00465,214.497,214.53,214.53,214.53,214.53,2026-08-07 17:29:00,37
1677.0,214.348,214.435,214.36,214.435,214.28,2026-08-07 17:30:00,64
503.489453,214.4997,214.185,214.155,214.185,214.155,2026-08-07 17:32:00,38
3435.0,214.2429,214.155,214.13,214.3,214.105,2026-08-07 17:33:00,105
3841.2331,214.1903,214.28,214.32,214.36,214.09,2026-08-07 17:34:00,72
1759.055,214.4542,214.325,214.5,214.55,214.325,2026-08-07 17:36:00,68
686.0,214.4589,214.39,214.39,214.39,214.39,2026-08-07 17:37:00,48
1555.0,214.4388,214.47,214.47,214.47,214.47,2026-08-07 17:38:00,57
1637.0,214.4137,214.48,214.475,214.48,214.32,2026-08-07 17:41:00,78
814.156418,214.5999,214.47,214.62,214.62,214.47,2026-08-07 17:42:00,37
761.0,214.5467,214.585,214.58,214.585,214.58,2026-08-07 17:43:00,38
495.0,214.4732,214.45,214.45,214.45,214.45,2026-08-07 17:46:00,41
441.196,214.5789,214.435,214.57,214.57,214.435,2026-08-07 17:47:00,49
1062.698916,214.6432,214.58,214.52,214.58,214.38,2026-08-07 17:48:00,46
5069.11662,214.7237,214.445,215.0,215.0,214.445,2026-08-07 17:49:00,173
761.042477,214.9679,214.95,214.95,214.95,214.95,2026-08-07 17:50:00,44
324.3,215.1952,215.06,215.06,215.06,215.06,2026-08-07 17:52:00,31
728.0,214.947,215.055,215.055,215.055,215.055,2026-08-07 17:53:00,50
1750.0,215.0583,215.01,215.31,215.31,215.005,2026-08-07 17:54:00,56
1389.0,215.0562,215.005,215.05,215.29,215.005,2026-08-07 17:55:00,56
1999.00459,215.0656,215.045,215.045,215.045,215.04,2026-08-07 17:56:00,81
3128.32097,215.2549,215.17,215.3,215.3,215.17,2026-08-07 17:57:00,101
1034.0,215.2357,215.2725,215.25,215.29,215.25,2026-08-07 17:58:00,35
3790.147,215.2605,215.26,215.32,215.32,215.25,2026-08-07 17:59:00,46
3764.17355,215.5599,215.34,215.6,215.6,215.34,2026-08-07 18:00:00,128
2098.400317,215.9728,216.03,215.91,216.065,215.81,2026-08-07 18:03:00,84
7574.850101,215.6315,215.79,215.545,215.825,215.48,2026-08-07 18:04:00,152
989.0,215.6739,215.84,215.62,215.84,215.62,2026-08-07 18:05:00,42
1260.157586,215.5935,215.535,215.54,215.54,215.495,2026-08-07 18:06:00,49
5213.389517,215.7292,215.7,215.58,215.835,215.485,2026-08-07 18:07:00,86
2527.0,215.6532,215.74,215.5,215.74,215.5,2026-08-07 18:08:00,50
12334.0,215.5185,215.46,215.21,215.67,215.21,2026-08-07 18:09:00,175
11865.0,215.1283,215.205,214.83,215.48,214.73,2026-08-07 18:10:00,235
884.69488,214.9486,214.62,214.605,214.82,214.605,2026-08-07 18:11:00,50
1377.833101,215.0606,214.68,214.91,214.92,214.605,2026-08-07 18:12:00,38
2859.0,215.1866,215.17,215.26,215.26,215.05,2026-08-07 18:13:00,85
435.0,215.279,215.3,215.3,215.3,215.3,2026-08-07 18:14:00,27
648.0,215.2967,215.3,215.39,215.39,215.3,2026-08-07 18:15:00,32
1156.0,215.1695,214.93,214.875,215.465,214.875,2026-08-07 18:17:00,47
7092.0262,214.9267,215.28,215.075,215.28,214.75,2026-08-07 18:18:00,165
537.0,215.1002,215.13,215.13,215.135,215.13,2026-08-07 18:19:00,26
1220.0,215.0208,215.02,215.02,215.03,215.02,2026-08-07 18:20:00,29
6072.1399,215.1933,215.025,215.34,215.34,215.015,2026-08-07 18:23:00,110
4924.0,215.4256,215.415,215.48,215.5,215.415,2026-08-07 18:26:00,80
608.0,215.5033,215.54,215.505,215.54,215.505,2026-08-07 18:27:00,31
901.0,215.346,215.25,215.25,215.25,215.25,2026-08-07 18:28:00,41
1557.09975,215.3528,215.27,215.31,215.42,215.24,2026-08-07 18:29:00,64
1831.15239,215.3593,215.18,215.275,215.45,215.18,2026-08-07 18:31:00,85
1948.0,215.4538,215.46,215.5853,215.61,215.28,2026-08-07 18:32:00,45
2931.098014,215.2275,215.48,215.09,215.48,215.09,2026-08-07 18:33:00,128
3903.065589,214.9668,214.92,215.02,215.02,214.83,2026-08-07 18:34:00,90
3025.0,214.9861,214.94,214.84,215.12,214.84,2026-08-07 18:35:00,78
5837.00931,214.8396,214.84,214.56,215.02,214.56,2026-08-07 18:36:00,121
4224.0845,214.5415,214.49,214.485,214.59,214.465,2026-08-07 18:37:00,107
1773.0,214.6056,214.61,214.475,214.62,214.475,2026-08-07 18:39:00,84
2195.7308,214.6158,214.405,214.595,214.595,214.405,2026-08-07 18:40:00,79
5159.0,214.8115,214.595,215.0,215.0,214.595,2026-08-07 18:41:00,105
1323.0,214.8869,214.89,214.86,215.095,214.855,2026-08-07 18:42:00,38
389.0,214.8089,214.86,214.715,214.86,214.715,2026-08-07 18:43:00,28
1027.0,214.8084,214.805,214.79,214.805,214.79,2026-08-07 18:44:00,62
1639.0,214.6539,214.79,214.61,214.79,214.515,2026-08-07 18:45:00,52
2354.0,214.6784,214.745,214.66,214.745,214.66,2026-08-07 18:46:00,83
1225.835805,214.9409,214.91,214.765,214.92,214.745,2026-08-07 18:47:00,42
733.0,214.7453,214.75,214.745,214.75,214.745,2026-08-07 18:48:00,38
1711.0,214.6827,214.735,214.73,214.735,214.56,2026-08-07 18:49:00,69
1198.01163,214.6663,214.67,214.69,214.69,214.56,2026-08-07 18:50:00,47
2084.166548,214.6734,214.565,214.575,214.78,214.555,2026-08-07 18:51:00,65
3683.0,214.5151,214.525,214.575,214.64,214.37,2026-08-07 18:52:00,133
6502.89,214.365,214.24,214.34,214.52,214.11,2026-08-07 18:53:00,153
1205.0,214.3184,214.3,214.3,214.3,214.3,2026-08-07 18:54:00,40
1980.0,214.4013,214.3,214.5,214.5,214.3,2026-08-07 18:55:00,78
2699.0,214.5774,214.5,214.795,214.795,214.5,2026-08-07 18:56:00,51
1227.0,214.5006,214.58,214.505,214.58,214.505,2026-08-07 18:57:00,63
1643.0,214.4369,214.43,214.43,214.46,214.425,2026-08-07 18:58:00,49
4797.04609,214.7044,214.52,214.6,214.81,214.52,2026-08-07 18:59:00,63
1119.062274,214.7912,214.82,214.8451,214.8451,214.7,2026-08-07 19:00:00,41
5405.069816,214.888,214.86,214.945,215.01,214.64,2026-08-07 19:01:00,132
873.03914,214.8921,214.92,214.915,214.92,214.915,2026-08-07 19:02:00,46
1355.0,214.8927,214.905,214.945,214.955,214.905,2026-08-07 19:03:00,56
790.0,214.8067,214.9225,214.92,214.9225,214.92,2026-08-07 19:04:00,42
1139.5,214.987,214.84,214.85,214.99,214.84,2026-08-07 19:05:00,56
1352.0,214.8304,214.9,214.835,214.9,214.72,2026-08-07 19:06:00,63
2278.8043,214.8155,214.84,214.795,214.84,214.64,2026-08-07 19:07:00,79
634.5,214.861,214.7,214.7,214.7,214.7,2026-08-07 19:08:00,45
6059.0,214.778,214.68,214.85,214.85,214.675,2026-08-07 19:09:00,139
5991.0,215.0064,215.0,215.02,215.16,214.89,2026-08-07 19:10:00,100
5031.382188,215.3123,215.02,215.2375,215.63,215.02,2026-08-07 19:11:00,124
1330.0,215.1335,215.14,215.1,215.275,215.1,2026-08-07 19:12:00,55
2937.0,215.2638,215.06,215.265,215.29,215.06,2026-08-07 19:13:00,92
2450.694462,215.3404,215.25,215.25,215.29,215.25,2026-08-07 19:14:00,87
1204.535,215.4731,215.67,215.29,215.67,215.29,2026-08-07 19:15:00,62
879.0,215.2565,215.325,215.325,215.325,215.325,2026-08-07 19:16:00,55
3308.297145,215.0902,215.305,214.81,215.305,214.81,2026-08-07 19:17:00,134
10331.23254,214.9479,214.93,215.25,215.25,214.78,2026-08-07 19:18:00,177
2318.696035,215.3231,215.225,215.2925,215.33,215.225,2026-08-07 19:20:00,55
3021.989,215.3529,215.3025,215.285,215.36,215.285,2026-08-07 19:21:00,52
2296.256236,215.3128,215.32,215.295,215.6,215.285,2026-08-07 19:22:00,57
1855.32097,215.3335,215.2975,215.285,215.41,214.98,2026-08-07 19:23:00,79
5083.0,215.3204,215.285,215.315,215.54,215.285,2026-08-07 19:24:00,111
1156.0,215.374,215.45,215.455,215.455,215.45,2026-08-07 19:25:00,63
2034.00467,215.3505,215.42,215.28,215.42,215.28,2026-08-07 19:26:00,78
2359.0,215.2815,215.29,215.18,215.43,215.18,2026-08-07 19:27:00,109
1691.0,215.0755,215.1,214.96,215.1,214.96,2026-08-07 19:28:00,79
4440.0,214.9163,214.86,214.865,214.97,214.79,2026-08-07 19:29:00,108
9496.0,215.0275,215.04,215.0,215.08,214.87,2026-08-07 19:30:00,197
3446.23245,214.8066,214.9825,214.66,215.01,214.66,2026-08-07 19:31:00,125
2022.0,214.5764,214.56,214.36,214.56,214.345,2026-08-07 19:32:00,90
5835.0,214.5513,214.36,214.495,214.58,214.36,2026-08-07 19:33:00,149
2624.0,214.4084,214.5825,214.355,214.5825,214.26,2026-08-07 19:34:00,115
936.013,214.5021,214.355,214.35,214.355,214.35,2026-08-07 19:35:00,50
5836.072,214.5932,214.35,214.85,214.85,214.35,2026-08-07 19:36:00,141
1435.0,214.794,214.94,214.94,214.95,214.93,2026-08-07 19:37:00,90
3134.0,214.9816,214.95,215.22,215.22,214.92,2026-08-07 19:38:00,116
1588.657,215.1332,215.13,215.16,215.16,215.1125,2026-08-07 19:39:00,78
16554.0,215.207,214.9,215.545,216.275,214.75,2026-08-07 19:40:00,317
3061.069,215.4147,215.5875,215.535,215.615,215.35,2026-08-07 19:41:00,108
1722.0,215.3784,215.54,215.68,215.68,215.54,2026-08-07 19:42:00,83
4676.0,215.6445,215.585,215.72,215.73,215.585,2026-08-07 19:43:00,139
1731.0,215.6734,215.8975,215.8025,215.8975,215.595,2026-08-07 19:44:00,78
8128.550042,215.8936,215.855,216.0275,216.07,215.67,2026-08-07 19:45:00,142
9916.0,216.138,216.06,216.355,216.385,215.93,2026-08-07 19:46:00,206
7224.0797,215.9341,216.35,215.615,216.35,215.525,2026-08-07 19:47:00,216
6975.02778,215.6769,215.685,215.63,215.865,215.61,2026-08-07 19:48:00,129
7573.949,215.6854,215.86,215.615,215.88,215.51,2026-08-07 19:49:00,154
6659.8197,215.7025,215.63,215.5,215.88,215.41,2026-08-07 19:50:00,204
4827.07401,215.5065,215.635,215.51,215.635,215.35,2026-08-07 19:51:00,150
4528.185431,215.3773,215.35,215.235,215.4425,215.16,2026-08-07 19:52:00,168
9124.141552,215.4327,215.56,215.445,215.56,215.28,2026-08-07 19:53:00,251
7076.156236,215.3965,215.445,215.445,215.49,215.2,2026-08-07 19:54:00,259
22883.0,215.6618,215.46,215.93,216.05,215.36,2026-08-07 19:55:00,487
10899.5,215.8737,216.05,215.755,216.23,215.45,2026-08-07 19:56:00,288
21967.0,215.5682,215.755,215.35,215.87,215.21,2026-08-07 19:57:00,451
25914.949037,215.0485,215.21,214.665,215.27,214.56,2026-08-07 19:58:00,635
56752.99,214.5839,214.665,214.97,215.11,214.22,2026-08-07 19:59:00,1213
8403.127174,214.9433,214.94,214.94,214.94,214.94,2026-08-07 20:01:00,35
504.0,213.6537,213.37,213.37,213.37,213.37,2026-08-10 08:02:00,12
300.0,214.1082,214.11,214.11,214.11,214.11,2026-08-10 12:07:00,6
188.0,214.5313,214.55,214.55,214.55,214.55,2026-08-10 12:18:00,6
403.0,214.781,214.9,214.9,214.9,214.9,2026-08-10 12:21:00,10
368.0,214.9872,215.0,215.0,215.0,215.0,2026-08-10 12:22:00,5
551.0,214.4855,214.49,214.48,214.49,214.48,2026-08-10 13:03:00,5
101.0,214.4505,214.45,214.45,214.45,214.45,2026-08-10 13:10:00,2
10769.906892,213.0001,213.0,213.5,213.5,212.0,2026-08-10 13:30:00,163
918.404078,213.4449,213.44,213.44,213.495,213.44,2026-08-10 13:31:00,27
272.0,213.6179,213.44,213.44,213.44,213.44,2026-08-10 13:32:00,19
349.700101,212.8831,212.955,212.955,212.955,212.955,2026-08-10 13:33:00,21
1726.052713,212.5651,212.78,212.575,212.79,212.3,2026-08-10 13:34:00,63
2401.0804,212.0884,212.575,211.01,212.575,211.01,2026-08-10 13:35:00,89
690.444704,211.3298,211.0,210.9941,211.0,210.9941,2026-08-10 13:36:00,41
544.51775,211.7237,211.7025,211.7025,211.7025,211.7025,2026-08-10 13:37:00,38
410.84452,211.9009,211.985,211.985,211.985,211.985,2026-08-10 13:38:00,24
1723.207151,212.73,211.86,212.49,212.96,211.86,2026-08-10 13:40:00,80
995.0002,212.9208,212.88,212.99,212.99,212.88,2026-08-10 13:41:00,41
639.0,212.6397,212.42,213.3,213.3,212.42,2026-08-10 13:42:00,14
709.47676,213.2295,213.31,213.31,213.31,213.31,2026-08-10 13:43:00,25
1648.28716,213.2302,213.405,213.4,213.405,213.4,2026-08-10 13:44:00,48
776.353773,212.8877,213.405,212.64,213.405,212.64,2026-08-10 13:45:00,32
1372.144331,212.3891,212.46,211.88,212.46,211.88,2026-08-10 13:46:00,62
1002.067494,211.9169,211.89,211.89,211.895,211.885,2026-08-10 13:47:00,33
2597.117636,211.3856,211.9,211.76,211.9,211.08,2026-08-10 13:48:00,71
2547.3947,210.9815,211.14,211.09,211.14,210.68,2026-08-10 13:49:00,85
3768.0377,211.0497,210.5,211.31,211.38,210.4,2026-08-10 13:50:00,76
1441.014265,210.6717,210.73,210.62,210.73,210.61,2026-08-10 13:51:00,70
1045.521941,211.0387,211.06,211.025,211.07,211.025,2026-08-10 13:52:00,42
19994.07256,211.1047,211.03,211.45,211.75,210.59,2026-08-10 13:53:00,249
4207.9938,211.1067,211.4,210.96,211.4,210.96,2026-08-10 13:54:00,164
4825.083,210.696,210.93,210.58,210.965,210.46,2026-08-10 13:55:00,135
1646.714276,210.3993,210.15,210.5351,210.56,210.15,2026-08-10 13:56:00,63
1116.004698,210.2723,210.15,210.03,210.15,210.03,2026-08-10 13:57:00,69
11391.0,210.448,210.425,210.555,210.74,210.07,2026-08-10 13:58:00,213
14428.046495,210.6436,210.33,210.915,210.9225,210.06,2026-08-10 13:59:00,248
1526.0,211.1475,211.48,210.85,211.48,210.85,2026-08-10 14:00:00,59
756.399144,211.2504,211.355,211.345,211.355,211.345,2026-08-10 14:01:00,37
967.022883,211.2482,211.33,211.38,211.38,211.01,2026-08-10 14:02:00,35
6740.0,211.4042,211.39,211.58,211.61,210.93,2026-08-10 14:03:00,123
1207.522583,212.0202,211.945,211.98,212.105,211.945,2026-08-10 14:04:00,47
2755.339,211.5494,211.735,211.29,211.79,211.29,2026-08-10 14:05:00,107
2811.08,210.9272,211.29,210.825,211.3,210.27,2026-08-10 14:06:00,81
3412.01458,210.586,210.33,210.2,210.83,210.2,2026-08-10 14:07:00,78
8671.12223,210.836,210.76,211.05,211.24,210.7,2026-08-10 14:08:00,187
14396.237124,211.0865,210.96,210.52,211.31,210.52,2026-08-10 14:09:00,254
6020.0047,210.871,210.635,210.9,210.98,210.63,2026-08-10 14:10:00,110
903.293209,210.7541,210.725,210.66,210.925,210.66,2026-08-10 14:11:00,23
3374.00474,210.6569,210.72,210.9,210.9,210.38,2026-08-10 14:12:00,90
4317.216,210.9487,210.55,211.29,211.295,210.55,2026-08-10 14:13:00,95
2783.0,211.1354,211.4,210.79,211.4,210.78,2026-08-10 14:14:00,95
3575.085,210.87,210.79,210.855,211.065,210.605,2026-08-10 14:15:00,87
702.0,210.6981,210.5601,210.92,210.92,210.5601,2026-08-10 14:16:00,36
2043.236966,210.7838,210.835,210.73,210.835,210.73,2026-08-10 14:17:00,62
8088.003,210.7379,210.765,210.79,210.845,210.435,2026-08-10 14:18:00,145
2392.0,210.9899,210.93,211.055,211.06,210.93,2026-08-10 14:19:00,53
2867.0,210.7855,211.065,210.625,211.105,210.62,2026-08-10 14:20:00,80
1786.46527,210.7794,210.81,210.775,210.82,210.745,2026-08-10 14:21:00,40
639.118477,210.8355,210.87,210.895,210.895,210.87,2026-08-10 14:22:00,20
1869.0,210.9383,210.69,211.15,211.15,210.69,2026-08-10 14:23:00,47
8016.23713,211.1876,210.85,211.41,211.43,210.84,2026-08-10 14:24:00,150
1425.07858,212.0061,212.1441,211.58,212.1441,211.58,2026-08-10 14:25:00,23
517.606237,211.6023,211.585,211.58,211.585,211.58,2026-08-10 14:26:00,16
3064.00341,211.285,211.565,211.255,211.565,211.01,2026-08-10 14:27:00,73
1106.0,211.2151,211.17,211.32,211.32,211.07,2026-08-10 14:28:00,45
5153.155,211.2449,211.02,211.5,211.5,210.99,2026-08-10 14:29:00,152
1015.066618,211.3802,211.505,211.1615,211.505,211.1615,2026-08-10 14:30:00,33
1885.032392,211.2685,211.52,211.52,211.52,211.05,2026-08-10 14:31:00,35
1266.11428,211.2987,211.515,211.14,211.515,211.14,2026-08-10 14:32:00,46
1871.185025,211.0439,211.03,210.84,211.2425,210.84,2026-08-10 14:33:00,103
4213.624556,211.3467,211.1075,211.23,211.465,211.105,2026-08-10 14:34:00,115
3171.58,211.2986,211.22,211.18,211.49,211.11,2026-08-10 14:35:00,78
2546.0,211.0965,211.1,211.1,211.15,210.97,2026-08-10 14:36:00,84
7033.25,211.2354,211.23,211.08,211.41,211.02,2026-08-10 14:37:00,136
5847.0,211.3599,211.085,211.525,211.56,211.085,2026-08-10 14:38:00,102
1195.559167,211.6548,211.66,211.69,211.6901,211.66,2026-08-10 14:39:00,45
853.0,211.4702,211.56,211.51,211.56,211.51,2026-08-10 14:40:00,48
2008.784796,211.6337,211.38,211.94,211.94,211.38,2026-08-10 14:41:00,65
2356.23608,211.8803,211.97,211.79,212.0,211.785,2026-08-10 14:42:00,90
7634.46115,211.9881,212.0,212.03,212.06,211.835,2026-08-10 14:43:00,157
6304.0,211.9778,211.98,212.03,212.07,211.83,2026-08-10 14:44:00,150
18260.780216,211.7337,212.02,211.82,212.03,211.82,2026-08-10 14:45:00,92
459.0,211.8905,211.92,211.92,211.92,211.92,2026-08-10 14:46:00,38
1224.02943,211.6433,211.75,211.5,211.75,211.5,2026-08-10 14:47:00,59
6272.0,211.2126,211.5,210.9,211.5,210.85,2026-08-10 14:48:00,116
1419.234,210.8925,211.27,210.69,211.27,210.69,2026-08-10 14:49:00,59
2068.0059,211.0032,210.9,211.075,211.075,210.9,2026-08-10 14:50:00,47
2703.00473,211.0698,211.08,211.075,211.09,210.9,2026-08-10 14:51:00,46
7064.0,210.8369,210.77,210.77,210.94,210.57,2026-08-10 14:52:00,207
801.0,210.7847,210.805,210.65,210.805,210.65,2026-08-10 14:53:00,45
3030.999229,210.9325,210.83,211.015,211.02,210.83,2026-08-10 14:54:00,129
1525.077,211.2193,211.51,210.86,211.7,210.86,2026-08-10 14:55:00,52
1262.19,211.2521,211.405,211.44,211.44,211.26,2026-08-10 14:56:00,58
1031.0,211.0299,211.04,210.94,211.04,210.81,2026-08-10 14:57:00,44
1065.59217,211.0177,210.92,211.01,211.06,210.92,2026-08-10 14:58:00,44
1656.235,211.0921,211.27,210.97,211.27,210.97,2026-08-10 14:59:00,76
6738.0,211.6065,211.15,211.72,211.72,211.15,2026-08-10 15:00:00,136
625.00764,211.9375,211.965,211.965,211.965,211.965,2026-08-10 15:01:00,20
1135.00462,211.9285,212.275,211.88,212.275,211.83,2026-08-10 15:02:00,39
993.39498,211.8803,211.975,211.75,211.975,211.75,2026-08-10 15:03:00,43
3795.71264,211.5014,211.64,211.66,211.795,211.25,2026-08-10 15:04:00,103
1259.1183,211.4746,211.48,211.48,211.49,211.48,2026-08-10 15:05:00,42
4187.005,211.6397,211.475,211.61,211.73,211.465,2026-08-10 15:06:00,114
865.0,211.4877,211.47,211.49,211.49,211.47,2026-08-10 15:07:00,32
498.0,211.4395,211.495,211.495,211.495,211.495,2026-08-10 15:08:00,34
2897.0,211.7422,211.75,211.73,211.75,211.73,2026-08-10 15:09:00,93
1742.0,211.786,211.92,211.7925,211.97,211.505,2026-08-10 15:10:00,49
1103.0,211.5593,211.72,211.81,211.81,211.44,2026-08-10 15:11:00,38
219.0001,211.7477,211.805,211.805,211.805,211.805,2026-08-10 15:12:00,22
617.0,211.7588,211.82,211.815,211.82,211.815,2026-08-10 15:15:00,31
2816.0,211.4942,211.55,211.18,211.55,211.18,2026-08-10 15:17:00,70
1453.0,211.2553,211.18,211.22,211.22,211.18,2026-08-10 15:18:00,87
960.0,211.2589,211.2,211.2397,211.2397,211.2,2026-08-10 15:19:00,30
4211.0,211.3251,211.405,211.365,211.405,211.2,2026-08-10 15:20:00,95
2135.0,211.1969,211.23,211.0975,211.23,211.0975,2026-08-10 15:21:00,68
1221.0,211.0207,211.085,210.98,211.085,210.97,2026-08-10 15:22:00,65
2588.058865,210.7839,210.88,210.42,210.89,210.42,2026-08-10 15:23:00,91
2574.5491,210.5041,210.2201,210.56,210.56,210.2201,2026-08-10 15:24:00,66
3817.0,210.6302,210.77,210.45,210.83,210.45,2026-08-10 15:25:00,65
1940.0,210.4697,210.54,210.4175,210.54,210.31,2026-08-10 15:26:00,71
520.0,210.469,210.27,210.425,210.425,210.27,2026-08-10 15:27:00,29
5680.42501,210.6075,210.59,210.795,210.795,210.42,2026-08-10 15:28:00,149
426.0,210.8313,210.92,210.92,210.92,210.92,2026-08-10 15:29:00,27
2922.00761,211.1899,210.95,211.315,211.315,210.95,2026-08-10 15:30:00,68
1136.47158,211.6624,211.72,211.6925,211.72,211.61,2026-08-10 15:31:00,30
3842.236,211.467,211.5,211.47,211.5,211.38,2026-08-10 15:32:00,113
2056.0,211.4016,211.435,211.43,211.44,211.25,2026-08-10 15:33:00,53
4319.07858,211.1916,211.415,211.09,211.415,210.95,2026-08-10 15:34:00,108
8157.13828,211.2343,211.33,211.31,211.34,211.145,2026-08-10 15:35:00,154
801.0,211.2835,211.29,211.275,211.29,211.275,2026-08-10 15:36:00,28
1701.004,211.2885,211.27,211.31,211.315,211.19,2026-08-10 15:37:00,40
1958.0,211.2623,211.315,211.475,211.475,211.105,2026-08-10 15:38:00,48
1087.0,211.2327,211.305,211.305,211.305,211.305,2026-08-10 15:39:00,40
2957.0,211.1352,211.11,211.1,211.275,211.1,2026-08-10 15:40:00,100
1655.0,211.0306,211.03,211.06,211.06,211.03,2026-08-10 15:41:00,41
5795.0,211.1372,210.97,211.345,211.345,210.97,2026-08-10 15:42:00,98
6052.003,211.3923,211.44,211.335,211.53,211.33,2026-08-10 15:43:00,102
18349.058865,211.7283,211.38,211.72,212.04,211.38,2026-08-10 15:44:00,202
1961.897,211.8779,211.98,212.04,212.04,211.74,2026-08-10 15:45:00,48
2502.0,211.9501,211.94,211.9325,212.3,211.84,2026-08-10 15:46:00,59
2110.0,211.9475,211.935,211.925,211.9725,211.925,2026-08-10 15:47:00,68
2009.0,211.893,211.925,212.29,212.29,211.675,2026-08-10 15:48:00,52
1467.00471,211.8646,211.675,211.925,211.925,211.675,2026-08-10 15:49:00,35
2572.5423,211.8474,211.92,211.87,211.92,211.87,2026-08-10 15:50:00,70
1804.0,211.8603,211.68,211.865,212.16,211.68,2026-08-10 15:51:00,34
688.0,211.9028,211.865,211.885,211.885,211.865,2026-08-10 15:52:00,24
1028.0,211.9524,211.88,211.8875,212.12,211.88,2026-08-10 15:53:00,33
4790.02,212.1791,212.17,212.04,212.28,212.04,2026-08-10 15:54:00,113
2719.05,211.9786,212.05,211.83,212.05,211.83,2026-08-10 15:56:00,91
913.0,211.9418,211.94,211.95,211.95,211.94,2026-08-10 15:57:00,42
1647.0,211.987,211.95,211.945,212.15,211.945,2026-08-10 15:58:00,29
2578.0,212.0965,212.15,212.21,212.21,211.99,2026-08-10 15:59:00,63
1263.011135,212.0051,211.995,212.0,212.12,211.995,2026-08-10 16:00:00,33
2901.0,211.9882,211.84,212.18,212.2,211.84,2026-08-10 16:01:00,75
4907.070728,212.3199,212.23,212.5,212.5,212.23,2026-08-10 16:03:00,117
1809.0,212.5305,212.535,212.53,212.5425,212.53,2026-08-10 16:04:00,48
4408.0,212.0944,212.33,212.04,212.36,211.93,2026-08-10 16:05:00,134
752.0,211.8171,211.575,211.605,211.605,211.56,2026-08-10 16:06:00,32
417.0,211.8586,211.66,211.64,211.66,211.64,2026-08-10 16:08:00,25
791.0,211.918,211.995,211.995,211.995,211.995,2026-08-10 16:09:00,40
1546.057079,211.8793,211.98,211.925,211.985,211.76,2026-08-10 16:10:00,56
544.052,211.8855,211.885,211.885,211.885,211.885,2026-08-10 16:12:00,36
642.0,211.8007,211.88,211.88,211.88,211.88,2026-08-10 16:13:00,38
1349.049391,211.8671,212.08,211.87,212.08,211.87,2026-08-10 16:14:00,45
1393.0,211.7308,211.71,211.76,211.76,211.71,2026-08-10 16:15:00,68
3015.0,211.5831,211.63,211.51,211.64,211.51,2026-08-10 16:16:00,100
3500.0,211.493,211.48,211.31,211.64,211.31,2026-08-10 16:17:00,64
4806.0,211.5768,211.43,211.525,211.75,211.43,2026-08-10 16:18:00,103
960.0,211.631,211.53,211.75,211.75,211.53,2026-08-10 16:19:00,25
856.06651,211.5321,211.525,211.535,211.535,211.525,2026-08-10 16:20:00,37
2108.04687,211.6931,211.73,211.775,211.775,211.535,2026-08-10 16:21:00,75
1444.0,211.5472,211.65,211.51,211.65,211.48,2026-08-10 16:22:00,55
876.0,211.6364,211.54,211.54,211.54,211.54,2026-08-10 16:23:00,34
1278.0,211.5445,211.75,211.545,211.75,211.545,2026-08-10 16:24:00,73
3296.0,211.7715,211.655,211.67,211.98,211.655,2026-08-10 16:26:00,55
1363.0,211.7185,211.695,211.645,211.94,211.645,2026-08-10 16:27:00,43
3322.247,211.9623,211.93,212.15,212.15,211.805,2026-08-10 16:28:00,106
469.0,211.9798,212.08,212.08,212.08,212.08,2026-08-10 16:29:00,34
1225.772428,211.953,212.08,211.76,212.085,211.76,2026-08-10 16:30:00,39
554.141736,212.1066,212.07,212.075,212.075,212.07,2026-08-10 16:31:00,29
845.035538,211.9267,211.81,212.165,212.165,211.81,2026-08-10 16:32:00,47
463.0,211.9682,211.93,211.93,211.93,211.93,2026-08-10 16:33:00,20
471.72687,211.9452,211.84,211.84,211.84,211.84,2026-08-10 16:34:00,27
432.0,211.8416,211.81,211.89,211.89,211.81,2026-08-10 16:35:00,28
2770.0,211.9731,211.815,212.07,212.07,211.815,2026-08-10 16:36:00,60
974.023576,212.0009,211.95,211.91,212.08,211.91,2026-08-10 16:37:00,44
1367.132,212.0543,211.91,211.9,212.1375,211.87,2026-08-10 16:38:00,42
1408.0,211.8916,211.85,211.83,211.85,211.83,2026-08-10 16:39:00,72
549.0,211.8515,211.86,211.86,211.86,211.86,2026-08-10 16:40:00,29
625.00479,211.8722,211.73,211.965,211.965,211.73,2026-08-10 16:42:00,28
699.0,212.0165,212.07,211.96,212.07,211.96,2026-08-10 16:45:00,39
533.0,211.8782,211.74,211.74,211.74,211.74,2026-08-10 16:46:00,29
654.0,211.8802,211.925,211.915,211.925,211.76,2026-08-10 16:47:00,22
3731.288,211.9406,211.85,211.905,212.11,211.85,2026-08-10 16:48:00,62
1856.54401,211.9483,211.905,211.9,212.01,211.895,2026-08-10 16:49:00,50
3046.0,212.0638,212.09,212.0175,212.28,211.91,2026-08-10 16:50:00,78
959.0,212.0879,212.015,212.095,212.1075,212.015,2026-08-10 16:51:00,39
1043.0,212.0343,212.12,212.0,212.12,212.0,2026-08-10 16:52:00,42
653.0,211.984,212.09,211.87,212.09,211.87,2026-08-10 16:53:00,35
1425.081,211.9967,211.91,212.0575,212.0575,211.91,2026-08-10 16:54:00,50
221.0,211.9987,211.9875,211.9875,211.9875,211.9875,2026-08-10 16:55:00,26
1581.58399,212.0589,211.99,212.04,212.14,211.99,2026-08-10 16:56:00,52
454.0,211.9433,211.99,211.88,211.99,211.88,2026-08-10 16:57:00,36
6996.35,211.8859,211.925,211.69,212.05,211.69,2026-08-10 16:58:00,159
839.0,211.7783,211.76,211.83,211.83,211.76,2026-08-10 16:59:00,53
447.0,211.7739,211.7,211.7,211.7,211.7,2026-08-10 17:00:00,39
1629.0,211.7068,211.78,211.63,211.78,211.63,2026-08-10 17:01:00,64
1305.0,211.8041,211.765,211.89,211.89,211.76,2026-08-10 17:02:00,37
1433.00913,211.7324,211.76,211.63,211.76,211.63,2026-08-10 17:03:00,43
841.0,211.6488,211.65,211.49,211.65,211.49,2026-08-10 17:04:00,47
617.0,211.6775,211.685,211.675,211.685,211.675,2026-08-10 17:05:00,23
990.0,211.6523,211.675,211.675,211.675,211.675,2026-08-10 17:06:00,45
978.0,211.6677,211.57,211.6,211.685,211.57,2026-08-10 17:07:00,30
976.0,211.6597,211.655,211.57,211.655,211.57,2026-08-10 17:08:00,40
14571.006044,211.7682,211.68,211.955,211.955,211.68,2026-08-10 17:09:00,194
1147.0,211.9398,211.98,211.85,212.09,211.85,2026-08-10 17:10:00,41
10928.0,211.9421,211.975,211.71,212.11,211.58,2026-08-10 17:11:00,226
624.7296,211.7424,211.74,211.63,211.74,211.63,2026-08-10 17:12:00,35
6948.0,211.7859,211.73,211.645,211.925,211.51,2026-08-10 17:13:00,87
2321.0,211.6668,211.64,211.64,211.77,211.64,2026-08-10 17:14:00,49
1598.0,211.6765,211.64,211.64,211.77,211.54,2026-08-10 17:15:00,45
1348.388888,211.6002,211.51,211.54,211.6125,211.51,2026-08-10 17:16:00,65
4151.0,211.7319,211.71,211.8,211.8,211.655,2026-08-10 17:17:00,91
489.0,211.8341,211.91,211.88,211.91,211.76,2026-08-10 17:18:00,30
1720.65089,211.8666,211.855,211.82,212.01,211.8,2026-08-10 17:19:00,78
4997.0,211.8208,211.89,211.78,211.91,211.72,2026-08-10 17:20:00,93
851.2863,211.695,211.72,211.685,211.72,211.685,2026-08-10 17:21:00,48
976.0,211.5991,211.44,211.63,211.65,211.44,2026-08-10 17:22:00,41
878.0,211.5762,211.62,211.615,211.62,211.45,2026-08-10 17:23:00,44
839.7955,211.5983,211.46,211.532,211.75,211.46,2026-08-10 17:24:00,33
5682.0,211.7892,211.63,211.91,211.91,211.63,2026-08-10 17:25:00,96
2120.523,212.0174,212.14,211.995,212.14,211.89,2026-08-10 17:26:00,45
650.0,211.973,212.14,212.14,212.14,212.14,2026-08-10 17:27:00,35
2874.0,212.14,212.005,212.24,212.24,212.005,2026-08-10 17:28:00,104
1225.009509,212.3085,212.375,212.37,212.53,212.33,2026-08-10 17:29:00,56
1530.0,212.3272,212.33,212.36,212.44,212.23,2026-08-10 17:30:00,47
7919.0,212.3638,212.36,212.35,212.44,212.25,2026-08-10 17:31:00,160
644.0018,212.1759,212.17,212.09,212.17,212.09,2026-08-10 17:32:00,62
407.895,212.0902,212.0,212.0,212.0,212.0,2026-08-10 17:33:00,47
1682.85,212.1711,212.14,212.14,212.23,212.14,2026-08-10 17:34:00,57
5762.0,212.1402,212.14,212.08,212.1725,211.98,2026-08-10 17:35:00,91
1515.0,212.1591,212.2,212.08,212.26,212.08,2026-08-10 17:36:00,48
1702.0,212.1569,212.18,212.09,212.18,212.09,2026-08-10 17:37:00,57
931.178717,212.1614,212.09,212.265,212.265,212.04,2026-08-10 17:38:00,44
1872.0,212.1977,212.23,212.13,212.25,212.13,2026-08-10 17:39:00,62
429.0,212.1601,212.13,212.14,212.14,212.13,2026-08-10 17:40:00,19
587.0,212.1452,212.1,212.11,212.11,212.1,2026-08-10 17:41:00,41
514.0,212.099,212.11,212.085,212.11,212.085,2026-08-10 17:42:00,38
2867.0,212.1435,212.13,212.18,212.19,212.12,2026-08-10 17:43:00,96
230.0,212.123,212.12,212.12,212.12,212.12,2026-08-10 17:44:00,30
2525.0,211.9709,212.05,211.86,212.05,211.855,2026-08-10 17:45:00,104
871.0,211.8974,211.86,211.76,211.86,211.76,2026-08-10 17:46:00,38
521.022328,211.8191,211.86,211.71,211.86,211.71,2026-08-10 17:47:00,28
1541.0,211.8617,211.72,211.75,211.89,211.72,2026-08-10 17:48:00,68
702.0,211.8442,211.875,211.875,211.875,211.875,2026-08-10 17:49:00,61
5223.014194,211.8384,211.81,211.825,211.93,211.72,2026-08-10 17:50:00,149
4807.0,211.9973,211.835,212.155,212.19,211.835,2026-08-10 17:51:00,84
559.0,212.1741,212.16,212.16,212.16,212.16,2026-08-10 17:52:00,25
808.0,212.0967,212.04,212.04,212.17,212.04,2026-08-10 17:53:00,36
1847.16667,212.2346,212.165,212.225,212.32,212.165,2026-08-10 17:54:00,54
1418.0,212.2368,212.225,212.225,212.37,212.225,2026-08-10 17:55:00,30
2898.0,212.3679,212.29,212.43,212.45,212.24,2026-08-10 17:57:00,101
872.094144,212.3287,212.32,212.32,212.32,212.32,2026-08-10 17:58:00,58
1199.0,212.2898,212.32,212.38,212.38,212.32,2026-08-10 17:59:00,55
896.406072,212.2855,212.3,212.25,212.3,212.25,2026-08-10 18:00:00,56
2534.3901,212.1196,212.09,212.1,212.205,212.08,2026-08-10 18:02:00,56
3293.0,212.0186,212.2,211.8,212.2,211.8,2026-08-10 18:03:00,141
999.25902,211.8509,211.69,211.68,211.72,211.68,2026-08-10 18:04:00,53
2189.5,211.5325,211.805,211.34,211.805,211.34,2026-08-10 18:05:00,67
2570.0,211.3834,211.435,211.33,211.5,211.33,2026-08-10 18:06:00,97
724.0547,211.175,211.23,211.09,211.24,211.09,2026-08-10 18:07:00,48
709.004,211.3726,211.08,211.08,211.08,211.08,2026-08-10 18:08:00,35
6799.602715,211.0947,210.88,211.3,211.32,210.88,2026-08-10 18:09:00,167
683.01418,211.2461,211.17,211.26,211.26,211.17,2026-08-10 18:10:00,36
1084.0,211.354,211.33,211.335,211.49,211.33,2026-08-10 18:12:00,53
832.0,211.3603,211.42,211.42,211.42,211.42,2026-08-10 18:13:00,36
363.0,211.3621,211.415,211.415,211.415,211.415,2026-08-10 18:14:00,22
862.0,211.3182,211.29,211.29,211.29,211.29,2026-08-10 18:15:00,33
3503.0,211.4872,211.46,211.45,211.58,211.4,2026-08-10 18:16:00,101
852.0,211.4665,211.47,211.47,211.47,211.47,2026-08-10 18:17:00,50
824.0,211.4677,211.38,211.6,211.6,211.38,2026-08-10 18:18:00,48
692.0,211.4472,211.475,211.475,211.475,211.475,2026-08-10 18:19:00,48
1797.04727,211.3688,211.36,211.36,211.37,211.36,2026-08-10 18:20:00,76
321.25565,211.2966,211.23,211.23,211.23,211.23,2026-08-10 18:21:00,35
928.0,211.3006,211.24,211.23,211.24,211.23,2026-08-10 18:22:00,45
1849.0,211.1919,211.325,211.15,211.325,211.02,2026-08-10 18:26:00,89
472.0046,211.1354,210.99,210.99,210.99,210.99,2026-08-10 18:27:00,37
494.0,211.1024,210.98,210.98,210.98,210.98,2026-08-10 18:28:00,44
2363.00645,211.2225,211.17,211.21,211.31,211.13,2026-08-10 18:29:00,67
1371.0,211.2325,211.29,211.32,211.32,211.29,2026-08-10 18:30:00,60
1178.4134,211.2675,211.0815,211.34,211.34,211.0815,2026-08-10 18:31:00,54
1800.0,211.3367,211.37,211.41,211.41,211.275,2026-08-10 18:32:00,50
3392.0,211.5292,211.375,211.595,211.6,211.375,2026-08-10 18:33:00,72
1950.47261,211.5544,211.615,211.535,211.615,211.505,2026-08-10 18:34:00,89
949.75831,211.5586,211.61,211.63,211.63,211.535,2026-08-10 18:35:00,36
2942.066547,211.3655,211.43,211.31,211.43,211.23,2026-08-10 18:36:00,123
2598.686059,211.197,211.31,211.065,211.39,211.065,2026-08-10 18:37:00,88
2111.00946,211.1819,211.13,211.25,211.25,211.07,2026-08-10 18:38:00,66
1115.0015,211.1728,211.17,211.1625,211.17,211.1625,2026-08-10 18:39:00,61
986.0,211.2006,211.145,211.145,211.145,211.145,2026-08-10 18:40:00,41
990.0,211.3101,211.375,211.36,211.375,211.36,2026-08-10 18:41:00,41
1242.0,211.2905,211.3,211.29,211.36,211.29,2026-08-10 18:42:00,40
1475.1947,211.4219,211.37,211.47,211.47,211.37,2026-08-10 18:43:00,56
547.09702,211.4052,211.42,211.42,211.42,211.42,2026-08-10 18:44:00,34
1187.0,211.3458,211.475,211.32,211.475,211.29,2026-08-10 18:45:00,45
1917.0,211.2447,211.28,211.17,211.28,211.17,2026-08-10 18:46:00,94
925.0,211.1359,210.98,210.98,210.98,210.98,2026-08-10 18:47:00,48
680.0,211.1734,211.19,211.3,211.3,211.19,2026-08-10 18:49:00,31
828.0,211.2666,211.34,211.21,211.34,211.21,2026-08-10 18:50:00,40
512.0805,211.233,211.21,211.21,211.21,211.21,2026-08-10 18:51:00,26
2526.03988,211.3394,211.28,211.28,211.4,211.26,2026-08-10 18:52:00,71
1371.9165,211.291,211.32,211.28,211.32,211.28,2026-08-10 18:53:00,56
4823.0,211.3776,211.285,211.39,211.44,211.285,2026-08-10 18:54:00,117
1036.0,211.4933,211.46,211.53,211.53,211.46,2026-08-10 18:55:00,55
1760.49,211.5337,211.53,211.565,211.565,211.53,2026-08-10 18:56:00,49
1286.0,211.4463,211.47,211.48,211.48,211.37,2026-08-10 18:57:00,53
1076.0,211.4921,211.4,211.545,211.545,211.4,2026-08-10 18:58:00,35
3525.0,211.3452,211.55,211.265,211.55,211.26,2026-08-10 18:59:00,137
632.387377,211.2004,211.18,211.08,211.18,211.08,2026-08-10 19:00:00,22
656.00473,211.2163,211.14,211.1,211.2,211.1,2026-08-10 19:01:00,27
1571.0,211.1395,211.1,211.1,211.2475,211.1,2026-08-10 19:02:00,73
3519.004353,211.094,211.17,210.85,211.31,210.85,2026-08-10 19:03:00,95
1278.0,210.85,210.81,210.76,210.86,210.76,2026-08-10 19:04:00,53
15562.0,210.7528,210.865,210.93,211.05,210.52,2026-08-10 19:05:00,194
1694.00474,211.0612,211.08,211.08,211.1,211.02,2026-08-10 19:06:00,52
1924.09393,211.2268,211.24,211.515,211.515,211.18,2026-08-10 19:07:00,44
2285.0,211.5203,211.56,211.67,211.67,211.42,2026-08-10 19:08:00,67
376.996218,211.4227,211.67,211.67,211.67,211.67,2026-08-10 19:09:00,30
920.0,211.3179,211.265,211.395,211.515,211.235,2026-08-10 19:10:00,44
3761.912126,211.3024,211.42,211.32,211.42,211.22,2026-08-10 19:11:00,107
417.0,211.3574,211.395,211.395,211.395,211.395,2026-08-10 19:12:00,33
1421.0,211.3426,211.36,211.36,211.36,211.36,2026-08-10 19:13:00,37
5745.5,211.5482,211.36,211.58,211.66,211.36,2026-08-10 19:14:00,120
3366.0,211.4937,211.51,211.51,211.72,211.51,2026-08-10 19:15:00,43
2511.0,211.5301,211.51,211.52,211.7,211.51,2026-08-10 19:16:00,73
4671.744021,211.34,211.36,211.33,211.4,211.28,2026-08-10 19:17:00,129
3000.689,211.2491,211.245,211.175,211.315,211.17,2026-08-10 19:18:00,99
5989.0,211.3228,211.105,211.5,211.5,211.105,2026-08-10 19:19:00,110
1678.0,211.4982,211.445,211.465,211.69,211.445,2026-08-10 19:20:00,44
1611.0,211.3273,211.465,211.28,211.465,211.24,2026-08-10 19:21:00,78
879.041642,211.3001,211.285,211.29,211.405,211.285,2026-08-10 19:22:00,35
475.0,211.3505,211.29,211.29,211.29,211.29,2026-08-10 19:23:00,31
2647.0,211.2473,211.295,211.27,211.32,211.14,2026-08-10 19:24:00,94
1310.0,211.2571,211.15,211.27,211.29,211.15,2026-08-10 19:25:00,46
1010.0,211.2589,211.27,211.39,211.39,211.27,2026-08-10 19:26:00,43
4472.0,211.197,211.24,211.16,211.32,211.1,2026-08-10 19:27:00,137
511.0,211.2026,211.125,211.125,211.125,211.125,2026-08-10 19:28:00,25
4748.0,211.0427,211.125,211.04,211.125,210.98,2026-08-10 19:29:00,128
1824.103,211.2359,211.12,211.32,211.44,211.12,2026-08-10 19:30:00,88
2567.0,211.3754,211.3,211.46,211.46,211.3,2026-08-10 19:31:00,87
1540.00718,211.4615,211.44,211.61,211.61,211.355,2026-08-10 19:32:00,87
3953.0,211.6329,211.72,211.705,211.72,211.705,2026-08-10 19:33:00,136
2651.0,211.7186,211.7,211.71,211.75,211.7,2026-08-10 19:34:00,68
3098.0,211.7771,211.71,211.725,211.88,211.71,2026-08-10 19:35:00,90
4542.745,211.855,211.9,211.78,211.98,211.75,2026-08-10 19:36:00,134
2057.83597,211.6589,211.6,211.63,211.72,211.59,2026-08-10 19:37:00,80
2388.486,211.5846,211.625,211.545,211.625,211.52,2026-08-10 19:38:00,73
7003.0,211.7183,211.61,211.74,211.81,211.6,2026-08-10 19:39:00,136
1315.0,211.7661,211.8018,211.79,211.8018,211.74,2026-08-10 19:40:00,52
3863.0,211.6413,211.66,211.59,211.74,211.55,2026-08-10 19:41:00,132
2693.005524,211.7286,211.67,211.8,211.8,211.67,2026-08-10 19:42:00,101
1880.005521,211.7886,211.76,211.89,211.89,211.76,2026-08-10 19:43:00,92
7928.0,212.1253,211.91,212.11,212.4,211.91,2026-08-10 19:44:00,226
1829.0,212.0774,212.31,212.32,212.32,212.15,2026-08-10 19:45:00,66
7070.042974,212.1689,212.335,212.2799,212.335,212.12,2026-08-10 19:46:00,218
6355.01245,212.6907,212.28,213.29,213.555,212.275,2026-08-10 19:47:00,189
5471.937,213.3471,213.07,213.525,213.74,213.07,2026-08-10 19:48:00,142
4082.39045,213.6032,213.525,213.805,213.805,213.46,2026-08-10 19:49:00,141
4035.0,213.8456,213.92,214.0625,214.17,213.92,2026-08-10 19:50:00,132
7535.387034,213.889,213.87,213.9275,214.07,213.8,2026-08-10 19:51:00,248
5511.325922,213.7746,213.93,213.82,213.935,213.72,2026-08-10 19:52:00,195
6375.39736,213.7087,213.72,213.685,213.78,213.685,2026-08-10 19:53:00,149
4619.97,213.6564,213.685,213.55,213.72,213.52,2026-08-10 19:54:00,174
15334.165841,213.7389,213.83,213.53,213.87,213.51,2026-08-10 19:55:00,429
10295.064751,213.6659,213.44,213.88,213.88,213.44,2026-08-10 19:56:00,322
23774.0,213.8777,213.81,213.96,214.01,213.775,2026-08-10 19:57:00,538
40169.937099,213.9107,213.905,213.715,214.05,213.7,2026-08-10 19:58:00,1027
30391.543,213.473,213.7,213.54,213.7,213.25,2026-08-10 19:59:00,934
8723.633545,213.45,213.45,213.45,213.45,213.45,2026-08-10 20:01:00,53
624.0,210.4381,210.5,210.5,210.5,210.5,2026-08-10 23:24:00,9
