Volume,vw,Open,Close,High,Low,timestamp,n
36907.431911,124.1022,124.5,124.91,125.05,122.2105,2026-07-29 08:00:00,740
19004.010949,123.8915,124.92,124.52,125.03,122.0,2026-07-29 08:01:00,512
16979.0,122.9536,124.57,122.9,124.79,122.13,2026-07-29 08:02:00,652
40511.0,123.6919,122.9,124.53,124.58,122.82,2026-07-29 08:03:00,1370
19002.0,124.0909,124.38,124.04,124.58,123.56,2026-07-29 08:04:00,577
35718.234467,124.5424,124.32,124.5,125.04,124.09,2026-07-29 08:05:00,768
775.0,124.6018,124.48,124.5049,124.5049,124.48,2026-07-29 08:06:00,24
5817.0,123.9746,123.64,124.6,124.6,122.81,2026-07-29 08:07:00,140
417.0,124.6982,124.7,124.7,124.7,124.7,2026-07-29 08:11:00,17
1344.0,124.4918,124.49,124.5,124.5,124.49,2026-07-29 08:15:00,41
253.0,124.5485,124.3609,124.67,124.67,124.3609,2026-07-29 08:18:00,6
653.996504,124.9078,124.69,124.78,124.78,124.69,2026-07-29 08:25:00,12
1606.0,124.5914,124.55,124.67,124.67,124.55,2026-07-29 08:27:00,54
313.0,124.7019,124.67,124.67,124.67,124.67,2026-07-29 08:30:00,17
251.155,124.9301,124.82,124.82,124.82,124.82,2026-07-29 08:32:00,11
308.352991,124.9598,124.82,124.82,124.82,124.82,2026-07-29 08:33:00,6
582.0,124.7818,124.77,124.77,124.77,124.77,2026-07-29 08:35:00,10
316.0,124.7917,124.77,124.77,124.77,124.77,2026-07-29 08:38:00,8
593.0,124.7715,124.7,124.78,124.78,124.7,2026-07-29 08:39:00,33
1153.452635,124.9345,124.87,124.9,124.9,124.87,2026-07-29 08:42:00,11
124.0,124.8698,124.87,124.87,124.87,124.87,2026-07-29 08:43:00,6
1627.0,124.811,124.81,124.66,124.9,124.66,2026-07-29 08:45:00,30
648.0,124.8552,124.83,124.83,124.83,124.83,2026-07-29 08:46:00,20
601.0,124.8941,124.89,124.9,124.9,124.89,2026-07-29 08:48:00,10
159.0,124.7175,124.6465,124.6465,124.6465,124.6465,2026-07-29 08:49:00,5
546.0,124.8925,124.9,124.9,124.9,124.9,2026-07-29 08:50:00,8
355.0,124.867,124.85,124.85,124.85,124.85,2026-07-29 08:53:00,7
515.0,124.7634,124.76,124.77,124.77,124.76,2026-07-29 08:57:00,14
322.0,124.7405,124.74,124.74,124.74,124.74,2026-07-29 08:58:00,12
2202.0,124.5762,124.65,124.54,124.65,124.54,2026-07-29 08:59:00,52
3059.204645,124.5143,124.51,124.5,124.51,124.5,2026-07-29 09:00:00,47
336.058262,124.4789,124.48,124.48,124.48,124.48,2026-07-29 09:01:00,17
245.0,124.4114,124.4,124.4,124.4,124.4,2026-07-29 09:02:00,12
5145.025806,123.9706,124.31,123.64,124.31,123.64,2026-07-29 09:06:00,166
1970.0,123.7401,123.74,123.75,123.75,123.7,2026-07-29 09:07:00,58
256.0,123.8012,123.7789,123.7789,123.7789,123.7789,2026-07-29 09:08:00,3
1161.0,123.83,123.83,123.83,123.83,123.83,2026-07-29 09:10:00,36
2296.0,123.7553,123.72,123.74,123.83,123.7,2026-07-29 09:13:00,124
295.179435,123.8211,123.74,123.74,123.74,123.74,2026-07-29 09:14:00,25
1075.0,123.6101,123.6,123.6,123.6,123.6,2026-07-29 09:15:00,8
407.0,123.6878,123.64,123.75,123.75,123.64,2026-07-29 09:16:00,38
1522.62,123.7372,123.78,123.51,123.79,123.51,2026-07-29 09:17:00,34
2759.0,123.6505,123.68,123.68,123.68,123.6,2026-07-29 09:20:00,33
1142.0,123.6894,123.68,123.68,123.68,123.68,2026-07-29 09:21:00,10
3708.2,123.5768,123.68,123.5,123.68,123.47,2026-07-29 09:22:00,73
3740.0,123.2357,123.28,123.22,123.28,123.11,2026-07-29 09:23:00,89
111.0,123.4732,123.5,123.5,123.5,123.5,2026-07-29 09:25:00,3
155.0,123.4992,123.5,123.5,123.5,123.5,2026-07-29 09:28:00,5
939.252367,123.5658,123.51,123.5,123.55,123.5,2026-07-29 09:33:00,19
2603.0,123.5569,123.63,123.55,123.63,123.5,2026-07-29 09:34:00,59
1115.0,123.5436,123.55,123.55,123.55,123.55,2026-07-29 09:35:00,20
535.425489,123.6018,123.5,123.5,123.5,123.5,2026-07-29 09:36:00,24
557.0,123.42,123.43,123.42,123.43,123.42,2026-07-29 09:37:00,17
2685.0,123.1163,123.4,123.01,123.4,123.0,2026-07-29 09:38:00,94
1523.040316,123.1049,123.05,123.2361,123.2361,123.05,2026-07-29 09:39:00,34
3934.0,123.0519,123.09,123.0,123.09,123.0,2026-07-29 09:40:00,60
2414.1819,122.9626,123.01,122.9,123.01,122.9,2026-07-29 09:41:00,78
2030.0,122.9865,122.99,122.88,123.03,122.88,2026-07-29 09:42:00,32
1344.0,123.1032,123.05,123.11,123.14,123.05,2026-07-29 09:46:00,43
612.0,123.109,123.13,123.03,123.13,123.03,2026-07-29 09:50:00,23
1858.346381,123.0443,123.01,123.05,123.05,123.0,2026-07-29 09:51:00,46
676.090586,123.2112,123.23,123.19,123.23,123.19,2026-07-29 10:00:00,26
1211.0,123.1437,123.15,123.12,123.25,123.12,2026-07-29 10:01:00,29
2455.706792,123.3119,123.3,123.41,123.41,123.25,2026-07-29 10:02:00,166
2349.729632,123.5665,123.45,123.51,123.5793,123.45,2026-07-29 10:03:00,30
1421.0,123.3405,123.37,123.32,123.37,123.32,2026-07-29 10:07:00,21
220.0,123.4959,123.5,123.5,123.5,123.5,2026-07-29 10:09:00,3
520.0,123.3817,123.37,123.36,123.37,123.36,2026-07-29 10:10:00,16
1051.625931,123.5304,123.43,123.41,123.43,123.41,2026-07-29 10:13:00,40
978.049971,123.4194,123.41,123.4,123.41,123.4,2026-07-29 10:14:00,26
3351.621393,123.5149,123.49,123.43,123.49,123.43,2026-07-29 10:16:00,104
1739.769594,123.449,123.39,123.4,123.4,123.39,2026-07-29 10:19:00,22
1271.203043,123.4176,123.49,123.49,123.49,123.32,2026-07-29 10:25:00,66
520.0,123.4562,123.458,123.458,123.458,123.458,2026-07-29 10:26:00,5
499.89461,123.8124,123.62,123.64,123.64,123.62,2026-07-29 10:30:00,18
1398.0,123.5151,123.44,123.45,123.45,123.44,2026-07-29 10:33:00,23
118.0,123.5984,123.6,123.6,123.6,123.6,2026-07-29 10:38:00,4
153.367599,123.8707,123.5633,123.5633,123.5633,123.5633,2026-07-29 10:44:00,5
102.04857,123.6594,123.5985,123.5985,123.5985,123.5985,2026-07-29 10:50:00,4
401.0,123.8049,123.81,123.81,123.81,123.81,2026-07-29 10:51:00,11
279.588803,124.0794,123.83,123.83,123.83,123.83,2026-07-29 10:59:00,13
2977.0,124.0312,123.84,124.04,124.25,123.84,2026-07-29 11:00:00,67
1837.341571,124.1632,124.05,124.13,124.3,124.05,2026-07-29 11:01:00,30
760.0,124.0357,124.2,124.2,124.2,124.2,2026-07-29 11:02:00,33
2328.285895,123.8287,123.89,123.6,123.95,123.6,2026-07-29 11:03:00,34
1600.08071,123.9498,124.0,124.0,124.0,123.6604,2026-07-29 11:04:00,43
1846.04604,123.954,124.0,123.97,124.0,123.76,2026-07-29 11:05:00,27
1056.183218,123.8778,123.91,123.87,123.91,123.8,2026-07-29 11:06:00,28
253.080694,123.9103,123.8407,123.8407,123.8407,123.8407,2026-07-29 11:07:00,9
1344.211677,123.9355,123.8924,123.82,123.93,123.82,2026-07-29 11:08:00,40
1634.877434,123.9127,123.9375,123.85,123.9375,123.731,2026-07-29 11:09:00,29
2457.0,123.7353,123.87,123.7,123.88,123.7,2026-07-29 11:10:00,66
4006.415514,123.5671,123.71,123.4,123.71,123.4,2026-07-29 11:11:00,105
1298.187163,123.6711,123.68,123.69,123.69,123.68,2026-07-29 11:12:00,40
380.0,123.5208,123.5,123.5,123.5,123.5,2026-07-29 11:13:00,10
439.273522,123.8182,123.7964,123.6,123.7964,123.6,2026-07-29 11:14:00,14
520.038229,123.6833,123.76,123.63,123.76,123.63,2026-07-29 11:15:00,16
659.296105,123.6236,123.5642,123.5642,123.5642,123.5642,2026-07-29 11:16:00,16
1336.0,123.6569,123.65,123.65,123.65,123.65,2026-07-29 11:17:00,21
388.922922,124.1371,123.8269,123.8269,123.8269,123.8269,2026-07-29 11:18:00,19
431.15017,123.7599,123.72,123.7,123.72,123.7,2026-07-29 11:19:00,18
2074.008085,123.5678,123.5751,123.6,123.63,123.53,2026-07-29 11:20:00,26
658.137505,123.6615,123.66,123.5,123.66,123.5,2026-07-29 11:21:00,13
237.212451,123.7375,123.61,123.61,123.61,123.61,2026-07-29 11:22:00,9
891.448122,123.7281,123.6675,123.6675,123.6675,123.6675,2026-07-29 11:23:00,13
1182.191105,123.6326,123.67,123.6001,123.67,123.6001,2026-07-29 11:25:00,17
1029.0,123.5613,123.55,123.52,123.55,123.52,2026-07-29 11:26:00,43
273.901554,124.0334,123.61,123.61,123.61,123.61,2026-07-29 11:27:00,13
421.603754,123.856,123.65,123.7,123.7,123.65,2026-07-29 11:28:00,12
435.0,123.8152,123.79,123.84,123.84,123.79,2026-07-29 11:29:00,13
120.89727,124.8003,123.8917,123.8917,123.8917,123.8917,2026-07-29 11:30:00,10
2834.934302,123.9515,123.97,123.89,123.97,123.89,2026-07-29 11:31:00,27
542.0,123.8112,123.9297,123.9297,123.9297,123.9297,2026-07-29 11:32:00,22
4608.12921,123.7241,123.8,123.93,123.93,123.7,2026-07-29 11:33:00,27
589.6,123.9857,123.87,123.87,123.87,123.87,2026-07-29 11:35:00,14
3699.132692,123.9907,123.87,124.05,124.05,123.87,2026-07-29 11:36:00,83
541.161027,124.0635,124.0,124.05,124.05,124.0,2026-07-29 11:37:00,14
827.918245,124.2203,124.1,124.1,124.1,124.1,2026-07-29 11:39:00,33
707.441273,124.1932,124.1,124.11,124.11,124.1,2026-07-29 11:40:00,24
1190.791609,124.2121,124.16,124.1,124.16,124.1,2026-07-29 11:41:00,25
599.973701,124.2902,124.12,124.03,124.15,124.03,2026-07-29 11:42:00,30
207.495981,124.3918,124.1356,124.1356,124.1356,124.1356,2026-07-29 11:43:00,18
425.054311,124.0509,124.0006,124.0006,124.0006,124.0006,2026-07-29 11:44:00,30
713.0,124.0449,124.1211,124.1494,124.1494,124.1211,2026-07-29 11:45:00,27
701.0,124.0387,124.1497,124.0,124.1497,124.0,2026-07-29 11:46:00,20
2498.08058,124.0186,124.03,124.0,124.03,124.0,2026-07-29 11:47:00,64
370.03,124.0129,123.97,123.97,123.97,123.97,2026-07-29 11:49:00,10
241.0,124.081,124.0951,124.0951,124.0951,124.0951,2026-07-29 11:50:00,12
506.012309,124.0327,124.05,124.02,124.05,124.02,2026-07-29 11:52:00,22
1358.0,124.0949,124.1,124.1,124.1,124.09,2026-07-29 11:54:00,40
1270.910357,124.2333,124.14,124.15,124.15,124.14,2026-07-29 11:57:00,34
2236.482738,124.1512,124.1975,124.01,124.1975,124.01,2026-07-29 11:58:00,26
947.875709,124.2019,124.1396,124.15,124.15,124.01,2026-07-29 11:59:00,20
304.613681,124.2627,124.01,124.01,124.01,124.01,2026-07-29 12:00:00,19
846.5,124.0619,123.97,123.99,123.99,123.97,2026-07-29 12:01:00,45
2235.163645,123.9397,123.91,124.0,124.0,123.9,2026-07-29 12:02:00,29
617.57311,124.0215,123.89,123.9,123.9,123.89,2026-07-29 12:04:00,23
2003.242152,123.9072,123.8501,123.86,123.99,123.8501,2026-07-29 12:05:00,29
1431.113158,123.8467,123.8701,123.81,123.8701,123.8,2026-07-29 12:06:00,40
548.028374,123.7925,123.81,123.8,123.81,123.8,2026-07-29 12:07:00,20
804.0277,123.8338,123.84,123.85,123.85,123.84,2026-07-29 12:08:00,14
470.730468,124.0993,123.9,123.9,123.9,123.9,2026-07-29 12:09:00,15
762.321875,123.932,123.85,123.885,123.885,123.85,2026-07-29 12:10:00,17
415.983229,124.1887,123.92,123.88,123.92,123.88,2026-07-29 12:12:00,23
1254.035453,124.0004,123.95,123.98,124.09,123.95,2026-07-29 12:13:00,51
1252.425571,123.872,123.76,123.7887,123.86,123.76,2026-07-29 12:15:00,19
2987.211599,123.6237,123.75,123.58,123.96,123.58,2026-07-29 12:16:00,88
2029.081175,123.4485,123.305,123.5,123.5,123.305,2026-07-29 12:17:00,58
992.5,123.6136,123.51,123.66,123.66,123.5,2026-07-29 12:18:00,30
1054.989747,123.6323,123.4781,123.51,123.51,123.4781,2026-07-29 12:19:00,31
539.322175,123.5931,123.51,123.515,123.515,123.51,2026-07-29 12:20:00,19
304.0,123.5962,123.6,123.6,123.6,123.6,2026-07-29 12:21:00,10
579.806225,123.6499,123.52,123.52,123.52,123.52,2026-07-29 12:22:00,49
355.0,123.5493,123.57,123.57,123.57,123.57,2026-07-29 12:23:00,19
431.878687,123.8116,123.55,123.55,123.55,123.55,2026-07-29 12:24:00,26
1126.653299,123.6507,123.54,123.56,123.56,123.54,2026-07-29 12:25:00,35
984.664246,123.6914,123.69,123.6,123.69,123.57,2026-07-29 12:26:00,32
220.45,123.9714,123.6,123.86,123.86,123.6,2026-07-29 12:27:00,8
1507.104677,123.6263,123.7,123.6,123.7,123.6,2026-07-29 12:29:00,15
2212.05,123.607,123.61,123.5,123.668,123.5,2026-07-29 12:31:00,57
740.0,123.7191,123.67,123.67,123.67,123.67,2026-07-29 12:32:00,21
639.006818,123.8641,123.9,123.9,123.9,123.9,2026-07-29 12:33:00,23
2305.080691,123.987,124.0,124.0,124.0,123.96,2026-07-29 12:36:00,52
1013.123324,123.9112,123.8859,123.8792,123.8859,123.8792,2026-07-29 12:37:00,24
284.72245,124.3315,124.04,124.04,124.04,124.04,2026-07-29 12:38:00,9
959.0,124.0117,124.0426,124.0,124.0426,124.0,2026-07-29 12:39:00,11
1238.014044,124.0665,124.07,124.09,124.09,124.05,2026-07-29 12:44:00,48
577.189374,124.0513,124.01,124.01,124.01,124.01,2026-07-29 12:45:00,29
577.6,124.1424,123.9762,124.0,124.0,123.9762,2026-07-29 12:46:00,18
536.0,124.0473,124.0047,124.09,124.09,124.0047,2026-07-29 12:47:00,16
310.05,124.0288,123.95,123.95,123.95,123.95,2026-07-29 12:48:00,12
546.1482,123.8881,124.0,123.8,124.0,123.8,2026-07-29 12:49:00,12
612.539386,124.1169,124.0,124.0,124.0,124.0,2026-07-29 12:50:00,15
617.24436,123.9442,123.8731,123.8731,123.8731,123.8731,2026-07-29 12:51:00,19
279.403225,124.127,123.9,123.9,123.9,123.9,2026-07-29 12:53:00,6
255.881356,124.4278,124.0,124.0,124.0,124.0,2026-07-29 12:54:00,8
199.782235,124.4514,123.9992,123.9992,123.9992,123.9992,2026-07-29 12:55:00,10
277.5913,124.2585,123.96,123.96,123.96,123.96,2026-07-29 12:56:00,21
823.04,124.0321,124.08,124.03,124.08,124.03,2026-07-29 12:57:00,27
2035.0,124.0359,124.08,124.0,124.08,124.0,2026-07-29 12:58:00,48
591.403025,124.1047,124.02,124.02,124.02,124.02,2026-07-29 12:59:00,7
2813.149992,124.0943,124.08,124.1538,124.1538,124.05,2026-07-29 13:00:00,42
264.522026,124.3185,124.1136,124.1136,124.1136,124.1136,2026-07-29 13:02:00,13
1610.8,124.0462,123.99,123.97,123.99,123.97,2026-07-29 13:03:00,40
1949.439096,123.9203,123.91,123.8958,123.91,123.88,2026-07-29 13:04:00,53
352.0,123.9634,123.96,123.96,123.96,123.96,2026-07-29 13:05:00,11
751.330032,124.0295,123.97,123.97,123.97,123.97,2026-07-29 13:06:00,20
741.410837,124.0425,123.97,123.98,123.98,123.97,2026-07-29 13:07:00,25
1362.754425,124.0492,123.95,124.0,124.0,123.95,2026-07-29 13:08:00,30
612.080209,124.0297,123.99,124.07,124.07,123.99,2026-07-29 13:10:00,13
2201.009671,123.9874,123.98,124.0,124.03,123.965,2026-07-29 13:11:00,55
958.080678,123.9785,123.83,124.03,124.04,123.83,2026-07-29 13:12:00,38
372.076573,124.0282,124.0,124.0,124.0,124.0,2026-07-29 13:14:00,18
753.213162,124.0421,123.998,123.998,123.998,123.998,2026-07-29 13:15:00,32
998.034629,124.001,123.92,124.038,124.038,123.92,2026-07-29 13:17:00,26
262.271079,124.0515,123.92,123.92,123.92,123.92,2026-07-29 13:18:00,25
457.0,123.897,123.8687,123.94,123.94,123.8687,2026-07-29 13:19:00,16
1118.480162,123.9437,123.9,123.88,123.9,123.88,2026-07-29 13:20:00,45
1153.405387,123.9446,123.92,123.92,123.92,123.92,2026-07-29 13:21:00,49
212.887533,124.4139,123.9,123.9,123.9,123.9,2026-07-29 13:22:00,17
350.06891,123.9195,123.9695,123.9695,123.9695,123.9695,2026-07-29 13:23:00,19
1169.03149,123.8214,123.81,123.8,123.81,123.8,2026-07-29 13:24:00,90
2203.642469,123.6291,123.76,123.55,123.76,123.5,2026-07-29 13:25:00,105
1075.774073,123.5562,123.48,123.55,123.55,123.24,2026-07-29 13:26:00,33
2913.626151,123.6721,123.32,123.72,123.72,123.32,2026-07-29 13:27:00,59
690.428953,123.8909,123.91,123.89,123.91,123.89,2026-07-29 13:28:00,35
1230.222272,123.8225,123.75,123.75,123.75,123.75,2026-07-29 13:29:00,39
481609.086305,124.1664,124.0,124.9925,125.0,123.7,2026-07-29 13:30:00,4920
109182.367072,124.4613,124.895,124.03,124.99,123.9,2026-07-29 13:31:00,2253
110511.737165,124.0235,123.94,123.975,124.3,123.72,2026-07-29 13:32:00,1658
100200.384848,124.4239,123.95,124.82,124.8684,123.75,2026-07-29 13:33:00,1213
133928.187174,124.9564,124.7994,125.18,125.23,124.675,2026-07-29 13:34:00,1607
143904.062905,125.2964,125.19,125.405,125.49,125.06,2026-07-29 13:35:00,1709
119722.86054,125.0799,125.415,124.5699,125.4782,124.535,2026-07-29 13:36:00,1343
155768.826998,124.1992,124.57,123.895,124.7,123.83,2026-07-29 13:37:00,1238
96703.581459,124.3134,123.895,124.1026,124.6099,123.861,2026-07-29 13:38:00,1045
125244.560244,124.7272,124.09,125.095,125.17,124.085,2026-07-29 13:39:00,1088
83802.397875,124.7584,125.095,124.87,125.17,124.36,2026-07-29 13:40:00,1115
81337.341736,124.5504,124.83,124.4896,124.83,124.35,2026-07-29 13:41:00,971
55026.462718,124.3975,124.4056,124.2567,124.54,124.2001,2026-07-29 13:42:00,761
45868.770061,124.2426,124.21,124.2222,124.38,124.1,2026-07-29 13:43:00,654
57043.505058,124.3601,124.281,124.26,124.492,124.24,2026-07-29 13:44:00,849
80966.894489,124.6636,124.295,124.66,124.87,124.26,2026-07-29 13:45:00,1290
87737.668664,124.1486,124.665,123.6521,124.665,123.64,2026-07-29 13:46:00,1296
111890.004533,123.6936,123.62,123.94,123.99,123.4701,2026-07-29 13:47:00,1633
80171.749921,124.193,124.0,124.42,124.45,123.95,2026-07-29 13:48:00,950
66612.339107,124.2417,124.375,124.29,124.45,124.005,2026-07-29 13:49:00,955
74308.643234,124.2874,124.29,124.33,124.4,124.1416,2026-07-29 13:50:00,910
85567.920383,124.0144,124.33,123.795,124.35,123.795,2026-07-29 13:51:00,1308
84221.47598,123.4203,123.8384,123.1901,123.8384,123.1824,2026-07-29 13:52:00,1273
60205.616452,123.4365,123.25,123.64,123.66,123.19,2026-07-29 13:53:00,1033
47465.750248,123.4932,123.6799,123.54,123.6799,123.3,2026-07-29 13:54:00,755
75340.38846,123.1176,123.52,122.955,123.52,122.89,2026-07-29 13:55:00,1456
67275.646021,122.9268,122.9001,122.74,123.1,122.7199,2026-07-29 13:56:00,1245
61309.398607,122.7906,122.72,122.79,122.94,122.7,2026-07-29 13:57:00,1007
58431.333934,123.0995,122.8,123.23,123.2799,122.8,2026-07-29 13:58:00,784
63385.022482,122.9848,123.21,122.77,123.24,122.76,2026-07-29 13:59:00,863
52418.822734,123.0239,122.79,123.24,123.2899,122.78,2026-07-29 14:00:00,985
80659.514066,123.2598,123.25,123.1685,123.4247,123.1101,2026-07-29 14:01:00,1025
73299.834008,123.1152,123.22,123.06,123.31,122.88,2026-07-29 14:02:00,1295
48942.956898,123.0946,123.03,123.22,123.27,122.9501,2026-07-29 14:03:00,795
66549.889467,123.4262,123.1701,123.535,123.61,123.1701,2026-07-29 14:04:00,837
123041.694397,123.86,123.525,123.93,124.18,123.475,2026-07-29 14:05:00,1302
121516.99541,124.0315,123.89,123.74,124.35,123.74,2026-07-29 14:06:00,1809
41643.151268,123.5814,123.72,123.545,123.74,123.4201,2026-07-29 14:07:00,637
50013.42164,123.432,123.545,123.5,123.63,123.3,2026-07-29 14:08:00,825
81363.043142,123.4969,123.54,123.6,123.69,123.3407,2026-07-29 14:09:00,1367
53164.050084,123.2349,123.57,123.2,123.57,123.07,2026-07-29 14:10:00,930
32712.662355,123.2944,123.21,123.3101,123.39,123.15,2026-07-29 14:11:00,625
44776.796424,123.242,123.31,123.12,123.41,123.0341,2026-07-29 14:12:00,726
67205.151226,122.914,123.105,122.89,123.105,122.77,2026-07-29 14:13:00,1308
39014.997332,122.9018,122.91,123.02,123.08,122.81,2026-07-29 14:14:00,814
77570.329886,123.2282,123.035,123.19,123.43,122.97,2026-07-29 14:15:00,1124
51930.925188,123.1788,123.2,123.345,123.3451,123.01,2026-07-29 14:16:00,739
71055.972331,123.3253,123.365,123.205,123.5,123.13,2026-07-29 14:17:00,1013
58864.298149,123.521,123.25,123.665,123.81,123.2138,2026-07-29 14:18:00,1147
63462.362021,123.7125,123.65,123.485,123.9,123.485,2026-07-29 14:19:00,1157
48905.280617,123.7063,123.53,123.795,123.94,123.4001,2026-07-29 14:20:00,874
44144.291271,123.8298,123.84,123.905,123.97,123.72,2026-07-29 14:21:00,914
54452.47098,123.9563,123.9699,124.0,124.13,123.83,2026-07-29 14:22:00,933
77348.624222,123.93,123.96,123.89,124.09,123.8,2026-07-29 14:23:00,1087
53087.592144,123.5584,123.8403,123.55,123.8545,123.4,2026-07-29 14:24:00,1051
46392.121518,123.6894,123.535,123.69,123.86,123.42,2026-07-29 14:25:00,954
49494.402047,123.5351,123.65,123.6,123.6931,123.3527,2026-07-29 14:26:00,1010
53356.463183,123.5095,123.58,123.5666,123.65,123.37,2026-07-29 14:27:00,987
45578.939623,123.5747,123.53,123.6175,123.655,123.46,2026-07-29 14:28:00,980
38227.308412,123.6756,123.65,123.5931,123.78,123.54,2026-07-29 14:29:00,918
36505.008828,123.751,123.635,123.735,123.89,123.5608,2026-07-29 14:30:00,750
40688.096862,123.841,123.735,123.95,124.0,123.66,2026-07-29 14:31:00,880
75301.642477,124.0029,123.99,124.0301,124.16,123.76,2026-07-29 14:32:00,1214
67309.877904,124.1811,124.065,124.245,124.3201,124.025,2026-07-29 14:33:00,1045
74530.46628,124.34,124.215,124.4001,124.52,124.101,2026-07-29 14:34:00,1094
61150.081907,124.3357,124.425,124.485,124.525,124.19,2026-07-29 14:35:00,812
52375.493681,124.2471,124.53,124.215,124.53,124.0101,2026-07-29 14:36:00,866
64583.598663,124.2074,124.2051,124.2478,124.31,124.15,2026-07-29 14:37:00,911
62672.679088,124.0822,124.23,124.0739,124.23,124.0,2026-07-29 14:38:00,1172
52082.134286,123.9869,124.05,124.0,124.1,123.8413,2026-07-29 14:39:00,904
49570.315519,123.8701,123.995,123.94,124.02,123.75,2026-07-29 14:40:00,1072
64376.859373,124.1525,123.98,124.05,124.295,123.965,2026-07-29 14:41:00,1232
55996.408657,124.0714,124.055,124.09,124.32,123.96,2026-07-29 14:42:00,902
51551.364412,124.0445,124.01,124.0,124.16,123.895,2026-07-29 14:43:00,963
61908.455251,123.9963,123.96,124.045,124.1,123.8601,2026-07-29 14:44:00,1390
59463.614768,124.0411,124.035,124.15,124.16,123.86,2026-07-29 14:45:00,1010
52901.983739,123.8353,124.15,123.93,124.17,123.695,2026-07-29 14:46:00,1008
43436.800058,123.935,123.93,123.8189,124.15,123.74,2026-07-29 14:47:00,846
46138.070073,123.7541,123.764,123.83,123.83,123.67,2026-07-29 14:48:00,762
28203.608251,123.8802,123.84,124.0,124.0,123.7501,2026-07-29 14:49:00,752
41719.901586,123.9879,123.99,124.05,124.13,123.84,2026-07-29 14:50:00,857
38597.337162,124.06,124.115,124.03,124.14,123.93,2026-07-29 14:51:00,786
43370.267014,124.1829,124.09,124.165,124.3097,124.09,2026-07-29 14:52:00,907
45385.979234,124.1681,124.18,124.22,124.26,124.11,2026-07-29 14:53:00,973
41369.014929,124.288,124.204,124.43,124.48,124.1801,2026-07-29 14:54:00,836
40585.058342,124.4053,124.43,124.31,124.49,124.31,2026-07-29 14:55:00,843
33758.131943,124.3906,124.29,124.44,124.5,124.26,2026-07-29 14:56:00,759
47343.840295,124.5035,124.45,124.51,124.61,124.39,2026-07-29 14:57:00,996
60591.478889,124.4168,124.51,124.305,124.5841,124.22,2026-07-29 14:58:00,981
79520.46987,124.6244,124.37,124.77,124.8,124.36,2026-07-29 14:59:00,1043
72648.624463,124.6246,124.71,124.48,124.85,124.285,2026-07-29 15:00:00,1019
44449.007949,124.4687,124.48,124.48,124.52,124.3,2026-07-29 15:01:00,783
50889.213641,124.4183,124.48,124.36,124.52,124.3,2026-07-29 15:02:00,812
34344.681047,124.4721,124.3887,124.58,124.58,124.355,2026-07-29 15:03:00,720
18496.732948,124.5168,124.565,124.539,124.6,124.44,2026-07-29 15:04:00,590
36326.663168,124.5208,124.54,124.53,124.62,124.4301,2026-07-29 15:05:00,734
23550.914907,124.5266,124.525,124.5,124.5799,124.47,2026-07-29 15:06:00,549
69149.602531,124.7429,124.49,124.85,124.9,124.46,2026-07-29 15:07:00,880
98659.301594,124.9671,124.85,125.09,125.15,124.8,2026-07-29 15:08:00,1542
74239.417592,124.943,125.05,124.98,125.12,124.795,2026-07-29 15:09:00,1203
52544.687767,124.8612,124.975,124.67,125.04,124.67,2026-07-29 15:10:00,832
60666.251755,124.5466,124.68,124.45,124.75,124.4,2026-07-29 15:11:00,874
65834.99422,124.5693,124.46,124.645,124.75,124.45,2026-07-29 15:12:00,843
26162.229425,124.6067,124.67,124.53,124.7,124.5101,2026-07-29 15:13:00,608
46435.693633,124.3735,124.58,124.245,124.58,124.24,2026-07-29 15:14:00,740
51617.482818,124.2255,124.26,124.445,124.45,124.1024,2026-07-29 15:15:00,822
64339.137425,124.6422,124.445,124.79,124.8,124.3801,2026-07-29 15:16:00,837
40456.291587,124.7076,124.75,124.83,124.83,124.59,2026-07-29 15:17:00,732
31741.712228,124.822,124.785,124.88,124.92,124.74,2026-07-29 15:18:00,623
26122.977771,124.7411,124.8891,124.535,124.91,124.535,2026-07-29 15:19:00,595
39655.947642,124.6037,124.5554,124.665,124.73,124.5,2026-07-29 15:20:00,872
19697.0819,124.6059,124.61,124.635,124.68,124.53,2026-07-29 15:21:00,560
29415.713312,124.5639,124.5923,124.65,124.7,124.44,2026-07-29 15:22:00,672
20353.563008,124.7584,124.67,124.84,124.84,124.65,2026-07-29 15:23:00,547
22613.875078,124.7658,124.84,124.8,124.86,124.72,2026-07-29 15:24:00,668
27946.094586,124.6945,124.77,124.8,124.8,124.5801,2026-07-29 15:25:00,638
49449.107727,124.599,124.7301,124.57,124.86,124.485,2026-07-29 15:26:00,814
16234.680943,124.6127,124.57,124.57,124.69,124.52,2026-07-29 15:27:00,527
21266.588424,124.5974,124.62,124.6,124.67,124.54,2026-07-29 15:28:00,611
40629.950154,124.5215,124.58,124.45,124.61,124.41,2026-07-29 15:29:00,784
65553.452835,124.4553,124.45,124.515,124.535,124.32,2026-07-29 15:30:00,1023
43498.575422,124.5238,124.54,124.515,124.56,124.45,2026-07-29 15:31:00,803
35807.475623,124.5996,124.54,124.63,124.69,124.481,2026-07-29 15:32:00,702
24160.358168,124.5816,124.62,124.64,124.662,124.49,2026-07-29 15:33:00,582
19605.775938,124.5681,124.59,124.61,124.66,124.4704,2026-07-29 15:34:00,553
39730.310573,124.7721,124.62,124.86,124.9128,124.6,2026-07-29 15:35:00,824
49646.11761,124.8963,124.8001,124.97,124.99,124.8,2026-07-29 15:36:00,895
68398.915626,125.0227,124.97,125.025,125.1,124.9501,2026-07-29 15:37:00,934
30218.426556,124.9488,125.01,124.88,125.05,124.8301,2026-07-29 15:38:00,643
43210.52862,124.7959,124.88,124.7,124.8939,124.6605,2026-07-29 15:39:00,838
37710.68389,124.6793,124.6708,124.6,124.8,124.57,2026-07-29 15:40:00,867
23990.121579,124.7034,124.6287,124.775,124.8,124.59,2026-07-29 15:41:00,660
27994.12478,124.7043,124.775,124.725,124.775,124.63,2026-07-29 15:42:00,636
33384.743072,124.6358,124.72,124.5538,124.7682,124.53,2026-07-29 15:43:00,694
34729.302629,124.6696,124.535,124.7,124.7484,124.535,2026-07-29 15:44:00,667
36114.941657,124.671,124.7,124.66,124.765,124.54,2026-07-29 15:45:00,815
35947.22692,124.744,124.6569,124.795,124.845,124.6526,2026-07-29 15:46:00,637
36477.021627,124.7894,124.79,124.79,124.8695,124.73,2026-07-29 15:47:00,635
31600.4825,124.7924,124.79,124.744,124.89,124.7201,2026-07-29 15:48:00,658
23747.16792,124.7183,124.73,124.72,124.78,124.65,2026-07-29 15:49:00,643
28439.417068,124.7402,124.71,124.76,124.79,124.67,2026-07-29 15:50:00,699
19943.316925,124.7409,124.73,124.755,124.7977,124.69,2026-07-29 15:51:00,581
26070.709484,124.8105,124.78,124.92,124.92,124.74,2026-07-29 15:52:00,670
26771.74378,124.8246,124.88,124.795,124.9299,124.735,2026-07-29 15:53:00,591
35184.616327,124.6713,124.77,124.62,124.7809,124.62,2026-07-29 15:54:00,666
64167.830556,124.5482,124.6,124.535,124.62,124.4852,2026-07-29 15:55:00,1011
37451.678047,124.6956,124.57,124.83,124.83,124.5537,2026-07-29 15:56:00,904
33837.411534,124.8026,124.83,124.86,124.88,124.735,2026-07-29 15:57:00,620
36453.03521,124.8436,124.87,124.93,124.93,124.737,2026-07-29 15:58:00,618
84170.336263,125.0908,124.93,125.23,125.3,124.895,2026-07-29 15:59:00,1172
68967.34257,125.2873,125.23,125.1199,125.44,125.0901,2026-07-29 16:00:00,1139
54688.670009,124.9698,125.09,124.9899,125.13,124.815,2026-07-29 16:01:00,876
28510.684773,124.891,124.91,124.915,125.0,124.81,2026-07-29 16:02:00,742
50890.83414,124.9392,124.915,124.94,125.0,124.83,2026-07-29 16:03:00,893
34065.626341,124.8509,124.9,124.815,124.92,124.78,2026-07-29 16:04:00,760
75549.08132,124.6153,124.8167,124.82,124.83,124.49,2026-07-29 16:05:00,1300
37555.533395,124.7895,124.81,124.78,124.87,124.71,2026-07-29 16:06:00,738
48211.545941,124.6573,124.76,124.63,124.82,124.54,2026-07-29 16:07:00,974
31942.543209,124.6095,124.64,124.58,124.68,124.515,2026-07-29 16:08:00,705
81954.75745,124.4009,124.55,124.34,124.55,124.21,2026-07-29 16:09:00,1068
44255.073726,124.2716,124.38,124.32,124.38,124.18,2026-07-29 16:10:00,832
34630.230585,124.1974,124.35,124.11,124.4,124.0701,2026-07-29 16:11:00,625
34511.228222,124.097,124.0807,124.055,124.1594,124.011,2026-07-29 16:12:00,738
74876.379756,124.222,124.05,124.28,124.34,124.01,2026-07-29 16:13:00,895
41510.898348,124.2334,124.28,124.1953,124.31,124.17,2026-07-29 16:14:00,700
57173.960567,124.2365,124.17,124.3801,124.4694,124.0101,2026-07-29 16:15:00,1007
37769.904404,124.2982,124.41,124.31,124.4111,124.24,2026-07-29 16:16:00,712
33512.130497,124.3616,124.315,124.37,124.4,124.3,2026-07-29 16:17:00,587
38788.499935,124.2847,124.37,124.36,124.37,124.21,2026-07-29 16:18:00,546
45305.796348,124.3862,124.335,124.43,124.48,124.3,2026-07-29 16:19:00,575
36814.232285,124.3967,124.45,124.45,124.47,124.28,2026-07-29 16:20:00,623
51344.184182,124.5933,124.45,124.62,124.69,124.4416,2026-07-29 16:21:00,710
41435.712807,124.7813,124.6397,124.8299,124.88,124.63,2026-07-29 16:22:00,606
54922.544165,124.8975,124.83,124.88,125.0,124.75,2026-07-29 16:23:00,889
40028.301249,124.8762,124.85,124.905,124.94,124.81,2026-07-29 16:24:00,490
50038.949083,125.0054,124.93,124.9632,125.07,124.91,2026-07-29 16:25:00,731
56602.532052,124.9204,124.93,124.99,124.99,124.86,2026-07-29 16:26:00,634
40518.67652,125.0339,124.96,125.055,125.08,124.92,2026-07-29 16:27:00,519
33982.752354,125.0145,125.06,124.93,125.11,124.92,2026-07-29 16:28:00,580
29330.235866,124.8582,124.96,124.82,124.96,124.79,2026-07-29 16:29:00,460
50241.895291,125.0158,124.82,124.9077,125.0599,124.7501,2026-07-29 16:30:00,683
19691.868312,124.907,124.88,124.92,124.96,124.86,2026-07-29 16:31:00,438
32297.488639,124.7487,124.8901,124.715,124.91,124.66,2026-07-29 16:32:00,474
25664.375975,124.7254,124.69,124.76,124.7867,124.6301,2026-07-29 16:33:00,363
32513.036899,124.6472,124.78,124.51,124.83,124.51,2026-07-29 16:34:00,464
27442.673879,124.5203,124.5,124.535,124.56,124.475,2026-07-29 16:35:00,448
36909.151033,124.4675,124.53,124.455,124.58,124.3501,2026-07-29 16:36:00,546
30295.563949,124.499,124.44,124.57,124.6199,124.37,2026-07-29 16:37:00,546
30717.014182,124.4803,124.57,124.43,124.58,124.42,2026-07-29 16:38:00,573
27585.465589,124.5088,124.46,124.4999,124.58,124.4,2026-07-29 16:39:00,445
27482.702567,124.4941,124.4896,124.525,124.54,124.45,2026-07-29 16:40:00,436
32316.708752,124.5085,124.5,124.44,124.57,124.44,2026-07-29 16:41:00,390
38098.912841,124.3556,124.44,124.31,124.4478,124.27,2026-07-29 16:42:00,544
32494.851335,124.3086,124.2901,124.265,124.37,124.23,2026-07-29 16:43:00,490
45652.204649,124.1941,124.22,124.1926,124.28,124.08,2026-07-29 16:44:00,550
33992.224643,124.1128,124.185,124.08,124.196,124.04,2026-07-29 16:45:00,418
47592.065934,123.9955,124.04,124.03,124.07,123.94,2026-07-29 16:46:00,724
37896.419984,124.1442,124.04,124.225,124.25,124.04,2026-07-29 16:47:00,477
33125.841152,124.2644,124.225,124.28,124.3021,124.2003,2026-07-29 16:48:00,435
34655.089846,124.4262,124.31,124.52,124.52,124.31,2026-07-29 16:49:00,610
44232.301136,124.5395,124.55,124.525,124.71,124.44,2026-07-29 16:50:00,513
31486.904719,124.5974,124.54,124.67,124.68,124.44,2026-07-29 16:51:00,431
43541.039046,124.7453,124.655,124.795,124.9,124.62,2026-07-29 16:52:00,582
32265.496812,124.8053,124.8,124.855,124.87,124.74,2026-07-29 16:53:00,492
23433.191236,124.8431,124.84,124.85,124.8999,124.79,2026-07-29 16:54:00,353
32782.74508,124.8476,124.8001,124.83,124.9098,124.7901,2026-07-29 16:55:00,458
32568.546899,124.7596,124.81,124.735,124.8399,124.68,2026-07-29 16:56:00,461
23736.139845,124.7962,124.725,124.8001,124.84,124.7106,2026-07-29 16:57:00,393
33818.464275,124.856,124.8,124.94,124.94,124.7501,2026-07-29 16:58:00,506
49546.034727,124.936,124.9105,124.8401,125.03,124.8401,2026-07-29 16:59:00,764
26925.050808,124.9454,124.92,124.955,125.01,124.88,2026-07-29 17:00:00,408
28258.219504,124.9789,124.98,125.01,125.02,124.91,2026-07-29 17:01:00,436
31507.31115,124.9089,124.98,124.94,124.98,124.8204,2026-07-29 17:02:00,462
41797.771751,125.1373,124.96,125.28,125.3099,124.9404,2026-07-29 17:03:00,694
62545.845976,125.251,125.28,125.19,125.38,125.1101,2026-07-29 17:04:00,830
29580.432695,125.2159,125.2,125.2205,125.25,125.15,2026-07-29 17:05:00,392
58511.659835,125.1464,125.24,125.17,125.24,125.05,2026-07-29 17:06:00,710
36739.487397,125.0906,125.15,125.0001,125.18,124.98,2026-07-29 17:07:00,508
19745.910169,125.0316,125.019,125.01,125.05,124.98,2026-07-29 17:08:00,367
39459.742419,125.0108,125.0,125.01,125.05,124.9501,2026-07-29 17:09:00,594
31637.560567,125.05,125.01,125.0001,125.1288,124.96,2026-07-29 17:10:00,436
18930.054966,125.0486,125.0101,124.98,125.1199,124.98,2026-07-29 17:11:00,338
29920.687234,124.9779,124.984,125.04,125.04,124.8805,2026-07-29 17:12:00,449
29348.877138,125.0582,125.05,124.995,125.1199,124.98,2026-07-29 17:13:00,504
31393.80738,125.0637,124.99,125.15,125.15,124.95,2026-07-29 17:14:00,521
28940.652928,125.0991,125.14,125.05,125.15,125.03,2026-07-29 17:15:00,469
32166.940979,125.0913,125.06,125.15,125.19,125.0007,2026-07-29 17:16:00,470
30197.282188,125.2092,125.12,125.2736,125.301,125.08,2026-07-29 17:17:00,471
32390.011518,125.2661,125.25,125.285,125.35,125.19,2026-07-29 17:18:00,550
27936.755015,125.3113,125.26,125.38,125.38,125.24,2026-07-29 17:19:00,455
96794.717018,125.6114,125.38,125.7,125.76,125.375,2026-07-29 17:20:00,1274
48755.689965,125.7718,125.68,125.92,125.92,125.61,2026-07-29 17:21:00,717
50665.674801,125.8191,125.9438,125.66,125.9689,125.64,2026-07-29 17:22:00,550
34201.691488,125.7057,125.66,125.78,125.788,125.65,2026-07-29 17:23:00,456
30558.47298,125.6467,125.7449,125.635,125.75,125.59,2026-07-29 17:24:00,441
51618.324338,125.5822,125.635,125.62,125.67,125.4901,2026-07-29 17:25:00,611
41111.697954,125.6502,125.63,125.66,125.69,125.565,2026-07-29 17:26:00,543
45199.085881,125.489,125.645,125.42,125.66,125.3701,2026-07-29 17:27:00,471
23164.11298,125.3566,125.4,125.34,125.4035,125.315,2026-07-29 17:28:00,413
77225.722759,125.2953,125.32,125.22,125.3529,125.21,2026-07-29 17:29:00,482
41642.954385,125.2233,125.2,125.22,125.26,125.16,2026-07-29 17:30:00,646
39359.794743,125.217,125.195,125.25,125.28,125.16,2026-07-29 17:31:00,568
77746.734265,125.2928,125.26,125.365,125.44,125.24,2026-07-29 17:32:00,660
47690.018023,125.2648,125.35,125.2126,125.38,125.19,2026-07-29 17:33:00,587
49604.026002,125.133,125.2,125.12,125.23,125.05,2026-07-29 17:34:00,501
38149.670076,125.0364,125.11,124.93,125.19,124.92,2026-07-29 17:35:00,518
33252.673802,124.8333,124.91,124.78,124.91,124.7401,2026-07-29 17:36:00,448
26652.240582,124.904,124.7955,124.8001,124.9987,124.76,2026-07-29 17:37:00,416
29652.410672,124.7993,124.8,124.73,124.83,124.7109,2026-07-29 17:38:00,378
21765.836075,124.7922,124.725,124.82,124.84,124.7101,2026-07-29 17:39:00,330
25341.283603,124.8539,124.81,124.89,124.9,124.78,2026-07-29 17:40:00,496
26419.959244,124.9563,124.89,124.94,125.03,124.86,2026-07-29 17:41:00,474
32655.535553,125.0062,124.98,124.98,125.06,124.91,2026-07-29 17:42:00,534
32026.423089,125.0173,124.99,125.13,125.13,124.93,2026-07-29 17:43:00,457
17297.258639,125.0913,125.14,125.05,125.15,125.045,2026-07-29 17:44:00,263
51330.367563,124.995,125.0475,124.98,125.07,124.91,2026-07-29 17:45:00,703
29307.20195,124.9179,124.94,124.9,124.97,124.85,2026-07-29 17:46:00,359
36465.403454,124.9174,124.89,124.99,124.99,124.88,2026-07-29 17:47:00,455
55463.65333,124.9411,124.9701,125.04,125.06,124.9029,2026-07-29 17:48:00,517
32476.081784,124.9798,125.06,124.99,125.06,124.9225,2026-07-29 17:49:00,1224
30759.802796,124.9949,125.0096,125.01,125.04,124.92,2026-07-29 17:50:00,431
29243.009753,125.0443,125.0,125.13,125.13,124.985,2026-07-29 17:51:00,460
55109.846627,125.0741,125.15,125.15,125.1993,124.9816,2026-07-29 17:52:00,438
19006.918572,125.169,125.16,125.15,125.19,125.11,2026-07-29 17:53:00,379
25905.562406,125.173,125.13,125.19,125.22,125.105,2026-07-29 17:54:00,384
36160.551577,125.2066,125.21,125.18,125.2985,125.1201,2026-07-29 17:55:00,621
53268.593899,125.1127,125.13,125.175,125.19,125.06,2026-07-29 17:56:00,523
21624.813092,125.2511,125.1675,125.33,125.33,125.1675,2026-07-29 17:57:00,392
18230.285674,125.3454,125.3,125.38,125.4,125.29,2026-07-29 17:58:00,372
50658.52624,125.3776,125.4,125.36,125.5,125.18,2026-07-29 17:59:00,723
82791.77131,125.7608,125.45,125.92,125.98,125.41,2026-07-29 18:00:00,1293
100997.909255,126.0078,125.92,126.165,126.18,125.83,2026-07-29 18:01:00,1421
60219.695314,126.0383,126.14,126.04,126.17,125.9176,2026-07-29 18:02:00,797
56794.347225,126.0727,126.0275,126.11,126.148,126.0001,2026-07-29 18:03:00,584
50020.718814,125.9211,126.09,125.85,126.1299,125.8001,2026-07-29 18:04:00,628
63993.115929,125.9026,125.835,126.1251,126.15,125.79,2026-07-29 18:05:00,753
61454.480149,126.3326,126.15,126.39,126.45,126.15,2026-07-29 18:06:00,838
50796.529229,126.3751,126.4,126.3,126.4899,126.3,2026-07-29 18:07:00,580
50018.751408,126.3254,126.3,126.35,126.41,126.1999,2026-07-29 18:08:00,639
56370.335025,126.2307,126.35,126.27,126.39,126.1001,2026-07-29 18:09:00,682
34581.848543,126.2375,126.2709,126.205,126.3676,126.14,2026-07-29 18:10:00,496
52309.458744,126.2215,126.18,126.315,126.41,126.0701,2026-07-29 18:11:00,560
32248.222054,126.2779,126.31,126.18,126.3597,126.16,2026-07-29 18:12:00,415
46507.14864,126.1066,126.15,126.062,126.22,126.0293,2026-07-29 18:13:00,580
62210.526617,125.9578,126.0703,126.005,126.0703,125.84,2026-07-29 18:14:00,768
59214.046231,126.2213,126.005,126.15,126.37,126.005,2026-07-29 18:15:00,622
31926.574534,126.1925,126.16,126.12,126.3,126.09,2026-07-29 18:16:00,433
29858.36843,126.071,126.12,126.085,126.1799,125.97,2026-07-29 18:17:00,487
21784.26955,126.0506,126.0601,126.06,126.1,126.0,2026-07-29 18:18:00,365
52311.053219,125.9654,126.09,125.86,126.09,125.79,2026-07-29 18:19:00,566
41493.018047,125.7575,125.825,125.6501,125.87,125.6401,2026-07-29 18:20:00,486
39596.16933,125.6897,125.65,125.685,125.75,125.62,2026-07-29 18:21:00,528
25739.819489,125.6246,125.66,125.62,125.66,125.57,2026-07-29 18:22:00,366
37479.163477,125.5896,125.66,125.4401,125.79,125.44,2026-07-29 18:23:00,543
32710.544225,125.5116,125.48,125.428,125.59,125.35,2026-07-29 18:24:00,473
45099.376349,125.4268,125.41,125.4,125.49,125.35,2026-07-29 18:25:00,555
46020.568491,125.4306,125.405,125.4,125.5,125.39,2026-07-29 18:26:00,542
43197.371703,125.305,125.41,125.32,125.41,125.2201,2026-07-29 18:27:00,545
32783.532854,125.2721,125.33,125.24,125.3999,125.1401,2026-07-29 18:28:00,481
40252.605649,125.2954,125.27,125.415,125.4699,125.17,2026-07-29 18:29:00,491
55659.480784,125.6348,125.425,125.8665,125.8899,125.425,2026-07-29 18:30:00,624
51787.558303,125.8264,125.85,125.6915,125.9695,125.6501,2026-07-29 18:31:00,683
36320.89137,125.593,125.6647,125.62,125.75,125.465,2026-07-29 18:32:00,712
29394.323403,125.7208,125.715,125.775,125.89,125.56,2026-07-29 18:33:00,437
25845.9802,125.6863,125.78,125.685,125.78,125.59,2026-07-29 18:34:00,355
38435.560168,125.6722,125.685,125.605,125.79,125.53,2026-07-29 18:35:00,583
36496.172031,125.5953,125.605,125.78,125.78,125.48,2026-07-29 18:36:00,529
24077.789233,125.8072,125.765,125.85,125.94,125.6801,2026-07-29 18:37:00,400
49214.862216,126.0563,125.87,126.06,126.18,125.865,2026-07-29 18:38:00,672
55592.847323,126.0179,126.04,125.9199,126.04,125.825,2026-07-29 18:39:00,562
40614.971738,126.0346,125.885,126.18,126.19,125.85,2026-07-29 18:40:00,489
54496.538237,126.2747,126.19,126.12,126.38,126.12,2026-07-29 18:41:00,551
30035.467029,126.1097,126.125,126.2,126.23,125.96,2026-07-29 18:42:00,515
34160.750456,126.2787,126.2,126.42,126.45,126.15,2026-07-29 18:43:00,585
59148.593857,126.5248,126.39,126.605,126.6799,126.33,2026-07-29 18:44:00,805
41320.215826,126.6054,126.6025,126.71,126.71,126.53,2026-07-29 18:45:00,572
138782.101393,126.643,126.71,126.49,126.75,126.43,2026-07-29 18:46:00,1547
99748.844011,126.4695,126.465,126.505,126.56,126.3702,2026-07-29 18:47:00,1295
80311.687739,126.4557,126.505,126.48,126.53,126.38,2026-07-29 18:48:00,808
62530.691479,126.6813,126.48,126.745,126.7899,126.47,2026-07-29 18:49:00,730
113560.170087,126.817,126.76,126.91,126.96,126.67,2026-07-29 18:50:00,1193
64826.061595,126.7364,126.91,126.62,126.92,126.56,2026-07-29 18:51:00,765
43314.231464,126.5983,126.61,126.605,126.67,126.5,2026-07-29 18:52:00,567
44073.617776,126.7264,126.62,126.83,126.86,126.62,2026-07-29 18:53:00,706
39679.524567,126.8214,126.8301,126.9,126.9,126.74,2026-07-29 18:54:00,675
92443.741818,127.0226,126.88,127.055,127.1299,126.85,2026-07-29 18:55:00,1295
55438.14982,126.9364,127.06,126.87,127.08,126.85,2026-07-29 18:56:00,777
43919.00454,126.7644,126.845,126.775,126.845,126.69,2026-07-29 18:57:00,641
32469.002041,126.8644,126.7725,126.94,126.94,126.7725,2026-07-29 18:58:00,505
39748.918392,126.8868,126.94,126.91,126.96,126.7701,2026-07-29 18:59:00,647
77774.945714,126.9865,126.905,126.907,127.09,126.8799,2026-07-29 19:00:00,1044
50459.740558,127.0095,126.915,127.28,127.28,126.83,2026-07-29 19:01:00,784
46616.465947,127.1284,127.27,127.0001,127.27,126.98,2026-07-29 19:02:00,718
63022.804615,126.8513,127.02,126.6158,127.06,126.5801,2026-07-29 19:03:00,881
58825.021874,126.4432,126.66,126.3701,126.68,126.32,2026-07-29 19:04:00,809
45720.752134,126.2797,126.37,126.17,126.4,126.1401,2026-07-29 19:05:00,713
52205.232017,126.2031,126.18,126.215,126.3,126.06,2026-07-29 19:06:00,822
46025.135423,126.1316,126.2399,125.9801,126.2999,125.98,2026-07-29 19:07:00,715
72005.955124,126.0635,126.01,125.865,126.32,125.86,2026-07-29 19:08:00,948
36493.626079,125.9115,125.85,125.85,125.99,125.84,2026-07-29 19:09:00,526
90565.148278,125.6032,125.84,125.515,125.84,125.41,2026-07-29 19:10:00,1045
110729.523486,125.6286,125.515,125.77,125.77,125.515,2026-07-29 19:11:00,1128
44517.401289,125.7484,125.77,125.805,125.87,125.65,2026-07-29 19:12:00,607
53080.321221,125.7658,125.81,125.75,125.84,125.7,2026-07-29 19:13:00,736
41196.724111,125.7569,125.725,125.74,125.83,125.7,2026-07-29 19:14:00,503
49184.270676,125.6981,125.74,125.72,125.78,125.615,2026-07-29 19:15:00,744
40086.153141,125.652,125.73,125.6,125.795,125.5,2026-07-29 19:16:00,667
49653.58227,125.4271,125.58,125.31,125.6156,125.29,2026-07-29 19:17:00,726
65103.607685,125.1619,125.3,125.1191,125.3,125.0301,2026-07-29 19:18:00,883
70022.414586,125.1773,125.105,125.25,125.28,125.05,2026-07-29 19:19:00,814
69934.628316,125.0911,125.26,124.87,125.28,124.85,2026-07-29 19:20:00,979
71045.333418,124.7551,124.8501,124.72,124.895,124.655,2026-07-29 19:21:00,1161
76800.140502,124.5468,124.71,124.55,124.75,124.4199,2026-07-29 19:22:00,1146
71720.901346,124.5395,124.525,124.51,124.6991,124.44,2026-07-29 19:23:00,767
58297.658256,124.5189,124.535,124.4,124.6095,124.395,2026-07-29 19:24:00,597
83487.786953,124.3915,124.38,124.28,124.47,124.25,2026-07-29 19:25:00,722
84083.787295,124.1331,124.26,124.125,124.27,124.03,2026-07-29 19:26:00,1023
92702.260089,124.2047,124.125,124.1701,124.378,124.04,2026-07-29 19:27:00,875
37922.051727,124.2665,124.195,124.37,124.37,124.18,2026-07-29 19:28:00,644
58283.816739,124.3209,124.35,124.255,124.45,124.2038,2026-07-29 19:29:00,666
69317.654393,124.3175,124.255,124.35,124.41,124.1969,2026-07-29 19:30:00,950
41420.285661,124.3481,124.39,124.385,124.4199,124.2815,2026-07-29 19:31:00,688
82456.601883,124.2814,124.41,124.14,124.43,124.0901,2026-07-29 19:32:00,1140
106001.454842,123.8887,124.15,123.755,124.15,123.7,2026-07-29 19:33:00,1411
105250.179669,123.7974,123.76,123.89,123.89,123.68,2026-07-29 19:34:00,1115
72327.931487,123.8394,123.9,123.79,123.9776,123.71,2026-07-29 19:35:00,969
49697.319964,123.8222,123.8,123.97,123.97,123.72,2026-07-29 19:36:00,659
103142.762737,123.8253,123.98,123.75,123.99,123.7,2026-07-29 19:37:00,956
69472.449975,123.561,123.75,123.29,123.7999,123.2601,2026-07-29 19:38:00,1087
60624.89384,123.2214,123.32,123.15,123.32,123.1101,2026-07-29 19:39:00,799
94493.102728,123.0775,123.11,123.17,123.19,122.96,2026-07-29 19:40:00,1456
75659.707793,123.2393,123.1825,123.19,123.3498,123.1006,2026-07-29 19:41:00,1002
73527.875425,123.1767,123.19,123.14,123.2768,123.03,2026-07-29 19:42:00,966
82958.065515,123.1905,123.17,123.1899,123.31,123.06,2026-07-29 19:43:00,1186
117796.961494,122.9471,123.165,122.905,123.165,122.8,2026-07-29 19:44:00,1646
82064.804496,122.9857,122.91,122.91,123.13,122.9,2026-07-29 19:45:00,1137
97116.021219,122.9026,122.9,122.74,123.02,122.719,2026-07-29 19:46:00,1396
189353.487918,122.6232,122.76,122.63,122.8,122.45,2026-07-29 19:47:00,2011
128349.613161,122.7576,122.63,122.775,122.88,122.581,2026-07-29 19:48:00,1731
78447.94695,122.9737,122.79,123.065,123.1,122.7701,2026-07-29 19:49:00,1291
162528.670365,123.1279,123.05,123.27,123.41,122.8,2026-07-29 19:50:00,2681
110858.62939,123.1074,123.26,123.145,123.34,122.91,2026-07-29 19:51:00,1878
122691.045333,123.0261,123.155,123.0554,123.155,122.94,2026-07-29 19:52:00,2188
101264.736245,123.0687,123.04,123.025,123.165,122.98,2026-07-29 19:53:00,1669
145110.058686,123.1183,123.02,123.31,123.45,122.98,2026-07-29 19:54:00,2758
236193.882546,123.1898,123.28,123.4,123.4,122.97,2026-07-29 19:55:00,4323
179223.377109,123.2371,123.41,123.045,123.47,123.0,2026-07-29 19:56:00,2924
267107.82565,122.9973,123.05,123.02,123.065,122.88,2026-07-29 19:57:00,3694
364495.489007,123.0415,123.01,123.09,123.13,122.97,2026-07-29 19:58:00,4801
715836.234544,123.054,123.1,123.05,123.1,122.99,2026-07-29 19:59:00,8452
822436.077429,122.9991,123.0,122.84,123.0,122.5,2026-07-29 20:00:00,157
2797.914101,122.6485,122.52,122.64,122.64,122.51,2026-07-29 20:01:00,84
10060.558256,122.4456,122.6,122.35,122.6268,122.26,2026-07-29 20:02:00,197
7127.000313,122.2409,122.35,122.0113,122.35,122.0,2026-07-29 20:03:00,174
7848.093552,121.9124,122.0,121.83,122.0,121.6557,2026-07-29 20:04:00,351
5741.559055,121.999,121.88,121.95,122.08,121.88,2026-07-29 20:05:00,107
16167.616791,121.6389,121.94,121.59,121.94,121.3424,2026-07-29 20:06:00,333
4882.93944,121.6285,121.6,121.8,121.8,121.53,2026-07-29 20:07:00,179
5904.217977,122.1222,121.79,121.75,123.0,121.75,2026-07-29 20:08:00,105
5819.486336,121.7419,121.88,121.5,121.88,121.5,2026-07-29 20:09:00,337
4112.767065,121.4407,121.4425,121.4,121.7345,121.3018,2026-07-29 20:10:00,138
3197.345399,121.4496,121.3,121.56,121.638,121.3,2026-07-29 20:11:00,83
117017.730319,122.8877,121.3033,121.39,121.4102,121.11,2026-07-29 20:12:00,155
15822.117052,121.4959,121.5,121.49,121.5,121.45,2026-07-29 20:13:00,219
7801.910526,122.373,121.41,121.31,121.41,121.31,2026-07-29 20:14:00,70
1735.859528,121.342,121.3,121.2012,121.39,121.2012,2026-07-29 20:15:00,60
9496.388338,121.4196,121.49,121.49,121.5,121.34,2026-07-29 20:16:00,71
2385.354673,121.385,121.5,121.25,121.5,121.25,2026-07-29 20:17:00,158
6714.158426,121.1888,121.25,121.2,121.25,121.1,2026-07-29 20:18:00,90
2323.645209,121.1771,121.16,121.2165,121.2165,121.1001,2026-07-29 20:19:00,60
3959.777477,121.152,121.0539,121.1848,121.2,121.0539,2026-07-29 20:20:00,112
5824.303815,121.1784,121.0701,121.26,121.26,121.05,2026-07-29 20:21:00,133
1360.309593,121.3369,121.2732,121.3452,121.3452,121.2732,2026-07-29 20:22:00,51
4961.424519,121.5473,121.56,121.35,121.56,121.35,2026-07-29 20:23:00,57
963.955448,121.4713,121.35,121.31,121.35,121.31,2026-07-29 20:24:00,31
11232.150803,121.3518,121.36,121.2587,121.39,121.07,2026-07-29 20:25:00,109
7689.22218,121.0094,121.16,120.81,121.2,120.81,2026-07-29 20:26:00,275
6418.795686,120.672,120.8,120.63,120.8,120.517,2026-07-29 20:27:00,110
2907.63332,120.6478,120.5001,120.69,120.72,120.5001,2026-07-29 20:28:00,86
2101.347966,120.6687,120.562,120.6304,120.7005,120.562,2026-07-29 20:29:00,71
1348.93027,120.8221,120.6474,120.7379,120.7379,120.6474,2026-07-29 20:30:00,55
3440.340804,120.8769,120.8,120.8958,121.1442,120.8,2026-07-29 20:31:00,52
2005.677112,121.0752,121.02,120.96,121.048,120.96,2026-07-29 20:32:00,57
590.261901,121.1164,121.0335,121.0335,121.0335,121.0335,2026-07-29 20:33:00,50
3019.334158,121.1234,121.1,121.2745,121.2745,121.1,2026-07-29 20:34:00,58
1896.351076,121.2738,121.3705,121.2457,121.3705,121.2,2026-07-29 20:35:00,68
1148.481438,121.2591,121.2,121.4,121.4,121.2,2026-07-29 20:36:00,40
1699.410544,121.3635,121.3551,121.1634,121.4,121.1634,2026-07-29 20:37:00,76
740.953108,121.444,121.3,121.25,121.3,121.25,2026-07-29 20:38:00,50
5006.628503,121.3195,121.2016,121.39,121.4,121.2016,2026-07-29 20:39:00,124
2403.281592,121.3508,121.35,121.3,121.35,121.3,2026-07-29 20:40:00,85
3859.629656,121.3211,121.3,121.3,121.3,121.3,2026-07-29 20:41:00,77
602.771101,121.3692,121.2112,121.2112,121.2112,121.2112,2026-07-29 20:42:00,35
2581.0,121.2975,121.19,121.38,121.38,121.19,2026-07-29 20:43:00,49
2696.275684,121.4058,121.4,121.36,121.4,121.36,2026-07-29 20:44:00,47
4771.373465,121.4942,121.46,121.5,121.5,121.45,2026-07-29 20:45:00,108
6750.627365,121.4788,121.45,121.4961,121.5,121.45,2026-07-29 20:46:00,136
1023.337784,121.5054,121.5,121.5,121.5,121.4515,2026-07-29 20:47:00,70
7272.269877,119.5012,121.4577,121.43,121.5,121.43,2026-07-29 20:48:00,97
1480.15,121.3631,121.43,121.4,121.43,121.32,2026-07-29 20:49:00,38
648.102692,121.4688,121.4787,121.4787,121.4787,121.4787,2026-07-29 20:51:00,24
945.894303,121.5483,121.45,121.4799,121.4799,121.371,2026-07-29 20:52:00,25
2642.646768,121.4421,121.4864,121.3732,121.4864,121.3732,2026-07-29 20:53:00,49
1050.189244,121.4564,121.43,121.45,121.45,121.43,2026-07-29 20:54:00,25
994.295332,121.4546,121.46,121.38,121.46,121.38,2026-07-29 20:55:00,44
1645.041194,121.3957,121.4439,121.35,121.4439,121.35,2026-07-29 20:56:00,50
2397.423363,121.3409,121.2501,121.25,121.36,121.25,2026-07-29 20:57:00,118
4180.89607,121.2687,121.25,121.19,121.28,121.19,2026-07-29 20:58:00,65
763.668933,121.2498,121.15,121.15,121.15,121.15,2026-07-29 20:59:00,44
329.577719,121.3833,121.1653,121.1653,121.1653,121.1653,2026-07-29 21:00:00,18
4934.057282,121.0834,121.15,121.0229,121.15,121.0,2026-07-29 21:01:00,65
2037.928767,121.0682,121.0002,121.0152,121.0232,121.0002,2026-07-29 21:02:00,34
1553.676579,121.076,121.0006,121.0,121.0006,121.0,2026-07-29 21:03:00,60
295.100236,121.1335,121.15,121.15,121.15,121.15,2026-07-29 21:04:00,20
1192.817955,121.1626,121.1,121.1,121.1,121.1,2026-07-29 21:05:00,36
903.000387,121.0819,121.15,121.15,121.15,121.15,2026-07-29 21:06:00,24
715.590144,121.133,121.02,121.0153,121.02,121.0153,2026-07-29 21:07:00,29
1018.128819,120.9484,121.07,121.0153,121.07,121.0,2026-07-29 21:08:00,33
1732.234606,121.0782,121.09,121.0151,121.09,121.0,2026-07-29 21:09:00,28
8370.716604,121.0702,121.075,121.0001,121.15,121.0,2026-07-29 21:10:00,104
3613.174351,120.9593,121.0,121.0,121.0,120.95,2026-07-29 21:11:00,95
3646.332572,121.0794,121.0,120.96,121.2,120.96,2026-07-29 21:12:00,94
6198.988086,118.9754,121.0663,121.2,121.2549,121.0663,2026-07-29 21:13:00,48
3312.266492,121.1926,121.2,121.2,121.2549,121.15,2026-07-29 21:14:00,57
2549.638027,121.1442,121.19,121.1,121.2,121.1,2026-07-29 21:15:00,57
1065.870678,121.1779,121.0,121.0,121.13,121.0,2026-07-29 21:16:00,45
984.676277,121.115,121.0,121.0,121.0,121.0,2026-07-29 21:17:00,33
1736.856456,121.2686,121.23,121.24,121.24,121.23,2026-07-29 21:18:00,63
3629.417322,121.1761,121.13,121.09,121.21,121.09,2026-07-29 21:19:00,58
3234.075963,121.2368,121.07,121.13,121.3,121.07,2026-07-29 21:20:00,57
776.363798,121.1636,121.13,121.0152,121.14,121.0152,2026-07-29 21:21:00,30
1348.386963,121.0657,121.0165,121.05,121.05,121.0165,2026-07-29 21:22:00,36
534.438084,121.1513,121.0102,121.0102,121.0102,121.0102,2026-07-29 21:23:00,26
4112.591085,120.9657,121.01,120.9,121.01,120.9,2026-07-29 21:25:00,75
1607.014343,120.7995,120.84,120.82,120.85,120.69,2026-07-29 21:26:00,28
2446.0,120.7684,120.7185,120.9351,120.9351,120.69,2026-07-29 21:27:00,42
5406.363427,120.9305,120.6999,120.98,120.98,120.6999,2026-07-29 21:28:00,46
2236.185326,120.958,120.9739,120.95,120.98,120.9063,2026-07-29 21:29:00,28
1341.293599,120.974,120.95,120.98,120.98,120.9,2026-07-29 21:30:00,23
1276.489433,120.9645,120.9676,120.9,120.9676,120.9,2026-07-29 21:31:00,19
1915.0,120.9011,120.9017,120.9,120.9017,120.9,2026-07-29 21:32:00,28
4479.157902,120.7071,120.75,120.8,120.8,120.68,2026-07-29 21:33:00,114
882.689439,120.8069,120.8,120.8,120.8,120.8,2026-07-29 21:34:00,56
1457.948214,120.7117,120.622,120.55,120.63,120.55,2026-07-29 21:35:00,73
623.129986,120.7763,120.7621,120.6,120.7621,120.6,2026-07-29 21:37:00,32
443.573013,120.8974,120.76,120.76,120.76,120.76,2026-07-29 21:38:00,39
1318.354718,120.7971,120.8,120.7,120.8,120.7,2026-07-29 21:39:00,39
2130.341772,120.6774,120.74,120.7,120.74,120.58,2026-07-29 21:40:00,68
3195.75,120.8348,120.8353,120.62,120.91,120.62,2026-07-29 21:41:00,40
514.040767,120.7293,120.7,120.735,120.735,120.7,2026-07-29 21:42:00,29
2895.59925,120.8663,120.87,120.71,120.9,120.58,2026-07-29 21:43:00,33
527.099868,120.7129,120.7627,120.64,120.7627,120.64,2026-07-29 21:46:00,23
11854.73069,120.609,120.7659,120.57,120.8,120.57,2026-07-29 21:48:00,108
5665.958188,120.4943,120.65,120.302,120.71,120.24,2026-07-29 21:49:00,167
1519.310249,120.4003,120.71,120.4,120.71,120.3,2026-07-29 21:50:00,43
1014.774776,120.4971,120.33,120.38,120.38,120.33,2026-07-29 21:51:00,35
925.843753,120.5648,120.45,120.53,120.53,120.41,2026-07-29 21:52:00,28
531.0246,120.5724,120.6,120.6,120.6,120.6,2026-07-29 21:53:00,24
993.6,120.6015,120.5,120.5,120.5,120.5,2026-07-29 21:54:00,19
575.446991,120.6984,120.6,120.6,120.6,120.6,2026-07-29 21:55:00,23
591.0,120.6395,120.65,120.65,120.65,120.65,2026-07-29 21:56:00,12
5283.190697,120.5848,120.3607,120.69,120.69,120.3607,2026-07-29 21:57:00,21
1054.196947,120.6843,120.7,120.79,120.79,120.55,2026-07-29 21:58:00,27
1598.566961,120.9038,120.6718,120.9332,120.9332,120.6718,2026-07-29 21:59:00,55
6944.734662,121.1147,120.98,121.3,121.3,120.87,2026-07-29 22:00:00,124
3431.107694,121.3739,121.3,121.5,121.5,121.3,2026-07-29 22:01:00,64
2156.082165,121.7544,121.435,121.94,121.94,121.435,2026-07-29 22:02:00,81
867.53419,121.9363,121.78,121.9,121.939,121.78,2026-07-29 22:03:00,36
1119.641227,121.9126,121.93,121.93,121.93,121.93,2026-07-29 22:04:00,60
12395.232957,121.9096,121.93,122.0,122.0,121.75,2026-07-29 22:05:00,96
5317.392947,122.0234,122.08,122.1,122.1,122.0,2026-07-29 22:06:00,184
3530.072422,122.127,122.18,122.19,122.2,122.0,2026-07-29 22:07:00,67
2176.634253,122.2326,122.13,122.28,122.413,122.1,2026-07-29 22:08:00,51
1943.887157,122.4399,122.28,122.28,122.45,122.28,2026-07-29 22:09:00,40
609.487611,122.2496,122.3505,122.3505,122.3505,122.3505,2026-07-29 22:10:00,33
1343.662314,122.3456,122.34,122.2,122.34,122.2,2026-07-29 22:11:00,38
164.774525,122.9322,122.4,122.4,122.4,122.4,2026-07-29 22:12:00,15
3303.818483,122.3501,122.3638,122.1084,122.4,122.07,2026-07-29 22:13:00,36
1610.0,122.3205,122.4,122.35,122.4,122.35,2026-07-29 22:14:00,28
485.162044,122.1844,122.33,122.33,122.33,122.33,2026-07-29 22:15:00,24
2506.4,122.0289,121.9813,122.0,122.2465,121.92,2026-07-29 22:16:00,61
595.965408,122.4445,122.2599,122.2599,122.2599,122.2599,2026-07-29 22:17:00,57
1767.148974,122.3265,122.25,122.4,122.4,122.25,2026-07-29 22:18:00,23
7807.027044,122.5388,122.33,122.7,122.74,122.33,2026-07-29 22:20:00,155
3952.063381,122.5748,122.6348,122.63,122.6348,122.5,2026-07-29 22:21:00,59
1610.0,122.5581,122.6,122.5,122.6,122.46,2026-07-29 22:25:00,46
2272.92935,122.5538,122.51,122.45,122.51,122.45,2026-07-29 22:26:00,58
1291.307631,122.3596,122.38,122.3,122.38,122.3,2026-07-29 22:27:00,33
183.124488,122.6011,122.5296,122.5296,122.5296,122.5296,2026-07-29 22:28:00,7
215.1189,122.5701,122.5003,122.5042,122.5042,122.5003,2026-07-29 22:29:00,11
741.156694,122.5076,122.49,122.5,122.5,122.49,2026-07-29 22:30:00,30
333.193168,122.5421,122.4577,122.49,122.49,122.4577,2026-07-29 22:31:00,21
947.012141,122.4625,122.457,122.468,122.468,122.45,2026-07-29 22:32:00,20
951.089798,122.5193,122.5,122.54,122.54,122.5,2026-07-29 22:33:00,28
242.530042,122.8852,122.63,122.63,122.63,122.63,2026-07-29 22:34:00,15
1916.709767,122.6037,122.7105,122.51,122.7105,122.42,2026-07-29 22:35:00,38
672.0,122.5276,122.51,122.51,122.51,122.51,2026-07-29 22:36:00,21
1364.0,122.5412,122.46,122.56,122.5681,122.46,2026-07-29 22:37:00,23
1450.0,122.5784,122.57,122.6,122.6,122.56,2026-07-29 22:38:00,23
2861.203669,122.5905,122.63,122.5,122.7,122.5,2026-07-29 22:39:00,43
1179.170318,122.4296,122.46,122.42,122.47,122.42,2026-07-29 22:40:00,46
378.0,122.3638,122.34,122.34,122.34,122.34,2026-07-29 22:41:00,15
1268.604079,122.6832,122.6777,122.6777,122.6777,122.6777,2026-07-29 22:42:00,20
355.040829,122.4362,122.4093,122.4093,122.4093,122.4093,2026-07-29 22:43:00,15
1042.395885,122.5997,122.5853,122.51,122.6,122.51,2026-07-29 22:44:00,28
429.0,122.5386,122.54,122.55,122.55,122.54,2026-07-29 22:45:00,12
340.085384,122.4585,122.3476,122.3476,122.3476,122.3476,2026-07-29 22:46:00,17
2063.0,122.508,122.5082,122.52,122.55,122.48,2026-07-29 22:47:00,40
398.289816,122.5283,122.3,122.5161,122.5161,122.3,2026-07-29 22:49:00,16
328.621305,122.5715,122.34,122.34,122.34,122.34,2026-07-29 22:50:00,6
450.0,122.3636,122.469,122.3,122.469,122.3,2026-07-29 22:51:00,28
711.081816,122.2038,122.23,122.15,122.23,122.15,2026-07-29 22:52:00,40
5550.230946,122.015,122.0,122.0,122.23,122.0,2026-07-29 22:53:00,35
1916.333841,122.0323,122.0229,122.15,122.15,122.0,2026-07-29 22:55:00,58
2163.659344,122.0608,122.0,122.1145,122.1145,122.0,2026-07-29 22:56:00,35
1890.169985,122.0271,122.0,122.0001,122.0001,122.0,2026-07-29 22:57:00,22
402.016371,122.1932,122.15,122.2,122.2,122.15,2026-07-29 22:58:00,11
621.024529,122.2437,122.21,122.239,122.239,122.21,2026-07-29 22:59:00,17
691.170012,122.4698,122.25,122.4693,122.4693,122.25,2026-07-29 23:00:00,10
292.0,122.45,122.47,122.47,122.47,122.47,2026-07-29 23:01:00,15
302.137111,122.5306,122.5,122.4848,122.5,122.4848,2026-07-29 23:02:00,15
789.070456,122.4097,122.4,122.3803,122.4,122.3803,2026-07-29 23:03:00,28
1286.695964,122.5092,122.4333,122.45,122.45,122.4333,2026-07-29 23:04:00,13
458.475851,122.514,122.45,122.36,122.45,122.36,2026-07-29 23:06:00,16
188.040886,122.2735,122.34,122.34,122.34,122.34,2026-07-29 23:07:00,7
2312.161851,122.3554,122.34,122.35,122.35,122.33,2026-07-29 23:08:00,43
20113.008164,122.3608,122.35,122.5,122.5,122.35,2026-07-29 23:09:00,37
1540.80655,122.5036,122.52,122.48,122.52,122.4341,2026-07-29 23:10:00,15
525.024517,122.22,122.26,122.17,122.26,122.17,2026-07-29 23:15:00,22
366.616035,122.4744,122.27,122.27,122.27,122.27,2026-07-29 23:17:00,16
844.383567,122.3692,122.32,122.32,122.32,122.32,2026-07-29 23:18:00,16
1141.163494,122.405,122.38,122.41,122.41,122.38,2026-07-29 23:19:00,24
333.22295,122.5578,122.4787,122.5,122.5,122.4787,2026-07-29 23:20:00,24
2220.336009,122.4877,122.43,122.43,122.5,122.43,2026-07-29 23:23:00,25
297.008159,122.5901,122.55,122.55,122.55,122.55,2026-07-29 23:24:00,7
1441.120458,122.5802,122.56,122.56,122.56,122.56,2026-07-29 23:25:00,23
883.0,122.598,122.53,122.63,122.63,122.53,2026-07-29 23:26:00,15
2072.286805,122.6411,122.65,122.6314,122.65,122.6,2026-07-29 23:27:00,36
4737.030399,122.6798,122.6356,122.7,122.7,122.6039,2026-07-29 23:28:00,29
562.05031,122.6834,122.65,122.65,122.65,122.65,2026-07-29 23:29:00,16
1217.0,122.7031,122.7,122.7,122.7,122.7,2026-07-29 23:30:00,12
6422.0,122.7536,122.75,122.9,122.9,122.75,2026-07-29 23:31:00,27
1265.0,122.9325,122.95,122.92,122.95,122.92,2026-07-29 23:32:00,12
1963.02,122.9062,122.94,122.9,122.94,122.84,2026-07-29 23:33:00,37
895.0,122.8925,122.82,122.9,122.94,122.82,2026-07-29 23:35:00,25
1511.0,122.9509,122.97,122.9,122.97,122.9,2026-07-29 23:36:00,13
1802.21,122.83,122.9,122.8,122.9,122.8,2026-07-29 23:37:00,27
1808.0,122.942,122.95,122.95,122.95,122.94,2026-07-29 23:39:00,14
3073.0,122.6732,122.7,122.57,122.73,122.57,2026-07-29 23:41:00,39
786.0,122.5595,122.69,122.5,122.69,122.5,2026-07-29 23:42:00,15
1745.0,122.6108,122.6013,122.6013,122.6013,122.6013,2026-07-29 23:43:00,12
1235.24226,122.7059,122.6,122.9,122.9,122.6,2026-07-29 23:44:00,18
1274.237113,122.8071,122.89,122.9,122.9,122.69,2026-07-29 23:46:00,27
409.02,122.8336,122.9,122.9,122.9,122.9,2026-07-29 23:48:00,21
446.0,122.7216,122.81,122.81,122.81,122.81,2026-07-29 23:49:00,52
741.0,122.6796,122.8686,122.6,122.8686,122.6,2026-07-29 23:51:00,21
1028.0,122.723,122.6067,122.8,122.8,122.6067,2026-07-29 23:52:00,17
775.0,122.8206,122.63,122.9,122.9,122.63,2026-07-29 23:56:00,12
1736.0,122.7319,122.65,122.638,122.8831,122.638,2026-07-29 23:58:00,17
1220.0,122.6167,122.595,122.595,122.595,122.595,2026-07-29 23:59:00,28
17341.413884,122.9533,122.8803,122.7546,122.99,122.61,2026-07-30 08:00:00,452
8212.235799,123.0193,123.19,123.17,123.21,122.74,2026-07-30 08:01:00,321
21659.009919,123.013,123.15,123.19,123.33,122.72,2026-07-30 08:02:00,671
6098.019094,122.9613,123.16,122.85,123.22,122.8,2026-07-30 08:03:00,301
229.21,122.8713,122.75,122.75,122.75,122.75,2026-07-30 08:04:00,31
858.0,122.8267,122.83,122.68,122.83,122.68,2026-07-30 08:06:00,31
1004.320055,123.0725,122.99,123.0,123.0,122.99,2026-07-30 08:07:00,37
573.0,123.1528,123.14,123.09,123.24,123.09,2026-07-30 08:08:00,18
540.09,123.1382,123.08,123.08,123.08,123.08,2026-07-30 08:09:00,56
1412.0,123.059,123.08,123.03,123.08,123.03,2026-07-30 08:10:00,31
139.909672,123.6227,122.77,122.77,122.77,122.77,2026-07-30 08:11:00,5
189.087475,123.0145,122.95,122.95,122.95,122.95,2026-07-30 08:15:00,7
522.0,122.9127,122.92,122.92,122.92,122.92,2026-07-30 08:19:00,17
1799.22441,122.8365,122.86,122.77,122.86,122.77,2026-07-30 08:21:00,124
771.0,122.7827,122.78,122.78,122.78,122.78,2026-07-30 08:25:00,20
3352.170146,122.7453,122.9,122.67,122.9,122.67,2026-07-30 08:37:00,147
266.0,122.7993,122.77,122.83,122.83,122.77,2026-07-30 08:38:00,6
1128.95,122.9517,122.85,122.86,122.86,122.85,2026-07-30 08:44:00,27
1284.432585,122.7946,122.75,122.75,122.75,122.75,2026-07-30 08:48:00,26
114.0,122.7113,122.71,122.71,122.71,122.71,2026-07-30 08:50:00,5
799.034344,122.7386,122.75,122.69,122.75,122.69,2026-07-30 08:55:00,14
126.0,122.6901,122.69,122.69,122.69,122.69,2026-07-30 08:56:00,4
1117.0,122.6828,122.67,122.69,122.69,122.67,2026-07-30 08:57:00,20
152.0,122.7507,122.75,122.75,122.75,122.75,2026-07-30 09:01:00,6
506.0,122.744,122.75,122.75,122.75,122.75,2026-07-30 09:02:00,26
719.0,122.7078,122.71,122.71,122.71,122.7,2026-07-30 09:04:00,13
107.0,122.7193,122.72,122.72,122.72,122.72,2026-07-30 09:05:00,3
1596.0,122.7593,122.75,122.75,122.78,122.75,2026-07-30 09:09:00,16
358.0,122.7272,122.72,122.75,122.75,122.72,2026-07-30 09:10:00,17
641.0,122.5641,122.55,122.55,122.55,122.55,2026-07-30 09:15:00,12
1077.122072,122.5927,122.6,122.5,122.6,122.5,2026-07-30 09:17:00,26
151.0,122.645,122.57,122.57,122.57,122.57,2026-07-30 09:19:00,3
269.392361,122.7225,122.5552,122.5215,122.5552,122.5215,2026-07-30 09:20:00,4
203.019094,122.6235,122.6025,122.6025,122.6025,122.6025,2026-07-30 09:21:00,16
175.0,122.6713,122.68,122.68,122.68,122.68,2026-07-30 09:24:00,4
198.0,122.6582,122.65,122.65,122.65,122.65,2026-07-30 09:36:00,12
676.709973,122.6284,122.5,122.5,122.5,122.5,2026-07-30 09:43:00,56
837.0,122.3984,122.4,122.38,122.41,122.38,2026-07-30 09:45:00,37
968.0,122.1202,122.1,122.11,122.11,122.1,2026-07-30 09:59:00,68
545.0,122.1027,122.11,122.11,122.11,122.11,2026-07-30 10:00:00,34
759.0,122.103,122.1,122.17,122.17,122.1,2026-07-30 10:01:00,34
1064.0,122.2309,122.29,122.29,122.29,122.29,2026-07-30 10:02:00,59
305.0,122.3326,122.34,122.35,122.35,122.34,2026-07-30 10:05:00,17
1048.0,122.329,122.33,122.33,122.33,122.33,2026-07-30 10:06:00,22
570.0,122.3088,122.3,122.33,122.33,122.3,2026-07-30 10:09:00,16
694.010702,122.2925,122.31,122.29,122.31,122.29,2026-07-30 10:10:00,16
3633.1,122.0084,122.0,121.97,122.0,121.97,2026-07-30 10:16:00,167
1557.09,121.9915,122.025,121.96,122.025,121.96,2026-07-30 10:20:00,25
463.013909,121.8609,121.75,121.88,121.88,121.75,2026-07-30 10:21:00,14
1294.0,121.8982,121.9,121.84,121.94,121.84,2026-07-30 10:22:00,36
554.01,121.7753,121.75,121.79,121.79,121.75,2026-07-30 10:23:00,24
156.0,121.8007,121.8,121.8,121.8,121.8,2026-07-30 10:24:00,6
723.0,121.9455,121.8,122.01,122.01,121.8,2026-07-30 10:26:00,9
246.0,121.8628,121.87,121.87,121.87,121.87,2026-07-30 10:32:00,13
659.987061,122.109,121.94,121.94,121.94,121.94,2026-07-30 10:33:00,26
299.0,121.998,121.99,121.99,121.99,121.99,2026-07-30 10:38:00,16
671.759486,122.166,122.14,122.15,122.15,122.14,2026-07-30 10:40:00,32
214.0,122.0586,122.05,122.05,122.05,122.05,2026-07-30 10:42:00,8
331.008183,121.986,121.953,121.953,121.953,121.953,2026-07-30 10:44:00,23
209.889387,122.5255,122.0,122.0,122.0,122.0,2026-07-30 10:45:00,8
592.24332,121.8914,121.88,121.73,121.88,121.73,2026-07-30 10:48:00,47
152.0,121.8417,121.88,121.88,121.88,121.88,2026-07-30 10:49:00,7
5019.01,121.5102,121.63,121.35,121.63,121.34,2026-07-30 10:57:00,145
12213.780226,121.4637,121.79,121.7556,121.84,121.21,2026-07-30 11:00:00,525
1986.851431,121.5622,121.5,121.5,121.51,121.5,2026-07-30 11:01:00,69
6002.124821,121.0767,121.21,120.8942,121.21,120.8942,2026-07-30 11:02:00,180
1030.179786,121.1653,121.1,121.1,121.1,121.1,2026-07-30 11:03:00,60
2685.517381,121.395,121.4,121.4429,121.4429,121.25,2026-07-30 11:04:00,45
1825.655298,121.4339,121.4395,121.45,121.45,121.2894,2026-07-30 11:05:00,37
345.16,121.377,121.28,121.28,121.28,121.28,2026-07-30 11:06:00,36
2554.96247,121.5084,121.39,121.5,121.55,121.2996,2026-07-30 11:07:00,51
593.02,121.5551,121.5,121.6899,121.6899,121.5,2026-07-30 11:08:00,23
412.709073,121.8022,121.61,121.61,121.61,121.61,2026-07-30 11:10:00,30
875.116685,121.7395,121.65,121.77,121.77,121.6499,2026-07-30 11:11:00,36
1904.930396,121.7818,121.63,121.9012,121.9012,121.6,2026-07-30 11:12:00,54
1929.885257,122.0032,121.9607,121.92,122.0,121.92,2026-07-30 11:13:00,27
4339.2,121.9528,121.9,122.0,122.0,121.9,2026-07-30 11:14:00,107
1016.0,122.0273,121.98,121.98,122.05,121.98,2026-07-30 11:15:00,49
6020.040951,122.1431,122.15,122.2,122.2,122.14,2026-07-30 11:16:00,67
1479.477636,122.0314,122.1432,121.9164,122.1605,121.9164,2026-07-30 11:17:00,40
259.618145,122.4669,122.2,122.2,122.2,122.2,2026-07-30 11:19:00,26
2392.04046,122.1662,122.1155,122.2,122.2,122.1155,2026-07-30 11:20:00,77
1028.208176,122.204,122.1,122.2,122.2,122.1,2026-07-30 11:21:00,33
609.338618,122.2793,122.2,122.2406,122.2406,122.2,2026-07-30 11:23:00,20
1839.0,122.1253,122.1,122.2029,122.25,122.1,2026-07-30 11:24:00,46
1735.458536,122.0619,122.1,121.9,122.1,121.9,2026-07-30 11:25:00,49
382.004659,121.9176,121.8689,121.8689,121.8689,121.8689,2026-07-30 11:26:00,20
364.297638,122.1437,121.9522,121.9522,121.9522,121.9522,2026-07-30 11:27:00,17
789.008185,122.0739,122.1,122.05,122.1,122.05,2026-07-30 11:28:00,19
986.76222,122.1151,122.05,122.0259,122.05,121.92,2026-07-30 11:29:00,24
714.263934,122.028,122.0,121.93,122.0,121.93,2026-07-30 11:30:00,31
14413.611799,122.1329,121.92,122.24,122.25,121.92,2026-07-30 11:31:00,264
1466.433005,122.2331,122.24,122.12,122.24,122.12,2026-07-30 11:32:00,39
2518.468477,122.1064,122.12,122.05,122.18,122.0249,2026-07-30 11:33:00,27
321.0,122.145,122.05,122.05,122.05,122.05,2026-07-30 11:34:00,18
3941.669745,122.3136,122.28,122.3,122.3,122.28,2026-07-30 11:35:00,32
2049.036163,122.3589,122.35,122.4885,122.4885,122.35,2026-07-30 11:36:00,26
396.0,122.441,122.4476,122.4476,122.4476,122.4476,2026-07-30 11:37:00,11
2653.453015,122.4856,122.4,122.5,122.5,122.4,2026-07-30 11:38:00,43
788.807234,122.5185,122.4,122.36,122.4,122.36,2026-07-30 11:39:00,16
1132.057674,122.3262,122.42,122.2772,122.42,122.2772,2026-07-30 11:40:00,45
1872.526815,122.2857,122.2765,122.29,122.29,122.23,2026-07-30 11:41:00,27
980.0,122.1938,122.26,122.2,122.26,122.12,2026-07-30 11:42:00,22
690.038888,122.1558,122.1,122.1,122.1,122.1,2026-07-30 11:43:00,32
948.0,122.0961,122.2,122.056,122.2,122.056,2026-07-30 11:44:00,24
941.0,122.0832,122.05,122.2319,122.2319,122.05,2026-07-30 11:46:00,21
604.201079,122.2004,122.2444,122.2244,122.2444,122.2244,2026-07-30 11:47:00,24
485.0,122.1044,122.12,122.0434,122.12,122.0434,2026-07-30 11:48:00,28
611.18419,122.1552,122.07,122.2244,122.2244,122.07,2026-07-30 11:49:00,30
358.9666,122.4369,122.0805,122.0805,122.0805,122.0805,2026-07-30 11:50:00,18
367.534471,122.2403,122.0738,122.04,122.0738,122.04,2026-07-30 11:51:00,21
401.998322,122.3574,122.059,122.059,122.059,122.059,2026-07-30 11:52:00,19
1347.312973,122.0995,122.08,122.02,122.09,122.02,2026-07-30 11:53:00,45
1110.0,122.0302,122.02,122.02,122.02,122.02,2026-07-30 11:54:00,20
1259.147572,122.1095,122.1,122.1,122.1,122.1,2026-07-30 11:55:00,19
895.153891,122.0825,122.07,122.0554,122.07,122.0554,2026-07-30 11:57:00,47
6363.0328,121.9895,122.1491,121.92,122.1491,121.92,2026-07-30 11:58:00,137
2614.0,121.796,121.83,121.7828,121.8683,121.74,2026-07-30 11:59:00,77
7746.003697,121.7951,121.7,121.99,121.99,121.7,2026-07-30 12:00:00,88
3440.363673,121.844,121.79,121.99,121.99,121.7,2026-07-30 12:01:00,68
1670.0746,121.8958,121.89,121.89,121.89,121.89,2026-07-30 12:02:00,56
1950.064972,121.856,121.8,121.8,121.8,121.8,2026-07-30 12:03:00,103
4740.4594,121.9842,121.95,121.94,122.0,121.93,2026-07-30 12:04:00,58
849.005005,121.9549,121.93,121.8496,121.98,121.8496,2026-07-30 12:05:00,28
548.469282,122.0505,121.84,121.99,121.99,121.84,2026-07-30 12:06:00,18
2627.003743,121.9156,122.0,122.0,122.0,121.84,2026-07-30 12:07:00,48
724.680736,122.0994,122.0,122.0,122.0,122.0,2026-07-30 12:08:00,19
928.635336,121.9756,121.85,121.88,121.9,121.85,2026-07-30 12:09:00,45
557.342528,122.025,122.0,122.0,122.0,122.0,2026-07-30 12:10:00,35
8826.303495,121.8463,121.88,121.85,121.88,121.8,2026-07-30 12:11:00,231
1124.090221,121.9384,121.95,121.95,121.95,121.95,2026-07-30 12:12:00,41
2080.479871,122.0273,121.99,122.0,122.03,121.98,2026-07-30 12:13:00,55
1319.541434,122.0423,122.0051,121.99,122.0051,121.99,2026-07-30 12:14:00,29
547.53578,122.1932,122.04,122.04,122.04,122.04,2026-07-30 12:15:00,26
2372.972381,122.1962,122.11,122.2,122.2,122.1,2026-07-30 12:16:00,33
769.768592,122.3478,122.28,122.25,122.28,122.25,2026-07-30 12:17:00,27
3494.439044,122.2151,122.11,122.21,122.21,122.11,2026-07-30 12:18:00,19
458.053454,122.1879,122.21,122.2,122.21,122.11,2026-07-30 12:19:00,20
585.883306,122.3265,122.135,122.135,122.135,122.135,2026-07-30 12:20:00,32
4222.454924,122.1714,122.2093,122.14,122.2182,122.13,2026-07-30 12:22:00,85
569.982147,122.3318,122.13,122.08,122.13,122.08,2026-07-30 12:23:00,19
789.544922,122.2855,122.2,122.2144,122.2144,122.2,2026-07-30 12:24:00,47
837.0,122.1418,122.11,122.11,122.11,122.11,2026-07-30 12:25:00,39
3690.040934,121.9944,122.02,122.0,122.02,121.85,2026-07-30 12:27:00,137
974.680652,121.9894,121.88,121.88,121.88,121.88,2026-07-30 12:28:00,45
504.67282,122.2445,122.02,122.2,122.2,122.02,2026-07-30 12:29:00,21
2297.012864,121.9753,122.06,121.85,122.06,121.85,2026-07-30 12:30:00,84
4596.82,121.8783,122.0,121.84,122.0,121.84,2026-07-30 12:31:00,104
5472.297476,121.8317,121.84,121.7,121.98,121.7,2026-07-30 12:32:00,92
897.0,121.8175,121.8659,121.81,121.8659,121.81,2026-07-30 12:33:00,24
878.118888,121.9373,121.85,121.85,121.9,121.85,2026-07-30 12:34:00,29
3539.236568,122.0539,121.9702,122.2258,122.2258,121.9702,2026-07-30 12:35:00,35
998.782996,122.1246,122.05,122.05,122.05,122.05,2026-07-30 12:36:00,45
1243.852755,122.1272,122.1576,121.92,122.1576,121.92,2026-07-30 12:37:00,36
2856.367868,121.8953,121.94,121.9,121.94,121.84,2026-07-30 12:38:00,56
2028.0,121.8657,121.81,121.9,121.94,121.81,2026-07-30 12:39:00,37
5428.291034,121.8326,121.81,121.81,121.93,121.81,2026-07-30 12:40:00,59
2991.3,121.8693,121.81,121.9706,121.9706,121.81,2026-07-30 12:41:00,31
2181.0,121.9144,121.9,121.88,121.9645,121.8604,2026-07-30 12:42:00,38
1226.396715,121.9228,121.9706,121.9621,122.0,121.81,2026-07-30 12:43:00,42
1823.370998,121.8688,121.81,121.85,121.99,121.81,2026-07-30 12:44:00,52
2157.41646,121.956,121.87,121.958,121.9668,121.87,2026-07-30 12:45:00,49
3361.412593,121.937,121.9593,121.914,121.99,121.84,2026-07-30 12:46:00,45
2724.910075,121.9451,121.89,121.9137,121.94,121.88,2026-07-30 12:47:00,33
2547.574156,121.9443,121.9291,121.93,121.93,121.92,2026-07-30 12:48:00,66
1209.040967,121.9979,122.0,122.0,122.0,121.99,2026-07-30 12:49:00,55
296.68811,122.321,122.0601,122.06,122.0601,122.06,2026-07-30 12:50:00,24
1373.084956,121.9479,121.92,121.9,121.93,121.9,2026-07-30 12:51:00,51
2505.303366,121.9737,121.95,121.88,122.08,121.88,2026-07-30 12:52:00,66
2391.208882,121.8903,121.88,121.86,121.88,121.86,2026-07-30 12:53:00,45
3733.056493,121.9465,121.88,121.9735,121.9735,121.82,2026-07-30 12:54:00,42
1242.271044,121.95,121.98,121.99,121.99,121.86,2026-07-30 12:55:00,56
5268.152797,121.8603,121.97,121.81,121.97,121.81,2026-07-30 12:56:00,82
3455.780595,121.8697,121.81,121.86,121.9692,121.81,2026-07-30 12:57:00,67
3574.436945,121.8614,121.89,121.85,121.99,121.81,2026-07-30 12:58:00,44
7397.092841,121.7966,121.82,121.7,121.99,121.7,2026-07-30 12:59:00,179
6715.698893,121.6982,121.6,121.854,121.854,121.6,2026-07-30 13:00:00,125
600.334887,121.884,121.87,121.87,121.87,121.87,2026-07-30 13:01:00,40
1876.444724,121.8992,121.88,121.87,121.89,121.87,2026-07-30 13:02:00,57
1692.275985,121.8263,121.82,121.7503,121.82,121.71,2026-07-30 13:03:00,62
1550.385245,121.8747,121.85,121.85,121.85,121.85,2026-07-30 13:04:00,43
2713.118621,121.7992,121.81,121.71,121.81,121.71,2026-07-30 13:05:00,90
2027.421256,121.9089,121.96,121.9,121.96,121.87,2026-07-30 13:06:00,44
8999.296376,121.9726,121.9,121.96,122.08,121.9,2026-07-30 13:07:00,233
2076.915146,122.0565,122.07,122.0,122.07,122.0,2026-07-30 13:08:00,42
4777.024407,122.0144,121.966,122.16,122.16,121.92,2026-07-30 13:09:00,99
4588.228612,122.0655,122.02,122.095,122.15,121.99,2026-07-30 13:10:00,113
965.82,122.1844,122.08,122.0785,122.1218,122.0785,2026-07-30 13:11:00,55
2483.607335,122.0856,122.0175,122.08,122.08,122.0155,2026-07-30 13:12:00,69
4056.769251,122.0726,122.04,122.0797,122.1,122.0,2026-07-30 13:13:00,52
1744.446671,122.1072,122.07,122.08,122.1,122.07,2026-07-30 13:14:00,58
485.171432,122.0994,122.05,122.05,122.05,122.05,2026-07-30 13:15:00,33
4763.376462,122.1262,122.07,122.09,122.1973,122.07,2026-07-30 13:16:00,163
2317.124948,122.1995,122.17,122.1985,122.23,122.17,2026-07-30 13:17:00,80
3235.0,122.2462,122.22,122.4074,122.4074,122.1362,2026-07-30 13:18:00,71
628.850147,122.495,122.39,122.39,122.39,122.39,2026-07-30 13:19:00,32
1316.039732,122.2342,122.22,122.2,122.22,122.2,2026-07-30 13:20:00,69
975.7718,122.2379,122.0812,122.0812,122.0812,122.0812,2026-07-30 13:21:00,48
1892.827915,122.2512,122.1442,122.2,122.3973,122.1442,2026-07-30 13:22:00,51
1784.872832,122.2351,122.2,122.17,122.3366,122.1,2026-07-30 13:23:00,52
2087.349747,122.2185,122.05,122.02,122.3,122.02,2026-07-30 13:24:00,59
7106.356655,121.947,122.02,121.862,122.18,121.7609,2026-07-30 13:25:00,241
4964.845979,121.6322,121.71,121.55,121.97,121.55,2026-07-30 13:26:00,113
6240.533833,121.434,121.55,121.5,121.57,121.3,2026-07-30 13:27:00,197
19977.687468,121.0845,121.25,120.88,121.3,120.88,2026-07-30 13:28:00,484
7701.595631,120.9938,121.03,120.95,121.13,120.9,2026-07-30 13:29:00,204
556691.195058,120.9024,121.14,121.0,121.5099,120.35,2026-07-30 13:30:00,8692
224453.916742,120.7558,120.89,120.955,121.19,120.3,2026-07-30 13:31:00,4329
167720.642235,120.9377,120.955,121.17,121.28,120.56,2026-07-30 13:32:00,2757
194936.691976,121.2945,121.04,121.57,121.66,120.87,2026-07-30 13:33:00,2740
117535.713952,121.5984,121.66,121.69,121.9199,121.32,2026-07-30 13:34:00,1952
140691.845478,121.5945,121.67,121.175,121.9554,121.11,2026-07-30 13:35:00,2378
115047.897423,121.3299,121.1212,121.35,121.67,121.035,2026-07-30 13:36:00,1869
175073.889596,121.0645,121.34,121.1788,121.36,120.89,2026-07-30 13:37:00,2371
163611.598747,120.798,121.24,120.935,121.24,120.4101,2026-07-30 13:38:00,2544
103095.594015,121.0376,120.92,121.195,121.27,120.8329,2026-07-30 13:39:00,1562
153366.381666,121.0525,121.16,121.1347,121.2999,120.875,2026-07-30 13:40:00,1886
73101.319589,121.2837,121.1933,121.28,121.56,121.11,2026-07-30 13:41:00,1213
138192.954463,121.822,121.28,122.18,122.2,121.28,2026-07-30 13:42:00,1903
147740.813935,122.5075,122.18,122.94,122.94,122.15,2026-07-30 13:43:00,1907
124124.121991,122.9266,122.914,122.925,123.02,122.83,2026-07-30 13:44:00,1913
173938.545324,123.2758,122.935,123.28,123.6699,122.93,2026-07-30 13:45:00,2896
155784.019864,123.3144,123.31,123.17,123.52,123.09,2026-07-30 13:46:00,1970
122141.077867,123.0648,123.19,122.8661,123.29,122.8661,2026-07-30 13:47:00,1715
113121.887082,122.8154,122.8601,122.795,123.01,122.525,2026-07-30 13:48:00,1678
121520.496668,122.4946,122.73,122.615,122.73,122.28,2026-07-30 13:49:00,2476
131986.581589,122.549,122.605,122.76,122.8499,122.21,2026-07-30 13:50:00,2246
100559.901479,122.64,122.74,122.385,122.88,122.36,2026-07-30 13:51:00,1983
167877.142202,122.2413,122.37,122.32,122.47,122.08,2026-07-30 13:52:00,2925
51838.426657,122.3236,122.3333,122.2639,122.46,122.22,2026-07-30 13:53:00,1330
106730.662449,122.4885,122.29,122.545,122.63,122.235,2026-07-30 13:54:00,1706
80219.379561,122.5758,122.51,122.7625,122.845,122.385,2026-07-30 13:55:00,1572
81262.011777,122.7688,122.74,122.7817,122.8892,122.63,2026-07-30 13:56:00,1408
102357.966845,122.6616,122.79,122.645,122.82,122.5826,2026-07-30 13:57:00,1208
84799.110155,122.606,122.64,122.7,122.8,122.41,2026-07-30 13:58:00,1363
48548.96224,122.5494,122.72,122.48,122.8095,122.39,2026-07-30 13:59:00,1278
102428.551702,122.2003,122.48,122.26,122.49,122.0605,2026-07-30 14:00:00,1875
87098.098639,122.1113,122.1679,122.32,122.41,121.9225,2026-07-30 14:01:00,2408
95759.402941,122.5035,122.33,122.57,122.74,122.2001,2026-07-30 14:02:00,2257
75408.065339,122.5329,122.615,122.635,122.67,122.365,2026-07-30 14:03:00,1896
98326.245909,122.4339,122.63,122.325,122.6999,122.265,2026-07-30 14:04:00,1458
198042.819258,121.9114,122.27,121.67,122.29,121.52,2026-07-30 14:05:00,2653
110801.629519,121.5383,121.655,121.64,121.7978,121.37,2026-07-30 14:06:00,2037
75396.32203,121.8671,121.71,121.93,122.07,121.7,2026-07-30 14:07:00,1553
59586.302699,121.7123,121.925,121.695,121.96,121.56,2026-07-30 14:08:00,1464
44734.916821,121.7609,121.68,121.76,121.84,121.67,2026-07-30 14:09:00,1218
53772.325357,121.6666,121.76,121.65,121.85,121.5127,2026-07-30 14:10:00,1219
53912.762672,121.5394,121.57,121.54,121.69,121.41,2026-07-30 14:11:00,1182
57296.47148,121.5772,121.6,121.54,121.7855,121.44,2026-07-30 14:12:00,1502
57289.902655,121.5626,121.52,121.64,121.7288,121.4201,2026-07-30 14:13:00,1335
48086.477703,121.6112,121.7,121.675,121.75,121.5,2026-07-30 14:14:00,1266
36402.110116,121.6204,121.66,121.645,121.7,121.5264,2026-07-30 14:15:00,1124
60865.618287,121.487,121.6,121.445,121.635,121.38,2026-07-30 14:16:00,1434
29027.428879,121.5408,121.51,121.6,121.6183,121.48,2026-07-30 14:17:00,1106
50654.568267,121.3308,121.56,121.35,121.56,121.21,2026-07-30 14:18:00,1529
132544.198174,121.2271,121.3526,121.35,121.43,121.07,2026-07-30 14:19:00,1759
41400.611197,121.2965,121.36,121.2772,121.41,121.2,2026-07-30 14:20:00,1211
86037.213927,121.3149,121.17,121.2013,121.4781,121.17,2026-07-30 14:21:00,1420
63159.569593,121.2384,121.2,121.175,121.315,121.15,2026-07-30 14:22:00,1459
84499.75449,121.1909,121.16,121.08,121.3,121.08,2026-07-30 14:23:00,1810
187262.101783,120.9316,121.06,120.79,121.195,120.7,2026-07-30 14:24:00,2914
101488.005693,120.8269,120.83,120.94,120.975,120.66,2026-07-30 14:25:00,1870
75967.011237,120.9591,120.96,120.93,121.0699,120.83,2026-07-30 14:26:00,1736
101459.372659,121.1387,120.94,121.1384,121.24,120.94,2026-07-30 14:27:00,2021
89297.731541,121.2719,121.1599,121.1139,121.38,121.11,2026-07-30 14:28:00,1688
81426.451691,120.9702,121.11,120.9313,121.15,120.82,2026-07-30 14:29:00,1564
80786.14382,121.1001,120.925,121.33,121.38,120.85,2026-07-30 14:30:00,1813
84685.358961,121.3821,121.36,121.45,121.54,121.224,2026-07-30 14:31:00,1598
75696.91818,121.2141,121.45,121.105,121.52,121.0283,2026-07-30 14:32:00,1439
53686.865216,121.1791,121.1199,121.348,121.348,121.05,2026-07-30 14:33:00,1208
65658.854897,121.3382,121.3,121.48,121.5299,121.22,2026-07-30 14:34:00,1153
67135.616337,121.254,121.43,121.07,121.45,121.03,2026-07-30 14:35:00,1379
48676.654957,121.1603,121.06,121.29,121.3,121.04,2026-07-30 14:36:00,1186
65908.204574,121.4157,121.25,121.4915,121.5287,121.22,2026-07-30 14:37:00,1343
82105.933791,121.4489,121.49,121.455,121.52,121.351,2026-07-30 14:38:00,1116
44448.48506,121.4061,121.47,121.365,121.5,121.315,2026-07-30 14:39:00,993
42207.616929,121.3458,121.29,121.445,121.46,121.235,2026-07-30 14:40:00,1089
31262.308452,121.4068,121.445,121.395,121.4982,121.33,2026-07-30 14:41:00,839
38821.139585,121.2712,121.41,121.175,121.41,121.12,2026-07-30 14:42:00,1065
36134.784674,121.2222,121.16,121.26,121.2899,121.1322,2026-07-30 14:43:00,922
47954.507166,121.118,121.23,121.11,121.3,121.01,2026-07-30 14:44:00,1130
59237.648499,121.005,121.11,121.11,121.1369,120.9,2026-07-30 14:45:00,1364
38861.922501,121.0255,121.14,121.07,121.15,120.93,2026-07-30 14:46:00,978
36258.85974,121.1705,121.07,121.2048,121.29,121.02,2026-07-30 14:47:00,915
48505.852666,121.0294,121.19,121.1,121.1935,120.91,2026-07-30 14:48:00,986
27408.588104,121.2463,121.1,121.355,121.38,121.1,2026-07-30 14:49:00,836
27604.340294,121.3357,121.36,121.37,121.44,121.25,2026-07-30 14:50:00,951
33013.051313,121.3762,121.37,121.3,121.5584,121.27,2026-07-30 14:51:00,1021
26196.274971,121.2343,121.2901,121.11,121.3722,121.11,2026-07-30 14:52:00,831
20786.707823,121.2194,121.15,121.2,121.3902,121.1,2026-07-30 14:53:00,748
29570.415079,121.1557,121.185,121.05,121.25,121.04,2026-07-30 14:54:00,857
92466.169499,120.9628,121.0246,120.96,121.0899,120.841,2026-07-30 14:55:00,1251
72919.058343,120.8611,120.94,120.94,120.98,120.79,2026-07-30 14:56:00,1117
26762.63004,120.9623,120.9,121.08,121.09,120.82,2026-07-30 14:57:00,909
35974.622,121.1994,121.09,121.34,121.34,121.08,2026-07-30 14:58:00,999
60106.274342,121.5314,121.34,121.38,121.67,121.32,2026-07-30 14:59:00,1126
58030.30203,121.2668,121.43,121.135,121.45,121.1029,2026-07-30 15:00:00,1307
34294.095073,121.107,121.13,121.0429,121.2,121.02,2026-07-30 15:01:00,941
67381.248234,121.2259,121.0899,121.26,121.46,121.05,2026-07-30 15:02:00,1138
44397.793263,121.4005,121.3,121.46,121.48,121.3,2026-07-30 15:03:00,997
53466.523045,121.4335,121.49,121.36,121.55,121.3,2026-07-30 15:04:00,894
54440.149958,121.331,121.34,121.35,121.43,121.28,2026-07-30 15:05:00,1071
76803.045405,121.2695,121.3,121.28,121.3399,121.16,2026-07-30 15:06:00,1458
54418.821486,121.1895,121.275,121.14,121.29,121.11,2026-07-30 15:07:00,898
55678.000417,121.0497,121.1201,121.235,121.26,121.0,2026-07-30 15:08:00,1258
29423.418148,121.2098,121.235,121.255,121.31,121.14,2026-07-30 15:09:00,817
86328.320313,120.9328,121.27,120.77,121.27,120.7,2026-07-30 15:10:00,1571
35890.618947,120.8258,120.8,120.745,120.9,120.7,2026-07-30 15:11:00,1002
101907.189695,120.664,120.75,120.72,120.785,120.535,2026-07-30 15:12:00,1374
103944.402775,120.5131,120.685,120.445,120.72,120.42,2026-07-30 15:13:00,1647
68101.274698,120.3994,120.45,120.4799,120.485,120.335,2026-07-30 15:14:00,1235
58250.161568,120.4027,120.38,120.48,120.5699,120.27,2026-07-30 15:15:00,1266
52903.650912,120.5138,120.4205,120.53,120.6,120.4205,2026-07-30 15:16:00,1012
35329.729369,120.5368,120.5,120.54,120.621,120.45,2026-07-30 15:17:00,853
32080.23914,120.5627,120.54,120.64,120.66,120.48,2026-07-30 15:18:00,823
46476.136784,120.6786,120.595,120.7698,120.808,120.59,2026-07-30 15:19:00,919
39705.595531,120.5837,120.755,120.5975,120.7669,120.4801,2026-07-30 15:20:00,961
32483.668118,120.7161,120.63,120.715,120.8395,120.5401,2026-07-30 15:21:00,813
37511.370822,120.8195,120.6904,120.94,120.98,120.66,2026-07-30 15:22:00,818
50601.393825,120.8842,120.95,120.8675,120.99,120.7308,2026-07-30 15:23:00,992
62991.201389,120.9022,120.86,120.93,120.9599,120.815,2026-07-30 15:24:00,1067
47134.32958,120.9867,120.95,120.84,121.2,120.81,2026-07-30 15:25:00,1032
69904.750435,120.6978,120.8,120.77,120.88,120.5,2026-07-30 15:26:00,1455
34702.933457,120.7282,120.84,120.775,120.91,120.58,2026-07-30 15:27:00,779
18273.624938,120.7668,120.75,120.75,120.8499,120.68,2026-07-30 15:28:00,632
27667.598739,120.7455,120.7501,120.75,120.78,120.68,2026-07-30 15:29:00,757
35643.487685,120.8258,120.72,120.845,120.94,120.705,2026-07-30 15:30:00,878
48291.273208,120.9591,120.88,120.93,121.05,120.86,2026-07-30 15:31:00,827
50083.731452,121.0448,120.98,121.12,121.19,120.92,2026-07-30 15:32:00,887
81714.610227,121.2215,121.11,121.39,121.39,121.09,2026-07-30 15:33:00,1369
63735.974965,121.4052,121.4,121.44,121.47,121.2601,2026-07-30 15:34:00,1194
55897.689446,121.4004,121.46,121.31,121.49,121.27,2026-07-30 15:35:00,1043
48425.383164,121.4449,121.28,121.4928,121.5,121.28,2026-07-30 15:36:00,913
41084.472162,121.3386,121.5,121.22,121.5199,121.2,2026-07-30 15:37:00,911
32344.037968,121.2855,121.22,121.29,121.45,121.19,2026-07-30 15:38:00,821
42716.381381,121.3215,121.295,121.3,121.38,121.26,2026-07-30 15:39:00,760
149050.616761,120.7576,121.27,121.43,121.47,121.19,2026-07-30 15:40:00,1133
27391.826393,121.2153,121.43,121.43,121.52,121.34,2026-07-30 15:41:00,619
34647.89851,121.564,121.46,121.65,121.69,121.43,2026-07-30 15:42:00,884
50967.671043,121.7757,121.7,121.855,121.86,121.6401,2026-07-30 15:43:00,909
42525.567938,121.9209,121.8501,121.805,121.9899,121.77,2026-07-30 15:44:00,804
72014.045721,121.9119,121.81,122.02,122.035,121.7201,2026-07-30 15:45:00,1182
31474.383052,122.0179,122.02,122.015,122.11,121.94,2026-07-30 15:46:00,715
40835.883669,121.9543,122.015,121.91,122.03,121.87,2026-07-30 15:47:00,826
38023.649711,121.8472,121.87,121.81,121.91,121.76,2026-07-30 15:48:00,914
38136.548813,121.887,121.78,121.96,121.98,121.76,2026-07-30 15:49:00,1221
37744.140493,121.8367,121.9795,121.7,122.0,121.67,2026-07-30 15:50:00,979
39671.926201,121.6947,121.66,121.78,121.78,121.6,2026-07-30 15:51:00,808
58871.3005,121.5749,121.745,121.49,121.76,121.38,2026-07-30 15:52:00,1076
36805.173879,121.5862,121.545,121.575,121.68,121.5,2026-07-30 15:53:00,795
30915.337795,121.638,121.58,121.725,121.75,121.535,2026-07-30 15:54:00,656
34097.421304,121.7067,121.725,121.705,121.77,121.66,2026-07-30 15:55:00,680
27730.038893,121.6361,121.68,121.55,121.71,121.52,2026-07-30 15:56:00,719
50285.245187,121.4942,121.5107,121.44,121.545,121.4101,2026-07-30 15:57:00,862
60999.645093,121.2986,121.44,121.2,121.4695,121.1705,2026-07-30 15:58:00,1054
31461.103582,121.2009,121.16,121.19,121.29,121.1,2026-07-30 15:59:00,802
35224.425922,121.258,121.2,121.32,121.34,121.19,2026-07-30 16:00:00,819
38870.697466,121.434,121.24,121.56,121.58,121.24,2026-07-30 16:01:00,728
27927.733311,121.5635,121.56,121.63,121.67,121.51,2026-07-30 16:02:00,646
33466.682565,121.6763,121.65,121.61,121.77,121.61,2026-07-30 16:03:00,648
29561.51071,121.7115,121.63,121.735,121.78,121.63,2026-07-30 16:04:00,786
34428.872075,121.7632,121.75,121.73,121.83,121.69,2026-07-30 16:05:00,839
26325.385961,121.7132,121.745,121.66,121.777,121.66,2026-07-30 16:06:00,732
34062.99965,121.6057,121.64,121.515,121.709,121.51,2026-07-30 16:07:00,799
45326.389876,121.5109,121.52,121.55,121.6,121.4205,2026-07-30 16:08:00,779
28410.551337,121.5455,121.54,121.585,121.61,121.48,2026-07-30 16:09:00,761
24651.971248,121.6637,121.585,121.67,121.7499,121.575,2026-07-30 16:10:00,649
46292.752074,121.6683,121.6851,121.705,121.75,121.57,2026-07-30 16:11:00,884
35304.829991,121.6532,121.705,121.84,121.84,121.5601,2026-07-30 16:12:00,871
40904.807646,121.8474,121.82,121.85,121.9,121.79,2026-07-30 16:13:00,891
84661.318172,121.9288,121.8476,122.0392,122.08,121.8,2026-07-30 16:14:00,1273
62063.238448,122.0177,122.025,122.025,122.1,121.96,2026-07-30 16:15:00,893
46269.323207,121.9869,121.99,122.01,122.0699,121.92,2026-07-30 16:16:00,714
50378.480567,121.9033,122.015,121.95,122.0199,121.819,2026-07-30 16:17:00,805
29722.636498,121.8633,121.905,121.815,121.95,121.795,2026-07-30 16:18:00,543
37868.547088,121.7464,121.8014,121.7099,121.85,121.6426,2026-07-30 16:19:00,761
31947.931796,121.7131,121.7,121.715,121.7697,121.63,2026-07-30 16:20:00,609
24317.565358,121.7438,121.72,121.74,121.77,121.7,2026-07-30 16:21:00,500
41002.152826,121.8044,121.745,121.91,121.91,121.745,2026-07-30 16:22:00,695
27916.130213,121.8855,121.88,121.85,121.92,121.85,2026-07-30 16:23:00,698
25562.591506,121.8424,121.85,121.87,121.91,121.77,2026-07-30 16:24:00,503
15169.378515,121.8219,121.84,121.79,121.8999,121.78,2026-07-30 16:25:00,363
17373.941716,121.7992,121.76,121.82,121.8499,121.75,2026-07-30 16:26:00,383
22585.795331,121.8085,121.82,121.785,121.885,121.75,2026-07-30 16:27:00,467
23156.595487,121.7244,121.8,121.65,121.81,121.65,2026-07-30 16:28:00,533
32039.817025,121.6515,121.7,121.63,121.7,121.6,2026-07-30 16:29:00,612
38400.777306,121.6293,121.63,121.53,121.69,121.53,2026-07-30 16:30:00,540
43728.043419,121.4619,121.53,121.46,121.54,121.37,2026-07-30 16:31:00,631
21261.070172,121.5224,121.46,121.62,121.63,121.4201,2026-07-30 16:32:00,432
14815.611933,121.6159,121.62,121.59,121.69,121.57,2026-07-30 16:33:00,406
24877.051881,121.5419,121.585,121.6101,121.65,121.48,2026-07-30 16:34:00,561
23536.094674,121.6985,121.63,121.72,121.7595,121.58,2026-07-30 16:35:00,471
29049.571567,121.7862,121.76,121.8352,121.855,121.7201,2026-07-30 16:36:00,576
29089.887424,121.8458,121.82,121.82,121.91,121.7771,2026-07-30 16:37:00,548
17074.43289,121.8378,121.81,121.815,121.9069,121.7912,2026-07-30 16:38:00,500
24683.798706,121.7632,121.78,121.72,121.8399,121.7,2026-07-30 16:39:00,555
36341.664248,121.7129,121.725,121.68,121.8099,121.62,2026-07-30 16:40:00,673
20999.136939,121.6655,121.6401,121.66,121.7399,121.6,2026-07-30 16:41:00,509
17991.003351,121.6096,121.63,121.62,121.65,121.555,2026-07-30 16:42:00,427
25133.091254,121.6882,121.62,121.63,121.77,121.6001,2026-07-30 16:43:00,555
17902.022955,121.6099,121.63,121.5901,121.65,121.56,2026-07-30 16:44:00,420
17681.951508,121.6958,121.59,121.75,121.765,121.585,2026-07-30 16:45:00,428
28236.825678,121.8188,121.77,121.77,121.88,121.76,2026-07-30 16:46:00,458
17583.602106,121.7127,121.77,121.69,121.78,121.645,2026-07-30 16:47:00,416
16204.143831,121.6647,121.64,121.65,121.73,121.61,2026-07-30 16:48:00,401
17958.443549,121.6453,121.625,121.67,121.7,121.58,2026-07-30 16:49:00,408
20118.233776,121.6727,121.69,121.7101,121.76,121.59,2026-07-30 16:50:00,471
19186.976821,121.824,121.74,121.885,121.9,121.68,2026-07-30 16:51:00,501
27759.663754,121.8852,121.88,121.91,121.96,121.785,2026-07-30 16:52:00,541
26538.673341,121.8089,121.9007,121.755,121.9299,121.7,2026-07-30 16:53:00,523
37622.053977,121.7925,121.76,121.8,121.82,121.71,2026-07-30 16:54:00,549
34680.806331,121.7809,121.8,121.795,121.82,121.7409,2026-07-30 16:55:00,533
22457.605961,121.8006,121.8,121.7963,121.83,121.77,2026-07-30 16:56:00,438
38738.365445,121.7154,121.83,121.64,121.84,121.62,2026-07-30 16:57:00,627
20709.431076,121.5946,121.61,121.64,121.64,121.5509,2026-07-30 16:58:00,537
20574.773825,121.6271,121.62,121.675,121.675,121.565,2026-07-30 16:59:00,434
35003.764312,121.8108,121.69,121.825,121.8998,121.69,2026-07-30 17:00:00,618
25063.432495,121.8237,121.8299,121.825,121.87,121.7725,2026-07-30 17:01:00,572
22121.098998,121.7491,121.815,121.6801,121.82,121.65,2026-07-30 17:02:00,522
20105.328618,121.7619,121.72,121.75,121.82,121.68,2026-07-30 17:03:00,514
20435.332086,121.776,121.8,121.785,121.82,121.74,2026-07-30 17:04:00,471
22204.101757,121.8323,121.785,121.89,121.9,121.77,2026-07-30 17:05:00,500
25060.234733,121.8916,121.9,121.9314,121.97,121.84,2026-07-30 17:06:00,492
20400.169285,121.9246,121.94,121.93,121.9575,121.9,2026-07-30 17:07:00,441
53330.061891,122.0212,121.94,122.075,122.1,121.9,2026-07-30 17:08:00,655
55593.328589,122.1801,122.07,122.28,122.3,122.04,2026-07-30 17:09:00,853
80479.897012,122.3562,122.285,122.3934,122.4499,122.28,2026-07-30 17:10:00,908
35521.654077,122.2298,122.41,122.26,122.41,122.12,2026-07-30 17:11:00,630
35638.166066,122.2118,122.275,122.195,122.31,122.14,2026-07-30 17:12:00,646
122796.384608,122.2586,122.2,122.225,122.37,122.1,2026-07-30 17:13:00,3101
29197.361844,122.2628,122.23,122.24,122.3,122.225,2026-07-30 17:14:00,679
29637.618252,122.2666,122.22,122.25,122.3,122.22,2026-07-30 17:15:00,528
28375.618768,122.2908,122.26,122.3599,122.37,122.2,2026-07-30 17:16:00,511
20361.05544,122.3161,122.3222,122.26,122.4,122.2505,2026-07-30 17:17:00,397
27653.97873,122.214,122.275,122.19,122.28,122.13,2026-07-30 17:18:00,514
22564.45053,122.2408,122.195,122.23,122.27,122.195,2026-07-30 17:19:00,442
22455.711895,122.2557,122.23,122.285,122.29,122.22,2026-07-30 17:20:00,496
31509.872075,122.2608,122.28,122.3,122.34,122.1801,2026-07-30 17:21:00,549
29622.177241,122.23,122.35,122.11,122.36,122.1,2026-07-30 17:22:00,456
20244.729303,122.1629,122.11,122.21,122.22,122.1,2026-07-30 17:23:00,431
22293.868845,122.2383,122.2,122.33,122.35,122.1701,2026-07-30 17:24:00,410
24693.405034,122.3287,122.33,122.35,122.3699,122.2614,2026-07-30 17:25:00,449
22202.560044,122.3567,122.345,122.4187,122.42,122.3,2026-07-30 17:26:00,482
32962.188512,122.466,122.42,122.47,122.53,122.39,2026-07-30 17:27:00,639
23188.647602,122.4151,122.45,122.4199,122.48,122.3464,2026-07-30 17:28:00,468
19731.442968,122.3797,122.39,122.395,122.415,122.3405,2026-07-30 17:29:00,485
28103.997487,122.4228,122.39,122.47,122.5,122.3506,2026-07-30 17:30:00,597
20216.133425,122.469,122.43,122.45,122.51,122.424,2026-07-30 17:31:00,487
28861.264884,122.4055,122.419,122.36,122.475,122.35,2026-07-30 17:32:00,439
26498.739134,122.3353,122.37,122.2911,122.39,122.275,2026-07-30 17:33:00,506
25921.322916,122.237,122.31,122.205,122.32,122.17,2026-07-30 17:34:00,521
28748.430456,122.2774,122.18,122.3,122.34,122.18,2026-07-30 17:35:00,572
29765.991093,122.3355,122.3,122.37,122.39,122.27,2026-07-30 17:36:00,527
48646.412796,122.3692,122.38,122.285,122.4565,122.275,2026-07-30 17:37:00,867
33655.985031,122.2173,122.285,122.225,122.3199,122.14,2026-07-30 17:38:00,612
44015.159115,121.9694,122.225,122.17,122.225,122.13,2026-07-30 17:39:00,537
20396.248855,122.2297,122.18,122.22,122.26,122.17,2026-07-30 17:40:00,360
21485.974868,122.2521,122.23,122.28,122.3,122.1901,2026-07-30 17:41:00,454
13933.991129,122.2694,122.265,122.21,122.3,122.2,2026-07-30 17:42:00,325
24432.775705,122.3216,122.27,122.335,122.3616,122.27,2026-07-30 17:43:00,408
14487.198019,122.3,122.35,122.285,122.35,122.26,2026-07-30 17:44:00,378
55200.254517,122.208,122.26,122.15,122.3,122.14,2026-07-30 17:45:00,733
26394.505633,122.2313,122.14,122.29,122.31,122.14,2026-07-30 17:46:00,442
17689.715737,122.3019,122.3082,122.29,122.35,122.27,2026-07-30 17:47:00,410
20849.45795,122.3091,122.28,122.35,122.35,122.2701,2026-07-30 17:48:00,469
30573.189956,122.3445,122.33,122.36,122.38,122.31,2026-07-30 17:49:00,1157
40083.040837,122.3232,122.355,122.35,122.39,122.26,2026-07-30 17:50:00,820
16236.570454,122.3318,122.33,122.31,122.36,122.3,2026-07-30 17:51:00,417
32868.640254,122.2452,122.31,122.2,122.31,122.15,2026-07-30 17:52:00,563
17628.203086,122.2005,122.22,122.19,122.2399,122.155,2026-07-30 17:53:00,358
33931.334214,122.2358,122.18,122.2216,122.28,122.18,2026-07-30 17:54:00,383
12062.718498,122.2626,122.21,122.27,122.3,122.21,2026-07-30 17:55:00,331
20084.224657,122.3115,122.29,122.3366,122.35,122.265,2026-07-30 17:56:00,422
14178.660582,122.3456,122.32,122.345,122.37,122.31,2026-07-30 17:57:00,331
19827.001191,122.2834,122.345,122.255,122.35,122.2316,2026-07-30 17:58:00,356
23324.816289,122.2805,122.255,122.3,122.32,122.23,2026-07-30 17:59:00,433
63228.23373,122.303,122.305,122.165,122.355,122.165,2026-07-30 18:00:00,778
31186.71057,122.1379,122.15,122.095,122.195,122.07,2026-07-30 18:01:00,462
74647.793926,121.97,122.095,121.972,122.0999,121.82,2026-07-30 18:02:00,827
25597.538275,122.0526,122.0099,122.04,122.0799,122.0,2026-07-30 18:03:00,341
26908.462564,122.0335,122.0295,121.985,122.135,121.97,2026-07-30 18:04:00,383
23299.574352,122.0141,121.99,121.99,122.045,121.96,2026-07-30 18:05:00,434
24558.990592,121.9945,121.9821,121.995,122.0,121.9601,2026-07-30 18:06:00,341
21368.586771,121.9715,121.995,121.935,122.03,121.9101,2026-07-30 18:07:00,358
36891.230614,121.9007,121.91,121.91,121.955,121.86,2026-07-30 18:08:00,420
36401.739497,121.9427,121.91,121.92,121.99,121.9,2026-07-30 18:09:00,511
20472.227045,121.9488,121.92,121.97,122.01,121.9,2026-07-30 18:10:00,382
30472.519126,122.0781,121.975,122.15,122.16,121.9727,2026-07-30 18:11:00,478
38222.825369,122.2061,122.155,122.26,122.26,122.14,2026-07-30 18:12:00,559
21654.925299,122.2825,122.27,122.3,122.31,122.25,2026-07-30 18:13:00,370
26342.295643,122.2486,122.3,122.1601,122.31,122.1601,2026-07-30 18:14:00,427
37122.093835,122.1605,122.19,122.11,122.22,122.1,2026-07-30 18:15:00,574
26920.07821,122.0912,122.1233,122.04,122.149,122.03,2026-07-30 18:16:00,480
32933.321732,121.9516,122.0301,121.9,122.0301,121.8401,2026-07-30 18:17:00,589
21004.509452,121.9274,121.86,121.86,121.91,121.81,2026-07-30 18:18:00,421
22164.170867,121.8763,121.88,121.89,121.9,121.84,2026-07-30 18:19:00,408
19232.180798,121.8792,121.87,121.86,121.89,121.85,2026-07-30 18:20:00,403
25912.553713,121.9396,121.875,122.01,122.01,121.87,2026-07-30 18:21:00,467
30361.887572,122.0327,122.0,122.11,122.11,121.9866,2026-07-30 18:22:00,461
15076.191749,122.0981,122.12,122.09,122.174,122.06,2026-07-30 18:23:00,400
18132.631977,122.0886,122.095,122.07,122.12,122.06,2026-07-30 18:24:00,480
20867.282006,122.0779,122.07,122.065,122.12,122.04,2026-07-30 18:25:00,589
23123.329607,122.0551,122.08,122.05,122.09,122.01,2026-07-30 18:26:00,536
18320.977867,122.122,122.0601,122.1301,122.15,122.0601,2026-07-30 18:27:00,522
14750.41449,122.1213,122.13,122.15,122.17,122.09,2026-07-30 18:28:00,420
16737.034372,122.0886,122.14,122.0918,122.145,122.07,2026-07-30 18:29:00,365
23705.000865,122.1525,122.1,122.195,122.2,122.1,2026-07-30 18:30:00,530
20763.110872,122.099,122.18,122.065,122.18,122.03,2026-07-30 18:31:00,420
19856.951426,122.0305,122.08,122.0387,122.09,121.99,2026-07-30 18:32:00,469
13446.267958,122.0534,122.02,122.05,122.075,122.01,2026-07-30 18:33:00,324
16972.194575,122.0623,122.04,122.065,122.095,122.03,2026-07-30 18:34:00,390
16164.991724,122.0464,122.06,121.99,122.08,121.99,2026-07-30 18:35:00,434
26856.187479,121.9831,121.98,121.955,122.01,121.93,2026-07-30 18:36:00,441
22208.403433,121.8964,121.9694,121.845,121.9694,121.8347,2026-07-30 18:37:00,522
37144.803586,121.8729,121.86,121.84,121.9024,121.82,2026-07-30 18:38:00,620
37718.355985,121.8096,121.825,121.77,121.85,121.76,2026-07-30 18:39:00,681
21994.829488,121.851,121.77,121.87,121.89,121.77,2026-07-30 18:40:00,399
17479.255677,121.8589,121.86,121.84,121.88,121.82,2026-07-30 18:41:00,447
24066.041332,121.7897,121.8,121.76,121.81,121.75,2026-07-30 18:42:00,492
18907.571546,121.8217,121.77,121.83,121.86,121.77,2026-07-30 18:43:00,399
19057.739428,121.8902,121.86,121.89,121.92,121.855,2026-07-30 18:44:00,402
20945.233932,121.8875,121.89,121.9,121.91,121.87,2026-07-30 18:45:00,407
27918.797597,121.9719,121.905,122.03,122.03,121.9,2026-07-30 18:46:00,493
27027.291111,121.9991,122.04,121.98,122.05,121.9701,2026-07-30 18:47:00,434
28259.934872,121.903,121.97,121.84,121.97,121.825,2026-07-30 18:48:00,510
21124.538207,121.8458,121.835,121.855,121.86,121.8101,2026-07-30 18:49:00,439
23757.682417,121.8995,121.84,121.9,121.92,121.84,2026-07-30 18:50:00,523
28241.610675,121.9242,121.9,121.91,121.95,121.864,2026-07-30 18:51:00,507
14392.190669,121.9426,121.93,121.9098,121.985,121.9,2026-07-30 18:52:00,402
24508.980011,121.8646,121.875,121.82,121.89,121.82,2026-07-30 18:53:00,535
26270.546517,121.8854,121.825,121.84,121.89,121.825,2026-07-30 18:54:00,457
22030.44945,121.8557,121.84,121.86,121.87,121.8201,2026-07-30 18:55:00,450
24873.407523,121.827,121.85,121.84,121.85,121.77,2026-07-30 18:56:00,546
18957.331276,121.8527,121.85,121.86,121.875,121.8201,2026-07-30 18:57:00,460
25675.116415,121.8968,121.86,121.94,121.9499,121.86,2026-07-30 18:58:00,538
72326.344317,122.029,121.95,122.03,122.125,121.95,2026-07-30 18:59:00,650
22605.571576,122.0155,122.02,122.05,122.05,121.98,2026-07-30 19:00:00,554
18153.388001,121.9949,122.05,122.0,122.05,121.96,2026-07-30 19:01:00,431
20800.186629,122.0095,122.01,121.97,122.05,121.97,2026-07-30 19:02:00,491
37740.539393,121.9758,121.98,121.94,122.01,121.915,2026-07-30 19:03:00,728
28006.076026,121.9642,121.945,121.94,122.0,121.915,2026-07-30 19:04:00,608
109995.12557,121.7613,121.95,121.655,121.9527,121.63,2026-07-30 19:05:00,1857
109263.091325,121.6278,121.66,121.76,121.81,121.49,2026-07-30 19:06:00,1546
57093.615809,121.7592,121.76,121.745,121.8,121.7,2026-07-30 19:07:00,845
46437.731476,121.7606,121.74,121.8,121.8058,121.7,2026-07-30 19:08:00,753
60472.1539,121.8582,121.81,121.8799,121.91,121.81,2026-07-30 19:09:00,792
42373.591977,121.8979,121.87,121.895,121.93,121.86,2026-07-30 19:10:00,833
127781.546093,122.037,121.9,122.09,122.11,121.9,2026-07-30 19:11:00,1414
53348.933236,122.1024,122.1,122.21,122.21,122.05,2026-07-30 19:12:00,1016
52600.110156,122.1907,122.2055,122.2001,122.24,122.1605,2026-07-30 19:13:00,925
92598.566921,122.2956,122.21,122.38,122.42,122.195,2026-07-30 19:14:00,1460
37526.409926,122.3296,122.385,122.31,122.42,122.285,2026-07-30 19:15:00,614
83107.132985,122.2244,122.3,122.1701,122.325,122.17,2026-07-30 19:16:00,1073
69116.913122,122.1479,122.19,122.1,122.2,122.08,2026-07-30 19:17:00,813
75978.273308,122.0213,122.11,121.95,122.12,121.9301,2026-07-30 19:18:00,936
82039.25969,122.0467,121.95,122.03,122.15,121.94,2026-07-30 19:19:00,867
78375.801903,122.074,122.025,122.0001,122.16,122.0,2026-07-30 19:20:00,1192
66134.264044,122.0056,122.015,122.175,122.175,121.94,2026-07-30 19:21:00,1108
37629.117561,122.1578,122.18,122.19,122.25,122.095,2026-07-30 19:22:00,567
40735.215577,122.1844,122.19,122.22,122.23,122.12,2026-07-30 19:23:00,750
42204.890662,122.2582,122.225,122.19,122.33,122.19,2026-07-30 19:24:00,723
55857.757349,122.2635,122.185,122.28,122.3,122.185,2026-07-30 19:25:00,774
54981.036682,122.2944,122.275,122.295,122.34,122.255,2026-07-30 19:26:00,848
48692.051305,122.3389,122.295,122.39,122.44,122.27,2026-07-30 19:27:00,799
58979.739561,122.3345,122.39,122.37,122.41,122.28,2026-07-30 19:28:00,886
60995.605706,122.3784,122.38,122.34,122.435,122.31,2026-07-30 19:29:00,1029
46626.115687,122.3051,122.35,122.31,122.39,122.25,2026-07-30 19:30:00,865
41487.802155,122.3152,122.33,122.315,122.35,122.28,2026-07-30 19:31:00,769
58969.511652,122.2757,122.32,122.2,122.3499,122.19,2026-07-30 19:32:00,942
56156.918496,122.2283,122.2,122.34,122.34,122.155,2026-07-30 19:33:00,864
46729.421305,122.331,122.335,122.295,122.4077,122.29,2026-07-30 19:34:00,835
41653.190979,122.2624,122.295,122.2,122.32,122.2,2026-07-30 19:35:00,897
42621.399052,122.1314,122.2177,122.035,122.2177,122.035,2026-07-30 19:36:00,832
44306.783276,122.0597,122.035,122.11,122.12,122.0,2026-07-30 19:37:00,685
51209.125439,122.1612,122.0965,122.15,122.23,122.0901,2026-07-30 19:38:00,909
50208.820576,122.2124,122.17,122.23,122.2795,122.165,2026-07-30 19:39:00,733
41604.381593,122.2377,122.22,122.2,122.29,122.2,2026-07-30 19:40:00,940
40876.651798,122.1755,122.189,122.195,122.2,122.14,2026-07-30 19:41:00,803
54699.434461,122.1553,122.1901,122.18,122.205,122.11,2026-07-30 19:42:00,976
62151.286648,122.2857,122.19,122.335,122.37,122.19,2026-07-30 19:43:00,1044
43774.165406,122.2996,122.3399,122.33,122.3499,122.27,2026-07-30 19:44:00,832
49580.335247,122.357,122.33,122.29,122.44,122.27,2026-07-30 19:45:00,1116
47280.369759,122.2715,122.3,122.25,122.31,122.24,2026-07-30 19:46:00,831
43857.739751,122.2594,122.2432,122.295,122.315,122.2,2026-07-30 19:47:00,848
42900.992756,122.2965,122.3,122.29,122.31,122.27,2026-07-30 19:48:00,738
54827.429135,122.3476,122.28,122.44,122.45,122.24,2026-07-30 19:49:00,1025
108710.819214,122.2538,122.42,122.19,122.43,122.16,2026-07-30 19:50:00,2575
69675.059102,122.2064,122.18,122.17,122.26,122.1519,2026-07-30 19:51:00,1209
90487.351921,122.143,122.18,122.12,122.2,122.06,2026-07-30 19:52:00,1548
106403.337155,122.1104,122.12,121.985,122.1899,121.97,2026-07-30 19:53:00,1731
127425.178628,122.044,121.99,121.955,122.1,121.95,2026-07-30 19:54:00,1945
133687.351332,121.9718,121.95,121.92,122.11,121.875,2026-07-30 19:55:00,2253
131076.029374,121.9794,121.93,122.04,122.07,121.9,2026-07-30 19:56:00,2275
146373.035803,122.2044,122.05,122.31,122.32,122.05,2026-07-30 19:57:00,2259
211851.280513,122.3274,122.3,122.33,122.39,122.29,2026-07-30 19:58:00,3122
520591.243917,122.302,122.335,122.28,122.43,122.16,2026-07-30 19:59:00,6574
74588.462663,122.2633,122.26,122.39,122.39,122.0,2026-07-30 20:00:00,196
14513.027673,122.4174,122.53,122.4185,122.6,122.39,2026-07-30 20:01:00,206
17716.840606,122.485,122.5,122.5,122.5,122.4,2026-07-30 20:02:00,227
8961.0,122.4946,122.5,122.48,122.5,122.44,2026-07-30 20:03:00,98
2827.926765,122.3646,122.33,122.26,122.38,122.26,2026-07-30 20:04:00,94
1199.20614,122.3659,122.38,122.45,122.45,122.38,2026-07-30 20:05:00,55
3389.187041,122.1013,122.26,122.0496,122.26,122.01,2026-07-30 20:06:00,103
2448.802816,122.1473,122.0497,122.21,122.21,122.0497,2026-07-30 20:07:00,49
1225.719247,122.1669,122.15,122.15,122.15,122.15,2026-07-30 20:08:00,60
2590.0,122.1156,122.05,122.18,122.21,122.05,2026-07-30 20:09:00,25
2191.828152,122.1574,122.12,122.12,122.12,122.1,2026-07-30 20:10:00,58
44277.719946,122.2444,122.19,122.1405,122.2,122.1405,2026-07-30 20:11:00,69
1044.879729,122.3701,122.26,122.2,122.28,122.2,2026-07-30 20:12:00,48
4734.199681,122.2956,122.3151,122.4,122.4,122.28,2026-07-30 20:13:00,30
2203.239443,122.3235,122.4,122.11,122.4,122.11,2026-07-30 20:14:00,43
1839.434413,122.2871,122.1477,122.2986,122.3,122.1477,2026-07-30 20:15:00,52
1768.243046,122.2053,122.2502,122.2,122.2502,122.15,2026-07-30 20:16:00,66
4108.274734,122.1709,122.23,122.1514,122.23,122.11,2026-07-30 20:17:00,59
1552.414504,122.1958,122.19,122.23,122.23,122.1246,2026-07-30 20:18:00,84
1239.25,122.2088,122.185,122.17,122.2359,122.17,2026-07-30 20:19:00,54
2410.327048,122.271,122.2061,122.25,122.26,122.2061,2026-07-30 20:20:00,47
1064.304529,122.3667,122.4,122.3102,122.4,122.3102,2026-07-30 20:21:00,35
1564.54425,122.4139,122.3788,122.39,122.39,122.35,2026-07-30 20:22:00,46
3295.613509,122.3596,122.343,122.39,122.39,122.3039,2026-07-30 20:23:00,59
2590.309236,122.3711,122.345,122.3516,122.3886,122.33,2026-07-30 20:24:00,29
3314.830083,122.333,122.3047,122.31,122.32,122.3,2026-07-30 20:25:00,40
2130.028397,122.321,122.33,122.3368,122.35,122.33,2026-07-30 20:26:00,59
4662.139654,122.285,122.25,122.2889,122.3,122.2263,2026-07-30 20:27:00,50
758.19782,122.367,122.39,122.301,122.39,122.301,2026-07-30 20:28:00,43
5494.121145,122.3736,122.43,122.31,122.43,122.3,2026-07-30 20:30:00,236
3412.163419,122.3291,122.34,122.3399,122.4,122.3,2026-07-30 20:31:00,45
9935.449982,122.4455,122.34,122.2889,122.5,122.2889,2026-07-30 20:32:00,95
2044.312145,122.5042,122.4581,122.49,122.5,122.4581,2026-07-30 20:33:00,51
3706.321317,122.443,122.435,122.5,122.5,122.4014,2026-07-30 20:34:00,60
4453.742261,122.4681,122.4633,122.47,122.5,122.28,2026-07-30 20:35:00,83
4968.273507,122.455,122.4923,122.41,122.4923,122.41,2026-07-30 20:36:00,48
2128.111441,122.4239,122.45,122.45,122.45,122.4021,2026-07-30 20:37:00,84
1475.0,122.4265,122.41,122.4599,122.4599,122.41,2026-07-30 20:38:00,25
2798.842067,122.4994,122.4567,122.48,122.5,122.4567,2026-07-30 20:39:00,60
1226.024503,122.4603,122.4161,122.48,122.48,122.4161,2026-07-30 20:40:00,43
1091.0,122.4377,122.4435,122.4435,122.4435,122.4435,2026-07-30 20:41:00,50
1017.549226,122.5197,122.47,122.47,122.47,122.47,2026-07-30 20:43:00,46
5038.043991,122.4952,122.5,122.3218,122.5,122.3218,2026-07-30 20:44:00,46
1999.168367,122.4722,122.51,122.4112,122.51,122.4112,2026-07-30 20:45:00,90
2103.930969,122.4573,122.4005,122.4,122.4005,122.4,2026-07-30 20:46:00,23
464.206479,122.4563,122.38,122.38,122.38,122.38,2026-07-30 20:47:00,34
529.58832,122.5359,122.381,122.381,122.381,122.381,2026-07-30 20:49:00,16
735.020807,122.4564,122.45,122.45,122.48,122.45,2026-07-30 20:50:00,19
1402.294977,122.4829,122.4687,122.4737,122.4737,122.45,2026-07-30 20:51:00,18
1267.145016,122.4335,122.45,122.4,122.45,122.4,2026-07-30 20:52:00,51
594.0,122.4448,122.44,122.4736,122.4736,122.44,2026-07-30 20:53:00,17
1272.327193,122.4958,122.4736,122.4,122.48,122.4,2026-07-30 20:54:00,28
194790.466467,122.2623,122.4337,122.48,122.48,122.4337,2026-07-30 20:55:00,29
663.448718,122.6824,122.5,122.5,122.5,122.5,2026-07-30 20:56:00,24
3454.0,122.53,122.51,122.5494,122.55,122.5,2026-07-30 20:58:00,24
3415.163212,122.5545,122.55,122.55,122.55,122.5493,2026-07-30 20:59:00,25
7180.26377,122.5981,122.55,122.6,122.62,122.55,2026-07-30 21:00:00,76
1524.713621,122.7298,122.66,122.68,122.68,122.66,2026-07-30 21:01:00,16
1883.889051,122.7264,122.65,122.65,122.68,122.65,2026-07-30 21:02:00,34
2586.349154,122.4623,122.67,122.7353,122.75,122.67,2026-07-30 21:03:00,70
5599.540519,122.7872,122.74,122.73,122.8,122.73,2026-07-30 21:04:00,69
2567.334891,122.7897,122.75,122.8,122.8,122.75,2026-07-30 21:05:00,46
2840.586406,122.8018,122.74,122.8,122.8,122.7,2026-07-30 21:06:00,45
1024.081459,122.7547,122.8,122.6,122.8,122.6,2026-07-30 21:07:00,26
1251.746018,122.8505,122.77,122.8,122.8,122.71,2026-07-30 21:09:00,19
5031.040716,122.802,122.72,122.8028,122.84,122.6717,2026-07-30 21:10:00,59
2988.0,122.7144,122.76,122.773,122.773,122.64,2026-07-30 21:12:00,110
616.016291,122.7567,122.75,122.75,122.75,122.75,2026-07-30 21:13:00,25
2324.917013,122.8703,122.77,122.7502,122.8471,122.75,2026-07-30 21:14:00,18
558.684037,122.9489,122.8286,122.7701,122.8286,122.7701,2026-07-30 21:15:00,33
1572.003988,122.8231,122.85,122.81,122.85,122.7428,2026-07-30 21:16:00,47
845.847151,122.913,122.7418,122.7418,122.7418,122.7418,2026-07-30 21:17:00,33
2190.801755,122.8808,122.88,122.77,122.88,122.77,2026-07-30 21:18:00,68
764.219885,122.7902,122.7348,122.7348,122.7348,122.7348,2026-07-30 21:19:00,39
1337.530881,122.8398,122.75,122.75,122.8629,122.75,2026-07-30 21:20:00,49
769.437624,122.8597,122.7402,122.89,122.89,122.7402,2026-07-30 21:21:00,22
2080.941661,122.876,122.8,122.8794,122.8794,122.8,2026-07-30 21:23:00,21
2580.269978,122.8532,122.82,122.804,122.88,122.804,2026-07-30 21:24:00,51
979.49125,122.8849,122.82,122.843,122.843,122.82,2026-07-30 21:25:00,24
1626.667144,122.8733,122.8139,122.8676,122.8676,122.8,2026-07-30 21:26:00,18
2893.162538,122.8081,122.8,122.77,122.8475,122.77,2026-07-30 21:27:00,48
924.289515,122.8954,122.88,122.88,122.88,122.88,2026-07-30 21:28:00,39
928.449614,122.9247,122.8102,122.8953,122.9,122.8102,2026-07-30 21:29:00,25
1448.638566,122.9538,122.896,122.93,122.93,122.896,2026-07-30 21:30:00,42
1173.926136,122.9859,122.8824,122.8824,122.8824,122.8824,2026-07-30 21:31:00,17
1546.193983,122.9903,123.0,122.9867,123.0,122.95,2026-07-30 21:32:00,62
5873.604039,123.0154,123.0,123.08,123.08,123.0,2026-07-30 21:33:00,138
869.706416,123.143,123.01,123.01,123.01,123.01,2026-07-30 21:34:00,28
875.0,123.0429,123.01,123.08,123.08,123.01,2026-07-30 21:35:00,20
4548.92114,123.0629,123.01,123.03,123.0798,122.98,2026-07-30 21:36:00,32
2256.12534,123.0398,123.0,123.015,123.08,123.0,2026-07-30 21:37:00,41
1412.047042,123.0262,123.08,123.0,123.08,123.0,2026-07-30 21:38:00,32
3391.349649,123.0039,122.97,123.0062,123.0062,122.95,2026-07-30 21:39:00,39
1226.780947,123.1343,123.07,123.0,123.08,123.0,2026-07-30 21:40:00,35
1917.331196,123.0686,123.0,123.02,123.08,123.0,2026-07-30 21:43:00,41
589.753138,123.2181,123.012,123.07,123.0798,123.012,2026-07-30 21:44:00,20
2948.069483,123.095,123.08,123.1656,123.1656,123.06,2026-07-30 21:46:00,51
1481.101096,123.1636,123.176,123.19,123.19,123.11,2026-07-30 21:47:00,32
1033.016226,123.2346,123.1763,123.25,123.3,123.1763,2026-07-30 21:48:00,30
2228.083845,123.3137,123.29,123.4028,123.4028,123.29,2026-07-30 21:49:00,51
1742.71599,123.373,123.2506,123.25,123.35,123.25,2026-07-30 21:50:00,46
1361.464814,123.4159,123.36,123.39,123.39,123.36,2026-07-30 21:51:00,35
687.322105,123.3351,123.27,123.27,123.27,123.27,2026-07-30 21:52:00,25
9002.21501,123.2549,123.25,123.1981,123.35,123.11,2026-07-30 21:53:00,67
1264.098977,123.2025,123.14,123.2232,123.2232,123.14,2026-07-30 21:54:00,32
990.0,123.1578,123.15,123.15,123.15,123.15,2026-07-30 21:55:00,48
270.657774,123.4074,123.1,123.1,123.1,123.1,2026-07-30 21:57:00,21
639.485664,123.1606,123.05,123.0849,123.0849,123.05,2026-07-30 21:58:00,32
2302.591386,123.0319,123.0072,123.0,123.0072,123.0,2026-07-30 21:59:00,40
3754.0,122.9668,122.97,122.9,123.0,122.9,2026-07-30 22:00:00,37
5611.579796,123.1069,122.98,123.14,123.14,122.96,2026-07-30 22:01:00,50
1999.962966,123.3156,123.3153,123.35,123.35,123.2,2026-07-30 22:02:00,34
589.552196,123.2838,123.14,123.3083,123.3083,123.11,2026-07-30 22:03:00,20
886.663609,123.2558,123.21,123.308,123.308,123.1,2026-07-30 22:04:00,17
2416.0,123.2078,123.2,123.2,123.2,123.2,2026-07-30 22:05:00,23
2126.205662,123.1085,123.1,123.22,123.22,123.0,2026-07-30 22:08:00,48
644.455096,123.2584,123.23,123.23,123.23,123.23,2026-07-30 22:10:00,18
1362.653179,123.2342,123.2,123.2,123.2,123.2,2026-07-30 22:11:00,13
1529.05,123.1782,123.2,123.2,123.2,123.2,2026-07-30 22:13:00,21
1015.405975,123.1208,123.04,123.04,123.16,123.04,2026-07-30 22:14:00,29
1662.0,123.0351,123.05,123.02,123.05,123.0,2026-07-30 22:15:00,45
4581.42901,123.172,123.0,123.27,123.27,123.0,2026-07-30 22:17:00,46
3874.635152,123.154,123.03,123.0401,123.3,123.03,2026-07-30 22:18:00,29
641.172353,123.0582,123.01,123.0,123.01,123.0,2026-07-30 22:19:00,33
416.40591,123.2041,123.05,123.05,123.05,123.05,2026-07-30 22:20:00,24
890.246674,123.209,123.0383,123.12,123.2285,123.0383,2026-07-30 22:21:00,13
2852.456023,123.0987,123.08,123.04,123.08,123.04,2026-07-30 22:22:00,21
2116.214221,122.9378,123.04,122.85,123.04,122.85,2026-07-30 22:23:00,70
1203.519628,122.9306,122.8,123.07,123.07,122.8,2026-07-30 22:24:00,34
782.098307,122.9519,123.0,123.0,123.0,123.0,2026-07-30 22:26:00,38
592.208327,122.9545,122.8665,122.935,122.935,122.8665,2026-07-30 22:27:00,18
411.0,122.9314,122.9185,122.9185,122.9185,122.9185,2026-07-30 22:28:00,19
1431.290975,122.936,122.98,122.88,122.98,122.88,2026-07-30 22:30:00,49
1090.0,122.8346,122.81,122.81,122.81,122.81,2026-07-30 22:31:00,43
475.569198,122.9679,122.8,122.8,122.8,122.8,2026-07-30 22:32:00,16
485.0,122.8923,122.9998,122.86,122.9998,122.86,2026-07-30 22:36:00,17
296.0,122.9933,123.0,123.0,123.0,123.0,2026-07-30 22:37:00,17
608.121353,123.0487,123.0,123.09,123.09,123.0,2026-07-30 22:38:00,28
1527.121505,123.0622,123.0263,123.1,123.1,123.0263,2026-07-30 22:39:00,12
1018.857136,123.1435,123.0152,123.15,123.15,123.0,2026-07-30 22:40:00,17
359.081221,123.0824,123.05,123.05,123.05,123.05,2026-07-30 22:41:00,10
1244.373079,123.1525,123.1473,123.1473,123.1473,123.1473,2026-07-30 22:42:00,25
1147.009,123.1236,123.14,123.15,123.15,123.14,2026-07-30 22:43:00,18
1393.903032,123.2236,123.1348,123.15,123.15,123.1348,2026-07-30 22:44:00,34
1330.0,123.0296,123.0,122.9501,123.0,122.9501,2026-07-30 22:45:00,26
609.0,123.036,123.0253,123.0253,123.0253,123.0253,2026-07-30 22:48:00,13
1149.0,123.16,123.18,123.18,123.18,123.18,2026-07-30 22:49:00,14
287.812347,123.4923,123.2076,123.2076,123.2076,123.2076,2026-07-30 22:52:00,20
1075.0,123.0927,123.09,123.09,123.09,123.09,2026-07-30 22:53:00,8
671.0,123.1157,123.15,123.0445,123.15,123.0445,2026-07-30 22:54:00,12
431.05,123.1203,123.1488,123.0,123.1488,123.0,2026-07-30 22:56:00,15
2223.0,123.1635,123.1487,123.1989,123.1989,123.1487,2026-07-30 22:57:00,27
1667.334924,123.2827,123.2,123.2972,123.2972,123.2,2026-07-30 22:58:00,32
912.730223,123.3415,123.24,123.29,123.29,123.24,2026-07-30 23:01:00,21
496.876721,123.4688,123.2502,123.2502,123.2502,123.2502,2026-07-30 23:02:00,22
1563.525246,123.3123,123.28,123.25,123.28,123.25,2026-07-30 23:03:00,36
1186.2,123.3193,123.3,123.3,123.3,123.2975,2026-07-30 23:05:00,24
687.82,123.4404,123.2992,123.3,123.3,123.2992,2026-07-30 23:06:00,16
525.0,123.2965,123.3,123.3,123.3,123.3,2026-07-30 23:07:00,16
15076.58578,123.3047,123.3,123.3,123.3,123.3,2026-07-30 23:08:00,20
1043.184292,123.3059,123.295,123.29,123.295,123.29,2026-07-30 23:09:00,41
423.0,123.2396,123.25,123.25,123.25,123.25,2026-07-30 23:10:00,16
131.096849,123.3789,123.3,123.3,123.3,123.3,2026-07-30 23:11:00,14
309.081135,123.2995,123.27,123.27,123.27,123.27,2026-07-30 23:12:00,15
709.931347,123.4229,123.24,123.2274,123.2828,123.2274,2026-07-30 23:13:00,18
168.26282,123.4207,123.2318,123.2318,123.2318,123.2318,2026-07-30 23:14:00,6
722.687982,123.3208,123.2,123.2,123.2,123.2,2026-07-30 23:15:00,18
211.681135,123.5958,123.164,123.164,123.164,123.164,2026-07-30 23:17:00,12
822.0,123.2391,123.18,123.3,123.3,123.18,2026-07-30 23:20:00,24
681.0,123.2163,123.18,123.2,123.2,123.18,2026-07-30 23:21:00,14
268.399359,123.4396,123.2592,123.2592,123.2592,123.2592,2026-07-30 23:22:00,10
2376.749838,123.2381,123.225,123.1786,123.23,123.1786,2026-07-30 23:23:00,20
544.537236,123.3723,123.253,123.25,123.253,123.25,2026-07-30 23:24:00,16
4102.558636,123.2261,123.21,123.18,123.22,123.18,2026-07-30 23:25:00,43
574.0,123.1585,123.16,123.15,123.16,123.15,2026-07-30 23:26:00,27
594.008113,123.1582,123.1451,123.1451,123.1451,123.1451,2026-07-30 23:27:00,11
783.132044,123.196,123.2,123.13,123.2,123.13,2026-07-30 23:31:00,29
3915.0,123.2187,123.2331,123.2366,123.2764,123.0434,2026-07-30 23:33:00,17
660.960551,123.341,123.19,123.19,123.19,123.19,2026-07-30 23:34:00,7
595.0,123.2257,123.2366,123.2366,123.2366,123.2366,2026-07-30 23:35:00,7
297.0,123.1961,123.2231,123.2231,123.2231,123.2231,2026-07-30 23:36:00,10
4570.0,123.1597,123.16,123.16,123.16,123.16,2026-07-30 23:37:00,16
585.0,123.1517,123.15,123.15,123.15,123.15,2026-07-30 23:39:00,8
1521.0,123.0368,123.0341,123.0341,123.0341,123.0341,2026-07-30 23:40:00,8
916.0,123.2006,123.1186,123.22,123.22,123.1186,2026-07-30 23:41:00,27
3396.0,123.2246,123.22,123.2617,123.28,123.22,2026-07-30 23:45:00,13
187.0,123.2573,123.27,123.27,123.27,123.27,2026-07-30 23:46:00,8
561.0,123.2574,123.2681,123.2681,123.2681,123.2681,2026-07-30 23:47:00,21
381.5,123.3731,123.25,123.1824,123.25,123.1824,2026-07-30 23:48:00,12
530.33,123.2892,123.17,123.22,123.22,123.17,2026-07-30 23:49:00,16
1040.0,123.2269,123.24,123.2,123.24,123.2,2026-07-30 23:50:00,18
357.0,123.2381,123.2409,123.2409,123.2409,123.2409,2026-07-30 23:51:00,10
1631.0,123.2065,123.25,123.2688,123.2688,123.1786,2026-07-30 23:52:00,18
243.0,123.2598,123.2676,123.25,123.2676,123.25,2026-07-30 23:53:00,6
382.0,123.2786,123.28,123.28,123.28,123.28,2026-07-30 23:54:00,13
1667.0,123.2908,123.2783,123.2783,123.2783,123.2783,2026-07-30 23:55:00,44
1204.0,123.3969,123.2683,123.45,123.45,123.2683,2026-07-30 23:56:00,11
897.0,123.3363,123.35,123.34,123.35,123.32,2026-07-30 23:57:00,30
909.0,123.258,123.3263,123.25,123.3263,123.25,2026-07-30 23:58:00,29
390.001377,123.2104,123.2363,123.2484,123.2484,123.2363,2026-07-30 23:59:00,12
20203.209745,123.3461,123.3,123.21,123.54,123.02,2026-07-31 08:00:00,591
20258.410873,123.265,122.95,123.61,123.62,122.95,2026-07-31 08:01:00,658
26663.0,123.3999,123.61,123.45,123.61,123.3,2026-07-31 08:02:00,786
10068.480817,123.205,123.47,123.09,123.47,123.0,2026-07-31 08:03:00,578
10028.0,123.1464,123.07,123.56,123.56,122.91,2026-07-31 08:04:00,368
1599.165666,123.553,123.55,123.55,123.55,123.54,2026-07-31 08:05:00,46
635.244303,123.4716,123.6,123.6,123.6,123.6,2026-07-31 08:07:00,37
409.1027,123.5602,123.52,123.52,123.52,123.52,2026-07-31 08:08:00,28
2078.097874,123.6466,123.65,123.66,123.66,123.58,2026-07-31 08:09:00,61
8892.648538,123.7213,123.61,123.72,123.75,123.61,2026-07-31 08:10:00,83
1346.0,123.8463,123.86,123.85,123.86,123.83,2026-07-31 08:11:00,43
4486.0,123.844,123.85,123.87,123.87,123.8,2026-07-31 08:12:00,92
849.765542,123.9143,123.8,123.8,123.82,123.8,2026-07-31 08:15:00,24
716.0,123.7557,123.76,123.71,123.77,123.71,2026-07-31 08:16:00,23
1177.0,123.7427,123.75,123.74,123.75,123.74,2026-07-31 08:17:00,15
756.0,123.7506,123.755,123.7,123.755,123.7,2026-07-31 08:18:00,23
1893.0,123.7285,123.74,123.71,123.74,123.71,2026-07-31 08:19:00,46
746.0,123.7271,123.75,123.75,123.75,123.75,2026-07-31 08:20:00,19
568.0,123.6757,123.65,123.65,123.65,123.65,2026-07-31 08:22:00,28
1981.967842,123.683,123.62,123.62,123.62,123.62,2026-07-31 08:23:00,32
833.0,123.6512,123.65,123.65,123.65,123.65,2026-07-31 08:24:00,9
862.064378,123.8221,123.8,123.89,123.89,123.8,2026-07-31 08:25:00,49
260.0,123.8494,123.86,123.86,123.86,123.86,2026-07-31 08:26:00,10
1069.0,123.6906,123.72,123.72,123.72,123.72,2026-07-31 08:32:00,47
1751.753459,123.6666,123.51,123.57,123.72,123.51,2026-07-31 08:35:00,69
1273.0,123.621,123.6,123.6293,123.6293,123.6,2026-07-31 08:36:00,13
263.0,123.6157,123.7,123.7,123.7,123.7,2026-07-31 08:37:00,14
1498.203651,123.83,123.8709,123.55,123.8709,123.55,2026-07-31 08:38:00,11
982.404706,123.599,123.5497,123.5497,123.5497,123.5497,2026-07-31 08:39:00,17
3561.0,123.4039,123.42,123.43,123.5,123.3235,2026-07-31 08:40:00,72
450.0,123.4504,123.43,123.52,123.52,123.43,2026-07-31 08:41:00,17
326.0,123.5077,123.5162,123.5162,123.5162,123.5162,2026-07-31 08:44:00,12
832.0,123.524,123.55,123.5192,123.55,123.5192,2026-07-31 08:45:00,14
715.0,123.5556,123.55,123.55,123.55,123.55,2026-07-31 08:46:00,24
559.121569,123.7712,123.75,123.75,123.75,123.75,2026-07-31 08:48:00,19
594.095166,123.8052,123.77,123.78,123.8,123.77,2026-07-31 08:49:00,12
1911.0,123.7028,123.71,123.47,123.9,123.47,2026-07-31 08:52:00,62
1522.0,123.7934,123.78,123.81,123.81,123.77,2026-07-31 08:55:00,25
182.441371,124.1578,123.8654,123.8654,123.8654,123.8654,2026-07-31 08:58:00,6
450.278645,123.8767,123.8,123.8,123.8,123.8,2026-07-31 08:59:00,10
261.0,123.7813,123.79,123.79,123.79,123.79,2026-07-31 09:00:00,9
1410.0,123.5129,123.52,123.5,123.52,123.5,2026-07-31 09:05:00,39
458.0,123.4957,123.49,123.49,123.49,123.49,2026-07-31 09:06:00,16
194.0,123.6426,123.675,123.675,123.675,123.675,2026-07-31 09:10:00,8
1809.66044,123.5373,123.5,123.44,123.5,123.44,2026-07-31 09:11:00,51
439.0,123.405,123.4,123.4,123.4,123.4,2026-07-31 09:12:00,20
746.0,123.4935,123.5,123.5,123.5,123.5,2026-07-31 09:13:00,15
212.0,123.4992,123.5,123.5,123.5,123.5,2026-07-31 09:14:00,3
1061.0,123.4289,123.48,123.4858,123.49,123.37,2026-07-31 09:17:00,37
1551.0,123.4078,123.41,123.4,123.47,123.4,2026-07-31 09:18:00,21
759.0,123.5486,123.5,123.5,123.7008,123.5,2026-07-31 09:24:00,19
146.343956,123.897,123.66,123.66,123.66,123.66,2026-07-31 09:26:00,8
304.754722,123.8796,123.69,123.5,123.69,123.5,2026-07-31 09:30:00,15
416.0,123.4283,123.3719,123.44,123.44,123.3719,2026-07-31 09:33:00,14
126.746222,124.1817,123.46,123.46,123.46,123.46,2026-07-31 09:34:00,10
744.320594,123.4135,123.37,123.36,123.37,123.36,2026-07-31 09:35:00,37
291.0,123.305,123.3,123.3,123.3,123.3,2026-07-31 09:36:00,31
2030.0,123.3483,123.34,123.36,123.36,123.34,2026-07-31 09:37:00,56
2124.223231,123.3012,123.3,123.25,123.31,123.25,2026-07-31 09:39:00,65
603.0,123.2476,123.2383,123.2383,123.2383,123.2383,2026-07-31 09:40:00,13
398.121557,123.3358,123.3,123.3,123.3,123.3,2026-07-31 09:47:00,18
607.942448,123.4768,123.3,123.3,123.3,123.3,2026-07-31 09:48:00,20
222.009747,123.3719,123.35,123.35,123.35,123.35,2026-07-31 09:50:00,7
226.881369,123.7765,123.22,123.22,123.22,123.22,2026-07-31 09:51:00,10
271.0,123.3163,123.3,123.3,123.3,123.3,2026-07-31 09:52:00,9
247.0,123.3217,123.3,123.3,123.3,123.3,2026-07-31 09:53:00,10
335.0,123.2628,123.28,123.22,123.28,123.22,2026-07-31 09:55:00,7
278.0,123.2562,123.26,123.25,123.26,123.25,2026-07-31 09:57:00,10
1260.0,123.2443,123.34,123.2206,123.34,123.2206,2026-07-31 09:58:00,8
419.0,123.2737,123.27,123.27,123.27,123.27,2026-07-31 10:01:00,16
1022.0,123.2165,123.24,123.22,123.24,123.16,2026-07-31 10:02:00,47
436.795133,123.5273,123.31,123.31,123.31,123.31,2026-07-31 10:03:00,16
390.0,123.3386,123.26,123.4398,123.4398,123.26,2026-07-31 10:04:00,14
2301.0,123.3997,123.36,123.41,123.58,123.34,2026-07-31 10:09:00,64
1915.970399,123.1934,123.16,123.1,123.16,123.1,2026-07-31 10:16:00,86
2369.08052,123.0764,123.15,123.06,123.15,123.06,2026-07-31 10:17:00,19
1474.048811,123.1248,123.14,123.08,123.14,123.08,2026-07-31 10:19:00,36
498.607785,123.3729,123.2,123.26,123.26,123.2,2026-07-31 10:20:00,12
249.0,123.2149,123.22,123.22,123.22,123.22,2026-07-31 10:22:00,11
291.072541,123.2093,123.1459,123.1459,123.1459,123.1459,2026-07-31 10:23:00,11
604.0,123.2234,123.23,123.23,123.23,123.23,2026-07-31 10:24:00,26
818.0,123.1671,123.23,123.13,123.23,123.13,2026-07-31 10:32:00,15
305.0,123.0768,123.1,123.1,123.1,123.1,2026-07-31 10:33:00,33
6833.0,122.9931,123.04,122.91,123.04,122.9,2026-07-31 10:34:00,182
1264.0,122.92,122.92,122.9,122.92,122.9,2026-07-31 10:35:00,13
439.699361,123.2472,123.12,123.12,123.12,123.12,2026-07-31 10:37:00,15
984.0,123.0537,123.06,123.05,123.06,123.05,2026-07-31 10:41:00,15
2070.0,123.0036,123.0013,123.0013,123.0013,123.0013,2026-07-31 10:46:00,7
452.0,123.022,123.0,123.0,123.0,123.0,2026-07-31 10:48:00,31
1075.0,122.9913,123.0,122.99,123.0,122.98,2026-07-31 10:49:00,27
134.0,122.9164,122.9135,122.9135,122.9135,122.9135,2026-07-31 10:51:00,4
966.0,123.0101,123.01,123.01,123.01,123.01,2026-07-31 10:52:00,3
508.0,123.0096,123.01,123.01,123.01,123.01,2026-07-31 10:58:00,4
1043.0,123.0467,123.05,123.05,123.05,123.05,2026-07-31 10:59:00,7
8581.603103,122.9894,123.04,122.92,123.2682,122.81,2026-07-31 11:00:00,300
1475.744615,123.0095,122.9628,122.95,122.9628,122.9312,2026-07-31 11:01:00,45
8235.043694,122.7322,122.9668,122.6127,122.9738,122.6,2026-07-31 11:02:00,84
2222.150407,122.7338,122.75,122.67,122.9999,122.67,2026-07-31 11:03:00,51
2305.123346,122.696,122.7,122.6659,122.7,122.6509,2026-07-31 11:04:00,44
2340.008913,122.7095,122.76,122.68,122.76,122.65,2026-07-31 11:05:00,55
1162.651884,122.8711,122.6631,122.7245,122.8815,122.6631,2026-07-31 11:06:00,36
1418.044172,122.8654,122.7944,122.8915,122.8915,122.7944,2026-07-31 11:07:00,28
481.523211,123.0032,122.87,122.95,122.95,122.87,2026-07-31 11:08:00,24
1296.696914,122.7884,122.71,122.71,122.71,122.71,2026-07-31 11:09:00,20
3650.109083,122.6007,122.7,122.52,122.7,122.52,2026-07-31 11:10:00,119
8286.857348,122.51,122.51,122.4093,122.51,122.4093,2026-07-31 11:11:00,94
5511.117532,122.3605,122.41,122.5,122.55,122.3,2026-07-31 11:12:00,93
1862.285524,122.3897,122.54,122.4637,122.54,122.32,2026-07-31 11:13:00,28
4126.15,122.4225,122.47,122.42,122.5,122.3192,2026-07-31 11:14:00,57
2337.634643,122.3474,122.35,122.31,122.35,122.31,2026-07-31 11:15:00,67
1888.0,122.344,122.53,122.27,122.53,122.27,2026-07-31 11:16:00,47
3525.69768,122.3564,122.35,122.39,122.39,122.28,2026-07-31 11:17:00,43
1511.231997,122.5165,122.47,122.55,122.55,122.47,2026-07-31 11:18:00,41
3039.033002,122.573,122.5832,122.6,122.6,122.4794,2026-07-31 11:19:00,52
536.0,122.607,122.59,122.59,122.59,122.59,2026-07-31 11:20:00,20
289.340749,122.75,122.6,122.6,122.6,122.6,2026-07-31 11:21:00,16
770.938874,122.8003,122.79,122.57,122.79,122.57,2026-07-31 11:22:00,35
467.64294,122.7834,122.5,122.5,122.5,122.5,2026-07-31 11:23:00,25
895.782811,122.7697,122.75,122.6,122.75,122.5001,2026-07-31 11:24:00,25
828.950956,122.8143,122.6883,122.6866,122.6883,122.6695,2026-07-31 11:25:00,23
666.548893,122.7187,122.56,122.56,122.56,122.56,2026-07-31 11:27:00,28
1385.883215,122.6113,122.7,122.5,122.7,122.5,2026-07-31 11:28:00,45
1954.665,122.5483,122.5,122.45,122.5,122.45,2026-07-31 11:29:00,64
1833.692689,122.4907,122.5,122.3857,122.6,122.3857,2026-07-31 11:30:00,31
1633.490505,122.6145,122.5716,122.583,122.5916,122.5716,2026-07-31 11:31:00,23
632.732367,122.583,122.5739,122.42,122.5739,122.42,2026-07-31 11:32:00,33
1269.0,122.4454,122.41,122.4,122.47,122.4,2026-07-31 11:33:00,27
213.453965,122.6677,122.35,122.35,122.35,122.35,2026-07-31 11:34:00,15
390.0,122.505,122.5806,122.46,122.5806,122.46,2026-07-31 11:35:00,13
1420.271548,122.5432,122.5,122.5897,122.5897,122.5,2026-07-31 11:36:00,25
558.650695,122.68,122.56,122.55,122.56,122.55,2026-07-31 11:37:00,26
721.998,122.6917,122.5792,122.47,122.5792,122.47,2026-07-31 11:38:00,15
1625.98633,122.5912,122.5,122.56,122.5854,122.5,2026-07-31 11:39:00,43
1887.86373,122.4175,122.38,122.3,122.38,122.29,2026-07-31 11:40:00,56
1007.22312,122.3737,122.36,122.3,122.36,122.3,2026-07-31 11:41:00,26
438.969638,122.7166,122.45,122.45,122.45,122.45,2026-07-31 11:42:00,20
1387.0,122.3773,122.3457,122.58,122.58,122.34,2026-07-31 11:43:00,11
564.585649,122.5836,122.4752,122.4752,122.4752,122.4752,2026-07-31 11:45:00,20
926.824593,122.4635,122.34,122.34,122.34,122.34,2026-07-31 11:46:00,30
552.632646,122.4809,122.32,122.4101,122.4101,122.32,2026-07-31 11:47:00,14
11394.711722,122.4378,122.4299,122.45,122.45,122.38,2026-07-31 11:48:00,23
1001.0,122.4441,122.45,122.4274,122.45,122.4274,2026-07-31 11:49:00,27
1119.163239,122.4575,122.43,122.5137,122.5137,122.3819,2026-07-31 11:50:00,23
399.879325,122.77,122.5452,122.45,122.5452,122.45,2026-07-31 11:51:00,14
1825.985174,122.5765,122.52,122.46,122.6,122.46,2026-07-31 11:52:00,40
481.0,122.5716,122.6,122.6,122.6,122.6,2026-07-31 11:53:00,21
4414.648566,122.5395,122.52,122.55,122.55,122.52,2026-07-31 11:54:00,23
658.861863,122.6747,122.46,122.5783,122.5783,122.46,2026-07-31 11:55:00,28
927.0,122.4522,122.46,122.4208,122.46,122.4208,2026-07-31 11:56:00,22
767.0,122.4833,122.43,122.52,122.52,122.43,2026-07-31 11:57:00,30
2527.651862,122.5438,122.503,122.52,122.52,122.49,2026-07-31 11:58:00,39
391.170781,122.5409,122.49,122.5,122.5,122.49,2026-07-31 11:59:00,19
11882.0,122.5695,122.5993,122.41,122.5993,122.4,2026-07-31 12:00:00,63
242.163331,122.5541,122.5044,122.5044,122.5044,122.5044,2026-07-31 12:01:00,14
431.024119,122.3291,122.3,122.3,122.3,122.3,2026-07-31 12:02:00,20
1717.0,122.4083,122.31,122.4534,122.4534,122.31,2026-07-31 12:03:00,33
549.603306,122.6028,122.5,122.5,122.5,122.45,2026-07-31 12:04:00,13
421.94734,122.6387,122.37,122.37,122.37,122.37,2026-07-31 12:05:00,20
8681.56578,122.5247,122.33,122.66,122.71,122.33,2026-07-31 12:06:00,167
800.78736,122.7539,122.6003,122.7121,122.7121,122.6003,2026-07-31 12:07:00,13
2980.0,122.6113,122.6,122.6854,122.6854,122.6,2026-07-31 12:08:00,35
4054.482135,122.534,122.5879,122.5,122.5879,122.5,2026-07-31 12:09:00,23
2678.059147,122.5479,122.55,122.59,122.59,122.5,2026-07-31 12:10:00,34
921.39,122.6493,122.56,122.57,122.71,122.5004,2026-07-31 12:11:00,28
4928.00816,122.4823,122.55,122.48,122.6775,122.39,2026-07-31 12:12:00,56
517.244698,122.6488,122.69,122.5,122.69,122.5,2026-07-31 12:13:00,20
340.296727,122.6166,122.38,122.58,122.58,122.38,2026-07-31 12:15:00,16
207.40787,122.6676,122.44,122.44,122.44,122.44,2026-07-31 12:16:00,13
557.118092,122.5239,122.49,122.49,122.49,122.49,2026-07-31 12:18:00,21
541.208288,122.5709,122.49,122.52,122.6,122.49,2026-07-31 12:19:00,20
677.061219,122.4736,122.46,122.35,122.46,122.35,2026-07-31 12:20:00,34
2417.435792,122.4894,122.48,122.4135,122.56,122.39,2026-07-31 12:21:00,58
2548.518349,122.5766,122.3617,122.64,122.64,122.3617,2026-07-31 12:23:00,40
5341.707894,122.7611,122.58,122.6614,122.97,122.58,2026-07-31 12:24:00,90
1224.575024,122.7326,122.6624,122.6624,122.6624,122.6624,2026-07-31 12:27:00,13
3592.327662,122.651,122.69,122.8011,122.8011,122.6,2026-07-31 12:28:00,18
1458.0,122.7156,122.7792,122.7606,122.7792,122.7,2026-07-31 12:29:00,20
1945.784476,122.6477,122.6,122.6,122.75,122.49,2026-07-31 12:30:00,56
6387.089112,122.6664,122.6,122.68,122.75,122.6,2026-07-31 12:31:00,82
2058.446987,122.606,122.6,122.6,122.61,122.51,2026-07-31 12:32:00,54
197.262809,122.6697,122.44,122.44,122.44,122.44,2026-07-31 12:33:00,14
2253.48065,122.743,122.55,122.56,122.79,122.55,2026-07-31 12:34:00,43
3860.155975,122.6284,122.6,122.7187,122.7862,122.48,2026-07-31 12:35:00,83
1039.812539,122.7849,122.78,122.54,122.78,122.54,2026-07-31 12:36:00,29
632.0,122.543,122.5,122.5,122.5,122.5,2026-07-31 12:38:00,13
1399.034338,122.5984,122.59,122.6,122.6,122.59,2026-07-31 12:39:00,28
1681.029946,122.7686,122.68,122.9,122.9,122.68,2026-07-31 12:40:00,21
2696.707431,122.8016,122.7973,122.85,122.85,122.7,2026-07-31 12:41:00,25
724.325945,122.8477,122.8325,122.8325,122.8325,122.8325,2026-07-31 12:42:00,20
281.3,122.7597,122.61,122.61,122.61,122.61,2026-07-31 12:43:00,18
718.123992,122.6758,122.6155,122.6772,122.6772,122.6155,2026-07-31 12:45:00,19
1734.889099,122.6953,122.6155,122.65,122.65,122.6152,2026-07-31 12:46:00,25
3109.129154,122.6905,122.69,122.7,122.7,122.6155,2026-07-31 12:47:00,22
841.261249,122.6889,122.67,122.63,122.67,122.63,2026-07-31 12:48:00,24
2446.12664,122.6937,122.6664,122.7629,122.7629,122.62,2026-07-31 12:49:00,59
4803.481425,122.6306,122.63,122.58,122.7392,122.58,2026-07-31 12:50:00,91
369.440136,122.7809,122.59,122.7,122.7,122.59,2026-07-31 12:51:00,27
1757.547947,122.5821,122.51,122.55,122.7,122.51,2026-07-31 12:52:00,39
1174.258153,122.6234,122.59,122.59,122.59,122.59,2026-07-31 12:54:00,10
4088.549793,122.6161,122.6,122.6,122.6,122.59,2026-07-31 12:55:00,36
6889.824271,122.5218,122.5568,122.6,122.6,122.5,2026-07-31 12:56:00,65
325.326264,122.6392,122.5,122.5,122.5,122.5,2026-07-31 12:57:00,20
2951.490168,122.4942,122.47,122.47,122.47,122.46,2026-07-31 12:58:00,54
595.0,122.5237,122.45,122.45,122.45,122.45,2026-07-31 12:59:00,19
661.352484,122.5419,122.45,122.47,122.47,122.45,2026-07-31 13:00:00,16
824.235381,122.6353,122.61,122.61,122.61,122.61,2026-07-31 13:02:00,30
803.316182,122.6522,122.605,122.605,122.605,122.605,2026-07-31 13:03:00,43
1762.440438,122.5746,122.6199,122.47,122.6199,122.47,2026-07-31 13:04:00,51
8122.341131,122.4506,122.4692,122.36,122.47,122.36,2026-07-31 13:05:00,108
2859.519349,122.3716,122.4,122.3,122.4,122.3,2026-07-31 13:06:00,87
1313.300904,122.3952,122.4,122.4355,122.44,122.32,2026-07-31 13:07:00,36
11339.997897,122.2588,122.3,122.35,122.4069,122.2,2026-07-31 13:08:00,208
9482.825643,122.4269,122.323,122.25,122.5,122.1864,2026-07-31 13:09:00,146
1817.117362,122.2639,122.2543,122.25,122.274,122.22,2026-07-31 13:10:00,40
3691.957939,122.2018,122.16,122.1794,122.18,122.14,2026-07-31 13:11:00,78
2062.732978,122.2351,122.35,122.1882,122.35,122.14,2026-07-31 13:12:00,33
1940.065041,122.2343,122.18,122.3328,122.3328,122.18,2026-07-31 13:13:00,35
2423.223789,122.265,122.3437,122.2,122.3437,122.2,2026-07-31 13:14:00,39
153049.575484,124.21,122.34,123.51,125.52,122.34,2026-07-31 13:15:00,3234
14895.186195,123.6592,123.51,123.62,123.8,123.49,2026-07-31 13:16:00,167
14983.738974,123.3483,123.59,123.29,123.67,123.07,2026-07-31 13:17:00,209
17059.803761,123.2363,123.25,123.25,123.4,123.07,2026-07-31 13:18:00,196
16183.271089,123.2183,123.25,123.1006,123.3,123.0944,2026-07-31 13:19:00,133
4689.022083,123.0504,123.1,123.02,123.1,122.99,2026-07-31 13:20:00,148
6495.952852,123.1105,123.05,123.15,123.25,123.02,2026-07-31 13:21:00,102
9418.387375,123.0683,123.1,123.1914,123.1914,122.93,2026-07-31 13:22:00,127
5378.377532,123.1051,123.2,123.031,123.2,123.031,2026-07-31 13:23:00,76
6542.334723,123.0358,123.1,122.99,123.1,122.965,2026-07-31 13:24:00,133
8136.258106,122.5551,122.92,122.45,122.92,122.35,2026-07-31 13:25:00,187
14170.550426,122.3769,122.47,122.39,122.5,122.23,2026-07-31 13:26:00,108
951.913615,122.4441,122.25,122.2866,122.35,122.25,2026-07-31 13:27:00,43
10891.936498,122.2002,122.4,122.18,122.6,122.12,2026-07-31 13:28:00,221
19404.846242,122.2417,122.21,122.19,123.23,122.08,2026-07-31 13:29:00,328
739546.079349,121.9529,122.29,121.12,122.86,120.88,2026-07-31 13:30:00,6882
187947.277471,121.9794,121.05,122.31,122.7,121.0,2026-07-31 13:31:00,2529
199014.554856,122.3589,122.31,122.5401,122.6075,122.095,2026-07-31 13:32:00,2327
185178.224773,122.8466,122.55,122.705,123.2,122.54,2026-07-31 13:33:00,2595
172684.119382,122.831,122.6563,123.045,123.08,122.65,2026-07-31 13:34:00,2596
167269.075814,123.0933,123.0799,122.755,123.32,122.7057,2026-07-31 13:35:00,2212
275264.16248,122.3444,122.76,121.94,122.84,121.9,2026-07-31 13:36:00,2758
113995.543731,122.1076,121.91,122.245,122.34,121.87,2026-07-31 13:37:00,1762
109829.826572,122.1496,122.2,122.17,122.35,121.97,2026-07-31 13:38:00,1596
96237.399635,122.234,122.2,122.3629,122.41,122.0,2026-07-31 13:39:00,1448
185427.81343,122.6361,122.345,122.785,122.92,122.28,2026-07-31 13:40:00,1939
125737.888611,122.712,122.775,122.77,122.88,122.57,2026-07-31 13:41:00,1390
71784.176406,122.7524,122.7693,122.75,122.93,122.61,2026-07-31 13:42:00,1117
75687.227707,122.8004,122.78,122.775,122.92,122.64,2026-07-31 13:43:00,1101
100350.97712,122.9113,122.8084,122.6601,123.08,122.6401,2026-07-31 13:44:00,1293
98604.311424,122.7475,122.72,122.74,123.0,122.58,2026-07-31 13:45:00,1554
98430.826708,122.6115,122.635,122.9,122.9,122.461,2026-07-31 13:46:00,1510
94978.277799,123.0945,122.95,123.05,123.21,122.92,2026-07-31 13:47:00,1384
81367.734155,122.8793,123.05,122.99,123.05,122.72,2026-07-31 13:48:00,1475
74811.174407,122.8204,123.0,122.91,123.05,122.6,2026-07-31 13:49:00,1319
66298.0476,122.6843,122.895,122.54,122.92,122.4715,2026-07-31 13:50:00,1116
51714.117048,122.5848,122.58,122.525,122.68,122.43,2026-07-31 13:51:00,803
72767.427724,122.5521,122.511,122.5692,122.7,122.4,2026-07-31 13:52:00,1174
47794.669834,122.5488,122.5,122.48,122.68,122.47,2026-07-31 13:53:00,803
53062.446522,122.4871,122.485,122.49,122.59,122.37,2026-07-31 13:54:00,946
58234.888146,122.5394,122.52,122.4611,122.65,122.43,2026-07-31 13:55:00,1107
80419.690616,122.5436,122.44,122.77,122.77,122.38,2026-07-31 13:56:00,1063
63579.275322,122.7571,122.775,122.6,122.89,122.541,2026-07-31 13:57:00,918
54319.080119,122.615,122.615,122.5,122.7051,122.46,2026-07-31 13:58:00,716
43382.633444,122.5502,122.5,122.485,122.65,122.47,2026-07-31 13:59:00,763
75572.43576,122.3472,122.47,122.205,122.5999,122.15,2026-07-31 14:00:00,1204
69268.648899,122.178,122.205,122.25,122.39,122.02,2026-07-31 14:01:00,1080
74357.780221,121.9469,122.23,122.0,122.25,121.765,2026-07-31 14:02:00,1467
63918.748471,121.8253,122.04,121.76,122.115,121.6,2026-07-31 14:03:00,1032
62746.584865,121.6315,121.75,121.575,121.8399,121.4532,2026-07-31 14:04:00,1090
66682.318836,121.5994,121.57,121.66,121.725,121.49,2026-07-31 14:05:00,1389
61726.857754,121.6277,121.65,121.48,121.79,121.4401,2026-07-31 14:06:00,1457
87647.521246,121.3138,121.48,121.44,121.5,121.15,2026-07-31 14:07:00,1978
110032.735926,121.1249,121.46,121.12,121.475,120.93,2026-07-31 14:08:00,2266
88136.558445,121.2186,121.135,121.34,121.38,121.09,2026-07-31 14:09:00,2080
49502.188838,121.2285,121.3299,121.15,121.4275,121.03,2026-07-31 14:10:00,1167
46428.968223,121.1732,121.13,121.18,121.35,121.04,2026-07-31 14:11:00,1092
63887.161057,121.2243,121.15,121.045,121.38,121.045,2026-07-31 14:12:00,1090
76693.314277,121.0375,121.0699,120.995,121.12,120.9153,2026-07-31 14:13:00,1478
83471.118291,120.8727,120.97,120.95,120.99,120.74,2026-07-31 14:14:00,1641
98368.256291,120.5878,120.95,120.41,120.95,120.3801,2026-07-31 14:15:00,2233
246683.686993,120.0733,120.41,120.3399,120.41,119.875,2026-07-31 14:16:00,4867
115203.165857,120.2584,120.3,120.18,120.53,120.01,2026-07-31 14:17:00,1675
72031.377376,120.2088,120.175,120.1101,120.3687,120.06,2026-07-31 14:18:00,1328
120048.738659,120.1983,120.2199,120.16,120.39,120.0,2026-07-31 14:19:00,2068
81468.175573,120.364,120.12,120.5,120.555,120.07,2026-07-31 14:20:00,1242
130342.766192,120.4015,120.515,120.42,120.63,120.22,2026-07-31 14:21:00,1724
78849.946542,120.6109,120.455,120.618,120.7395,120.44,2026-07-31 14:22:00,1264
85848.297833,120.4032,120.62,120.26,120.64,120.2001,2026-07-31 14:23:00,1507
109297.627607,120.0293,120.29,120.02,120.29,119.87,2026-07-31 14:24:00,1995
54684.719389,120.0256,120.05,119.9711,120.16,119.88,2026-07-31 14:25:00,1247
92537.148767,119.9683,120.045,120.045,120.11,119.79,2026-07-31 14:26:00,1706
57065.611198,120.1881,120.02,120.46,120.5599,119.9201,2026-07-31 14:27:00,1147
91943.747477,120.5425,120.46,120.6,120.64,120.41,2026-07-31 14:28:00,1207
82370.924974,120.5204,120.595,120.48,120.6394,120.4201,2026-07-31 14:29:00,1375
94741.968978,120.4236,120.56,120.5897,120.6,120.31,2026-07-31 14:30:00,1193
77461.725484,120.6414,120.54,120.65,120.799,120.5,2026-07-31 14:31:00,1242
68560.027646,120.5246,120.665,120.5,120.665,120.34,2026-07-31 14:32:00,1347
44971.747464,120.3989,120.5,120.335,120.609,120.25,2026-07-31 14:33:00,1098
40412.326449,120.2181,120.32,120.15,120.32,120.1105,2026-07-31 14:34:00,999
48353.951928,120.2378,120.155,120.31,120.37,120.1,2026-07-31 14:35:00,1134
49564.492379,120.2836,120.34,120.33,120.38,120.2,2026-07-31 14:36:00,881
46731.42776,120.3023,120.3276,120.3,120.39,120.25,2026-07-31 14:37:00,965
44641.001073,120.2922,120.295,120.315,120.38,120.24,2026-07-31 14:38:00,984
41918.599393,120.2488,120.27,120.25,120.34,120.19,2026-07-31 14:39:00,1019
52956.281276,120.3579,120.25,120.33,120.445,120.22,2026-07-31 14:40:00,974
92884.688767,120.1244,120.36,119.981,120.39,119.981,2026-07-31 14:41:00,1691
150321.284984,119.8344,119.9977,119.96,120.0,119.62,2026-07-31 14:42:00,2246
83988.739272,119.986,119.9361,120.2311,120.2799,119.88,2026-07-31 14:43:00,1213
56275.880813,120.2438,120.28,120.29,120.35,120.14,2026-07-31 14:44:00,960
83171.715144,120.2551,120.26,120.21,120.35,120.19,2026-07-31 14:45:00,1281
41923.91417,120.2146,120.27,120.1259,120.3,120.12,2026-07-31 14:46:00,914
38972.119154,120.1893,120.09,120.17,120.25,120.08,2026-07-31 14:47:00,968
57878.279404,120.2853,120.19,120.355,120.4,120.14,2026-07-31 14:48:00,1213
79554.117064,120.4711,120.4,120.51,120.6,120.385,2026-07-31 14:49:00,1186
89632.511716,120.4614,120.5,120.41,120.57,120.35,2026-07-31 14:50:00,1241
36732.670028,120.4255,120.42,120.435,120.47,120.36,2026-07-31 14:51:00,783
41388.654531,120.3472,120.435,120.35,120.435,120.28,2026-07-31 14:52:00,1099
53180.53625,120.3726,120.34,120.445,120.46,120.31,2026-07-31 14:53:00,975
26853.36278,120.3688,120.445,120.3405,120.445,120.29,2026-07-31 14:54:00,790
26617.513789,120.3654,120.39,120.345,120.4363,120.29,2026-07-31 14:55:00,866
40585.597998,120.4091,120.345,120.4525,120.53,120.305,2026-07-31 14:56:00,842
53213.121967,120.4609,120.48,120.42,120.51,120.3601,2026-07-31 14:57:00,1020
30933.73169,120.409,120.39,120.43,120.48,120.32,2026-07-31 14:58:00,879
62688.931118,120.3562,120.44,120.32,120.44,120.3,2026-07-31 14:59:00,1263
72305.122022,120.3,120.3,120.26,120.38,120.211,2026-07-31 15:00:00,1378
81177.616841,120.2511,120.27,120.37,120.39,120.18,2026-07-31 15:01:00,1343
31559.278022,120.4407,120.37,120.43,120.545,120.34,2026-07-31 15:02:00,859
24294.574024,120.4394,120.43,120.475,120.5,120.39,2026-07-31 15:03:00,742
81443.012363,120.5707,120.475,120.69,120.71,120.45,2026-07-31 15:04:00,1315
97842.82326,120.6229,120.7,120.49,120.775,120.35,2026-07-31 15:05:00,1309
67189.894823,120.4893,120.53,120.34,120.55,120.3,2026-07-31 15:06:00,1116
70535.170079,120.3353,120.34,120.29,120.36,120.215,2026-07-31 15:07:00,999
76727.748906,120.1751,120.3099,120.07,120.3387,120.03,2026-07-31 15:08:00,1194
123689.753021,120.0416,120.08,120.2,120.25,119.95,2026-07-31 15:09:00,1740
66940.230959,120.1816,120.2,120.38,120.38,120.0,2026-07-31 15:10:00,910
49885.616648,120.2395,120.355,120.1899,120.36,120.13,2026-07-31 15:11:00,766
34155.328319,120.2537,120.165,120.475,120.475,120.12,2026-07-31 15:12:00,789
37365.657431,120.4695,120.4501,120.51,120.56,120.41,2026-07-31 15:13:00,751
104142.543865,120.4749,120.55,120.4,120.57,120.39,2026-07-31 15:14:00,1006
78015.19903,120.5132,120.4,120.5375,120.8,120.3501,2026-07-31 15:15:00,1298
1327517.577264,120.4606,120.535,120.27,120.555,120.2015,2026-07-31 15:16:00,1122
45121.65428,120.3707,120.255,120.45,120.5,120.23,2026-07-31 15:17:00,836
52474.216271,120.3496,120.45,120.3462,120.45,120.22,2026-07-31 15:18:00,871
50509.199957,120.3202,120.325,120.37,120.4,120.25,2026-07-31 15:19:00,897
40051.598598,120.3274,120.3608,120.295,120.38,120.25,2026-07-31 15:20:00,678
47163.470675,120.2499,120.34,120.14,120.38,120.14,2026-07-31 15:21:00,783
54096.960092,120.1598,120.11,120.2,120.3399,120.07,2026-07-31 15:22:00,1018
35484.153816,120.2041,120.25,120.225,120.26,120.13,2026-07-31 15:23:00,775
48234.063222,120.2029,120.235,120.27,120.29,120.14,2026-07-31 15:24:00,761
43980.455986,120.3548,120.28,120.395,120.44,120.28,2026-07-31 15:25:00,762
50464.811094,120.3714,120.395,120.315,120.48,120.28,2026-07-31 15:26:00,962
22334.617275,120.3284,120.31,120.3,120.39,120.28,2026-07-31 15:27:00,797
32958.574445,120.3888,120.34,120.415,120.48,120.28,2026-07-31 15:28:00,902
47332.606238,120.3744,120.415,120.375,120.44,120.28,2026-07-31 15:29:00,938
21139.301664,120.265,120.39,120.1985,120.4,120.1601,2026-07-31 15:30:00,754
22803.570002,120.3003,120.24,120.27,120.3801,120.2146,2026-07-31 15:31:00,779
14687.587256,120.2437,120.255,120.28,120.28,120.195,2026-07-31 15:32:00,586
26689.36847,120.2729,120.26,120.29,120.34,120.225,2026-07-31 15:33:00,769
36880.838028,120.2126,120.2585,120.295,120.33,120.13,2026-07-31 15:34:00,847
41153.326917,120.3978,120.33,120.45,120.47,120.3001,2026-07-31 15:35:00,778
46147.431529,120.4837,120.45,120.46,120.59,120.39,2026-07-31 15:36:00,879
43750.531271,120.4932,120.46,120.485,120.535,120.46,2026-07-31 15:37:00,932
74093.875731,120.6698,120.51,120.7,120.8,120.51,2026-07-31 15:38:00,971
46975.245778,120.6781,120.685,120.64,120.7399,120.62,2026-07-31 15:39:00,686
31350.285611,120.7977,120.675,120.8,120.88,120.675,2026-07-31 15:40:00,742
43117.973765,120.7256,120.8,120.665,120.8291,120.6212,2026-07-31 15:41:00,684
22787.019631,120.677,120.66,120.738,120.755,120.61,2026-07-31 15:42:00,643
26286.257629,120.8271,120.75,120.915,120.93,120.71,2026-07-31 15:43:00,689
70870.264399,121.0364,120.908,121.1001,121.18,120.908,2026-07-31 15:44:00,964
27148.263058,121.0158,121.12,121.04,121.14,120.91,2026-07-31 15:45:00,724
42448.272012,121.1324,121.0,121.115,121.23,120.98,2026-07-31 15:46:00,834
19490.338351,121.1249,121.12,121.09,121.19,121.0596,2026-07-31 15:47:00,576
40412.002848,121.0843,121.095,121.235,121.25,120.9701,2026-07-31 15:48:00,740
21206.925279,121.1926,121.2599,121.18,121.2999,121.09,2026-07-31 15:49:00,588
40244.208705,121.2822,121.15,121.45,121.47,121.09,2026-07-31 15:50:00,858
40275.936314,121.5166,121.48,121.63,121.65,121.42,2026-07-31 15:51:00,757
42084.886097,121.5981,121.63,121.7,121.74,121.5,2026-07-31 15:52:00,758
28116.471501,121.6135,121.71,121.67,121.71,121.54,2026-07-31 15:53:00,588
86502.88486,121.8824,121.67,121.8502,122.025,121.65,2026-07-31 15:54:00,1044
40791.962791,121.8668,121.87,121.9029,121.94,121.78,2026-07-31 15:55:00,612
52130.012431,121.9831,121.95,121.925,122.04,121.9,2026-07-31 15:56:00,854
41106.113942,121.8622,121.9,121.84,121.91,121.8001,2026-07-31 15:57:00,719
23061.790163,121.813,121.83,121.7201,121.92,121.7201,2026-07-31 15:58:00,627
39655.278875,121.7156,121.72,121.69,121.7699,121.6501,2026-07-31 15:59:00,689
64391.161063,121.8057,121.66,122.0,122.02,121.66,2026-07-31 16:00:00,962
34950.484721,121.95,122.02,121.86,122.03,121.855,2026-07-31 16:01:00,731
21753.888329,121.863,121.84,121.91,121.92,121.8,2026-07-31 16:02:00,588
16889.006518,121.9108,121.89,121.96,121.9699,121.8101,2026-07-31 16:03:00,566
54039.074297,122.0271,121.96,122.0481,122.11,121.95,2026-07-31 16:04:00,984
28575.616393,122.0141,122.03,121.901,122.09,121.901,2026-07-31 16:05:00,642
21684.288436,121.9088,121.9,121.87,121.9551,121.8506,2026-07-31 16:06:00,563
22934.690887,121.9078,121.87,121.9,121.95,121.8342,2026-07-31 16:07:00,570
20406.31894,121.8927,121.93,121.935,121.96,121.8008,2026-07-31 16:08:00,613
31944.558046,121.9773,121.9,121.9,122.0599,121.9,2026-07-31 16:09:00,656
19649.738815,121.9317,121.9,121.93,121.98,121.87,2026-07-31 16:10:00,575
24340.623103,121.987,121.93,121.96,122.08,121.91,2026-07-31 16:11:00,684
47043.698921,121.915,121.93,121.93,122.0,121.8301,2026-07-31 16:12:00,698
40028.503419,122.0469,121.95,122.15,122.15,121.945,2026-07-31 16:13:00,674
25826.820978,122.0595,122.14,122.09,122.17,121.96,2026-07-31 16:14:00,642
16499.496243,122.0966,122.09,122.09,122.15,122.03,2026-07-31 16:15:00,635
61702.91355,122.1758,122.055,122.2025,122.25,122.05,2026-07-31 16:16:00,1145
24707.293775,122.1879,122.19,122.225,122.24,122.12,2026-07-31 16:17:00,590
49130.451618,122.3009,122.23,122.37,122.4,122.21,2026-07-31 16:18:00,667
53805.405393,122.4666,122.385,122.49,122.5099,122.385,2026-07-31 16:19:00,720
101963.498122,122.4468,122.49,122.4999,122.505,122.3,2026-07-31 16:20:00,806
34735.863818,122.3832,122.46,122.4,122.49,122.31,2026-07-31 16:21:00,526
20197.890085,122.4333,122.3929,122.425,122.47,122.3929,2026-07-31 16:22:00,417
219079.889137,122.3193,122.44,122.28,122.44,122.27,2026-07-31 16:23:00,539
40959.608787,122.3764,122.28,122.4,122.45,122.28,2026-07-31 16:24:00,566
37063.280807,122.2872,122.4,122.23,122.4,122.2,2026-07-31 16:25:00,646
19456.445896,122.2037,122.24,122.28,122.29,122.11,2026-07-31 16:26:00,325
16555.429988,122.3129,122.3,122.27,122.35,122.27,2026-07-31 16:27:00,338
27674.300685,122.2567,122.27,122.32,122.32,122.2001,2026-07-31 16:28:00,540
47027.753941,122.3538,122.29,122.35,122.42,122.29,2026-07-31 16:29:00,516
21432.657623,122.4109,122.35,122.39,122.46,122.345,2026-07-31 16:30:00,461
43578.708537,122.4178,122.375,122.455,122.5,122.34,2026-07-31 16:31:00,590
22465.829073,122.4488,122.46,122.44,122.48,122.415,2026-07-31 16:32:00,470
41744.347001,122.4671,122.44,122.52,122.5499,122.4,2026-07-31 16:33:00,569
27366.351328,122.4573,122.51,122.46,122.51,122.43,2026-07-31 16:34:00,436
25921.207075,122.4489,122.45,122.45,122.48,122.4001,2026-07-31 16:35:00,515
21968.22251,122.433,122.4699,122.38,122.47,122.38,2026-07-31 16:36:00,403
18040.025666,122.4044,122.38,122.425,122.44,122.365,2026-07-31 16:37:00,439
36586.729301,122.4296,122.44,122.4101,122.47,122.4,2026-07-31 16:38:00,504
19679.174369,122.4585,122.45,122.47,122.48,122.42,2026-07-31 16:39:00,401
22588.811953,122.4991,122.47,122.5111,122.53,122.46,2026-07-31 16:40:00,444
26079.67387,122.5203,122.53,122.46,122.57,122.4599,2026-07-31 16:41:00,417
20725.48556,122.4603,122.45,122.505,122.52,122.42,2026-07-31 16:42:00,395
22617.688177,122.4955,122.52,122.46,122.52,122.45,2026-07-31 16:43:00,396
46813.349347,122.5183,122.465,122.515,122.5996,122.44,2026-07-31 16:44:00,570
48685.423712,122.4938,122.49,122.515,122.55,122.42,2026-07-31 16:45:00,527
58272.483338,122.5357,122.51,122.54,122.6,122.5,2026-07-31 16:46:00,495
25721.021675,122.5543,122.545,122.5199,122.61,122.5,2026-07-31 16:47:00,436
17280.47276,122.4918,122.5,122.4501,122.52,122.43,2026-07-31 16:48:00,380
36314.957566,122.4287,122.47,122.4,122.47,122.36,2026-07-31 16:49:00,540
22476.85851,122.3859,122.42,122.385,122.43,122.34,2026-07-31 16:50:00,439
33470.834831,122.3119,122.37,122.345,122.39,122.17,2026-07-31 16:51:00,609
21326.187349,122.2966,122.35,122.31,122.36,122.2101,2026-07-31 16:52:00,357
21612.476819,122.3226,122.31,122.315,122.35,122.2844,2026-07-31 16:53:00,389
21227.268167,122.2675,122.315,122.14,122.35,122.1255,2026-07-31 16:54:00,406
30892.375476,122.2265,122.15,122.315,122.36,122.145,2026-07-31 16:55:00,522
39673.073323,122.361,122.34,122.26,122.39,122.26,2026-07-31 16:56:00,527
14275.125116,122.2807,122.28,122.3001,122.34,122.22,2026-07-31 16:57:00,336
16249.59432,122.3275,122.33,122.28,122.3533,122.27,2026-07-31 16:58:00,374
17580.758495,122.272,122.28,122.171,122.3,122.171,2026-07-31 16:59:00,377
34590.697693,122.1519,122.19,122.21,122.24,122.04,2026-07-31 17:00:00,619
15774.539353,122.2374,122.23,122.245,122.27,122.185,2026-07-31 17:01:00,367
17233.543485,122.2212,122.24,122.25,122.26,122.18,2026-07-31 17:02:00,395
26028.048361,122.216,122.23,122.25,122.25,122.16,2026-07-31 17:03:00,412
22760.656681,122.2006,122.25,122.195,122.26,122.15,2026-07-31 17:04:00,387
21775.106433,122.2463,122.195,122.29,122.32,122.17,2026-07-31 17:05:00,439
19796.36272,122.269,122.3,122.22,122.32,122.21,2026-07-31 17:06:00,329
28685.663758,122.1364,122.2123,122.09,122.24,122.07,2026-07-31 17:07:00,485
49502.432034,122.1443,122.1,122.22,122.245,122.1,2026-07-31 17:08:00,651
17181.129878,122.2522,122.25,122.25,122.3,122.19,2026-07-31 17:09:00,303
39731.791139,122.3986,122.27,122.49,122.54,122.27,2026-07-31 17:10:00,601
43833.202966,122.4837,122.485,122.505,122.52,122.44,2026-07-31 17:11:00,386
33675.499965,122.5275,122.505,122.56,122.57,122.49,2026-07-31 17:12:00,391
23847.221007,122.5007,122.55,122.48,122.57,122.4001,2026-07-31 17:13:00,367
48388.177653,122.4692,122.48,122.515,122.5662,122.4358,2026-07-31 17:14:00,476
72140.636917,122.5514,122.51,122.515,122.62,122.485,2026-07-31 17:15:00,577
43255.577224,122.5266,122.5095,122.395,122.57,122.39,2026-07-31 17:16:00,528
30010.24345,122.3254,122.395,122.26,122.4,122.2415,2026-07-31 17:17:00,436
18448.085455,122.2985,122.26,122.26,122.33,122.26,2026-07-31 17:18:00,310
15201.127583,122.3361,122.275,122.345,122.36,122.275,2026-07-31 17:19:00,248
15255.420998,122.4361,122.37,122.43,122.4894,122.36,2026-07-31 17:20:00,282
39450.100881,122.4009,122.425,122.42,122.43,122.37,2026-07-31 17:21:00,274
15922.120311,122.4131,122.44,122.38,122.45,122.36,2026-07-31 17:22:00,315
31503.689422,122.4828,122.38,122.52,122.53,122.38,2026-07-31 17:23:00,536
91484.034908,122.6389,122.54,122.816,122.87,122.5,2026-07-31 17:24:00,954
55036.087543,122.8203,122.805,122.8,122.89,122.7738,2026-07-31 17:25:00,650
48186.096094,122.7712,122.81,122.7506,122.8199,122.72,2026-07-31 17:26:00,690
29471.117025,122.7591,122.76,122.77,122.8,122.7105,2026-07-31 17:27:00,576
26709.784851,122.838,122.77,122.8389,122.88,122.77,2026-07-31 17:28:00,404
27669.76087,122.8281,122.82,122.825,122.87,122.79,2026-07-31 17:29:00,427
55948.57637,122.8473,122.83,122.77,122.9,122.75,2026-07-31 17:30:00,1003
34040.438755,122.763,122.77,122.85,122.85,122.7,2026-07-31 17:31:00,699
39749.494517,122.8306,122.87,122.75,122.9,122.74,2026-07-31 17:32:00,795
86341.880275,122.9983,122.76,123.0301,123.1,122.755,2026-07-31 17:33:00,1133
45262.572818,122.9915,123.06,122.92,123.09,122.91,2026-07-31 17:34:00,697
34920.598559,122.8718,122.92,122.76,122.9398,122.76,2026-07-31 17:35:00,514
29828.511834,122.7236,122.735,122.666,122.81,122.64,2026-07-31 17:36:00,530
35448.675723,122.6642,122.66,122.68,122.71,122.62,2026-07-31 17:37:00,416
49943.084,122.6056,122.64,122.51,122.69,122.47,2026-07-31 17:38:00,782
31532.669607,122.499,122.51,122.46,122.52,122.45,2026-07-31 17:39:00,457
24477.040811,122.5046,122.45,122.57,122.57,122.415,2026-07-31 17:40:00,448
27899.188311,122.5729,122.5501,122.59,122.62,122.54,2026-07-31 17:41:00,409
22412.812446,122.5667,122.59,122.5483,122.6106,122.51,2026-07-31 17:42:00,422
24996.24887,122.5118,122.545,122.46,122.57,122.46,2026-07-31 17:43:00,537
16088.758724,122.4643,122.48,122.44,122.49,122.41,2026-07-31 17:44:00,342
88452.330066,122.6726,122.435,122.46,122.5,122.415,2026-07-31 17:45:00,470
22898.572416,122.4944,122.48,122.49,122.51,122.445,2026-07-31 17:46:00,345
27829.389495,122.4479,122.48,122.36,122.5,122.36,2026-07-31 17:47:00,413
35484.165377,122.3462,122.365,122.345,122.3995,122.31,2026-07-31 17:48:00,504
21765.724354,122.3543,122.35,122.31,122.39,122.2801,2026-07-31 17:49:00,348
30534.847229,122.373,122.31,122.42,122.43,122.29,2026-07-31 17:50:00,348
41338.734302,122.483,122.4,122.53,122.5495,122.3908,2026-07-31 17:51:00,515
38696.558723,122.526,122.54,122.5199,122.59,122.45,2026-07-31 17:52:00,551
11848.109119,122.5163,122.48,122.51,122.54,122.48,2026-07-31 17:53:00,256
18669.376979,122.5111,122.52,122.51,122.55,122.47,2026-07-31 17:54:00,317
26273.184152,122.5578,122.505,122.56,122.62,122.4601,2026-07-31 17:55:00,1482
22209.283,122.5128,122.56,122.45,122.57,122.45,2026-07-31 17:56:00,375
15724.975449,122.436,122.43,122.485,122.485,122.38,2026-07-31 17:57:00,350
13334.83958,122.4522,122.46,122.445,122.48,122.405,2026-07-31 17:58:00,261
48859.600561,122.4528,122.41,122.375,122.41,122.35,2026-07-31 17:59:00,392
28570.072289,122.4013,122.3886,122.42,122.45,122.3301,2026-07-31 18:00:00,470
20191.503205,122.3893,122.4,122.4,122.43,122.36,2026-07-31 18:01:00,269
20568.43437,122.3917,122.36,122.44,122.45,122.32,2026-07-31 18:02:00,393
21294.792969,122.4545,122.45,122.395,122.48,122.395,2026-07-31 18:03:00,339
23707.587455,122.3693,122.395,122.37,122.4131,122.32,2026-07-31 18:04:00,427
61414.087398,122.3001,122.35,122.255,122.35,122.22,2026-07-31 18:05:00,742
23791.405893,122.3272,122.26,122.33,122.37,122.26,2026-07-31 18:06:00,446
54488.195927,122.2166,122.32,122.18,122.34,122.15,2026-07-31 18:07:00,546
46836.987486,122.1732,122.1665,122.2,122.225,122.12,2026-07-31 18:08:00,569
14457.099877,122.1764,122.175,122.165,122.2,122.142,2026-07-31 18:09:00,309
22988.266288,122.2216,122.17,122.23,122.255,122.165,2026-07-31 18:10:00,417
23918.328375,122.1587,122.23,122.09,122.2393,122.09,2026-07-31 18:11:00,425
53412.201978,122.0268,122.09,122.01,122.1,121.96,2026-07-31 18:12:00,770
34839.737751,122.0065,122.0,122.07,122.08,121.95,2026-07-31 18:13:00,481
23218.130529,122.1037,122.07,122.1,122.16,122.05,2026-07-31 18:14:00,422
52003.613002,122.1015,122.1,122.11,122.14,122.08,2026-07-31 18:15:00,584
43679.656067,122.3233,122.1083,122.16,122.2,122.1072,2026-07-31 18:16:00,418
92835.827897,122.1718,122.1778,122.145,122.1994,122.125,2026-07-31 18:17:00,323
21564.889297,122.1823,122.1596,122.19,122.22,122.15,2026-07-31 18:18:00,354
13093.086817,122.1724,122.2,122.15,122.21,122.15,2026-07-31 18:19:00,256
26245.968032,122.2408,122.16,122.27,122.34,122.16,2026-07-31 18:20:00,392
27636.564278,122.3128,122.29,122.32,122.38,122.26,2026-07-31 18:21:00,411
28849.67372,122.3293,122.32,122.2801,122.37,122.28,2026-07-31 18:22:00,395
17752.384905,122.3337,122.31,122.335,122.37,122.31,2026-07-31 18:23:00,347
15398.44631,122.328,122.341,122.3,122.37,122.27,2026-07-31 18:24:00,336
21863.161929,122.2508,122.3099,122.235,122.31,122.21,2026-07-31 18:25:00,371
14451.852898,122.2618,122.22,122.26,122.2899,122.215,2026-07-31 18:26:00,323
28995.559361,122.1997,122.265,122.17,122.265,122.15,2026-07-31 18:27:00,520
17772.501547,122.1687,122.16,122.159,122.17,122.1401,2026-07-31 18:28:00,368
25384.669605,122.1383,122.15,122.175,122.2,122.07,2026-07-31 18:29:00,443
34051.540947,122.2195,122.1563,122.27,122.27,122.1563,2026-07-31 18:30:00,406
21176.32888,122.2193,122.27,122.22,122.27,122.172,2026-07-31 18:31:00,356
17239.519881,122.2215,122.24,122.205,122.25,122.18,2026-07-31 18:32:00,305
8945.555223,122.2122,122.2,122.2,122.22,122.18,2026-07-31 18:33:00,263
29047.248656,122.2431,122.195,122.23,122.3,122.18,2026-07-31 18:34:00,459
23813.893881,122.2122,122.22,122.26,122.26,122.16,2026-07-31 18:35:00,463
21752.899335,122.2855,122.27,122.23,122.33,122.23,2026-07-31 18:36:00,331
19097.030229,122.1995,122.22,122.22,122.235,122.15,2026-07-31 18:37:00,477
8715.695265,122.2374,122.2278,122.215,122.25,122.2051,2026-07-31 18:38:00,239
16108.77675,122.2163,122.23,122.2,122.24,122.16,2026-07-31 18:39:00,387
31772.428921,122.2731,122.22,122.339,122.37,122.2,2026-07-31 18:40:00,568
13922.36326,122.3494,122.33,122.355,122.38,122.3134,2026-07-31 18:41:00,313
19700.819316,122.3915,122.3696,122.4399,122.46,122.35,2026-07-31 18:42:00,366
23845.24761,122.4438,122.44,122.455,122.5,122.405,2026-07-31 18:43:00,377
13344.670135,122.4474,122.45,122.444,122.475,122.4,2026-07-31 18:44:00,279
32736.411322,122.509,122.435,122.49,122.58,122.43,2026-07-31 18:45:00,523
22988.211994,122.4808,122.49,122.45,122.5299,122.45,2026-07-31 18:46:00,446
20802.01961,122.4594,122.45,122.475,122.49,122.4301,2026-07-31 18:47:00,427
16946.080533,122.4859,122.475,122.53,122.535,122.45,2026-07-31 18:48:00,387
22561.59687,122.5457,122.53,122.59,122.59,122.51,2026-07-31 18:49:00,299
29762.834899,122.6161,122.59,122.64,122.66,122.57,2026-07-31 18:50:00,468
28287.991224,122.6627,122.63,122.7199,122.7199,122.62,2026-07-31 18:51:00,372
30037.065108,122.7063,122.72,122.72,122.74,122.68,2026-07-31 18:52:00,400
19374.194086,122.6921,122.7,122.68,122.72,122.6701,2026-07-31 18:53:00,391
18591.200123,122.6545,122.68,122.64,122.7,122.63,2026-07-31 18:54:00,351
34708.667102,122.6282,122.63,122.59,122.66,122.58,2026-07-31 18:55:00,619
30138.433102,122.5488,122.58,122.55,122.59,122.495,2026-07-31 18:56:00,479
21721.237966,122.5342,122.555,122.52,122.58,122.48,2026-07-31 18:57:00,454
19889.534623,122.5355,122.52,122.54,122.56,122.51,2026-07-31 18:58:00,403
23047.65761,122.5448,122.55,122.55,122.56,122.52,2026-07-31 18:59:00,426
38032.969035,122.6274,122.525,122.695,122.7099,122.51,2026-07-31 19:00:00,541
22858.274004,122.6314,122.695,122.6299,122.71,122.61,2026-07-31 19:01:00,372
23256.699817,122.6306,122.63,122.59,122.6655,122.59,2026-07-31 19:02:00,391
55691.05381,122.5301,122.59,122.53,122.59,122.48,2026-07-31 19:03:00,643
22090.120346,122.4853,122.53,122.4303,122.53,122.43,2026-07-31 19:04:00,462
35703.85274,122.446,122.45,122.49,122.5165,122.36,2026-07-31 19:05:00,577
24021.258896,122.4088,122.485,122.3701,122.4899,122.35,2026-07-31 19:06:00,433
35559.890703,122.3812,122.37,122.425,122.43,122.34,2026-07-31 19:07:00,474
22123.233529,122.4241,122.44,122.44,122.46,122.395,2026-07-31 19:08:00,451
24055.194067,122.4769,122.45,122.5,122.53,122.44,2026-07-31 19:09:00,346
22553.371627,122.4902,122.5,122.515,122.5318,122.465,2026-07-31 19:10:00,477
48338.427096,122.5641,122.53,122.56,122.6,122.51,2026-07-31 19:11:00,691
19123.610492,122.5555,122.54,122.59,122.6,122.5,2026-07-31 19:12:00,489
24197.314435,122.5546,122.57,122.57,122.595,122.53,2026-07-31 19:13:00,480
25390.422156,122.5835,122.57,122.62,122.62,122.5301,2026-07-31 19:14:00,475
60563.603214,122.7032,122.62,122.74,122.77,122.62,2026-07-31 19:15:00,854
29584.111255,122.7186,122.76,122.72,122.77,122.69,2026-07-31 19:16:00,615
46757.062482,122.7567,122.7101,122.815,122.829,122.7101,2026-07-31 19:17:00,656
80177.612893,122.922,122.815,123.0,123.03,122.81,2026-07-31 19:18:00,1069
66152.714477,122.9941,122.995,122.979,123.09,122.93,2026-07-31 19:19:00,777
34771.101768,122.9917,122.9575,123.02,123.045,122.95,2026-07-31 19:20:00,525
56497.379315,123.0828,123.02,123.095,123.12,123.02,2026-07-31 19:21:00,730
48706.140889,123.1181,123.095,123.04,123.17,123.02,2026-07-31 19:22:00,832
44658.217151,122.9835,123.04,122.92,123.06,122.915,2026-07-31 19:23:00,860
45506.787304,122.9199,122.93,122.8816,122.96,122.87,2026-07-31 19:24:00,743
34923.37654,122.7769,122.86,122.73,122.86,122.68,2026-07-31 19:25:00,577
26010.118011,122.8107,122.73,122.83,122.8602,122.73,2026-07-31 19:26:00,486
31682.05321,122.8315,122.85,122.835,122.86,122.78,2026-07-31 19:27:00,578
28048.151686,122.8136,122.85,122.815,122.85,122.77,2026-07-31 19:28:00,551
28888.619117,122.7988,122.815,122.83,122.84,122.77,2026-07-31 19:29:00,523
50721.862485,122.7126,122.83,122.68,122.83,122.62,2026-07-31 19:30:00,1004
40491.430975,122.674,122.69,122.62,122.72,122.6,2026-07-31 19:31:00,744
48232.249925,122.5756,122.615,122.615,122.62,122.53,2026-07-31 19:32:00,739
36836.15004,122.6011,122.62,122.57,122.675,122.535,2026-07-31 19:33:00,604
31393.684389,122.6046,122.56,122.65,122.68,122.54,2026-07-31 19:34:00,597
49190.633312,122.6372,122.64,122.62,122.68,122.6,2026-07-31 19:35:00,754
36878.592428,122.6827,122.63,122.745,122.78,122.63,2026-07-31 19:36:00,606
37585.336105,122.7163,122.7205,122.74,122.76,122.69,2026-07-31 19:37:00,586
37564.415236,122.7683,122.74,122.8,122.82,122.73,2026-07-31 19:38:00,601
47486.258125,122.8127,122.78,122.78,122.83,122.78,2026-07-31 19:39:00,685
41608.710731,122.7812,122.77,122.77,122.83,122.75,2026-07-31 19:40:00,631
56179.793202,122.6884,122.765,122.6199,122.77,122.6,2026-07-31 19:41:00,837
41437.767768,122.6384,122.6,122.66,122.69,122.59,2026-07-31 19:42:00,629
38427.740946,122.6927,122.67,122.74,122.745,122.655,2026-07-31 19:43:00,795
33067.115491,122.7499,122.74,122.755,122.79,122.715,2026-07-31 19:44:00,587
77740.929624,122.8059,122.755,122.8,122.86,122.75,2026-07-31 19:45:00,1097
47421.006069,122.8676,122.81,122.86,122.92,122.8038,2026-07-31 19:46:00,831
56044.545282,122.905,122.87,122.9701,122.985,122.86,2026-07-31 19:47:00,894
68034.645136,122.9948,122.97,123.07,123.09,122.94,2026-07-31 19:48:00,842
95151.095333,123.1649,123.07,123.214,123.29,123.0401,2026-07-31 19:49:00,1470
115764.811097,123.2519,123.19,123.195,123.33,123.18,2026-07-31 19:50:00,1979
116012.510446,123.1167,123.1869,123.105,123.195,123.03,2026-07-31 19:51:00,1738
75288.254712,123.1716,123.105,123.21,123.239,123.105,2026-07-31 19:52:00,1072
109226.991445,123.2762,123.22,123.35,123.37,123.21,2026-07-31 19:53:00,1672
134432.328396,123.2846,123.35,123.2,123.39,123.19,2026-07-31 19:54:00,2175
243372.995661,123.0905,123.22,123.105,123.23,122.85,2026-07-31 19:55:00,3912
144990.639716,123.1641,123.11,123.175,123.215,123.1,2026-07-31 19:56:00,2239
216279.366564,123.1842,123.18,123.185,123.245,123.15,2026-07-31 19:57:00,2647
252326.607327,123.2187,123.18,123.24,123.305,123.12,2026-07-31 19:58:00,3097
485186.575467,123.1327,123.245,123.07,123.26,123.01,2026-07-31 19:59:00,5883
91717.119751,123.0598,123.06,123.1,123.14,122.8596,2026-07-31 20:00:00,216
1288.074852,123.0277,123.01,123.0,123.01,123.0,2026-07-31 20:01:00,53
7157.355721,122.9835,122.91,122.9,122.9981,122.89,2026-07-31 20:02:00,105
4656.523332,122.9468,123.0,122.82,123.0,122.82,2026-07-31 20:03:00,48
2277.353207,122.8505,122.88,122.9,122.9,122.77,2026-07-31 20:04:00,74
5928.552014,122.8397,122.82,122.82,122.86,122.82,2026-07-31 20:05:00,131
6513.843558,122.8618,122.82,122.9,122.98,122.81,2026-07-31 20:06:00,67
1866.201737,122.9193,122.9792,122.87,122.9792,122.87,2026-07-31 20:07:00,39
10039.008134,122.9408,122.93,122.92,122.94,122.9,2026-07-31 20:08:00,71
8032.880719,122.934,122.92,122.99,122.99,122.9,2026-07-31 20:09:00,90
4263.712801,123.0658,122.95,122.95,122.95,122.95,2026-07-31 20:10:00,36
2077.20115,122.9272,122.93,122.9,122.93,122.9,2026-07-31 20:11:00,30
2010.578412,122.9316,122.9,122.89,122.9,122.89,2026-07-31 20:12:00,24
791.887392,123.0084,122.85,122.85,122.85,122.85,2026-07-31 20:13:00,28
1380.111843,122.8447,122.85,122.8592,122.8592,122.82,2026-07-31 20:14:00,59
2277.837963,122.915,122.8461,122.89,122.89,122.8461,2026-07-31 20:15:00,42
275.003784,122.8718,122.86,122.86,122.86,122.86,2026-07-31 20:16:00,23
3426.224054,122.8973,122.89,122.8986,122.8986,122.8897,2026-07-31 20:17:00,49
247.931334,123.4414,123.0,123.0,123.0,123.0,2026-07-31 20:18:00,19
1540.97558,122.9844,122.9,122.89,122.9,122.89,2026-07-31 20:19:00,49
610.580978,123.0722,122.98,122.96,122.98,122.96,2026-07-31 20:20:00,18
586.463759,123.0384,122.94,122.94,122.94,122.94,2026-07-31 20:21:00,32
1309.306636,123.0071,122.94,123.0,123.0,122.94,2026-07-31 20:25:00,25
1730.901703,123.0591,122.9845,123.0,123.0,122.9845,2026-07-31 20:26:00,39
2165.552845,122.9911,122.99,123.0,123.0,122.9201,2026-07-31 20:27:00,48
1186.0,122.9842,122.97,123.0,123.0,122.97,2026-07-31 20:28:00,34
455.695826,123.1332,122.96,122.96,122.96,122.96,2026-07-31 20:29:00,39
1122.280765,122.9609,122.92,122.95,122.95,122.91,2026-07-31 20:30:00,43
2673.550918,122.9402,122.95,122.86,122.96,122.86,2026-07-31 20:31:00,68
3256.777102,122.9143,122.86,122.9,122.9,122.86,2026-07-31 20:32:00,42
301.860595,123.2863,122.9102,122.9102,122.9102,122.9102,2026-07-31 20:33:00,14
8457.16064,123.0023,122.9989,123.01,123.01,122.9989,2026-07-31 20:34:00,42
2048.715576,123.0411,122.93,123.09,123.09,122.92,2026-07-31 20:35:00,50
3748.049289,123.1497,123.13,123.1725,123.2,123.13,2026-07-31 20:36:00,70
1533.888834,123.1842,123.16,123.06,123.2013,123.0369,2026-07-31 20:38:00,42
2143.0,123.0643,123.13,123.13,123.13,123.13,2026-07-31 20:39:00,14
529.414337,123.1908,123.1,123.1,123.1,123.1,2026-07-31 20:40:00,14
885.046116,123.0589,123.0324,123.03,123.08,123.03,2026-07-31 20:42:00,29
1279.000082,123.0471,123.02,123.09,123.1,123.02,2026-07-31 20:43:00,31
6714.0,123.0546,123.0162,123.0776,123.0776,123.01,2026-07-31 20:45:00,16
1003.1869,123.0958,123.08,123.01,123.1,123.01,2026-07-31 20:47:00,26
3631.040621,123.0203,123.0177,123.04,123.06,122.95,2026-07-31 20:48:00,76
584.0243,123.054,123.045,123.0479,123.0479,123.045,2026-07-31 20:49:00,11
683.99985,123.2217,123.05,123.05,123.05,123.0461,2026-07-31 20:50:00,18
621.390957,123.0852,123.01,123.012,123.012,123.01,2026-07-31 20:51:00,27
4362.585034,122.8705,122.9,122.8,122.9,122.8,2026-07-31 20:53:00,130
2311.171244,122.8208,122.7509,122.84,122.84,122.7509,2026-07-31 20:54:00,63
929.0,122.935,122.88,122.942,122.98,122.88,2026-07-31 20:55:00,17
2014.268653,122.8097,122.83,122.6363,122.9269,122.6363,2026-07-31 20:56:00,64
1397.274324,122.7349,122.65,122.77,122.77,122.65,2026-07-31 20:57:00,43
1974.07514,122.673,122.65,122.75,122.84,122.6,2026-07-31 20:58:00,42
4093.0,122.5561,122.7,122.52,122.7,122.51,2026-07-31 20:59:00,93
2508.711448,122.6205,122.56,122.85,122.85,122.51,2026-07-31 21:00:00,56
692.572162,122.8703,122.803,122.85,122.85,122.803,2026-07-31 21:02:00,14
2101.676202,122.7556,122.75,122.6993,122.75,122.6993,2026-07-31 21:05:00,24
2958.478139,122.7681,122.75,122.75,122.75,122.75,2026-07-31 21:06:00,25
3109.0,122.8146,122.7447,122.838,122.838,122.7447,2026-07-31 21:07:00,39
2396.0,122.8259,122.84,122.85,122.85,122.81,2026-07-31 21:08:00,25
2812.509261,122.8654,122.7805,122.85,122.85,122.7805,2026-07-31 21:09:00,46
185.592299,123.2191,122.8387,122.8387,122.8387,122.8387,2026-07-31 21:10:00,13
755.046395,122.8461,122.8,122.85,122.85,122.8,2026-07-31 21:11:00,30
1443.014455,122.8424,122.82,122.85,122.85,122.793,2026-07-31 21:12:00,31
1190.829742,122.9338,122.8493,122.85,122.85,122.8493,2026-07-31 21:14:00,26
3017.692917,122.8645,122.84,122.85,122.85,122.8,2026-07-31 21:15:00,47
523.017443,122.7639,122.85,122.85,122.85,122.85,2026-07-31 21:17:00,29
475.05569,122.7345,122.65,122.65,122.65,122.65,2026-07-31 21:18:00,30
244.407216,122.9237,122.7,122.7,122.7,122.7,2026-07-31 21:19:00,14
257.00904,122.7949,122.7981,122.8,122.8,122.7981,2026-07-31 21:20:00,11
559.698527,122.8903,122.714,122.714,122.714,122.714,2026-07-31 21:21:00,23
2029.018154,122.7209,122.66,122.78,122.78,122.65,2026-07-31 21:23:00,24
1332.264807,122.7832,122.836,122.84,122.84,122.836,2026-07-31 21:26:00,37
579.0,122.6658,122.68,122.66,122.68,122.66,2026-07-31 21:27:00,15
725.840749,122.8264,122.72,122.72,122.72,122.72,2026-07-31 21:28:00,26
1883.89918,122.6997,122.63,122.64,122.6987,122.63,2026-07-31 21:29:00,15
412.115979,122.7053,122.7,122.7,122.7,122.7,2026-07-31 21:30:00,19
5154.223247,122.6107,122.64,122.6,122.64,122.6,2026-07-31 21:31:00,37
2687.386951,122.6296,122.6,122.6741,122.6741,122.6,2026-07-31 21:33:00,13
293.000688,122.6701,122.67,122.68,122.68,122.67,2026-07-31 21:34:00,11
144.081512,122.7169,122.6403,122.6403,122.6403,122.6403,2026-07-31 21:37:00,7
1379.285318,122.7012,122.7186,122.69,122.7186,122.65,2026-07-31 21:38:00,15
462.54011,122.798,122.65,122.65,122.65,122.65,2026-07-31 21:39:00,15
1971.0,122.6046,122.63,122.59,122.63,122.59,2026-07-31 21:40:00,14
1013.111724,122.5966,122.59,122.56,122.59,122.56,2026-07-31 21:41:00,22
12106.285411,122.5625,122.5502,122.56,122.56,122.5502,2026-07-31 21:42:00,12
1591.352743,122.5828,122.55,122.5639,122.5639,122.55,2026-07-31 21:45:00,17
259.81566,122.9466,122.56,122.56,122.56,122.56,2026-07-31 21:46:00,9
274.465901,122.781,122.5514,122.5514,122.5514,122.5514,2026-07-31 21:47:00,19
2016.962479,122.6461,122.55,122.6,122.6,122.55,2026-07-31 21:48:00,11
339.0,122.6031,122.6,122.6,122.6,122.6,2026-07-31 21:49:00,5
610.802078,122.751,122.59,122.59,122.59,122.59,2026-07-31 21:51:00,12
193.589788,122.9924,122.622,122.622,122.622,122.622,2026-07-31 21:52:00,14
468.1438,122.635,122.57,122.6345,122.6345,122.57,2026-07-31 21:53:00,9
266.329383,122.7684,122.63,122.63,122.63,122.63,2026-07-31 21:54:00,12
434.0,122.5722,122.55,122.6,122.6,122.55,2026-07-31 21:55:00,16
961.327161,122.6128,122.58,122.55,122.6,122.55,2026-07-31 21:57:00,18
159.0,122.5876,122.61,122.61,122.61,122.61,2026-07-31 21:58:00,6
992.112347,122.6062,122.6,122.5655,122.6,122.5655,2026-07-31 21:59:00,8
934.15,122.6217,122.7699,122.55,122.7699,122.55,2026-07-31 22:01:00,23
350.080766,122.6702,122.65,122.65,122.65,122.65,2026-07-31 22:02:00,14
1011.611595,122.6425,122.58,122.581,122.581,122.56,2026-07-31 22:03:00,14
1299.0,122.7002,122.69,122.7143,122.73,122.69,2026-07-31 22:04:00,25
330.016306,122.6612,122.64,122.68,122.68,122.64,2026-07-31 22:05:00,6
320.39209,122.78,122.6408,122.6408,122.6408,122.6408,2026-07-31 22:12:00,14
409.150899,122.663,122.64,122.64,122.64,122.64,2026-07-31 22:15:00,15
423.036693,122.6174,122.56,122.65,122.65,122.56,2026-07-31 22:17:00,8
6512.36901,122.5353,122.55,122.52,122.56,122.5,2026-07-31 22:19:00,86
183.081701,122.5557,122.5,122.5,122.5,122.5,2026-07-31 22:20:00,8
195.373587,122.7449,122.52,122.52,122.52,122.52,2026-07-31 22:21:00,15
1114.740779,122.5895,122.52,122.5,122.52,122.49,2026-07-31 22:23:00,17
154.0,122.5184,122.5191,122.5191,122.5191,122.5191,2026-07-31 22:24:00,5
10029.081619,122.521,122.52,122.52,122.52,122.52,2026-07-31 22:25:00,7
584.429028,122.6045,122.5199,122.5199,122.5199,122.5199,2026-07-31 22:26:00,23
1129.0,122.5184,122.51,122.52,122.52,122.51,2026-07-31 22:27:00,21
420.0,122.5495,122.54,122.54,122.54,122.54,2026-07-31 22:28:00,8
1099.0,122.5119,122.51,122.51,122.51,122.51,2026-07-31 22:29:00,11
405.0,122.5512,122.5212,122.61,122.61,122.5212,2026-07-31 22:31:00,4
414.604476,122.7795,122.6054,122.6054,122.6054,122.6054,2026-07-31 22:34:00,12
214.40783,122.838,122.61,122.61,122.61,122.61,2026-07-31 22:35:00,9
1130.49447,122.6778,122.62,122.64,122.64,122.62,2026-07-31 22:36:00,39
809.823573,122.7507,122.65,122.5859,122.65,122.5859,2026-07-31 22:37:00,14
313.0,122.7332,122.75,122.75,122.75,122.75,2026-07-31 22:42:00,9
169.203719,122.8795,122.75,122.75,122.75,122.75,2026-07-31 22:44:00,9
123.407664,123.1223,122.72,122.72,122.72,122.72,2026-07-31 22:46:00,11
585.25,122.7458,122.7,122.7,122.7,122.7,2026-07-31 22:48:00,11
654.527305,122.7153,122.6102,122.6102,122.6102,122.6102,2026-07-31 22:49:00,21
316.203832,122.7428,122.65,122.65,122.65,122.65,2026-07-31 22:50:00,8
203.0,122.6879,122.7,122.7,122.7,122.7,2026-07-31 22:51:00,6
176.814863,123.2885,122.7241,122.7241,122.7241,122.7241,2026-07-31 22:52:00,17
150.107576,122.8063,122.75,122.75,122.75,122.75,2026-07-31 22:54:00,6
679.123529,122.7127,122.7,122.6503,122.7,122.6503,2026-07-31 22:55:00,18
814.040749,122.7045,122.7,122.6983,122.7,122.6983,2026-07-31 22:57:00,14
308.887764,123.0218,122.69,122.69,122.69,122.69,2026-07-31 23:00:00,15
226.0,122.6804,122.6876,122.6876,122.6876,122.6876,2026-07-31 23:02:00,8
176.041,122.6683,122.6265,122.6265,122.6265,122.6265,2026-07-31 23:05:00,8
1036.897688,122.7425,122.636,122.636,122.636,122.636,2026-07-31 23:06:00,9
514.25,122.6899,122.63,122.63,122.63,122.63,2026-07-31 23:08:00,8
117.815328,123.4894,122.6313,122.6313,122.6313,122.6313,2026-07-31 23:09:00,6
514.84475,122.8644,122.66,122.66,122.66,122.66,2026-07-31 23:11:00,24
1244.172401,122.7658,122.74,122.75,122.75,122.74,2026-07-31 23:17:00,15
1343.0,122.7521,122.75,122.75,122.75,122.75,2026-07-31 23:18:00,18
290.293995,122.8699,122.75,122.75,122.75,122.75,2026-07-31 23:19:00,10
540.669792,122.8817,122.7107,122.7344,122.7344,122.7107,2026-07-31 23:20:00,8
774.0,122.7927,122.7909,122.7909,122.7909,122.7909,2026-07-31 23:22:00,9
255.0,122.8302,122.8262,122.8399,122.8399,122.8262,2026-07-31 23:24:00,6
5443.0,122.8459,122.83,122.8409,122.85,122.83,2026-07-31 23:25:00,31
200.0,122.8373,122.84,122.84,122.84,122.84,2026-07-31 23:26:00,7
161.407033,123.1322,122.82,122.82,122.82,122.82,2026-07-31 23:27:00,9
641.0,122.8129,122.8284,122.81,122.8284,122.81,2026-07-31 23:28:00,9
1691.0,122.7576,122.75,122.7599,122.78,122.75,2026-07-31 23:29:00,9
387.0,122.7797,122.75,122.75,122.75,122.75,2026-07-31 23:30:00,17
683.011529,122.7735,122.7043,122.8,122.8,122.7019,2026-07-31 23:34:00,9
137.0,122.7721,122.77,122.77,122.77,122.77,2026-07-31 23:36:00,7
290.0822,122.8105,122.75,122.75,122.75,122.75,2026-07-31 23:38:00,11
1682.0,122.7639,122.77,122.67,122.77,122.67,2026-07-31 23:39:00,6
515.0,122.7732,122.77,122.77,122.77,122.77,2026-07-31 23:40:00,7
157.923277,123.4923,122.77,122.77,122.77,122.77,2026-07-31 23:43:00,7
185.0,122.7852,122.79,122.79,122.79,122.79,2026-07-31 23:45:00,11
163.0,122.7955,122.7981,122.7981,122.7981,122.7981,2026-07-31 23:47:00,9
503.373208,122.8724,122.7888,122.8,122.8,122.7888,2026-07-31 23:48:00,17
388.0,122.7668,122.72,122.7887,122.7887,122.72,2026-07-31 23:50:00,6
1413.1913,122.7647,122.79,122.72,122.79,122.72,2026-07-31 23:51:00,14
665.0,122.7863,122.79,122.79,122.8,122.79,2026-07-31 23:52:00,17
406.0,122.7408,122.72,122.7707,122.7707,122.72,2026-07-31 23:54:00,7
1448.0,122.714,122.72,122.7,122.72,122.7,2026-07-31 23:55:00,29
480.0,122.6892,122.6855,122.6855,122.6855,122.6855,2026-07-31 23:56:00,9
474.0,122.7049,122.7223,122.7,122.7223,122.7,2026-07-31 23:57:00,14
10491.132331,122.7022,122.7,122.7,122.704,122.7,2026-07-31 23:58:00,24
2814.0,122.7729,122.7779,122.7799,122.7799,122.67,2026-07-31 23:59:00,25
24902.77273,125.028,124.99,125.36,125.36,124.7,2026-08-03 08:00:00,923
68971.053613,124.9442,125.36,124.91,125.36,124.6,2026-08-03 08:01:00,2176
31349.0,124.9943,125.06,125.18,125.34,124.82,2026-08-03 08:02:00,513
1343.0,125.173,125.2049,125.19,125.2049,125.16,2026-08-03 08:03:00,41
5358.598868,125.212,125.19,125.19,125.24,125.19,2026-08-03 08:04:00,58
2554.0,125.1747,125.23,125.12,125.23,125.1,2026-08-03 08:05:00,69
2601.0,125.0816,125.13,124.93,125.13,124.93,2026-08-03 08:06:00,54
770.0,125.0339,125.05,125.01,125.05,125.01,2026-08-03 08:07:00,22
3048.81,125.158,125.08,125.25,125.25,125.08,2026-08-03 08:08:00,35
6852.720817,125.3149,125.23,125.33,125.35,125.23,2026-08-03 08:10:00,77
1109.645931,125.3794,125.31,125.31,125.31,125.31,2026-08-03 08:12:00,45
3954.158646,125.3086,125.28,125.31,125.33,125.28,2026-08-03 08:13:00,68
2394.252222,125.3282,125.3,125.36,125.36,125.3,2026-08-03 08:14:00,55
1240.331892,125.361,125.31,125.32,125.34,125.307,2026-08-03 08:15:00,42
3718.0,125.326,125.3,125.37,125.37,125.3,2026-08-03 08:16:00,51
704.038679,125.3238,125.31,125.3,125.31,125.3,2026-08-03 08:17:00,42
6405.649844,125.4115,125.32,125.5,125.5,125.31,2026-08-03 08:18:00,100
6945.013364,125.5889,125.59,125.58,125.65,125.55,2026-08-03 08:19:00,92
8124.0,125.7175,125.66,125.87,125.87,125.6,2026-08-03 08:20:00,123
5913.628747,125.9099,125.85,125.99,125.99,125.85,2026-08-03 08:21:00,145
14728.2252,126.0437,125.98,126.13,126.14,125.95,2026-08-03 08:22:00,277
9088.49395,126.0992,126.13,126.0,126.18,126.0,2026-08-03 08:23:00,243
3844.108909,126.1048,126.01,126.18,126.18,126.01,2026-08-03 08:24:00,91
6590.0,126.2504,126.23,126.22,126.32,126.18,2026-08-03 08:25:00,183
1931.0,126.206,126.2,126.18,126.25,126.18,2026-08-03 08:26:00,71
3247.0,126.1631,126.2,126.18,126.2,126.0784,2026-08-03 08:27:00,57
8683.704418,126.0669,126.17,126.0,126.2,125.93,2026-08-03 08:28:00,146
2064.633846,126.0049,125.93,125.94,125.99,125.93,2026-08-03 08:29:00,43
576.0,125.9674,125.98,125.98,125.98,125.98,2026-08-03 08:30:00,38
6746.121209,125.7003,125.98,125.7,125.98,125.5,2026-08-03 08:31:00,135
3346.0,125.7497,125.75,125.84,125.84,125.6054,2026-08-03 08:32:00,44
703.007857,125.7889,126.0,125.75,126.0,125.75,2026-08-03 08:33:00,46
735.0,125.7361,125.75,125.75,125.75,125.75,2026-08-03 08:34:00,29
702.34286,125.7697,125.71,125.71,125.71,125.71,2026-08-03 08:35:00,22
684.242631,125.806,125.75,125.75,125.75,125.75,2026-08-03 08:36:00,41
5458.092939,125.8449,125.81,125.9,125.98,125.75,2026-08-03 08:37:00,65
1408.007858,125.864,125.92,125.82,125.92,125.82,2026-08-03 08:38:00,29
898.212934,126.0023,125.98,125.98,125.98,125.97,2026-08-03 08:39:00,35
1313.7252,126.0658,126.0,125.99,126.0,125.99,2026-08-03 08:40:00,40
1193.8819,126.1186,125.9908,126.0,126.0,125.9908,2026-08-03 08:41:00,68
2260.3455,126.0671,126.11,126.0,126.11,126.0,2026-08-03 08:42:00,52
789.5048,126.1661,126.09,126.1,126.1,126.09,2026-08-03 08:43:00,33
544.0,126.1074,126.11,126.11,126.11,126.11,2026-08-03 08:45:00,12
349.5048,126.2973,126.13,126.13,126.13,126.13,2026-08-03 08:46:00,23
2662.52587,126.1014,126.05,126.01,126.1,126.01,2026-08-03 08:47:00,44
2664.775257,126.1227,126.08,126.08,126.1,126.0,2026-08-03 08:48:00,44
5031.083565,126.0092,126.0,126.14,126.14,125.86,2026-08-03 08:49:00,95
637.895501,126.157,125.95,126.0,126.0,125.95,2026-08-03 08:52:00,19
649.0,125.9474,125.9,125.966,125.966,125.9,2026-08-03 08:53:00,12
751.918352,126.0683,126.0875,125.86,126.0875,125.86,2026-08-03 08:54:00,22
1140.773107,125.9533,125.85,125.9216,125.9216,125.85,2026-08-03 08:55:00,36
5929.0,125.7834,125.86,125.69,125.86,125.69,2026-08-03 08:56:00,140
2963.0,125.7861,125.72,125.75,125.811,125.72,2026-08-03 08:57:00,25
3033.0,125.7077,125.71,125.79,125.8,125.58,2026-08-03 08:58:00,79
1985.0,125.7453,125.78,125.8,125.82,125.68,2026-08-03 08:59:00,37
604.0,125.8796,125.88,125.88,125.88,125.88,2026-08-03 09:01:00,5
2882.0,125.7407,125.8,125.68,125.8,125.67,2026-08-03 09:02:00,56
1285.63,125.9518,125.84,125.99,126.03,125.79,2026-08-03 09:04:00,48
687.880831,126.152,125.99,126.02,126.02,125.95,2026-08-03 09:05:00,22
1341.521353,126.0331,126.02,125.91,126.02,125.91,2026-08-03 09:06:00,32
1073.0,126.0052,126.02,126.01,126.02,126.01,2026-08-03 09:07:00,13
1927.66,126.0306,125.95,126.02,126.03,125.92,2026-08-03 09:08:00,49
1616.17886,126.0322,126.03,126.03,126.03,126.02,2026-08-03 09:10:00,30
343.0,126.0229,126.02,126.02,126.02,126.02,2026-08-03 09:14:00,17
5718.16,126.0449,126.02,126.04,126.1,126.02,2026-08-03 09:15:00,156
961.0,126.075,126.08,126.08,126.08,126.08,2026-08-03 09:16:00,34
649.027773,126.0601,126.05,126.11,126.11,126.05,2026-08-03 09:17:00,28
429.0,126.0926,126.1,126.1,126.1,126.1,2026-08-03 09:18:00,27
528.340754,126.2158,126.126,126.126,126.126,126.126,2026-08-03 09:19:00,17
5429.644265,126.2389,126.19,126.3,126.3,126.19,2026-08-03 09:20:00,92
2152.259494,126.3014,126.2198,126.3,126.3,126.2198,2026-08-03 09:21:00,48
937.037011,126.4051,126.42,126.35,126.42,126.35,2026-08-03 09:22:00,38
4230.894208,126.6289,126.43,126.74,126.8,126.43,2026-08-03 09:23:00,198
1590.877407,126.7231,126.75,126.69,126.75,126.61,2026-08-03 09:24:00,59
2378.20694,126.6695,126.6806,126.63,126.6806,126.6,2026-08-03 09:25:00,57
4334.067524,126.716,126.69,126.78,126.78,126.6619,2026-08-03 09:26:00,90
3611.190127,126.8031,126.79,126.7826,126.9,126.77,2026-08-03 09:27:00,107
2655.036869,126.8818,126.88,127.0,127.0,126.82,2026-08-03 09:28:00,96
5380.728466,127.0546,127.0,127.13,127.13,127.0,2026-08-03 09:29:00,168
3686.640986,127.135,127.15,127.13,127.15,127.02,2026-08-03 09:30:00,81
3686.309978,127.1353,127.07,127.09,127.15,127.07,2026-08-03 09:31:00,99
3765.873226,127.1604,127.01,127.14,127.2,127.01,2026-08-03 09:32:00,73
4027.862051,127.0589,127.14,126.98,127.15,126.97,2026-08-03 09:33:00,84
4372.12,126.989,126.98,126.99,126.99,126.9629,2026-08-03 09:34:00,78
1550.72,127.0666,127.0,127.04,127.04,126.98,2026-08-03 09:35:00,53
1413.254517,127.061,127.1,127.0,127.1,127.0,2026-08-03 09:36:00,76
4496.371379,126.9379,126.86,127.0,127.0,126.8,2026-08-03 09:37:00,59
2531.464858,126.7304,126.73,126.66,126.73,126.62,2026-08-03 09:38:00,77
620.319056,126.7609,126.66,126.66,126.66,126.66,2026-08-03 09:39:00,26
1547.104294,126.6866,126.72,126.6,126.72,126.6,2026-08-03 09:41:00,38
536.629921,126.8344,126.54,126.54,126.54,126.54,2026-08-03 09:42:00,24
853.387731,126.6095,126.54,126.54,126.54,126.54,2026-08-03 09:44:00,13
1786.624073,126.8257,126.72,126.84,126.85,126.7,2026-08-03 09:45:00,42
388.036894,126.8327,126.81,126.81,126.81,126.81,2026-08-03 09:46:00,26
990.998571,126.9327,126.78,126.8,126.81,126.78,2026-08-03 09:47:00,34
1385.184585,126.7951,126.77,126.77,126.77,126.77,2026-08-03 09:48:00,24
908.455015,126.8554,126.8385,126.78,126.8385,126.78,2026-08-03 09:49:00,32
1605.0,126.8342,126.82,126.83,126.85,126.82,2026-08-03 09:50:00,41
865.11496,126.9464,126.95,126.9,126.96,126.9,2026-08-03 09:51:00,36
1147.919322,126.9932,126.99,126.91,126.99,126.86,2026-08-03 09:52:00,47
5399.076112,126.6638,126.77,126.67,126.77,126.54,2026-08-03 09:53:00,104
1988.174872,126.5865,126.55,126.64,126.64,126.45,2026-08-03 09:54:00,51
3992.173109,126.7021,126.6854,126.59,126.8,126.59,2026-08-03 09:55:00,86
4837.0,126.825,126.83,126.83,126.83,126.83,2026-08-03 09:57:00,14
836.242106,126.8763,126.7452,126.87,126.87,126.7452,2026-08-03 09:58:00,30
936.0,126.8328,126.82,126.84,126.84,126.82,2026-08-03 09:59:00,26
2604.0,126.7713,126.83,126.6854,126.83,126.6854,2026-08-03 10:00:00,94
1137.321251,126.8131,126.82,126.82,126.82,126.82,2026-08-03 10:02:00,54
1707.115578,126.8631,126.85,126.86,126.88,126.85,2026-08-03 10:03:00,51
16093.611994,126.972,126.86,127.0,127.0,126.86,2026-08-03 10:04:00,144
1672.928701,127.0523,127.0,126.7725,127.0,126.7725,2026-08-03 10:05:00,68
6697.651226,127.0191,126.99,127.1,127.1,126.99,2026-08-03 10:06:00,64
1551.0,127.1637,127.18,127.15,127.2,127.15,2026-08-03 10:07:00,37
4782.131382,127.287,127.2,127.39,127.39,127.17,2026-08-03 10:08:00,118
2159.568217,127.4699,127.44,127.4867,127.4867,127.4,2026-08-03 10:09:00,100
902.45,127.3512,127.27,127.28,127.28,127.27,2026-08-03 10:10:00,40
2290.964983,127.3123,127.2,127.4,127.4,127.2,2026-08-03 10:11:00,60
2495.0,127.2531,127.4,127.38,127.4,127.15,2026-08-03 10:12:00,58
1540.762518,127.2536,127.2,127.15,127.2,127.15,2026-08-03 10:13:00,37
5829.142148,127.1208,127.19,127.18,127.2,127.05,2026-08-03 10:14:00,133
2530.181817,127.2441,127.21,127.2113,127.31,127.17,2026-08-03 10:15:00,73
5537.400104,127.2371,127.3242,127.17,127.3242,127.1652,2026-08-03 10:16:00,48
6571.83816,127.2819,127.19,127.1229,127.4,127.1229,2026-08-03 10:17:00,111
3560.0,127.3941,127.46,127.42,127.47,127.3,2026-08-03 10:18:00,55
1195.577331,127.4112,127.37,127.3198,127.37,127.3198,2026-08-03 10:19:00,40
2281.3,127.3568,127.36,127.35,127.36,127.3,2026-08-03 10:20:00,72
3993.0,127.464,127.35,127.59,127.59,127.34,2026-08-03 10:21:00,101
4844.513053,127.5687,127.61,127.46,127.61,127.46,2026-08-03 10:22:00,125
2275.27,127.5287,127.52,127.52,127.52,127.5,2026-08-03 10:23:00,64
5163.0,127.4078,127.52,127.3,127.52,127.3,2026-08-03 10:24:00,87
778.916104,127.4263,127.1956,127.3,127.3,127.1956,2026-08-03 10:25:00,41
2597.273055,127.4738,127.43,127.5,127.5,127.43,2026-08-03 10:26:00,48
1441.960485,127.5243,127.5,127.31,127.5,127.31,2026-08-03 10:27:00,64
1379.0,127.3577,127.4712,127.29,127.4712,127.29,2026-08-03 10:28:00,73
1203.818154,127.3122,127.3,127.0486,127.3,127.0486,2026-08-03 10:29:00,56
3779.370078,127.0472,127.01,127.14,127.24,126.8649,2026-08-03 10:31:00,111
428.0,127.0437,127.09,127.05,127.09,127.05,2026-08-03 10:32:00,25
425.0,126.9984,127.05,127.05,127.05,127.05,2026-08-03 10:33:00,22
3181.478453,126.9032,126.9,126.9,126.9,126.83,2026-08-03 10:34:00,62
2353.934336,127.0549,126.95,127.1,127.1,126.95,2026-08-03 10:36:00,71
823.326517,127.2069,127.1633,127.16,127.1633,127.16,2026-08-03 10:37:00,34
2434.0,127.0496,127.0112,127.11,127.11,127.0,2026-08-03 10:38:00,47
2333.257993,127.0655,127.1,126.9897,127.1,126.9897,2026-08-03 10:39:00,92
3562.642,126.8301,126.84,126.8017,126.84,126.7171,2026-08-03 10:40:00,83
1959.651711,126.7167,126.72,126.6632,126.72,126.65,2026-08-03 10:41:00,62
2424.932717,126.8133,126.78,126.78,126.78,126.73,2026-08-03 10:42:00,50
477.0,126.7666,126.78,126.78,126.78,126.78,2026-08-03 10:43:00,20
4418.159541,126.6782,126.75,126.76,126.78,126.56,2026-08-03 10:45:00,116
983.093894,126.7562,126.76,126.7425,126.77,126.7425,2026-08-03 10:46:00,24
2035.922111,126.7189,126.72,126.72,126.72,126.56,2026-08-03 10:47:00,45
1275.08,126.6555,126.65,126.64,126.72,126.64,2026-08-03 10:48:00,28
766.08155,126.6439,126.64,126.64,126.64,126.64,2026-08-03 10:49:00,39
1222.664691,126.6821,126.63,126.62,126.63,126.61,2026-08-03 10:50:00,61
1492.726,126.6896,126.63,126.64,126.64,126.63,2026-08-03 10:51:00,79
964.429456,126.6806,126.64,126.64,126.64,126.64,2026-08-03 10:52:00,40
2128.085294,126.5926,126.6,126.6,126.6,126.58,2026-08-03 10:53:00,41
2606.289631,126.521,126.54,126.44,126.54,126.44,2026-08-03 10:54:00,98
5328.44111,126.4794,126.5,126.37,126.54,126.37,2026-08-03 10:55:00,122
1125.596304,126.4743,126.4,126.45,126.45,126.4,2026-08-03 10:56:00,33
741.06,126.4258,126.4,126.4627,126.4627,126.4,2026-08-03 10:57:00,28
2334.0,126.4227,126.4,126.44,126.45,126.4,2026-08-03 10:58:00,52
4232.742912,126.4397,126.44,126.45,126.45,126.39,2026-08-03 10:59:00,134
37580.732692,126.8254,126.4,127.0,127.14,126.4,2026-08-03 11:00:00,558
9016.878773,126.9858,127.01,126.98,127.0588,126.87,2026-08-03 11:01:00,101
10360.293955,126.8517,126.93,126.85,126.93,126.75,2026-08-03 11:02:00,124
10668.031471,126.7382,126.86,126.75,126.8982,126.6,2026-08-03 11:03:00,118
6728.428623,126.7607,126.75,126.73,126.85,126.6,2026-08-03 11:04:00,81
5170.469383,126.8224,126.7171,126.83,126.9899,126.7,2026-08-03 11:05:00,120
23347.686954,126.6852,126.8914,126.5,126.9,126.5,2026-08-03 11:06:00,539
8944.099906,126.3666,126.53,126.27,126.53,126.22,2026-08-03 11:07:00,211
15748.512403,126.1537,126.2,126.0743,126.2,126.0626,2026-08-03 11:08:00,158
13363.199289,126.3303,126.0883,126.42,126.5,126.0883,2026-08-03 11:09:00,193
4204.807515,126.4038,126.45,126.3687,126.45,126.2843,2026-08-03 11:10:00,122
4271.930609,126.4202,126.34,126.35,126.48,126.3,2026-08-03 11:11:00,107
3281.258622,126.4674,126.43,126.4,126.57,126.4,2026-08-03 11:12:00,96
3550.762001,126.3793,126.42,126.31,126.42,126.3,2026-08-03 11:13:00,70
2928.961462,126.3269,126.3,126.3423,126.35,126.21,2026-08-03 11:14:00,90
4849.039585,126.3134,126.3474,126.2522,126.35,126.2522,2026-08-03 11:15:00,74
2732.729874,126.3779,126.349,126.3706,126.3706,126.33,2026-08-03 11:16:00,63
7661.435231,126.2649,126.3,126.27,126.3484,126.17,2026-08-03 11:17:00,99
2936.11873,126.3604,126.3336,126.41,126.41,126.3,2026-08-03 11:18:00,55
2522.056508,126.461,126.46,126.41,126.5,126.41,2026-08-03 11:19:00,45
2102.397315,126.4241,126.41,126.3947,126.41,126.3947,2026-08-03 11:20:00,60
2082.315709,126.3873,126.38,126.4,126.4,126.3587,2026-08-03 11:21:00,47
16395.301286,126.3423,126.3514,126.4,126.4,126.3,2026-08-03 11:22:00,210
2205.284692,126.4016,126.37,126.38,126.4,126.37,2026-08-03 11:23:00,61
2876.95905,126.3144,126.36,126.23,126.36,126.2143,2026-08-03 11:24:00,64
4477.0,126.2204,126.2008,126.27,126.27,126.2,2026-08-03 11:25:00,48
5098.915325,126.3358,126.2178,126.35,126.35,126.2178,2026-08-03 11:26:00,60
2690.11,126.3293,126.33,126.197,126.41,126.197,2026-08-03 11:27:00,88
1648.287701,126.255,126.28,126.1999,126.28,126.1999,2026-08-03 11:28:00,52
8980.724829,126.3393,126.2421,126.4,126.4,126.2092,2026-08-03 11:29:00,75
6750.093237,126.4371,126.42,126.3,126.52,126.3,2026-08-03 11:30:00,122
9726.06574,126.3142,126.4884,126.3,126.4884,126.28,2026-08-03 11:31:00,211
3730.64407,126.343,126.3048,126.3015,126.3677,126.3,2026-08-03 11:32:00,64
20598.435965,126.0338,126.3062,126.0,126.3304,125.88,2026-08-03 11:33:00,372
3170.442896,125.9239,125.91,126.0,126.0,125.8196,2026-08-03 11:34:00,43
5805.33836,125.9885,125.8801,126.0,126.0,125.8801,2026-08-03 11:35:00,51
7087.035663,125.9789,125.8817,126.0289,126.04,125.86,2026-08-03 11:36:00,59
7385.042557,126.149,126.05,126.2,126.32,126.05,2026-08-03 11:37:00,102
2426.149755,126.2939,126.3014,126.35,126.35,126.25,2026-08-03 11:38:00,73
3730.522823,126.2567,126.21,126.31,126.31,126.15,2026-08-03 11:39:00,56
1080.914427,126.3872,126.3,126.3,126.31,126.21,2026-08-03 11:40:00,38
3853.021913,126.265,126.26,126.28,126.2999,126.21,2026-08-03 11:41:00,73
3355.055096,126.2301,126.22,126.23,126.2448,126.1701,2026-08-03 11:42:00,46
4401.780136,126.2687,126.2884,126.27,126.2884,126.2,2026-08-03 11:43:00,71
2698.105154,126.2858,126.2483,126.2792,126.35,126.2337,2026-08-03 11:44:00,46
752.289125,126.2914,126.23,126.22,126.23,126.22,2026-08-03 11:45:00,37
2027.833263,126.3091,126.27,126.26,126.27,126.22,2026-08-03 11:46:00,52
4792.681502,126.364,126.32,126.3337,126.36,126.32,2026-08-03 11:47:00,75
5236.028888,126.3515,126.3494,126.34,126.37,126.32,2026-08-03 11:48:00,83
6420.617119,126.3683,126.3599,126.35,126.3689,126.3423,2026-08-03 11:49:00,59
12288.991399,126.2181,126.3,126.24,126.3497,126.1,2026-08-03 11:50:00,184
10861.3859,126.0591,126.0842,126.04,126.1509,126.0,2026-08-03 11:51:00,108
7054.622149,125.8882,125.99,125.85,125.99,125.8,2026-08-03 11:52:00,175
8327.705299,125.8231,125.79,125.85,125.86,125.7761,2026-08-03 11:53:00,138
11529.812602,125.769,125.85,125.72,125.88,125.6859,2026-08-03 11:54:00,142
4622.503829,125.736,125.6861,125.8,125.8,125.6379,2026-08-03 11:55:00,74
11071.07947,125.7249,125.707,125.79,125.8,125.6389,2026-08-03 11:56:00,98
7132.473805,125.8275,125.82,125.78,125.85,125.76,2026-08-03 11:57:00,95
4128.00902,125.7712,125.7737,125.8,125.8,125.7,2026-08-03 11:58:00,115
3671.253996,125.7697,125.75,125.7546,125.8,125.75,2026-08-03 11:59:00,73
7409.589462,125.7767,125.78,125.7518,125.8,125.75,2026-08-03 12:00:00,148
2336.942063,125.879,125.77,125.7835,125.92,125.7685,2026-08-03 12:01:00,65
3768.850633,125.9428,125.75,125.94,126.0,125.75,2026-08-03 12:02:00,71
1231.632629,126.0036,125.96,125.9507,125.96,125.9,2026-08-03 12:03:00,54
3939.463688,126.0983,125.95,126.1,126.1795,125.95,2026-08-03 12:04:00,107
3256.359642,126.115,126.1,126.1649,126.1649,126.051,2026-08-03 12:05:00,48
2580.529478,126.1933,126.14,126.2,126.27,126.1,2026-08-03 12:06:00,60
4822.490339,126.1896,126.1501,126.18,126.19,126.1001,2026-08-03 12:07:00,76
4467.994963,126.1799,126.22,126.1,126.22,126.1,2026-08-03 12:08:00,86
14190.363526,126.1207,126.17,126.1,126.17,126.1,2026-08-03 12:09:00,60
1636.274493,126.1514,126.1203,126.1001,126.13,126.1001,2026-08-03 12:10:00,45
4852.738051,126.1814,126.1001,126.2,126.2,126.1,2026-08-03 12:11:00,79
3194.881234,126.271,126.21,126.22,126.2834,126.2006,2026-08-03 12:12:00,70
2498.721845,126.3246,126.26,126.27,126.3,126.26,2026-08-03 12:13:00,60
31294.238266,126.1462,126.29,126.09,126.29,126.0,2026-08-03 12:14:00,546
2822.17,126.1264,126.09,126.21,126.21,126.0,2026-08-03 12:15:00,50
1078.108875,126.0968,126.0,126.18,126.18,126.0,2026-08-03 12:16:00,54
4565.507947,126.0536,126.06,126.09,126.0938,126.0,2026-08-03 12:17:00,58
2520.752601,126.1039,126.05,126.09,126.09,126.0,2026-08-03 12:18:00,60
1949.259477,126.0648,126.0,126.12,126.15,126.0,2026-08-03 12:19:00,46
2606.396488,126.0815,126.11,126.03,126.1344,126.03,2026-08-03 12:20:00,32
1879.731916,126.1402,126.0411,126.0651,126.15,126.0386,2026-08-03 12:21:00,45
16040.270136,125.9738,126.06,125.91,126.06,125.89,2026-08-03 12:22:00,223
5497.706133,125.9925,125.9733,126.0,126.0,125.88,2026-08-03 12:23:00,77
6020.286375,126.0263,126.0004,126.15,126.15,125.99,2026-08-03 12:24:00,55
6429.205846,126.2238,126.132,126.22,126.3,126.132,2026-08-03 12:25:00,84
5209.679069,126.3417,126.26,126.32,126.36,126.26,2026-08-03 12:26:00,82
3954.079038,126.327,126.3192,126.35,126.36,126.2601,2026-08-03 12:27:00,76
2368.43659,126.3704,126.3277,126.32,126.37,126.32,2026-08-03 12:28:00,47
2065.796713,126.4103,126.3899,126.348,126.39,126.348,2026-08-03 12:29:00,49
4471.068621,126.3251,126.36,126.3788,126.3788,126.3,2026-08-03 12:30:00,48
6470.340237,126.3898,126.3086,126.45,126.45,126.3086,2026-08-03 12:31:00,102
8361.961893,126.437,126.45,126.3913,126.48,126.36,2026-08-03 12:32:00,194
18672.103849,126.4036,126.38,126.4,126.4475,126.37,2026-08-03 12:33:00,107
38836.842372,126.5599,126.3586,126.6921,126.77,126.3586,2026-08-03 12:34:00,592
6013.86415,126.6378,126.55,126.79,126.79,126.55,2026-08-03 12:35:00,134
3048.655045,126.7169,126.66,126.75,126.79,126.6,2026-08-03 12:36:00,73
4888.735326,126.6938,126.8,126.54,126.8,126.54,2026-08-03 12:37:00,105
6473.732343,126.5631,126.52,126.55,126.6,126.5,2026-08-03 12:38:00,106
2707.0,126.7285,126.74,126.7247,126.79,126.69,2026-08-03 12:39:00,58
3247.611225,126.6957,126.7244,126.66,126.7244,126.6,2026-08-03 12:40:00,80
2167.131394,126.666,126.6588,126.55,126.6746,126.55,2026-08-03 12:41:00,54
3925.904594,126.6535,126.63,126.6,126.65,126.6,2026-08-03 12:42:00,75
5276.534204,126.5567,126.61,126.5,126.61,126.4,2026-08-03 12:43:00,161
2712.410009,126.4449,126.51,126.38,126.51,126.38,2026-08-03 12:44:00,77
14412.61297,126.5148,126.41,126.7444,126.8,126.36,2026-08-03 12:45:00,196
1502.426196,126.7013,126.8,126.6,126.8,126.5159,2026-08-03 12:46:00,37
11000.532539,126.6149,126.707,126.6,126.707,126.6,2026-08-03 12:47:00,41
1666.077495,126.5958,126.6744,126.5987,126.6744,126.5,2026-08-03 12:48:00,57
1577.233677,126.5621,126.51,126.5845,126.5845,126.51,2026-08-03 12:49:00,46
16668.49677,126.5733,126.51,126.61,126.61,126.5,2026-08-03 12:50:00,120
4130.631257,126.7281,126.61,126.7425,126.75,126.61,2026-08-03 12:51:00,82
6569.43415,126.6894,126.7289,126.75,126.75,126.6405,2026-08-03 12:52:00,72
6859.753953,126.7783,126.7695,126.7521,126.78,126.67,2026-08-03 12:53:00,86
1524.083546,126.7385,126.7658,126.74,126.7658,126.6686,2026-08-03 12:54:00,48
4147.409137,126.7181,126.7006,126.7,126.72,126.7,2026-08-03 12:55:00,67
4239.273245,126.7025,126.71,126.65,126.75,126.62,2026-08-03 12:56:00,146
4464.109185,126.7309,126.66,126.7846,126.7846,126.6007,2026-08-03 12:57:00,117
3467.26705,126.7436,126.7876,126.7405,126.7876,126.7,2026-08-03 12:58:00,78
5015.128342,126.7204,126.7082,126.62,126.76,126.62,2026-08-03 12:59:00,112
4968.816489,126.7686,126.65,126.75,126.7993,126.65,2026-08-03 13:00:00,83
2600.387784,126.7863,126.75,126.75,126.7999,126.75,2026-08-03 13:01:00,87
6949.296962,126.8182,126.7755,126.88,126.9,126.7358,2026-08-03 13:02:00,175
8875.637062,126.8092,126.88,126.79,126.92,126.69,2026-08-03 13:03:00,189
8154.496467,126.8828,126.79,126.85,126.9676,126.7655,2026-08-03 13:04:00,154
5074.72737,126.8062,126.85,126.75,126.86,126.7,2026-08-03 13:05:00,134
5466.271391,126.7235,126.7014,126.7108,126.7671,126.7,2026-08-03 13:06:00,95
6575.015255,126.6841,126.74,126.6635,126.74,126.6,2026-08-03 13:07:00,199
15256.593291,126.6118,126.55,126.4845,126.69,126.4845,2026-08-03 13:08:00,275
1554.24632,126.6047,126.55,126.54,126.67,126.4,2026-08-03 13:09:00,67
10593.764213,126.3515,126.5,126.3048,126.5431,126.18,2026-08-03 13:10:00,247
1500.26581,126.4461,126.2434,126.49,126.49,126.2434,2026-08-03 13:11:00,67
4640.226334,126.4846,126.3962,126.36,126.4999,126.3,2026-08-03 13:12:00,46
2892.776059,126.4463,126.45,126.38,126.45,126.36,2026-08-03 13:13:00,80
2193.991099,126.4298,126.38,126.3,126.47,126.3,2026-08-03 13:14:00,50
10620.332555,126.3954,126.334,126.55,126.55,126.334,2026-08-03 13:15:00,274
7467.216053,126.6322,126.53,126.5392,126.7,126.53,2026-08-03 13:16:00,147
4902.392046,126.5228,126.5,126.5,126.65,126.42,2026-08-03 13:17:00,70
10963.07634,126.501,126.5,126.33,126.634,126.33,2026-08-03 13:18:00,139
4916.844666,126.4056,126.37,126.46,126.46,126.3,2026-08-03 13:19:00,129
4850.302712,126.4689,126.48,126.5,126.52,126.3368,2026-08-03 13:20:00,122
8012.830556,126.3439,126.367,126.3,126.4457,126.3,2026-08-03 13:21:00,123
4712.14964,126.4247,126.46,126.36,126.46,126.36,2026-08-03 13:22:00,59
1764.561685,126.4437,126.3509,126.43,126.43,126.3509,2026-08-03 13:23:00,63
11431.174053,126.4731,126.43,126.55,126.55,126.4,2026-08-03 13:24:00,201
10873.702592,126.2101,126.5,126.02,126.5,126.02,2026-08-03 13:25:00,254
3086.683137,126.2409,126.1,126.16,126.4,126.05,2026-08-03 13:26:00,96
2186.293297,126.3761,126.3,126.46,126.46,126.24,2026-08-03 13:27:00,64
16952.496569,126.7156,126.4,126.69,127.0,126.4,2026-08-03 13:28:00,434
7503.68477,126.6585,126.63,126.7,126.78,126.34,2026-08-03 13:29:00,249
1037225.545457,126.0288,126.7,125.41,126.9,124.92,2026-08-03 13:30:00,12744
251394.37319,124.8257,125.44,124.21,125.8297,124.05,2026-08-03 13:31:00,3408
313332.564026,124.094,124.15,124.4598,124.464,123.6567,2026-08-03 13:32:00,4162
236298.815516,124.9317,124.405,124.955,125.2799,124.3801,2026-08-03 13:33:00,3263
163199.090748,124.9578,124.955,124.95,125.27,124.63,2026-08-03 13:34:00,2246
266144.260505,125.1298,124.94,125.05,125.34,124.91,2026-08-03 13:35:00,3193
177016.043902,125.0592,125.03,125.2,125.47,124.88,2026-08-03 13:36:00,2759
176644.853577,125.3864,125.22,125.31,125.55,125.15,2026-08-03 13:37:00,3524
299740.542459,125.6567,125.34,125.66,126.02,125.33,2026-08-03 13:38:00,4584
149234.861265,125.5852,125.645,125.7701,125.85,125.33,2026-08-03 13:39:00,2250
239658.988813,125.6174,125.762,125.4,125.82,125.31,2026-08-03 13:40:00,3207
207765.247787,125.7564,125.415,126.1,126.18,125.41,2026-08-03 13:41:00,3141
355922.59271,126.3532,126.1,126.565,126.66,126.0,2026-08-03 13:42:00,5296
206937.874398,126.0691,126.6,125.895,126.6,125.81,2026-08-03 13:43:00,3036
142052.858692,125.8831,125.89,125.685,126.03,125.685,2026-08-03 13:44:00,2060
109827.949792,125.8018,125.66,125.7,125.95,125.6105,2026-08-03 13:45:00,1944
111570.789301,125.8626,125.755,125.815,125.9687,125.74,2026-08-03 13:46:00,1541
141778.521526,125.7139,125.825,125.685,125.9,125.53,2026-08-03 13:47:00,2185
181170.462416,125.6629,125.69,125.69,125.86,125.4407,2026-08-03 13:48:00,3161
181828.898417,125.6964,125.715,125.695,125.89,125.51,2026-08-03 13:49:00,2661
202168.468083,125.8362,125.695,125.545,126.05,125.5,2026-08-03 13:50:00,2689
104864.244245,125.7526,125.555,125.955,125.99,125.45,2026-08-03 13:51:00,1602
141134.180917,125.932,125.95,126.0995,126.0995,125.86,2026-08-03 13:52:00,1803
191849.974898,126.129,126.0995,126.285,126.31,125.955,2026-08-03 13:53:00,2837
170348.827256,126.2214,126.3,126.19,126.33,126.02,2026-08-03 13:54:00,2236
182251.271248,126.398,126.18,126.56,126.68,126.1,2026-08-03 13:55:00,3079
211907.038438,126.6022,126.56,126.708,126.8,126.36,2026-08-03 13:56:00,2672
163820.791764,126.7213,126.695,126.7299,126.88,126.6,2026-08-03 13:57:00,2124
139486.831515,126.735,126.71,126.76,126.88,126.61,2026-08-03 13:58:00,1678
154882.475013,126.77,126.77,126.7001,126.9,126.6482,2026-08-03 13:59:00,2109
152487.205986,126.5327,126.7,126.43,126.81,126.35,2026-08-03 14:00:00,2544
103872.253043,126.5921,126.4597,126.6601,126.7099,126.4,2026-08-03 14:01:00,2151
110343.170684,126.6608,126.65,126.685,126.79,126.51,2026-08-03 14:02:00,2190
129784.110553,126.4668,126.67,126.3426,126.74,126.3,2026-08-03 14:03:00,2122
109191.954091,126.2158,126.3464,126.37,126.39,126.08,2026-08-03 14:04:00,2002
117232.439394,126.5068,126.37,126.67,126.75,126.27,2026-08-03 14:05:00,1985
138327.020134,126.7083,126.6899,126.845,126.85,126.565,2026-08-03 14:06:00,2192
167017.199109,126.7274,126.845,126.375,126.965,126.34,2026-08-03 14:07:00,2338
196052.234659,126.1666,126.38,125.945,126.3999,125.92,2026-08-03 14:08:00,2251
105072.015082,125.9998,125.945,125.855,126.17,125.85,2026-08-03 14:09:00,1831
166659.821518,125.742,125.88,125.78,125.935,125.46,2026-08-03 14:10:00,2518
65943.696626,125.7144,125.78,125.71,125.88,125.55,2026-08-03 14:11:00,1274
188187.302311,125.2843,125.75,124.91,125.79,124.91,2026-08-03 14:12:00,2888
137341.756906,124.9385,124.9399,124.68,125.105,124.65,2026-08-03 14:13:00,2347
124965.604436,124.6315,124.708,124.6,124.84,124.475,2026-08-03 14:14:00,2151
117520.772824,124.5441,124.595,124.43,124.685,124.4,2026-08-03 14:15:00,1879
149880.591943,124.3853,124.45,124.605,124.615,124.16,2026-08-03 14:16:00,2248
148149.916709,124.7513,124.665,124.815,124.86,124.605,2026-08-03 14:17:00,2415
155596.943936,124.9919,124.81,124.89,125.2196,124.755,2026-08-03 14:18:00,2242
82538.783357,124.7988,124.85,124.75,124.88,124.7,2026-08-03 14:19:00,1693
106373.465401,124.9254,124.7499,125.06,125.06,124.735,2026-08-03 14:20:00,1867
101337.811786,125.0341,125.04,125.19,125.215,124.92,2026-08-03 14:21:00,1833
115999.042284,125.3883,125.185,125.09,125.33,125.06,2026-08-03 14:22:00,2006
106726.840929,125.0481,125.11,125.01,125.15,124.95,2026-08-03 14:23:00,1951
125069.387632,125.2593,125.0151,125.3,125.46,124.9601,2026-08-03 14:24:00,2101
135456.84526,125.1209,125.3,124.95,125.37,124.9102,2026-08-03 14:25:00,2324
81279.321927,124.9563,124.975,125.17,125.23,124.8,2026-08-03 14:26:00,1691
72873.672728,125.2209,125.195,125.355,125.39,125.09,2026-08-03 14:27:00,1354
92423.796086,125.1987,125.355,125.275,125.355,125.04,2026-08-03 14:28:00,1773
85421.330455,125.2525,125.26,125.145,125.3499,125.13,2026-08-03 14:29:00,1700
88022.678709,125.1644,125.15,125.12,125.255,125.09,2026-08-03 14:30:00,1851
102154.806044,125.1555,125.12,125.145,125.24,125.0105,2026-08-03 14:31:00,2054
138336.949948,125.0504,125.16,125.0561,125.17,124.98,2026-08-03 14:32:00,2282
90853.287866,124.9141,125.03,124.93,125.0499,124.82,2026-08-03 14:33:00,1918
74569.158792,124.9501,124.935,124.975,125.05,124.875,2026-08-03 14:34:00,1550
84260.308305,125.1344,124.9901,125.145,125.21,124.9901,2026-08-03 14:35:00,2072
72813.683098,125.1071,125.12,125.09,125.2,125.01,2026-08-03 14:36:00,1756
79600.429514,125.1227,125.11,125.17,125.24,125.01,2026-08-03 14:37:00,1763
97027.343864,125.258,125.19,125.38,125.39,125.115,2026-08-03 14:38:00,1845
70917.935777,125.2774,125.3601,125.21,125.43,125.13,2026-08-03 14:39:00,1789
99562.663914,125.365,125.2,125.45,125.47,125.19,2026-08-03 14:40:00,1549
99524.040115,125.3178,125.46,125.265,125.49,125.2,2026-08-03 14:41:00,1740
85659.067704,125.3623,125.28,125.32,125.5,125.25,2026-08-03 14:42:00,1711
96926.694399,125.3902,125.34,125.375,125.44,125.3101,2026-08-03 14:43:00,1696
83371.363139,125.3658,125.381,125.32,125.5,125.2805,2026-08-03 14:44:00,1803
64194.5099,125.3679,125.34,125.305,125.44,125.29,2026-08-03 14:45:00,1262
70955.547933,125.2,125.295,125.215,125.34,125.12,2026-08-03 14:46:00,1583
143934.45943,125.0876,125.205,125.005,125.34,124.96,2026-08-03 14:47:00,2369
142420.439373,124.8652,125.005,124.755,125.005,124.72,2026-08-03 14:48:00,2235
100887.557474,124.676,124.7699,124.625,124.805,124.56,2026-08-03 14:49:00,1947
101117.351256,124.7403,124.625,124.87,124.89,124.62,2026-08-03 14:50:00,1998
73696.170336,124.8953,124.89,124.88,125.0,124.805,2026-08-03 14:51:00,1853
58312.909881,124.8931,124.88,125.045,125.05,124.815,2026-08-03 14:52:00,1397
121376.616736,125.1312,125.045,125.1025,125.345,125.0,2026-08-03 14:53:00,1937
63483.227588,125.1055,125.1,125.1,125.2,125.01,2026-08-03 14:54:00,1164
58562.158018,125.068,125.1,125.0803,125.155,124.98,2026-08-03 14:55:00,1272
73378.51251,125.1644,125.095,125.1925,125.29,125.065,2026-08-03 14:56:00,1288
99125.424236,125.283,125.2,125.26,125.374,125.2,2026-08-03 14:57:00,1502
126526.993435,125.3016,125.27,125.4,125.4,125.1801,2026-08-03 14:58:00,1956
99555.057825,125.4351,125.405,125.485,125.55,125.34,2026-08-03 14:59:00,1703
128293.59525,125.5525,125.45,125.585,125.62,125.43,2026-08-03 15:00:00,1816
85482.121611,125.5371,125.58,125.585,125.6299,125.47,2026-08-03 15:01:00,1620
162180.119873,125.5275,125.59,125.33,125.71,125.3,2026-08-03 15:02:00,2370
134353.275868,125.1702,125.3451,125.025,125.45,124.95,2026-08-03 15:03:00,2286
77689.184423,125.0218,125.03,124.95,125.12,124.9,2026-08-03 15:04:00,1373
80497.017955,124.959,124.94,124.93,125.04,124.88,2026-08-03 15:05:00,1562
159737.385996,124.6776,124.94,124.67,124.94,124.57,2026-08-03 15:06:00,2536
99928.734833,124.755,124.675,124.8,124.885,124.64,2026-08-03 15:07:00,1684
66957.957596,124.8366,124.81,124.88,124.94,124.75,2026-08-03 15:08:00,1302
56200.524453,124.8863,124.88,124.87,124.96,124.8,2026-08-03 15:09:00,1236
77969.121087,124.7842,124.88,124.925,124.94,124.6605,2026-08-03 15:10:00,1342
64194.848318,124.9749,124.925,125.03,125.1,124.895,2026-08-03 15:11:00,1302
55078.042428,124.9488,125.0593,124.935,125.0593,124.85,2026-08-03 15:12:00,1148
73575.230171,125.0593,124.91,125.1825,125.1825,124.88,2026-08-03 15:13:00,1366
73214.87813,125.1952,125.17,125.24,125.2799,125.09,2026-08-03 15:14:00,1399
75200.712457,125.2913,125.23,125.27,125.35,125.23,2026-08-03 15:15:00,1121
74031.799121,125.3017,125.2501,125.34,125.36,125.24,2026-08-03 15:16:00,1334
59727.807926,125.2474,125.35,125.23,125.35,125.15,2026-08-03 15:17:00,1157
45427.904759,125.2849,125.23,125.295,125.38,125.23,2026-08-03 15:18:00,1088
49871.487911,125.293,125.32,125.29,125.36,125.22,2026-08-03 15:19:00,1006
50412.058751,125.2901,125.28,125.195,125.36,125.19,2026-08-03 15:20:00,1106
77526.147334,125.2347,125.2,125.345,125.38,125.1,2026-08-03 15:21:00,1447
50871.098662,125.3701,125.36,125.4,125.43,125.33,2026-08-03 15:22:00,1077
54929.225309,125.3603,125.39,125.41,125.41,125.32,2026-08-03 15:23:00,1254
100716.426326,125.405,125.405,125.38,125.4799,125.35,2026-08-03 15:24:00,1601
133048.248784,125.2941,125.4,125.21,125.43,125.16,2026-08-03 15:25:00,2387
70236.301252,125.1913,125.215,125.23,125.23,125.135,2026-08-03 15:26:00,1259
51254.01153,125.293,125.2,125.29,125.33,125.2,2026-08-03 15:27:00,1036
58106.685714,125.1665,125.2972,125.17,125.2972,125.1,2026-08-03 15:28:00,1062
57500.521478,125.1235,125.2,125.17,125.21,125.05,2026-08-03 15:29:00,1034
46340.739841,125.2056,125.175,125.18,125.265,125.12,2026-08-03 15:30:00,1173
42459.666215,125.1257,125.15,125.11,125.2099,125.0601,2026-08-03 15:31:00,1111
68899.953506,125.0052,125.1,125.0,125.1,124.94,2026-08-03 15:32:00,1479
59003.118987,124.9767,125.0,125.0,125.035,124.89,2026-08-03 15:33:00,1302
70369.296706,124.9687,125.0,124.86,125.05,124.85,2026-08-03 15:34:00,1485
48798.807404,124.8652,124.8501,124.7905,124.97,124.78,2026-08-03 15:35:00,1160
49431.773127,124.839,124.84,124.885,124.905,124.77,2026-08-03 15:36:00,1177
33204.767603,124.8968,124.89,124.92,124.9499,124.84,2026-08-03 15:37:00,920
39506.393679,124.9265,124.91,124.895,124.95,124.85,2026-08-03 15:38:00,977
44673.313884,124.9266,124.9,124.95,124.9662,124.86,2026-08-03 15:39:00,1180
81766.19433,124.9684,124.98,124.9397,125.0,124.87,2026-08-03 15:40:00,1419
34338.951421,124.9221,124.92,124.94,124.97,124.885,2026-08-03 15:41:00,971
67838.287519,124.962,124.94,124.97,125.02,124.89,2026-08-03 15:42:00,1336
54823.467434,124.8947,124.94,124.895,124.97,124.83,2026-08-03 15:43:00,1265
41067.508224,124.8632,124.9,124.855,124.92,124.8,2026-08-03 15:44:00,1163
39374.035067,124.9233,124.86,124.98,125.0,124.85,2026-08-03 15:45:00,1016
61717.608503,124.9193,124.97,124.9,124.9894,124.86,2026-08-03 15:46:00,1221
45491.070467,124.8765,124.89,124.875,124.93,124.82,2026-08-03 15:47:00,1047
50354.353619,124.7827,124.865,124.71,124.8795,124.71,2026-08-03 15:48:00,1204
47447.565501,124.7803,124.72,124.81,124.82,124.72,2026-08-03 15:49:00,1019
100176.644452,124.7698,124.81,124.64,124.905,124.63,2026-08-03 15:50:00,1764
71119.424449,124.7795,124.64,124.855,124.86,124.63,2026-08-03 15:51:00,1256
64497.138508,124.9105,124.86,124.99,125.0,124.86,2026-08-03 15:52:00,1223
136963.004187,125.0221,124.9899,125.1101,125.1299,124.91,2026-08-03 15:53:00,1998
45574.18926,125.1148,125.11,125.135,125.15,125.08,2026-08-03 15:54:00,1088
87689.941393,125.1086,125.12,125.12,125.15,125.04,2026-08-03 15:55:00,1419
54453.757827,125.0667,125.125,125.03,125.13,125.0,2026-08-03 15:56:00,1095
55192.68871,125.0287,125.06,125.08,125.08,125.0,2026-08-03 15:57:00,1302
63695.461989,124.9889,125.065,124.92,125.09,124.86,2026-08-03 15:58:00,1207
65181.104375,124.9025,124.93,124.88,124.9395,124.865,2026-08-03 15:59:00,1027
81441.148272,124.762,124.895,124.8,124.92,124.65,2026-08-03 16:00:00,1678
96763.957334,124.8161,124.8,124.82,124.86,124.74,2026-08-03 16:01:00,1445
78971.351614,124.8741,124.805,124.865,124.93,124.805,2026-08-03 16:02:00,1348
57686.79664,124.9047,124.88,124.93,124.95,124.82,2026-08-03 16:03:00,1282
65268.389282,124.8872,124.95,124.825,124.95,124.8101,2026-08-03 16:04:00,1313
44946.174251,124.845,124.81,124.92,124.93,124.75,2026-08-03 16:05:00,1120
46882.311514,124.9258,124.9,124.94,124.97,124.89,2026-08-03 16:06:00,1150
120061.562395,125.1415,124.94,125.2802,125.33,124.94,2026-08-03 16:07:00,1626
144291.437016,125.4531,125.28,125.41,125.58,125.28,2026-08-03 16:08:00,2017
104001.2633,125.4407,125.42,125.45,125.575,125.31,2026-08-03 16:09:00,1601
68882.815688,125.3642,125.49,125.25,125.5,125.25,2026-08-03 16:10:00,1338
75275.65285,125.1278,125.27,125.06,125.2999,124.99,2026-08-03 16:11:00,1472
75900.57325,125.1306,125.065,125.305,125.32,124.95,2026-08-03 16:12:00,1272
65880.446942,125.3225,125.3,125.295,125.39,125.27,2026-08-03 16:13:00,1335
111209.164687,125.316,125.3199,125.345,125.37,125.26,2026-08-03 16:14:00,1632
81242.720778,125.3076,125.35,125.26,125.38,125.24,2026-08-03 16:15:00,1393
179409.717073,125.4266,125.29,125.61,125.64,125.25,2026-08-03 16:16:00,2476
161418.234489,125.5259,125.6,125.415,125.67,125.41,2026-08-03 16:17:00,2153
175721.034965,125.2743,125.415,125.26,125.43,125.15,2026-08-03 16:18:00,2114
152051.655742,125.3174,125.26,125.195,125.3799,125.19,2026-08-03 16:19:00,2230
183477.849972,125.1286,125.21,125.27,125.28,125.1524,2026-08-03 16:20:00,1979
160135.212204,125.2466,125.255,125.26,125.3899,125.15,2026-08-03 16:21:00,2238
95614.614238,125.2068,125.22,125.23,125.2875,125.125,2026-08-03 16:22:00,1446
92105.066967,125.2338,125.235,125.2199,125.34,125.14,2026-08-03 16:23:00,1481
47246.670991,125.2525,125.2199,125.3395,125.3395,125.19,2026-08-03 16:24:00,1051
65323.513639,125.4149,125.3354,125.46,125.51,125.3107,2026-08-03 16:25:00,1344
64658.490606,125.4541,125.445,125.46,125.5,125.4001,2026-08-03 16:26:00,1179
68354.720209,125.5263,125.49,125.535,125.64,125.45,2026-08-03 16:27:00,1214
104095.800342,125.6143,125.5371,125.67,125.72,125.5201,2026-08-03 16:28:00,1157
78003.580384,125.7012,125.675,125.8,125.83,125.6301,2026-08-03 16:29:00,1180
120284.921482,125.747,125.8,125.775,125.8199,125.68,2026-08-03 16:30:00,1415
72033.055061,125.7724,125.79,125.79,125.85,125.715,2026-08-03 16:31:00,1067
118369.775469,125.786,125.79,125.67,125.87,125.67,2026-08-03 16:32:00,1740
91086.059877,125.6459,125.67,125.7495,125.78,125.53,2026-08-03 16:33:00,1363
66934.189784,125.7978,125.75,125.79,125.865,125.7206,2026-08-03 16:34:00,1161
69992.560309,125.8388,125.8,125.805,125.9,125.76,2026-08-03 16:35:00,1153
53853.212598,125.5933,125.78,125.615,125.78,125.52,2026-08-03 16:36:00,1091
40308.128725,125.6351,125.6,125.67,125.71,125.53,2026-08-03 16:37:00,844
87245.733743,125.55,125.69,125.55,125.695,125.48,2026-08-03 16:38:00,1171
38072.583191,125.585,125.55,125.555,125.64,125.54,2026-08-03 16:39:00,883
74443.268164,125.5271,125.55,125.5,125.618,125.42,2026-08-03 16:40:00,1229
77750.545544,125.4424,125.51,125.34,125.51,125.34,2026-08-03 16:41:00,1169
47278.624321,125.3921,125.355,125.4505,125.48,125.34,2026-08-03 16:42:00,893
45167.560078,125.4946,125.455,125.5,125.53,125.455,2026-08-03 16:43:00,722
54597.577256,125.5908,125.4901,125.66,125.68,125.49,2026-08-03 16:44:00,893
143626.009183,125.6087,125.68,125.46,125.71,125.39,2026-08-03 16:45:00,1659
250307.073559,125.3206,125.4534,125.55,125.56,125.2,2026-08-03 16:46:00,2265
57555.451396,125.5031,125.57,125.44,125.6,125.35,2026-08-03 16:47:00,843
39801.638633,125.3709,125.42,125.365,125.44,125.26,2026-08-03 16:48:00,784
93585.970497,125.2646,125.365,125.13,125.39,125.123,2026-08-03 16:49:00,1206
148915.879022,124.9694,125.14,124.87,125.24,124.82,2026-08-03 16:50:00,2366
93210.529689,124.8747,124.895,124.79,124.9396,124.78,2026-08-03 16:51:00,1469
132313.979538,124.87,124.81,124.86,124.97,124.76,2026-08-03 16:52:00,1631
57273.76884,124.936,124.86,125.0266,125.06,124.82,2026-08-03 16:53:00,1059
47579.19343,125.0131,125.02,125.0,125.065,124.965,2026-08-03 16:54:00,862
58219.992491,125.1008,125.01,125.095,125.14,125.0,2026-08-03 16:55:00,940
57536.598965,125.0919,125.08,125.115,125.155,125.02,2026-08-03 16:56:00,781
67068.964197,125.1223,125.12,125.08,125.19,125.0434,2026-08-03 16:57:00,942
53008.72433,125.0626,125.045,125.135,125.14,125.0,2026-08-03 16:58:00,844
53869.80373,125.1989,125.13,125.22,125.25,125.1,2026-08-03 16:59:00,913
88926.123112,125.2888,125.22,125.34,125.359,125.2116,2026-08-03 17:00:00,950
122711.897191,125.3398,125.35,125.34,125.4175,125.29,2026-08-03 17:01:00,1062
104117.617693,125.3072,125.34,125.32,125.37,125.25,2026-08-03 17:02:00,1061
58349.094483,125.1843,125.3101,125.11,125.33,125.08,2026-08-03 17:03:00,1050
119143.451176,125.0819,125.09,125.115,125.13,125.01,2026-08-03 17:04:00,1188
71828.479133,125.1969,125.13,125.18,125.25,125.12,2026-08-03 17:05:00,1079
82447.50691,125.135,125.17,125.12,125.17,125.0601,2026-08-03 17:06:00,1199
37899.593008,125.125,125.1155,125.11,125.16,125.09,2026-08-03 17:07:00,766
48558.157566,125.2164,125.14,125.26,125.29,125.12,2026-08-03 17:08:00,910
61151.969775,125.273,125.265,125.2999,125.3,125.245,2026-08-03 17:09:00,843
56422.606341,125.3162,125.3,125.3817,125.4,125.27,2026-08-03 17:10:00,982
131434.298212,125.4705,125.4094,125.49,125.55,125.39,2026-08-03 17:11:00,1129
49476.821726,125.4927,125.5199,125.58,125.58,125.47,2026-08-03 17:12:00,742
126604.28025,125.6635,125.575,125.77,125.77,125.53,2026-08-03 17:13:00,1314
63703.129449,125.7595,125.7755,125.78,125.82,125.72,2026-08-03 17:14:00,941
81745.387723,125.7226,125.78,125.73,125.8069,125.65,2026-08-03 17:15:00,1278
88743.757041,125.6086,125.73,125.74,125.76,125.66,2026-08-03 17:16:00,645
68934.30856,125.7057,125.72,125.7,125.745,125.61,2026-08-03 17:17:00,957
66273.023717,125.7382,125.69,125.73,125.8199,125.6732,2026-08-03 17:18:00,1063
124762.432332,125.589,125.72,125.65,125.75,125.48,2026-08-03 17:19:00,1661
57472.847914,125.6042,125.65,125.6058,125.65,125.5401,2026-08-03 17:20:00,829
53756.832466,125.6199,125.595,125.615,125.72,125.57,2026-08-03 17:21:00,803
70829.073416,125.6227,125.625,125.62,125.73,125.55,2026-08-03 17:22:00,1179
54262.232173,125.585,125.62,125.5691,125.625,125.54,2026-08-03 17:23:00,1082
42195.867248,125.5588,125.56,125.59,125.61,125.4905,2026-08-03 17:24:00,827
38857.129863,125.6087,125.605,125.56,125.65,125.56,2026-08-03 17:25:00,702
107944.768618,125.6397,125.56,125.58,125.61,125.53,2026-08-03 17:26:00,804
90872.572276,125.5828,125.585,125.6,125.62,125.51,2026-08-03 17:27:00,945
71622.668233,125.6087,125.58,125.565,125.66,125.56,2026-08-03 17:28:00,1015
50055.336229,125.6404,125.57,125.7099,125.7454,125.565,2026-08-03 17:29:00,899
63685.867709,125.7367,125.7,125.75,125.8,125.67,2026-08-03 17:30:00,1098
45165.741045,125.743,125.76,125.74,125.78,125.72,2026-08-03 17:31:00,876
61579.097829,125.7836,125.74,125.83,125.837,125.74,2026-08-03 17:32:00,934
57567.311678,125.8308,125.815,125.81,125.9,125.77,2026-08-03 17:33:00,1115
48249.152973,125.8108,125.81,125.785,125.85,125.78,2026-08-03 17:34:00,887
54022.708085,125.7757,125.78,125.8,125.85,125.7358,2026-08-03 17:35:00,1079
33438.065795,125.772,125.79,125.72,125.8299,125.71,2026-08-03 17:36:00,726
46627.478847,125.7251,125.72,125.745,125.76,125.68,2026-08-03 17:37:00,793
45278.386077,125.7561,125.74,125.76,125.8,125.7,2026-08-03 17:38:00,795
45692.333169,125.758,125.755,125.775,125.81,125.7,2026-08-03 17:39:00,904
38248.457906,125.7813,125.79,125.765,125.81,125.75,2026-08-03 17:40:00,848
83963.968684,125.6723,125.765,125.64,125.775,125.615,2026-08-03 17:41:00,1218
46209.240617,125.628,125.64,125.615,125.66,125.6,2026-08-03 17:42:00,956
41081.682167,125.6558,125.62,125.6001,125.6871,125.6001,2026-08-03 17:43:00,814
75736.161338,125.5841,125.615,125.63,125.66,125.51,2026-08-03 17:44:00,1008
55317.392015,125.6938,125.63,125.75,125.77,125.63,2026-08-03 17:45:00,1014
47899.824661,125.767,125.75,125.76,125.8,125.7301,2026-08-03 17:46:00,841
51724.769158,125.716,125.75,125.68,125.76,125.66,2026-08-03 17:47:00,830
53532.107708,125.6116,125.68,125.61,125.685,125.56,2026-08-03 17:48:00,1019
35994.613334,125.5901,125.61,125.59,125.625,125.55,2026-08-03 17:49:00,628
50021.255077,125.5356,125.585,125.535,125.5967,125.5,2026-08-03 17:50:00,938
42602.931197,125.5749,125.55,125.5937,125.6,125.52,2026-08-03 17:51:00,790
58414.18167,125.5576,125.6,125.51,125.62,125.49,2026-08-03 17:52:00,1041
61044.577062,125.4691,125.49,125.545,125.56,125.38,2026-08-03 17:53:00,1127
48207.653575,125.5806,125.545,125.53,125.6399,125.53,2026-08-03 17:54:00,900
72995.988991,125.5989,125.5305,125.62,125.7,125.51,2026-08-03 17:55:00,1297
61983.315497,125.6599,125.61,125.66,125.7299,125.61,2026-08-03 17:56:00,1051
47794.508837,125.6505,125.67,125.6799,125.6868,125.62,2026-08-03 17:57:00,940
50882.84671,125.7102,125.68,125.73,125.765,125.6616,2026-08-03 17:58:00,1090
58712.58798,125.7101,125.73,125.69,125.76,125.66,2026-08-03 17:59:00,1322
76601.283905,125.6123,125.7,125.45,125.725,125.43,2026-08-03 18:00:00,1462
50256.103208,125.5717,125.44,125.575,125.63,125.44,2026-08-03 18:01:00,959
48738.676478,125.6315,125.575,125.655,125.6899,125.575,2026-08-03 18:02:00,1067
75096.283746,125.6337,125.65,125.665,125.68,125.6,2026-08-03 18:03:00,2720
46991.381719,125.682,125.68,125.665,125.74,125.63,2026-08-03 18:04:00,930
57449.37313,125.6754,125.665,125.6585,125.72,125.62,2026-08-03 18:05:00,1149
63069.567133,125.6626,125.66,125.67,125.7,125.61,2026-08-03 18:06:00,1120
59880.732746,125.6825,125.68,125.685,125.72,125.66,2026-08-03 18:07:00,1144
84215.021144,125.6972,125.68,125.72,125.74,125.65,2026-08-03 18:08:00,1233
66941.019354,125.6796,125.73,125.695,125.78,125.57,2026-08-03 18:09:00,1200
88002.629348,125.6872,125.705,125.72,125.75,125.6,2026-08-03 18:10:00,1481
67384.72921,125.6411,125.72,125.59,125.725,125.57,2026-08-03 18:11:00,1423
45246.294613,125.6048,125.59,125.59,125.67,125.56,2026-08-03 18:12:00,836
42621.679019,125.674,125.6,125.7,125.72,125.6,2026-08-03 18:13:00,801
109343.060352,125.8057,125.7,125.81,125.9,125.69,2026-08-03 18:14:00,1684
191429.906356,125.9771,125.84,125.99,126.04,125.815,2026-08-03 18:15:00,2109
98910.198892,125.9974,125.99,126.01,126.03,125.955,2026-08-03 18:16:00,1400
79625.21009,125.9812,126.02,125.95,126.05,125.9,2026-08-03 18:17:00,1353
75811.331546,125.9029,125.955,125.94,126.0,125.81,2026-08-03 18:18:00,963
42202.388661,125.8664,125.9,125.875,125.91,125.83,2026-08-03 18:19:00,796
88604.283072,125.7943,125.86,125.81,125.86,125.735,2026-08-03 18:20:00,1257
56914.662952,125.7888,125.8,125.78,125.82,125.73,2026-08-03 18:21:00,985
47218.433611,125.8208,125.7805,125.855,125.87,125.75,2026-08-03 18:22:00,918
66825.271283,125.8181,125.87,125.85,125.88,125.77,2026-08-03 18:23:00,1191
47056.103011,125.878,125.85,125.915,125.95,125.81,2026-08-03 18:24:00,941
55751.800031,125.8976,125.9,125.925,125.93,125.85,2026-08-03 18:25:00,908
71082.425091,125.926,125.93,125.895,125.96,125.88,2026-08-03 18:26:00,1215
63137.611851,125.8539,125.895,125.84,125.91,125.79,2026-08-03 18:27:00,1067
65426.507581,125.8942,125.87,125.85,125.97,125.82,2026-08-03 18:28:00,1043
58830.669112,125.8637,125.85,125.86,125.9,125.8223,2026-08-03 18:29:00,1075
59511.802365,125.8937,125.87,125.845,125.96,125.84,2026-08-03 18:30:00,1181
52170.500096,125.8762,125.85,125.93,125.94,125.8301,2026-08-03 18:31:00,862
85560.921334,125.9594,125.91,125.935,126.0,125.9,2026-08-03 18:32:00,1340
109770.120107,125.888,125.95,125.96,125.96,125.82,2026-08-03 18:33:00,1203
65058.677876,125.9544,125.96,125.97,126.0,125.895,2026-08-03 18:34:00,999
72879.758099,125.8795,125.955,125.79,126.0,125.77,2026-08-03 18:35:00,1283
72939.400065,125.7093,125.77,125.6571,125.7999,125.6224,2026-08-03 18:36:00,1334
74859.237526,125.6698,125.63,125.7,125.72,125.6,2026-08-03 18:37:00,1354
49558.799888,125.7417,125.71,125.8,125.81,125.68,2026-08-03 18:38:00,1091
93949.509321,125.6482,125.815,125.58,125.82,125.535,2026-08-03 18:39:00,1487
79299.978124,125.5818,125.565,125.535,125.67,125.51,2026-08-03 18:40:00,1274
73005.255831,125.5142,125.55,125.5,125.565,125.46,2026-08-03 18:41:00,1280
61462.466963,125.518,125.485,125.54,125.56,125.45,2026-08-03 18:42:00,1122
89556.344437,125.5565,125.53,125.55,125.61,125.49,2026-08-03 18:43:00,1260
64547.132096,125.5395,125.555,125.555,125.5799,125.48,2026-08-03 18:44:00,1039
59770.938059,125.5795,125.56,125.55,125.6399,125.52,2026-08-03 18:45:00,1096
84969.427127,125.5326,125.55,125.67,125.6799,125.45,2026-08-03 18:46:00,1176
61745.749635,125.6618,125.665,125.68,125.6971,125.63,2026-08-03 18:47:00,1034
100969.929399,125.7545,125.675,125.8,125.83,125.66,2026-08-03 18:48:00,1452
51889.049132,125.771,125.79,125.8,125.8,125.73,2026-08-03 18:49:00,987
73363.289812,125.8012,125.79,125.74,125.86,125.74,2026-08-03 18:50:00,1338
50221.376123,125.7237,125.745,125.7299,125.76,125.68,2026-08-03 18:51:00,914
90756.363233,125.7957,125.72,125.87,125.89,125.7,2026-08-03 18:52:00,1349
44322.257492,125.8974,125.889,125.93,125.94,125.87,2026-08-03 18:53:00,748
103358.06175,125.8848,125.935,125.87,125.96,125.79,2026-08-03 18:54:00,1298
61243.708172,125.8352,125.87,125.795,125.88,125.79,2026-08-03 18:55:00,1072
69164.626824,125.8219,125.785,125.8299,125.86,125.765,2026-08-03 18:56:00,1085
78236.27709,125.8581,125.801,125.87,125.9,125.801,2026-08-03 18:57:00,1095
103955.781103,125.9448,125.88,125.96,126.0,125.85,2026-08-03 18:58:00,1546
63916.379528,125.9195,125.94,125.87,125.98,125.87,2026-08-03 18:59:00,1104
126750.056697,125.9312,125.89,125.96,126.0,125.8313,2026-08-03 19:00:00,1957
187889.344587,126.0155,125.96,126.1099,126.13,125.92,2026-08-03 19:01:00,2052
118242.372921,126.0345,126.11,126.02,126.11,125.98,2026-08-03 19:02:00,1741
205389.554969,126.0363,126.01,126.04,126.12,125.97,2026-08-03 19:03:00,2981
202703.055729,126.037,126.04,125.995,126.13,125.96,2026-08-03 19:04:00,2427
183261.625892,125.9398,126.01,125.96,126.02,125.9013,2026-08-03 19:05:00,1890
138805.724345,125.9832,125.975,125.94,126.04,125.91,2026-08-03 19:06:00,1765
152211.253562,125.7956,125.92,125.78,125.92,125.72,2026-08-03 19:07:00,2276
151211.562017,125.7092,125.8,125.725,125.91,125.615,2026-08-03 19:08:00,2388
160986.538521,125.6318,125.725,125.61,125.73,125.55,2026-08-03 19:09:00,2124
112063.761896,125.6794,125.6,125.715,125.7699,125.59,2026-08-03 19:10:00,1686
123022.363838,125.7581,125.7,125.765,125.81,125.7,2026-08-03 19:11:00,1871
139725.848728,125.8778,125.76,125.97,125.97,125.76,2026-08-03 19:12:00,1658
143113.6245,125.8488,125.979,125.8001,125.98,125.76,2026-08-03 19:13:00,2107
83127.77626,125.8169,125.8,125.815,125.87,125.78,2026-08-03 19:14:00,1479
103152.828301,125.8715,125.815,125.9199,125.92,125.81,2026-08-03 19:15:00,1325
143306.538528,125.8959,125.91,125.89,125.96,125.85,2026-08-03 19:16:00,1851
152111.720996,125.9287,125.88,125.9701,126.015,125.845,2026-08-03 19:17:00,2278
88643.80456,125.9417,125.9932,125.94,125.9999,125.905,2026-08-03 19:18:00,1416
156104.69819,125.9962,125.93,126.04,126.08,125.89,2026-08-03 19:19:00,2126
180399.313582,125.9996,126.05,125.97,126.08,125.96,2026-08-03 19:20:00,1904
197328.17335,126.0818,125.98,126.14,126.15,125.96,2026-08-03 19:21:00,2202
174983.985532,126.1845,126.13,126.19,126.291,126.12,2026-08-03 19:22:00,2465
207832.072213,126.125,126.205,126.03,126.255,125.9701,2026-08-03 19:23:00,2774
131713.659777,126.1533,126.0499,126.1723,126.2095,126.04,2026-08-03 19:24:00,1747
214802.752942,126.0736,126.16,126.11,126.17,126.01,2026-08-03 19:25:00,2869
153367.57184,126.0032,126.09,125.9501,126.09,125.9201,2026-08-03 19:26:00,2251
157811.703933,126.1166,125.95,126.18,126.205,125.94,2026-08-03 19:27:00,2396
146202.580254,126.2064,126.17,126.1897,126.25,126.16,2026-08-03 19:28:00,2309
157916.000161,126.2182,126.18,126.16,126.2705,126.14,2026-08-03 19:29:00,2265
138892.193668,126.162,126.15,126.15,126.24,126.08,2026-08-03 19:30:00,2294
127872.194604,126.1496,126.14,126.1,126.21,126.09,2026-08-03 19:31:00,2238
182431.265985,125.9847,126.0801,125.82,126.09,125.82,2026-08-03 19:32:00,2643
206093.696419,125.8092,125.82,125.77,125.94,125.75,2026-08-03 19:33:00,3089
191816.192481,125.8252,125.77,125.92,125.98,125.6805,2026-08-03 19:34:00,3092
180472.354378,125.7658,125.91,125.685,125.94,125.62,2026-08-03 19:35:00,2773
182991.01772,125.7827,125.67,125.7,125.88,125.67,2026-08-03 19:36:00,2486
264333.031058,125.6162,125.69,125.58,125.76,125.48,2026-08-03 19:37:00,3662
171619.420083,125.5737,125.58,125.53,125.73,125.45,2026-08-03 19:38:00,2469
182664.340692,125.5668,125.5299,125.51,125.62,125.47,2026-08-03 19:39:00,2630
323365.934345,125.4289,125.51,125.48,125.54,125.28,2026-08-03 19:40:00,4142
170082.273778,125.4266,125.48,125.3793,125.5373,125.34,2026-08-03 19:41:00,3350
159242.154343,125.3653,125.3501,125.36,125.44,125.3,2026-08-03 19:42:00,2808
180765.179744,125.4921,125.36,125.585,125.64,125.33,2026-08-03 19:43:00,2903
211394.846839,125.725,125.59,125.7901,125.917,125.58,2026-08-03 19:44:00,3086
207549.628704,125.8101,125.805,125.91,126.0,125.68,2026-08-03 19:45:00,3056
229390.466517,125.7878,125.91,125.83,125.92,125.68,2026-08-03 19:46:00,2725
140091.666951,125.8501,125.83,125.9699,125.98,125.73,2026-08-03 19:47:00,2020
211199.404858,126.0593,125.96,126.2462,126.26,125.9301,2026-08-03 19:48:00,2951
323884.731321,126.1711,126.27,125.97,126.3999,125.91,2026-08-03 19:49:00,3752
331302.030294,125.8371,125.97,125.88,125.97,125.77,2026-08-03 19:50:00,4849
369192.879808,126.0094,125.89,126.02,126.1,125.89,2026-08-03 19:51:00,4667
291678.211159,126.0177,126.01,125.89,126.11,125.87,2026-08-03 19:52:00,4143
339436.56915,126.039,125.9,126.0,126.275,125.86,2026-08-03 19:53:00,4898
562490.989575,125.6777,125.99,125.5,125.99,125.4,2026-08-03 19:54:00,7825
601243.814759,125.7269,125.49,125.7,125.89,125.35,2026-08-03 19:55:00,7270
530880.66595,125.6047,125.69,125.56,125.74,125.42,2026-08-03 19:56:00,6595
533666.487745,125.7425,125.56,125.68,125.925,125.5415,2026-08-03 19:57:00,7362
642460.897118,125.7968,125.67,125.7699,125.9,125.66,2026-08-03 19:58:00,8977
1086529.927774,125.8339,125.76,125.89,125.98,125.73,2026-08-03 19:59:00,13214
183013.887996,125.8788,125.65,126.25,126.39,125.65,2026-08-03 20:00:00,1003
242837.209024,127.0587,126.23,127.0,127.6007,126.11,2026-08-03 20:01:00,3051
148766.513342,126.6742,127.0,126.5,127.0,126.37,2026-08-03 20:02:00,1471
77340.992263,126.7575,126.5,126.85,126.94,126.4841,2026-08-03 20:03:00,968
111041.481355,126.329,126.7,125.6267,126.99,125.3,2026-08-03 20:04:00,1587
1391043.84244,131.4357,125.6499,134.23,134.49,125.6484,2026-08-03 20:05:00,16952
1036790.496954,135.0804,134.0,136.25,136.4,133.76,2026-08-03 20:06:00,11339
688717.177354,135.4822,136.15,135.53,136.3,134.51,2026-08-03 20:07:00,8998
621141.214302,136.0698,135.72,136.3471,136.8781,135.45,2026-08-03 20:08:00,7784
442631.647926,136.0897,136.3437,136.0918,136.9,135.6,2026-08-03 20:09:00,5655
354851.336865,135.5767,136.1067,135.75,136.3,135.0,2026-08-03 20:10:00,4945
416888.124486,134.8542,135.7323,134.89,135.86,125.65,2026-08-03 20:11:00,4941
333232.429783,135.0592,134.73,135.0,135.51,134.4,2026-08-03 20:12:00,3820
353449.371567,134.0585,135.0,133.34,135.07,133.22,2026-08-03 20:13:00,4225
379618.630463,134.0533,133.34,134.6259,134.99,133.22,2026-08-03 20:14:00,4261
381840.241188,135.2564,134.95,135.7,135.75,134.56,2026-08-03 20:15:00,3994
206254.525752,135.5025,135.7,135.3,135.92,135.26,2026-08-03 20:16:00,2585
388499.793911,136.0443,135.4486,136.0508,136.46,135.32,2026-08-03 20:17:00,4063
221410.661646,136.0766,136.0584,136.1,136.43,135.65,2026-08-03 20:18:00,2700
171959.314846,135.9712,136.09,135.7921,136.26,135.65,2026-08-03 20:19:00,2039
465143.083818,136.9147,136.0,137.267,137.55,135.75,2026-08-03 20:20:00,5410
284166.865551,137.5025,137.3093,137.1,137.8,137.1,2026-08-03 20:21:00,3697
192918.159584,137.2419,137.1,137.2,137.6,137.0,2026-08-03 20:22:00,2413
210399.927019,137.1539,137.11,136.82,137.65,136.51,2026-08-03 20:23:00,2266
139695.728092,137.0392,136.88,137.1498,137.4,136.77,2026-08-03 20:24:00,1744
305320.106115,137.7583,137.15,138.01,138.18,137.14,2026-08-03 20:25:00,3717
257444.727043,138.083,138.01,137.96,138.47,137.73,2026-08-03 20:26:00,2899
147900.350429,137.8941,137.79,138.0892,138.25,137.54,2026-08-03 20:27:00,2020
202893.908836,138.2142,138.0892,137.82,138.6,137.69,2026-08-03 20:28:00,2797
146795.686622,137.7825,137.83,137.2617,138.15,137.25,2026-08-03 20:29:00,2138
93810.914044,137.6733,137.296,137.85,137.96,137.26,2026-08-03 20:30:00,1533
159672.781382,137.8564,137.9,138.1,138.15,137.5,2026-08-03 20:31:00,2092
123456.869206,137.8695,138.14,137.9,138.15,137.6,2026-08-03 20:32:00,1179
161116.005636,137.7954,137.92,137.4183,138.3,137.17,2026-08-03 20:33:00,1852
119188.168113,137.6914,137.42,137.9,138.0,137.35,2026-08-03 20:34:00,1565
179329.531259,138.1016,137.85,138.1905,138.38,137.76,2026-08-03 20:35:00,1521
142430.215542,138.2324,138.12,138.1345,138.59,138.0,2026-08-03 20:36:00,1548
85022.814291,138.2302,138.05,138.3852,138.5,138.05,2026-08-03 20:37:00,1096
75322.905592,138.3198,138.42,138.3101,138.47,138.2,2026-08-03 20:38:00,926
158436.83945,138.5714,138.3845,138.23,138.86,138.23,2026-08-03 20:39:00,1715
115983.559484,138.2636,138.21,138.75,138.75,138.01,2026-08-03 20:40:00,1428
86927.542864,138.5223,138.75,138.63,138.8,138.31,2026-08-03 20:41:00,1045
93418.085785,138.562,138.69,138.51,138.79,138.2607,2026-08-03 20:42:00,1181
229489.168445,138.9428,138.7,139.022,139.17,138.5,2026-08-03 20:43:00,2729
252855.461548,139.5223,139.0514,139.83,139.89,139.05,2026-08-03 20:44:00,3003
289549.393116,139.9471,139.83,139.97,139.99,139.8,2026-08-03 20:45:00,2807
516580.946021,140.066,139.97,140.43,140.68,139.4,2026-08-03 20:46:00,5194
268228.635844,140.73,140.54,140.99,141.0,140.43,2026-08-03 20:47:00,2498
243677.532975,141.0256,140.97,141.2946,141.2946,140.65,2026-08-03 20:48:00,2697
214219.060664,141.1269,141.3,141.3,141.4,141.0,2026-08-03 20:49:00,2080
267199.630948,141.7918,141.26,142.3423,142.3485,141.24,2026-08-03 20:50:00,3129
368894.425766,142.2663,142.35,141.78,142.91,141.51,2026-08-03 20:51:00,3568
173590.581195,141.7567,141.82,141.907,141.95,141.5,2026-08-03 20:52:00,1681
143794.483677,142.1125,141.91,142.25,142.4161,141.8,2026-08-03 20:53:00,1760
225491.42455,142.3001,142.2611,142.6,142.77,141.93,2026-08-03 20:54:00,2478
202404.617507,142.6128,142.6462,142.31,142.9,142.1,2026-08-03 20:55:00,1976
169620.42702,142.2113,142.26,142.0,142.65,141.7901,2026-08-03 20:56:00,1882
137344.285063,141.7577,142.01,141.6268,142.01,141.53,2026-08-03 20:57:00,1607
241334.3478,141.1068,141.5692,140.6,141.66,140.6,2026-08-03 20:58:00,2429
139061.401913,140.8172,140.82,140.9,141.0,140.5,2026-08-03 20:59:00,1623
114197.435104,140.7497,140.9,140.9316,140.95,140.5042,2026-08-03 21:00:00,1281
140692.818056,141.092,140.94,140.76,141.54,140.75,2026-08-03 21:01:00,1691
73261.257186,140.8699,140.8937,141.0,141.15,140.74,2026-08-03 21:02:00,993
119147.027578,141.4507,141.1349,141.5,141.85,141.0,2026-08-03 21:03:00,1395
105938.267683,141.2589,141.64,140.93,141.69,140.88,2026-08-03 21:04:00,1316
102115.997922,140.7307,140.95,140.91,141.0,140.51,2026-08-03 21:05:00,1421
82577.157416,141.0359,140.99,141.1835,141.28,140.8,2026-08-03 21:06:00,1183
97457.11917,140.9985,141.05,141.0,141.11,140.81,2026-08-03 21:07:00,837
84878.167538,140.8025,140.995,140.7,140.995,140.55,2026-08-03 21:08:00,908
290947.845261,139.696,140.58,139.3994,140.7,139.22,2026-08-03 21:09:00,2671
226852.835326,138.8839,139.4,138.85,139.5,138.56,2026-08-03 21:10:00,2368
207397.689862,138.7389,138.9,138.819,139.34,138.01,2026-08-03 21:11:00,2176
140967.714292,139.1069,138.8167,138.9731,139.5,138.6762,2026-08-03 21:12:00,1417
72816.378365,138.813,138.99,138.9186,138.99,138.54,2026-08-03 21:13:00,788
79747.649935,138.9194,138.837,138.8,139.19,138.6,2026-08-03 21:14:00,1109
83553.721052,139.221,138.8,139.4846,139.49,138.8,2026-08-03 21:15:00,976
108977.133735,139.3501,139.49,139.11,139.74,139.11,2026-08-03 21:16:00,1194
59083.546589,139.3933,139.19,139.43,139.6,139.11,2026-08-03 21:17:00,662
210892.341715,140.3444,139.48,140.51,140.7759,139.48,2026-08-03 21:18:00,1986
63053.930109,140.2774,140.28,140.1737,140.459,140.03,2026-08-03 21:19:00,751
63530.17729,140.0369,140.1768,139.9,140.3081,139.78,2026-08-03 21:20:00,810
52473.744565,139.6737,139.95,139.64,139.9546,139.5005,2026-08-03 21:21:00,669
125124.87604,139.0228,139.68,138.912,139.68,138.7,2026-08-03 21:22:00,1218
49587.262555,139.0166,138.93,139.2039,139.25,138.89,2026-08-03 21:23:00,565
68200.060707,139.078,139.2497,138.79,139.4,138.73,2026-08-03 21:24:00,687
39094.348725,138.9803,138.8,139.11,139.2,138.8,2026-08-03 21:25:00,487
77093.90144,138.8631,139.0617,138.94,139.18,138.51,2026-08-03 21:26:00,677
49928.738553,138.9499,138.6642,138.9155,139.13,138.61,2026-08-03 21:27:00,512
77083.031484,138.8584,138.9,139.0,139.25,138.5543,2026-08-03 21:28:00,846
92809.070538,139.2976,138.99,139.0,139.9,138.99,2026-08-03 21:29:00,1092
44778.168926,139.0626,139.0,139.26,139.48,138.85,2026-08-03 21:30:00,529
95827.35591,139.622,139.34,139.5,139.97,139.1901,2026-08-03 21:31:00,1018
35836.739432,139.5973,139.5806,139.7461,139.78,139.45,2026-08-03 21:32:00,425
160964.37184,140.2386,139.7,140.55,140.67,139.59,2026-08-03 21:33:00,1723
78253.87354,140.3536,140.59,140.2,140.59,140.0,2026-08-03 21:34:00,661
65835.646262,140.1572,140.1308,140.2003,140.4,139.9,2026-08-03 21:35:00,820
45039.868611,140.2217,140.2239,140.2501,140.3,140.1,2026-08-03 21:36:00,481
74973.723928,140.3609,140.25,140.15,140.6,140.05,2026-08-03 21:37:00,875
42064.305149,140.2637,140.15,140.4686,140.48,140.14,2026-08-03 21:38:00,427
110287.128087,140.2322,140.47,140.05,140.61,139.58,2026-08-03 21:39:00,1955
63160.354676,140.2963,140.0206,140.6,140.65,140.02,2026-08-03 21:40:00,721
53108.242666,140.5438,140.5,140.5517,140.7,140.3,2026-08-03 21:41:00,615
83387.238805,140.5356,140.5,140.6,140.72,140.35,2026-08-03 21:42:00,505
88402.379697,140.781,140.4,140.54,140.88,140.4,2026-08-03 21:43:00,1095
31039.383922,140.6294,140.54,140.688,140.8,140.5,2026-08-03 21:44:00,473
43002.312997,140.5926,140.71,140.62,140.75,140.48,2026-08-03 21:45:00,467
48027.667037,140.4722,140.5914,140.44,140.6592,140.04,2026-08-03 21:46:00,487
29271.32119,140.3111,140.3947,140.2,140.45,140.2,2026-08-03 21:47:00,314
103554.970355,140.0488,140.2,139.9799,140.23,139.8301,2026-08-03 21:48:00,598
58318.937157,139.5811,139.81,139.6,139.98,139.35,2026-08-03 21:49:00,649
66521.055198,139.4701,139.6,139.61,139.65,139.35,2026-08-03 21:50:00,578
42058.246491,139.6509,139.5113,139.7,139.869,139.5,2026-08-03 21:51:00,342
25505.041512,139.8016,139.75,139.9139,139.99,139.605,2026-08-03 21:52:00,312
45814.03122,139.9708,139.97,140.1,140.1447,139.8,2026-08-03 21:53:00,429
47714.892893,140.1667,140.11,140.11,140.29,139.9065,2026-08-03 21:54:00,547
75339.051093,140.4355,140.12,140.5,140.75,140.0,2026-08-03 21:55:00,631
41341.835472,140.6729,140.5338,140.7,140.8,140.51,2026-08-03 21:56:00,502
68414.124824,140.7505,140.7041,140.98,140.98,140.51,2026-08-03 21:57:00,713
87649.137303,140.7962,140.95,140.5,141.0,140.5,2026-08-03 21:58:00,790
32126.926487,140.4908,140.56,140.383,140.63,140.3155,2026-08-03 21:59:00,390
45280.373147,140.3734,140.3003,140.5173,140.6,140.15,2026-08-03 22:00:00,492
70332.575478,140.794,140.4201,140.96,141.0,140.23,2026-08-03 22:01:00,510
83505.901765,140.9898,140.8828,140.84,141.25,140.7,2026-08-03 22:02:00,874
26926.323077,140.7505,140.8,140.89,140.89,140.646,2026-08-03 22:03:00,267
25041.359517,140.7833,140.86,140.72,140.8645,140.72,2026-08-03 22:04:00,291
23672.118831,140.7684,140.7507,140.7173,140.859,140.6855,2026-08-03 22:05:00,254
24056.03499,140.7569,140.7199,140.8145,140.8145,140.68,2026-08-03 22:06:00,259
64541.449326,141.1121,140.7317,141.42,141.42,140.7317,2026-08-03 22:07:00,661
69212.608102,141.3249,141.44,141.21,141.5,141.13,2026-08-03 22:08:00,578
38545.342433,141.4484,141.21,141.4,141.66,141.21,2026-08-03 22:09:00,591
76244.238874,141.6023,141.44,141.5178,141.84,141.2,2026-08-03 22:10:00,770
82987.983049,141.6297,141.5022,141.749,141.75,141.41,2026-08-03 22:11:00,470
58113.892678,141.7546,141.7485,141.84,141.9,141.5,2026-08-03 22:12:00,564
104935.315365,142.0178,141.85,141.914,142.2,141.85,2026-08-03 22:13:00,1367
61312.34572,141.9735,141.93,142.1,142.13,141.66,2026-08-03 22:14:00,586
98099.795034,142.1456,142.12,142.2861,142.33,141.74,2026-08-03 22:15:00,690
59110.238005,142.0956,142.29,142.1406,142.29,141.93,2026-08-03 22:16:00,499
40109.703462,142.2495,142.1461,142.062,142.45,142.062,2026-08-03 22:17:00,611
44821.824264,142.0159,142.0723,142.07,142.14,141.8963,2026-08-03 22:18:00,455
32504.387173,142.1239,142.0798,142.0169,142.21,142.0,2026-08-03 22:19:00,374
54063.372435,142.1806,142.0,142.3,142.47,141.9,2026-08-03 22:20:00,647
81892.26442,142.5033,142.3587,142.59,142.68,142.25,2026-08-03 22:21:00,788
152024.119099,142.8584,142.59,143.04,143.1,142.53,2026-08-03 22:22:00,1620
97419.588875,143.0075,143.0,142.89,143.14,142.7014,2026-08-03 22:23:00,967
50962.112381,142.9485,142.9,143.0859,143.13,142.8,2026-08-03 22:24:00,775
105240.144852,142.9227,143.03,142.8556,143.03,142.6,2026-08-03 22:25:00,721
32626.044029,142.8243,142.8047,142.7,142.9,142.7,2026-08-03 22:26:00,431
72660.709858,142.9003,142.77,143.11,143.13,142.65,2026-08-03 22:27:00,781
70261.755158,143.1986,143.06,143.42,143.44,143.04,2026-08-03 22:28:00,884
160981.699106,143.8228,143.42,144.16,144.16,143.25,2026-08-03 22:29:00,1885
139208.338888,144.3167,144.138,144.2845,144.4876,144.13,2026-08-03 22:30:00,1373
90161.723285,144.2157,144.2155,144.05,144.45,144.0013,2026-08-03 22:31:00,930
62484.3016,144.2618,144.06,144.4014,144.49,144.05,2026-08-03 22:32:00,690
85503.359895,144.4547,144.4001,144.15,144.65,144.13,2026-08-03 22:33:00,936
34991.991585,144.1982,144.1999,144.25,144.32,144.1222,2026-08-03 22:34:00,569
35303.927151,144.233,144.38,144.2,144.4,144.15,2026-08-03 22:35:00,445
77163.76533,143.9849,144.16,143.74,144.27,143.5,2026-08-03 22:36:00,715
83242.559085,143.5493,143.7438,143.3209,143.85,143.32,2026-08-03 22:37:00,752
63201.497928,143.3067,143.3,143.32,143.45,143.15,2026-08-03 22:38:00,652
51225.643298,143.2528,143.3,143.1771,143.38,143.12,2026-08-03 22:39:00,489
42926.587544,143.4411,143.18,143.5349,143.65,143.16,2026-08-03 22:40:00,601
38202.894431,143.7267,143.5014,143.7599,143.85,143.5014,2026-08-03 22:41:00,463
27850.537269,143.7477,143.73,143.7092,143.85,143.7,2026-08-03 22:42:00,394
25573.147548,143.6542,143.75,143.66,143.79,143.5224,2026-08-03 22:43:00,339
69923.834268,143.9703,143.66,144.0201,144.1521,143.66,2026-08-03 22:44:00,704
43942.96756,144.2162,144.0214,144.11,144.33,144.0214,2026-08-03 22:45:00,515
26207.703954,144.0298,144.11,143.88,144.19,143.8,2026-08-03 22:46:00,361
20362.954625,143.89,143.8848,143.93,143.95,143.8,2026-08-03 22:47:00,264
28777.686571,143.9487,143.9046,144.01,144.01,143.8516,2026-08-03 22:48:00,381
24035.965152,143.957,143.98,143.87,144.0908,143.85,2026-08-03 22:49:00,299
24048.542814,143.9653,143.874,143.84,144.1,143.8138,2026-08-03 22:50:00,426
27298.003745,143.7643,143.8983,143.6513,143.8983,143.647,2026-08-03 22:51:00,358
43884.46251,143.5328,143.7,143.52,143.7,143.4,2026-08-03 22:52:00,386
15097.938237,143.4993,143.5169,143.4971,143.57,143.32,2026-08-03 22:53:00,260
22423.852289,143.6055,143.5,143.61,143.75,143.5,2026-08-03 22:54:00,331
24465.322468,143.6348,143.6077,143.586,143.75,143.57,2026-08-03 22:55:00,258
16047.613136,143.449,143.5101,143.4165,143.5101,143.35,2026-08-03 22:56:00,247
20899.757856,143.4271,143.41,143.4,143.47,143.3,2026-08-03 22:57:00,303
36381.149205,143.4403,143.4054,143.3577,143.6,143.35,2026-08-03 22:58:00,346
36966.012483,143.3187,143.3577,143.45,143.45,143.26,2026-08-03 22:59:00,419
10783.692035,143.3214,143.4,143.242,143.45,143.2,2026-08-03 23:00:00,194
19295.479783,143.2912,143.2499,143.32,143.4,143.2348,2026-08-03 23:01:00,282
24474.237415,143.4137,143.3,143.5,143.5,143.25,2026-08-03 23:02:00,243
16711.308409,143.4789,143.5,143.4961,143.5,143.4,2026-08-03 23:03:00,208
47260.780618,143.6658,143.5,143.7268,143.83,143.45,2026-08-03 23:04:00,418
40415.849557,143.834,143.63,143.89,143.91,143.6,2026-08-03 23:05:00,374
24547.458893,143.9209,143.86,143.9012,143.9603,143.86,2026-08-03 23:06:00,293
14326.295557,143.8164,143.94,143.7314,143.94,143.63,2026-08-03 23:07:00,227
10436.680433,143.7473,143.6577,143.738,143.7986,143.6503,2026-08-03 23:08:00,181
14416.794773,143.6628,143.6,143.6491,143.6999,143.6,2026-08-03 23:09:00,204
17352.386957,143.5146,143.6,143.5064,143.6039,143.45,2026-08-03 23:10:00,215
15263.436236,143.4781,143.56,143.36,143.5723,143.36,2026-08-03 23:11:00,197
23691.582141,143.2714,143.3693,143.22,143.4,143.2,2026-08-03 23:12:00,271
35113.103249,143.1529,143.2022,143.17,143.22,143.05,2026-08-03 23:13:00,365
21925.762711,143.2329,143.16,143.2584,143.3735,143.16,2026-08-03 23:14:00,273
13933.08383,143.2749,143.262,143.2771,143.3,143.23,2026-08-03 23:15:00,156
12781.115489,143.1987,143.28,143.15,143.2998,143.15,2026-08-03 23:16:00,190
48833.31526,143.0119,143.13,142.9,143.15,142.9,2026-08-03 23:17:00,516
21773.479445,143.0225,142.95,143.1477,143.1861,142.9,2026-08-03 23:18:00,312
18032.7146,143.1879,143.19,143.1,143.2553,143.0655,2026-08-03 23:19:00,268
32866.544722,143.2053,143.0519,143.2,143.3,143.0519,2026-08-03 23:20:00,339
17116.321316,143.1623,143.2,143.09,143.245,143.0264,2026-08-03 23:21:00,196
47941.903948,143.2158,143.09,143.293,143.3,143.0324,2026-08-03 23:22:00,261
14717.317632,143.3293,143.3,143.2296,143.4201,143.2296,2026-08-03 23:23:00,315
10473.805364,143.1591,143.23,143.1223,143.23,143.08,2026-08-03 23:24:00,182
33491.147831,142.9654,143.0801,142.9,143.0877,142.9,2026-08-03 23:25:00,284
34420.563702,142.8517,142.9,142.8621,142.95,142.75,2026-08-03 23:26:00,380
19058.3384,142.8436,142.9,142.848,142.9,142.7559,2026-08-03 23:27:00,228
17877.46709,142.8601,142.8499,142.99,142.99,142.8,2026-08-03 23:28:00,234
24397.589715,142.9885,142.9714,142.94,143.02,142.91,2026-08-03 23:29:00,312
13243.220472,143.0374,142.9894,143.007,143.2,142.983,2026-08-03 23:30:00,227
18194.600854,143.0447,143.0416,143.06,143.1,142.9354,2026-08-03 23:31:00,143
20113.75,143.0758,143.09,143.01,143.1454,143.0001,2026-08-03 23:32:00,196
17655.259946,142.9881,143.0,142.988,143.027,142.9,2026-08-03 23:33:00,193
37558.185878,143.0791,142.992,143.2,143.21,142.99,2026-08-03 23:34:00,264
37131.104283,143.3207,143.19,143.38,143.4,143.19,2026-08-03 23:35:00,256
15865.0,143.3686,143.33,143.3916,143.42,143.3,2026-08-03 23:36:00,184
23060.914104,143.3238,143.3477,143.29,143.3493,143.25,2026-08-03 23:37:00,171
34020.86,143.2067,143.25,143.15,143.3104,143.1115,2026-08-03 23:38:00,168
35408.000001,143.14,143.2,143.14,143.2423,143.1,2026-08-03 23:39:00,207
19126.0727,143.1905,143.11,143.2423,143.2483,143.09,2026-08-03 23:40:00,146
18645.0,143.2858,143.25,143.2901,143.3,143.2039,2026-08-03 23:41:00,196
25019.1,143.3342,143.3,143.2102,143.4,143.2102,2026-08-03 23:42:00,262
10197.211535,143.2594,143.35,143.25,143.35,143.2001,2026-08-03 23:43:00,151
24946.278,143.2771,143.22,143.26,143.3,143.22,2026-08-03 23:44:00,195
40386.949389,143.4946,143.26,143.7338,143.74,143.26,2026-08-03 23:45:00,423
74869.839259,143.9509,143.75,144.1,144.1,143.75,2026-08-03 23:46:00,771
55181.311388,144.2526,144.16,144.3353,144.3897,144.1,2026-08-03 23:47:00,522
55507.18724,144.4438,144.3,144.6,144.6,144.23,2026-08-03 23:48:00,623
53507.301932,144.6366,144.5593,144.7,144.73,144.47,2026-08-03 23:49:00,506
46834.965682,144.6811,144.6822,144.5248,144.74,144.5,2026-08-03 23:50:00,465
24756.756781,144.5068,144.66,144.5426,144.66,144.4,2026-08-03 23:51:00,288
25551.247116,144.5921,144.507,144.61,144.65,144.5,2026-08-03 23:52:00,276
33631.0,144.4831,144.5922,144.35,144.63,144.3,2026-08-03 23:53:00,292
26911.341623,144.383,144.35,144.4,144.469,144.3,2026-08-03 23:54:00,237
26549.342335,144.4384,144.36,144.4701,144.5,144.3,2026-08-03 23:55:00,297
46773.506002,144.448,144.47,144.36,144.48,144.31,2026-08-03 23:56:00,252
26016.773858,144.4277,144.32,144.4599,144.46,144.32,2026-08-03 23:57:00,301
52556.323961,144.6168,144.46,144.69,144.71,144.46,2026-08-03 23:58:00,474
55810.909327,144.5399,144.69,144.4549,144.69,144.36,2026-08-03 23:59:00,418
89977.131432,144.5281,144.75,144.2,145.3,144.03,2026-08-04 08:00:00,2270
357883.755575,144.7059,144.21,144.9,145.86,144.01,2026-08-04 08:01:00,9559
312318.004877,145.199,144.9,145.47,146.38,144.25,2026-08-04 08:02:00,6517
32415.711328,145.9434,145.47,146.24,146.55,144.44,2026-08-04 08:03:00,826
10070.459283,145.7484,146.36,145.34,146.36,145.34,2026-08-04 08:04:00,371
12001.455603,145.5699,145.51,145.47,145.69,145.3,2026-08-04 08:05:00,250
21271.791473,145.1443,145.5,145.47,145.78,144.21,2026-08-04 08:06:00,501
8353.969406,145.3051,145.4,145.23,145.45,145.1,2026-08-04 08:07:00,245
9685.453939,145.3343,145.31,145.4,145.43,145.21,2026-08-04 08:08:00,247
31936.155733,145.1468,145.37,144.82,145.43,144.82,2026-08-04 08:09:00,398
14819.743953,144.7664,144.97,144.74,144.99,144.5003,2026-08-04 08:10:00,388
7648.452282,144.7812,144.6,144.85,144.97,144.52,2026-08-04 08:11:00,237
16421.736794,145.1693,144.94,145.5,145.64,144.7,2026-08-04 08:12:00,409
3032.230918,145.2559,145.21,145.2729,145.3124,145.0758,2026-08-04 08:13:00,84
6421.696625,145.121,145.23,145.19,145.2796,144.8,2026-08-04 08:14:00,260
9328.068827,145.0965,145.1,145.0,145.2371,145.0,2026-08-04 08:15:00,188
18039.143849,145.3067,145.17,145.41,145.41,145.04,2026-08-04 08:16:00,275
9791.01579,145.3204,145.39,145.0,145.5,145.0,2026-08-04 08:17:00,257
18386.197058,145.1753,145.0,145.2,145.28,145.0,2026-08-04 08:18:00,105
6113.187058,145.0995,145.2,145.2,145.2,145.02,2026-08-04 08:19:00,212
6408.437463,145.3107,145.16,145.5,145.5,145.16,2026-08-04 08:20:00,156
11531.049493,145.2455,145.3,145.1,145.49,145.1,2026-08-04 08:21:00,160
3291.223401,145.1055,145.05,145.2,145.29,145.0,2026-08-04 08:22:00,76
18747.250721,145.551,145.28,145.79,145.99,145.2,2026-08-04 08:23:00,468
6331.1,145.7492,145.53,145.7,145.81,145.53,2026-08-04 08:24:00,148
29969.84926,145.8794,145.75,145.9,145.94,145.69,2026-08-04 08:25:00,299
23843.956312,145.9697,145.89,146.0,146.0,145.85,2026-08-04 08:26:00,411
15360.369912,145.9256,146.0,145.8,146.0,145.71,2026-08-04 08:27:00,217
4538.815635,145.978,145.9,145.9922,146.0,145.9,2026-08-04 08:28:00,157
5846.415094,145.8539,145.94,145.6,145.97,145.6,2026-08-04 08:29:00,204
30160.488994,145.572,145.66,145.5,145.77,145.3301,2026-08-04 08:30:00,226
4322.176191,145.3101,145.5,145.36,145.5,145.15,2026-08-04 08:31:00,139
5898.143645,145.3887,145.38,145.6,145.6,145.3,2026-08-04 08:32:00,93
6032.200788,145.2927,145.3,145.11,145.38,145.11,2026-08-04 08:33:00,163
5462.903698,145.3965,145.25,145.5,145.5,145.25,2026-08-04 08:34:00,173
6274.213905,145.5393,145.48,145.5,145.6,145.48,2026-08-04 08:35:00,205
1795.0,145.5147,145.54,145.5,145.6,145.48,2026-08-04 08:36:00,58
6925.796338,145.3372,145.45,145.28,145.5,145.28,2026-08-04 08:37:00,193
2359.086763,145.2655,145.27,145.15,145.3,145.14,2026-08-04 08:38:00,79
1817.295908,145.2945,145.22,145.3,145.3,145.1483,2026-08-04 08:39:00,67
7420.378661,145.4797,145.5,145.34,145.5,145.34,2026-08-04 08:40:00,154
8972.49256,145.7835,145.4,145.99,145.99,145.4,2026-08-04 08:41:00,201
4955.830822,145.7934,145.89,145.8,145.9,145.5,2026-08-04 08:42:00,136
23548.945353,145.4456,145.72,145.03,145.72,145.01,2026-08-04 08:43:00,808
1456.088231,145.2369,145.0213,145.2,145.31,145.0213,2026-08-04 08:44:00,68
5380.1471,145.2162,145.2123,145.12,145.32,145.11,2026-08-04 08:45:00,142
28094.706075,144.8774,145.1064,144.84,145.1064,144.6,2026-08-04 08:46:00,521
11377.769233,144.7667,144.7,144.85,144.9,144.7,2026-08-04 08:47:00,113
35892.689474,144.9796,144.81,145.0,145.2442,144.81,2026-08-04 08:48:00,334
4375.469639,144.812,144.91,144.75,144.91,144.74,2026-08-04 08:49:00,127
2834.822796,144.9473,144.82,145.0,145.01,144.82,2026-08-04 08:50:00,98
7549.312119,145.0551,145.0,144.94,145.22,144.86,2026-08-04 08:51:00,148
7122.0,144.9245,144.9829,144.8084,145.07,144.76,2026-08-04 08:52:00,122
7018.301976,144.9823,144.95,145.0,145.0,144.8,2026-08-04 08:53:00,105
8363.577946,145.0375,144.78,145.3,145.33,144.75,2026-08-04 08:54:00,205
10139.787828,145.4176,145.27,145.67,145.67,145.25,2026-08-04 08:55:00,224
49508.647854,145.99,145.66,146.28,146.28,145.66,2026-08-04 08:56:00,595
7885.342008,146.244,146.14,146.25,146.33,146.14,2026-08-04 08:57:00,270
4139.431654,146.1124,146.24,145.95,146.24,145.9443,2026-08-04 08:58:00,166
4355.924339,145.9221,145.95,145.915,145.95,145.84,2026-08-04 08:59:00,112
6093.129607,145.8425,145.88,145.822,145.9,145.8,2026-08-04 09:00:00,149
14203.03014,146.0081,145.83,146.02,146.2,145.82,2026-08-04 09:01:00,332
3536.0,145.9945,145.9914,146.0,146.09,145.96,2026-08-04 09:02:00,100
73779.292997,146.619,145.99,146.9718,147.17,145.99,2026-08-04 09:03:00,1142
28510.750233,146.8939,146.98,146.77,147.0,146.6149,2026-08-04 09:04:00,421
27334.939793,147.2583,146.8081,147.49,147.51,146.8,2026-08-04 09:05:00,619
11327.992313,147.2733,147.32,147.1,147.49,147.07,2026-08-04 09:06:00,283
8995.022156,146.9319,147.2,146.81,147.2,146.8,2026-08-04 09:07:00,256
14830.640924,146.9446,146.7152,146.71,147.2,146.7,2026-08-04 09:08:00,673
16042.508912,146.7594,146.83,147.0,147.0,146.55,2026-08-04 09:09:00,318
12972.361774,147.1002,146.94,146.94,147.35,146.9,2026-08-04 09:10:00,285
6916.342205,146.8483,146.96,146.8,147.05,146.76,2026-08-04 09:11:00,163
21405.430615,146.8903,146.8,146.97,147.3,146.68,2026-08-04 09:12:00,360
8111.312656,146.828,146.93,146.8,147.0,146.6,2026-08-04 09:13:00,165
12121.584433,147.0334,146.6395,147.25,147.25,146.6395,2026-08-04 09:14:00,353
4353.041779,147.225,147.216,147.3344,147.34,147.1,2026-08-04 09:15:00,125
7279.12098,147.1166,147.33,147.0,147.33,146.94,2026-08-04 09:16:00,171
4286.01,147.1084,147.08,147.11,147.152,147.08,2026-08-04 09:17:00,79
6745.297206,147.1323,147.0,147.0519,147.34,146.9168,2026-08-04 09:18:00,200
6005.82233,147.3455,147.0952,147.35,147.4,147.0952,2026-08-04 09:19:00,221
9234.814789,147.3847,147.33,147.34,147.49,147.22,2026-08-04 09:20:00,279
6703.459807,147.1439,147.33,146.96,147.33,146.96,2026-08-04 09:21:00,192
17577.088146,146.9007,146.9,146.66,147.12,146.604,2026-08-04 09:22:00,296
8989.595281,146.6554,146.72,146.55,146.74,146.5,2026-08-04 09:23:00,226
3912.0,146.6767,146.63,146.75,146.75,146.52,2026-08-04 09:24:00,125
13605.557354,146.5267,146.6044,146.42,146.6642,146.29,2026-08-04 09:25:00,241
15315.935148,146.4281,146.39,146.45,146.5,146.2111,2026-08-04 09:26:00,222
21986.929439,146.2453,146.59,146.05,146.79,145.86,2026-08-04 09:27:00,584
4645.314721,146.0947,146.15,146.0,146.15,146.0,2026-08-04 09:28:00,108
5722.0,146.1642,146.2,146.2618,146.3,146.09,2026-08-04 09:29:00,195
3243.466775,146.1414,146.14,146.007,146.19,146.007,2026-08-04 09:30:00,95
2937.456,146.1273,146.0,146.1004,146.16,146.0,2026-08-04 09:31:00,125
2194.302942,146.0964,146.1,146.05,146.1,146.02,2026-08-04 09:32:00,85
4564.019165,146.0659,146.06,146.0,146.11,146.0,2026-08-04 09:33:00,161
3119.01368,146.1572,146.08,146.19,146.21,146.0453,2026-08-04 09:34:00,105
9147.657019,146.0929,146.11,146.0,146.15,146.0,2026-08-04 09:35:00,123
3719.10094,145.9328,145.9,146.02,146.03,145.88,2026-08-04 09:36:00,157
1487.901267,146.1443,146.01,146.09,146.13,145.98,2026-08-04 09:37:00,80
12746.92,146.2295,146.15,146.15,146.3,146.01,2026-08-04 09:38:00,282
2931.0,146.0458,146.1,146.0,146.1,146.0,2026-08-04 09:39:00,85
5754.322884,146.2823,146.0784,146.25,146.41,146.05,2026-08-04 09:40:00,257
29491.82256,146.5037,146.3,146.69,146.7,146.3,2026-08-04 09:41:00,237
5793.286612,146.5882,146.7,146.58,146.7,146.49,2026-08-04 09:42:00,174
13426.689661,146.4468,146.67,146.45,146.67,146.4,2026-08-04 09:43:00,114
2424.691379,146.4428,146.3228,146.43,146.44,146.3228,2026-08-04 09:44:00,156
1918.647726,146.4111,146.49,146.13,146.49,146.13,2026-08-04 09:45:00,87
8924.312096,146.3093,146.42,146.33,146.5,146.19,2026-08-04 09:46:00,154
6848.017066,146.4558,146.4,146.49,146.54,146.3,2026-08-04 09:47:00,199
6061.943386,146.7067,146.49,146.85,146.85,146.49,2026-08-04 09:48:00,211
24312.28459,147.0334,146.76,147.1,147.18,146.76,2026-08-04 09:49:00,300
8204.580371,147.1225,147.17,147.09,147.17,147.09,2026-08-04 09:50:00,223
32253.010423,147.1096,147.1,147.23,147.24,147.0,2026-08-04 09:51:00,573
11511.036311,147.255,147.2395,147.2921,147.2921,147.2395,2026-08-04 09:52:00,204
23703.299218,147.2354,147.29,147.3,147.4,147.0,2026-08-04 09:53:00,562
7300.697283,147.3352,147.25,147.28,147.4,147.25,2026-08-04 09:54:00,156
14427.682991,147.3402,147.28,147.15,147.5,147.15,2026-08-04 09:55:00,427
2781.067606,147.1418,147.04,147.2,147.2,147.04,2026-08-04 09:56:00,88
9864.679123,147.2521,147.2685,147.3,147.3,147.19,2026-08-04 09:57:00,141
19086.472455,147.3942,147.31,147.4,147.45,147.2684,2026-08-04 09:58:00,162
14182.0,147.1735,147.3,147.3,147.3,147.15,2026-08-04 09:59:00,172
8088.075692,147.2726,147.2951,147.22,147.4,147.2,2026-08-04 10:00:00,162
15200.897568,147.1496,147.3,147.0445,147.3,147.01,2026-08-04 10:01:00,194
9375.00943,147.22,147.2762,147.49,147.49,147.0703,2026-08-04 10:02:00,179
8044.425738,147.3696,147.42,147.26,147.5,147.11,2026-08-04 10:03:00,266
14343.0,147.0844,147.21,147.0,147.25,147.0,2026-08-04 10:04:00,286
8188.662861,146.8773,146.79,146.99,147.0,146.77,2026-08-04 10:05:00,201
1775.0,146.925,146.8895,146.83,147.0,146.83,2026-08-04 10:06:00,69
3655.75189,146.9055,147.0,146.88,147.0,146.8,2026-08-04 10:07:00,155
13154.894572,146.6621,146.77,146.89,146.91,146.3331,2026-08-04 10:08:00,270
2652.340642,146.8607,146.9315,146.75,146.9315,146.73,2026-08-04 10:09:00,71
3689.664303,146.6883,146.7681,146.74,146.82,146.55,2026-08-04 10:10:00,127
3877.00245,146.822,146.66,146.9053,146.91,146.66,2026-08-04 10:11:00,161
11031.473809,147.0396,146.9,147.2,147.24,146.9,2026-08-04 10:12:00,319
12536.023722,147.1514,147.1,147.2,147.2,147.0189,2026-08-04 10:13:00,156
8000.399325,147.2056,147.2,147.17,147.27,147.17,2026-08-04 10:14:00,161
9206.452565,147.1347,147.2,147.1,147.22,147.1,2026-08-04 10:15:00,225
5403.92631,146.9619,147.02,146.9,147.02,146.81,2026-08-04 10:16:00,145
3142.39221,146.8074,146.9,146.72,146.9,146.7,2026-08-04 10:17:00,109
2840.102,146.7543,146.62,146.8,146.886,146.62,2026-08-04 10:18:00,93
5600.844945,146.8153,146.93,146.572,146.93,146.572,2026-08-04 10:19:00,210
4002.634544,146.6946,146.692,146.71,146.74,146.6,2026-08-04 10:20:00,100
4381.998901,146.7706,146.7302,146.7104,146.81,146.6,2026-08-04 10:21:00,200
8254.91,146.3601,146.74,146.29,146.74,146.18,2026-08-04 10:22:00,240
9292.054699,146.1642,146.29,146.2,146.29,146.01,2026-08-04 10:23:00,209
50922.923182,145.866,146.2,145.9834,146.4,145.7094,2026-08-04 10:24:00,615
9117.0,145.9111,145.8,145.96,146.04,145.76,2026-08-04 10:25:00,198
22513.0,146.0252,146.0,146.2,146.21,145.9,2026-08-04 10:26:00,361
5553.920309,146.2279,146.12,146.46,146.46,146.0,2026-08-04 10:27:00,225
5614.04716,146.502,146.48,146.44,146.56,146.44,2026-08-04 10:28:00,127
2577.983164,146.4904,146.5,146.5,146.5,146.4,2026-08-04 10:29:00,71
3441.595887,146.3875,146.49,146.4,146.49,146.32,2026-08-04 10:30:00,102
8446.061445,146.2935,146.35,146.26,146.35,146.2,2026-08-04 10:31:00,208
23398.176777,146.0539,146.26,146.0,146.3,145.94,2026-08-04 10:32:00,275
30309.067145,145.9886,146.0,145.9,146.21,145.77,2026-08-04 10:33:00,478
11593.383816,145.8024,145.85,145.65,145.94,145.6,2026-08-04 10:34:00,245
11836.006036,145.682,145.6537,145.61,145.75,145.556,2026-08-04 10:35:00,264
11134.391698,145.7113,145.635,145.7,145.96,145.59,2026-08-04 10:36:00,202
3707.609633,145.8035,145.75,145.82,145.82,145.71,2026-08-04 10:37:00,148
4177.0,145.6618,145.76,145.61,145.76,145.59,2026-08-04 10:38:00,157
4507.978196,145.7023,145.6165,145.66,145.71,145.6165,2026-08-04 10:39:00,132
3013.140358,145.6814,145.61,145.9,145.9,145.56,2026-08-04 10:40:00,151
6235.849915,145.9625,145.9,145.86,146.0,145.8,2026-08-04 10:41:00,228
8880.032496,145.935,145.9,145.9306,145.9999,145.82,2026-08-04 10:42:00,108
3747.29856,145.747,145.82,145.6984,145.9,145.6956,2026-08-04 10:43:00,99
6236.0,145.9641,145.73,146.0,146.05,145.73,2026-08-04 10:44:00,207
6983.05928,145.9885,146.0753,146.01,146.0753,145.91,2026-08-04 10:45:00,149
7131.377958,146.0426,146.05,146.0,146.1,146.0,2026-08-04 10:46:00,242
5641.720605,146.0434,145.98,145.95,146.11,145.95,2026-08-04 10:47:00,163
6797.397287,145.7766,145.95,145.81,145.95,145.65,2026-08-04 10:48:00,149
8154.560434,146.1302,145.85,146.228,146.4327,145.85,2026-08-04 10:49:00,311
10294.743358,146.0266,146.22,145.95,146.22,145.86,2026-08-04 10:50:00,163
11132.058641,145.6639,145.85,145.57,145.85,145.57,2026-08-04 10:51:00,191
8808.708941,145.6283,145.57,145.61,145.8,145.55,2026-08-04 10:52:00,232
17708.0,145.5836,145.6513,145.52,145.84,145.43,2026-08-04 10:53:00,487
3643.844674,145.8661,145.84,145.82,145.84,145.82,2026-08-04 10:54:00,110
7403.31001,146.0073,145.79,145.99,146.13,145.79,2026-08-04 10:55:00,270
18529.34971,146.3348,146.0203,146.46,146.5,146.0,2026-08-04 10:56:00,250
9553.351089,146.4317,146.37,146.4,146.5,146.33,2026-08-04 10:57:00,214
12869.835155,146.3616,146.376,146.35,146.43,146.32,2026-08-04 10:58:00,154
4088.0,146.2376,146.3,146.2,146.34,146.2,2026-08-04 10:59:00,138
145557.309742,146.2926,146.18,145.7,147.0,145.57,2026-08-04 11:00:00,2470
56193.827684,145.5364,145.8,145.6,145.8,145.15,2026-08-04 11:01:00,978
18838.07399,145.5157,145.5225,145.3,145.74,145.3,2026-08-04 11:02:00,358
71556.41743,145.1357,145.33,145.0,145.45,144.99,2026-08-04 11:03:00,932
32841.096426,145.0133,145.0063,145.09,145.15,144.85,2026-08-04 11:04:00,560
26379.793572,145.013,144.92,145.24,145.24,144.83,2026-08-04 11:05:00,465
22515.984979,144.9756,145.06,145.1,145.2,144.8,2026-08-04 11:06:00,537
30116.532586,145.4332,145.2,145.4425,145.6,145.2,2026-08-04 11:07:00,443
34412.50251,145.1233,145.5,144.84,145.51,144.78,2026-08-04 11:08:00,494
34109.318548,145.2758,144.852,145.1474,145.65,144.8493,2026-08-04 11:09:00,679
18183.516564,144.975,145.169,145.0282,145.169,144.85,2026-08-04 11:10:00,282
35845.199401,144.7229,145.0,144.4518,145.05,144.36,2026-08-04 11:11:00,823
42642.468905,144.3333,144.4,144.3581,144.553,144.14,2026-08-04 11:12:00,564
36627.528545,144.3062,144.48,144.15,144.5,144.1,2026-08-04 11:13:00,624
13363.319645,144.1893,144.2412,144.15,144.3,144.03,2026-08-04 11:14:00,378
90528.452667,143.9262,144.11,143.72,144.24,143.6,2026-08-04 11:15:00,1274
39321.512159,143.7194,143.66,143.8725,143.9,143.5,2026-08-04 11:16:00,536
25286.690854,143.7084,143.9,143.5623,143.9,143.51,2026-08-04 11:17:00,408
31897.175892,143.7404,143.57,143.9,143.9,143.44,2026-08-04 11:18:00,611
20587.433751,143.7611,143.9,143.7,143.9,143.5449,2026-08-04 11:19:00,341
18807.432663,143.6527,143.59,143.78,143.78,143.55,2026-08-04 11:20:00,313
62897.639329,143.4889,143.7861,143.77,143.8,143.2,2026-08-04 11:21:00,908
45994.221891,144.025,143.624,144.3,144.4,143.5614,2026-08-04 11:22:00,610
16261.135124,144.3108,144.3002,144.3,144.4,144.21,2026-08-04 11:23:00,339
35075.456634,144.4126,144.3,144.5205,144.6,144.23,2026-08-04 11:24:00,468
27615.549944,144.3357,144.44,144.0909,144.5899,144.0909,2026-08-04 11:25:00,374
22292.68925,144.0568,144.2037,144.016,144.2037,144.0,2026-08-04 11:26:00,370
21670.487574,144.0956,144.13,144.2139,144.22,143.91,2026-08-04 11:27:00,395
18983.588399,144.2541,144.22,144.32,144.44,144.0,2026-08-04 11:28:00,423
12189.552392,144.0525,144.0,144.05,144.3,143.8,2026-08-04 11:29:00,280
20604.864573,144.0881,144.0607,144.3339,144.34,144.0,2026-08-04 11:30:00,269
50067.80515,144.4172,144.2508,144.4628,144.78,144.07,2026-08-04 11:31:00,739
26365.731006,144.5568,144.31,144.49,144.78,144.31,2026-08-04 11:32:00,417
10143.033794,144.5031,144.51,144.61,144.65,144.36,2026-08-04 11:33:00,267
37922.627197,144.5407,144.4372,144.6183,144.7,144.4304,2026-08-04 11:34:00,339
31675.342906,144.8202,144.6,144.92,144.94,144.55,2026-08-04 11:35:00,537
42147.405911,144.6794,144.92,144.4,144.92,144.4,2026-08-04 11:36:00,547
12222.722723,144.3305,144.42,144.263,144.49,144.2,2026-08-04 11:37:00,343
15637.574832,144.4324,144.2,144.4293,144.55,144.2,2026-08-04 11:38:00,311
16394.350849,144.4156,144.41,144.5056,144.68,144.2,2026-08-04 11:39:00,347
34693.751533,144.1662,144.34,144.0,144.4358,143.92,2026-08-04 11:40:00,719
9805.241425,144.398,144.2,144.5,144.5503,144.12,2026-08-04 11:41:00,270
21984.61661,144.5868,144.44,144.73,144.73,144.39,2026-08-04 11:42:00,295
32938.485041,144.7962,144.7,144.66,144.89,144.62,2026-08-04 11:43:00,471
20808.828984,144.4081,144.62,144.6,144.7,144.06,2026-08-04 11:44:00,357
16997.942931,142.659,144.45,144.8,144.8,144.3873,2026-08-04 11:45:00,203
16913.271302,144.8154,144.8,144.7092,144.9,144.7009,2026-08-04 11:46:00,320
14604.593468,144.6619,144.72,144.5078,144.75,144.5,2026-08-04 11:47:00,285
8163.32176,144.0378,144.52,144.2786,144.6,144.2786,2026-08-04 11:48:00,167
9108.317467,144.2662,144.3,144.3,144.38,144.2,2026-08-04 11:49:00,286
29535.100467,144.061,144.27,144.0,144.3906,143.86,2026-08-04 11:50:00,539
34859.268233,143.9898,143.97,144.0,144.1,143.94,2026-08-04 11:51:00,289
14491.851911,144.0104,144.1,143.9376,144.1,143.9052,2026-08-04 11:52:00,243
40138.801484,143.9145,144.0,144.19,144.21,143.6,2026-08-04 11:53:00,799
12862.918109,143.9732,144.19,143.9191,144.19,143.7887,2026-08-04 11:54:00,305
15283.987995,143.9568,143.8597,144.1067,144.14,143.8,2026-08-04 11:55:00,362
15246.402628,144.1725,144.2,144.3878,144.3878,144.0,2026-08-04 11:56:00,394
11138.801809,144.3607,144.31,144.36,144.44,144.25,2026-08-04 11:57:00,205
25387.103648,144.4169,144.3042,144.7,144.7,144.25,2026-08-04 11:58:00,431
92731.298536,144.9515,144.73,145.0,145.28,144.65,2026-08-04 11:59:00,1154
19268.399234,144.8415,145.13,144.7,145.21,144.6,2026-08-04 12:00:00,364
22714.51853,144.4559,144.63,144.15,144.7,144.06,2026-08-04 12:01:00,322
34702.140873,143.928,144.11,143.7653,144.3,143.6392,2026-08-04 12:02:00,519
34022.482205,143.8612,143.82,144.3042,144.59,143.45,2026-08-04 12:03:00,736
8744.958365,144.468,144.54,144.45,144.5622,144.32,2026-08-04 12:04:00,195
16842.247387,144.5518,144.4356,144.7,144.7,144.4356,2026-08-04 12:05:00,369
14538.49825,144.5293,144.531,144.32,144.64,144.25,2026-08-04 12:06:00,316
7200.247746,144.4675,144.4746,144.5637,144.5637,144.35,2026-08-04 12:07:00,172
7047.965569,144.4284,144.47,144.35,144.5,144.31,2026-08-04 12:08:00,230
13950.646439,144.4394,144.443,144.4178,144.5,144.3,2026-08-04 12:09:00,281
6385.047288,144.513,144.4801,144.5,144.55,144.463,2026-08-04 12:10:00,225
29139.421981,144.5776,144.41,144.85,144.9,144.25,2026-08-04 12:11:00,549
47556.020536,144.853,144.8105,144.8,145.0,144.56,2026-08-04 12:12:00,506
58796.266399,145.2976,144.9388,145.47,145.57,144.9388,2026-08-04 12:13:00,884
64476.693058,145.6651,145.4,145.49,145.97,145.4,2026-08-04 12:14:00,872
59028.534356,145.4579,145.427,145.3,145.64,145.18,2026-08-04 12:15:00,542
35995.922339,145.4265,145.32,145.71,145.71,145.14,2026-08-04 12:16:00,634
25383.197699,145.106,145.5445,145.0837,145.5445,144.93,2026-08-04 12:17:00,351
5280.054013,145.1958,145.0879,145.3,145.3626,145.0,2026-08-04 12:18:00,184
8962.475023,145.3,145.24,145.4,145.4,145.15,2026-08-04 12:19:00,163
13261.857026,145.3525,145.28,145.32,145.42,145.22,2026-08-04 12:20:00,256
20304.876488,145.2957,145.22,145.53,145.53,145.0,2026-08-04 12:21:00,385
17896.901493,145.5981,145.25,145.7,145.8,145.25,2026-08-04 12:22:00,383
22552.820901,145.4644,145.5479,145.5,145.6333,145.2,2026-08-04 12:23:00,314
14334.2232,145.2336,145.27,145.15,145.5,145.05,2026-08-04 12:24:00,226
11257.016732,145.1513,145.2368,145.32,145.33,144.98,2026-08-04 12:25:00,322
6079.475489,145.2939,145.3,145.29,145.32,145.2055,2026-08-04 12:26:00,136
17857.781055,145.5434,145.2918,145.5603,145.78,145.29,2026-08-04 12:27:00,396
13230.658463,145.3914,145.75,145.2,145.75,145.12,2026-08-04 12:28:00,257
19103.788507,145.0238,145.0601,145.0,145.2,144.921,2026-08-04 12:29:00,287
49280.10014,144.6341,145.0355,144.89,145.161,144.49,2026-08-04 12:30:00,532
10731.252752,144.8025,144.8381,144.7308,144.94,144.6639,2026-08-04 12:31:00,227
8988.7184,144.9637,144.83,145.0,145.02,144.83,2026-08-04 12:32:00,216
4798.223863,144.8841,144.99,144.71,144.99,144.71,2026-08-04 12:33:00,173
8484.434293,144.9859,145.0,144.8578,145.1566,144.83,2026-08-04 12:34:00,292
6600.136203,144.8949,144.9,144.8,145.0,144.8,2026-08-04 12:35:00,107
11921.071208,144.9688,144.858,144.96,145.02,144.858,2026-08-04 12:36:00,257
24133.244408,144.8156,145.0,144.6162,145.0017,144.56,2026-08-04 12:37:00,584
15220.525012,145.0809,144.6,145.3,145.3,144.6,2026-08-04 12:38:00,350
10139.558638,145.2045,145.33,145.1,145.33,145.05,2026-08-04 12:39:00,244
24011.896791,144.9087,145.06,144.75,145.1842,144.75,2026-08-04 12:40:00,347
22467.153919,144.6334,144.78,144.61,144.78,144.45,2026-08-04 12:41:00,391
17001.936392,144.5277,144.5,144.57,144.61,144.45,2026-08-04 12:42:00,265
21233.263712,144.7988,144.59,145.0,145.02,144.509,2026-08-04 12:43:00,378
28718.172545,144.9085,144.9952,144.98,145.02,144.86,2026-08-04 12:44:00,399
20160.520127,144.9126,144.969,144.815,145.0,144.795,2026-08-04 12:45:00,339
51123.961396,144.9349,144.84,144.8945,145.04,144.78,2026-08-04 12:46:00,513
13852.161949,144.68,144.93,144.79,144.93,144.56,2026-08-04 12:47:00,361
35396.537119,144.9117,144.85,144.905,145.03,144.6934,2026-08-04 12:48:00,525
53445.625534,144.9961,144.98,145.02,145.3,144.84,2026-08-04 12:49:00,730
13842.955525,145.1967,145.26,145.129,145.3,145.0445,2026-08-04 12:50:00,233
31302.160186,145.4755,145.118,145.8,145.8,145.1115,2026-08-04 12:51:00,521
99309.218474,145.8067,145.79,145.9,145.9,145.61,2026-08-04 12:52:00,882
44139.020657,145.7081,145.9,145.53,145.9,145.32,2026-08-04 12:53:00,664
26710.491072,145.586,145.53,145.75,145.75,145.4215,2026-08-04 12:54:00,384
17236.656229,145.5873,145.75,145.67,145.75,145.3899,2026-08-04 12:55:00,416
18831.826784,145.5717,145.68,145.62,145.73,145.45,2026-08-04 12:56:00,429
10925.623197,145.5135,145.5948,145.4,145.5948,145.4,2026-08-04 12:57:00,326
24584.115176,145.5668,145.55,145.7426,145.9,145.4,2026-08-04 12:58:00,472
19062.035355,145.5177,145.8,145.67,145.8,145.4105,2026-08-04 12:59:00,315
26755.698088,145.7006,145.6375,145.8,145.87,145.6,2026-08-04 13:00:00,473
45229.521755,145.4672,145.7366,145.31,145.8,145.05,2026-08-04 13:01:00,625
35165.799255,145.3211,145.34,145.54,145.59,145.18,2026-08-04 13:02:00,459
38127.688026,145.613,145.58,145.69,145.78,145.3701,2026-08-04 13:03:00,487
8848.908282,145.614,145.6959,145.65,145.73,145.51,2026-08-04 13:04:00,214
149656.816207,146.0719,145.65,146.2208,146.4,145.6308,2026-08-04 13:05:00,2148
34053.030369,146.2077,146.26,146.1732,146.4,146.0,2026-08-04 13:06:00,638
49863.752383,146.3589,146.3,146.41,146.5,146.1361,2026-08-04 13:07:00,876
38784.923086,146.3621,146.35,146.3658,146.49,146.2577,2026-08-04 13:08:00,535
29035.796032,146.3489,146.46,146.345,146.47,146.19,2026-08-04 13:09:00,551
75733.107625,146.632,146.3183,146.4372,146.89,146.3183,2026-08-04 13:10:00,1353
47702.743159,146.1931,146.6028,146.24,146.6028,146.07,2026-08-04 13:11:00,842
86442.471345,145.9574,146.15,145.6,146.239,145.6,2026-08-04 13:12:00,1032
13103.565293,145.8795,145.86,145.88,145.983,145.8,2026-08-04 13:13:00,302
32677.605201,145.5209,145.88,145.48,145.9,145.22,2026-08-04 13:14:00,706
49789.492626,145.4668,145.48,145.22,145.77,145.2,2026-08-04 13:15:00,675
70097.607526,145.1362,145.27,145.13,145.39,145.0,2026-08-04 13:16:00,1246
47489.49229,145.0326,145.13,145.11,145.3,144.8,2026-08-04 13:17:00,961
18841.590958,145.1066,145.1232,145.12,145.25,145.0,2026-08-04 13:18:00,383
21497.68322,145.0629,145.125,145.1599,145.19,145.0,2026-08-04 13:19:00,421
38323.45401,145.0385,145.0517,145.14,145.2,144.9,2026-08-04 13:20:00,1029
61202.144288,144.7438,145.16,144.75,145.16,144.5,2026-08-04 13:21:00,1172
14266.700993,144.8705,144.8,144.9001,144.94,144.72,2026-08-04 13:22:00,303
31460.977991,144.8005,144.99,144.63,145.1,144.55,2026-08-04 13:23:00,731
65109.790807,144.5024,144.63,144.5,144.8661,144.3,2026-08-04 13:24:00,1113
110670.658196,144.1117,144.25,144.58,144.6913,143.6704,2026-08-04 13:25:00,1442
38183.188841,144.5736,144.52,144.78,144.89,144.28,2026-08-04 13:26:00,782
146278.122468,145.2575,144.59,145.1,146.15,144.45,2026-08-04 13:27:00,1979
52271.913079,145.1679,145.04,145.07,145.71,144.66,2026-08-04 13:28:00,863
56941.259061,145.0075,145.01,145.0,145.32,144.66,2026-08-04 13:29:00,923
4698159.626464,145.9289,145.145,148.45,148.63,143.28,2026-08-04 13:30:00,40390
2172135.720964,148.743,148.46,146.635,149.74,146.43,2026-08-04 13:31:00,25627
1658513.798695,147.8507,146.79,148.56,149.2,145.5899,2026-08-04 13:32:00,20948
926249.253296,147.935,148.46,147.475,148.73,147.08,2026-08-04 13:33:00,12724
1561573.653262,148.9379,147.475,149.814,149.85,147.39,2026-08-04 13:34:00,19432
2510618.496155,150.4394,149.79,151.0001,151.25,149.7568,2026-08-04 13:35:00,34245
1662973.078677,151.2146,151.1199,151.41,151.68,150.77,2026-08-04 13:36:00,23914
1057652.122396,151.3001,151.3794,150.39,151.89,150.38,2026-08-04 13:37:00,15058
760753.951421,150.8806,150.435,150.74,151.51,150.1209,2026-08-04 13:38:00,11515
834687.698701,150.8175,150.79,151.04,151.22,145.288,2026-08-04 13:39:00,11998
700678.095427,151.0389,151.0306,151.4196,151.45,150.7301,2026-08-04 13:40:00,10319
799622.469653,151.3252,151.415,151.62,151.65,150.97,2026-08-04 13:41:00,10396
724513.220521,151.6286,151.605,151.77,151.94,151.35,2026-08-04 13:42:00,10693
1095052.244505,151.8799,151.8,151.7,152.2799,151.46,2026-08-04 13:43:00,16817
790702.582447,151.243,151.68,151.13,151.8,150.74,2026-08-04 13:44:00,10878
669243.201409,151.0117,151.07,151.0401,151.4299,150.53,2026-08-04 13:45:00,9150
709541.657573,150.7166,151.04,150.74,151.1,150.36,2026-08-04 13:46:00,9411
492662.707641,150.6523,150.67,150.76,150.94,150.33,2026-08-04 13:47:00,6836
582051.740204,150.9895,150.75,150.95,151.18,150.695,2026-08-04 13:48:00,8121
641808.581125,150.9945,150.99,151.135,151.3,150.69,2026-08-04 13:49:00,8393
686919.135219,151.219,151.135,151.06,151.63,150.72,2026-08-04 13:50:00,10608
518089.802211,151.4844,151.1,151.57,151.8,151.05,2026-08-04 13:51:00,8310
1049796.131778,151.994,151.57,152.04,152.25,151.55,2026-08-04 13:52:00,13225
813067.866623,152.4405,152.07,152.4419,152.75,152.03,2026-08-04 13:53:00,10826
530520.965297,152.3053,152.45,152.3201,152.631,152.01,2026-08-04 13:54:00,7967
378889.123955,152.3624,152.345,152.22,152.58,152.12,2026-08-04 13:55:00,5968
549510.077389,152.1734,152.25,152.2201,152.55,151.9,2026-08-04 13:56:00,7722
671120.678175,152.6254,152.26,152.89,152.955,152.2,2026-08-04 13:57:00,8076
1074454.540973,153.2718,152.9,153.84,153.96,152.77,2026-08-04 13:58:00,15139
798179.44721,153.9128,153.84,154.16,154.16,153.61,2026-08-04 13:59:00,11118
826345.069135,154.2073,154.18,153.915,154.56,153.77,2026-08-04 14:00:00,11245
482361.023479,153.8855,153.9201,153.55,154.25,153.42,2026-08-04 14:01:00,7393
514394.600355,153.4067,153.53,153.18,153.7885,153.12,2026-08-04 14:02:00,6972
525170.419799,153.0903,153.21,153.125,153.3199,152.85,2026-08-04 14:03:00,7007
522306.445579,152.91,153.125,152.88,153.4521,152.52,2026-08-04 14:04:00,7583
398477.374374,153.1541,152.9499,153.04,153.41,152.82,2026-08-04 14:05:00,5738
452917.664294,153.2695,153.04,153.6408,153.69,153.01,2026-08-04 14:06:00,6330
500619.292002,153.9311,153.69,153.85,154.2,153.65,2026-08-04 14:07:00,7435
388604.61209,154.1024,153.85,154.22,154.3,153.83,2026-08-04 14:08:00,5572
566854.329814,154.4815,154.22,154.695,154.8099,154.19,2026-08-04 14:09:00,8278
821199.772548,154.5904,154.7,154.285,154.8,154.2,2026-08-04 14:10:00,8850
435903.239034,154.0679,154.285,153.91,154.4,153.77,2026-08-04 14:11:00,7198
640677.725845,154.5711,153.8982,154.78,154.85,153.89,2026-08-04 14:12:00,8294
1299676.61879,154.9305,154.79,154.932,155.08,154.72,2026-08-04 14:13:00,18480
549078.864762,154.7809,154.97,154.48,155.18,154.3601,2026-08-04 14:14:00,7937
446140.639141,154.9006,154.495,154.94,155.18,154.47,2026-08-04 14:15:00,7084
485761.213643,154.907,154.94,155.24,155.25,154.575,2026-08-04 14:16:00,6990
1118714.910913,155.8516,155.24,156.055,156.2815,155.235,2026-08-04 14:17:00,15658
603191.884159,156.1004,156.07,156.4301,156.5,155.84,2026-08-04 14:18:00,9170
657721.512768,156.4957,156.46,156.385,156.67,156.2201,2026-08-04 14:19:00,9001
511006.373268,156.415,156.385,156.56,156.68,156.135,2026-08-04 14:20:00,7344
552086.882517,156.4829,156.55,156.41,156.7,156.23,2026-08-04 14:21:00,7199
424104.609166,156.3994,156.42,156.4399,156.56,156.185,2026-08-04 14:22:00,6748
402698.238316,156.3612,156.41,156.6772,156.6895,156.2,2026-08-04 14:23:00,5480
756356.31499,156.8464,156.68,156.91,157.01,156.64,2026-08-04 14:24:00,10974
704648.460161,157.0393,156.93,157.3903,157.5,156.87,2026-08-04 14:25:00,10235
686919.854235,157.4552,157.41,157.41,157.69,157.2,2026-08-04 14:26:00,9675
931915.866655,157.6941,157.415,157.8,158.11,157.12,2026-08-04 14:27:00,13308
852656.188203,157.8413,157.79,157.967,158.05,157.57,2026-08-04 14:28:00,7877
650534.616073,157.9132,157.955,158.07,158.11,157.59,2026-08-04 14:29:00,7777
573403.625706,157.7784,158.07,157.5501,158.12,157.4,2026-08-04 14:30:00,7396
642366.870386,157.5243,157.561,157.37,158.0,157.2,2026-08-04 14:31:00,8290
570769.458733,157.38,157.37,157.52,157.6999,157.11,2026-08-04 14:32:00,7818
449776.373632,157.7438,157.495,157.92,158.0,157.38,2026-08-04 14:33:00,6868
834986.397148,158.2223,157.945,158.12,158.6,157.9192,2026-08-04 14:34:00,12214
641895.40101,158.0262,158.1247,157.35,158.45,157.31,2026-08-04 14:35:00,8570
667577.155229,157.2295,157.3746,157.3,157.58,157.0,2026-08-04 14:36:00,9090
501168.768027,157.6687,157.315,158.05,158.16,157.19,2026-08-04 14:37:00,6575
626808.52464,158.2715,158.03,158.06,158.55,157.98,2026-08-04 14:38:00,8921
598932.424481,158.1241,158.052,158.32,158.33,157.93,2026-08-04 14:39:00,6540
644174.056298,158.4627,158.3138,158.55,158.75,158.19,2026-08-04 14:40:00,8101
1051073.74692,159.1506,158.55,159.51,159.54,158.4838,2026-08-04 14:41:00,13962
879456.661126,159.2025,159.5,159.11,159.53,158.9,2026-08-04 14:42:00,8843
545286.88885,158.9171,159.09,158.96,159.27,158.65,2026-08-04 14:43:00,7612
476804.475631,158.9888,158.965,158.96,159.5,158.66,2026-08-04 14:44:00,6024
659744.498617,159.4362,158.985,159.565,159.66,158.92,2026-08-04 14:45:00,9421
540831.386213,159.6427,159.565,159.63,159.85,159.42,2026-08-04 14:46:00,7863
563076.182715,159.6806,159.63,159.85,159.95,159.45,2026-08-04 14:47:00,8010
416748.354677,159.689,159.85,159.6011,159.86,159.52,2026-08-04 14:48:00,6157
631257.363687,159.3294,159.64,159.39,159.71,159.02,2026-08-04 14:49:00,8546
393280.993503,159.2607,159.385,159.295,159.43,159.04,2026-08-04 14:50:00,5228
342779.987793,159.4094,159.2701,159.102,159.61,159.08,2026-08-04 14:51:00,5347
391571.555027,159.2551,159.13,159.58,159.63,158.99,2026-08-04 14:52:00,6060
410011.500654,159.6345,159.58,159.57,159.7399,159.5,2026-08-04 14:53:00,5586
435100.376407,159.5587,159.56,159.7248,159.77,159.32,2026-08-04 14:54:00,5853
1850776.515644,159.99,159.71,159.92,160.41,159.6501,2026-08-04 14:55:00,29609
442912.571184,159.7216,159.95,159.58,160.0399,159.35,2026-08-04 14:56:00,6501
298275.687147,159.494,159.57,159.2307,159.73,159.22,2026-08-04 14:57:00,4729
730959.493891,158.8307,159.245,158.51,159.38,158.43,2026-08-04 14:58:00,10361
731659.787086,158.0794,158.5047,157.87,158.52,157.81,2026-08-04 14:59:00,11313
690201.165856,157.5668,157.8993,157.49,157.95,157.33,2026-08-04 15:00:00,10358
517272.604067,157.5849,157.49,157.36,157.78,157.36,2026-08-04 15:01:00,7143
306066.787629,157.526,157.42,157.49,157.69,157.36,2026-08-04 15:02:00,5053
289123.521968,157.6479,157.515,157.67,157.7799,157.48,2026-08-04 15:03:00,4469
318584.802098,157.7478,157.67,157.695,157.88,157.57,2026-08-04 15:04:00,5141
418630.118199,157.6211,157.695,157.725,157.87,157.42,2026-08-04 15:05:00,6594
453543.374816,157.7495,157.7256,158.0999,158.1,157.53,2026-08-04 15:06:00,5273
312630.873895,158.0961,158.09,158.17,158.22,157.77,2026-08-04 15:07:00,4439
261652.610629,158.0715,158.21,158.02,158.37,157.9,2026-08-04 15:08:00,4128
357413.4117,158.374,158.0076,158.4307,158.5,158.0076,2026-08-04 15:09:00,4483
412679.17698,158.5301,158.435,158.53,158.75,158.311,2026-08-04 15:10:00,5429
317343.978021,158.7235,158.53,158.84,158.9474,158.4115,2026-08-04 15:11:00,4665
270298.591959,158.632,158.84,158.55,158.89,158.32,2026-08-04 15:12:00,3852
335598.602139,158.9304,158.55,159.115,159.25,158.53,2026-08-04 15:13:00,5589
320095.755207,158.8866,159.1,158.5533,159.2594,158.5533,2026-08-04 15:14:00,4661
309707.704264,158.6902,158.565,158.705,158.88,158.4001,2026-08-04 15:15:00,4367
255546.134917,158.5985,158.65,158.3749,158.88,158.36,2026-08-04 15:16:00,3362
326501.911899,158.2501,158.39,158.065,158.48,157.97,2026-08-04 15:17:00,4656
241841.623428,158.2452,158.075,158.44,158.49,158.03,2026-08-04 15:18:00,3677
284670.707399,158.7317,158.4528,158.66,158.88,158.39,2026-08-04 15:19:00,4413
183986.573336,158.7363,158.66,158.735,158.93,158.61,2026-08-04 15:20:00,3317
247758.476174,158.8009,158.75,158.675,158.8699,158.65,2026-08-04 15:21:00,3816
536140.080637,158.8037,158.7,158.9465,159.02,158.4609,2026-08-04 15:22:00,6113
351871.77601,158.9977,158.935,158.92,159.15,158.81,2026-08-04 15:23:00,4245
358659.23851,159.2982,158.905,159.46,159.58,158.89,2026-08-04 15:24:00,5518
310917.641108,159.5301,159.455,159.3493,159.68,159.29,2026-08-04 15:25:00,4740
231523.818358,159.3907,159.32,159.45,159.53,159.17,2026-08-04 15:26:00,3751
322414.36693,159.6122,159.46,159.6775,159.8,159.3,2026-08-04 15:27:00,5406
199546.540511,159.6424,159.64,159.615,159.77,159.55,2026-08-04 15:28:00,3577
271767.870336,159.5259,159.6,159.39,159.74,159.35,2026-08-04 15:29:00,4257
201667.608285,159.4927,159.395,159.4301,159.61,159.35,2026-08-04 15:30:00,3279
364663.900411,158.9902,159.43,158.8667,159.43,158.7701,2026-08-04 15:31:00,5126
212397.130992,158.8507,158.87,158.81,158.99,158.6768,2026-08-04 15:32:00,3796
208718.466412,158.6538,158.8,158.595,158.805,158.53,2026-08-04 15:33:00,3374
272608.825851,158.5193,158.6,158.515,158.73,158.32,2026-08-04 15:34:00,4649
198366.251687,158.4627,158.52,158.49,158.59,158.36,2026-08-04 15:35:00,3794
281364.031755,158.6256,158.47,158.705,158.79,158.35,2026-08-04 15:36:00,4415
197321.379628,158.6356,158.7,158.482,158.78,158.48,2026-08-04 15:37:00,2882
318630.843781,158.8025,158.5,159.065,159.08,158.32,2026-08-04 15:38:00,4945
254844.155091,159.2295,159.065,159.26,159.44,159.04,2026-08-04 15:39:00,3558
380465.6309,159.561,159.2551,159.41,159.78,159.242,2026-08-04 15:40:00,5132
263691.143884,159.6771,159.41,159.78,159.85,159.37,2026-08-04 15:41:00,3957
272574.793246,159.8022,159.78,159.775,159.94,159.62,2026-08-04 15:42:00,4098
209075.464259,159.6789,159.8,159.54,159.82,159.46,2026-08-04 15:43:00,3507
207208.545969,159.5576,159.52,159.755,159.77,159.39,2026-08-04 15:44:00,3105
223372.424082,159.6939,159.755,159.77,159.8,159.56,2026-08-04 15:45:00,3459
224176.602526,159.6435,159.78,159.53,159.85,159.45,2026-08-04 15:46:00,3077
221893.847523,159.5147,159.531,159.445,159.72,159.25,2026-08-04 15:47:00,3826
191107.715941,159.4549,159.45,159.4601,159.58,159.32,2026-08-04 15:48:00,2910
255721.91229,159.5823,159.46,159.735,159.76,159.43,2026-08-04 15:49:00,3515
283446.988878,159.7075,159.735,159.535,159.89,159.5,2026-08-04 15:50:00,3600
193374.373157,159.5349,159.55,159.365,159.7,159.34,2026-08-04 15:51:00,2919
190214.970484,159.3227,159.36,159.3,159.43,159.21,2026-08-04 15:52:00,3026
284224.910631,159.1484,159.305,158.93,159.39,158.9,2026-08-04 15:53:00,3851
304968.823434,158.6727,158.91,158.54,158.94,158.5,2026-08-04 15:54:00,4909
374482.020928,158.4375,158.545,158.5099,158.57,158.31,2026-08-04 15:55:00,5114
625793.982421,158.2671,158.47,158.21,158.5334,157.96,2026-08-04 15:56:00,7494
235034.934305,158.2587,158.2,158.33,158.36,158.06,2026-08-04 15:57:00,3269
187791.139444,158.2188,158.31,158.31,158.3559,157.9877,2026-08-04 15:58:00,3278
179451.207735,158.1214,158.314,158.075,158.314,158.0,2026-08-04 15:59:00,3082
315233.029849,158.3736,158.075,158.65,158.68,158.075,2026-08-04 16:00:00,4762
377881.15342,158.8507,158.66,158.995,159.1244,158.55,2026-08-04 16:01:00,4568
263094.444521,159.0238,158.99,159.1298,159.13,158.94,2026-08-04 16:02:00,3210
258238.293067,159.2031,159.12,159.3204,159.43,159.0,2026-08-04 16:03:00,3871
246369.607585,159.1899,159.3201,158.93,159.4199,158.92,2026-08-04 16:04:00,3436
254594.409174,159.1398,158.93,159.2337,159.33,158.91,2026-08-04 16:05:00,3821
250158.54958,159.3642,159.225,159.59,159.6,159.075,2026-08-04 16:06:00,3903
370462.497878,159.7687,159.575,159.805,159.94,159.5501,2026-08-04 16:07:00,5244
871255.633899,159.9636,159.82,159.865,160.07,159.8,2026-08-04 16:08:00,12633
306399.25951,160.0143,159.88,160.13,160.185,159.84,2026-08-04 16:09:00,4542
317784.915935,159.9605,160.1087,159.8,160.2,159.7601,2026-08-04 16:10:00,4291
234852.995275,159.9241,159.8199,159.975,160.005,159.78,2026-08-04 16:11:00,2923
419557.971582,160.1643,159.97,160.2701,160.31,159.95,2026-08-04 16:12:00,5160
520000.831051,160.4458,160.3,160.455,160.68,160.27,2026-08-04 16:13:00,7876
339326.114964,160.6454,160.455,160.7,160.79,160.42,2026-08-04 16:14:00,5339
310648.110693,160.6528,160.695,160.66,160.77,160.55,2026-08-04 16:15:00,4007
276778.98882,160.5557,160.68,160.635,160.7197,160.35,2026-08-04 16:16:00,3878
313195.613805,160.4273,160.63,160.35,160.67,160.15,2026-08-04 16:17:00,4177
255731.184714,160.3261,160.3601,160.265,160.45,160.2,2026-08-04 16:18:00,3097
213692.093496,160.1785,160.25,160.155,160.28,160.08,2026-08-04 16:19:00,2960
450481.557323,160.6122,160.16,160.95,160.99,160.1401,2026-08-04 16:20:00,5859
781230.774662,161.1422,160.95,161.19,161.37,160.936,2026-08-04 16:21:00,10054
290744.205698,160.9512,161.175,161.051,161.2,160.73,2026-08-04 16:22:00,3997
216379.472511,160.9488,161.03,161.0,161.12,160.7701,2026-08-04 16:23:00,3381
149922.491155,160.9397,161.0,160.865,161.07,160.8,2026-08-04 16:24:00,2381
168810.449076,160.9108,160.87,160.99,161.02,160.7701,2026-08-04 16:25:00,2905
185766.343141,160.9302,160.983,160.85,161.0262,160.8101,2026-08-04 16:26:00,2635
186084.288989,160.8149,160.85,160.78,160.91,160.68,2026-08-04 16:27:00,3075
230685.213512,160.7494,160.7799,160.795,160.88,160.625,2026-08-04 16:28:00,2976
346548.536428,160.9543,160.805,160.895,161.2,160.77,2026-08-04 16:29:00,4474
306264.343033,161.0149,160.895,160.88,161.26,160.81,2026-08-04 16:30:00,4513
256862.071128,160.9971,160.9,161.135,161.16,160.84,2026-08-04 16:31:00,3546
296008.594673,160.8661,161.1201,160.72,161.19,160.69,2026-08-04 16:32:00,3379
220347.805572,160.7341,160.7178,160.91,160.93,160.57,2026-08-04 16:33:00,2875
177823.14305,160.789,160.89,160.76,160.89,160.72,2026-08-04 16:34:00,2449
349278.296128,161.2091,160.7773,161.445,161.49,160.75,2026-08-04 16:35:00,4946
361528.462935,161.479,161.4648,161.58,161.67,161.3,2026-08-04 16:36:00,4975
230038.428207,161.4979,161.5701,161.5601,161.5955,161.4101,2026-08-04 16:37:00,3027
304287.362566,161.6277,161.56,161.6522,161.74,161.43,2026-08-04 16:38:00,4006
367285.473273,161.681,161.675,161.785,161.83,161.53,2026-08-04 16:39:00,3455
336553.216995,161.825,161.78,161.975,161.99,161.7,2026-08-04 16:40:00,4425
548206.601614,161.9879,161.975,161.96,162.1,161.87,2026-08-04 16:41:00,8766
214999.026127,162.0307,162.0,162.02,162.1,161.93,2026-08-04 16:42:00,3451
290282.051903,161.9511,162.02,162.045,162.05,161.81,2026-08-04 16:43:00,3601
452697.586204,162.1542,162.045,162.03,162.3,161.98,2026-08-04 16:44:00,6343
281180.45333,162.0564,162.05,162.085,162.2,161.775,2026-08-04 16:45:00,3750
583122.725648,162.4339,162.1,162.4899,162.65,162.0701,2026-08-04 16:46:00,7054
329058.608402,162.0824,162.46,162.1,162.49,161.76,2026-08-04 16:47:00,4459
231253.927908,162.1726,162.12,162.36,162.37,162.0,2026-08-04 16:48:00,3387
281390.978519,162.4387,162.36,162.53,162.65,162.2,2026-08-04 16:49:00,3845
222230.021088,162.3585,162.53,162.33,162.54,162.25,2026-08-04 16:50:00,3108
234178.976183,162.4718,162.32,162.52,162.77,162.32,2026-08-04 16:51:00,4136
285759.275931,162.6233,162.535,162.56,162.77,162.48,2026-08-04 16:52:00,4275
311570.622588,162.4542,162.53,162.365,162.64,162.25,2026-08-04 16:53:00,4042
206951.141903,162.329,162.38,162.36,162.5,162.19,2026-08-04 16:54:00,3065
168012.28799,162.4211,162.36,162.4501,162.5,162.35,2026-08-04 16:55:00,2864
153076.63482,162.5369,162.47,162.62,162.65,162.39,2026-08-04 16:56:00,2393
149029.65402,162.5786,162.615,162.56,162.68,162.5,2026-08-04 16:57:00,2528
281961.08333,162.7058,162.5899,162.7699,162.83,162.54,2026-08-04 16:58:00,3945
208760.784645,162.6732,162.76,162.6109,162.8,162.54,2026-08-04 16:59:00,2774
222962.736122,162.6927,162.62,162.73,162.76,162.6,2026-08-04 17:00:00,3272
177141.084369,162.6884,162.725,162.72,162.75,162.63,2026-08-04 17:01:00,2454
221295.548787,162.6983,162.73,162.6225,162.83,162.52,2026-08-04 17:02:00,3283
267631.024283,162.5138,162.63,162.57,162.67,162.39,2026-08-04 17:03:00,3704
324502.637488,162.5362,162.58,162.5,162.8,162.37,2026-08-04 17:04:00,4176
204168.857784,162.4668,162.53,162.4301,162.56,162.385,2026-08-04 17:05:00,3065
309911.298975,162.366,162.44,162.2901,162.536,162.2402,2026-08-04 17:06:00,4835
251719.45385,162.4673,162.29,162.655,162.7,162.29,2026-08-04 17:07:00,3854
245485.034942,162.5446,162.64,162.47,162.76,162.36,2026-08-04 17:08:00,3306
120776.461252,162.4338,162.49,162.403,162.515,162.38,2026-08-04 17:09:00,2048
216264.31695,162.6126,162.42,162.632,162.73,162.41,2026-08-04 17:10:00,2980
199749.105426,162.4868,162.63,162.4901,162.64,162.4035,2026-08-04 17:11:00,2745
244318.175023,162.3784,162.48,162.305,162.55,162.17,2026-08-04 17:12:00,4375
209274.295783,162.4018,162.3,162.42,162.52,162.25,2026-08-04 17:13:00,3621
172424.483341,162.5394,162.41,162.575,162.61,162.4001,2026-08-04 17:14:00,2853
270395.01862,162.63,162.56,162.715,162.8,162.56,2026-08-04 17:15:00,3590
158430.281226,162.5541,162.71,162.485,162.715,162.45,2026-08-04 17:16:00,2395
304221.244198,162.2927,162.47,162.12,162.5,162.06,2026-08-04 17:17:00,4131
278489.061494,162.165,162.1101,162.29,162.36,161.96,2026-08-04 17:18:00,4191
150129.054097,162.4275,162.29,162.39,162.53,162.23,2026-08-04 17:19:00,2450
179204.775733,162.529,162.385,162.58,162.6899,162.34,2026-08-04 17:20:00,2711
173169.873979,162.4252,162.58,162.3,162.6396,162.26,2026-08-04 17:21:00,2183
182804.098371,162.1487,162.3,162.13,162.3,162.02,2026-08-04 17:22:00,2730
163839.958252,162.2388,162.1113,162.4,162.4,162.0601,2026-08-04 17:23:00,2760
144444.250294,162.2522,162.3901,162.21,162.43,162.16,2026-08-04 17:24:00,2402
124873.901614,162.2709,162.1938,162.375,162.38,162.165,2026-08-04 17:25:00,2226
128538.328535,162.3346,162.375,162.25,162.44,162.24,2026-08-04 17:26:00,2271
136848.123579,162.3347,162.23,162.315,162.34,162.21,2026-08-04 17:27:00,2020
155939.923056,162.3252,162.31,162.27,162.4,162.2368,2026-08-04 17:28:00,2248
175534.21425,162.4144,162.275,162.42,162.5,162.275,2026-08-04 17:29:00,2192
173602.615304,162.2849,162.425,162.256,162.43,162.215,2026-08-04 17:30:00,2332
186933.882884,162.1975,162.25,162.205,162.285,162.05,2026-08-04 17:31:00,2706
331564.010939,161.9744,162.2,161.65,162.215,161.65,2026-08-04 17:32:00,3779
252286.914369,161.6796,161.62,161.7474,161.83,161.5401,2026-08-04 17:33:00,3316
155166.061761,161.7275,161.735,161.805,161.83,161.6,2026-08-04 17:34:00,2415
164466.17504,161.7043,161.805,161.61,161.8754,161.554,2026-08-04 17:35:00,2449
187544.734547,161.7605,161.605,161.785,161.85,161.59,2026-08-04 17:36:00,2709
252355.260638,162.1073,161.79,162.07,162.21,161.79,2026-08-04 17:37:00,3719
339220.773585,162.445,162.08,162.6501,162.66,162.08,2026-08-04 17:38:00,5221
162368.544306,162.6739,162.68,162.65,162.74,162.5702,2026-08-04 17:39:00,2880
125918.257628,162.6423,162.64,162.655,162.7299,162.59,2026-08-04 17:40:00,2223
207454.631098,162.7306,162.65,162.74,162.81,162.61,2026-08-04 17:41:00,3355
257928.802438,162.8034,162.74,162.85,162.89,162.7,2026-08-04 17:42:00,3750
215627.701117,162.8156,162.83,162.74,162.96,162.65,2026-08-04 17:43:00,3350
489954.462397,162.9304,162.73,163.098,163.1,162.69,2026-08-04 17:44:00,8202
396597.876155,163.1908,163.11,163.055,163.3,163.0,2026-08-04 17:45:00,4679
647084.875371,163.5925,163.055,163.93,163.99,163.05,2026-08-04 17:46:00,8720
536897.07195,163.9977,163.955,164.0399,164.3499,163.8231,2026-08-04 17:47:00,7640
298083.227911,163.9957,164.0101,163.92,164.17,163.875,2026-08-04 17:48:00,3679
188664.528725,163.9943,163.93,163.9995,164.07,163.91,2026-08-04 17:49:00,2797
292304.588871,163.9808,163.98,163.7799,164.1499,163.72,2026-08-04 17:50:00,4149
312693.427345,163.6132,163.7508,163.6301,163.81,163.45,2026-08-04 17:51:00,3545
172480.921954,163.6869,163.65,163.74,163.78,163.6,2026-08-04 17:52:00,2624
231518.47685,163.7544,163.745,163.75,163.88,163.63,2026-08-04 17:53:00,3086
178361.909761,163.7359,163.765,163.735,163.84,163.64,2026-08-04 17:54:00,2749
221021.982433,163.6126,163.73,163.7,163.74,163.43,2026-08-04 17:55:00,3068
143122.166369,163.6136,163.7,163.5601,163.72,163.46,2026-08-04 17:56:00,2212
164975.281573,163.6786,163.565,163.7,163.79,163.52,2026-08-04 17:57:00,2539
189104.301345,163.5943,163.705,163.55,163.75,163.49,2026-08-04 17:58:00,2841
213643.476314,163.5688,163.569,163.69,163.72,163.44,2026-08-04 17:59:00,3086
542088.873483,163.9506,163.695,164.245,164.25,163.68,2026-08-04 18:00:00,7115
732843.833994,164.3296,164.24,164.013,164.52,163.92,2026-08-04 18:01:00,7315
765631.187185,163.7709,164.02,164.18,164.41,164.01,2026-08-04 18:02:00,3301
184967.285885,164.1672,164.18,164.225,164.33,163.98,2026-08-04 18:03:00,2757
408000.391211,164.171,164.202,163.8,164.39,163.75,2026-08-04 18:04:00,3936
375670.4421,163.7032,163.815,163.88,163.91,163.43,2026-08-04 18:05:00,4797
273992.576388,163.9621,163.885,164.1256,164.1425,163.81,2026-08-04 18:06:00,3535
277412.970667,164.0523,164.125,163.91,164.3,163.87,2026-08-04 18:07:00,3440
223255.174411,163.7335,163.905,163.595,163.92,163.56,2026-08-04 18:08:00,2845
220592.677755,163.5195,163.595,163.49,163.64,163.43,2026-08-04 18:09:00,2873
254743.987315,163.482,163.4801,163.485,163.59,163.36,2026-08-04 18:10:00,3721
252193.295444,163.2278,163.48,163.09,163.49,163.08,2026-08-04 18:11:00,4110
284432.788278,162.9487,163.095,163.02,163.095,162.8,2026-08-04 18:12:00,4314
205442.242645,162.9977,163.025,163.08,163.1,162.9,2026-08-04 18:13:00,2671
190228.094431,163.0643,163.07,163.011,163.16,162.935,2026-08-04 18:14:00,2508
155103.004779,162.9618,163.02,162.94,163.05,162.86,2026-08-04 18:15:00,2325
168761.444115,162.9006,162.95,162.93,162.97,162.8,2026-08-04 18:16:00,2352
224167.204251,162.8259,162.95,162.73,162.98,162.7,2026-08-04 18:17:00,2357
242669.564303,162.7851,162.72,162.69,162.819,162.55,2026-08-04 18:18:00,2919
216807.746273,162.7513,162.685,162.78,162.87,162.67,2026-08-04 18:19:00,2471
192868.598714,162.825,162.8,162.805,162.91,162.76,2026-08-04 18:20:00,2406
184188.65548,162.7399,162.81,162.7855,162.83,162.6661,2026-08-04 18:21:00,2513
212339.870491,162.8642,162.79,162.83,162.95,162.77,2026-08-04 18:22:00,2717
130650.332571,162.8634,162.82,162.87,162.92,162.8,2026-08-04 18:23:00,1753
113195.75555,162.8503,162.865,162.89,162.92,162.7601,2026-08-04 18:24:00,1896
122800.861564,162.828,162.89,162.79,162.92,162.76,2026-08-04 18:25:00,2015
197894.647474,162.7645,162.79,162.68,162.89,162.63,2026-08-04 18:26:00,2849
208133.083803,162.6216,162.7,162.6,162.76,162.49,2026-08-04 18:27:00,2826
153215.390484,162.4986,162.59,162.53,162.64,162.4,2026-08-04 18:28:00,2452
398079.557406,162.9043,162.53,163.11,163.15,162.53,2026-08-04 18:29:00,5305
280052.497827,162.8874,163.1,162.93,163.11,162.63,2026-08-04 18:30:00,3713
163710.723672,162.7808,162.93,162.8199,162.93,162.7,2026-08-04 18:31:00,2206
114599.855883,162.8281,162.81,162.94,162.95,162.78,2026-08-04 18:32:00,1844
130677.325338,162.9918,162.95,162.9,162.99,162.8301,2026-08-04 18:33:00,2190
132688.594914,162.811,162.89,162.81,162.91,162.6701,2026-08-04 18:34:00,1881
168940.227005,162.8157,162.81,162.73,162.9299,162.7007,2026-08-04 18:35:00,2330
133556.605919,162.7059,162.73,162.6101,162.8599,162.57,2026-08-04 18:36:00,2084
185765.589131,162.5918,162.645,162.58,162.73,162.46,2026-08-04 18:37:00,2877
130984.159074,162.5704,162.58,162.59,162.65,162.5,2026-08-04 18:38:00,2012
154338.967153,162.5301,162.61,162.59,162.64,162.46,2026-08-04 18:39:00,2022
179855.260996,162.5719,162.57,162.645,162.675,162.46,2026-08-04 18:40:00,2132
206179.040919,162.7576,162.65,162.925,162.93,162.62,2026-08-04 18:41:00,2758
177636.257662,162.8166,162.93,162.7,162.99,162.6511,2026-08-04 18:42:00,2346
108867.435642,162.6211,162.7,162.59,162.73,162.5201,2026-08-04 18:43:00,1721
308797.452572,162.4952,162.5825,162.5356,162.66,162.27,2026-08-04 18:44:00,4561
193208.079073,162.6187,162.51,162.69,162.75,162.5,2026-08-04 18:45:00,2687
272111.399957,162.7897,162.69,162.935,162.95,162.66,2026-08-04 18:46:00,3405
297514.495927,163.0078,162.93,163.02,163.11,162.91,2026-08-04 18:47:00,3998
203886.143384,163.156,163.01,163.34,163.36,162.97,2026-08-04 18:48:00,2862
306637.721845,163.4318,163.325,163.29,163.62,163.22,2026-08-04 18:49:00,3856
166525.489316,163.2886,163.2905,163.25,163.41,163.15,2026-08-04 18:50:00,2346
176144.154294,163.1982,163.24,163.125,163.275,163.0806,2026-08-04 18:51:00,2364
187649.073332,163.0454,163.1201,162.985,163.1695,162.91,2026-08-04 18:52:00,2288
167561.640479,162.9267,162.985,162.95,163.03,162.83,2026-08-04 18:53:00,2271
175145.151887,163.1519,162.95,163.215,163.25,162.94,2026-08-04 18:54:00,2501
169139.836025,163.196,163.215,163.3004,163.31,163.1,2026-08-04 18:55:00,2349
227822.888744,163.429,163.3,163.51,163.53,163.3,2026-08-04 18:56:00,2736
149018.273435,163.3746,163.515,163.255,163.53,163.25,2026-08-04 18:57:00,2432
159785.666561,163.185,163.251,163.125,163.285,163.09,2026-08-04 18:58:00,2086
172552.025295,163.0159,163.14,162.87,163.21,162.85,2026-08-04 18:59:00,2107
177344.858758,162.8935,162.89,162.93,163.03,162.7017,2026-08-04 19:00:00,2445
194012.621812,162.9883,162.94,163.02,163.1,162.86,2026-08-04 19:01:00,2892
145421.099886,162.971,163.0,162.99,163.04,162.9,2026-08-04 19:02:00,2258
147341.409023,162.9449,163.02,162.975,163.05,162.83,2026-08-04 19:03:00,2118
155370.029579,162.9965,162.97,162.925,163.1,162.89,2026-08-04 19:04:00,2146
272237.036194,163.1487,162.93,163.245,163.29,162.88,2026-08-04 19:05:00,3385
224945.025564,163.0706,163.25,163.13,163.27,162.9,2026-08-04 19:06:00,2560
130625.942116,163.1404,163.1201,163.15,163.21,163.08,2026-08-04 19:07:00,2096
317668.894686,163.3952,163.1401,163.5,163.61,163.1,2026-08-04 19:08:00,4217
224146.457728,163.5747,163.55,163.52,163.68,163.4701,2026-08-04 19:09:00,3185
149560.048656,163.5269,163.51,163.575,163.64,163.45,2026-08-04 19:10:00,2338
135044.866413,163.5722,163.56,163.59,163.62,163.52,2026-08-04 19:11:00,2241
167134.834768,163.6362,163.61,163.58,163.7,163.57,2026-08-04 19:12:00,2541
171205.45799,163.6524,163.6,163.725,163.78,163.5433,2026-08-04 19:13:00,2553
252427.052144,163.8237,163.725,163.83,163.9699,163.71,2026-08-04 19:14:00,3342
270683.614269,163.7195,163.825,163.7599,163.88,163.58,2026-08-04 19:15:00,2910
369906.013967,164.006,163.76,164.175,164.18,163.7401,2026-08-04 19:16:00,5676
300906.409674,163.8383,164.175,163.5,164.2,163.5,2026-08-04 19:17:00,3517
235103.885681,163.288,163.5,163.23,163.54,163.07,2026-08-04 19:18:00,2890
232093.495166,162.9853,163.21,162.975,163.22,162.8301,2026-08-04 19:19:00,2705
209459.895834,162.9839,162.975,162.89,163.0099,162.82,2026-08-04 19:20:00,2645
195818.871023,162.8436,162.88,162.87,162.93,162.7,2026-08-04 19:21:00,2819
174151.165269,162.844,162.87,162.85,162.89,162.76,2026-08-04 19:22:00,2413
184827.36797,162.886,162.8699,162.975,163.0,162.76,2026-08-04 19:23:00,2757
190356.268304,163.0088,162.96,163.06,163.071,162.925,2026-08-04 19:24:00,2598
212793.797019,163.1679,163.06,163.1461,163.2999,163.04,2026-08-04 19:25:00,2838
292262.363774,162.9849,163.18,162.78,163.19,162.7701,2026-08-04 19:26:00,5047
329016.299605,162.6538,162.8028,162.54,162.82,162.4501,2026-08-04 19:27:00,4500
268174.654327,162.5798,162.5549,162.58,162.72,162.44,2026-08-04 19:28:00,3434
290530.063113,162.6814,162.58,162.58,162.63,162.515,2026-08-04 19:29:00,2721
400080.38493,162.3507,162.575,162.42,162.58,162.16,2026-08-04 19:30:00,4717
225337.408157,162.3619,162.39,162.49,162.5401,162.18,2026-08-04 19:31:00,2873
252198.106914,162.476,162.49,162.33,162.62,162.33,2026-08-04 19:32:00,3497
166442.380486,162.4391,162.3699,162.505,162.52,162.34,2026-08-04 19:33:00,2283
264449.782794,162.5972,162.49,162.81,162.82,162.46,2026-08-04 19:34:00,3302
317177.320563,162.7136,162.8199,162.64,162.85,162.6101,2026-08-04 19:35:00,3038
229784.045884,162.7654,162.635,162.87,162.88,162.635,2026-08-04 19:36:00,2699
278797.738238,162.8631,162.8402,162.95,162.96,162.73,2026-08-04 19:37:00,2979
216255.355028,162.8617,162.95,162.77,162.95,162.75,2026-08-04 19:38:00,2650
270982.015125,162.6502,162.76,162.395,162.7656,162.395,2026-08-04 19:39:00,3682
230927.192571,162.4635,162.42,162.535,162.5895,162.305,2026-08-04 19:40:00,3279
214719.75171,162.5651,162.54,162.6101,162.68,162.45,2026-08-04 19:41:00,2721
263986.569774,162.7757,162.62,162.88,162.915,162.6199,2026-08-04 19:42:00,3427
215372.962388,162.7974,162.88,162.829,162.92,162.71,2026-08-04 19:43:00,2741
207734.580418,162.6991,162.8283,162.7,162.875,162.56,2026-08-04 19:44:00,2668
305359.887898,162.8026,162.71,162.93,162.9791,162.6,2026-08-04 19:45:00,3922
346877.612312,162.9627,162.94,162.98,163.07,162.89,2026-08-04 19:46:00,4596
318327.032054,162.9198,162.985,162.85,163.08,162.795,2026-08-04 19:47:00,3372
1286417.319503,162.5175,162.86,162.45,162.87,162.38,2026-08-04 19:48:00,3378
226378.016996,162.4478,162.465,162.45,162.55,162.35,2026-08-04 19:49:00,3261
389222.994707,162.3988,162.45,162.5,162.55,162.2,2026-08-04 19:50:00,6536
317388.851548,162.5176,162.5,162.4501,162.6199,162.41,2026-08-04 19:51:00,4148
265949.918295,162.4764,162.4401,162.5,162.535,162.36,2026-08-04 19:52:00,4259
521299.485903,162.7872,162.47,162.8144,162.99,162.385,2026-08-04 19:53:00,7288
388635.640136,162.7802,162.82,162.61,162.95,162.58,2026-08-04 19:54:00,5699
519621.404926,162.7286,162.62,162.66,162.89,162.47,2026-08-04 19:55:00,6975
443995.370476,162.4721,162.66,162.395,162.67,162.35,2026-08-04 19:56:00,5750
536057.064689,162.4048,162.4,162.42,162.4669,162.31,2026-08-04 19:57:00,6343
717554.97075,162.6014,162.42,162.73,162.74,162.37,2026-08-04 19:58:00,8777
1182216.747926,162.7597,162.73,162.55,162.89,162.42,2026-08-04 19:59:00,13673
1267200.801212,162.6581,162.6,162.5845,162.76,162.11,2026-08-04 20:00:00,653
63226.246759,162.5595,162.5102,162.3,162.669,162.25,2026-08-04 20:01:00,400
186002.144073,162.5909,162.28,162.0,162.31,161.8311,2026-08-04 20:02:00,784
337664.629899,162.7451,161.9649,161.83,162.0,161.83,2026-08-04 20:03:00,543
29586.646833,161.9674,161.92,161.9,162.0,161.8244,2026-08-04 20:04:00,429
30842.131303,161.8246,161.9046,161.751,161.96,161.75,2026-08-04 20:05:00,466
30300.762752,161.7756,161.76,161.9348,161.94,161.62,2026-08-04 20:06:00,504
22454.857599,161.7698,161.89,161.6701,161.89,161.66,2026-08-04 20:07:00,322
40708.970487,161.4996,161.69,161.2998,161.74,161.25,2026-08-04 20:08:00,496
140026.200094,162.0295,161.255,161.2352,161.3693,161.11,2026-08-04 20:09:00,851
19536.984246,161.2694,161.2428,161.1995,161.4,161.15,2026-08-04 20:10:00,397
27436.948895,161.0923,161.2,160.96,161.2,160.96,2026-08-04 20:11:00,513
38791.527006,160.9929,160.98,160.9469,161.11,160.93,2026-08-04 20:12:00,651
47413.128681,160.9746,160.92,161.0084,161.17,160.84,2026-08-04 20:13:00,646
26660.291396,161.2541,161.0,161.4,162.66,160.96,2026-08-04 20:14:00,588
27980.724401,161.3189,161.29,161.4,161.4727,161.2,2026-08-04 20:15:00,491
31147.561412,161.4512,161.2987,161.53,161.64,161.15,2026-08-04 20:16:00,597
25319.251622,161.4313,161.58,161.33,161.58,161.12,2026-08-04 20:17:00,486
15788.742333,161.3234,161.33,161.36,161.39,161.2008,2026-08-04 20:18:00,366
32961.876239,161.1497,161.2997,161.0,161.2997,161.0,2026-08-04 20:19:00,402
46201.098614,160.9295,161.01,160.8,161.1,160.8,2026-08-04 20:20:00,738
52482.467875,160.5972,160.81,160.6,160.8479,160.5,2026-08-04 20:21:00,736
39057.57463,160.6114,160.5451,160.6,160.74,160.5,2026-08-04 20:22:00,530
22273.386317,160.6123,160.57,160.55,160.75,160.5,2026-08-04 20:23:00,451
23274.507031,160.4534,160.55,160.46,160.57,160.35,2026-08-04 20:24:00,439
21008.156695,160.6268,160.49,160.86,160.86,160.39,2026-08-04 20:25:00,510
16594.635858,160.8316,160.7473,160.82,160.9,160.7448,2026-08-04 20:26:00,311
17532.889002,160.7274,160.8,160.68,160.8,160.6,2026-08-04 20:27:00,274
11598.803117,160.7231,160.75,160.6838,160.78,160.6137,2026-08-04 20:28:00,298
30340.546201,160.9221,160.6212,160.7871,161.02,160.61,2026-08-04 20:29:00,549
8365.187682,160.7445,160.8,160.7025,160.95,160.61,2026-08-04 20:30:00,237
14417.789464,160.9145,160.7508,161.0,161.0,160.72,2026-08-04 20:31:00,379
8056.210712,160.8829,160.9861,160.78,161.0,160.72,2026-08-04 20:32:00,215
6675.263929,160.816,160.7831,160.742,160.8848,160.72,2026-08-04 20:33:00,201
20799.57837,160.7463,160.76,160.63,160.83,160.63,2026-08-04 20:34:00,275
9580.483756,160.6918,160.62,160.63,160.76,160.62,2026-08-04 20:35:00,269
11098.805028,160.7719,160.62,160.85,160.8531,160.62,2026-08-04 20:36:00,381
21620.432076,161.1355,160.85,161.12,161.68,160.85,2026-08-04 20:37:00,475
20750.578631,161.3063,161.13,161.23,161.3923,161.12,2026-08-04 20:38:00,295
8090.219993,161.1849,161.2,161.25,161.25,161.04,2026-08-04 20:39:00,266
8457.284118,161.1603,161.0577,161.2493,161.2493,161.0501,2026-08-04 20:40:00,253
35069.110984,162.2468,161.0918,161.1,162.66,161.03,2026-08-04 20:41:00,170
12039.284177,161.0182,161.11,161.0,161.18,160.85,2026-08-04 20:42:00,167
3182.659168,160.9597,160.9278,160.9239,160.9861,160.9122,2026-08-04 20:43:00,170
5970.938774,160.8948,160.91,160.8644,160.91,160.85,2026-08-04 20:44:00,160
10589.618292,160.7214,160.8054,160.7,160.8423,160.62,2026-08-04 20:45:00,194
13370.682358,160.7559,160.72,160.79,160.8,160.6,2026-08-04 20:46:00,313
8615.149495,160.8027,160.78,160.7839,160.851,160.77,2026-08-04 20:47:00,191
8075.443003,160.8454,160.8,160.84,160.9737,160.77,2026-08-04 20:48:00,195
7142.247785,160.7444,160.8,160.66,160.8,160.64,2026-08-04 20:49:00,154
11028.085455,160.5896,160.7,160.6,160.72,160.55,2026-08-04 20:50:00,206
208590.98926,162.5019,160.55,160.5,160.5577,160.43,2026-08-04 20:51:00,259
18196.03751,160.5549,160.55,160.51,160.6,160.5,2026-08-04 20:52:00,300
14441.591118,160.5332,160.5,160.56,160.599,160.5,2026-08-04 20:53:00,267
6747.859295,160.5462,160.55,160.5,160.5501,160.5,2026-08-04 20:54:00,152
8003.422346,160.512,160.5,160.5,160.53,160.5,2026-08-04 20:55:00,275
23385.326441,160.6783,160.51,160.66,160.75,160.51,2026-08-04 20:56:00,333
7149.09645,160.6171,160.6562,160.51,160.7176,160.51,2026-08-04 20:57:00,124
9877.55198,160.5892,160.51,160.65,160.65,160.51,2026-08-04 20:58:00,129
8149.527446,160.6764,160.544,160.7218,160.8,160.52,2026-08-04 20:59:00,188
11660.637198,160.8544,160.79,160.86,160.9966,160.72,2026-08-04 21:00:00,242
25923.594722,161.0147,160.94,161.17,161.18,160.79,2026-08-04 21:01:00,548
31582.665466,161.3098,161.28,161.2604,161.38,161.2,2026-08-04 21:02:00,242
10510.324186,161.1409,161.29,161.19,161.3,161.0,2026-08-04 21:03:00,139
5521.013439,160.8642,160.75,160.85,160.92,160.75,2026-08-04 21:04:00,144
8533.132464,160.9051,160.84,160.9101,161.0,160.84,2026-08-04 21:05:00,168
5983.755727,161.0044,161.0,160.9,161.18,160.9,2026-08-04 21:06:00,119
6894.86178,160.8994,160.85,160.8176,160.92,160.8176,2026-08-04 21:07:00,162
20794.027369,160.8954,160.7624,160.79,160.95,160.75,2026-08-04 21:08:00,293
5259.225322,160.9263,160.8501,160.9201,161.0,160.8501,2026-08-04 21:09:00,198
5856.629631,160.9439,160.996,160.89,161.0,160.8,2026-08-04 21:10:00,100
5451.018899,160.8068,160.8005,160.8009,160.82,160.8,2026-08-04 21:11:00,86
7620.94055,160.8285,160.8,160.81,160.85,160.78,2026-08-04 21:12:00,200
43706.744067,160.7643,160.81,160.61,160.81,160.5112,2026-08-04 21:13:00,191
7882.093322,160.6248,160.6001,160.6487,160.65,160.6,2026-08-04 21:14:00,114
5383.112592,160.7112,160.65,160.7,160.7814,160.6209,2026-08-04 21:15:00,179
8425.572671,160.7368,160.7102,160.65,160.76,160.65,2026-08-04 21:16:00,109
8907.785628,160.6424,160.6172,160.6,160.68,160.6,2026-08-04 21:17:00,137
5576.743653,160.5838,160.52,160.5739,160.63,160.52,2026-08-04 21:18:00,163
5364.716909,160.6159,160.5706,160.58,160.64,160.5614,2026-08-04 21:19:00,135
3515.761934,160.6172,160.6,160.56,160.6,160.56,2026-08-04 21:20:00,107
18874.988391,160.5588,160.564,160.51,160.58,160.5,2026-08-04 21:21:00,186
13826.452817,160.5645,160.5053,160.59,160.59,160.5,2026-08-04 21:22:00,194
16100.850895,160.5714,160.59,160.5001,160.6,160.5,2026-08-04 21:23:00,97
4430.391223,160.5806,160.55,160.55,160.59,160.55,2026-08-04 21:24:00,111
15007.483384,160.5093,160.55,160.4,160.55,160.4,2026-08-04 21:25:00,117
13071.442546,160.4438,160.37,160.4426,160.5472,160.37,2026-08-04 21:26:00,146
3597.739139,160.5111,160.53,160.4751,160.53,160.4111,2026-08-04 21:27:00,116
5524.795176,160.4606,160.4961,160.48,160.5,160.3886,2026-08-04 21:28:00,106
2165.1373,160.4005,160.4,160.4,160.41,160.376,2026-08-04 21:29:00,94
9145.633006,160.3944,160.4,160.37,160.44,160.37,2026-08-04 21:30:00,128
4661.12245,160.3723,160.33,160.38,160.38,160.31,2026-08-04 21:31:00,128
16366.912471,160.3895,160.38,160.405,160.41,160.37,2026-08-04 21:32:00,183
5199.513842,160.4377,160.42,160.3998,160.48,160.3998,2026-08-04 21:33:00,121
7258.106182,160.3937,160.39,160.4255,160.45,160.37,2026-08-04 21:34:00,131
3058.748973,160.3899,160.37,160.33,160.37,160.33,2026-08-04 21:35:00,103
5626.437057,160.3109,160.31,160.28,160.3493,160.23,2026-08-04 21:36:00,143
5137.988315,160.3535,160.2738,160.35,160.3555,160.27,2026-08-04 21:37:00,214
877.795474,160.4866,160.34,160.34,160.34,160.34,2026-08-04 21:38:00,92
2805.644703,160.3092,160.27,160.27,160.2954,160.27,2026-08-04 21:39:00,94
5658.752732,160.3088,160.2958,160.3435,160.35,160.25,2026-08-04 21:40:00,163
2558.902951,160.3663,160.3,160.3,160.3429,160.3,2026-08-04 21:41:00,82
2532.336054,160.2842,160.2539,160.25,160.3,160.25,2026-08-04 21:42:00,100
5812.236535,160.253,160.26,160.24,160.27,160.22,2026-08-04 21:43:00,125
8868.32527,160.2503,160.24,160.2039,160.25,160.2,2026-08-04 21:44:00,126
11749.59676,160.3479,160.2,160.45,160.48,160.2,2026-08-04 21:45:00,268
1486.363207,160.3249,160.4,160.2,160.4,160.2,2026-08-04 21:46:00,75
3930.589321,160.2521,160.25,160.22,160.2622,160.2,2026-08-04 21:47:00,127
3813.902373,160.25,160.23,160.22,160.23,160.2,2026-08-04 21:48:00,129
9094.709134,160.2131,160.2,160.2023,160.2023,160.195,2026-08-04 21:49:00,164
4647.504705,160.2369,160.2,160.2101,160.25,160.2,2026-08-04 21:50:00,153
7530.462774,160.1972,160.21,160.15,160.21,160.15,2026-08-04 21:51:00,117
2512.780555,160.1721,160.12,160.12,160.1239,160.11,2026-08-04 21:52:00,140
5728.387873,160.1243,160.15,160.1029,160.15,160.1,2026-08-04 21:53:00,163
4043.869727,160.1365,160.1022,160.1001,160.11,160.1,2026-08-04 21:54:00,150
4607.125505,160.0786,160.1,160.0339,160.11,160.0339,2026-08-04 21:55:00,121
10932.177331,160.0384,160.0699,160.0202,160.07,160.02,2026-08-04 21:56:00,162
8911.541608,160.1796,160.027,160.3,160.3,160.02,2026-08-04 21:57:00,263
5545.526064,160.2604,160.3,160.2022,160.3,160.2,2026-08-04 21:58:00,93
3439.055153,160.2091,160.25,160.15,160.25,160.15,2026-08-04 21:59:00,113
8067.88868,160.1355,160.1577,160.35,160.37,160.1577,2026-08-04 22:00:00,204
10811.586895,160.1848,160.1919,160.19,160.3,160.15,2026-08-04 22:01:00,132
5143.79611,160.2064,160.1901,160.1,160.24,160.1,2026-08-04 22:02:00,116
5858.500855,160.0969,160.1,160.06,160.1,160.05,2026-08-04 22:03:00,115
2493.479488,160.0976,160.07,160.07,160.08,160.0539,2026-08-04 22:04:00,119
8430.532031,160.1596,160.1,160.1309,160.2,160.1,2026-08-04 22:05:00,168
4576.552904,160.2034,160.1506,160.2,160.2,160.1506,2026-08-04 22:06:00,112
6945.26241,160.2854,160.21,160.3,160.35,160.21,2026-08-04 22:07:00,176
4667.438138,160.3039,160.396,160.2,160.4,160.2,2026-08-04 22:08:00,156
2322.973028,160.3201,160.25,160.23,160.2833,160.23,2026-08-04 22:09:00,82
3200.400049,160.2668,160.25,160.23,160.2892,160.23,2026-08-04 22:10:00,108
1425.467494,160.2749,160.25,160.23,160.25,160.23,2026-08-04 22:11:00,94
3001.545869,160.2448,160.21,160.25,160.25,160.2,2026-08-04 22:12:00,129
2710.347723,160.2962,160.3,160.33,160.33,160.2937,2026-08-04 22:13:00,144
3340.658289,160.375,160.35,160.33,160.37,160.3254,2026-08-04 22:14:00,110
2168.7028,160.3929,160.35,160.3185,160.35,160.3185,2026-08-04 22:15:00,94
5241.629629,160.3289,160.31,160.27,160.35,160.27,2026-08-04 22:16:00,95
8941.964658,160.2167,160.24,160.16,160.24,160.16,2026-08-04 22:17:00,138
6977.758671,160.1384,160.14,160.08,160.22,160.04,2026-08-04 22:18:00,194
22341.293836,159.9962,160.05,159.85,160.0699,159.85,2026-08-04 22:19:00,432
7439.543225,159.8811,159.8895,159.9,159.9,159.8,2026-08-04 22:20:00,184
6273.511844,159.8365,159.8632,159.75,159.8755,159.75,2026-08-04 22:21:00,189
7803.688358,159.6372,159.7,159.6,159.7,159.6,2026-08-04 22:22:00,181
15591.038235,159.5973,159.6,159.63,159.65,159.55,2026-08-04 22:23:00,216
9466.142838,159.6732,159.65,159.65,159.8254,159.61,2026-08-04 22:24:00,154
8318.150506,159.5798,159.65,159.54,159.65,159.54,2026-08-04 22:25:00,182
4031.075113,159.6107,159.54,159.65,159.65,159.54,2026-08-04 22:26:00,143
7290.058515,159.7968,159.74,159.76,159.84,159.74,2026-08-04 22:27:00,140
4378.661645,159.7787,159.75,159.7529,159.79,159.75,2026-08-04 22:28:00,77
4250.827273,159.7997,159.76,159.7929,159.7929,159.75,2026-08-04 22:29:00,124
1518.954164,159.8593,159.76,159.76,159.76,159.75,2026-08-04 22:30:00,80
5036.227029,159.7954,159.8,159.78,159.84,159.75,2026-08-04 22:31:00,111
7934.922178,159.7748,159.7577,159.7501,159.793,159.75,2026-08-04 22:32:00,118
32802.177899,159.6703,159.75,159.65,159.7923,159.57,2026-08-04 22:33:00,181
2925.660692,159.6646,159.65,159.6,159.69,159.57,2026-08-04 22:34:00,171
1776.894071,159.7619,159.72,159.7,159.72,159.6816,2026-08-04 22:35:00,141
3240.322517,159.8441,159.75,159.807,159.85,159.75,2026-08-04 22:36:00,168
7321.109183,159.8177,159.75,159.79,159.8394,159.75,2026-08-04 22:37:00,95
8083.494468,159.791,159.79,159.78,159.83,159.75,2026-08-04 22:38:00,98
20676.070512,159.9586,159.8,159.95,160.09,159.8,2026-08-04 22:39:00,423
4904.290997,159.9967,159.9386,159.9876,160.05,159.9,2026-08-04 22:40:00,98
5688.453534,159.9917,159.96,159.95,159.9999,159.95,2026-08-04 22:41:00,104
4432.408139,159.8179,159.86,159.87,159.87,159.78,2026-08-04 22:42:00,69
4482.317281,159.7646,159.87,159.72,159.87,159.72,2026-08-04 22:43:00,93
14386.31156,159.6463,159.74,159.61,159.81,159.61,2026-08-04 22:44:00,110
2556.747323,159.6548,159.6507,159.6,159.6507,159.6,2026-08-04 22:45:00,90
11300.52074,159.5171,159.6,159.5354,159.6,159.5,2026-08-04 22:46:00,197
6972.745331,159.534,159.5152,159.5214,159.56,159.49,2026-08-04 22:47:00,122
12004.028656,159.519,159.53,159.48,159.5663,159.48,2026-08-04 22:48:00,103
6110.173727,159.4254,159.5117,159.46,159.52,159.37,2026-08-04 22:49:00,130
4513.971406,159.4603,159.38,159.43,159.4485,159.38,2026-08-04 22:50:00,90
9502.107617,159.4989,159.4462,159.5248,159.59,159.43,2026-08-04 22:51:00,176
2511.873279,159.5384,159.5,159.4508,159.5,159.4508,2026-08-04 22:52:00,84
5121.198591,159.4456,159.45,159.43,159.45,159.43,2026-08-04 22:53:00,117
6169.532827,159.5371,159.45,159.64,159.64,159.4437,2026-08-04 22:54:00,149
8542.807812,159.6265,159.5981,159.7423,159.7423,159.5,2026-08-04 22:55:00,108
4426.424181,159.743,159.7423,159.75,159.75,159.68,2026-08-04 22:56:00,90
7338.710589,159.8243,159.75,159.89,159.94,159.74,2026-08-04 22:57:00,115
4650.955165,159.9498,159.9,159.91,159.99,159.88,2026-08-04 22:58:00,105
2842.397632,159.9569,159.94,159.9232,159.9744,159.92,2026-08-04 22:59:00,81
9102.166247,159.9576,159.93,159.99,160.07,159.85,2026-08-04 23:00:00,237
7907.805072,159.9493,159.99,159.9,160.0,159.9,2026-08-04 23:01:00,59
2161.237127,159.8956,159.9,159.87,159.9,159.8509,2026-08-04 23:02:00,59
15220.381974,159.9509,159.9,159.97,160.1,159.862,2026-08-04 23:03:00,186
9799.790444,159.9047,160.0,159.9408,160.0001,159.8,2026-08-04 23:04:00,119
2297.187361,159.9204,159.91,159.9,159.91,159.88,2026-08-04 23:05:00,89
2503.130018,159.8572,159.9,159.8,159.9,159.8,2026-08-04 23:06:00,82
1577.856862,159.9928,159.8,159.98,159.98,159.8,2026-08-04 23:07:00,57
2632.255472,159.9311,159.91,159.9,159.97,159.9,2026-08-04 23:08:00,80
7437.710009,159.9218,159.97,159.84,159.99,159.79,2026-08-04 23:09:00,115
5259.213406,159.7715,159.7048,159.75,159.8,159.6927,2026-08-04 23:10:00,54
10444.364525,159.6959,159.75,159.65,159.79,159.65,2026-08-04 23:11:00,107
1583.99501,159.6402,159.5,159.5232,159.5232,159.5,2026-08-04 23:12:00,61
4131.118926,159.6093,159.53,159.6423,159.6423,159.53,2026-08-04 23:13:00,101
4166.372114,159.6695,159.6,159.72,159.76,159.6,2026-08-04 23:14:00,115
4298.100877,159.7599,159.75,159.75,159.7798,159.75,2026-08-04 23:15:00,76
2776.287675,159.7087,159.75,159.6,159.75,159.6,2026-08-04 23:16:00,60
2868.676912,159.6503,159.6,159.66,159.66,159.5732,2026-08-04 23:17:00,83
1884.177351,159.7215,159.73,159.73,159.74,159.69,2026-08-04 23:18:00,84
6514.307626,159.6227,159.63,159.6199,159.63,159.6,2026-08-04 23:19:00,80
5505.994464,159.5955,159.56,159.56,159.5962,159.55,2026-08-04 23:20:00,81
3401.516378,159.5908,159.59,159.552,159.59,159.55,2026-08-04 23:21:00,104
3187.824171,159.5544,159.57,159.5001,159.57,159.5,2026-08-04 23:22:00,108
5048.251404,159.4904,159.5362,159.48,159.5362,159.45,2026-08-04 23:23:00,95
4796.029112,159.4187,159.4723,159.45,159.4723,159.3901,2026-08-04 23:24:00,112
3807.577082,159.4946,159.4838,159.43,159.51,159.43,2026-08-04 23:25:00,113
4409.02328,159.4362,159.4331,159.42,159.45,159.42,2026-08-04 23:26:00,100
3376.464582,159.4431,159.44,159.4,159.45,159.4,2026-08-04 23:27:00,57
2380.007558,159.3968,159.4,159.39,159.4,159.39,2026-08-04 23:28:00,93
9970.144586,159.3644,159.38,159.38,159.4079,159.34,2026-08-04 23:29:00,112
5803.000001,159.4835,159.39,159.52,159.5795,159.36,2026-08-04 23:30:00,153
3683.0,159.5008,159.4999,159.473,159.5,159.473,2026-08-04 23:31:00,79
1849.462076,159.6153,159.48,159.6,159.63,159.48,2026-08-04 23:32:00,97
3249.227643,159.5301,159.6005,159.45,159.73,159.39,2026-08-04 23:33:00,86
3314.918117,159.4712,159.4537,159.4845,159.4845,159.37,2026-08-04 23:34:00,71
7923.0,159.5897,159.5,159.6099,159.61,159.4283,2026-08-04 23:35:00,79
1653.311139,159.6527,159.61,159.6294,159.6294,159.6,2026-08-04 23:36:00,80
5518.760486,159.7476,159.7,159.7,159.74,159.6,2026-08-04 23:37:00,94
1672.0,159.6311,159.62,159.6,159.62,159.6,2026-08-04 23:38:00,57
4011.0,159.6974,159.6155,159.7155,159.8,159.6,2026-08-04 23:39:00,83
2896.9,159.7693,159.7113,159.75,159.7999,159.61,2026-08-04 23:40:00,65
3727.0,159.8831,159.7962,159.9592,159.97,159.7539,2026-08-04 23:41:00,107
2378.0,159.9614,159.97,159.97,159.97,159.9697,2026-08-04 23:42:00,56
13143.096401,160.042,159.95,160.13,160.2,159.95,2026-08-04 23:43:00,327
7788.244936,160.3782,160.1981,160.5,160.5,160.16,2026-08-04 23:44:00,231
6994.550894,160.4341,160.44,160.46,160.5,160.25,2026-08-04 23:45:00,215
6052.0,160.5861,160.55,160.603,160.64,160.55,2026-08-04 23:46:00,135
7151.044454,160.561,160.59,160.5,160.62,160.5,2026-08-04 23:47:00,86
7029.739658,160.4096,160.3262,160.38,160.49,160.3262,2026-08-04 23:48:00,96
3333.0,160.4103,160.36,160.46,160.46,160.3526,2026-08-04 23:49:00,61
4953.0,160.4335,160.45,160.4,160.5,160.4,2026-08-04 23:50:00,72
3736.0,160.5159,160.4,160.5301,160.64,160.4,2026-08-04 23:51:00,60
10292.999817,160.6204,160.6199,160.51,160.64,160.5,2026-08-04 23:52:00,91
7043.01,160.5205,160.48,160.438,160.604,160.438,2026-08-04 23:53:00,70
4434.0,160.4778,160.4317,160.4848,160.5,160.41,2026-08-04 23:54:00,42
8679.0,160.3904,160.41,160.3077,160.41,160.3077,2026-08-04 23:55:00,70
4692.0,160.338,160.3023,160.35,160.4,160.3002,2026-08-04 23:56:00,70
2856.0,160.3585,160.36,160.3,160.4,160.3,2026-08-04 23:57:00,61
5180.7,160.3557,160.3305,160.3499,160.35,160.3,2026-08-04 23:58:00,60
13533.03,160.3913,160.35,160.404,160.5,160.32,2026-08-04 23:59:00,122
73598.873558,159.8157,159.85,159.63,160.469,159.2998,2026-08-05 08:00:00,2149
148954.31251,159.803,159.57,160.14,160.41,159.26,2026-08-05 08:01:00,5122
57022.691583,159.9444,160.12,159.4344,160.31,159.39,2026-08-05 08:02:00,1570
11251.343882,159.4101,159.5,159.25,159.56,159.25,2026-08-05 08:03:00,332
6143.347311,159.2597,159.28,159.29,159.46,159.2,2026-08-05 08:04:00,207
3603.254474,159.24,159.22,159.2,159.29,159.2,2026-08-05 08:05:00,146
5376.078984,159.5257,159.24,159.2,159.25,159.1078,2026-08-05 08:06:00,193
3551.63,159.2798,159.18,159.36,159.36,159.18,2026-08-05 08:07:00,104
32447.741452,159.1063,159.36,158.9417,159.53,158.88,2026-08-05 08:08:00,360
17389.190406,159.0908,158.88,159.15,159.23,158.87,2026-08-05 08:09:00,287
4481.653721,159.2071,159.15,159.25,159.25,159.15,2026-08-05 08:10:00,93
1501.016607,159.3586,159.35,159.37,159.37,159.35,2026-08-05 08:11:00,69
1730.009091,159.3777,159.4,159.31,159.4,159.31,2026-08-05 08:12:00,77
2527.269351,159.3455,159.21,159.4,159.4519,159.21,2026-08-05 08:13:00,66
4627.261414,159.1862,159.25,159.09,159.25,159.09,2026-08-05 08:14:00,81
3498.7481,158.9998,159.0,158.88,159.0,158.88,2026-08-05 08:15:00,111
14090.88518,158.7254,158.8,158.74,158.86,158.6,2026-08-05 08:16:00,246
3818.807811,158.8244,158.68,158.76,158.86,158.68,2026-08-05 08:17:00,118
10154.127455,158.6487,158.75,158.6,158.76,158.6,2026-08-05 08:18:00,110
2381.616103,158.7884,158.8,158.6749,158.84,158.6749,2026-08-05 08:19:00,104
2160.0,158.743,158.65,158.74,158.75,158.65,2026-08-05 08:20:00,67
2675.867133,158.831,158.76,158.79,158.85,158.75,2026-08-05 08:21:00,91
6073.692264,158.9783,158.74,159.1,159.1,158.74,2026-08-05 08:22:00,204
10915.0,159.2877,159.24,159.34,159.5,159.17,2026-08-05 08:23:00,149
7006.621939,159.4007,159.15,159.42,159.54,159.15,2026-08-05 08:24:00,262
3689.045693,159.499,159.43,159.66,159.66,159.36,2026-08-05 08:25:00,133
10115.163991,159.5683,159.64,159.57,159.7,159.37,2026-08-05 08:26:00,163
6449.089574,159.3844,159.5,159.2609,159.6,159.04,2026-08-05 08:27:00,185
1704.770881,159.6671,159.62,159.42,159.65,159.42,2026-08-05 08:28:00,62
3882.0,159.3379,159.55,159.43,159.55,159.2,2026-08-05 08:30:00,75
3563.744734,159.3298,159.4,159.22,159.4,159.2,2026-08-05 08:31:00,62
2164.10674,158.9888,159.0,159.0,159.0,159.0,2026-08-05 08:32:00,94
2836.697041,159.0449,158.86,159.13,159.13,158.86,2026-08-05 08:33:00,108
2695.364021,159.1927,159.19,159.24,159.24,159.19,2026-08-05 08:34:00,114
870.0,159.1597,159.1,159.1,159.1,159.1,2026-08-05 08:35:00,71
1594.025095,159.328,159.25,159.39,159.3997,159.25,2026-08-05 08:36:00,39
628.624992,159.4128,159.37,159.37,159.37,159.37,2026-08-05 08:37:00,31
1136.135284,159.274,159.28,159.26,159.28,159.26,2026-08-05 08:38:00,66
3491.743515,159.1755,159.28,159.01,159.28,159.0,2026-08-05 08:39:00,123
3537.867857,159.4042,159.33,159.5,159.5,159.33,2026-08-05 08:40:00,129
2469.3,159.4536,159.5,159.32,159.5,159.32,2026-08-05 08:41:00,64
580.0,159.3231,159.33,159.33,159.33,159.33,2026-08-05 08:42:00,31
3520.0,159.1053,159.17,159.14,159.2,159.0,2026-08-05 08:43:00,128
1250.0,158.9713,158.99,158.99,158.99,158.99,2026-08-05 08:44:00,81
3270.732072,158.8355,158.75,158.7501,158.83,158.75,2026-08-05 08:45:00,159
5585.194568,158.7303,158.71,158.7,158.8,158.65,2026-08-05 08:46:00,139
971.006302,158.785,158.85,158.85,158.85,158.85,2026-08-05 08:47:00,48
1203.261087,158.8416,158.8,158.83,158.83,158.8,2026-08-05 08:48:00,51
2414.013213,158.7305,158.68,158.68,158.93,158.68,2026-08-05 08:49:00,66
779.843899,158.902,158.93,158.93,158.93,158.93,2026-08-05 08:50:00,49
2552.83813,158.7011,158.65,158.62,158.67,158.62,2026-08-05 08:51:00,110
4345.368107,158.6887,158.65,158.65,158.7,158.64,2026-08-05 08:52:00,98
1323.0,158.6589,158.66,158.64,158.66,158.6271,2026-08-05 08:53:00,56
18480.363896,158.6063,158.62,158.68,158.68,158.51,2026-08-05 08:54:00,202
1743.13003,158.783,158.75,158.75,158.75,158.75,2026-08-05 08:55:00,82
4354.06274,158.6363,158.81,158.51,158.81,158.51,2026-08-05 08:57:00,101
3894.0,158.5552,158.66,158.51,158.66,158.51,2026-08-05 08:58:00,77
7029.628639,158.5548,158.5829,158.66,158.66,158.5,2026-08-05 08:59:00,186
3471.433075,158.7174,158.69,158.68,158.73,158.5364,2026-08-05 09:00:00,107
1765.0,158.8331,158.83,158.82,158.85,158.82,2026-08-05 09:01:00,32
1640.0,158.6698,158.74,158.65,158.89,158.5677,2026-08-05 09:02:00,47
12883.152827,158.8654,158.75,159.2,159.2,158.6,2026-08-05 09:03:00,353
1079.0,158.7468,158.6728,158.6728,158.6728,158.6728,2026-08-05 09:04:00,45
2787.673751,158.8703,158.85,158.85,158.85,158.78,2026-08-05 09:06:00,75
455.0,158.8402,158.86,158.86,158.86,158.86,2026-08-05 09:07:00,25
2767.0,158.837,158.89,158.71,158.89,158.71,2026-08-05 09:09:00,75
1905.46319,158.8131,158.77,158.76,158.77,158.75,2026-08-05 09:10:00,58
1409.0,158.789,158.8,158.81,158.81,158.7173,2026-08-05 09:11:00,59
7453.496185,158.9219,158.85,158.86,159.0,158.85,2026-08-05 09:12:00,158
527.780773,159.1363,158.9849,158.9849,158.9849,158.9849,2026-08-05 09:13:00,36
2741.117792,158.6503,158.71,158.6057,158.71,158.6057,2026-08-05 09:14:00,82
1814.070307,158.6002,158.56,158.55,158.6282,158.55,2026-08-05 09:15:00,70
6354.294384,158.5498,158.55,158.5,158.6,158.5,2026-08-05 09:16:00,135
2617.255015,158.5752,158.6,158.58,158.6,158.5,2026-08-05 09:17:00,100
716.0,158.5849,158.64,158.64,158.64,158.64,2026-08-05 09:18:00,36
15746.0,158.4564,158.55,158.3,158.6,158.3,2026-08-05 09:19:00,186
6871.328714,158.1694,158.25,158.17,158.26,158.11,2026-08-05 09:20:00,203
4638.0,158.1277,158.14,158.13,158.22,158.01,2026-08-05 09:21:00,133
2811.113909,158.2183,158.3,158.2,158.4,158.03,2026-08-05 09:22:00,78
5512.691088,158.4506,158.36,158.49,158.6,158.142,2026-08-05 09:23:00,106
1526.495141,158.5563,158.65,158.47,158.65,158.47,2026-08-05 09:24:00,52
5944.685589,158.6276,158.46,158.8,158.8,158.4,2026-08-05 09:25:00,146
1062.0,158.7486,158.78,158.78,158.78,158.78,2026-08-05 09:26:00,67
1211.5,158.7326,158.57,158.7,158.7,158.57,2026-08-05 09:27:00,41
841.0,158.7098,158.6,158.97,158.97,158.6,2026-08-05 09:28:00,36
1182.04034,158.7677,158.77,158.7754,158.7754,158.77,2026-08-05 09:29:00,29
5255.13297,158.9274,158.74,159.1059,159.1059,158.74,2026-08-05 09:30:00,168
2822.975337,159.0118,159.0,158.9101,159.01,158.91,2026-08-05 09:31:00,73
1383.217775,158.9107,158.89,158.95,159.0,158.6362,2026-08-05 09:32:00,67
444.0,158.9418,159.14,159.14,159.14,159.14,2026-08-05 09:33:00,26
1680.0,159.1451,159.0932,159.2,159.2,159.03,2026-08-05 09:36:00,73
3377.674734,159.2746,159.18,159.26,159.26,159.18,2026-08-05 09:37:00,45
4125.715502,159.4589,159.08,159.6,159.6,159.04,2026-08-05 09:38:00,179
3218.254259,159.6214,159.55,159.6,159.7,159.55,2026-08-05 09:39:00,96
795.0,159.6615,159.67,159.67,159.67,159.67,2026-08-05 09:40:00,35
1857.0,159.6142,159.6,159.6,159.6,159.6,2026-08-05 09:41:00,31
908.961339,159.7624,159.6,159.56,159.6,159.56,2026-08-05 09:42:00,27
4315.839731,159.7802,159.77,159.7,159.77,159.7,2026-08-05 09:43:00,99
1418.776073,159.8913,159.76,159.85,159.85,159.76,2026-08-05 09:44:00,56
7692.33866,159.8826,159.87,159.84,159.98,159.8,2026-08-05 09:45:00,169
2989.0,159.6925,159.8,159.65,159.8,159.65,2026-08-05 09:46:00,64
1032.701534,159.6326,159.54,159.5,159.54,159.5,2026-08-05 09:47:00,49
1101.0,159.5603,159.52,159.6,159.6,159.52,2026-08-05 09:48:00,38
1272.344641,159.6518,159.66,159.66,159.66,159.66,2026-08-05 09:49:00,48
2774.104463,159.5765,159.5436,159.67,159.67,159.54,2026-08-05 09:50:00,42
1444.0,159.6291,159.65,159.64,159.67,159.6,2026-08-05 09:52:00,43
675.0,159.5975,159.62,159.62,159.62,159.62,2026-08-05 09:54:00,36
715.219284,159.7103,159.65,159.61,159.7,159.61,2026-08-05 09:55:00,32
433.74465,159.9924,159.77,159.77,159.77,159.77,2026-08-05 09:56:00,30
567.0,159.7099,159.7561,159.7561,159.7561,159.7561,2026-08-05 09:57:00,18
1850.0,159.6311,159.65,159.61,159.65,159.61,2026-08-05 09:58:00,45
2699.13118,159.4624,159.61,159.23,159.61,159.21,2026-08-05 09:59:00,75
1611.12498,159.392,159.31,159.48,159.48,159.31,2026-08-05 10:00:00,32
901.0,159.3324,159.2541,159.2541,159.2541,159.2541,2026-08-05 10:01:00,39
1411.28385,159.308,159.39,159.2,159.39,159.2,2026-08-05 10:02:00,52
925.0,159.4123,159.37,159.44,159.44,159.37,2026-08-05 10:03:00,32
1647.0,159.4764,159.313,159.55,159.55,159.313,2026-08-05 10:04:00,43
433.152852,159.426,159.35,159.35,159.35,159.35,2026-08-05 10:06:00,31
1780.85107,159.4264,159.1223,159.4,159.4,159.1223,2026-08-05 10:07:00,37
8490.900789,159.7338,159.43,159.89,159.89,159.43,2026-08-05 10:08:00,287
462.0,159.8454,159.85,159.85,159.85,159.85,2026-08-05 10:09:00,12
1754.0,159.8483,159.85,159.85,159.85,159.8405,2026-08-05 10:10:00,23
744.31219,159.9084,159.85,159.8915,159.8915,159.84,2026-08-05 10:11:00,28
2757.0,159.9424,159.91,159.98,159.99,159.91,2026-08-05 10:12:00,101
344.0,159.9144,159.9,159.9,159.9,159.9,2026-08-05 10:13:00,27
1349.180391,159.8252,159.8,159.8,159.81,159.7879,2026-08-05 10:15:00,30
1933.018897,159.8072,159.78,159.8,159.82,159.78,2026-08-05 10:16:00,37
2451.41618,159.7236,159.77,159.73,159.77,159.56,2026-08-05 10:17:00,83
2180.0,159.6263,159.7,159.56,159.7,159.5,2026-08-05 10:18:00,75
3237.028589,159.5357,159.62,159.4005,159.62,159.4005,2026-08-05 10:20:00,101
2071.0,159.5552,159.56,159.49,159.56,159.49,2026-08-05 10:21:00,64
900.0,159.5811,159.6814,159.6814,159.6814,159.6814,2026-08-05 10:22:00,28
1946.0921,159.4214,159.36,159.37,159.5,159.36,2026-08-05 10:23:00,37
2735.095795,159.6645,159.61,159.6783,159.69,159.61,2026-08-05 10:24:00,48
575.621889,159.8063,159.66,159.66,159.66,159.66,2026-08-05 10:25:00,34
773.0,159.67,159.72,159.69,159.72,159.6603,2026-08-05 10:26:00,32
22923.480451,159.9591,159.674,160.25,160.25,159.674,2026-08-05 10:27:00,676
3896.0,160.0999,160.21,160.12,160.22,159.98,2026-08-05 10:28:00,72
3358.472316,160.2065,160.1467,160.18,160.24,160.1406,2026-08-05 10:29:00,103
2038.641758,160.1132,160.05,160.0,160.1,160.0,2026-08-05 10:30:00,77
1680.0,160.0199,159.92,160.11,160.11,159.92,2026-08-05 10:31:00,107
2812.043719,160.097,160.11,160.04,160.11,160.04,2026-08-05 10:32:00,72
1475.577375,160.0756,160.0,160.04,160.04,160.0,2026-08-05 10:33:00,78
872.407448,160.117,160.03,160.08,160.08,160.0,2026-08-05 10:34:00,47
2974.0,159.9203,159.99,159.82,159.99,159.82,2026-08-05 10:35:00,71
1186.05844,159.7498,159.67,159.67,159.67,159.67,2026-08-05 10:36:00,37
646.68,159.788,159.6,159.6615,159.6615,159.6,2026-08-05 10:38:00,37
757.1353,159.6228,159.6,159.6,159.6,159.6,2026-08-05 10:39:00,41
1046.866331,159.7983,159.68,159.64,159.68,159.64,2026-08-05 10:40:00,40
3142.125215,159.5455,159.6,159.6109,159.6109,159.4178,2026-08-05 10:41:00,75
1448.186655,159.6806,159.4361,159.86,159.86,159.4361,2026-08-05 10:42:00,26
1878.387026,159.6234,159.62,159.56,159.62,159.56,2026-08-05 10:43:00,39
3578.223423,159.5406,159.5,159.51,159.57,159.5,2026-08-05 10:44:00,84
2956.578015,159.7676,159.74,160.0,160.0,159.74,2026-08-05 10:45:00,157
8983.538087,160.1858,160.03,160.36,160.36,160.03,2026-08-05 10:46:00,235
1456.790713,160.2261,160.0,160.2,160.28,160.0,2026-08-05 10:47:00,55
3562.544042,160.2732,160.23,160.35,160.35,160.16,2026-08-05 10:48:00,111
1844.004495,160.2312,160.3416,160.29,160.3416,160.24,2026-08-05 10:49:00,79
6234.624426,160.1838,160.25,160.34,160.34,160.0,2026-08-05 10:50:00,120
2050.274118,160.284,160.3833,160.33,160.3833,160.12,2026-08-05 10:51:00,79
520.004126,160.2461,160.3,160.3,160.3,160.3,2026-08-05 10:52:00,43
2961.186854,160.3482,160.4,160.21,160.4,160.21,2026-08-05 10:53:00,141
646.0,160.2413,160.21,160.21,160.21,160.21,2026-08-05 10:54:00,53
1659.0,160.2632,160.315,160.315,160.315,160.315,2026-08-05 10:55:00,68
1224.663857,160.3518,160.34,160.25,160.34,160.25,2026-08-05 10:56:00,48
11128.493586,160.4681,160.34,160.52,160.74,160.33,2026-08-05 10:57:00,375
964.0,160.4779,160.5,160.4009,160.5,160.31,2026-08-05 10:58:00,41
7301.74,160.7672,160.69,160.67,160.89,160.5,2026-08-05 10:59:00,253
80455.823875,161.5639,160.68,161.88,162.04,160.68,2026-08-05 11:00:00,1313
19909.27411,161.8053,161.88,161.9,161.96,161.6,2026-08-05 11:01:00,315
11293.990814,161.6257,161.92,161.66,161.92,161.25,2026-08-05 11:02:00,186
4609.114219,161.4882,161.5,161.44,161.66,161.21,2026-08-05 11:03:00,146
7051.600111,161.4886,161.2986,161.65,161.65,161.26,2026-08-05 11:04:00,176
6433.001551,161.6879,161.7,161.77,161.879,161.55,2026-08-05 11:05:00,227
22899.503995,161.8989,161.6,162.0,162.1,161.5659,2026-08-05 11:06:00,422
10021.60551,161.9395,162.08,161.9082,162.08,161.7,2026-08-05 11:07:00,182
21652.245762,162.0529,161.68,162.47,162.47,161.68,2026-08-05 11:08:00,371
22231.143798,162.4354,162.456,162.24,162.55,162.24,2026-08-05 11:09:00,416
23690.58492,162.1423,162.3,161.87,162.59,161.7,2026-08-05 11:10:00,503
6657.803953,161.6636,161.85,161.5,161.85,161.5,2026-08-05 11:11:00,174
13469.593692,161.7948,161.59,161.5,161.88,161.5,2026-08-05 11:12:00,156
6529.752868,161.5887,161.63,161.7,161.7735,161.5,2026-08-05 11:13:00,123
6677.248295,161.4928,161.58,161.56,161.58,161.33,2026-08-05 11:14:00,138
3541.046848,161.7254,161.7978,161.88,161.88,161.56,2026-08-05 11:15:00,110
2248.327482,161.6003,161.669,161.5,161.68,161.5,2026-08-05 11:16:00,79
2750.061192,161.4752,161.4185,161.37,161.65,161.37,2026-08-05 11:17:00,62
3630.259889,161.5042,161.62,161.37,161.62,161.37,2026-08-05 11:18:00,133
5073.571319,161.3408,161.33,161.35,161.49,161.21,2026-08-05 11:19:00,151
3733.436836,161.4017,161.3,161.3704,161.42,161.12,2026-08-05 11:20:00,167
3424.408545,161.6583,161.36,161.67,161.79,161.36,2026-08-05 11:21:00,173
2327.970028,161.7568,161.68,161.631,161.83,161.631,2026-08-05 11:22:00,95
8463.086844,161.6513,161.71,161.7258,161.7258,161.6,2026-08-05 11:23:00,62
3187.63572,161.536,161.5372,161.5,161.6,161.4,2026-08-05 11:24:00,60
5135.240527,161.5018,161.5,161.5,161.5,161.374,2026-08-05 11:25:00,73
5135.611839,161.6234,161.47,161.72,161.7208,161.45,2026-08-05 11:26:00,97
8403.683713,161.7987,161.72,161.88,161.93,161.6,2026-08-05 11:27:00,149
15112.381821,161.4879,161.9,161.2,161.91,161.2,2026-08-05 11:28:00,410
13187.588459,161.5191,161.31,161.5622,161.6,161.19,2026-08-05 11:29:00,115
5257.290564,161.4894,161.47,161.56,161.56,161.31,2026-08-05 11:30:00,101
5004.172463,161.5206,161.4269,161.6,161.63,161.38,2026-08-05 11:31:00,126
5158.236264,161.6595,161.61,161.5,161.8,161.5,2026-08-05 11:32:00,95
3890.922753,161.5077,161.55,161.4294,161.6,161.41,2026-08-05 11:33:00,82
3123.185964,161.4594,161.4086,161.43,161.55,161.4,2026-08-05 11:34:00,63
8832.778102,161.766,161.4459,161.87,161.88,161.4459,2026-08-05 11:35:00,155
6092.461183,161.7515,161.8282,161.836,161.87,161.6,2026-08-05 11:36:00,112
7386.485233,161.5162,161.74,161.31,161.87,161.31,2026-08-05 11:37:00,120
3795.085163,161.3377,161.3,161.348,161.4,161.21,2026-08-05 11:38:00,77
3540.649731,161.3096,161.25,161.27,161.32,161.23,2026-08-05 11:39:00,85
954.554261,161.4446,161.29,161.39,161.39,161.29,2026-08-05 11:40:00,62
2822.324549,161.3023,161.4,161.21,161.4,161.21,2026-08-05 11:41:00,83
3306.384401,161.2945,161.23,161.28,161.28,161.23,2026-08-05 11:42:00,70
4315.865175,161.3903,161.29,161.4083,161.45,161.25,2026-08-05 11:43:00,96
4208.788853,161.5005,161.42,161.5,161.5,161.3618,2026-08-05 11:44:00,160
2820.738648,161.5361,161.39,161.5479,161.7,161.38,2026-08-05 11:45:00,88
33442.038911,161.9665,161.64,162.2,162.2,161.64,2026-08-05 11:46:00,586
6089.795351,162.0199,162.04,162.1,162.1,161.9056,2026-08-05 11:47:00,142
7497.416647,162.1247,162.02,162.2,162.2,162.005,2026-08-05 11:48:00,149
5941.969115,162.3648,162.0,162.45,162.45,162.0,2026-08-05 11:49:00,155
16307.548453,162.4538,162.4,162.3,162.54,162.3,2026-08-05 11:50:00,221
16063.99179,162.4741,162.4,162.71,162.8,162.2062,2026-08-05 11:51:00,312
34452.607808,162.828,162.71,162.73,162.88,162.6,2026-08-05 11:52:00,309
48116.896991,162.9491,162.79,163.1,163.1,162.64,2026-08-05 11:53:00,924
22269.066559,162.9397,163.0,162.7812,163.1,162.7775,2026-08-05 11:54:00,315
10175.535629,162.9282,162.98,162.7202,163.1,162.6,2026-08-05 11:55:00,228
4299.447318,162.6941,162.6,162.75,162.75,162.54,2026-08-05 11:56:00,156
3755.151839,162.6689,162.78,162.5959,162.78,162.56,2026-08-05 11:57:00,118
7574.413239,162.6122,162.67,162.52,162.6972,162.52,2026-08-05 11:58:00,154
9333.051826,162.3626,162.544,162.25,162.544,162.01,2026-08-05 11:59:00,280
6109.85228,162.2474,162.0902,162.01,162.37,162.01,2026-08-05 12:00:00,130
4287.452732,162.1877,162.03,162.26,162.26,162.03,2026-08-05 12:01:00,80
4994.348221,162.151,162.2,162.16,162.25,162.01,2026-08-05 12:02:00,117
2951.178965,162.1429,162.17,162.208,162.208,162.07,2026-08-05 12:03:00,97
9605.812159,162.3761,162.07,162.5891,162.6,162.07,2026-08-05 12:04:00,192
3509.0,162.5055,162.6,162.44,162.6582,162.43,2026-08-05 12:05:00,98
5354.718441,162.5812,162.3519,162.7,162.7,162.3519,2026-08-05 12:06:00,157
12161.414538,162.6995,162.5,162.99,162.99,162.5,2026-08-05 12:07:00,288
12469.17567,162.8899,162.5919,162.7,163.0,162.5919,2026-08-05 12:08:00,312
18579.586539,162.7143,162.53,162.9,162.9,162.45,2026-08-05 12:09:00,188
23589.834388,163.1304,162.8913,163.25,163.38,162.8,2026-08-05 12:10:00,453
20135.659542,163.2037,163.31,163.34,163.5,162.9,2026-08-05 12:11:00,602
21415.957783,163.4352,163.34,163.2,163.5544,163.2,2026-08-05 12:12:00,353
9179.864462,163.3763,163.25,163.2615,163.48,163.04,2026-08-05 12:13:00,136
17469.310193,163.375,163.38,163.28,163.59,163.1,2026-08-05 12:14:00,425
14204.375376,163.4345,163.27,163.47,163.55,163.2,2026-08-05 12:15:00,265
36245.140794,163.7206,163.5552,163.79,163.9024,163.5278,2026-08-05 12:16:00,562
33374.036895,163.8873,163.85,163.8,163.99,163.56,2026-08-05 12:17:00,511
21387.834333,163.8239,163.79,163.631,163.99,163.56,2026-08-05 12:18:00,334
18975.267993,163.63,163.6,163.77,163.79,163.48,2026-08-05 12:19:00,387
12302.41875,163.7237,163.79,163.69,163.85,163.601,2026-08-05 12:20:00,262
11540.941623,163.5779,163.6044,163.59,163.6902,163.5,2026-08-05 12:21:00,197
11845.303272,163.4135,163.5,163.44,163.54,163.3,2026-08-05 12:22:00,213
6191.849214,163.498,163.36,163.6,163.6,163.36,2026-08-05 12:23:00,152
11327.84159,163.5618,163.55,163.49,163.66,163.42,2026-08-05 12:24:00,237
13762.678869,163.4381,163.55,163.41,163.59,163.4,2026-08-05 12:25:00,151
32900.431726,163.3346,163.42,163.2557,163.5,163.22,2026-08-05 12:26:00,489
13734.350661,163.2642,163.4,163.25,163.4,163.2,2026-08-05 12:27:00,212
8344.641159,163.315,163.26,163.3625,163.3625,163.21,2026-08-05 12:28:00,161
25415.855299,163.1944,163.25,163.35,163.35,163.1,2026-08-05 12:29:00,268
26626.940319,163.6082,163.35,163.5,163.7,163.25,2026-08-05 12:30:00,331
3174.601089,163.4986,163.28,163.59,163.59,163.28,2026-08-05 12:31:00,109
17140.215778,163.2407,163.4196,163.11,163.4196,163.11,2026-08-05 12:32:00,241
7712.236235,163.1071,163.1,163.2,163.3,163.0,2026-08-05 12:33:00,179
3222.475027,163.2959,163.24,163.3264,163.4,163.205,2026-08-05 12:34:00,99
10168.462085,163.3875,163.4,163.38,163.5,163.2,2026-08-05 12:35:00,194
5125.533314,163.3277,163.37,163.4,163.4,163.23,2026-08-05 12:36:00,119
14301.554369,163.6127,163.49,163.61,163.77,163.4,2026-08-05 12:37:00,339
6533.786099,163.5832,163.75,163.4052,163.75,163.4052,2026-08-05 12:38:00,179
8346.213941,163.2178,163.3,163.2,163.3,163.05,2026-08-05 12:39:00,188
16226.202944,162.9251,163.0,162.8,163.07,162.8,2026-08-05 12:40:00,305
8047.843064,162.9302,162.87,162.89,163.0,162.87,2026-08-05 12:41:00,148
8534.977092,162.93,163.0,162.86,163.0,162.84,2026-08-05 12:42:00,117
761948.40419,162.6631,162.89,162.8056,162.99,162.71,2026-08-05 12:43:00,247
16585.951594,162.7885,162.7815,162.7819,162.99,162.6,2026-08-05 12:44:00,181
7485.913567,162.9546,162.8918,162.9,163.0,162.81,2026-08-05 12:45:00,229
8852.867293,162.9628,162.8845,163.0,163.1,162.8,2026-08-05 12:46:00,188
2801.317397,163.0491,163.0333,163.0125,163.0333,163.0,2026-08-05 12:47:00,113
9131.235319,163.1321,163.169,163.13,163.22,163.0,2026-08-05 12:48:00,202
6323.132832,163.1541,163.2,163.19,163.2,163.0724,2026-08-05 12:49:00,154
6388.554436,163.4079,163.3,163.4,163.5,163.3,2026-08-05 12:50:00,173
12628.76488,163.5219,163.4,163.5569,163.65,163.4,2026-08-05 12:51:00,229
7049.001219,163.5752,163.59,163.6,163.65,163.49,2026-08-05 12:52:00,150
5379.649043,163.5178,163.6361,163.42,163.65,163.36,2026-08-05 12:53:00,121
3568.185786,163.5458,163.5,163.5882,163.59,163.5,2026-08-05 12:54:00,95
8487.744972,163.3995,163.45,163.33,163.58,163.3,2026-08-05 12:55:00,178
2509.514606,163.3401,163.3052,163.29,163.3052,163.29,2026-08-05 12:56:00,90
5479.447967,163.1085,163.22,163.0636,163.23,162.9,2026-08-05 12:57:00,192
10333.656671,162.9278,162.99,162.8,163.1,162.8,2026-08-05 12:58:00,227
8480.989132,162.8328,162.8,162.75,162.99,162.7,2026-08-05 12:59:00,248
13302.709492,162.7906,162.71,162.89,163.0,162.67,2026-08-05 13:00:00,212
5874.695099,162.8776,162.78,163.0,163.0,162.78,2026-08-05 13:01:00,135
5118.40979,163.0766,163.05,163.1056,163.2,162.9,2026-08-05 13:02:00,163
4758.168578,163.066,163.08,163.1,163.2366,162.95,2026-08-05 13:03:00,130
4831.886314,162.9832,162.9,162.88,162.9999,162.84,2026-08-05 13:04:00,87
11017.951835,162.8931,163.0,162.7,163.0,162.7,2026-08-05 13:05:00,209
5035.883312,162.6903,162.7972,162.66,162.9504,162.52,2026-08-05 13:06:00,159
13155.226805,162.6295,162.651,162.65,162.81,162.51,2026-08-05 13:07:00,250
14524.647791,162.6038,162.65,162.39,162.88,162.17,2026-08-05 13:08:00,378
8701.135089,162.2856,162.28,162.2737,162.4,162.16,2026-08-05 13:09:00,229
15105.42597,162.2235,162.25,162.17,162.3365,162.05,2026-08-05 13:10:00,310
10915.377665,162.1668,162.12,162.1473,162.2,162.05,2026-08-05 13:11:00,211
9752.005047,162.311,162.18,162.44,162.48,162.18,2026-08-05 13:12:00,253
5417.614156,162.4453,162.3725,162.5761,162.5761,162.25,2026-08-05 13:13:00,216
17532.483619,162.5127,162.58,162.13,162.7,162.05,2026-08-05 13:14:00,337
8123.367357,162.247,162.2,162.1317,162.35,162.08,2026-08-05 13:15:00,185
8756.745085,162.2271,162.2,162.2552,162.36,162.1,2026-08-05 13:16:00,192
6840.300672,162.4626,162.3503,162.3111,162.6,162.3111,2026-08-05 13:17:00,182
5592.266802,162.3497,162.3535,162.32,162.4,162.23,2026-08-05 13:18:00,167
5778.441729,162.3423,162.39,162.2001,162.54,162.2001,2026-08-05 13:19:00,156
9977.949758,162.502,162.45,162.61,162.61,162.2,2026-08-05 13:20:00,243
5313.578232,162.6736,162.54,162.55,162.8,162.54,2026-08-05 13:21:00,247
10632.419406,162.584,162.6643,162.59,162.6643,162.45,2026-08-05 13:22:00,225
9451.540691,162.3654,162.45,162.25,162.55,162.25,2026-08-05 13:23:00,212
16971.081045,162.1247,162.32,161.81,162.4,161.8,2026-08-05 13:24:00,565
65719.585027,161.2778,161.82,161.12,161.82,161.0,2026-08-05 13:25:00,1000
31760.161802,161.4272,161.1,161.61,161.77,161.03,2026-08-05 13:26:00,415
50579.248411,161.6415,161.61,161.35,162.06,161.28,2026-08-05 13:27:00,1329
23539.675929,162.1456,161.76,162.36,162.44,161.6,2026-08-05 13:28:00,577
27662.798376,162.1367,162.19,161.9,162.32,161.9,2026-08-05 13:29:00,550
2018932.031543,162.4558,162.0,162.7683,164.55,160.7,2026-08-05 13:30:00,19812
993805.923346,164.9054,162.7,164.66,165.92,162.575,2026-08-05 13:31:00,14634
620092.98942,164.8668,164.7115,164.75,165.77,163.5405,2026-08-05 13:32:00,8149
482806.029739,165.3869,164.73,165.39,165.74,164.67,2026-08-05 13:33:00,7037
415034.622869,164.5611,165.39,163.685,165.73,163.68,2026-08-05 13:34:00,6892
428708.985517,163.727,163.71,164.43,164.8,162.6,2026-08-05 13:35:00,6918
260729.297743,164.2857,164.41,164.22,164.69,163.91,2026-08-05 13:36:00,4504
290266.709115,164.2231,164.205,164.4199,164.65,163.6701,2026-08-05 13:37:00,4658
455350.160804,164.9883,164.44,165.31,165.525,164.25,2026-08-05 13:38:00,6596
467032.563703,165.6559,165.31,165.82,166.04,165.11,2026-08-05 13:39:00,8188
448850.827828,165.7306,165.83,165.46,166.08,165.2611,2026-08-05 13:40:00,6107
262942.501035,165.3752,165.4,165.49,165.7591,164.87,2026-08-05 13:41:00,4042
278438.175515,165.1683,165.515,164.84,165.54,164.7,2026-08-05 13:42:00,3900
291352.121807,164.7372,164.84,164.62,165.1999,164.34,2026-08-05 13:43:00,4170
316028.620667,165.0863,164.62,165.555,165.59,164.5,2026-08-05 13:44:00,4350
298457.863335,165.139,165.6,164.7851,165.74,164.6,2026-08-05 13:45:00,4187
354460.312711,164.2419,164.755,164.145,164.755,163.83,2026-08-05 13:46:00,4261
248886.457156,164.0682,164.115,164.06,164.36,163.83,2026-08-05 13:47:00,3320
270274.294867,163.8095,164.04,163.6575,164.05,163.54,2026-08-05 13:48:00,3839
256646.774657,163.917,163.635,163.905,164.1,163.63,2026-08-05 13:49:00,3622
349084.176516,163.7886,163.905,163.645,164.06,163.57,2026-08-05 13:50:00,5584
301592.050335,163.6776,163.68,163.77,163.94,163.37,2026-08-05 13:51:00,4625
365211.396172,163.4484,163.77,163.635,163.88,163.02,2026-08-05 13:52:00,5054
273093.193288,163.2584,163.645,162.7699,163.75,162.64,2026-08-05 13:53:00,4485
447228.791152,162.2569,162.74,162.12,162.79,161.71,2026-08-05 13:54:00,7906
317132.26011,161.9157,162.18,161.99,162.29,161.6,2026-08-05 13:55:00,5557
264517.377161,161.7712,161.955,161.6,162.0,161.5601,2026-08-05 13:56:00,3921
273910.255653,161.7196,161.615,161.675,161.9062,161.43,2026-08-05 13:57:00,4368
192493.264871,161.8066,161.7,161.9,161.98,161.55,2026-08-05 13:58:00,3010
177977.604136,161.8083,161.9,161.77,161.94,161.65,2026-08-05 13:59:00,3189
403790.694459,162.0048,161.77,162.34,162.37,161.5225,2026-08-05 14:00:00,6124
287332.425822,162.3362,162.335,162.3275,162.62,161.95,2026-08-05 14:01:00,3649
245795.656577,162.0089,162.3,161.7707,162.3251,161.6001,2026-08-05 14:02:00,3702
138011.681285,161.7943,161.82,161.625,161.99,161.61,2026-08-05 14:03:00,2463
183544.923946,161.6894,161.6,161.66,161.845,161.5,2026-08-05 14:04:00,3052
246816.600727,161.9361,161.7,161.45,162.4,161.43,2026-08-05 14:05:00,3696
312558.41054,161.2761,161.43,161.47,161.64,160.89,2026-08-05 14:06:00,4642
230394.493429,161.7336,161.47,162.0,162.06,161.4,2026-08-05 14:07:00,3547
204897.457586,162.0111,161.98,161.77,162.24,161.66,2026-08-05 14:08:00,3065
156749.794452,162.0914,161.81,162.36,162.36,161.72,2026-08-05 14:09:00,2369
217643.52836,162.4115,162.36,162.2501,162.58,162.2101,2026-08-05 14:10:00,2949
267399.615732,162.6508,162.3,163.09,163.12,162.22,2026-08-05 14:11:00,3621
197741.802235,162.9211,163.09,162.77,163.15,162.745,2026-08-05 14:12:00,2679
141216.100332,162.6203,162.765,162.595,162.83,162.4401,2026-08-05 14:13:00,2397
135948.278065,162.4216,162.58,162.14,162.7,162.1168,2026-08-05 14:14:00,2366
177451.041998,162.1164,162.135,161.96,162.35,161.89,2026-08-05 14:15:00,2815
131686.988085,161.903,161.95,161.7905,162.03,161.75,2026-08-05 14:16:00,2214
176723.957915,161.6859,161.785,161.44,161.84,161.42,2026-08-05 14:17:00,2635
132079.603236,161.371,161.42,161.255,161.59,161.23,2026-08-05 14:18:00,2353
369633.612408,160.6667,161.24,160.365,161.24,160.35,2026-08-05 14:19:00,5828
327503.792859,160.4235,160.36,160.61,160.8,160.11,2026-08-05 14:20:00,5113
274386.427745,160.3479,160.555,160.27,160.5999,160.11,2026-08-05 14:21:00,3828
253711.661341,160.5927,160.26,161.22,161.27,160.22,2026-08-05 14:22:00,3897
202796.863971,161.1617,161.23,161.405,161.5,160.88,2026-08-05 14:23:00,3420
254905.837927,161.5636,161.39,161.1401,161.92,161.14,2026-08-05 14:24:00,3717
122862.684915,161.1396,161.14,161.2299,161.3,160.92,2026-08-05 14:25:00,2478
233355.98929,161.1875,161.21,161.362,161.57,160.71,2026-08-05 14:26:00,3630
107570.162857,161.2755,161.37,161.19,161.5092,161.03,2026-08-05 14:27:00,2095
137701.036717,160.9969,161.2,160.78,161.2538,160.75,2026-08-05 14:28:00,2245
244560.323119,160.7546,160.77,160.53,161.01,160.47,2026-08-05 14:29:00,3373
256052.355776,161.103,160.53,161.53,161.53,160.52,2026-08-05 14:30:00,3854
130220.252755,161.4952,161.57,161.54,161.67,161.326,2026-08-05 14:31:00,2432
160261.597374,161.6505,161.6,161.785,161.8238,161.48,2026-08-05 14:32:00,2731
162052.27175,161.7382,161.81,161.7411,161.86,161.6,2026-08-05 14:33:00,2423
96701.428859,161.7143,161.725,161.6,161.85,161.58,2026-08-05 14:34:00,1832
101104.945805,161.5865,161.58,161.51,161.78,161.42,2026-08-05 14:35:00,1978
79812.684245,161.4728,161.5,161.61,161.67,161.28,2026-08-05 14:36:00,1839
72748.19503,161.564,161.605,161.57,161.72,161.46,2026-08-05 14:37:00,1775
80457.268947,161.5926,161.605,161.53,161.69,161.45,2026-08-05 14:38:00,1830
109783.559538,161.4127,161.58,161.28,161.62,161.17,2026-08-05 14:39:00,2089
123652.869162,161.3268,161.275,161.145,161.53,161.13,2026-08-05 14:40:00,2761
120126.656494,161.162,161.145,161.2785,161.2785,161.06,2026-08-05 14:41:00,2257
67839.975252,161.251,161.245,161.23,161.39,161.14,2026-08-05 14:42:00,1653
122239.690834,160.9338,161.2,160.96,161.245,160.75,2026-08-05 14:43:00,2376
111381.133649,160.835,160.9799,160.88,160.99,160.7197,2026-08-05 14:44:00,2042
112519.669331,160.7666,160.9099,160.5552,161.0,160.53,2026-08-05 14:45:00,1932
102072.780421,160.7566,160.58,160.6301,160.85,160.57,2026-08-05 14:46:00,1643
84695.270425,160.6427,160.655,160.59,160.73,160.52,2026-08-05 14:47:00,1639
114394.71785,160.4886,160.6101,160.41,160.6101,160.34,2026-08-05 14:48:00,2193
127985.696832,160.5095,160.46,160.67,160.75,160.31,2026-08-05 14:49:00,2363
190833.00195,160.8992,160.63,160.97,161.15,160.575,2026-08-05 14:50:00,3332
206494.842716,161.2481,160.97,161.425,161.59,160.91,2026-08-05 14:51:00,3193
173966.609545,161.188,161.45,161.19,161.5299,160.85,2026-08-05 14:52:00,2450
119830.378602,160.8213,161.18,160.6,161.28,160.59,2026-08-05 14:53:00,2822
151852.619217,160.9166,160.62,161.085,161.13,160.59,2026-08-05 14:54:00,2789
91635.617833,160.8789,161.085,160.885,161.14,160.7,2026-08-05 14:55:00,1750
87892.065542,160.7751,160.87,160.645,160.91,160.58,2026-08-05 14:56:00,1711
139242.868064,160.6596,160.645,160.74,160.79,160.45,2026-08-05 14:57:00,2225
114431.49842,160.4421,160.68,160.34,160.73,160.3,2026-08-05 14:58:00,1931
131440.058944,160.3199,160.331,160.35,160.44,160.2101,2026-08-05 14:59:00,2125
162661.979012,160.6107,160.38,160.7371,160.84,160.35,2026-08-05 15:00:00,2508
134859.800207,160.4761,160.74,160.3502,160.8299,160.2204,2026-08-05 15:01:00,1993
282387.463911,160.0984,160.4,159.865,160.43,159.84,2026-08-05 15:02:00,4597
389419.082627,159.6895,159.85,159.505,160.01,159.45,2026-08-05 15:03:00,6053
172133.246392,159.7502,159.4901,159.83,159.92,159.45,2026-08-05 15:04:00,2409
120482.006056,159.6796,159.78,159.5701,159.94,159.52,2026-08-05 15:05:00,2053
198320.475443,159.3533,159.54,159.3007,159.5598,159.22,2026-08-05 15:06:00,3195
131509.570978,159.3378,159.35,159.275,159.475,159.18,2026-08-05 15:07:00,2168
131465.726038,159.3068,159.275,159.365,159.43,159.19,2026-08-05 15:08:00,2330
158848.8692,159.6257,159.36,159.72,159.86,159.2701,2026-08-05 15:09:00,2535
102998.827317,159.4923,159.7001,159.275,159.71,159.2,2026-08-05 15:10:00,1984
118954.125627,159.2873,159.27,159.295,159.37,159.16,2026-08-05 15:11:00,2056
152431.677929,159.2474,159.3,159.06,159.41,159.05,2026-08-05 15:12:00,2479
173127.271054,159.1626,159.0579,159.22,159.37,159.03,2026-08-05 15:13:00,2644
141335.342564,159.399,159.19,159.475,159.62,159.12,2026-08-05 15:14:00,2283
123728.30181,159.2205,159.47,159.07,159.5,159.05,2026-08-05 15:15:00,2064
242875.336883,159.0241,159.1,159.0703,159.14,158.92,2026-08-05 15:16:00,3689
111336.177435,159.0484,159.06,159.035,159.16,158.8601,2026-08-05 15:17:00,2121
242009.742845,158.7097,159.03,158.78,159.03,158.53,2026-08-05 15:18:00,4670
215174.335077,159.0921,158.765,159.08,159.36,158.755,2026-08-05 15:19:00,3424
105484.710655,158.9458,159.06,158.98,159.13,158.76,2026-08-05 15:20:00,2249
112370.002257,159.0356,158.98,159.0401,159.2399,158.87,2026-08-05 15:21:00,2751
96928.520565,159.1604,159.04,159.2,159.32,159.0,2026-08-05 15:22:00,2291
107145.951249,159.2924,159.2,159.24,159.45,159.1503,2026-08-05 15:23:00,2222
132270.495203,159.4049,159.24,159.3011,159.6,159.24,2026-08-05 15:24:00,2066
81430.867392,159.294,159.32,159.32,159.39,159.2,2026-08-05 15:25:00,1746
137808.019791,159.3057,159.33,159.05,159.405,159.02,2026-08-05 15:26:00,2848
78726.389068,159.1586,159.06,159.19,159.34,158.99,2026-08-05 15:27:00,2166
95993.529316,159.235,159.2,159.055,159.26,158.96,2026-08-05 15:28:00,1681
131734.393939,159.2837,159.03,159.47,159.5,159.03,2026-08-05 15:29:00,2358
138490.358249,159.5379,159.465,159.7,159.8199,159.33,2026-08-05 15:30:00,2429
101531.382974,159.7191,159.6889,159.6301,159.8,159.62,2026-08-05 15:31:00,1816
103929.852811,159.5231,159.69,159.48,159.69,159.3801,2026-08-05 15:32:00,1948
112876.982871,159.6544,159.44,159.855,159.88,159.41,2026-08-05 15:33:00,1889
121932.194152,159.7603,159.84,159.71,159.92,159.6,2026-08-05 15:34:00,1854
70738.64823,159.7109,159.7,159.72,159.87,159.61,2026-08-05 15:35:00,1435
79756.748905,159.8068,159.7,159.84,159.9,159.65,2026-08-05 15:36:00,1435
193889.744844,159.9824,159.8107,160.165,160.169,159.75,2026-08-05 15:37:00,3242
208095.552016,160.2529,160.17,160.41,160.41,160.11,2026-08-05 15:38:00,2296
176370.561913,160.4177,160.42,160.36,160.64,160.29,2026-08-05 15:39:00,2927
114304.695941,160.3285,160.38,160.304,160.47,160.13,2026-08-05 15:40:00,1842
138566.750875,160.1956,160.29,160.03,160.49,159.9,2026-08-05 15:41:00,1945
80670.11105,160.0445,160.04,160.185,160.2399,159.9,2026-08-05 15:42:00,1515
72761.104672,160.1121,160.185,160.0817,160.185,160.03,2026-08-05 15:43:00,1319
85116.501791,160.1306,160.12,160.17,160.27,160.02,2026-08-05 15:44:00,1654
99887.336544,160.0775,160.2,160.04,160.2,159.99,2026-08-05 15:45:00,1710
104562.510045,160.0859,160.04,160.205,160.25,159.86,2026-08-05 15:46:00,1622
73352.051107,160.1506,160.21,160.1,160.27,160.04,2026-08-05 15:47:00,1359
102156.555717,160.1302,160.1,159.9,160.38,159.89,2026-08-05 15:48:00,1650
107589.913262,159.8872,159.875,159.67,160.04,159.655,2026-08-05 15:49:00,1822
62821.57354,159.6945,159.65,159.7728,159.8,159.5201,2026-08-05 15:50:00,1378
89848.900584,159.7023,159.81,159.662,159.86,159.63,2026-08-05 15:51:00,1361
71615.862175,159.8575,159.6701,159.871,159.98,159.67,2026-08-05 15:52:00,1563
48777.629063,159.895,159.85,159.825,159.97,159.81,2026-08-05 15:53:00,1226
83531.187902,159.8327,159.825,159.85,159.95,159.75,2026-08-05 15:54:00,1466
96984.296955,159.7969,159.89,159.8,159.9,159.7,2026-08-05 15:55:00,2027
96434.662114,159.7358,159.815,159.715,159.84,159.6,2026-08-05 15:56:00,2188
94199.496057,159.5464,159.715,159.57,159.715,159.42,2026-08-05 15:57:00,1779
89602.93759,159.8017,159.58,159.87,159.94,159.5613,2026-08-05 15:58:00,1613
67681.592073,159.8896,159.86,159.82,159.9599,159.8,2026-08-05 15:59:00,1427
101181.752014,159.8822,159.85,160.05,160.05,159.7424,2026-08-05 16:00:00,1773
139315.572474,160.3595,160.0699,160.5,160.58,160.0516,2026-08-05 16:01:00,2148
151502.727147,160.361,160.5,160.335,160.56,160.21,2026-08-05 16:02:00,2416
84635.754546,160.3312,160.325,160.3088,160.42,160.2,2026-08-05 16:03:00,1781
133286.268634,160.3998,160.305,160.345,160.58,160.19,2026-08-05 16:04:00,2092
54706.849677,160.3461,160.36,160.3731,160.4457,160.25,2026-08-05 16:05:00,1222
43306.700827,160.3808,160.41,160.44,160.465,160.29,2026-08-05 16:06:00,1120
127289.535199,160.4883,160.45,160.53,160.57,160.37,2026-08-05 16:07:00,2239
130158.531495,160.3221,160.535,160.17,160.5599,160.1079,2026-08-05 16:08:00,1998
90511.531916,160.0394,160.15,160.119,160.16,159.94,2026-08-05 16:09:00,1719
69642.059178,160.0624,160.11,159.975,160.17,159.95,2026-08-05 16:10:00,1487
79749.70496,159.9626,159.97,159.97,160.12,159.84,2026-08-05 16:11:00,1740
51403.696669,159.9608,159.975,160.03,160.061,159.85,2026-08-05 16:12:00,1491
46942.611987,160.0118,159.99,160.0299,160.11,159.94,2026-08-05 16:13:00,1254
69978.280907,160.0966,160.02,160.305,160.305,159.92,2026-08-05 16:14:00,1503
95129.817172,160.4069,160.3001,160.23,160.6277,160.2,2026-08-05 16:15:00,1227
91045.339483,160.3478,160.22,160.31,160.515,160.1701,2026-08-05 16:16:00,1543
52710.134153,160.1674,160.31,160.05,160.31,160.02,2026-08-05 16:17:00,975
60329.374459,160.0542,160.045,160.04,160.13,159.98,2026-08-05 16:18:00,988
90360.451751,160.1766,160.05,160.18,160.29,160.05,2026-08-05 16:19:00,1504
42404.877191,160.2193,160.19,160.19,160.305,160.16,2026-08-05 16:20:00,878
59053.322979,160.292,160.2,160.45,160.49,160.16,2026-08-05 16:21:00,1131
129600.239037,160.6729,160.45,160.93,160.94,160.3501,2026-08-05 16:22:00,1990
97549.144718,160.8418,160.98,160.825,160.99,160.69,2026-08-05 16:23:00,1560
75925.007399,160.7485,160.82,160.62,160.8799,160.59,2026-08-05 16:24:00,1435
46028.073756,160.667,160.62,160.645,160.7284,160.59,2026-08-05 16:25:00,886
86089.478618,160.6672,160.66,160.72,160.75,160.59,2026-08-05 16:26:00,1300
56074.897465,160.7795,160.69,160.73,160.85,160.68,2026-08-05 16:27:00,1030
59683.191506,160.8552,160.725,160.8901,160.95,160.7001,2026-08-05 16:28:00,1074
127209.948629,160.9758,160.9199,160.943,161.02,160.875,2026-08-05 16:29:00,2127
94280.303486,161.0393,160.94,161.0587,161.15,160.94,2026-08-05 16:30:00,1363
77192.080137,161.0609,161.05,161.07,161.15,160.97,2026-08-05 16:31:00,1325
99104.587887,161.1197,161.065,161.1799,161.23,161.0,2026-08-05 16:32:00,1942
72218.304947,161.2155,161.16,161.37,161.39,161.1,2026-08-05 16:33:00,1269
79931.676579,161.2767,161.37,161.1388,161.375,161.1201,2026-08-05 16:34:00,1166
119450.725155,161.0485,161.155,160.875,161.21,160.83,2026-08-05 16:35:00,1863
61086.355383,160.7081,160.87,160.635,160.8834,160.5701,2026-08-05 16:36:00,1137
51398.139079,160.7399,160.66,160.75,160.78,160.64,2026-08-05 16:37:00,895
81452.618989,160.7588,160.77,160.74,160.82,160.69,2026-08-05 16:38:00,984
55679.547144,160.6909,160.74,160.775,160.88,160.7,2026-08-05 16:39:00,890
35166.645475,160.8015,160.8,160.75,160.87,160.7,2026-08-05 16:40:00,736
47711.042692,160.7588,160.7885,160.73,160.8173,160.66,2026-08-05 16:41:00,808
83458.568105,160.5511,160.78,160.4,160.78,160.39,2026-08-05 16:42:00,1350
42591.903975,160.4444,160.389,160.45,160.48,160.38,2026-08-05 16:43:00,979
44922.542558,160.51,160.4501,160.495,160.5975,160.43,2026-08-05 16:44:00,923
83365.363083,160.43,160.49,160.21,160.52,160.16,2026-08-05 16:45:00,1453
52590.432743,160.2504,160.19,160.32,160.32,160.15,2026-08-05 16:46:00,820
34682.842694,160.3107,160.35,160.27,160.3899,160.23,2026-08-05 16:47:00,780
117328.192824,160.1358,160.25,160.0695,160.31,160.0,2026-08-05 16:48:00,2164
89947.601578,159.9092,160.08,159.97,160.13,159.68,2026-08-05 16:49:00,1772
82194.653321,160.1086,160.0,160.35,160.3899,159.93,2026-08-05 16:50:00,1129
68653.918057,160.3197,160.36,160.27,160.43,160.2301,2026-08-05 16:51:00,1098
53046.57998,160.2767,160.28,160.16,160.37,160.16,2026-08-05 16:52:00,869
28400.077986,160.2926,160.17,160.331,160.355,160.17,2026-08-05 16:53:00,638
50692.588295,160.1808,160.32,160.015,160.3399,160.0,2026-08-05 16:54:00,798
44813.738931,160.0017,160.0,160.1303,160.1303,159.92,2026-08-05 16:55:00,865
32582.715739,160.2054,160.15,160.18,160.28,160.12,2026-08-05 16:56:00,695
49311.33712,160.3004,160.22,160.35,160.37,160.19,2026-08-05 16:57:00,726
80455.720903,160.4118,160.33,160.43,160.53,160.31,2026-08-05 16:58:00,1261
27936.791464,160.3427,160.455,160.325,160.455,160.268,2026-08-05 16:59:00,664
69414.466704,160.2003,160.31,160.155,160.32,160.03,2026-08-05 17:00:00,1138
125194.637239,160.3101,160.16,160.25,160.3,160.1,2026-08-05 17:01:00,1118
101725.211851,159.9959,160.23,159.96,160.25,159.88,2026-08-05 17:02:00,1250
57028.894535,159.976,159.96,159.79,160.1299,159.76,2026-08-05 17:03:00,942
55971.679694,159.708,159.79,159.675,159.82,159.5901,2026-08-05 17:04:00,911
63393.026755,159.6835,159.665,159.585,159.79,159.56,2026-08-05 17:05:00,1008
69278.961829,159.5188,159.57,159.5044,159.6,159.45,2026-08-05 17:06:00,1137
59983.842747,159.6023,159.53,159.6,159.7099,159.53,2026-08-05 17:07:00,973
54311.234485,159.6312,159.56,159.66,159.705,159.52,2026-08-05 17:08:00,869
46585.079676,159.6752,159.68,159.6651,159.7299,159.63,2026-08-05 17:09:00,899
32513.633786,159.5434,159.65,159.4317,159.65,159.4317,2026-08-05 17:10:00,740
57942.56104,159.4435,159.4301,159.515,159.5299,159.37,2026-08-05 17:11:00,964
54540.082382,159.5269,159.54,159.5,159.58,159.45,2026-08-05 17:12:00,961
103460.092051,159.6563,159.5151,159.67,159.78,159.5,2026-08-05 17:13:00,1284
55715.13647,159.6657,159.67,159.68,159.72,159.59,2026-08-05 17:14:00,1027
50877.824965,159.5611,159.68,159.53,159.68,159.4704,2026-08-05 17:15:00,911
76338.228639,159.4835,159.51,159.48,159.62,159.3728,2026-08-05 17:16:00,1332
64486.95079,159.5142,159.44,159.525,159.58,159.4136,2026-08-05 17:17:00,903
74110.133521,159.5844,159.525,159.715,159.72,159.47,2026-08-05 17:18:00,1030
55182.580497,159.6753,159.7,159.74,159.78,159.54,2026-08-05 17:19:00,892
29326.254975,159.6725,159.75,159.66,159.76,159.62,2026-08-05 17:20:00,637
51846.709392,159.593,159.64,159.57,159.7,159.49,2026-08-05 17:21:00,800
76919.576819,159.457,159.58,159.2723,159.605,159.27,2026-08-05 17:22:00,1136
70667.815816,159.3251,159.29,159.43,159.43,159.23,2026-08-05 17:23:00,801
41582.248746,159.4,159.415,159.37,159.48,159.33,2026-08-05 17:24:00,648
41522.892735,159.4416,159.375,159.47,159.5,159.35,2026-08-05 17:25:00,704
44542.98749,159.4952,159.475,159.48,159.57,159.43,2026-08-05 17:26:00,702
73179.619645,159.4567,159.47,159.41,159.5,159.4,2026-08-05 17:27:00,774
77745.319593,159.5133,159.41,159.63,159.63,159.4,2026-08-05 17:28:00,790
35951.960389,159.5612,159.6,159.54,159.61,159.48,2026-08-05 17:29:00,666
44819.241751,159.5095,159.54,159.49,159.6016,159.38,2026-08-05 17:30:00,897
117376.032033,159.4064,159.48,159.32,159.49,159.3,2026-08-05 17:31:00,1203
47220.608772,159.3727,159.33,159.37,159.4,159.3199,2026-08-05 17:32:00,926
57098.359187,159.3039,159.365,159.2401,159.39,159.2,2026-08-05 17:33:00,1145
64421.515724,159.2775,159.25,159.2478,159.36,159.21,2026-08-05 17:34:00,1014
43734.691078,159.2686,159.25,159.315,159.345,159.2,2026-08-05 17:35:00,870
83774.175098,159.3702,159.31,159.31,159.55,159.225,2026-08-05 17:36:00,1191
48525.093684,159.423,159.33,159.445,159.58,159.3,2026-08-05 17:37:00,806
43857.510322,159.4798,159.435,159.49,159.53,159.3803,2026-08-05 17:38:00,774
52489.722131,159.4791,159.48,159.465,159.54,159.43,2026-08-05 17:39:00,900
114002.875547,159.3937,159.46,159.13,159.525,159.07,2026-08-05 17:40:00,1093
112600.808786,159.0247,159.135,159.045,159.1645,158.9,2026-08-05 17:41:00,1888
44655.107246,159.0915,159.07,159.1699,159.1699,159.0,2026-08-05 17:42:00,722
32990.225111,159.1474,159.14,159.2001,159.205,159.07,2026-08-05 17:43:00,683
105475.796703,159.0805,159.21,158.98,159.27,158.94,2026-08-05 17:44:00,1104
66409.95329,159.0847,159.0,159.25,159.29,158.945,2026-08-05 17:45:00,1000
79369.535879,159.3037,159.27,159.2205,159.37,159.19,2026-08-05 17:46:00,956
44892.304564,159.1489,159.23,159.11,159.24,159.084,2026-08-05 17:47:00,776
209605.974762,159.3807,159.105,159.5204,159.565,159.01,2026-08-05 17:48:00,1424
69069.870555,159.4721,159.54,159.314,159.65,159.3,2026-08-05 17:49:00,1122
62019.391533,159.2007,159.3,159.065,159.35,159.0401,2026-08-05 17:50:00,1051
48573.82817,159.0955,159.065,159.095,159.13,159.0101,2026-08-05 17:51:00,811
91039.755197,159.0252,159.07,158.965,159.143,158.94,2026-08-05 17:52:00,1900
61666.459679,158.985,158.965,159.0031,159.0544,158.9,2026-08-05 17:53:00,1050
43425.496547,159.0012,158.98,159.0,159.05,158.95,2026-08-05 17:54:00,790
77624.756625,159.0526,158.98,159.052,159.13,158.9602,2026-08-05 17:55:00,1021
44738.754979,159.0654,159.0101,159.07,159.1,159.01,2026-08-05 17:56:00,663
51586.235953,159.0841,159.07,159.12,159.13,159.0404,2026-08-05 17:57:00,873
59949.718041,159.0827,159.13,159.0151,159.1498,159.005,2026-08-05 17:58:00,1010
80019.535434,158.9805,159.02,159.11,159.135,158.87,2026-08-05 17:59:00,1257
45741.4028,159.1498,159.11,159.2,159.2193,159.0801,2026-08-05 18:00:00,870
111978.613237,159.0847,159.2,158.975,159.35,158.8701,2026-08-05 18:01:00,1507
59456.134839,158.9528,158.97,158.91,159.015,158.9,2026-08-05 18:02:00,947
49780.351174,158.9573,158.94,158.9401,159.06,158.88,2026-08-05 18:03:00,877
36607.68028,158.9661,158.96,158.99,159.01,158.91,2026-08-05 18:04:00,690
47697.109788,159.0156,158.9701,159.06,159.06,158.9501,2026-08-05 18:05:00,896
63688.882103,159.1061,159.05,159.1404,159.2199,159.0,2026-08-05 18:06:00,897
124623.315199,159.247,159.14,159.36,159.39,159.14,2026-08-05 18:07:00,1395
96884.763588,159.4808,159.3601,159.56,159.56,159.34,2026-08-05 18:08:00,1227
84397.694384,159.5568,159.56,159.6275,159.64,159.4503,2026-08-05 18:09:00,1047
155935.63776,159.9024,159.625,160.05,160.05,159.625,2026-08-05 18:10:00,2066
128682.047116,160.1924,160.04,160.3301,160.3897,160.037,2026-08-05 18:11:00,1478
131782.536484,160.4003,160.34,160.38,160.555,160.19,2026-08-05 18:12:00,1907
129519.431757,160.3898,160.405,160.385,160.49,160.31,2026-08-05 18:13:00,1366
173239.889796,160.5307,160.385,160.59,160.61,160.315,2026-08-05 18:14:00,1970
146766.957707,160.6707,160.59,160.71,160.8187,160.47,2026-08-05 18:15:00,1826
137251.92164,160.4457,160.72,160.285,160.74,160.23,2026-08-05 18:16:00,1528
88041.8298,160.1275,160.285,159.9295,160.305,159.87,2026-08-05 18:17:00,1281
85867.461234,159.9728,159.905,160.0882,160.09,159.85,2026-08-05 18:18:00,1033
61355.051309,160.0508,160.09,160.01,160.13,159.95,2026-08-05 18:19:00,964
41631.347401,159.9919,159.99,160.01,160.0499,159.91,2026-08-05 18:20:00,835
39670.216502,160.0042,160.02,159.96,160.0799,159.93,2026-08-05 18:21:00,782
75715.633424,159.8798,159.97,159.83,159.99,159.8,2026-08-05 18:22:00,1060
85410.561243,159.6878,159.82,159.6768,159.82,159.55,2026-08-05 18:23:00,1294
61741.573639,159.7687,159.67,159.76,159.84,159.66,2026-08-05 18:24:00,1106
43448.342993,159.8162,159.72,159.83,159.88,159.72,2026-08-05 18:25:00,765
44891.694809,159.7886,159.8448,159.79,159.8448,159.74,2026-08-05 18:26:00,819
34165.221388,159.773,159.785,159.75,159.8,159.74,2026-08-05 18:27:00,684
35770.119599,159.7827,159.76,159.83,159.83,159.73,2026-08-05 18:28:00,789
32177.807695,159.8492,159.83,159.87,159.8777,159.82,2026-08-05 18:29:00,616
88776.213837,159.7117,159.87,159.54,159.87,159.5101,2026-08-05 18:30:00,1294
93868.801937,159.4846,159.53,159.37,159.57,159.35,2026-08-05 18:31:00,1286
63402.989381,159.333,159.36,159.28,159.4,159.26,2026-08-05 18:32:00,982
71159.130636,159.2268,159.3,159.255,159.3099,159.14,2026-08-05 18:33:00,946
52915.379664,159.2736,159.26,159.355,159.3651,159.19,2026-08-05 18:34:00,861
55391.598251,159.4231,159.34,159.415,159.48,159.34,2026-08-05 18:35:00,795
43040.629681,159.3391,159.41,159.29,159.42,159.24,2026-08-05 18:36:00,775
41373.263698,159.2399,159.2814,159.34,159.34,159.17,2026-08-05 18:37:00,716
34322.494898,159.3127,159.36,159.34,159.36,159.2707,2026-08-05 18:38:00,659
42864.928754,159.3328,159.335,159.3851,159.3851,159.275,2026-08-05 18:39:00,691
44934.249038,159.3378,159.37,159.29,159.385,159.275,2026-08-05 18:40:00,821
50687.626605,159.3412,159.285,159.275,159.3095,159.24,2026-08-05 18:41:00,694
39868.64498,159.3222,159.2799,159.35,159.36,159.275,2026-08-05 18:42:00,806
69667.200883,159.3692,159.35,159.33,159.46,159.32,2026-08-05 18:43:00,869
58949.029106,159.3842,159.335,159.435,159.4699,159.27,2026-08-05 18:44:00,804
49182.056728,159.4225,159.43,159.42,159.54,159.33,2026-08-05 18:45:00,972
49431.173393,159.3641,159.44,159.33,159.45,159.2807,2026-08-05 18:46:00,773
38674.143715,159.3819,159.34,159.365,159.405,159.33,2026-08-05 18:47:00,760
51708.730305,159.3987,159.37,159.39,159.46,159.34,2026-08-05 18:48:00,749
35338.992904,159.3955,159.39,159.405,159.45,159.35,2026-08-05 18:49:00,746
35415.62551,159.374,159.4,159.375,159.4,159.33,2026-08-05 18:50:00,724
47289.731149,159.3404,159.38,159.3,159.395,159.28,2026-08-05 18:51:00,885
50354.92449,159.3796,159.3,159.381,159.45,159.27,2026-08-05 18:52:00,787
30666.382046,159.3841,159.37,159.4,159.41,159.36,2026-08-05 18:53:00,567
32362.741679,159.3849,159.4,159.3399,159.43,159.32,2026-08-05 18:54:00,591
30655.476067,159.3239,159.34,159.3,159.36,159.29,2026-08-05 18:55:00,663
47284.554555,159.2763,159.29,159.28,159.3206,159.21,2026-08-05 18:56:00,817
50973.655625,159.3417,159.28,159.38,159.434,159.26,2026-08-05 18:57:00,776
39487.526958,159.3748,159.39,159.36,159.43,159.32,2026-08-05 18:58:00,780
36174.54866,159.3043,159.36,159.25,159.4,159.2325,2026-08-05 18:59:00,718
55929.463252,159.3412,159.26,159.43,159.43,159.26,2026-08-05 19:00:00,902
84303.618255,159.3453,159.4201,159.3409,159.4599,159.25,2026-08-05 19:01:00,1034
41418.63023,159.3186,159.355,159.25,159.375,159.24,2026-08-05 19:02:00,707
75047.892046,159.2221,159.25,159.18,159.3,159.15,2026-08-05 19:03:00,1163
55911.349177,159.2318,159.17,159.295,159.3,159.17,2026-08-05 19:04:00,845
55591.66146,159.2888,159.3,159.225,159.35,159.21,2026-08-05 19:05:00,894
33958.018463,159.2638,159.22,159.25,159.31,159.2,2026-08-05 19:06:00,687
50644.708935,159.238,159.25,159.23,159.28,159.165,2026-08-05 19:07:00,855
89168.474915,159.3066,159.25,159.245,159.43,159.21,2026-08-05 19:08:00,1208
52590.850957,159.2642,159.24,159.3,159.31,159.21,2026-08-05 19:09:00,851
41825.860063,159.2699,159.3,159.3,159.31,159.211,2026-08-05 19:10:00,796
57315.950762,159.2869,159.3,159.31,159.35,159.235,2026-08-05 19:11:00,820
127670.929816,159.1628,159.3,159.065,159.335,159.0504,2026-08-05 19:12:00,1428
85570.166471,159.1338,159.07,159.14,159.23,159.04,2026-08-05 19:13:00,1086
38199.814974,159.1947,159.135,159.1516,159.25,159.12,2026-08-05 19:14:00,677
65655.967014,159.1711,159.15,159.14,159.23,159.1,2026-08-05 19:15:00,1083
122271.791652,159.0222,159.13,158.9994,159.15,158.89,2026-08-05 19:16:00,1557
102678.196912,158.9193,158.98,158.94,159.02,158.84,2026-08-05 19:17:00,1197
50526.406793,158.9264,158.94,158.87,158.97,158.86,2026-08-05 19:18:00,910
79029.853481,158.918,158.875,158.99,159.0,158.82,2026-08-05 19:19:00,1241
103059.414011,159.0064,158.9751,158.83,159.11,158.83,2026-08-05 19:20:00,1348
114025.378844,158.7319,158.845,158.805,158.89,158.6104,2026-08-05 19:21:00,1760
51791.414804,158.7795,158.805,158.75,158.82,158.7,2026-08-05 19:22:00,937
71249.160218,158.7729,158.755,158.77,158.83,158.69,2026-08-05 19:23:00,1013
174007.563377,158.5966,158.76,158.6,158.765,158.45,2026-08-05 19:24:00,2313
99951.432461,158.7753,158.6,158.825,158.9,158.59,2026-08-05 19:25:00,1242
62112.503419,158.8087,158.82,158.72,158.905,158.72,2026-08-05 19:26:00,876
115869.849179,158.5939,158.71,158.595,158.75,158.48,2026-08-05 19:27:00,1154
80956.814519,158.6092,158.5999,158.57,158.68,158.54,2026-08-05 19:28:00,1145
54445.695976,158.5766,158.58,158.54,158.64,158.505,2026-08-05 19:29:00,1039
90918.225222,158.6419,158.535,158.59,158.72,158.53,2026-08-05 19:30:00,1354
70825.956932,158.5377,158.59,158.57,158.61,158.4799,2026-08-05 19:31:00,1184
67847.276441,158.6385,158.5623,158.69,158.72,158.56,2026-08-05 19:32:00,1213
76799.114754,158.6455,158.69,158.555,158.69,158.55,2026-08-05 19:33:00,1278
64876.877295,158.5655,158.55,158.56,158.6299,158.51,2026-08-05 19:34:00,1096
142523.898774,158.4327,158.55,158.34,158.55,158.34,2026-08-05 19:35:00,1754
98770.47721,158.3468,158.33,158.4,158.42,158.25,2026-08-05 19:36:00,1619
122697.184967,158.4575,158.405,158.58,158.59,158.25,2026-08-05 19:37:00,1828
83169.159636,158.6239,158.57,158.615,158.71,158.5168,2026-08-05 19:38:00,1403
116469.48522,158.7691,158.64,158.74,158.84,158.64,2026-08-05 19:39:00,1506
149246.209341,158.914,158.74,159.06,159.14,158.69,2026-08-05 19:40:00,1768
130339.471609,159.216,159.06,159.27,159.3,159.06,2026-08-05 19:41:00,1688
255563.195312,159.2599,159.27,159.04,159.46,159.03,2026-08-05 19:42:00,2695
116296.677262,159.0455,159.04,159.13,159.1876,158.88,2026-08-05 19:43:00,1579
84208.181029,159.1522,159.14,159.09,159.24,159.06,2026-08-05 19:44:00,1479
112331.025476,159.031,159.07,159.045,159.1407,158.86,2026-08-05 19:45:00,1773
111015.359161,158.9188,159.0451,158.82,159.1,158.77,2026-08-05 19:46:00,1801
104490.433383,158.8393,158.83,158.87,158.93,158.75,2026-08-05 19:47:00,1449
126190.821064,158.8779,158.8601,158.8313,158.93,158.81,2026-08-05 19:48:00,1770
80606.605575,158.7939,158.85,158.755,158.86,158.7,2026-08-05 19:49:00,1426
176231.014399,158.8362,158.77,158.68,158.98,158.641,2026-08-05 19:50:00,3102
111539.224238,158.8123,158.68,158.82,158.91,158.66,2026-08-05 19:51:00,2058
136508.40025,158.8119,158.83,158.79,158.91,158.71,2026-08-05 19:52:00,2422
122435.504455,158.762,158.8,158.81,158.82,158.685,2026-08-05 19:53:00,2110
175342.629381,158.6351,158.79,158.36,158.82,158.34,2026-08-05 19:54:00,3499
304794.373494,158.451,158.36,158.665,158.69,158.27,2026-08-05 19:55:00,4281
253128.80934,158.6104,158.665,158.61,158.72,158.4315,2026-08-05 19:56:00,3298
309793.815365,158.7605,158.6,158.97,158.98,158.55,2026-08-05 19:57:00,5400
496205.706744,158.6856,158.96,158.6,158.98,158.51,2026-08-05 19:58:00,7213
746479.155024,158.3803,158.59,158.43,158.59,158.26,2026-08-05 19:59:00,9711
2802846.541621,158.4302,158.43,158.5112,158.57,158.43,2026-08-05 20:00:00,231
38344.02421,158.6524,158.5501,158.43,158.7924,158.27,2026-08-05 20:01:00,183
9909.909466,158.2308,158.399,158.13,158.4,158.05,2026-08-05 20:02:00,228
20853.245855,158.0716,158.13,158.08,158.2,158.01,2026-08-05 20:03:00,207
8182.955217,158.2188,158.07,158.3311,158.3311,158.07,2026-08-05 20:04:00,137
17669.147706,158.1644,158.3263,158.34,158.35,158.01,2026-08-05 20:05:00,328
3585.444964,158.2794,158.35,158.22,158.35,158.15,2026-08-05 20:06:00,78
50093.383095,159.2361,158.2,159.44,160.35,158.2,2026-08-05 20:07:00,1009
2653.544388,159.1385,159.11,159.1,159.11,159.1,2026-08-05 20:08:00,61
3329.554131,158.8945,159.0042,158.8899,159.0042,158.7356,2026-08-05 20:09:00,59
167519.250781,158.443,158.85,158.8334,158.88,158.43,2026-08-05 20:10:00,86
3554.942303,158.6918,158.85,158.5279,158.85,158.45,2026-08-05 20:11:00,141
7344.188972,158.514,158.43,158.83,158.83,158.43,2026-08-05 20:12:00,74
3898.87303,158.8211,158.83,158.7,159.0,158.55,2026-08-05 20:13:00,100
4911.810567,158.6147,158.7651,158.7663,158.7663,158.5227,2026-08-05 20:14:00,78
2765.964062,158.6096,158.7584,158.48,158.7584,158.48,2026-08-05 20:15:00,96
30438.450992,158.439,158.48,158.45,158.6,158.43,2026-08-05 20:16:00,96
8134.441227,158.626,158.43,158.7,158.99,158.39,2026-08-05 20:17:00,207
4239.075162,158.6531,158.7883,158.51,158.793,158.51,2026-08-05 20:18:00,114
4897.180917,158.7166,158.55,158.2,158.55,158.2,2026-08-05 20:19:00,130
6185.743156,158.2538,158.2,158.13,158.3,158.13,2026-08-05 20:20:00,119
3639.441126,158.2392,158.22,158.3,158.3923,158.15,2026-08-05 20:21:00,120
3149.628665,158.3389,158.29,158.26,158.4,158.26,2026-08-05 20:22:00,113
7092.989817,158.2503,158.29,158.23,158.29,158.19,2026-08-05 20:23:00,162
2220.478982,158.177,158.17,158.2,158.2,158.15,2026-08-05 20:24:00,143
3930.734029,158.1396,158.1508,158.05,158.16,158.05,2026-08-05 20:25:00,127
28010.348476,158.0691,158.05,158.06,158.3427,158.05,2026-08-05 20:26:00,118
72499.346849,157.7722,158.06,157.5,158.06,157.2,2026-08-05 20:27:00,975
4640.492187,157.5326,157.51,157.5,157.58,157.479,2026-08-05 20:28:00,129
5706.674307,157.4791,157.45,157.5,157.5,157.43,2026-08-05 20:29:00,149
7126.569191,157.5777,157.4612,157.6732,157.8,157.43,2026-08-05 20:30:00,192
5319.660328,157.6849,157.7,157.6,157.8,157.6,2026-08-05 20:31:00,122
3416.916605,157.7042,157.75,157.7141,157.75,157.5,2026-08-05 20:32:00,76
1906.149066,157.6858,157.7193,157.73,157.75,157.7,2026-08-05 20:33:00,84
3538.615582,157.7957,157.5804,157.94,157.94,157.5804,2026-08-05 20:34:00,105
2671.671822,157.7772,157.8,157.6392,157.8,157.6392,2026-08-05 20:35:00,103
2489.083389,157.6675,157.8496,157.63,157.8496,157.61,2026-08-05 20:36:00,104
4766.457403,157.621,157.6,157.56,157.62,157.56,2026-08-05 20:37:00,100
3025.318633,157.622,157.61,157.61,157.66,157.57,2026-08-05 20:38:00,100
5404.362915,157.5329,157.6,157.452,157.6,157.4448,2026-08-05 20:39:00,147
2920.675567,157.5505,157.4583,157.6,157.6,157.4583,2026-08-05 20:40:00,146
2328.553421,157.7073,157.5201,157.68,157.75,157.5201,2026-08-05 20:41:00,90
6194.631211,157.9031,157.8,157.8,157.98,157.76,2026-08-05 20:42:00,162
2750.861522,157.7917,157.86,157.7046,157.86,157.66,2026-08-05 20:43:00,124
1825.190758,157.8056,157.81,157.6898,157.8494,157.6898,2026-08-05 20:44:00,52
2035.365599,157.7592,157.7,157.8,157.8,157.7,2026-08-05 20:45:00,77
1259.057966,157.8005,157.8,157.8232,157.8232,157.8,2026-08-05 20:46:00,69
2312.67621,157.809,157.819,157.75,157.819,157.65,2026-08-05 20:47:00,82
4565.0,157.6338,157.65,157.6,157.65,157.6,2026-08-05 20:48:00,94
6427.103218,157.5489,157.59,157.56,157.5962,157.5,2026-08-05 20:49:00,119
5763.883276,157.6495,157.59,157.7339,157.75,157.59,2026-08-05 20:50:00,91
3923.794533,157.6137,157.61,157.6,157.6152,157.55,2026-08-05 20:51:00,73
4162.093581,157.4638,157.5,157.443,157.5,157.44,2026-08-05 20:52:00,107
7011.825175,157.4767,157.44,157.4201,157.5,157.42,2026-08-05 20:53:00,139
4292.673306,157.5419,157.41,157.6,157.6,157.4,2026-08-05 20:54:00,151
2756.521732,157.6917,157.6219,157.7,157.7,157.6219,2026-08-05 20:55:00,78
2487.346075,157.5991,157.67,157.4401,157.67,157.44,2026-08-05 20:56:00,83
3115.246459,157.4561,157.4,157.5,157.5,157.4,2026-08-05 20:57:00,102
935.97076,157.635,157.4385,157.5,157.5,157.4,2026-08-05 20:58:00,68
6608.75,157.6285,157.5071,157.4806,158.0,157.45,2026-08-05 20:59:00,216
717.782153,157.6789,157.5,157.5,157.5,157.5,2026-08-05 21:00:00,45
4359.0,157.4846,157.4113,157.45,157.5,157.4113,2026-08-05 21:01:00,47
51491.03607,158.3178,157.44,157.55,157.55,157.41,2026-08-05 21:02:00,83
1214.756432,157.5951,157.59,157.5,157.59,157.43,2026-08-05 21:03:00,46
3782.906977,157.4542,157.4339,157.41,157.4827,157.4,2026-08-05 21:04:00,118
2237.456868,157.3871,157.397,157.35,157.397,157.34,2026-08-05 21:05:00,80
7826.826258,157.2768,157.3539,157.18,157.3539,157.18,2026-08-05 21:06:00,190
4162.393176,157.1952,157.2,157.15,157.2,157.14,2026-08-05 21:07:00,92
17064.242412,157.0096,157.14,156.89,157.1405,156.89,2026-08-05 21:08:00,445
9485.053775,156.8708,156.9559,156.8006,157.0,156.75,2026-08-05 21:09:00,175
6391.698194,157.0123,156.7988,157.0,157.05,156.75,2026-08-05 21:10:00,93
3286.794261,157.0808,157.05,157.0,157.0986,157.0,2026-08-05 21:11:00,67
3171.483957,157.1349,156.99,157.17,157.22,156.9006,2026-08-05 21:12:00,114
2601.728048,157.2639,157.2,157.26,157.28,157.17,2026-08-05 21:13:00,91
1206.919764,157.2674,157.26,157.32,157.32,157.26,2026-08-05 21:14:00,52
1524.472467,157.3095,157.3,157.25,157.3,157.25,2026-08-05 21:15:00,94
2441.388845,157.214,157.2623,157.13,157.2623,157.13,2026-08-05 21:16:00,67
1655.920335,157.1788,157.13,157.059,157.1339,157.03,2026-08-05 21:17:00,64
4517.499632,157.0893,157.14,157.0107,157.1699,157.0107,2026-08-05 21:18:00,127
1427.258881,157.0534,157.01,157.0355,157.0355,157.01,2026-08-05 21:19:00,57
1488.084491,157.0399,157.05,157.03,157.05,157.03,2026-08-05 21:20:00,82
1766.601637,157.0514,157.09,156.93,157.09,156.93,2026-08-05 21:21:00,77
2677.782027,157.0161,156.93,156.9447,157.0,156.93,2026-08-05 21:22:00,79
9150.30062,156.928,156.94,156.77,156.9519,156.76,2026-08-05 21:23:00,113
4947.223122,156.6823,156.75,156.54,156.83,156.54,2026-08-05 21:24:00,135
3770.914609,156.6385,156.6,156.72,156.72,156.51,2026-08-05 21:25:00,123
2999.948201,156.8678,156.79,156.8,156.97,156.7797,2026-08-05 21:26:00,57
3912.072732,156.8692,156.857,156.843,156.9,156.843,2026-08-05 21:27:00,54
1792.60058,156.8334,156.8,156.75,156.8,156.75,2026-08-05 21:28:00,79
1898.96571,156.81,156.7,156.6732,156.8,156.6732,2026-08-05 21:29:00,52
2376.812057,156.8226,156.8,156.8271,156.8271,156.7,2026-08-05 21:30:00,93
3962.007125,156.7167,156.85,156.7999,156.85,156.65,2026-08-05 21:31:00,68
2354.850589,156.7448,156.8,156.77,156.8,156.64,2026-08-05 21:32:00,109
2620.531887,156.776,156.8,156.7,156.8,156.6,2026-08-05 21:33:00,151
3752.921374,156.7349,156.6416,156.61,156.8,156.61,2026-08-05 21:34:00,96
5965.295832,156.6657,156.63,156.65,156.84,156.6,2026-08-05 21:35:00,108
8554.256647,156.6836,156.6,156.75,156.85,156.6,2026-08-05 21:36:00,68
3171.605693,156.6915,156.65,156.6,156.8,156.6,2026-08-05 21:37:00,62
2463.796962,156.6856,156.66,156.61,156.69,156.61,2026-08-05 21:38:00,59
5672.367983,156.6413,156.61,156.65,156.65,156.61,2026-08-05 21:39:00,55
5064.2865,156.62,156.6,156.6001,156.6423,156.6,2026-08-05 21:40:00,74
7733.313487,156.5218,156.61,156.31,156.6169,156.31,2026-08-05 21:41:00,164
30459.756371,156.2108,156.31,156.2,156.31,156.02,2026-08-05 21:42:00,310
7764.579643,156.3165,156.26,156.29,156.35,156.22,2026-08-05 21:43:00,117
3653.252258,156.2476,156.2,156.2,156.28,156.2,2026-08-05 21:44:00,84
3854.545074,156.2646,156.31,156.25,156.31,156.2,2026-08-05 21:45:00,86
4430.246629,156.2792,156.28,156.1769,156.3,156.1769,2026-08-05 21:46:00,107
4480.0,156.2712,156.34,156.2,156.38,156.1447,2026-08-05 21:47:00,109
4450.910895,156.308,156.36,156.2,156.36,156.2,2026-08-05 21:48:00,85
3419.493266,156.168,156.15,156.16,156.16,156.1059,2026-08-05 21:49:00,82
15713.296421,156.4765,156.2,156.45,156.65,156.2,2026-08-05 21:50:00,120
1257.83346,156.5015,156.44,156.473,156.473,156.3406,2026-08-05 21:51:00,60
11556.505823,156.3678,156.4,156.2,156.5,156.2,2026-08-05 21:52:00,119
4243.641757,156.1168,156.2,156.0498,156.2096,156.0335,2026-08-05 21:53:00,71
5088.048733,156.0864,156.23,156.2106,156.23,156.0,2026-08-05 21:54:00,175
868.224215,156.1216,156.0794,156.0794,156.0794,156.0794,2026-08-05 21:55:00,57
1754.366744,156.2155,156.19,156.2,156.24,156.19,2026-08-05 21:56:00,73
3458.284282,156.4034,156.1498,156.5,156.5,156.1498,2026-08-05 21:57:00,107
12211.988741,156.2791,156.5,156.6,156.6,156.2,2026-08-05 21:58:00,95
2196.7932,156.4999,156.28,156.38,156.5506,156.28,2026-08-05 21:59:00,54
15580.006878,156.7399,156.52,157.0,157.11,156.52,2026-08-05 22:00:00,285
2462.074466,156.9352,157.11,156.88,157.11,156.87,2026-08-05 22:01:00,62
726.8,157.1988,157.0458,157.0375,157.11,157.0375,2026-08-05 22:02:00,36
3093.21703,156.9269,157.0528,156.9,157.0528,156.884,2026-08-05 22:03:00,41
5945.061936,156.983,156.8761,156.98,157.1,156.83,2026-08-05 22:04:00,93
4174.286715,156.8941,157.0,156.8,157.0,156.75,2026-08-05 22:05:00,63
2840.80867,156.6353,156.87,156.56,156.87,156.56,2026-08-05 22:06:00,41
2306.519164,156.818,156.6065,156.73,156.99,156.6065,2026-08-05 22:07:00,77
2641.25,156.9443,156.99,156.9456,156.99,156.76,2026-08-05 22:08:00,42
3718.375625,156.8822,156.94,156.85,156.94,156.84,2026-08-05 22:09:00,52
198.16067,156.8189,156.6,156.6,156.6,156.6,2026-08-05 22:10:00,21
651.006254,156.7804,156.6,156.9,156.9,156.6,2026-08-05 22:11:00,37
325.428498,156.9924,156.75,156.75,156.75,156.75,2026-08-05 22:13:00,28
1577.614951,156.8372,156.76,156.76,156.8757,156.76,2026-08-05 22:14:00,38
2242.66622,156.8184,156.9,156.7334,156.9,156.7334,2026-08-05 22:15:00,42
4553.61732,156.7602,156.74,156.75,156.78,156.72,2026-08-05 22:16:00,57
1089.330454,156.8602,156.75,156.869,156.869,156.75,2026-08-05 22:18:00,59
5501.094562,156.9475,156.9,156.9,156.9952,156.9,2026-08-05 22:19:00,94
1137.883013,156.9683,156.86,156.8,156.9663,156.8,2026-08-05 22:20:00,42
4497.322402,156.9811,156.9143,157.0,157.0,156.9143,2026-08-05 22:21:00,81
2603.011982,157.1009,157.0814,157.12,157.12,157.0814,2026-08-05 22:22:00,70
4477.0,157.1739,157.09,157.14,157.2916,157.09,2026-08-05 22:23:00,88
1848.125863,157.1387,157.0342,157.14,157.216,157.0342,2026-08-05 22:24:00,50
6830.091787,157.0286,157.05,157.05,157.1259,157.0,2026-08-05 22:25:00,42
1314.336577,157.0639,157.07,157.0025,157.07,157.0025,2026-08-05 22:27:00,29
2213.038024,157.009,157.0,157.0102,157.0102,157.0,2026-08-05 22:28:00,49
1862.846802,157.1505,157.0261,157.1,157.1,157.0261,2026-08-05 22:29:00,53
404.235536,157.173,157.1,157.1,157.1,157.1,2026-08-05 22:30:00,33
1264.190949,157.1579,157.0846,157.15,157.15,157.0846,2026-08-05 22:31:00,35
3323.211511,157.2675,157.1372,157.33,157.33,157.1372,2026-08-05 22:32:00,87
2400.896787,157.454,157.37,157.48,157.48,157.3588,2026-08-05 22:33:00,71
3927.5,157.5307,157.49,157.5545,157.57,157.49,2026-08-05 22:34:00,73
2131.031955,157.4439,157.53,157.39,157.55,157.39,2026-08-05 22:35:00,60
911.317682,157.395,157.31,157.417,157.417,157.31,2026-08-05 22:36:00,35
1696.761828,157.5431,157.42,157.57,157.57,157.42,2026-08-05 22:37:00,53
2599.047154,157.5513,157.57,157.5101,157.6,157.5,2026-08-05 22:38:00,63
2527.832209,157.6127,157.6,157.5502,157.6,157.5502,2026-08-05 22:39:00,50
4147.606797,157.5287,157.55,157.5,157.55,157.5,2026-08-05 22:40:00,47
2450.39138,157.6204,157.6,157.5122,157.62,157.5122,2026-08-05 22:41:00,49
856.268874,157.5875,157.5,157.5,157.5,157.5,2026-08-05 22:42:00,35
871.26984,157.5211,157.5,157.45,157.5,157.45,2026-08-05 22:43:00,22
3405.0,157.4395,157.45,157.42,157.45,157.42,2026-08-05 22:44:00,61
1801.323005,157.5327,157.4,157.55,157.55,157.4,2026-08-05 22:45:00,60
1330.444188,157.6526,157.58,157.5469,157.62,157.5469,2026-08-05 22:46:00,49
4546.232491,157.8201,157.7079,157.82,157.89,157.7079,2026-08-05 22:47:00,84
1632.329528,157.8285,157.81,157.7148,157.88,157.71,2026-08-05 22:48:00,35
3659.200318,157.708,157.68,157.5379,157.85,157.5379,2026-08-05 22:49:00,33
1651.65735,157.5552,157.42,157.5986,157.5986,157.42,2026-08-05 22:50:00,42
614.333252,157.5713,157.5,157.42,157.5,157.42,2026-08-05 22:51:00,46
4039.418181,157.4329,157.537,157.4,157.537,157.4,2026-08-05 22:52:00,44
4128.410069,157.2318,157.37,157.18,157.42,157.1752,2026-08-05 22:53:00,51
1704.650506,157.3268,157.1476,157.42,157.42,157.13,2026-08-05 22:54:00,42
565.777681,157.5262,157.4,157.4,157.4,157.4,2026-08-05 22:55:00,24
582.155245,157.3795,157.37,157.3782,157.3782,157.37,2026-08-05 22:57:00,29
1215.485804,157.2758,157.3444,157.21,157.4,157.15,2026-08-05 22:59:00,59
688.535996,157.3159,157.21,157.21,157.21,157.21,2026-08-05 23:00:00,25
3058.696351,157.4563,157.42,157.469,157.49,157.3068,2026-08-05 23:02:00,48
1531.050797,157.3611,157.4706,157.31,157.48,157.23,2026-08-05 23:03:00,41
2677.186727,157.2037,157.2151,157.2205,157.2205,157.13,2026-08-05 23:04:00,35
565.541037,157.2575,157.1005,157.1005,157.1005,157.1005,2026-08-05 23:05:00,26
513.163096,157.3669,157.3,157.3,157.3,157.3,2026-08-05 23:06:00,35
1102.48878,157.492,157.5,157.3334,157.5,157.3334,2026-08-05 23:07:00,30
1011.969096,157.4072,157.3,157.1426,157.3,157.1426,2026-08-05 23:08:00,38
778.218335,157.274,157.1463,157.3568,157.4,157.1463,2026-08-05 23:09:00,29
1397.346502,157.1921,157.153,157.153,157.153,157.153,2026-08-05 23:11:00,28
1638.831176,157.2497,157.35,157.1,157.35,157.1,2026-08-05 23:13:00,23
1978.390452,157.0737,157.08,157.0,157.3,157.0,2026-08-05 23:15:00,97
805.100336,157.0399,157.1,156.9741,157.1,156.9741,2026-08-05 23:16:00,33
529.345697,157.2265,157.1,157.05,157.29,157.05,2026-08-05 23:17:00,55
1909.12,156.9978,156.97,157.0,157.0,156.97,2026-08-05 23:18:00,49
411.672946,157.2511,157.0,157.0,157.0,157.0,2026-08-05 23:19:00,20
2115.687384,157.0095,157.15,156.96,157.15,156.95,2026-08-05 23:20:00,47
948.27,156.9829,156.9,156.86,157.0,156.86,2026-08-05 23:21:00,40
591.024253,157.0387,157.07,157.0,157.07,157.0,2026-08-05 23:22:00,36
834.063669,157.0556,157.02,157.06,157.06,157.02,2026-08-05 23:23:00,50
1227.501457,157.2102,157.1872,157.0,157.25,157.0,2026-08-05 23:24:00,41
646.038274,157.1279,157.11,157.1739,157.1739,157.11,2026-08-05 23:25:00,25
1468.146727,157.237,157.21,157.3049,157.34,157.1156,2026-08-05 23:26:00,73
2995.548913,157.4067,157.34,157.33,157.48,157.33,2026-08-05 23:27:00,57
1877.107042,157.3554,157.35,157.331,157.35,157.331,2026-08-05 23:28:00,31
434.779422,157.5794,157.21,157.21,157.21,157.21,2026-08-05 23:29:00,24
736.067962,157.271,157.26,157.26,157.26,157.26,2026-08-05 23:31:00,24
779.676675,157.2389,157.1,157.12,157.12,157.05,2026-08-05 23:33:00,28
214.237729,157.3141,157.1818,157.1818,157.1818,157.1818,2026-08-05 23:34:00,22
652.0,157.1868,157.2,157.2,157.2,157.2,2026-08-05 23:36:00,27
1965.777579,157.1039,157.1781,157.0,157.1781,157.0,2026-08-05 23:37:00,53
347.0,157.0101,156.99,157.0407,157.0407,156.99,2026-08-05 23:38:00,25
1063.0,157.0344,156.99,157.05,157.05,156.99,2026-08-05 23:39:00,56
946.0,157.0017,157.0,156.9901,157.0,156.9901,2026-08-05 23:41:00,33
485.0,157.0304,157.0442,157.05,157.05,157.0442,2026-08-05 23:42:00,18
467.0,156.9967,156.99,156.99,156.99,156.99,2026-08-05 23:43:00,22
2754.11024,156.9616,156.96,156.85,157.0,156.85,2026-08-05 23:44:00,25
5740.69,156.613,156.8,156.5022,156.8,156.5022,2026-08-05 23:45:00,137
825.0,156.6376,156.62,156.73,156.73,156.62,2026-08-05 23:46:00,48
1189.11024,156.7213,156.6,156.8001,156.84,156.6,2026-08-05 23:47:00,27
1442.0,156.6666,156.65,156.65,156.65,156.65,2026-08-05 23:48:00,23
1725.0,156.5606,156.6183,156.5122,156.6183,156.5,2026-08-05 23:49:00,34
2906.514344,156.6166,156.58,156.53,156.65,156.53,2026-08-05 23:50:00,81
661.0,156.6477,156.58,156.79,156.79,156.58,2026-08-05 23:51:00,28
1157.0,156.7544,156.79,156.7,156.79,156.7,2026-08-05 23:53:00,39
330.0,156.7688,156.8599,156.8599,156.8599,156.8599,2026-08-05 23:54:00,11
1609.0,156.7483,156.75,156.73,156.83,156.6571,2026-08-05 23:55:00,30
2191.0,156.7824,156.6,156.7899,156.86,156.6,2026-08-05 23:56:00,33
920.0,156.8754,156.89,156.85,156.9,156.85,2026-08-05 23:57:00,21
1262.0,156.8994,156.9,156.9,156.9,156.89,2026-08-05 23:58:00,32
1624.0,156.9537,157.0,156.98,157.0,156.9,2026-08-05 23:59:00,42
31596.417644,157.3693,157.0,157.0,158.25,156.73,2026-08-06 08:00:00,1045
67098.224208,157.4383,156.91,156.8,158.2,156.43,2026-08-06 08:01:00,2685
29986.0,157.1056,156.73,156.24,157.55,156.21,2026-08-06 08:02:00,754
7804.0,156.0507,156.11,156.0,156.27,156.0,2026-08-06 08:03:00,193
6504.393123,155.9538,155.9915,156.02,156.02,155.8103,2026-08-06 08:04:00,130
2185.222909,155.9614,155.92,156.0,156.0,155.9,2026-08-06 08:05:00,81
4146.264019,156.662,155.9785,156.25,156.3,155.9785,2026-08-06 08:06:00,119
1087.0,156.2371,156.2,156.25,156.25,156.2,2026-08-06 08:07:00,38
907.0,156.2111,156.5,156.1,156.5,156.1,2026-08-06 08:08:00,50
5363.120974,155.8001,155.94,155.66,155.94,155.66,2026-08-06 08:09:00,192
1808.01273,155.6428,155.65,155.67,155.71,155.6017,2026-08-06 08:10:00,114
2959.289558,155.6521,155.69,155.6152,155.78,155.54,2026-08-06 08:11:00,76
1808.0,155.6946,155.69,155.6649,155.73,155.6649,2026-08-06 08:12:00,53
979.0,155.6497,155.67,155.74,155.74,155.64,2026-08-06 08:13:00,44
3095.0,155.803,155.62,155.81,155.96,155.5777,2026-08-06 08:14:00,87
1430.037103,155.7158,155.68,155.68,155.68,155.68,2026-08-06 08:15:00,53
583.090132,155.8495,155.7,155.98,155.98,155.7,2026-08-06 08:16:00,29
878.389,155.8939,155.85,155.9,155.9,155.8,2026-08-06 08:17:00,35
965.430002,155.8983,155.9,155.8104,155.9,155.81,2026-08-06 08:18:00,36
2661.004492,155.8958,155.8,155.86,155.96,155.8,2026-08-06 08:19:00,52
3294.25954,155.9621,155.87,155.9018,156.0,155.87,2026-08-06 08:20:00,88
307.008977,156.0561,156.05,156.05,156.05,156.05,2026-08-06 08:21:00,32
1935.069747,156.0832,156.37,156.07,156.37,156.05,2026-08-06 08:22:00,29
3791.0,156.0818,156.02,155.99,156.1997,155.99,2026-08-06 08:23:00,95
1860.394499,156.0101,155.99,155.89,156.0,155.89,2026-08-06 08:24:00,55
1417.390593,156.0525,156.01,156.0,156.01,155.99,2026-08-06 08:25:00,69
1948.4625,156.161,156.05,156.24,156.24,156.05,2026-08-06 08:26:00,64
384.0,156.1651,156.2,156.2,156.2,156.2,2026-08-06 08:27:00,15
2326.516099,156.2693,156.3,156.1503,156.3,156.1503,2026-08-06 08:28:00,70
2191.995063,156.4851,156.1692,156.51,156.51,156.1692,2026-08-06 08:29:00,62
6276.44134,156.6867,156.63,156.6,156.71,156.5661,2026-08-06 08:30:00,84
1214.0,156.6325,156.67,156.5759,156.68,156.5759,2026-08-06 08:31:00,53
649.0,156.5925,156.5759,156.5738,156.5759,156.5738,2026-08-06 08:32:00,25
436.134444,156.6455,156.61,156.5902,156.61,156.5902,2026-08-06 08:33:00,25
2618.520786,156.608,156.5674,156.55,156.63,156.55,2026-08-06 08:34:00,58
576.25,156.5604,156.47,156.51,156.51,156.47,2026-08-06 08:35:00,24
1086.802308,156.5898,156.2972,156.55,156.55,156.2972,2026-08-06 08:36:00,28
734.313608,156.542,156.47,156.47,156.47,156.47,2026-08-06 08:37:00,45
1055.0,156.5107,156.58,156.58,156.58,156.58,2026-08-06 08:38:00,58
339.0,156.4543,156.5,156.5,156.5,156.5,2026-08-06 08:39:00,24
305.189776,156.5938,156.5,156.5,156.5,156.5,2026-08-06 08:40:00,28
600.0,156.5391,156.51,156.6,156.6,156.51,2026-08-06 08:41:00,20
880.6,156.5543,156.45,156.44,156.45,156.44,2026-08-06 08:43:00,37
531.880666,156.7363,156.53,156.53,156.53,156.53,2026-08-06 08:44:00,35
1665.125,156.5446,156.5,156.6,156.6,156.5,2026-08-06 08:45:00,58
285.0,156.4498,156.4292,156.4292,156.4292,156.4292,2026-08-06 08:46:00,20
615.0,156.4566,156.45,156.45,156.45,156.45,2026-08-06 08:47:00,13
6508.438638,156.7836,156.65,157.0,157.0,156.65,2026-08-06 08:48:00,202
255.616585,157.3546,156.97,156.97,156.97,156.97,2026-08-06 08:49:00,9
1354.0,157.0537,157.3,156.98,157.3,156.98,2026-08-06 08:50:00,36
1077.0,156.9609,156.98,156.97,156.98,156.97,2026-08-06 08:51:00,37
621.0,157.0008,157.03,157.03,157.03,157.03,2026-08-06 08:52:00,37
750.025353,157.0622,157.07,157.1,157.1,157.07,2026-08-06 08:53:00,29
2001.142993,157.0839,157.1,157.1,157.1,157.1,2026-08-06 08:54:00,68
183.89206,157.8944,157.14,157.14,157.14,157.14,2026-08-06 08:55:00,13
831.54,157.0075,156.92,156.86,156.92,156.86,2026-08-06 08:56:00,50
1004.0,156.9864,157.0,156.99,157.0,156.99,2026-08-06 08:58:00,40
856.0,156.9914,157.0,157.0,157.0,157.0,2026-08-06 08:59:00,40
2040.0,156.9088,156.85,157.0,157.0,156.85,2026-08-06 09:00:00,73
1112.0,156.9563,156.96,157.06,157.06,156.96,2026-08-06 09:01:00,33
864.0,156.9679,156.97,156.99,156.99,156.97,2026-08-06 09:02:00,22
1490.939624,156.9686,156.9,156.75,156.9,156.75,2026-08-06 09:04:00,39
2162.908628,156.8281,156.8,156.74,156.8,156.74,2026-08-06 09:05:00,57
632.0,156.6761,156.7,156.7,156.7,156.7,2026-08-06 09:06:00,45
1487.211011,156.5797,156.6,156.58,156.6,156.53,2026-08-06 09:07:00,70
277.031354,156.4853,156.45,156.45,156.45,156.45,2026-08-06 09:09:00,10
1171.226462,156.5754,156.59,156.5,156.5904,156.5,2026-08-06 09:10:00,48
483.0,156.447,156.45,156.45,156.45,156.45,2026-08-06 09:11:00,30
791.0,156.3379,156.32,156.31,156.32,156.31,2026-08-06 09:12:00,42
1107.095976,156.347,156.4,156.31,156.4,156.31,2026-08-06 09:15:00,38
240.989326,157.1442,156.4718,156.4718,156.4718,156.4718,2026-08-06 09:17:00,8
1639.728958,156.6569,156.6,156.6,156.6,156.6,2026-08-06 09:18:00,74
470.0,156.5921,156.59,156.59,156.59,156.59,2026-08-06 09:19:00,26
556.0,156.6205,156.66,156.6,156.66,156.6,2026-08-06 09:20:00,27
252.0,156.6381,156.65,156.65,156.65,156.65,2026-08-06 09:23:00,14
2491.0,156.6774,156.57,156.82,156.82,156.57,2026-08-06 09:25:00,94
907.0,156.7624,156.74,156.74,156.74,156.74,2026-08-06 09:27:00,42
681.43218,156.8523,156.76,156.75,156.76,156.75,2026-08-06 09:29:00,43
327.0,156.5718,156.5,156.5,156.5,156.5,2026-08-06 09:31:00,15
538.050653,156.8473,156.8455,156.8455,156.8455,156.8455,2026-08-06 09:32:00,15
1060.810762,156.9124,156.79,156.81,156.81,156.79,2026-08-06 09:33:00,44
186.16,156.9265,156.7857,156.7857,156.7857,156.7857,2026-08-06 09:36:00,15
937.0,156.7855,156.78,156.77,156.78,156.77,2026-08-06 09:37:00,26
1787.14,156.715,156.74,156.6,156.74,156.6,2026-08-06 09:42:00,64
407.0,156.6285,156.6,156.6,156.6,156.6,2026-08-06 09:46:00,34
1395.264771,156.6833,156.65,156.66,156.66,156.65,2026-08-06 09:50:00,19
2046.0,156.5301,156.61,156.5,156.61,156.5,2026-08-06 09:52:00,35
528.0,156.5399,156.5,156.5,156.5,156.5,2026-08-06 09:53:00,14
666.0,156.5788,156.57,156.58,156.58,156.57,2026-08-06 09:54:00,24
536.646899,156.8324,156.65,156.65,156.65,156.65,2026-08-06 09:57:00,27
982.245578,156.7831,156.69,156.78,156.78,156.69,2026-08-06 09:58:00,44
7042.0,156.9504,156.82,156.95,157.0,156.82,2026-08-06 10:00:00,163
761.0,156.9864,156.95,156.84,156.95,156.84,2026-08-06 10:01:00,42
4237.270322,157.2915,157.3,157.25,157.31,157.23,2026-08-06 10:02:00,126
655.0,157.2312,157.026,157.026,157.026,157.026,2026-08-06 10:03:00,31
468.0,157.0192,157.0,157.0,157.0,157.0,2026-08-06 10:04:00,17
1855.585261,157.0244,156.95,156.95,157.0,156.95,2026-08-06 10:05:00,56
231.0,156.9649,156.96,156.96,156.96,156.96,2026-08-06 10:06:00,14
842.0,156.993,157.01,157.0,157.01,157.0,2026-08-06 10:07:00,19
161.474418,157.3941,156.96,156.96,156.96,156.96,2026-08-06 10:08:00,12
811.0,157.0072,156.97,157.05,157.05,156.97,2026-08-06 10:09:00,39
1285.77829,157.1055,157.0,157.04,157.04,157.0,2026-08-06 10:10:00,20
540.0,157.1059,157.15,157.15,157.15,157.15,2026-08-06 10:12:00,33
258.0,157.2397,157.2365,157.28,157.28,157.2365,2026-08-06 10:15:00,8
310.198919,157.2237,157.15,157.15,157.15,157.15,2026-08-06 10:17:00,24
1028.178408,157.1268,157.1,157.1,157.1,157.1,2026-08-06 10:24:00,19
687.0,157.2236,157.14,157.28,157.28,157.14,2026-08-06 10:25:00,21
259.0,157.2143,157.2,157.2,157.2,157.2,2026-08-06 10:28:00,13
365.0,157.2943,157.3,157.3,157.3,157.3,2026-08-06 10:29:00,15
2085.0,157.2987,157.325,157.2648,157.325,157.25,2026-08-06 10:30:00,44
985.317866,157.2891,157.25,157.25,157.25,157.25,2026-08-06 10:31:00,14
630.021187,157.2503,157.3,157.3,157.3,157.3,2026-08-06 10:32:00,20
392.0,157.1763,157.17,157.17,157.17,157.17,2026-08-06 10:33:00,10
3245.0,157.3308,157.29,157.42,157.43,157.29,2026-08-06 10:34:00,160
970.0,157.2501,157.3,157.18,157.3,157.18,2026-08-06 10:36:00,62
782.0,157.2215,157.2,157.2,157.2,157.2,2026-08-06 10:38:00,25
3431.0,157.0762,156.9,156.91,157.1,156.9,2026-08-06 10:43:00,12
921.645421,157.1205,157.01,157.07,157.07,157.01,2026-08-06 10:44:00,37
257.0,156.9653,156.91,156.91,156.91,156.91,2026-08-06 10:45:00,15
479.82,157.2551,156.98,156.98,156.98,156.98,2026-08-06 10:46:00,22
1196.0,157.2858,157.2,157.24,157.43,157.2,2026-08-06 10:48:00,41
820.0,157.2912,157.13,157.3,157.3,157.13,2026-08-06 10:49:00,31
1504.427608,157.3061,157.27,157.23,157.27,157.23,2026-08-06 10:50:00,31
553.0,157.2982,157.3,157.3,157.3,157.3,2026-08-06 10:52:00,20
4797.509748,157.533,157.47,157.61,157.63,157.47,2026-08-06 10:54:00,145
850.0,157.6624,157.77,157.79,157.79,157.77,2026-08-06 10:55:00,51
662.0,157.5228,157.5,157.5,157.5,157.5,2026-08-06 10:57:00,119
23624.79801,157.0937,157.42,156.2,157.65,156.2,2026-08-06 11:00:00,579
6844.41991,156.2235,156.15,156.06,156.5986,156.04,2026-08-06 11:01:00,130
9686.072157,156.0105,156.17,156.09,156.26,155.9,2026-08-06 11:02:00,220
5416.999957,155.994,155.94,155.9874,156.0,155.89,2026-08-06 11:03:00,108
20484.372973,155.7462,155.9,155.97,155.97,155.58,2026-08-06 11:04:00,202
2599.384625,155.6971,155.6,155.61,155.63,155.55,2026-08-06 11:05:00,101
57111.110084,155.2193,155.63,155.0004,155.63,155.0,2026-08-06 11:06:00,767
13000.168165,154.9549,155.0,154.94,155.1,154.77,2026-08-06 11:07:00,252
12562.948605,154.8185,154.89,154.75,154.96,154.61,2026-08-06 11:08:00,286
6615.42357,154.6689,154.7,154.6,154.8,154.6,2026-08-06 11:09:00,176
8355.025859,154.8345,154.8,154.99,154.99,154.6968,2026-08-06 11:10:00,126
11037.174389,154.8154,154.9451,154.77,154.9451,154.61,2026-08-06 11:11:00,220
13874.725281,154.9743,154.67,155.11,155.11,154.67,2026-08-06 11:12:00,225
2387.891319,155.0715,155.1126,154.9735,155.1126,154.9,2026-08-06 11:13:00,63
3004.731249,155.0943,154.9992,155.02,155.21,154.9484,2026-08-06 11:14:00,81
4527.401245,155.211,155.2,155.18,155.21,155.15,2026-08-06 11:15:00,111
7250.852202,155.3257,155.23,155.4,155.4,155.08,2026-08-06 11:16:00,101
2944.896601,155.4628,155.32,155.48,155.48,155.32,2026-08-06 11:17:00,140
3665.65666,155.6462,155.54,155.75,155.75,155.48,2026-08-06 11:18:00,76
2289.128577,155.5458,155.55,155.55,155.55,155.54,2026-08-06 11:19:00,94
4014.590242,155.541,155.55,155.52,155.56,155.47,2026-08-06 11:20:00,93
2313.29,155.5258,155.5,155.52,155.55,155.5,2026-08-06 11:21:00,59
3108.970118,155.6163,155.4073,155.43,155.65,155.4073,2026-08-06 11:22:00,60
1803.748384,155.7004,155.5311,155.62,155.72,155.5311,2026-08-06 11:23:00,44
1867.788152,155.6516,155.55,155.64,155.64,155.53,2026-08-06 11:24:00,86
2452.070694,155.5378,155.5,155.55,155.55,155.5,2026-08-06 11:25:00,69
6926.026675,155.7301,155.69,155.57,155.95,155.57,2026-08-06 11:26:00,101
1314.287821,155.8453,155.8517,155.88,155.88,155.8517,2026-08-06 11:27:00,76
3290.239718,155.8601,155.95,155.7775,155.95,155.77,2026-08-06 11:28:00,78
3620.213484,155.8107,155.8768,155.75,155.88,155.75,2026-08-06 11:29:00,86
3546.614575,155.871,155.88,155.84,155.88,155.7839,2026-08-06 11:30:00,70
5742.530725,155.6319,155.71,155.83,155.83,155.55,2026-08-06 11:31:00,132
5741.651651,155.6897,155.62,155.77,155.83,155.5,2026-08-06 11:32:00,91
1343.277093,155.7881,155.73,155.77,155.82,155.73,2026-08-06 11:33:00,51
3484.665478,155.6693,155.7566,155.7003,155.7566,155.51,2026-08-06 11:34:00,78
1177.257023,155.6563,155.5,155.7,155.7,155.5,2026-08-06 11:35:00,38
3971.625212,155.7526,155.73,155.71,155.75,155.6412,2026-08-06 11:36:00,71
2708.707422,155.7709,155.7812,155.7706,155.7812,155.7,2026-08-06 11:37:00,55
812.554396,155.8276,155.69,155.6583,155.8,155.6583,2026-08-06 11:38:00,45
12999.122975,155.7008,155.7999,155.72,155.7999,155.61,2026-08-06 11:39:00,143
15450.735913,155.7134,155.65,155.56,155.75,155.56,2026-08-06 11:40:00,160
7050.76499,155.6505,155.6,155.6877,155.83,155.5,2026-08-06 11:41:00,160
6251.909837,155.6356,155.71,155.6,155.71,155.6,2026-08-06 11:42:00,61
2295.572268,155.6725,155.74,155.558,155.74,155.5356,2026-08-06 11:43:00,36
5645.0,155.717,155.63,155.76,155.85,155.6147,2026-08-06 11:44:00,75
1622.637536,155.8516,155.8,155.81,155.81,155.79,2026-08-06 11:45:00,55
6857.2,155.7011,155.7,155.75,155.76,155.6,2026-08-06 11:46:00,126
1885.680416,155.7791,155.7535,155.75,155.7591,155.61,2026-08-06 11:47:00,44
1578.481069,155.6547,155.6,155.5456,155.67,155.5456,2026-08-06 11:48:00,62
7545.095252,155.5288,155.52,155.6,155.7299,155.51,2026-08-06 11:49:00,57
901.763188,155.7049,155.55,155.55,155.55,155.55,2026-08-06 11:50:00,42
2224.684751,155.5821,155.64,155.6866,155.6866,155.45,2026-08-06 11:51:00,62
1397.680298,155.6236,155.5441,155.5299,155.57,155.5299,2026-08-06 11:52:00,55
2659.467105,155.6013,155.73,155.5,155.73,155.5,2026-08-06 11:54:00,50
4703.0,155.4958,155.536,155.59,155.6,155.45,2026-08-06 11:55:00,106
777.85,155.7516,155.6,155.5525,155.6,155.5525,2026-08-06 11:56:00,41
1382.103554,155.6288,155.54,155.6583,155.6583,155.54,2026-08-06 11:57:00,35
3321.481754,155.6633,155.68,155.5915,155.7,155.5915,2026-08-06 11:58:00,70
2896.0,155.5675,155.54,155.57,155.57,155.54,2026-08-06 11:59:00,75
7903.163383,155.2713,155.43,155.32,155.499,155.1,2026-08-06 12:00:00,161
7978.922844,155.1923,155.18,155.13,155.29,155.1,2026-08-06 12:01:00,170
15795.363345,155.0481,155.24,154.9731,155.29,154.92,2026-08-06 12:02:00,265
1788.696382,155.1186,155.0,155.03,155.1,155.0,2026-08-06 12:03:00,68
4606.989502,155.1666,155.08,155.06,155.2188,155.06,2026-08-06 12:04:00,79
10900.921475,154.9916,154.997,154.9201,155.08,154.9201,2026-08-06 12:05:00,99
3734.906238,155.0365,154.92,155.12,155.12,154.9003,2026-08-06 12:06:00,103
3059.835839,155.2067,155.1762,155.28,155.28,155.1,2026-08-06 12:07:00,76
1511.064366,155.2707,155.23,155.32,155.32,155.23,2026-08-06 12:08:00,73
2124.880916,155.2926,155.2,155.25,155.25,155.1917,2026-08-06 12:09:00,53
3552.61561,155.2319,155.2,155.25,155.25,155.12,2026-08-06 12:10:00,81
1741.931039,155.374,155.2,155.3,155.3992,155.1894,2026-08-06 12:11:00,51
2737.65877,155.2696,155.26,155.25,155.26,155.1702,2026-08-06 12:12:00,49
7040.740236,155.1777,155.16,155.19,155.22,155.1,2026-08-06 12:13:00,66
5194.485904,155.1815,155.11,155.1,155.28,155.1,2026-08-06 12:14:00,55
18393.379239,155.0682,155.1004,154.94,155.1442,154.94,2026-08-06 12:15:00,155
5837.094651,154.8727,154.9,154.93,154.93,154.8,2026-08-06 12:16:00,149
6937.587312,154.9179,154.8,154.969,154.969,154.8,2026-08-06 12:17:00,115
14993.778043,154.8058,154.89,154.7,154.9442,154.7,2026-08-06 12:18:00,228
13887.255918,154.7624,154.66,154.84,154.84,154.66,2026-08-06 12:19:00,206
10810.092179,154.9638,154.8,155.01,155.18,154.77,2026-08-06 12:20:00,208
4460.91928,155.0247,155.08,154.89,155.15,154.86,2026-08-06 12:21:00,150
7112.290657,155.0176,154.9,155.04,155.11,154.87,2026-08-06 12:22:00,169
23662.083726,155.3225,155.16,155.31,155.41,155.16,2026-08-06 12:23:00,199
4936.945919,155.4441,155.37,155.57,155.57,155.36,2026-08-06 12:24:00,123
7053.910068,155.733,155.7039,155.5282,155.902,155.5282,2026-08-06 12:25:00,165
2174.813201,155.7844,155.6,155.8,155.8,155.5961,2026-08-06 12:26:00,88
1320.47221,155.7034,155.63,155.62,155.7,155.6,2026-08-06 12:27:00,53
4536.541952,155.6783,155.678,155.74,155.74,155.54,2026-08-06 12:28:00,98
4474.143193,155.6095,155.5663,155.6,155.75,155.5663,2026-08-06 12:29:00,63
5528.826092,155.4156,155.46,155.3,155.5,155.3,2026-08-06 12:30:00,103
1266308.819033,158.421,155.5,155.59,155.6,155.3041,2026-08-06 12:31:00,183
1282.731649,155.6103,155.53,155.53,155.53,155.53,2026-08-06 12:32:00,67
611.291755,155.525,155.4567,155.44,155.4567,155.39,2026-08-06 12:33:00,41
3261.84553,155.5117,155.5,155.4799,155.5113,155.3757,2026-08-06 12:34:00,108
1790.362581,155.4926,155.35,155.5,155.55,155.35,2026-08-06 12:35:00,79
2196.646637,155.6996,155.68,155.65,155.69,155.4898,2026-08-06 12:36:00,73
2116.218364,155.6691,155.7,155.6023,155.72,155.57,2026-08-06 12:37:00,64
2242.893057,155.7015,155.66,155.7,155.7,155.62,2026-08-06 12:38:00,66
1392.165974,155.6507,155.5995,155.64,155.64,155.5995,2026-08-06 12:39:00,57
1933.317258,155.5744,155.57,155.4648,155.5896,155.4648,2026-08-06 12:40:00,91
4749.395515,155.5945,155.52,155.6,155.6,155.52,2026-08-06 12:41:00,85
979.64274,155.7151,155.5246,155.66,155.66,155.5246,2026-08-06 12:42:00,49
6527.742634,155.6455,155.55,155.6834,155.7,155.55,2026-08-06 12:43:00,103
2582.20706,155.4885,155.6,155.32,155.6,155.32,2026-08-06 12:44:00,98
3836.969333,155.3432,155.3,155.29,155.41,155.24,2026-08-06 12:45:00,82
1457.810762,155.4659,155.4919,155.48,155.4919,155.32,2026-08-06 12:46:00,56
1848.066,155.4103,155.45,155.42,155.45,155.4,2026-08-06 12:47:00,46
1688.578425,155.3876,155.36,155.2401,155.36,155.2401,2026-08-06 12:48:00,19
496.225254,155.3894,155.3,155.3,155.3,155.3,2026-08-06 12:49:00,35
883.746538,155.4288,155.3068,155.2396,155.3068,155.2396,2026-08-06 12:50:00,38
6257.482716,155.1542,155.3,155.2,155.3,155.048,2026-08-06 12:51:00,156
1899.395982,155.209,155.31,155.11,155.31,155.11,2026-08-06 12:52:00,62
2164.600237,155.2005,155.19,155.15,155.21,155.0811,2026-08-06 12:53:00,57
3285.363191,155.1577,155.21,155.03,155.25,155.03,2026-08-06 12:54:00,89
2591.853046,155.1211,155.09,155.07,155.1,155.05,2026-08-06 12:55:00,114
4373.423026,155.1536,155.02,155.2,155.2,155.02,2026-08-06 12:56:00,61
5953.40662,155.1576,155.21,155.2713,155.2713,155.11,2026-08-06 12:57:00,106
3899.962671,155.1564,155.15,155.15,155.19,155.041,2026-08-06 12:58:00,82
3498.019219,155.0995,155.15,155.19,155.19,155.05,2026-08-06 12:59:00,59
6370.815681,155.0364,155.1621,155.0,155.1621,155.0,2026-08-06 13:00:00,228
3458.805973,154.997,154.99,154.97,155.06,154.9,2026-08-06 13:01:00,101
13565.982835,154.9283,154.91,154.84,155.0,154.8,2026-08-06 13:02:00,266
6565.844847,154.8321,154.81,154.8,154.87,154.75,2026-08-06 13:03:00,160
8198.476508,154.8711,154.8,154.755,154.9,154.75,2026-08-06 13:04:00,107
3683.674011,154.819,154.8,154.8324,154.8324,154.75,2026-08-06 13:05:00,95
8487.054838,154.7038,154.77,154.6232,154.8164,154.6232,2026-08-06 13:06:00,176
12408.504009,154.5719,154.61,154.6,154.61,154.51,2026-08-06 13:07:00,229
7004.262441,154.5718,154.51,154.55,154.66,154.5,2026-08-06 13:08:00,161
5661.851718,154.647,154.54,154.6,154.7,154.54,2026-08-06 13:09:00,148
14512.338284,154.5214,154.55,154.4215,154.63,154.4215,2026-08-06 13:10:00,255
12031.519276,154.5495,154.49,154.7,154.7,154.45,2026-08-06 13:11:00,250
1277.6809,154.7295,154.58,154.71,154.71,154.58,2026-08-06 13:12:00,83
2243.298693,154.7705,154.5601,154.6749,154.86,154.5601,2026-08-06 13:13:00,141
4057.273866,154.7306,154.73,154.69,154.83,154.635,2026-08-06 13:14:00,106
3487.873094,154.7363,154.66,154.67,154.88,154.64,2026-08-06 13:15:00,131
18402.904047,154.367,154.7295,154.4,154.7295,154.11,2026-08-06 13:16:00,460
18412.766951,154.227,154.24,154.09,154.39,154.03,2026-08-06 13:17:00,424
41578.82668,153.9187,154.08,153.8985,154.13,153.83,2026-08-06 13:18:00,659
19919.871537,153.7648,153.91,153.65,153.9466,153.6,2026-08-06 13:19:00,356
25594.804047,153.7025,153.75,153.8,153.8,153.61,2026-08-06 13:20:00,272
12432.806495,153.7588,153.78,153.75,153.85,153.69,2026-08-06 13:21:00,226
8124.935943,153.7782,153.64,153.6941,153.88,153.61,2026-08-06 13:22:00,197
12563.004141,153.6767,153.79,153.75,153.87,153.58,2026-08-06 13:23:00,316
4639.825768,153.6411,153.68,153.55,153.68,153.55,2026-08-06 13:24:00,151
19347.23914,153.4213,153.54,153.54,153.61,153.23,2026-08-06 13:25:00,403
17822.736572,153.4009,153.496,153.6401,153.69,153.15,2026-08-06 13:26:00,467
21730.369253,154.1415,153.7285,154.65,154.65,153.51,2026-08-06 13:27:00,642
45077.879314,155.2005,154.65,155.46,155.59,154.59,2026-08-06 13:28:00,757
42199.745126,155.6989,155.5,155.88,156.02,155.4,2026-08-06 13:29:00,835
1000365.068219,156.3497,155.87,155.9001,157.3577,155.59,2026-08-06 13:30:00,13613
466333.760388,154.9527,155.97,154.3101,156.18,154.021,2026-08-06 13:31:00,7699
292143.407166,154.141,154.39,153.54,154.75,153.47,2026-08-06 13:32:00,4759
391513.622272,153.5936,153.54,153.6701,154.42,152.91,2026-08-06 13:33:00,5752
211751.093243,153.7916,153.72,153.49,154.13,153.46,2026-08-06 13:34:00,3008
334691.438671,153.73,153.46,154.306,154.3499,153.2,2026-08-06 13:35:00,3856
290997.537133,154.1522,154.3068,154.12,154.58,153.6601,2026-08-06 13:36:00,3632
268596.280303,154.4272,154.15,154.46,154.67,154.14,2026-08-06 13:37:00,3404
163391.845189,154.4699,154.42,154.0821,154.75,154.0,2026-08-06 13:38:00,2541
166567.616041,153.8998,154.06,153.655,154.22,153.53,2026-08-06 13:39:00,2236
171959.030461,153.955,153.6578,154.0,154.28,153.5,2026-08-06 13:40:00,2403
145475.859547,153.884,153.92,153.75,154.2299,153.6,2026-08-06 13:41:00,2259
191700.27972,153.7965,153.785,153.56,154.1,153.431,2026-08-06 13:42:00,2498
275268.147967,153.2752,153.62,153.2147,153.65,152.93,2026-08-06 13:43:00,3474
147246.074143,153.2601,153.225,153.32,153.43,153.1001,2026-08-06 13:44:00,2277
173885.312587,153.4748,153.29,153.45,153.75,153.22,2026-08-06 13:45:00,2648
483777.857805,152.9512,153.4,153.14,153.46,152.8,2026-08-06 13:46:00,5107
203702.290994,152.9742,153.15,152.955,153.19,152.75,2026-08-06 13:47:00,3089
174516.902554,153.2214,152.95,153.12,153.49,152.89,2026-08-06 13:48:00,2689
197436.904749,153.0141,153.155,153.05,153.305,152.75,2026-08-06 13:49:00,3228
275207.325798,153.2598,153.02,153.4012,153.7099,152.86,2026-08-06 13:50:00,4161
207362.090637,153.6138,153.405,153.8899,153.9896,153.3,2026-08-06 13:51:00,2793
198212.346785,153.7933,153.86,153.535,154.1,153.38,2026-08-06 13:52:00,2716
136562.957502,153.5519,153.535,153.5,153.78,153.36,2026-08-06 13:53:00,1962
128563.202254,153.5885,153.5,153.275,153.98,153.19,2026-08-06 13:54:00,2143
229389.443563,153.0903,153.3199,153.27,153.4,152.7,2026-08-06 13:55:00,2815
97825.539167,153.2539,153.295,153.36,153.44,153.03,2026-08-06 13:56:00,1906
132727.557639,153.3585,153.41,153.532,153.58,153.15,2026-08-06 13:57:00,1958
121147.900972,153.6011,153.54,153.655,153.9199,153.32,2026-08-06 13:58:00,2076
111847.109396,153.6587,153.63,153.82,153.85,153.43,2026-08-06 13:59:00,1723
341481.248775,154.6264,153.745,155.1369,155.15,153.74,2026-08-06 14:00:00,4934
336748.417655,155.1267,155.12,154.8,155.45,154.731,2026-08-06 14:01:00,3676
164856.152152,155.2764,154.76,155.48,155.55,154.735,2026-08-06 14:02:00,2382
318737.671622,155.2304,155.495,154.7025,155.68,154.61,2026-08-06 14:03:00,3990
126711.103022,154.7561,154.74,154.82,154.95,154.53,2026-08-06 14:04:00,1878
160968.174103,154.7213,154.84,154.4201,154.99,154.3001,2026-08-06 14:05:00,1934
170489.340987,154.483,154.39,154.58,154.7,154.2801,2026-08-06 14:06:00,1975
71072.032578,154.6771,154.585,154.59,154.86,154.55,2026-08-06 14:07:00,1380
102251.577579,154.6686,154.57,154.76,154.8,154.43,2026-08-06 14:08:00,1848
94835.625073,154.6525,154.74,154.6199,154.83,154.47,2026-08-06 14:09:00,1551
168592.745985,154.9425,154.59,155.23,155.25,154.56,2026-08-06 14:10:00,2290
327608.84071,155.6452,155.2,155.73,155.95,155.14,2026-08-06 14:11:00,3127
158912.625362,155.9743,155.75,156.26,156.37,155.71,2026-08-06 14:12:00,2660
114824.420971,156.2444,156.24,156.335,156.39,156.145,2026-08-06 14:13:00,2058
120358.720878,156.4055,156.33,156.46,156.575,156.29,2026-08-06 14:14:00,1881
150794.274982,156.4786,156.455,156.42,156.66,156.29,2026-08-06 14:15:00,2187
139104.588968,156.4835,156.42,156.795,156.83,156.31,2026-08-06 14:16:00,2079
217675.832577,156.9314,156.85,156.6101,157.24,156.5252,2026-08-06 14:17:00,3291
85940.692653,156.6865,156.645,156.6801,156.8845,156.5,2026-08-06 14:18:00,1840
90506.484869,156.6675,156.725,156.87,156.8998,156.4643,2026-08-06 14:19:00,1713
131087.019823,157.0543,156.86,157.42,157.46,156.75,2026-08-06 14:20:00,2151
247792.044591,157.7054,157.43,157.68,157.88,157.415,2026-08-06 14:21:00,3540
268395.969511,157.8194,157.685,157.36,158.0,157.3271,2026-08-06 14:22:00,3851
120873.337547,157.3431,157.3301,157.2335,157.53,157.18,2026-08-06 14:23:00,2089
114638.955756,157.1364,157.22,157.05,157.4,156.92,2026-08-06 14:24:00,1937
81303.59997,157.1889,157.08,157.145,157.27,157.04,2026-08-06 14:25:00,1440
126025.941304,157.4349,157.13,157.31,157.744,157.08,2026-08-06 14:26:00,1983
113281.327377,156.9953,157.325,157.01,157.325,156.78,2026-08-06 14:27:00,1934
66983.129598,156.9099,157.07,156.9924,157.0727,156.76,2026-08-06 14:28:00,1495
60817.572526,156.9829,156.9201,157.145,157.17,156.88,2026-08-06 14:29:00,1469
101569.067205,157.2403,157.15,157.375,157.45,156.995,2026-08-06 14:30:00,1970
86433.088433,157.3505,157.375,157.415,157.56,157.2,2026-08-06 14:31:00,1768
72966.723808,157.5648,157.4201,157.545,157.72,157.4201,2026-08-06 14:32:00,1521
78033.306351,157.513,157.545,157.6143,157.68,157.3665,2026-08-06 14:33:00,1521
98039.913762,157.5673,157.58,157.46,157.7299,157.37,2026-08-06 14:34:00,1664
76090.685879,157.6268,157.49,157.56,157.77,157.49,2026-08-06 14:35:00,1413
61710.880003,157.5405,157.56,157.6,157.6559,157.43,2026-08-06 14:36:00,1462
67007.573653,157.6093,157.62,157.56,157.72,157.5213,2026-08-06 14:37:00,1159
63901.040254,157.5062,157.6,157.4,157.7,157.315,2026-08-06 14:38:00,1394
80955.06984,157.0769,157.375,156.905,157.375,156.78,2026-08-06 14:39:00,1525
66559.195023,157.1022,156.88,157.17,157.245,156.85,2026-08-06 14:40:00,1283
76981.455358,157.0707,157.235,157.03,157.265,156.915,2026-08-06 14:41:00,1367
102559.167448,157.3446,157.085,157.66,157.71,157.07,2026-08-06 14:42:00,1934
102527.135064,157.6973,157.66,157.71,157.8,157.58,2026-08-06 14:43:00,1851
67545.917593,157.4565,157.68,157.28,157.72,157.21,2026-08-06 14:44:00,1244
115710.550719,156.8782,157.24,156.8809,157.24,156.57,2026-08-06 14:45:00,1926
61564.315345,156.8013,156.9,156.575,157.01,156.575,2026-08-06 14:46:00,1222
78445.372804,156.4832,156.57,156.63,156.7,156.3209,2026-08-06 14:47:00,1571
67014.797224,156.573,156.68,156.49,156.72,156.4405,2026-08-06 14:48:00,1172
58093.494857,156.6482,156.485,156.7,156.84,156.47,2026-08-06 14:49:00,1129
103828.82534,156.9799,156.69,156.805,157.17,156.69,2026-08-06 14:50:00,1439
89775.518022,156.8301,156.83,157.0,157.0905,156.6624,2026-08-06 14:51:00,1283
50098.458768,157.0214,157.01,157.09,157.13,156.91,2026-08-06 14:52:00,1119
45560.196909,156.9408,157.07,156.67,157.118,156.65,2026-08-06 14:53:00,947
58086.206473,156.7548,156.67,156.86,156.94,156.55,2026-08-06 14:54:00,1253
32340.970174,156.8596,156.89,156.86,156.94,156.78,2026-08-06 14:55:00,874
78247.267938,156.9055,156.83,156.9301,157.09,156.73,2026-08-06 14:56:00,1352
85987.304635,157.133,156.93,157.2394,157.3199,156.93,2026-08-06 14:57:00,1565
61374.886715,157.1232,157.2,157.11,157.25,157.05,2026-08-06 14:58:00,1025
77182.775446,156.87,157.09,157.01,157.09,156.71,2026-08-06 14:59:00,1534
102196.814073,157.2394,156.98,157.58,157.62,156.97,2026-08-06 15:00:00,1931
86999.455278,157.1683,157.58,157.105,157.63,156.95,2026-08-06 15:01:00,1549
118998.914943,156.889,157.12,156.7001,157.1458,156.66,2026-08-06 15:02:00,1697
113637.8337,156.8602,156.7,156.66,156.99,156.65,2026-08-06 15:03:00,1212
49997.047081,156.7305,156.67,156.855,156.88,156.6,2026-08-06 15:04:00,1065
39922.654116,156.8729,156.8799,156.8795,156.95,156.775,2026-08-06 15:05:00,990
56265.164007,156.7426,156.85,156.8701,156.99,156.6,2026-08-06 15:06:00,1107
38323.116855,156.8171,156.91,156.835,156.94,156.69,2026-08-06 15:07:00,967
61727.614699,157.0454,156.8236,157.145,157.17,156.82,2026-08-06 15:08:00,1086
69856.883046,157.2786,157.09,157.4,157.445,157.09,2026-08-06 15:09:00,1178
64667.406362,157.2915,157.35,157.295,157.4,157.2,2026-08-06 15:10:00,1189
46675.160055,157.3568,157.295,157.3383,157.42,157.295,2026-08-06 15:11:00,895
57326.858461,157.0413,157.31,156.865,157.32,156.795,2026-08-06 15:12:00,1207
57450.643523,156.7555,156.83,156.7,156.85,156.66,2026-08-06 15:13:00,1144
74115.925169,156.6423,156.7,156.605,156.7948,156.51,2026-08-06 15:14:00,1032
72469.619338,156.7659,156.6125,156.875,156.94,156.5,2026-08-06 15:15:00,1199
38225.125374,156.8604,156.85,156.89,156.93,156.79,2026-08-06 15:16:00,900
64103.987858,156.74,156.895,156.585,156.9194,156.54,2026-08-06 15:17:00,1151
73653.049973,156.3635,156.585,156.345,156.618,156.1875,2026-08-06 15:18:00,1470
76995.693649,156.0701,156.29,155.885,156.31,155.85,2026-08-06 15:19:00,1542
56077.519626,155.9183,155.87,155.8987,156.0,155.785,2026-08-06 15:20:00,1197
71222.355721,155.9468,155.86,155.98,156.09,155.79,2026-08-06 15:21:00,1260
66078.491789,155.8153,155.97,155.69,155.98,155.69,2026-08-06 15:22:00,1373
95139.496809,155.5546,155.7,155.55,155.7,155.42,2026-08-06 15:23:00,1609
78430.449753,155.5116,155.56,155.4775,155.64,155.38,2026-08-06 15:24:00,1290
116286.891605,155.5397,155.5,155.62,155.7494,155.4,2026-08-06 15:25:00,1611
93814.072038,155.7872,155.64,155.7901,155.9399,155.61,2026-08-06 15:26:00,1286
111662.666129,156.2156,155.8,156.34,156.415,155.77,2026-08-06 15:27:00,1715
89027.736798,156.3114,156.3204,156.48,156.535,156.27,2026-08-06 15:28:00,1170
98086.57145,156.6536,156.48,156.89,156.89,156.48,2026-08-06 15:29:00,1313
132005.06854,156.9896,156.89,156.99,157.065,156.89,2026-08-06 15:30:00,1495
112656.837187,157.0229,157.004,157.005,157.19,156.93,2026-08-06 15:31:00,1404
109204.725797,157.0498,156.98,157.17,157.3,156.84,2026-08-06 15:32:00,1493
116155.530561,157.081,157.18,156.98,157.29,156.86,2026-08-06 15:33:00,1550
57789.999555,156.8881,156.98,156.845,156.9999,156.8,2026-08-06 15:34:00,1134
92256.312484,156.8353,156.8344,156.96,156.97,156.692,2026-08-06 15:35:00,1326
47008.390841,157.0025,157.0,157.0301,157.07,156.94,2026-08-06 15:36:00,949
31721.877228,156.9377,157.065,156.91,157.065,156.8452,2026-08-06 15:37:00,813
53299.232019,157.0487,156.9,157.24,157.24,156.8478,2026-08-06 15:38:00,1026
136096.339431,157.3872,157.26,157.365,157.5543,157.26,2026-08-06 15:39:00,1881
70340.442232,157.3318,157.33,157.21,157.4497,157.18,2026-08-06 15:40:00,1109
59652.051987,157.0964,157.2,157.04,157.26,156.99,2026-08-06 15:41:00,1137
44638.301664,157.1148,157.055,157.08,157.2,157.0,2026-08-06 15:42:00,999
49020.08941,156.9915,157.06,157.095,157.13,156.91,2026-08-06 15:43:00,819
212605.180235,156.9911,157.12,156.9296,157.165,156.9,2026-08-06 15:44:00,985
67751.62908,156.7109,156.91,156.715,156.92,156.58,2026-08-06 15:45:00,1386
63409.578519,156.9361,156.73,157.07,157.11,156.7001,2026-08-06 15:46:00,1247
37581.928116,157.0072,157.0584,156.965,157.1548,156.9125,2026-08-06 15:47:00,858
689521.447739,156.747,156.93,157.27,157.27,156.88,2026-08-06 15:48:00,944
43865.744212,157.17,157.27,156.93,157.34,156.93,2026-08-06 15:49:00,952
59260.737615,156.9686,156.91,156.82,157.09,156.8,2026-08-06 15:50:00,1109
47711.710289,156.8034,156.85,156.87,156.89,156.69,2026-08-06 15:51:00,1066
37263.219061,156.8167,156.84,156.735,156.9199,156.71,2026-08-06 15:52:00,1019
76289.083759,156.652,156.736,156.73,156.755,156.57,2026-08-06 15:53:00,1162
47457.039437,156.6594,156.73,156.59,156.75,156.54,2026-08-06 15:54:00,1048
56744.943235,156.5323,156.55,156.515,156.64,156.43,2026-08-06 15:55:00,1088
67346.301152,156.5273,156.53,156.545,156.62,156.4387,2026-08-06 15:56:00,1101
60638.515714,156.4813,156.56,156.445,156.59,156.36,2026-08-06 15:57:00,997
80015.75343,156.3555,156.42,156.415,156.5054,156.24,2026-08-06 15:58:00,1201
44785.246881,156.3947,156.42,156.49,156.49,156.3,2026-08-06 15:59:00,927
55222.448699,156.4487,156.46,156.39,156.5897,156.32,2026-08-06 16:00:00,1011
53436.032458,156.2591,156.37,156.37,156.39,156.17,2026-08-06 16:01:00,1062
44656.73295,156.2408,156.355,156.21,156.355,156.165,2026-08-06 16:02:00,1033
75985.235013,156.1284,156.2,156.105,156.255,156.0,2026-08-06 16:03:00,1372
51579.374783,156.2972,156.105,156.37,156.43,156.05,2026-08-06 16:04:00,1157
56996.020151,156.423,156.39,156.55,156.59,156.34,2026-08-06 16:05:00,1192
77314.637762,156.3405,156.545,156.285,156.59,156.16,2026-08-06 16:06:00,1321
41387.048526,156.2961,156.3199,156.205,156.38,156.19,2026-08-06 16:07:00,929
35956.905902,156.2899,156.19,156.255,156.385,156.18,2026-08-06 16:08:00,848
23523.543964,156.41,156.255,156.54,156.55,156.255,2026-08-06 16:09:00,747
33611.715159,156.5234,156.54,156.405,156.63,156.39,2026-08-06 16:10:00,857
44926.975316,156.2508,156.39,156.3,156.425,156.14,2026-08-06 16:11:00,1131
32787.632293,156.1363,156.25,156.12,156.25,156.0314,2026-08-06 16:12:00,768
48492.088525,155.98,156.12,155.8551,156.13,155.83,2026-08-06 16:13:00,1056
75589.97464,155.9508,155.85,155.84,155.975,155.735,2026-08-06 16:14:00,888
63972.983194,155.7967,155.82,155.8,155.92,155.6601,2026-08-06 16:15:00,874
46545.132582,155.797,155.78,155.83,155.89,155.6577,2026-08-06 16:16:00,893
46134.044538,155.8234,155.81,155.88,155.93,155.76,2026-08-06 16:17:00,900
44431.551857,155.8855,155.88,155.99,156.02,155.77,2026-08-06 16:18:00,938
63047.277026,155.9036,156.0,155.68,156.1,155.56,2026-08-06 16:19:00,1201
37376.93254,155.593,155.68,155.65,155.68,155.51,2026-08-06 16:20:00,695
33995.105204,155.6493,155.7299,155.665,155.7299,155.55,2026-08-06 16:21:00,701
37342.771662,155.5688,155.67,155.435,155.705,155.4301,2026-08-06 16:22:00,776
58774.000648,155.3999,155.42,155.3,155.48,155.29,2026-08-06 16:23:00,869
73192.660604,155.2923,155.3,155.415,155.415,155.16,2026-08-06 16:24:00,925
36114.150033,155.3115,155.4,155.2,155.45,155.195,2026-08-06 16:25:00,680
43000.12462,155.244,155.24,155.26,155.32,155.17,2026-08-06 16:26:00,789
29652.247276,155.2488,155.23,155.295,155.32,155.195,2026-08-06 16:27:00,675
44967.181518,155.3702,155.295,155.29,155.45,155.24,2026-08-06 16:28:00,851
38946.947743,155.3412,155.29,155.315,155.4499,155.23,2026-08-06 16:29:00,734
37386.020469,155.3753,155.33,155.4499,155.4499,155.29,2026-08-06 16:30:00,616
37343.488085,155.4478,155.44,155.36,155.49,155.36,2026-08-06 16:31:00,736
36850.306122,155.2936,155.4,155.1521,155.4,155.13,2026-08-06 16:32:00,790
55380.271182,155.09,155.121,155.0405,155.2164,155.01,2026-08-06 16:33:00,895
109937.844825,155.006,155.01,155.09,155.1231,154.9,2026-08-06 16:34:00,1568
76003.491253,155.0505,155.0962,154.94,155.25,154.9001,2026-08-06 16:35:00,946
41685.855769,155.0557,154.965,154.96,155.11,154.95,2026-08-06 16:36:00,710
33757.259969,154.9666,154.93,154.96,155.02,154.89,2026-08-06 16:37:00,733
39244.860517,155.0391,154.9201,155.14,155.1821,154.89,2026-08-06 16:38:00,806
43358.783587,155.1609,155.115,155.28,155.28,155.05,2026-08-06 16:39:00,610
53367.659405,155.1365,155.28,155.05,155.29,155.0005,2026-08-06 16:40:00,904
50574.894511,154.9921,155.07,155.075,155.1,154.85,2026-08-06 16:41:00,936
36082.204495,154.9615,155.08,154.9399,155.08,154.91,2026-08-06 16:42:00,588
22254.936359,154.9572,154.92,154.89,155.01,154.89,2026-08-06 16:43:00,508
57490.141823,154.764,154.89,154.6246,154.89,154.6246,2026-08-06 16:44:00,979
49293.553645,154.7588,154.64,154.78,154.82,154.64,2026-08-06 16:45:00,821
51161.809968,154.9747,154.71,154.89,154.94,154.69,2026-08-06 16:46:00,770
46001.209937,154.9958,154.89,155.12,155.14,154.8563,2026-08-06 16:47:00,780
43005.46903,155.0918,155.12,155.05,155.1499,155.05,2026-08-06 16:48:00,649
54367.263149,155.1065,155.04,155.1,155.18,155.0,2026-08-06 16:49:00,714
26995.585032,155.1512,155.12,155.135,155.22,155.11,2026-08-06 16:50:00,562
69521.32989,155.25,155.11,155.295,155.38,155.03,2026-08-06 16:51:00,1038
60074.498808,155.2241,155.295,155.17,155.325,155.11,2026-08-06 16:52:00,796
33099.444893,155.1821,155.2299,155.16,155.29,155.08,2026-08-06 16:53:00,636
39632.522397,155.2128,155.165,155.23,155.3,155.1501,2026-08-06 16:54:00,704
32207.810683,155.2239,155.2471,155.23,155.28,155.16,2026-08-06 16:55:00,891
45869.752335,155.2898,155.25,155.27,155.34,155.2318,2026-08-06 16:56:00,694
35717.972262,155.2515,155.265,155.225,155.2999,155.1901,2026-08-06 16:57:00,589
34483.842701,155.1702,155.235,155.11,155.3,155.03,2026-08-06 16:58:00,711
39630.847128,155.1139,155.12,155.085,155.22,155.02,2026-08-06 16:59:00,800
47365.301806,155.1109,155.07,155.205,155.205,155.07,2026-08-06 17:00:00,729
65184.011345,155.2546,155.195,155.19,155.3599,155.15,2026-08-06 17:01:00,844
49646.698887,155.3981,155.17,155.42,155.62,155.115,2026-08-06 17:02:00,862
51823.619877,155.3631,155.43,155.325,155.46,155.29,2026-08-06 17:03:00,616
108135.563624,155.4999,155.31,155.71,155.7997,155.28,2026-08-06 17:04:00,670
42920.479184,155.7952,155.73,155.87,155.9,155.7,2026-08-06 17:05:00,745
95725.720978,155.723,155.87,155.92,156.04,155.87,2026-08-06 17:06:00,886
148696.827049,155.8318,155.9001,155.81,155.91,155.7,2026-08-06 17:07:00,1107
81614.463466,155.3915,155.8299,155.82,155.845,155.74,2026-08-06 17:08:00,581
32716.034256,155.7723,155.7961,155.765,155.83,155.71,2026-08-06 17:09:00,558
43341.889656,155.7687,155.76,155.7299,155.83,155.66,2026-08-06 17:10:00,704
28556.493658,155.6686,155.705,155.665,155.73,155.6,2026-08-06 17:11:00,560
28439.558384,155.6449,155.62,155.72,155.74,155.57,2026-08-06 17:12:00,524
27002.007766,155.7398,155.715,155.7,155.7999,155.67,2026-08-06 17:13:00,526
27786.261158,155.6899,155.7,155.645,155.77,155.64,2026-08-06 17:14:00,457
29947.248879,155.6645,155.67,155.73,155.7669,155.57,2026-08-06 17:15:00,551
39664.371374,155.8139,155.73,155.82,155.87,155.7101,2026-08-06 17:16:00,676
29695.796898,155.9154,155.81,155.9405,155.975,155.79,2026-08-06 17:17:00,554
67050.147511,156.0509,155.94,156.2,156.2,155.93,2026-08-06 17:18:00,811
30414.700646,156.1623,156.2338,156.25,156.25,156.09,2026-08-06 17:19:00,611
42405.74551,156.2477,156.26,156.27,156.2998,156.19,2026-08-06 17:20:00,730
55998.007721,156.2862,156.2713,156.305,156.34,156.216,2026-08-06 17:21:00,828
27738.782406,156.3063,156.3,156.235,156.3694,156.23,2026-08-06 17:22:00,559
45282.672827,156.2072,156.23,156.18,156.2699,156.1275,2026-08-06 17:23:00,614
61705.530351,156.0847,156.19,156.05,156.2204,155.98,2026-08-06 17:24:00,1070
32284.686195,156.0323,156.07,156.025,156.1227,155.975,2026-08-06 17:25:00,657
53007.436072,155.8786,156.0,155.8,156.03,155.74,2026-08-06 17:26:00,902
28161.99623,155.8423,155.785,155.9117,155.9378,155.75,2026-08-06 17:27:00,572
52931.057572,155.9889,155.89,156.11,156.11,155.89,2026-08-06 17:28:00,862
50197.903432,155.8423,156.1099,155.69,156.1099,155.65,2026-08-06 17:29:00,785
38981.299367,155.791,155.675,155.905,155.935,155.66,2026-08-06 17:30:00,753
24873.629618,155.8468,155.88,155.74,155.9463,155.71,2026-08-06 17:31:00,574
26076.372644,155.745,155.77,155.79,155.815,155.65,2026-08-06 17:32:00,635
60387.990386,156.035,155.8,155.94,156.13,155.8,2026-08-06 17:33:00,962
30418.774871,156.0063,155.965,156.005,156.08,155.93,2026-08-06 17:34:00,608
41550.976221,156.163,156.03,156.18,156.2599,156.02,2026-08-06 17:35:00,696
42629.754181,156.1895,156.16,156.24,156.26,156.14,2026-08-06 17:36:00,677
30604.642983,156.2053,156.23,156.27,156.27,156.15,2026-08-06 17:37:00,573
43455.944626,156.1791,156.27,156.1,156.27,156.0403,2026-08-06 17:38:00,652
47396.590202,155.8915,156.1,155.75,156.1,155.73,2026-08-06 17:39:00,782
38976.662234,155.7692,155.75,155.81,155.89,155.66,2026-08-06 17:40:00,723
28533.956822,155.8916,155.81,155.93,155.95,155.8,2026-08-06 17:41:00,636
118079.352672,155.9546,155.915,155.86,156.0,155.85,2026-08-06 17:42:00,1036
33916.895334,155.7822,155.86,155.6856,155.87,155.65,2026-08-06 17:43:00,647
27982.573897,155.7062,155.69,155.79,155.79,155.65,2026-08-06 17:44:00,599
35401.038368,155.7857,155.81,155.75,155.83,155.74,2026-08-06 17:45:00,670
37940.451318,155.8057,155.72,155.885,155.9199,155.72,2026-08-06 17:46:00,651
25117.042921,155.8271,155.86,155.765,155.9,155.73,2026-08-06 17:47:00,475
31771.191766,155.7403,155.7549,155.69,155.81,155.67,2026-08-06 17:48:00,570
51160.214867,155.6516,155.71,155.4501,155.79,155.45,2026-08-06 17:49:00,729
42653.218947,155.6241,155.4745,155.63,155.7399,155.4745,2026-08-06 17:50:00,760
47528.54125,155.6872,155.61,155.78,155.8,155.57,2026-08-06 17:51:00,1214
48935.968926,155.7847,155.795,155.83,155.89,155.6867,2026-08-06 17:52:00,1088
28566.153001,155.7396,155.795,155.685,155.81,155.65,2026-08-06 17:53:00,556
28286.746763,155.6806,155.69,155.645,155.765,155.63,2026-08-06 17:54:00,438
45074.628147,155.6971,155.65,155.6048,155.8,155.58,2026-08-06 17:55:00,788
25578.63041,155.5979,155.61,155.62,155.65,155.5245,2026-08-06 17:56:00,526
54503.982268,155.8613,155.645,155.99,155.995,155.63,2026-08-06 17:57:00,853
33011.650418,155.979,155.965,156.03,156.0469,155.91,2026-08-06 17:58:00,766
34924.834118,155.9227,156.0,155.91,156.0,155.8834,2026-08-06 17:59:00,681
45041.311256,156.0691,155.91,156.235,156.2395,155.91,2026-08-06 18:00:00,752
50861.072922,156.0935,156.21,155.965,156.2267,155.95,2026-08-06 18:01:00,760
44052.892432,155.8936,155.98,155.795,156.0599,155.75,2026-08-06 18:02:00,729
27246.577467,155.8215,155.785,155.82,155.85,155.71,2026-08-06 18:03:00,619
53357.653126,155.8557,155.8201,155.905,155.95,155.75,2026-08-06 18:04:00,953
43136.888816,155.9017,155.89,155.83,155.95,155.82,2026-08-06 18:05:00,820
49971.133693,155.7425,155.825,155.79,155.85,155.655,2026-08-06 18:06:00,950
32833.761865,155.7871,155.8,155.835,155.835,155.73,2026-08-06 18:07:00,604
36694.947678,155.9116,155.85,155.86,155.98,155.85,2026-08-06 18:08:00,628
38852.688507,155.8929,155.872,155.94,155.97,155.815,2026-08-06 18:09:00,658
53875.42848,155.9147,155.92,155.9317,155.95,155.8601,2026-08-06 18:10:00,672
37340.305254,156.0137,155.96,155.94,156.0999,155.93,2026-08-06 18:11:00,687
30594.90539,156.0623,155.96,156.1723,156.18,155.95,2026-08-06 18:12:00,543
27630.786752,156.1178,156.16,156.1301,156.17,156.08,2026-08-06 18:13:00,576
51408.546111,156.3336,156.145,156.345,156.4283,156.14,2026-08-06 18:14:00,771
44691.79215,156.3454,156.3599,156.33,156.42,156.27,2026-08-06 18:15:00,822
102755.569051,156.1609,156.3,156.38,156.39,156.03,2026-08-06 18:16:00,2556
33232.16937,156.3244,156.375,156.315,156.4044,156.245,2026-08-06 18:17:00,632
34478.868821,156.2795,156.32,156.2,156.32,156.2,2026-08-06 18:18:00,661
26053.529046,156.2288,156.2,156.24,156.2632,156.19,2026-08-06 18:19:00,458
36672.917892,156.266,156.24,156.325,156.38,156.1901,2026-08-06 18:20:00,633
35384.239071,156.2598,156.2909,156.3,156.3499,156.18,2026-08-06 18:21:00,654
24269.793559,156.2736,156.33,156.21,156.33,156.1816,2026-08-06 18:22:00,612
32712.443893,156.1472,156.19,156.07,156.2,156.0406,2026-08-06 18:23:00,589
46037.459224,156.0647,156.075,156.075,156.16,155.955,2026-08-06 18:24:00,642
32345.413663,156.0646,156.075,155.95,156.1251,155.95,2026-08-06 18:25:00,642
41294.559795,156.026,155.94,156.12,156.12,155.9,2026-08-06 18:26:00,681
27824.946613,156.1992,156.14,156.21,156.2509,156.14,2026-08-06 18:27:00,492
25551.510302,156.2472,156.215,156.23,156.2799,156.21,2026-08-06 18:28:00,500
27904.354898,156.2092,156.23,156.19,156.244,156.175,2026-08-06 18:29:00,636
49615.085804,156.2494,156.18,156.3,156.35,156.17,2026-08-06 18:30:00,904
56214.320429,156.2479,156.3,156.12,156.32,156.0601,2026-08-06 18:31:00,1053
29758.226699,156.0597,156.105,155.98,156.15,155.96,2026-08-06 18:32:00,552
42072.843874,155.9361,155.97,155.915,156.0,155.86,2026-08-06 18:33:00,807
43783.243377,155.8468,155.91,155.845,155.96,155.745,2026-08-06 18:34:00,683
41676.591429,155.8895,155.8681,155.885,155.95,155.8,2026-08-06 18:35:00,684
27009.883099,155.8736,155.88,155.93,155.94,155.79,2026-08-06 18:36:00,502
42499.254204,155.8404,155.935,155.79,155.94,155.77,2026-08-06 18:37:00,792
31182.658394,155.7724,155.8051,155.74,155.81,155.73,2026-08-06 18:38:00,724
33772.906039,155.7211,155.73,155.68,155.82,155.645,2026-08-06 18:39:00,613
30293.449348,155.7117,155.66,155.66,155.78,155.62,2026-08-06 18:40:00,637
34527.430001,155.6227,155.655,155.525,155.71,155.51,2026-08-06 18:41:00,826
36037.929586,155.5438,155.52,155.54,155.595,155.5,2026-08-06 18:42:00,719
35408.279175,155.5407,155.55,155.51,155.58,155.5,2026-08-06 18:43:00,612
134052.251413,155.3745,155.54,155.26,155.57,155.2001,2026-08-06 18:44:00,1636
51485.896441,155.4837,155.28,155.5616,155.63,155.27,2026-08-06 18:45:00,923
33687.010678,155.5451,155.57,155.505,155.64,155.44,2026-08-06 18:46:00,680
17197.467755,155.5478,155.505,155.59,155.59,155.505,2026-08-06 18:47:00,547
47740.915861,155.4968,155.555,155.51,155.59,155.44,2026-08-06 18:48:00,995
29011.401691,155.4276,155.5,155.35,155.53,155.35,2026-08-06 18:49:00,600
31753.588688,155.4371,155.355,155.45,155.49,155.3404,2026-08-06 18:50:00,617
33068.605051,155.431,155.45,155.41,155.51,155.38,2026-08-06 18:51:00,600
30955.69807,155.3622,155.4,155.315,155.4111,155.31,2026-08-06 18:52:00,988
31011.636316,155.2808,155.315,155.23,155.3209,155.22,2026-08-06 18:53:00,670
62391.068191,155.1583,155.23,155.105,155.26,155.09,2026-08-06 18:54:00,1070
46527.574673,155.1719,155.1,155.2,155.22,155.08,2026-08-06 18:55:00,801
50229.910227,155.2925,155.2,155.31,155.35,155.175,2026-08-06 18:56:00,768
35990.042725,155.2747,155.3299,155.308,155.34,155.22,2026-08-06 18:57:00,633
30157.060098,155.3011,155.3025,155.33,155.34,155.26,2026-08-06 18:58:00,491
31994.49701,155.2844,155.34,155.27,155.34,155.24,2026-08-06 18:59:00,630
42878.538181,155.2919,155.28,155.225,155.3454,155.21,2026-08-06 19:00:00,737
55589.258879,155.1646,155.21,155.205,155.23,155.08,2026-08-06 19:01:00,780
23691.034942,155.1774,155.21,155.17,155.23,155.11,2026-08-06 19:02:00,545
42840.265547,155.1848,155.155,155.215,155.24,155.13,2026-08-06 19:03:00,684
89651.585119,155.2534,155.215,155.2,155.32,155.2,2026-08-06 19:04:00,887
69397.796927,155.1754,155.19,155.22,155.24,155.07,2026-08-06 19:05:00,1027
70490.459753,155.2379,155.21,155.22,155.32,155.16,2026-08-06 19:06:00,824
43344.726764,155.2968,155.22,155.3499,155.35,155.2,2026-08-06 19:07:00,717
46804.006686,155.3578,155.3248,155.285,155.41,155.285,2026-08-06 19:08:00,800
87080.054347,155.3772,155.285,155.48,155.51,155.26,2026-08-06 19:09:00,978
43471.680582,155.4868,155.4601,155.57,155.58,155.4,2026-08-06 19:10:00,725
40174.502752,155.5133,155.5635,155.47,155.5895,155.46,2026-08-06 19:11:00,717
46723.918368,155.5605,155.48,155.6,155.6399,155.48,2026-08-06 19:12:00,820
37779.793018,155.5241,155.58,155.515,155.59,155.45,2026-08-06 19:13:00,708
34154.254468,155.4342,155.49,155.365,155.5073,155.35,2026-08-06 19:14:00,632
38620.766655,155.4631,155.37,155.44,155.51,155.37,2026-08-06 19:15:00,712
29561.523401,155.5098,155.46,155.525,155.57,155.455,2026-08-06 19:16:00,639
46011.090225,155.5789,155.505,155.64,155.65,155.5,2026-08-06 19:17:00,830
46198.094123,155.6124,155.6401,155.6655,155.6655,155.55,2026-08-06 19:18:00,739
64586.459621,155.6792,155.655,155.69,155.745,155.63,2026-08-06 19:19:00,991
109940.560441,155.6865,155.71,155.66,155.77,155.62,2026-08-06 19:20:00,1893
55114.287173,155.6778,155.665,155.58,155.805,155.57,2026-08-06 19:21:00,920
31579.311578,155.5756,155.575,155.595,155.62,155.52,2026-08-06 19:22:00,659
35952.281492,155.5379,155.59,155.53,155.59,155.49,2026-08-06 19:23:00,735
44570.355759,155.4946,155.54,155.4975,155.555,155.44,2026-08-06 19:24:00,762
35642.634614,155.549,155.52,155.58,155.6399,155.48,2026-08-06 19:25:00,722
21466.970564,155.5777,155.57,155.56,155.64,155.5101,2026-08-06 19:26:00,588
23880.439254,155.562,155.55,155.56,155.58,155.54,2026-08-06 19:27:00,602
36824.858566,155.6616,155.57,155.7095,155.72,155.57,2026-08-06 19:28:00,807
59248.115284,155.6203,155.69,155.54,155.72,155.54,2026-08-06 19:29:00,939
67625.733786,155.5604,155.55,155.61,155.645,155.46,2026-08-06 19:30:00,1184
69880.9576,155.7509,155.62,155.7747,155.83,155.62,2026-08-06 19:31:00,1132
103173.985076,155.9658,155.7999,155.95,156.065,155.785,2026-08-06 19:32:00,1365
44172.252235,155.8754,155.955,155.9,155.96,155.83,2026-08-06 19:33:00,944
52523.576729,155.8877,155.88,155.9589,155.9797,155.795,2026-08-06 19:34:00,933
61318.698221,155.9888,155.95,156.06,156.09,155.9201,2026-08-06 19:35:00,1110
42101.307048,155.9683,156.06,156.0,156.07,155.89,2026-08-06 19:36:00,822
38279.390761,156.0292,155.98,156.015,156.09,155.97,2026-08-06 19:37:00,784
36390.04281,156.0792,156.025,156.095,156.15,156.0111,2026-08-06 19:38:00,831
53115.305309,156.1437,156.095,156.145,156.2,156.08,2026-08-06 19:39:00,1073
55346.660044,156.0917,156.14,156.03,156.1978,156.01,2026-08-06 19:40:00,930
61244.185486,155.9026,156.0111,155.79,156.02,155.79,2026-08-06 19:41:00,1336
51506.085651,155.7235,155.79,155.6,155.86,155.6,2026-08-06 19:42:00,1131
36841.924235,155.763,155.595,155.83,155.85,155.57,2026-08-06 19:43:00,826
58185.807359,155.9106,155.81,155.96,155.99,155.8,2026-08-06 19:44:00,1112
71459.951348,156.0097,155.98,156.02,156.09,155.925,2026-08-06 19:45:00,1262
38299.243876,155.9462,156.01,155.87,156.055,155.86,2026-08-06 19:46:00,872
45581.462038,155.8951,155.87,155.85,155.94,155.85,2026-08-06 19:47:00,858
57462.633665,155.9203,155.86,155.92,156.02,155.85,2026-08-06 19:48:00,1018
57437.002137,155.8703,155.925,155.82,155.925,155.82,2026-08-06 19:49:00,1052
187851.049121,155.5935,155.81,155.6399,155.82,155.42,2026-08-06 19:50:00,2823
84782.170666,155.506,155.58,155.44,155.63,155.41,2026-08-06 19:51:00,1576
82087.706944,155.5183,155.4466,155.515,155.59,155.43,2026-08-06 19:52:00,1582
151018.810024,155.586,155.53,155.7,155.745,155.47,2026-08-06 19:53:00,2150
129796.885082,155.766,155.73,155.82,155.89,155.655,2026-08-06 19:54:00,2164
172535.533327,155.8635,155.82,155.975,155.99,155.76,2026-08-06 19:55:00,2960
141916.972615,155.8983,155.975,155.94,155.99,155.83,2026-08-06 19:56:00,2335
172786.829299,155.9692,155.94,156.0042,156.085,155.89,2026-08-06 19:57:00,2975
191778.526831,156.0067,156.0,156.02,156.07,155.98,2026-08-06 19:58:00,3259
493602.774109,155.9768,156.02,155.98,156.05,155.86,2026-08-06 19:59:00,6779
58189.633208,155.92,155.92,155.75,156.1,155.75,2026-08-06 20:00:00,158
4898.818641,156.0376,155.99,155.92,156.1,155.92,2026-08-06 20:01:00,135
9911.621656,155.7961,155.92,155.67,155.92,155.67,2026-08-06 20:02:00,128
4263.386902,155.6451,155.631,155.568,155.7715,155.5,2026-08-06 20:03:00,102
1333.743846,155.9005,155.78,155.8999,155.8999,155.73,2026-08-06 20:04:00,59
10403.575134,155.9106,155.8945,155.7502,155.8945,155.7502,2026-08-06 20:05:00,50
3742.804661,155.9977,155.91,156.09,156.09,155.8532,2026-08-06 20:06:00,138
5662.792426,156.0636,156.0499,155.967,156.06,155.967,2026-08-06 20:07:00,42
1001.841796,156.1668,155.89,156.02,156.0675,155.89,2026-08-06 20:08:00,26
3119.271013,156.1426,156.06,156.066,156.2144,156.06,2026-08-06 20:09:00,116
2455.732431,156.3084,156.24,156.27,156.27,156.24,2026-08-06 20:10:00,124
1561.318443,156.3247,156.35,156.38,156.41,156.1768,2026-08-06 20:11:00,31
1642.70407,156.2988,156.26,156.25,156.26,156.17,2026-08-06 20:12:00,40
2124.771821,156.3063,156.36,156.22,156.36,156.2,2026-08-06 20:13:00,43
3038.964668,156.2417,156.2397,156.2,156.2397,156.0547,2026-08-06 20:14:00,38
3318.476144,156.2848,156.25,156.34,156.4,156.2,2026-08-06 20:15:00,82
2989.377107,156.3774,156.37,156.4,156.4,156.28,2026-08-06 20:16:00,73
3182.002777,156.365,156.41,156.4,156.41,156.3992,2026-08-06 20:17:00,59
2771.582735,156.1625,156.33,156.0638,156.37,156.02,2026-08-06 20:18:00,42
1632.058,156.1102,156.25,156.0221,156.25,156.0221,2026-08-06 20:19:00,17
474.000415,156.2256,156.25,156.25,156.25,156.25,2026-08-06 20:20:00,34
691.587526,156.3461,156.2,156.2,156.2,156.2,2026-08-06 20:21:00,37
568.770128,156.3586,156.2,156.2,156.2,156.2,2026-08-06 20:22:00,35
2587.126916,156.0401,156.1,156.02,156.1,156.02,2026-08-06 20:23:00,36
4695.843104,155.9431,156.0,155.83,156.01,155.83,2026-08-06 20:24:00,59
3827.182157,155.7114,155.83,155.5658,155.83,155.5658,2026-08-06 20:25:00,46
2595.49029,155.7319,155.7,155.6289,155.7,155.6289,2026-08-06 20:26:00,17
368.538736,155.9283,155.65,155.65,155.65,155.65,2026-08-06 20:27:00,23
722.60278,155.8527,155.7588,155.7618,155.7618,155.6543,2026-08-06 20:28:00,23
10933.530639,155.7765,155.74,155.68,155.78,155.64,2026-08-06 20:29:00,50
690.006523,155.7352,155.6451,155.78,155.78,155.6451,2026-08-06 20:30:00,22
556.641546,156.0291,155.78,155.88,155.88,155.78,2026-08-06 20:31:00,34
2395.171533,155.8742,155.87,155.85,155.87,155.85,2026-08-06 20:32:00,19
375.054466,155.9373,155.95,155.8624,155.95,155.8624,2026-08-06 20:33:00,11
5888.852585,156.044,155.97,156.2,156.2,155.96,2026-08-06 20:34:00,85
503.02882,155.9643,156.01,155.89,156.01,155.89,2026-08-06 20:35:00,21
165.006404,156.1544,156.2,156.2,156.2,156.2,2026-08-06 20:36:00,11
1595.098227,156.0358,156.1232,156.01,156.1232,156.01,2026-08-06 20:37:00,41
2625.65217,156.08,156.093,156.0,156.1068,156.0,2026-08-06 20:38:00,34
958.436936,156.0265,155.9024,155.97,155.97,155.9024,2026-08-06 20:39:00,39
502.773822,156.2439,155.95,156.05,156.05,155.95,2026-08-06 20:40:00,19
3487.897068,156.0122,155.9201,156.0844,156.0844,155.9201,2026-08-06 20:42:00,40
779.366215,156.0232,155.97,155.9336,155.97,155.92,2026-08-06 20:43:00,32
831.01923,155.9792,156.0,156.0,156.0,156.0,2026-08-06 20:44:00,23
487.203338,155.9716,155.9,155.9,155.9,155.9,2026-08-06 20:46:00,26
27439.794877,155.9242,155.9,155.9,155.9,155.9,2026-08-06 20:47:00,24
293.0,155.9147,155.9101,155.9101,155.9101,155.9101,2026-08-06 20:48:00,12
1144.0,155.9423,155.93,155.95,155.95,155.93,2026-08-06 20:49:00,27
1283.49,155.9348,155.86,155.86,155.86,155.86,2026-08-06 20:50:00,20
1791.0,151.5959,155.8813,155.8813,155.8813,155.8813,2026-08-06 20:51:00,14
2827.588113,155.9666,155.9945,155.8813,155.9945,155.86,2026-08-06 20:52:00,17
952.394026,155.9957,156.0,155.98,156.0,155.8817,2026-08-06 20:53:00,38
997.674842,156.0001,155.9856,155.86,155.9856,155.86,2026-08-06 20:54:00,22
169.854154,156.6788,155.9,155.9,155.9,155.9,2026-08-06 20:55:00,19
465.070557,155.8982,155.86,155.8662,155.8662,155.86,2026-08-06 20:56:00,32
1064.089349,155.6743,155.87,155.9,155.9,155.86,2026-08-06 20:57:00,34
4355.632361,155.908,155.9,155.87,155.9,155.86,2026-08-06 20:58:00,30
1706.883214,156.4057,155.86,155.86,155.86,155.86,2026-08-06 20:59:00,19
2074.91,155.9286,155.86,155.86,155.86,155.86,2026-08-06 21:00:00,10
392.16,155.9633,155.87,155.87,155.87,155.87,2026-08-06 21:01:00,20
913.078457,155.8952,155.9001,155.86,155.9001,155.86,2026-08-06 21:02:00,26
768.467424,153.8346,155.89,155.9,155.9,155.89,2026-08-06 21:03:00,20
1124.0,155.8916,155.9,155.8647,155.9,155.8647,2026-08-06 21:04:00,21
195.42,156.2259,155.8855,155.8855,155.8855,155.8855,2026-08-06 21:05:00,17
951.0,154.1582,155.8855,155.88,155.8855,155.88,2026-08-06 21:06:00,32
217.269375,156.066,155.8601,155.8601,155.8601,155.8601,2026-08-06 21:07:00,10
1602.064145,155.881,155.86,155.88,155.9,155.86,2026-08-06 21:08:00,51
18561.833074,155.4456,155.86,155.85,155.86,155.85,2026-08-06 21:09:00,82
563.652738,156.1775,155.73,155.73,155.73,155.73,2026-08-06 21:11:00,22
581.03099,155.8234,155.81,155.82,155.82,155.81,2026-08-06 21:12:00,32
906.51679,155.9111,155.8,155.83,155.83,155.8,2026-08-06 21:13:00,31
2429.257994,155.6701,155.83,155.83,155.8387,155.83,2026-08-06 21:14:00,53
301.4,155.9905,155.73,155.73,155.73,155.73,2026-08-06 21:15:00,15
1358.94998,155.9274,155.7503,155.7601,155.8385,155.7503,2026-08-06 21:17:00,19
3758.413259,155.8651,155.85,155.85,155.85,155.8,2026-08-06 21:18:00,55
1635.365843,156.0125,155.91,156.04,156.04,155.91,2026-08-06 21:19:00,91
1114.861992,156.2226,156.05,156.12,156.12,156.05,2026-08-06 21:20:00,40
3465.140898,156.1031,156.17,156.1,156.17,156.0268,2026-08-06 21:21:00,21
2101.49263,156.1277,156.0987,156.0878,156.0987,156.0878,2026-08-06 21:22:00,15
390.0,156.0962,156.09,156.1,156.1,156.09,2026-08-06 21:23:00,18
1334.038421,156.1476,156.16,156.15,156.16,156.1,2026-08-06 21:24:00,18
550.378986,156.2902,156.19,156.19,156.19,156.19,2026-08-06 21:25:00,21
471.581702,156.3187,156.0444,156.2,156.2,156.0444,2026-08-06 21:26:00,17
438.03202,156.1356,156.2,156.1486,156.2,156.0,2026-08-06 21:28:00,12
758.825564,156.3082,156.13,156.185,156.185,156.13,2026-08-06 21:29:00,31
3592.517324,156.2656,156.15,156.29,156.29,156.15,2026-08-06 21:30:00,61
364.579874,156.5072,156.2521,156.2521,156.2521,156.2521,2026-08-06 21:33:00,21
277.92,156.7738,156.25,156.2606,156.2606,156.25,2026-08-06 21:34:00,13
1151.952003,156.261,156.1139,156.1139,156.1139,156.1139,2026-08-06 21:35:00,20
1519.280049,156.195,156.1,156.23,156.2437,156.1,2026-08-06 21:36:00,27
515.735048,156.456,156.25,156.25,156.25,156.25,2026-08-06 21:37:00,41
390.654986,156.4266,156.16,156.16,156.16,156.16,2026-08-06 21:38:00,22
240.960892,156.8326,156.21,156.21,156.21,156.21,2026-08-06 21:39:00,12
924.045006,156.2081,156.2017,156.2017,156.2017,156.2017,2026-08-06 21:40:00,35
261.636933,156.5062,156.1001,156.1001,156.1001,156.1001,2026-08-06 21:42:00,23
557.234581,156.2424,156.19,156.16,156.19,156.16,2026-08-06 21:43:00,36
1855.098041,156.2346,156.18,156.28,156.28,156.16,2026-08-06 21:44:00,92
1072.621921,156.3744,156.29,156.3,156.3,156.29,2026-08-06 21:45:00,53
701.0,156.3002,156.3,156.2959,156.3,156.2959,2026-08-06 21:46:00,39
562.41937,156.3439,156.23,156.23,156.23,156.23,2026-08-06 21:48:00,35
1498.976373,156.3546,156.2469,156.279,156.279,156.2469,2026-08-06 21:51:00,34
9328.938024,156.5614,156.2552,156.6,156.8,156.2552,2026-08-06 21:52:00,207
3478.684899,156.8295,156.8,156.8914,156.8914,156.8,2026-08-06 21:54:00,88
735.325193,156.9037,156.8416,156.84,156.8416,156.84,2026-08-06 21:55:00,43
932.742721,156.9295,156.84,156.8044,156.84,156.8,2026-08-06 21:56:00,35
654.505187,156.9094,156.8305,156.8106,156.8305,156.8106,2026-08-06 21:57:00,25
2410.857239,156.761,156.7222,156.6845,156.7222,156.6845,2026-08-06 21:58:00,38
426.063791,156.7039,156.6372,156.72,156.72,156.6372,2026-08-06 22:00:00,24
304.0,156.6193,156.61,156.61,156.61,156.61,2026-08-06 22:01:00,19
615.796225,156.9215,156.752,156.752,156.752,156.752,2026-08-06 22:02:00,14
1370.67343,156.6115,156.6,156.5597,156.6551,156.41,2026-08-06 22:04:00,42
1306.031912,156.5204,156.45,156.66,156.66,156.45,2026-08-06 22:05:00,23
387.200708,156.6497,156.5685,156.5685,156.5685,156.5685,2026-08-06 22:07:00,11
1263.638977,156.664,156.53,156.59,156.59,156.53,2026-08-06 22:08:00,31
736.063838,156.6776,156.7251,156.65,156.7251,156.65,2026-08-06 22:09:00,22
1194.08,156.7338,156.7109,156.67,156.79,156.67,2026-08-06 22:11:00,63
994.920329,156.8638,156.67,156.72,156.77,156.67,2026-08-06 22:12:00,15
650.576585,156.8879,156.7808,156.7808,156.7808,156.7808,2026-08-06 22:13:00,36
942.318819,156.8391,156.79,156.8,156.8,156.79,2026-08-06 22:14:00,32
225.127541,156.8847,156.81,156.81,156.81,156.81,2026-08-06 22:15:00,21
1100.375544,156.777,156.73,156.68,156.73,156.68,2026-08-06 22:16:00,44
770.1,156.818,156.81,156.81,156.81,156.81,2026-08-06 22:18:00,19
871.58322,156.9215,156.84,156.8,156.84,156.8,2026-08-06 22:20:00,16
300.637829,157.0942,156.8,156.8,156.8,156.8,2026-08-06 22:22:00,15
833.059823,156.7079,156.6927,156.68,156.6927,156.68,2026-08-06 22:23:00,20
452.925512,156.9292,156.5796,156.5796,156.5796,156.5796,2026-08-06 22:27:00,12
2201.0,156.5332,156.56,156.5,156.56,156.5,2026-08-06 22:28:00,28
522.076404,156.6172,156.59,156.6,156.6,156.59,2026-08-06 22:31:00,28
2502.122171,156.4676,156.5,156.41,156.5,156.41,2026-08-06 22:32:00,44
3103.08035,156.2278,156.2999,156.21,156.2999,156.2,2026-08-06 22:33:00,40
116.989824,157.6715,156.3255,156.3255,156.3255,156.3255,2026-08-06 22:40:00,12
352.644189,156.6508,156.3089,156.3089,156.3089,156.3089,2026-08-06 22:41:00,20
239.0,156.4438,156.36,156.5458,156.5458,156.36,2026-08-06 22:43:00,8
309.518562,156.6016,156.34,156.34,156.34,156.34,2026-08-06 22:47:00,10
187.006391,156.4028,156.3439,156.3439,156.3439,156.3439,2026-08-06 22:48:00,11
2422.009906,156.2943,156.36,156.25,156.36,156.25,2026-08-06 22:49:00,33
513.063918,156.3189,156.32,156.2503,156.32,156.2503,2026-08-06 22:50:00,23
3069.651828,156.2858,156.25,156.25,156.25,156.25,2026-08-06 22:51:00,22
669.9829,156.7085,156.5,156.5,156.5,156.5,2026-08-06 22:53:00,24
832.290947,156.4436,156.3111,156.43,156.59,156.3111,2026-08-06 22:55:00,13
197.097605,156.5119,156.43,156.43,156.43,156.43,2026-08-06 22:56:00,14
606.765652,156.7289,156.5468,156.5468,156.5468,156.5468,2026-08-06 22:58:00,26
346.049392,156.5219,156.48,156.48,156.48,156.48,2026-08-06 22:59:00,23
275.383476,156.6964,156.48,156.48,156.48,156.48,2026-08-06 23:01:00,10
515.354609,156.6258,156.5552,156.45,156.5552,156.45,2026-08-06 23:02:00,16
360.261509,156.5232,156.41,156.41,156.41,156.41,2026-08-06 23:04:00,18
555.392744,156.5222,156.4444,156.3594,156.4444,156.3594,2026-08-06 23:06:00,14
739.35,156.4608,156.4,156.36,156.4,156.36,2026-08-06 23:07:00,16
5630.0,156.4837,156.4521,156.5,156.5,156.43,2026-08-06 23:08:00,11
1521.0,156.4636,156.48,156.49,156.49,156.41,2026-08-06 23:10:00,10
1019.959079,156.5995,156.45,156.45,156.45,156.45,2026-08-06 23:12:00,11
1603.020453,156.3022,156.3,156.3,156.3,156.3,2026-08-06 23:13:00,6
209.658461,156.9043,156.4,156.4,156.4,156.4,2026-08-06 23:14:00,10
474.669335,156.6438,156.44,156.4,156.44,156.4,2026-08-06 23:15:00,19
476.0,156.4855,156.5,156.5,156.5,156.5,2026-08-06 23:18:00,21
186.097693,156.6953,156.6,156.6,156.6,156.6,2026-08-06 23:22:00,8
3641.19157,156.6375,156.6,156.6772,156.6772,156.5358,2026-08-06 23:23:00,10
298.261763,156.787,156.64,156.64,156.64,156.64,2026-08-06 23:25:00,20
680.019087,156.6494,156.64,156.65,156.65,156.64,2026-08-06 23:27:00,27
1507.209483,156.7108,156.7,156.5636,156.7,156.5636,2026-08-06 23:28:00,11
343.0,156.5957,156.559,156.6399,156.6399,156.559,2026-08-06 23:29:00,9
1466.0,156.6293,156.64,156.64,156.64,156.64,2026-08-06 23:30:00,25
419.0,156.5756,156.55,156.6,156.6,156.55,2026-08-06 23:32:00,9
419.0,156.6442,156.66,156.66,156.66,156.66,2026-08-06 23:33:00,11
912.393216,156.7725,156.7,156.67,156.7,156.67,2026-08-06 23:34:00,51
780.00236,156.7354,156.75,156.62,156.75,156.62,2026-08-06 23:35:00,15
1843.0,156.6882,156.73,156.63,156.73,156.63,2026-08-06 23:36:00,17
1150.0,156.7383,156.55,156.55,156.55,156.55,2026-08-06 23:37:00,25
807.859923,156.7862,156.6,156.61,156.685,156.6,2026-08-06 23:39:00,17
672.0,156.6346,156.6,156.6,156.6,156.6,2026-08-06 23:40:00,7
339.0,156.7032,156.74,156.74,156.74,156.74,2026-08-06 23:41:00,14
913.001977,156.6324,156.64,156.64,156.64,156.64,2026-08-06 23:42:00,18
839.0,156.6286,156.5872,156.5872,156.5872,156.5872,2026-08-06 23:43:00,12
4842.0,156.7226,156.74,156.5705,156.74,156.5705,2026-08-06 23:44:00,23
945.0,156.704,156.73,156.73,156.73,156.73,2026-08-06 23:45:00,36
736.0,156.6903,156.69,156.69,156.69,156.69,2026-08-06 23:46:00,21
1570.0,156.6975,156.7,156.7257,156.7257,156.7,2026-08-06 23:47:00,17
991.0,156.7027,156.7,156.7,156.7,156.7,2026-08-06 23:48:00,24
409.0,156.7451,156.74,156.74,156.74,156.74,2026-08-06 23:49:00,20
1585.0,156.7939,156.8,156.8,156.8,156.79,2026-08-06 23:50:00,24
622.0,156.7581,156.6732,156.6732,156.6732,156.6732,2026-08-06 23:53:00,15
1559.36,156.7971,156.7203,156.7845,156.7845,156.72,2026-08-06 23:54:00,23
907.0,156.7721,156.78,156.78,156.78,156.78,2026-08-06 23:55:00,16
1452.0,156.7844,156.7036,156.8,156.8,156.7036,2026-08-06 23:57:00,35
307.0,156.8416,156.85,156.85,156.85,156.85,2026-08-06 23:58:00,15
1699.0,156.8942,156.9,156.8961,156.9,156.8961,2026-08-06 23:59:00,30
12577.993323,156.5275,157.04,156.9449,157.3059,155.704,2026-08-07 08:00:00,511
44848.0,156.4866,155.95,157.08,157.49,155.69,2026-08-07 08:01:00,1566
16691.0,157.2122,157.02,157.28,157.5,156.89,2026-08-07 08:02:00,606
622.0,157.3455,157.32,157.32,157.32,157.32,2026-08-07 08:03:00,26
1458.0,157.3915,157.252,157.32,157.45,157.252,2026-08-07 08:04:00,46
21278.0,157.4994,157.45,157.4319,157.58,157.4319,2026-08-07 08:05:00,60
5822.0,157.1717,157.54,157.6,157.6,155.76,2026-08-07 08:06:00,141
719.0,157.6478,157.65,157.65,157.65,157.65,2026-08-07 08:07:00,32
5703.41775,157.7606,157.68,157.88,157.92,157.68,2026-08-07 08:08:00,81
2900.0,157.888,157.81,157.87,157.94,157.81,2026-08-07 08:09:00,71
5388.0,157.7306,157.81,157.67,157.82,157.53,2026-08-07 08:10:00,57
1618.0,157.6004,157.51,157.74,157.74,157.5,2026-08-07 08:11:00,40
425.0,157.7021,157.84,157.84,157.84,157.84,2026-08-07 08:12:00,20
2524.117859,157.5327,157.6,157.49,157.6,157.36,2026-08-07 08:13:00,63
979.0,157.5237,157.48,157.6,157.6,157.48,2026-08-07 08:14:00,30
213.0,157.5606,157.6,157.6,157.6,157.6,2026-08-07 08:15:00,11
906.0,157.5384,157.56,157.59,157.59,157.4624,2026-08-07 08:16:00,31
1291.0,157.4899,157.46,157.45,157.56,157.45,2026-08-07 08:17:00,34
433.0,157.4691,157.4,157.5899,157.5899,157.4,2026-08-07 08:18:00,15
300.0,157.5761,157.6,157.6,157.6,157.6,2026-08-07 08:19:00,8
1632.0,157.3561,157.4,157.36,157.4,157.24,2026-08-07 08:20:00,42
364.31,157.43,157.29,157.29,157.29,157.29,2026-08-07 08:24:00,16
807.08465,157.4038,157.35,157.28,157.4659,157.28,2026-08-07 08:26:00,21
1552.0,157.2014,157.25,157.2,157.25,157.18,2026-08-07 08:27:00,47
4187.66147,157.0494,157.08,157.0,157.12,157.0,2026-08-07 08:28:00,66
312.021779,157.0177,157.0,157.01,157.01,157.0,2026-08-07 08:30:00,8
363.170628,157.1794,157.07,157.07,157.07,157.07,2026-08-07 08:32:00,20
464.20425,157.2708,157.21,157.21,157.21,157.21,2026-08-07 08:33:00,23
124.008267,157.2042,157.21,157.21,157.21,157.21,2026-08-07 08:34:00,11
1588.0,157.2293,157.2,157.25,157.25,157.2,2026-08-07 08:35:00,48
2524.0,157.2472,157.25,157.25,157.25,157.25,2026-08-07 08:36:00,31
580.101758,157.2589,157.25,157.25,157.25,157.25,2026-08-07 08:37:00,19
2173.0,157.2349,157.23,157.24,157.24,157.21,2026-08-07 08:38:00,30
466.445846,157.421,157.21,157.21,157.21,157.21,2026-08-07 08:39:00,26
760.982027,157.5127,157.3,157.3,157.3,157.3,2026-08-07 08:41:00,26
667.0,157.3934,157.4582,157.4582,157.4582,157.4582,2026-08-07 08:43:00,29
615.49284,157.4993,157.4,157.4,157.4,157.4,2026-08-07 08:44:00,21
318.0,157.2467,157.2231,157.2231,157.2231,157.2231,2026-08-07 08:47:00,16
236.0,157.34,157.34,157.34,157.34,157.34,2026-08-07 08:49:00,14
1517.0,157.2843,157.22,157.25,157.31,157.22,2026-08-07 08:50:00,11
775.0,157.3111,157.31,157.31,157.31,157.31,2026-08-07 08:51:00,14
121.0,157.3079,157.3,157.3,157.3,157.3,2026-08-07 08:53:00,5
906.0,157.3403,157.31,157.36,157.36,157.31,2026-08-07 08:55:00,28
847.814484,157.5431,157.4,157.4,157.4,157.4,2026-08-07 08:57:00,43
636.432701,157.5487,157.45,157.44,157.45,157.44,2026-08-07 08:58:00,20
270.0,157.4826,157.4936,157.4936,157.4936,157.4936,2026-08-07 08:59:00,15
3818.982519,157.492,157.49,157.52,157.52,157.4402,2026-08-07 09:00:00,42
946.0,157.5438,157.51,157.54,157.59,157.5,2026-08-07 09:01:00,28
469.836396,157.7295,157.45,157.45,157.45,157.45,2026-08-07 09:05:00,36
1033.0,157.3923,157.44,157.36,157.44,157.36,2026-08-07 09:06:00,32
1203.322389,157.4279,157.37,157.46,157.46,157.35,2026-08-07 09:08:00,21
2502.0,157.3736,157.41,157.5,157.5,157.305,2026-08-07 09:13:00,43
3089.0,157.323,157.32,157.32,157.32,157.32,2026-08-07 09:14:00,9
443.0,157.3008,157.3,157.3,157.3,157.3,2026-08-07 09:16:00,12
1417.0,157.2612,157.27,157.23,157.27,157.23,2026-08-07 09:17:00,34
2505.0,157.3811,157.28,157.4,157.4,157.28,2026-08-07 09:18:00,24
966.308468,157.6687,157.49,157.58,157.6,157.49,2026-08-07 09:21:00,40
579.0,157.7453,157.74,157.8,157.8,157.71,2026-08-07 09:22:00,12
131.031701,157.6188,157.554,157.554,157.554,157.554,2026-08-07 09:23:00,7
388.0,157.7014,157.7,157.7,157.7,157.7,2026-08-07 09:25:00,12
635.587583,157.8284,157.8,157.56,157.8,157.56,2026-08-07 09:26:00,10
294.0,157.6327,157.6,157.6,157.6,157.6,2026-08-07 09:28:00,8
2387.0,157.6018,157.6,157.6,157.6,157.6,2026-08-07 09:30:00,17
209.0,157.7062,157.8,157.8,157.8,157.8,2026-08-07 09:33:00,7
357.0,157.7008,157.66,157.66,157.66,157.66,2026-08-07 09:34:00,9
148.0,157.7157,157.8,157.8,157.8,157.8,2026-08-07 09:38:00,4
160.0,157.541,157.5,157.5,157.5,157.5,2026-08-07 09:41:00,9
595.0,157.5173,157.36,157.36,157.36,157.36,2026-08-07 09:42:00,33
1576.050124,157.486,157.47,157.38,157.55,157.38,2026-08-07 09:44:00,50
147.0,157.6976,157.76,157.76,157.76,157.76,2026-08-07 09:46:00,5
129.0,157.7364,157.8,157.8,157.8,157.8,2026-08-07 09:48:00,13
226.520787,157.8171,157.46,157.46,157.46,157.46,2026-08-07 09:49:00,16
8397.316731,157.5328,157.49,157.65,157.65,157.23,2026-08-07 09:53:00,76
562.27,157.6309,157.6,157.6,157.6,157.6,2026-08-07 09:55:00,21
763.0,157.448,157.45,157.45,157.45,157.45,2026-08-07 09:56:00,15
413.36654,157.6287,157.52,157.4147,157.52,157.4147,2026-08-07 09:57:00,17
483.0,157.5336,157.59,157.59,157.59,157.59,2026-08-07 09:58:00,24
596.0,157.6177,157.6,157.66,157.66,157.6,2026-08-07 09:59:00,20
749.0,157.485,157.48,157.48,157.48,157.48,2026-08-07 10:00:00,25
364.660561,157.7348,157.45,157.45,157.45,157.45,2026-08-07 10:01:00,12
1095.0,157.4277,157.42,157.42,157.42,157.41,2026-08-07 10:02:00,42
840.473255,157.6679,157.6,157.55,157.6,157.55,2026-08-07 10:07:00,19
507.0,157.6002,157.6,157.6,157.6,157.6,2026-08-07 10:08:00,12
714.008119,157.6102,157.66,157.6,157.66,157.6,2026-08-07 10:09:00,19
684.0,157.6374,157.59,157.66,157.66,157.59,2026-08-07 10:10:00,26
624.97999,157.9368,157.68,157.68,157.68,157.68,2026-08-07 10:13:00,29
2229.0,157.7546,157.73,157.72,157.82,157.72,2026-08-07 10:15:00,60
252.0,157.6158,157.6,157.6,157.6,157.6,2026-08-07 10:17:00,11
179.0,157.6651,157.7,157.7,157.7,157.7,2026-08-07 10:20:00,12
3014.140703,157.6532,157.6,157.66,157.7,157.6,2026-08-07 10:21:00,56
694.126606,157.6863,157.6569,157.6569,157.6569,157.6569,2026-08-07 10:22:00,7
1427.285256,157.6917,157.7,157.65,157.7,157.65,2026-08-07 10:23:00,21
624.0,157.6046,157.59,157.59,157.59,157.59,2026-08-07 10:24:00,18
796.0,157.5574,157.5486,157.5486,157.5486,157.5486,2026-08-07 10:26:00,10
328.0,157.6454,157.6716,157.6716,157.6716,157.6716,2026-08-07 10:27:00,12
525.0,157.533,157.5,157.5,157.5,157.5,2026-08-07 10:28:00,35
132.0,157.5029,157.5,157.5,157.5,157.5,2026-08-07 10:29:00,7
620.119032,157.561,157.53,157.53,157.53,157.53,2026-08-07 10:30:00,10
275.952707,158.055,157.5,157.5,157.5,157.5,2026-08-07 10:35:00,20
299.0,157.4914,157.4908,157.4908,157.4908,157.4908,2026-08-07 10:38:00,4
154.0,157.4016,157.4,157.4,157.4,157.4,2026-08-07 10:41:00,3
652.0,157.4,157.3884,157.3884,157.3884,157.3884,2026-08-07 10:42:00,14
441.05,157.4914,157.45,157.45,157.45,157.45,2026-08-07 10:46:00,17
134.571958,158.0955,157.4,157.4,157.4,157.4,2026-08-07 10:48:00,9
298.0,157.472,157.46,157.48,157.48,157.46,2026-08-07 10:49:00,11
654.0,157.4485,157.45,157.45,157.45,157.45,2026-08-07 10:52:00,28
798.122364,157.4808,157.45,157.47,157.47,157.45,2026-08-07 10:53:00,26
479.0,157.4236,157.42,157.42,157.42,157.42,2026-08-07 10:54:00,13
1127.0,157.4387,157.43,157.44,157.44,157.43,2026-08-07 10:55:00,23
784.0,157.4301,157.43,157.44,157.44,157.43,2026-08-07 10:59:00,27
9462.554516,157.7558,157.47,157.83,157.9,157.41,2026-08-07 11:00:00,206
19392.918612,158.1017,157.8,158.21,158.4078,157.8,2026-08-07 11:01:00,560
26262.198016,158.4846,158.16,158.64,158.72,158.0808,2026-08-07 11:02:00,160
5341.188841,158.6264,158.7,158.6629,158.71,158.5,2026-08-07 11:03:00,74
13052.097729,158.5161,158.7,158.5,158.7,158.5,2026-08-07 11:04:00,55
3115.0,158.4869,158.55,158.75,158.75,158.4265,2026-08-07 11:05:00,37
2333.378309,158.5567,158.6,158.6597,158.6755,158.5,2026-08-07 11:06:00,60
7167.823445,158.2848,158.42,158.2421,158.42,158.12,2026-08-07 11:07:00,100
962.0,158.19,158.27,158.14,158.27,158.14,2026-08-07 11:08:00,27
2208.526368,158.3706,158.33,158.2581,158.5,158.2581,2026-08-07 11:09:00,43
1338.287204,158.4642,158.4,158.59,158.59,158.4,2026-08-07 11:10:00,32
467.149043,158.4812,158.4449,158.4449,158.4449,158.4449,2026-08-07 11:11:00,20
1632.631193,158.4666,158.41,158.402,158.4399,158.35,2026-08-07 11:12:00,30
2768.0,158.3918,158.43,158.44,158.44,158.33,2026-08-07 11:13:00,42
4235.561679,158.2713,158.3,158.3,158.3935,158.14,2026-08-07 11:14:00,89
11591.663115,158.383,158.3128,158.37,158.46,158.3128,2026-08-07 11:15:00,42
8520.012626,158.4331,158.39,158.35,158.46,158.35,2026-08-07 11:16:00,61
11717.713389,158.2656,158.35,158.25,158.35,158.25,2026-08-07 11:17:00,52
1994.631548,158.3518,158.18,158.27,158.399,158.18,2026-08-07 11:18:00,48
1744.739115,158.2527,158.1579,158.21,158.21,158.1579,2026-08-07 11:19:00,43
243.229113,158.4113,158.2631,158.2631,158.2631,158.2631,2026-08-07 11:20:00,16
1828.152157,158.2683,158.23,158.23,158.3,158.23,2026-08-07 11:21:00,43
3696.0,158.2535,158.25,158.1362,158.3,158.1362,2026-08-07 11:22:00,35
538.041451,158.241,158.25,158.25,158.25,158.25,2026-08-07 11:25:00,36
269.0,158.2169,158.2268,158.2268,158.2268,158.2268,2026-08-07 11:26:00,16
544.637818,158.38,158.2,158.16,158.2,158.16,2026-08-07 11:27:00,29
795.0,158.1733,158.17,158.2,158.2,158.16,2026-08-07 11:28:00,25
936.255398,158.2426,158.2067,158.1986,158.21,158.1986,2026-08-07 11:30:00,32
2012.14311,158.2138,158.1857,158.23,158.23,158.16,2026-08-07 11:31:00,66
834.742944,158.4006,158.25,158.2759,158.2759,158.25,2026-08-07 11:32:00,23
2022.250788,158.2477,158.25,158.2524,158.2524,158.2045,2026-08-07 11:33:00,30
2569.731935,158.2585,158.21,158.2249,158.2249,158.2,2026-08-07 11:34:00,45
393.531301,158.4405,158.24,158.2223,158.24,158.2223,2026-08-07 11:35:00,19
634.3,158.2976,158.224,158.24,158.24,158.224,2026-08-07 11:36:00,15
5812.609834,158.1897,158.2223,158.2,158.2223,158.06,2026-08-07 11:37:00,132
4013.538877,158.3373,158.27,158.4701,158.4701,158.27,2026-08-07 11:38:00,131
213.805728,158.9802,158.33,158.33,158.33,158.33,2026-08-07 11:39:00,20
1381.508806,158.4764,158.4668,158.41,158.4668,158.3721,2026-08-07 11:40:00,45
1766.708444,158.4091,158.49,158.33,158.49,158.33,2026-08-07 11:41:00,59
617.010205,158.233,158.35,158.2,158.35,158.2,2026-08-07 11:42:00,43
706.490519,158.298,158.15,158.24,158.24,158.15,2026-08-07 11:43:00,25
1327.063229,158.0961,158.17,158.02,158.17,158.02,2026-08-07 11:45:00,47
6833.632631,158.1813,158.1699,158.1421,158.1699,158.1421,2026-08-07 11:47:00,23
1477.665358,158.2512,158.13,158.24,158.24,158.13,2026-08-07 11:48:00,37
2096.182113,158.2761,158.02,158.2907,158.2907,158.02,2026-08-07 11:50:00,31
1792.769789,158.2801,158.29,158.29,158.29,158.02,2026-08-07 11:51:00,27
1004.511272,158.3528,158.32,158.26,158.32,158.21,2026-08-07 11:52:00,38
229.92076,158.826,158.1,158.1,158.1,158.1,2026-08-07 11:53:00,18
1168.913546,158.3477,158.27,158.2,158.27,158.2,2026-08-07 11:55:00,40
1197.346484,158.2247,158.269,158.1104,158.269,158.1104,2026-08-07 11:57:00,33
998.433206,158.1625,158.2566,158.0757,158.2566,158.0757,2026-08-07 11:58:00,57
2544.012654,158.0338,158.02,158.0421,158.1,158.02,2026-08-07 11:59:00,69
7099.01266,157.9865,158.0,157.8986,158.0,157.8986,2026-08-07 12:00:00,92
1715.158311,158.0021,157.97,157.8901,158.01,157.8901,2026-08-07 12:01:00,59
1631.097718,157.9987,157.98,158.0,158.0659,157.98,2026-08-07 12:02:00,44
927.654847,158.1444,158.05,158.02,158.07,158.02,2026-08-07 12:03:00,31
368.584925,158.2098,157.9396,157.9396,157.9396,157.9396,2026-08-07 12:04:00,18
444.207501,158.0022,157.88,157.95,157.95,157.88,2026-08-07 12:05:00,16
1868.59555,158.0096,157.95,158.0,158.0,157.95,2026-08-07 12:06:00,36
1200.80955,158.0869,157.98,157.98,157.98,157.98,2026-08-07 12:07:00,36
450.563462,158.1682,157.9885,157.9885,157.9885,157.9885,2026-08-07 12:08:00,19
1083.226018,157.9478,157.9019,157.93,157.93,157.9,2026-08-07 12:09:00,29
1355.339514,158.0155,157.95,158.0,158.0,157.91,2026-08-07 12:10:00,34
3291.908973,158.1215,158.0399,158.1,158.1,158.0399,2026-08-07 12:11:00,57
373.071487,158.1607,158.1551,158.1551,158.1551,158.1551,2026-08-07 12:12:00,21
2955.960987,158.2101,158.0861,158.23,158.23,158.0861,2026-08-07 12:14:00,63
1240.132323,158.2251,158.24,158.1576,158.25,158.1576,2026-08-07 12:15:00,29
1313.0204,158.3214,158.31,158.3,158.31,158.3,2026-08-07 12:16:00,58
2182.157848,158.3594,158.363,158.3186,158.363,158.31,2026-08-07 12:17:00,46
461.90204,158.6297,158.27,158.3461,158.3461,158.27,2026-08-07 12:18:00,24
5619.57232,158.3664,158.3,158.34,158.37,158.3,2026-08-07 12:19:00,62
976.226132,158.3708,158.33,158.33,158.33,158.3,2026-08-07 12:20:00,36
1282.0,158.2694,158.3,158.26,158.3,158.26,2026-08-07 12:21:00,17
830.288444,158.2965,158.26,158.3219,158.3219,158.26,2026-08-07 12:22:00,33
620.094809,158.2023,158.25,158.2313,158.25,158.11,2026-08-07 12:23:00,25
461.590709,158.3892,158.2452,158.2452,158.2452,158.2452,2026-08-07 12:24:00,28
6208.120115,158.0415,158.11,158.05,158.11,158.0,2026-08-07 12:25:00,181
4235.666774,158.1311,158.13,158.1001,158.13,158.1,2026-08-07 12:26:00,30
2831.0,158.1219,158.1,158.15,158.15,158.1,2026-08-07 12:27:00,23
2316.86458,158.2381,158.1759,158.18,158.22,158.142,2026-08-07 12:28:00,51
3785.163571,158.0328,158.27,158.0,158.27,157.85,2026-08-07 12:29:00,115
9779.26678,158.5064,158.27,158.5,158.68,158.27,2026-08-07 12:30:00,309
3568.549776,158.506,158.67,158.3,158.67,158.3,2026-08-07 12:31:00,117
2313.952665,158.5013,158.42,158.4984,158.4984,158.35,2026-08-07 12:32:00,72
1741.0,158.4763,158.49,158.5,158.5195,158.46,2026-08-07 12:33:00,45
6099.237383,158.5401,158.6,158.56,158.6,158.3681,2026-08-07 12:34:00,84
11655.530223,158.6798,158.5,158.64,158.75,158.5,2026-08-07 12:35:00,136
9065.959534,158.7644,158.6459,158.76,158.85,158.6403,2026-08-07 12:36:00,156
26007.001962,159.1037,158.8394,159.33,159.41,158.8,2026-08-07 12:37:00,389
18976.071543,159.3695,159.3,159.35,159.52,159.15,2026-08-07 12:38:00,273
4388.7128,159.4704,159.5,159.5,159.5,159.2918,2026-08-07 12:39:00,117
15268.789852,159.2609,159.43,159.28,159.43,159.13,2026-08-07 12:40:00,148
7811.697666,159.4293,159.4,159.3951,159.462,159.3,2026-08-07 12:41:00,124
5622.229561,159.2774,159.3286,159.21,159.3342,159.2,2026-08-07 12:42:00,135
5327.596114,159.2501,159.24,159.27,159.3,159.15,2026-08-07 12:43:00,127
4915.212086,159.2229,159.3299,159.2,159.3299,159.1766,2026-08-07 12:44:00,56
8264.339397,159.1009,159.19,159.0112,159.19,159.01,2026-08-07 12:45:00,213
9024.358703,159.0474,159.1,159.06,159.12,159.0,2026-08-07 12:46:00,140
4458.1,158.9688,158.95,159.0,159.0107,158.6,2026-08-07 12:47:00,78
5994.196128,159.0435,158.9875,159.14,159.1483,158.9,2026-08-07 12:48:00,113
4251.976559,159.1158,159.0303,159.03,159.15,159.03,2026-08-07 12:49:00,65
3047.025498,159.0771,159.05,159.08,159.1299,159.032,2026-08-07 12:50:00,104
8667.345551,159.2733,159.13,159.3,159.35,159.12,2026-08-07 12:51:00,149
8860.809323,159.284,159.21,159.33,159.39,159.08,2026-08-07 12:52:00,156
6998.038288,159.3299,159.33,159.28,159.5,159.2501,2026-08-07 12:53:00,159
1480.554589,159.4076,159.4381,159.33,159.4381,159.3,2026-08-07 12:54:00,70
2158.192217,159.2824,159.25,159.26,159.3585,159.25,2026-08-07 12:55:00,56
4294.48542,159.2061,159.25,159.13,159.32,159.12,2026-08-07 12:56:00,96
1580.421804,159.1692,159.13,159.0918,159.32,159.09,2026-08-07 12:57:00,79
2047.101809,159.25,159.21,159.27,159.32,159.13,2026-08-07 12:58:00,86
1213.704495,159.3356,159.25,159.25,159.25,159.25,2026-08-07 12:59:00,57
6876.079261,159.1077,159.24,159.08,159.24,159.03,2026-08-07 13:00:00,193
13706.69133,159.0233,159.06,159.15,159.2,158.87,2026-08-07 13:01:00,106
1711.694221,159.1568,159.1,159.1155,159.2,159.0,2026-08-07 13:02:00,40
2833.290128,159.1048,159.1079,159.05,159.2,159.0,2026-08-07 13:03:00,76
3128.632066,158.9733,159.0,158.9119,159.0133,158.9119,2026-08-07 13:04:00,58
1489.039784,158.9879,159.0,159.0,159.0,158.94,2026-08-07 13:05:00,57
1264.976129,159.0528,158.9845,158.9325,158.9845,158.9,2026-08-07 13:06:00,60
3933.101747,158.8479,158.94,158.7728,158.95,158.73,2026-08-07 13:07:00,126
2075.778866,158.8958,158.73,158.92,158.92,158.73,2026-08-07 13:08:00,67
34084.641907,158.9983,158.92,158.99,159.0,158.92,2026-08-07 13:09:00,57
2828.24922,158.8926,158.93,158.7988,158.93,158.7963,2026-08-07 13:10:00,73
2383.722041,158.8142,158.82,158.7288,158.82,158.7288,2026-08-07 13:11:00,91
5723.037365,158.7468,158.74,158.72,158.8958,158.6248,2026-08-07 13:12:00,143
3825.236994,158.6646,158.7,158.64,158.7,158.5436,2026-08-07 13:13:00,180
2508.986493,158.6706,158.63,158.63,158.64,158.6,2026-08-07 13:14:00,79
1853.581956,158.6695,158.67,158.52,158.75,158.52,2026-08-07 13:15:00,101
6669.21146,158.4677,158.53,158.5,158.53,158.3571,2026-08-07 13:16:00,215
801.155936,158.5993,158.5,158.5,158.5,158.5,2026-08-07 13:17:00,44
5231.08032,158.6233,158.59,158.56,158.6899,158.52,2026-08-07 13:18:00,98
687.067732,158.6605,158.67,158.6,158.67,158.6,2026-08-07 13:19:00,32
2876.354001,158.6045,158.61,158.6608,158.6608,158.55,2026-08-07 13:20:00,75
1694.43133,158.692,158.6526,158.6232,158.74,158.62,2026-08-07 13:21:00,45
2050.652834,158.7877,158.75,158.75,158.8,158.7196,2026-08-07 13:22:00,60
16675.656613,158.7072,158.7,158.73,158.74,158.6289,2026-08-07 13:23:00,94
1604.574149,158.7673,158.68,158.7,158.7,158.68,2026-08-07 13:24:00,71
8463.266304,158.6286,158.6,158.51,158.7199,158.35,2026-08-07 13:25:00,186
5174.107113,158.6495,158.57,158.49,158.8,158.49,2026-08-07 13:26:00,86
12807.213217,159.1323,158.7,159.64,159.64,158.7,2026-08-07 13:27:00,331
25198.268067,159.7788,159.7,159.9,159.9,159.65,2026-08-07 13:28:00,393
56233.0019,160.0528,159.91,160.0,160.21,159.88,2026-08-07 13:29:00,1211
1263212.256781,160.809,160.07,161.86,162.03,159.96,2026-08-07 13:30:00,13690
706720.307034,162.4909,161.84,163.0199,163.2,161.58,2026-08-07 13:31:00,8816
593792.827104,163.4969,162.96,163.86,163.8902,162.96,2026-08-07 13:32:00,7530
346165.610269,163.6625,163.8401,163.62,163.95,163.33,2026-08-07 13:33:00,4780
463417.554703,163.9768,163.66,163.915,164.26,163.61,2026-08-07 13:34:00,5518
344862.41509,164.2225,163.9,164.37,164.45,163.83,2026-08-07 13:35:00,5023
533815.394331,164.277,164.4,163.685,164.85,163.56,2026-08-07 13:36:00,6878
374606.576237,163.5289,163.6975,163.125,163.91,163.01,2026-08-07 13:37:00,4084
413722.271138,163.9947,163.21,164.69,164.8,163.04,2026-08-07 13:38:00,5781
703561.881669,164.8719,164.69,164.47,165.5,164.35,2026-08-07 13:39:00,9152
255468.05767,164.4529,164.49,164.25,164.7251,164.16,2026-08-07 13:40:00,3374
261193.094208,164.3017,164.25,163.95,164.5999,163.9,2026-08-07 13:41:00,3525
240497.062473,163.6133,163.99,163.39,164.11,163.13,2026-08-07 13:42:00,3908
194433.792251,163.7806,163.5,163.94,164.1599,163.24,2026-08-07 13:43:00,2830
306770.11083,164.3938,163.93,164.63,164.7599,163.8,2026-08-07 13:44:00,4377
217278.22488,164.663,164.63,164.53,164.85,164.33,2026-08-07 13:45:00,3270
307079.599538,164.4063,164.56,164.11,164.89,163.8445,2026-08-07 13:46:00,3939
185323.273196,164.337,164.093,164.235,164.65,164.08,2026-08-07 13:47:00,2818
301213.938759,164.5615,164.235,164.865,164.89,164.21,2026-08-07 13:48:00,3686
591967.758103,165.3367,164.8724,165.595,165.76,164.82,2026-08-07 13:49:00,7815
340708.490457,165.5756,165.61,165.6651,165.885,165.29,2026-08-07 13:50:00,4922
208474.79845,165.5973,165.68,165.76,165.78,165.4,2026-08-07 13:51:00,3046
681023.092617,166.0687,165.75,165.9784,166.48,165.57,2026-08-07 13:52:00,9132
275667.292271,166.1211,165.975,166.26,166.3,165.9,2026-08-07 13:53:00,3918
622707.933406,166.7704,166.26,167.09,167.17,166.2,2026-08-07 13:54:00,8926
558567.252091,167.5259,167.1156,167.74,167.84,167.02,2026-08-07 13:55:00,7043
475671.182006,167.2914,167.72,166.915,167.89,166.67,2026-08-07 13:56:00,6391
252341.587331,166.7483,166.91,166.845,167.05,166.44,2026-08-07 13:57:00,3922
347325.159667,167.4583,166.845,167.5451,167.83,166.845,2026-08-07 13:58:00,5202
626381.322544,168.0283,167.54,168.28,168.44,167.51,2026-08-07 13:59:00,9252
549470.858215,168.3168,168.29,168.535,168.8299,167.8001,2026-08-07 14:00:00,7823
580266.281873,168.839,168.5,168.59,169.16,168.34,2026-08-07 14:01:00,9097
383626.757045,168.1293,168.61,168.5423,168.61,167.85,2026-08-07 14:02:00,5411
328245.703857,168.7101,168.56,168.6,168.96,168.45,2026-08-07 14:03:00,4547
272087.604719,168.2325,168.6013,167.89,168.6271,167.863,2026-08-07 14:04:00,4070
262956.831976,167.9358,167.89,167.89,168.15,167.7801,2026-08-07 14:05:00,4071
348051.066409,168.2652,167.87,168.7693,168.81,167.72,2026-08-07 14:06:00,4680
407081.39167,168.9074,168.7699,168.73,169.16,168.61,2026-08-07 14:07:00,5705
281048.844579,168.5252,168.73,168.545,168.7867,168.23,2026-08-07 14:08:00,3619
218036.169377,168.5721,168.5693,168.28,168.83,168.1819,2026-08-07 14:09:00,3327
230311.59029,168.1344,168.3,168.09,168.4199,167.96,2026-08-07 14:10:00,3317
241425.448397,168.2058,168.12,168.04,168.4099,167.945,2026-08-07 14:11:00,3543
394888.521332,167.5462,168.035,167.5583,168.0495,167.22,2026-08-07 14:12:00,6113
273878.276145,167.9474,167.55,168.19,168.25,167.5111,2026-08-07 14:13:00,4125
253311.107892,168.1456,168.125,167.69,168.34,167.66,2026-08-07 14:14:00,3607
343054.61789,168.3638,167.675,168.85,168.9,167.62,2026-08-07 14:15:00,4639
281796.101297,168.8092,168.86,168.8,168.98,168.56,2026-08-07 14:16:00,3955
401348.231981,169.1067,168.84,169.27,169.4,168.74,2026-08-07 14:17:00,5877
350993.219046,169.3365,169.28,169.595,169.6,169.13,2026-08-07 14:18:00,5247
383481.863185,169.6349,169.61,169.52,169.9,169.3,2026-08-07 14:19:00,5441
342401.775716,169.6266,169.514,169.8206,169.9,169.2,2026-08-07 14:20:00,5018
1188468.173988,169.1676,169.83,169.8492,169.91,169.38,2026-08-07 14:21:00,3971
875509.067718,170.0148,169.83,170.145,170.25,169.66,2026-08-07 14:22:00,14594
398085.201422,170.4231,170.165,170.5,170.67,170.14,2026-08-07 14:23:00,6161
308028.878705,170.2598,170.5,170.19,170.515,169.94,2026-08-07 14:24:00,4333
247109.275323,170.3944,170.15,170.67,170.73,170.12,2026-08-07 14:25:00,4214
306291.982632,170.6875,170.6501,170.5,171.0,170.34,2026-08-07 14:26:00,4846
404658.619134,169.9745,170.5,170.03,170.54,169.72,2026-08-07 14:27:00,5098
355698.228106,170.3009,170.03,170.29,170.59,170.02,2026-08-07 14:28:00,4716
300651.964307,170.3078,170.28,170.33,170.5,170.04,2026-08-07 14:29:00,4062
343691.848697,170.4881,170.31,170.395,170.72,170.27,2026-08-07 14:30:00,4565
270022.160575,170.5812,170.408,170.67,170.87,170.26,2026-08-07 14:31:00,4364
595454.36868,171.0974,170.69,170.96,171.43,170.68,2026-08-07 14:32:00,9204
468318.484189,170.8611,170.935,170.575,171.26,170.575,2026-08-07 14:33:00,6998
540335.281744,170.1137,170.57,169.9456,170.69,169.73,2026-08-07 14:34:00,5978
335515.737464,169.956,169.95,170.045,170.0994,169.74,2026-08-07 14:35:00,4342
234051.910526,170.0462,170.03,170.045,170.29,169.91,2026-08-07 14:36:00,3410
266249.507412,169.933,170.0524,169.805,170.09,169.7701,2026-08-07 14:37:00,3066
202999.465961,169.6857,169.82,169.55,169.87,169.53,2026-08-07 14:38:00,3050
309332.127199,169.3346,169.53,169.04,169.615,169.02,2026-08-07 14:39:00,3909
273319.368961,169.4187,169.07,169.57,169.8,168.95,2026-08-07 14:40:00,3687
136988.5074,169.4914,169.556,169.405,169.6338,169.32,2026-08-07 14:41:00,2400
131993.389739,169.3258,169.405,169.211,169.49,169.1399,2026-08-07 14:42:00,2555
169588.540805,169.1052,169.23,168.925,169.33,168.8901,2026-08-07 14:43:00,2681
198441.353212,168.9506,168.91,168.9151,169.1352,168.81,2026-08-07 14:44:00,2544
158476.673453,168.9584,168.89,169.19,169.2,168.74,2026-08-07 14:45:00,2645
163456.254129,169.1156,169.195,169.19,169.3,168.9501,2026-08-07 14:46:00,2965
181206.527896,169.3157,169.19,169.27,169.47,169.19,2026-08-07 14:47:00,2729
124274.059622,169.0389,169.265,168.95,169.33,168.91,2026-08-07 14:48:00,2187
177249.411182,168.8067,168.95,168.8001,168.9754,168.63,2026-08-07 14:49:00,2462
110230.719767,168.7983,168.87,168.66,168.9584,168.64,2026-08-07 14:50:00,1832
189612.014172,168.5959,168.64,168.54,168.77,168.42,2026-08-07 14:51:00,2665
172518.349794,168.4835,168.525,168.49,168.66,168.315,2026-08-07 14:52:00,2484
211221.536072,168.895,168.43,169.06,169.15,168.43,2026-08-07 14:53:00,3150
144263.310382,169.0896,169.08,168.825,169.25,168.81,2026-08-07 14:54:00,2298
127797.999343,168.9164,168.8591,169.2854,169.2999,168.73,2026-08-07 14:55:00,2477
129326.892808,169.2026,169.27,169.095,169.3,169.0701,2026-08-07 14:56:00,2015
90827.331738,169.1455,169.07,169.16,169.26,169.0,2026-08-07 14:57:00,2060
104913.015295,169.2442,169.13,169.25,169.42,169.09,2026-08-07 14:58:00,2124
372037.819108,169.6398,169.22,170.05,170.07,169.0,2026-08-07 14:59:00,6219
421079.136514,170.1093,170.055,170.02,170.3197,169.93,2026-08-07 15:00:00,4799
261498.869853,170.0412,170.0865,170.04,170.15,169.94,2026-08-07 15:01:00,3179
153638.709297,170.0452,170.09,170.01,170.17,169.86,2026-08-07 15:02:00,2303
220309.211812,170.1462,170.016,170.12,170.22,169.96,2026-08-07 15:03:00,2419
125087.85015,170.1296,170.125,170.22,170.26,169.99,2026-08-07 15:04:00,2178
219151.471068,170.5162,170.23,170.7,170.9,170.22,2026-08-07 15:05:00,3828
184464.523158,170.754,170.71,170.86,170.92,170.4638,2026-08-07 15:06:00,3219
350891.889655,170.8794,170.8405,170.61,171.055,170.6001,2026-08-07 15:07:00,4625
187264.359356,170.4431,170.65,170.165,170.72,170.1,2026-08-07 15:08:00,2918
233207.461127,169.7037,170.14,169.73,170.1891,169.73,2026-08-07 15:09:00,2488
184283.919093,169.5776,169.75,169.42,169.81,169.3301,2026-08-07 15:10:00,2304
181674.943636,169.2994,169.4057,169.05,169.6,168.9307,2026-08-07 15:11:00,2738
128217.245756,168.8294,169.03,168.6801,169.05,168.68,2026-08-07 15:12:00,1816
130018.611299,168.7881,168.71,169.075,169.075,168.56,2026-08-07 15:13:00,2083
118363.066587,169.0762,169.11,168.96,169.2899,168.88,2026-08-07 15:14:00,1687
113600.302251,169.0977,168.965,169.0903,169.2599,168.96,2026-08-07 15:15:00,1742
129690.693397,169.2207,169.14,169.265,169.3799,169.05,2026-08-07 15:16:00,1865
255376.895285,169.3115,169.265,169.33,169.4495,168.9404,2026-08-07 15:17:00,2338
76449.253212,169.2164,169.3,169.12,169.34,169.1,2026-08-07 15:18:00,1474
91740.616619,169.2075,169.138,169.2331,169.32,169.09,2026-08-07 15:19:00,1467
74765.530776,169.3143,169.2599,169.315,169.405,169.2,2026-08-07 15:20:00,1395
86227.965893,169.2098,169.315,169.09,169.39,169.08,2026-08-07 15:21:00,1512
87632.607828,169.1684,169.1101,169.26,169.26,169.1,2026-08-07 15:22:00,1296
91103.948943,169.3292,169.26,169.33,169.3758,169.22,2026-08-07 15:23:00,1528
115066.91522,169.0804,169.32,169.04,169.34,168.89,2026-08-07 15:24:00,2119
77053.275698,169.0649,169.04,169.0,169.1598,168.93,2026-08-07 15:25:00,1373
85029.897905,169.0104,169.02,169.065,169.1,168.87,2026-08-07 15:26:00,1611
78167.16621,169.0604,169.05,169.025,169.17,168.91,2026-08-07 15:27:00,1402
69990.342862,169.0277,169.01,168.99,169.1051,168.94,2026-08-07 15:28:00,1466
107884.381632,169.0668,168.97,169.026,169.22,168.93,2026-08-07 15:29:00,1830
103374.383846,169.1622,169.05,169.18,169.275,169.05,2026-08-07 15:30:00,1515
110713.042536,169.2444,169.18,169.1857,169.38,169.15,2026-08-07 15:31:00,1845
59934.51963,169.2182,169.2,169.2351,169.27,169.16,2026-08-07 15:32:00,1353
199424.189065,169.1649,169.24,169.025,169.32,169.0,2026-08-07 15:33:00,2868
136434.249542,169.0093,169.035,169.18,169.18,168.85,2026-08-07 15:34:00,2110
91128.241009,169.0952,169.2,169.08,169.21,168.98,2026-08-07 15:35:00,1532
181727.057367,169.4389,169.07,169.58,169.78,169.06,2026-08-07 15:36:00,2945
125002.21178,169.2848,169.55,169.25,169.56,169.1,2026-08-07 15:37:00,1866
75659.953098,169.3537,169.25,169.42,169.505,169.185,2026-08-07 15:38:00,1337
86880.410694,169.4302,169.43,169.43,169.54,169.25,2026-08-07 15:39:00,1560
71308.117428,169.4549,169.44,169.5,169.53,169.38,2026-08-07 15:40:00,1545
154041.510711,169.3224,169.47,169.455,169.52,169.3,2026-08-07 15:41:00,1982
149462.287895,169.7315,169.47,169.7909,169.88,169.355,2026-08-07 15:42:00,2040
93539.902045,169.7484,169.79,169.67,169.86,169.61,2026-08-07 15:43:00,1511
122029.801991,169.6931,169.6644,169.74,169.9,169.655,2026-08-07 15:44:00,1604
74788.209404,169.706,169.74,169.6823,169.82,169.62,2026-08-07 15:45:00,1194
58313.480709,169.6688,169.67,169.685,169.74,169.54,2026-08-07 15:46:00,1158
79853.152756,169.5532,169.685,169.4102,169.74,169.32,2026-08-07 15:47:00,1546
71779.609181,169.6086,169.4199,169.75,169.8,169.39,2026-08-07 15:48:00,1396
64170.60976,169.6937,169.7224,169.72,169.78,169.5801,2026-08-07 15:49:00,1267
109670.603925,169.8325,169.73,169.73,169.95,169.71,2026-08-07 15:50:00,1850
135230.299024,169.725,169.71,169.765,169.81,169.67,2026-08-07 15:51:00,2132
79541.197449,169.7731,169.76,169.92,169.93,169.69,2026-08-07 15:52:00,1400
92551.50149,169.9008,169.925,169.93,169.98,169.83,2026-08-07 15:53:00,1612
66832.185586,169.9136,169.95,169.9499,169.9799,169.85,2026-08-07 15:54:00,1217
193509.955659,170.0119,169.92,170.07,170.14,169.86,2026-08-07 15:55:00,3914
96916.003116,170.0108,170.075,169.94,170.11,169.88,2026-08-07 15:56:00,1392
114389.625564,169.7858,169.94,169.87,169.94,169.68,2026-08-07 15:57:00,1851
81557.791072,169.9882,169.89,169.945,170.13,169.89,2026-08-07 15:58:00,1470
150807.124475,170.2507,169.945,170.335,170.4283,169.93,2026-08-07 15:59:00,2183
153821.028978,170.4269,170.3499,170.3,170.56,170.23,2026-08-07 16:00:00,2175
105399.87529,170.4074,170.28,170.44,170.55,170.15,2026-08-07 16:01:00,1956
121637.866045,170.3819,170.46,170.2201,170.55,170.22,2026-08-07 16:02:00,1718
72614.407374,170.3158,170.26,170.38,170.38,170.23,2026-08-07 16:03:00,1431
56833.89637,170.3161,170.35,170.34,170.37,170.24,2026-08-07 16:04:00,1364
117449.328303,170.3226,170.33,170.22,170.4499,170.215,2026-08-07 16:05:00,1699
61064.650964,170.1778,170.22,170.115,170.27,170.08,2026-08-07 16:06:00,1324
84424.882378,170.2396,170.115,170.29,170.4099,170.08,2026-08-07 16:07:00,1537
84148.744423,170.3282,170.28,170.265,170.4,170.26,2026-08-07 16:08:00,1498
97953.984775,170.2936,170.25,170.3586,170.425,170.17,2026-08-07 16:09:00,1768
66707.918674,170.278,170.32,170.22,170.375,170.175,2026-08-07 16:10:00,1491
167937.977188,169.9802,170.215,169.91,170.215,169.855,2026-08-07 16:11:00,2375
214444.407205,169.7495,169.905,169.72,169.92,169.5,2026-08-07 16:12:00,3621
86535.781172,169.7727,169.72,169.78,169.9,169.69,2026-08-07 16:13:00,1593
58425.206011,169.7125,169.73,169.71,169.755,169.6419,2026-08-07 16:14:00,1315
62500.148008,169.7831,169.71,169.8,169.8897,169.67,2026-08-07 16:15:00,1322
73477.033416,169.6476,169.79,169.5603,169.79,169.56,2026-08-07 16:16:00,1364
82422.185346,169.5851,169.575,169.65,169.78,169.42,2026-08-07 16:17:00,1487
106448.815725,169.7966,169.65,169.85,169.92,169.635,2026-08-07 16:18:00,1402
94414.962273,169.8104,169.865,169.71,169.91,169.685,2026-08-07 16:19:00,1575
126218.36948,169.8484,169.74,170.035,170.0499,169.605,2026-08-07 16:20:00,2340
189149.508771,170.1902,170.04,170.28,170.39,169.97,2026-08-07 16:21:00,2616
130886.201367,170.2137,170.25,170.305,170.38,170.05,2026-08-07 16:22:00,1974
100975.458782,170.3195,170.33,170.1809,170.44,170.1809,2026-08-07 16:23:00,1532
94218.369132,170.1496,170.2,170.042,170.25,170.03,2026-08-07 16:24:00,1384
123082.998458,169.9417,170.0301,169.87,170.09,169.8,2026-08-07 16:25:00,1753
103786.789186,169.8824,169.865,169.72,170.09,169.675,2026-08-07 16:26:00,1955
88180.429779,169.7088,169.715,169.77,169.807,169.6,2026-08-07 16:27:00,1327
69881.478616,169.7409,169.78,169.71,169.85,169.56,2026-08-07 16:28:00,1163
63254.024134,169.674,169.73,169.51,169.83,169.51,2026-08-07 16:29:00,1212
127615.160813,169.361,169.5256,169.1745,169.55,169.13,2026-08-07 16:30:00,1741
70078.846767,169.3079,169.18,169.2,169.46,169.17,2026-08-07 16:31:00,1138
84807.617953,169.2666,169.215,169.515,169.5299,169.13,2026-08-07 16:32:00,1570
84076.535857,169.4672,169.515,169.5,169.63,169.32,2026-08-07 16:33:00,1175
94558.44485,169.6376,169.52,169.68,169.72,169.52,2026-08-07 16:34:00,1021
97542.916544,169.7411,169.67,169.8,169.87,169.58,2026-08-07 16:35:00,1563
145325.60742,169.9838,169.795,170.04,170.08,169.795,2026-08-07 16:36:00,2052
92083.81156,170.1004,170.0423,170.1701,170.21,169.98,2026-08-07 16:37:00,1414
58564.771593,170.1512,170.195,170.1295,170.21,170.08,2026-08-07 16:38:00,1037
135137.698106,170.1556,170.15,170.1401,170.34,170.02,2026-08-07 16:39:00,1766
71715.174135,170.1497,170.15,170.1,170.23,170.05,2026-08-07 16:40:00,1269
96897.59463,170.0563,170.12,169.915,170.13,169.9,2026-08-07 16:41:00,1356
85377.638645,169.8792,169.905,169.87,169.97,169.77,2026-08-07 16:42:00,1294
65250.490258,169.915,169.85,169.93,169.99,169.85,2026-08-07 16:43:00,1081
83145.099695,169.9841,169.94,170.09,170.11,169.835,2026-08-07 16:44:00,1398
118144.00767,170.2285,170.08,170.305,170.32,170.08,2026-08-07 16:45:00,1530
154268.543151,170.3763,170.3,170.3,170.5,170.26,2026-08-07 16:46:00,2239
142611.783112,170.2996,170.26,170.14,170.465,170.12,2026-08-07 16:47:00,1950
106697.466187,170.2071,170.15,170.1999,170.27,170.1201,2026-08-07 16:48:00,1271
64888.997926,170.2605,170.2,170.245,170.35,170.19,2026-08-07 16:49:00,1130
60028.145689,170.3337,170.23,170.32,170.42,170.225,2026-08-07 16:50:00,1015
78649.054548,170.2481,170.32,170.155,170.38,170.13,2026-08-07 16:51:00,1323
76229.037141,170.1824,170.17,170.18,170.26,170.11,2026-08-07 16:52:00,1279
121219.751006,170.0412,170.18,169.96,170.185,169.9001,2026-08-07 16:53:00,1665
74443.712896,169.999,169.96,169.9551,170.09,169.91,2026-08-07 16:54:00,1109
95749.290843,169.9153,169.95,169.95,169.99,169.835,2026-08-07 16:55:00,1395
88442.167455,170.0435,169.935,170.095,170.23,169.82,2026-08-07 16:56:00,1379
117694.743934,170.1834,170.07,170.3499,170.36,169.99,2026-08-07 16:57:00,1780
126988.780456,170.3936,170.31,170.46,170.48,170.295,2026-08-07 16:58:00,1897
124985.837022,170.4343,170.45,170.42,170.51,170.32,2026-08-07 16:59:00,1961
92622.637899,170.3449,170.41,170.315,170.45,170.195,2026-08-07 17:00:00,1495
85389.148524,170.4146,170.32,170.4,170.5,170.3014,2026-08-07 17:01:00,1227
169818.009107,170.5762,170.4,170.4451,170.7,170.36,2026-08-07 17:02:00,2579
91225.829777,170.3684,170.4696,170.41,170.48,170.27,2026-08-07 17:03:00,1400
87249.91969,170.4244,170.38,170.3408,170.535,170.3408,2026-08-07 17:04:00,1367
65435.958451,170.4256,170.345,170.41,170.5318,170.32,2026-08-07 17:05:00,1042
77504.609565,170.5198,170.425,170.53,170.625,170.41,2026-08-07 17:06:00,1236
117853.523168,170.529,170.53,170.61,170.65,170.44,2026-08-07 17:07:00,1499
161690.919978,170.7258,170.61,170.81,170.83,170.56,2026-08-07 17:08:00,2477
82822.701081,170.7969,170.77,170.8,170.85,170.74,2026-08-07 17:09:00,1361
122501.136247,170.76,170.795,170.575,170.9,170.56,2026-08-07 17:10:00,1891
131088.193963,170.6216,170.57,170.63,170.69,170.5001,2026-08-07 17:11:00,1353
79334.712462,170.5621,170.635,170.48,170.66,170.48,2026-08-07 17:12:00,1334
76019.604789,170.4946,170.48,170.46,170.55,170.415,2026-08-07 17:13:00,1153
82743.356852,170.531,170.47,170.51,170.61,170.46,2026-08-07 17:14:00,1568
113932.379018,170.601,170.515,170.645,170.67,170.5,2026-08-07 17:15:00,1784
286326.109755,170.8989,170.64,170.985,171.01,170.625,2026-08-07 17:16:00,4590
146752.565344,170.8263,170.985,170.77,170.99,170.7,2026-08-07 17:17:00,1876
110459.671517,170.7957,170.75,170.7693,170.9,170.64,2026-08-07 17:18:00,1586
87216.674369,170.6381,170.755,170.545,170.755,170.54,2026-08-07 17:19:00,1375
56848.988099,170.6312,170.53,170.59,170.71,170.51,2026-08-07 17:20:00,1024
70408.070811,170.5034,170.59,170.52,170.5999,170.42,2026-08-07 17:21:00,1118
146837.194475,170.4856,170.53,170.46,170.6681,170.33,2026-08-07 17:22:00,1622
62317.001823,170.4205,170.46,170.42,170.51,170.35,2026-08-07 17:23:00,1212
83332.360072,170.4874,170.42,170.4299,170.61,170.36,2026-08-07 17:24:00,1119
110297.377469,170.4241,170.404,170.42,170.5,170.33,2026-08-07 17:25:00,1464
89039.440681,170.5337,170.43,170.605,170.64,170.4,2026-08-07 17:26:00,1485
145837.147602,170.7352,170.61,170.67,170.84,170.61,2026-08-07 17:27:00,1631
78498.182875,170.7426,170.68,170.82,170.85,170.64,2026-08-07 17:28:00,1093
214345.612319,170.9918,170.82,171.15,171.22,170.82,2026-08-07 17:29:00,3339
192271.869822,171.2118,171.1882,171.135,171.305,171.1201,2026-08-07 17:30:00,2738
77246.856281,171.1122,171.14,171.11,171.205,171.02,2026-08-07 17:31:00,1393
87195.683626,171.0709,171.11,170.9,171.18,170.9,2026-08-07 17:32:00,1351
99874.182317,170.8091,170.9036,170.7396,170.92,170.68,2026-08-07 17:33:00,1409
180689.801782,170.6487,170.73,170.59,170.82,170.45,2026-08-07 17:34:00,1797
95354.731539,170.6697,170.57,170.695,170.765,170.53,2026-08-07 17:35:00,1138
71519.531215,170.8215,170.69,170.96,171.02,170.655,2026-08-07 17:36:00,1168
201436.178265,171.203,170.99,171.16,171.305,170.94,2026-08-07 17:37:00,2506
390790.016948,171.5054,171.17,171.685,171.75,171.17,2026-08-07 17:38:00,5910
284780.909586,171.6405,171.685,171.665,171.75,171.51,2026-08-07 17:39:00,3323
232503.169991,171.7169,171.67,171.53,171.84,171.52,2026-08-07 17:40:00,2820
101917.806432,171.4591,171.52,171.35,171.5699,171.33,2026-08-07 17:41:00,1535
87621.598493,171.4133,171.35,171.36,171.52,171.33,2026-08-07 17:42:00,1397
116052.209496,171.2692,171.36,171.15,171.3799,171.0901,2026-08-07 17:43:00,1499
81979.559603,171.1464,171.15,171.13,171.24,171.0301,2026-08-07 17:44:00,1261
62358.508318,171.1364,171.12,171.0792,171.1854,171.05,2026-08-07 17:45:00,1209
112449.215521,171.0331,171.065,171.03,171.1599,170.91,2026-08-07 17:46:00,1454
101314.457976,170.8692,171.01,170.92,171.01,170.77,2026-08-07 17:47:00,1468
55001.630302,170.9241,170.89,170.9499,170.99,170.845,2026-08-07 17:48:00,1147
65479.154755,170.8747,170.95,170.85,170.95,170.8,2026-08-07 17:49:00,1193
63865.799874,170.9153,170.855,170.83,171.02,170.8201,2026-08-07 17:50:00,1293
72347.058659,170.7931,170.83,170.82,170.87,170.7,2026-08-07 17:51:00,1096
130961.037927,171.0893,170.835,171.18,171.22,170.7801,2026-08-07 17:52:00,1594
102565.71502,171.2269,171.19,171.17,171.33,171.16,2026-08-07 17:53:00,1505
91391.434243,171.1548,171.16,171.255,171.29,171.07,2026-08-07 17:54:00,1239
84775.772701,171.2259,171.2408,171.2,171.27,171.1601,2026-08-07 17:55:00,2330
136184.219025,171.2226,171.19,171.29,171.36,171.187,2026-08-07 17:56:00,1324
149770.705069,171.4189,171.28,171.5301,171.5482,171.28,2026-08-07 17:57:00,1673
88346.251783,171.3678,171.55,171.21,171.55,171.19,2026-08-07 17:58:00,1258
116411.579348,171.1125,171.21,171.06,171.24,170.95,2026-08-07 17:59:00,1406
83208.451705,170.9644,171.03,170.89,171.06,170.84,2026-08-07 18:00:00,1368
50683.846734,170.9709,170.895,171.0,171.0173,170.895,2026-08-07 18:01:00,969
116124.569293,171.0243,171.01,170.97,171.14,170.95,2026-08-07 18:02:00,1324
107608.527137,170.8205,170.95,170.975,170.975,170.71,2026-08-07 18:03:00,1344
106935.517295,170.9324,170.93,170.93,171.03,170.865,2026-08-07 18:04:00,1567
113766.237747,170.8098,170.93,170.82,170.95,170.7,2026-08-07 18:05:00,1447
87082.129121,170.8876,170.8396,170.94,170.95,170.79,2026-08-07 18:06:00,1201
73943.732392,170.887,170.94,170.9,170.96,170.8101,2026-08-07 18:07:00,1074
67361.470817,170.8943,170.895,170.795,170.97,170.78,2026-08-07 18:08:00,1069
86328.389801,170.7076,170.7844,170.675,170.821,170.6,2026-08-07 18:09:00,1196
70446.820038,170.7422,170.67,170.76,170.85,170.65,2026-08-07 18:10:00,1023
51221.541144,170.7643,170.75,170.81,170.85,170.67,2026-08-07 18:11:00,888
57318.308329,170.6753,170.81,170.62,170.81,170.5577,2026-08-07 18:12:00,1079
71689.990122,170.5971,170.64,170.525,170.73,170.47,2026-08-07 18:13:00,1279
83657.362481,170.5059,170.54,170.6,170.63,170.42,2026-08-07 18:14:00,1132
94031.093181,170.738,170.58,170.7854,170.81,170.58,2026-08-07 18:15:00,1298
92182.423769,170.8257,170.78,170.84,170.898,170.77,2026-08-07 18:16:00,1242
65717.590968,170.845,170.845,170.7868,170.95,170.75,2026-08-07 18:17:00,976
52179.152777,170.7941,170.79,170.81,170.86,170.73,2026-08-07 18:18:00,897
56272.242088,170.7312,170.815,170.71,170.82,170.66,2026-08-07 18:19:00,792
42346.051304,170.7409,170.705,170.7251,170.82,170.68,2026-08-07 18:20:00,740
65077.356836,170.8019,170.71,170.84,170.9,170.7,2026-08-07 18:21:00,993
86865.272015,170.8807,170.82,170.9,170.94,170.82,2026-08-07 18:22:00,1113
68317.369792,170.8731,170.9,170.93,170.93,170.82,2026-08-07 18:23:00,998
82883.084394,170.6367,170.94,170.545,170.94,170.5,2026-08-07 18:24:00,1313
89651.699098,170.4659,170.5599,170.4,170.56,170.33,2026-08-07 18:25:00,1232
108563.568273,170.5485,170.4,170.66,170.735,170.3601,2026-08-07 18:26:00,1859
99770.2255,170.7828,170.67,170.82,170.93,170.66,2026-08-07 18:27:00,1361
62047.775931,170.8167,170.825,170.8601,170.89,170.76,2026-08-07 18:28:00,1002
94626.150401,170.8891,170.87,170.845,170.95,170.82,2026-08-07 18:29:00,1097
89783.052407,170.8332,170.84,170.86,170.89,170.78,2026-08-07 18:30:00,1280
67696.954125,170.8089,170.8551,170.77,170.89,170.74,2026-08-07 18:31:00,919
171987.893413,171.0081,170.775,171.1301,171.2,170.775,2026-08-07 18:32:00,2491
327843.82767,170.9078,171.15,170.86,171.2,170.68,2026-08-07 18:33:00,3178
140332.818163,170.8844,170.87,170.92,171.0,170.78,2026-08-07 18:34:00,2028
120343.417982,170.7664,170.93,170.44,170.99,170.42,2026-08-07 18:35:00,1517
161987.830946,170.4812,170.46,170.55,170.63,170.325,2026-08-07 18:36:00,1727
64682.380083,170.5391,170.55,170.53,170.6,170.46,2026-08-07 18:37:00,939
62963.826431,170.5513,170.54,170.53,170.58,170.5,2026-08-07 18:38:00,939
77843.728066,170.491,170.54,170.5101,170.59,170.4075,2026-08-07 18:39:00,1118
90486.76617,170.5531,170.52,170.545,170.64,170.4101,2026-08-07 18:40:00,1118
93589.585899,170.5527,170.54,170.55,170.59,170.51,2026-08-07 18:41:00,1162
192083.893303,170.2286,170.56,170.1112,170.56,170.01,2026-08-07 18:42:00,2986
87286.07288,170.1425,170.13,170.15,170.19,170.055,2026-08-07 18:43:00,1374
96752.036092,170.1707,170.16,170.1,170.26,170.08,2026-08-07 18:44:00,1535
75674.080636,170.1651,170.11,170.16,170.21,170.09,2026-08-07 18:45:00,1058
197680.043608,169.9601,170.14,169.87,170.17,169.8,2026-08-07 18:46:00,2956
93677.208787,169.9082,169.88,169.805,170.05,169.805,2026-08-07 18:47:00,1256
91684.12068,169.8123,169.8,169.6201,169.95,169.62,2026-08-07 18:48:00,1411
86705.235759,169.69,169.65,169.62,169.79,169.6,2026-08-07 18:49:00,1310
88464.524391,169.6271,169.6195,169.575,169.7686,169.51,2026-08-07 18:50:00,1350
53474.846327,169.6651,169.58,169.71,169.75,169.55,2026-08-07 18:51:00,846
125522.537562,169.7149,169.71,169.61,169.84,169.55,2026-08-07 18:52:00,1447
62453.436351,169.5436,169.615,169.485,169.62,169.45,2026-08-07 18:53:00,1104
96790.11122,169.4039,169.485,169.325,169.51,169.3,2026-08-07 18:54:00,1444
98582.076338,169.3463,169.32,169.34,169.4199,169.23,2026-08-07 18:55:00,1532
58247.103807,169.341,169.345,169.38,169.4,169.245,2026-08-07 18:56:00,1106
110359.266914,169.4019,169.4064,169.49,169.53,169.3304,2026-08-07 18:57:00,1471
72954.336552,169.4984,169.48,169.5395,169.57,169.4201,2026-08-07 18:58:00,1231
124964.008614,169.6924,169.55,169.81,169.86,169.55,2026-08-07 18:59:00,1877
93387.879051,169.8043,169.83,169.81,169.929,169.695,2026-08-07 19:00:00,1366
152681.161373,169.9962,169.8,170.07,170.1388,169.8,2026-08-07 19:01:00,1757
99811.989961,170.014,170.09,170.1,170.1,169.94,2026-08-07 19:02:00,1335
105562.853671,170.2602,170.115,170.235,170.2618,170.0601,2026-08-07 19:03:00,1286
131081.577083,170.3563,170.25,170.42,170.5,170.1837,2026-08-07 19:04:00,1804
119765.895038,170.5306,170.385,170.53,170.6,170.375,2026-08-07 19:05:00,1484
86915.674214,170.5523,170.53,170.48,170.62,170.48,2026-08-07 19:06:00,1177
81537.159707,170.6294,170.495,170.77,170.77,170.48,2026-08-07 19:07:00,1279
101115.121047,170.718,170.77,170.735,170.78,170.68,2026-08-07 19:08:00,1284
86649.306865,170.7743,170.7301,170.81,170.9,170.7,2026-08-07 19:09:00,1530
105674.931055,170.7802,170.78,170.8,170.86,170.72,2026-08-07 19:10:00,1351
174017.802629,170.9385,170.805,170.945,171.05,170.79,2026-08-07 19:11:00,2139
94049.761248,170.9889,170.945,171.005,171.06,170.93,2026-08-07 19:12:00,1316
86830.93791,171.0212,171.0,170.99,171.06,170.96,2026-08-07 19:13:00,1194
141867.133509,170.8124,171.0,170.7,171.005,170.6301,2026-08-07 19:14:00,1679
107905.176493,170.7285,170.7098,170.78,170.8,170.65,2026-08-07 19:15:00,1366
124826.38367,170.6819,170.77,170.75,170.77,170.61,2026-08-07 19:16:00,1473
84094.502403,170.9046,170.74,170.66,170.81,170.605,2026-08-07 19:17:00,1186
115733.698372,170.6366,170.66,170.65,170.69,170.5332,2026-08-07 19:18:00,1434
84877.012413,170.6135,170.65,170.625,170.67,170.545,2026-08-07 19:19:00,1301
123312.81949,170.6559,170.62,170.71,170.78,170.54,2026-08-07 19:20:00,1652
144049.868896,170.8044,170.71,170.85,170.86,170.7,2026-08-07 19:21:00,1745
90493.917343,170.8255,170.86,170.73,170.92,170.72,2026-08-07 19:22:00,1336
105688.693602,170.747,170.73,170.83,170.8685,170.65,2026-08-07 19:23:00,1493
72371.276414,170.8389,170.83,170.855,170.88,170.8,2026-08-07 19:24:00,1113
102850.54464,170.7729,170.84,170.725,170.9,170.685,2026-08-07 19:25:00,1299
91069.712621,170.7244,170.725,170.72,170.79,170.66,2026-08-07 19:26:00,1298
177516.142484,170.6292,170.71,170.635,170.77,170.46,2026-08-07 19:27:00,2024
114621.901501,170.5713,170.63,170.6505,170.7,170.46,2026-08-07 19:28:00,1518
181445.489196,170.7578,170.65,170.88,170.93,170.56,2026-08-07 19:29:00,1974
149777.10225,170.7809,170.87,170.6801,170.87,170.6801,2026-08-07 19:30:00,1974
110820.502407,170.8484,170.695,170.81,170.98,170.695,2026-08-07 19:31:00,1521
148839.291124,170.9261,170.805,171.04,171.04,170.74,2026-08-07 19:32:00,2101
152772.035554,171.0293,171.012,170.87,171.15,170.87,2026-08-07 19:33:00,2066
115567.567406,170.847,170.865,170.77,170.945,170.76,2026-08-07 19:34:00,1592
113294.720651,170.8769,170.76,170.915,171.009,170.7,2026-08-07 19:35:00,1725
121770.018553,171.0439,170.895,171.12,171.185,170.88,2026-08-07 19:36:00,1641
291702.402425,170.9615,171.14,171.125,171.18,170.965,2026-08-07 19:37:00,1562
142432.976415,171.1286,171.12,171.1276,171.24,171.05,2026-08-07 19:38:00,2057
150111.454467,171.251,171.125,171.24,171.36,171.12,2026-08-07 19:39:00,2101
99885.638669,171.1753,171.26,171.11,171.3,171.0446,2026-08-07 19:40:00,1636
132090.137844,171.0653,171.12,171.01,171.17,170.94,2026-08-07 19:41:00,1835
156222.506677,171.0963,171.01,171.15,171.18,171.0,2026-08-07 19:42:00,1759
140954.258593,170.9663,171.1605,170.8699,171.2194,170.81,2026-08-07 19:43:00,1914
148439.731072,170.8867,170.855,171.025,171.07,170.77,2026-08-07 19:44:00,1977
147367.219681,171.1358,171.02,171.1,171.2052,171.02,2026-08-07 19:45:00,1911
145867.27432,171.2437,171.125,171.3098,171.36,171.1,2026-08-07 19:46:00,2365
126289.263294,171.2922,171.32,171.38,171.3832,171.23,2026-08-07 19:47:00,2271
112483.49268,171.3315,171.37,171.355,171.3801,171.27,2026-08-07 19:48:00,1705
137238.012374,171.2611,171.365,171.21,171.41,171.12,2026-08-07 19:49:00,1977
183031.381313,171.2691,171.21,171.215,171.36,171.17,2026-08-07 19:50:00,3247
220367.110044,171.2427,171.21,171.175,171.3,171.175,2026-08-07 19:51:00,2962
185836.551404,171.2993,171.18,171.32,171.365,171.1736,2026-08-07 19:52:00,2689
467355.377531,171.6495,171.33,171.8709,171.92,171.321,2026-08-07 19:53:00,6771
612635.806373,171.9999,171.885,172.025,172.13,171.85,2026-08-07 19:54:00,10220
518900.149223,172.1942,172.01,172.1007,172.41,172.01,2026-08-07 19:55:00,7393
377308.105011,172.0241,172.11,171.93,172.11,171.925,2026-08-07 19:56:00,4432
434444.828644,172.1185,171.93,172.095,172.23,171.92,2026-08-07 19:57:00,4834
408944.801227,172.1036,172.095,172.085,172.16,172.07,2026-08-07 19:58:00,5023
928066.206312,172.0565,172.085,171.99,172.15,171.95,2026-08-07 19:59:00,10313
213577.238552,172.007,172.01,171.8572,172.09,171.75,2026-08-07 20:00:00,348
8754.89804,171.8804,171.8411,171.9,171.92,171.8,2026-08-07 20:01:00,190
13729.067624,171.8721,171.9,171.8,171.92,171.8,2026-08-07 20:02:00,179
11439.740644,171.696,171.7577,171.597,171.7577,171.58,2026-08-07 20:03:00,164
14822.875702,171.5348,171.6011,171.51,171.673,171.47,2026-08-07 20:04:00,212
86814.472547,171.8868,171.47,171.5,171.5,171.3,2026-08-07 20:05:00,266
6390.005465,171.5767,171.522,171.6039,171.6499,171.45,2026-08-07 20:06:00,135
8726.636168,171.7485,171.64,171.66,171.88,171.64,2026-08-07 20:07:00,141
5299.346408,171.6794,171.7,171.6845,171.7,171.6124,2026-08-07 20:08:00,120
4546.412968,171.7316,171.7,171.72,171.75,171.7,2026-08-07 20:09:00,120
3944.091867,171.7255,171.7423,171.7,171.7461,171.7,2026-08-07 20:10:00,77
9975.399719,171.8424,171.75,171.8761,171.88,171.74,2026-08-07 20:11:00,144
5723.160255,171.7962,171.8395,171.75,171.85,171.74,2026-08-07 20:12:00,89
3643.756612,171.7555,171.74,171.7379,171.74,171.67,2026-08-07 20:13:00,97
3199.467485,171.7261,171.67,171.7597,171.7597,171.67,2026-08-07 20:14:00,127
3096.73447,171.7502,171.7,171.7411,171.7453,171.68,2026-08-07 20:15:00,79
2545.351023,171.6605,171.65,171.646,171.6536,171.6184,2026-08-07 20:16:00,99
4802.634096,171.6487,171.63,171.63,171.64,171.61,2026-08-07 20:17:00,103
7295.164075,171.6413,171.63,171.64,171.7,171.6057,2026-08-07 20:18:00,152
1509.625417,171.7048,171.7,171.63,171.7,171.63,2026-08-07 20:19:00,55
6077.810343,171.6763,171.63,171.737,171.737,171.6,2026-08-07 20:20:00,131
1629.291902,171.7011,171.6322,171.7,171.7,171.62,2026-08-07 20:21:00,48
3690.712853,171.7382,171.65,171.75,171.76,171.6201,2026-08-07 20:22:00,111
1949.2998,171.8203,171.78,171.8289,171.8289,171.78,2026-08-07 20:23:00,69
11432.25,171.8672,171.75,171.84,171.89,171.75,2026-08-07 20:24:00,135
951.735164,171.9196,171.77,171.77,171.77,171.77,2026-08-07 20:25:00,79
3094.15881,171.7213,171.74,171.7001,171.74,171.7001,2026-08-07 20:26:00,63
2047.285004,171.7353,171.7098,171.7244,171.73,171.7008,2026-08-07 20:27:00,63
2306.856268,171.7766,171.7173,171.7022,171.72,171.7,2026-08-07 20:28:00,60
1390.833505,171.7799,171.7178,171.65,171.7178,171.6413,2026-08-07 20:29:00,80
3432.351799,171.6653,171.65,171.65,171.67,171.63,2026-08-07 20:30:00,88
2757.254274,171.6993,171.66,171.7,171.7,171.66,2026-08-07 20:31:00,64
1361.667669,171.7674,171.67,171.6938,171.6981,171.67,2026-08-07 20:32:00,100
5296.511176,171.6602,171.6621,171.63,171.69,171.6,2026-08-07 20:33:00,88
5366.818203,171.7047,171.68,171.7,171.7,171.6,2026-08-07 20:34:00,127
2841.741314,171.7057,171.6555,171.65,171.7,171.65,2026-08-07 20:35:00,71
2202.499484,171.7088,171.6546,171.6799,171.6799,171.6546,2026-08-07 20:36:00,71
3039.732715,171.7265,171.68,171.7,171.7,171.65,2026-08-07 20:37:00,54
1555.350755,171.7036,171.6715,171.65,171.68,171.65,2026-08-07 20:38:00,83
2107.048593,171.6771,171.66,171.66,171.7,171.65,2026-08-07 20:39:00,67
971.489697,171.7495,171.6539,171.68,171.68,171.6539,2026-08-07 20:40:00,41
2722.711471,171.7387,171.7,171.68,171.7,171.66,2026-08-07 20:41:00,87
3255.96228,171.7143,171.68,171.65,171.7063,171.65,2026-08-07 20:42:00,90
3368.834461,171.6659,171.66,171.6,171.6744,171.6,2026-08-07 20:43:00,121
8174.057417,171.5312,171.56,171.5655,171.5655,171.51,2026-08-07 20:44:00,104
1675.088358,171.5869,171.5513,171.609,171.609,171.55,2026-08-07 20:45:00,63
10660.912792,171.5801,171.6,171.55,171.64,171.55,2026-08-07 20:46:00,74
1271.63908,171.6,171.51,171.509,171.5138,171.509,2026-08-07 20:47:00,56
2532.303624,171.5421,171.51,171.51,171.5669,171.51,2026-08-07 20:48:00,91
1742.082805,171.5477,171.566,171.55,171.566,171.55,2026-08-07 20:49:00,64
24597.52863,171.443,171.53,171.43,171.53,171.3708,2026-08-07 20:50:00,127
1798.71782,171.4223,171.36,171.356,171.4,171.32,2026-08-07 20:51:00,81
1482.957159,171.4871,171.3598,171.3923,171.3923,171.35,2026-08-07 20:52:00,87
3275.299745,171.4223,171.4169,171.4003,171.42,171.4003,2026-08-07 20:53:00,75
1652.18845,171.4023,171.4,171.36,171.4,171.36,2026-08-07 20:54:00,53
3312.032225,171.3535,171.36,171.39,171.39,171.3,2026-08-07 20:55:00,80
3138.79971,171.3746,171.3773,171.35,171.3773,171.3019,2026-08-07 20:56:00,65
4744.149346,171.3076,171.32,171.26,171.35,171.25,2026-08-07 20:57:00,112
6648.103195,171.2612,171.2501,171.28,171.3,171.25,2026-08-07 20:58:00,51
3400.780285,171.3222,171.27,171.39,171.39,171.25,2026-08-07 20:59:00,101
1862.138852,171.298,171.29,171.29,171.29,171.2729,2026-08-07 21:00:00,69
2963.552892,171.299,171.2716,171.27,171.28,171.25,2026-08-07 21:01:00,82
1298.466907,171.2803,171.23,171.2179,171.2349,171.2,2026-08-07 21:02:00,67
1127.241005,171.2776,171.213,171.22,171.2812,171.213,2026-08-07 21:03:00,62
1064.570674,171.3407,171.24,171.25,171.28,171.24,2026-08-07 21:04:00,50
4864.996847,171.2966,171.2499,171.29,171.3,171.2159,2026-08-07 21:05:00,70
2630.942102,171.4589,171.3137,171.4,171.4,171.3137,2026-08-07 21:06:00,212
743.998611,171.6945,171.401,171.4847,171.5,171.401,2026-08-07 21:07:00,60
1382.593647,171.5958,171.5,171.57,171.57,171.5,2026-08-07 21:08:00,102
1835.117941,171.5424,171.57,171.55,171.57,171.52,2026-08-07 21:09:00,47
2350.390945,171.5256,171.4856,171.48,171.5392,171.48,2026-08-07 21:10:00,59
3331.783848,171.5138,171.48,171.447,171.481,171.4408,2026-08-07 21:11:00,67
1876.281824,171.435,171.42,171.4,171.42,171.3715,2026-08-07 21:12:00,45
2569.588851,171.3876,171.36,171.21,171.36,171.21,2026-08-07 21:13:00,41
552.344041,171.3617,171.27,171.27,171.27,171.27,2026-08-07 21:14:00,52
2231.885597,171.3336,171.25,171.25,171.25,171.25,2026-08-07 21:15:00,107
667.109333,171.2711,171.24,171.24,171.24,171.24,2026-08-07 21:16:00,34
807.840579,171.4647,171.33,171.2643,171.33,171.2643,2026-08-07 21:17:00,71
1779.0,171.338,171.2907,171.25,171.2972,171.25,2026-08-07 21:18:00,50
736.040566,171.2673,171.2508,171.2508,171.2508,171.2508,2026-08-07 21:19:00,47
1426.373772,171.4096,171.29,171.29,171.29,171.29,2026-08-07 21:20:00,40
2880.0,171.2594,171.29,171.24,171.29,171.24,2026-08-07 21:21:00,28
900.059956,171.2581,171.26,171.24,171.26,171.24,2026-08-07 21:22:00,48
3768.989805,171.3001,171.27,171.34,171.34,171.22,2026-08-07 21:23:00,102
4238.218954,171.3665,171.32,171.3971,171.3971,171.32,2026-08-07 21:24:00,77
1841.591691,171.4464,171.39,171.39,171.39,171.39,2026-08-07 21:25:00,48
5422.483289,171.4408,171.41,171.4254,171.43,171.409,2026-08-07 21:26:00,54
934.955976,171.5923,171.42,171.4248,171.4248,171.42,2026-08-07 21:27:00,39
478.744863,171.6741,171.4046,171.4046,171.4046,171.4046,2026-08-07 21:28:00,38
1368.361792,171.4364,171.4,171.4,171.4005,171.4,2026-08-07 21:29:00,44
1305.049717,171.3757,171.34,171.3938,171.3938,171.34,2026-08-07 21:30:00,34
993.791251,171.5014,171.3662,171.37,171.37,171.35,2026-08-07 21:31:00,81
807.305129,171.432,171.3686,171.3686,171.3686,171.3686,2026-08-07 21:32:00,45
3157.860181,171.3278,171.2731,171.27,171.29,171.27,2026-08-07 21:33:00,54
5972.267668,171.3285,171.2707,171.39,171.41,171.2707,2026-08-07 21:34:00,105
1512.983843,171.4598,171.33,171.35,171.35,171.3224,2026-08-07 21:35:00,43
3862.060552,171.3799,171.3695,171.38,171.41,171.3685,2026-08-07 21:36:00,92
407.182258,171.4651,171.4,171.4,171.4,171.4,2026-08-07 21:37:00,28
1496.166609,171.4016,171.38,171.3823,171.39,171.38,2026-08-07 21:38:00,83
3529.172121,171.3608,171.3801,171.25,171.3801,171.25,2026-08-07 21:39:00,50
469.02334,171.3194,171.31,171.31,171.31,171.31,2026-08-07 21:40:00,36
1256.022541,171.2626,171.25,171.2512,171.28,171.25,2026-08-07 21:42:00,51
1069.064225,171.2658,171.25,171.2501,171.2501,171.25,2026-08-07 21:43:00,41
302871.0,172.0088,171.26,171.26,171.26,171.26,2026-08-07 21:44:00,36
544.684844,171.5095,171.29,171.29,171.29,171.29,2026-08-07 21:45:00,46
1055.11438,171.2928,171.28,171.27,171.28,171.27,2026-08-07 21:47:00,46
854.42751,171.357,171.2906,171.28,171.2906,171.25,2026-08-07 21:48:00,39
7557.999965,171.2573,171.25,171.2001,171.26,171.2001,2026-08-07 21:49:00,54
626.3493,171.3616,171.28,171.26,171.28,171.26,2026-08-07 21:50:00,57
5170.625477,171.3367,171.29,171.32,171.3486,171.29,2026-08-07 21:51:00,73
6052.083576,171.3579,171.3523,171.3999,171.4,171.3139,2026-08-07 21:52:00,135
1249.325007,171.4638,171.43,171.4538,171.4538,171.43,2026-08-07 21:53:00,83
2856.950479,171.5443,171.46,171.47,171.5,171.46,2026-08-07 21:54:00,122
1600.60911,171.5208,171.47,171.4239,171.47,171.4239,2026-08-07 21:55:00,43
824.294189,171.4954,171.42,171.4239,171.45,171.42,2026-08-07 21:56:00,55
4156.770143,171.4872,171.43,171.46,171.46,171.43,2026-08-07 21:57:00,43
967.016,171.3994,171.42,171.3685,171.42,171.3685,2026-08-07 21:58:00,49
2777.779109,171.4483,171.4164,171.46,171.46,171.37,2026-08-07 22:00:00,98
906.844759,171.5774,171.44,171.4261,171.44,171.4261,2026-08-07 22:02:00,37
1211.132577,171.3926,171.36,171.4126,171.4126,171.36,2026-08-07 22:03:00,40
2013.5,171.4235,171.4177,171.36,171.42,171.35,2026-08-07 22:04:00,41
384.369377,171.5327,171.39,171.39,171.39,171.39,2026-08-07 22:05:00,42
596.233427,171.4448,171.3988,171.3988,171.3988,171.3988,2026-08-07 22:06:00,35
1524.6336,171.4037,171.33,171.33,171.33,171.33,2026-08-07 22:07:00,48
12772.05836,171.3158,171.32,171.35,171.35,171.3,2026-08-07 22:08:00,54
1187.144323,171.3483,171.32,171.32,171.32,171.32,2026-08-07 22:09:00,68
1633.631942,171.3827,171.35,171.2995,171.35,171.2995,2026-08-07 22:10:00,63
3114.190972,171.3176,171.3,171.35,171.35,171.3,2026-08-07 22:11:00,55
913.0,171.3317,171.3159,171.2962,171.38,171.2962,2026-08-07 22:12:00,30
5499.721823,171.3474,171.29,171.3299,171.33,171.28,2026-08-07 22:13:00,49
1055.436687,171.4073,171.3239,171.36,171.36,171.3239,2026-08-07 22:14:00,54
1632.151684,171.3476,171.3077,171.3411,171.3411,171.3077,2026-08-07 22:15:00,40
546.972681,171.6157,171.31,171.3,171.31,171.3,2026-08-07 22:16:00,27
3968.936522,171.3237,171.28,171.3,171.3,171.27,2026-08-07 22:17:00,62
823.842653,171.4749,171.3,171.3,171.3,171.3,2026-08-07 22:18:00,50
604.493869,171.477,171.33,171.33,171.33,171.33,2026-08-07 22:19:00,54
975.652815,171.4616,171.35,171.35,171.35,171.35,2026-08-07 22:20:00,47
3846.517557,171.3417,171.342,171.3139,171.342,171.31,2026-08-07 22:22:00,38
1394.818003,171.418,171.3261,171.3123,171.33,171.31,2026-08-07 22:23:00,44
1923.087555,171.3232,171.3185,171.31,171.33,171.31,2026-08-07 22:24:00,36
1336.899888,171.3914,171.28,171.27,171.28,171.27,2026-08-07 22:26:00,72
2198.132734,171.3044,171.2985,171.3,171.3,171.2801,2026-08-07 22:27:00,66
5381.307874,171.3511,171.3,171.36,171.37,171.3,2026-08-07 22:28:00,149
779.517162,171.4699,171.36,171.36,171.36,171.36,2026-08-07 22:29:00,40
756.201626,171.3667,171.38,171.2913,171.38,171.2913,2026-08-07 22:30:00,44
699.324921,171.4214,171.3497,171.3529,171.3529,171.3497,2026-08-07 22:31:00,26
679.408543,171.4311,171.34,171.3357,171.34,171.3357,2026-08-07 22:33:00,32
408.060844,171.3492,171.3139,171.3523,171.3523,171.3139,2026-08-07 22:34:00,22
1056.28305,171.3481,171.3,171.3,171.3,171.3,2026-08-07 22:35:00,39
505.005837,171.3108,171.3,171.3,171.3,171.3,2026-08-07 22:36:00,43
812.791834,171.4768,171.3,171.3,171.3,171.3,2026-08-07 22:37:00,46
3056.999302,171.3462,171.3,171.31,171.31,171.28,2026-08-07 22:38:00,79
896.805022,171.4725,171.33,171.33,171.33,171.33,2026-08-07 22:39:00,48
2180.430047,171.3604,171.3,171.35,171.35,171.3,2026-08-07 22:40:00,94
685.74413,171.5246,171.34,171.34,171.34,171.34,2026-08-07 22:41:00,27
826.291817,171.3608,171.29,171.29,171.29,171.29,2026-08-07 22:42:00,42
367.292451,171.4654,171.34,171.34,171.34,171.34,2026-08-07 22:43:00,51
529.767379,171.5992,171.35,171.35,171.35,171.35,2026-08-07 22:44:00,40
3812.245492,171.3636,171.3599,171.36,171.36,171.34,2026-08-07 22:45:00,84
1207.475663,171.4435,171.34,171.38,171.4,171.34,2026-08-07 22:46:00,67
1680.544361,171.4528,171.3999,171.3999,171.3999,171.3999,2026-08-07 22:47:00,55
2364.0,171.3957,171.4,171.4,171.4,171.39,2026-08-07 22:48:00,149
932.319779,171.4429,171.35,171.4,171.4,171.35,2026-08-07 22:49:00,41
2783.135333,171.408,171.3412,171.4199,171.4199,171.3412,2026-08-07 22:50:00,45
2341.293924,171.449,171.3923,171.45,171.46,171.38,2026-08-07 22:51:00,110
3556.005831,171.4308,171.4101,171.46,171.46,171.4101,2026-08-07 22:52:00,115
2734.481846,171.5003,171.5,171.46,171.5,171.3817,2026-08-07 22:53:00,41
1893.37395,171.5192,171.45,171.4999,171.5,171.45,2026-08-07 22:54:00,42
252.71321,171.9523,171.458,171.458,171.458,171.458,2026-08-07 22:55:00,19
1139.122484,171.4676,171.45,171.49,171.49,171.4216,2026-08-07 22:56:00,47
2640.736796,171.4344,171.4499,171.3611,171.4499,171.36,2026-08-07 22:57:00,58
1570.291715,171.387,171.45,171.34,171.45,171.34,2026-08-07 22:58:00,47
704.491126,171.4604,171.34,171.33,171.34,171.33,2026-08-07 22:59:00,32
5561.321331,171.3803,171.37,171.45,171.45,171.32,2026-08-07 23:00:00,74
1955.292065,171.435,171.4639,171.41,171.4639,171.4,2026-08-07 23:01:00,38
615.308632,171.4278,171.3293,171.35,171.35,171.3293,2026-08-07 23:03:00,40
544.05835,171.3653,171.35,171.3412,171.35,171.3412,2026-08-07 23:04:00,27
1177.5,171.4669,171.44,171.34,171.44,171.34,2026-08-07 23:07:00,72
713.145874,171.3934,171.3569,171.36,171.36,171.3569,2026-08-07 23:09:00,25
621.696574,171.589,171.3939,171.4,171.4,171.3939,2026-08-07 23:10:00,46
336.924127,171.8899,171.41,171.41,171.41,171.41,2026-08-07 23:11:00,35
733.391729,171.4957,171.41,171.3946,171.41,171.39,2026-08-07 23:12:00,47
2842.536964,171.445,171.42,171.41,171.42,171.41,2026-08-07 23:13:00,52
3563.116658,171.4451,171.44,171.44,171.45,171.44,2026-08-07 23:14:00,30
4151.986403,171.4966,171.44,171.4865,171.4865,171.44,2026-08-07 23:15:00,55
567.0,171.4814,171.4602,171.4602,171.4602,171.4602,2026-08-07 23:16:00,41
1263.06193,171.4705,171.4539,171.4577,171.47,171.4539,2026-08-07 23:17:00,31
715.376067,171.5427,171.45,171.45,171.45,171.45,2026-08-07 23:18:00,37
1164.116658,171.4639,171.45,171.4454,171.45,171.4454,2026-08-07 23:19:00,23
740.0,171.4405,171.43,171.45,171.45,171.43,2026-08-07 23:20:00,36
649.87489,171.6676,171.4263,171.4263,171.4263,171.4263,2026-08-07 23:21:00,26
7274.14269,171.4273,171.42,171.43,171.4369,171.42,2026-08-07 23:22:00,38
2676.679808,171.5002,171.4299,171.49,171.49,171.4299,2026-08-07 23:23:00,60
305.335589,171.6527,171.4539,171.4539,171.4539,171.4539,2026-08-07 23:24:00,18
1164.357825,171.535,171.493,171.5,171.5,171.45,2026-08-07 23:25:00,53
1042.06,171.4782,171.4577,171.4577,171.4577,171.4577,2026-08-07 23:26:00,36
502.0,171.4824,171.49,171.49,171.49,171.49,2026-08-07 23:27:00,23
539.0,171.4785,171.47,171.4788,171.5,171.47,2026-08-07 23:28:00,34
783.5,171.5685,171.46,171.46,171.46,171.46,2026-08-07 23:29:00,35
1814.5,171.506,171.46,171.45,171.46,171.45,2026-08-07 23:30:00,64
2943.758189,171.4953,171.49,171.47,171.49,171.44,2026-08-07 23:31:00,46
395.0,171.4704,171.4643,171.4643,171.4643,171.4643,2026-08-07 23:32:00,25
651.0,171.482,171.49,171.49,171.49,171.49,2026-08-07 23:33:00,30
3612.404963,171.5343,171.5,171.55,171.55,171.5,2026-08-07 23:34:00,181
2356.0,171.5577,171.5423,171.58,171.58,171.5423,2026-08-07 23:35:00,76
1675.0,171.6203,171.6392,171.6392,171.6392,171.6392,2026-08-07 23:36:00,54
2020.011337,171.6325,171.63,171.6668,171.6668,171.63,2026-08-07 23:37:00,52
937.0,171.6009,171.62,171.59,171.62,171.59,2026-08-07 23:38:00,50
459.0,171.6,171.59,171.59,171.59,171.59,2026-08-07 23:39:00,52
663.02,171.6381,171.65,171.6085,171.65,171.6085,2026-08-07 23:40:00,46
807.0,171.6114,171.62,171.5793,171.62,171.5793,2026-08-07 23:41:00,22
1039.0,171.5739,171.57,171.57,171.57,171.57,2026-08-07 23:42:00,45
345.2,171.666,171.59,171.59,171.59,171.59,2026-08-07 23:43:00,32
821.0,171.5843,171.59,171.58,171.59,171.58,2026-08-07 23:44:00,30
495.19,171.6431,171.57,171.59,171.59,171.57,2026-08-07 23:45:00,40
915.0,171.5935,171.6,171.59,171.6,171.59,2026-08-07 23:46:00,58
495.27397,171.6741,171.5593,171.5593,171.5593,171.5593,2026-08-07 23:47:00,41
861.0,171.5882,171.61,171.55,171.61,171.55,2026-08-07 23:48:00,44
913.0,171.5733,171.5509,171.5995,171.5995,171.5509,2026-08-07 23:49:00,30
2566.0,171.6239,171.59,171.62,171.63,171.59,2026-08-07 23:50:00,43
4257.069925,171.6436,171.63,171.6601,171.6601,171.63,2026-08-07 23:51:00,49
2185.0,171.6998,171.6854,171.72,171.72,171.68,2026-08-07 23:52:00,47
1986.0,171.7241,171.73,171.74,171.74,171.71,2026-08-07 23:53:00,49
1058.0,171.7282,171.73,171.73,171.73,171.73,2026-08-07 23:54:00,32
3013.0,171.7434,171.75,171.7825,171.7868,171.66,2026-08-07 23:55:00,57
2514.526206,171.7162,171.6739,171.7,171.7,171.6621,2026-08-07 23:56:00,43
1158.2194,171.7723,171.75,171.75,171.75,171.6821,2026-08-07 23:57:00,31
4854.592412,171.7564,171.7115,171.8,171.8,171.66,2026-08-07 23:58:00,103
4296.0,171.7629,171.8,171.81,171.81,171.6917,2026-08-07 23:59:00,60
38452.303301,172.2574,171.6,171.46,172.88,171.34,2026-08-10 08:00:00,1532
79796.872492,172.4823,171.55,171.27,172.91,171.27,2026-08-10 08:01:00,3685
93750.861593,171.9661,172.62,170.95,172.88,170.95,2026-08-10 08:02:00,2855
22162.45172,170.5124,170.77,170.18,171.73,170.18,2026-08-10 08:03:00,276
9805.165992,170.0652,170.2006,169.97,170.2006,169.97,2026-08-10 08:04:00,318
13465.603552,169.7252,169.87,169.64,169.9591,169.5,2026-08-10 08:05:00,312
19828.005886,169.7097,169.51,169.96,170.01,169.39,2026-08-10 08:06:00,374
4415.120354,170.2344,170.09,169.9433,170.11,169.9,2026-08-10 08:07:00,149
5123.561052,169.8358,169.9,169.86,169.96,169.8,2026-08-10 08:08:00,188
1707.5686,169.5762,169.67,169.51,169.69,169.51,2026-08-10 08:09:00,78
12502.579494,169.4895,169.51,169.4506,169.62,169.4506,2026-08-10 08:10:00,115
6650.434946,169.3967,169.62,169.36,169.62,169.29,2026-08-10 08:11:00,160
13168.332519,169.1255,169.35,169.09,169.35,169.0,2026-08-10 08:12:00,375
8874.38026,169.1848,169.13,169.27,169.28,169.05,2026-08-10 08:13:00,210
9354.062819,169.1735,169.03,169.59,169.59,168.95,2026-08-10 08:14:00,187
4648.358933,169.68,169.495,169.6,169.86,169.495,2026-08-10 08:15:00,102
1837.008835,169.776,169.64,169.82,169.82,169.6,2026-08-10 08:16:00,74
2299.496702,169.8164,169.86,169.83,169.86,169.8,2026-08-10 08:17:00,55
1393.724573,169.6936,169.8,169.7,169.8,169.6,2026-08-10 08:18:00,58
6798.0,169.4751,169.55,169.37,169.55,169.37,2026-08-10 08:19:00,147
6559.523517,169.5709,169.5652,169.58,169.64,169.48,2026-08-10 08:20:00,175
5125.0,169.6489,169.6016,169.63,169.69,169.6016,2026-08-10 08:21:00,110
2622.931347,169.6886,169.69,169.67,169.81,169.67,2026-08-10 08:22:00,149
1565.0,169.6117,169.65,169.65,169.65,169.65,2026-08-10 08:23:00,54
3345.177603,169.2412,169.33,169.26,169.33,169.12,2026-08-10 08:24:00,60
3012.294585,169.3151,169.26,169.49,169.49,169.26,2026-08-10 08:25:00,88
4556.0,169.3082,169.31,169.3,169.46,169.25,2026-08-10 08:26:00,93
5664.472063,169.3347,169.32,169.4008,169.4008,169.2156,2026-08-10 08:27:00,67
480.801124,169.2841,169.1919,169.1919,169.1919,169.1919,2026-08-10 08:28:00,36
1009.918055,169.2577,169.37,169.17,169.37,169.17,2026-08-10 08:29:00,54
3962.02,168.9495,169.11,168.75,169.11,168.75,2026-08-10 08:30:00,181
5730.509051,168.645,168.58,168.73,168.81,168.55,2026-08-10 08:31:00,180
8444.963113,168.9936,168.7352,169.26,169.28,168.73,2026-08-10 08:32:00,232
3741.265862,169.313,168.8828,169.49,169.49,168.8828,2026-08-10 08:33:00,79
2745.191617,169.4658,169.46,169.49,169.49,169.45,2026-08-10 08:34:00,53
1283.017458,169.3804,169.35,169.35,169.35,169.35,2026-08-10 08:35:00,87
6275.299662,169.4678,169.35,169.682,169.69,169.35,2026-08-10 08:36:00,138
3665.560323,169.5485,169.69,169.4046,169.72,169.4046,2026-08-10 08:37:00,103
1618.0,169.6966,169.7,169.7858,169.7858,169.7,2026-08-10 08:38:00,51
622.0,169.6985,169.78,169.78,169.78,169.78,2026-08-10 08:39:00,31
1144.5,169.6397,169.65,169.55,169.65,169.55,2026-08-10 08:40:00,51
2590.0,169.5337,169.57,169.51,169.58,169.51,2026-08-10 08:41:00,68
928.0,169.5466,169.53,169.58,169.58,169.53,2026-08-10 08:42:00,35
1097.0,169.5579,169.6,169.4831,169.6,169.4831,2026-08-10 08:43:00,51
2243.082474,169.7607,169.62,169.9,169.9,169.62,2026-08-10 08:45:00,67
3416.241142,169.9027,169.8761,169.9,169.9584,169.8344,2026-08-10 08:46:00,86
866.0,169.8658,169.9,169.85,169.9,169.8452,2026-08-10 08:47:00,44
1514.029002,169.821,169.8,169.8,169.8,169.8,2026-08-10 08:49:00,86
840.312699,169.7075,169.68,169.72,169.72,169.68,2026-08-10 08:51:00,41
540.692647,169.747,169.7246,169.75,169.75,169.7246,2026-08-10 08:52:00,28
412.058875,169.7094,169.7,169.7,169.7,169.7,2026-08-10 08:53:00,30
249.02932,169.6778,169.67,169.67,169.67,169.67,2026-08-10 08:54:00,28
4289.071507,169.8364,169.7,169.99,169.99,169.7,2026-08-10 08:55:00,115
1633.657777,169.7864,169.8011,169.77,169.8011,169.77,2026-08-10 08:56:00,29
349.234319,169.7645,169.8,169.8,169.8,169.8,2026-08-10 08:57:00,26
525.0,169.8581,169.86,169.86,169.86,169.86,2026-08-10 08:58:00,33
1214.122393,169.8282,169.9231,169.75,169.9231,169.75,2026-08-10 09:00:00,48
5075.660524,169.8827,169.72,170.0,170.0,169.72,2026-08-10 09:01:00,191
2199.303246,170.0076,170.0,170.0,170.19,170.0,2026-08-10 09:02:00,48
477.0,169.8694,169.86,169.86,169.86,169.86,2026-08-10 09:04:00,25
1279.50401,169.9182,169.99,169.85,169.99,169.85,2026-08-10 09:07:00,24
1574.041188,169.9423,169.94,169.9446,169.95,169.9,2026-08-10 09:08:00,31
1223.329846,170.0184,170.0,170.09,170.09,170.0,2026-08-10 09:09:00,46
1762.206997,170.1127,170.09,170.13,170.13,170.09,2026-08-10 09:10:00,87
1090.07692,170.1488,170.17,170.14,170.17,170.14,2026-08-10 09:11:00,53
2431.484725,170.1921,170.2,170.1904,170.2,170.16,2026-08-10 09:13:00,83
1149.0,170.2144,170.27,170.27,170.27,170.27,2026-08-10 09:14:00,66
666.0,170.1659,170.18,170.2,170.2,170.18,2026-08-10 09:15:00,29
6173.933364,170.0657,170.18,170.18,170.18,170.0,2026-08-10 09:16:00,165
2088.614921,170.187,170.27,170.16,170.27,170.16,2026-08-10 09:17:00,83
700.0,170.1675,170.2,170.2,170.2,170.2,2026-08-10 09:19:00,32
184.0,170.1044,170.1,170.1,170.1,170.1,2026-08-10 09:20:00,13
384.0,170.1639,170.19,170.19,170.19,170.19,2026-08-10 09:21:00,21
2272.009135,170.3354,170.26,170.37,170.37,170.26,2026-08-10 09:22:00,101
2159.0,170.2879,170.3,170.21,170.3,170.21,2026-08-10 09:23:00,42
641.0,170.2434,170.21,170.29,170.29,170.21,2026-08-10 09:24:00,28
1128.0,170.2054,170.2,170.15,170.2,170.15,2026-08-10 09:25:00,36
1047.945494,170.0601,170.1,170.04,170.1,170.04,2026-08-10 09:27:00,43
6451.167344,170.0716,170.2045,170.1,170.2045,170.0,2026-08-10 09:29:00,187
770.0,170.1032,170.1,170.1,170.1,170.1,2026-08-10 09:30:00,25
1140.734424,170.1637,170.16,170.18,170.18,170.16,2026-08-10 09:31:00,23
3827.927172,170.1901,170.29,170.09,170.3,170.09,2026-08-10 09:32:00,119
804.0,170.2586,170.24,170.2083,170.24,170.2083,2026-08-10 09:33:00,35
3686.0,170.2287,170.36,170.13,170.36,170.08,2026-08-10 09:34:00,69
873.208932,170.1152,170.15,170.15,170.15,170.15,2026-08-10 09:36:00,38
2669.0,170.0358,170.02,170.1,170.1,170.0,2026-08-10 09:37:00,70
2382.0,170.0377,170.09,169.98,170.09,169.98,2026-08-10 09:39:00,115
1432.878235,169.8834,169.88,169.88,169.88,169.85,2026-08-10 09:41:00,82
2718.0,169.8031,169.8,169.87,169.87,169.74,2026-08-10 09:42:00,92
6801.429759,169.5776,169.72,169.56,169.72,169.56,2026-08-10 09:43:00,38
3615.45154,169.7906,169.71,169.6329,169.88,169.621,2026-08-10 09:44:00,137
804.0,169.8575,169.89,169.94,169.94,169.644,2026-08-10 09:46:00,27
1160.0,169.8876,169.89,169.89,169.89,169.89,2026-08-10 09:47:00,29
1417.246741,169.8622,169.88,169.89,169.89,169.88,2026-08-10 09:48:00,45
741.072969,169.651,169.61,169.61,169.61,169.61,2026-08-10 09:50:00,41
1368.5,169.6456,169.61,169.66,169.66,169.61,2026-08-10 09:51:00,61
1069.891405,169.67,169.71,169.6,169.71,169.6,2026-08-10 09:52:00,56
1082.044959,169.5788,169.5806,169.57,169.5806,169.57,2026-08-10 09:54:00,22
2709.6,169.6992,169.64,169.68,169.7,169.64,2026-08-10 09:55:00,129
725.0,169.803,169.8,169.76,169.8,169.76,2026-08-10 09:57:00,26
1496.048304,169.7065,169.63,169.63,169.63,169.63,2026-08-10 09:58:00,88
632.0,169.6924,169.74,169.74,169.74,169.74,2026-08-10 09:59:00,38
286.0,169.7138,169.7159,169.72,169.72,169.7159,2026-08-10 10:00:00,22
965.004419,169.6966,169.7,169.7,169.7,169.7,2026-08-10 10:01:00,48
1169.497644,169.8255,169.8,169.86,169.86,169.8,2026-08-10 10:02:00,41
4126.0,169.9632,169.89,169.95,170.0,169.89,2026-08-10 10:03:00,118
904.090897,169.8626,169.93,169.67,169.93,169.67,2026-08-10 10:04:00,47
838.419032,169.8256,169.8264,169.8264,169.8264,169.8264,2026-08-10 10:05:00,21
880.780644,169.7544,169.75,169.75,169.75,169.75,2026-08-10 10:06:00,48
1188.0,169.8152,169.7,169.84,169.84,169.7,2026-08-10 10:07:00,39
799.0,169.81,169.82,169.8,169.82,169.8,2026-08-10 10:08:00,31
964.0,169.7278,169.91,169.67,169.91,169.67,2026-08-10 10:09:00,39
1410.011674,169.5937,169.61,169.59,169.61,169.59,2026-08-10 10:10:00,58
2404.487899,169.383,169.5,169.3,169.5,169.29,2026-08-10 10:11:00,132
1890.0,169.2322,169.22,169.2,169.23,169.2,2026-08-10 10:12:00,71
4492.855473,169.2248,169.31,169.13,169.35,169.0296,2026-08-10 10:13:00,87
874.0,169.0856,169.1,169.1,169.1,169.09,2026-08-10 10:14:00,34
4130.461244,169.1818,169.11,169.3713,169.3713,169.11,2026-08-10 10:15:00,75
3203.0,169.2158,169.38,169.09,169.41,169.03,2026-08-10 10:16:00,80
669.200495,169.1767,169.2,169.2,169.2,169.2,2026-08-10 10:17:00,19
2081.020859,169.1822,169.24,169.16,169.25,169.15,2026-08-10 10:19:00,77
472.13686,169.2276,169.169,169.28,169.28,169.1657,2026-08-10 10:20:00,24
1557.407658,169.3976,169.4,169.4,169.4,169.4,2026-08-10 10:21:00,20
396.0,169.3417,169.2893,169.2893,169.2893,169.2893,2026-08-10 10:22:00,27
1649.131757,169.632,169.59,169.76,169.76,169.59,2026-08-10 10:23:00,71
441.037738,169.7509,169.74,169.74,169.74,169.74,2026-08-10 10:24:00,26
1102.939268,169.7218,169.76,169.77,169.77,169.76,2026-08-10 10:25:00,43
409.0,169.5719,169.56,169.56,169.56,169.56,2026-08-10 10:27:00,23
1167.495169,169.589,169.5,169.57,169.61,169.5,2026-08-10 10:28:00,37
2218.0,169.5675,169.56,169.66,169.66,169.5,2026-08-10 10:30:00,92
865.0,169.5412,169.5,169.5,169.5,169.5,2026-08-10 10:31:00,27
1165.955538,169.5649,169.5,169.55,169.59,169.5,2026-08-10 10:32:00,40
1046.446686,169.5216,169.51,169.56,169.56,169.5,2026-08-10 10:33:00,38
2789.0,169.5631,169.54,169.6,169.6,169.54,2026-08-10 10:34:00,65
2036.0,169.5978,169.6,169.6,169.6,169.6,2026-08-10 10:35:00,75
799.812645,169.6241,169.6748,169.6748,169.6748,169.6748,2026-08-10 10:36:00,40
2904.149795,169.627,169.63,169.55,169.69,169.55,2026-08-10 10:37:00,93
960.0,169.4851,169.55,169.44,169.55,169.44,2026-08-10 10:39:00,36
495.0,169.7463,169.76,169.76,169.76,169.76,2026-08-10 10:45:00,34
3117.013533,169.5109,169.52,169.65,169.66,169.43,2026-08-10 10:48:00,61
1264.3,169.6135,169.63,169.63,169.63,169.63,2026-08-10 10:49:00,38
601.043054,169.5597,169.5566,169.5566,169.5566,169.5566,2026-08-10 10:50:00,25
1147.0,169.4774,169.53,169.43,169.53,169.43,2026-08-10 10:51:00,73
1159.442775,169.5859,169.64,169.4893,169.64,169.4893,2026-08-10 10:54:00,41
2967.0,169.6593,169.64,169.68,169.68,169.64,2026-08-10 10:55:00,42
2361.0,169.7512,169.63,169.79,169.79,169.63,2026-08-10 10:57:00,58
3821.904155,169.9516,169.92,169.92,170.0,169.91,2026-08-10 10:58:00,191
3965.0,170.0541,170.04,170.01,170.11,170.0,2026-08-10 10:59:00,93
14606.022774,170.1298,170.13,170.0,170.43,170.0,2026-08-10 11:00:00,379
11657.317681,170.1079,170.0,170.2,170.38,169.99,2026-08-10 11:01:00,363
4440.555415,170.2772,170.32,170.24,170.3582,170.24,2026-08-10 11:02:00,102
8128.822658,170.1416,170.11,170.32,170.32,169.86,2026-08-10 11:03:00,151
3203.382303,170.217,170.2862,170.16,170.3,170.16,2026-08-10 11:04:00,124
11641.252696,170.3122,170.31,170.41,170.41,170.28,2026-08-10 11:05:00,187
10039.221581,170.3839,170.41,170.4,170.46,170.19,2026-08-10 11:06:00,163
4115.0,170.369,170.452,170.3464,170.452,170.29,2026-08-10 11:07:00,134
4262.02,170.2653,170.26,170.16,170.37,170.15,2026-08-10 11:08:00,58
3614.917811,170.2137,170.25,170.35,170.35,170.13,2026-08-10 11:09:00,59
5730.726432,170.1559,170.1874,170.1686,170.2,170.09,2026-08-10 11:10:00,100
8606.0077,170.0134,170.05,169.94,170.2,169.9,2026-08-10 11:11:00,177
4780.473037,169.8099,169.9374,169.7,169.9374,169.7,2026-08-10 11:12:00,116
7693.0,169.7403,169.7,169.7015,169.8287,169.65,2026-08-10 11:13:00,120
6287.04392,169.5921,169.7,169.5,169.7,169.5,2026-08-10 11:14:00,125
7772.01432,169.5721,169.538,169.63,169.75,169.478,2026-08-10 11:15:00,163
2423.5,169.5292,169.5,169.59,169.62,169.47,2026-08-10 11:16:00,59
2679.0,169.5714,169.6,169.604,169.62,169.5,2026-08-10 11:17:00,63
4940.317229,169.5578,169.6,169.6,169.62,169.492,2026-08-10 11:18:00,144
6377.029475,169.5487,169.62,169.51,169.62,169.5076,2026-08-10 11:19:00,59
1959.988698,169.5961,169.55,169.7,169.7,169.55,2026-08-10 11:20:00,58
9360.883392,169.7227,169.7,169.7,169.89,169.7,2026-08-10 11:21:00,113
819.637633,169.7806,169.8,169.8,169.8,169.8,2026-08-10 11:22:00,34
4431.468027,169.7517,169.75,169.8,169.8,169.7,2026-08-10 11:23:00,64
4053.287279,169.6586,169.7,169.55,169.7,169.55,2026-08-10 11:24:00,66
1498.543191,169.5657,169.59,169.5858,169.59,169.55,2026-08-10 11:25:00,59
7799.53152,169.6109,169.5738,169.76,169.76,169.5089,2026-08-10 11:26:00,108
6796.38812,169.5015,169.63,169.457,169.6311,169.41,2026-08-10 11:27:00,210
1809.359822,169.5928,169.55,169.7,169.7,169.45,2026-08-10 11:28:00,76
6654.75251,169.7532,169.7,169.77,169.78,169.7,2026-08-10 11:29:00,120
3915.475824,169.7703,169.73,169.76,169.81,169.73,2026-08-10 11:30:00,122
6951.0,169.6207,169.84,169.5,169.84,169.4,2026-08-10 11:31:00,223
3661.407188,169.3715,169.4,169.32,169.51,169.3,2026-08-10 11:32:00,104
17193.94358,169.4834,169.39,169.43,169.5,169.3465,2026-08-10 11:33:00,88
3475.25,169.3813,169.464,169.29,169.464,169.29,2026-08-10 11:34:00,115
4290.803202,169.2496,169.3456,169.1882,169.3476,169.18,2026-08-10 11:35:00,159
5757.131711,169.2372,169.21,169.2,169.31,169.18,2026-08-10 11:36:00,153
13239.3501,169.2229,169.2108,169.2189,169.32,169.1,2026-08-10 11:37:00,167
4695.078801,169.0907,169.06,169.17,169.21,169.01,2026-08-10 11:38:00,163
6104.03271,169.2294,169.15,169.15,169.3,169.15,2026-08-10 11:39:00,140
1946.852778,169.2319,169.31,169.29,169.31,169.2,2026-08-10 11:40:00,65
6352.141039,169.1687,169.23,169.088,169.2898,169.0479,2026-08-10 11:41:00,148
22480.766257,169.0169,169.04,169.1534,169.2426,168.92,2026-08-10 11:42:00,438
4516.337723,169.2746,169.3,169.34,169.34,169.2,2026-08-10 11:43:00,131
3319.380581,169.2892,169.34,169.36,169.36,169.2,2026-08-10 11:44:00,94
2584.630995,169.3196,169.35,169.23,169.48,169.2,2026-08-10 11:45:00,93
1115.557625,169.2389,169.24,169.24,169.24,169.24,2026-08-10 11:46:00,44
1814.0,169.2724,169.2824,169.27,169.2824,169.25,2026-08-10 11:47:00,59
2832.918085,169.1308,169.25,169.24,169.25,169.08,2026-08-10 11:48:00,138
1703.049559,169.1244,169.2451,169.1,169.2451,169.0,2026-08-10 11:49:00,51
6930.63467,169.3819,169.221,169.5,169.5,169.221,2026-08-10 11:50:00,155
7512.863817,169.5016,169.5,169.55,169.55,169.3601,2026-08-10 11:51:00,98
2408.779096,169.512,169.4986,169.5015,169.51,169.48,2026-08-10 11:52:00,84
3138.189007,169.4715,169.51,169.5,169.51,169.4155,2026-08-10 11:53:00,86
2540.9187,169.3857,169.39,169.307,169.4,169.307,2026-08-10 11:54:00,71
658.472086,169.3411,169.35,169.35,169.35,169.35,2026-08-10 11:55:00,46
2187.765611,169.387,169.4,169.424,169.4456,169.37,2026-08-10 11:56:00,107
1652.076246,169.353,169.35,169.35,169.35,169.35,2026-08-10 11:57:00,47
3632.360752,169.2852,169.4329,169.2,169.4329,169.2,2026-08-10 11:58:00,127
1206.666445,169.2413,169.2,169.28,169.28,169.2,2026-08-10 11:59:00,55
6603.893717,169.5275,169.25,169.62,169.8,169.25,2026-08-10 12:00:00,200
9851.91,169.37,169.55,169.34,169.68,169.25,2026-08-10 12:01:00,131
5085.497423,169.1067,169.2348,169.0,169.29,169.0,2026-08-10 12:02:00,197
7660.851245,169.1668,168.9408,169.08,171.58,168.9408,2026-08-10 12:03:00,155
3577.981285,169.0952,169.05,169.21,169.21,169.03,2026-08-10 12:04:00,77
7792.677128,168.9722,169.08,168.81,169.08,168.81,2026-08-10 12:05:00,227
5648.754279,168.8194,168.8,168.8281,168.8799,168.78,2026-08-10 12:06:00,171
12931.766777,168.6857,168.84,168.633,168.84,168.56,2026-08-10 12:07:00,345
4538.092145,168.6254,168.59,168.67,168.67,168.55,2026-08-10 12:08:00,151
5461.948433,168.6837,168.58,168.8,168.8,168.5608,2026-08-10 12:09:00,132
9388.449935,168.5939,168.869,168.46,168.869,168.46,2026-08-10 12:10:00,225
4267.889539,168.4224,168.4599,168.41,168.4883,168.35,2026-08-10 12:11:00,161
12553.113352,168.6322,168.4176,168.4,168.71,168.4,2026-08-10 12:12:00,316
4208.843821,168.4249,168.4176,168.45,168.45,168.41,2026-08-10 12:13:00,142
4468.969671,168.5505,168.4861,168.56,168.63,168.4861,2026-08-10 12:14:00,141
2471.324661,168.5152,168.55,168.55,168.58,168.4448,2026-08-10 12:15:00,70
1928.420535,168.5611,168.42,168.64,168.64,168.42,2026-08-10 12:16:00,72
8314.607263,168.611,168.64,168.6,168.6602,168.51,2026-08-10 12:17:00,91
8439.665125,168.7088,168.65,168.68,168.81,168.65,2026-08-10 12:18:00,183
2480.179464,168.685,168.78,168.7,168.78,168.65,2026-08-10 12:19:00,94
3746.620211,168.6304,168.69,168.6,168.69,168.6,2026-08-10 12:20:00,71
11292.757016,168.471,168.59,168.48,168.5982,168.37,2026-08-10 12:21:00,275
7052.156047,168.6442,168.5948,168.6,168.82,168.48,2026-08-10 12:22:00,127
7432.449101,168.591,168.621,168.5,168.63,168.5,2026-08-10 12:23:00,142
4439.89523,168.6644,168.5294,168.89,168.89,168.5,2026-08-10 12:24:00,116
3204.793519,168.8484,168.87,168.84,168.87,168.81,2026-08-10 12:25:00,75
659.655728,168.751,168.7263,168.7263,168.7263,168.7263,2026-08-10 12:26:00,45
4271.937573,168.719,168.7482,168.72,168.7632,168.7,2026-08-10 12:27:00,96
2322.506686,168.6902,168.6745,168.75,168.75,168.6,2026-08-10 12:28:00,74
17881.241846,168.7034,168.67,168.82,168.82,168.61,2026-08-10 12:29:00,101
1403.866167,168.8227,168.85,168.9,168.9,168.64,2026-08-10 12:30:00,45
4996.298275,168.7816,168.8,168.79,168.9,168.73,2026-08-10 12:31:00,69
3881.091086,168.7677,168.83,168.6939,168.84,168.66,2026-08-10 12:32:00,105
2305.414572,168.8555,168.7508,168.88,168.88,168.7508,2026-08-10 12:33:00,90
4462.927506,168.8381,168.9318,168.8856,168.9451,168.71,2026-08-10 12:34:00,133
3197.485684,168.7674,168.8227,168.793,168.8227,168.75,2026-08-10 12:35:00,78
2071.541256,168.7733,168.7,168.74,168.8613,168.7,2026-08-10 12:36:00,84
4932.202252,168.6664,168.7739,168.65,168.7739,168.65,2026-08-10 12:37:00,88
6212.602216,168.547,168.62,168.49,168.62,168.49,2026-08-10 12:38:00,181
6899.961849,168.4868,168.4001,168.52,168.6,168.4,2026-08-10 12:39:00,195
6255.427827,168.5198,168.5464,168.6,168.61,168.4563,2026-08-10 12:40:00,99
4271.302463,168.6605,168.4608,168.8,168.8,168.4608,2026-08-10 12:41:00,117
2384.301801,168.7968,168.691,168.8757,168.88,168.691,2026-08-10 12:42:00,73
11907.28986,168.9448,168.9,168.8548,169.04,168.8372,2026-08-10 12:43:00,279
2840.978589,168.8767,168.9395,168.895,168.9395,168.84,2026-08-10 12:44:00,92
3373.187612,168.7121,168.75,168.6712,168.75,168.6712,2026-08-10 12:45:00,46
5431.406819,168.7515,168.75,168.78,168.78,168.75,2026-08-10 12:46:00,92
2505.754501,168.8506,168.79,168.8,168.94,168.79,2026-08-10 12:47:00,69
4434.001052,168.8288,168.8,168.83,168.8844,168.8,2026-08-10 12:48:00,82
5634.495363,168.8472,168.9,168.75,168.9,168.75,2026-08-10 12:49:00,84
1089.441215,168.7589,168.7,168.78,168.78,168.7,2026-08-10 12:50:00,48
1492.243094,168.7234,168.7,168.7176,168.76,168.7,2026-08-10 12:51:00,62
7340.154706,168.853,168.75,168.9303,168.9303,168.72,2026-08-10 12:52:00,115
5320.086163,168.8267,168.92,168.8,168.92,168.8,2026-08-10 12:53:00,73
1424.247613,168.8239,168.88,168.87,168.88,168.77,2026-08-10 12:54:00,43
2261.616814,168.7474,168.83,168.71,168.83,168.71,2026-08-10 12:55:00,64
2021.916526,168.7519,168.7,168.75,168.9,168.7,2026-08-10 12:56:00,88
3754.971525,168.7617,168.72,168.7,168.8,168.7,2026-08-10 12:57:00,103
2501.33792,168.7414,168.8,168.67,168.83,168.67,2026-08-10 12:58:00,58
3289.972693,168.7982,168.8048,168.8509,168.8509,168.7232,2026-08-10 12:59:00,108
12518.61235,169.019,168.9,169.1416,169.1997,168.88,2026-08-10 13:00:00,369
9629.858091,169.0512,169.1453,169.0,169.18,168.91,2026-08-10 13:01:00,176
5784.381073,169.1579,169.135,169.15,169.2233,169.1277,2026-08-10 13:02:00,116
7058.036713,169.1732,169.17,169.12,169.2,169.12,2026-08-10 13:03:00,134
8706.137459,169.3161,169.19,169.45,169.45,169.109,2026-08-10 13:04:00,252
7138.622457,169.3785,169.469,169.09,169.49,169.09,2026-08-10 13:05:00,133
3297.560125,169.1575,169.25,169.2,169.25,169.0339,2026-08-10 13:06:00,115
4964.290636,169.1786,169.08,169.22,169.3004,169.02,2026-08-10 13:07:00,166
2317.70357,169.2351,169.3,169.2642,169.3107,169.2,2026-08-10 13:08:00,83
3352.452048,169.3683,169.3345,169.37,169.41,169.3345,2026-08-10 13:09:00,138
10827.244393,169.4134,169.38,169.35,169.5,169.35,2026-08-10 13:10:00,158
5364.393794,169.3075,169.33,169.2325,169.3845,169.2325,2026-08-10 13:11:00,119
7846.66899,169.1866,169.25,169.18,169.25,169.14,2026-08-10 13:12:00,144
17825.49731,169.1008,169.192,168.98,169.2,168.98,2026-08-10 13:13:00,252
5604.420164,169.0546,169.0206,169.0,169.13,168.99,2026-08-10 13:14:00,173
3867.36834,169.0233,168.99,169.06,169.09,168.97,2026-08-10 13:15:00,138
11565.442385,169.0538,169.1,169.05,169.104,169.0,2026-08-10 13:16:00,146
11574.549551,168.969,169.02,168.98,169.1,168.87,2026-08-10 13:17:00,193
58280.388424,171.6509,168.99,168.9301,169.18,168.9301,2026-08-10 13:18:00,189
2373.086317,168.9861,169.0,168.92,169.0,168.92,2026-08-10 13:19:00,83
6526.614735,168.847,169.0283,168.84,169.0283,168.75,2026-08-10 13:20:00,220
6425.272104,168.9509,168.83,168.9409,169.0269,168.83,2026-08-10 13:21:00,147
6802.172818,168.8993,168.9,168.9299,168.9299,168.7772,2026-08-10 13:22:00,133
6161.435113,168.879,168.84,168.9,168.97,168.8,2026-08-10 13:23:00,153
7690.244227,168.8598,168.9,168.9,168.9065,168.7,2026-08-10 13:24:00,210
39475.70421,169.6503,168.98,169.89,169.89,168.98,2026-08-10 13:25:00,630
24456.116463,169.7932,169.78,169.9185,169.9231,169.6,2026-08-10 13:26:00,416
44828.597094,169.9217,169.93,170.44,170.48,169.15,2026-08-10 13:27:00,1443
11470.929589,170.1334,170.05,170.0,170.44,169.99,2026-08-10 13:28:00,249
39982.726629,170.5977,170.08,170.95,170.95,170.08,2026-08-10 13:29:00,711
1855516.835789,172.0985,171.01,173.9,173.9,170.87,2026-08-10 13:30:00,22837
721000.831134,173.9507,173.9,172.8,174.98,172.58,2026-08-10 13:31:00,8977
487374.875049,173.8128,172.83,174.95,174.98,172.8,2026-08-10 13:32:00,6091
872509.832777,174.7998,174.905,174.86,175.57,173.73,2026-08-10 13:33:00,12432
578120.451689,173.6285,174.82,172.9,174.97,172.72,2026-08-10 13:34:00,7238
382518.989077,173.0358,172.9,173.655,173.7694,172.28,2026-08-10 13:35:00,5802
491875.19317,174.0528,173.655,174.24,174.4,173.346666,2026-08-10 13:36:00,5568
297068.007985,174.1722,174.19,173.7374,174.55,173.66,2026-08-10 13:37:00,4235
257155.485142,174.1259,173.75,174.25,174.56,173.72,2026-08-10 13:38:00,3469
480694.856866,174.5494,174.2569,174.05,175.2,173.83,2026-08-10 13:39:00,6495
262027.887337,173.8815,174.06,173.77,174.351,173.551,2026-08-10 13:40:00,3893
220188.376004,174.2642,173.86,174.7,174.79,173.74,2026-08-10 13:41:00,4010
561053.581796,175.2365,174.71,175.44,175.71,174.64,2026-08-10 13:42:00,7439
592806.311683,175.9377,175.395,176.455,176.47,175.39,2026-08-10 13:43:00,8621
711348.016909,176.8184,176.47,177.0292,177.17,176.19,2026-08-10 13:44:00,9578
487546.594604,177.0338,177.02,176.9315,177.2599,176.78,2026-08-10 13:45:00,6642
360264.487006,177.1011,176.9,177.115,177.38,176.68,2026-08-10 13:46:00,5108
338338.316934,176.6734,177.12,176.4601,177.23,176.32,2026-08-10 13:47:00,4519
201391.096717,176.3575,176.52,176.4774,176.56,176.15,2026-08-10 13:48:00,3381
169692.55469,176.6278,176.4972,176.748,176.8,176.42,2026-08-10 13:49:00,3018
356034.049426,176.879,176.7,176.805,177.2099,176.58,2026-08-10 13:50:00,5912
201821.693288,176.7404,176.82,176.485,177.04,176.46,2026-08-10 13:51:00,3225
384636.347375,176.2709,176.505,176.515,176.775,175.83,2026-08-10 13:52:00,4217
209410.489881,176.3238,176.55,176.2112,176.72,176.09,2026-08-10 13:53:00,2870
362802.806627,176.5293,176.2799,176.86,176.99,176.17,2026-08-10 13:54:00,4143
276123.188646,176.7782,176.89,176.101,177.25,176.101,2026-08-10 13:55:00,3747
249281.233583,175.9056,176.15,175.75,176.15,172.09,2026-08-10 13:56:00,3249
167527.268595,175.7212,175.769,175.82,175.86,175.55,2026-08-10 13:57:00,2745
198469.429513,176.1725,175.7877,176.52,176.629,175.7877,2026-08-10 13:58:00,2846
262057.445631,176.645,176.5279,176.705,177.01,176.37,2026-08-10 13:59:00,3401
293972.866954,176.4155,176.68,175.88,177.09,175.83,2026-08-10 14:00:00,4071
430148.092589,175.3212,175.9,175.025,176.04,174.8,2026-08-10 14:01:00,6080
196050.757132,175.3288,175.0029,175.345,175.6299,175.0,2026-08-10 14:02:00,3042
143430.604029,175.4416,175.345,175.515,175.615,175.32,2026-08-10 14:03:00,2503
110369.882603,175.4458,175.55,175.2772,175.65,175.25,2026-08-10 14:04:00,2115
197989.800242,175.6912,175.2682,175.91,176.06,175.23,2026-08-10 14:05:00,2987
147343.630999,175.8503,175.934,175.72,176.03,175.6,2026-08-10 14:06:00,2057
109415.056777,175.7987,175.7,175.995,176.0,175.63,2026-08-10 14:07:00,1924
152381.980592,176.1393,175.9301,176.02,176.32,175.87,2026-08-10 14:08:00,2250
337959.367515,176.7529,176.005,176.75,177.25,175.87,2026-08-10 14:09:00,5418
160073.62979,176.6787,176.69,176.66,176.99,176.3,2026-08-10 14:10:00,2466
105027.113914,176.6469,176.6795,176.52,176.8299,176.52,2026-08-10 14:11:00,1901
184652.84025,176.4888,176.52,176.63,176.74,176.31,2026-08-10 14:12:00,2247
98301.284946,176.6769,176.615,176.785,176.8,176.5401,2026-08-10 14:13:00,1936
130452.522783,176.5631,176.785,176.485,176.81,176.41,2026-08-10 14:14:00,1999
164136.602058,176.7271,176.47,176.7,176.95,176.45,2026-08-10 14:15:00,2607
136757.700487,176.5448,176.73,176.395,176.875,176.3,2026-08-10 14:16:00,2152
436749.02311,176.2436,176.37,176.2,176.51,176.11,2026-08-10 14:17:00,2036
142233.075449,176.3604,176.2,176.661,176.69,176.11,2026-08-10 14:18:00,2504
203474.984415,176.8892,176.6701,176.725,177.05,176.61,2026-08-10 14:19:00,3205
156582.990186,176.9004,176.7003,177.1499,177.1499,176.69,2026-08-10 14:20:00,2478
301541.922044,177.164,177.12,177.16,177.44,176.78,2026-08-10 14:21:00,4541
175882.73583,177.2035,177.1799,177.24,177.4299,176.9745,2026-08-10 14:22:00,3014
162648.231042,177.2421,177.245,177.1606,177.43,176.98,2026-08-10 14:23:00,2353
345106.073938,177.1974,177.2201,177.51,177.56,176.95,2026-08-10 14:24:00,4338
264860.612173,177.5977,177.52,177.72,177.8,177.31,2026-08-10 14:25:00,4564
238418.668851,177.5564,177.73,177.32,177.89,177.27,2026-08-10 14:26:00,3995
132195.668886,177.3582,177.3799,177.4,177.49,177.23,2026-08-10 14:27:00,2331
204832.997579,177.6121,177.36,177.94,177.95,177.3,2026-08-10 14:28:00,3249
152464.760575,177.7591,177.9201,177.67,177.935,177.66,2026-08-10 14:29:00,2798
171447.783644,177.7387,177.68,177.7,177.9099,177.58,2026-08-10 14:30:00,2731
381376.659996,177.8876,177.73,178.0496,178.14,177.4307,2026-08-10 14:31:00,6463
219287.541671,177.7382,178.035,177.74,178.16,177.3,2026-08-10 14:32:00,3714
224278.925456,178.1863,177.73,178.085,178.33,177.71,2026-08-10 14:33:00,3826
159161.644834,178.0456,178.085,178.06,178.22,177.8402,2026-08-10 14:34:00,3008
125583.747049,178.2242,178.09,178.2801,178.32,178.09,2026-08-10 14:35:00,2423
205189.504695,178.4027,178.32,178.325,178.57,178.2226,2026-08-10 14:36:00,3397
308175.725308,178.718,178.35,178.86,178.88,178.35,2026-08-10 14:37:00,3822
170745.329508,178.7298,178.86,178.73,178.88,178.6301,2026-08-10 14:38:00,2803
264305.084043,178.8477,178.71,178.85,178.99,178.62,2026-08-10 14:39:00,3932
163636.912214,178.6896,178.83,178.79,178.83,178.55,2026-08-10 14:40:00,3096
324919.402281,178.9607,178.77,179.0173,179.1299,178.744,2026-08-10 14:41:00,4813
280719.972645,179.0719,179.05,179.03,179.2699,178.89,2026-08-10 14:42:00,4125
175716.288483,179.1307,179.0,179.15,179.29,178.98,2026-08-10 14:43:00,2757
366032.18628,179.4444,179.135,179.425,179.6,179.135,2026-08-10 14:44:00,5683
203968.94243,179.2007,179.425,179.14,179.44,179.0401,2026-08-10 14:45:00,2998
184424.142321,179.2121,179.13,179.2081,179.41,179.0505,2026-08-10 14:46:00,2951
184134.078095,179.0579,179.195,178.9244,179.31,178.9,2026-08-10 14:47:00,2779
136772.490961,178.9909,179.01,178.98,179.11,178.876,2026-08-10 14:48:00,2231
256294.445142,179.2885,178.9618,179.285,179.5499,178.95,2026-08-10 14:49:00,3718
131239.27411,179.3788,179.29,179.3811,179.47,179.25,2026-08-10 14:50:00,2133
152376.314182,179.1766,179.38,179.05,179.4399,178.96,2026-08-10 14:51:00,2530
152715.775926,179.2153,179.045,179.34,179.475,178.94,2026-08-10 14:52:00,2393
174245.201933,179.0234,179.34,178.91,179.36,178.7501,2026-08-10 14:53:00,2571
222183.452582,178.9667,178.9,178.87,179.15,178.74,2026-08-10 14:54:00,2891
275003.530893,178.7472,178.89,178.77,178.9668,178.52,2026-08-10 14:55:00,3458
134597.200598,178.8178,178.77,178.88,179.02,178.64,2026-08-10 14:56:00,2524
133672.226397,178.8491,178.87,178.9856,179.03,178.6,2026-08-10 14:57:00,2087
185739.563697,179.0369,179.0,178.76,179.22,178.7101,2026-08-10 14:58:00,2607
197086.738108,178.6742,178.75,178.55,178.97,178.35,2026-08-10 14:59:00,2648
147019.779188,178.4996,178.56,178.57,178.68,178.32,2026-08-10 15:00:00,2546
140781.440001,178.5718,178.545,178.8,178.83,178.35,2026-08-10 15:01:00,2271
76689.456736,178.7011,178.76,178.645,178.8,178.6,2026-08-10 15:02:00,1660
116553.627734,178.5805,178.65,178.3217,178.75,178.28,2026-08-10 15:03:00,2151
253057.345029,178.2201,178.33,177.9114,178.495,177.77,2026-08-10 15:04:00,2999
166519.592329,177.8866,177.925,177.77,178.1299,177.66,2026-08-10 15:05:00,2354
161680.920821,177.5792,177.79,177.7187,177.89,177.36,2026-08-10 15:06:00,2623
234783.864188,178.1669,177.7301,178.4064,178.47,177.71,2026-08-10 15:07:00,2575
172861.404608,178.5033,178.4,178.6505,178.7198,178.39,2026-08-10 15:08:00,2149
152183.413535,178.3379,178.675,178.115,178.6922,178.08,2026-08-10 15:09:00,2101
135390.622833,178.1028,178.1,178.0499,178.26,177.96,2026-08-10 15:10:00,1874
79221.585351,177.9034,178.014,177.732,178.06,177.71,2026-08-10 15:11:00,1768
293484.560876,178.1059,177.73,178.15,178.15,177.71,2026-08-10 15:12:00,1997
227890.904475,178.3741,178.14,178.7,178.7,178.1101,2026-08-10 15:13:00,2881
212073.952515,178.6972,178.69,178.63,178.88,178.61,2026-08-10 15:14:00,2374
112633.464355,178.6269,178.61,178.485,178.782015,178.47,2026-08-10 15:15:00,1877
107095.271266,178.3901,178.47,178.335,178.5099,178.27,2026-08-10 15:16:00,1551
300310.429782,178.0292,178.32,177.8449,178.37,177.8001,2026-08-10 15:17:00,1809
100871.349946,178.1157,177.89,178.16,178.28,177.89,2026-08-10 15:18:00,1720
81839.47037,178.2142,178.1639,178.14,178.32,178.065,2026-08-10 15:19:00,1412
60031.729024,178.1609,178.135,178.245,178.272,178.0381,2026-08-10 15:20:00,1303
53618.63352,178.3188,178.245,178.2,178.27,178.07,2026-08-10 15:21:00,1215
63571.387665,178.2133,178.25,178.3601,178.4,178.0405,2026-08-10 15:22:00,1374
102781.577098,178.3916,178.37,178.36,178.49,178.2736,2026-08-10 15:23:00,1674
57781.502206,178.4127,178.355,178.435,178.5,178.31,2026-08-10 15:24:00,1452
100271.260372,178.2953,178.45,178.12,178.5,178.08,2026-08-10 15:25:00,1545
63772.086521,178.1611,178.1,178.14,178.28,178.08,2026-08-10 15:26:00,1303
84011.016723,178.1051,178.14,177.935,178.28,177.88,2026-08-10 15:27:00,1646
66114.974017,177.9437,177.9699,177.886,178.035,177.88,2026-08-10 15:28:00,1304
72110.396163,178.0312,177.8999,178.13,178.165,177.88,2026-08-10 15:29:00,1573
46210.314555,178.1157,178.13,178.16,178.23,178.0,2026-08-10 15:30:00,1155
59063.939721,178.1463,178.17,178.15,178.2799,178.02,2026-08-10 15:31:00,1416
62626.842438,178.1426,178.16,178.13,178.2,178.05,2026-08-10 15:32:00,1252
68788.065791,178.1362,178.15,178.0611,178.22,178.05,2026-08-10 15:33:00,1423
106130.333061,177.7951,178.06,177.73,178.06,177.65,2026-08-10 15:34:00,1823
125707.665555,178.0288,177.72,178.25,178.28,177.695,2026-08-10 15:35:00,1903
143121.586968,178.2758,178.23,178.17,178.43,178.11,2026-08-10 15:36:00,2072
60283.860731,178.2574,178.17,178.385,178.4,178.14,2026-08-10 15:37:00,1393
59708.207809,178.3134,178.405,178.325,178.405,178.2301,2026-08-10 15:38:00,1359
92313.89136,178.4415,178.325,178.47,178.55,178.29,2026-08-10 15:39:00,1779
62014.398725,178.3941,178.45,178.43,178.5,178.33,2026-08-10 15:40:00,1221
57244.749591,178.4418,178.41,178.38,178.5,178.37,2026-08-10 15:41:00,1401
93117.274109,178.5629,178.42,178.585,178.67,178.42,2026-08-10 15:42:00,1810
138171.12162,178.5623,178.56,178.39,178.72,178.37,2026-08-10 15:43:00,2394
62992.786681,178.5735,178.3628,178.44,178.69,178.3628,2026-08-10 15:44:00,1304
72925.549143,178.5272,178.46,178.5,178.62,178.46,2026-08-10 15:45:00,1445
79444.402426,178.4918,178.55,178.7299,178.7299,178.3801,2026-08-10 15:46:00,1551
153760.798432,178.8905,178.73,178.79,178.99,178.73,2026-08-10 15:47:00,2213
108354.918783,178.7637,178.79,178.77,178.99,178.72,2026-08-10 15:48:00,1388
60889.886282,178.809,178.785,178.7986,178.8771,178.75,2026-08-10 15:49:00,1311
44434.143074,178.8435,178.785,178.87,178.9,178.73,2026-08-10 15:50:00,1229
188866.798739,179.1006,178.87,179.225,179.23,178.86,2026-08-10 15:51:00,3480
122406.666737,179.2144,179.24,179.26,179.37,179.12,2026-08-10 15:52:00,1951
83413.789215,179.273,179.2682,179.325,179.35,179.2,2026-08-10 15:53:00,1472
143898.170768,179.3463,179.34,179.2966,179.465,179.18,2026-08-10 15:54:00,2079
137905.679857,178.9261,179.26,178.9,179.2601,178.7383,2026-08-10 15:55:00,2180
90499.365912,178.9395,178.87,178.92,179.0,178.85,2026-08-10 15:56:00,1288
105441.266286,179.1329,178.96,179.33,179.39,178.9571,2026-08-10 15:57:00,1689
67013.070739,179.1541,179.328,179.1,179.328,179.04,2026-08-10 15:58:00,1236
69767.689118,179.0523,179.075,178.9199,179.11,178.8705,2026-08-10 15:59:00,1256
63514.672415,178.9429,178.88,178.9126,179.05,178.86,2026-08-10 16:00:00,1281
137599.829446,178.5262,178.905,178.4,178.95,178.2,2026-08-10 16:01:00,2556
115212.919206,178.2077,178.405,178.0751,178.405,178.01,2026-08-10 16:02:00,1849
122818.205168,178.024,178.09,177.81,178.18,177.76,2026-08-10 16:03:00,2087
150328.174741,177.9267,177.785,178.1001,178.19,177.72,2026-08-10 16:04:00,2046
139956.647837,178.2852,178.12,178.675,178.73,177.93,2026-08-10 16:05:00,2347
83728.387348,178.5784,178.66,178.515,178.72,178.465,2026-08-10 16:06:00,1467
113140.224605,178.5099,178.53,178.5677,178.63,178.39,2026-08-10 16:07:00,1532
107392.127973,178.4626,178.57,178.445,178.6,178.2701,2026-08-10 16:08:00,1406
62102.351625,178.5327,178.43,178.7,178.72,178.34,2026-08-10 16:09:00,1274
88647.190604,178.7311,178.73,178.5173,178.9,178.49,2026-08-10 16:10:00,1576
59924.392806,178.4697,178.52,178.3601,178.66,178.32,2026-08-10 16:11:00,1276
55642.38172,178.3796,178.37,178.35,178.48,178.25,2026-08-10 16:12:00,1232
39806.748272,178.3852,178.335,178.395,178.47,178.3,2026-08-10 16:13:00,1043
33410.325828,178.416,178.395,178.345,178.49,178.33,2026-08-10 16:14:00,846
54231.089754,178.256,178.35,178.19,178.38,178.17,2026-08-10 16:15:00,1021
80705.958491,178.2926,178.17,178.36,178.43,178.16,2026-08-10 16:16:00,1188
73854.743373,178.2352,178.36,178.26,178.39,178.15,2026-08-10 16:17:00,1060
31266.155581,178.2682,178.244,178.235,178.39,178.19,2026-08-10 16:18:00,874
53021.846548,178.2024,178.2092,178.17,178.27,178.12,2026-08-10 16:19:00,1049
50874.615147,178.2492,178.178,178.27,178.315,178.178,2026-08-10 16:20:00,1076
65319.927163,178.1639,178.2601,178.03,178.2728,178.02,2026-08-10 16:21:00,1268
63249.021544,178.1831,178.075,178.315,178.36,178.03,2026-08-10 16:22:00,1405
72130.52695,178.3721,178.315,178.35,178.4765,178.29,2026-08-10 16:23:00,1435
62963.324978,178.3124,178.34,178.34,178.42,178.2,2026-08-10 16:24:00,1235
46594.193051,178.2664,178.36,178.23,178.38,178.18,2026-08-10 16:25:00,1163
43454.943334,178.1785,178.23,178.045,178.26,178.04,2026-08-10 16:26:00,909
46151.139277,178.1582,178.06,178.215,178.28,178.0301,2026-08-10 16:27:00,813
66749.479287,178.0928,178.24,178.08,178.24,178.02,2026-08-10 16:28:00,1246
47622.850145,178.1662,178.06,178.06,178.26,178.04,2026-08-10 16:29:00,943
97627.527125,177.918,178.05,177.73,178.07,177.69,2026-08-10 16:30:00,1537
183827.147304,177.4396,177.71,177.11,177.76,177.1,2026-08-10 16:31:00,3232
236274.909588,177.3134,177.16,177.4997,177.5,176.91,2026-08-10 16:32:00,4480
73444.839269,177.3821,177.45,177.56,177.6,177.2756,2026-08-10 16:33:00,1201
75786.509336,177.5062,177.56,177.3,177.761,177.29,2026-08-10 16:34:00,1251
51279.231335,177.2978,177.3557,177.3301,177.37,177.21,2026-08-10 16:35:00,947
81573.045303,177.2929,177.34,177.38,177.4,177.1488,2026-08-10 16:36:00,1262
63049.566784,177.4162,177.38,177.38,177.5,177.35,2026-08-10 16:37:00,1035
64954.968515,177.4819,177.38,177.47,177.62,177.35,2026-08-10 16:38:00,1162
323760.925831,177.3236,177.4408,177.285,177.5399,177.26,2026-08-10 16:39:00,990
69580.726248,177.2968,177.2752,177.195,177.4,177.13,2026-08-10 16:40:00,1210
78256.342584,177.0875,177.195,176.985,177.2098,176.9,2026-08-10 16:41:00,1277
50581.091079,177.1042,176.98,177.1,177.1999,176.95,2026-08-10 16:42:00,1085
76135.764934,177.0094,177.09,176.895,177.115,176.88,2026-08-10 16:43:00,1381
97299.82499,176.8558,176.89,176.84,176.9,176.78,2026-08-10 16:44:00,1550
76016.57054,176.884,176.86,176.935,176.964,176.82,2026-08-10 16:45:00,1254
54239.569838,176.9671,176.935,176.95,177.02,176.9001,2026-08-10 16:46:00,1014
45609.837069,176.8765,176.94,176.85,176.95,176.81,2026-08-10 16:47:00,850
53434.205585,176.8618,176.835,176.9,176.9499,176.8101,2026-08-10 16:48:00,846
78553.936104,177.0402,176.916,177.09,177.1499,176.895,2026-08-10 16:49:00,1223
121143.771906,177.3127,177.11,177.4892,177.5,177.07,2026-08-10 16:50:00,1864
97923.337057,177.4314,177.475,177.36,177.56,177.32,2026-08-10 16:51:00,1156
104505.631931,177.302,177.3658,177.085,177.45,177.07,2026-08-10 16:52:00,1542
77894.201286,177.1552,177.12,177.145,177.32,177.03,2026-08-10 16:53:00,1075
60435.164638,177.1755,177.155,177.155,177.25,177.08,2026-08-10 16:54:00,1075
54032.271095,177.0711,177.16,177.0,177.19,176.96,2026-08-10 16:55:00,951
72362.079941,177.0808,177.0,177.125,177.18,176.96,2026-08-10 16:56:00,851
65204.306331,177.1186,177.13,177.09,177.159,177.06,2026-08-10 16:57:00,941
43366.67874,177.1267,177.0701,177.13,177.1799,177.0701,2026-08-10 16:58:00,714
31548.009672,177.1522,177.125,177.1833,177.1995,177.1,2026-08-10 16:59:00,683
38543.900811,177.1664,177.1614,177.2079,177.235,177.1,2026-08-10 17:00:00,963
62136.193885,177.1801,177.2098,177.125,177.28,177.08,2026-08-10 17:01:00,992
72773.655125,177.1962,177.14,177.295,177.33,177.03,2026-08-10 17:02:00,1373
57116.316869,177.3709,177.295,177.415,177.475,177.19,2026-08-10 17:03:00,944
49432.76482,177.4394,177.39,177.485,177.53,177.36,2026-08-10 17:04:00,835
157923.813881,177.662,177.48,177.8744,177.9,177.46,2026-08-10 17:05:00,1865
255679.874824,177.9369,177.885,177.9,178.08,177.81,2026-08-10 17:06:00,2999
69160.692635,177.9509,177.9,178.025,178.0715,177.85,2026-08-10 17:07:00,945
74892.877444,177.9716,178.02,178.05,178.07,177.9,2026-08-10 17:08:00,921
85076.469988,178.0752,178.06,178.075,178.12,178.02,2026-08-10 17:09:00,929
62356.234322,178.0799,178.085,178.07,178.16,178.02,2026-08-10 17:10:00,823
103446.389676,178.0953,178.065,178.06,178.25,177.95,2026-08-10 17:11:00,1498
57772.289293,178.0065,178.055,177.9928,178.061,177.9509,2026-08-10 17:12:00,969
65739.00749,177.9598,178.0101,178.0,178.0399,177.86,2026-08-10 17:13:00,1059
52657.175681,178.0274,177.99,178.03,178.09,177.965,2026-08-10 17:14:00,692
51696.170361,178.0759,178.035,178.04,178.16,178.02,2026-08-10 17:15:00,845
94693.347026,177.8824,178.05,177.925,178.11,177.91,2026-08-10 17:16:00,1060
34547.76312,177.9433,177.925,177.94,177.98,177.9,2026-08-10 17:17:00,746
41564.147028,177.8995,177.9207,177.93,177.95,177.8327,2026-08-10 17:18:00,761
66082.12279,177.6122,177.91,177.7394,177.91,177.665,2026-08-10 17:19:00,1008
76902.886359,177.8946,177.75,177.95,178.0,177.7348,2026-08-10 17:20:00,947
40251.851756,177.9063,177.94,177.8854,177.97,177.795,2026-08-10 17:21:00,776
30016.083987,177.9108,177.88,177.9,177.9514,177.88,2026-08-10 17:22:00,640
39370.725764,177.8849,177.905,177.83,177.92,177.82,2026-08-10 17:23:00,690
49714.110363,177.8345,177.83,177.835,177.87,177.8,2026-08-10 17:24:00,714
59749.279989,177.7537,177.835,177.69,177.88,177.635,2026-08-10 17:25:00,916
79812.272983,177.4628,177.68,177.25,177.72,177.25,2026-08-10 17:26:00,1225
60265.763428,177.3476,177.28,177.325,177.435,177.19,2026-08-10 17:27:00,1011
42030.56245,177.3172,177.31,177.32,177.4,177.23,2026-08-10 17:28:00,746
66808.160852,177.4504,177.32,177.47,177.53,177.32,2026-08-10 17:29:00,1006
83807.210811,177.4064,177.45,177.54,177.6307,177.28,2026-08-10 17:30:00,1144
72540.971729,177.5245,177.53,177.495,177.68,177.34,2026-08-10 17:31:00,1073
91801.622335,177.357,177.48,177.1796,177.48,177.14,2026-08-10 17:32:00,1217
66492.375947,177.2198,177.16,177.2,177.33,177.12,2026-08-10 17:33:00,929
46030.644713,177.2869,177.19,177.34,177.38,177.19,2026-08-10 17:34:00,916
145363.155649,177.0687,177.345,177.4599,177.4599,177.28,2026-08-10 17:35:00,758
132105.887737,177.488,177.455,177.43,177.615,177.38,2026-08-10 17:36:00,1255
59000.230974,177.5021,177.43,177.49,177.64,177.39,2026-08-10 17:37:00,855
34107.367279,177.4988,177.51,177.545,177.56,177.44,2026-08-10 17:38:00,727
49458.184345,177.4719,177.5303,177.47,177.5597,177.44,2026-08-10 17:39:00,875
50552.608917,177.5023,177.45,177.59,177.63,177.42,2026-08-10 17:40:00,816
66658.296586,177.4944,177.58,177.41,177.65,177.3701,2026-08-10 17:41:00,1099
53090.465889,177.4465,177.4199,177.33,177.565,177.3,2026-08-10 17:42:00,839
40172.514984,177.3482,177.35,177.33,177.4015,177.27,2026-08-10 17:43:00,665
28056.622737,177.3351,177.32,177.35,177.39,177.281,2026-08-10 17:44:00,561
58211.723688,177.2708,177.33,177.255,177.35,177.16,2026-08-10 17:45:00,905
30514.543798,177.2836,177.26,177.33,177.33,177.23,2026-08-10 17:46:00,645
33773.130614,177.2675,177.33,177.24,177.34,177.22,2026-08-10 17:47:00,765
35764.744427,177.2134,177.22,177.1801,177.28,177.155,2026-08-10 17:48:00,914
62712.425853,177.1185,177.192,177.09,177.2316,176.98,2026-08-10 17:49:00,1298
46379.502871,177.1168,177.08,177.07,177.17,177.055,2026-08-10 17:50:00,943
83142.722062,177.0071,177.05,176.94,177.1,176.93,2026-08-10 17:51:00,1247
73054.732839,177.0222,176.96,177.04,177.0953,176.94,2026-08-10 17:52:00,1174
62490.703054,176.9713,177.04,176.93,177.07,176.88,2026-08-10 17:53:00,2177
100211.757946,176.7904,176.91,176.775,176.91,176.67,2026-08-10 17:54:00,1644
61573.355839,176.8594,176.78,176.9,176.94,176.78,2026-08-10 17:55:00,935
39062.442301,176.8622,176.9003,176.865,176.9234,176.83,2026-08-10 17:56:00,738
53745.553222,176.8799,176.87,176.97,176.97,176.82,2026-08-10 17:57:00,991
75957.634909,176.9685,176.9748,176.96,177.0599,176.8798,2026-08-10 17:58:00,1053
37602.727468,176.9388,176.9405,176.875,176.99,176.875,2026-08-10 17:59:00,691
84764.464941,176.8122,176.86,176.59,176.9499,176.54,2026-08-10 18:00:00,1243
82538.438994,176.4654,176.59,176.4475,176.62,176.38,2026-08-10 18:01:00,1270
98955.636881,176.3416,176.47,176.3,176.49,176.22,2026-08-10 18:02:00,1433
73924.04356,176.2488,176.28,176.155,176.31,176.1311,2026-08-10 18:03:00,1021
154518.964426,176.0461,176.16,175.955,176.18,175.941,2026-08-10 18:04:00,1853
111170.70802,175.9054,175.97,175.91,175.99,175.83,2026-08-10 18:05:00,1415
68702.781724,175.9334,175.94,175.9004,175.9999,175.85,2026-08-10 18:06:00,945
103283.133308,176.0557,175.9,176.0451,176.17,175.89,2026-08-10 18:07:00,1253
64772.070401,176.0727,176.02,176.08,176.1265,175.975,2026-08-10 18:08:00,880
86438.053899,175.8978,176.07,175.98,176.07,175.72,2026-08-10 18:09:00,1402
71207.038445,175.8959,175.98,175.865,176.0356,175.8,2026-08-10 18:10:00,1008
93304.625945,175.9717,175.85,176.02,176.1,175.83,2026-08-10 18:11:00,1085
40131.499838,175.9865,176.0,175.8502,176.11,175.8301,2026-08-10 18:12:00,797
42349.175262,175.8887,175.85,175.93,175.98,175.81,2026-08-10 18:13:00,710
43061.139445,175.8741,175.935,175.89,175.935,175.805,2026-08-10 18:14:00,586
47791.7693,175.8085,175.9,175.74,175.915,175.7301,2026-08-10 18:15:00,866
97996.546747,175.8526,175.75,176.02,176.03,175.7,2026-08-10 18:16:00,1087
126071.781086,176.0451,176.01,176.09,176.12,175.96,2026-08-10 18:17:00,1398
68258.838723,176.0211,176.09,175.89,176.1199,175.87,2026-08-10 18:18:00,907
78012.446625,175.8388,175.91,175.87,175.92,175.7235,2026-08-10 18:19:00,1088
66882.886855,175.768,175.84,175.68,175.9,175.61,2026-08-10 18:20:00,1329
159313.05767,175.6249,175.68,175.74,175.77,175.52,2026-08-10 18:21:00,1367
42858.169745,175.6772,175.75,175.61,175.8,175.57,2026-08-10 18:22:00,864
42911.796776,175.5993,175.61,175.68,175.68,175.55,2026-08-10 18:23:00,833
197855.060324,175.8031,175.665,175.89,175.91,175.65,2026-08-10 18:24:00,2757
97170.989789,175.9697,175.87,176.11,176.13,175.85,2026-08-10 18:25:00,1219
74986.634457,176.1559,176.1,176.135,176.2308,176.09,2026-08-10 18:26:00,1090
52980.24222,176.079,176.135,175.9705,176.1401,175.9705,2026-08-10 18:27:00,823
44483.81539,175.9958,175.985,176.01,176.0599,175.94,2026-08-10 18:28:00,711
70125.109708,175.9153,175.99,175.89,175.995,175.8501,2026-08-10 18:29:00,812
57339.4106,175.9076,175.89,175.895,175.98,175.83,2026-08-10 18:30:00,1001
60984.611744,175.7985,175.885,175.78,175.9,175.74,2026-08-10 18:31:00,897
101598.81552,175.8372,175.76,175.91,175.97,175.65,2026-08-10 18:32:00,1418
43068.455899,175.8861,175.8901,175.82,175.98,175.758,2026-08-10 18:33:00,821
21566.362594,175.8557,175.835,175.9201,175.9201,175.8,2026-08-10 18:34:00,482
62612.724534,175.9301,175.92,175.83,176.0,175.82,2026-08-10 18:35:00,923
49199.470107,175.7856,175.8245,175.81,175.85,175.71,2026-08-10 18:36:00,775
25615.121324,175.7555,175.82,175.73,175.83,175.71,2026-08-10 18:37:00,567
43178.793937,175.6479,175.735,175.5895,175.7367,175.5703,2026-08-10 18:38:00,770
72222.110372,175.559,175.585,175.6301,175.64,175.45,2026-08-10 18:39:00,1214
53934.927801,175.65,175.66,175.665,175.7042,175.57,2026-08-10 18:40:00,840
36347.794158,175.6697,175.6712,175.725,175.75,175.61,2026-08-10 18:41:00,682
54216.380331,175.7789,175.74,175.825,175.84,175.71,2026-08-10 18:42:00,912
28419.603349,175.7808,175.825,175.795,175.835,175.7375,2026-08-10 18:43:00,520
31337.985516,175.8353,175.795,175.82,175.88,175.78,2026-08-10 18:44:00,620
50117.919987,175.786,175.8309,175.7799,175.87,175.7,2026-08-10 18:45:00,782
85274.482269,175.6595,175.765,175.6399,175.79,175.56,2026-08-10 18:46:00,1058
38973.268647,175.6009,175.62,175.63,175.64,175.56,2026-08-10 18:47:00,743
36406.796838,175.5817,175.61,175.62,175.6299,175.51,2026-08-10 18:48:00,652
42948.943247,175.6197,175.63,175.65,175.665,175.57,2026-08-10 18:49:00,621
59584.610404,175.7402,175.66,175.74,175.7999,175.66,2026-08-10 18:50:00,777
31406.012097,175.6957,175.74,175.62,175.78,175.57,2026-08-10 18:51:00,653
51470.370474,175.6563,175.6001,175.63,175.77,175.55,2026-08-10 18:52:00,1028
38640.755182,175.624,175.6303,175.66,175.68,175.528,2026-08-10 18:53:00,713
28277.60759,175.6628,175.67,175.67,175.73,175.62,2026-08-10 18:54:00,641
40058.666095,175.7206,175.66,175.7495,175.78,175.64,2026-08-10 18:55:00,702
42906.402342,175.7273,175.74,175.81,175.82,175.65,2026-08-10 18:56:00,680
90017.626169,175.8566,175.817,175.87,175.935,175.79,2026-08-10 18:57:00,1080
44813.36797,175.8496,175.865,175.8725,175.91,175.8,2026-08-10 18:58:00,743
32415.499372,175.8332,175.865,175.89,175.9,175.7621,2026-08-10 18:59:00,673
76145.448706,175.9366,175.85,175.88,176.01,175.83,2026-08-10 19:00:00,1105
38237.537378,175.8755,175.89,175.88,175.949,175.86,2026-08-10 19:01:00,586
67106.056062,175.9424,175.89,175.96,176.01,175.8301,2026-08-10 19:02:00,769
52211.340975,176.0227,175.99,176.04,176.152,175.9,2026-08-10 19:03:00,940
67799.547013,175.985,176.06,175.995,176.07,175.93,2026-08-10 19:04:00,754
64616.301764,175.858,175.98,175.82,175.98,175.79,2026-08-10 19:05:00,798
72915.849658,175.7265,175.81,175.7044,175.81,175.64,2026-08-10 19:06:00,768
63652.337778,175.891,175.7101,175.8944,175.95,175.7101,2026-08-10 19:07:00,797
42404.624003,175.9432,175.89,175.9781,175.99,175.89,2026-08-10 19:08:00,652
92673.925285,176.0531,175.97,176.175,176.18,175.96,2026-08-10 19:09:00,1171
68918.164777,176.1287,176.1514,176.025,176.25,176.0,2026-08-10 19:10:00,844
74252.89405,176.0734,176.05,176.16,176.16,176.0,2026-08-10 19:11:00,969
48983.29531,176.0908,176.141,176.06,176.18,176.0,2026-08-10 19:12:00,891
84930.124058,176.0104,176.06,176.11,176.14,175.9,2026-08-10 19:13:00,1058
56484.508961,176.1368,176.09,176.08,176.19,176.06,2026-08-10 19:14:00,685
61998.110891,176.0475,176.07,175.975,176.18,175.94,2026-08-10 19:15:00,879
240296.180569,175.6266,175.95,175.3801,175.96,175.3801,2026-08-10 19:16:00,2222
121677.468517,175.6522,175.39,175.9299,175.955,175.32,2026-08-10 19:17:00,1459
107232.788609,176.1226,175.93,176.15,176.26,175.93,2026-08-10 19:18:00,1373
108931.08393,175.9986,176.15,175.9442,176.21,175.7725,2026-08-10 19:19:00,1249
52175.520963,175.8832,175.94,175.8099,175.96,175.765,2026-08-10 19:20:00,717
50852.260311,175.8289,175.8,175.945,175.975,175.73,2026-08-10 19:21:00,920
48716.290563,175.9388,175.95,175.83,176.02,175.83,2026-08-10 19:22:00,794
34000.566473,175.8414,175.84,175.795,175.9,175.78,2026-08-10 19:23:00,627
52003.935159,175.7744,175.78,175.68,175.82,175.68,2026-08-10 19:24:00,859
53697.558897,175.7213,175.68,175.795,175.83,175.65,2026-08-10 19:25:00,870
46055.455912,175.7702,175.817,175.8243,175.83,175.68,2026-08-10 19:26:00,717
69866.040043,175.6861,175.79,175.62,175.79,175.6,2026-08-10 19:27:00,868
62877.335606,175.5986,175.62,175.65,175.66,175.5,2026-08-10 19:28:00,946
56575.739199,175.6369,175.65,175.725,175.725,175.57,2026-08-10 19:29:00,846
97038.244163,175.5564,175.73,175.5381,175.75,175.42,2026-08-10 19:30:00,1606
83117.938314,175.5795,175.53,175.625,175.66,175.46,2026-08-10 19:31:00,1109
100449.17793,175.8114,175.66,175.945,175.98,175.66,2026-08-10 19:32:00,1468
82853.312284,175.9828,175.97,175.97,176.08,175.9,2026-08-10 19:33:00,1131
40690.871895,175.8703,175.93,175.83,175.975,175.75,2026-08-10 19:34:00,798
53607.328575,175.8172,175.82,175.76,175.88,175.72,2026-08-10 19:35:00,1012
55317.712735,175.7425,175.77,175.7608,175.785,175.7,2026-08-10 19:36:00,865
73003.275118,175.6891,175.78,175.575,175.8,175.54,2026-08-10 19:37:00,1189
72721.075988,175.592,175.59,175.64,175.67,175.51,2026-08-10 19:38:00,1096
48345.511207,175.6703,175.65,175.61,175.7284,175.61,2026-08-10 19:39:00,877
60250.539121,175.5686,175.63,175.4712,175.67,175.4712,2026-08-10 19:40:00,1103
64021.426862,175.5462,175.5,175.54,175.61,175.49,2026-08-10 19:41:00,1030
60107.079552,175.5623,175.5309,175.6,175.62,175.51,2026-08-10 19:42:00,868
49578.046516,175.553,175.605,175.616,175.64,175.46,2026-08-10 19:43:00,977
101987.947832,175.5778,175.62,175.555,175.63,175.515,2026-08-10 19:44:00,1036
88898.074148,175.4178,175.555,175.31,175.615,175.27,2026-08-10 19:45:00,1506
78810.061683,175.2943,175.32,175.1804,175.3966,175.18,2026-08-10 19:46:00,1358
79415.582438,175.2896,175.18,175.285,175.36,175.15,2026-08-10 19:47:00,1326
113992.418104,175.3012,175.29,175.28,175.34,175.2,2026-08-10 19:48:00,1588
71306.242065,175.2949,175.27,175.25,175.35,175.24,2026-08-10 19:49:00,1283
299312.380884,175.0678,175.23,175.06,175.24,174.9,2026-08-10 19:50:00,5963
160120.815458,175.0589,175.05,175.1276,175.1898,174.98,2026-08-10 19:51:00,2636
92663.804432,175.1165,175.14,175.1,175.1884,175.045,2026-08-10 19:52:00,1748
112584.399255,175.1777,175.11,175.14,175.27,175.11,2026-08-10 19:53:00,1923
158313.670553,175.2038,175.15,175.2996,175.42,175.08,2026-08-10 19:54:00,2638
287076.148796,175.4836,175.3,175.27,175.77,175.205,2026-08-10 19:55:00,5929
138093.801024,175.2062,175.26,175.17,175.28,175.14,2026-08-10 19:56:00,2551
155778.160198,175.1947,175.17,175.155,175.23,175.12,2026-08-10 19:57:00,2910
176985.195989,175.1582,175.155,175.2,175.2,175.12,2026-08-10 19:58:00,3387
406648.760043,175.1936,175.2,175.22,175.23,175.14,2026-08-10 19:59:00,6231
256643.722959,175.2309,175.23,175.32,175.45,175.23,2026-08-10 20:00:00,189
5340.284132,175.2971,175.32,175.25,175.34,175.25,2026-08-10 20:01:00,110
7816.467492,175.1586,175.29,175.03,175.3,175.03,2026-08-10 20:02:00,123
13222.076111,175.0852,175.04,175.0436,175.2,174.99,2026-08-10 20:03:00,167
2780.955466,175.0933,175.1061,175.1169,175.1169,175.0439,2026-08-10 20:04:00,128
6352.027605,175.0895,175.12,175.08,175.12,175.07,2026-08-10 20:05:00,75
3634.642542,174.9944,175.05,174.9,175.05,174.9,2026-08-10 20:06:00,82
8663.291261,175.1889,174.8351,174.97,174.97,174.8351,2026-08-10 20:07:00,63
6674.087728,174.9618,174.973,174.85,175.0,174.85,2026-08-10 20:08:00,55
4454.501294,174.9079,174.9,175.0,175.0,174.9,2026-08-10 20:09:00,42
7426.875717,175.0743,174.9986,175.2,175.2,174.975,2026-08-10 20:10:00,145
3033.577947,175.3582,174.9622,177.24,177.24,174.95,2026-08-10 20:11:00,50
3173.009019,175.0744,174.95,174.95,175.23,174.95,2026-08-10 20:12:00,36
2353.858042,175.0728,175.1754,175.06,175.1754,175.0006,2026-08-10 20:13:00,57
4357.304777,175.0584,175.06,175.07,175.0808,175.0,2026-08-10 20:14:00,68
1747.367171,175.0464,175.0601,175.0108,175.0649,175.0007,2026-08-10 20:15:00,70
4549.585577,175.032,175.06,175.0592,175.06,175.0012,2026-08-10 20:16:00,64
2003.419673,175.0527,175.06,175.06,175.06,175.06,2026-08-10 20:17:00,66
5201.358316,175.004,175.06,175.0,175.06,175.0,2026-08-10 20:18:00,83
327.029,174.9552,174.9988,174.9988,174.9988,174.9988,2026-08-10 20:19:00,24
703.019554,174.9236,174.9,175.0,175.0,174.9,2026-08-10 20:20:00,50
2978.906652,174.8105,174.9,174.8,174.9,174.8,2026-08-10 20:22:00,100
4634.015659,174.7444,174.7983,174.6611,174.7983,174.66,2026-08-10 20:23:00,69
6106.988952,174.6552,174.6601,174.66,174.6601,174.66,2026-08-10 20:24:00,109
1250.232783,174.5753,174.6,174.55,174.6,174.5,2026-08-10 20:25:00,49
1311.036274,174.5934,174.574,174.58,174.58,174.574,2026-08-10 20:26:00,45
1787.838778,174.636,174.69,174.56,174.69,174.56,2026-08-10 20:27:00,37
3411.030096,174.5996,174.6,174.62,174.63,174.55,2026-08-10 20:28:00,45
583.605325,174.6335,174.64,174.64,174.64,174.64,2026-08-10 20:29:00,43
5481.881901,174.7454,174.6394,174.68,174.8,174.6394,2026-08-10 20:30:00,43
9797.167857,174.5177,174.7,174.5,174.7,174.44,2026-08-10 20:31:00,183
6255.80625,174.3946,174.4826,174.35,174.4826,174.34,2026-08-10 20:32:00,111
5612.617837,174.2375,174.35,174.19,174.35,174.19,2026-08-10 20:33:00,114
9400.723789,174.1921,174.2,174.2,174.23,174.15,2026-08-10 20:34:00,114
3574.785431,174.117,174.1898,174.09,174.1898,174.09,2026-08-10 20:35:00,93
16177.85198,174.0165,174.0732,174.03,174.0732,173.928,2026-08-10 20:36:00,293
3422.178606,174.1144,174.15,174.1063,174.1677,174.03,2026-08-10 20:37:00,88
5522.435389,174.0691,174.16,174.1,174.16,173.99,2026-08-10 20:38:00,88
2320.406819,174.0446,174.0532,174.0,174.08,174.0,2026-08-10 20:39:00,62
4823.344136,173.9877,173.95,173.9998,174.0,173.95,2026-08-10 20:40:00,76
6313.780538,173.9964,173.94,174.036,174.036,173.94,2026-08-10 20:41:00,55
4825.78,174.1704,174.1455,174.15,174.2,174.13,2026-08-10 20:42:00,86
3866.619078,174.0465,174.0,173.95,174.1558,173.95,2026-08-10 20:43:00,71
2256.078616,174.0696,174.1363,174.1253,174.1363,174.028,2026-08-10 20:44:00,35
4492.526212,174.0078,174.0,173.97,174.1183,173.95,2026-08-10 20:45:00,70
1590.02217,173.9275,173.92,173.94,173.95,173.91,2026-08-10 20:46:00,63
2390.13,173.8937,173.9,173.88,173.9792,173.88,2026-08-10 20:47:00,59
2054.208978,173.802,173.85,173.7538,173.85,173.7538,2026-08-10 20:48:00,96
4023.788331,173.7762,173.78,173.831,173.831,173.73,2026-08-10 20:49:00,87
5478.377144,173.8553,173.8201,173.85,173.95,173.8,2026-08-10 20:50:00,51
673.177256,173.8724,173.9521,173.85,173.9521,173.85,2026-08-10 20:51:00,34
1115.017251,171.386,173.99,173.9,173.99,173.9,2026-08-10 20:52:00,55
1455.0,173.8542,173.85,173.85,173.85,173.85,2026-08-10 20:53:00,44
11084.964224,173.5717,173.8,173.6,173.8,173.38,2026-08-10 20:54:00,200
5798.493353,173.0074,173.73,173.5369,173.7342,173.5,2026-08-10 20:55:00,92
4900.623653,173.528,173.6,173.5,173.6,173.5,2026-08-10 20:56:00,52
970.316694,173.6389,173.75,173.6,173.75,173.6,2026-08-10 20:57:00,53
3224.850891,173.6353,173.641,173.65,173.65,173.62,2026-08-10 20:58:00,89
3023.398126,173.6175,173.6,173.64,173.64,173.59,2026-08-10 20:59:00,85
2084.23294,173.6185,173.67,173.5719,173.67,173.5719,2026-08-10 21:00:00,76
3201.234851,173.6728,173.6067,173.6999,173.6999,173.6,2026-08-10 21:01:00,81
726.072261,173.6654,173.5693,173.6845,173.7,173.5693,2026-08-10 21:02:00,60
643.521939,173.7839,173.6,173.6806,173.6999,173.6,2026-08-10 21:03:00,34
2125.748437,173.777,173.77,173.88,174.0,173.72,2026-08-10 21:04:00,66
1045.14454,173.8377,173.85,173.78,173.85,173.78,2026-08-10 21:05:00,55
1182.039868,173.7969,173.87,173.7,173.87,173.7,2026-08-10 21:06:00,48
722.20653,173.6691,173.641,173.6353,173.66,173.6353,2026-08-10 21:07:00,38
1921.536369,173.6684,173.7,173.63,173.75,173.63,2026-08-10 21:08:00,31
3512.123828,174.3624,173.62,173.72,173.72,173.62,2026-08-10 21:09:00,39
697.0,173.641,173.69,173.6308,173.69,173.6308,2026-08-10 21:10:00,26
1334.627075,173.6848,173.68,173.7235,173.7235,173.6787,2026-08-10 21:11:00,81
4342.575631,173.7199,173.7098,173.71,173.93,173.7098,2026-08-10 21:12:00,60
4081.306905,173.7006,173.6823,173.68,173.71,173.68,2026-08-10 21:13:00,57
2901.138095,174.4404,173.6792,173.61,173.6826,173.61,2026-08-10 21:14:00,54
4239.605173,173.4477,173.552,173.38,173.5624,173.38,2026-08-10 21:15:00,90
5449.07,173.306,173.401,173.38,173.401,173.37,2026-08-10 21:16:00,124
3972.668789,173.2587,173.321,173.28,173.321,173.22,2026-08-10 21:17:00,118
4983.840933,173.1597,173.22,173.141,173.25,173.13,2026-08-10 21:18:00,115
9602.29629,172.991,173.13,172.96,173.17,172.9,2026-08-10 21:19:00,300
16883.100423,172.9337,172.92,172.85,173.17,172.85,2026-08-10 21:20:00,161
6530.9344,172.8716,172.87,172.8,172.92,172.8,2026-08-10 21:21:00,62
8231.496873,172.8066,172.7028,172.864,172.89,172.7028,2026-08-10 21:22:00,64
4394.068642,172.8693,172.85,172.95,172.95,172.8146,2026-08-10 21:23:00,52
3393.44203,172.9358,172.93,173.0,173.0,172.87,2026-08-10 21:24:00,59
2001.259074,173.122,173.0257,173.13,173.15,173.0257,2026-08-10 21:25:00,60
1279.042934,173.0578,173.07,173.1031,173.11,173.0133,2026-08-10 21:26:00,29
1411.97889,173.0431,173.106,173.0,173.106,173.0,2026-08-10 21:27:00,35
3126.271905,173.0225,173.08,173.0,173.08,173.0,2026-08-10 21:28:00,42
2006.196521,173.0294,173.08,173.0139,173.08,173.0001,2026-08-10 21:29:00,35
2163.109738,173.001,173.04,173.0181,173.04,172.97,2026-08-10 21:30:00,57
7036.218212,173.0219,173.0399,173.08,173.09,172.896,2026-08-10 21:31:00,45
2516.813279,173.086,173.07,173.07,173.0999,173.07,2026-08-10 21:32:00,43
2066.694127,173.0065,172.9,173.01,173.05,172.9,2026-08-10 21:33:00,40
9938.270902,172.8741,172.99,172.8231,173.0,172.8124,2026-08-10 21:34:00,67
8337.734202,172.7675,172.8,172.8,172.805,172.717,2026-08-10 21:35:00,127
2828.239563,172.9217,172.84,173.0,173.0,172.84,2026-08-10 21:36:00,83
2864.0,173.0482,172.81,173.1,173.1,172.81,2026-08-10 21:37:00,51
3269.181457,173.0861,173.1,173.07,173.1,173.05,2026-08-10 21:38:00,35
411.106176,173.05,173.06,173.06,173.06,173.06,2026-08-10 21:39:00,23
1487.723253,172.9906,172.94,173.0,173.0,172.94,2026-08-10 21:40:00,61
571.034475,172.9525,172.91,172.96,172.96,172.91,2026-08-10 21:41:00,26
506.84247,172.9542,172.95,173.03,173.03,172.95,2026-08-10 21:42:00,34
2065.555034,172.8762,172.89,172.85,172.9,172.84,2026-08-10 21:43:00,47
3014.806368,172.8096,172.8147,172.81,172.8198,172.8,2026-08-10 21:44:00,61
2435.348283,172.7679,172.7878,172.75,172.7878,172.75,2026-08-10 21:45:00,67
1458.631461,172.7535,172.75,172.76,172.76,172.734,2026-08-10 21:46:00,42
8802.015658,172.7472,172.76,172.8,172.8,172.72,2026-08-10 21:47:00,134
585.00176,172.9381,172.9709,172.9709,172.9709,172.9709,2026-08-10 21:48:00,17
1271.269847,172.8196,172.85,172.81,172.85,172.72,2026-08-10 21:49:00,34
986.0001,172.8933,173.0,172.8272,173.0,172.8272,2026-08-10 21:50:00,75
786.0,172.8895,172.8684,172.8684,172.8684,172.8684,2026-08-10 21:51:00,43
1264.015,172.9436,172.85,172.96,172.96,172.85,2026-08-10 21:52:00,36
2416.305944,172.9173,172.89,173.0,173.0,172.89,2026-08-10 21:53:00,78
191.605719,172.9568,172.97,172.97,172.97,172.97,2026-08-10 21:54:00,18
1558.791147,172.8775,172.88,172.9077,172.9077,172.88,2026-08-10 21:55:00,53
1117.680035,172.8346,172.81,172.8121,172.92,172.81,2026-08-10 21:56:00,29
2107.927211,172.8357,172.86,172.83,172.8739,172.827,2026-08-10 21:57:00,51
4682.501321,172.7991,172.8,172.8,172.81,172.75,2026-08-10 21:58:00,70
4731.547692,172.7985,172.8,172.8,172.8,172.7929,2026-08-10 21:59:00,41
3288.235498,172.9838,172.9,172.99,173.09,172.8183,2026-08-10 22:00:00,144
1332.056867,173.0526,172.99,173.1521,173.1521,172.99,2026-08-10 22:01:00,47
568.834605,172.9589,172.9983,172.9983,172.9983,172.9983,2026-08-10 22:02:00,34
466.797598,172.9852,173.0088,173.0088,173.0088,173.0088,2026-08-10 22:03:00,22
1663.047285,172.9344,172.95,173.0,173.0,172.8456,2026-08-10 22:04:00,61
3164.638257,172.8086,172.83,172.8,172.83,172.8,2026-08-10 22:05:00,60
2101.998312,172.7572,172.8,172.7572,172.83,172.72,2026-08-10 22:06:00,67
5887.974862,172.7188,172.77,172.66,172.77,172.66,2026-08-10 22:07:00,68
14346.462339,172.7021,172.65,172.81,172.81,172.65,2026-08-10 22:08:00,72
4681.069522,172.806,172.73,172.84,172.84,172.73,2026-08-10 22:09:00,75
1144.119992,172.7541,172.75,172.72,172.8,172.72,2026-08-10 22:10:00,49
1564.402616,172.7162,172.7264,172.7,172.7264,172.7,2026-08-10 22:11:00,44
811.19225,172.6434,172.6267,172.6267,172.6267,172.6267,2026-08-10 22:12:00,56
5278.585528,172.7826,172.747,172.83,172.84,172.747,2026-08-10 22:13:00,53
1637.108461,172.8865,172.88,172.7871,172.9236,172.7871,2026-08-10 22:14:00,42
361.597449,172.8396,172.84,172.84,172.84,172.84,2026-08-10 22:15:00,18
1663.186571,172.7782,172.7873,172.75,172.7873,172.75,2026-08-10 22:16:00,32
3754.700318,172.7016,172.7,172.7,172.7,172.7,2026-08-10 22:17:00,37
6443.178819,172.7673,172.8548,172.6014,172.86,172.6,2026-08-10 22:18:00,27
3323.880319,172.6156,172.6016,172.8149,172.8149,172.6016,2026-08-10 22:19:00,18
7036.420683,172.6953,172.62,172.73,172.73,172.62,2026-08-10 22:20:00,47
967.225911,172.6393,172.67,172.67,172.67,172.67,2026-08-10 22:21:00,36
2063.605697,172.6491,172.62,172.62,172.6816,172.62,2026-08-10 22:22:00,45
3549.564879,172.6013,172.61,172.6001,172.61,172.6,2026-08-10 22:23:00,30
4230.153068,172.7116,172.6,172.7363,172.7363,172.6,2026-08-10 22:24:00,68
1700.116118,172.6029,172.56,172.6065,172.6142,172.56,2026-08-10 22:25:00,26
1137.04,172.8061,172.8807,172.75,172.8807,172.75,2026-08-10 22:26:00,42
2755.907938,172.7265,172.7501,172.71,172.7501,172.65,2026-08-10 22:27:00,31
757.328935,172.7648,172.79,172.68,172.79,172.68,2026-08-10 22:29:00,42
1222.623809,172.7508,172.76,172.76,172.76,172.76,2026-08-10 22:30:00,38
1917.730057,172.7214,172.7,172.72,172.73,172.7,2026-08-10 22:31:00,39
1392.895214,172.7582,172.75,172.8,172.8,172.75,2026-08-10 22:32:00,30
931.0,172.727,172.7814,172.7039,172.7814,172.7039,2026-08-10 22:33:00,26
890.10728,172.7094,172.7,172.7099,172.74,172.7,2026-08-10 22:34:00,29
1346.238575,172.705,172.7062,172.71,172.71,172.7062,2026-08-10 22:35:00,27
1326.78951,172.6964,172.72,172.68,172.72,172.68,2026-08-10 22:36:00,38
7404.282637,172.5647,172.69,172.6,172.69,172.5,2026-08-10 22:37:00,187
1994.087904,172.5041,172.5,172.5025,172.51,172.5,2026-08-10 22:38:00,50
1918.665445,172.5006,172.5,172.5,172.5,172.5,2026-08-10 22:39:00,121
2099.343596,172.5105,172.52,172.5,172.52,172.5,2026-08-10 22:40:00,38
12842.263498,172.5112,172.5,172.51,172.52,172.42,2026-08-10 22:41:00,110
3824.188199,172.521,172.49,172.5,172.6,172.4,2026-08-10 22:42:00,64
3506.290008,172.5404,172.5829,172.55,172.5829,172.502,2026-08-10 22:43:00,35
3771.625175,172.5159,172.56,172.5,172.5845,172.5,2026-08-10 22:44:00,19
3652.0,172.5035,172.54,172.49,172.563,172.49,2026-08-10 22:45:00,68
1114.081692,172.6015,172.6,172.58,172.6,172.58,2026-08-10 22:46:00,43
931.115836,172.6029,172.63,172.6,172.66,172.53,2026-08-10 22:47:00,27
873.0,172.6216,172.6568,172.5451,172.6568,172.5451,2026-08-10 22:48:00,18
1310.914326,172.6104,172.6649,172.5532,172.6649,172.5532,2026-08-10 22:49:00,30
1652.175978,172.6746,172.68,172.55,172.71,172.55,2026-08-10 22:50:00,57
549.374764,172.6223,172.5887,172.5887,172.5887,172.5887,2026-08-10 22:51:00,35
1103.489031,172.6473,172.7574,172.62,172.7574,172.62,2026-08-10 22:52:00,33
766.273528,172.6331,172.65,172.61,172.65,172.61,2026-08-10 22:53:00,25
320.009035,172.6398,172.55,172.55,172.55,172.55,2026-08-10 22:54:00,31
362.464101,172.7257,172.72,172.72,172.72,172.72,2026-08-10 22:55:00,22
993.0,172.6907,172.8,172.7341,172.8,172.6102,2026-08-10 22:56:00,23
1410.0,172.7865,172.75,172.8,172.8,172.75,2026-08-10 22:57:00,35
1807.972314,172.7563,172.75,172.8,172.8,172.7325,2026-08-10 22:58:00,39
776.0,172.8475,172.8542,172.8542,172.8542,172.8542,2026-08-10 22:59:00,16
3815.088371,172.7872,173.0,172.6468,173.0,172.6468,2026-08-10 23:00:00,109
3109.422574,173.0133,173.02,173.02,173.02,173.02,2026-08-10 23:01:00,17
3575.121531,173.0125,173.02,173.0,173.02,173.0,2026-08-10 23:03:00,45
1418.289017,173.0373,173.01,173.05,173.05,173.01,2026-08-10 23:04:00,15
571.0,172.9934,173.01,172.9858,173.01,172.9858,2026-08-10 23:05:00,31
513.05,173.022,173.0165,173.08,173.08,173.0,2026-08-10 23:06:00,27
301.876286,172.9928,173.0,173.0,173.0,173.0,2026-08-10 23:07:00,20
461.391383,172.9463,172.9434,172.96,172.96,172.9434,2026-08-10 23:08:00,20
375.0,172.9631,173.0,172.95,173.0,172.95,2026-08-10 23:09:00,10
1851.092139,172.9035,172.96,172.92,173.0,172.8535,2026-08-10 23:10:00,21
968.0,172.9143,172.92,172.92,172.92,172.92,2026-08-10 23:11:00,16
219.560619,172.9115,172.9273,172.9273,172.9273,172.9273,2026-08-10 23:12:00,17
688.95,172.8916,172.8963,172.8963,172.8963,172.8963,2026-08-10 23:14:00,16
236.216755,172.8512,172.85,172.85,172.85,172.85,2026-08-10 23:15:00,13
1482.880577,172.8713,172.88,172.85,172.88,172.85,2026-08-10 23:16:00,33
235.046317,172.8433,172.85,172.85,172.85,172.85,2026-08-10 23:18:00,21
1504.27,172.7318,172.7222,172.7222,172.7222,172.7222,2026-08-10 23:19:00,47
493.226573,172.8134,172.831,172.8305,172.86,172.8305,2026-08-10 23:20:00,16
916.55,172.7802,172.76,172.8,172.8,172.76,2026-08-10 23:21:00,31
723.574086,172.7473,172.77,172.76,172.77,172.76,2026-08-10 23:22:00,25
1237.0,172.7879,172.798,172.798,172.798,172.798,2026-08-10 23:23:00,27
375.434407,172.7643,172.78,172.78,172.78,172.78,2026-08-10 23:24:00,22
828.69,172.7957,172.78,172.75,172.78,172.75,2026-08-10 23:26:00,30
912.24,172.8516,172.8761,172.8746,172.8761,172.81,2026-08-10 23:28:00,41
780.24,172.885,172.8745,172.8745,172.8745,172.8745,2026-08-10 23:30:00,52
427.53,172.9456,172.95,172.95,172.95,172.95,2026-08-10 23:31:00,29
522.32,172.9938,173.0,173.0,173.0,173.0,2026-08-10 23:32:00,36
4050.96,173.0107,173.04,173.05,173.05,173.0,2026-08-10 23:33:00,27
3611.963297,173.0641,173.0638,173.05,173.1,173.05,2026-08-10 23:34:00,54
1137.0,173.023,173.0202,173.0202,173.0202,173.0202,2026-08-10 23:35:00,15
7203.3,173.0491,173.0499,173.0499,173.0499,173.0499,2026-08-10 23:36:00,18
222.0,173.0525,173.0845,173.0845,173.0845,173.0845,2026-08-10 23:37:00,12
1806.47,173.0633,173.0923,173.1,173.1,173.05,2026-08-10 23:39:00,25
474.0,173.0035,173.0487,173.0487,173.0487,173.0487,2026-08-10 23:40:00,19
1164.0,172.9883,173.0,172.878,173.0,172.878,2026-08-10 23:42:00,6
1287.02313,173.0016,172.9,173.0,173.05,172.9,2026-08-10 23:44:00,29
786.0,172.9864,172.99,172.98,172.99,172.98,2026-08-10 23:45:00,20
860.0,172.9946,172.975,172.97,173.0453,172.97,2026-08-10 23:46:00,25
1387.0,172.9361,172.9833,172.9152,172.9833,172.9152,2026-08-10 23:47:00,23
698.0,172.9829,172.9999,172.98,172.9999,172.959,2026-08-10 23:48:00,20
942.0,172.9907,172.9989,172.9923,173.0,172.9915,2026-08-10 23:49:00,18
1348.36,173.0162,173.0,173.03,173.05,173.0,2026-08-10 23:50:00,49
1239.0,172.9711,173.0118,172.9878,173.0367,172.9201,2026-08-10 23:51:00,21
847.0,173.0203,172.9555,173.0331,173.0349,172.9555,2026-08-10 23:53:00,15
860.735102,172.9124,172.85,172.85,172.85,172.85,2026-08-10 23:55:00,49
918.29,172.9352,172.8985,172.9,172.9,172.8985,2026-08-10 23:56:00,57
2154.0,172.9114,172.92,172.9,172.92,172.9,2026-08-10 23:57:00,20
2155.0,172.8771,172.895,172.86,172.895,172.85,2026-08-10 23:58:00,45
4196.0,172.8619,172.86,172.952,172.952,172.8,2026-08-10 23:59:00,22
