Volume,vw,Open,Close,High,Low,timestamp,n
231.0,10.9303,11.13,11.13,11.13,11.13,2026-07-29 08:00:00,13
445.0,11.2,11.2,11.2,11.2,11.2,2026-07-29 08:59:00,2
751.0,11.2999,11.3,11.3,11.3,11.3,2026-07-29 09:57:00,12
1875.0,11.28,11.28,11.28,11.28,11.28,2026-07-29 12:18:00,3
100.0,11.31,11.31,11.31,11.31,11.31,2026-07-29 12:41:00,1
280.0,11.2699,11.27,11.27,11.27,11.27,2026-07-29 13:07:00,3
364.0,11.325,11.27,11.36,11.36,11.27,2026-07-29 13:28:00,6
29590.40065,11.3032,11.3,11.46,11.46,11.235,2026-07-29 13:30:00,146
12440.45428,11.7243,11.57,11.737,11.88,11.57,2026-07-29 13:31:00,196
8952.207343,11.8859,11.69,11.97,11.97,11.69,2026-07-29 13:32:00,191
11813.99664,11.9714,11.93,11.99,12.0,11.91,2026-07-29 13:33:00,178
3404.448741,12.0926,12.0,12.15,12.15,12.0,2026-07-29 13:34:00,96
41625.195935,12.457,12.18,12.5207,12.685,12.18,2026-07-29 13:35:00,558
22944.640106,12.5662,12.555,12.732,12.76,12.4501,2026-07-29 13:36:00,177
19837.730627,12.5299,12.7,12.49,12.809,12.28,2026-07-29 13:37:00,298
19306.875611,12.289,12.4351,12.11,12.4899,12.03,2026-07-29 13:38:00,312
7520.750507,12.0207,12.115,12.145,12.145,11.96,2026-07-29 13:39:00,152
3638.212563,12.1525,12.2299,12.097,12.2299,12.07,2026-07-29 13:40:00,113
9206.571545,12.0699,12.0842,12.2,12.2,12.01,2026-07-29 13:41:00,128
11166.109963,12.3533,12.21,12.5,12.5,12.21,2026-07-29 13:42:00,204
7480.0,12.4196,12.49,12.3,12.49,12.3,2026-07-29 13:43:00,158
2626.0,12.3318,12.3001,12.34,12.34,12.3001,2026-07-29 13:44:00,46
3651.46238,12.3635,12.34,12.375,12.38,12.34,2026-07-29 13:45:00,53
8187.0,12.2751,12.375,12.24,12.375,12.24,2026-07-29 13:46:00,130
440.422638,12.1662,12.1141,12.1396,12.1396,12.1141,2026-07-29 13:47:00,10
12660.889728,12.1378,12.103,12.11,12.16,12.1,2026-07-29 13:48:00,116
6828.0,12.134,12.135,12.11,12.165,12.11,2026-07-29 13:49:00,118
2156.549127,12.0955,12.1,12.1,12.1,12.07,2026-07-29 13:50:00,40
526.0,12.0228,12.01,12.035,12.035,12.01,2026-07-29 13:51:00,13
3392.0,11.9998,12.02,11.95,12.04,11.94,2026-07-29 13:52:00,83
3108.0,12.0043,12.01,12.01,12.01,11.99,2026-07-29 13:53:00,50
8442.34631,12.0297,12.04,12.0297,12.0424,12.02,2026-07-29 13:54:00,125
790.0,11.9662,11.99,12.0091,12.0091,11.96,2026-07-29 13:55:00,23
1837.0,11.9548,11.965,11.965,11.965,11.95,2026-07-29 13:56:00,6
7672.67824,11.9878,11.95,12.065,12.09,11.95,2026-07-29 13:57:00,83
2126.557729,12.0927,12.1,12.08,12.11,12.08,2026-07-29 13:58:00,34
6213.001,12.0357,12.06,12.08,12.08,12.02,2026-07-29 13:59:00,74
5310.0,12.061,12.08,12.055,12.083,12.05,2026-07-29 14:00:00,78
1298.590626,12.0561,12.055,12.05,12.055,12.05,2026-07-29 14:01:00,12
6062.0,12.1029,12.08,12.1985,12.1985,12.08,2026-07-29 14:02:00,107
1881.0,12.2016,12.19,12.195,12.25,12.19,2026-07-29 14:03:00,27
3426.527,12.2416,12.22,12.2788,12.2788,12.22,2026-07-29 14:04:00,47
6713.05661,12.3203,12.28,12.31,12.39,12.28,2026-07-29 14:05:00,98
12806.0,12.2292,12.31,12.075,12.31,12.075,2026-07-29 14:06:00,189
7494.0,12.0555,12.03,12.16,12.16,11.9501,2026-07-29 14:08:00,115
14581.0,12.0993,12.16,12.055,12.16,12.05,2026-07-29 14:09:00,173
9229.19861,11.9767,12.01,11.9849,12.01,11.9201,2026-07-29 14:10:00,45
1619.306632,11.9758,11.98,11.955,11.99,11.955,2026-07-29 14:11:00,47
3904.0,11.9214,11.92,11.9,11.93,11.9,2026-07-29 14:12:00,85
3098.854311,11.8163,11.87,11.78,11.87,11.78,2026-07-29 14:13:00,95
1899.0,11.7936,11.79,11.7809,11.79,11.7809,2026-07-29 14:14:00,59
6178.0,11.7997,11.8,11.78,11.85,11.78,2026-07-29 14:15:00,58
1802.0,11.7875,11.775,11.8,11.8,11.775,2026-07-29 14:16:00,53
4708.49492,11.7573,11.81,11.67,11.832,11.67,2026-07-29 14:17:00,89
3669.311956,11.5784,11.61,11.5556,11.61,11.5556,2026-07-29 14:18:00,62
519.0,11.5891,11.57,11.57,11.57,11.57,2026-07-29 14:19:00,9
2162.0,11.607,11.64,11.58,11.64,11.58,2026-07-29 14:20:00,60
4973.82007,11.6322,11.6352,11.61,11.64,11.61,2026-07-29 14:21:00,78
671.114,11.604,11.605,11.605,11.605,11.605,2026-07-29 14:22:00,15
5812.526209,11.5787,11.58,11.57,11.58,11.57,2026-07-29 14:23:00,108
8239.000775,11.5081,11.56,11.5,11.56,11.48,2026-07-29 14:24:00,136
5341.0,11.4232,11.49,11.39,11.49,11.39,2026-07-29 14:25:00,124
4561.0,11.36,11.36,11.38,11.38,11.34,2026-07-29 14:26:00,80
7244.09218,11.3768,11.37,11.4,11.405,11.35,2026-07-29 14:27:00,119
3617.79169,11.4203,11.395,11.42,11.42,11.395,2026-07-29 14:28:00,52
5870.0,11.3807,11.39,11.38,11.4,11.36,2026-07-29 14:29:00,118
6672.01,11.4244,11.4,11.42,11.49,11.4,2026-07-29 14:30:00,96
1777.0,11.4258,11.42,11.425,11.43,11.41,2026-07-29 14:31:00,34
2988.0,11.445,11.46,11.4485,11.46,11.44,2026-07-29 14:32:00,69
4214.42357,11.402,11.4455,11.4,11.4455,11.38,2026-07-29 14:33:00,92
4820.048393,11.3738,11.39,11.36,11.39,11.34,2026-07-29 14:34:00,85
1123.42357,11.3783,11.38,11.37,11.38,11.37,2026-07-29 14:35:00,40
2264.0,11.3231,11.36,11.3,11.36,11.3,2026-07-29 14:36:00,32
6385.0,11.2974,11.3,11.32,11.32,11.28,2026-07-29 14:37:00,75
594.0,11.3186,11.32,11.32,11.32,11.32,2026-07-29 14:38:00,19
4330.28697,11.284,11.3,11.28,11.3,11.265,2026-07-29 14:39:00,81
3130.0,11.2555,11.27,11.26,11.27,11.25,2026-07-29 14:40:00,55
1810.95117,11.3062,11.31,11.27,11.31,11.27,2026-07-29 14:41:00,26
2986.0,11.2503,11.26,11.24,11.26,11.24,2026-07-29 14:42:00,47
4172.0,11.2336,11.215,11.25,11.26,11.21,2026-07-29 14:43:00,50
1236.0,11.2595,11.265,11.3091,11.3091,11.265,2026-07-29 14:44:00,14
1500.0,11.262,11.265,11.27,11.27,11.26,2026-07-29 14:46:00,14
3043.0,11.2431,11.25,11.23,11.25,11.23,2026-07-29 14:47:00,37
2613.0,11.203,11.22,11.18,11.22,11.18,2026-07-29 14:48:00,59
5403.0,11.199,11.175,11.2,11.21,11.175,2026-07-29 14:49:00,74
3322.0,11.2226,11.205,11.2395,11.2395,11.205,2026-07-29 14:50:00,44
2130.0,11.2245,11.22,11.225,11.23,11.22,2026-07-29 14:52:00,61
1237.0,11.246,11.24,11.272,11.272,11.24,2026-07-29 14:53:00,15
2481.0,11.2286,11.27,11.22,11.27,11.21,2026-07-29 14:54:00,47
4792.483244,11.2201,11.23,11.2,11.24,11.2,2026-07-29 14:55:00,86
1813.17857,11.211,11.21,11.2176,11.2176,11.2,2026-07-29 14:56:00,44
1693.0,11.2159,11.21,11.22,11.23,11.21,2026-07-29 14:57:00,23
2554.0,11.2176,11.2155,11.2101,11.235,11.2101,2026-07-29 14:58:00,34
548.0,11.2277,11.2118,11.235,11.235,11.2118,2026-07-29 14:59:00,14
448.060469,11.2315,11.23,11.23,11.23,11.23,2026-07-29 15:01:00,10
14383.0,11.265,11.25,11.27,11.31,11.25,2026-07-29 15:02:00,111
5120.0048,11.2763,11.29,11.26,11.29,11.26,2026-07-29 15:03:00,65
773.0,11.2481,11.25,11.25,11.25,11.25,2026-07-29 15:04:00,13
3867.269058,11.1752,11.23,11.14,11.23,11.13,2026-07-29 15:05:00,84
9490.0,11.1628,11.14,11.24,11.24,11.13,2026-07-29 15:06:00,107
131.0,11.245,11.245,11.245,11.245,11.245,2026-07-29 15:07:00,3
5590.0,11.2928,11.27,11.2885,11.315,11.27,2026-07-29 15:08:00,100
4780.0,11.2865,11.27,11.32,11.32,11.27,2026-07-29 15:09:00,85
2372.0,11.3044,11.3,11.29,11.32,11.29,2026-07-29 15:10:00,50
2071.0,11.2379,11.28,11.19,11.28,11.19,2026-07-29 15:11:00,56
1441.0,11.1946,11.2,11.19,11.2,11.19,2026-07-29 15:12:00,35
1905.10507,11.1405,11.14,11.14,11.14,11.14,2026-07-29 15:14:00,66
3105.0,11.152,11.14,11.175,11.18,11.14,2026-07-29 15:15:00,93
575.0,11.1696,11.16,11.18,11.18,11.16,2026-07-29 15:16:00,12
3295.0,11.1674,11.18,11.17,11.18,11.16,2026-07-29 15:17:00,59
4873.0,11.1347,11.17,11.08,11.17,11.08,2026-07-29 15:19:00,83
7061.0,11.0747,11.08,11.07,11.09,11.07,2026-07-29 15:20:00,28
2076.0,11.0793,11.08,11.08,11.08,11.08,2026-07-29 15:21:00,29
1803.0,11.0544,11.05,11.06,11.06,11.04,2026-07-29 15:22:00,36
1872.0,11.0993,11.1,11.1,11.1,11.1,2026-07-29 15:23:00,51
2223.0,11.121,11.11,11.1375,11.14,11.11,2026-07-29 15:24:00,61
2047.0,11.1079,11.11,11.1,11.11,11.1,2026-07-29 15:27:00,63
2166.0,11.1079,11.1,11.11,11.11,11.1,2026-07-29 15:28:00,33
3496.0,11.0804,11.1,11.06,11.1,11.06,2026-07-29 15:30:00,79
1796.0,11.0438,11.05,11.014,11.05,11.014,2026-07-29 15:31:00,33
2177.0,11.0579,11.06,11.05,11.06,11.05,2026-07-29 15:32:00,33
4165.241537,11.014,11.02,11.02,11.02,11.005,2026-07-29 15:34:00,80
2243.998608,11.0577,11.02,11.07,11.07,11.02,2026-07-29 15:35:00,53
563.0,11.069,11.05,11.0954,11.0954,11.05,2026-07-29 15:37:00,6
75564.0,11.1459,11.04,11.265,11.3,11.04,2026-07-29 15:38:00,719
4500.0,11.371,11.32,11.37,11.45,11.31,2026-07-29 15:39:00,89
10742.0,11.2959,11.37,11.26,11.37,11.25,2026-07-29 15:40:00,110
922.0,11.2589,11.25,11.26,11.26,11.25,2026-07-29 15:41:00,13
5645.0,11.2221,11.2401,11.19,11.265,11.18,2026-07-29 15:42:00,70
7106.0,11.185,11.2,11.205,11.22,11.14,2026-07-29 15:43:00,73
5938.0,11.2652,11.23,11.26,11.29,11.23,2026-07-29 15:44:00,89
1511.657489,11.2316,11.24,11.22,11.2425,11.21,2026-07-29 15:45:00,36
354.750454,11.2463,11.22,11.22,11.22,11.22,2026-07-29 15:46:00,6
1455.0,11.2273,11.23,11.22,11.23,11.22,2026-07-29 15:47:00,7
4841.0,11.2592,11.21,11.3,11.3,11.21,2026-07-29 15:48:00,59
2574.0,11.2831,11.3,11.28,11.3,11.28,2026-07-29 15:49:00,30
2854.0,11.2494,11.28,11.23,11.28,11.23,2026-07-29 15:50:00,54
454.0,11.2444,11.25,11.25,11.25,11.25,2026-07-29 15:51:00,13
1366.0,11.2595,11.2683,11.25,11.2683,11.24,2026-07-29 15:52:00,11
462.0,11.2471,11.25,11.25,11.25,11.25,2026-07-29 15:53:00,11
8352.0,11.2012,11.25,11.11,11.25,11.11,2026-07-29 15:54:00,116
9406.0,11.12,11.07,11.135,11.16,11.05,2026-07-29 15:55:00,144
2315.0,11.1844,11.17,11.22,11.23,11.17,2026-07-29 15:57:00,43
1212.472,11.2019,11.2,11.2,11.2,11.19,2026-07-29 15:58:00,22
1215.0,11.2004,11.172,11.215,11.215,11.172,2026-07-29 15:59:00,9
6381.0,11.1864,11.2549,11.19,11.2549,11.16,2026-07-29 16:00:00,114
1850.0,11.1758,11.1811,11.16,11.1811,11.16,2026-07-29 16:01:00,21
1598.0,11.1185,11.12,11.12,11.12,11.11,2026-07-29 16:03:00,27
1188.0,11.1356,11.14,11.14,11.14,11.14,2026-07-29 16:06:00,8
410.0,11.0926,11.095,11.0775,11.095,11.0775,2026-07-29 16:08:00,9
232.0,11.0775,11.06,11.09,11.09,11.06,2026-07-29 16:09:00,8
434.0,11.0885,11.09,11.09,11.09,11.09,2026-07-29 16:10:00,13
1090.0,11.0863,11.09,11.09,11.09,11.07,2026-07-29 16:11:00,21
379.0,11.0903,11.09,11.09,11.09,11.09,2026-07-29 16:12:00,16
316.0,11.0875,11.09,11.09,11.09,11.09,2026-07-29 16:13:00,11
540.514008,11.0926,11.09,11.085,11.09,11.06,2026-07-29 16:14:00,12
8118.0,11.0837,11.06,11.11,11.14,11.06,2026-07-29 16:15:00,142
592.0,11.1148,11.13,11.1,11.13,11.1,2026-07-29 16:16:00,24
380.089,11.1247,11.14,11.115,11.14,11.115,2026-07-29 16:17:00,6
2701.0,11.1303,11.115,11.13,11.14,11.115,2026-07-29 16:18:00,32
2016.0,11.0963,11.1,11.1,11.1,11.09,2026-07-29 16:20:00,43
960.0,11.0976,11.09,11.12,11.12,11.09,2026-07-29 16:22:00,24
3580.0,11.1176,11.1199,11.0844,11.13,11.0844,2026-07-29 16:23:00,37
1505.0,11.1117,11.1,11.115,11.13,11.1,2026-07-29 16:24:00,11
399.0,11.1318,11.1362,11.14,11.14,11.1362,2026-07-29 16:25:00,5
2626.0,11.1404,11.14,11.16,11.16,11.14,2026-07-29 16:26:00,69
5078.0,11.1401,11.145,11.13,11.145,11.13,2026-07-29 16:27:00,54
3426.0,11.1605,11.14,11.195,11.195,11.14,2026-07-29 16:28:00,60
3153.0,11.1712,11.195,11.1604,11.195,11.1604,2026-07-29 16:29:00,42
2951.0,11.1995,11.1877,11.235,11.235,11.1877,2026-07-29 16:30:00,44
2432.070763,11.2263,11.2478,11.22,11.2478,11.22,2026-07-29 16:31:00,42
3117.0,11.2456,11.235,11.25,11.25,11.235,2026-07-29 16:32:00,42
1412.0,11.2489,11.25,11.25,11.25,11.25,2026-07-29 16:33:00,17
317.0,11.2634,11.25,11.27,11.27,11.25,2026-07-29 16:34:00,7
3518.0,11.2236,11.25,11.21,11.25,11.21,2026-07-29 16:35:00,64
4216.0,11.19,11.2,11.18,11.2,11.18,2026-07-29 16:36:00,72
3457.0,11.1828,11.17,11.21,11.25,11.17,2026-07-29 16:37:00,51
200.0,11.215,11.215,11.215,11.215,11.215,2026-07-29 16:38:00,2
1593.0,11.2429,11.23,11.25,11.25,11.21,2026-07-29 16:40:00,26
615.412024,11.2577,11.25,11.25,11.25,11.25,2026-07-29 16:41:00,17
3062.0,11.2352,11.24,11.23,11.24,11.23,2026-07-29 16:42:00,44
1487.0,11.2102,11.21,11.21,11.21,11.21,2026-07-29 16:44:00,30
1982.0,11.1872,11.2,11.18,11.2,11.18,2026-07-29 16:45:00,26
360.0,11.159,11.17,11.17,11.17,11.17,2026-07-29 16:46:00,11
2003.0,11.1733,11.17,11.18,11.18,11.17,2026-07-29 16:47:00,36
133.0,11.167,11.1604,11.1604,11.1604,11.1604,2026-07-29 16:49:00,5
4309.5,11.2065,11.18,11.23,11.23,11.18,2026-07-29 16:50:00,65
851.0,11.2105,11.21,11.21,11.21,11.21,2026-07-29 16:51:00,16
1768.0,11.2145,11.21,11.25,11.25,11.21,2026-07-29 16:52:00,32
849.0,11.2053,11.21,11.21,11.21,11.21,2026-07-29 16:53:00,29
1266.0,11.1883,11.206,11.185,11.206,11.185,2026-07-29 16:54:00,9
1625.755354,11.2184,11.21,11.21,11.21,11.21,2026-07-29 16:55:00,28
1881.0,11.1902,11.23,11.18,11.23,11.16,2026-07-29 16:56:00,28
863.0,11.2084,11.2,11.25,11.25,11.2,2026-07-29 16:57:00,16
398.0,11.2375,11.2463,11.2463,11.2463,11.2463,2026-07-29 16:58:00,25
2772.0,11.2572,11.25,11.28,11.28,11.25,2026-07-29 17:00:00,61
573.0,11.2813,11.28,11.29,11.29,11.28,2026-07-29 17:03:00,7
5424.0,11.3095,11.3,11.3,11.325,11.3,2026-07-29 17:04:00,73
1400.0,11.2845,11.3,11.27,11.3,11.27,2026-07-29 17:05:00,19
738.836732,11.296,11.28,11.28,11.28,11.28,2026-07-29 17:06:00,18
211.0,11.2897,11.29,11.29,11.29,11.29,2026-07-29 17:07:00,6
256.0,11.3045,11.295,11.32,11.32,11.295,2026-07-29 17:08:00,11
431.0,11.2963,11.295,11.295,11.295,11.295,2026-07-29 17:09:00,4
5738.0,11.3159,11.32,11.305,11.33,11.305,2026-07-29 17:10:00,57
399.0,11.31,11.31,11.31,11.31,11.31,2026-07-29 17:11:00,8
2865.0,11.2779,11.28,11.28,11.28,11.27,2026-07-29 17:12:00,37
1940.0,11.2999,11.3,11.295,11.32,11.29,2026-07-29 17:13:00,34
3959.0,11.2611,11.26,11.27,11.27,11.26,2026-07-29 17:14:00,65
400.0,11.2506,11.25,11.25,11.25,11.25,2026-07-29 17:15:00,13
1124.0,11.2581,11.23,11.24,11.2671,11.23,2026-07-29 17:16:00,22
168.0,11.2397,11.24,11.24,11.24,11.24,2026-07-29 17:17:00,9
2680.0,11.2461,11.24,11.26,11.27,11.24,2026-07-29 17:19:00,22
1872.0,11.2706,11.27,11.29,11.29,11.27,2026-07-29 17:20:00,36
345.0,11.275,11.275,11.275,11.275,11.275,2026-07-29 17:22:00,32
295.383,11.2891,11.275,11.275,11.275,11.275,2026-07-29 17:23:00,12
3237.0,11.253,11.25,11.28,11.28,11.25,2026-07-29 17:24:00,72
159.0,11.2386,11.24,11.24,11.24,11.24,2026-07-29 17:25:00,13
136.0,11.2303,11.23,11.23,11.23,11.23,2026-07-29 17:26:00,7
112.0,11.2393,11.24,11.24,11.24,11.24,2026-07-29 17:29:00,7
640.0,11.2383,11.245,11.2201,11.245,11.2201,2026-07-29 17:32:00,18
4107.0,11.2634,11.25,11.28,11.28,11.25,2026-07-29 17:33:00,73
489.0,11.2518,11.25,11.25,11.25,11.25,2026-07-29 17:34:00,15
1446.0,11.2234,11.23,11.22,11.235,11.22,2026-07-29 17:35:00,28
10038.0,11.2092,11.21,11.23,11.24,11.185,2026-07-29 17:36:00,136
172.0,11.1913,11.195,11.195,11.195,11.195,2026-07-29 17:37:00,15
100.0,11.175,11.175,11.175,11.175,11.175,2026-07-29 17:40:00,1
187.0,11.162,11.16,11.16,11.16,11.16,2026-07-29 17:41:00,4
1051.0,11.1852,11.18,11.19,11.19,11.18,2026-07-29 17:43:00,12
4873.0,11.2029,11.21,11.2,11.21,11.2,2026-07-29 17:44:00,53
2515.447,11.1915,11.19,11.19,11.19,11.19,2026-07-29 17:45:00,40
811.505832,11.1954,11.185,11.185,11.185,11.185,2026-07-29 17:48:00,13
1553.424,11.1931,11.195,11.1804,11.195,11.1804,2026-07-29 17:49:00,26
5171.0,11.2136,11.21,11.23,11.23,11.21,2026-07-29 17:50:00,68
373.0,11.2262,11.24,11.21,11.24,11.21,2026-07-29 17:52:00,7
12334.0,11.2581,11.25,11.28,11.28,11.23,2026-07-29 17:53:00,160
4223.0,11.2372,11.25,11.215,11.27,11.215,2026-07-29 17:56:00,65
925.0,11.2138,11.218,11.21,11.218,11.21,2026-07-29 17:57:00,13
6005.089256,11.2129,11.21,11.175,11.23,11.175,2026-07-29 17:58:00,84
300.0,11.1936,11.2041,11.175,11.2041,11.175,2026-07-29 17:59:00,4
10394.0,11.2634,11.21,11.31,11.33,11.18,2026-07-29 18:00:00,132
11406.262781,11.312,11.29,11.31,11.34,11.26,2026-07-29 18:01:00,79
1690.0,11.2852,11.31,11.27,11.31,11.27,2026-07-29 18:02:00,26
2872.0,11.2405,11.24,11.24,11.25,11.24,2026-07-29 18:03:00,13
3388.0,11.2176,11.22,11.22,11.23,11.205,2026-07-29 18:04:00,51
132.0,11.2299,11.23,11.23,11.23,11.23,2026-07-29 18:05:00,4
3563.0,11.2675,11.25,11.239,11.275,11.239,2026-07-29 18:06:00,43
4188.0,11.2776,11.275,11.28,11.28,11.275,2026-07-29 18:07:00,25
1382.0,11.2704,11.28,11.28,11.28,11.25,2026-07-29 18:08:00,11
1030.86524,11.2884,11.28,11.275,11.28,11.275,2026-07-29 18:09:00,17
1435.0,11.254,11.28,11.2427,11.28,11.2427,2026-07-29 18:10:00,5
15632.0,11.261,11.24,11.23,11.3,11.23,2026-07-29 18:11:00,171
493.0,11.2253,11.23,11.23,11.23,11.23,2026-07-29 18:12:00,14
2581.0,11.2063,11.215,11.2,11.215,11.2,2026-07-29 18:13:00,32
520.0,11.1662,11.18,11.15,11.18,11.15,2026-07-29 18:14:00,19
1455.0,11.1581,11.14,11.17,11.17,11.14,2026-07-29 18:15:00,13
3093.0,11.1159,11.12,11.1,11.12,11.1,2026-07-29 18:16:00,75
483.0,11.0991,11.1,11.1,11.1,11.1,2026-07-29 18:17:00,12
1894.0,11.0781,11.13,11.05,11.13,11.05,2026-07-29 18:18:00,31
960.0,11.0718,11.07,11.07,11.07,11.07,2026-07-29 18:19:00,12
2199.0,11.0517,11.05,11.055,11.055,11.05,2026-07-29 18:20:00,51
4705.0,11.0602,11.06,11.08,11.08,11.06,2026-07-29 18:21:00,50
607.0,11.0554,11.05,11.05,11.05,11.05,2026-07-29 18:22:00,11
462.0,11.0541,11.05,11.05,11.05,11.05,2026-07-29 18:23:00,7
2550.0,11.0795,11.08,11.08,11.08,11.08,2026-07-29 18:24:00,33
10457.0,11.0189,11.05,11.0,11.05,11.0,2026-07-29 18:25:00,184
3826.100529,10.9937,11.025,10.99,11.025,10.99,2026-07-29 18:26:00,25
616.423998,11.0045,11.0,10.9945,11.0,10.99,2026-07-29 18:27:00,11
493.0,11.027,10.99,10.99,11.0548,10.99,2026-07-29 18:28:00,5
493.0,11.0016,10.99,10.99,10.99,10.99,2026-07-29 18:29:00,6
1838.0,11.0472,11.05,11.03,11.07,11.025,2026-07-29 18:30:00,30
1054.0,11.0535,11.065,11.03,11.065,11.03,2026-07-29 18:31:00,11
1522.0,11.0328,11.065,10.99,11.065,10.99,2026-07-29 18:32:00,24
2312.0,11.0262,10.99,10.995,11.035,10.99,2026-07-29 18:33:00,15
743.0,11.0158,11.025,11.0225,11.025,10.995,2026-07-29 18:34:00,7
10238.0,11.0161,11.015,11.065,11.08,10.99,2026-07-29 18:35:00,89
2293.0,11.0277,11.03,11.0,11.03,11.0,2026-07-29 18:36:00,31
2526.0,11.0376,11.045,11.05,11.05,11.01,2026-07-29 18:37:00,29
8934.0,11.117,11.09,11.14,11.16,11.09,2026-07-29 18:38:00,121
2268.0,11.1291,11.12,11.14,11.14,11.12,2026-07-29 18:39:00,35
10828.0,11.1537,11.15,11.17,11.18,11.11,2026-07-29 18:40:00,145
5830.427684,11.2016,11.19,11.235,11.235,11.185,2026-07-29 18:41:00,80
4955.0,11.2075,11.2,11.22,11.22,11.185,2026-07-29 18:42:00,62
369.0,11.2158,11.22,11.22,11.22,11.22,2026-07-29 18:43:00,9
3501.0,11.2539,11.21,11.26,11.26,11.21,2026-07-29 18:44:00,61
646.0,11.2434,11.24,11.24,11.24,11.24,2026-07-29 18:45:00,11
463.0,11.2572,11.26,11.26,11.26,11.26,2026-07-29 18:46:00,11
3915.0,11.2722,11.26,11.28,11.29,11.26,2026-07-29 18:47:00,65
280.0,11.2875,11.28,11.28,11.28,11.28,2026-07-29 18:48:00,8
3979.0,11.3054,11.28,11.3,11.32,11.275,2026-07-29 18:49:00,32
1461.65864,11.3104,11.302,11.31,11.31,11.3,2026-07-29 18:50:00,20
4901.368,11.2722,11.31,11.25,11.31,11.25,2026-07-29 18:51:00,69
3128.0,11.2749,11.27,11.28,11.29,11.27,2026-07-29 18:52:00,47
345.05747,11.3017,11.308,11.308,11.308,11.308,2026-07-29 18:53:00,8
11978.0,11.3506,11.31,11.375,11.38,11.3,2026-07-29 18:54:00,138
1553.0,11.3804,11.38,11.38,11.4027,11.38,2026-07-29 18:55:00,15
5202.0,11.3297,11.35,11.31,11.35,11.31,2026-07-29 18:56:00,92
728.0,11.31,11.31,11.31,11.31,11.31,2026-07-29 18:57:00,7
11743.674028,11.3425,11.31,11.355,11.38,11.31,2026-07-29 18:58:00,112
3495.0,11.3584,11.34,11.375,11.38,11.33,2026-07-29 18:59:00,48
3690.0,11.3535,11.375,11.36,11.375,11.345,2026-07-29 19:00:00,54
9344.0,11.3796,11.35,11.4,11.4,11.35,2026-07-29 19:01:00,129
375.0,11.3975,11.4,11.3985,11.4,11.3985,2026-07-29 19:02:00,11
3214.0,11.3657,11.38,11.35,11.38,11.35,2026-07-29 19:03:00,60
3645.0,11.3366,11.33,11.365,11.365,11.32,2026-07-29 19:04:00,61
892.0,11.3574,11.36,11.365,11.365,11.36,2026-07-29 19:05:00,24
8562.0,11.3424,11.35,11.32,11.38,11.32,2026-07-29 19:06:00,73
4994.0,11.2829,11.32,11.26,11.32,11.25,2026-07-29 19:07:00,67
1108.0,11.2357,11.23,11.25,11.25,11.23,2026-07-29 19:08:00,22
928.0,11.24,11.24,11.24,11.24,11.24,2026-07-29 19:09:00,8
3798.0,11.2213,11.24,11.21,11.25,11.21,2026-07-29 19:10:00,54
9382.0,11.2472,11.24,11.26,11.27,11.23,2026-07-29 19:11:00,99
1505.958615,11.2864,11.28,11.28,11.28,11.28,2026-07-29 19:12:00,17
1106.0,11.2819,11.28,11.28,11.28,11.28,2026-07-29 19:13:00,12
583.487381,11.3036,11.2969,11.28,11.2969,11.28,2026-07-29 19:14:00,11
863.0,11.2842,11.28,11.2875,11.3,11.28,2026-07-29 19:15:00,26
6931.0,11.2703,11.285,11.27,11.3,11.26,2026-07-29 19:16:00,83
4247.0,11.2558,11.27,11.24,11.27,11.24,2026-07-29 19:17:00,62
5972.778772,11.2094,11.23,11.2,11.23,11.195,2026-07-29 19:18:00,86
3655.0,11.2061,11.2,11.21,11.21,11.2,2026-07-29 19:19:00,28
3800.0,11.1926,11.19,11.19,11.195,11.19,2026-07-29 19:20:00,71
1598.0,11.1533,11.18,11.14,11.18,11.14,2026-07-29 19:21:00,37
5191.0,11.1332,11.14,11.14,11.14,11.1205,2026-07-29 19:22:00,73
414.0,11.1378,11.14,11.1238,11.14,11.1238,2026-07-29 19:23:00,8
372.0,11.1305,11.135,11.135,11.135,11.135,2026-07-29 19:24:00,16
5894.0,11.1172,11.12,11.095,11.12,11.095,2026-07-29 19:25:00,94
6094.0,11.075,11.09,11.08,11.09,11.06,2026-07-29 19:26:00,108
4330.0,11.0779,11.07,11.075,11.08,11.07,2026-07-29 19:27:00,41
3264.0,11.0877,11.075,11.09,11.095,11.075,2026-07-29 19:28:00,51
1886.0,11.0989,11.0946,11.1,11.1,11.0946,2026-07-29 19:29:00,37
4019.0,11.1225,11.11,11.14,11.14,11.11,2026-07-29 19:30:00,61
1095.0,11.1576,11.16,11.16,11.16,11.16,2026-07-29 19:31:00,23
3320.0,11.1329,11.14,11.136,11.16,11.13,2026-07-29 19:32:00,78
6006.0,11.1202,11.13,11.1,11.13,11.1,2026-07-29 19:33:00,73
3692.0,11.0601,11.09,11.05,11.09,11.04,2026-07-29 19:34:00,77
4797.0,11.0337,11.045,11.04,11.05,11.02,2026-07-29 19:35:00,95
44300.0,10.9441,11.04,10.825,11.045,10.8,2026-07-29 19:36:00,345
3365.0,10.807,10.825,10.789,10.83,10.789,2026-07-29 19:37:00,49
7626.0,10.7318,10.77,10.72,10.77,10.695,2026-07-29 19:38:00,135
5062.0,10.7009,10.72,10.695,10.72,10.68,2026-07-29 19:39:00,69
8313.188058,10.6462,10.69,10.63,10.69,10.6,2026-07-29 19:40:00,119
2297.0,10.6366,10.64,10.6203,10.64,10.6203,2026-07-29 19:41:00,26
8614.0,10.6122,10.62,10.58,10.63,10.575,2026-07-29 19:42:00,116
5556.0,10.5609,10.58,10.55,10.59,10.54,2026-07-29 19:43:00,77
5816.0,10.5204,10.54,10.52,10.54,10.51,2026-07-29 19:44:00,65
3065.0,10.5272,10.52,10.51,10.52,10.51,2026-07-29 19:45:00,48
11911.0,10.4986,10.51,10.49,10.52,10.49,2026-07-29 19:46:00,102
4095.0,10.4907,10.49,10.47,10.505,10.47,2026-07-29 19:47:00,59
5759.0,10.4349,10.45,10.43,10.45,10.41,2026-07-29 19:48:00,84
771.0,10.425,10.43,10.41,10.43,10.41,2026-07-29 19:49:00,13
11366.9,10.4128,10.43,10.415,10.43,10.4,2026-07-29 19:50:00,200
7235.0,10.4253,10.42,10.4756,10.4756,10.4,2026-07-29 19:51:00,103
4874.0,10.4464,10.465,10.43,10.465,10.42,2026-07-29 19:52:00,54
20646.19102,10.4553,10.43,10.5,10.5,10.415,2026-07-29 19:53:00,247
4776.0,10.5088,10.5,10.53,10.53,10.4911,2026-07-29 19:54:00,60
10582.0,10.5089,10.53,10.495,10.54,10.49,2026-07-29 19:55:00,120
7698.0,10.4994,10.5,10.51,10.51,10.49,2026-07-29 19:56:00,140
11167.0,10.4969,10.51,10.495,10.51,10.49,2026-07-29 19:57:00,129
27308.0,10.4901,10.495,10.48,10.53,10.48,2026-07-29 19:58:00,218
25112.0,10.4729,10.48,10.445,10.49,10.44,2026-07-29 19:59:00,244
442.66275,10.4657,10.45,10.45,10.45,10.45,2026-07-29 20:00:00,9
425.0,10.6294,10.65,10.6,10.65,10.6,2026-07-29 20:03:00,2
456.0,10.4355,10.43,10.44,10.44,10.43,2026-07-29 20:15:00,11
150.0,10.2888,10.2888,10.2888,10.2888,10.2888,2026-07-29 21:07:00,1
100.0,10.5,10.5,10.5,10.5,10.5,2026-07-29 21:28:00,1
105.0,10.5006,10.5,10.5,10.5,10.5,2026-07-29 22:00:00,6
772.0,10.6355,10.61,10.65,10.65,10.61,2026-07-30 08:45:00,11
596.0,10.6351,10.6,10.7,10.7,10.6,2026-07-30 09:55:00,13
175.0,10.7823,10.69,10.69,10.69,10.69,2026-07-30 10:43:00,13
100.0,10.74,10.74,10.74,10.74,10.74,2026-07-30 11:04:00,1
1351.0,10.7601,10.7491,10.77,10.78,10.7491,2026-07-30 11:05:00,12
3096.0,10.7428,10.74,10.75,10.75,10.74,2026-07-30 11:07:00,9
1676.0,10.826,10.8,10.98,10.98,10.78,2026-07-30 11:08:00,37
2593.0,11.0898,10.95,11.29,11.29,10.95,2026-07-30 11:11:00,114
416.0,11.2739,11.28,11.28,11.28,11.28,2026-07-30 11:12:00,36
1800.0,11.0596,11.17,11.03,11.17,11.03,2026-07-30 11:13:00,6
1030.0,11.6917,11.7,11.7,11.7,11.7,2026-07-30 11:14:00,10
504.0,11.1372,11.12,11.12,11.12,11.12,2026-07-30 11:30:00,13
1139.0,11.1096,11.1,11.1,11.1,11.1,2026-07-30 11:31:00,83
512.0,11.09,11.09,11.09,11.09,11.09,2026-07-30 11:34:00,2
820.0,11.2829,11.11,11.69,11.69,11.11,2026-07-30 11:36:00,8
401.0,11.3057,11.14,11.58,11.58,11.14,2026-07-30 11:40:00,5
1555.0,11.4688,11.2,11.68,11.68,11.2,2026-07-30 11:44:00,14
1434.0,11.5369,11.51,11.6,11.6,11.4765,2026-07-30 11:46:00,11
2338.0,11.4187,11.41,11.59,11.6,11.35,2026-07-30 11:49:00,14
400.0,11.445,11.44,11.45,11.45,11.44,2026-07-30 12:02:00,3
500.0,11.57,11.57,11.57,11.57,11.57,2026-07-30 12:03:00,1
170.0,11.5,11.5,11.5,11.5,11.5,2026-07-30 12:07:00,2
1029.0,11.4349,11.43,11.42,11.45,11.42,2026-07-30 12:12:00,3
135.0,11.4593,11.46,11.46,11.46,11.46,2026-07-30 12:44:00,5
200.0,11.37,11.29,11.45,11.45,11.29,2026-07-30 12:56:00,2
205.0,11.451,11.45,11.45,11.45,11.45,2026-07-30 12:57:00,3
200.0,11.4885,11.49,11.49,11.49,11.49,2026-07-30 13:02:00,3
100.0,11.46,11.46,11.46,11.46,11.46,2026-07-30 13:03:00,1
1242.0,11.2023,11.21,11.2,11.21,11.2,2026-07-30 13:22:00,6
719.0,11.214,11.201,11.202,11.202,11.2,2026-07-30 13:27:00,9
676.0,11.4694,11.48,11.49,11.49,11.48,2026-07-30 13:28:00,11
444.0,11.5013,11.5,11.5,11.5,11.5,2026-07-30 13:29:00,8
34683.043594,11.2926,11.41,10.93,11.425,10.835,2026-07-30 13:30:00,177
7607.0,10.7794,10.79,10.75,10.86,10.66,2026-07-30 13:31:00,70
10176.0,10.9417,10.83,11.13,11.14,10.83,2026-07-30 13:32:00,140
6780.0,11.2212,11.13,11.31,11.32,11.13,2026-07-30 13:33:00,45
5376.0,11.2252,11.0903,11.29,11.34,11.09,2026-07-30 13:34:00,50
10993.0,11.1271,11.215,10.935,11.34,10.935,2026-07-30 13:35:00,106
15069.0,10.9497,10.99,10.9,11.05,10.85,2026-07-30 13:36:00,123
5056.878954,10.8563,10.96,10.66,10.96,10.66,2026-07-30 13:37:00,86
7075.0,10.6468,10.67,10.62,10.68,10.56,2026-07-30 13:38:00,158
6844.0,10.5264,10.6,10.47,10.61,10.47,2026-07-30 13:39:00,151
14152.0,10.4271,10.485,10.35,10.52,10.34,2026-07-30 13:40:00,180
611.0,10.3637,10.355,10.3757,10.3757,10.355,2026-07-30 13:41:00,19
6905.404621,10.4707,10.36,10.58,10.58,10.36,2026-07-30 13:42:00,102
7418.0,10.5862,10.585,10.615,10.615,10.565,2026-07-30 13:43:00,107
7424.0,10.6099,10.59,10.636,10.636,10.58,2026-07-30 13:44:00,58
8144.013,10.5968,10.61,10.57,10.64,10.57,2026-07-30 13:45:00,106
11610.0,10.6271,10.63,10.685,10.73,10.53,2026-07-30 13:46:00,171
26077.0,10.8118,10.685,10.745,10.93,10.685,2026-07-30 13:47:00,395
5560.0004,10.6695,10.76,10.63,10.76,10.63,2026-07-30 13:48:00,87
7030.4692,10.6318,10.6479,10.62,10.65,10.6,2026-07-30 13:49:00,121
11262.0,10.7022,10.63,10.7,10.72,10.63,2026-07-30 13:50:00,67
2689.093545,10.6856,10.7,10.69,10.7,10.67,2026-07-30 13:51:00,27
9703.0,10.6583,10.67,10.62,10.685,10.62,2026-07-30 13:52:00,54
2449.0,10.6721,10.65,10.72,10.73,10.65,2026-07-30 13:53:00,46
3568.92645,10.6816,10.69,10.65,10.695,10.65,2026-07-30 13:54:00,55
5362.0,10.6484,10.64,10.68,10.68,10.59,2026-07-30 13:55:00,86
2096.0,10.6803,10.7,10.65,10.71,10.65,2026-07-30 13:56:00,34
1448.0,10.6643,10.69,10.65,10.69,10.65,2026-07-30 13:57:00,34
3046.679106,10.6885,10.69,10.68,10.69,10.68,2026-07-30 13:58:00,67
13625.0,10.7191,10.69,10.715,10.74,10.69,2026-07-30 13:59:00,114
5840.0,10.7033,10.7,10.705,10.71,10.7,2026-07-30 14:00:00,40
5254.40821,10.7117,10.73,10.7,10.73,10.7,2026-07-30 14:01:00,57
15612.0,10.7164,10.7,10.725,10.74,10.7,2026-07-30 14:02:00,72
6618.33706,10.7187,10.725,10.725,10.75,10.71,2026-07-30 14:03:00,34
11881.0,10.7187,10.725,10.67,10.74,10.67,2026-07-30 14:04:00,112
3747.0,10.6779,10.68,10.67,10.69,10.66,2026-07-30 14:05:00,61
5156.4258,10.6487,10.67,10.63,10.67,10.615,2026-07-30 14:06:00,72
3788.48105,10.6348,10.645,10.625,10.65,10.61,2026-07-30 14:07:00,48
5352.0,10.5786,10.625,10.54,10.625,10.54,2026-07-30 14:08:00,90
5014.0,10.5483,10.55,10.545,10.575,10.53,2026-07-30 14:09:00,78
5691.75014,10.5428,10.55,10.51,10.582,10.51,2026-07-30 14:10:00,69
5545.0,10.5028,10.535,10.5,10.535,10.48,2026-07-30 14:11:00,54
4627.0002,10.5281,10.515,10.535,10.56,10.48,2026-07-30 14:12:00,66
4786.0,10.5234,10.535,10.535,10.535,10.51,2026-07-30 14:13:00,74
4642.666,10.4985,10.51,10.495,10.52,10.48,2026-07-30 14:14:00,54
4214.0,10.4964,10.51,10.47,10.525,10.47,2026-07-30 14:15:00,89
3111.452967,10.4546,10.45,10.48,10.48,10.445,2026-07-30 14:16:00,55
750.882694,10.4984,10.49,10.49,10.49,10.49,2026-07-30 14:17:00,16
34109.0,10.5162,10.45,10.63,10.63,10.45,2026-07-30 14:18:00,95
13231.0,10.7497,10.67,10.84,10.845,10.67,2026-07-30 14:19:00,183
1443.0,10.9002,10.88,10.91,10.91,10.88,2026-07-30 14:20:00,31
6827.0,10.8521,10.91,10.875,10.91,10.7901,2026-07-30 14:21:00,85
565.0,10.8666,10.85,10.88,10.88,10.85,2026-07-30 14:22:00,10
8763.0,10.8184,10.86,10.83,10.86,10.79,2026-07-30 14:23:00,73
7334.0,10.7981,10.82,10.78,10.83,10.76,2026-07-30 14:24:00,103
2084.0,10.8231,10.81,10.82,10.85,10.81,2026-07-30 14:25:00,30
3225.0,10.8285,10.85,10.82,10.85,10.815,2026-07-30 14:26:00,39
4201.0,10.8651,10.8,10.895,10.895,10.8,2026-07-30 14:27:00,78
14021.16128,10.9779,10.92,11.005,11.02,10.92,2026-07-30 14:28:00,147
2302.07968,10.9714,10.992,10.97,10.992,10.95,2026-07-30 14:29:00,14
5174.49106,10.9503,10.965,10.965,10.965,10.91,2026-07-30 14:30:00,94
1320.273,10.9794,10.965,11.0,11.0,10.9257,2026-07-30 14:31:00,24
8617.0,11.0107,11.0,11.02,11.03,10.93,2026-07-30 14:32:00,61
2007.430035,11.0408,11.02,11.025,11.06,11.02,2026-07-30 14:33:00,34
3211.0,10.9973,11.025,11.01,11.025,10.97,2026-07-30 14:34:00,40
1645.0,10.9854,10.975,11.0,11.01,10.96,2026-07-30 14:35:00,19
4676.087191,11.0262,11.0,11.07,11.07,11.0,2026-07-30 14:36:00,56
3390.0,11.0815,11.07,11.08,11.1099,11.07,2026-07-30 14:37:00,44
2508.0,11.0426,11.05,11.03,11.08,11.015,2026-07-30 14:38:00,35
2760.0,11.036,11.03,11.07,11.07,11.03,2026-07-30 14:39:00,41
19653.0,11.0919,11.07,11.09,11.12,11.04,2026-07-30 14:40:00,135
2416.0,11.0827,11.075,11.07,11.1,11.07,2026-07-30 14:41:00,25
12410.0,11.1088,11.07,11.12,11.16,11.07,2026-07-30 14:42:00,117
1898.0,11.1012,11.135,11.09,11.135,11.0704,2026-07-30 14:43:00,29
2135.0,11.068,11.1,11.06,11.1,11.0264,2026-07-30 14:44:00,36
6503.75014,11.0447,11.065,11.05,11.07,11.02,2026-07-30 14:45:00,76
1789.0,11.049,11.07,11.025,11.07,11.02,2026-07-30 14:46:00,29
2985.0,11.0279,11.03,11.005,11.05,11.005,2026-07-30 14:47:00,45
1178.0,11.0065,11.02,11.015,11.02,10.99,2026-07-30 14:48:00,20
5188.0,10.9997,11.01,11.035,11.04,10.97,2026-07-30 14:49:00,63
5431.0,11.0325,11.035,11.0,11.035,11.0,2026-07-30 14:50:00,21
4117.0,10.9732,10.99,10.97,10.99,10.95,2026-07-30 14:51:00,65
3012.0,10.9637,10.97,10.945,10.98,10.945,2026-07-30 14:52:00,36
1028.0,10.9368,10.945,10.93,10.945,10.93,2026-07-30 14:53:00,23
1275.0,10.9118,10.925,10.915,10.925,10.89,2026-07-30 14:54:00,16
1389.0,10.9034,10.915,10.9,10.915,10.89,2026-07-30 14:55:00,31
179.0,10.881,10.87,10.87,10.87,10.87,2026-07-30 14:56:00,7
3690.0,10.8997,10.875,10.895,10.92,10.875,2026-07-30 14:57:00,54
10685.0,10.8964,10.91,10.94,10.94,10.88,2026-07-30 14:58:00,118
27655.556448,10.9143,10.945,10.945,10.945,10.91,2026-07-30 14:59:00,25
462.0,10.9486,10.95,10.95,10.95,10.95,2026-07-30 15:00:00,20
6129.0,10.9618,10.92,11.015,11.015,10.92,2026-07-30 15:01:00,78
5998.0,11.1047,11.04,11.2,11.2,11.04,2026-07-30 15:02:00,76
12363.0,11.2297,11.2,11.23,11.3,11.2,2026-07-30 15:03:00,117
15881.0,11.1368,11.26,10.985,11.31,10.985,2026-07-30 15:04:00,188
2295.062867,10.9629,10.96,10.98,10.98,10.93,2026-07-30 15:05:00,66
1344.0,10.9824,10.9946,10.9833,11.0,10.97,2026-07-30 15:06:00,17
3016.0,10.9315,10.95,10.87,10.95,10.87,2026-07-30 15:07:00,53
16313.013,10.8243,10.86,10.82,10.875,10.8,2026-07-30 15:08:00,237
1354.0,10.8587,10.85,10.865,10.865,10.85,2026-07-30 15:09:00,25
2546.0,10.8138,10.865,10.78,10.865,10.78,2026-07-30 15:10:00,43
1453.0,10.7861,10.805,10.78,10.805,10.77,2026-07-30 15:11:00,26
262.0,10.7889,10.795,10.795,10.795,10.795,2026-07-30 15:12:00,9
1679.0,10.7629,10.795,10.73,10.795,10.73,2026-07-30 15:13:00,39
1742.0,10.7426,10.75,10.73,10.75,10.73,2026-07-30 15:14:00,33
2339.0,10.7359,10.73,10.76,10.76,10.725,2026-07-30 15:15:00,25
408.0,10.7406,10.73,10.73,10.73,10.73,2026-07-30 15:16:00,8
1548.0,10.7472,10.73,10.73,10.755,10.73,2026-07-30 15:17:00,21
4300.0,10.746,10.73,10.76,10.76,10.73,2026-07-30 15:18:00,44
729.0,10.7562,10.755,10.76,10.76,10.755,2026-07-30 15:19:00,10
636.0,10.7641,10.78,10.76,10.78,10.76,2026-07-30 15:20:00,8
17043.0,10.7855,10.78,10.81,10.81,10.76,2026-07-30 15:21:00,148
5400.0,10.7708,10.78,10.76,10.78,10.76,2026-07-30 15:22:00,53
621.0,10.7542,10.76,10.75,10.76,10.75,2026-07-30 15:23:00,16
8303.0,10.7539,10.75,10.79,10.79,10.715,2026-07-30 15:24:00,87
2561.0,10.7709,10.78,10.755,10.78,10.755,2026-07-30 15:25:00,31
2772.0,10.7486,10.74,10.75,10.76,10.74,2026-07-30 15:26:00,24
1026.0,10.7402,10.745,10.72,10.745,10.72,2026-07-30 15:27:00,12
3272.0,10.7441,10.745,10.75,10.7688,10.73,2026-07-30 15:28:00,37
6452.0,10.7562,10.77,10.73,10.77,10.73,2026-07-30 15:29:00,44
3046.0,10.7392,10.75,10.72,10.75,10.72,2026-07-30 15:30:00,38
538.0,10.7169,10.715,10.715,10.715,10.715,2026-07-30 15:31:00,4
1571.0,10.7118,10.715,10.69,10.715,10.69,2026-07-30 15:32:00,7
3920.0,10.6999,10.715,10.695,10.74,10.685,2026-07-30 15:34:00,81
2510.0,10.7127,10.71,10.7,10.72,10.7,2026-07-30 15:35:00,39
1100.0,10.7311,10.72,10.7378,10.7378,10.71,2026-07-30 15:36:00,4
3815.0,10.6823,10.68,10.69,10.7,10.67,2026-07-30 15:37:00,41
650.0,10.6914,10.67,10.7063,10.7063,10.67,2026-07-30 15:38:00,10
1640.0,10.6724,10.69,10.665,10.69,10.66,2026-07-30 15:39:00,26
1502.0,10.6695,10.69,10.66,10.69,10.66,2026-07-30 15:40:00,13
695.0,10.6605,10.66,10.66,10.66,10.66,2026-07-30 15:41:00,12
723.0,10.6638,10.66,10.67,10.67,10.66,2026-07-30 15:42:00,21
3147.0,10.6792,10.67,10.69,10.69,10.65,2026-07-30 15:43:00,50
2395.0,10.6914,10.68,10.68,10.7,10.68,2026-07-30 15:44:00,27
2640.0,10.6834,10.685,10.67,10.7,10.67,2026-07-30 15:45:00,51
1981.0,10.6796,10.665,10.6899,10.705,10.65,2026-07-30 15:46:00,25
388.867122,10.7112,10.7,10.68,10.7,10.68,2026-07-30 15:47:00,15
1107.0,10.686,10.695,10.685,10.695,10.66,2026-07-30 15:48:00,9
503.0,10.6655,10.66,10.66,10.66,10.66,2026-07-30 15:49:00,18
1089.0,10.6652,10.67,10.67,10.67,10.65,2026-07-30 15:50:00,23
801.7,10.6694,10.65,10.65,10.65,10.65,2026-07-30 15:51:00,17
1396.0,10.6427,10.64,10.64,10.64,10.62,2026-07-30 15:52:00,30
2715.0,10.6519,10.64,10.675,10.675,10.64,2026-07-30 15:53:00,47
1786.0,10.6685,10.65,10.685,10.685,10.65,2026-07-30 15:54:00,33
2931.0,10.7136,10.7,10.725,10.725,10.695,2026-07-30 15:55:00,45
402.0,10.7249,10.725,10.725,10.725,10.725,2026-07-30 15:56:00,5
409.0,10.7173,10.71,10.725,10.725,10.71,2026-07-30 15:57:00,5
747.0,10.7194,10.7,10.725,10.725,10.7,2026-07-30 15:58:00,14
5885.0,10.7381,10.725,10.765,10.77,10.7,2026-07-30 15:59:00,103
1689.093464,10.701,10.71,10.69,10.71,10.69,2026-07-30 16:00:00,40
3869.0,10.6999,10.68,10.68,10.705,10.67,2026-07-30 16:01:00,26
5274.0,10.7225,10.71,10.74,10.74,10.71,2026-07-30 16:02:00,25
4302.0,10.747,10.76,10.74,10.76,10.72,2026-07-30 16:03:00,36
1914.0,10.7335,10.74,10.73,10.745,10.73,2026-07-30 16:04:00,24
1080.0,10.7234,10.735,10.71,10.735,10.71,2026-07-30 16:05:00,27
1014.0,10.7074,10.715,10.7,10.715,10.7,2026-07-30 16:06:00,19
3080.0,10.6904,10.695,10.69,10.695,10.69,2026-07-30 16:07:00,22
2120.0,10.696,10.68,10.705,10.705,10.68,2026-07-30 16:08:00,24
1392.5785,10.6984,10.69,10.69,10.705,10.69,2026-07-30 16:09:00,26
2924.0,10.7143,10.7,10.75,10.75,10.7,2026-07-30 16:10:00,26
2447.0,10.7539,10.72,10.72,10.7772,10.72,2026-07-30 16:11:00,15
3202.0,10.7619,10.72,10.78,10.78,10.72,2026-07-30 16:12:00,36
2271.0,10.7759,10.8,10.785,10.8,10.75,2026-07-30 16:13:00,61
4184.0,10.7684,10.77,10.77,10.78,10.76,2026-07-30 16:14:00,38
1589.0,10.7736,10.78,10.78,10.78,10.77,2026-07-30 16:15:00,12
5047.0,10.7929,10.78,10.8,10.82,10.76,2026-07-30 16:16:00,52
3140.0,10.8105,10.82,10.83,10.84,10.79,2026-07-30 16:17:00,52
937.0,10.8164,10.82,10.82,10.82,10.82,2026-07-30 16:18:00,20
1078.0,10.7804,10.78,10.76,10.79,10.76,2026-07-30 16:19:00,23
783.0,10.7465,10.75,10.75,10.75,10.75,2026-07-30 16:20:00,14
1154.39224,10.7517,10.75,10.75,10.761,10.73,2026-07-30 16:21:00,9
1823.0,10.7819,10.77,10.81,10.81,10.77,2026-07-30 16:22:00,29
835.0,10.8101,10.82,10.805,10.82,10.805,2026-07-30 16:23:00,23
1383.0,10.819,10.82,10.79,10.825,10.79,2026-07-30 16:24:00,25
1109.0,10.8076,10.82,10.795,10.825,10.795,2026-07-30 16:25:00,22
239.0,10.8055,10.805,10.805,10.805,10.805,2026-07-30 16:26:00,5
3192.0,10.8435,10.82,10.84,10.865,10.82,2026-07-30 16:27:00,68
1675.0,10.8471,10.85,10.855,10.855,10.84,2026-07-30 16:28:00,23
1312.68257,10.8432,10.855,10.83,10.855,10.83,2026-07-30 16:29:00,19
929.0,10.8307,10.845,10.82,10.845,10.82,2026-07-30 16:30:00,31
977.0,10.787,10.79,10.785,10.79,10.785,2026-07-30 16:31:00,20
284.0,10.7972,10.8,10.8,10.8,10.8,2026-07-30 16:33:00,4
13465.0,10.844,10.81,10.8,10.88,10.8,2026-07-30 16:34:00,149
733.0,10.8139,10.77,10.825,10.825,10.77,2026-07-30 16:35:00,13
400.0,10.815,10.8,10.825,10.825,10.8,2026-07-30 16:36:00,4
300.0,10.8083,10.81,10.81,10.81,10.81,2026-07-30 16:37:00,3
322.0,10.8243,10.825,10.825,10.825,10.825,2026-07-30 16:38:00,9
1292.0,10.8247,10.83,10.81,10.835,10.81,2026-07-30 16:39:00,15
2806.29629,10.8058,10.81,10.805,10.81,10.795,2026-07-30 16:40:00,47
472.0,10.8089,10.795,10.82,10.82,10.795,2026-07-30 16:41:00,8
5998.0,10.8358,10.82,10.865,10.865,10.8,2026-07-30 16:42:00,70
1614.0,10.8705,10.88,10.87,10.88,10.87,2026-07-30 16:43:00,25
520.093464,10.872,10.87,10.87,10.87,10.87,2026-07-30 16:44:00,8
2854.0,10.8819,10.865,10.905,10.905,10.86,2026-07-30 16:45:00,32
1844.0,10.9004,10.9,10.905,10.905,10.9,2026-07-30 16:46:00,6
640.0,10.8822,10.885,10.885,10.885,10.885,2026-07-30 16:47:00,21
253.0,10.8849,10.885,10.885,10.885,10.885,2026-07-30 16:48:00,6
1841.0,10.9003,10.9,10.91,10.91,10.9,2026-07-30 16:49:00,28
2748.66361,10.8946,10.9,10.8811,10.91,10.8811,2026-07-30 16:50:00,34
3569.0,10.9308,10.895,10.96,10.96,10.895,2026-07-30 16:51:00,38
204.0,10.9505,10.95,10.9504,10.9504,10.95,2026-07-30 16:52:00,6
840.0,10.9706,10.975,10.96,10.975,10.96,2026-07-30 16:53:00,19
326.0,10.9705,10.97,10.97,10.97,10.97,2026-07-30 16:54:00,8
3394.0,10.985,10.99,10.975,11.0,10.97,2026-07-30 16:55:00,56
581.0,10.9714,10.975,10.97,10.975,10.97,2026-07-30 16:56:00,9
766.0,10.966,10.961,10.96,10.97,10.96,2026-07-30 16:57:00,13
1338.0,10.9615,10.96,10.97,10.97,10.955,2026-07-30 16:58:00,37
2068.39224,10.9583,10.959,10.97,10.97,10.9501,2026-07-30 16:59:00,12
1027.0,10.9896,10.98,11.0,11.0,10.98,2026-07-30 17:00:00,29
1191.0,10.9771,10.98,10.96,10.985,10.96,2026-07-30 17:01:00,17
1153.0,10.9724,10.98,10.96,10.98,10.96,2026-07-30 17:02:00,30
119.0,10.9533,10.95,10.95,10.95,10.95,2026-07-30 17:03:00,5
974.0,10.9612,10.96,10.97,10.97,10.96,2026-07-30 17:04:00,15
6947.0,10.997,10.975,11.015,11.015,10.975,2026-07-30 17:05:00,39
1958.0,11.0429,11.05,11.055,11.06,11.05,2026-07-30 17:06:00,34
2715.0,11.0896,11.07,11.11,11.11,11.07,2026-07-30 17:07:00,52
825.0,11.1234,11.13,11.11,11.13,11.11,2026-07-30 17:08:00,17
2085.0,11.0986,11.12,11.095,11.12,11.095,2026-07-30 17:09:00,48
2857.0,11.0983,11.09,11.1,11.105,11.09,2026-07-30 17:10:00,54
493.0,11.0905,11.09,11.09,11.09,11.09,2026-07-30 17:11:00,16
1462.0,11.0775,11.08,11.085,11.085,11.07,2026-07-30 17:12:00,27
1502.0,11.0808,11.08,11.08,11.08,11.08,2026-07-30 17:15:00,22
1928.0,11.097,11.08,11.1,11.1,11.08,2026-07-30 17:16:00,23
2588.089887,11.1378,11.12,11.165,11.165,11.12,2026-07-30 17:17:00,35
1242.0,11.1622,11.165,11.15,11.165,11.15,2026-07-30 17:18:00,18
1306.0,11.1487,11.15,11.15,11.15,11.15,2026-07-30 17:19:00,17
1608.0,11.1516,11.155,11.15,11.16,11.15,2026-07-30 17:20:00,10
379.0,11.159,11.155,11.1676,11.1676,11.155,2026-07-30 17:21:00,6
1198.0,11.1427,11.155,11.13,11.155,11.13,2026-07-30 17:22:00,29
2435.461133,11.1455,11.14,11.17,11.17,11.14,2026-07-30 17:23:00,38
23059.0,11.17,11.17,11.05,11.27,11.05,2026-07-30 17:25:00,231
2832.0,11.0049,11.04,10.97,11.04,10.97,2026-07-30 17:26:00,64
2946.0,10.9508,10.97,10.925,10.98,10.92,2026-07-30 17:27:00,61
121.0,10.9297,10.925,10.925,10.925,10.925,2026-07-30 17:28:00,2
3012.0,10.9519,10.94,10.96,10.96,10.94,2026-07-30 17:30:00,50
2012.0,10.9112,10.93,10.89,10.9396,10.89,2026-07-30 17:31:00,59
1051.0,10.9057,10.9,10.9,10.9,10.9,2026-07-30 17:32:00,25
1110.0,10.9341,10.92,10.955,10.955,10.92,2026-07-30 17:33:00,25
272.091491,10.9389,10.93,10.93,10.93,10.93,2026-07-30 17:34:00,11
792.428571,10.9305,10.93,10.93,10.93,10.9225,2026-07-30 17:35:00,14
388.0,10.9392,10.95,10.935,10.95,10.935,2026-07-30 17:37:00,12
1621.0,10.9481,10.94,10.965,10.965,10.935,2026-07-30 17:38:00,26
1122.0,10.9544,10.96,10.955,10.96,10.95,2026-07-30 17:39:00,20
947.0,10.9644,10.965,10.965,10.965,10.965,2026-07-30 17:40:00,17
716.0,10.9515,10.95,10.95,10.95,10.95,2026-07-30 17:41:00,23
422.0,10.9508,10.95,10.95,10.95,10.95,2026-07-30 17:42:00,9
1566.892706,10.976,10.97,10.97,10.97,10.97,2026-07-30 17:43:00,24
1273.0,10.9567,10.965,10.94,10.9862,10.94,2026-07-30 17:44:00,22
1415.0,10.9773,10.96,11.0099,11.0099,10.96,2026-07-30 17:46:00,17
1530.516613,10.9956,11.01,10.985,11.01,10.98,2026-07-30 17:47:00,33
1262.0,10.9663,10.985,10.95,10.985,10.95,2026-07-30 17:48:00,24
2393.0,10.9256,10.92,10.92,10.92,10.92,2026-07-30 17:50:00,31
19996.994,10.9989,10.91,11.06,11.06,10.9,2026-07-30 17:51:00,205
2331.33273,11.0308,11.03,11.035,11.04,11.02,2026-07-30 17:52:00,38
750.0,11.0216,11.035,11.01,11.035,11.01,2026-07-30 17:53:00,18
600.0,10.9901,11.0,10.98,11.0,10.98,2026-07-30 17:54:00,10
737.0,10.9803,10.97,10.9875,10.99,10.97,2026-07-30 17:55:00,11
206.103542,10.9908,10.98,10.98,10.98,10.98,2026-07-30 17:56:00,7
2242.0,11.0114,10.99,11.03,11.03,10.99,2026-07-30 17:57:00,34
864.0,11.0061,11.01,11.005,11.01,11.0,2026-07-30 17:58:00,27
886.0,11.01,11.01,11.01,11.01,11.01,2026-07-30 17:59:00,6
646.090826,11.0096,11.01,11.01,11.01,10.99,2026-07-30 18:00:00,15
2363.0,11.0282,11.01,11.03,11.03,11.01,2026-07-30 18:01:00,23
891.05,11.0346,11.035,11.035,11.035,11.035,2026-07-30 18:02:00,16
2214.0,11.0291,11.02,11.03,11.035,11.02,2026-07-30 18:03:00,21
5735.0,11.0408,11.03,11.02,11.05,11.02,2026-07-30 18:04:00,80
1273.0,11.05,11.05,11.05,11.05,11.05,2026-07-30 18:05:00,15
2495.05,11.0633,11.075,11.05,11.075,11.05,2026-07-30 18:07:00,34
6523.0,11.0373,11.05,11.07,11.07,11.03,2026-07-30 18:08:00,73
143.0,11.053,11.055,11.055,11.055,11.055,2026-07-30 18:09:00,2
128.0,11.0583,11.055,11.055,11.055,11.055,2026-07-30 18:10:00,2
7964.0,11.0564,11.07,11.02,11.085,11.02,2026-07-30 18:11:00,90
1034.0,11.0104,11.02,11.01,11.02,10.99,2026-07-30 18:12:00,31
2455.0,11.0179,11.0,11.01,11.02,10.995,2026-07-30 18:13:00,33
6928.0,10.9668,11.01,10.96,11.01,10.94,2026-07-30 18:14:00,72
3634.0,10.9775,10.955,10.97,10.99,10.955,2026-07-30 18:16:00,50
1183.0,10.9679,10.97,10.9625,10.97,10.9625,2026-07-30 18:17:00,25
914.0,10.9643,10.965,10.965,10.965,10.965,2026-07-30 18:19:00,17
1041.0,10.9456,10.94,10.955,10.955,10.94,2026-07-30 18:20:00,23
1117.091074,10.9813,10.98,10.98,10.98,10.98,2026-07-30 18:21:00,24
325.0,11.0016,10.995,10.995,10.995,10.995,2026-07-30 18:22:00,11
1673.0,10.9902,10.99,10.99,10.995,10.98,2026-07-30 18:23:00,36
1325.05,10.9739,10.97,10.99,10.99,10.97,2026-07-30 18:24:00,10
3431.0,11.0095,10.97,11.03,11.03,10.97,2026-07-30 18:25:00,41
4733.0,11.0405,11.05,11.01,11.06,11.01,2026-07-30 18:27:00,54
1313.0,11.0297,11.03,11.03,11.03,11.03,2026-07-30 18:30:00,45
1276.0,11.0101,11.01,11.01,11.01,11.01,2026-07-30 18:31:00,2
686.0,11.0262,11.04,11.04,11.04,11.04,2026-07-30 18:32:00,12
618.81813,11.0498,11.035,11.035,11.035,11.035,2026-07-30 18:33:00,12
405.05,11.0316,11.03,11.03,11.03,11.03,2026-07-30 18:34:00,6
971.0,11.0264,11.03,11.02,11.03,11.02,2026-07-30 18:35:00,18
127.0,11.0156,11.01,11.01,11.01,11.01,2026-07-30 18:36:00,3
2315.0,11.013,11.01,11.02,11.02,11.0,2026-07-30 18:37:00,42
770.0,11.0186,11.01,11.02,11.02,11.01,2026-07-30 18:38:00,9
427.181,11.024,11.02,11.02,11.02,11.02,2026-07-30 18:39:00,7
4244.45454,10.987,11.015,11.005,11.015,10.97,2026-07-30 18:40:00,72
528.0,10.9964,11.005,11.0,11.005,11.0,2026-07-30 18:41:00,14
309.0,10.9952,10.995,10.995,10.995,10.995,2026-07-30 18:42:00,9
2968.0,10.9831,10.995,10.98,10.995,10.98,2026-07-30 18:43:00,38
207.0,10.99,10.99,10.99,10.99,10.99,2026-07-30 18:44:00,4
5013.0,11.0146,11.0,11.01,11.04,11.0,2026-07-30 18:45:00,47
416.0,11.0175,11.03,11.01,11.03,11.01,2026-07-30 18:46:00,6
370.0,11.0095,11.0,11.015,11.015,11.0,2026-07-30 18:47:00,7
214.0,11.0173,11.015,11.02,11.02,11.015,2026-07-30 18:48:00,4
3281.0,11.0377,11.03,11.05,11.055,11.03,2026-07-30 18:49:00,50
932.0,11.0528,11.055,11.055,11.055,11.055,2026-07-30 18:51:00,14
557.0,11.0638,11.07,11.06,11.07,11.06,2026-07-30 18:52:00,9
557.0,11.0601,11.06,11.06,11.06,11.06,2026-07-30 18:53:00,7
1797.0,11.0481,11.06,11.04,11.06,11.04,2026-07-30 18:54:00,36
2297.0,11.0549,11.05,11.07,11.07,11.05,2026-07-30 18:55:00,30
2932.0,11.041,11.05,11.015,11.05,11.015,2026-07-30 18:56:00,36
1324.0,10.9955,11.015,10.99,11.015,10.99,2026-07-30 18:58:00,26
2717.0,11.0017,10.99,11.01,11.01,10.99,2026-07-30 18:59:00,29
2454.0,11.0295,11.03,11.04,11.04,11.03,2026-07-30 19:00:00,46
432.0,11.0449,11.045,11.045,11.045,11.045,2026-07-30 19:01:00,3
4216.0,11.0286,11.07,11.045,11.07,11.02,2026-07-30 19:02:00,11
3798.0,11.0684,11.07,11.06,11.08,11.06,2026-07-30 19:03:00,47
184.59231,11.1027,11.07,11.07,11.07,11.07,2026-07-30 19:04:00,10
1093.0,11.0606,11.075,11.055,11.075,11.05,2026-07-30 19:05:00,26
1308.8419,11.0421,11.04,11.04,11.04,11.03,2026-07-30 19:06:00,13
4170.0,11.0554,11.04,11.065,11.065,11.04,2026-07-30 19:07:00,36
3042.97,11.0736,11.07,11.07,11.07,11.07,2026-07-30 19:08:00,13
6227.448083,11.0805,11.06,11.13,11.13,11.06,2026-07-30 19:09:00,50
5428.0,11.1512,11.12,11.16,11.185,11.12,2026-07-30 19:10:00,71
1901.448083,11.1438,11.15,11.1302,11.15,11.1302,2026-07-30 19:11:00,18
7975.993966,11.1081,11.13,11.14,11.14,11.07,2026-07-30 19:12:00,91
763.0,11.1411,11.158,11.17,11.17,11.158,2026-07-30 19:13:00,11
133.0,11.1568,11.16,11.16,11.16,11.16,2026-07-30 19:14:00,6
896.0,11.155,11.15,11.155,11.155,11.15,2026-07-30 19:15:00,18
1844.0,11.1349,11.155,11.12,11.155,11.12,2026-07-30 19:16:00,44
5773.0,11.1097,11.13,11.11,11.13,11.1,2026-07-30 19:17:00,53
358.7649,11.1318,11.11,11.11,11.11,11.11,2026-07-30 19:19:00,10
652.0,11.1053,11.09,11.09,11.12,11.09,2026-07-30 19:20:00,7
1274.0,11.1004,11.1,11.1,11.1,11.1,2026-07-30 19:21:00,23
1086.0,11.1004,11.1,11.1,11.1,11.1,2026-07-30 19:22:00,15
530.0,11.0985,11.1,11.1,11.1,11.1,2026-07-30 19:23:00,15
2248.0,11.085,11.09,11.08,11.09,11.08,2026-07-30 19:24:00,27
1621.2,11.082,11.08,11.08,11.09,11.07,2026-07-30 19:25:00,26
3763.0,11.09,11.08,11.1174,11.1174,11.08,2026-07-30 19:26:00,41
2307.0,11.1241,11.12,11.135,11.135,11.12,2026-07-30 19:27:00,35
1333.0,11.1229,11.135,11.12,11.135,11.12,2026-07-30 19:28:00,30
301.0,11.1159,11.12,11.12,11.12,11.12,2026-07-30 19:29:00,6
8874.0,11.1414,11.12,11.165,11.17,11.12,2026-07-30 19:30:00,93
326.231015,11.1707,11.15,11.165,11.165,11.15,2026-07-30 19:31:00,13
820.0,11.1761,11.19,11.19,11.19,11.19,2026-07-30 19:32:00,30
3897.0,11.1961,11.19,11.22,11.22,11.18,2026-07-30 19:33:00,70
457.0,11.2434,11.23,11.25,11.25,11.23,2026-07-30 19:34:00,11
6087.231015,11.262,11.25,11.27,11.28,11.25,2026-07-30 19:35:00,99
3791.0,11.2782,11.27,11.28,11.28,11.27,2026-07-30 19:36:00,55
6463.0,11.2933,11.29,11.3,11.3,11.28,2026-07-30 19:38:00,96
2268.0,11.3278,11.34,11.33,11.36,11.31,2026-07-30 19:39:00,40
4437.0,11.3088,11.32,11.29,11.33,11.28,2026-07-30 19:40:00,69
1318.0,11.2861,11.29,11.28,11.29,11.28,2026-07-30 19:41:00,16
1208.0,11.2837,11.28,11.3,11.3,11.2634,2026-07-30 19:42:00,19
30358.0,11.205,11.28,11.2,11.28,11.16,2026-07-30 19:43:00,304
742.0,11.2049,11.19,11.19,11.21,11.19,2026-07-30 19:44:00,10
2573.0,11.2124,11.21,11.21,11.23,11.21,2026-07-30 19:45:00,40
5671.0,11.2379,11.28,11.2,11.28,11.2,2026-07-30 19:46:00,50
1204.0,11.2177,11.215,11.215,11.215,11.215,2026-07-30 19:47:00,15
839.0,11.2303,11.24,11.22,11.24,11.22,2026-07-30 19:48:00,14
3161.0,11.2463,11.24,11.24,11.25,11.225,2026-07-30 19:49:00,32
4818.0,11.2071,11.23,11.22,11.235,11.18,2026-07-30 19:50:00,73
3586.369079,11.2027,11.21,11.19,11.22,11.18,2026-07-30 19:51:00,54
3579.0,11.1818,11.19,11.1773,11.19,11.17,2026-07-30 19:52:00,44
2572.0,11.174,11.17,11.17,11.18,11.17,2026-07-30 19:53:00,26
10221.0,11.1981,11.18,11.22,11.22,11.17,2026-07-30 19:54:00,119
14924.0,11.2378,11.24,11.24,11.27,11.2251,2026-07-30 19:55:00,123
6253.0,11.2205,11.24,11.22,11.24,11.21,2026-07-30 19:56:00,83
12910.416851,11.2152,11.22,11.22,11.24,11.19,2026-07-30 19:57:00,161
19550.0,11.2354,11.225,11.25,11.27,11.225,2026-07-30 19:58:00,224
28282.0,11.2395,11.25,11.25,11.26,11.22,2026-07-30 19:59:00,343
451.74074,11.2585,11.24,11.24,11.24,11.24,2026-07-30 20:00:00,4
1886.0,11.2398,11.23,11.24,11.24,11.23,2026-07-30 20:39:00,21
100.0,11.37,11.37,11.37,11.37,11.37,2026-07-30 20:58:00,1
242.0,11.17,11.17,11.17,11.17,11.17,2026-07-30 21:09:00,1
480.0,11.2973,11.26,11.35,11.35,11.26,2026-07-30 21:27:00,17
580.0,11.1585,11.16,11.15,11.16,11.15,2026-07-30 21:29:00,6
100.0,11.24,11.24,11.24,11.24,11.24,2026-07-30 22:20:00,1
1000.0,11.47,11.47,11.47,11.47,11.47,2026-07-31 11:01:00,1
250.0,11.47,11.47,11.47,11.47,11.47,2026-07-31 11:03:00,1
111.0,11.4125,11.4117,11.4117,11.4117,11.4117,2026-07-31 11:19:00,2
1383.0,11.2307,11.2,11.23,11.23,11.2,2026-07-31 11:39:00,55
2319.0,11.2466,11.25,11.24,11.25,11.24,2026-07-31 12:30:00,13
800.0,11.29,11.29,11.29,11.29,11.29,2026-07-31 12:40:00,1
474.0,11.3585,11.36,11.38,11.38,11.36,2026-07-31 13:16:00,7
411.0,11.3459,11.38,11.38,11.38,11.38,2026-07-31 13:21:00,31
16034.103828,11.4313,11.41,11.49,11.49,11.34,2026-07-31 13:30:00,125
6290.225065,11.6489,11.51,11.79,11.8,11.505,2026-07-31 13:31:00,114
12261.1,11.8535,11.7794,11.94,11.99,11.7794,2026-07-31 13:32:00,184
9006.368795,12.0116,12.0,11.955,12.12,11.94,2026-07-31 13:33:00,150
6846.476274,12.1023,12.05,12.19,12.2,12.02,2026-07-31 13:34:00,154
9799.09166,12.1525,12.125,12.11,12.23,12.07,2026-07-31 13:35:00,136
4120.0,12.0188,12.05,11.945,12.05,11.945,2026-07-31 13:36:00,80
5622.846,11.9629,11.96,11.91,12.02,11.89,2026-07-31 13:37:00,125
2642.0,11.9051,11.935,11.9,11.935,11.9,2026-07-31 13:38:00,53
13565.1,11.9094,11.91,11.95,11.96,11.8659,2026-07-31 13:39:00,128
9574.537,11.8321,11.915,11.755,11.92,11.695,2026-07-31 13:40:00,105
6255.0,11.6832,11.7,11.5969,11.74,11.5969,2026-07-31 13:41:00,45
17643.391379,11.5966,11.6,11.5488,11.685,11.48,2026-07-31 13:42:00,173
9821.0,11.4685,11.48,11.46,11.53,11.41,2026-07-31 13:43:00,57
19353.0,11.4721,11.52,11.391,11.565,11.391,2026-07-31 13:44:00,120
6855.0,11.4542,11.43,11.46,11.55,11.365,2026-07-31 13:45:00,68
43567.068293,11.5318,11.425,11.53,11.655,11.42,2026-07-31 13:46:00,299
1512.0,11.5183,11.51,11.55,11.5999,11.5,2026-07-31 13:47:00,43
9437.886673,11.4144,11.43,11.385,11.467,11.385,2026-07-31 13:48:00,53
4408.725065,11.4614,11.43,11.467,11.48,11.43,2026-07-31 13:49:00,67
3962.663184,11.484,11.43,11.47,11.522,11.43,2026-07-31 13:50:00,66
3218.663184,11.5279,11.5,11.497,11.535,11.497,2026-07-31 13:51:00,43
2636.198539,11.4826,11.54,11.46,11.54,11.46,2026-07-31 13:52:00,17
7691.0,11.4571,11.435,11.48,11.48,11.435,2026-07-31 13:53:00,58
3072.66294,11.4628,11.477,11.46,11.477,11.45,2026-07-31 13:54:00,24
6083.08793,11.3829,11.382,11.38,11.41,11.31,2026-07-31 13:55:00,130
31909.0,11.3144,11.36,11.322,11.365,11.3,2026-07-31 13:56:00,352
1491.861061,11.2947,11.295,11.307,11.34,11.25,2026-07-31 13:57:00,21
2615.0,11.36,11.34,11.357,11.41,11.34,2026-07-31 13:58:00,50
4705.0,11.4079,11.41,11.42,11.42,11.3001,2026-07-31 13:59:00,95
1712.536204,11.4074,11.4,11.407,11.425,11.4,2026-07-31 14:00:00,30
4443.0,11.3353,11.375,11.28,11.375,11.28,2026-07-31 14:01:00,77
4541.0,11.2665,11.29,11.24,11.29,11.24,2026-07-31 14:02:00,79
5661.0,11.2907,11.26,11.34,11.34,11.26,2026-07-31 14:03:00,67
2666.0,11.3104,11.33,11.3075,11.34,11.3,2026-07-31 14:04:00,57
5223.0,11.3008,11.305,11.35,11.35,11.275,2026-07-31 14:05:00,79
3538.0,11.3305,11.37,11.31,11.4,11.3,2026-07-31 14:06:00,84
2878.0,11.2795,11.275,11.26,11.31,11.26,2026-07-31 14:07:00,56
4124.0,11.2424,11.27,11.19,11.27,11.19,2026-07-31 14:08:00,101
2674.441157,11.1868,11.19,11.16,11.19,11.16,2026-07-31 14:09:00,49
7367.0,11.1606,11.19,11.16,11.2,11.1208,2026-07-31 14:10:00,86
733.0,11.1522,11.16,11.14,11.16,11.14,2026-07-31 14:11:00,25
9591.817179,11.0711,11.16,11.03,11.16,11.02,2026-07-31 14:12:00,139
2461.219622,11.0284,11.03,11.025,11.03,11.025,2026-07-31 14:13:00,35
2409.0,11.0436,11.0,11.08,11.08,11.0,2026-07-31 14:14:00,36
8208.345349,11.057,11.0674,11.045,11.08,11.02,2026-07-31 14:15:00,107
3137.599,11.0441,11.045,11.035,11.0693,11.035,2026-07-31 14:16:00,51
7309.0,11.0565,11.06,11.0655,11.08,11.04,2026-07-31 14:17:00,94
1949.0,11.0574,11.04,11.07,11.07,11.04,2026-07-31 14:18:00,17
1170.220738,11.1461,11.12,11.16,11.16,11.12,2026-07-31 14:19:00,34
4932.0,11.1283,11.11,11.165,11.165,11.11,2026-07-31 14:20:00,69
2723.0,11.1388,11.17,11.11,11.17,11.11,2026-07-31 14:21:00,52
2034.0,11.1105,11.09,11.125,11.125,11.09,2026-07-31 14:22:00,35
1957.0,11.1099,11.12,11.105,11.12,11.1,2026-07-31 14:23:00,35
7099.0,11.0448,11.07,11.035,11.07,11.02,2026-07-31 14:24:00,91
10747.0,11.0037,11.04,10.95,11.045,10.95,2026-07-31 14:25:00,123
1932.0,10.9233,10.95,10.9,10.95,10.9,2026-07-31 14:26:00,60
7214.0,10.9369,10.9,11.045,11.045,10.9,2026-07-31 14:27:00,91
1941.0,11.0223,11.01,11.06,11.06,11.01,2026-07-31 14:28:00,46
2837.0,11.0618,11.06,11.07,11.09,11.05,2026-07-31 14:29:00,56
1061.85454,11.0738,11.06,11.08,11.08,11.06,2026-07-31 14:30:00,35
2251.180668,11.0504,11.08,11.01,11.08,11.01,2026-07-31 14:31:00,39
1314.0,10.9903,11.005,10.99,11.005,10.99,2026-07-31 14:32:00,29
3897.0,11.0119,10.99,11.035,11.035,10.99,2026-07-31 14:33:00,59
832.0,11.0045,11.0,11.005,11.005,11.0,2026-07-31 14:34:00,19
7087.0,11.0681,11.03,11.08,11.11,11.03,2026-07-31 14:35:00,88
636.0,11.0589,11.07,11.04,11.07,11.04,2026-07-31 14:36:00,20
2262.0,11.0453,11.0525,11.05,11.055,11.04,2026-07-31 14:37:00,36
3122.0,11.0729,11.07,11.055,11.095,11.055,2026-07-31 14:38:00,58
260.0,11.0473,11.055,11.055,11.055,11.055,2026-07-31 14:39:00,8
3642.0,11.0922,11.08,11.105,11.11,11.08,2026-07-31 14:40:00,80
1401.0,11.0911,11.1,11.07,11.1,11.07,2026-07-31 14:41:00,20
234.0,11.0542,11.055,11.055,11.055,11.055,2026-07-31 14:42:00,10
5170.0,11.082,11.04,11.09,11.11,11.04,2026-07-31 14:43:00,46
1040.970732,11.1061,11.09,11.08,11.11,11.08,2026-07-31 14:44:00,26
1133.0,11.0892,11.1,11.085,11.1,11.07,2026-07-31 14:45:00,36
4157.0,11.1173,11.1,11.14,11.155,11.1,2026-07-31 14:46:00,96
1256.0,11.1373,11.135,11.16,11.16,11.135,2026-07-31 14:47:00,50
3477.0,11.1855,11.16,11.225,11.225,11.16,2026-07-31 14:48:00,103
2946.0,11.2463,11.23,11.25,11.25,11.23,2026-07-31 14:49:00,95
4876.0,11.2598,11.2601,11.26,11.27,11.25,2026-07-31 14:50:00,84
1519.0,11.2867,11.27,11.33,11.33,11.27,2026-07-31 14:51:00,68
3762.0,11.3125,11.31,11.335,11.335,11.3,2026-07-31 14:52:00,75
1916.0,11.3349,11.34,11.325,11.34,11.325,2026-07-31 14:53:00,54
3563.0,11.3157,11.34,11.29,11.34,11.29,2026-07-31 14:54:00,78
4024.0,11.2832,11.295,11.26,11.295,11.26,2026-07-31 14:55:00,65
5063.0,11.2975,11.27,11.32,11.32,11.27,2026-07-31 14:56:00,63
683.0,11.3053,11.31,11.32,11.32,11.31,2026-07-31 14:57:00,10
2250.0,11.2999,11.28,11.31,11.31,11.28,2026-07-31 14:58:00,35
1355.0,11.3167,11.325,11.31,11.325,11.3,2026-07-31 14:59:00,24
1631.0,11.317,11.325,11.3,11.35,11.3,2026-07-31 15:00:00,47
3345.35,11.2929,11.33,11.315,11.33,11.27,2026-07-31 15:01:00,50
5327.0,11.2704,11.3,11.26,11.3,11.25,2026-07-31 15:02:00,96
1203.0,11.2457,11.25,11.245,11.25,11.24,2026-07-31 15:03:00,28
1614.0,11.2693,11.27,11.27,11.27,11.27,2026-07-31 15:04:00,24
5023.0,11.3249,11.33,11.28,11.35,11.28,2026-07-31 15:05:00,84
1060.0,11.2755,11.27,11.29,11.29,11.26,2026-07-31 15:06:00,18
1968.0,11.2495,11.27,11.24,11.27,11.24,2026-07-31 15:07:00,38
1391.0,11.236,11.245,11.22,11.245,11.22,2026-07-31 15:08:00,21
2956.0,11.2034,11.225,11.2,11.225,11.2,2026-07-31 15:09:00,45
4024.061522,11.1786,11.2,11.17,11.2,11.16,2026-07-31 15:10:00,64
992.0,11.1588,11.15,11.15,11.15,11.15,2026-07-31 15:11:00,24
3117.0,11.1278,11.14,11.13,11.14,11.11,2026-07-31 15:12:00,57
1662.090009,11.1194,11.12,11.11,11.14,11.1,2026-07-31 15:13:00,42
4147.0,11.1192,11.12,11.1,11.125,11.1,2026-07-31 15:14:00,53
2115.0,11.1208,11.12,11.14,11.15,11.12,2026-07-31 15:15:00,39
1927.0,11.1103,11.12,11.06,11.12,11.06,2026-07-31 15:16:00,30
2928.0,11.1115,11.098,11.13,11.13,11.098,2026-07-31 15:17:00,35
2189.0,11.1499,11.1384,11.16,11.16,11.1384,2026-07-31 15:18:00,35
2181.0,11.1546,11.16,11.12,11.165,11.12,2026-07-31 15:19:00,36
821.0,11.0953,11.1,11.09,11.1,11.09,2026-07-31 15:20:00,17
993.65288,11.0803,11.08,11.06,11.08,11.06,2026-07-31 15:21:00,25
1873.0,11.043,11.05,11.035,11.05,11.035,2026-07-31 15:22:00,32
4848.0,11.0087,11.01,11.015,11.015,11.0,2026-07-31 15:23:00,50
718.0,11.015,11.015,11.015,11.015,11.015,2026-07-31 15:24:00,23
1990.0,10.9908,11.015,10.9701,11.015,10.9701,2026-07-31 15:25:00,30
2694.0,10.9564,10.99,10.95,10.99,10.95,2026-07-31 15:26:00,36
1187.0,10.9389,10.94,10.93,10.94,10.93,2026-07-31 15:27:00,22
855.0,10.9464,10.94,10.92,10.96,10.92,2026-07-31 15:30:00,18
1806.0,10.9382,10.94,10.94,10.94,10.94,2026-07-31 15:31:00,31
8731.01,10.8926,10.91,10.87,10.91,10.87,2026-07-31 15:32:00,43
1178.202,10.868,10.86,10.85,10.8799,10.85,2026-07-31 15:33:00,30
2882.0,10.8572,10.86,10.86,10.86,10.84,2026-07-31 15:34:00,43
2730.0,10.8926,10.88,10.91,10.91,10.88,2026-07-31 15:35:00,37
1960.0,10.9063,10.88,10.89,10.915,10.88,2026-07-31 15:37:00,23
1269.0,10.9164,10.915,10.92,10.92,10.915,2026-07-31 15:38:00,41
4206.0,10.8702,10.9,10.875,10.9,10.84,2026-07-31 15:40:00,57
5837.0,10.8071,10.85,10.75,10.85,10.75,2026-07-31 15:41:00,124
996.0,10.7462,10.72,10.745,10.745,10.72,2026-07-31 15:42:00,22
655.0,10.7394,10.745,10.745,10.745,10.72,2026-07-31 15:43:00,15
7008.0,10.7777,10.745,10.805,10.805,10.745,2026-07-31 15:44:00,98
640.0,10.8028,10.805,10.79,10.805,10.79,2026-07-31 15:45:00,16
1504.0,10.7881,10.79,10.78,10.79,10.78,2026-07-31 15:46:00,31
732.0,10.7889,10.8,10.78,10.8,10.78,2026-07-31 15:47:00,30
1758.0,10.7766,10.775,10.775,10.775,10.775,2026-07-31 15:48:00,30
2631.0,10.7791,10.775,10.78,10.79,10.775,2026-07-31 15:49:00,50
1754.0,10.7917,10.79,10.79,10.81,10.79,2026-07-31 15:50:00,17
552.0,10.79,10.79,10.79,10.79,10.79,2026-07-31 15:51:00,9
5751.0,10.7707,10.79,10.795,10.795,10.76,2026-07-31 15:52:00,92
4057.0,10.7938,10.78,10.825,10.825,10.78,2026-07-31 15:54:00,63
268.0,10.8412,10.85,10.85,10.85,10.85,2026-07-31 15:55:00,23
2132.0,10.8446,10.84,10.85,10.86,10.84,2026-07-31 15:56:00,41
1555.0,10.8817,10.88,10.89,10.89,10.88,2026-07-31 15:57:00,38
2045.0,10.8793,10.89,10.8675,10.895,10.8675,2026-07-31 15:58:00,37
2096.0,10.8267,10.83,10.82,10.83,10.82,2026-07-31 15:59:00,52
3631.0,10.8055,10.81,10.82,10.82,10.8,2026-07-31 16:00:00,69
676.0,10.8246,10.825,10.825,10.825,10.825,2026-07-31 16:01:00,9
115473.0,10.7918,10.81,10.81,10.815,10.67,2026-07-31 16:02:00,233
2271.0,10.7468,10.74,10.745,10.75,10.725,2026-07-31 16:03:00,33
1256.0,10.779,10.75,10.795,10.795,10.75,2026-07-31 16:04:00,21
516.0,10.7951,10.795,10.795,10.795,10.795,2026-07-31 16:06:00,11
3959.0,10.7459,10.78,10.7,10.78,10.7,2026-07-31 16:07:00,63
348.0,10.7001,10.7,10.7,10.7,10.7,2026-07-31 16:08:00,10
553.0,10.7037,10.71,10.7,10.71,10.7,2026-07-31 16:09:00,16
5161.0,10.7218,10.7,10.73,10.74,10.7,2026-07-31 16:10:00,58
2685.0,10.7415,10.74,10.74,10.75,10.74,2026-07-31 16:11:00,35
801.0,10.7835,10.79,10.79,10.79,10.79,2026-07-31 16:13:00,8
2934.0,10.796,10.8,10.795,10.8,10.79,2026-07-31 16:14:00,63
1852.97248,10.8201,10.82,10.83,10.83,10.82,2026-07-31 16:15:00,42
380.0,10.8333,10.85,10.85,10.85,10.85,2026-07-31 16:16:00,20
2804.0,10.8584,10.825,10.87,10.87,10.825,2026-07-31 16:18:00,56
826.416206,10.8648,10.88,10.8525,10.88,10.85,2026-07-31 16:19:00,23
2184.0,10.8451,10.84,10.85,10.85,10.825,2026-07-31 16:20:00,30
938.0,10.8471,10.85,10.84,10.85,10.84,2026-07-31 16:21:00,20
931.0,10.8568,10.84,10.88,10.88,10.84,2026-07-31 16:22:00,15
1610.0,10.8877,10.88,10.895,10.91,10.88,2026-07-31 16:23:00,35
2267.0,10.8992,10.895,10.905,10.905,10.895,2026-07-31 16:24:00,28
2263.0,10.866,10.87,10.86,10.89,10.85,2026-07-31 16:25:00,48
1161.715633,10.8486,10.84,10.84,10.84,10.84,2026-07-31 16:27:00,31
940.0,10.8317,10.84,10.83,10.84,10.83,2026-07-31 16:28:00,23
633.0,10.8303,10.83,10.83,10.83,10.83,2026-07-31 16:30:00,22
3572.0,10.8228,10.83,10.82,10.83,10.82,2026-07-31 16:31:00,46
1274.0,10.8258,10.82,10.825,10.825,10.82,2026-07-31 16:32:00,38
974.0,10.83,10.83,10.83,10.83,10.83,2026-07-31 16:33:00,25
3051.0,10.812,10.82,10.82,10.82,10.8,2026-07-31 16:34:00,41
4121.0,10.8197,10.81,10.8,10.84,10.8,2026-07-31 16:35:00,57
4348.0,10.8038,10.8,10.805,10.805,10.8,2026-07-31 16:36:00,26
1062.0,10.7986,10.8,10.8,10.8,10.77,2026-07-31 16:37:00,18
1098.0,10.8,10.8,10.8,10.8,10.8,2026-07-31 16:39:00,13
2999.0,10.788,10.83,10.77,10.83,10.76,2026-07-31 16:41:00,87
795.0,10.7435,10.74,10.74,10.74,10.74,2026-07-31 16:42:00,40
576.0,10.7605,10.74,10.74,10.74,10.74,2026-07-31 16:43:00,20
1821.0,10.7174,10.74,10.7,10.74,10.7,2026-07-31 16:44:00,65
3537.0,10.715,10.71,10.72,10.72,10.7,2026-07-31 16:45:00,78
3526.0,10.72,10.735,10.72,10.735,10.71,2026-07-31 16:46:00,67
2220.0,10.7507,10.75,10.75,10.755,10.75,2026-07-31 16:47:00,48
314.0,10.735,10.72,10.72,10.72,10.72,2026-07-31 16:48:00,26
2201.640584,10.7637,10.76,10.765,10.775,10.76,2026-07-31 16:49:00,59
598.319233,10.7851,10.78,10.779,10.78,10.779,2026-07-31 16:50:00,26
3502.0,10.791,10.78,10.79,10.8,10.78,2026-07-31 16:51:00,49
836.0,10.7844,10.78,10.78,10.78,10.78,2026-07-31 16:52:00,29
415.0,10.7683,10.77,10.77,10.77,10.77,2026-07-31 16:53:00,29
1217.389074,10.7634,10.76,10.77,10.77,10.75,2026-07-31 16:54:00,45
248.928,10.8003,10.76,10.76,10.76,10.76,2026-07-31 16:55:00,17
3942.408207,10.7855,10.77,10.805,10.805,10.77,2026-07-31 16:56:00,66
926.0,10.7847,10.79,10.78,10.79,10.78,2026-07-31 16:57:00,20
958.0,10.7758,10.775,10.775,10.775,10.775,2026-07-31 16:58:00,26
1403.0,10.7664,10.78,10.75,10.78,10.75,2026-07-31 16:59:00,32
2049.0,10.7515,10.74,10.76,10.77,10.74,2026-07-31 17:00:00,47
456.0,10.7645,10.77,10.76,10.77,10.76,2026-07-31 17:01:00,17
1271.0,10.7543,10.76,10.74,10.76,10.74,2026-07-31 17:03:00,30
1708.0,10.7311,10.74,10.71,10.74,10.71,2026-07-31 17:06:00,44
1037.0,10.6992,10.7,10.7,10.7,10.7,2026-07-31 17:07:00,33
5862.466635,10.6908,10.68,10.71,10.715,10.67,2026-07-31 17:08:00,82
859.0,10.7109,10.705,10.71,10.71,10.705,2026-07-31 17:09:00,28
373.09337,10.7128,10.71,10.71,10.71,10.71,2026-07-31 17:10:00,21
364.0,10.71,10.71,10.71,10.71,10.71,2026-07-31 17:11:00,13
3932.0,10.7139,10.715,10.71,10.715,10.71,2026-07-31 17:12:00,38
843.0,10.7099,10.71,10.71,10.71,10.71,2026-07-31 17:13:00,22
1769.0,10.7044,10.715,10.705,10.715,10.7,2026-07-31 17:15:00,51
1041.0,10.71,10.71,10.72,10.72,10.71,2026-07-31 17:18:00,32
3425.0,10.7085,10.71,10.725,10.725,10.7,2026-07-31 17:19:00,47
515.0,10.7184,10.72,10.72,10.72,10.72,2026-07-31 17:20:00,20
4362.093248,10.7257,10.715,10.74,10.74,10.715,2026-07-31 17:21:00,73
3389.0,10.7049,10.71,10.71,10.72,10.7,2026-07-31 17:22:00,55
843.0,10.72,10.71,10.73,10.73,10.71,2026-07-31 17:23:00,20
1360.0,10.7584,10.76,10.76,10.76,10.76,2026-07-31 17:24:00,30
173.0,10.7856,10.79,10.79,10.79,10.79,2026-07-31 17:25:00,12
2100.0,10.7668,10.77,10.765,10.77,10.765,2026-07-31 17:26:00,55
273.0,10.765,10.77,10.77,10.77,10.77,2026-07-31 17:28:00,6
3301.1,10.7807,10.78,10.77,10.795,10.77,2026-07-31 17:29:00,47
1685.0,10.7662,10.77,10.76,10.77,10.76,2026-07-31 17:30:00,37
397.0,10.7676,10.769,10.769,10.769,10.769,2026-07-31 17:31:00,10
2702.0,10.7748,10.76,10.79,10.79,10.76,2026-07-31 17:32:00,44
1914.6385,10.7927,10.79,10.8,10.8,10.78,2026-07-31 17:34:00,42
109.0,10.7908,10.79,10.79,10.79,10.79,2026-07-31 17:36:00,4
4348.0,10.8239,10.82,10.835,10.845,10.82,2026-07-31 17:37:00,69
1299.0,10.8323,10.835,10.835,10.835,10.83,2026-07-31 17:39:00,21
1369.0,10.8102,10.81,10.81,10.81,10.81,2026-07-31 17:41:00,23
1630.0,10.8102,10.81,10.81,10.81,10.81,2026-07-31 17:42:00,33
1920.660133,10.827,10.82,10.85,10.85,10.82,2026-07-31 17:43:00,26
1908.0,10.8436,10.84,10.845,10.845,10.84,2026-07-31 17:44:00,48
194.0,10.8352,10.835,10.835,10.835,10.835,2026-07-31 17:45:00,6
2268.0,10.8346,10.84,10.84,10.84,10.83,2026-07-31 17:46:00,37
340.0,10.8376,10.85,10.85,10.85,10.85,2026-07-31 17:47:00,16
4337.0,10.7979,10.82,10.8,10.82,10.79,2026-07-31 17:48:00,58
456.0,10.7889,10.8,10.8,10.8,10.8,2026-07-31 17:49:00,8
440.0,10.794,10.8,10.78,10.8,10.78,2026-07-31 17:50:00,8
644.923148,10.8166,10.8,10.8,10.8,10.8,2026-07-31 17:51:00,22
2035.0,10.8194,10.82,10.82,10.82,10.82,2026-07-31 17:52:00,34
412.0,10.81,10.81,10.81,10.81,10.81,2026-07-31 17:53:00,14
675.0,10.8152,10.8,10.83,10.83,10.8,2026-07-31 17:54:00,11
3398.435,10.8588,10.84,10.875,10.875,10.84,2026-07-31 17:55:00,54
347.719023,10.8738,10.86,10.86,10.86,10.86,2026-07-31 17:57:00,17
594.997788,10.8613,10.84,10.83,10.865,10.83,2026-07-31 17:58:00,21
1327.610419,10.8436,10.83,10.84,10.84,10.83,2026-07-31 17:59:00,36
405.612546,10.8349,10.81,10.82,10.82,10.81,2026-07-31 18:00:00,16
376.0,10.8169,10.82,10.82,10.82,10.82,2026-07-31 18:01:00,12
531.0,10.8154,10.81,10.83,10.83,10.81,2026-07-31 18:03:00,12
1574.0,10.8166,10.82,10.8,10.82,10.8,2026-07-31 18:04:00,20
2296.45872,10.779,10.8,10.765,10.8,10.75,2026-07-31 18:05:00,59
4407.0,10.7787,10.77,10.7702,10.795,10.77,2026-07-31 18:06:00,50
443.0,10.7746,10.78,10.78,10.78,10.78,2026-07-31 18:07:00,15
4384.0,10.7733,10.77,10.78,10.795,10.77,2026-07-31 18:09:00,74
747.0,10.7719,10.77,10.77,10.77,10.77,2026-07-31 18:10:00,17
1842.0,10.7521,10.76,10.735,10.76,10.735,2026-07-31 18:11:00,58
1296.0,10.7182,10.73,10.71,10.73,10.71,2026-07-31 18:13:00,34
1983.0,10.7157,10.71,10.73,10.73,10.71,2026-07-31 18:14:00,42
673.0,10.7253,10.725,10.725,10.725,10.725,2026-07-31 18:15:00,31
2771.0,10.7456,10.74,10.77,10.77,10.74,2026-07-31 18:17:00,54
252.0,10.7606,10.76,10.76,10.76,10.76,2026-07-31 18:18:00,28
2808.0,10.7788,10.76,10.785,10.785,10.76,2026-07-31 18:19:00,52
474.0,10.7774,10.79,10.79,10.79,10.79,2026-07-31 18:20:00,16
533.0,10.7809,10.79,10.77,10.79,10.77,2026-07-31 18:21:00,14
1869.42486,10.78,10.78,10.77,10.78,10.77,2026-07-31 18:22:00,23
248.0,10.7611,10.76,10.76,10.76,10.76,2026-07-31 18:23:00,13
1680.0,10.7579,10.76,10.75,10.76,10.75,2026-07-31 18:24:00,31
1675.0,10.7492,10.755,10.74,10.755,10.74,2026-07-31 18:25:00,14
646.0,10.7257,10.74,10.7,10.74,10.7,2026-07-31 18:26:00,12
377.0,10.7248,10.71,10.73,10.73,10.71,2026-07-31 18:27:00,9
1393.0,10.7236,10.725,10.725,10.725,10.725,2026-07-31 18:28:00,30
445.0,10.7359,10.725,10.725,10.725,10.725,2026-07-31 18:30:00,15
757.0,10.7441,10.74,10.75,10.75,10.74,2026-07-31 18:31:00,17
1553.0,10.713,10.7005,10.7005,10.7005,10.7005,2026-07-31 18:33:00,17
5332.0,10.6956,10.71,10.685,10.71,10.67,2026-07-31 18:34:00,90
398.0,10.6762,10.68,10.67,10.68,10.67,2026-07-31 18:36:00,33
448.0,10.6786,10.68,10.67,10.68,10.67,2026-07-31 18:37:00,36
2865.0,10.6945,10.68,10.71,10.71,10.68,2026-07-31 18:38:00,51
548.434883,10.7042,10.695,10.695,10.695,10.695,2026-07-31 18:39:00,34
1422.0,10.6912,10.695,10.69,10.695,10.68,2026-07-31 18:40:00,42
489.0,10.6859,10.69,10.68,10.69,10.68,2026-07-31 18:41:00,20
3860.0,10.6995,10.69,10.71,10.71,10.69,2026-07-31 18:42:00,68
682.0,10.7083,10.71,10.71,10.72,10.71,2026-07-31 18:44:00,25
5216.417,10.7367,10.73,10.73,10.755,10.7244,2026-07-31 18:45:00,108
5252.0,10.6747,10.72,10.66,10.72,10.66,2026-07-31 18:46:00,75
1407.0,10.6384,10.64,10.645,10.645,10.635,2026-07-31 18:47:00,46
3477.937444,10.6569,10.65,10.67,10.67,10.65,2026-07-31 18:48:00,48
3128.30911,10.6688,10.67,10.6601,10.685,10.6601,2026-07-31 18:49:00,32
220.0,10.6823,10.68,10.68,10.68,10.68,2026-07-31 18:50:00,16
676.0,10.6936,10.6999,10.6999,10.6999,10.6999,2026-07-31 18:51:00,20
2726.0,10.7017,10.69,10.7269,10.7269,10.69,2026-07-31 18:52:00,47
396.0,10.7223,10.71,10.73,10.73,10.71,2026-07-31 18:54:00,13
2146.0,10.7063,10.71,10.7,10.729,10.7,2026-07-31 18:55:00,53
650.0,10.6838,10.69,10.68,10.69,10.68,2026-07-31 18:56:00,28
3918.0,10.661,10.66,10.68,10.68,10.66,2026-07-31 18:57:00,66
894.0,10.668,10.66,10.67,10.67,10.66,2026-07-31 18:58:00,32
1882.0,10.6741,10.67,10.68,10.685,10.67,2026-07-31 18:59:00,32
1169.0,10.6799,10.68,10.68,10.68,10.68,2026-07-31 19:00:00,31
2335.0,10.6719,10.68,10.66,10.68,10.66,2026-07-31 19:01:00,57
266.0,10.6608,10.66,10.66,10.66,10.66,2026-07-31 19:02:00,20
446.093755,10.66,10.66,10.66,10.66,10.66,2026-07-31 19:03:00,17
1428.0,10.6498,10.65,10.64,10.66,10.64,2026-07-31 19:04:00,30
816.09402,10.635,10.63,10.63,10.63,10.63,2026-07-31 19:05:00,29
672.0,10.6296,10.63,10.63,10.63,10.63,2026-07-31 19:06:00,32
4284.0,10.6376,10.63,10.65,10.65,10.62,2026-07-31 19:07:00,53
837.0,10.6594,10.65,10.6407,10.6699,10.6407,2026-07-31 19:08:00,19
1862.0,10.6641,10.67,10.655,10.67,10.65,2026-07-31 19:09:00,44
945.0,10.6495,10.65,10.64,10.65,10.64,2026-07-31 19:10:00,22
3452.0,10.6507,10.66,10.64,10.66,10.64,2026-07-31 19:11:00,34
2811.953015,10.6537,10.65,10.66,10.66,10.64,2026-07-31 19:12:00,49
433.0,10.6485,10.645,10.645,10.645,10.645,2026-07-31 19:13:00,28
449.0,10.6554,10.66,10.66,10.66,10.66,2026-07-31 19:14:00,22
2517.0,10.6447,10.66,10.64,10.66,10.64,2026-07-31 19:15:00,40
1205.0,10.6307,10.63,10.63,10.63,10.63,2026-07-31 19:16:00,21
2388.328882,10.6419,10.63,10.64,10.64,10.63,2026-07-31 19:17:00,50
7572.295438,10.6702,10.655,10.68,10.68,10.655,2026-07-31 19:18:00,44
937.0,10.6831,10.68,10.685,10.685,10.68,2026-07-31 19:19:00,14
3771.0,10.6759,10.685,10.665,10.685,10.665,2026-07-31 19:20:00,56
1674.0,10.6816,10.68,10.68,10.68,10.68,2026-07-31 19:21:00,28
296.0,10.6903,10.69,10.69,10.69,10.69,2026-07-31 19:22:00,11
1321.0,10.6884,10.69,10.68,10.69,10.68,2026-07-31 19:23:00,34
1570.0,10.6674,10.68,10.66,10.68,10.66,2026-07-31 19:24:00,50
4245.0,10.6424,10.65,10.64,10.655,10.63,2026-07-31 19:25:00,55
490.0,10.6588,10.66,10.66,10.66,10.66,2026-07-31 19:27:00,26
3608.0,10.6672,10.66,10.67,10.67,10.66,2026-07-31 19:28:00,64
2854.0,10.6592,10.665,10.65,10.665,10.65,2026-07-31 19:29:00,72
4717.0,10.6269,10.655,10.61,10.655,10.61,2026-07-31 19:30:00,73
2638.0,10.6184,10.62,10.615,10.625,10.61,2026-07-31 19:31:00,44
1680.2822,10.6174,10.615,10.615,10.615,10.615,2026-07-31 19:32:00,34
270.0,10.6171,10.615,10.615,10.615,10.615,2026-07-31 19:33:00,13
4098.0,10.6325,10.615,10.635,10.64,10.615,2026-07-31 19:34:00,52
1617.0,10.6207,10.63,10.61,10.63,10.61,2026-07-31 19:35:00,44
3485.0,10.6165,10.61,10.62,10.62,10.61,2026-07-31 19:36:00,54
762.0,10.6146,10.615,10.615,10.615,10.615,2026-07-31 19:37:00,10
4938.0,10.6056,10.61,10.61,10.61,10.6,2026-07-31 19:38:00,103
1073.0,10.61,10.6,10.61,10.62,10.6,2026-07-31 19:39:00,18
9980.014124,10.6177,10.61,10.62,10.635,10.61,2026-07-31 19:40:00,137
4240.49717,10.6191,10.61,10.62,10.625,10.61,2026-07-31 19:41:00,78
5736.0,10.6023,10.61,10.6,10.61,10.595,2026-07-31 19:42:00,54
2512.0,10.622,10.61,10.63,10.64,10.61,2026-07-31 19:43:00,45
1171.0,10.6281,10.625,10.62,10.64,10.62,2026-07-31 19:44:00,25
3058.0,10.6214,10.62,10.62,10.62,10.62,2026-07-31 19:45:00,48
3140.037,10.6126,10.61,10.61,10.62,10.61,2026-07-31 19:46:00,48
975.544,10.6132,10.61,10.6002,10.61,10.6002,2026-07-31 19:47:00,31
4330.0,10.5975,10.6,10.58,10.61,10.58,2026-07-31 19:48:00,74
3363.1488,10.5821,10.58,10.582,10.585,10.57,2026-07-31 19:49:00,32
8429.094179,10.5991,10.59,10.61,10.61,10.59,2026-07-31 19:50:00,130
5715.0,10.6078,10.61,10.61,10.62,10.6,2026-07-31 19:51:00,107
8578.0,10.6018,10.61,10.595,10.61,10.58,2026-07-31 19:52:00,86
11639.0,10.597,10.595,10.62,10.62,10.585,2026-07-31 19:53:00,131
14433.0,10.6313,10.61,10.65,10.65,10.61,2026-07-31 19:54:00,115
7785.0,10.6278,10.65,10.615,10.65,10.615,2026-07-31 19:55:00,95
18483.0,10.6535,10.615,10.68,10.68,10.615,2026-07-31 19:56:00,230
12105.968105,10.6499,10.66,10.64,10.67,10.62,2026-07-31 19:57:00,154
30641.0,10.6493,10.645,10.66,10.66,10.635,2026-07-31 19:58:00,334
40667.289473,10.6391,10.65,10.63,10.67,10.6,2026-07-31 19:59:00,422
20750.560322,10.6403,10.64,10.64,10.64,10.64,2026-07-31 20:00:00,10
100.0,10.64,10.64,10.64,10.64,10.64,2026-07-31 20:14:00,1
1050.0,10.85,10.85,10.85,10.85,10.85,2026-07-31 20:18:00,2
300.0,10.6759,10.6759,10.6759,10.6759,10.6759,2026-07-31 21:36:00,1
9101.0,10.8373,10.84,10.84,10.84,10.84,2026-07-31 23:38:00,20
9295.0,10.6209,10.63,10.62,10.63,10.62,2026-07-31 23:39:00,20
9098.0,10.702,10.7,10.85,10.85,10.7,2026-07-31 23:43:00,10
700.0,10.9265,10.9319,10.9319,10.9319,10.9319,2026-07-31 23:59:00,3
200.0,10.7496,10.75,10.75,10.75,10.75,2026-08-03 11:05:00,8
700.0,10.706,10.706,10.706,10.706,10.706,2026-08-03 11:24:00,1
350.228933,10.6164,10.6217,10.6217,10.6217,10.6217,2026-08-03 11:56:00,9
907.0,10.6141,10.6141,10.6141,10.6141,10.6141,2026-08-03 12:29:00,1
260.0,10.5916,10.61,10.58,10.61,10.58,2026-08-03 12:44:00,3
300.0,10.6933,10.68,10.7,10.7,10.68,2026-08-03 12:47:00,3
100.0,10.57,10.57,10.57,10.57,10.57,2026-08-03 13:08:00,1
126.0,10.57,10.57,10.57,10.57,10.57,2026-08-03 13:29:00,2
24006.416006,10.5285,10.6,10.31,10.6,10.2,2026-08-03 13:30:00,360
6706.0,10.2346,10.22,10.19,10.3,10.19,2026-08-03 13:31:00,162
1023.707127,10.248,10.2,10.2891,10.2891,10.2,2026-08-03 13:32:00,35
564.71,10.3138,10.29,10.302,10.302,10.29,2026-08-03 13:33:00,15
867.988617,10.3464,10.23,10.335,10.3985,10.23,2026-08-03 13:34:00,14
2013.195916,10.3565,10.335,10.38,10.4,10.33,2026-08-03 13:35:00,44
2104.0,10.4162,10.39,10.47,10.522,10.365,2026-08-03 13:36:00,41
3064.1463,10.4987,10.51,10.41,10.57,10.41,2026-08-03 13:37:00,45
576.77554,10.4344,10.472,10.472,10.472,10.472,2026-08-03 13:38:00,24
1684.0,10.363,10.37,10.41,10.41,10.34,2026-08-03 13:39:00,50
411.0,10.3873,10.385,10.38,10.385,10.38,2026-08-03 13:40:00,5
720.0,10.4206,10.39,10.4,10.45,10.39,2026-08-03 13:41:00,10
5686.0,10.3837,10.39,10.38,10.39,10.37,2026-08-03 13:43:00,44
531.934947,10.4626,10.45,10.43,10.45,10.43,2026-08-03 13:44:00,13
389.09514,10.4779,10.465,10.465,10.465,10.465,2026-08-03 13:45:00,12
1443.0,10.5031,10.5299,10.42,10.5299,10.42,2026-08-03 13:46:00,17
6830.476549,10.4163,10.4,10.39,10.42,10.39,2026-08-03 13:47:00,24
987.665983,10.4418,10.44,10.41,10.45,10.41,2026-08-03 13:48:00,17
563.486089,10.458,10.44,10.44,10.44,10.44,2026-08-03 13:49:00,12
752.0,10.4717,10.4848,10.455,10.4848,10.455,2026-08-03 13:50:00,15
630.0,10.4763,10.49,10.46,10.5,10.46,2026-08-03 13:51:00,19
1734.907486,10.4854,10.47,10.47,10.5,10.47,2026-08-03 13:52:00,35
920.0,10.4604,10.46,10.47,10.47,10.445,2026-08-03 13:53:00,25
4089.7209,10.5409,10.505,10.62,10.62,10.5,2026-08-03 13:54:00,48
9193.63898,10.6971,10.7,10.685,10.74,10.64,2026-08-03 13:55:00,92
6619.0,10.7037,10.745,10.64,10.79,10.58,2026-08-03 13:56:00,190
572.0,10.6353,10.635,10.635,10.635,10.635,2026-08-03 13:57:00,5
380.0,10.6416,10.64,10.62,10.67,10.62,2026-08-03 13:58:00,5
535.0,10.6476,10.61,10.685,10.685,10.6,2026-08-03 13:59:00,8
314.879106,10.6333,10.6,10.6,10.6,10.6,2026-08-03 14:00:00,4
12037.0,10.6256,10.6,10.621,10.66,10.54,2026-08-03 14:01:00,44
726.0,10.6377,10.6372,10.64,10.65,10.6372,2026-08-03 14:02:00,11
789.0,10.6668,10.66,10.63,10.7,10.63,2026-08-03 14:03:00,17
1201.0,10.6153,10.615,10.615,10.615,10.615,2026-08-03 14:04:00,7
632.647058,10.6418,10.57,10.7,10.7,10.57,2026-08-03 14:05:00,19
713.423838,10.6827,10.66,10.6882,10.69,10.66,2026-08-03 14:06:00,12
2056.802044,10.5944,10.62,10.52,10.63,10.52,2026-08-03 14:07:00,52
265.0,10.5096,10.495,10.52,10.52,10.495,2026-08-03 14:08:00,10
264.498931,10.5517,10.5327,10.5327,10.5327,10.5327,2026-08-03 14:09:00,10
8993.0,10.5372,10.57,10.48,10.57,10.48,2026-08-03 14:10:00,57
503.0,10.5308,10.52,10.5907,10.5907,10.52,2026-08-03 14:11:00,8
521.854224,10.6017,10.54,10.6,10.6,10.54,2026-08-03 14:12:00,21
1036.404418,10.6193,10.625,10.6,10.625,10.6,2026-08-03 14:14:00,28
351.185502,10.6077,10.59,10.59,10.59,10.59,2026-08-03 14:15:00,10
1482.0,10.5994,10.63,10.605,10.63,10.5655,2026-08-03 14:16:00,12
426.0,10.6695,10.65,10.68,10.69,10.65,2026-08-03 14:17:00,15
10322.0,10.7036,10.7199,10.67,10.74,10.67,2026-08-03 14:18:00,29
472.0,10.6972,10.7,10.695,10.7,10.695,2026-08-03 14:19:00,10
7004.574458,10.6498,10.6501,10.65,10.6501,10.62,2026-08-03 14:21:00,33
6396.0,10.6863,10.65,10.71,10.74,10.64,2026-08-03 14:22:00,47
1940.346634,10.7,10.71,10.68,10.71,10.68,2026-08-03 14:23:00,43
298.0,10.7007,10.7,10.7,10.7,10.7,2026-08-03 14:24:00,5
1227.116,10.7019,10.7,10.69,10.71,10.69,2026-08-03 14:25:00,12
2391.0,10.6859,10.695,10.65,10.7,10.65,2026-08-03 14:28:00,37
145.0,10.6822,10.68,10.68,10.68,10.68,2026-08-03 14:29:00,6
204.326094,10.7626,10.7527,10.7527,10.7527,10.7527,2026-08-03 14:30:00,9
900.51748,10.7363,10.7389,10.66,10.7389,10.66,2026-08-03 14:31:00,3
7742.0,10.6981,10.73,10.65,10.73,10.65,2026-08-03 14:34:00,29
8799.0,10.7493,10.7265,10.75,10.78,10.705,2026-08-03 14:35:00,77
3232.0,10.7917,10.785,10.805,10.82,10.76,2026-08-03 14:36:00,48
4784.0,10.8028,10.86,10.8,10.86,10.79,2026-08-03 14:37:00,21
1699.0,10.7874,10.8,10.78,10.8,10.78,2026-08-03 14:38:00,34
2338.55652,10.7925,10.79,10.79,10.79,10.79,2026-08-03 14:39:00,11
4911.630686,10.7946,10.8114,10.75,10.817,10.75,2026-08-03 14:40:00,62
234.0,10.7473,10.76,10.73,10.76,10.73,2026-08-03 14:41:00,11
633.0,10.7898,10.79,10.79,10.79,10.79,2026-08-03 14:44:00,7
306.063796,10.8048,10.795,10.795,10.795,10.795,2026-08-03 14:45:00,13
856.0,10.8127,10.82,10.82,10.82,10.81,2026-08-03 14:46:00,11
544.0,10.8252,10.82,10.82,10.82,10.82,2026-08-03 14:47:00,18
2949.0,10.8372,10.865,10.84,10.865,10.82,2026-08-03 14:48:00,48
41407.2091,10.8133,10.81,10.84,10.9,10.75,2026-08-03 14:49:00,782
939.0,10.8739,10.85,10.91,10.91,10.85,2026-08-03 14:50:00,25
1500.0,10.9213,10.92,10.91,10.94,10.91,2026-08-03 14:51:00,46
980.13242,10.9456,10.925,10.96,10.96,10.925,2026-08-03 14:52:00,26
4807.0,10.9643,10.96,10.99,10.99,10.9,2026-08-03 14:53:00,21
828.0,11.0007,11.0,11.01,11.01,11.0,2026-08-03 14:55:00,27
4619.0,11.0049,10.985,10.96,11.01,10.96,2026-08-03 14:56:00,10
391.0,10.9973,10.985,11.01,11.01,10.985,2026-08-03 14:57:00,9
1992.0,11.0009,11.01,10.975,11.01,10.975,2026-08-03 14:58:00,23
866.526482,10.9992,10.99,10.98,10.99,10.98,2026-08-03 14:59:00,22
2338.346914,10.9869,11.0,10.95,11.0,10.95,2026-08-03 15:00:00,51
163.0,10.9577,10.95,10.95,10.95,10.95,2026-08-03 15:01:00,3
124.0,10.97,10.97,10.97,10.97,10.97,2026-08-03 15:03:00,7
1368.0,10.9642,10.97,10.9616,10.97,10.9616,2026-08-03 15:04:00,7
297.0,10.9889,11.0,11.0,11.0,11.0,2026-08-03 15:05:00,5
1259.0,10.9441,10.9446,10.955,10.955,10.94,2026-08-03 15:06:00,25
300.0,10.9717,10.955,10.98,10.98,10.955,2026-08-03 15:07:00,4
1195.861061,10.9479,10.94,10.92,10.94,10.92,2026-08-03 15:08:00,29
726.0,10.9258,10.92,10.92,10.92,10.92,2026-08-03 15:09:00,18
4687.987202,10.9354,10.91,10.94,10.94,10.9,2026-08-03 15:10:00,31
801.0,10.8953,10.89,10.88,10.9,10.88,2026-08-03 15:11:00,22
3361.0,10.8786,10.88,10.88,10.88,10.86,2026-08-03 15:12:00,36
657.0,10.8907,10.9,10.89,10.9,10.87,2026-08-03 15:13:00,12
678.771453,10.9231,10.9,10.915,10.915,10.9,2026-08-03 15:14:00,10
480.0,10.9065,10.9,10.92,10.92,10.9,2026-08-03 15:15:00,13
721.0,10.9365,10.92,10.9,10.95,10.9,2026-08-03 15:16:00,8
176.0,10.9342,10.93,10.93,10.93,10.93,2026-08-03 15:17:00,6
427.0,10.9552,10.95,10.965,10.965,10.95,2026-08-03 15:18:00,13
2286.0,10.9338,10.96,10.915,10.96,10.88,2026-08-03 15:19:00,48
276.0,10.9199,10.915,10.915,10.915,10.915,2026-08-03 15:20:00,4
275.0,10.9362,10.94,10.94,10.94,10.94,2026-08-03 15:21:00,7
815.0,10.9069,10.9,10.8901,10.9,10.8901,2026-08-03 15:22:00,22
356.468888,10.9151,10.895,10.895,10.895,10.895,2026-08-03 15:24:00,13
1780.055707,10.8435,10.87,10.8,10.87,10.8,2026-08-03 15:25:00,46
376.0,10.8263,10.835,10.835,10.835,10.835,2026-08-03 15:26:00,12
4121.466324,10.7962,10.8,10.75,10.81,10.75,2026-08-03 15:28:00,102
1874.0,10.7626,10.75,10.77,10.77,10.75,2026-08-03 15:29:00,45
690.0,10.78,10.765,10.77,10.81,10.765,2026-08-03 15:30:00,15
249.0,10.8289,10.8341,10.8341,10.8341,10.8341,2026-08-03 15:32:00,6
474.0,10.804,10.81,10.78,10.81,10.78,2026-08-03 15:33:00,7
1136.0,10.8282,10.83,10.81,10.83,10.81,2026-08-03 15:36:00,5
533.278871,10.8262,10.82,10.81,10.82,10.81,2026-08-03 15:37:00,13
109.609824,10.8819,10.82,10.82,10.82,10.82,2026-08-03 15:38:00,5
339.0,10.8427,10.85,10.84,10.85,10.84,2026-08-03 15:39:00,8
1037.0,10.8422,10.83,10.82,10.8662,10.82,2026-08-03 15:40:00,12
614.326094,10.8467,10.8664,10.8252,10.8664,10.8252,2026-08-03 15:41:00,11
271.0,10.8383,10.855,10.855,10.855,10.855,2026-08-03 15:42:00,5
2335.465,10.8619,10.84,10.88,10.88,10.84,2026-08-03 15:43:00,22
221.571449,10.8874,10.87,10.87,10.87,10.87,2026-08-03 15:44:00,8
971.899,10.8914,10.88,10.882,10.882,10.865,2026-08-03 15:45:00,16
549.165902,10.9042,10.89,10.9,10.9,10.89,2026-08-03 15:47:00,26
215.0,10.9433,10.95,10.95,10.95,10.95,2026-08-03 15:49:00,7
220.0,10.9332,10.94,10.94,10.94,10.94,2026-08-03 15:50:00,5
1794.0,10.915,10.9,10.92,10.925,10.9,2026-08-03 15:51:00,30
812.0,10.919,10.92,10.91,10.92,10.91,2026-08-03 15:52:00,6
26016.0,10.9974,10.99,10.97,11.02,10.95,2026-08-03 15:55:00,68
1366.0,10.9393,10.94,10.95,10.95,10.91,2026-08-03 15:57:00,24
1268.45768,10.9402,10.93,10.95,10.95,10.92,2026-08-03 15:58:00,23
2011.0,10.9285,10.92,10.91,10.95,10.91,2026-08-03 15:59:00,30
3431.987202,10.9042,10.9,10.92,10.92,10.9,2026-08-03 16:02:00,5
416.0,10.9718,10.97,10.975,10.975,10.97,2026-08-03 16:03:00,14
387.0,10.9617,10.99,10.93,10.99,10.93,2026-08-03 16:04:00,11
306.0,10.9399,10.93,10.93,10.93,10.93,2026-08-03 16:05:00,5
500.0,10.965,10.965,10.965,10.965,10.965,2026-08-03 16:06:00,1
182.0,10.9708,10.965,10.965,10.965,10.965,2026-08-03 16:07:00,5
1557.0,10.9076,10.92,10.9,10.92,10.9,2026-08-03 16:09:00,28
142.0,10.897,10.9,10.9,10.9,10.9,2026-08-03 16:11:00,4
1240.0,10.8994,10.9,10.89,10.9,10.89,2026-08-03 16:18:00,4
510.0,10.9289,10.9288,10.9288,10.9288,10.9288,2026-08-03 16:20:00,2
170.0,10.9518,10.98,10.98,10.98,10.98,2026-08-03 16:21:00,2
317.0,10.9666,10.97,10.97,10.97,10.97,2026-08-03 16:22:00,8
418.0,10.9407,10.935,10.95,10.95,10.93,2026-08-03 16:23:00,8
1201.0,10.9258,10.922,10.922,10.922,10.922,2026-08-03 16:25:00,4
327.0,10.9515,10.95,10.95,10.95,10.95,2026-08-03 16:26:00,7
401.776982,10.9749,10.93,10.97,10.97,10.93,2026-08-03 16:27:00,7
289.0,10.9432,10.945,10.945,10.945,10.945,2026-08-03 16:28:00,6
278.0,10.9505,10.96,10.96,10.96,10.96,2026-08-03 16:29:00,6
381.0,10.9311,10.9236,10.9236,10.9236,10.9236,2026-08-03 16:30:00,6
592.0,10.9661,10.97,10.97,10.97,10.97,2026-08-03 16:31:00,4
333.0,10.9221,10.92,10.92,10.92,10.92,2026-08-03 16:32:00,9
634.0,10.9376,10.94,10.94,10.94,10.93,2026-08-03 16:33:00,13
1809.0,10.932,10.94,10.93,10.94,10.93,2026-08-03 16:35:00,37
3691.65965,10.9554,10.94,10.94,10.96,10.93,2026-08-03 16:36:00,49
1506.0,10.9437,10.95,10.94,10.95,10.94,2026-08-03 16:37:00,23
1748.651,10.9236,10.92,10.91,10.94,10.91,2026-08-03 16:38:00,31
968.0,10.8817,10.88,10.86,10.88,10.86,2026-08-03 16:39:00,19
213.0,10.8659,10.87,10.86,10.87,10.86,2026-08-03 16:41:00,4
930.0,10.8509,10.85,10.845,10.85,10.845,2026-08-03 16:42:00,17
217.0,10.8674,10.87,10.87,10.87,10.87,2026-08-03 16:44:00,6
5624.0,10.8992,10.9,10.9,10.9,10.88,2026-08-03 16:45:00,15
441.0,10.908,10.9,10.88,10.93,10.88,2026-08-03 16:46:00,14
927.0,10.8971,10.895,10.895,10.895,10.895,2026-08-03 16:47:00,11
118.580969,10.9836,10.93,10.93,10.93,10.93,2026-08-03 16:48:00,6
340.0,10.9531,10.95,10.95,10.95,10.95,2026-08-03 16:49:00,16
260.0,10.9481,10.95,10.95,10.95,10.95,2026-08-03 16:50:00,6
2023.0,10.9006,10.91,10.89,10.91,10.89,2026-08-03 16:52:00,40
442.0,10.9093,10.91,10.91,10.91,10.91,2026-08-03 16:53:00,10
6902.0,10.8677,10.87,10.895,10.895,10.86,2026-08-03 16:57:00,82
400.0,10.8601,10.86,10.86,10.86,10.86,2026-08-03 16:59:00,7
3207.0,10.8238,10.8615,10.8,10.865,10.7924,2026-08-03 17:00:00,60
14338.0,10.7159,10.79,10.7,10.79,10.67,2026-08-03 17:01:00,183
11048.0,10.772,10.73,10.72,10.8,10.72,2026-08-03 17:02:00,116
1074.0,10.7361,10.74,10.75,10.75,10.7,2026-08-03 17:04:00,9
2438.0,10.6997,10.7375,10.705,10.7375,10.67,2026-08-03 17:05:00,29
1566.230993,10.7704,10.79,10.8,10.8,10.745,2026-08-03 17:10:00,27
414.0,10.7679,10.76,10.76,10.79,10.76,2026-08-03 17:11:00,9
349.0,10.7835,10.77,10.805,10.805,10.77,2026-08-03 17:14:00,16
6515.0,10.7481,10.77,10.73,10.77,10.72,2026-08-03 17:16:00,63
626.0,10.7595,10.75,10.775,10.775,10.75,2026-08-03 17:17:00,9
508.0,10.7562,10.75,10.75,10.76,10.75,2026-08-03 17:18:00,9
1197.0,10.7482,10.75,10.73,10.75,10.73,2026-08-03 17:19:00,12
100.0,10.73,10.73,10.73,10.73,10.73,2026-08-03 17:20:00,1
2164.0,10.733,10.73,10.71,10.77,10.71,2026-08-03 17:21:00,38
7041.0,10.729,10.725,10.71,10.77,10.71,2026-08-03 17:22:00,22
402.0,10.7101,10.71,10.71,10.71,10.71,2026-08-03 17:23:00,6
628.0,10.7113,10.71,10.71,10.71,10.71,2026-08-03 17:24:00,10
1337.0,10.7353,10.71,10.775,10.775,10.71,2026-08-03 17:25:00,32
316.0,10.7675,10.785,10.785,10.785,10.785,2026-08-03 17:27:00,9
270.0,10.7648,10.785,10.785,10.785,10.785,2026-08-03 17:29:00,8
246.0,10.7797,10.78,10.78,10.78,10.78,2026-08-03 17:30:00,4
201.0,10.77,10.77,10.77,10.77,10.77,2026-08-03 17:32:00,3
416.0,10.7787,10.81,10.81,10.81,10.81,2026-08-03 17:33:00,13
379.0,10.788,10.81,10.74,10.81,10.74,2026-08-03 17:34:00,7
410.0,10.7848,10.785,10.785,10.785,10.785,2026-08-03 17:35:00,13
153.0,10.7575,10.74,10.74,10.74,10.74,2026-08-03 17:36:00,8
1140.0,10.812,10.8228,10.8228,10.8228,10.8228,2026-08-03 17:40:00,6
145.0,10.8098,10.8,10.8,10.8,10.8,2026-08-03 17:41:00,3
172.462,10.7941,10.74,10.74,10.74,10.74,2026-08-03 17:42:00,5
270.0,10.7978,10.8,10.8,10.8,10.8,2026-08-03 17:44:00,4
557.0,10.8037,10.8,10.805,10.805,10.8,2026-08-03 17:45:00,10
118.0,10.7589,10.75,10.75,10.75,10.75,2026-08-03 17:46:00,4
605.178822,10.8164,10.81,10.81,10.86,10.77,2026-08-03 17:47:00,14
642.1499,10.8026,10.81,10.81,10.81,10.81,2026-08-03 17:48:00,12
790.0,10.8073,10.86,10.81,10.86,10.81,2026-08-03 17:50:00,11
569.0,10.8096,10.81,10.81,10.81,10.81,2026-08-03 17:51:00,11
760.0,10.8006,10.81,10.81,10.81,10.79,2026-08-03 17:52:00,15
432.0,10.809,10.81,10.81,10.81,10.81,2026-08-03 17:53:00,12
547.0,10.801,10.79,10.81,10.81,10.79,2026-08-03 17:54:00,17
722.0,10.8187,10.825,10.81,10.825,10.81,2026-08-03 17:57:00,12
408.0,10.8332,10.86,10.825,10.86,10.825,2026-08-03 17:58:00,14
378.0,10.8157,10.825,10.825,10.825,10.825,2026-08-03 17:59:00,8
710.0,10.835,10.86,10.825,10.86,10.825,2026-08-03 18:00:00,20
194.0,10.8501,10.85,10.85,10.85,10.85,2026-08-03 18:01:00,9
484.0,10.8476,10.84,10.84,10.84,10.84,2026-08-03 18:03:00,24
762.599743,10.8716,10.86,10.88,10.88,10.86,2026-08-03 18:04:00,22
682.0,10.886,10.89,10.875,10.89,10.875,2026-08-03 18:05:00,4
125.711,10.9063,10.84,10.84,10.84,10.84,2026-08-03 18:06:00,20
117.0,10.875,10.875,10.875,10.875,10.875,2026-08-03 18:07:00,13
455.0,10.8675,10.875,10.84,10.875,10.84,2026-08-03 18:08:00,20
521.0,10.8792,10.88,10.86,10.88,10.86,2026-08-03 18:10:00,17
1102.0,10.8785,10.88,10.885,10.885,10.86,2026-08-03 18:11:00,14
1128.0,10.891,10.885,10.9,10.9,10.88,2026-08-03 18:12:00,23
4523.0,10.8543,10.9,10.845,10.9,10.8,2026-08-03 18:13:00,66
485.0,10.8803,10.87,10.89,10.89,10.87,2026-08-03 18:15:00,14
1744.0,10.8661,10.87,10.86,10.89,10.85,2026-08-03 18:16:00,28
769.0,10.8461,10.84,10.84,10.84,10.84,2026-08-03 18:20:00,22
180.0,10.8668,10.87,10.87,10.87,10.87,2026-08-03 18:21:00,5
100.0,10.85,10.85,10.85,10.85,10.85,2026-08-03 18:22:00,1
640.538378,10.8703,10.86,10.86,10.86,10.86,2026-08-03 18:24:00,8
102.0,10.8407,10.84,10.84,10.84,10.84,2026-08-03 18:26:00,3
1848.0,10.8344,10.84,10.84,10.84,10.83,2026-08-03 18:27:00,58
144.0,10.8133,10.81,10.81,10.81,10.81,2026-08-03 18:29:00,7
2534.0,10.7921,10.81,10.79,10.81,10.78,2026-08-03 18:30:00,51
606.0,10.7883,10.79,10.78,10.79,10.78,2026-08-03 18:32:00,6
113.0,10.79,10.79,10.79,10.79,10.79,2026-08-03 18:33:00,2
1088.0,10.7657,10.77,10.76,10.77,10.76,2026-08-03 18:36:00,39
627.0,10.749,10.75,10.74,10.75,10.74,2026-08-03 18:38:00,5
4101.0,10.7289,10.74,10.71,10.7419,10.71,2026-08-03 18:39:00,74
963.0,10.7114,10.72,10.7,10.73,10.7,2026-08-03 18:40:00,18
475.0,10.7161,10.715,10.72,10.72,10.715,2026-08-03 18:41:00,7
100.0,10.72,10.72,10.72,10.72,10.72,2026-08-03 18:42:00,1
3081.0,10.742,10.7399,10.75,10.76,10.72,2026-08-03 18:45:00,48
730.0,10.7259,10.73,10.73,10.73,10.73,2026-08-03 18:46:00,25
500.0,10.741,10.74,10.745,10.745,10.73,2026-08-03 18:47:00,5
781.201473,10.7747,10.77,10.77,10.77,10.77,2026-08-03 18:49:00,14
539.0,10.778,10.8,10.76,10.8,10.76,2026-08-03 18:50:00,10
342.6459,10.794,10.8,10.76,10.8,10.76,2026-08-03 18:51:00,8
1639.092936,10.7712,10.76,10.76,10.79,10.76,2026-08-03 18:52:00,21
637.0,10.7822,10.76,10.76,10.8,10.76,2026-08-03 18:53:00,13
214.0,10.775,10.775,10.775,10.775,10.775,2026-08-03 18:54:00,3
447.0,10.7865,10.775,10.79,10.8,10.775,2026-08-03 18:55:00,7
270.0,10.775,10.775,10.775,10.775,10.775,2026-08-03 18:56:00,3
144.0,10.775,10.775,10.775,10.775,10.775,2026-08-03 18:57:00,4
346.0,10.7927,10.785,10.785,10.785,10.785,2026-08-03 19:00:00,12
4336.433777,10.8033,10.77,10.79,10.81,10.77,2026-08-03 19:01:00,32
7332.0,10.8145,10.8,10.835,10.835,10.8,2026-08-03 19:02:00,47
784.0,10.8261,10.825,10.825,10.85,10.825,2026-08-03 19:03:00,21
2915.0,10.7913,10.8,10.785,10.81,10.78,2026-08-03 19:04:00,54
475.0,10.785,10.785,10.785,10.785,10.785,2026-08-03 19:05:00,6
933.2936,10.7906,10.785,10.785,10.8062,10.785,2026-08-03 19:06:00,12
446.0,10.7872,10.785,10.785,10.785,10.785,2026-08-03 19:07:00,6
436.0,10.7802,10.78,10.78,10.78,10.78,2026-08-03 19:08:00,7
190.0,10.7835,10.785,10.785,10.785,10.785,2026-08-03 19:09:00,4
254.021447,10.8049,10.81,10.81,10.81,10.81,2026-08-03 19:11:00,12
859.00622,10.7927,10.77,10.77,10.77,10.77,2026-08-03 19:12:00,17
1039.0,10.7864,10.785,10.785,10.785,10.785,2026-08-03 19:13:00,26
141.0,10.785,10.785,10.785,10.785,10.785,2026-08-03 19:14:00,3
274.0,10.786,10.785,10.785,10.785,10.785,2026-08-03 19:15:00,6
2324.0,10.7813,10.79,10.78,10.79,10.77,2026-08-03 19:16:00,54
1006.742368,10.7686,10.76,10.7525,10.76,10.7525,2026-08-03 19:17:00,28
592.0,10.7579,10.765,10.765,10.765,10.7503,2026-08-03 19:18:00,6
133.0,10.765,10.765,10.765,10.765,10.765,2026-08-03 19:19:00,4
2278.0,10.76,10.76,10.76,10.76,10.76,2026-08-03 19:20:00,15
571.0,10.776,10.775,10.775,10.775,10.775,2026-08-03 19:22:00,8
61509.0,10.7642,10.75,10.87,10.87,10.75,2026-08-03 19:26:00,73
2132.0,10.8578,10.8999,10.85,10.8999,10.84,2026-08-03 19:27:00,28
1256.0,10.8451,10.87,10.87,10.87,10.87,2026-08-03 19:28:00,19
1674.0,10.8571,10.87,10.87,10.87,10.84,2026-08-03 19:29:00,21
1473.147,10.8632,10.87,10.88,10.88,10.85,2026-08-03 19:30:00,28
1885.0,10.8594,10.87,10.87,10.87,10.84,2026-08-03 19:31:00,29
2672.0,10.8386,10.8417,10.83,10.85,10.82,2026-08-03 19:32:00,57
2296.0,10.8207,10.82,10.81,10.83,10.81,2026-08-03 19:33:00,47
2098.0,10.8052,10.81,10.795,10.83,10.795,2026-08-03 19:35:00,67
660.0,10.7806,10.77,10.785,10.785,10.77,2026-08-03 19:36:00,15
947.768089,10.7846,10.77,10.78,10.78,10.77,2026-08-03 19:37:00,25
1487.0,10.7746,10.77,10.76,10.77,10.76,2026-08-03 19:40:00,63
4500.0,10.7674,10.77,10.76,10.78,10.76,2026-08-03 19:41:00,66
3579.0,10.7539,10.75,10.725,10.76,10.725,2026-08-03 19:42:00,51
2375.0,10.7347,10.74,10.72,10.74,10.72,2026-08-03 19:43:00,66
357.0,10.7407,10.72,10.74,10.74,10.72,2026-08-03 19:44:00,7
1780.0,10.7323,10.725,10.74,10.75,10.725,2026-08-03 19:45:00,23
1696.0,10.7298,10.73,10.72,10.73,10.72,2026-08-03 19:46:00,59
1605.0,10.7119,10.71,10.69,10.71,10.69,2026-08-03 19:47:00,26
2482.916815,10.7149,10.715,10.7,10.72,10.7,2026-08-03 19:48:00,52
2638.0,10.6952,10.69,10.7,10.7,10.69,2026-08-03 19:49:00,67
601.0,10.6972,10.69,10.71,10.71,10.69,2026-08-03 19:50:00,34
557.0,10.7138,10.71,10.715,10.715,10.71,2026-08-03 19:51:00,20
4352.32743,10.705,10.71,10.69,10.71,10.69,2026-08-03 19:52:00,67
1609.182468,10.6894,10.7,10.68,10.7,10.68,2026-08-03 19:53:00,32
3249.0,10.6775,10.685,10.64,10.685,10.64,2026-08-03 19:54:00,61
16612.094571,10.6036,10.65,10.59,10.65,10.54,2026-08-03 19:55:00,155
5734.0,10.589,10.6,10.54,10.6,10.54,2026-08-03 19:56:00,81
7977.0,10.5359,10.57,10.52,10.57,10.51,2026-08-03 19:57:00,125
14318.0,10.5298,10.52,10.54,10.54,10.51,2026-08-03 19:58:00,207
14553.094639,10.5451,10.54,10.55,10.58,10.52,2026-08-03 19:59:00,204
1283.170314,10.5614,10.56,10.56,10.56,10.56,2026-08-03 20:00:00,23
200.0,10.65,10.65,10.65,10.65,10.65,2026-08-03 20:05:00,1
300.0,10.6385,10.6385,10.6385,10.6385,10.6385,2026-08-03 20:06:00,1
500.0,10.6394,10.6394,10.6394,10.6394,10.6394,2026-08-03 20:08:00,1
1200.0,10.65,10.65,10.65,10.65,10.65,2026-08-03 20:11:00,1
100.0,10.55,10.55,10.55,10.55,10.55,2026-08-03 22:45:00,1
300.0,10.55,10.55,10.55,10.55,10.55,2026-08-03 23:20:00,1
728.0,10.6186,10.62,10.62,10.62,10.62,2026-08-04 09:11:00,7
100.0,10.67,10.67,10.67,10.67,10.67,2026-08-04 09:28:00,1
627.0,10.62,10.62,10.62,10.62,10.62,2026-08-04 10:47:00,2
1001.0,10.8759,10.88,10.88,10.88,10.88,2026-08-04 11:13:00,11
1200.0,11.005,10.83,11.04,11.04,10.83,2026-08-04 12:27:00,2
100.0,10.84,10.84,10.84,10.84,10.84,2026-08-04 12:36:00,1
400.0,10.8536,10.85,10.85,10.85,10.85,2026-08-04 12:37:00,7
100.0,10.87,10.87,10.87,10.87,10.87,2026-08-04 12:42:00,1
200.0,10.8705,10.87,10.87,10.87,10.87,2026-08-04 12:49:00,4
279.0,11.0519,11.0815,11.0815,11.0815,11.0815,2026-08-04 13:11:00,2
717.0,10.8508,10.85,10.86,10.86,10.85,2026-08-04 13:14:00,12
793.0,10.9198,10.92,10.92,10.92,10.92,2026-08-04 13:28:00,26
657.0,10.9575,11.04,11.04,11.04,11.04,2026-08-04 13:29:00,38
21762.293734,10.885,10.88,10.97,10.97,10.76,2026-08-04 13:30:00,119
921.0,10.9064,10.92,10.905,10.92,10.905,2026-08-04 13:31:00,6
4981.490085,10.9448,10.905,10.955,10.98,10.905,2026-08-04 13:32:00,26
42573.0,11.0105,11.0,11.075,11.1,10.9461,2026-08-04 13:33:00,163
14136.71861,11.1449,11.11,11.155,11.19,11.11,2026-08-04 13:34:00,121
5030.678571,11.2196,11.248,11.244,11.248,11.1567,2026-08-04 13:35:00,32
3646.135556,11.1998,11.27,11.16,11.27,11.12,2026-08-04 13:36:00,34
3255.029846,11.1527,11.18,11.17,11.19,11.11,2026-08-04 13:37:00,36
1334.178,11.1573,11.15,11.15,11.15,11.14,2026-08-04 13:38:00,20
3612.67047,11.0783,11.1,11.09,11.1,11.03,2026-08-04 13:39:00,77
2950.0,11.0792,11.07,11.06,11.125,11.06,2026-08-04 13:40:00,63
2022.670455,11.0872,11.07,11.08,11.11,11.07,2026-08-04 13:41:00,36
6697.090252,11.0607,11.08,11.04,11.08,11.04,2026-08-04 13:42:00,98
755.302612,10.9878,11.0,11.0,11.0,11.0,2026-08-04 13:43:00,35
877.897342,10.9157,10.91,10.88,10.91,10.88,2026-08-04 13:44:00,24
2043.0,10.9194,10.9,10.93,10.95,10.9,2026-08-04 13:45:00,24
4028.0,10.929,10.935,10.88,10.98,10.88,2026-08-04 13:46:00,23
815.0,10.8171,10.82,10.8,10.82,10.8,2026-08-04 13:47:00,14
418.063003,10.875,10.87,10.87,10.87,10.87,2026-08-04 13:48:00,16
728.457714,10.8597,10.91,10.82,10.91,10.82,2026-08-04 13:49:00,33
2100.063155,10.8692,10.8695,10.8701,10.9,10.86,2026-08-04 13:50:00,29
5841.0,10.9013,10.89,10.86,10.93,10.86,2026-08-04 13:51:00,20
2616.0,10.925,10.935,10.85,10.9899,10.85,2026-08-04 13:52:00,23
1416.0,10.8941,10.92,10.905,10.9714,10.86,2026-08-04 13:54:00,27
1184.0,10.8908,10.905,10.85,10.905,10.85,2026-08-04 13:55:00,14
1808.0,10.8534,10.86,10.85,10.87,10.85,2026-08-04 13:56:00,23
4058.635297,10.9079,10.895,10.8758,10.94,10.87,2026-08-04 13:57:00,23
174.126876,10.9092,10.8799,10.8799,10.8799,10.8799,2026-08-04 13:58:00,3
1036.0,10.9051,10.92,10.88,10.92,10.88,2026-08-04 13:59:00,22
856.0,10.8637,10.895,10.8318,10.895,10.8318,2026-08-04 14:00:00,18
2975.0,10.825,10.82,10.875,10.88,10.8,2026-08-04 14:01:00,33
310.0,10.8752,10.875,10.875,10.875,10.875,2026-08-04 14:02:00,3
5177.0,10.913,10.875,10.94,10.96,10.83,2026-08-04 14:03:00,32
2381.83982,10.9495,10.97,10.94,10.99,10.935,2026-08-04 14:04:00,32
618.05,11.0097,11.0,11.06,11.06,11.0,2026-08-04 14:05:00,19
2306.0,11.0506,10.99,11.0598,11.0598,10.99,2026-08-04 14:06:00,14
777.0,11.0409,11.04,11.06,11.06,11.04,2026-08-04 14:07:00,20
1119.0,10.9779,10.99,10.985,10.99,10.92,2026-08-04 14:09:00,13
1026.0,11.003,10.96,11.045,11.045,10.9566,2026-08-04 14:11:00,26
16999.0,11.0899,11.05,11.035,11.12,11.035,2026-08-04 14:12:00,186
2639.13653,11.0122,11.03,10.97,11.03,10.97,2026-08-04 14:13:00,60
864.034,10.9677,10.96,10.96,10.97,10.96,2026-08-04 14:14:00,34
1919.0,10.9439,10.95,10.94,10.95,10.93,2026-08-04 14:15:00,29
452.760504,10.9635,10.955,10.93,10.955,10.93,2026-08-04 14:16:00,14
2103.666696,10.944,11.0,10.95,11.0,10.86,2026-08-04 14:18:00,33
410.367376,10.924,10.935,10.89,10.935,10.89,2026-08-04 14:19:00,9
651.0,10.9532,10.955,10.96,10.96,10.955,2026-08-04 14:22:00,8
1738.0,10.9189,10.92,10.94,10.94,10.91,2026-08-04 14:24:00,34
1339.0,10.9568,10.99,10.955,10.99,10.955,2026-08-04 14:25:00,18
301.0,10.9435,10.96,10.96,10.96,10.96,2026-08-04 14:26:00,14
285.0,10.9398,10.92,10.92,10.92,10.92,2026-08-04 14:27:00,13
5403.371,11.0018,10.97,11.02,11.02,10.95,2026-08-04 14:28:00,32
467.326,11.0768,11.1,11.045,11.1,11.045,2026-08-04 14:29:00,11
1142.697,11.0236,11.045,11.0019,11.045,11.0,2026-08-04 14:30:00,17
417.0,11.0482,11.04,11.05,11.05,11.04,2026-08-04 14:31:00,7
1135.39411,11.005,11.0,11.0,11.0,10.995,2026-08-04 14:32:00,29
611.0,11.003,11.0,11.0,11.0,10.99,2026-08-04 14:33:00,19
397.0,11.0093,11.0,11.0,11.0,11.0,2026-08-04 14:34:00,10
300.099,11.0199,11.04,11.04,11.04,11.04,2026-08-04 14:35:00,13
250.892,11.0526,11.02,11.0,11.02,11.0,2026-08-04 14:36:00,12
1392.0,11.0335,11.05,11.05,11.05,11.02,2026-08-04 14:37:00,18
1575.0,11.05,11.0101,11.055,11.055,11.0101,2026-08-04 14:38:00,17
1359.0,11.0461,11.02,11.02,11.09,11.01,2026-08-04 14:39:00,16
1991.0,11.0,11.01,10.98,11.01,10.98,2026-08-04 14:40:00,56
1170.0,10.9917,10.985,11.03,11.03,10.985,2026-08-04 14:41:00,28
326.0,10.9647,10.96,10.96,10.96,10.96,2026-08-04 14:42:00,11
467.0,10.9752,10.96,10.97,10.97,10.96,2026-08-04 14:43:00,14
142.0,11.0156,11.02,11.02,11.02,11.02,2026-08-04 14:44:00,10
184.0,11.0007,10.98,10.98,10.98,10.98,2026-08-04 14:45:00,12
236.406915,11.039,11.02,11.02,11.02,11.02,2026-08-04 14:47:00,9
887.0,11.0082,11.01,11.005,11.015,10.98,2026-08-04 14:48:00,19
260.0,11.0052,11.015,10.99,11.015,10.99,2026-08-04 14:49:00,9
1364.0,10.9999,10.99,11.005,11.005,10.98,2026-08-04 14:50:00,18
488.0,11.0053,11.06,10.98,11.06,10.97,2026-08-04 14:51:00,13
620.0,11.0053,11.01,11.01,11.01,11.01,2026-08-04 14:52:00,7
257.0,11.0049,11.005,11.005,11.005,11.005,2026-08-04 14:53:00,9
3611.0,11.0207,10.98,11.01,11.05,10.98,2026-08-04 14:54:00,26
529.0,11.0085,11.025,11.01,11.025,11.01,2026-08-04 14:56:00,19
2131.0,11.0048,11.01,11.02,11.02,10.99,2026-08-04 14:57:00,24
131.0,10.9788,10.97,10.97,10.97,10.97,2026-08-04 15:00:00,7
1657.0,11.0429,11.05,11.05,11.05,11.01,2026-08-04 15:02:00,13
311.0,11.0476,11.055,11.03,11.055,11.03,2026-08-04 15:03:00,10
232.0,11.0487,11.065,11.065,11.065,11.065,2026-08-04 15:04:00,13
362.0,11.0515,11.06,11.06,11.06,11.06,2026-08-04 15:05:00,14
224.0,11.047,11.03,11.03,11.03,11.03,2026-08-04 15:06:00,9
343.0,11.066,11.07,11.07,11.07,11.06,2026-08-04 15:07:00,11
364.0,11.0511,11.05,11.05,11.05,11.05,2026-08-04 15:08:00,16
2009.351102,11.0464,11.06,11.035,11.07,11.035,2026-08-04 15:09:00,44
693.0,11.0582,11.0661,11.0661,11.0661,11.0661,2026-08-04 15:10:00,12
265.678258,11.0618,11.03,11.03,11.03,11.03,2026-08-04 15:11:00,11
1382.0,11.0583,11.055,11.07,11.07,11.055,2026-08-04 15:12:00,12
1059.0,11.0596,11.055,11.06,11.06,11.055,2026-08-04 15:13:00,17
2221.0,11.0631,11.065,11.07,11.1,11.0354,2026-08-04 15:14:00,28
1092.626385,11.0549,11.07,11.042,11.07,11.04,2026-08-04 15:15:00,18
10168.0,11.1038,11.05,11.1,11.12,11.05,2026-08-04 15:16:00,78
1162.0,11.1118,11.09,11.115,11.115,11.09,2026-08-04 15:17:00,19
1058.0,11.1052,11.09,11.1,11.125,11.08,2026-08-04 15:18:00,28
7279.729166,11.1441,11.1,11.12,11.1667,11.1,2026-08-04 15:19:00,71
472.0,11.1333,11.13,11.14,11.14,11.13,2026-08-04 15:20:00,21
1426.0,11.1208,11.11,11.09,11.11,11.09,2026-08-04 15:21:00,55
589.0,11.0943,11.09,11.08,11.09,11.08,2026-08-04 15:22:00,11
246.739742,11.1428,11.13,11.13,11.13,11.13,2026-08-04 15:23:00,12
687.0,11.0857,11.0833,11.0833,11.0833,11.0833,2026-08-04 15:25:00,7
585.0,11.1063,11.12,11.09,11.12,11.09,2026-08-04 15:26:00,16
711.0,11.1017,11.09,11.12,11.12,11.09,2026-08-04 15:27:00,5
1213.0,11.1107,11.11,11.11,11.11,11.11,2026-08-04 15:28:00,24
1500.0,11.0996,11.1,11.1,11.1,11.1,2026-08-04 15:30:00,35
470.0,11.114,11.1171,11.105,11.12,11.105,2026-08-04 15:31:00,10
133.0,11.0879,11.08,11.08,11.08,11.08,2026-08-04 15:32:00,6
619.6,11.1138,11.1,11.115,11.115,11.1,2026-08-04 15:34:00,24
394.0,11.1085,11.11,11.1,11.11,11.1,2026-08-04 15:35:00,13
3351.0,11.0863,11.09,11.08,11.09,11.08,2026-08-04 15:37:00,44
2018.0,11.0808,11.08,11.085,11.085,11.08,2026-08-04 15:38:00,13
804.0,11.0738,11.085,11.06,11.085,11.06,2026-08-04 15:39:00,29
1016.0,11.0522,11.05,11.0504,11.0504,11.05,2026-08-04 15:40:00,31
9879.0,11.0701,11.06,11.085,11.085,11.06,2026-08-04 15:41:00,49
857.0,11.0878,11.085,11.085,11.1,11.06,2026-08-04 15:42:00,20
955.0,11.0704,11.07,11.07,11.07,11.07,2026-08-04 15:43:00,37
1869.0,11.0842,11.095,11.07,11.105,11.07,2026-08-04 15:45:00,45
1400.584295,11.0934,11.09,11.09,11.09,11.09,2026-08-04 15:47:00,24
15737.0,11.1115,11.08,11.112,11.15,11.08,2026-08-04 15:48:00,141
842.0,11.122,11.12,11.14,11.14,11.12,2026-08-04 15:49:00,45
13036.0,11.1108,11.13,11.1,11.14,11.1,2026-08-04 15:50:00,119
3942.0,11.1199,11.1,11.14,11.14,11.1,2026-08-04 15:51:00,48
3934.0,11.1377,11.12,11.15,11.16,11.12,2026-08-04 15:52:00,121
2810.121321,11.1357,11.15,11.12,11.15,11.12,2026-08-04 15:53:00,76
2437.0,11.0964,11.11,11.09,11.11,11.09,2026-08-04 15:54:00,20
3820.0,11.1027,11.11,11.09,11.11,11.09,2026-08-04 15:55:00,27
1020.0,11.1307,11.13,11.13,11.14,11.13,2026-08-04 15:57:00,22
312.0,11.145,11.145,11.145,11.145,11.145,2026-08-04 15:58:00,9
579.0,11.1194,11.115,11.115,11.115,11.115,2026-08-04 15:59:00,12
537.0,11.1184,11.14,11.115,11.14,11.115,2026-08-04 16:00:00,8
297.0,11.1199,11.12,11.12,11.12,11.12,2026-08-04 16:01:00,7
2497.0,11.119,11.14,11.11,11.14,11.1,2026-08-04 16:04:00,58
6161.0,11.1317,11.11,11.16,11.16,11.11,2026-08-04 16:05:00,51
12971.0,11.1613,11.16,11.18,11.18,11.155,2026-08-04 16:06:00,72
7850.0,11.2277,11.19,11.27,11.27,11.19,2026-08-04 16:07:00,114
2845.0,11.2775,11.27,11.275,11.28,11.27,2026-08-04 16:08:00,50
1810.0,11.2812,11.275,11.28,11.2892,11.275,2026-08-04 16:09:00,17
1795.2,11.2741,11.28,11.27,11.28,11.26,2026-08-04 16:10:00,27
4846.0,11.2717,11.27,11.28,11.28,11.2628,2026-08-04 16:12:00,12
5702.0,11.2914,11.3,11.285,11.31,11.28,2026-08-04 16:13:00,61
1019.0,11.2921,11.285,11.3,11.3,11.285,2026-08-04 16:14:00,12
592.0,11.2826,11.285,11.285,11.285,11.285,2026-08-04 16:15:00,6
1187.76,11.3219,11.31,11.31,11.32,11.31,2026-08-04 16:16:00,40
804.0,11.3261,11.32,11.33,11.33,11.32,2026-08-04 16:17:00,9
519.0,11.3403,11.33,11.33,11.33,11.33,2026-08-04 16:18:00,53
734.0,11.3691,11.355,11.3899,11.3899,11.355,2026-08-04 16:19:00,14
1501.916816,11.3803,11.38,11.36,11.38,11.36,2026-08-04 16:22:00,48
5370.116072,11.362,11.36,11.365,11.365,11.36,2026-08-04 16:23:00,40
4142.0,11.3587,11.38,11.33,11.38,11.33,2026-08-04 16:24:00,67
17487.0,11.3139,11.32,11.325,11.34,11.285,2026-08-04 16:25:00,102
810.0,11.34,11.34,11.34,11.34,11.34,2026-08-04 16:26:00,11
1917.0,11.3426,11.34,11.36,11.36,11.34,2026-08-04 16:27:00,20
1042.0,11.3456,11.34,11.34,11.36,11.34,2026-08-04 16:28:00,12
288.0,11.3377,11.34,11.34,11.34,11.34,2026-08-04 16:29:00,7
5875.182691,11.3289,11.325,11.345,11.345,11.325,2026-08-04 16:30:00,62
538.0,11.358,11.355,11.36,11.36,11.355,2026-08-04 16:31:00,8
365.303,11.3666,11.36,11.36,11.36,11.36,2026-08-04 16:32:00,11
283.617392,11.3812,11.35,11.36,11.36,11.35,2026-08-04 16:33:00,5
320.0,11.351,11.35,11.35,11.35,11.35,2026-08-04 16:34:00,9
2036.0,11.3436,11.34,11.34,11.35,11.34,2026-08-04 16:35:00,21
3002.0,11.3459,11.3438,11.35,11.35,11.34,2026-08-04 16:36:00,30
2419.0,11.339,11.34,11.345,11.35,11.33,2026-08-04 16:37:00,37
1744.0,11.3403,11.34,11.34,11.345,11.34,2026-08-04 16:38:00,13
291.0,11.3468,11.35,11.345,11.35,11.345,2026-08-04 16:39:00,11
1219.0,11.344,11.3328,11.345,11.345,11.3328,2026-08-04 16:40:00,10
762.0,11.3415,11.345,11.345,11.345,11.345,2026-08-04 16:41:00,25
101.0,11.345,11.345,11.345,11.345,11.345,2026-08-04 16:42:00,2
754.0,11.3475,11.345,11.36,11.36,11.345,2026-08-04 16:43:00,16
2636.0,11.374,11.36,11.38,11.38,11.36,2026-08-04 16:44:00,41
12071.0,11.3826,11.38,11.405,11.405,11.37,2026-08-04 16:45:00,86
4575.0,11.3861,11.405,11.4,11.405,11.37,2026-08-04 16:46:00,106
6386.0,11.4092,11.4,11.44,11.4436,11.4,2026-08-04 16:47:00,62
2954.0,11.4477,11.445,11.44,11.45,11.44,2026-08-04 16:48:00,46
444.18,11.4395,11.435,11.435,11.435,11.435,2026-08-04 16:49:00,17
2825.0,11.4564,11.44,11.46,11.47,11.44,2026-08-04 16:50:00,67
476.0,11.4669,11.47,11.47,11.47,11.47,2026-08-04 16:52:00,18
2654.0,11.4568,11.4773,11.45,11.4773,11.45,2026-08-04 16:53:00,32
1785.0,11.4352,11.44,11.455,11.455,11.425,2026-08-04 16:54:00,30
1692.0,11.4651,11.455,11.4794,11.4794,11.455,2026-08-04 16:55:00,9
2258.0,11.4583,11.46,11.455,11.46,11.455,2026-08-04 16:56:00,11
7984.67895,11.4879,11.455,11.525,11.54,11.455,2026-08-04 16:57:00,105
1021.0,11.527,11.525,11.535,11.535,11.525,2026-08-04 16:58:00,27
2159.7231,11.5407,11.535,11.5476,11.5476,11.53,2026-08-04 16:59:00,53
450.60146,11.5604,11.545,11.54,11.545,11.54,2026-08-04 17:00:00,24
1720.0,11.5488,11.54,11.55,11.56,11.54,2026-08-04 17:01:00,14
822.408304,11.5564,11.55,11.55,11.55,11.55,2026-08-04 17:02:00,17
7041.601356,11.5451,11.55,11.57,11.57,11.53,2026-08-04 17:03:00,80
1422.60039,11.5765,11.57,11.57,11.5913,11.57,2026-08-04 17:04:00,41
1776.491334,11.5806,11.57,11.58,11.58,11.57,2026-08-04 17:05:00,35
2564.05,11.5607,11.58,11.545,11.58,11.545,2026-08-04 17:06:00,49
381.0,11.5502,11.55,11.55,11.55,11.55,2026-08-04 17:07:00,12
1411.0,11.5334,11.54,11.55,11.55,11.53,2026-08-04 17:08:00,38
1337.0,11.5253,11.53,11.52,11.535,11.52,2026-08-04 17:09:00,31
4763.7828,11.4896,11.51,11.495,11.52,11.47,2026-08-04 17:10:00,58
2340.08682,11.5291,11.5,11.55,11.55,11.5,2026-08-04 17:11:00,21
215.0,11.587,11.59,11.59,11.59,11.59,2026-08-04 17:12:00,16
648.9,11.5927,11.59,11.57,11.59,11.57,2026-08-04 17:13:00,16
6481.0,11.5631,11.591,11.555,11.591,11.52,2026-08-04 17:15:00,61
509.0,11.5476,11.555,11.545,11.555,11.545,2026-08-04 17:16:00,7
212.20734,11.5703,11.57,11.57,11.57,11.57,2026-08-04 17:17:00,6
535.0,11.5632,11.565,11.565,11.565,11.565,2026-08-04 17:18:00,15
1335.0,11.5551,11.55,11.55,11.57,11.55,2026-08-04 17:19:00,29
343.0,11.56,11.56,11.56,11.56,11.56,2026-08-04 17:20:00,12
3126.469659,11.5797,11.56,11.59,11.595,11.56,2026-08-04 17:23:00,27
1543.0,11.5786,11.59,11.575,11.59,11.57,2026-08-04 17:24:00,36
250.0,11.584,11.575,11.59,11.59,11.575,2026-08-04 17:25:00,5
374.0,11.5842,11.5837,11.5837,11.5837,11.5837,2026-08-04 17:26:00,16
267.0,11.5838,11.585,11.585,11.585,11.585,2026-08-04 17:27:00,7
245.0,11.583,11.585,11.585,11.585,11.585,2026-08-04 17:28:00,13
825.0,11.5862,11.585,11.59,11.59,11.585,2026-08-04 17:29:00,11
14324.0,11.5872,11.5724,11.605,11.605,11.5724,2026-08-04 17:30:00,73
1723.0,11.6021,11.6,11.595,11.6,11.595,2026-08-04 17:31:00,40
2860.0,11.6065,11.61,11.605,11.62,11.605,2026-08-04 17:32:00,26
1236.0,11.6078,11.61,11.61,11.61,11.605,2026-08-04 17:33:00,8
1822.0,11.6241,11.61,11.61,11.63,11.61,2026-08-04 17:34:00,40
1009.0,11.6202,11.62,11.62,11.62,11.62,2026-08-04 17:35:00,27
1493.0,11.5968,11.6,11.58,11.6,11.58,2026-08-04 17:36:00,47
641.89,11.6078,11.5858,11.605,11.605,11.5858,2026-08-04 17:37:00,10
667.0,11.5939,11.6,11.6099,11.6099,11.6,2026-08-04 17:38:00,19
415.0,11.5906,11.59,11.59,11.59,11.59,2026-08-04 17:39:00,11
540.0,11.5756,11.5728,11.5728,11.5728,11.5728,2026-08-04 17:40:00,5
145.202889,11.6109,11.59,11.59,11.59,11.59,2026-08-04 17:41:00,5
1092.0,11.5725,11.5702,11.5702,11.5702,11.5702,2026-08-04 17:42:00,8
239.0,11.5955,11.595,11.595,11.595,11.595,2026-08-04 17:43:00,7
379.0,11.5943,11.595,11.595,11.595,11.595,2026-08-04 17:44:00,7
654.0,11.5953,11.5952,11.595,11.5952,11.595,2026-08-04 17:45:00,13
1941.0,11.5934,11.6,11.59,11.6,11.59,2026-08-04 17:46:00,50
1523.0,11.5674,11.58,11.56,11.58,11.56,2026-08-04 17:47:00,44
1470.502493,11.5565,11.555,11.5401,11.56,11.5401,2026-08-04 17:48:00,18
17870.94,11.5197,11.555,11.52,11.555,11.51,2026-08-04 17:49:00,126
6832.0,11.5037,11.5,11.5,11.515,11.495,2026-08-04 17:50:00,75
1796.621808,11.4889,11.495,11.48,11.495,11.48,2026-08-04 17:51:00,31
1444.0,11.4801,11.48,11.48,11.48,11.48,2026-08-04 17:52:00,14
255.065,11.5004,11.5,11.5,11.5,11.5,2026-08-04 17:53:00,11
232.968,11.5554,11.51,11.51,11.51,11.51,2026-08-04 17:54:00,7
800.0,11.4832,11.5,11.48,11.5,11.48,2026-08-04 17:56:00,32
357.0,11.48,11.48,11.48,11.48,11.48,2026-08-04 17:57:00,5
103.0,11.4906,11.49,11.49,11.49,11.49,2026-08-04 17:58:00,2
3625.32743,11.5074,11.52,11.5,11.52,11.495,2026-08-04 18:01:00,26
527.0,11.5312,11.54,11.525,11.54,11.525,2026-08-04 18:02:00,9
604.1,11.5392,11.525,11.55,11.55,11.525,2026-08-04 18:03:00,8
634.0,11.5369,11.5453,11.525,11.5453,11.525,2026-08-04 18:04:00,22
648.0,11.5287,11.525,11.525,11.54,11.525,2026-08-04 18:05:00,10
181.0,11.5242,11.525,11.525,11.525,11.525,2026-08-04 18:06:00,11
580.0,11.5426,11.55,11.525,11.55,11.525,2026-08-04 18:07:00,12
1032.0,11.5203,11.52,11.525,11.525,11.52,2026-08-04 18:09:00,15
619.258411,11.5123,11.5,11.515,11.515,11.5,2026-08-04 18:10:00,24
618.5,11.5374,11.52,11.54,11.54,11.52,2026-08-04 18:11:00,12
1525.0,11.5338,11.54,11.53,11.54,11.53,2026-08-04 18:12:00,45
383.0,11.5407,11.54,11.54,11.54,11.54,2026-08-04 18:13:00,10
255.0,11.5531,11.55,11.55,11.55,11.55,2026-08-04 18:14:00,9
513.0,11.5583,11.555,11.555,11.555,11.555,2026-08-04 18:15:00,12
1133.0,11.5576,11.555,11.55,11.57,11.55,2026-08-04 18:16:00,14
13453.0,11.5525,11.555,11.565,11.57,11.535,2026-08-04 18:17:00,59
4799.0,11.5743,11.567,11.59,11.595,11.565,2026-08-04 18:18:00,24
1346.0,11.5827,11.59,11.58,11.59,11.575,2026-08-04 18:19:00,41
1425.0,11.5893,11.6,11.605,11.605,11.58,2026-08-04 18:20:00,29
144.0,11.5947,11.61,11.61,11.61,11.61,2026-08-04 18:21:00,3
217.0,11.596,11.595,11.595,11.595,11.595,2026-08-04 18:22:00,4
6603.0,11.5952,11.61,11.595,11.61,11.595,2026-08-04 18:23:00,4
472.377,11.6078,11.61,11.595,11.61,11.595,2026-08-04 18:24:00,14
1423.443704,11.6075,11.595,11.6,11.62,11.595,2026-08-04 18:25:00,26
634.343,11.5983,11.6,11.59,11.6,11.59,2026-08-04 18:26:00,22
1027.0,11.5746,11.59,11.57,11.59,11.57,2026-08-04 18:27:00,30
1496.0,11.5608,11.56,11.555,11.57,11.555,2026-08-04 18:28:00,26
243.0,11.5538,11.55,11.55,11.55,11.55,2026-08-04 18:29:00,10
2179.0,11.5548,11.57,11.55,11.57,11.55,2026-08-04 18:30:00,20
3509.533,11.5583,11.57,11.565,11.57,11.545,2026-08-04 18:31:00,50
813.861614,11.588,11.565,11.585,11.585,11.565,2026-08-04 18:32:00,20
2296.262521,11.574,11.575,11.575,11.59,11.551,2026-08-04 18:34:00,25
288.17286,11.5785,11.575,11.57,11.575,11.57,2026-08-04 18:35:00,9
697.0,11.5702,11.57,11.57,11.57,11.57,2026-08-04 18:36:00,12
2174.05,11.5504,11.57,11.53,11.57,11.53,2026-08-04 18:37:00,43
5192.0,11.5311,11.545,11.53,11.545,11.53,2026-08-04 18:38:00,36
546.0,11.5288,11.53,11.53,11.53,11.53,2026-08-04 18:39:00,11
764.0,11.5202,11.52,11.52,11.52,11.52,2026-08-04 18:40:00,15
276.0,11.5367,11.54,11.54,11.54,11.54,2026-08-04 18:41:00,7
2675.0,11.5034,11.51,11.49,11.51,11.49,2026-08-04 18:42:00,42
719.0,11.497,11.49,11.49,11.49,11.49,2026-08-04 18:43:00,12
327.0,11.5106,11.495,11.495,11.495,11.495,2026-08-04 18:44:00,10
6217.0,11.5217,11.52,11.525,11.56,11.52,2026-08-04 18:46:00,21
948.0,11.522,11.522,11.522,11.522,11.522,2026-08-04 18:47:00,3
16209.0,11.5372,11.55,11.547,11.575,11.505,2026-08-04 18:49:00,70
646.0,11.5593,11.57,11.565,11.57,11.565,2026-08-04 18:50:00,12
396.0,11.5696,11.5899,11.5899,11.5899,11.5899,2026-08-04 18:51:00,11
2834.0,11.5177,11.54,11.51,11.55,11.49,2026-08-04 18:52:00,48
1186.0,11.5228,11.525,11.525,11.525,11.525,2026-08-04 18:55:00,20
958.0,11.4946,11.515,11.4801,11.515,11.48,2026-08-04 18:57:00,12
1521.0,11.5014,11.495,11.5089,11.5089,11.48,2026-08-04 18:59:00,22
1253.0,11.4978,11.49,11.52,11.52,11.48,2026-08-04 19:00:00,24
217.778,11.5826,11.56,11.56,11.56,11.56,2026-08-04 19:01:00,8
41909.0,11.559,11.535,11.56,11.58,11.53,2026-08-04 19:03:00,207
1513.08643,11.5654,11.565,11.565,11.565,11.565,2026-08-04 19:04:00,13
2208.0,11.5222,11.565,11.5,11.565,11.495,2026-08-04 19:05:00,34
9879.7398,11.4723,11.52,11.477,11.52,11.45,2026-08-04 19:06:00,57
3190.001,11.5325,11.5,11.525,11.56,11.5,2026-08-04 19:07:00,45
880.0,11.5228,11.53,11.53,11.53,11.53,2026-08-04 19:08:00,15
127.0,11.5311,11.53,11.53,11.53,11.53,2026-08-04 19:10:00,5
1156.633576,11.5284,11.53,11.535,11.535,11.5101,2026-08-04 19:11:00,16
235.0,11.5168,11.51,11.51,11.51,11.51,2026-08-04 19:12:00,6
1251.0,11.5415,11.535,11.56,11.56,11.535,2026-08-04 19:13:00,18
6954.0,11.497,11.52,11.45,11.52,11.45,2026-08-04 19:14:00,47
1649.298,11.473,11.465,11.48,11.48,11.465,2026-08-04 19:15:00,22
209.0,11.4727,11.475,11.47,11.475,11.47,2026-08-04 19:16:00,5
797.11966,11.4808,11.46,11.47,11.475,11.46,2026-08-04 19:17:00,17
1910.0,11.4685,11.47,11.46,11.475,11.46,2026-08-04 19:18:00,29
11375.0,11.4595,11.46,11.485,11.485,11.455,2026-08-04 19:19:00,42
266.0,11.4851,11.485,11.485,11.485,11.485,2026-08-04 19:20:00,6
524.0,11.4879,11.49,11.485,11.49,11.485,2026-08-04 19:21:00,6
226.0,11.4855,11.485,11.485,11.485,11.485,2026-08-04 19:22:00,14
672.0,11.4845,11.5063,11.48,11.5063,11.47,2026-08-04 19:23:00,14
774.174,11.4845,11.485,11.485,11.485,11.485,2026-08-04 19:24:00,12
2572.0,11.4536,11.475,11.425,11.475,11.422,2026-08-04 19:25:00,44
429.0,11.4259,11.42,11.42,11.42,11.42,2026-08-04 19:26:00,14
871.0,11.4221,11.42,11.41,11.42,11.41,2026-08-04 19:27:00,20
958.0,11.4098,11.41,11.4028,11.41,11.4028,2026-08-04 19:28:00,23
1357.0,11.4113,11.4199,11.405,11.4199,11.4,2026-08-04 19:29:00,17
555.0,11.4052,11.4,11.4,11.4,11.4,2026-08-04 19:30:00,16
259.0,11.4083,11.41,11.41,11.41,11.41,2026-08-04 19:31:00,12
1302.0,11.3927,11.4,11.3834,11.4,11.3834,2026-08-04 19:32:00,26
1115.0,11.3994,11.38,11.4153,11.4153,11.38,2026-08-04 19:33:00,20
558.0,11.4,11.405,11.4,11.405,11.395,2026-08-04 19:34:00,12
6248.0,11.343,11.4,11.31,11.4,11.31,2026-08-04 19:35:00,85
6055.0,11.2502,11.31,11.215,11.31,11.2,2026-08-04 19:36:00,83
14198.0,11.2384,11.2314,11.27,11.27,11.21,2026-08-04 19:37:00,73
1081.0,11.2751,11.28,11.275,11.28,11.275,2026-08-04 19:38:00,16
1187.0,11.2642,11.275,11.25,11.275,11.25,2026-08-04 19:39:00,28
9917.0,11.2496,11.24,11.27,11.285,11.23,2026-08-04 19:40:00,70
1318.0,11.2711,11.285,11.275,11.285,11.275,2026-08-04 19:41:00,20
2571.0,11.2713,11.275,11.2825,11.2825,11.26,2026-08-04 19:42:00,25
21477.0,11.3116,11.26,11.35,11.365,11.25,2026-08-04 19:43:00,102
158809.0,11.2008,11.35,11.3,11.375,11.02,2026-08-04 19:44:00,1761
6242.0,11.3218,11.305,11.355,11.355,11.3,2026-08-04 19:45:00,73
2991.0,11.3286,11.325,11.335,11.34,11.32,2026-08-04 19:46:00,28
3200.0,11.2908,11.3,11.285,11.3,11.27,2026-08-04 19:47:00,58
2907.0,11.282,11.28,11.3,11.3,11.275,2026-08-04 19:50:00,46
3779.990056,11.2548,11.29,11.245,11.29,11.24,2026-08-04 19:51:00,108
1092.638543,11.253,11.25,11.25,11.26,11.25,2026-08-04 19:52:00,15
5272.66422,11.2338,11.25,11.22,11.27,11.215,2026-08-04 19:53:00,59
3393.30338,11.2313,11.22,11.22,11.24,11.21,2026-08-04 19:54:00,53
22127.823397,11.165,11.22,11.16,11.225,11.105,2026-08-04 19:55:00,219
4950.046579,11.1959,11.16,11.205,11.205,11.16,2026-08-04 19:56:00,53
22646.754,11.2862,11.205,11.345,11.35,11.205,2026-08-04 19:57:00,207
22201.0,11.3861,11.355,11.42,11.43,11.355,2026-08-04 19:58:00,279
25888.0,11.4348,11.42,11.45,11.46,11.41,2026-08-04 19:59:00,321
523.4778,11.4602,11.45,11.45,11.45,11.45,2026-08-04 20:00:00,9
900.0,11.47,11.47,11.47,11.47,11.47,2026-08-04 20:15:00,1
120.0,11.45,11.45,11.45,11.45,11.45,2026-08-04 20:20:00,1
285.0,11.44,11.44,11.44,11.44,11.44,2026-08-04 20:26:00,1
307.0,11.4495,11.45,11.45,11.45,11.45,2026-08-04 20:40:00,2
100.0,11.39,11.39,11.39,11.39,11.39,2026-08-04 21:38:00,1
877.0,11.5,11.5,11.5,11.5,11.5,2026-08-04 22:15:00,1
110.0,11.483,11.483,11.483,11.483,11.483,2026-08-04 22:41:00,1
210.0,11.7784,11.79,11.79,11.79,11.79,2026-08-05 08:01:00,4
300.0,11.47,11.47,11.47,11.47,11.47,2026-08-05 08:07:00,1
100.0,11.12,11.12,11.12,11.12,11.12,2026-08-05 08:45:00,1
100.0,11.33,11.33,11.33,11.33,11.33,2026-08-05 09:12:00,1
100.0,11.42,11.42,11.42,11.42,11.42,2026-08-05 10:30:00,1
142.0,11.4299,11.42,11.42,11.42,11.42,2026-08-05 11:00:00,6
200.0,11.42,11.42,11.42,11.42,11.42,2026-08-05 11:15:00,1
146.0,11.3814,11.38,11.38,11.38,11.38,2026-08-05 11:56:00,5
1086.0,11.37,11.37,11.37,11.37,11.37,2026-08-05 12:29:00,2
497.0,11.3251,11.3251,11.3251,11.3251,11.3251,2026-08-05 12:47:00,1
21976.0,11.4381,11.35,11.44,11.44,11.35,2026-08-05 12:54:00,118
636.0,11.3744,11.345,11.38,11.38,11.345,2026-08-05 13:02:00,33
554.0,11.4,11.4,11.4,11.4,11.4,2026-08-05 13:08:00,2
450.0,11.35,11.35,11.35,11.35,11.35,2026-08-05 13:22:00,2
2839.0,11.3961,11.37,11.41,11.41,11.37,2026-08-05 13:28:00,40
20123.478524,11.3203,11.33,11.125,11.34,11.125,2026-08-05 13:30:00,79
253.0,11.267,11.235,11.235,11.235,11.235,2026-08-05 13:31:00,12
1126.0,11.3269,11.365,11.285,11.3675,11.285,2026-08-05 13:32:00,10
729.0,11.2535,11.1669,11.28,11.28,11.1669,2026-08-05 13:33:00,8
2438.179,11.2614,11.237,11.33,11.33,11.235,2026-08-05 13:34:00,23
1519.0,11.3293,11.33,11.33,11.33,11.33,2026-08-05 13:35:00,13
1847.338723,11.2665,11.33,11.242,11.33,11.22,2026-08-05 13:36:00,41
579.0,11.2438,11.25,11.25,11.25,11.25,2026-08-05 13:37:00,12
556.776,11.2664,11.242,11.247,11.247,11.242,2026-08-05 13:38:00,24
732.0,11.2124,11.242,11.1801,11.242,11.1801,2026-08-05 13:39:00,17
1177.1357,11.2628,11.235,11.3643,11.3643,11.235,2026-08-05 13:40:00,40
1557.441696,11.3068,11.295,11.32,11.32,11.29,2026-08-05 13:41:00,24
1064.0,11.2822,11.271,11.302,11.302,11.271,2026-08-05 13:42:00,23
570.0,11.3839,11.29,11.425,11.425,11.29,2026-08-05 13:43:00,57
4523.0,11.5258,11.48,11.535,11.55,11.4684,2026-08-05 13:44:00,101
5905.389589,11.5376,11.53,11.53,11.55,11.51,2026-08-05 13:45:00,101
3955.0,11.5425,11.532,11.525,11.55,11.525,2026-08-05 13:46:00,43
865.86635,11.5381,11.51,11.54,11.54,11.51,2026-08-05 13:47:00,26
7716.0,11.5933,11.58,11.595,11.61,11.58,2026-08-05 13:48:00,70
4149.0677,11.6309,11.595,11.706,11.71,11.55,2026-08-05 13:49:00,65
14816.783127,11.857,11.72,11.97,11.97,11.695,2026-08-05 13:50:00,161
9634.0,11.8649,11.925,11.692,11.98,11.66,2026-08-05 13:51:00,130
1021.952168,11.735,11.775,11.715,11.775,11.71,2026-08-05 13:52:00,19
736.54942,11.7172,11.715,11.715,11.715,11.715,2026-08-05 13:53:00,17
2240.0,11.6918,11.687,11.71,11.73,11.65,2026-08-05 13:54:00,42
4436.842,11.7881,11.7434,11.77,11.81,11.7434,2026-08-05 13:55:00,69
1168.901678,11.79,11.8099,11.76,11.8099,11.755,2026-08-05 13:56:00,11
774.293659,11.7437,11.7048,11.755,11.755,11.7048,2026-08-05 13:57:00,25
721.0,11.8037,11.81,11.792,11.81,11.792,2026-08-05 13:58:00,20
595.57173,11.8042,11.79,11.84,11.84,11.775,2026-08-05 13:59:00,11
3912.115936,11.7282,11.78,11.707,11.78,11.67,2026-08-05 14:00:00,32
1233.445479,11.6634,11.67,11.63,11.67,11.63,2026-08-05 14:01:00,24
2140.3258,11.5801,11.6,11.55,11.6,11.55,2026-08-05 14:02:00,40
418.0,11.5725,11.56,11.58,11.58,11.56,2026-08-05 14:03:00,8
694.0,11.5738,11.58,11.565,11.58,11.565,2026-08-05 14:04:00,15
325.0,11.5947,11.63,11.63,11.63,11.63,2026-08-05 14:05:00,11
1994.0,11.6993,11.67,11.73,11.73,11.67,2026-08-05 14:07:00,46
688.0,11.7315,11.74,11.7,11.755,11.7,2026-08-05 14:08:00,16
1029.0,11.7221,11.71,11.71,11.73,11.71,2026-08-05 14:09:00,12
5130.0,11.71,11.71,11.71,11.71,11.71,2026-08-05 14:10:00,17
529.0,11.7111,11.71,11.71,11.71,11.71,2026-08-05 14:11:00,9
955.0,11.7357,11.714,11.77,11.77,11.714,2026-08-05 14:15:00,19
1267.058672,11.7554,11.78,11.74,11.78,11.74,2026-08-05 14:16:00,43
242.015028,11.746,11.755,11.755,11.755,11.755,2026-08-05 14:17:00,9
247.350614,11.7423,11.725,11.725,11.725,11.725,2026-08-05 14:18:00,8
815.0,11.6652,11.68,11.66,11.68,11.66,2026-08-05 14:20:00,27
1744.0,11.6659,11.66,11.65,11.7,11.65,2026-08-05 14:21:00,27
344.0,11.6138,11.6133,11.61,11.6133,11.61,2026-08-05 14:22:00,14
700.0,11.6159,11.61,11.61,11.61,11.61,2026-08-05 14:23:00,22
498.0,11.7136,11.71,11.74,11.74,11.71,2026-08-05 14:25:00,18
905.0,11.7475,11.75,11.765,11.765,11.75,2026-08-05 14:27:00,15
2465.5,11.7501,11.75,11.75,11.75,11.75,2026-08-05 14:28:00,11
936.0,11.7439,11.745,11.745,11.745,11.745,2026-08-05 14:29:00,17
656.17,11.7259,11.725,11.71,11.725,11.71,2026-08-05 14:30:00,17
846.0,11.7112,11.71,11.71,11.71,11.71,2026-08-05 14:32:00,14
202.0,11.6931,11.69,11.69,11.69,11.69,2026-08-05 14:33:00,12
975.0,11.7187,11.74,11.71,11.74,11.71,2026-08-05 14:34:00,25
1581.239391,11.7138,11.71,11.74,11.74,11.7,2026-08-05 14:35:00,38
224.253,11.7366,11.71,11.71,11.71,11.71,2026-08-05 14:36:00,14
259.0,11.7093,11.705,11.705,11.705,11.705,2026-08-05 14:42:00,11
606.148094,11.7336,11.735,11.72,11.735,11.72,2026-08-05 14:43:00,6
3645.0,11.7138,11.7,11.75,11.75,11.7,2026-08-05 14:44:00,52
8927.0,11.6999,11.74,11.655,11.79,11.655,2026-08-05 14:45:00,82
496.0,11.6585,11.66,11.65,11.66,11.65,2026-08-05 14:46:00,9
819.0,11.6697,11.68,11.67,11.68,11.66,2026-08-05 14:47:00,18
2329.0,11.6412,11.665,11.635,11.665,11.612,2026-08-05 14:48:00,43
1043.0,11.6941,11.635,11.72,11.73,11.635,2026-08-05 14:49:00,26
262.274,11.736,11.7257,11.7257,11.7257,11.7257,2026-08-05 14:50:00,8
552.545,11.7049,11.69,11.7,11.7,11.69,2026-08-05 14:51:00,24
761.274,11.7238,11.71,11.725,11.725,11.71,2026-08-05 14:52:00,30
310.0,11.7188,11.705,11.705,11.7438,11.705,2026-08-05 14:55:00,3
1766.0,11.7538,11.76,11.76,11.76,11.74,2026-08-05 14:58:00,33
4241.0,11.7695,11.8,11.73,11.8,11.71,2026-08-05 14:59:00,105
1562.0,11.7734,11.77,11.795,11.795,11.77,2026-08-05 15:00:00,36
753.0,11.7495,11.76,11.74,11.76,11.74,2026-08-05 15:01:00,24
1899.0,11.7902,11.78,11.75,11.8,11.75,2026-08-05 15:02:00,40
2617.0,11.7598,11.77,11.76,11.77,11.76,2026-08-05 15:03:00,14
294.56709,11.7379,11.698,11.698,11.698,11.698,2026-08-05 15:06:00,7
663.0,11.743,11.735,11.735,11.735,11.735,2026-08-05 15:09:00,12
390.0,11.7534,11.745,11.745,11.745,11.745,2026-08-05 15:10:00,11
1524.0,11.7349,11.765,11.73,11.765,11.72,2026-08-05 15:11:00,30
257.0,11.6721,11.67,11.67,11.67,11.67,2026-08-05 15:12:00,8
7161.0,11.6309,11.66,11.615,11.66,11.61,2026-08-05 15:13:00,39
1744.0,11.6155,11.6,11.655,11.655,11.6,2026-08-05 15:14:00,29
6228.552172,11.6417,11.6341,11.635,11.645,11.625,2026-08-05 15:15:00,63
128.0,11.591,11.59,11.59,11.59,11.59,2026-08-05 15:16:00,4
587.0,11.6309,11.63,11.63,11.63,11.63,2026-08-05 15:17:00,16
121.0,11.6306,11.63,11.63,11.63,11.63,2026-08-05 15:18:00,8
2116.0,11.6784,11.67,11.71,11.71,11.67,2026-08-05 15:19:00,21
4328.0,11.7376,11.75,11.765,11.765,11.73,2026-08-05 15:21:00,77
727.0,11.7455,11.74,11.75,11.75,11.74,2026-08-05 15:22:00,29
811.1063,11.7351,11.7304,11.7304,11.7304,11.7304,2026-08-05 15:23:00,16
683.0,11.7129,11.73,11.705,11.73,11.7,2026-08-05 15:24:00,30
800.0,11.7064,11.705,11.705,11.705,11.705,2026-08-05 15:25:00,25
366.0,11.7059,11.705,11.71,11.71,11.705,2026-08-05 15:26:00,16
230.0,11.6814,11.6744,11.6744,11.6744,11.6744,2026-08-05 15:28:00,7
3134.0,11.6611,11.66,11.64,11.67,11.635,2026-08-05 15:30:00,39
230.0,11.6487,11.635,11.635,11.635,11.635,2026-08-05 15:31:00,8
485.0,11.5989,11.6,11.59,11.6,11.59,2026-08-05 15:33:00,16
674.0,11.587,11.58,11.58,11.58,11.58,2026-08-05 15:34:00,25
1635.0,11.5607,11.55,11.56,11.56,11.54,2026-08-05 15:36:00,43
127.0,11.6063,11.615,11.615,11.615,11.615,2026-08-05 15:37:00,4
616.714939,11.6259,11.615,11.615,11.615,11.615,2026-08-05 15:38:00,16
205.0,11.6147,11.615,11.615,11.615,11.615,2026-08-05 15:39:00,6
545.0,11.5829,11.5801,11.5801,11.5801,11.5801,2026-08-05 15:40:00,7
1791.0,11.5827,11.5822,11.59,11.59,11.565,2026-08-05 15:41:00,31
1300.0,11.6464,11.65,11.65,11.65,11.65,2026-08-05 15:43:00,7
836.424448,11.6301,11.63,11.63,11.63,11.63,2026-08-05 15:44:00,23
864.0,11.581,11.59,11.58,11.59,11.57,2026-08-05 15:45:00,20
603.0,11.6075,11.6148,11.6148,11.6148,11.6148,2026-08-05 15:46:00,12
199.0,11.6356,11.64,11.64,11.64,11.64,2026-08-05 15:48:00,15
1650.0,11.6445,11.63,11.645,11.66,11.63,2026-08-05 15:51:00,27
1303.216821,11.6327,11.63,11.63,11.63,11.63,2026-08-05 15:58:00,9
310.0,11.6483,11.66,11.66,11.66,11.66,2026-08-05 16:03:00,5
2714.0,11.6251,11.625,11.63,11.63,11.625,2026-08-05 16:04:00,6
395.0,11.6207,11.59,11.59,11.59,11.59,2026-08-05 16:05:00,13
359.0,11.6153,11.61,11.61,11.61,11.61,2026-08-05 16:07:00,17
285.0,11.5934,11.58,11.58,11.58,11.58,2026-08-05 16:09:00,14
638.0,11.6169,11.63,11.61,11.63,11.61,2026-08-05 16:10:00,15
626.0,11.6108,11.61,11.62,11.62,11.61,2026-08-05 16:11:00,8
246.0,11.6532,11.66,11.66,11.66,11.66,2026-08-05 16:12:00,6
865.0,11.6233,11.62,11.62,11.62,11.62,2026-08-05 16:15:00,29
1150.90727,11.666,11.63,11.67,11.67,11.63,2026-08-05 16:16:00,33
1272.0,11.6559,11.65,11.65,11.66,11.65,2026-08-05 16:18:00,26
607.0,11.7243,11.73,11.73,11.73,11.73,2026-08-05 16:21:00,47
333.0,11.7281,11.7291,11.7291,11.7291,11.7291,2026-08-05 16:22:00,21
663.0,11.706,11.71,11.72,11.72,11.71,2026-08-05 16:24:00,30
4281.0,11.7591,11.75,11.795,11.795,11.75,2026-08-05 16:26:00,62
794.0,11.8034,11.805,11.81,11.81,11.805,2026-08-05 16:27:00,49
1758.0,11.7863,11.795,11.77,11.795,11.77,2026-08-05 16:28:00,48
1180.105899,11.7525,11.755,11.75,11.755,11.75,2026-08-05 16:29:00,15
315.500513,11.7702,11.745,11.75,11.75,11.745,2026-08-05 16:30:00,13
331.0,11.7521,11.75,11.75,11.75,11.75,2026-08-05 16:31:00,8
5723.0,11.7004,11.7,11.72,11.72,11.7,2026-08-05 16:36:00,35
183.0,11.7185,11.72,11.72,11.72,11.72,2026-08-05 16:38:00,6
908.0,11.686,11.6801,11.72,11.72,11.6801,2026-08-05 16:39:00,7
193.0,11.7201,11.73,11.73,11.73,11.73,2026-08-05 16:42:00,7
219.0,11.7313,11.77,11.77,11.77,11.77,2026-08-05 16:43:00,10
670.081457,11.7157,11.72,11.72,11.72,11.72,2026-08-05 16:46:00,9
634.0,11.7423,11.72,11.74,11.74,11.72,2026-08-05 16:48:00,16
401.0,11.7712,11.775,11.77,11.775,11.77,2026-08-05 16:49:00,6
350.0,11.7675,11.78,11.78,11.78,11.78,2026-08-05 16:51:00,8
9247.0,11.8041,11.775,11.835,11.85,11.775,2026-08-05 16:53:00,91
9971.0,11.8318,11.83,11.865,11.865,11.805,2026-08-05 16:54:00,90
979.084345,11.8565,11.86,11.865,11.865,11.85,2026-08-05 16:55:00,24
2039.0,11.8765,11.86,11.89,11.89,11.86,2026-08-05 16:56:00,44
1156.99916,11.8999,11.9,11.895,11.9,11.8803,2026-08-05 16:57:00,30
998.0,11.8619,11.88,11.85,11.88,11.85,2026-08-05 16:58:00,34
566.112441,11.8444,11.825,11.825,11.87,11.825,2026-08-05 16:59:00,11
584.0,11.8094,11.815,11.79,11.815,11.79,2026-08-05 17:00:00,24
431.0,11.7953,11.79,11.79,11.79,11.79,2026-08-05 17:02:00,7
203.169221,11.8124,11.795,11.795,11.795,11.795,2026-08-05 17:03:00,10
688.0,11.7913,11.8,11.78,11.8,11.78,2026-08-05 17:04:00,21
359.0,11.8159,11.82,11.82,11.82,11.82,2026-08-05 17:09:00,8
899.0,11.7647,11.76,11.77,11.77,11.76,2026-08-05 17:11:00,13
355.0,11.7453,11.7487,11.7487,11.7487,11.7487,2026-08-05 17:12:00,14
897.48521,11.7229,11.7018,11.755,11.755,11.7018,2026-08-05 17:13:00,8
919.411,11.722,11.71,11.71,11.72,11.71,2026-08-05 17:17:00,18
498.34927,11.7725,11.745,11.78,11.78,11.745,2026-08-05 17:19:00,17
420.0,11.7561,11.76,11.74,11.76,11.74,2026-08-05 17:23:00,16
371.0,11.7538,11.75,11.75,11.75,11.75,2026-08-05 17:29:00,5
1067.0,11.763,11.77,11.76,11.77,11.76,2026-08-05 17:33:00,9
793.0,11.75,11.76,11.74,11.76,11.74,2026-08-05 17:34:00,19
316.0,11.7577,11.76,11.76,11.76,11.76,2026-08-05 17:35:00,9
146.0,11.7842,11.7831,11.7831,11.7831,11.7831,2026-08-05 17:43:00,8
306.0,11.754,11.755,11.755,11.755,11.755,2026-08-05 17:49:00,13
941.0,11.7696,11.7648,11.77,11.77,11.7648,2026-08-05 17:51:00,8
1139.0,11.8024,11.79,11.81,11.81,11.79,2026-08-05 17:52:00,40
512.0,11.7629,11.7551,11.7551,11.7551,11.7551,2026-08-05 17:58:00,15
245.227733,11.7894,11.79,11.775,11.79,11.775,2026-08-05 18:01:00,12
1019.2699,11.7719,11.72,11.78,11.78,11.72,2026-08-05 18:04:00,23
1309.0,11.8099,11.79,11.795,11.84,11.79,2026-08-05 18:09:00,22
232.0,11.7988,11.8,11.8,11.8,11.8,2026-08-05 18:10:00,10
278.0,11.819,11.8149,11.8149,11.8149,11.8149,2026-08-05 18:13:00,16
667.0,11.8478,11.83,11.88,11.88,11.83,2026-08-05 18:14:00,20
413.0,11.815,11.81,11.82,11.82,11.81,2026-08-05 18:16:00,9
305.0,11.8323,11.8493,11.8493,11.8493,11.8493,2026-08-05 18:18:00,10
668.0,11.8464,11.85,11.85,11.85,11.85,2026-08-05 18:21:00,12
1396.0,11.8,11.815,11.82,11.82,11.7801,2026-08-05 18:22:00,36
182.0,11.8048,11.8,11.8,11.8,11.8,2026-08-05 18:24:00,13
295.0,11.8167,11.82,11.82,11.82,11.82,2026-08-05 18:27:00,10
251.0,11.8205,11.82,11.82,11.82,11.82,2026-08-05 18:28:00,12
4273.0,11.7943,11.83,11.74,11.83,11.74,2026-08-05 18:29:00,87
372.0,11.7255,11.73,11.715,11.73,11.715,2026-08-05 18:31:00,9
243.0,11.7122,11.71,11.71,11.71,11.71,2026-08-05 18:32:00,6
209.0,11.7132,11.695,11.695,11.695,11.695,2026-08-05 18:35:00,8
896.0,11.6821,11.7,11.67,11.7,11.67,2026-08-05 18:36:00,28
1559.0,11.6951,11.67,11.7,11.705,11.66,2026-08-05 18:37:00,21
221.0,11.6812,11.67,11.67,11.67,11.67,2026-08-05 18:38:00,13
352.0,11.701,11.7,11.7,11.7,11.7,2026-08-05 18:39:00,14
186.0,11.6736,11.68,11.68,11.68,11.68,2026-08-05 18:44:00,8
656.0,11.6914,11.68,11.7,11.7,11.68,2026-08-05 18:45:00,27
207.0,11.6763,11.675,11.675,11.675,11.675,2026-08-05 18:47:00,6
538.0,11.654,11.65,11.65,11.65,11.65,2026-08-05 18:48:00,13
1027.0,11.6245,11.63,11.615,11.63,11.615,2026-08-05 18:50:00,34
171.134247,11.6401,11.6352,11.6352,11.6352,11.6352,2026-08-05 18:53:00,15
187.0,11.6388,11.64,11.64,11.64,11.64,2026-08-05 18:55:00,16
1444.0,11.6277,11.64,11.645,11.645,11.64,2026-08-05 19:00:00,28
274.0,11.6569,11.67,11.67,11.67,11.67,2026-08-05 19:01:00,14
798.651,11.6468,11.63,11.66,11.66,11.63,2026-08-05 19:03:00,31
5276.0,11.6702,11.67,11.67,11.67,11.67,2026-08-05 19:04:00,25
170.8415,11.7655,11.705,11.705,11.705,11.705,2026-08-05 19:06:00,8
229.0,11.7008,11.705,11.705,11.705,11.705,2026-08-05 19:08:00,10
247.213196,11.706,11.6933,11.6933,11.6933,11.6933,2026-08-05 19:11:00,7
1355.4,11.705,11.71,11.69,11.71,11.69,2026-08-05 19:16:00,31
441.0,11.7121,11.71,11.71,11.71,11.71,2026-08-05 19:18:00,14
273.0,11.7085,11.71,11.71,11.71,11.71,2026-08-05 19:21:00,11
679.094477,11.72,11.71,11.72,11.72,11.71,2026-08-05 19:23:00,15
1396.0,11.7017,11.71,11.69,11.71,11.69,2026-08-05 19:25:00,26
761.0,11.7134,11.71,11.725,11.725,11.71,2026-08-05 19:27:00,26
1000.0,11.7024,11.7001,11.7,11.7001,11.7,2026-08-05 19:29:00,27
673.0,11.7054,11.7,11.7,11.7,11.7,2026-08-05 19:30:00,28
857.13857,11.6943,11.72,11.69,11.72,11.69,2026-08-05 19:31:00,33
841.0,11.6604,11.6435,11.66,11.66,11.6435,2026-08-05 19:38:00,22
437.0,11.6649,11.66,11.66,11.66,11.66,2026-08-05 19:39:00,16
1148.0,11.6549,11.665,11.67,11.67,11.64,2026-08-05 19:40:00,64
330.0,11.6511,11.65,11.65,11.65,11.65,2026-08-05 19:41:00,18
3970.0,11.6335,11.636,11.645,11.645,11.63,2026-08-05 19:42:00,35
5777.0,11.6501,11.635,11.67,11.67,11.63,2026-08-05 19:43:00,74
3754.0,11.6517,11.67,11.665,11.67,11.64,2026-08-05 19:44:00,61
2887.0,11.647,11.66,11.65,11.66,11.64,2026-08-05 19:45:00,47
7918.0,11.6166,11.65,11.58,11.65,11.58,2026-08-05 19:46:00,85
3450.0,11.5763,11.58,11.54,11.58,11.54,2026-08-05 19:47:00,61
1052.0,11.5353,11.53,11.53,11.53,11.53,2026-08-05 19:48:00,13
1613.0,11.5825,11.55,11.58,11.605,11.55,2026-08-05 19:50:00,33
522.866796,11.6076,11.59,11.59,11.59,11.59,2026-08-05 19:51:00,15
4916.0,11.5871,11.56,11.63,11.63,11.56,2026-08-05 19:55:00,90
4836.0,11.5704,11.6,11.55,11.6,11.54,2026-08-05 19:56:00,77
6956.0,11.5319,11.53,11.55,11.55,11.51,2026-08-05 19:57:00,94
11737.0,11.5424,11.55,11.56,11.565,11.53,2026-08-05 19:58:00,158
16891.0,11.556,11.56,11.55,11.58,11.54,2026-08-05 19:59:00,250
10178.881076,11.581,11.58,11.58,11.58,11.58,2026-08-05 20:00:00,12
2487.0,11.4995,11.5,11.5,11.5,11.49,2026-08-05 20:52:00,15
600.0,11.4967,11.53,11.49,11.53,11.49,2026-08-05 21:04:00,2
100.0,11.5185,11.5185,11.5185,11.5185,11.5185,2026-08-05 21:12:00,1
222.0,11.8358,11.8358,11.8358,11.8358,11.8358,2026-08-05 21:39:00,1
438.0,11.49,11.49,11.49,11.49,11.49,2026-08-05 23:15:00,1
195.0,11.5,11.5,11.5,11.5,11.5,2026-08-06 08:24:00,9
419.0,11.4364,11.465,11.465,11.465,11.465,2026-08-06 08:28:00,28
372.0,11.7621,11.9148,11.9148,11.9148,11.9148,2026-08-06 11:00:00,6
421.0,11.45,11.45,11.45,11.45,11.45,2026-08-06 11:03:00,2
2000.0,11.4495,11.45,11.45,11.45,11.45,2026-08-06 11:28:00,13
1000.0,11.65,11.65,11.65,11.65,11.65,2026-08-06 12:21:00,1
2000.0,11.4565,11.44,11.46,11.46,11.44,2026-08-06 13:00:00,17
500.0,11.46,11.46,11.46,11.46,11.46,2026-08-06 13:02:00,3
300.0,11.4133,11.4133,11.4133,11.4133,11.4133,2026-08-06 13:10:00,1
500.0,11.45,11.45,11.45,11.45,11.45,2026-08-06 13:12:00,1
201.0,11.39,11.39,11.39,11.39,11.39,2026-08-06 13:15:00,4
338.0,11.3486,11.35,11.35,11.35,11.35,2026-08-06 13:27:00,14
2867.0,11.3473,11.33,11.37,11.37,11.33,2026-08-06 13:28:00,50
15930.754252,11.3626,11.39,11.29,11.495,11.275,2026-08-06 13:30:00,80
2981.0,11.2276,11.19,11.28,11.3,11.19,2026-08-06 13:31:00,66
45096.33818,11.2151,11.25,11.13,11.25,11.06,2026-08-06 13:32:00,142
11699.81289,11.28,11.122,11.36,11.36,11.122,2026-08-06 13:33:00,51
542.0,11.4009,11.37,11.405,11.405,11.37,2026-08-06 13:34:00,20
1406.0,11.4153,11.405,11.42,11.45,11.405,2026-08-06 13:35:00,31
2207.4952,11.4183,11.3416,11.44,11.47,11.3416,2026-08-06 13:36:00,25
1767.0,11.485,11.445,11.52,11.52,11.445,2026-08-06 13:37:00,43
984.594,11.5269,11.525,11.48,11.555,11.48,2026-08-06 13:38:00,40
1081.577812,11.4532,11.45,11.46,11.46,11.42,2026-08-06 13:39:00,19
1603.643301,11.5954,11.6,11.61,11.61,11.55,2026-08-06 13:41:00,62
593.0,11.5427,11.565,11.52,11.565,11.52,2026-08-06 13:42:00,25
220.0,11.5607,11.57,11.57,11.57,11.57,2026-08-06 13:44:00,5
300.0,11.53,11.53,11.53,11.53,11.53,2026-08-06 13:45:00,1
310.0,11.5881,11.59,11.59,11.59,11.59,2026-08-06 13:46:00,4
615.0,11.6342,11.61,11.67,11.67,11.61,2026-08-06 13:47:00,63
1779.8103,11.6766,11.6742,11.67,11.69,11.65,2026-08-06 13:48:00,71
1616.1,11.6446,11.62,11.61,11.68,11.61,2026-08-06 13:49:00,110
1055.0,11.6174,11.625,11.625,11.625,11.625,2026-08-06 13:50:00,29
281.0,11.5548,11.55,11.56,11.56,11.55,2026-08-06 13:51:00,5
641.0,11.5928,11.6035,11.555,11.6035,11.555,2026-08-06 13:52:00,2
2367.293614,11.609,11.6099,11.58,11.61,11.58,2026-08-06 13:53:00,16
402.686059,11.6079,11.61,11.61,11.61,11.61,2026-08-06 13:54:00,7
640.0,11.5537,11.54,11.565,11.565,11.53,2026-08-06 13:55:00,23
232.0,11.5821,11.59,11.59,11.59,11.59,2026-08-06 13:57:00,12
645.0,11.646,11.62,11.67,11.67,11.62,2026-08-06 13:58:00,24
1648.0,11.6674,11.72,11.645,11.72,11.645,2026-08-06 13:59:00,54
737.36612,11.6842,11.7,11.6716,11.7,11.6716,2026-08-06 14:00:00,28
496.0,11.6814,11.68,11.68,11.68,11.68,2026-08-06 14:01:00,19
473.127254,11.7087,11.71,11.71,11.71,11.71,2026-08-06 14:02:00,33
2278.0,11.6648,11.69,11.6357,11.69,11.63,2026-08-06 14:03:00,43
420.0,11.6505,11.65,11.65,11.65,11.65,2026-08-06 14:04:00,8
4065.0,11.5751,11.66,11.55,11.66,11.53,2026-08-06 14:05:00,58
1573.0,11.5018,11.51,11.51,11.51,11.5,2026-08-06 14:06:00,18
518.0,11.5313,11.515,11.55,11.55,11.515,2026-08-06 14:07:00,22
155.318,11.6085,11.58,11.58,11.58,11.58,2026-08-06 14:08:00,12
1158.0,11.6482,11.6521,11.65,11.6521,11.645,2026-08-06 14:09:00,27
137.0,11.6972,11.6999,11.6999,11.6999,11.6999,2026-08-06 14:11:00,5
8801.0,11.7276,11.66,11.76,11.77,11.66,2026-08-06 14:12:00,100
284.0,11.7712,11.78,11.78,11.78,11.78,2026-08-06 14:13:00,51
1242.0,11.7665,11.76,11.78,11.78,11.76,2026-08-06 14:14:00,45
1458.0,11.8092,11.77,11.87,11.88,11.77,2026-08-06 14:15:00,100
9228.0,11.9129,11.88,11.9287,11.94,11.88,2026-08-06 14:16:00,63
1573.420405,11.94,11.905,11.9797,11.9797,11.905,2026-08-06 14:17:00,50
1521.0,11.9378,11.92,11.95,11.95,11.92,2026-08-06 14:18:00,42
772.0,11.9724,11.9501,11.97,11.97,11.9501,2026-08-06 14:19:00,43
6370.14886,12.0469,11.99,12.1,12.1154,11.99,2026-08-06 14:20:00,155
3118.0,12.1127,12.12,12.12,12.13,12.1,2026-08-06 14:21:00,53
8746.56488,12.126,12.1822,12.14,12.1822,12.09,2026-08-06 14:22:00,102
692.78831,12.1634,12.19,12.14,12.19,12.14,2026-08-06 14:23:00,26
1054.0,12.1481,12.14,12.16,12.16,12.14,2026-08-06 14:24:00,18
2206.754796,12.1646,12.17,12.16,12.17,12.11,2026-08-06 14:25:00,51
1805.0,12.1469,12.16,12.11,12.16,12.11,2026-08-06 14:26:00,15
3113.0,12.1054,12.13,12.09,12.1435,12.09,2026-08-06 14:27:00,50
7981.748175,12.0621,12.11,12.08,12.1199,12.04,2026-08-06 14:28:00,162
7240.521797,12.0495,12.0749,12.0203,12.0749,12.0203,2026-08-06 14:29:00,73
1132.48329,12.1019,12.07,12.1217,12.1217,12.07,2026-08-06 14:30:00,17
1760.2541,12.0002,12.04,11.99,12.04,11.98,2026-08-06 14:31:00,44
171.0,12.0026,12.004,12.004,12.004,12.004,2026-08-06 14:32:00,5
4338.0,12.0393,12.03,12.04,12.04,12.03,2026-08-06 14:33:00,15
799.0,12.0398,11.9912,12.01,12.1198,11.9912,2026-08-06 14:34:00,10
236.968,12.0798,12.0,12.055,12.055,12.0,2026-08-06 14:35:00,7
319.0,12.0503,12.02,12.02,12.02,12.02,2026-08-06 14:36:00,8
5290.0,11.9996,12.03,11.9663,12.04,11.9663,2026-08-06 14:37:00,76
2993.581828,11.9273,11.96,11.89,11.98,11.89,2026-08-06 14:38:00,57
2498.0,11.8559,11.88,11.86,11.88,11.86,2026-08-06 14:39:00,48
886.0,11.8327,11.82,11.825,11.825,11.82,2026-08-06 14:40:00,35
2841.0,11.8439,11.845,11.845,11.845,11.845,2026-08-06 14:41:00,8
2006.283788,11.862,11.8269,11.84,11.89,11.8269,2026-08-06 14:42:00,31
1553.0,11.8366,11.85,11.8313,11.85,11.8313,2026-08-06 14:43:00,8
1147.0,11.8245,11.85,11.78,11.85,11.78,2026-08-06 14:44:00,27
931.422829,11.7719,11.78,11.77,11.78,11.77,2026-08-06 14:45:00,34
5385.0,11.7142,11.77,11.68,11.78,11.68,2026-08-06 14:46:00,103
1905.0,11.7065,11.69,11.71,11.725,11.69,2026-08-06 14:50:00,32
716.0,11.7232,11.71,11.7237,11.7237,11.71,2026-08-06 14:51:00,32
7871.0,11.6893,11.735,11.65,11.735,11.65,2026-08-06 14:52:00,112
1155.0,11.6827,11.68,11.68,11.68,11.68,2026-08-06 14:53:00,16
749.0,11.6926,11.67,11.715,11.715,11.67,2026-08-06 14:54:00,21
130.0,11.6811,11.68,11.68,11.68,11.68,2026-08-06 14:55:00,4
439.699235,11.7388,11.73,11.7,11.73,11.7,2026-08-06 14:56:00,12
366.0,11.7251,11.72,11.725,11.725,11.72,2026-08-06 14:57:00,20
306.0,11.7258,11.74,11.74,11.74,11.74,2026-08-06 14:58:00,12
580.058498,11.7052,11.7,11.7,11.7,11.7,2026-08-06 14:59:00,12
116.0,11.7124,11.71,11.71,11.71,11.71,2026-08-06 15:00:00,4
253.116,11.7208,11.7156,11.7156,11.7156,11.7156,2026-08-06 15:01:00,3
481.127,11.7177,11.72,11.71,11.72,11.71,2026-08-06 15:02:00,17
497.0,11.6873,11.69,11.68,11.69,11.68,2026-08-06 15:03:00,14
2536.0,11.6916,11.67,11.72,11.72,11.67,2026-08-06 15:05:00,29
288.0,11.7361,11.73,11.73,11.73,11.73,2026-08-06 15:06:00,25
429.0,11.7418,11.72,11.75,11.75,11.72,2026-08-06 15:08:00,15
2543.0,11.7254,11.74,11.725,11.74,11.71,2026-08-06 15:09:00,20
553.0,11.7461,11.735,11.735,11.735,11.735,2026-08-06 15:10:00,26
685.0,11.7429,11.74,11.75,11.75,11.74,2026-08-06 15:11:00,21
161.0,11.722,11.72,11.72,11.72,11.72,2026-08-06 15:12:00,14
1455.0,11.6771,11.71,11.6647,11.71,11.6647,2026-08-06 15:13:00,16
407.0,11.6621,11.66,11.65,11.66,11.65,2026-08-06 15:14:00,14
164.0,11.7068,11.705,11.705,11.705,11.705,2026-08-06 15:16:00,18
191.0,11.7051,11.71,11.71,11.71,11.71,2026-08-06 15:17:00,5
827.0,11.6817,11.69,11.68,11.69,11.68,2026-08-06 15:18:00,23
235.0,11.6549,11.65,11.65,11.65,11.65,2026-08-06 15:19:00,14
798.0,11.6439,11.65,11.63,11.65,11.63,2026-08-06 15:21:00,13
3398.0,11.5833,11.62,11.57,11.62,11.57,2026-08-06 15:23:00,32
5383.0,11.6246,11.65,11.665,11.665,11.6,2026-08-06 15:25:00,10
111.0,11.6218,11.62,11.62,11.62,11.62,2026-08-06 15:26:00,5
836.0,11.625,11.63,11.63,11.63,11.63,2026-08-06 15:28:00,28
848.0,11.6384,11.64,11.64,11.64,11.64,2026-08-06 15:30:00,48
1126.119877,11.5706,11.58,11.57,11.58,11.57,2026-08-06 15:33:00,32
1494.0,11.5774,11.5874,11.5874,11.5874,11.5874,2026-08-06 15:34:00,23
279.0,11.565,11.55,11.55,11.55,11.55,2026-08-06 15:35:00,9
906.0,11.5116,11.51,11.515,11.525,11.5,2026-08-06 15:37:00,22
2605.0,11.4994,11.525,11.4934,11.525,11.4934,2026-08-06 15:39:00,7
576.08673,11.5013,11.4958,11.5,11.5,11.4958,2026-08-06 15:40:00,7
486.094629,11.5029,11.5,11.5,11.5,11.5,2026-08-06 15:41:00,15
331.0,11.5276,11.5339,11.5339,11.5339,11.5339,2026-08-06 15:42:00,7
4843.0,11.4999,11.5,11.5,11.5,11.5,2026-08-06 15:43:00,23
2127.13,11.4946,11.4701,11.51,11.52,11.4701,2026-08-06 15:44:00,43
560.0,11.5188,11.49,11.535,11.535,11.49,2026-08-06 15:46:00,33
543.0,11.5536,11.545,11.5594,11.5594,11.545,2026-08-06 15:47:00,19
350.0,11.5652,11.56,11.56,11.56,11.56,2026-08-06 15:48:00,23
211.0,11.5773,11.58,11.58,11.58,11.58,2026-08-06 15:49:00,6
1141.0,11.6094,11.61,11.61,11.61,11.61,2026-08-06 15:50:00,43
540.043927,11.608,11.61,11.61,11.61,11.61,2026-08-06 15:51:00,7
617.0,11.5875,11.59,11.58,11.59,11.58,2026-08-06 15:52:00,17
249.0,11.5519,11.55,11.553,11.553,11.55,2026-08-06 15:54:00,3
479.0,11.5586,11.55,11.555,11.555,11.545,2026-08-06 15:55:00,11
524.0,11.5518,11.55,11.55,11.55,11.55,2026-08-06 16:00:00,12
381.0,11.5241,11.52,11.52,11.52,11.52,2026-08-06 16:01:00,10
1486.0,11.4882,11.5,11.47,11.5,11.47,2026-08-06 16:04:00,38
2368.0,11.4619,11.475,11.4523,11.475,11.4523,2026-08-06 16:05:00,17
306.059868,11.4642,11.45,11.45,11.45,11.45,2026-08-06 16:06:00,8
1335.0,11.5232,11.5268,11.5268,11.5268,11.5268,2026-08-06 16:07:00,15
231.0,11.5021,11.5,11.5,11.5,11.5,2026-08-06 16:08:00,12
894.0,11.4624,11.46,11.46,11.46,11.46,2026-08-06 16:09:00,7
238.234014,11.5106,11.5,11.5,11.5,11.5,2026-08-06 16:10:00,10
408.0,11.4852,11.495,11.495,11.495,11.495,2026-08-06 16:11:00,11
540.0,11.4974,11.5,11.5,11.5,11.5,2026-08-06 16:12:00,12
593.0,11.4558,11.46,11.45,11.46,11.45,2026-08-06 16:13:00,22
1563.0,11.4161,11.42,11.41,11.42,11.41,2026-08-06 16:16:00,35
718.0,11.4477,11.45,11.45,11.45,11.45,2026-08-06 16:17:00,7
427.0,11.4217,11.41,11.43,11.43,11.41,2026-08-06 16:18:00,5
244.0,11.4431,11.445,11.445,11.445,11.445,2026-08-06 16:19:00,10
1376.0,11.4289,11.43,11.43,11.43,11.42,2026-08-06 16:20:00,7
491.0,11.466,11.4799,11.47,11.4799,11.46,2026-08-06 16:21:00,9
1154.0,11.4125,11.44,11.405,11.44,11.4,2026-08-06 16:23:00,19
2568.342369,11.4122,11.39,11.4505,11.4505,11.39,2026-08-06 16:24:00,39
265.8,11.4687,11.435,11.435,11.435,11.435,2026-08-06 16:29:00,4
968.0,11.4365,11.45,11.42,11.45,11.42,2026-08-06 16:32:00,17
264.0,11.4217,11.425,11.425,11.425,11.425,2026-08-06 16:34:00,16
399.0,11.4308,11.4324,11.4324,11.4324,11.4324,2026-08-06 16:36:00,8
406.0,11.4572,11.4875,11.4875,11.4875,11.4875,2026-08-06 16:37:00,20
410.0,11.473,11.475,11.475,11.475,11.475,2026-08-06 16:38:00,9
647.0,11.4935,11.49,11.49,11.49,11.49,2026-08-06 16:40:00,18
598.0,11.4633,11.47,11.45,11.47,11.45,2026-08-06 16:41:00,21
375.0,11.4826,11.48,11.48,11.48,11.48,2026-08-06 16:42:00,47
524.0,11.4762,11.48,11.46,11.48,11.46,2026-08-06 16:43:00,11
785.0,11.4605,11.46,11.46,11.46,11.46,2026-08-06 16:44:00,7
967.0,11.4777,11.45,11.5,11.5,11.45,2026-08-06 16:45:00,19
528.0,11.4476,11.4559,11.45,11.4559,11.45,2026-08-06 16:46:00,16
394.0,11.4937,11.5,11.5,11.5,11.5,2026-08-06 16:48:00,30
1564.0,11.5122,11.52,11.5033,11.52,11.5033,2026-08-06 16:50:00,50
454.0,11.5487,11.55,11.55,11.55,11.545,2026-08-06 16:54:00,6
170.591624,11.5656,11.51,11.51,11.51,11.51,2026-08-06 16:56:00,2
779.0,11.565,11.565,11.565,11.565,11.565,2026-08-06 17:05:00,9
145.0,11.5416,11.54,11.54,11.54,11.54,2026-08-06 17:11:00,3
510.0,11.5441,11.54,11.54,11.54,11.54,2026-08-06 17:14:00,12
973.0,11.4928,11.52,11.48,11.52,11.48,2026-08-06 17:15:00,21
199.0,11.5296,11.53,11.53,11.53,11.53,2026-08-06 17:23:00,6
275.0,11.5756,11.58,11.58,11.58,11.58,2026-08-06 17:25:00,3
1012.0,11.55,11.55,11.55,11.55,11.55,2026-08-06 17:26:00,5
1225.0,11.5666,11.55,11.57,11.57,11.55,2026-08-06 17:27:00,16
2337.0,11.5753,11.57,11.575,11.58,11.57,2026-08-06 17:28:00,17
341.0,11.5622,11.565,11.565,11.565,11.565,2026-08-06 17:29:00,7
269.0,11.5696,11.57,11.57,11.57,11.57,2026-08-06 17:31:00,3
213.0,11.5699,11.57,11.57,11.57,11.57,2026-08-06 17:32:00,5
790.0,11.5343,11.53,11.53,11.53,11.53,2026-08-06 17:33:00,21
2819.0,11.5202,11.52,11.5258,11.5258,11.51,2026-08-06 17:35:00,19
578.0,11.5049,11.51,11.5,11.51,11.5,2026-08-06 17:36:00,14
504.0,11.4806,11.48,11.48,11.48,11.48,2026-08-06 17:42:00,12
312.0,11.5007,11.5,11.509,11.509,11.5,2026-08-06 17:43:00,16
386.0,11.5001,11.5,11.5,11.5,11.5,2026-08-06 17:48:00,6
325.0,11.53,11.53,11.53,11.53,11.53,2026-08-06 17:49:00,7
243.0,11.5338,11.54,11.53,11.54,11.53,2026-08-06 17:50:00,7
499.4323,11.5361,11.505,11.54,11.54,11.505,2026-08-06 17:51:00,11
506.0,11.552,11.56,11.56,11.56,11.56,2026-08-06 17:56:00,17
160.0,11.5058,11.5001,11.5001,11.5001,11.5001,2026-08-06 17:59:00,12
905.0,11.5393,11.54,11.54,11.54,11.54,2026-08-06 18:00:00,16
1037.0,11.4978,11.5,11.495,11.5,11.495,2026-08-06 18:02:00,18
179.0,11.4951,11.495,11.495,11.495,11.495,2026-08-06 18:04:00,5
580.0,11.5208,11.52,11.52,11.52,11.52,2026-08-06 18:05:00,21
224.0,11.5115,11.5,11.5,11.5,11.5,2026-08-06 18:06:00,6
201.0,11.5034,11.5,11.5,11.5,11.5,2026-08-06 18:07:00,8
229.0,11.5306,11.53,11.53,11.53,11.53,2026-08-06 18:10:00,9
863.0,11.5272,11.535,11.51,11.535,11.51,2026-08-06 18:13:00,17
280.0,11.5401,11.53,11.55,11.55,11.53,2026-08-06 18:14:00,16
823.0,11.5213,11.5,11.55,11.55,11.5,2026-08-06 18:16:00,45
128.764918,11.6302,11.56,11.56,11.56,11.56,2026-08-06 18:18:00,13
839.586206,11.6055,11.59,11.6,11.6,11.59,2026-08-06 18:21:00,29
841.0,11.6079,11.61,11.61,11.61,11.61,2026-08-06 18:23:00,32
548.0,11.568,11.56,11.56,11.56,11.56,2026-08-06 18:30:00,18
945.0,11.5409,11.55,11.53,11.55,11.53,2026-08-06 18:34:00,19
190.0,11.537,11.54,11.54,11.54,11.54,2026-08-06 18:35:00,9
411.0,11.555,11.555,11.555,11.555,11.555,2026-08-06 18:37:00,6
138.0,11.5549,11.555,11.555,11.555,11.555,2026-08-06 18:41:00,3
1132.0,11.553,11.54,11.555,11.555,11.54,2026-08-06 18:42:00,7
196.0,11.5632,11.57,11.57,11.57,11.57,2026-08-06 18:43:00,8
422.0,11.5695,11.57,11.579,11.579,11.57,2026-08-06 18:45:00,10
378.0,11.5701,11.54,11.58,11.58,11.54,2026-08-06 18:46:00,18
838.0,11.5514,11.56,11.55,11.56,11.55,2026-08-06 18:47:00,14
228.05,11.5521,11.55,11.55,11.55,11.55,2026-08-06 18:52:00,5
272.05,11.5406,11.54,11.54,11.54,11.54,2026-08-06 18:54:00,8
665.0,11.5484,11.55,11.55,11.55,11.55,2026-08-06 18:57:00,25
508.022,11.5239,11.52,11.52,11.52,11.52,2026-08-06 19:00:00,14
740.0,11.5733,11.56,11.58,11.58,11.56,2026-08-06 19:01:00,28
116.0,11.6031,11.605,11.605,11.605,11.605,2026-08-06 19:02:00,5
294.0,11.59,11.59,11.59,11.59,11.59,2026-08-06 19:03:00,11
609.0,11.595,11.6,11.6,11.6,11.6,2026-08-06 19:04:00,9
2398.0,11.5738,11.59,11.55,11.59,11.55,2026-08-06 19:07:00,39
501.0,11.58,11.58,11.59,11.59,11.58,2026-08-06 19:08:00,14
307.0,11.58,11.58,11.58,11.58,11.58,2026-08-06 19:10:00,6
204.0,11.555,11.56,11.56,11.56,11.56,2026-08-06 19:18:00,8
505.0,11.5597,11.56,11.56,11.56,11.56,2026-08-06 19:21:00,15
1707.0,11.5435,11.54,11.555,11.555,11.54,2026-08-06 19:22:00,36
2380.0,11.5851,11.555,11.6,11.6,11.555,2026-08-06 19:23:00,29
678.8423,11.5917,11.59,11.58,11.59,11.58,2026-08-06 19:24:00,18
408.0,11.5752,11.575,11.575,11.575,11.575,2026-08-06 19:25:00,8
297.0,11.5773,11.585,11.585,11.585,11.585,2026-08-06 19:28:00,8
146.0,11.5736,11.575,11.575,11.575,11.575,2026-08-06 19:31:00,10
558.0,11.5806,11.59,11.575,11.59,11.575,2026-08-06 19:32:00,19
442.0,11.5752,11.575,11.575,11.575,11.575,2026-08-06 19:33:00,15
2132.0,11.5799,11.58,11.58,11.58,11.58,2026-08-06 19:34:00,31
1028.0,11.5765,11.585,11.57,11.585,11.57,2026-08-06 19:35:00,19
3424.0,11.5527,11.56,11.56,11.56,11.55,2026-08-06 19:36:00,49
2261.0,11.5476,11.56,11.53,11.565,11.53,2026-08-06 19:37:00,53
4578.0,11.5086,11.52,11.52,11.52,11.49,2026-08-06 19:38:00,50
213.0,11.5063,11.5013,11.5013,11.5013,11.5013,2026-08-06 19:39:00,7
599.0,11.5306,11.53,11.53,11.53,11.53,2026-08-06 19:40:00,16
316.0,11.5098,11.51,11.51,11.51,11.51,2026-08-06 19:41:00,11
1779.0,11.5345,11.52,11.54,11.54,11.52,2026-08-06 19:43:00,38
1276.0,11.5612,11.56,11.57,11.57,11.56,2026-08-06 19:45:00,27
1470.0,11.5639,11.57,11.56,11.57,11.56,2026-08-06 19:46:00,21
764.0,11.5517,11.55,11.55,11.55,11.55,2026-08-06 19:47:00,33
621.0,11.5595,11.56,11.56,11.56,11.56,2026-08-06 19:48:00,12
645.0,11.5716,11.56,11.575,11.5899,11.56,2026-08-06 19:49:00,18
4006.0,11.6048,11.58,11.635,11.635,11.58,2026-08-06 19:51:00,65
9748.0,11.6192,11.635,11.625,11.635,11.6,2026-08-06 19:52:00,68
3075.0,11.6327,11.63,11.64,11.645,11.625,2026-08-06 19:53:00,59
10090.0,11.6591,11.64,11.7,11.7,11.64,2026-08-06 19:54:00,148
10994.0,11.6716,11.69,11.64,11.69,11.64,2026-08-06 19:55:00,134
3655.0,11.6384,11.64,11.645,11.645,11.62,2026-08-06 19:56:00,44
6069.43883,11.6545,11.66,11.6895,11.6895,11.64,2026-08-06 19:57:00,61
11336.0,11.6573,11.65,11.67,11.68,11.63,2026-08-06 19:58:00,108
7249.0,11.6727,11.675,11.67,11.68,11.66,2026-08-06 19:59:00,119
1228.13357,11.6813,11.68,11.68,11.68,11.68,2026-08-06 20:00:00,8
1070.0,11.58,11.58,11.58,11.58,11.58,2026-08-06 20:02:00,1
283.0,11.58,11.58,11.58,11.58,11.58,2026-08-06 21:28:00,10
200.0,11.64,11.64,11.64,11.64,11.64,2026-08-06 23:10:00,1
200.0,11.64,11.64,11.64,11.64,11.64,2026-08-06 23:51:00,1
4149.0,11.4412,11.56,11.43,11.56,11.43,2026-08-07 08:35:00,29
411.0,11.6792,11.68,11.68,11.68,11.68,2026-08-07 08:52:00,2
110.0,11.66,11.66,11.66,11.66,11.66,2026-08-07 11:20:00,1
1363.0,11.6776,11.67,11.68,11.68,11.67,2026-08-07 11:29:00,5
140.0,11.72,11.72,11.72,11.72,11.72,2026-08-07 12:35:00,1
403.0,11.8126,11.82,11.82,11.82,11.82,2026-08-07 12:59:00,7
335.0,11.811,11.81,11.81,11.81,11.81,2026-08-07 13:01:00,7
1271.0,11.82,11.82,11.82,11.82,11.82,2026-08-07 13:03:00,8
400.0,11.8,11.8,11.8,11.8,11.8,2026-08-07 13:20:00,1
1543.0,11.9988,11.99,11.99,12.04,11.99,2026-08-07 13:29:00,49
11764.610635,11.8837,11.88,11.8746,11.92,11.835,2026-08-07 13:30:00,114
5799.0,11.8001,11.81,11.795,11.81,11.75,2026-08-07 13:31:00,52
2553.0,11.8636,11.8678,11.86,11.87,11.85,2026-08-07 13:32:00,25
5682.0,11.9373,11.9,12.0,12.0,11.9,2026-08-07 13:33:00,80
13641.0,12.0481,12.03,12.1,12.1,11.99,2026-08-07 13:34:00,129
705.0,12.0377,12.035,12.04,12.0404,12.0335,2026-08-07 13:35:00,18
2152.0781,12.0306,12.06,11.99,12.06,11.99,2026-08-07 13:36:00,57
2375.0,11.9556,12.0517,11.96,12.0517,11.9,2026-08-07 13:37:00,82
1598.0,11.9317,11.98,12.04,12.04,11.8883,2026-08-07 13:38:00,37
1270.083208,12.0808,12.09,12.07,12.1,12.055,2026-08-07 13:39:00,71
8419.262521,12.078,12.09,12.0,12.1,12.0,2026-08-07 13:40:00,115
5180.0,11.9727,12.02,11.94,12.0267,11.91,2026-08-07 13:41:00,159
2711.0,11.9346,11.97,11.92,11.97,11.92,2026-08-07 13:42:00,49
7862.353162,11.9608,11.935,12.07,12.07,11.935,2026-08-07 13:43:00,97
4942.289,12.0998,12.1,12.0989,12.1,12.0989,2026-08-07 13:44:00,59
3325.67157,12.1048,12.05,12.14,12.14,12.05,2026-08-07 13:45:00,60
5008.0,12.022,12.05,12.03,12.05,12.0,2026-08-07 13:46:00,114
632.422829,12.0627,12.06,12.065,12.065,12.03,2026-08-07 13:47:00,42
475.09637,12.0668,12.065,12.065,12.065,12.065,2026-08-07 13:49:00,18
231.0,12.0627,12.075,12.075,12.075,12.075,2026-08-07 13:50:00,9
2303.0,12.0178,12.07,11.96,12.07,11.96,2026-08-07 13:51:00,81
7427.0,11.9956,11.99,11.98,12.015,11.975,2026-08-07 13:52:00,122
3735.45036,11.9969,12.0,11.985,12.0,11.985,2026-08-07 13:53:00,61
452.0,11.9724,11.97,11.97,11.97,11.97,2026-08-07 13:54:00,40
1530.0,11.9426,11.95,11.92,11.96,11.92,2026-08-07 13:55:00,60
4523.219463,11.8958,11.92,11.89,11.92,11.89,2026-08-07 13:56:00,58
424.126198,11.8851,11.88,11.88,11.88,11.88,2026-08-07 13:57:00,30
1578.0,11.9001,11.9002,11.9,11.9002,11.9,2026-08-07 13:58:00,28
3491.0,11.9092,11.92,11.89,11.92,11.89,2026-08-07 13:59:00,54
3046.819149,11.9242,11.89,11.945,11.945,11.87,2026-08-07 14:00:00,39
782.0,11.9178,11.91,11.915,11.915,11.91,2026-08-07 14:01:00,27
1334.071726,11.8993,11.89,11.91,11.91,11.89,2026-08-07 14:02:00,51
1936.87729,11.8767,11.89,11.84,11.89,11.84,2026-08-07 14:04:00,65
509.914896,11.8786,11.86,11.86,11.86,11.86,2026-08-07 14:05:00,28
710.0,11.845,11.84,11.84,11.84,11.84,2026-08-07 14:06:00,34
1809.0,11.8291,11.83,11.82,11.83,11.82,2026-08-07 14:07:00,43
1825.0,11.8242,11.83,11.8218,11.85,11.8,2026-08-07 14:08:00,54
11782.0,11.7428,11.8,11.745,11.8,11.72,2026-08-07 14:09:00,130
1515.1,11.7234,11.71,11.73,11.73,11.71,2026-08-07 14:10:00,51
1139.05,11.7451,11.77,11.75,11.77,11.73,2026-08-07 14:11:00,37
1607.0,11.7113,11.73,11.7,11.73,11.7,2026-08-07 14:12:00,35
2125.0,11.708,11.6501,11.705,11.75,11.6501,2026-08-07 14:13:00,38
295.0,11.7209,11.72,11.72,11.72,11.72,2026-08-07 14:15:00,12
259.0,11.7407,11.75,11.75,11.75,11.75,2026-08-07 14:16:00,16
898.89361,11.7661,11.74,11.795,11.795,11.74,2026-08-07 14:17:00,21
586.0,11.8252,11.842,11.85,11.85,11.8,2026-08-07 14:18:00,27
1999.558159,11.898,11.89,11.92,11.92,11.89,2026-08-07 14:19:00,63
1906.1,11.915,11.94,11.9,11.94,11.9,2026-08-07 14:20:00,54
977.0,11.8568,11.85,11.86,11.86,11.85,2026-08-07 14:22:00,37
1235.0,11.8635,11.85,11.8665,11.8665,11.85,2026-08-07 14:24:00,17
450.0,11.9587,11.96,11.96,11.96,11.96,2026-08-07 14:26:00,44
1752.443333,11.9979,11.97,12.02,12.02,11.97,2026-08-07 14:27:00,75
16923.0,12.0216,12.01,12.03,12.06,12.0,2026-08-07 14:28:00,199
2472.0,12.0422,12.02,12.06,12.06,12.02,2026-08-07 14:29:00,52
425.0,12.0492,12.0207,12.0207,12.0207,12.0207,2026-08-07 14:30:00,41
2963.0,11.9976,12.055,11.95,12.055,11.95,2026-08-07 14:31:00,78
2286.35,11.9488,11.935,11.92,11.96,11.92,2026-08-07 14:32:00,59
457.0,11.9143,11.93,11.89,11.93,11.89,2026-08-07 14:33:00,20
1007.0,11.8753,11.88,11.87,11.88,11.87,2026-08-07 14:34:00,34
470.0,11.9105,11.935,11.91,11.935,11.91,2026-08-07 14:35:00,28
295.0,11.9008,11.88,11.88,11.88,11.88,2026-08-07 14:37:00,11
235.0,11.9256,11.935,11.935,11.935,11.935,2026-08-07 14:38:00,8
2559.0,11.8981,11.91,11.91,11.91,11.87,2026-08-07 14:39:00,48
712.237109,11.9124,11.9,11.93,11.93,11.9,2026-08-07 14:40:00,29
108.557,11.9917,11.93,11.93,11.93,11.93,2026-08-07 14:41:00,8
485.083586,11.9452,11.93,11.95,11.95,11.93,2026-08-07 14:42:00,9
1544.0,11.9298,11.91,11.94,11.94,11.91,2026-08-07 14:44:00,27
1222.0,11.9134,11.925,11.9,11.925,11.9,2026-08-07 14:45:00,50
1215.0,11.9216,11.915,11.92,11.93,11.915,2026-08-07 14:46:00,32
440.0,11.9311,11.93,11.94,11.94,11.93,2026-08-07 14:47:00,13
1703.0,11.9235,11.93,11.92,11.93,11.92,2026-08-07 14:48:00,41
2409.0,11.8884,11.91,11.88,11.91,11.87,2026-08-07 14:49:00,61
1115.0,11.891,11.9,11.91,11.91,11.9,2026-08-07 14:50:00,33
279.0,11.8987,11.89,11.89,11.89,11.89,2026-08-07 14:51:00,8
1695.65,11.8825,11.92,11.84,11.92,11.84,2026-08-07 14:52:00,32
951.0,11.9085,11.91,11.91,11.91,11.91,2026-08-07 14:53:00,8
1198.0,11.877,11.9,11.875,11.9,11.839,2026-08-07 14:54:00,17
286.0,11.8863,11.875,11.875,11.875,11.875,2026-08-07 14:57:00,27
402.0,11.8926,11.9,11.88,11.9,11.88,2026-08-07 14:59:00,16
5201.0,11.895,11.9,11.915,11.915,11.88,2026-08-07 15:00:00,58
581.0,11.8838,11.88,11.88,11.88,11.88,2026-08-07 15:02:00,21
761.0,11.8979,11.89,11.9,11.9,11.89,2026-08-07 15:03:00,29
325.775987,11.9682,11.952,11.952,11.952,11.952,2026-08-07 15:04:00,19
1399.0,11.9427,11.95,11.95,11.95,11.95,2026-08-07 15:05:00,41
503.0,11.9583,11.96,11.97,11.97,11.96,2026-08-07 15:06:00,42
4938.0,11.9751,11.98,11.97,11.98,11.96,2026-08-07 15:07:00,89
2316.0,11.9783,11.98,11.98,11.98,11.965,2026-08-07 15:08:00,32
1126.0,11.9595,11.97,11.95,11.97,11.95,2026-08-07 15:09:00,41
276.0,11.9672,11.977,11.977,11.977,11.977,2026-08-07 15:11:00,18
3617.0,11.9566,11.97,11.95,11.97,11.95,2026-08-07 15:12:00,60
526.0,11.9502,11.95,11.95,11.95,11.95,2026-08-07 15:14:00,8
527.0,11.9558,11.96,11.96,11.96,11.96,2026-08-07 15:16:00,14
6201.08361,11.9797,11.98,11.98,11.98,11.98,2026-08-07 15:18:00,53
793.0,12.0228,12.01,12.04,12.04,12.01,2026-08-07 15:20:00,65
1441.248574,12.0487,12.07,12.04,12.08,12.04,2026-08-07 15:21:00,61
285.0,12.0383,12.055,12.055,12.055,12.055,2026-08-07 15:23:00,7
419.0,12.0623,12.05,12.07,12.07,12.05,2026-08-07 15:26:00,22
4709.0,12.0349,12.06,12.02,12.06,12.01,2026-08-07 15:28:00,72
737.0,12.038,12.03,12.05,12.05,12.025,2026-08-07 15:29:00,16
1105.0,12.0235,12.02,12.01,12.02,12.01,2026-08-07 15:30:00,35
1202.0,12.0451,12.03,12.0481,12.0481,12.03,2026-08-07 15:31:00,10
175.0,12.0244,12.02,12.02,12.02,12.02,2026-08-07 15:33:00,11
3230.0,12.0569,12.035,12.06,12.06,12.035,2026-08-07 15:35:00,27
901.0,12.0575,12.06,12.055,12.06,12.05,2026-08-07 15:36:00,19
447.0,12.0423,12.04,12.04,12.04,12.04,2026-08-07 15:37:00,20
598.0,12.0346,12.03,12.03,12.03,12.03,2026-08-07 15:40:00,23
8526.0,12.0124,12.045,11.98,12.05,11.97,2026-08-07 15:45:00,159
3075.0,11.9979,11.985,12.0,12.0,11.985,2026-08-07 15:46:00,20
655.0,12.0016,12.0,12.0,12.0,12.0,2026-08-07 15:48:00,16
5619.0,12.0174,12.01,12.0325,12.0432,11.98,2026-08-07 15:49:00,34
1981.157448,12.0298,12.04,12.04,12.04,11.9951,2026-08-07 15:50:00,26
878.0,12.0308,12.025,12.0499,12.0499,12.025,2026-08-07 15:51:00,24
983.0,12.0168,12.02,12.02,12.02,12.02,2026-08-07 15:53:00,29
4257.1,12.05,12.05,12.04,12.07,12.04,2026-08-07 15:55:00,38
291.0,12.039,12.04,12.04,12.04,12.04,2026-08-07 15:56:00,10
259.0,12.0385,12.04,12.04,12.04,12.04,2026-08-07 15:57:00,15
3473.116327,12.0241,12.03,12.01,12.03,12.01,2026-08-07 15:58:00,32
1219.0,12.012,12.01,12.01,12.01,12.01,2026-08-07 15:59:00,12
9151.0,12.0073,12.01,11.99,12.02,11.99,2026-08-07 16:00:00,58
350.908565,12.0343,12.0195,12.0195,12.0195,12.0195,2026-08-07 16:01:00,12
3432.0,12.007,11.99,12.025,12.025,11.99,2026-08-07 16:04:00,32
5896.0,12.0472,12.025,12.06,12.06,12.025,2026-08-07 16:05:00,36
4022.0,12.1033,12.0978,12.14,12.14,12.0978,2026-08-07 16:06:00,100
2854.0,12.1677,12.18,12.16,12.18,12.16,2026-08-07 16:07:00,74
2159.0,12.1503,12.165,12.12,12.165,12.12,2026-08-07 16:08:00,26
2496.87089,12.1172,12.12,12.11,12.12,12.11,2026-08-07 16:09:00,25
1815.0,12.0918,12.1,12.09,12.1,12.08,2026-08-07 16:11:00,37
466.072538,12.1382,12.16,12.115,12.16,12.115,2026-08-07 16:12:00,8
3709.0,12.0909,12.0712,12.1,12.1,12.0712,2026-08-07 16:13:00,10
254.675232,12.1613,12.1644,12.1644,12.1644,12.1644,2026-08-07 16:14:00,19
1221.0,12.0947,12.1,12.095,12.1,12.09,2026-08-07 16:15:00,35
1208.0,12.0899,12.09,12.0801,12.09,12.0801,2026-08-07 16:17:00,25
311.0,12.0809,12.08,12.08,12.08,12.08,2026-08-07 16:19:00,7
319.0,12.0992,12.1,12.1,12.1,12.1,2026-08-07 16:20:00,6
1174.0,12.0972,12.0996,12.0996,12.0996,12.0996,2026-08-07 16:21:00,15
1574.0,12.0771,12.07,12.08,12.08,12.07,2026-08-07 16:22:00,29
2586.0,12.0643,12.08,12.05,12.08,12.05,2026-08-07 16:23:00,44
1946.243265,12.0267,12.03,12.02,12.04,12.02,2026-08-07 16:24:00,53
3014.0,12.002,12.01,12.0,12.01,12.0,2026-08-07 16:25:00,30
525.992937,12.0209,12.015,11.99,12.015,11.99,2026-08-07 16:26:00,21
789.92326,11.9842,11.97,11.97,11.97,11.97,2026-08-07 16:27:00,22
2002.0,11.9794,11.97,11.99,11.99,11.97,2026-08-07 16:28:00,31
1913.0,11.9544,11.97,11.94,11.97,11.94,2026-08-07 16:30:00,47
275.0,11.9195,11.91,11.91,11.91,11.91,2026-08-07 16:31:00,15
535.0,11.8986,11.89,11.89,11.89,11.89,2026-08-07 16:33:00,28
200.0,11.9356,11.95,11.95,11.95,11.95,2026-08-07 16:40:00,7
1523.112201,11.9011,11.89,11.92,11.92,11.89,2026-08-07 16:42:00,34
559.0,11.967,11.9939,11.9939,11.9939,11.9939,2026-08-07 16:43:00,11
375.0,11.9582,11.955,11.955,11.955,11.955,2026-08-07 16:45:00,17
105.0,11.9891,11.99,11.99,11.99,11.99,2026-08-07 16:48:00,6
282.0,11.97,11.97,11.97,11.97,11.97,2026-08-07 16:49:00,14
437.0,11.9896,12.0,11.99,12.0,11.99,2026-08-07 16:50:00,17
308.082923,11.9723,11.9957,11.955,11.9957,11.955,2026-08-07 16:51:00,31
317.0,11.9718,11.9757,11.965,11.9757,11.965,2026-08-07 16:52:00,16
226.0,11.9742,11.98,11.98,11.98,11.98,2026-08-07 16:54:00,8
303.0,11.9683,11.97,11.97,11.97,11.97,2026-08-07 17:00:00,11
852.0,11.9382,11.94,11.92,11.94,11.92,2026-08-07 17:01:00,27
551.0,11.9233,11.92,11.92,11.92,11.92,2026-08-07 17:02:00,23
191.0,11.9338,11.93,11.93,11.93,11.93,2026-08-07 17:03:00,10
1597.0,11.9021,11.9,11.9,11.9,11.9,2026-08-07 17:04:00,29
135.0,11.9413,11.94,11.94,11.94,11.94,2026-08-07 17:07:00,14
1235.0,11.9501,11.95,11.95,11.95,11.95,2026-08-07 17:09:00,11
730.0,11.945,11.945,11.945,11.945,11.945,2026-08-07 17:12:00,11
653.0,11.9378,11.95,11.94,11.95,11.94,2026-08-07 17:16:00,21
214.0,11.9883,11.99,11.99,11.99,11.99,2026-08-07 17:19:00,12
528.875,11.9916,11.97,11.97,11.97,11.97,2026-08-07 17:20:00,20
503.0,11.954,11.95,11.95,11.95,11.95,2026-08-07 17:21:00,15
116.0,11.9336,11.93,11.93,11.93,11.93,2026-08-07 17:24:00,6
1260.956448,11.9292,11.93,11.91,11.93,11.91,2026-08-07 17:25:00,31
1120.0,11.8812,11.89,11.87,11.89,11.87,2026-08-07 17:33:00,32
108.0,11.8971,11.8985,11.8985,11.8985,11.8985,2026-08-07 17:36:00,5
482.875,11.887,11.875,11.87,11.875,11.87,2026-08-07 17:38:00,12
273.0,11.8714,11.8701,11.8701,11.8701,11.8701,2026-08-07 17:40:00,9
900.0,11.8732,11.87,11.87,11.87,11.87,2026-08-07 17:41:00,29
20554.48,11.9992,11.92,11.965,12.05,11.92,2026-08-07 17:48:00,272
255.83411,12.0255,11.985,11.985,11.985,11.985,2026-08-07 17:49:00,12
561.0,11.9623,11.96,11.97,11.97,11.96,2026-08-07 17:51:00,19
552.0,11.9472,11.945,11.945,11.945,11.945,2026-08-07 17:52:00,12
1047.0,11.9617,11.95,11.9827,11.9827,11.95,2026-08-07 17:53:00,36
332.0,11.9586,11.95,11.95,11.95,11.95,2026-08-07 17:54:00,12
1794.0,11.9653,11.96,11.985,11.985,11.96,2026-08-07 17:56:00,41
604.0,11.9743,11.97,11.97,11.97,11.97,2026-08-07 17:59:00,21
326.0,11.9738,11.975,11.975,11.975,11.975,2026-08-07 18:00:00,12
620.0,12.0015,12.0,12.0,12.0,12.0,2026-08-07 18:02:00,30
974.0,11.9883,11.99,11.99,11.99,11.99,2026-08-07 18:03:00,27
453.0,11.9834,11.985,12.0,12.0,11.9662,2026-08-07 18:04:00,10
451.0,11.9916,11.9999,12.0,12.0,11.97,2026-08-07 18:09:00,9
3763.0,11.9748,11.97,11.985,11.985,11.97,2026-08-07 18:10:00,36
985.0,11.9627,11.96,11.96,11.96,11.96,2026-08-07 18:12:00,33
857.112322,11.9506,11.95,11.94,11.95,11.94,2026-08-07 18:13:00,16
1063.419111,11.9358,11.93,11.93,11.93,11.93,2026-08-07 18:14:00,33
282.0,11.9402,11.94,11.94,11.94,11.94,2026-08-07 18:20:00,15
870.0,11.9499,11.945,11.955,11.96,11.945,2026-08-07 18:22:00,20
177.0,11.955,11.955,11.955,11.955,11.955,2026-08-07 18:23:00,12
1933.0,12.0007,11.955,12.035,12.05,11.955,2026-08-07 18:25:00,105
8862.0,12.0596,12.0557,12.04,12.07,12.04,2026-08-07 18:26:00,127
7012.0,12.0201,12.03,12.02,12.03,12.0,2026-08-07 18:27:00,89
211.0,12.0272,12.015,12.015,12.015,12.015,2026-08-07 18:29:00,6
8742.0,12.0116,12.015,12.02,12.03,12.0,2026-08-07 18:30:00,75
3164.0,12.0411,12.03,12.05,12.05,12.03,2026-08-07 18:31:00,77
1414.0,12.0402,12.04,12.04,12.04,12.04,2026-08-07 18:32:00,29
748.0,12.0211,12.02,12.02,12.02,12.02,2026-08-07 18:34:00,17
214.0,12.0159,12.01,12.01,12.01,12.01,2026-08-07 18:38:00,10
263.0,12.0257,12.04,12.04,12.04,12.04,2026-08-07 18:40:00,8
729.0,12.013,12.015,12.0,12.015,12.0,2026-08-07 18:41:00,6
166.0,12.0223,12.026,12.026,12.026,12.026,2026-08-07 18:42:00,7
381.0,12.0127,12.0,12.0199,12.0199,12.0,2026-08-07 18:44:00,10
9846.0,12.0089,12.01,12.02,12.03,12.0,2026-08-07 18:45:00,136
1172.0,12.0354,12.02,12.04,12.04,12.02,2026-08-07 18:46:00,44
513.0,12.0245,12.025,12.025,12.025,12.025,2026-08-07 18:48:00,12
451.0,12.0537,12.058,12.045,12.058,12.045,2026-08-07 18:51:00,19
665.0,12.0598,12.06,12.06,12.06,12.0599,2026-08-07 18:52:00,34
288.0,12.0434,12.06,12.06,12.06,12.06,2026-08-07 18:53:00,16
144.789,12.105,12.0343,12.0343,12.0343,12.0343,2026-08-07 18:55:00,10
2152.0,12.0259,12.03,12.02,12.03,12.02,2026-08-07 18:56:00,48
1650.0,12.0362,12.03,12.04,12.04,12.025,2026-08-07 18:57:00,26
7453.0,12.0148,12.0899,12.01,12.0899,12.0,2026-08-07 18:59:00,200
441.0,12.0385,12.04,12.05,12.05,12.04,2026-08-07 19:00:00,16
3086.0,12.0569,12.06,12.05,12.06,12.05,2026-08-07 19:01:00,32
126.0,12.0673,12.07,12.07,12.07,12.07,2026-08-07 19:02:00,12
187.0,12.0437,12.055,12.055,12.055,12.055,2026-08-07 19:03:00,6
767.0,12.0533,12.055,12.07,12.07,12.055,2026-08-07 19:04:00,25
1999.0,12.0614,12.06,12.06,12.06,12.06,2026-08-07 19:05:00,39
2812.0,12.0851,12.075,12.11,12.11,12.075,2026-08-07 19:06:00,61
1139.67497,12.1139,12.11,12.11,12.11,12.11,2026-08-07 19:07:00,43
691.0,12.1146,12.11,12.11,12.11,12.11,2026-08-07 19:09:00,29
261.0,12.1355,12.14,12.14,12.14,12.14,2026-08-07 19:10:00,32
278.0,12.1537,12.18,12.18,12.18,12.18,2026-08-07 19:12:00,27
8419.0,12.1309,12.16,12.11,12.16,12.11,2026-08-07 19:15:00,89
1925.0,12.0936,12.09,12.095,12.095,12.09,2026-08-07 19:16:00,31
601.534187,12.1095,12.09,12.09,12.09,12.09,2026-08-07 19:17:00,24
4277.0,12.1007,12.1,12.1,12.11,12.1,2026-08-07 19:19:00,50
8157.0,12.1176,12.11,12.13,12.13,12.11,2026-08-07 19:20:00,55
4506.0,12.1369,12.13,12.1375,12.15,12.13,2026-08-07 19:22:00,33
2592.639417,12.1398,12.15,12.15,12.15,12.1219,2026-08-07 19:23:00,25
228.0,12.1409,12.15,12.15,12.15,12.15,2026-08-07 19:25:00,12
563.394076,12.1416,12.15,12.15,12.15,12.15,2026-08-07 19:26:00,26
3001.0,12.1305,12.14,12.13,12.14,12.125,2026-08-07 19:28:00,47
2549.0,12.1276,12.12,12.135,12.14,12.12,2026-08-07 19:29:00,30
4873.0,12.1122,12.13,12.09,12.13,12.09,2026-08-07 19:30:00,74
501.0,12.0661,12.06,12.06,12.06,12.06,2026-08-07 19:31:00,20
2242.0,12.0619,12.05,12.0588,12.065,12.05,2026-08-07 19:33:00,28
250.0,12.0767,12.06,12.06,12.06,12.06,2026-08-07 19:36:00,12
120.0,12.0729,12.07,12.07,12.07,12.07,2026-08-07 19:37:00,9
298.0,12.0688,12.07,12.07,12.07,12.07,2026-08-07 19:38:00,10
1581.844941,12.0696,12.06,12.06,12.06,12.06,2026-08-07 19:39:00,12
3060.0,12.0351,12.05,12.02,12.05,12.02,2026-08-07 19:40:00,64
349.0,12.0263,12.01,12.01,12.01,12.01,2026-08-07 19:41:00,16
1337.0,12.0244,12.02,12.04,12.04,12.02,2026-08-07 19:42:00,32
2817.0,12.0224,12.02,12.01,12.04,12.01,2026-08-07 19:43:00,43
4029.0,12.0415,12.015,12.05,12.05,12.015,2026-08-07 19:44:00,44
757.0,12.034,12.0322,12.03,12.0322,12.03,2026-08-07 19:45:00,8
320.0,12.0431,12.06,12.06,12.06,12.06,2026-08-07 19:46:00,10
435.0,12.0536,12.06,12.06,12.06,12.06,2026-08-07 19:47:00,10
453.0,12.0533,12.06,12.06,12.06,12.06,2026-08-07 19:48:00,11
634.0,12.0505,12.06,12.06,12.06,12.05,2026-08-07 19:49:00,16
1236.0,12.0524,12.055,12.06,12.06,12.05,2026-08-07 19:50:00,30
878.0,12.067,12.07,12.07,12.07,12.06,2026-08-07 19:51:00,28
6086.0,12.0689,12.07,12.07,12.07,12.06,2026-08-07 19:52:00,86
347.626219,12.0898,12.07,12.07,12.07,12.07,2026-08-07 19:53:00,12
9406.0,12.0448,12.07,12.05,12.07,12.04,2026-08-07 19:54:00,57
6260.0,12.0376,12.055,12.015,12.055,12.015,2026-08-07 19:55:00,68
2379.6806,12.0051,12.01,11.99,12.01,11.99,2026-08-07 19:56:00,36
18028.0,11.9953,11.99,12.0,12.01,11.96,2026-08-07 19:57:00,146
10590.0,12.0294,12.0,12.03,12.04,12.0,2026-08-07 19:58:00,101
23353.0,12.0473,12.035,12.08,12.08,12.03,2026-08-07 19:59:00,291
442.96897,12.0664,12.04,12.04,12.04,12.04,2026-08-07 20:00:00,9
215.0,12.04,12.04,12.04,12.04,12.04,2026-08-07 20:01:00,1
383.032086,12.1803,12.2,12.2,12.2,12.2,2026-08-10 08:00:00,10
1722.35451,12.2319,12.1,12.32,12.32,12.1,2026-08-10 09:00:00,100
346.0,12.0088,12.008,12.008,12.008,12.008,2026-08-10 09:05:00,2
400.0,12.21,12.21,12.21,12.21,12.21,2026-08-10 10:20:00,1
856.0,12.0925,12.17,12.08,12.17,12.08,2026-08-10 10:34:00,6
337.0,12.0667,12.08,12.08,12.08,12.08,2026-08-10 10:35:00,10
994.0,12.0526,12.06,12.05,12.06,12.05,2026-08-10 10:36:00,21
644.0,12.053,12.06,12.05,12.06,12.05,2026-08-10 10:37:00,25
1790.0,12.097,12.08,12.1,12.1,12.08,2026-08-10 10:39:00,25
300.0,12.132,12.14,12.14,12.14,12.14,2026-08-10 10:40:00,5
300.0,12.1033,12.11,12.1,12.11,12.1,2026-08-10 10:46:00,4
2602.0,12.109,12.11,12.1,12.11,12.1,2026-08-10 10:47:00,10
510.0,12.1091,12.11,12.11,12.11,12.11,2026-08-10 10:48:00,10
2637.0,12.1508,12.15,12.15,12.15,12.15,2026-08-10 10:51:00,29
436.0,12.253,12.26,12.26,12.26,12.26,2026-08-10 10:58:00,59
100.0,12.22,12.22,12.22,12.22,12.22,2026-08-10 11:17:00,1
100.0,12.0352,12.0352,12.0352,12.0352,12.0352,2026-08-10 11:46:00,1
100.0,12.23,12.23,12.23,12.23,12.23,2026-08-10 11:49:00,1
510.0,12.2073,12.2114,12.2114,12.2114,12.2114,2026-08-10 11:58:00,2
1750.0,12.22,12.22,12.22,12.22,12.22,2026-08-10 12:01:00,1
414.0,12.0209,12.02,12.02,12.02,12.02,2026-08-10 12:27:00,15
200.0,11.9998,11.9998,11.9998,11.9998,11.9998,2026-08-10 12:45:00,1
1000.0,12.1445,12.09,12.2138,12.2138,12.09,2026-08-10 12:57:00,16
101.0,12.0019,12.0,12.0,12.0,12.0,2026-08-10 13:01:00,2
1000.0,12.0094,12.0094,12.0094,12.0094,12.0094,2026-08-10 13:04:00,1
400.0,12.0171,12.0171,12.0171,12.0171,12.0171,2026-08-10 13:07:00,1
201.0,12.0002,12.0,12.0,12.0,12.0,2026-08-10 13:09:00,2
1824.0,12.2084,12.19,12.19,12.23,12.19,2026-08-10 13:10:00,7
543.0,12.19,12.19,12.19,12.19,12.19,2026-08-10 13:11:00,1
408.0,12.23,12.23,12.23,12.23,12.23,2026-08-10 13:15:00,1
500.0,12.2079,12.2079,12.2079,12.2079,12.2079,2026-08-10 13:24:00,1
1060.0,12.2125,12.2163,12.2163,12.2163,12.2163,2026-08-10 13:25:00,2
496.0,12.2109,12.23,12.23,12.23,12.23,2026-08-10 13:26:00,19
305.0,12.23,12.23,12.23,12.23,12.23,2026-08-10 13:29:00,5
61049.775642,12.1924,12.2,12.29,12.45,12.07,2026-08-10 13:30:00,567
4295.089957,12.259,12.29,12.225,12.39,12.22,2026-08-10 13:31:00,95
2768.0,12.1757,12.225,12.05,12.24,12.05,2026-08-10 13:32:00,60
4890.0,12.0801,12.05,12.1,12.14,12.05,2026-08-10 13:33:00,62
18355.0,12.0331,12.05,12.05,12.1,11.99,2026-08-10 13:34:00,233
8148.0,11.9323,12.01,11.88,12.01,11.88,2026-08-10 13:35:00,131
5047.544,11.9067,11.8859,11.942,11.948,11.87,2026-08-10 13:36:00,100
2625.454854,11.906,11.91,11.9,11.91,11.9,2026-08-10 13:37:00,28
11585.593735,11.8189,11.887,11.725,11.9,11.6901,2026-08-10 13:38:00,199
2692.0,11.6952,11.7022,11.66,11.7052,11.66,2026-08-10 13:39:00,51
3036.0,11.6127,11.6406,11.632,11.6406,11.6,2026-08-10 13:40:00,21
4133.4197,11.5916,11.61,11.56,11.61,11.56,2026-08-10 13:41:00,73
1667.090398,11.5504,11.5175,11.565,11.565,11.5175,2026-08-10 13:42:00,37
7737.090398,11.5722,11.565,11.585,11.62,11.565,2026-08-10 13:43:00,27
901.602658,11.5664,11.585,11.55,11.585,11.55,2026-08-10 13:44:00,9
6882.150793,11.5513,11.56,11.55,11.56,11.52,2026-08-10 13:45:00,64
6297.0,11.5322,11.52,11.52,11.58,11.5,2026-08-10 13:46:00,87
3561.611986,11.5461,11.5,11.51,11.555,11.5,2026-08-10 13:47:00,32
7272.1,11.5878,11.562,11.58,11.61,11.51,2026-08-10 13:48:00,53
2702.931628,11.5446,11.58,11.51,11.58,11.51,2026-08-10 13:49:00,53
7089.205117,11.5034,11.51,11.542,11.542,11.46,2026-08-10 13:50:00,128
1031.0,11.5189,11.54,11.545,11.545,11.491,2026-08-10 13:51:00,11
2787.67312,11.4972,11.52,11.485,11.52,11.47,2026-08-10 13:52:00,59
1983.0,11.4911,11.485,11.51,11.51,11.485,2026-08-10 13:53:00,50
1316.0,11.5454,11.55,11.545,11.55,11.545,2026-08-10 13:54:00,36
4608.797647,11.513,11.55,11.486,11.55,11.486,2026-08-10 13:55:00,58
2724.39464,11.5199,11.487,11.535,11.5563,11.48,2026-08-10 13:56:00,17
759.0,11.5358,11.51,11.54,11.54,11.51,2026-08-10 13:57:00,19
1392.0,11.5337,11.54,11.535,11.56,11.51,2026-08-10 13:58:00,27
5191.191054,11.4736,11.51,11.44,11.51,11.44,2026-08-10 13:59:00,107
3421.21139,11.4726,11.465,11.5,11.5,11.4445,2026-08-10 14:00:00,63
2034.0,11.4896,11.48,11.5,11.5,11.48,2026-08-10 14:01:00,19
7034.599483,11.5774,11.502,11.63,11.63,11.5,2026-08-10 14:02:00,82
9659.431406,11.5849,11.59,11.55,11.6,11.54,2026-08-10 14:03:00,71
2839.505553,11.5473,11.54,11.55,11.55,11.54,2026-08-10 14:04:00,38
2863.08,11.5594,11.56,11.56,11.57,11.56,2026-08-10 14:05:00,47
5779.0,11.5785,11.6,11.57,11.6,11.55,2026-08-10 14:06:00,76
4451.0,11.591,11.59,11.59,11.598,11.59,2026-08-10 14:07:00,37
5104.0,11.5556,11.56,11.545,11.5781,11.545,2026-08-10 14:08:00,56
2471.0,11.5316,11.53,11.54,11.54,11.52,2026-08-10 14:09:00,40
8635.0,11.613,11.547,11.68,11.68,11.54,2026-08-10 14:10:00,63
941.0,11.6936,11.69,11.69,11.7,11.69,2026-08-10 14:11:00,9
811.0279,11.6935,11.69,11.69,11.7,11.69,2026-08-10 14:12:00,9
3929.0,11.6681,11.69,11.66,11.69,11.66,2026-08-10 14:13:00,48
911.049231,11.6423,11.6752,11.64,11.6752,11.64,2026-08-10 14:14:00,25
1050.95019,11.6458,11.63,11.63,11.657,11.63,2026-08-10 14:15:00,17
5239.0,11.6388,11.65,11.64,11.66,11.62,2026-08-10 14:16:00,73
2766.0,11.6647,11.64,11.7,11.7,11.64,2026-08-10 14:17:00,37
3361.418,11.6714,11.7299,11.67,11.7299,11.66,2026-08-10 14:18:00,11
4347.929794,11.6351,11.65,11.56,11.65,11.56,2026-08-10 14:19:00,91
2832.476683,11.5894,11.585,11.6,11.6,11.585,2026-08-10 14:20:00,87
1862.0,11.6212,11.6,11.635,11.635,11.6,2026-08-10 14:21:00,30
6409.0,11.5847,11.61,11.56,11.6252,11.56,2026-08-10 14:23:00,100
5605.0,11.5529,11.5799,11.56,11.5799,11.54,2026-08-10 14:24:00,77
1448.0,11.5525,11.54,11.58,11.58,11.54,2026-08-10 14:25:00,18
388.0,11.573,11.58,11.58,11.58,11.58,2026-08-10 14:26:00,9
1389.0,11.5943,11.58,11.62,11.62,11.58,2026-08-10 14:27:00,18
2887.0,11.6006,11.61,11.585,11.61,11.585,2026-08-10 14:28:00,36
171.0,11.5804,11.57,11.57,11.57,11.57,2026-08-10 14:29:00,6
3673.09733,11.5739,11.57,11.6192,11.6192,11.56,2026-08-10 14:30:00,58
615.355785,11.6024,11.6144,11.58,11.6144,11.58,2026-08-10 14:31:00,12
525.513854,11.6149,11.616,11.62,11.62,11.616,2026-08-10 14:32:00,22
1148.0,11.5982,11.55,11.65,11.65,11.55,2026-08-10 14:34:00,24
1228.003,11.5933,11.56,11.615,11.62,11.55,2026-08-10 14:35:00,21
1042.0,11.5937,11.61,11.595,11.61,11.58,2026-08-10 14:36:00,20
3400.0,11.6364,11.62,11.65,11.655,11.61,2026-08-10 14:37:00,50
3510.113547,11.6272,11.65,11.625,11.65,11.62,2026-08-10 14:38:00,68
3349.0,11.6118,11.61,11.63,11.64,11.6,2026-08-10 14:39:00,57
4861.0,11.6693,11.61,11.69,11.69,11.61,2026-08-10 14:41:00,82
4529.184535,11.6997,11.68,11.72,11.72,11.68,2026-08-10 14:42:00,57
3064.878116,11.7223,11.71,11.745,11.745,11.7,2026-08-10 14:43:00,55
2984.666098,11.7193,11.735,11.71,11.735,11.71,2026-08-10 14:44:00,50
2337.0,11.7134,11.7,11.72,11.73,11.7,2026-08-10 14:46:00,35
1716.0,11.7326,11.73,11.75,11.75,11.73,2026-08-10 14:47:00,19
177.0,11.7315,11.73,11.73,11.73,11.73,2026-08-10 14:48:00,8
830.273191,11.7109,11.71,11.71,11.71,11.71,2026-08-10 14:49:00,28
509.0,11.7197,11.72,11.72,11.72,11.72,2026-08-10 14:50:00,7
6252.129553,11.6776,11.715,11.64,11.715,11.64,2026-08-10 14:51:00,108
1370.0,11.632,11.62,11.62,11.635,11.62,2026-08-10 14:52:00,21
925.0,11.6398,11.62,11.62,11.65,11.62,2026-08-10 14:53:00,17
2065.203244,11.6119,11.62,11.6,11.62,11.6,2026-08-10 14:54:00,41
1098.516542,11.59,11.57,11.605,11.605,11.57,2026-08-10 14:55:00,14
1215.0,11.5939,11.605,11.595,11.605,11.58,2026-08-10 14:56:00,22
2183.0,11.5953,11.595,11.6,11.6,11.595,2026-08-10 14:57:00,45
757.0,11.6132,11.61,11.622,11.622,11.61,2026-08-10 14:58:00,13
10284.117492,11.5618,11.59,11.55,11.59,11.535,2026-08-10 15:00:00,135
2032.0,11.5488,11.55,11.55,11.57,11.55,2026-08-10 15:01:00,24
1045.12096,11.5477,11.55,11.55,11.55,11.55,2026-08-10 15:02:00,24
3204.603698,11.5565,11.54,11.56,11.6,11.54,2026-08-10 15:04:00,27
291.17043,11.5387,11.53,11.53,11.53,11.53,2026-08-10 15:05:00,5
326.455491,11.5286,11.52,11.52,11.52,11.52,2026-08-10 15:06:00,9
718.120739,11.5365,11.56,11.52,11.56,11.52,2026-08-10 15:07:00,10
11630.929794,11.5125,11.555,11.54,11.555,11.5,2026-08-10 15:08:00,145
4485.0,11.5156,11.53,11.51,11.53,11.5,2026-08-10 15:09:00,48
3825.741155,11.5197,11.5,11.55,11.55,11.5,2026-08-10 15:10:00,64
206.00198,11.5258,11.51,11.51,11.51,11.51,2026-08-10 15:11:00,7
490.0,11.5387,11.55,11.55,11.55,11.55,2026-08-10 15:12:00,14
244.596,11.5236,11.5101,11.5101,11.5101,11.5101,2026-08-10 15:13:00,9
1090.0,11.5881,11.59,11.59,11.59,11.59,2026-08-10 15:14:00,13
322.0,11.5889,11.59,11.59,11.59,11.59,2026-08-10 15:15:00,11
3881.0,11.5816,11.6,11.58,11.6,11.57,2026-08-10 15:16:00,70
3529.0,11.5486,11.56,11.53,11.56,11.52,2026-08-10 15:17:00,38
1892.0,11.5417,11.535,11.55,11.55,11.535,2026-08-10 15:19:00,20
252.0,11.5429,11.532,11.5506,11.5506,11.532,2026-08-10 15:20:00,9
2819.0,11.5229,11.53,11.51,11.53,11.51,2026-08-10 15:21:00,46
2838.06063,11.5031,11.51,11.515,11.515,11.485,2026-08-10 15:22:00,36
271.0,11.5154,11.515,11.515,11.515,11.515,2026-08-10 15:23:00,9
111.0,11.4809,11.48,11.48,11.48,11.48,2026-08-10 15:24:00,5
1963.0,11.5045,11.5,11.51,11.51,11.5,2026-08-10 15:25:00,38
10620.0,11.5088,11.5,11.57,11.57,11.5,2026-08-10 15:26:00,119
211.0,11.5647,11.57,11.57,11.57,11.57,2026-08-10 15:28:00,9
177.0,11.5744,11.57,11.57,11.57,11.57,2026-08-10 15:29:00,10
354.0,11.5566,11.57,11.57,11.57,11.57,2026-08-10 15:30:00,9
1368.0,11.5627,11.57,11.56,11.57,11.54,2026-08-10 15:31:00,25
5015.0,11.5517,11.54,11.56,11.56,11.54,2026-08-10 15:32:00,96
1217.0,11.5772,11.58,11.56,11.58,11.56,2026-08-10 15:33:00,16
731.0,11.5749,11.58,11.57,11.58,11.57,2026-08-10 15:34:00,28
915.0,11.5714,11.57,11.59,11.59,11.57,2026-08-10 15:35:00,15
1940.0,11.5619,11.57,11.57,11.59,11.5452,2026-08-10 15:36:00,17
280.0,11.5698,11.57,11.57,11.57,11.57,2026-08-10 15:37:00,9
3869.0,11.5541,11.55,11.55,11.575,11.54,2026-08-10 15:38:00,73
257.0,11.5442,11.54,11.54,11.54,11.54,2026-08-10 15:40:00,3
1826.0,11.5605,11.55,11.57,11.57,11.55,2026-08-10 15:41:00,30
192.0,11.5718,11.575,11.575,11.575,11.575,2026-08-10 15:42:00,9
214.0,11.5639,11.575,11.575,11.575,11.575,2026-08-10 15:43:00,5
364.0,11.5808,11.58,11.58,11.58,11.58,2026-08-10 15:44:00,9
1128.0,11.5849,11.58,11.58,11.61,11.56,2026-08-10 15:45:00,17
1018.0,11.5785,11.58,11.6047,11.6047,11.575,2026-08-10 15:46:00,18
683.0,11.565,11.575,11.58,11.58,11.55,2026-08-10 15:47:00,11
436.820257,11.5754,11.58,11.58,11.58,11.56,2026-08-10 15:48:00,9
527.0,11.5723,11.58,11.58,11.58,11.55,2026-08-10 15:49:00,11
2160.0,11.5773,11.57,11.59,11.59,11.57,2026-08-10 15:50:00,42
1314.0,11.6153,11.63,11.63,11.63,11.6,2026-08-10 15:52:00,21
997.0,11.6445,11.655,11.655,11.655,11.62,2026-08-10 15:53:00,16
456.0,11.6514,11.66,11.625,11.66,11.625,2026-08-10 15:54:00,8
1885.0,11.6625,11.66,11.67,11.67,11.6529,2026-08-10 15:55:00,27
253.0,11.6692,11.67,11.67,11.67,11.67,2026-08-10 15:56:00,7
729.0,11.6637,11.65,11.652,11.68,11.65,2026-08-10 15:57:00,15
2821.0,11.6852,11.65,11.685,11.7025,11.65,2026-08-10 15:58:00,36
5091.0,11.6629,11.67,11.64,11.685,11.64,2026-08-10 15:59:00,84
797.0,11.6464,11.64,11.66,11.66,11.64,2026-08-10 16:00:00,14
855.0,11.6699,11.68,11.655,11.68,11.655,2026-08-10 16:02:00,8
451.0,11.6317,11.63,11.63,11.63,11.63,2026-08-10 16:03:00,17
1950.0,11.6167,11.62,11.59,11.64,11.59,2026-08-10 16:04:00,35
817.0,11.6119,11.62,11.62,11.62,11.62,2026-08-10 16:05:00,25
727.0,11.621,11.62,11.62,11.62,11.62,2026-08-10 16:06:00,30
759.196,11.6158,11.62,11.6,11.62,11.6,2026-08-10 16:08:00,17
1455.0,11.5936,11.59,11.61,11.61,11.58,2026-08-10 16:09:00,34
917.0,11.5747,11.59,11.53,11.59,11.53,2026-08-10 16:10:00,21
579.0,11.5556,11.54,11.56,11.56,11.54,2026-08-10 16:11:00,14
625.0,11.5508,11.55,11.55,11.55,11.55,2026-08-10 16:12:00,14
3164.0,11.5723,11.56,11.59,11.59,11.56,2026-08-10 16:13:00,46
414.0,11.591,11.59,11.59,11.59,11.59,2026-08-10 16:14:00,12
160.0,11.595,11.595,11.595,11.595,11.595,2026-08-10 16:15:00,6
453.0,11.5887,11.5739,11.595,11.595,11.5739,2026-08-10 16:16:00,11
140.0,11.5925,11.595,11.595,11.595,11.595,2026-08-10 16:17:00,6
475.24407,11.5897,11.62,11.62,11.62,11.62,2026-08-10 16:19:00,11
211.61994,11.5773,11.57,11.57,11.57,11.57,2026-08-10 16:20:00,8
539.0,11.5777,11.57,11.585,11.585,11.57,2026-08-10 16:21:00,19
907.724539,11.5981,11.6,11.61,11.61,11.585,2026-08-10 16:22:00,21
452.0,11.6149,11.615,11.615,11.615,11.615,2026-08-10 16:23:00,9
1766.0,11.5876,11.615,11.57,11.615,11.57,2026-08-10 16:24:00,29
917.0,11.5865,11.57,11.57,11.595,11.57,2026-08-10 16:25:00,22
1104.0,11.5953,11.595,11.595,11.595,11.595,2026-08-10 16:26:00,34
329.0,11.5952,11.595,11.595,11.595,11.595,2026-08-10 16:27:00,6
2482.0,11.6018,11.595,11.63,11.63,11.58,2026-08-10 16:28:00,43
1063.0,11.6069,11.625,11.61,11.625,11.6,2026-08-10 16:29:00,23
690.0,11.6191,11.62,11.62,11.62,11.62,2026-08-10 16:30:00,6
3891.0,11.6111,11.61,11.61,11.642,11.6,2026-08-10 16:31:00,45
2478.0,11.5883,11.6,11.585,11.6,11.58,2026-08-10 16:32:00,44
1361.727,11.6073,11.6,11.625,11.625,11.6,2026-08-10 16:34:00,29
313.0,11.6256,11.625,11.63,11.63,11.625,2026-08-10 16:35:00,6
238.0,11.6215,11.625,11.625,11.625,11.625,2026-08-10 16:36:00,7
316.0,11.6158,11.625,11.625,11.625,11.6,2026-08-10 16:37:00,12
332.214096,11.6164,11.6,11.625,11.625,11.6,2026-08-10 16:38:00,9
1150.0,11.6193,11.63,11.615,11.63,11.615,2026-08-10 16:39:00,19
118.0,11.604,11.6,11.6,11.6,11.6,2026-08-10 16:40:00,5
729.0,11.619,11.62,11.62,11.62,11.615,2026-08-10 16:41:00,10
693.086,11.6214,11.615,11.62,11.65,11.615,2026-08-10 16:42:00,14
370.0,11.6159,11.62,11.615,11.62,11.615,2026-08-10 16:43:00,9
3629.0,11.581,11.615,11.575,11.615,11.575,2026-08-10 16:44:00,69
397.0,11.5697,11.575,11.56,11.575,11.56,2026-08-10 16:45:00,8
510.0,11.572,11.56,11.575,11.575,11.56,2026-08-10 16:46:00,18
1513.0,11.5896,11.575,11.57,11.615,11.57,2026-08-10 16:47:00,21
831.0,11.5839,11.59,11.59,11.596,11.56,2026-08-10 16:48:00,14
1462.0,11.581,11.59,11.595,11.6,11.57,2026-08-10 16:49:00,18
6714.216829,11.6008,11.57,11.625,11.63,11.57,2026-08-10 16:50:00,74
1009.0,11.62,11.625,11.625,11.63,11.625,2026-08-10 16:51:00,20
373.1,11.6134,11.625,11.625,11.625,11.6,2026-08-10 16:52:00,10
7022.713798,11.6264,11.6,11.62,11.64,11.58,2026-08-10 16:53:00,67
2089.0,11.6226,11.62,11.62,11.65,11.62,2026-08-10 16:54:00,34
115.0,11.619,11.62,11.62,11.62,11.62,2026-08-10 16:55:00,5
3173.0,11.6482,11.62,11.6525,11.6525,11.62,2026-08-10 16:56:00,23
567.1,11.6451,11.65,11.62,11.65,11.62,2026-08-10 16:57:00,13
1030.0,11.6459,11.65,11.65,11.65,11.65,2026-08-10 16:58:00,17
340.0,11.6401,11.65,11.65,11.65,11.65,2026-08-10 16:59:00,11
663.0,11.6246,11.65,11.61,11.65,11.61,2026-08-10 17:00:00,16
1573.084175,11.6228,11.62,11.62,11.63,11.62,2026-08-10 17:01:00,34
3214.0,11.5922,11.645,11.585,11.645,11.57,2026-08-10 17:02:00,38
394.0,11.5867,11.57,11.59,11.59,11.57,2026-08-10 17:03:00,7
1062.599686,11.5935,11.59,11.6,11.6,11.58,2026-08-10 17:04:00,23
337.0,11.6036,11.605,11.605,11.605,11.605,2026-08-10 17:05:00,6
211.0,11.6047,11.605,11.605,11.605,11.605,2026-08-10 17:06:00,13
732.330892,11.6378,11.64,11.625,11.65,11.625,2026-08-10 17:07:00,13
3750.0,11.6514,11.6,11.675,11.68,11.6,2026-08-10 17:08:00,48
2467.0,11.6783,11.675,11.675,11.6875,11.675,2026-08-10 17:09:00,36
185.0,11.6787,11.67,11.67,11.67,11.67,2026-08-10 17:10:00,5
2626.0,11.6735,11.675,11.675,11.6875,11.675,2026-08-10 17:11:00,36
865.0,11.673,11.675,11.69,11.69,11.65,2026-08-10 17:12:00,12
6373.153568,11.6457,11.65,11.655,11.67,11.635,2026-08-10 17:13:00,84
783.0,11.6499,11.65,11.65,11.65,11.65,2026-08-10 17:14:00,11
461.0,11.6316,11.63,11.63,11.63,11.63,2026-08-10 17:15:00,13
390.0,11.6621,11.6668,11.6668,11.6668,11.6668,2026-08-10 17:16:00,7
837.0,11.6549,11.667,11.65,11.667,11.65,2026-08-10 17:17:00,11
601.0,11.6491,11.67,11.65,11.67,11.63,2026-08-10 17:19:00,16
259.15,11.6406,11.64,11.64,11.64,11.64,2026-08-10 17:20:00,17
1014.0,11.638,11.65,11.63,11.65,11.63,2026-08-10 17:21:00,18
292.0,11.6427,11.63,11.65,11.65,11.63,2026-08-10 17:22:00,16
442.0,11.652,11.66,11.66,11.66,11.66,2026-08-10 17:23:00,15
1316.0,11.6644,11.67,11.69,11.69,11.67,2026-08-10 17:24:00,33
195.71356,11.6836,11.6865,11.6865,11.6865,11.6865,2026-08-10 17:25:00,11
730.51046,11.6646,11.6535,11.67,11.67,11.6535,2026-08-10 17:27:00,20
3146.0,11.651,11.65,11.67,11.67,11.64,2026-08-10 17:29:00,53
749.48835,11.6672,11.67,11.67,11.67,11.67,2026-08-10 17:30:00,9
522.0,11.68,11.68,11.68,11.68,11.68,2026-08-10 17:31:00,12
197.112333,11.6782,11.68,11.68,11.68,11.68,2026-08-10 17:32:00,8
973.0,11.6834,11.68,11.6971,11.6971,11.68,2026-08-10 17:33:00,17
604.888122,11.6655,11.6725,11.6642,11.6725,11.6642,2026-08-10 17:34:00,12
2111.0,11.6699,11.67,11.67,11.67,11.67,2026-08-10 17:35:00,31
3174.856898,11.6855,11.67,11.705,11.705,11.67,2026-08-10 17:36:00,29
812.231031,11.6877,11.705,11.68,11.705,11.68,2026-08-10 17:37:00,15
400.0,11.6784,11.6825,11.685,11.685,11.6825,2026-08-10 17:38:00,10
1189.0,11.6638,11.66,11.69,11.69,11.66,2026-08-10 17:39:00,5
334.0,11.6886,11.69,11.69,11.69,11.69,2026-08-10 17:40:00,6
220.0,11.6889,11.69,11.69,11.69,11.69,2026-08-10 17:41:00,5
290.0,11.6928,11.72,11.69,11.72,11.69,2026-08-10 17:42:00,6
682.0,11.6702,11.69,11.66,11.69,11.66,2026-08-10 17:43:00,15
1373.0,11.6719,11.675,11.675,11.675,11.675,2026-08-10 17:44:00,20
2629.0,11.6648,11.66,11.665,11.665,11.66,2026-08-10 17:45:00,6
3060.0,11.6775,11.68,11.67,11.68,11.67,2026-08-10 17:46:00,44
1519.0,11.7007,11.72,11.69,11.72,11.69,2026-08-10 17:49:00,19
2848.0,11.7082,11.715,11.74,11.74,11.69,2026-08-10 17:50:00,34
340.709571,11.7429,11.7454,11.745,11.7454,11.745,2026-08-10 17:52:00,5
2425.0,11.7463,11.745,11.745,11.775,11.72,2026-08-10 17:53:00,42
3370.851426,11.7504,11.72,11.745,11.77,11.72,2026-08-10 17:54:00,36
800.563404,11.7674,11.77,11.77,11.77,11.77,2026-08-10 17:55:00,20
325.97509,11.7459,11.75,11.75,11.75,11.75,2026-08-10 17:56:00,26
826.0,11.7543,11.755,11.755,11.755,11.755,2026-08-10 17:57:00,22
397.0,11.7589,11.76,11.76,11.76,11.76,2026-08-10 17:58:00,14
856.0,11.7615,11.76,11.76,11.77,11.76,2026-08-10 17:59:00,15
1620.0,11.747,11.76,11.75,11.76,11.74,2026-08-10 18:00:00,30
245.0,11.7457,11.745,11.745,11.745,11.745,2026-08-10 18:01:00,9
2922.0,11.7551,11.745,11.765,11.765,11.745,2026-08-10 18:02:00,31
543.0,11.773,11.77,11.77,11.78,11.77,2026-08-10 18:03:00,11
3995.0,11.7569,11.77,11.745,11.77,11.745,2026-08-10 18:04:00,81
639.0,11.7467,11.75,11.7492,11.75,11.74,2026-08-10 18:06:00,12
383.0,11.7362,11.73,11.74,11.74,11.73,2026-08-10 18:07:00,7
8030.598945,11.7147,11.745,11.665,11.745,11.665,2026-08-10 18:08:00,126
845.0,11.6617,11.665,11.65,11.665,11.65,2026-08-10 18:09:00,13
332.0,11.6669,11.67,11.67,11.67,11.67,2026-08-10 18:10:00,17
5153.0,11.6419,11.66,11.63,11.66,11.62,2026-08-10 18:11:00,78
434.0,11.6211,11.61,11.61,11.61,11.61,2026-08-10 18:13:00,10
426.0,11.6029,11.6,11.6,11.6,11.6,2026-08-10 18:14:00,13
1068.0,11.6068,11.6,11.6,11.61,11.6,2026-08-10 18:15:00,22
376.0,11.601,11.6,11.6,11.6,11.6,2026-08-10 18:16:00,10
342.0,11.5951,11.59,11.59,11.59,11.59,2026-08-10 18:18:00,8
1309.0,11.5876,11.59,11.57,11.59,11.57,2026-08-10 18:19:00,35
704.0,11.584,11.59,11.59,11.59,11.59,2026-08-10 18:20:00,10
237.0,11.5625,11.56,11.56,11.56,11.56,2026-08-10 18:21:00,7
636.0,11.5747,11.575,11.575,11.575,11.575,2026-08-10 18:22:00,13
251.0,11.5752,11.575,11.575,11.575,11.575,2026-08-10 18:23:00,13
3150.100546,11.5934,11.57,11.62,11.62,11.57,2026-08-10 18:24:00,50
2513.0,11.5988,11.61,11.5977,11.61,11.58,2026-08-10 18:26:00,32
3705.231031,11.5894,11.585,11.585,11.59,11.585,2026-08-10 18:27:00,31
2783.0,11.5801,11.58,11.58,11.58,11.58,2026-08-10 18:28:00,12
3362.0,11.5576,11.57,11.55,11.57,11.55,2026-08-10 18:29:00,48
220.0,11.5305,11.52,11.52,11.52,11.52,2026-08-10 18:30:00,8
976.0,11.54,11.54,11.54,11.54,11.54,2026-08-10 18:31:00,19
124.0,11.524,11.52,11.52,11.52,11.52,2026-08-10 18:32:00,4
279.0,11.5445,11.54,11.54,11.54,11.54,2026-08-10 18:33:00,13
1578.0,11.5414,11.52,11.5581,11.5581,11.52,2026-08-10 18:34:00,18
1840.0,11.5564,11.54,11.56,11.56,11.54,2026-08-10 18:35:00,23
452.990911,11.5456,11.53,11.53,11.53,11.53,2026-08-10 18:37:00,18
1335.0,11.5489,11.55,11.55,11.55,11.54,2026-08-10 18:38:00,14
1929.0,11.5745,11.555,11.575,11.58,11.555,2026-08-10 18:39:00,25
289.0,11.5783,11.575,11.575,11.575,11.575,2026-08-10 18:40:00,8
6417.0,11.6019,11.585,11.6,11.61,11.585,2026-08-10 18:41:00,50
1605.990073,11.5672,11.56,11.5878,11.6,11.56,2026-08-10 18:43:00,20
5895.0,11.6195,11.585,11.66,11.66,11.585,2026-08-10 18:44:00,52
2132.0,11.6602,11.66,11.675,11.675,11.66,2026-08-10 18:45:00,34
398.0,11.6463,11.675,11.675,11.675,11.675,2026-08-10 18:46:00,19
361.0,11.6313,11.675,11.6253,11.675,11.6253,2026-08-10 18:47:00,10
407.965322,11.6628,11.65,11.675,11.675,11.65,2026-08-10 18:48:00,11
421.179868,11.6568,11.67,11.655,11.67,11.655,2026-08-10 18:49:00,10
460.0,11.6599,11.675,11.655,11.675,11.655,2026-08-10 18:51:00,22
432.0,11.6551,11.655,11.655,11.655,11.655,2026-08-10 18:52:00,12
381.0,11.6551,11.655,11.655,11.655,11.655,2026-08-10 18:53:00,12
969.0,11.6725,11.675,11.68,11.68,11.675,2026-08-10 18:54:00,20
592.0,11.6601,11.66,11.66,11.66,11.66,2026-08-10 18:55:00,9
821.0,11.6609,11.66,11.66,11.6656,11.66,2026-08-10 18:56:00,14
344.0,11.661,11.66,11.66,11.66,11.66,2026-08-10 18:57:00,9
645.0,11.6595,11.66,11.66,11.66,11.66,2026-08-10 18:58:00,17
621.0,11.6549,11.66,11.655,11.66,11.655,2026-08-10 18:59:00,19
4349.0,11.666,11.655,11.675,11.675,11.65,2026-08-10 19:00:00,49
1064.0,11.6706,11.675,11.665,11.68,11.665,2026-08-10 19:01:00,27
592.0,11.6697,11.665,11.665,11.6776,11.665,2026-08-10 19:02:00,9
984.0,11.6702,11.665,11.665,11.6776,11.665,2026-08-10 19:03:00,17
397.0,11.6653,11.665,11.665,11.665,11.665,2026-08-10 19:04:00,17
593.9089,11.6647,11.665,11.665,11.665,11.665,2026-08-10 19:05:00,16
376.0,11.6645,11.665,11.665,11.665,11.665,2026-08-10 19:06:00,15
347.0,11.665,11.665,11.665,11.665,11.665,2026-08-10 19:07:00,7
4755.0,11.6514,11.66,11.65,11.665,11.64,2026-08-10 19:08:00,79
1737.0,11.6301,11.63,11.63,11.63,11.62,2026-08-10 19:09:00,36
8932.0,11.6538,11.64,11.68,11.68,11.64,2026-08-10 19:10:00,52
283.0,11.678,11.7,11.7,11.7,11.7,2026-08-10 19:13:00,10
764.85423,11.6996,11.69,11.705,11.71,11.69,2026-08-10 19:14:00,15
518.0,11.6818,11.69,11.69,11.69,11.69,2026-08-10 19:15:00,17
276.0,11.6763,11.68,11.68,11.68,11.68,2026-08-10 19:16:00,8
425.527346,11.6797,11.68,11.68,11.68,11.68,2026-08-10 19:17:00,15
313.0,11.678,11.68,11.68,11.68,11.68,2026-08-10 19:18:00,10
1967.0,11.6921,11.69,11.695,11.7,11.69,2026-08-10 19:19:00,26
338.0,11.7039,11.71,11.71,11.71,11.71,2026-08-10 19:20:00,14
6420.0,11.7096,11.71,11.71,11.72,11.695,2026-08-10 19:22:00,63
243.0,11.7032,11.71,11.71,11.71,11.71,2026-08-10 19:23:00,16
2217.0,11.7152,11.71,11.72,11.725,11.71,2026-08-10 19:24:00,40
851.0,11.7199,11.72,11.72,11.72,11.72,2026-08-10 19:25:00,18
2096.0,11.7024,11.71,11.695,11.71,11.69,2026-08-10 19:26:00,58
4415.0,11.6828,11.695,11.68,11.695,11.68,2026-08-10 19:27:00,73
1197.0,11.681,11.68,11.69,11.69,11.68,2026-08-10 19:28:00,20
2036.0,11.6823,11.686,11.68,11.686,11.68,2026-08-10 19:29:00,21
499.0,11.6813,11.6805,11.6805,11.6805,11.6805,2026-08-10 19:31:00,16
2968.0,11.706,11.69,11.74,11.74,11.69,2026-08-10 19:32:00,38
175.0,11.7223,11.72,11.72,11.72,11.72,2026-08-10 19:34:00,11
10107.0,11.7034,11.72,11.74,11.75,11.68,2026-08-10 19:35:00,130
12831.0,11.7651,11.7401,11.77,11.8,11.7401,2026-08-10 19:36:00,156
626.0,11.7722,11.77,11.7504,11.7899,11.7504,2026-08-10 19:37:00,23
11654.0,11.7638,11.79,11.77,11.8,11.74,2026-08-10 19:40:00,150
4266.0,11.7601,11.77,11.75,11.77,11.75,2026-08-10 19:41:00,82
9619.4564,11.7375,11.74,11.71,11.755,11.71,2026-08-10 19:43:00,122
1369.0,11.7218,11.72,11.725,11.725,11.72,2026-08-10 19:44:00,21
1461.0,11.7054,11.7375,11.7,11.7375,11.7,2026-08-10 19:45:00,37
3094.0,11.7174,11.71,11.72,11.73,11.7,2026-08-10 19:46:00,41
393.0,11.7366,11.74,11.74,11.74,11.74,2026-08-10 19:47:00,29
691.0,11.7219,11.7048,11.73,11.73,11.7048,2026-08-10 19:48:00,28
2786.0,11.7431,11.74,11.75,11.75,11.735,2026-08-10 19:49:00,72
1249.0,11.757,11.76,11.76,11.76,11.76,2026-08-10 19:50:00,41
5934.0,11.7377,11.75,11.735,11.75,11.73,2026-08-10 19:51:00,91
6643.0,11.7618,11.735,11.805,11.805,11.73,2026-08-10 19:52:00,84
9631.224979,11.8069,11.805,11.82,11.8282,11.8,2026-08-10 19:53:00,132
6117.0,11.8138,11.81,11.84,11.84,11.8,2026-08-10 19:54:00,92
11834.0,11.8491,11.85,11.805,11.87,11.78,2026-08-10 19:55:00,141
6669.0,11.7926,11.805,11.82,11.83,11.77,2026-08-10 19:56:00,64
15389.668,11.7897,11.815,11.8,11.82,11.77,2026-08-10 19:57:00,211
22349.084781,11.7815,11.8,11.77,11.805,11.76,2026-08-10 19:58:00,264
27216.668,11.7512,11.77,11.75,11.775,11.73,2026-08-10 19:59:00,344
12176.840601,11.7796,11.78,11.78,11.78,11.76,2026-08-10 20:00:00,26
3541.16144,12.273,11.82,12.5,12.5,11.82,2026-08-10 20:05:00,84
2519.0,12.7704,12.6778,12.85,12.85,12.6778,2026-08-10 20:06:00,105
6298.0,12.8457,12.95,13.0,13.0,12.75,2026-08-10 20:07:00,131
12869.067026,13.2249,12.88,13.711,13.795,12.8483,2026-08-10 20:08:00,100
12747.0,14.0914,13.72,14.01,14.449,13.72,2026-08-10 20:09:00,210
13644.0,14.004,13.83,13.7522,14.258,13.71,2026-08-10 20:10:00,163
20884.0,13.9258,13.9,13.43,14.1997,13.43,2026-08-10 20:11:00,183
2856.0,13.7263,13.4,13.92,13.92,13.3603,2026-08-10 20:12:00,58
9170.313819,13.8247,13.9,13.69,13.924,13.65,2026-08-10 20:13:00,45
25738.272273,14.1374,13.9,14.45,14.45,13.9,2026-08-10 20:14:00,240
17329.0,14.1222,14.43,14.18,14.49,13.72,2026-08-10 20:15:00,243
3461.0,14.2244,14.14,14.35,14.4,14.1072,2026-08-10 20:16:00,129
2589.0,14.1721,14.29,14.0114,14.29,14.0114,2026-08-10 20:17:00,80
10781.0,14.0038,14.02,14.0,14.06,13.98,2026-08-10 20:18:00,99
4105.0,13.9204,14.01,13.8,14.01,13.8,2026-08-10 20:19:00,44
4113.0,13.8327,13.84,13.9569,13.98,13.7472,2026-08-10 20:20:00,44
2520.0,13.8559,13.7111,13.89,13.89,13.7111,2026-08-10 20:21:00,23
383.0,13.9177,13.98,13.98,13.98,13.98,2026-08-10 20:22:00,11
8432.0,13.9825,13.88,14.0,14.0,13.88,2026-08-10 20:23:00,119
2891.0,13.8665,13.91,13.8,13.91,13.79,2026-08-10 20:24:00,25
1945.0,13.8995,13.9,13.9,13.92,13.8814,2026-08-10 20:25:00,25
3095.0,13.7997,13.8,13.8,13.8,13.8,2026-08-10 20:26:00,12
3415.0,13.7069,13.76,13.71,13.76,13.67,2026-08-10 20:27:00,25
1829.173225,13.6251,13.66,13.57,13.68,13.57,2026-08-10 20:28:00,35
1317.0,13.6119,13.61,13.6542,13.6542,13.6,2026-08-10 20:29:00,10
713.0,13.6873,13.74,13.6699,13.74,13.6699,2026-08-10 20:31:00,8
286.0,13.7038,13.7,13.7,13.7,13.7,2026-08-10 20:32:00,12
517.0,13.6861,13.6703,13.65,13.75,13.65,2026-08-10 20:33:00,9
2993.0,13.5887,13.64,13.55,13.65,13.5138,2026-08-10 20:34:00,27
2198.0,13.6733,13.65,13.73,13.73,13.65,2026-08-10 20:35:00,37
1117.0,13.7118,13.71,13.71,13.72,13.71,2026-08-10 20:36:00,18
3708.0,13.7407,13.75,13.7376,13.75,13.73,2026-08-10 20:37:00,41
252.26888,13.7412,13.7433,13.7433,13.7433,13.7433,2026-08-10 20:38:00,11
1019.0,13.7456,13.74,13.75,13.75,13.74,2026-08-10 20:39:00,9
269.0,13.7188,13.7185,13.7185,13.7185,13.7185,2026-08-10 20:40:00,6
1686.0,13.6643,13.7187,13.69,13.7199,13.5954,2026-08-10 20:41:00,7
3697.182287,13.6004,13.61,13.58,13.62,13.58,2026-08-10 20:42:00,32
4138.0,13.4765,13.51,13.4959,13.51,13.41,2026-08-10 20:43:00,37
1747.0,13.4942,13.4956,13.4965,13.5,13.495,2026-08-10 20:44:00,15
8303.99151,13.4117,13.45,13.4889,13.4889,13.38,2026-08-10 20:45:00,17
1124.0,13.4825,13.46,13.5,13.5,13.46,2026-08-10 20:46:00,14
5339.0,13.4919,13.49,13.5,13.5,13.49,2026-08-10 20:48:00,38
150.0,13.4652,13.45,13.45,13.45,13.45,2026-08-10 20:50:00,6
10515.0,13.4936,13.5,13.5,13.5,13.482,2026-08-10 20:52:00,66
15534.0,13.4963,13.5,13.5,13.5,13.47,2026-08-10 20:53:00,49
11062.0,13.5054,13.5,13.58,13.58,13.49,2026-08-10 20:54:00,34
7008.0,13.603,13.58,13.608,13.61,13.58,2026-08-10 20:55:00,127
13809.0,13.5307,13.61,13.47,13.61,13.47,2026-08-10 20:56:00,50
5128.0,13.4784,13.5,13.5,13.5,13.43,2026-08-10 20:57:00,18
2012.0,13.4522,13.43,13.3841,13.5,13.3841,2026-08-10 20:58:00,13
181.0,13.4732,13.46,13.46,13.46,13.46,2026-08-10 20:59:00,5
5246.0,13.4999,13.5,13.5,13.5,13.5,2026-08-10 21:00:00,21
2730.0,13.5,13.5,13.5,13.5,13.5,2026-08-10 21:01:00,12
400.0,13.4732,13.4718,13.476,13.476,13.4718,2026-08-10 21:02:00,5
1396.0,13.4684,13.4727,13.5,13.5,13.3986,2026-08-10 21:04:00,46
558.0,13.5201,13.52,13.52,13.52,13.52,2026-08-10 21:06:00,4
1038.0,13.5069,13.51,13.51,13.51,13.51,2026-08-10 21:07:00,3
532.0,13.4456,13.44,13.44,13.44,13.44,2026-08-10 21:10:00,5
2081.0,13.4858,13.486,13.486,13.486,13.486,2026-08-10 21:15:00,4
799.0,13.4966,13.48,13.5,13.5,13.48,2026-08-10 21:19:00,11
114.0,13.4313,13.4304,13.4304,13.4304,13.4304,2026-08-10 21:20:00,2
1240.0,13.4904,13.5,13.49,13.5,13.49,2026-08-10 21:27:00,79
2081.0,13.4461,13.444,13.444,13.444,13.444,2026-08-10 21:28:00,8
530.0,13.4798,13.4534,13.5,13.5,13.4534,2026-08-10 21:30:00,4
2621.0,13.4991,13.5,13.5,13.5,13.49,2026-08-10 21:33:00,10
1075.0,13.5,13.5,13.5,13.5,13.5,2026-08-10 21:35:00,5
101.0,13.4977,13.4977,13.4977,13.4977,13.4977,2026-08-10 21:37:00,2
1043.0,13.5319,13.5,13.5905,13.6,13.4977,2026-08-10 21:38:00,10
100.0,13.5852,13.5852,13.5852,13.5852,13.5852,2026-08-10 21:39:00,1
300.0,13.5915,13.5915,13.5915,13.5915,13.5915,2026-08-10 21:40:00,1
10755.0,13.5978,13.6,13.6,13.6,13.48,2026-08-10 21:42:00,26
1005.0,13.7192,13.72,13.72,13.72,13.72,2026-08-10 21:43:00,3
2556.0,13.5776,13.71,13.58,13.71,13.47,2026-08-10 21:45:00,108
315.0,13.6201,13.6221,13.6221,13.6221,13.6221,2026-08-10 21:47:00,2
1228.448859,13.5766,13.58,13.4847,13.59,13.4847,2026-08-10 21:48:00,10
1045.0,13.4949,13.51,13.476,13.51,13.476,2026-08-10 21:49:00,17
2141.0,13.4685,13.48,13.46,13.49,13.44,2026-08-10 21:50:00,56
1069.0,13.4553,13.45,13.46,13.46,13.45,2026-08-10 21:54:00,2
1439.0,13.4342,13.46,13.39,13.5,13.39,2026-08-10 21:55:00,59
324.0,13.4093,13.4,13.4,13.4,13.4,2026-08-10 21:56:00,23
983.0,13.3806,13.39,13.35,13.39,13.35,2026-08-10 21:57:00,23
656.0,13.35,13.35,13.35,13.35,13.35,2026-08-10 21:58:00,8
422.0,13.3311,13.4102,13.3,13.4102,13.3,2026-08-10 21:59:00,6
836.0,13.3396,13.3061,13.34,13.36,13.3061,2026-08-10 22:00:00,7
583.0,13.3475,13.35,13.34,13.355,13.34,2026-08-10 22:01:00,11
250.0,13.4103,13.3858,13.42,13.42,13.3858,2026-08-10 22:04:00,3
1030.0,13.3919,13.3985,13.384,13.4,13.384,2026-08-10 22:05:00,5
3650.0,13.3761,13.39,13.37,13.39,13.37,2026-08-10 22:06:00,17
399.0,13.3457,13.36,13.3308,13.36,13.3308,2026-08-10 22:12:00,3
212.0,13.3242,13.31,13.34,13.34,13.31,2026-08-10 22:13:00,4
1330.0,13.3408,13.35,13.33,13.35,13.325,2026-08-10 22:17:00,33
599.0,13.3033,13.3,13.3,13.3,13.3,2026-08-10 22:23:00,2
257.0,13.3024,13.3,13.3,13.3,13.3,2026-08-10 22:25:00,17
2119.0,13.3184,13.3191,13.31,13.3191,13.31,2026-08-10 22:28:00,7
461.0,13.3306,13.34,13.34,13.34,13.34,2026-08-10 22:31:00,8
677.0,13.305,13.34,13.29,13.34,13.29,2026-08-10 22:32:00,9
321.0,13.3226,13.32,13.33,13.33,13.32,2026-08-10 22:33:00,6
1092.0,13.3801,13.35,13.44,13.44,13.35,2026-08-10 22:34:00,17
4618.0,13.4956,13.5,13.5,13.5,13.42,2026-08-10 22:35:00,9
2200.0,13.45,13.45,13.45,13.45,13.45,2026-08-10 22:36:00,1
2652.0,13.4426,13.45,13.39,13.45,13.39,2026-08-10 22:37:00,5
4001.0,13.25,13.25,13.25,13.25,13.25,2026-08-10 22:39:00,4
562.0,13.34,13.34,13.34,13.34,13.34,2026-08-10 22:40:00,1
520.0,13.2542,13.25,13.25,13.25,13.25,2026-08-10 22:41:00,2
404.0,13.35,13.35,13.35,13.35,13.35,2026-08-10 22:42:00,5
174.0,13.3879,13.4086,13.4086,13.4086,13.4086,2026-08-10 22:46:00,2
300.0,13.4,13.4,13.4,13.4,13.4,2026-08-10 22:47:00,1
1169.0,13.404,13.41,13.4,13.41,13.4,2026-08-10 22:48:00,6
963.0,13.3521,13.36,13.35,13.36,13.35,2026-08-10 22:49:00,4
651.0,13.3654,13.35,13.386,13.386,13.35,2026-08-10 22:50:00,3
1436.0,13.3758,13.365,13.35,13.4,13.35,2026-08-10 22:52:00,14
867.0,13.3299,13.35,13.33,13.35,13.33,2026-08-10 22:53:00,21
352.0,13.29,13.29,13.29,13.29,13.29,2026-08-10 22:54:00,2
817.0,13.28,13.28,13.28,13.28,13.28,2026-08-10 22:59:00,1
499.0,13.2801,13.2801,13.2801,13.2801,13.2801,2026-08-10 23:03:00,1
528.0,13.392,13.39,13.4,13.4,13.39,2026-08-10 23:09:00,19
611.0,13.3079,13.31,13.3,13.31,13.3,2026-08-10 23:10:00,5
110.0,13.3802,13.38,13.38,13.38,13.38,2026-08-10 23:11:00,2
200.0,13.37,13.37,13.37,13.37,13.37,2026-08-10 23:23:00,1
494.0,13.3009,13.3,13.3,13.3,13.3,2026-08-10 23:27:00,5
1312.0,13.3028,13.3,13.3,13.3,13.3,2026-08-10 23:29:00,9
365.95566,13.3062,13.3,13.312,13.312,13.3,2026-08-10 23:34:00,8
243.0,13.36,13.36,13.36,13.36,13.36,2026-08-10 23:35:00,1
117.0,13.35,13.35,13.35,13.35,13.35,2026-08-10 23:39:00,2
3032.0,13.4097,13.41,13.41,13.41,13.41,2026-08-10 23:42:00,4
267.0,13.3427,13.34,13.34,13.34,13.34,2026-08-10 23:48:00,3
3021.0,13.4992,13.4999,13.4999,13.4999,13.4999,2026-08-10 23:51:00,3
12143.0,13.4993,13.4999,13.4659,13.5,13.4659,2026-08-10 23:52:00,292
3250.0,13.4906,13.5,13.49,13.5,13.49,2026-08-10 23:53:00,4
