Volume,vw,Open,Close,High,Low,timestamp,n
1303.004293,130.2571,130.44,130.5,130.5,129.6,2026-07-29 08:00:00,25
1116.0,130.3471,130.66,129.89,130.66,129.89,2026-07-29 08:01:00,50
4607.0,131.0373,131.46,130.94,131.46,130.29,2026-07-29 08:03:00,92
1900.0,130.4035,130.28,130.44,130.44,130.2,2026-07-29 08:04:00,51
769.0,130.3328,130.29,130.29,130.79,130.29,2026-07-29 08:08:00,12
286.0,130.473,130.44,130.44,130.44,130.44,2026-07-29 08:16:00,8
2616.0,130.9262,130.89,130.93,130.99,130.79,2026-07-29 08:37:00,36
150.826411,132.1733,131.48,131.48,131.48,131.48,2026-07-29 08:45:00,5
709.0,130.8941,130.89,130.89,130.95,130.89,2026-07-29 09:08:00,19
1528.0,130.1278,130.23,130.03,130.23,130.02,2026-07-29 09:18:00,27
241.057497,129.488,129.4471,129.4471,129.4471,129.4471,2026-07-29 09:38:00,3
933.0,129.505,129.3,129.25,129.3,129.25,2026-07-29 09:41:00,32
3698.033997,128.5888,129.01,128.55,129.01,128.49,2026-07-29 09:42:00,31
183.0,128.5,128.5,128.5,128.5,128.5,2026-07-29 09:44:00,2
858.0,128.4901,128.5,128.5,128.5,128.49,2026-07-29 09:59:00,13
674.0,128.4966,128.5,128.5,128.5,128.49,2026-07-29 10:00:00,7
806.0,128.4989,128.5,128.5,128.5,128.5,2026-07-29 10:03:00,6
970.0,129.5742,129.42,129.68,129.68,129.42,2026-07-29 10:38:00,9
1576.0,129.577,129.39,129.7,129.7,129.39,2026-07-29 10:48:00,18
755.0,129.5075,129.5,129.5,129.5,129.5,2026-07-29 10:54:00,10
485.0,129.8874,129.8,129.8,129.8,129.8,2026-07-29 11:00:00,57
336.0,129.3595,129.3492,129.3492,129.3492,129.3492,2026-07-29 11:22:00,3
231.0,129.5966,129.6,129.6,129.6,129.6,2026-07-29 11:23:00,8
328.016748,129.613,129.6,129.6,129.6,129.6,2026-07-29 11:24:00,12
122.0,129.3475,129.3475,129.3475,129.3475,129.3475,2026-07-29 11:26:00,1
200.0,129.88,129.88,129.88,129.88,129.88,2026-07-29 11:34:00,1
287.0,129.8774,129.87,129.87,129.87,129.87,2026-07-29 11:35:00,7
3860.0,129.2564,129.47,129.2,129.47,129.2,2026-07-29 11:36:00,43
160.0,128.7519,128.603,128.603,128.603,128.603,2026-07-29 11:56:00,2
139.0,128.0,128.0,128.0,128.0,128.0,2026-07-29 11:57:00,1
241.029942,129.5161,129.5,129.5,129.5,129.5,2026-07-29 11:58:00,4
164.0,128.8867,128.93,128.93,128.93,128.93,2026-07-29 12:23:00,3
133.0,128.9377,128.96,128.96,128.96,128.96,2026-07-29 12:29:00,5
781.0,129.4585,129.42,129.49,129.49,129.42,2026-07-29 12:40:00,18
642.0,129.6786,129.5,129.83,129.83,129.5,2026-07-29 12:46:00,12
149.0,129.7919,129.93,129.93,129.93,129.93,2026-07-29 13:18:00,2
215.0,129.5986,129.5775,129.5775,129.5775,129.5775,2026-07-29 13:21:00,3
1006.0,129.3298,129.06,129.07,129.07,129.06,2026-07-29 13:27:00,13
98532.695139,129.2715,129.045,130.47,130.55,128.22,2026-07-29 13:30:00,918
22769.358493,129.7726,130.71,129.26,130.77,129.26,2026-07-29 13:31:00,414
125878.606503,129.6769,129.25,129.73,129.97,129.25,2026-07-29 13:32:00,1191
32120.241509,130.0096,129.73,130.115,130.395,129.45,2026-07-29 13:33:00,539
23410.451646,130.175,130.2,130.15,130.4,129.8901,2026-07-29 13:34:00,446
45412.377292,129.7437,130.1,129.71,130.165,129.51,2026-07-29 13:35:00,625
106635.170599,129.6864,129.61,129.62,130.06,129.45,2026-07-29 13:36:00,1265
77359.477574,128.9805,129.49,128.886,129.56,128.79,2026-07-29 13:37:00,694
11420.898031,129.1683,128.89,129.2143,129.39,128.85,2026-07-29 13:38:00,254
28489.854949,129.9767,129.2675,130.36,130.55,129.2675,2026-07-29 13:39:00,392
16061.391797,130.1891,130.465,130.395,130.465,129.95,2026-07-29 13:40:00,288
14825.423712,130.3415,130.5,130.14,130.5447,130.0376,2026-07-29 13:41:00,279
9397.176891,130.2481,130.09,130.305,130.43,130.09,2026-07-29 13:42:00,207
7568.676234,130.3423,130.305,130.31,130.48,130.17,2026-07-29 13:43:00,190
12243.619802,130.3067,130.4,130.25,130.4,130.2,2026-07-29 13:44:00,156
51030.724039,130.7872,130.33,130.918,131.045,130.33,2026-07-29 13:45:00,743
24312.92744,130.804,130.95,130.38,131.07,130.38,2026-07-29 13:46:00,284
15806.17496,130.3474,130.4,130.36,130.45,130.25,2026-07-29 13:47:00,226
13017.188191,130.429,130.36,130.68,130.68,130.25,2026-07-29 13:48:00,229
10624.64056,130.5828,130.69,130.62,130.695,130.47,2026-07-29 13:49:00,162
8926.12119,130.5595,130.64,130.54,130.685,130.41,2026-07-29 13:50:00,210
10443.887459,130.6744,130.54,130.61,130.81,130.505,2026-07-29 13:51:00,226
19917.188517,130.3617,130.59,130.14,130.6667,130.14,2026-07-29 13:52:00,365
22303.023094,130.2587,130.15,130.38,130.4,130.085,2026-07-29 13:53:00,366
7629.99644,130.3414,130.385,130.4,130.4,130.225,2026-07-29 13:54:00,171
18269.220887,130.5248,130.47,130.59,130.73,130.41,2026-07-29 13:55:00,365
25467.253543,130.6178,130.6,130.55,130.76,130.4,2026-07-29 13:56:00,411
17592.975489,130.7057,130.56,130.81,130.96,130.54,2026-07-29 13:57:00,313
16562.168444,130.9234,130.96,130.93,131.04,130.79,2026-07-29 13:58:00,219
14016.571821,130.8556,130.945,130.93,131.0,130.63,2026-07-29 13:59:00,267
19581.110537,131.1294,130.8825,131.2,131.31,130.8,2026-07-29 14:00:00,344
11642.091524,131.0426,131.22,130.875,131.22,130.84,2026-07-29 14:01:00,239
16714.065827,130.7123,130.87,130.78,130.87,130.5125,2026-07-29 14:02:00,279
9395.252297,130.7657,130.81,130.71,130.815,130.67,2026-07-29 14:03:00,200
16845.328306,130.9443,130.885,131.205,131.22,130.8,2026-07-29 14:04:00,260
10527.761019,131.2516,131.11,131.33,131.39,131.11,2026-07-29 14:05:00,286
9693.166963,131.1707,131.27,131.14,131.2861,131.0121,2026-07-29 14:06:00,221
15396.402657,130.9403,131.145,130.71,131.19,130.69,2026-07-29 14:07:00,207
20506.063192,130.7896,130.78,130.8275,130.89,130.66,2026-07-29 14:08:00,303
11025.02974,130.6629,130.86,130.7725,130.86,130.47,2026-07-29 14:09:00,207
15340.560202,130.5875,130.65,130.54,130.705,130.42,2026-07-29 14:10:00,223
12319.30064,130.543,130.59,130.525,130.69,130.43,2026-07-29 14:11:00,227
6838.240724,130.4083,130.52,130.298,130.52,130.298,2026-07-29 14:12:00,139
21678.61349,130.0423,130.27,129.93,130.27,129.84,2026-07-29 14:13:00,316
9038.187301,130.05,129.96,130.14,130.14,129.91,2026-07-29 14:14:00,184
21413.167852,130.2414,130.13,130.22,130.28,130.09,2026-07-29 14:15:00,224
13421.291989,130.0259,130.195,130.15,130.195,129.89,2026-07-29 14:16:00,251
11488.91112,130.1967,130.15,130.135,130.4306,129.97,2026-07-29 14:17:00,217
11561.189608,130.292,130.19,130.355,130.4819,130.07,2026-07-29 14:18:00,241
13682.63851,130.2803,130.355,130.01,130.43,130.01,2026-07-29 14:19:00,211
12711.544237,130.022,130.0,130.185,130.19,129.9,2026-07-29 14:20:00,241
7916.981495,130.175,130.19,130.26,130.26,129.986,2026-07-29 14:21:00,167
8827.582534,130.2862,130.26,130.36,130.42,130.15,2026-07-29 14:22:00,255
12523.996487,130.462,130.31,130.4,130.63,130.31,2026-07-29 14:23:00,204
10233.450203,130.2128,130.49,130.02,130.49,130.02,2026-07-29 14:24:00,212
10488.322351,129.9525,129.98,129.78,130.07,129.78,2026-07-29 14:25:00,194
15589.786731,129.7483,129.815,129.81,129.85,129.565,2026-07-29 14:26:00,264
8146.149477,129.8237,129.815,129.78,129.97,129.7,2026-07-29 14:27:00,170
7128.092496,129.8665,129.84,129.905,129.93,129.77,2026-07-29 14:28:00,154
5611.29438,129.8198,129.97,129.63,129.97,129.61,2026-07-29 14:29:00,130
9876.577837,129.6355,129.61,129.625,129.71,129.52,2026-07-29 14:30:00,213
6454.584067,129.7862,129.69,129.785,129.865,129.64,2026-07-29 14:31:00,161
45684.625281,129.7201,129.85,129.71,129.85,129.6,2026-07-29 14:32:00,760
7229.053289,129.7526,129.725,129.665,129.85,129.6369,2026-07-29 14:33:00,147
13007.389549,129.735,129.665,129.885,129.8901,129.61,2026-07-29 14:34:00,304
13024.290352,129.7619,129.91,129.85,129.91,129.63,2026-07-29 14:35:00,232
6840.042707,129.6876,129.86,129.75,129.86,129.59,2026-07-29 14:36:00,151
8066.053078,129.788,129.78,129.825,129.85,129.71,2026-07-29 14:37:00,187
5576.724946,129.82,129.78,129.75,129.8574,129.74,2026-07-29 14:38:00,147
6789.841988,129.7054,129.785,129.74,129.785,129.52,2026-07-29 14:39:00,161
11367.535969,129.5512,129.73,129.5437,129.74,129.42,2026-07-29 14:40:00,194
26583.298897,129.5713,129.58,129.37,129.755,129.37,2026-07-29 14:41:00,341
8590.996547,129.4454,129.445,129.36,129.53,129.31,2026-07-29 14:42:00,180
20013.242402,129.2861,129.3,129.24,129.43,129.2,2026-07-29 14:43:00,318
14060.036288,129.319,129.255,129.34,129.5,129.17,2026-07-29 14:44:00,220
15126.017167,129.5187,129.46,129.57,129.62,129.4,2026-07-29 14:45:00,249
11421.776982,129.4551,129.61,129.46,129.65,129.25,2026-07-29 14:46:00,255
9725.538989,129.6154,129.45,129.47,129.81,129.425,2026-07-29 14:47:00,198
23512.474856,129.423,129.4,129.4,129.565,129.28,2026-07-29 14:48:00,232
10884.959092,129.525,129.48,129.61,129.62,129.4001,2026-07-29 14:49:00,188
9030.26941,129.6402,129.64,129.71,129.72,129.515,2026-07-29 14:50:00,150
9149.678356,129.5841,129.66,129.475,129.68,129.46,2026-07-29 14:51:00,183
8465.175015,129.4425,129.465,129.44,129.53,129.34,2026-07-29 14:52:00,174
8525.536539,129.5675,129.455,129.66,129.765,129.41,2026-07-29 14:53:00,219
5698.292425,129.6226,129.59,129.795,129.795,129.5,2026-07-29 14:54:00,119
8275.46051,129.7842,129.79,129.675,129.87,129.675,2026-07-29 14:55:00,158
9822.764037,129.6869,129.68,129.645,129.76,129.585,2026-07-29 14:56:00,158
4561.962192,129.7886,129.7,129.79,129.83,129.7,2026-07-29 14:57:00,108
7086.76183,129.6731,129.7455,129.51,129.79,129.46,2026-07-29 14:58:00,167
4994.883744,129.6437,129.52,129.53,129.73,129.5084,2026-07-29 14:59:00,122
10580.13349,129.5701,129.58,129.47,129.735,129.46,2026-07-29 15:00:00,210
12957.319541,129.4764,129.52,129.63,129.63,129.37,2026-07-29 15:01:00,209
18076.69113,129.7374,129.635,129.77,129.9529,129.57,2026-07-29 15:02:00,301
1221.480066,129.8566,129.83,129.88,129.91,129.83,2026-07-29 15:03:00,70
6840.751874,129.8696,129.94,129.75,129.94,129.75,2026-07-29 15:04:00,169
7793.488739,129.7446,129.72,129.635,129.83,129.63,2026-07-29 15:05:00,176
5879.461493,129.69,129.635,129.78,129.78,129.5998,2026-07-29 15:06:00,103
8358.567596,129.8539,129.76,129.97,129.97,129.745,2026-07-29 15:07:00,157
11868.506967,129.9853,129.99,130.16,130.27,129.87,2026-07-29 15:08:00,260
4608.523879,130.1288,130.09,130.22,130.22,130.06,2026-07-29 15:09:00,79
10428.32172,130.211,130.23,130.22,130.29,130.15,2026-07-29 15:10:00,207
12686.846378,130.2134,130.15,130.355,130.355,130.11,2026-07-29 15:11:00,219
6675.82603,130.4391,130.39,130.45,130.48,130.375,2026-07-29 15:12:00,157
7734.46098,130.3899,130.47,130.29,130.48,130.29,2026-07-29 15:13:00,127
8274.15758,130.2342,130.31,130.12,130.36,130.12,2026-07-29 15:14:00,156
10291.03792,130.1763,130.12,130.265,130.265,130.09,2026-07-29 15:15:00,182
8053.573675,130.4137,130.3,130.48,130.5,130.3,2026-07-29 15:16:00,159
11651.225969,130.4032,130.54,130.22,130.54,130.22,2026-07-29 15:17:00,209
12960.765963,130.495,130.3,130.71,130.71,130.23,2026-07-29 15:18:00,243
8189.327272,130.5082,130.64,130.435,130.68,130.41,2026-07-29 15:19:00,117
8239.046708,130.6467,130.54,130.74,130.74,130.54,2026-07-29 15:20:00,185
9582.445154,130.6121,130.65,130.635,130.68,130.51,2026-07-29 15:21:00,185
9577.854913,130.5236,130.59,130.52,130.59,130.39,2026-07-29 15:22:00,171
7649.50862,130.5937,130.54,130.5,130.69,130.5,2026-07-29 15:23:00,139
7640.944294,130.4846,130.56,130.46,130.56,130.36,2026-07-29 15:24:00,125
14822.892263,130.2662,130.47,130.34,130.47,130.09,2026-07-29 15:25:00,273
11845.38384,130.2894,130.28,130.11,130.415,130.09,2026-07-29 15:26:00,207
12550.132177,130.0847,130.07,130.055,130.16,130.0,2026-07-29 15:27:00,200
12776.255598,130.1117,130.085,130.115,130.169,130.056,2026-07-29 15:28:00,195
10042.586236,129.9957,130.12,129.96,130.14,129.8501,2026-07-29 15:29:00,175
18849.640721,130.1087,130.08,130.15,130.205,129.97,2026-07-29 15:30:00,276
5056.458272,130.2053,130.17,130.2,130.23,130.14,2026-07-29 15:31:00,127
7754.793488,130.2717,130.22,130.28,130.345,130.2,2026-07-29 15:32:00,166
7006.678054,130.313,130.26,130.355,130.38,130.201,2026-07-29 15:33:00,146
14482.890494,130.2521,130.355,130.11,130.43,130.055,2026-07-29 15:34:00,205
6839.149836,130.2513,130.12,130.41,130.42,130.105,2026-07-29 15:35:00,139
9665.627238,130.3508,130.45,130.42,130.47,130.25,2026-07-29 15:36:00,201
6303.935869,130.4093,130.49,130.28,130.54,130.26,2026-07-29 15:37:00,128
8106.4571,130.302,130.255,130.27,130.38,130.23,2026-07-29 15:38:00,170
5821.933244,130.1241,130.255,130.01,130.255,130.01,2026-07-29 15:39:00,152
7975.870029,130.074,130.05,130.005,130.14,130.0,2026-07-29 15:40:00,126
85541.767669,129.501,130.1,129.995,130.1,129.9,2026-07-29 15:41:00,183
7800.683118,130.0242,130.02,129.97,130.08,129.95,2026-07-29 15:42:00,169
7316.920812,129.9563,129.995,129.88,130.01,129.845,2026-07-29 15:43:00,144
10837.197463,129.9658,129.91,130.02,130.07,129.88,2026-07-29 15:44:00,210
9049.769084,130.1201,130.08,130.08,130.17,130.05,2026-07-29 15:45:00,186
12314.25735,130.1306,130.16,130.1,130.195,130.05,2026-07-29 15:46:00,222
8320.519829,130.149,130.11,130.16,130.215,130.08,2026-07-29 15:47:00,198
7291.06117,130.1051,130.15,130.085,130.165,130.04,2026-07-29 15:48:00,156
15598.245045,130.0275,130.1,129.97,130.1,129.94,2026-07-29 15:49:00,258
10107.857,130.0412,130.01,130.02,130.1,129.95,2026-07-29 15:50:00,205
9805.707729,129.9441,129.96,129.87,130.02,129.83,2026-07-29 15:51:00,191
9859.035486,130.0132,129.87,130.01,130.07,129.87,2026-07-29 15:52:00,190
2988.0001,130.0332,130.1,129.99,130.11,129.8958,2026-07-29 15:53:00,90
5235.041665,129.8891,129.94,129.82,129.94,129.81,2026-07-29 15:54:00,140
14081.40974,129.7255,129.745,129.705,129.8,129.67,2026-07-29 15:55:00,217
14482.390958,129.753,129.6913,129.83,129.83,129.69,2026-07-29 15:56:00,252
8747.09723,129.7593,129.87,129.74,129.87,129.68,2026-07-29 15:57:00,187
11454.18406,129.7747,129.71,129.79,129.84,129.71,2026-07-29 15:58:00,192
7593.043747,129.8479,129.79,129.935,129.935,129.78,2026-07-29 15:59:00,125
10702.879409,129.9382,129.95,129.81,130.0,129.81,2026-07-29 16:00:00,177
4336.559159,129.7921,129.815,129.68,129.845,129.66,2026-07-29 16:01:00,94
15390.326643,129.6503,129.68,129.67,129.71,129.58,2026-07-29 16:02:00,238
15843.259642,129.6803,129.65,129.645,129.7368,129.61,2026-07-29 16:03:00,178
4233.2043,129.5679,129.61,129.5,129.61,129.5,2026-07-29 16:04:00,136
15815.938434,129.3873,129.505,129.38,129.505,129.29,2026-07-29 16:05:00,322
30174.661108,129.3693,129.36,129.36,129.45,129.3,2026-07-29 16:06:00,397
13865.026834,129.3664,129.34,129.36,129.455,129.31,2026-07-29 16:07:00,229
18261.00965,129.4472,129.43,129.555,129.58,129.37,2026-07-29 16:08:00,265
16317.604815,129.5747,129.52,129.7,129.7,129.47,2026-07-29 16:09:00,228
13041.4378,129.7263,129.67,129.68,129.77,129.67,2026-07-29 16:10:00,225
6099.162196,129.5523,129.66,129.465,129.66,129.465,2026-07-29 16:11:00,105
6652.62661,129.4262,129.465,129.31,129.49,129.29,2026-07-29 16:12:00,136
5532.741656,129.459,129.335,129.55,129.55,129.315,2026-07-29 16:13:00,130
3293.270686,129.4576,129.53,129.4,129.53,129.38,2026-07-29 16:14:00,104
15911.62355,129.51,129.385,129.73,129.73,129.29,2026-07-29 16:15:00,317
34101.401941,129.7171,129.72,129.76,129.83,129.63,2026-07-29 16:16:00,396
8032.894298,129.8019,129.8,129.8,129.85,129.75,2026-07-29 16:17:00,152
13243.377823,129.7987,129.81,129.85,129.89,129.71,2026-07-29 16:18:00,237
12616.085538,129.8805,129.85,129.96,129.9885,129.8,2026-07-29 16:19:00,188
9516.1077,129.9606,129.93,130.06,130.065,129.85,2026-07-29 16:20:00,175
35000.874301,130.0825,130.08,130.235,130.27,130.0,2026-07-29 16:21:00,411
38329.0,130.4314,130.25,130.55,130.6,130.245,2026-07-29 16:22:00,478
37341.512331,130.5935,130.51,130.7,130.745,130.4722,2026-07-29 16:23:00,406
13007.748763,130.7616,130.72,130.73,130.83,130.67,2026-07-29 16:24:00,231
30902.0575,130.7146,130.71,130.635,130.83,130.635,2026-07-29 16:25:00,395
6139.65437,130.6961,130.665,130.74,130.75,130.62,2026-07-29 16:26:00,168
11136.366961,130.8398,130.78,130.925,130.925,130.778,2026-07-29 16:27:00,196
15007.32638,130.8947,130.919,130.89,130.94,130.81,2026-07-29 16:28:00,210
4608.338902,130.9508,130.91,130.96,130.98,130.91,2026-07-29 16:29:00,123
30152.299287,131.1462,130.99,131.125,131.33,130.99,2026-07-29 16:30:00,529
4675.814648,131.0136,131.085,130.98,131.085,130.91,2026-07-29 16:31:00,119
6777.445954,130.8922,130.96,130.83,130.96,130.81,2026-07-29 16:32:00,127
7661.979421,130.8352,130.78,130.77,130.89,130.76,2026-07-29 16:33:00,144
3522.04625,130.7901,130.82,130.54,130.8948,130.54,2026-07-29 16:34:00,82
10928.04017,130.6394,130.53,130.6332,130.72,130.51,2026-07-29 16:35:00,205
8291.1006,130.6464,130.73,130.66,130.75,130.55,2026-07-29 16:36:00,166
5202.530574,130.6956,130.64,130.69,130.7278,130.64,2026-07-29 16:37:00,107
8504.743002,130.6063,130.7,130.4401,130.7,130.44,2026-07-29 16:38:00,173
4825.335166,130.4258,130.49,130.34,130.49,130.33,2026-07-29 16:39:00,135
3030.379549,130.4354,130.36,130.4395,130.46,130.36,2026-07-29 16:40:00,72
9854.0,130.344,130.43,130.29,130.46,130.28,2026-07-29 16:41:00,199
11544.770198,130.2156,130.2951,130.19,130.32,130.115,2026-07-29 16:42:00,213
5772.565852,130.2707,130.21,130.26,130.305,130.19,2026-07-29 16:43:00,141
6000.148,130.292,130.25,130.35,130.36,130.23,2026-07-29 16:44:00,120
6328.589568,130.323,130.38,130.315,130.385,130.255,2026-07-29 16:45:00,154
4043.314885,130.1719,130.27,129.99,130.29,129.99,2026-07-29 16:46:00,89
8338.694725,129.9561,129.97,129.9,130.0,129.83,2026-07-29 16:47:00,158
4816.696034,130.0046,129.995,129.92,130.05,129.88,2026-07-29 16:48:00,113
5471.03,130.0033,129.97,130.0,130.04,129.93,2026-07-29 16:49:00,188
4895.04,130.1254,130.05,130.22,130.22,130.05,2026-07-29 16:50:00,110
16112.025336,130.2773,130.25,130.36,130.42,130.13,2026-07-29 16:51:00,292
7923.00976,130.3295,130.417,130.33,130.417,130.25,2026-07-29 16:52:00,162
3897.67016,130.3434,130.4099,130.265,130.4099,130.26,2026-07-29 16:53:00,92
3708.0,130.3198,130.3,130.36,130.36,130.28,2026-07-29 16:54:00,100
5542.47924,130.3535,130.345,130.28,130.38,130.28,2026-07-29 16:55:00,151
2418.614148,130.267,130.24,130.23,130.24,130.21,2026-07-29 16:56:00,88
3636.6106,130.2537,130.23,130.23,130.24,130.2101,2026-07-29 16:57:00,92
14413.975596,130.2867,130.2699,130.39,130.4197,130.19,2026-07-29 16:58:00,258
5556.941604,130.3783,130.41,130.32,130.44,130.31,2026-07-29 16:59:00,181
4866.118885,130.4215,130.37,130.47,130.5,130.37,2026-07-29 17:00:00,161
4771.0,130.4166,130.48,130.39,130.48,130.37,2026-07-29 17:01:00,96
5055.767539,130.36,130.36,130.42,130.42,130.29,2026-07-29 17:02:00,112
8518.075856,130.5769,130.45,130.7,130.71,130.45,2026-07-29 17:03:00,159
6488.817867,130.6591,130.71,130.55,130.7499,130.49,2026-07-29 17:04:00,134
4645.5,130.5643,130.57,130.58,130.58,130.51,2026-07-29 17:05:00,112
8473.5,130.4735,130.51,130.39,130.525,130.39,2026-07-29 17:06:00,124
14323.119587,130.337,130.37,130.32,130.37,130.25,2026-07-29 17:07:00,130
5335.55798,130.3258,130.28,130.31,130.34,130.28,2026-07-29 17:08:00,111
9772.15371,130.2134,130.3,130.205,130.3,130.18,2026-07-29 17:09:00,153
9676.419233,130.338,130.18,130.46,130.46,130.18,2026-07-29 17:10:00,199
4354.398347,130.4446,130.46,130.41,130.5,130.41,2026-07-29 17:11:00,100
7249.717673,130.4444,130.44,130.41,130.5,130.39,2026-07-29 17:12:00,139
14815.996148,130.4982,130.455,130.42,130.56,130.42,2026-07-29 17:13:00,247
6811.186865,130.4913,130.45,130.555,130.56,130.41,2026-07-29 17:14:00,134
5372.23118,130.4802,130.55,130.47,130.55,130.4,2026-07-29 17:15:00,121
7789.325748,130.4179,130.41,130.47,130.475,130.34,2026-07-29 17:16:00,156
6623.30833,130.4491,130.46,130.47,130.47,130.36,2026-07-29 17:17:00,110
18251.8357,130.5035,130.43,130.5494,130.61,130.41,2026-07-29 17:18:00,278
3705.5,130.633,130.525,130.63,130.67,130.525,2026-07-29 17:19:00,93
7858.205845,130.6386,130.67,130.58,130.71,130.57,2026-07-29 17:20:00,178
8907.0,130.6503,130.53,130.69,130.7,130.53,2026-07-29 17:21:00,196
6874.18232,130.5442,130.68,130.44,130.68,130.38,2026-07-29 17:22:00,112
4251.44608,130.4759,130.44,130.49,130.49,130.4,2026-07-29 17:23:00,86
6844.0,130.4222,130.49,130.47,130.5,130.37,2026-07-29 17:24:00,145
6098.888339,130.5136,130.46,130.48,130.53,130.45,2026-07-29 17:25:00,118
5318.126515,130.4873,130.48,130.44,130.57,130.41,2026-07-29 17:26:00,113
4869.7745,130.3755,130.41,130.37,130.41,130.31,2026-07-29 17:27:00,93
7048.0,130.3434,130.37,130.32,130.38,130.29,2026-07-29 17:28:00,142
31037.319678,130.2457,130.3,130.23,130.33,130.14,2026-07-29 17:29:00,255
4013.196757,130.2375,130.26,130.19,130.295,130.19,2026-07-29 17:30:00,106
10492.72105,130.24,130.195,130.21,130.3,130.14,2026-07-29 17:31:00,187
7182.51481,130.2123,130.18,130.23,130.235,130.1651,2026-07-29 17:32:00,173
6550.963311,130.2837,130.26,130.225,130.32,130.21,2026-07-29 17:33:00,121
15219.07679,130.2244,130.225,130.31,130.32,130.18,2026-07-29 17:34:00,224
14773.452706,130.3245,130.32,130.2,130.39,130.2,2026-07-29 17:35:00,210
2895.85388,130.2093,130.165,130.195,130.2,130.115,2026-07-29 17:36:00,90
4013.707733,130.2235,130.195,130.1,130.22,130.1,2026-07-29 17:37:00,85
2031.47442,130.153,130.15,130.12,130.15,130.085,2026-07-29 17:38:00,70
2416.960127,130.2151,130.14,130.2,130.2,130.135,2026-07-29 17:39:00,68
4269.20158,130.2872,130.26,130.31,130.31,130.25,2026-07-29 17:40:00,122
10053.79721,130.3609,130.31,130.3,130.4,130.27,2026-07-29 17:41:00,212
18552.703567,130.4262,130.31,130.49,130.55,130.31,2026-07-29 17:42:00,310
10338.16807,130.5872,130.46,130.675,130.69,130.46,2026-07-29 17:43:00,168
45404.112542,130.7793,130.72,130.89,130.92,130.64,2026-07-29 17:44:00,497
34824.029705,130.7048,130.87,130.74,130.88,130.51,2026-07-29 17:45:00,485
8957.088057,130.6743,130.74,130.72,130.79,130.57,2026-07-29 17:46:00,140
5807.004097,130.7539,130.71,130.83,130.83,130.71,2026-07-29 17:47:00,126
5539.87916,130.815,130.79,130.81,130.83,130.77,2026-07-29 17:48:00,184
9539.561491,130.845,130.85,130.855,130.88,130.78,2026-07-29 17:49:00,248
18803.145122,130.9194,130.9,130.925,130.97,130.85,2026-07-29 17:50:00,280
8515.26204,130.9745,130.94,131.03,131.04,130.91,2026-07-29 17:51:00,214
15449.802474,131.1019,131.06,131.115,131.16,131.05,2026-07-29 17:52:00,231
5417.296888,131.0828,131.08,131.07,131.105,131.03,2026-07-29 17:53:00,145
11234.55071,131.1144,131.05,131.15,131.2,131.02,2026-07-29 17:54:00,200
8446.6029,131.1994,131.14,131.21,131.245,131.12,2026-07-29 17:55:00,189
9261.742533,131.1925,131.16,131.22,131.22,131.14,2026-07-29 17:56:00,172
10498.24282,131.1811,131.19,131.19,131.22,131.16,2026-07-29 17:57:00,267
33105.461469,131.2852,131.185,131.44,131.45,131.16,2026-07-29 17:58:00,523
12104.32805,131.5554,131.39,131.535,131.72,131.39,2026-07-29 17:59:00,235
43699.500983,131.9462,131.57,132.25,132.5,131.57,2026-07-29 18:00:00,781
24858.302926,132.399,132.22,132.1925,132.62,132.16,2026-07-29 18:01:00,418
15558.76109,132.0763,132.175,132.21,132.21,131.87,2026-07-29 18:02:00,266
10463.074828,132.0551,132.2,132.09,132.2,131.92,2026-07-29 18:03:00,179
15970.214,131.9294,132.09,131.865,132.09,131.7801,2026-07-29 18:04:00,256
28122.002883,131.8395,131.865,131.875,131.98,131.76,2026-07-29 18:05:00,342
36648.38204,131.9386,131.93,131.84,132.05,131.765,2026-07-29 18:06:00,340
10673.144951,131.8478,131.86,131.765,131.95,131.76,2026-07-29 18:07:00,162
31466.158582,131.7699,131.6901,131.795,131.865,131.65,2026-07-29 18:08:00,381
4835.482656,131.7395,131.795,131.71,131.795,131.64,2026-07-29 18:09:00,114
15145.516181,131.8541,131.81,131.825,131.91,131.72,2026-07-29 18:10:00,230
7737.102303,131.9921,131.825,132.131,132.2,131.825,2026-07-29 18:11:00,166
8938.015131,132.1436,132.175,132.07,132.265,132.06,2026-07-29 18:12:00,163
6830.626526,132.1312,132.04,132.1001,132.18,132.04,2026-07-29 18:13:00,183
13186.878873,132.0165,132.1,132.04,132.15,131.88,2026-07-29 18:14:00,213
12157.40796,132.2313,132.11,132.255,132.3,132.11,2026-07-29 18:15:00,163
6261.556274,132.3161,132.3,132.13,132.38,132.13,2026-07-29 18:16:00,159
6602.3782,132.148,132.13,132.1875,132.21,132.1,2026-07-29 18:17:00,147
7323.467068,132.2443,132.24,132.22,132.29,132.18,2026-07-29 18:18:00,149
9383.27123,132.1057,132.21,131.94,132.225,131.9,2026-07-29 18:19:00,143
6162.0,131.8827,131.94,131.85,131.94,131.79,2026-07-29 18:20:00,147
16273.432753,131.9155,131.83,131.88,131.98,131.81,2026-07-29 18:21:00,285
15407.617221,131.6608,131.8312,131.53,131.87,131.53,2026-07-29 18:22:00,263
25332.08323,131.5735,131.53,131.505,131.7,131.46,2026-07-29 18:23:00,321
12520.662053,131.5554,131.505,131.55,131.61,131.4825,2026-07-29 18:24:00,221
9023.055252,131.6199,131.55,131.59,131.7,131.495,2026-07-29 18:25:00,169
5317.747873,131.6878,131.66,131.74,131.74,131.62,2026-07-29 18:26:00,123
10094.898639,131.7419,131.68,131.735,131.7601,131.68,2026-07-29 18:27:00,174
10482.213,131.8804,131.77,131.955,131.96,131.77,2026-07-29 18:28:00,190
7315.818265,131.9936,131.96,132.0,132.04,131.91,2026-07-29 18:29:00,164
12465.987386,132.2433,132.06,132.4,132.4,132.06,2026-07-29 18:30:00,256
20913.389794,132.143,132.33,132.02,132.335,131.91,2026-07-29 18:31:00,368
23110.152528,131.8578,131.93,131.965,132.0,131.71,2026-07-29 18:32:00,390
14193.464599,132.0304,131.94,132.1,132.16,131.84,2026-07-29 18:33:00,296
3849.04188,132.08,132.11,132.085,132.19,132.03,2026-07-29 18:34:00,90
9649.08875,132.1059,132.03,132.1,132.18,132.02,2026-07-29 18:35:00,205
17598.331411,132.0472,132.075,132.22,132.22,131.92,2026-07-29 18:36:00,272
10099.850937,132.2141,132.18,132.355,132.355,132.095,2026-07-29 18:37:00,158
13843.403646,132.4874,132.31,132.49,132.61,132.31,2026-07-29 18:38:00,242
19707.881795,132.4529,132.485,132.51,132.575,132.34,2026-07-29 18:39:00,294
10080.040389,132.5674,132.495,132.6,132.62,132.495,2026-07-29 18:40:00,217
21172.694138,132.6674,132.66,132.6,132.75,132.59,2026-07-29 18:41:00,369
8533.816633,132.5886,132.63,132.67,132.67,132.43,2026-07-29 18:42:00,191
12099.606368,132.7177,132.66,132.82,132.82,132.62,2026-07-29 18:43:00,199
17590.099987,132.8711,132.82,132.87,132.955,132.8,2026-07-29 18:44:00,254
14843.820912,133.008,132.89,132.94,133.1,132.87,2026-07-29 18:45:00,317
15875.435726,133.0032,132.94,133.16,133.16,132.84,2026-07-29 18:46:00,259
19439.259104,133.2304,133.17,133.315,133.39,133.12,2026-07-29 18:47:00,397
15939.02215,133.3057,133.41,133.285,133.42,133.24,2026-07-29 18:48:00,251
11117.938077,133.4589,133.34,133.515,133.57,133.2901,2026-07-29 18:49:00,193
15376.928,133.5222,133.57,133.45,133.62,133.39,2026-07-29 18:50:00,279
12587.078116,133.3658,133.445,133.44,133.445,133.29,2026-07-29 18:51:00,237
17332.05244,133.4523,133.44,133.46,133.55,133.33,2026-07-29 18:52:00,279
11075.286405,133.5757,133.46,133.6301,133.72,133.46,2026-07-29 18:53:00,131
14365.5694,133.6163,133.72,133.53,133.73,133.53,2026-07-29 18:54:00,207
13510.077236,133.6467,133.53,133.7099,133.73,133.53,2026-07-29 18:55:00,234
15405.909727,133.568,133.69,133.45,133.7078,133.45,2026-07-29 18:56:00,259
9572.77288,133.3592,133.44,133.25,133.46,133.24,2026-07-29 18:57:00,190
10010.839223,133.2971,133.27,133.2824,133.37,133.2,2026-07-29 18:58:00,195
12027.23346,133.2226,133.34,133.1852,133.34,133.13,2026-07-29 18:59:00,183
16058.790784,133.1281,133.2,132.99,133.225,132.96,2026-07-29 19:00:00,318
18177.64475,132.9547,133.04,133.12,133.12,132.79,2026-07-29 19:01:00,314
26492.819761,133.1437,133.115,132.98,133.4,132.91,2026-07-29 19:02:00,424
41736.988123,132.9115,132.96,132.82,133.02,132.79,2026-07-29 19:03:00,447
14184.1908,132.6834,132.82,132.555,132.82,132.485,2026-07-29 19:04:00,244
15163.528,132.5205,132.565,132.53,132.59,132.4,2026-07-29 19:05:00,250
25697.941207,132.3603,132.46,132.44,132.46,132.2,2026-07-29 19:06:00,428
20511.839027,132.3488,132.39,132.24,132.45,132.2,2026-07-29 19:07:00,382
13548.109982,132.2035,132.24,132.085,132.33,132.01,2026-07-29 19:08:00,275
14543.611282,132.038,132.06,132.01,132.12,131.97,2026-07-29 19:09:00,274
12639.095812,131.9083,131.97,131.925,131.99,131.81,2026-07-29 19:10:00,234
11706.197984,132.1532,131.96,132.225,132.31,131.94,2026-07-29 19:11:00,180
14593.0151,132.2925,132.29,132.465,132.5,132.13,2026-07-29 19:12:00,227
11879.495364,132.4171,132.47,132.42,132.49,132.34,2026-07-29 19:13:00,229
5649.9,132.5323,132.46,132.59,132.59,132.455,2026-07-29 19:14:00,143
16231.46535,132.6325,132.55,132.76,132.77,132.5,2026-07-29 19:15:00,285
9720.27053,132.6298,132.795,132.6,132.795,132.535,2026-07-29 19:16:00,215
9131.05242,132.4638,132.58,132.325,132.585,132.325,2026-07-29 19:17:00,196
17939.00755,132.1518,132.27,132.105,132.27,132.07,2026-07-29 19:18:00,327
19005.732519,132.1086,132.05,132.205,132.26,132.03,2026-07-29 19:19:00,194
13433.807492,132.164,132.24,132.14,132.26,132.07,2026-07-29 19:20:00,192
22852.963273,131.91,132.07,131.875,132.08,131.76,2026-07-29 19:21:00,378
13813.24957,131.7444,131.8942,131.71,131.8942,131.655,2026-07-29 19:22:00,251
13224.87154,131.6495,131.7,131.52,131.71,131.4063,2026-07-29 19:23:00,261
9302.50759,131.5648,131.56,131.42,131.6399,131.42,2026-07-29 19:24:00,208
15287.148535,131.4667,131.49,131.31,131.58,131.3,2026-07-29 19:25:00,260
15248.001294,131.2807,131.3,131.24,131.34,131.15,2026-07-29 19:26:00,286
12395.176153,131.2681,131.28,131.2295,131.38,131.15,2026-07-29 19:27:00,245
10163.001081,131.3642,131.215,131.48,131.49,131.1938,2026-07-29 19:28:00,202
8909.0094,131.3799,131.48,131.46,131.48,131.31,2026-07-29 19:29:00,174
14681.822452,131.4529,131.51,131.48,131.51,131.38,2026-07-29 19:30:00,297
33829.776684,131.4204,131.56,131.585,131.59,131.3,2026-07-29 19:31:00,506
15330.524519,131.4128,131.595,131.23,131.67,131.22,2026-07-29 19:32:00,253
19295.731007,131.0251,131.29,130.8244,131.29,130.72,2026-07-29 19:33:00,338
15793.307264,130.8617,130.8,130.92,130.94,130.755,2026-07-29 19:34:00,296
12665.680827,130.7944,130.92,130.71,130.93,130.62,2026-07-29 19:35:00,230
12926.767215,130.7894,130.7,131.02,131.067,130.59,2026-07-29 19:36:00,222
11974.0383,130.8822,131.07,130.79,131.07,130.73,2026-07-29 19:37:00,232
15446.454183,130.6044,130.81,130.44,130.81,130.4,2026-07-29 19:38:00,250
20200.0,130.3693,130.37,130.3,130.465,130.3,2026-07-29 19:39:00,324
51605.04035,130.2179,130.26,130.275,130.305,130.09,2026-07-29 19:40:00,529
17963.183405,130.2668,130.32,130.18,130.38,130.05,2026-07-29 19:41:00,363
34235.155859,130.1691,130.13,130.2,130.23,130.09,2026-07-29 19:42:00,385
24374.166297,130.1135,130.16,130.13,130.22,129.97,2026-07-29 19:43:00,356
24579.883058,129.9354,130.07,129.82,130.11,129.725,2026-07-29 19:44:00,414
15138.9276,129.907,129.91,129.77,129.98,129.77,2026-07-29 19:45:00,365
26322.581142,129.675,129.76,129.45,129.85,129.45,2026-07-29 19:46:00,551
17867.25291,129.3918,129.45,129.34,129.48,129.2301,2026-07-29 19:47:00,401
21502.49203,129.4064,129.345,129.44,129.55,129.32,2026-07-29 19:48:00,418
16086.74576,129.5335,129.44,129.595,129.6,129.42,2026-07-29 19:49:00,372
55456.88878,129.5382,129.57,129.6,129.69,129.37,2026-07-29 19:50:00,1042
38588.59441,129.6164,129.59,129.66,129.73,129.52,2026-07-29 19:51:00,704
25136.43895,129.5348,129.67,129.48,129.67,129.4,2026-07-29 19:52:00,474
27208.939134,129.4522,129.46,129.3,129.53,129.295,2026-07-29 19:53:00,471
50901.1629,129.4909,129.34,129.59,129.66,129.33,2026-07-29 19:54:00,842
87884.66904,129.413,129.56,129.5,129.56,129.3,2026-07-29 19:55:00,1619
62557.376998,129.3122,129.48,129.305,129.48,129.19,2026-07-29 19:56:00,1121
58808.43002,129.3431,129.29,129.35,129.41,129.27,2026-07-29 19:57:00,1058
89879.519,129.3736,129.34,129.39,129.44,129.3,2026-07-29 19:58:00,1558
248260.681327,129.1977,129.4,129.1,129.4,129.08,2026-07-29 19:59:00,3763
18328.797043,129.1738,129.17,129.275,129.275,129.01,2026-07-29 20:00:00,49
1239.0,128.5203,129.0,129.0,129.0,129.0,2026-07-29 20:01:00,60
281.93826,128.5131,127.9755,127.9755,127.9755,127.9755,2026-07-29 20:02:00,31
232.0,129.6659,129.87,129.87,129.87,129.87,2026-07-29 20:03:00,8
229.01768,128.7616,128.84,128.84,128.84,128.84,2026-07-29 20:05:00,6
71135.506029,129.1672,127.6108,129.17,129.17,127.6108,2026-07-29 20:10:00,16
210.0,128.4503,128.4503,128.4503,128.4503,128.4503,2026-07-29 20:19:00,2
451.0,128.5117,128.65,128.65,128.65,128.65,2026-07-29 20:22:00,12
322.1206,128.0173,127.75,127.75,127.75,127.75,2026-07-29 20:26:00,11
185.0,128.2125,128.29,128.29,128.29,128.29,2026-07-29 20:27:00,5
676.0,128.4628,128.0,128.0,128.0,128.0,2026-07-29 20:29:00,40
150.0,128.1428,128.14,128.14,128.14,128.14,2026-07-29 20:34:00,3
511.0,128.5319,128.5,128.5,128.5,128.5,2026-07-29 20:45:00,5
617.0,128.5753,128.5,128.65,128.65,128.5,2026-07-29 20:48:00,16
736.0,128.3069,128.31,128.31,128.31,128.29,2026-07-29 20:51:00,16
160.0,128.4843,128.3585,128.3585,128.3585,128.3585,2026-07-29 20:59:00,9
69588.0,129.1671,128.25,129.17,129.17,128.25,2026-07-29 21:03:00,7
447.0,128.499,128.5451,128.5451,128.5451,128.5451,2026-07-29 21:09:00,8
1150.0,128.2288,128.28,128.01,128.28,128.01,2026-07-29 21:10:00,22
562.0,128.5388,128.53,128.53,128.53,128.53,2026-07-29 21:12:00,27
280.0,128.7615,128.79,128.79,128.79,128.79,2026-07-29 21:15:00,11
152.0,128.5182,128.52,128.52,128.52,128.52,2026-07-29 21:22:00,4
200.0,128.627,128.63,128.63,128.63,128.63,2026-07-29 21:37:00,5
1032.0,128.2316,128.21,128.19,128.22,128.19,2026-07-29 21:40:00,14
124.0,128.2634,128.26,128.26,128.26,128.26,2026-07-29 21:43:00,3
250.0,128.2316,128.23,128.22,128.23,128.22,2026-07-29 21:58:00,6
336.0,128.1978,128.18,128.18,128.18,128.18,2026-07-29 21:59:00,7
655.0,128.6019,128.5,128.69,128.69,128.5,2026-07-29 22:00:00,9
424.0,128.7649,128.75,128.79,128.79,128.75,2026-07-29 22:01:00,11
329.0,128.8357,128.86,128.86,128.86,128.86,2026-07-29 22:04:00,12
110.173235,128.7919,128.55,128.55,128.55,128.55,2026-07-29 22:08:00,3
284.0,128.9518,128.95,128.95,128.95,128.95,2026-07-29 22:12:00,5
889.0,129.0006,129.0,129.01,129.01,129.0,2026-07-29 22:19:00,8
200.0,129.061,129.0119,129.11,129.11,129.0119,2026-07-29 22:28:00,2
188.0,128.2143,128.17,128.17,128.17,128.17,2026-07-29 22:32:00,4
1312.0,129.1528,129.15,129.17,129.17,129.15,2026-07-29 22:45:00,11
230.0,129.34,129.34,129.34,129.34,129.34,2026-07-29 22:49:00,5
902.0,129.2994,129.3,129.3,129.3,129.3,2026-07-29 22:50:00,2
300.0,129.2655,129.2655,129.2655,129.2655,129.2655,2026-07-29 23:05:00,1
784.0,128.9437,129.0,128.9,129.0,128.9,2026-07-29 23:11:00,14
464.0,128.886,128.9,128.872,128.9,128.872,2026-07-29 23:15:00,2
364.0,128.9,128.9,128.9,128.9,128.9,2026-07-29 23:18:00,7
2556.0,128.8814,128.81,128.9,128.9,128.8,2026-07-29 23:19:00,7
365.0,129.0532,129.06,129.04,129.06,129.04,2026-07-29 23:32:00,2
160.0,128.7938,128.75,128.75,128.75,128.75,2026-07-29 23:35:00,2
5003.0,129.2427,129.21,129.2499,129.2499,129.19,2026-07-29 23:38:00,9
339.0,129.17,129.17,129.17,129.17,129.17,2026-07-29 23:41:00,2
139.0,128.836,128.76,128.76,128.76,128.76,2026-07-29 23:45:00,5
100.0,129.19,129.19,129.19,129.19,129.19,2026-07-29 23:50:00,1
1000.0,129.17,129.17,129.17,129.17,129.17,2026-07-29 23:52:00,1
300.0,129.212,129.212,129.212,129.212,129.212,2026-07-29 23:54:00,1
1611.0,129.1186,129.35,129.48,129.48,129.35,2026-07-30 08:01:00,52
3722.0,128.863,129.0,128.72,129.01,128.65,2026-07-30 08:02:00,42
400.0,129.2758,129.29,129.27,129.29,129.27,2026-07-30 09:38:00,4
757.0,129.0706,129.05,129.05,129.05,129.05,2026-07-30 09:47:00,11
1279.0,129.064,129.11,129.05,129.11,129.05,2026-07-30 09:54:00,8
1206.0,129.0496,129.09,129.04,129.09,129.04,2026-07-30 09:57:00,11
528.011053,128.2105,128.16,128.15,128.16,128.15,2026-07-30 10:22:00,18
300.0,128.0,128.0,128.0,128.0,128.0,2026-07-30 10:33:00,1
539.0,128.7042,129.0,128.51,129.0,128.51,2026-07-30 11:03:00,12
215.0,128.1894,128.2,128.2,128.2,128.2,2026-07-30 11:09:00,14
2194.0,127.8364,128.05,127.57,128.05,127.57,2026-07-30 11:10:00,19
472.01,127.4966,127.37,127.75,127.75,127.37,2026-07-30 11:12:00,12
200.0,127.7,127.7,127.7,127.7,127.7,2026-07-30 11:28:00,1
114.0,127.0,127.0,127.0,127.0,127.0,2026-07-30 11:32:00,1
423.0,127.4929,127.5,127.5,127.5,127.5,2026-07-30 11:57:00,5
112.0,127.4919,127.46,127.46,127.46,127.46,2026-07-30 11:59:00,4
131.0,128.3805,128.7055,128.7055,128.7055,128.7055,2026-07-30 12:01:00,2
100.0,127.34,127.34,127.34,127.34,127.34,2026-07-30 12:08:00,1
377.0,127.9658,128.0,128.0,128.0,128.0,2026-07-30 12:30:00,6
1216.0,127.9619,127.88,128.0,128.0,127.88,2026-07-30 12:32:00,4
216.0,127.506,127.51,127.51,127.51,127.51,2026-07-30 12:36:00,3
3280.007,127.3738,127.36,127.35,127.4,127.35,2026-07-30 12:37:00,18
400.0,127.3,127.3,127.3,127.3,127.3,2026-07-30 12:38:00,1
140.0,127.2517,127.25,127.25,127.25,127.25,2026-07-30 12:49:00,3
1095.0,127.2602,127.26,127.26,127.26,127.26,2026-07-30 12:50:00,3
1976.0,127.1993,127.21,127.1,127.21,127.1,2026-07-30 12:52:00,12
972.0,127.2046,127.2,127.2,127.2,127.2,2026-07-30 12:54:00,4
1731.0,127.2355,127.2,127.0,127.3,127.0,2026-07-30 12:55:00,79
714.0,126.9429,127.0,126.88,127.0,126.88,2026-07-30 12:56:00,8
3440.0,126.9968,127.0673,127.09,127.09,126.93,2026-07-30 13:02:00,21
400.0,127.3938,127.4,127.4,127.4,127.4,2026-07-30 13:03:00,2
974.0,126.999,127.0,127.0,127.0,126.99,2026-07-30 13:14:00,13
676.0,126.9076,126.9,126.9,126.9,126.9,2026-07-30 13:15:00,14
234.0,127.0166,127.1,127.1,127.1,127.1,2026-07-30 13:18:00,2
690.011277,126.8496,126.86,126.8788,126.8788,126.8,2026-07-30 13:20:00,12
100.0,127.0,127.0,127.0,127.0,127.0,2026-07-30 13:21:00,1
100.0,126.8,126.8,126.8,126.8,126.8,2026-07-30 13:22:00,1
246.0,127.0251,127.0,127.0,127.0,127.0,2026-07-30 13:24:00,6
1718.0,126.7839,126.78,126.78,126.78,126.78,2026-07-30 13:25:00,31
729.0,126.8529,126.94,126.94,126.94,126.94,2026-07-30 13:27:00,22
1443.0,126.38,126.49,126.06,126.54,126.06,2026-07-30 13:28:00,54
922.0,126.7649,127.27,127.27,127.27,127.21,2026-07-30 13:29:00,18
141073.694399,125.9883,126.315,125.635,126.61,125.015,2026-07-30 13:30:00,1444
74900.471937,125.1677,125.57,125.23,125.84,124.86,2026-07-30 13:31:00,1003
43595.697564,124.7916,125.14,124.63,125.29,124.25,2026-07-30 13:32:00,651
24161.676626,124.9966,124.63,125.235,125.275,124.565,2026-07-30 13:33:00,411
31571.404269,125.6203,125.235,125.82,126.078,125.16,2026-07-30 13:34:00,508
34269.694902,125.6315,125.83,125.425,125.93,125.3,2026-07-30 13:35:00,616
17988.685593,125.434,125.42,125.38,125.75,125.1,2026-07-30 13:36:00,362
20012.793564,125.5065,125.425,125.67,125.77,125.3,2026-07-30 13:37:00,379
56359.399473,125.3821,125.64,124.72,125.72,124.69,2026-07-30 13:38:00,714
30828.089998,124.855,124.8,125.0,125.0,124.65,2026-07-30 13:39:00,434
25939.356264,124.8933,124.9518,125.12,125.12,124.69,2026-07-30 13:40:00,350
25854.043194,125.0679,125.15,124.92,125.34,124.92,2026-07-30 13:41:00,383
14852.324165,125.1359,124.85,125.07,125.3699,124.85,2026-07-30 13:42:00,225
16198.677694,125.308,125.17,125.4,125.5,125.09,2026-07-30 13:43:00,355
7772.879002,125.3722,125.2802,125.32,125.53,125.255,2026-07-30 13:44:00,158
25793.206718,125.393,125.315,125.37,125.6861,125.18,2026-07-30 13:45:00,441
22170.983902,125.5679,125.39,125.52,125.7,125.39,2026-07-30 13:46:00,385
31466.052211,125.2955,125.47,125.04,125.54,125.04,2026-07-30 13:47:00,331
39418.29841,125.0854,125.03,125.2051,125.25,124.95,2026-07-30 13:48:00,519
26238.689482,125.166,125.12,125.3,125.36,124.95,2026-07-30 13:49:00,482
20600.751658,125.4311,125.29,125.75,125.79,125.21,2026-07-30 13:50:00,418
19702.810197,125.566,125.66,125.355,125.75,125.2418,2026-07-30 13:51:00,300
27951.271724,125.1664,125.355,125.176,125.41,124.84,2026-07-30 13:52:00,421
23250.389011,125.2182,125.14,125.0,125.44,125.0,2026-07-30 13:53:00,457
33191.749274,124.9028,124.98,124.74,125.09,124.74,2026-07-30 13:54:00,562
37824.416223,124.8979,124.75,125.24,125.27,124.62,2026-07-30 13:55:00,608
16193.494954,125.2046,125.23,125.46,125.46,125.02,2026-07-30 13:56:00,362
11188.264838,125.3575,125.34,125.3501,125.48,125.29,2026-07-30 13:57:00,241
15378.535748,125.444,125.47,125.47,125.55,125.26,2026-07-30 13:58:00,336
15190.203326,125.379,125.47,125.285,125.55,125.24,2026-07-30 13:59:00,333
24487.330812,125.2127,125.285,125.2101,125.32,125.04,2026-07-30 14:00:00,557
20636.818997,125.1155,125.245,125.08,125.3,124.99,2026-07-30 14:01:00,482
21663.954387,125.1904,125.1328,125.23,125.42,125.0,2026-07-30 14:02:00,473
16378.218485,125.0652,125.25,125.07,125.28,124.94,2026-07-30 14:03:00,302
18053.94955,125.0761,125.04,125.085,125.15,124.94,2026-07-30 14:04:00,354
23378.391834,124.7968,125.085,124.7,125.085,124.62,2026-07-30 14:05:00,366
15373.564937,124.6607,124.725,124.89,124.91,124.5,2026-07-30 14:06:00,296
49052.344374,124.8844,124.89,124.91,124.97,124.78,2026-07-30 14:07:00,470
25751.165952,124.6229,124.83,124.55,124.855,124.47,2026-07-30 14:08:00,398
19434.080546,124.4928,124.63,124.51,124.65,124.33,2026-07-30 14:09:00,370
20196.103614,124.2959,124.42,124.28,124.57,124.11,2026-07-30 14:10:00,359
24365.218839,124.0454,124.15,124.345,124.38,123.88,2026-07-30 14:11:00,348
12022.268352,124.1624,124.35,123.94,124.35,123.93,2026-07-30 14:12:00,244
7928.829365,124.0918,124.02,124.21,124.21,123.94,2026-07-30 14:13:00,218
19928.44414,124.1358,124.16,124.21,124.3,124.04,2026-07-30 14:14:00,292
10515.599575,124.1754,124.24,124.205,124.28,124.06,2026-07-30 14:15:00,196
16235.150184,124.1828,124.205,124.24,124.43,123.9886,2026-07-30 14:16:00,271
7692.538195,124.2055,124.28,124.195,124.3,124.11,2026-07-30 14:17:00,166
8113.519376,124.0514,124.24,124.04,124.24,123.92,2026-07-30 14:18:00,168
13187.224423,123.9595,124.0,123.98,124.07,123.82,2026-07-30 14:19:00,276
8688.230128,123.9143,123.9,123.965,123.98,123.82,2026-07-30 14:20:00,201
26465.23057,123.7676,123.9,123.5202,123.9,123.52,2026-07-30 14:21:00,479
35350.518769,123.6396,123.51,123.61,123.78,123.48,2026-07-30 14:22:00,637
23565.514114,123.6236,123.56,123.54,123.72,123.54,2026-07-30 14:23:00,497
28004.640704,123.3663,123.54,123.32,123.57,123.18,2026-07-30 14:24:00,491
22934.798929,123.3379,123.31,123.35,123.44,123.21,2026-07-30 14:25:00,431
17898.772355,123.4004,123.37,123.46,123.61,123.3001,2026-07-30 14:26:00,326
12489.377035,123.5147,123.51,123.51,123.62,123.44,2026-07-30 14:27:00,282
19355.044768,123.5905,123.55,123.51,123.708,123.51,2026-07-30 14:28:00,381
17789.416456,123.3223,123.51,123.18,123.53,123.18,2026-07-30 14:29:00,355
24576.114294,123.2778,123.17,123.535,123.535,123.14,2026-07-30 14:30:00,519
22722.516698,123.6952,123.59,124.015,124.015,123.51,2026-07-30 14:31:00,443
15192.018916,123.909,124.0,123.695,124.05,123.695,2026-07-30 14:32:00,333
16201.183415,123.6914,123.66,123.77,123.82,123.54,2026-07-30 14:33:00,328
17902.792779,123.7025,123.84,123.73,123.85,123.585,2026-07-30 14:34:00,349
20814.354955,123.6712,123.73,123.64,123.81,123.565,2026-07-30 14:35:00,316
23350.520673,123.7703,123.55,123.94,123.94,123.55,2026-07-30 14:36:00,355
13399.819014,124.0786,123.93,124.06,124.2,123.93,2026-07-30 14:37:00,237
14838.349762,124.0415,124.06,124.025,124.16,123.94,2026-07-30 14:38:00,296
24843.741368,123.8575,123.96,123.91,123.965,123.74,2026-07-30 14:39:00,425
18385.119082,123.8573,123.965,124.01,124.01,123.71,2026-07-30 14:40:00,294
17385.196047,124.0336,124.035,123.94,124.11,123.94,2026-07-30 14:41:00,245
13434.288496,123.7777,123.94,123.61,123.97,123.61,2026-07-30 14:42:00,275
32640.278051,123.684,123.62,123.64,123.71,123.62,2026-07-30 14:43:00,288
17674.188755,123.6924,123.63,123.83,123.83,123.555,2026-07-30 14:44:00,242
8744.702527,123.8336,123.8634,123.87,123.91,123.73,2026-07-30 14:45:00,202
12515.48538,123.7503,123.83,123.8,123.83,123.65,2026-07-30 14:46:00,233
7327.019225,123.7779,123.815,123.8,123.8499,123.72,2026-07-30 14:47:00,148
27453.187831,123.4603,123.74,123.25,123.74,123.24,2026-07-30 14:48:00,422
13826.241328,123.6103,123.29,123.8871,123.935,123.24,2026-07-30 14:49:00,271
9624.425829,123.8441,123.915,124.0,124.0194,123.74,2026-07-30 14:50:00,188
9582.735812,124.1217,124.03,124.259,124.259,124.03,2026-07-30 14:51:00,184
14269.691936,123.9227,124.12,123.8947,124.12,123.71,2026-07-30 14:52:00,257
26371.525946,123.7036,123.86,123.43,123.935,123.43,2026-07-30 14:53:00,325
26953.578264,123.5332,123.43,123.52,123.695,123.42,2026-07-30 14:54:00,321
44761.674833,123.469,123.52,123.4401,123.56,123.38,2026-07-30 14:55:00,438
51591.377271,123.5503,123.515,123.52,123.7225,123.44,2026-07-30 14:56:00,463
18231.544125,123.6685,123.57,123.93,123.95,123.52,2026-07-30 14:57:00,287
11426.126566,124.0215,123.9505,124.1875,124.24,123.86,2026-07-30 14:58:00,199
16173.249134,124.3379,124.29,124.21,124.44,124.11,2026-07-30 14:59:00,281
9985.467085,124.0908,124.19,124.05,124.19,123.97,2026-07-30 15:00:00,248
15167.149085,123.9577,124.06,123.87,124.08,123.84,2026-07-30 15:01:00,279
15484.805473,123.9961,123.85,123.88,124.145,123.85,2026-07-30 15:02:00,327
15057.728826,124.0645,124.03,123.98,124.13,123.96,2026-07-30 15:03:00,181
8873.366058,123.9575,124.005,123.91,124.08,123.83,2026-07-30 15:04:00,192
9711.097808,123.9322,123.91,123.99,123.99,123.86,2026-07-30 15:05:00,193
14163.633973,123.9596,123.94,123.9,124.05,123.83,2026-07-30 15:06:00,282
14466.206879,123.9865,123.995,123.915,124.08,123.88,2026-07-30 15:07:00,246
12681.678763,123.9366,123.92,124.03,124.05,123.84,2026-07-30 15:08:00,247
9757.198616,124.0087,123.96,123.99,124.18,123.93,2026-07-30 15:09:00,207
23380.299652,123.7752,123.98,123.59,124.025,123.59,2026-07-30 15:10:00,397
19144.995941,123.811,123.61,123.75,123.89,123.6,2026-07-30 15:11:00,342
10627.767085,123.6743,123.74,123.51,123.76,123.455,2026-07-30 15:12:00,235
14242.54,123.4172,123.44,123.37,123.47,123.34,2026-07-30 15:13:00,293
16089.347414,123.4011,123.33,123.43,123.51,123.32,2026-07-30 15:14:00,258
14636.901302,123.489,123.42,123.59,123.59,123.355,2026-07-30 15:15:00,242
10590.203792,123.6393,123.57,123.67,123.77,123.57,2026-07-30 15:16:00,175
15147.717936,123.5994,123.65,123.55,123.77,123.45,2026-07-30 15:17:00,321
7347.533122,123.5826,123.605,123.57,123.62,123.53,2026-07-30 15:18:00,165
16718.056843,123.733,123.58,123.9,123.9,123.58,2026-07-30 15:19:00,194
12281.027519,123.854,123.9,123.825,123.925,123.82,2026-07-30 15:20:00,199
13355.411886,124.0212,123.845,124.085,124.1876,123.845,2026-07-30 15:21:00,231
22793.323596,124.1046,124.085,124.14,124.3,123.975,2026-07-30 15:22:00,329
17376.789672,124.1698,124.29,124.19,124.295,124.05,2026-07-30 15:23:00,272
6776.375939,124.102,124.11,124.27,124.27,123.97,2026-07-30 15:24:00,143
24445.029392,124.2541,124.25,124.2,124.4,124.19,2026-07-30 15:25:00,330
12418.936571,124.1834,124.2,124.22,124.25,124.06,2026-07-30 15:26:00,231
11717.325864,124.2358,124.275,124.35,124.35,124.15,2026-07-30 15:27:00,185
10489.370335,124.2857,124.24,124.24,124.3799,124.24,2026-07-30 15:28:00,177
19384.11763,124.2361,124.28,124.22,124.32,124.17,2026-07-30 15:29:00,333
19010.889946,124.2486,124.25,124.37,124.39,124.15,2026-07-30 15:30:00,346
14818.25556,124.3997,124.37,124.41,124.47,124.37,2026-07-30 15:31:00,205
8919.087536,124.443,124.39,124.48,124.51,124.37,2026-07-30 15:32:00,166
12084.621224,124.3845,124.43,124.44,124.44,124.26,2026-07-30 15:33:00,203
7081.418812,124.4719,124.485,124.6,124.6,124.39,2026-07-30 15:34:00,178
17907.654433,124.6468,124.58,124.49,124.775,124.49,2026-07-30 15:35:00,318
7986.312134,124.5507,124.51,124.54,124.61,124.48,2026-07-30 15:36:00,198
12221.524101,124.4576,124.54,124.385,124.55,124.3764,2026-07-30 15:37:00,228
10263.01,124.4924,124.385,124.5,124.6,124.385,2026-07-30 15:38:00,215
8429.042668,124.4582,124.535,124.43,124.535,124.43,2026-07-30 15:39:00,175
6787.957673,124.4481,124.41,124.46,124.5,124.38,2026-07-30 15:40:00,160
21325.0,124.3564,124.44,124.45,124.47,124.235,2026-07-30 15:41:00,281
49940.054,124.5691,124.45,124.63,124.715,124.39,2026-07-30 15:42:00,597
14850.157572,124.6954,124.59,124.85,124.8795,124.575,2026-07-30 15:43:00,228
37506.97404,124.8898,124.85,124.875,124.96,124.81,2026-07-30 15:44:00,469
8036.867651,124.8703,124.875,124.93,124.95,124.81,2026-07-30 15:45:00,124
14491.899965,125.0131,124.9,125.04,125.15,124.9,2026-07-30 15:46:00,313
13217.463465,124.9832,125.055,125.0,125.055,124.89,2026-07-30 15:47:00,296
32575.863713,124.7753,124.97,124.56,124.97,124.55,2026-07-30 15:48:00,462
9321.305592,124.5418,124.55,124.5225,124.58,124.5,2026-07-30 15:49:00,212
42300.285307,124.462,124.56,124.54,124.63,124.0,2026-07-30 15:50:00,836
13120.00832,124.4947,124.54,124.53,124.55,124.41,2026-07-30 15:51:00,221
19200.939,124.5119,124.57,124.5,124.6454,124.37,2026-07-30 15:52:00,366
71457.414185,124.4403,124.52,124.385,124.6,124.34,2026-07-30 15:53:00,678
19961.985331,124.4213,124.4,124.525,124.525,124.36,2026-07-30 15:54:00,283
5764.472086,124.6271,124.545,124.645,124.7283,124.49,2026-07-30 15:55:00,141
12115.14122,124.5498,124.645,124.37,124.67,124.32,2026-07-30 15:56:00,227
8791.540196,124.3787,124.32,124.51,124.51,124.28,2026-07-30 15:57:00,214
10148.841054,124.3889,124.51,124.35,124.51,124.21,2026-07-30 15:58:00,240
10692.216564,124.3184,124.31,124.27,124.425,124.27,2026-07-30 15:59:00,239
13673.619682,124.2262,124.24,124.315,124.315,124.15,2026-07-30 16:00:00,311
10879.047802,124.3051,124.26,124.44,124.44,124.23,2026-07-30 16:01:00,208
7746.66625,124.4577,124.52,124.42,124.56,124.37,2026-07-30 16:02:00,164
16277.765851,124.4365,124.455,124.44,124.53,124.35,2026-07-30 16:03:00,244
15405.20803,124.5774,124.44,124.68,124.6847,124.4001,2026-07-30 16:04:00,242
30905.45641,124.6802,124.7,124.67,124.75,124.63,2026-07-30 16:05:00,513
13156.243745,124.6684,124.69,124.595,124.78,124.59,2026-07-30 16:06:00,228
7514.093026,124.498,124.61,124.43,124.61,124.42,2026-07-30 16:07:00,208
4492.395311,124.433,124.435,124.46,124.49,124.37,2026-07-30 16:08:00,125
14913.16815,124.3859,124.43,124.27,124.48,124.27,2026-07-30 16:09:00,308
6890.929854,124.3571,124.26,124.44,124.44,124.23,2026-07-30 16:10:00,144
8762.430097,124.4102,124.45,124.44,124.45,124.34,2026-07-30 16:11:00,179
9080.49324,124.363,124.39,124.455,124.49,124.28,2026-07-30 16:12:00,226
8130.178,124.4905,124.435,124.58,124.59,124.41,2026-07-30 16:13:00,226
8876.522413,124.5164,124.56,124.52,124.56,124.47,2026-07-30 16:14:00,221
17449.695164,124.5006,124.52,124.49,124.57,124.4,2026-07-30 16:15:00,376
9765.861222,124.4735,124.5,124.42,124.5,124.41,2026-07-30 16:16:00,162
10502.112298,124.4036,124.43,124.43,124.44,124.32,2026-07-30 16:17:00,183
15679.128557,124.4701,124.435,124.5,124.51,124.41,2026-07-30 16:18:00,248
38892.617972,124.5181,124.5,124.52,124.61,124.47,2026-07-30 16:19:00,442
10793.802265,124.4977,124.5,124.52,124.53,124.44,2026-07-30 16:20:00,242
11969.668321,124.5045,124.51,124.49,124.525,124.47,2026-07-30 16:21:00,205
7047.085607,124.4842,124.47,124.49,124.5,124.47,2026-07-30 16:22:00,150
14557.358365,124.506,124.48,124.565,124.58,124.43,2026-07-30 16:23:00,302
15218.29398,124.5147,124.54,124.57,124.585,124.46,2026-07-30 16:24:00,299
6652.33335,124.5641,124.55,124.53,124.64,124.5,2026-07-30 16:25:00,159
14150.987883,124.5648,124.53,124.61,124.61,124.52,2026-07-30 16:26:00,225
6396.604,124.5641,124.58,124.58,124.58,124.53,2026-07-30 16:27:00,139
9868.670151,124.5021,124.5575,124.45,124.595,124.41,2026-07-30 16:28:00,207
11025.63149,124.4367,124.41,124.385,124.484,124.335,2026-07-30 16:29:00,232
9998.0,124.4227,124.42,124.42,124.52,124.35,2026-07-30 16:30:00,186
10104.123714,124.3866,124.435,124.36,124.47,124.31,2026-07-30 16:31:00,155
11684.599241,124.5382,124.38,124.555,124.59,124.38,2026-07-30 16:32:00,160
7474.135898,124.5744,124.545,124.6,124.62,124.53,2026-07-30 16:33:00,129
7826.144,124.5285,124.6,124.57,124.6,124.44,2026-07-30 16:34:00,191
7156.951302,124.5961,124.54,124.59,124.63,124.52,2026-07-30 16:35:00,153
12043.792915,124.6593,124.62,124.62,124.72,124.6,2026-07-30 16:36:00,226
10627.417451,124.6065,124.65,124.4959,124.7,124.485,2026-07-30 16:37:00,217
17877.837862,124.5108,124.51,124.39,124.57,124.39,2026-07-30 16:38:00,293
39895.67753,124.2947,124.35,124.34,124.4098,124.25,2026-07-30 16:39:00,495
18937.187382,124.3559,124.37,124.29,124.48,124.25,2026-07-30 16:40:00,314
9671.946605,124.3767,124.3,124.39,124.45,124.285,2026-07-30 16:41:00,219
8227.3308,124.2916,124.35,124.2801,124.35,124.24,2026-07-30 16:42:00,195
16391.133007,124.2863,124.27,124.16,124.38,124.16,2026-07-30 16:43:00,267
13251.03425,124.1482,124.14,124.194,124.21,124.08,2026-07-30 16:44:00,209
12542.07134,124.276,124.2,124.31,124.35,124.2,2026-07-30 16:45:00,253
8402.44219,124.3985,124.29,124.36,124.45,124.29,2026-07-30 16:46:00,154
19847.532209,124.1783,124.31,124.12,124.31,124.12,2026-07-30 16:47:00,237
13809.583621,124.1239,124.12,124.03,124.18,124.03,2026-07-30 16:48:00,252
6220.664309,124.0736,124.05,124.06,124.075,124.02,2026-07-30 16:49:00,205
9516.12598,124.003,124.05,124.07,124.07,123.9,2026-07-30 16:50:00,237
10130.155829,123.9994,124.05,124.01,124.05,123.91,2026-07-30 16:51:00,181
7889.149409,124.0559,123.96,124.055,124.14,123.96,2026-07-30 16:52:00,186
16838.0642,123.9668,124.03,123.96,124.04,123.92,2026-07-30 16:53:00,343
11623.428606,123.9675,123.96,124.02,124.03,123.89,2026-07-30 16:54:00,195
7220.701141,124.0822,124.02,124.16,124.16,124.02,2026-07-30 16:55:00,172
9942.442854,124.1901,124.21,124.19,124.2412,124.15,2026-07-30 16:56:00,234
13402.0,124.144,124.1626,124.13,124.19,124.11,2026-07-30 16:57:00,283
16614.59914,124.1594,124.12,124.245,124.245,124.11,2026-07-30 16:58:00,339
6084.416314,124.2309,124.2249,124.18,124.285,124.18,2026-07-30 16:59:00,188
11113.262913,124.3093,124.18,124.38,124.385,124.18,2026-07-30 17:00:00,267
10257.0,124.3939,124.37,124.435,124.435,124.37,2026-07-30 17:01:00,195
10959.250331,124.3016,124.4,124.3,124.4,124.24,2026-07-30 17:02:00,270
10309.176639,124.356,124.33,124.38,124.4,124.3,2026-07-30 17:03:00,235
10701.48718,124.3646,124.38,124.335,124.405,124.32,2026-07-30 17:04:00,204
7911.032,124.4035,124.335,124.51,124.515,124.335,2026-07-30 17:05:00,257
6693.665477,124.483,124.5,124.46,124.53,124.45,2026-07-30 17:06:00,162
11160.551222,124.4901,124.47,124.49,124.53,124.45,2026-07-30 17:07:00,249
11904.058047,124.4934,124.495,124.57,124.58,124.41,2026-07-30 17:08:00,256
7833.938844,124.574,124.55,124.63,124.63,124.5,2026-07-30 17:09:00,153
9172.912206,124.65,124.63,124.6301,124.675,124.61,2026-07-30 17:10:00,212
14530.04817,124.6244,124.68,124.71,124.745,124.54,2026-07-30 17:11:00,270
28050.39618,124.4555,124.67,124.38,124.67,124.28,2026-07-30 17:12:00,538
12683.527806,124.2968,124.405,124.17,124.405,124.115,2026-07-30 17:13:00,289
34401.329035,124.2018,124.17,124.27,124.29,124.09,2026-07-30 17:14:00,424
29073.996665,124.2452,124.27,124.24,124.34,124.165,2026-07-30 17:15:00,289
9281.0,124.262,124.255,124.325,124.3599,124.18,2026-07-30 17:16:00,168
13911.0,124.279,124.335,124.28,124.35,124.24,2026-07-30 17:17:00,250
14313.338323,124.2514,124.29,124.19,124.33,124.19,2026-07-30 17:18:00,225
12617.024151,124.1981,124.21,124.19,124.23,124.17,2026-07-30 17:19:00,154
14540.192069,124.1665,124.17,124.25,124.25,124.12,2026-07-30 17:20:00,264
13804.325783,124.2127,124.22,124.275,124.29,124.18,2026-07-30 17:21:00,239
11153.681567,124.2359,124.29,124.16,124.34,124.16,2026-07-30 17:22:00,199
6262.235287,124.136,124.16,124.12,124.16,124.08,2026-07-30 17:23:00,182
7461.881387,124.1583,124.15,124.155,124.16,124.13,2026-07-30 17:24:00,198
7973.31781,124.1371,124.165,124.1,124.18,124.1,2026-07-30 17:25:00,209
10554.349439,124.0802,124.1,124.085,124.15,124.04,2026-07-30 17:26:00,219
13567.538974,124.0896,124.07,124.06,124.15,124.05,2026-07-30 17:27:00,296
15450.271666,124.0125,124.07,123.99,124.075,123.97,2026-07-30 17:28:00,339
18987.16148,123.9029,123.96,123.915,123.99,123.83,2026-07-30 17:29:00,327
10049.20627,123.9279,123.915,123.95,123.99,123.8625,2026-07-30 17:30:00,234
11349.069769,123.9496,123.94,123.97,123.99,123.905,2026-07-30 17:31:00,267
12742.727177,123.9146,123.97,123.85,123.97,123.85,2026-07-30 17:32:00,304
15288.333023,123.8455,123.85,123.78,123.9,123.78,2026-07-30 17:33:00,306
11702.29567,123.7612,123.8,123.76,123.81,123.71,2026-07-30 17:34:00,282
16833.67394,123.7027,123.72,123.8,123.8,123.65,2026-07-30 17:35:00,345
11434.743066,123.8823,123.8,123.88,123.94,123.79,2026-07-30 17:36:00,235
21583.00008,123.8005,123.885,123.735,123.885,123.72,2026-07-30 17:37:00,465
25555.932735,123.614,123.72,123.655,123.72,123.535,2026-07-30 17:38:00,344
8707.0,123.6198,123.64,123.665,123.6774,123.58,2026-07-30 17:39:00,201
7745.902645,123.7027,123.7,123.7,123.755,123.64,2026-07-30 17:40:00,171
3423.019989,123.7398,123.715,123.78,123.79,123.69,2026-07-30 17:41:00,86
6637.452116,123.809,123.78,123.81,123.82,123.78,2026-07-30 17:42:00,139
5099.370732,123.8841,123.81,123.9,123.925,123.81,2026-07-30 17:43:00,118
5637.301297,123.9491,123.92,123.95,123.99,123.92,2026-07-30 17:44:00,167
9480.477279,123.9222,123.921,123.87,123.98,123.87,2026-07-30 17:45:00,216
7283.229557,123.9544,123.855,123.96,124.0,123.855,2026-07-30 17:46:00,161
6146.052039,123.9541,123.97,123.935,123.99,123.91,2026-07-30 17:47:00,138
3718.293153,123.9698,123.92,124.005,124.005,123.92,2026-07-30 17:48:00,81
6600.001,124.0239,123.98,124.055,124.06,123.98,2026-07-30 17:49:00,234
5086.028058,124.0686,124.05,124.11,124.12,124.04,2026-07-30 17:50:00,173
3187.1,124.1048,124.1,124.11,124.13,124.08,2026-07-30 17:51:00,107
7996.48294,124.0973,124.11,124.115,124.135,124.04,2026-07-30 17:52:00,182
7114.0,124.0688,124.085,124.04,124.125,124.03,2026-07-30 17:53:00,133
17879.788069,123.9427,124.01,123.83,124.05,123.81,2026-07-30 17:54:00,330
11838.52521,123.8484,123.815,123.905,123.925,123.795,2026-07-30 17:55:00,221
6469.877472,123.9322,123.9,123.97,123.97,123.855,2026-07-30 17:56:00,119
9433.426192,124.0822,123.995,124.24,124.24,123.995,2026-07-30 17:57:00,181
7503.268513,124.1502,124.24,124.06,124.24,124.06,2026-07-30 17:58:00,181
9317.565244,124.0223,124.05,123.995,124.05,123.94,2026-07-30 17:59:00,178
9066.337292,124.0521,123.995,124.0686,124.12,123.995,2026-07-30 18:00:00,191
4855.080546,124.1114,124.08,124.095,124.135,124.08,2026-07-30 18:01:00,103
6132.127439,124.0542,124.06,124.08,124.08,124.01,2026-07-30 18:02:00,147
7241.0,124.0168,124.06,124.01,124.06,123.97,2026-07-30 18:03:00,126
2402.201995,123.9954,124.0,123.9799,124.015,123.93,2026-07-30 18:04:00,82
12182.434414,123.9426,123.995,123.84,124.0,123.84,2026-07-30 18:05:00,214
12059.423946,123.8931,123.87,123.855,123.9913,123.84,2026-07-30 18:06:00,173
6794.027391,123.7836,123.83,123.73,123.83,123.7,2026-07-30 18:07:00,144
8719.216869,123.7083,123.75,123.73,123.75,123.66,2026-07-30 18:08:00,195
7075.67108,123.7019,123.73,123.635,123.73,123.63,2026-07-30 18:09:00,132
4217.42083,123.6617,123.64,123.65,123.66,123.6,2026-07-30 18:10:00,115
3733.08808,123.7106,123.695,123.74,123.74,123.67,2026-07-30 18:11:00,98
4496.323649,123.7662,123.755,123.8,123.8,123.73,2026-07-30 18:12:00,99
11245.88693,123.8492,123.8697,123.755,123.8697,123.75,2026-07-30 18:13:00,86
12780.16428,123.6745,123.75,123.63,123.77,123.63,2026-07-30 18:14:00,190
9596.465035,123.6343,123.62,123.58,123.69,123.55,2026-07-30 18:15:00,205
28022.1,123.5456,123.68,123.43,123.695,123.425,2026-07-30 18:16:00,393
9404.590487,123.4239,123.4,123.41,123.46,123.37,2026-07-30 18:17:00,209
8557.0229,123.3799,123.4,123.38,123.42,123.33,2026-07-30 18:18:00,167
8591.0081,123.3803,123.41,123.36,123.42,123.31,2026-07-30 18:19:00,158
9458.366611,123.3293,123.3579,123.31,123.37,123.285,2026-07-30 18:20:00,171
6753.651133,123.354,123.3071,123.39,123.39,123.3,2026-07-30 18:21:00,120
7230.495079,123.3775,123.385,123.39,123.4,123.35,2026-07-30 18:22:00,161
10669.777912,123.4185,123.42,123.38,123.4599,123.38,2026-07-30 18:23:00,248
6432.0751,123.4191,123.4,123.43,123.48,123.39,2026-07-30 18:24:00,165
9359.06955,123.4429,123.41,123.49,123.49,123.4,2026-07-30 18:25:00,247
17408.115272,123.4657,123.485,123.47,123.49,123.435,2026-07-30 18:26:00,351
22274.00828,123.494,123.47,123.5,123.53,123.45,2026-07-30 18:27:00,251
13698.343562,123.4523,123.49,123.47,123.5,123.41,2026-07-30 18:28:00,244
6117.69899,123.473,123.47,123.485,123.49,123.43,2026-07-30 18:29:00,146
15529.024441,123.4571,123.495,123.495,123.5,123.38,2026-07-30 18:30:00,250
13662.036509,123.4196,123.47,123.3925,123.47,123.36,2026-07-30 18:31:00,260
9912.0081,123.3284,123.37,123.3501,123.385,123.2813,2026-07-30 18:32:00,207
10079.025095,123.3704,123.41,123.39,123.44,123.335,2026-07-30 18:33:00,208
5799.0892,123.3949,123.36,123.4,123.44,123.36,2026-07-30 18:34:00,124
13911.656435,123.4307,123.39,123.47,123.49,123.39,2026-07-30 18:35:00,302
6944.911495,123.4464,123.44,123.38,123.5046,123.38,2026-07-30 18:36:00,123
7733.471819,123.369,123.38,123.35,123.4,123.33,2026-07-30 18:37:00,161
6597.329749,123.3527,123.37,123.31,123.37,123.31,2026-07-30 18:38:00,171
10939.286077,123.2186,123.29,123.205,123.29,123.18,2026-07-30 18:39:00,249
5674.026793,123.2635,123.18,123.33,123.33,123.18,2026-07-30 18:40:00,151
6141.593634,123.3774,123.32,123.31,123.4198,123.31,2026-07-30 18:41:00,175
5793.32432,123.2887,123.3,123.225,123.32,123.22,2026-07-30 18:42:00,192
7315.313224,123.2285,123.25,123.23,123.26,123.19,2026-07-30 18:43:00,197
7802.156604,123.2978,123.26,123.3,123.33,123.26,2026-07-30 18:44:00,180
14536.0081,123.2989,123.3,123.305,123.34,123.245,2026-07-30 18:45:00,298
12634.330391,123.3472,123.325,123.38,123.39,123.31,2026-07-30 18:46:00,268
12715.13776,123.2946,123.36,123.33,123.36,123.24,2026-07-30 18:47:00,218
15664.258112,123.2864,123.32,123.25,123.37,123.23,2026-07-30 18:48:00,360
12874.097618,123.2082,123.245,123.21,123.26,123.16,2026-07-30 18:49:00,382
14404.317545,123.2226,123.21,123.175,123.25,123.175,2026-07-30 18:50:00,379
13535.388408,123.2494,123.17,123.34,123.375,123.145,2026-07-30 18:51:00,308
20685.498735,123.3405,123.34,123.275,123.38,123.27,2026-07-30 18:52:00,356
13626.73597,123.2835,123.28,123.24,123.3,123.24,2026-07-30 18:53:00,349
7785.19507,123.2736,123.26,123.2401,123.3,123.24,2026-07-30 18:54:00,203
8271.287279,123.2584,123.25,123.26,123.29,123.23,2026-07-30 18:55:00,258
12782.702262,123.2639,123.23,123.355,123.355,123.195,2026-07-30 18:56:00,299
21419.27406,123.3374,123.355,123.28,123.37,123.28,2026-07-30 18:57:00,360
16005.00811,123.2767,123.28,123.261,123.305,123.25,2026-07-30 18:58:00,349
16316.562453,123.2948,123.27,123.3,123.33,123.26,2026-07-30 18:59:00,363
29715.836478,123.298,123.29,123.295,123.335,123.25,2026-07-30 19:00:00,628
14598.282786,123.2746,123.28,123.29,123.3,123.25,2026-07-30 19:01:00,292
60777.44174,123.1703,123.27,123.155,123.29,123.05,2026-07-30 19:02:00,670
17062.003397,123.1521,123.14,123.12,123.19,123.11,2026-07-30 19:03:00,342
21594.424775,123.1661,123.11,123.11,123.22,123.11,2026-07-30 19:04:00,400
51401.459763,123.0149,123.1,122.98,123.1,122.93,2026-07-30 19:05:00,746
28124.505736,122.9187,122.98,122.95,122.98,122.87,2026-07-30 19:06:00,536
19928.707985,122.9164,122.93,122.91,122.9495,122.87,2026-07-30 19:07:00,412
18113.98416,122.881,122.93,122.89,122.93,122.825,2026-07-30 19:08:00,425
15242.607203,122.901,122.875,122.9,122.93,122.87,2026-07-30 19:09:00,376
28717.552349,122.8829,122.89,122.77,122.95,122.77,2026-07-30 19:10:00,516
24725.891094,122.777,122.785,122.685,122.855,122.675,2026-07-30 19:11:00,430
26299.170384,122.6986,122.685,122.8,122.8,122.64,2026-07-30 19:12:00,424
24440.251198,122.8686,122.79,123.035,123.06,122.73,2026-07-30 19:13:00,596
33883.582109,122.9828,123.021,122.88,123.13,122.86,2026-07-30 19:14:00,563
24702.464611,122.9356,122.88,122.94,122.99,122.88,2026-07-30 19:15:00,492
22674.443626,122.8802,122.935,122.88,122.96,122.84,2026-07-30 19:16:00,538
28903.140088,122.885,122.86,122.83,122.94,122.825,2026-07-30 19:17:00,627
32251.297787,122.8432,122.82,122.85,122.91,122.74,2026-07-30 19:18:00,608
28642.62667,122.9092,122.84,122.94,122.95,122.835,2026-07-30 19:19:00,526
26592.959374,123.0008,122.9201,123.05,123.06,122.9201,2026-07-30 19:20:00,565
49764.474965,123.0538,123.06,123.06,123.13,123.0,2026-07-30 19:21:00,830
34167.309902,122.9083,123.09,122.855,123.09,122.8,2026-07-30 19:22:00,563
15416.8836,122.9179,122.9,122.96,122.96,122.88,2026-07-30 19:23:00,381
17210.03541,122.9808,122.98,122.95,123.04,122.95,2026-07-30 19:24:00,369
50449.522554,123.1204,122.97,123.19,123.225,122.97,2026-07-30 19:25:00,916
25243.179472,123.1549,123.1997,123.1,123.2,123.1,2026-07-30 19:26:00,501
24292.845302,123.1501,123.1,123.24,123.24,123.1,2026-07-30 19:27:00,517
34729.346313,123.2077,123.26,123.12,123.28,123.12,2026-07-30 19:28:00,685
40432.306826,122.9573,123.11,122.91,123.13,122.865,2026-07-30 19:29:00,835
41527.42515,122.8445,122.91,122.83,122.93,122.745,2026-07-30 19:30:00,789
38347.4,122.7095,122.845,122.66,122.845,122.605,2026-07-30 19:31:00,610
30433.344661,122.5593,122.67,122.4264,122.68,122.4,2026-07-30 19:32:00,665
31516.27154,122.4297,122.41,122.47,122.5,122.385,2026-07-30 19:33:00,698
36142.321709,122.4293,122.47,122.39,122.51,122.35,2026-07-30 19:34:00,852
34610.656874,122.372,122.395,122.32,122.41,122.29,2026-07-30 19:35:00,794
41689.06549,122.3451,122.31,122.33,122.38,122.305,2026-07-30 19:36:00,728
17329.36768,122.3841,122.32,122.46,122.46,122.31,2026-07-30 19:37:00,461
23163.519997,122.5457,122.475,122.59,122.62,122.46,2026-07-30 19:38:00,586
24046.243449,122.6486,122.591,122.65,122.69,122.591,2026-07-30 19:39:00,580
46444.575895,122.5686,122.66,122.55,122.68,122.46,2026-07-30 19:40:00,1036
38094.25747,122.5278,122.55,122.52,122.57,122.5,2026-07-30 19:41:00,718
37352.819407,122.4775,122.51,122.49,122.53,122.42,2026-07-30 19:42:00,931
33751.702562,122.5391,122.48,122.57,122.59,122.45,2026-07-30 19:43:00,710
31600.547569,122.5816,122.57,122.59,122.65,122.53,2026-07-30 19:44:00,854
42403.041377,122.6218,122.58,122.57,122.7,122.53,2026-07-30 19:45:00,1015
39388.486158,122.5679,122.56,122.655,122.66,122.52,2026-07-30 19:46:00,928
27849.132362,122.6087,122.65,122.55,122.65,122.55,2026-07-30 19:47:00,722
31271.44604,122.5614,122.555,122.56,122.59,122.535,2026-07-30 19:48:00,719
34580.114407,122.6032,122.57,122.66,122.66,122.5101,2026-07-30 19:49:00,883
94673.070805,122.6028,122.65,122.565,122.74,122.5,2026-07-30 19:50:00,2064
79005.291705,122.4938,122.55,122.4911,122.57,122.39,2026-07-30 19:51:00,1496
50062.953888,122.4643,122.5,122.42,122.515,122.401,2026-07-30 19:52:00,1131
69393.24178,122.438,122.42,122.4,122.51,122.37,2026-07-30 19:53:00,1381
71303.602225,122.4833,122.4,122.52,122.62,122.39,2026-07-30 19:54:00,1449
191631.808766,122.8164,122.51,122.55,123.01,122.5,2026-07-30 19:55:00,3235
146207.049304,122.5519,122.55,122.45,122.65,122.41,2026-07-30 19:56:00,2292
148107.393106,122.4906,122.48,122.53,122.53,122.43,2026-07-30 19:57:00,2459
261247.557931,122.6126,122.53,122.59,122.67,122.53,2026-07-30 19:58:00,3430
409517.647754,122.4894,122.6,122.42,122.62,122.35,2026-07-30 19:59:00,6075
27542.976523,122.404,122.4,122.4,122.4,122.31,2026-07-30 20:00:00,65
1322.0,122.6858,123.0,122.82,123.0,122.56,2026-07-30 20:02:00,68
1569.0,122.4234,122.65,122.18,122.65,122.18,2026-07-30 20:03:00,41
1003.20242,122.5515,122.1966,122.8605,122.8605,122.1966,2026-07-30 20:04:00,38
838.243904,122.3093,122.43,122.21,122.43,122.21,2026-07-30 20:05:00,23
1167.0,122.4857,122.5,122.5,122.5,122.5,2026-07-30 20:06:00,27
1001.0,122.368,122.1625,122.4,122.54,122.1625,2026-07-30 20:07:00,21
470.514148,122.3813,122.1739,122.1739,122.1739,122.1739,2026-07-30 20:10:00,32
4429.026738,122.2967,122.1821,122.3,122.36,122.1821,2026-07-30 20:15:00,18
540.0,122.2302,122.3,122.3,122.3,122.3,2026-07-30 20:16:00,23
318.0,122.2168,122.2152,122.2152,122.2152,122.2152,2026-07-30 20:17:00,5
203.0,122.1838,122.1473,122.1473,122.1473,122.1473,2026-07-30 20:18:00,9
608.0,122.1724,122.1417,122.18,122.18,122.1417,2026-07-30 20:20:00,16
359.0,122.1676,122.1558,122.1558,122.1558,122.1558,2026-07-30 20:21:00,9
292.0,122.2034,122.18,122.18,122.18,122.18,2026-07-30 20:22:00,8
510.0,122.1971,122.18,122.16,122.18,122.16,2026-07-30 20:23:00,14
166.0,122.2269,122.18,122.18,122.18,122.18,2026-07-30 20:24:00,6
160.0,122.1734,122.18,122.18,122.18,122.18,2026-07-30 20:26:00,3
1077.0,122.3634,122.378,122.378,122.378,122.378,2026-07-30 20:31:00,10
153.0,122.1942,122.18,122.18,122.18,122.18,2026-07-30 20:33:00,7
102.0,122.1511,122.1509,122.1509,122.1509,122.1509,2026-07-30 20:37:00,3
1506.0,122.5798,122.6,122.82,122.82,122.55,2026-07-30 20:43:00,37
198.0,122.6949,122.7,122.7,122.7,122.7,2026-07-30 20:51:00,3
684.0,122.5803,122.58,122.58,122.58,122.58,2026-07-30 20:53:00,5
152.0,122.5192,122.5214,122.5214,122.5214,122.5214,2026-07-30 20:54:00,3
683.0,122.5175,122.51,122.5267,122.5267,122.51,2026-07-30 20:55:00,12
196.0,122.5,122.5,122.5,122.5,122.5,2026-07-30 21:01:00,3
244.0,122.4,122.4,122.4,122.4,122.4,2026-07-30 21:06:00,1
519.0,122.286,122.38,122.24,122.38,122.24,2026-07-30 21:08:00,21
306.0,122.238,122.25,122.22,122.25,122.22,2026-07-30 21:09:00,9
103.020164,122.4997,122.4785,122.4785,122.4785,122.4785,2026-07-30 21:14:00,4
1030.0,122.4985,122.5,122.5,122.5,122.5,2026-07-30 21:15:00,3
276.0,122.2355,122.2039,122.2039,122.2039,122.2039,2026-07-30 21:18:00,14
275.0,122.1959,122.2039,122.2039,122.2039,122.2039,2026-07-30 21:20:00,13
128.0,122.2082,122.2014,122.2014,122.2014,122.2014,2026-07-30 21:22:00,5
115.0,122.29,122.29,122.29,122.29,122.29,2026-07-30 21:27:00,1
538.0,122.4031,122.37,122.4821,122.4821,122.37,2026-07-30 21:28:00,12
438.0,122.4927,122.48,122.5,122.5,122.48,2026-07-30 21:39:00,6
500.0,122.4931,122.5,122.5,122.5,122.5,2026-07-30 21:44:00,4
162.0,122.391,122.4,122.4,122.4,122.4,2026-07-30 21:51:00,5
145.0,122.811,122.84,122.84,122.84,122.84,2026-07-30 21:53:00,2
406.0,122.2986,122.3,122.31,122.31,122.29,2026-07-30 21:54:00,5
165.0,122.6654,122.657,122.657,122.657,122.657,2026-07-30 21:57:00,2
488.0,122.4799,122.62,122.44,122.62,122.44,2026-07-30 22:01:00,9
150.0,122.657,122.657,122.657,122.657,122.657,2026-07-30 22:02:00,1
112.0,122.404,122.4031,122.4031,122.4031,122.4031,2026-07-30 22:10:00,3
108.0,122.4008,122.4,122.4,122.4,122.4,2026-07-30 22:13:00,2
175.164626,122.315,122.2,122.2,122.2,122.2,2026-07-30 22:22:00,3
120.0,122.2067,122.16,122.16,122.16,122.16,2026-07-30 22:24:00,2
172.0,122.2132,122.179,122.179,122.179,122.179,2026-07-30 22:27:00,3
1725.0,122.251,122.25,122.25,122.25,122.25,2026-07-30 22:34:00,5
1000.0,122.7311,122.7311,122.7311,122.7311,122.7311,2026-07-30 22:40:00,1
313.0,122.4901,122.49,122.49,122.49,122.49,2026-07-30 22:45:00,5
571.0,122.49,122.49,122.49,122.49,122.49,2026-07-30 22:55:00,3
100.0,122.6718,122.6718,122.6718,122.6718,122.6718,2026-07-30 23:04:00,1
177.0,122.4107,122.4,122.4,122.4,122.4,2026-07-30 23:32:00,4
1028.0,122.228,122.2247,122.2247,122.2247,122.2247,2026-07-30 23:59:00,7
1509.941717,122.7716,122.0,122.97,122.97,122.0,2026-07-31 08:00:00,31
2862.0,122.9266,122.98,122.93,122.99,122.9,2026-07-31 08:02:00,78
203.131714,122.3144,122.23,122.24,122.24,122.23,2026-07-31 08:48:00,4
246.0,122.1625,122.06,122.06,122.06,122.06,2026-07-31 08:54:00,12
481.0,122.0583,122.05,122.05,122.05,122.05,2026-07-31 09:05:00,35
626.024498,122.0124,122.05,122.0,122.05,122.0,2026-07-31 09:11:00,30
320.0,121.9045,121.9,121.9,121.9,121.9,2026-07-31 10:48:00,5
1729.0,122.0115,121.97,122.0,122.1,121.93,2026-07-31 11:00:00,83
631.0,121.8023,121.85,121.87,121.87,121.85,2026-07-31 11:02:00,34
309.0,121.5741,121.5732,121.5732,121.5732,121.5732,2026-07-31 11:03:00,2
155.0,121.6385,121.6237,121.6237,121.6237,121.6237,2026-07-31 11:04:00,5
1551.0,122.5208,122.49,122.75,122.75,122.24,2026-07-31 11:11:00,56
402.0,122.7469,122.75,122.75,122.75,122.75,2026-07-31 11:20:00,2
150.0,121.9667,121.95,121.95,121.95,121.95,2026-07-31 11:33:00,2
1033.0,122.1245,122.17,122.17,122.17,122.15,2026-07-31 11:34:00,33
450.667,122.3082,122.1268,122.1268,122.1268,122.1268,2026-07-31 11:38:00,2
664.0,122.0022,122.0,122.0,122.0,122.0,2026-07-31 11:47:00,15
577.0,122.0596,122.5541,121.9,122.5541,121.9,2026-07-31 11:55:00,18
502.0,122.0001,122.0,122.0,122.0,122.0,2026-07-31 12:05:00,5
492.0,122.6895,122.9647,122.0,122.9647,122.0,2026-07-31 12:12:00,5
177.0,122.018,122.0,122.0,122.0,122.0,2026-07-31 12:19:00,9
200.0,122.11,122.11,122.11,122.11,122.11,2026-07-31 12:47:00,3
990.0,122.7908,122.7908,122.7908,122.7908,122.7908,2026-07-31 12:54:00,1
158.0,121.9209,121.8941,121.8941,121.8941,121.8941,2026-07-31 12:59:00,5
436.0,122.0598,122.16,122.0,122.16,122.0,2026-07-31 13:06:00,9
4523.012216,121.6663,121.82,121.33,121.83,121.33,2026-07-31 13:20:00,139
401.0,121.2865,121.112,121.74,121.74,121.112,2026-07-31 13:26:00,27
982.675702,121.1424,121.1,121.0,121.1,121.0,2026-07-31 13:28:00,76
165931.955979,120.9129,120.93,120.53,121.65,120.4123,2026-07-31 13:30:00,1307
53527.1,120.8378,120.52,121.32,121.32,120.14,2026-07-31 13:31:00,457
50201.743559,121.0695,121.3,121.04,121.5375,120.78,2026-07-31 13:32:00,512
34971.519145,121.5035,121.09,121.64,122.0,121.01,2026-07-31 13:33:00,484
41926.516753,121.9713,121.64,121.97,122.17,121.64,2026-07-31 13:34:00,570
31966.582327,121.9575,122.0538,121.66,122.24,121.65,2026-07-31 13:35:00,427
40732.990112,121.8083,121.68,121.71,122.03,121.6,2026-07-31 13:36:00,463
36703.046841,121.9082,121.8,121.7675,122.25,121.66,2026-07-31 13:37:00,518
33903.670712,121.8497,121.7,122.15,122.25,121.58,2026-07-31 13:38:00,518
46034.499321,121.8987,122.17,121.94,122.18,121.69,2026-07-31 13:39:00,502
20319.066317,121.9914,121.9425,121.85,122.16,121.8,2026-07-31 13:40:00,398
37761.291326,121.998,121.94,121.9,122.165,121.8701,2026-07-31 13:41:00,453
26321.979258,121.8382,121.94,121.98,122.0,121.65,2026-07-31 13:42:00,363
19366.474694,121.9936,121.9,122.04,122.13,121.825,2026-07-31 13:43:00,310
53109.387017,121.8676,121.98,121.365,122.11,121.244,2026-07-31 13:44:00,795
35068.385091,121.0429,121.23,120.75,121.38,120.75,2026-07-31 13:45:00,540
33203.553397,120.7421,120.81,120.625,120.89,120.535,2026-07-31 13:46:00,518
41825.472247,120.7517,120.65,120.845,120.92,120.63,2026-07-31 13:47:00,485
84872.662416,120.8152,120.83,120.905,120.9905,120.63,2026-07-31 13:48:00,873
33035.118468,120.6869,120.905,120.4,120.905,120.4,2026-07-31 13:49:00,570
33896.753906,120.3757,120.42,120.12,120.635,120.12,2026-07-31 13:50:00,552
55246.273335,120.2775,120.13,120.405,120.49,120.09,2026-07-31 13:51:00,638
49469.430703,120.2171,120.42,120.08,120.6,120.08,2026-07-31 13:52:00,789
42888.977442,120.0924,120.14,120.18,120.26,119.903,2026-07-31 13:53:00,584
27328.00831,120.3196,120.26,120.265,120.4199,120.22,2026-07-31 13:54:00,449
45847.169928,120.3824,120.34,120.395,120.58,120.26,2026-07-31 13:55:00,696
32165.972382,120.3064,120.3701,120.35,120.42,120.16,2026-07-31 13:56:00,501
29154.303494,120.3366,120.36,120.3,120.39,120.26,2026-07-31 13:57:00,425
12948.957054,120.2885,120.36,120.17,120.41,120.17,2026-07-31 13:58:00,279
28863.873792,120.0627,120.18,119.99,120.22,119.96,2026-07-31 13:59:00,442
51749.967021,120.0438,119.99,120.19,120.28,119.86,2026-07-31 14:00:00,605
68572.963156,120.0645,120.16,120.06,120.17,119.86,2026-07-31 14:01:00,466
21544.846206,119.9162,120.06,120.02,120.06,119.75,2026-07-31 14:02:00,371
35223.44199,119.6831,120.025,119.56,120.025,119.4,2026-07-31 14:03:00,519
47458.446118,119.3636,119.52,119.085,119.61,119.02,2026-07-31 14:04:00,679
90940.095841,119.0637,119.055,119.1265,119.25,118.89,2026-07-31 14:05:00,1244
25119.55842,119.1359,119.17,119.04,119.27,118.98,2026-07-31 14:06:00,491
45575.702517,118.8619,119.01,118.89,119.03,118.7101,2026-07-31 14:07:00,778
27151.462483,118.6341,118.94,118.48,118.96,118.33,2026-07-31 14:08:00,549
31539.979132,118.7025,118.5,118.8675,118.88,118.5,2026-07-31 14:09:00,528
25049.864437,118.6494,118.86,118.61,118.86,118.46,2026-07-31 14:10:00,538
18886.58518,118.5799,118.47,118.5,118.72,118.45,2026-07-31 14:11:00,371
35111.157909,118.4025,118.525,118.11,118.63,118.1,2026-07-31 14:12:00,554
69780.729287,118.0273,118.13,118.1,118.17,117.9,2026-07-31 14:13:00,781
20308.208798,118.1184,118.07,118.455,118.48,117.98,2026-07-31 14:14:00,309
21328.025141,118.3063,118.37,118.1817,118.46,118.1817,2026-07-31 14:15:00,330
25449.588344,118.0622,118.205,118.325,118.325,117.87,2026-07-31 14:16:00,502
30206.124692,118.2432,118.32,118.115,118.43,118.02,2026-07-31 14:17:00,502
19626.1918,118.0478,118.12,118.09,118.23,117.89,2026-07-31 14:18:00,374
30935.774652,117.9938,118.075,117.8,118.15,117.8,2026-07-31 14:19:00,429
18877.38834,117.8137,117.77,117.82,117.925,117.72,2026-07-31 14:20:00,300
27965.999571,118.0787,117.82,118.275,118.3,117.82,2026-07-31 14:21:00,398
20987.949612,118.3281,118.26,118.37,118.44,118.21,2026-07-31 14:22:00,383
27119.51118,118.3901,118.39,118.31,118.53,118.245,2026-07-31 14:23:00,449
39914.213382,118.275,118.3407,118.255,118.3407,118.145,2026-07-31 14:24:00,292
22327.863223,118.0412,118.18,118.0,118.18,117.92,2026-07-31 14:25:00,390
24764.850298,118.0128,118.05,118.14,118.14,117.87,2026-07-31 14:26:00,421
25881.861448,118.1911,118.15,118.31,118.33,118.07,2026-07-31 14:27:00,328
18754.612927,118.3376,118.33,118.345,118.45,118.27,2026-07-31 14:28:00,267
19975.091818,118.0524,118.33,117.97,118.33,117.89,2026-07-31 14:29:00,367
26494.788821,117.9541,117.98,118.05,118.08,117.86,2026-07-31 14:30:00,414
25466.377453,118.2156,118.025,118.3,118.38,118.025,2026-07-31 14:31:00,513
12975.829849,118.2586,118.3,118.265,118.33,118.18,2026-07-31 14:32:00,263
16147.439402,118.1565,118.31,118.01,118.31,117.96,2026-07-31 14:33:00,291
14735.621014,117.7954,117.97,117.66,117.97,117.65,2026-07-31 14:34:00,290
18775.357841,117.6534,117.68,117.74,117.76,117.5213,2026-07-31 14:35:00,294
21089.025691,117.5704,117.71,117.47,117.71,117.42,2026-07-31 14:36:00,411
22307.538731,117.3682,117.48,117.32,117.5,117.22,2026-07-31 14:37:00,368
25269.594611,117.4659,117.31,117.5762,117.62,117.31,2026-07-31 14:38:00,411
28116.116906,117.3744,117.555,117.27,117.59,117.15,2026-07-31 14:39:00,465
28469.894684,117.165,117.28,117.27,117.28,117.1,2026-07-31 14:40:00,423
12065.883976,117.2813,117.31,117.19,117.38,117.18,2026-07-31 14:41:00,241
40828.440008,116.9729,117.169,117.15,117.1693,116.825,2026-07-31 14:42:00,631
23625.692992,117.107,117.18,117.2,117.2,116.955,2026-07-31 14:43:00,370
20778.444178,117.2895,117.17,117.325,117.39,117.17,2026-07-31 14:44:00,357
36126.069077,117.4159,117.32,117.25,117.5,117.24,2026-07-31 14:45:00,646
12256.173418,117.3247,117.26,117.21,117.44,117.2,2026-07-31 14:46:00,273
22535.529824,117.0722,117.215,116.955,117.28,116.955,2026-07-31 14:47:00,410
21474.617812,117.0342,116.95,117.02,117.165,116.945,2026-07-31 14:48:00,370
14764.866551,117.1186,117.015,117.055,117.2,117.015,2026-07-31 14:49:00,280
19914.117231,116.9804,117.0465,116.89,117.125,116.88,2026-07-31 14:50:00,421
24110.453851,117.0284,116.9,117.145,117.2,116.9,2026-07-31 14:51:00,391
18079.386723,117.1894,117.15,117.38,117.38,117.09,2026-07-31 14:52:00,357
15043.763781,117.2515,117.31,117.32,117.325,117.18,2026-07-31 14:53:00,297
11111.478973,117.2086,117.305,117.155,117.305,117.11,2026-07-31 14:54:00,246
17331.976843,117.1972,117.155,117.16,117.26,117.1,2026-07-31 14:55:00,302
15158.05652,117.1406,117.155,117.09,117.225,117.07,2026-07-31 14:56:00,297
15375.317736,117.1801,117.12,117.16,117.26,117.1032,2026-07-31 14:57:00,277
20865.880078,117.059,117.15,117.03,117.15,116.98,2026-07-31 14:58:00,344
15682.279789,117.0,117.1,116.915,117.11,116.915,2026-07-31 14:59:00,413
22051.729726,116.9408,116.92,116.97,116.9957,116.88,2026-07-31 15:00:00,472
13894.845853,116.9335,116.975,116.9,116.975,116.88,2026-07-31 15:01:00,306
18616.600055,116.9556,116.89,116.97,117.08,116.875,2026-07-31 15:02:00,357
8263.898693,117.0226,117.01,116.98,117.05,116.95,2026-07-31 15:03:00,229
18555.241262,117.0558,116.96,117.13,117.15,116.96,2026-07-31 15:04:00,320
43131.902297,116.9908,117.13,116.85,117.13,116.85,2026-07-31 15:05:00,742
15172.662074,116.9018,116.83,116.86,116.955,116.82,2026-07-31 15:06:00,292
14636.726823,116.8062,116.85,116.775,116.85,116.75,2026-07-31 15:07:00,299
14093.246602,116.8219,116.785,116.835,116.87,116.76,2026-07-31 15:08:00,266
19545.165627,116.8301,116.8695,116.87,116.89,116.77,2026-07-31 15:09:00,391
19288.335632,116.9136,116.89,116.89,117.0,116.8,2026-07-31 15:10:00,328
48067.170074,116.7569,116.86,116.825,116.94,116.62,2026-07-31 15:11:00,641
33432.829108,116.8379,116.86,116.9,116.91,116.76,2026-07-31 15:12:00,461
10497.899554,116.9574,116.89,117.0,117.0,116.88,2026-07-31 15:13:00,225
43107.492171,116.8456,116.97,116.84,116.97,116.74,2026-07-31 15:14:00,566
21524.17621,116.7297,116.825,116.64,116.85,116.63,2026-07-31 15:15:00,415
19629.007988,116.5286,116.6,116.42,116.61,116.4,2026-07-31 15:16:00,369
22234.213482,116.3715,116.42,116.335,116.44,116.31,2026-07-31 15:17:00,399
53555.367533,116.1592,116.335,116.07,116.335,116.04,2026-07-31 15:18:00,599
35000.97055,116.0485,116.06,116.1,116.14,116.0,2026-07-31 15:19:00,485
16780.086357,116.1017,116.1,116.06,116.19,116.03,2026-07-31 15:20:00,270
18457.123029,116.043,116.045,116.08,116.11,115.98,2026-07-31 15:21:00,309
28346.514025,116.122,116.08,115.98,116.22,115.98,2026-07-31 15:22:00,464
29152.232771,116.0268,115.99,115.88,116.085,115.855,2026-07-31 15:23:00,494
29214.08009,115.86,115.87,115.84,115.93,115.8,2026-07-31 15:24:00,455
44586.37677,115.7893,115.83,115.78,115.86,115.705,2026-07-31 15:25:00,678
41491.961542,115.8096,115.805,115.825,115.9,115.74,2026-07-31 15:26:00,633
39119.07209,115.8256,115.79,115.8,115.96,115.77,2026-07-31 15:27:00,523
30134.435264,115.7186,115.78,115.62,115.78,115.61,2026-07-31 15:28:00,378
24915.527988,115.5285,115.64,115.47,115.67,115.38,2026-07-31 15:29:00,421
16959.310205,115.4067,115.5,115.3171,115.5,115.3001,2026-07-31 15:30:00,339
35584.592062,115.3863,115.327,115.29,115.44,115.28,2026-07-31 15:31:00,490
34522.932829,115.3269,115.27,115.38,115.415,115.27,2026-07-31 15:32:00,531
42486.815605,115.4966,115.3635,115.56,115.605,115.36,2026-07-31 15:33:00,680
28956.666273,115.5393,115.56,115.605,115.63,115.47,2026-07-31 15:34:00,473
28903.799433,115.7397,115.64,115.778,115.81,115.6,2026-07-31 15:35:00,490
25664.957146,115.7606,115.77,115.75,115.83,115.71,2026-07-31 15:36:00,457
30049.532415,116.0215,115.75,116.28,116.33,115.75,2026-07-31 15:37:00,492
25882.328484,116.3359,116.3037,116.424,116.53,116.23,2026-07-31 15:38:00,470
23698.193382,116.4877,116.47,116.48,116.52,116.45,2026-07-31 15:39:00,354
18558.966559,116.3525,116.51,116.325,116.51,116.29,2026-07-31 15:40:00,332
13282.769314,116.2461,116.29,116.265,116.29,116.18,2026-07-31 15:41:00,234
12343.689361,116.3016,116.28,116.32,116.37,116.215,2026-07-31 15:42:00,253
13905.042096,116.3439,116.34,116.37,116.41,116.26,2026-07-31 15:43:00,251
17007.221334,116.4552,116.4,116.44,116.5,116.4,2026-07-31 15:44:00,357
15024.475254,116.4733,116.46,116.51,116.53,116.41,2026-07-31 15:45:00,309
119862.242699,116.5188,116.49,116.38,116.62,116.375,2026-07-31 15:46:00,2611
16985.241073,116.3724,116.4,116.3,116.45,116.28,2026-07-31 15:47:00,383
18636.117874,116.2342,116.32,116.395,116.4,116.06,2026-07-31 15:48:00,354
11721.768892,116.346,116.4,116.24,116.4,116.24,2026-07-31 15:49:00,211
15471.729162,116.2624,116.27,116.3261,116.35,116.16,2026-07-31 15:50:00,293
14643.171732,116.4144,116.3,116.49,116.49,116.3,2026-07-31 15:51:00,253
27618.705,116.4909,116.485,116.68,116.7,116.31,2026-07-31 15:52:00,504
22523.471201,116.4855,116.66,116.4,116.67,116.3717,2026-07-31 15:53:00,363
35258.554467,116.5949,116.39,116.64,116.695,116.39,2026-07-31 15:54:00,387
16073.011777,116.6902,116.64,116.735,116.76,116.61,2026-07-31 15:55:00,295
15092.823848,116.8014,116.76,116.815,116.88,116.735,2026-07-31 15:56:00,293
33124.054176,116.9704,116.84,116.97,117.175,116.82,2026-07-31 15:57:00,484
16149.509421,116.9172,116.93,116.92,117.0,116.91,2026-07-31 15:58:00,290
15028.829075,116.9323,116.95,116.9,116.95,116.89,2026-07-31 15:59:00,226
22016.24605,116.9791,116.92,117.05,117.0718,116.92,2026-07-31 16:00:00,396
39060.668937,117.0607,117.025,117.03,117.165,116.98,2026-07-31 16:01:00,560
19587.848021,117.1119,117.065,117.25,117.25,117.04,2026-07-31 16:02:00,302
19335.586018,117.3619,117.24,117.45,117.49,117.22,2026-07-31 16:03:00,336
22057.2,117.5872,117.47,117.64,117.665,117.47,2026-07-31 16:04:00,321
28059.4221,117.7036,117.62,117.68,117.815,117.62,2026-07-31 16:05:00,449
16509.826781,117.5999,117.69,117.56,117.69,117.53,2026-07-31 16:06:00,291
34296.450332,117.5372,117.54,117.48,117.63,117.46,2026-07-31 16:07:00,453
24088.917105,117.4589,117.505,117.485,117.51,117.405,2026-07-31 16:08:00,352
13673.878305,117.5333,117.48,117.42,117.62,117.4007,2026-07-31 16:09:00,263
26479.281809,117.3724,117.415,117.4286,117.49,117.27,2026-07-31 16:10:00,450
14357.927287,117.4874,117.4,117.5,117.59,117.38,2026-07-31 16:11:00,291
15534.425,117.4463,117.5,117.435,117.515,117.4,2026-07-31 16:12:00,248
17063.380849,117.544,117.435,117.655,117.665,117.435,2026-07-31 16:13:00,245
12824.906308,117.6757,117.68,117.73,117.73,117.605,2026-07-31 16:14:00,208
16688.350766,117.7206,117.765,117.695,117.765,117.67,2026-07-31 16:15:00,246
16308.46957,117.6986,117.685,117.7097,117.735,117.67,2026-07-31 16:16:00,212
12868.554101,117.5762,117.66,117.5,117.66,117.5,2026-07-31 16:17:00,239
17226.405025,117.5963,117.505,117.685,117.71,117.505,2026-07-31 16:18:00,267
14105.85279,117.8131,117.745,117.81,117.835,117.72,2026-07-31 16:19:00,174
33309.592284,117.7255,117.79,117.67,117.94,117.58,2026-07-31 16:20:00,552
43607.193108,117.8089,117.6401,117.76,117.93,117.625,2026-07-31 16:21:00,523
13188.58487,117.8104,117.765,117.76,117.86,117.745,2026-07-31 16:22:00,226
20342.752848,117.6137,117.76,117.575,117.77,117.505,2026-07-31 16:23:00,326
11457.571563,117.5613,117.56,117.57,117.6,117.51,2026-07-31 16:24:00,219
14669.329639,117.477,117.55,117.27,117.57,117.22,2026-07-31 16:25:00,269
12639.972749,117.3088,117.25,117.29,117.37,117.2,2026-07-31 16:26:00,241
22028.18512,117.3736,117.28,117.39,117.5,117.28,2026-07-31 16:27:00,361
10589.148111,117.429,117.43,117.41,117.49,117.35,2026-07-31 16:28:00,221
11694.668346,117.3968,117.43,117.305,117.44,117.3,2026-07-31 16:29:00,261
19914.924715,117.3505,117.32,117.21,117.47,117.2,2026-07-31 16:30:00,370
46568.948702,117.2661,117.21,117.34,117.38,117.11,2026-07-31 16:31:00,739
15722.793564,117.3319,117.35,117.27,117.375,117.27,2026-07-31 16:32:00,337
11172.0251,117.2623,117.25,117.33,117.33,117.23,2026-07-31 16:33:00,266
11924.870102,117.2669,117.35,117.195,117.35,117.17,2026-07-31 16:34:00,209
17408.36506,117.1701,117.17,117.1975,117.26,117.12,2026-07-31 16:35:00,310
8277.049084,117.2027,117.19,117.195,117.23,117.18,2026-07-31 16:36:00,215
37002.742462,117.0255,117.165,117.05,117.17,116.94,2026-07-31 16:37:00,459
20031.832492,117.0727,117.01,117.11,117.17,116.959,2026-07-31 16:38:00,398
2806.555371,117.1324,117.11,117.12,117.12,117.09,2026-07-31 16:39:00,80
14208.79892,117.1318,117.1,117.19,117.19,117.09,2026-07-31 16:40:00,259
11739.0,117.2261,117.21,117.21,117.28,117.19,2026-07-31 16:41:00,221
11113.165584,117.1439,117.205,117.115,117.205,117.1015,2026-07-31 16:42:00,225
16758.547601,117.0783,117.1,117.05,117.1245,117.0,2026-07-31 16:43:00,332
10517.851908,117.0173,117.05,117.005,117.06,116.92,2026-07-31 16:44:00,240
33619.826606,117.1138,117.02,117.22,117.23,117.02,2026-07-31 16:45:00,589
16443.111334,117.2467,117.24,117.285,117.32,117.185,2026-07-31 16:46:00,273
8745.630504,117.2434,117.285,117.22,117.3007,117.2,2026-07-31 16:47:00,167
23500.979839,117.3122,117.21,117.445,117.4657,117.21,2026-07-31 16:48:00,444
24234.094043,117.432,117.44,117.435,117.47,117.38,2026-07-31 16:49:00,402
15249.82082,117.4047,117.435,117.41,117.46,117.34,2026-07-31 16:50:00,353
12435.704728,117.454,117.38,117.52,117.52,117.38,2026-07-31 16:51:00,298
13827.135997,117.4973,117.5,117.5,117.535,117.48,2026-07-31 16:52:00,290
14724.610235,117.4822,117.49,117.47,117.53,117.415,2026-07-31 16:53:00,256
12291.130299,117.4649,117.4902,117.4,117.5199,117.4,2026-07-31 16:54:00,288
9365.684074,117.4104,117.41,117.42,117.44,117.35,2026-07-31 16:55:00,242
13701.48433,117.4514,117.4578,117.45,117.5,117.38,2026-07-31 16:56:00,315
11425.58477,117.4854,117.47,117.5,117.52,117.46,2026-07-31 16:57:00,221
11625.291612,117.4736,117.48,117.49,117.5244,117.42,2026-07-31 16:58:00,282
6850.0103,117.4915,117.4892,117.455,117.53,117.455,2026-07-31 16:59:00,192
13145.0005,117.4313,117.48,117.465,117.495,117.37,2026-07-31 17:00:00,244
7152.007499,117.4605,117.47,117.47,117.49,117.41,2026-07-31 17:01:00,174
5402.335957,117.5077,117.5,117.51,117.53,117.49,2026-07-31 17:02:00,97
7649.824266,117.615,117.55,117.68,117.6808,117.55,2026-07-31 17:03:00,175
9398.0,117.7156,117.685,117.8,117.85,117.65,2026-07-31 17:04:00,251
13672.699792,117.8681,117.79,117.84,117.92,117.79,2026-07-31 17:05:00,249
16603.195466,117.8102,117.83,117.76,117.84,117.75,2026-07-31 17:06:00,230
20218.457226,117.6426,117.82,117.56,117.82,117.485,2026-07-31 17:07:00,323
12373.80933,117.6025,117.56,117.63,117.65,117.55,2026-07-31 17:08:00,236
10629.74599,117.688,117.65,117.6504,117.73,117.63,2026-07-31 17:09:00,226
20385.909454,117.8287,117.67,118.065,118.07,117.66,2026-07-31 17:10:00,334
139108.83333,118.0997,118.065,118.28,118.3,117.9,2026-07-31 17:11:00,1672
36095.679407,118.4415,118.35,118.52,118.565,118.34,2026-07-31 17:12:00,529
13568.683287,118.4983,118.52,118.43,118.545,118.43,2026-07-31 17:13:00,260
9136.3,118.5304,118.47,118.5808,118.61,118.46,2026-07-31 17:14:00,215
12404.32662,118.6417,118.58,118.66,118.72,118.57,2026-07-31 17:15:00,230
13769.560266,118.6353,118.66,118.545,118.73,118.51,2026-07-31 17:16:00,301
12019.935538,118.4493,118.52,118.31,118.525,118.28,2026-07-31 17:17:00,229
90480.323228,118.0869,118.35,117.98,118.36,117.965,2026-07-31 17:18:00,1220
18538.819152,117.9948,117.98,118.01,118.04,117.93,2026-07-31 17:19:00,294
10774.033,118.2097,118.0123,118.26,118.355,118.0123,2026-07-31 17:20:00,207
9752.723174,118.2469,118.28,118.255,118.29,118.2,2026-07-31 17:21:00,220
8480.488681,118.2759,118.275,118.31,118.32,118.25,2026-07-31 17:22:00,226
9735.798349,118.3503,118.3,118.355,118.395,118.29,2026-07-31 17:23:00,218
8718.1823,118.4681,118.39,118.555,118.56,118.39,2026-07-31 17:24:00,172
7131.93784,118.5442,118.545,118.55,118.55,118.51,2026-07-31 17:25:00,224
11734.343,118.5675,118.55,118.57,118.625,118.52,2026-07-31 17:26:00,298
16575.249519,118.5818,118.57,118.55,118.63,118.53,2026-07-31 17:27:00,299
37414.766164,118.6095,118.5801,118.59,118.64,118.55,2026-07-31 17:28:00,539
23249.49784,118.609,118.59,118.6,118.63,118.57,2026-07-31 17:29:00,376
12434.372121,118.5606,118.605,118.48,118.605,118.44,2026-07-31 17:30:00,306
11234.389814,118.4685,118.48,118.49,118.5,118.42,2026-07-31 17:31:00,266
11668.151718,118.4906,118.5,118.5,118.53,118.44,2026-07-31 17:32:00,300
19417.3836,118.5486,118.4935,118.58,118.61,118.48,2026-07-31 17:33:00,413
13773.782011,118.6634,118.58,118.58,118.72,118.58,2026-07-31 17:34:00,359
10399.901031,118.5747,118.5541,118.565,118.595,118.53,2026-07-31 17:35:00,275
7382.242137,118.5045,118.54,118.455,118.55,118.44,2026-07-31 17:36:00,221
17460.945295,118.476,118.455,118.44,118.5,118.425,2026-07-31 17:37:00,326
23078.304545,118.4052,118.445,118.44,118.485,118.32,2026-07-31 17:38:00,552
12541.042204,118.5669,118.47,118.61,118.625,118.46,2026-07-31 17:39:00,294
8728.816793,118.6568,118.6,118.745,118.745,118.6,2026-07-31 17:40:00,260
23561.235776,118.7363,118.745,118.78,118.83,118.67,2026-07-31 17:41:00,495
50904.108375,118.7746,118.77,118.67,118.84,118.665,2026-07-31 17:42:00,742
15531.68833,118.5681,118.675,118.505,118.675,118.46,2026-07-31 17:43:00,408
9456.74935,118.5034,118.5,118.48,118.51,118.47,2026-07-31 17:44:00,255
16292.0,118.511,118.48,118.465,118.55,118.43,2026-07-31 17:45:00,349
28606.397606,118.4475,118.47,118.425,118.495,118.38,2026-07-31 17:46:00,393
20432.919795,118.4144,118.43,118.33,118.43,118.33,2026-07-31 17:47:00,362
16011.619858,118.3036,118.315,118.3,118.3599,118.265,2026-07-31 17:48:00,408
13922.228808,118.3253,118.315,118.37,118.39,118.275,2026-07-31 17:49:00,267
9699.77189,118.4775,118.38,118.475,118.54,118.38,2026-07-31 17:50:00,180
13289.5,118.5177,118.51,118.54,118.56,118.47,2026-07-31 17:51:00,230
15053.993768,118.4984,118.5201,118.42,118.5201,118.42,2026-07-31 17:52:00,221
6181.01,118.4322,118.42,118.43,118.465,118.41,2026-07-31 17:53:00,148
6659.0,118.4625,118.439,118.47,118.51,118.415,2026-07-31 17:54:00,180
7700.089337,118.5074,118.485,118.52,118.555,118.485,2026-07-31 17:55:00,115
9332.201951,118.4899,118.51,118.485,118.53,118.45,2026-07-31 17:56:00,180
17702.05871,118.4305,118.47,118.345,118.48,118.32,2026-07-31 17:57:00,324
17332.614221,118.3288,118.3,118.33,118.365,118.3,2026-07-31 17:58:00,217
10006.72355,118.2805,118.32,118.26,118.32,118.235,2026-07-31 17:59:00,243
17778.54447,118.2892,118.26,118.29,118.35,118.24,2026-07-31 18:00:00,335
13958.850543,118.2602,118.285,118.2,118.3,118.2,2026-07-31 18:01:00,270
18114.63889,118.2027,118.2,118.22,118.275,118.12,2026-07-31 18:02:00,271
57796.451853,118.0518,118.252,118.015,118.252,117.97,2026-07-31 18:03:00,818
40432.22035,118.0674,118.015,118.04,118.11,118.015,2026-07-31 18:04:00,528
22372.544868,117.9962,118.06,117.98,118.065,117.94,2026-07-31 18:05:00,319
22256.262698,118.0043,117.98,118.055,118.055,117.95,2026-07-31 18:06:00,376
10498.864404,118.0276,118.05,117.96,118.07,117.955,2026-07-31 18:07:00,209
15602.136528,117.9015,117.95,117.875,117.97,117.792,2026-07-31 18:08:00,315
33082.26247,117.9394,117.88,118.05,118.055,117.82,2026-07-31 18:09:00,464
13830.211,118.0829,118.065,118.13,118.14,118.02,2026-07-31 18:10:00,289
8950.25146,118.0784,118.13,118.035,118.13,118.03,2026-07-31 18:11:00,161
15754.386561,117.9986,118.03,118.035,118.035,117.945,2026-07-31 18:12:00,342
8066.378639,118.069,118.04,118.14,118.14,118.02,2026-07-31 18:13:00,202
16146.00847,118.0978,118.145,118.04,118.1861,117.995,2026-07-31 18:14:00,297
9293.138256,118.0693,118.025,118.1,118.11,118.025,2026-07-31 18:15:00,200
30189.23993,118.1041,118.08,118.06,118.19,118.05,2026-07-31 18:16:00,431
11623.814908,118.0961,118.03,118.155,118.1625,118.03,2026-07-31 18:17:00,224
6442.10513,118.1592,118.155,118.21,118.21,118.12,2026-07-31 18:18:00,134
6246.085514,118.1664,118.185,118.13,118.22,118.13,2026-07-31 18:19:00,131
12762.671528,118.1816,118.155,118.16,118.225,118.13,2026-07-31 18:20:00,290
14779.153308,118.2461,118.23,118.24,118.2755,118.22,2026-07-31 18:21:00,243
14109.189918,118.2373,118.24,118.17,118.285,118.17,2026-07-31 18:22:00,238
14228.569168,118.1365,118.15,118.17,118.195,118.06,2026-07-31 18:23:00,229
13033.4951,118.24,118.185,118.25,118.28,118.16,2026-07-31 18:24:00,217
16507.0735,118.2715,118.27,118.26,118.32,118.23,2026-07-31 18:25:00,250
6036.472837,118.2485,118.25,118.23,118.27,118.22,2026-07-31 18:26:00,154
7277.02962,118.2049,118.24,118.18,118.24,118.17,2026-07-31 18:27:00,183
7395.932074,118.2109,118.18,118.18,118.23,118.18,2026-07-31 18:28:00,187
12537.50695,118.1924,118.19,118.17,118.21,118.17,2026-07-31 18:29:00,252
11753.60148,118.218,118.16,118.225,118.255,118.16,2026-07-31 18:30:00,206
18078.71477,118.2428,118.225,118.13,118.3199,118.13,2026-07-31 18:31:00,320
8763.580128,118.1655,118.155,118.12,118.19,118.115,2026-07-31 18:32:00,194
10657.04807,118.1208,118.1499,118.0925,118.1499,118.09,2026-07-31 18:33:00,190
8436.08245,118.1811,118.11,118.18,118.22,118.11,2026-07-31 18:34:00,150
9488.00846,118.1927,118.17,118.2025,118.22,118.17,2026-07-31 18:35:00,222
24592.06845,118.2441,118.2025,118.245,118.34,118.19,2026-07-31 18:36:00,381
15000.77626,118.2241,118.22,118.29,118.29,118.175,2026-07-31 18:37:00,282
10761.13829,118.2836,118.285,118.27,118.3,118.25,2026-07-31 18:38:00,150
4523.028538,118.3001,118.28,118.3,118.33,118.28,2026-07-31 18:39:00,122
8143.704093,118.2828,118.28,118.27,118.2966,118.25,2026-07-31 18:40:00,179
30666.719102,118.3356,118.3,118.4,118.425,118.28,2026-07-31 18:41:00,471
4900.430533,118.4403,118.41,118.485,118.485,118.41,2026-07-31 18:42:00,135
26189.766897,118.4469,118.5,118.46,118.5299,118.39,2026-07-31 18:43:00,410
18487.762709,118.4256,118.45,118.445,118.465,118.37,2026-07-31 18:44:00,267
15768.240902,118.4437,118.43,118.4,118.48,118.4,2026-07-31 18:45:00,249
25828.123421,118.4378,118.41,118.435,118.51,118.4,2026-07-31 18:46:00,344
19377.438837,118.3931,118.445,118.46,118.46,118.35,2026-07-31 18:47:00,376
14287.0,118.4443,118.46,118.47,118.49,118.4,2026-07-31 18:48:00,275
24764.940944,118.4687,118.45,118.455,118.51,118.43,2026-07-31 18:49:00,362
14870.91148,118.4566,118.44,118.42,118.475,118.4,2026-07-31 18:50:00,277
17358.371854,118.4355,118.4,118.455,118.46,118.4,2026-07-31 18:51:00,266
11568.21588,118.448,118.46,118.43,118.475,118.42,2026-07-31 18:52:00,293
17980.708311,118.3966,118.42,118.33,118.45,118.33,2026-07-31 18:53:00,370
65555.228186,118.0764,118.33,117.91,118.335,117.91,2026-07-31 18:54:00,865
32038.537057,117.9323,117.935,117.8601,117.99,117.86,2026-07-31 18:55:00,451
58894.329396,117.8569,117.86,117.95,117.965,117.7501,2026-07-31 18:56:00,695
10391.587509,118.0304,117.95,118.1099,118.1099,117.95,2026-07-31 18:57:00,232
7457.84142,118.0809,118.06,118.05,118.12,118.05,2026-07-31 18:58:00,224
14362.01692,118.086,118.05,118.0625,118.145,118.04,2026-07-31 18:59:00,286
24134.497968,118.0447,118.05,118.135,118.135,118.0,2026-07-31 19:00:00,307
37484.23568,118.0696,118.15,118.0,118.165,117.965,2026-07-31 19:01:00,534
16725.45552,118.0725,118.03,117.98,118.125,117.98,2026-07-31 19:02:00,303
10368.30598,117.9989,117.98,117.98,118.0399,117.97,2026-07-31 19:03:00,182
16927.101361,117.9098,117.99,117.8525,118.01,117.8,2026-07-31 19:04:00,321
109162.9228,117.9492,117.87,118.22,118.35,117.81,2026-07-31 19:05:00,944
52104.069563,118.1428,118.21,117.99,118.26,117.98,2026-07-31 19:06:00,530
19272.4663,117.9275,118.02,117.845,118.02,117.83,2026-07-31 19:07:00,358
29808.807174,117.9378,117.85,118.03,118.07,117.835,2026-07-31 19:08:00,384
13998.626832,118.1248,118.07,118.105,118.17,118.03,2026-07-31 19:09:00,270
14923.08755,118.1624,118.105,118.27,118.27,118.07,2026-07-31 19:10:00,283
13384.406231,118.2667,118.27,118.2,118.345,118.2,2026-07-31 19:11:00,259
18038.59212,118.1812,118.2,118.17,118.22,118.15,2026-07-31 19:12:00,346
13081.830173,118.2412,118.16,118.325,118.325,118.16,2026-07-31 19:13:00,256
15992.21,118.3101,118.31,118.35,118.355,118.28,2026-07-31 19:14:00,304
20578.598103,118.3495,118.34,118.4,118.41,118.28,2026-07-31 19:15:00,373
23036.34788,118.4039,118.42,118.43,118.48,118.35,2026-07-31 19:16:00,426
29822.57378,118.3743,118.435,118.39,118.435,118.3,2026-07-31 19:17:00,499
27375.01514,118.4835,118.38,118.49,118.555,118.35,2026-07-31 19:18:00,455
21978.608445,118.4718,118.52,118.36,118.57,118.36,2026-07-31 19:19:00,396
21215.162187,118.3609,118.35,118.41,118.425,118.3,2026-07-31 19:20:00,441
15464.878515,118.3766,118.4,118.44,118.44,118.32,2026-07-31 19:21:00,346
20854.991561,118.4725,118.44,118.45,118.52,118.41,2026-07-31 19:22:00,394
17090.047146,118.3418,118.4,118.28,118.42,118.255,2026-07-31 19:23:00,370
18759.084534,118.2906,118.28,118.27,118.33,118.24,2026-07-31 19:24:00,359
31390.126384,118.3442,118.28,118.375,118.395,118.28,2026-07-31 19:25:00,605
39547.533214,118.2632,118.37,118.16,118.385,118.105,2026-07-31 19:26:00,678
20583.06523,118.1272,118.155,118.06,118.205,118.06,2026-07-31 19:27:00,392
19299.761765,118.0141,118.06,118.02,118.06,117.95,2026-07-31 19:28:00,417
29220.772691,118.0413,118.015,118.025,118.09,117.99,2026-07-31 19:29:00,525
21213.5084,117.9773,118.0,117.925,118.075,117.8575,2026-07-31 19:30:00,564
39815.854561,117.9111,117.91,117.95,117.9501,117.7975,2026-07-31 19:31:00,579
28418.705075,117.916,117.965,117.84,117.99,117.82,2026-07-31 19:32:00,574
55355.4709,117.8216,117.87,117.79,117.945,117.73,2026-07-31 19:33:00,744
78818.867949,117.9494,117.8,118.12,118.185,117.78,2026-07-31 19:34:00,880
30147.237485,118.0209,118.12,117.99,118.12,117.96,2026-07-31 19:35:00,550
27075.9578,118.069,118.0,118.12,118.19,117.98,2026-07-31 19:36:00,515
20851.080498,118.0765,118.1,118.06,118.135,118.05,2026-07-31 19:37:00,410
25795.118152,118.1187,118.07,118.14,118.175,118.07,2026-07-31 19:38:00,431
49013.7998,118.1988,118.135,118.215,118.315,118.0825,2026-07-31 19:39:00,658
58846.6974,118.2736,118.215,118.35,118.42,118.145,2026-07-31 19:40:00,601
53946.441746,118.2479,118.38,118.08,118.43,118.0501,2026-07-31 19:41:00,789
23798.545907,118.1319,118.12,118.13,118.15,118.08,2026-07-31 19:42:00,480
34572.570325,118.1707,118.15,118.07,118.25,118.06,2026-07-31 19:43:00,604
58797.375053,117.8384,118.095,117.61,118.11,117.505,2026-07-31 19:44:00,965
66459.761535,117.5296,117.595,117.515,117.7,117.3,2026-07-31 19:45:00,1120
41731.366117,117.5961,117.515,117.52,117.64,117.515,2026-07-31 19:46:00,651
33682.021015,117.5677,117.53,117.67,117.67,117.49,2026-07-31 19:47:00,643
27828.8731,117.7685,117.67,117.82,117.82,117.66,2026-07-31 19:48:00,465
41101.279313,117.7521,117.84,117.63,117.88,117.63,2026-07-31 19:49:00,813
97546.776166,117.2513,117.62,117.01,117.62,116.94,2026-07-31 19:50:00,1996
67630.997095,116.9656,116.98,116.93,117.07,116.82,2026-07-31 19:51:00,1195
68390.629846,117.0441,116.93,117.18,117.2,116.9,2026-07-31 19:52:00,954
76101.58891,117.2718,117.17,117.39,117.43,117.16,2026-07-31 19:53:00,1103
77895.467464,117.408,117.41,117.525,117.585,117.32,2026-07-31 19:54:00,1300
114119.525244,117.6794,117.55,117.64,117.8,117.55,2026-07-31 19:55:00,1872
134263.271196,117.4768,117.645,117.52,117.66,117.3375,2026-07-31 19:56:00,1933
132872.769006,117.5911,117.52,117.69,117.71,117.495,2026-07-31 19:57:00,1927
128577.059506,117.6634,117.69,117.69,117.7,117.62,2026-07-31 19:58:00,1665
725485.925648,117.2974,117.68,117.09,117.69,117.015,2026-07-31 19:59:00,6235
27163.352354,117.1522,117.15,117.2,117.2,117.15,2026-07-31 20:00:00,62
468.7,117.1812,117.0,117.0,117.0,117.0,2026-07-31 20:02:00,25
100.0,117.0,117.0,117.0,117.0,117.0,2026-07-31 20:03:00,1
775.0,117.1423,117.1,117.15,117.15,117.1,2026-07-31 20:06:00,11
2033.0,117.1209,117.0,117.1612,117.1612,117.0,2026-07-31 20:07:00,4
904.171032,117.1947,117.2,117.2,117.2,117.2,2026-07-31 20:10:00,15
747.0,117.582,117.48,117.64,117.64,117.48,2026-07-31 20:12:00,75
504.606941,117.4402,117.3,117.3,117.3,117.3,2026-07-31 20:15:00,11
507.034042,117.3102,117.3,117.3,117.3,117.3,2026-07-31 20:16:00,7
401.0,117.2812,117.27,117.27,117.27,117.27,2026-07-31 20:22:00,6
564.0,117.2633,117.25,117.25,117.25,117.25,2026-07-31 20:24:00,9
1450.0,117.25,117.25,117.25,117.25,117.25,2026-07-31 20:25:00,1
154.0,117.1948,117.2,117.2,117.2,117.2,2026-07-31 20:46:00,2
100.0,117.27,117.27,117.27,117.27,117.27,2026-07-31 20:48:00,1
1419.0,117.0008,117.0,117.0,117.0,117.0,2026-07-31 20:50:00,3
196.0,116.965,117.0,117.0,117.0,117.0,2026-07-31 20:58:00,7
200.0,117.49,117.49,117.49,117.49,117.49,2026-07-31 21:25:00,1
618.0,116.8608,116.86,116.86,116.86,116.86,2026-07-31 21:34:00,6
219.0,116.8599,116.86,116.86,116.86,116.86,2026-07-31 21:36:00,2
137.0,116.9108,116.9048,116.9048,116.9048,116.9048,2026-07-31 21:48:00,3
120.0,116.8852,116.8862,116.8862,116.8862,116.8862,2026-07-31 21:51:00,2
198.0,116.8887,116.89,116.89,116.89,116.89,2026-07-31 21:52:00,3
230.0,116.99,116.98,117.0,117.0,116.98,2026-07-31 22:03:00,4
1793.0,117.0,117.0001,117.0,117.0001,117.0,2026-07-31 22:06:00,5
515.0,116.8796,116.88,116.88,116.88,116.88,2026-07-31 22:18:00,3
103.0,116.96,116.96,116.96,116.96,116.96,2026-07-31 22:24:00,2
200.0,117.0,117.0,117.0,117.0,117.0,2026-07-31 22:27:00,1
201.0,116.9799,116.98,116.98,116.98,116.98,2026-07-31 22:28:00,2
330.0,116.997,116.99,117.0,117.0,116.99,2026-07-31 22:50:00,3
780.0,117.0013,117.01,117.0,117.01,117.0,2026-07-31 22:52:00,3
2000.0,116.9945,117.0,116.99,117.0,116.99,2026-07-31 22:58:00,2
310.0,116.9975,117.0,117.0,117.0,117.0,2026-07-31 23:01:00,2
200.0,116.955,116.99,116.92,116.99,116.92,2026-07-31 23:04:00,2
200.0,116.9461,116.99,116.9021,116.99,116.9021,2026-07-31 23:19:00,2
127.0,116.64,116.5859,116.5859,116.5859,116.5859,2026-07-31 23:32:00,3
100.0,116.9241,116.9241,116.9241,116.9241,116.9241,2026-07-31 23:37:00,1
155.0,116.99,116.99,116.99,116.99,116.99,2026-07-31 23:40:00,2
201.0,116.8313,116.81,116.81,116.81,116.81,2026-07-31 23:59:00,9
545.972396,118.3531,118.18,118.18,118.18,118.18,2026-08-03 08:00:00,57
3305.0,118.1882,118.23,118.23,118.25,118.07,2026-08-03 08:01:00,86
799.0,118.192,118.19,118.19,118.19,118.19,2026-08-03 08:02:00,20
253.0,118.8453,118.84,118.84,118.84,118.84,2026-08-03 08:32:00,9
1184.0,119.2689,119.3,119.3,119.3,119.3,2026-08-03 08:38:00,37
100.0,119.2,119.2,119.2,119.2,119.2,2026-08-03 08:47:00,1
205.0,119.2778,119.28,119.28,119.28,119.28,2026-08-03 09:55:00,3
338.0,119.2691,119.27,119.27,119.27,119.27,2026-08-03 10:59:00,8
1089.012971,119.3412,119.3,119.3,119.3,119.3,2026-08-03 11:00:00,123
100.0,119.5376,119.5376,119.5376,119.5376,119.5376,2026-08-03 11:01:00,1
305.0,119.8615,119.845,119.9,119.9,119.845,2026-08-03 11:02:00,10
1103.0,119.7625,119.75,119.75,119.75,119.75,2026-08-03 11:03:00,10
1583.0,119.9908,119.99,120.0,120.0,119.99,2026-08-03 11:08:00,4
539.0,119.8884,120.0,120.0,120.0,120.0,2026-08-03 11:10:00,30
109.0,120.0792,120.1,120.1,120.1,120.1,2026-08-03 11:11:00,4
185.0,119.027,119.0,119.0,119.0,119.0,2026-08-03 11:15:00,2
201.0,120.3888,120.39,120.39,120.39,120.39,2026-08-03 11:19:00,4
3154.0,119.8157,119.82,119.8,119.83,119.8,2026-08-03 11:31:00,20
257.0,119.7393,119.71,119.71,119.71,119.71,2026-08-03 11:38:00,10
150.0,119.945,119.945,119.945,119.945,119.945,2026-08-03 11:40:00,1
251.0,119.873,119.8745,119.8745,119.8745,119.8745,2026-08-03 11:41:00,2
140.0,119.7026,119.72,119.72,119.72,119.72,2026-08-03 11:46:00,5
410.0,119.8992,119.9,119.92,119.92,119.9,2026-08-03 11:48:00,64
1395.0,120.0616,120.05,120.11,120.11,120.05,2026-08-03 11:58:00,26
257.0,119.7661,119.25,120.08,120.08,119.25,2026-08-03 11:59:00,8
901.0,120.1557,120.1558,120.1558,120.1558,120.1558,2026-08-03 12:12:00,2
651.0,120.137,120.11,120.11,120.11,120.11,2026-08-03 12:13:00,3
101.0,120.3981,120.3975,120.3975,120.3975,120.3975,2026-08-03 12:15:00,2
495.8,120.5334,120.35,120.35,120.35,120.35,2026-08-03 12:32:00,9
1037.0,120.4639,120.5,120.5,120.5,120.45,2026-08-03 12:35:00,26
300.0,120.3335,120.31,120.4,120.4,120.31,2026-08-03 12:40:00,5
178.0,120.5779,120.58,120.58,120.58,120.58,2026-08-03 12:43:00,5
552.042995,120.5503,120.55,120.53,120.55,120.53,2026-08-03 12:44:00,28
2058.0,120.5805,120.58,120.58,120.58,120.58,2026-08-03 12:45:00,14
1268.0,120.5516,120.51,120.75,120.75,120.5,2026-08-03 12:49:00,13
105.0,120.6952,120.7,120.7,120.7,120.7,2026-08-03 12:51:00,2
458.009246,120.6207,120.62,120.62,120.62,120.62,2026-08-03 12:52:00,9
385.0,120.6724,120.669,120.7,120.7,120.669,2026-08-03 13:02:00,12
269.0,120.6971,120.6999,120.6999,120.6999,120.6999,2026-08-03 13:03:00,4
2422.0,120.6919,120.69,120.6921,120.6921,120.69,2026-08-03 13:05:00,2
274.0,120.6975,120.7,120.7,120.7,120.7,2026-08-03 13:07:00,13
748.0,120.7977,120.8,120.79,120.8,120.79,2026-08-03 13:09:00,29
1408.0,120.6918,120.72,120.57,120.72,120.57,2026-08-03 13:12:00,21
127.0,120.6035,120.58,120.58,120.58,120.58,2026-08-03 13:18:00,3
457.0,120.5808,120.6,120.56,120.6,120.56,2026-08-03 13:19:00,7
920.0,120.5334,120.5246,120.58,120.58,120.5246,2026-08-03 13:21:00,3
1256.0,120.6098,120.6899,120.58,120.6899,120.58,2026-08-03 13:22:00,8
735.0,120.6757,120.6,120.85,120.85,120.6,2026-08-03 13:23:00,7
2452.012714,120.8395,120.84,120.84,120.84,120.84,2026-08-03 13:24:00,39
597.0,121.0283,121.0,121.0,121.0,121.0,2026-08-03 13:25:00,29
1619.042889,121.8787,121.686,122.0329,122.0329,121.686,2026-08-03 13:26:00,65
1818.293577,120.3595,120.34,120.38,120.38,120.24,2026-08-03 13:28:00,107
8386.0,120.7214,120.25,120.31,121.5,120.25,2026-08-03 13:29:00,177
160798.645511,120.2788,120.36,120.71,120.91,119.76,2026-08-03 13:30:00,1068
60258.948991,120.3645,120.74,119.72,120.75,119.41,2026-08-03 13:31:00,574
24333.372634,119.8314,119.72,119.515,120.1525,119.36,2026-08-03 13:32:00,256
33123.887881,119.6288,119.515,119.51,119.83,119.41,2026-08-03 13:33:00,328
9673.510712,119.3806,119.62,119.02,119.72,119.02,2026-08-03 13:34:00,177
26757.363596,119.5977,119.53,119.69,119.94,119.02,2026-08-03 13:35:00,422
23565.001894,119.6533,119.62,119.83,119.83,119.51,2026-08-03 13:36:00,257
33581.983555,119.6286,119.795,119.69,119.83,119.46,2026-08-03 13:37:00,252
42242.959435,119.7588,119.8,119.95,120.035,119.455,2026-08-03 13:38:00,432
16441.826182,120.1264,119.87,120.36,120.38,119.74,2026-08-03 13:39:00,266
111935.620092,121.0882,120.35,121.02,121.525,120.33,2026-08-03 13:40:00,994
22214.553028,121.1718,120.925,121.745,121.75,120.925,2026-08-03 13:41:00,254
93277.708015,121.3585,121.66,121.05,121.72,121.05,2026-08-03 13:42:00,765
66914.102377,120.867,121.05,120.35,121.17,120.24,2026-08-03 13:43:00,441
9494.333064,120.2599,120.37,120.295,120.46,120.13,2026-08-03 13:44:00,176
10382.300793,120.4461,120.16,120.31,120.77,120.13,2026-08-03 13:45:00,194
26213.318884,120.49,120.445,120.13,120.6,120.13,2026-08-03 13:46:00,361
32775.142315,120.2269,120.285,120.09,120.45,119.95,2026-08-03 13:47:00,380
14033.168469,120.1846,120.1,120.22,120.365,119.92,2026-08-03 13:48:00,236
9651.670775,120.173,120.27,120.1,120.3632,120.04,2026-08-03 13:49:00,176
14607.29308,120.1499,120.125,120.18,120.3699,120.03,2026-08-03 13:50:00,222
30711.241203,120.4411,120.195,120.63,120.655,120.1,2026-08-03 13:51:00,303
9737.286141,120.5968,120.55,120.56,120.7631,120.53,2026-08-03 13:52:00,157
109840.438023,120.4405,120.61,120.535,120.67,120.265,2026-08-03 13:53:00,606
26451.585359,120.5399,120.535,120.485,120.65,120.38,2026-08-03 13:54:00,405
33382.598017,120.6724,120.495,120.66,120.75,120.495,2026-08-03 13:55:00,363
32493.24111,120.6308,120.66,120.415,120.76,120.415,2026-08-03 13:56:00,421
22198.30742,120.2644,120.45,120.08,120.45,120.06,2026-08-03 13:57:00,287
39611.053646,120.1743,120.115,120.23,120.33,119.875,2026-08-03 13:58:00,495
51352.917629,119.9179,120.23,119.88,120.23,119.74,2026-08-03 13:59:00,554
28082.593149,119.7222,119.85,119.6192,119.88,119.56,2026-08-03 14:00:00,455
52555.680633,119.5212,119.55,119.605,119.64,119.195,2026-08-03 14:01:00,635
38967.273421,119.8513,119.7,119.97,120.1,119.64,2026-08-03 14:02:00,510
37632.80844,119.8729,119.89,119.93,120.0242,119.76,2026-08-03 14:03:00,346
6648.145552,119.8994,120.0299,120.02,120.0299,119.79,2026-08-03 14:04:00,140
16024.748357,120.015,120.015,120.11,120.2,119.922,2026-08-03 14:05:00,309
14223.14337,119.9534,120.07,119.71,120.1,119.71,2026-08-03 14:06:00,289
20090.108709,119.6839,119.73,119.55,119.8,119.51,2026-08-03 14:07:00,268
18161.974585,119.5485,119.56,119.38,119.65,119.38,2026-08-03 14:08:00,276
25645.555831,119.4059,119.31,119.35,119.49,119.3,2026-08-03 14:09:00,411
5916.562878,119.2782,119.2,119.205,119.245,119.1505,2026-08-03 14:10:00,174
41964.719876,118.9293,119.13,118.995,119.14,118.8,2026-08-03 14:11:00,533
22642.558376,118.6446,119.005,118.51,119.057,118.46,2026-08-03 14:12:00,359
14093.191287,118.507,118.55,118.46,118.55,118.4,2026-08-03 14:13:00,163
52792.76861,118.5202,118.46,118.66,118.7424,118.34,2026-08-03 14:14:00,575
11223.915826,118.6659,118.67,118.61,118.71,118.57,2026-08-03 14:15:00,205
17924.313574,118.5197,118.52,118.785,118.785,118.25,2026-08-03 14:16:00,387
7711.498623,118.7038,118.79,118.64,118.8,118.62,2026-08-03 14:17:00,169
7065.634413,118.6935,118.735,118.65,118.8199,118.6,2026-08-03 14:18:00,171
8810.476881,118.5689,118.565,118.55,118.64,118.49,2026-08-03 14:19:00,203
12527.22321,118.6647,118.59,118.655,118.77,118.58,2026-08-03 14:20:00,226
11314.696473,118.7124,118.7,118.815,118.8275,118.61,2026-08-03 14:21:00,222
11570.799709,118.6794,118.815,118.59,118.815,118.585,2026-08-03 14:22:00,303
13145.971597,118.6003,118.64,118.495,118.66,118.45,2026-08-03 14:23:00,166
22114.708823,118.4722,118.47,118.55,118.61,118.34,2026-08-03 14:24:00,425
9305.478314,118.5289,118.57,118.5,118.58,118.45,2026-08-03 14:25:00,216
22410.705903,118.4787,118.49,118.625,118.63,118.37,2026-08-03 14:26:00,307
69142.12071,118.7706,118.64,118.77,118.895,118.64,2026-08-03 14:27:00,672
27705.541109,118.6067,118.72,118.44,118.8299,118.41,2026-08-03 14:28:00,409
19602.583062,118.413,118.485,118.36,118.5282,118.295,2026-08-03 14:29:00,386
25994.111842,118.5418,118.36,118.57,118.64,118.36,2026-08-03 14:30:00,405
21402.829476,118.474,118.54,118.45,118.58,118.35,2026-08-03 14:31:00,399
23993.47408,118.3707,118.4963,118.23,118.4963,118.2,2026-08-03 14:32:00,377
17244.448957,118.1149,118.22,117.98,118.25,117.96,2026-08-03 14:33:00,347
17194.31649,117.822,117.97,117.715,117.99,117.7,2026-08-03 14:34:00,381
47506.303321,117.5948,117.72,117.31,117.76,117.25,2026-08-03 14:35:00,716
15248.630831,117.4824,117.28,117.485,117.61,117.27,2026-08-03 14:36:00,342
12926.412448,117.7856,117.54,117.975,118.0299,117.53,2026-08-03 14:37:00,266
52689.044498,117.7761,117.93,117.96,117.98,117.655,2026-08-03 14:38:00,595
22021.602938,117.8716,118.0,117.96,118.0,117.76,2026-08-03 14:39:00,341
12068.3402,118.0144,117.94,118.075,118.15,117.94,2026-08-03 14:40:00,252
12905.285737,118.0249,118.06,118.08,118.12,117.84,2026-08-03 14:41:00,283
11805.6072,118.1223,118.03,118.1,118.2,118.03,2026-08-03 14:42:00,241
10523.717937,118.1857,118.17,118.095,118.27,118.07,2026-08-03 14:43:00,245
17031.296293,118.1445,118.125,118.1,118.22,118.08,2026-08-03 14:44:00,354
10431.191584,118.1227,118.1,118.06,118.2,118.06,2026-08-03 14:45:00,232
23132.056102,117.9539,118.075,117.92,118.13,117.82,2026-08-03 14:46:00,386
17815.14623,117.9007,117.89,117.8,118.09,117.8,2026-08-03 14:47:00,342
14458.463759,117.681,117.77,117.64,117.795,117.6,2026-08-03 14:48:00,292
28579.440406,117.4586,117.63,117.54,117.63,117.38,2026-08-03 14:49:00,331
16279.564423,117.6037,117.64,117.58,117.655,117.52,2026-08-03 14:50:00,316
15291.71787,117.6956,117.56,117.71,117.8,117.535,2026-08-03 14:51:00,352
18494.75892,117.7505,117.665,117.94,117.95,117.59,2026-08-03 14:52:00,375
15051.646078,117.9219,117.98,117.86,118.005,117.8,2026-08-03 14:53:00,305
4729.960214,117.9509,117.89,117.93,118.05,117.85,2026-08-03 14:54:00,117
13200.852822,117.8994,117.95,117.8785,117.98,117.86,2026-08-03 14:55:00,279
17163.787515,117.958,117.8,117.95,118.01,117.8,2026-08-03 14:56:00,380
10521.346779,117.9688,117.97,117.9,118.015,117.89,2026-08-03 14:57:00,228
12696.510379,117.8191,117.915,117.7,117.96,117.67,2026-08-03 14:58:00,377
8926.123721,117.71,117.71,117.745,117.775,117.66,2026-08-03 14:59:00,239
39785.477923,117.8816,117.72,117.805,117.99,117.7,2026-08-03 15:00:00,590
10916.616344,117.7882,117.82,117.86,117.87,117.7,2026-08-03 15:01:00,259
14134.105056,117.7851,117.83,117.63,117.9,117.62,2026-08-03 15:02:00,316
11457.733284,117.6201,117.63,117.505,117.72,117.49,2026-08-03 15:03:00,235
9434.566189,117.4658,117.47,117.39,117.53,117.38,2026-08-03 15:04:00,215
17105.344459,117.4434,117.41,117.39,117.48,117.3601,2026-08-03 15:05:00,338
21184.908528,117.3637,117.37,117.47,117.51,117.27,2026-08-03 15:06:00,329
15032.497121,117.5031,117.515,117.42,117.62,117.385,2026-08-03 15:07:00,303
7608.411476,117.5495,117.42,117.6,117.61,117.42,2026-08-03 15:08:00,183
7948.361755,117.6688,117.62,117.715,117.74,117.62,2026-08-03 15:09:00,168
10994.041516,117.7172,117.76,117.77,117.81,117.66,2026-08-03 15:10:00,175
11154.832741,117.8545,117.75,117.95,117.99,117.73,2026-08-03 15:11:00,253
12304.572741,117.806,117.95,117.66,117.95,117.66,2026-08-03 15:12:00,205
24842.229364,117.596,117.66,117.615,117.685,117.53,2026-08-03 15:13:00,305
15368.11835,117.6782,117.615,117.69,117.81,117.59,2026-08-03 15:14:00,212
9589.089726,117.6748,117.69,117.59,117.74,117.59,2026-08-03 15:15:00,213
4511.298942,117.5452,117.6091,117.52,117.6091,117.5,2026-08-03 15:16:00,110
13285.679614,117.5694,117.55,117.585,117.64,117.5,2026-08-03 15:17:00,252
15447.634934,117.7297,117.62,117.83,117.8392,117.62,2026-08-03 15:18:00,268
24289.828989,117.8266,117.85,117.8199,117.96,117.71,2026-08-03 15:19:00,412
19595.587395,117.7846,117.76,117.7,117.87,117.7,2026-08-03 15:20:00,293
15911.676426,117.7185,117.7,117.74,117.76,117.63,2026-08-03 15:21:00,241
21337.903175,117.8891,117.73,117.9,118.035,117.7,2026-08-03 15:22:00,327
9075.645492,117.8441,117.885,117.85,117.885,117.785,2026-08-03 15:23:00,161
10638.198944,117.8938,117.82,117.9,118.04,117.78,2026-08-03 15:24:00,213
28046.002626,117.7172,117.88,117.635,117.94,117.55,2026-08-03 15:25:00,503
12822.742242,117.6462,117.64,117.67,117.71,117.6,2026-08-03 15:26:00,214
15349.042647,117.7934,117.7,117.83,117.9,117.695,2026-08-03 15:27:00,244
12828.836748,117.7655,117.83,117.74,117.85,117.7,2026-08-03 15:28:00,186
21217.416652,117.8118,117.78,117.85,117.96,117.76,2026-08-03 15:29:00,257
23423.018454,117.7667,117.85,117.64,117.99,117.57,2026-08-03 15:30:00,360
11256.494933,117.602,117.57,117.6,117.63,117.565,2026-08-03 15:31:00,155
12789.367318,117.6114,117.6,117.6,117.65,117.56,2026-08-03 15:32:00,211
18264.131195,117.5715,117.59,117.52,117.73,117.41,2026-08-03 15:33:00,379
14718.698174,117.6434,117.56,117.72,117.7899,117.55,2026-08-03 15:34:00,226
21858.08199,117.731,117.74,117.665,117.79,117.665,2026-08-03 15:35:00,216
11602.504395,117.7167,117.695,117.66,117.785,117.65,2026-08-03 15:36:00,179
20208.501033,117.7511,117.72,117.8,117.82,117.71,2026-08-03 15:37:00,230
44758.424735,117.8459,117.76,117.79,117.96,117.745,2026-08-03 15:38:00,315
9842.026082,117.8003,117.78,117.82,117.885,117.76,2026-08-03 15:39:00,167
26856.653731,117.7832,117.835,117.84,117.86,117.7,2026-08-03 15:40:00,331
13055.594801,117.8401,117.89,117.8065,117.91,117.76,2026-08-03 15:41:00,189
22281.071017,117.8869,117.8,117.88,117.95,117.79,2026-08-03 15:42:00,263
18795.941127,117.832,117.86,117.75,117.915,117.725,2026-08-03 15:43:00,234
13423.572526,117.7366,117.74,117.7,117.78,117.65,2026-08-03 15:44:00,215
18484.885404,117.7511,117.66,117.78,117.82,117.66,2026-08-03 15:45:00,295
11018.299565,117.7971,117.8,117.74,117.855,117.72,2026-08-03 15:46:00,239
10450.593637,117.6969,117.7425,117.67,117.7425,117.63,2026-08-03 15:47:00,215
9790.733867,117.5853,117.63,117.51,117.64,117.5,2026-08-03 15:48:00,240
30567.565992,117.5083,117.53,117.42,117.6,117.39,2026-08-03 15:49:00,462
16208.726225,117.4175,117.425,117.335,117.4472,117.335,2026-08-03 15:50:00,333
13194.720119,117.3878,117.33,117.48,117.5,117.31,2026-08-03 15:51:00,394
20107.952458,117.3114,117.43,117.23,117.46,117.2,2026-08-03 15:52:00,370
11344.82551,117.3508,117.24,117.43,117.43,117.24,2026-08-03 15:53:00,299
18011.812348,117.3591,117.4,117.3675,117.41,117.29,2026-08-03 15:54:00,267
26885.153831,117.456,117.4,117.43,117.5,117.305,2026-08-03 15:55:00,402
10814.12327,117.4066,117.43,117.38,117.44,117.37,2026-08-03 15:56:00,210
6397.161405,117.4114,117.39,117.39,117.46,117.39,2026-08-03 15:57:00,131
12586.131239,117.4301,117.39,117.47,117.525,117.36,2026-08-03 15:58:00,267
12481.0,117.4308,117.47,117.41,117.51,117.3875,2026-08-03 15:59:00,215
20189.483185,117.4559,117.445,117.31,117.535,117.305,2026-08-03 16:00:00,335
6684.705384,117.3552,117.3,117.33,117.4,117.3,2026-08-03 16:01:00,171
7938.062836,117.2563,117.34,117.19,117.34,117.18,2026-08-03 16:02:00,219
12146.069589,117.123,117.17,117.03,117.1965,117.03,2026-08-03 16:03:00,377
16144.592936,117.0231,117.04,116.97,117.07,116.97,2026-08-03 16:04:00,407
21269.541544,116.9944,116.975,116.97,117.025,116.92,2026-08-03 16:05:00,474
9292.290689,117.0158,116.95,117.03,117.05,116.94,2026-08-03 16:06:00,296
7582.357722,117.0525,117.04,117.04,117.065,117.02,2026-08-03 16:07:00,213
11280.787785,117.0081,117.01,116.96,117.03,116.955,2026-08-03 16:08:00,230
7680.709723,117.0126,116.99,116.97,117.06,116.95,2026-08-03 16:09:00,206
7675.639108,116.9756,116.97,116.95,117.03,116.89,2026-08-03 16:10:00,182
12040.517227,116.8592,116.955,116.82,116.955,116.79,2026-08-03 16:11:00,218
9065.146073,116.9706,116.81,117.045,117.045,116.81,2026-08-03 16:12:00,224
9971.24895,117.0972,117.065,117.09,117.16,117.065,2026-08-03 16:13:00,221
8873.721804,117.1182,117.07,117.135,117.1799,117.05,2026-08-03 16:14:00,181
10208.305102,117.0319,117.125,116.95,117.125,116.95,2026-08-03 16:15:00,231
26941.110329,116.8408,116.89,116.87,116.89,116.79,2026-08-03 16:16:00,376
9916.541161,116.7546,116.87,116.67,116.87,116.64,2026-08-03 16:17:00,209
11203.086689,116.7158,116.69,116.73,116.77,116.66,2026-08-03 16:18:00,246
8591.085489,116.8048,116.745,116.825,116.865,116.74,2026-08-03 16:19:00,230
5568.088945,116.8812,116.87,116.9199,116.9199,116.86,2026-08-03 16:20:00,162
6843.501463,116.9123,116.88,116.955,116.96,116.86,2026-08-03 16:21:00,197
6933.901794,116.9687,116.93,116.96,117.0198,116.93,2026-08-03 16:22:00,156
12271.484227,116.9373,116.95,116.97,116.97,116.9,2026-08-03 16:23:00,210
5729.442349,116.9781,116.98,117.04,117.04,116.92,2026-08-03 16:24:00,136
9629.177283,117.1096,117.09,117.13,117.16,117.06,2026-08-03 16:25:00,219
12208.15508,117.0979,117.155,117.1,117.19,117.025,2026-08-03 16:26:00,268
9712.187127,117.1318,117.115,117.13,117.16,117.095,2026-08-03 16:27:00,215
6703.61422,117.1233,117.13,117.1,117.14,117.09,2026-08-03 16:28:00,157
9359.676325,117.106,117.105,117.09,117.135,117.07,2026-08-03 16:29:00,258
10991.62256,117.1035,117.07,117.11,117.15,117.07,2026-08-03 16:30:00,255
7711.92899,117.1117,117.09,117.12,117.149,117.06,2026-08-03 16:31:00,211
11727.339686,117.1419,117.13,117.07,117.21,117.03,2026-08-03 16:32:00,305
6021.042711,117.0376,117.0758,117.06,117.0758,117.0,2026-08-03 16:33:00,182
7291.634749,117.1123,117.09,117.1,117.13,117.08,2026-08-03 16:34:00,175
6642.759422,117.12,117.12,117.11,117.135,117.09,2026-08-03 16:35:00,130
10855.391949,117.1047,117.11,117.12,117.1294,117.06,2026-08-03 16:36:00,205
8464.970181,117.1581,117.11,117.17,117.19,117.105,2026-08-03 16:37:00,200
7495.179407,117.1341,117.19,117.08,117.2,117.08,2026-08-03 16:38:00,197
7247.750248,117.1354,117.1,117.18,117.18,117.08,2026-08-03 16:39:00,163
14621.671466,117.2291,117.199,117.24,117.295,117.1669,2026-08-03 16:40:00,222
4962.048202,117.2449,117.27,117.27,117.28,117.22,2026-08-03 16:41:00,141
5146.407074,117.3063,117.275,117.33,117.34,117.275,2026-08-03 16:42:00,140
12872.330091,117.372,117.32,117.38,117.4,117.31,2026-08-03 16:43:00,151
12225.287271,117.4178,117.38,117.51,117.51,117.38,2026-08-03 16:44:00,278
12588.512318,117.4997,117.51,117.51,117.57,117.46,2026-08-03 16:45:00,268
11608.916525,117.5388,117.47,117.61,117.63,117.47,2026-08-03 16:46:00,250
10599.034732,117.6475,117.6199,117.68,117.71,117.59,2026-08-03 16:47:00,214
5379.625054,117.6862,117.685,117.68,117.7,117.66,2026-08-03 16:48:00,134
11413.033,117.7007,117.71,117.72,117.755,117.67,2026-08-03 16:49:00,241
13290.370115,117.6547,117.73,117.615,117.755,117.59,2026-08-03 16:50:00,209
7826.72811,117.6673,117.62,117.685,117.7,117.61,2026-08-03 16:51:00,155
11318.333798,117.7111,117.65,117.685,117.74,117.65,2026-08-03 16:52:00,195
6212.294188,117.7802,117.71,117.88,117.89,117.7,2026-08-03 16:53:00,132
11346.684068,117.8518,117.86,117.8115,117.8795,117.8115,2026-08-03 16:54:00,139
13748.4196,117.8935,117.835,117.92,117.95,117.835,2026-08-03 16:55:00,222
11366.850563,117.9449,117.9299,117.935,117.99,117.91,2026-08-03 16:56:00,210
12937.58302,117.987,117.935,118.045,118.06,117.9261,2026-08-03 16:57:00,221
13553.568481,118.0407,118.03,118.055,118.08,117.96,2026-08-03 16:58:00,287
10313.898263,118.0918,118.05,118.12,118.1682,118.05,2026-08-03 16:59:00,207
9746.749836,118.1151,118.13,118.14,118.16,118.11,2026-08-03 17:00:00,173
13189.238933,118.0336,118.16,118.02,118.17,117.975,2026-08-03 17:01:00,224
4894.359063,118.0334,118.03,118.01,118.055,118.0,2026-08-03 17:02:00,126
17461.793812,118.0405,118.015,118.04,118.1,118.0,2026-08-03 17:03:00,251
6677.04236,118.0118,118.0,118.04,118.04,117.985,2026-08-03 17:04:00,105
9036.720191,118.1113,118.065,118.09,118.13,118.065,2026-08-03 17:05:00,153
13911.869941,118.0972,118.07,118.12,118.135,118.02,2026-08-03 17:06:00,215
4715.589722,118.131,118.12,118.155,118.16,118.12,2026-08-03 17:07:00,80
11878.703269,118.1838,118.16,118.19,118.21,118.11,2026-08-03 17:08:00,178
6097.008461,118.1571,118.17,118.2097,118.2097,118.11,2026-08-03 17:09:00,125
14881.282253,118.2128,118.195,118.29,118.305,118.17,2026-08-03 17:10:00,265
8251.685676,118.3352,118.2701,118.365,118.38,118.2701,2026-08-03 17:11:00,146
10869.96355,118.3429,118.3999,118.38,118.3999,118.295,2026-08-03 17:12:00,196
11855.511346,118.3966,118.405,118.4,118.42,118.37,2026-08-03 17:13:00,184
7769.091045,118.3939,118.42,118.4156,118.43,118.37,2026-08-03 17:14:00,183
13973.398902,118.3584,118.405,118.34,118.405,118.32,2026-08-03 17:15:00,296
9802.960711,118.2898,118.345,118.23,118.345,118.22,2026-08-03 17:16:00,174
13848.564833,118.1774,118.26,118.11,118.26,118.08,2026-08-03 17:17:00,251
12592.7724,118.159,118.115,118.1,118.1882,118.1,2026-08-03 17:18:00,170
7670.6793,118.1114,118.11,118.095,118.13,118.0518,2026-08-03 17:19:00,162
7128.362968,118.1396,118.1,118.115,118.13,118.08,2026-08-03 17:20:00,230
7980.057,118.1453,118.115,118.14,118.19,118.105,2026-08-03 17:21:00,159
6183.220877,118.1483,118.15,118.13,118.16,118.11,2026-08-03 17:22:00,156
7802.1308,118.0847,118.14,118.08,118.15,118.03,2026-08-03 17:23:00,225
7745.0423,118.1041,118.075,118.15,118.17,118.06,2026-08-03 17:24:00,152
5411.56305,118.175,118.15,118.15,118.2,118.1401,2026-08-03 17:25:00,165
11617.490323,118.1085,118.17,118.105,118.17,118.035,2026-08-03 17:26:00,314
8019.85608,118.1067,118.105,118.075,118.12,118.065,2026-08-03 17:27:00,238
5839.873196,118.0967,118.1,118.0792,118.105,118.06,2026-08-03 17:28:00,166
12057.167959,118.0869,118.08,118.12,118.12,118.045,2026-08-03 17:29:00,305
11853.247253,118.1405,118.11,118.15,118.17,118.11,2026-08-03 17:30:00,322
8909.58952,118.1568,118.17,118.17,118.185,118.12,2026-08-03 17:31:00,251
6563.287113,118.1599,118.16,118.15,118.18,118.14,2026-08-03 17:32:00,190
12763.253856,118.1341,118.15,118.135,118.155,118.09,2026-08-03 17:33:00,287
7920.088218,118.0747,118.12,118.04,118.12,118.035,2026-08-03 17:34:00,241
17158.66385,118.0994,118.06,118.13,118.175,118.04,2026-08-03 17:35:00,366
12128.54232,118.0697,118.106,118.02,118.13,117.98,2026-08-03 17:36:00,236
9038.375,117.995,118.02,117.98,118.02,117.93,2026-08-03 17:37:00,205
6381.08477,117.9631,117.975,117.955,118.01,117.93,2026-08-03 17:38:00,180
3101.360847,117.9953,117.97,117.98,117.995,117.96,2026-08-03 17:39:00,115
8850.981935,118.012,118.0,117.96,118.02,117.96,2026-08-03 17:40:00,211
8463.873708,117.9674,117.96,117.97,117.9999,117.895,2026-08-03 17:41:00,230
12069.57442,117.8862,117.95,117.84,117.95,117.83,2026-08-03 17:42:00,286
18739.172544,117.8819,117.85,117.755,117.935,117.755,2026-08-03 17:43:00,334
34477.262825,117.7901,117.74,117.8573,117.865,117.71,2026-08-03 17:44:00,516
7038.557115,117.8542,117.89,117.84,117.89,117.82,2026-08-03 17:45:00,191
12541.525507,117.7924,117.83,117.7,117.87,117.69,2026-08-03 17:46:00,301
12055.43151,117.6575,117.7,117.6,117.71,117.58,2026-08-03 17:47:00,243
16314.082474,117.5723,117.59,117.55,117.63,117.53,2026-08-03 17:48:00,294
27818.215929,117.5878,117.51,117.55,117.57,117.51,2026-08-03 17:49:00,223
8195.359714,117.5277,117.555,117.5,117.555,117.5,2026-08-03 17:50:00,203
4985.988488,117.5649,117.54,117.53,117.56,117.53,2026-08-03 17:51:00,174
7715.47418,117.5608,117.54,117.55,117.575,117.51,2026-08-03 17:52:00,215
31077.759354,117.518,117.54,117.62,117.64,117.43,2026-08-03 17:53:00,670
9718.444073,117.6225,117.64,117.6,117.66,117.58,2026-08-03 17:54:00,258
13339.204576,117.5545,117.6,117.54,117.6,117.52,2026-08-03 17:55:00,351
9742.333662,117.5778,117.555,117.585,117.59,117.55,2026-08-03 17:56:00,206
10847.30503,117.5584,117.58,117.54,117.58,117.5301,2026-08-03 17:57:00,245
10451.287,117.5786,117.55,117.64,117.655,117.51,2026-08-03 17:58:00,300
9830.854781,117.6106,117.64,117.57,117.65,117.57,2026-08-03 17:59:00,263
17740.148591,117.6429,117.575,117.625,117.7,117.575,2026-08-03 18:00:00,309
12601.17557,117.7405,117.64,117.81,117.81,117.64,2026-08-03 18:01:00,283
6622.948539,117.849,117.85,117.92,117.92,117.825,2026-08-03 18:02:00,163
11490.303233,117.9672,117.92,117.9695,118.015,117.92,2026-08-03 18:03:00,268
8537.017129,117.9383,117.95,117.97,117.98,117.92,2026-08-03 18:04:00,195
12522.987182,118.0129,117.975,118.015,118.05,117.96,2026-08-03 18:05:00,236
21661.273358,117.9167,118.01,117.735,118.05,117.72,2026-08-03 18:06:00,423
10526.433262,117.7434,117.73,117.72,117.745,117.67,2026-08-03 18:07:00,206
7345.84963,117.7921,117.72,117.815,117.815,117.72,2026-08-03 18:08:00,150
5584.456334,117.8434,117.8,117.835,117.89,117.8,2026-08-03 18:09:00,129
5520.82584,117.8296,117.82,117.835,117.84,117.77,2026-08-03 18:10:00,151
8869.124857,117.7822,117.82,117.745,117.825,117.72,2026-08-03 18:11:00,185
4599.199403,117.7925,117.78,117.81,117.815,117.78,2026-08-03 18:12:00,89
7025.682049,117.8354,117.83,117.8,117.85,117.8,2026-08-03 18:13:00,140
6631.891888,117.8546,117.81,117.82,117.885,117.81,2026-08-03 18:14:00,124
5484.49877,117.8216,117.8,117.81,117.84,117.78,2026-08-03 18:15:00,111
8122.329792,117.7891,117.78,117.78,117.81,117.75,2026-08-03 18:16:00,157
5515.812501,117.7743,117.79,117.75,117.79,117.73,2026-08-03 18:17:00,143
2575.42111,117.8006,117.77,117.81,117.81,117.76,2026-08-03 18:18:00,79
6676.0,117.7815,117.78,117.82,117.82,117.75,2026-08-03 18:19:00,151
4481.268749,117.8324,117.82,117.844,117.85,117.79,2026-08-03 18:20:00,135
9184.898401,117.8342,117.86,117.84,117.86,117.81,2026-08-03 18:21:00,151
8584.245172,117.8122,117.84,117.81,117.85,117.75,2026-08-03 18:22:00,180
13033.478054,117.7423,117.8,117.7,117.8,117.7,2026-08-03 18:23:00,187
12041.0578,117.6706,117.715,117.68,117.715,117.64,2026-08-03 18:24:00,176
12602.855759,117.7454,117.69,117.75,117.75,117.69,2026-08-03 18:25:00,174
5195.438081,117.79,117.76,117.81,117.81,117.76,2026-08-03 18:26:00,118
12406.245957,117.7672,117.79,117.73,117.8,117.71,2026-08-03 18:27:00,214
10404.843696,117.6982,117.71,117.655,117.735,117.63,2026-08-03 18:28:00,271
8046.218299,117.6098,117.655,117.565,117.675,117.565,2026-08-03 18:29:00,129
15858.495835,117.5673,117.57,117.54,117.61,117.5,2026-08-03 18:30:00,284
19670.076834,117.5909,117.5301,117.6,117.6352,117.5301,2026-08-03 18:31:00,277
11187.901629,117.5864,117.59,117.56,117.61,117.52,2026-08-03 18:32:00,176
7321.042561,117.4862,117.56,117.45,117.56,117.4332,2026-08-03 18:33:00,131
6425.36653,117.4941,117.45,117.46,117.525,117.43,2026-08-03 18:34:00,103
4580.094025,117.4722,117.48,117.435,117.495,117.43,2026-08-03 18:35:00,103
7657.39755,117.4431,117.435,117.435,117.47,117.39,2026-08-03 18:36:00,140
5242.3703,117.4546,117.42,117.49,117.49,117.405,2026-08-03 18:37:00,144
11737.367631,117.5646,117.48,117.625,117.625,117.47,2026-08-03 18:38:00,221
8685.071981,117.6699,117.665,117.7,117.72,117.62,2026-08-03 18:39:00,151
6625.846779,117.7875,117.765,117.79,117.825,117.7596,2026-08-03 18:40:00,119
10953.713226,117.7414,117.795,117.81,117.83,117.72,2026-08-03 18:41:00,217
7217.22901,117.8378,117.81,117.885,117.885,117.77,2026-08-03 18:42:00,182
10849.03391,117.9089,117.87,117.86,117.98,117.84,2026-08-03 18:43:00,238
8004.228,117.8292,117.85,117.81,117.86,117.79,2026-08-03 18:44:00,198
7970.106898,117.7786,117.82,117.75,117.85,117.72,2026-08-03 18:45:00,198
8746.01698,117.7691,117.765,117.84,117.84,117.73,2026-08-03 18:46:00,215
5688.93734,117.8673,117.85,117.88,117.88,117.8295,2026-08-03 18:47:00,95
5186.01696,117.8607,117.8584,117.85,117.8929,117.83,2026-08-03 18:48:00,123
6546.69591,117.8786,117.865,117.92,117.945,117.8001,2026-08-03 18:49:00,179
7683.141526,117.9094,117.92,117.85,117.99,117.85,2026-08-03 18:50:00,189
6382.145088,117.8539,117.8673,117.835,117.88,117.83,2026-08-03 18:51:00,114
9201.91853,117.8079,117.85,117.795,117.85,117.75,2026-08-03 18:52:00,225
12863.04036,117.75,117.77,117.79,117.8,117.69,2026-08-03 18:53:00,271
13879.397478,117.8069,117.79,117.81,117.8399,117.75,2026-08-03 18:54:00,224
7232.97456,117.8561,117.81,117.8738,117.885,117.8,2026-08-03 18:55:00,191
11725.848796,117.9194,117.89,117.95,117.965,117.86,2026-08-03 18:56:00,345
7948.04237,117.9431,117.96,117.94,117.96,117.93,2026-08-03 18:57:00,241
8866.00848,117.9131,117.93,117.865,117.94,117.86,2026-08-03 18:58:00,164
80978.491866,117.8489,117.865,117.8,117.96,117.725,2026-08-03 18:59:00,615
18446.449992,117.8027,117.8,117.8,117.85,117.755,2026-08-03 19:00:00,297
12326.669836,117.7865,117.79,117.75,117.81,117.705,2026-08-03 19:01:00,263
8388.379101,117.7655,117.78,117.725,117.79,117.72,2026-08-03 19:02:00,181
21131.095429,117.6725,117.72,117.63,117.72,117.59,2026-08-03 19:03:00,366
6507.221002,117.6417,117.63,117.57,117.66,117.57,2026-08-03 19:04:00,147
9135.272251,117.608,117.6,117.59,117.62,117.55,2026-08-03 19:05:00,230
20055.518894,117.5543,117.64,117.4899,117.64,117.475,2026-08-03 19:06:00,380
16661.734652,117.5067,117.49,117.5,117.53,117.46,2026-08-03 19:07:00,325
17917.466562,117.4624,117.49,117.41,117.505,117.41,2026-08-03 19:08:00,302
29247.30852,117.4143,117.4,117.37,117.46,117.355,2026-08-03 19:09:00,320
10326.80177,117.4117,117.38,117.36,117.43,117.355,2026-08-03 19:10:00,233
5690.16138,117.4335,117.38,117.425,117.425,117.38,2026-08-03 19:11:00,140
28335.178087,117.5713,117.44,117.67,117.74,117.42,2026-08-03 19:12:00,425
13507.476355,117.6281,117.69,117.595,117.7,117.56,2026-08-03 19:13:00,254
22151.890765,117.5685,117.595,117.59,117.61,117.49,2026-08-03 19:14:00,372
40688.470648,117.6023,117.6,117.58,117.63,117.57,2026-08-03 19:15:00,494
14305.010631,117.5378,117.58,117.53,117.58,117.51,2026-08-03 19:16:00,289
30429.829141,117.5349,117.52,117.53,117.58,117.48,2026-08-03 19:17:00,513
23856.526328,117.531,117.54,117.49,117.575,117.45,2026-08-03 19:18:00,388
43438.844251,117.5567,117.5,117.62,117.62,117.46,2026-08-03 19:19:00,594
16720.3985,117.5824,117.62,117.585,117.62,117.55,2026-08-03 19:20:00,333
23069.5363,117.5848,117.59,117.57,117.615,117.55,2026-08-03 19:21:00,343
6019.01109,117.5548,117.55,117.54,117.5999,117.54,2026-08-03 19:22:00,209
7473.0085,117.5385,117.53,117.52,117.56,117.52,2026-08-03 19:23:00,181
14134.546969,117.5455,117.54,117.53,117.57,117.51,2026-08-03 19:24:00,286
13985.806291,117.4883,117.51,117.485,117.51,117.43,2026-08-03 19:25:00,276
10731.259321,117.4432,117.47,117.43,117.475,117.38,2026-08-03 19:26:00,279
12133.764879,117.4784,117.43,117.5,117.5,117.43,2026-08-03 19:27:00,350
17167.7893,117.4596,117.495,117.43,117.5,117.41,2026-08-03 19:28:00,289
23628.40212,117.3881,117.42,117.3433,117.44,117.3433,2026-08-03 19:29:00,423
26653.801536,117.3884,117.355,117.455,117.46,117.3,2026-08-03 19:30:00,589
22569.1579,117.5258,117.45,117.495,117.575,117.45,2026-08-03 19:31:00,562
14642.814666,117.4962,117.49,117.45,117.52,117.45,2026-08-03 19:32:00,415
17347.761145,117.4816,117.45,117.45,117.51,117.445,2026-08-03 19:33:00,397
32056.284219,117.4827,117.44,117.55,117.58,117.41,2026-08-03 19:34:00,600
16312.19562,117.5228,117.55,117.5,117.58,117.475,2026-08-03 19:35:00,454
11587.880343,117.5579,117.49,117.575,117.59,117.475,2026-08-03 19:36:00,381
18696.238188,117.7074,117.58,117.745,117.79,117.58,2026-08-03 19:37:00,381
11033.5005,117.7505,117.74,117.79,117.82,117.7,2026-08-03 19:38:00,261
16082.62287,117.8988,117.8,117.88,117.96,117.8,2026-08-03 19:39:00,320
14545.58903,117.7837,117.87,117.85,117.87,117.7,2026-08-03 19:40:00,321
23516.889008,117.7985,117.855,117.775,117.87,117.68,2026-08-03 19:41:00,485
33695.9516,117.8152,117.77,117.92,117.92,117.72,2026-08-03 19:42:00,518
62464.108827,117.7962,117.93,117.79,117.97,117.67,2026-08-03 19:43:00,713
40561.073179,117.8407,117.78,117.74,117.9,117.74,2026-08-03 19:44:00,622
24804.595,117.7788,117.72,117.85,117.85,117.72,2026-08-03 19:45:00,570
68807.01897,117.7999,117.86,117.74,117.86,117.71,2026-08-03 19:46:00,1021
29796.378179,117.7575,117.74,117.78,117.8099,117.73,2026-08-03 19:47:00,488
44758.0425,117.6563,117.79,117.65,117.79,117.6,2026-08-03 19:48:00,480
10403.390696,117.7026,117.695,117.74,117.75,117.66,2026-08-03 19:49:00,264
50451.242851,117.5122,117.71,117.34,117.71,117.32,2026-08-03 19:50:00,1233
37224.641793,117.3055,117.34,117.27,117.35,117.21,2026-08-03 19:51:00,764
47297.180268,117.1891,117.28,117.08,117.28,117.08,2026-08-03 19:52:00,905
56993.600156,117.0875,117.09,117.1,117.11,117.04,2026-08-03 19:53:00,946
70108.775427,116.9296,117.08,116.7,117.0997,116.7,2026-08-03 19:54:00,1333
62386.038963,116.9055,116.69,117.04,117.04,116.69,2026-08-03 19:55:00,1155
84142.335321,117.1951,117.06,117.16,117.34,117.06,2026-08-03 19:56:00,1490
99142.472902,117.13,117.15,117.13,117.22,117.03,2026-08-03 19:57:00,1652
183449.804748,117.0579,117.12,117.02,117.2,116.95,2026-08-03 19:58:00,2727
373899.5842,116.9991,117.03,116.99,117.1,116.87,2026-08-03 19:59:00,4288
30287.397705,117.0131,117.01,117.01,117.01,117.01,2026-08-03 20:00:00,155
330.0,117.0226,117.0,117.0,117.0,117.0,2026-08-03 20:02:00,52
150.99423,117.8408,117.01,117.01,117.01,117.01,2026-08-03 20:03:00,7
1000.0,117.3299,117.3097,117.35,117.35,117.3097,2026-08-03 20:12:00,2
1110.0,117.2818,117.3097,117.2661,117.3097,117.2661,2026-08-03 20:14:00,6
928.191103,117.2826,117.27,117.29,117.29,117.27,2026-08-03 20:15:00,23
161.0,117.2576,117.2566,117.2566,117.2566,117.2566,2026-08-03 20:16:00,4
1096.0,117.2948,117.3,117.3,117.3,117.3,2026-08-03 20:17:00,6
520.0,117.2515,117.25,117.25,117.25,117.25,2026-08-03 20:18:00,2
299.0,117.2169,117.204,117.204,117.204,117.204,2026-08-03 20:19:00,4
7048.0,117.2528,117.24,117.3,117.3,117.24,2026-08-03 20:20:00,27
382.0,117.3452,117.34,117.35,117.35,117.34,2026-08-03 20:21:00,13
290.0,117.5867,117.4,117.6791,117.6791,117.4,2026-08-03 20:22:00,7
1464.0,117.2038,117.2,117.2,117.2,117.2,2026-08-03 20:23:00,3
750.0,117.5955,117.31,117.79,117.79,117.3,2026-08-03 20:24:00,6
202.0,117.3421,117.2911,117.2911,117.2911,117.2911,2026-08-03 20:25:00,5
302.0,117.5323,117.55,117.55,117.55,117.55,2026-08-03 20:26:00,8
311.0,117.4576,117.4,117.4,117.4,117.4,2026-08-03 20:27:00,11
250.0,117.4111,117.4,117.4,117.4,117.4,2026-08-03 20:28:00,5
279.0,117.483,117.5,117.5,117.5,117.5,2026-08-03 20:30:00,4
2525.0,117.4795,117.49,117.5,117.5,117.47,2026-08-03 20:33:00,21
300.0,117.7065,117.7149,117.7149,117.7149,117.7149,2026-08-03 20:34:00,3
100.0,117.79,117.79,117.79,117.79,117.79,2026-08-03 20:37:00,1
138.0,117.5608,117.55,117.55,117.55,117.55,2026-08-03 20:43:00,6
754.0,117.6012,117.6,117.6,117.6,117.6,2026-08-03 20:46:00,9
1206.0,117.6989,117.69,117.7,117.7,117.69,2026-08-03 20:58:00,11
1426.0,117.7015,117.7497,117.7565,117.79,117.49,2026-08-03 20:59:00,5
150.0,117.6999,117.7,117.7,117.7,117.7,2026-08-03 21:00:00,3
181.0,117.6853,117.6734,117.6734,117.6734,117.6734,2026-08-03 21:12:00,3
130.0,117.5548,117.55,117.55,117.55,117.55,2026-08-03 21:19:00,2
647.0,117.6611,117.67,117.69,117.69,117.67,2026-08-03 21:22:00,15
850.0,117.6629,117.61,117.7,117.7,117.61,2026-08-03 21:36:00,2
256.0,117.5579,117.53,117.6,117.6,117.53,2026-08-03 21:38:00,5
304.0,117.6023,117.6,117.6,117.6,117.6,2026-08-03 21:46:00,2
548.0,117.64,117.64,117.64,117.64,117.64,2026-08-03 21:54:00,3
113.0,117.5977,117.6,117.6,117.6,117.6,2026-08-03 21:57:00,2
110.0,117.6974,117.7,117.7,117.7,117.7,2026-08-03 21:59:00,2
105.0,117.6522,117.6521,117.6521,117.6521,117.6521,2026-08-03 22:06:00,2
268.0,117.5337,117.53,117.5,117.53,117.5,2026-08-03 22:14:00,8
525.0,117.536,117.6521,117.5,117.6521,117.5,2026-08-03 22:16:00,11
100.0,117.6,117.6,117.6,117.6,117.6,2026-08-03 22:19:00,1
100.0,117.59,117.59,117.59,117.59,117.59,2026-08-03 22:24:00,1
165.0,117.7,117.7,117.7,117.7,117.7,2026-08-03 22:25:00,1
105.0,117.675,117.6757,117.6757,117.6757,117.6757,2026-08-03 22:26:00,2
319.0,117.57,117.57,117.57,117.57,117.57,2026-08-03 22:49:00,7
329.0,117.5103,117.51,117.51,117.51,117.51,2026-08-03 22:51:00,6
166.0,117.5952,117.6,117.6,117.6,117.6,2026-08-03 22:55:00,2
198.0,117.5651,117.57,117.57,117.57,117.57,2026-08-03 22:58:00,3
157.0,117.6,117.6,117.6,117.6,117.6,2026-08-03 23:00:00,2
179.0,117.603,117.6,117.6,117.6,117.6,2026-08-03 23:06:00,2
373.0,117.532,117.51,117.51,117.51,117.51,2026-08-03 23:07:00,7
1000.0,117.5955,117.5955,117.5955,117.5955,117.5955,2026-08-03 23:10:00,1
143.0,117.6205,117.6,117.6,117.6,117.6,2026-08-03 23:17:00,5
1354.0,117.7336,117.7,117.79,117.79,117.7,2026-08-03 23:21:00,15
140.0,117.9929,117.99,117.99,117.99,117.99,2026-08-03 23:25:00,2
350.0,117.7388,117.79,117.7,117.79,117.7,2026-08-03 23:26:00,4
204.0,117.692,117.69,117.69,117.69,117.69,2026-08-03 23:28:00,2
8419.008411,117.5198,117.62,117.5,117.62,117.5,2026-08-03 23:32:00,37
268.0,117.4925,117.49,117.49,117.49,117.49,2026-08-03 23:33:00,3
238.0,117.7504,117.9327,117.9327,117.9327,117.9327,2026-08-03 23:38:00,7
240.0,117.6633,117.7,117.7,117.7,117.7,2026-08-03 23:39:00,10
487.0,117.77,117.77,117.77,117.77,117.77,2026-08-03 23:47:00,7
204.0,117.937,117.94,117.94,117.94,117.94,2026-08-03 23:54:00,3
278.0,117.8721,117.8696,117.8696,117.8696,117.8696,2026-08-03 23:59:00,2
849.472675,117.9026,118.18,117.31,118.18,117.31,2026-08-04 08:00:00,44
3031.055926,117.8548,117.44,117.8,118.05,117.44,2026-08-04 08:01:00,146
3988.0,117.6295,117.83,117.21,117.89,117.16,2026-08-04 08:02:00,144
529.0,117.3087,117.32,117.18,117.32,117.18,2026-08-04 08:03:00,6
1635.0,117.2619,117.28,117.26,117.28,117.26,2026-08-04 08:07:00,6
792.306447,117.0987,117.1,117.0,117.1,117.0,2026-08-04 08:10:00,31
128.0,116.9813,117.0133,117.0133,117.0133,117.0133,2026-08-04 08:11:00,13
578.0,116.9038,116.89,116.9997,116.9997,116.89,2026-08-04 08:22:00,22
747.0,116.7889,116.79,116.79,116.79,116.79,2026-08-04 08:41:00,13
200.0,117.05,117.05,117.05,117.05,117.05,2026-08-04 09:12:00,1
169.0,116.77,116.77,116.77,116.77,116.77,2026-08-04 09:21:00,1
996.0,116.8461,116.77,116.79,116.79,116.77,2026-08-04 09:25:00,34
200.0,117.0215,117.02,117.02,117.02,117.02,2026-08-04 09:28:00,3
1003.0,117.0906,117.0908,117.0908,117.0908,117.0908,2026-08-04 09:29:00,2
100.0,117.11,117.11,117.11,117.11,117.11,2026-08-04 09:55:00,1
214.0,117.13,117.13,117.13,117.13,117.13,2026-08-04 10:13:00,3
427.0,117.0137,117.01,117.01,117.01,117.01,2026-08-04 10:20:00,14
20140.112725,117.0103,117.01,117.0,117.02,117.0,2026-08-04 10:24:00,41
105.0,117.0,117.0,117.0,117.0,117.0,2026-08-04 10:28:00,2
204.0,116.8584,116.89,116.89,116.89,116.89,2026-08-04 10:30:00,11
1281.0,116.8728,116.71,116.93,116.93,116.71,2026-08-04 10:35:00,24
1395.0,116.6186,116.66,116.6,116.66,116.6,2026-08-04 10:37:00,21
816.028185,116.8789,116.72,117.0,117.0,116.72,2026-08-04 10:45:00,11
2568.0,116.4612,116.68,116.38,116.68,116.38,2026-08-04 10:50:00,54
3274.367521,116.5749,116.49,116.99,116.99,116.06,2026-08-04 11:00:00,91
1324.0,116.0659,116.3,116.2,116.3,116.01,2026-08-04 11:10:00,4
390.0,116.1308,116.13,116.13,116.13,116.13,2026-08-04 11:11:00,4
110.0,116.2727,116.25,116.25,116.25,116.25,2026-08-04 11:13:00,2
636.0,116.0311,116.0,116.0,116.0,116.0,2026-08-04 11:14:00,41
325.0,116.106,116.09,116.09,116.09,116.09,2026-08-04 11:18:00,13
550.0,116.2594,116.2691,116.2535,116.2691,116.2535,2026-08-04 11:25:00,4
1801.0,116.2042,116.2,116.2,116.2,116.2,2026-08-04 11:26:00,12
135.00988,116.2993,116.3,116.3,116.3,116.3,2026-08-04 11:31:00,4
103.0,116.2531,116.25,116.25,116.25,116.25,2026-08-04 11:33:00,2
225.0,116.1584,116.16,116.16,116.16,116.16,2026-08-04 11:38:00,5
369.0,116.2564,116.22,116.22,116.22,116.22,2026-08-04 11:41:00,11
462.0,116.4262,116.28,116.45,116.45,116.28,2026-08-04 11:43:00,12
100.0,116.6,116.6,116.6,116.6,116.6,2026-08-04 11:47:00,1
1268.0,117.2539,117.2491,117.5,117.5,117.2491,2026-08-04 11:53:00,4
358.0,116.7678,116.76,116.76,116.76,116.76,2026-08-04 11:57:00,14
213.0,117.4764,117.5,117.5,117.5,117.5,2026-08-04 11:59:00,4
485.0,116.9943,117.2146,117.2146,117.2146,117.2146,2026-08-04 12:01:00,13
1058.0,116.6512,116.7,116.6,116.7,116.6,2026-08-04 12:02:00,9
100.0,116.6,116.6,116.6,116.6,116.6,2026-08-04 12:06:00,1
199.0,116.5677,116.57,116.57,116.57,116.57,2026-08-04 12:12:00,5
250.008483,116.551,116.6603,116.6603,116.6603,116.6603,2026-08-04 12:17:00,8
166.0,116.6018,116.6,116.6,116.6,116.6,2026-08-04 12:19:00,5
1245.0,116.5817,116.5,116.6,116.6,116.5,2026-08-04 12:25:00,7
413.748225,116.713,116.5,116.5,116.5,116.5,2026-08-04 12:29:00,4
339.0,116.628,116.6624,116.6624,116.6624,116.6624,2026-08-04 12:30:00,5
405.0,116.7055,116.7,116.7,116.7,116.7,2026-08-04 12:34:00,16
551.0,116.7911,116.79,116.79,116.79,116.79,2026-08-04 12:37:00,4
323.0,116.9131,116.9,116.9,116.9,116.9,2026-08-04 12:41:00,12
1252.0,116.8168,116.8,117.0,117.0,116.8,2026-08-04 12:42:00,16
2368.0,116.9073,116.95,116.98,117.09,116.8,2026-08-04 12:43:00,37
4847.0,116.8593,116.91,117.0,117.0,116.8,2026-08-04 12:44:00,24
503.0,116.7005,116.7,116.7,116.7,116.7,2026-08-04 12:45:00,6
1565.0,116.7094,116.7,116.9,116.9,116.6,2026-08-04 12:50:00,32
177.0,116.8974,116.8207,116.8207,116.8207,116.8207,2026-08-04 12:53:00,3
1323.0,117.0348,117.4,117.0,117.4,117.0,2026-08-04 12:58:00,6
420.0,116.9221,116.95,116.87,116.95,116.87,2026-08-04 12:59:00,10
192.0,117.1058,117.274,117.274,117.274,117.274,2026-08-04 13:00:00,21
1000.0,117.0889,116.99,117.1,117.1,116.99,2026-08-04 13:02:00,3
1881.0,116.9932,116.78,116.7,117.2052,116.7,2026-08-04 13:04:00,17
161.0,117.3157,117.2683,117.2683,117.2683,117.2683,2026-08-04 13:06:00,3
102.0,116.9978,117.0,117.0,117.0,117.0,2026-08-04 13:07:00,3
101.0,117.2696,117.2683,117.2683,117.2683,117.2683,2026-08-04 13:09:00,2
481.0,116.5879,116.55,116.55,116.55,116.55,2026-08-04 13:18:00,10
1527.0,116.6352,116.6,116.71,116.71,116.6,2026-08-04 13:20:00,26
1473.0,116.5156,116.51,116.51,116.51,116.51,2026-08-04 13:25:00,38
1845.0,117.3453,117.52,117.49,117.52,117.03,2026-08-04 13:27:00,121
7934.3,117.8908,117.91,117.8,117.98,117.7,2026-08-04 13:28:00,50
229443.356606,117.9901,117.86,118.95,118.95,117.59,2026-08-04 13:30:00,1547
71275.684305,118.9482,118.67,118.795,119.36,118.3535,2026-08-04 13:31:00,705
75088.232067,119.1963,118.82,119.19,119.49,118.795,2026-08-04 13:32:00,899
107785.529971,119.2122,119.23,119.35,119.4,118.96,2026-08-04 13:33:00,868
100989.865752,119.7649,119.3,120.275,120.37,119.26,2026-08-04 13:34:00,659
92417.390392,119.7658,120.275,119.79,120.275,119.33,2026-08-04 13:35:00,922
139358.40204,119.9645,119.8,120.11,120.2,119.67,2026-08-04 13:36:00,1263
115099.595734,119.9203,120.08,120.065,120.25,119.7,2026-08-04 13:37:00,747
90970.860434,120.2053,120.065,120.36,120.38,119.86,2026-08-04 13:38:00,1037
134433.05142,120.4195,120.39,120.605,120.7,120.26,2026-08-04 13:39:00,1152
61383.420906,120.6131,120.5582,120.45,120.79,120.425,2026-08-04 13:40:00,552
77865.675369,120.1114,120.48,120.005,120.48,119.93,2026-08-04 13:41:00,876
118602.610045,119.8401,119.97,119.77,120.15,119.6,2026-08-04 13:42:00,1132
86072.897341,119.9136,119.77,119.875,120.21,119.77,2026-08-04 13:43:00,829
27080.036703,119.6084,119.87,119.355,119.87,119.285,2026-08-04 13:44:00,475
76666.961438,119.5181,119.39,119.4,119.6478,119.37,2026-08-04 13:45:00,749
160252.01592,119.3663,119.44,118.91,119.6,118.91,2026-08-04 13:46:00,1158
78422.000004,118.9206,118.82,118.82,119.0,118.66,2026-08-04 13:47:00,585
34854.001384,118.5642,118.79,118.49,118.79,118.3001,2026-08-04 13:48:00,552
55869.287884,118.5019,118.42,118.33,118.71,118.14,2026-08-04 13:49:00,567
45341.422771,118.6607,118.35,118.85,118.855,118.23,2026-08-04 13:50:00,595
76920.45281,118.7726,118.8,118.655,118.92,118.65,2026-08-04 13:51:00,801
22428.757076,118.7662,118.655,118.79,118.91,118.61,2026-08-04 13:52:00,357
89749.118775,119.0039,118.79,119.15,119.24,118.73,2026-08-04 13:53:00,944
36551.628616,119.21,119.195,119.21,119.465,119.09,2026-08-04 13:54:00,502
88194.249511,119.0478,119.275,118.81,119.32,118.76,2026-08-04 13:55:00,1130
29572.944275,118.7748,118.83,118.855,118.91,118.68,2026-08-04 13:56:00,395
28289.568376,118.7569,118.81,118.63,118.88,118.57,2026-08-04 13:57:00,394
53389.21984,118.7057,118.63,118.75,119.04,118.44,2026-08-04 13:58:00,744
60612.162578,118.7267,118.805,118.75,118.81,118.58,2026-08-04 13:59:00,722
126514.324292,118.7351,118.72,118.715,118.83,118.61,2026-08-04 14:00:00,1174
156912.924507,118.7659,118.75,118.7,118.99,118.69,2026-08-04 14:01:00,1746
187181.437105,118.748,118.75,118.65,118.93,118.56,2026-08-04 14:02:00,1789
51460.849593,118.9372,118.66,119.4,119.4,118.54,2026-08-04 14:03:00,678
57841.312203,119.4314,119.36,119.39,119.59,119.3,2026-08-04 14:04:00,789
118296.577101,119.6135,119.41,119.835,119.99,119.4,2026-08-04 14:05:00,1062
83643.955763,120.1014,119.815,120.1325,120.31,119.76,2026-08-04 14:06:00,955
108513.867608,119.8554,120.16,119.335,120.16,119.21,2026-08-04 14:07:00,1201
44573.958641,119.3077,119.39,119.515,119.57,119.06,2026-08-04 14:08:00,617
99349.531605,119.4421,119.515,119.54,119.765,119.19,2026-08-04 14:09:00,920
51031.114694,119.6639,119.555,119.665,119.825,119.53,2026-08-04 14:10:00,531
132924.55764,119.8246,119.695,120.155,120.22,119.67,2026-08-04 14:11:00,600
99421.100676,120.2507,120.12,120.1268,120.44,120.04,2026-08-04 14:12:00,1047
21941.165837,120.1633,120.13,120.22,120.34,120.03,2026-08-04 14:13:00,374
24428.55702,120.0436,120.19,119.97,120.19,119.92,2026-08-04 14:14:00,447
55053.404718,119.7941,119.91,119.815,119.97,119.65,2026-08-04 14:15:00,654
23470.486574,119.7752,119.815,119.74,119.83,119.7,2026-08-04 14:16:00,384
102510.773865,119.8004,119.74,119.845,119.91,119.67,2026-08-04 14:17:00,891
65731.510926,119.8093,119.845,119.685,119.89,119.64,2026-08-04 14:18:00,628
24820.121062,119.6801,119.7,119.64,119.77,119.61,2026-08-04 14:19:00,377
36869.544379,119.6602,119.74,119.42,119.74,119.42,2026-08-04 14:20:00,429
25755.234218,119.2352,119.38,119.215,119.38,119.13,2026-08-04 14:21:00,385
23684.187789,119.2683,119.2501,119.32,119.365,119.215,2026-08-04 14:22:00,257
20351.992935,119.4996,119.3,119.615,119.615,119.3,2026-08-04 14:23:00,295
40426.209418,119.5367,119.625,119.49,119.68,119.355,2026-08-04 14:24:00,464
33106.439172,119.6691,119.54,119.84,119.9595,119.52,2026-08-04 14:25:00,412
63281.041,119.8521,119.8,119.87,120.0,119.65,2026-08-04 14:26:00,579
39491.616978,119.9402,119.86,119.95,120.0,119.78,2026-08-04 14:27:00,444
15626.385856,119.9427,119.945,119.97,120.0,119.89,2026-08-04 14:28:00,266
40019.490336,119.9803,119.99,119.92,120.09,119.89,2026-08-04 14:29:00,536
37695.438516,119.8914,119.935,119.76,119.98,119.74,2026-08-04 14:30:00,360
26927.07216,119.775,119.76,119.87,119.9,119.7,2026-08-04 14:31:00,451
48827.63469,119.8659,119.87,119.885,119.92,119.7329,2026-08-04 14:32:00,357
14705.470217,119.9414,119.9182,120.12,120.12,119.81,2026-08-04 14:33:00,220
62221.858176,120.1411,120.15,120.05,120.185,120.03,2026-08-04 14:34:00,510
45836.070907,120.072,120.09,119.97,120.17,119.96,2026-08-04 14:35:00,467
23172.074739,119.9805,119.96,120.0,120.05,119.9,2026-08-04 14:36:00,333
24548.102147,119.9641,119.99,119.92,120.01,119.91,2026-08-04 14:37:00,431
46100.072892,119.7764,119.92,119.54,119.92,119.54,2026-08-04 14:38:00,688
25843.367806,119.6328,119.54,119.81,119.81,119.435,2026-08-04 14:39:00,482
31821.800334,119.9653,119.855,120.035,120.055,119.85,2026-08-04 14:40:00,447
39397.788594,120.1368,120.04,120.07,120.27,120.0,2026-08-04 14:41:00,520
20164.96682,120.1093,120.068,120.185,120.22,120.05,2026-08-04 14:42:00,249
63987.337078,120.1594,120.21,120.22,120.25,120.065,2026-08-04 14:43:00,604
22875.010408,120.1514,120.24,120.13,120.24,120.11,2026-08-04 14:44:00,309
31580.590095,120.2143,120.2,120.18,120.27,120.17,2026-08-04 14:45:00,347
21908.118588,120.0435,120.18,119.82,120.18,119.82,2026-08-04 14:46:00,349
11207.810741,119.711,119.82,119.65,119.82,119.595,2026-08-04 14:47:00,252
33188.307414,119.4833,119.63,119.37,119.645,119.34,2026-08-04 14:48:00,484
28760.871643,119.5404,119.42,119.595,119.66,119.42,2026-08-04 14:49:00,388
18089.409088,119.6669,119.6,119.74,119.74,119.6,2026-08-04 14:50:00,277
26179.547625,119.8207,119.745,119.73,119.91,119.715,2026-08-04 14:51:00,403
13574.964105,119.763,119.7,119.795,119.815,119.66,2026-08-04 14:52:00,242
18798.501644,119.7374,119.795,119.705,119.86,119.66,2026-08-04 14:53:00,328
22604.785156,119.7804,119.68,119.895,119.9,119.62,2026-08-04 14:54:00,386
14522.995913,119.8996,119.89,119.94,119.99,119.84,2026-08-04 14:55:00,345
58064.216995,119.9845,119.98,119.9,120.03,119.9,2026-08-04 14:56:00,587
17709.720688,119.881,119.905,119.94,119.955,119.79,2026-08-04 14:57:00,300
17175.461787,119.9657,119.935,119.92,120.04,119.91,2026-08-04 14:58:00,330
16679.612795,119.8263,119.9,119.79,119.9,119.77,2026-08-04 14:59:00,294
23082.433631,119.7337,119.8,119.635,119.82,119.63,2026-08-04 15:00:00,408
22396.193032,119.6447,119.66,119.56,119.71,119.52,2026-08-04 15:01:00,455
47853.693999,119.8439,119.55,120.01,120.055,119.54,2026-08-04 15:02:00,636
60337.108295,120.2856,120.035,120.59,120.59,120.015,2026-08-04 15:03:00,768
64093.103004,120.5452,120.61,120.8,120.8,120.34,2026-08-04 15:04:00,953
101627.009357,120.6278,120.77,120.65,120.88,120.38,2026-08-04 15:05:00,1179
45141.84075,120.3966,120.65,120.25,120.655,120.19,2026-08-04 15:06:00,620
98666.458051,120.5042,120.3181,120.65,120.73,120.27,2026-08-04 15:07:00,893
53614.079172,120.7961,120.64,120.73,120.91,120.6,2026-08-04 15:08:00,684
40976.656258,120.795,120.73,120.69,120.875,120.69,2026-08-04 15:09:00,536
63699.167874,120.5711,120.665,120.655,120.71,120.48,2026-08-04 15:10:00,732
41113.15961,120.6919,120.68,120.665,120.83,120.58,2026-08-04 15:11:00,698
54355.77284,120.5423,120.665,120.53,120.665,120.48,2026-08-04 15:12:00,727
41271.450199,120.6336,120.555,120.73,120.74,120.555,2026-08-04 15:13:00,598
43731.456969,120.6894,120.71,120.665,120.83,120.635,2026-08-04 15:14:00,793
55430.643178,120.7416,120.69,120.62,120.89,120.58,2026-08-04 15:15:00,656
36192.216862,120.6256,120.66,120.61,120.66,120.58,2026-08-04 15:16:00,503
62317.433776,120.5844,120.61,120.58,120.69,120.43,2026-08-04 15:17:00,843
28300.265256,120.6125,120.585,120.655,120.68,120.5065,2026-08-04 15:18:00,419
26145.34663,120.6614,120.665,120.65,120.755,120.59,2026-08-04 15:19:00,413
34764.691526,120.4664,120.63,120.495,120.6695,120.39,2026-08-04 15:20:00,481
50375.298,120.4565,120.495,120.45,120.54,120.2961,2026-08-04 15:21:00,595
36278.569847,120.4288,120.44,120.55,120.59,120.33,2026-08-04 15:22:00,486
34068.89502,120.5994,120.56,120.53,120.71,120.51,2026-08-04 15:23:00,505
41882.40626,120.5534,120.525,120.62,120.7,120.44,2026-08-04 15:24:00,545
47096.138576,120.6809,120.615,120.66,120.76,120.615,2026-08-04 15:25:00,490
17518.596689,120.681,120.67,120.64,120.735,120.64,2026-08-04 15:26:00,285
44878.10225,120.6194,120.645,120.71,120.74,120.56,2026-08-04 15:27:00,703
28487.17345,120.6415,120.67,120.695,120.735,120.5601,2026-08-04 15:28:00,396
84151.39284,120.6168,120.7,120.54,120.705,120.54,2026-08-04 15:29:00,742
83032.782048,120.4326,120.55,120.42,120.57,120.16,2026-08-04 15:30:00,1079
21524.221545,120.3329,120.4,120.36,120.42,120.21,2026-08-04 15:31:00,341
25955.345342,120.3208,120.37,120.26,120.41,120.25,2026-08-04 15:32:00,476
56612.889144,120.0782,120.27,119.885,120.27,119.86,2026-08-04 15:33:00,696
22181.426107,119.871,119.885,119.68,120.04,119.68,2026-08-04 15:34:00,338
16874.454852,119.6795,119.67,119.67,119.7399,119.57,2026-08-04 15:35:00,360
21909.109964,119.5695,119.65,119.52,119.66,119.45,2026-08-04 15:36:00,364
16902.80448,119.5208,119.51,119.5789,119.5789,119.45,2026-08-04 15:37:00,379
17664.265747,119.7156,119.54,119.89,119.92,119.51,2026-08-04 15:38:00,473
14692.657877,120.0447,119.9,120.075,120.1125,119.9,2026-08-04 15:39:00,310
10973.089885,119.9978,120.08,119.98,120.08,119.94,2026-08-04 15:40:00,231
15960.063778,119.9718,119.96,120.07,120.07,119.91,2026-08-04 15:41:00,298
11390.65684,120.1418,120.12,120.11,120.24,120.07,2026-08-04 15:42:00,246
30927.04048,120.0263,120.1,119.97,120.13,119.93,2026-08-04 15:43:00,484
33756.813114,120.0016,119.97,120.03,120.1,119.92,2026-08-04 15:44:00,523
17172.87293,120.0337,120.035,119.96,120.1,119.96,2026-08-04 15:45:00,353
12453.953512,120.0485,119.95,120.125,120.125,119.95,2026-08-04 15:46:00,269
16744.789616,120.2022,120.16,120.21,120.25,120.15,2026-08-04 15:47:00,324
29621.544664,120.2322,120.2,120.23,120.26,120.19,2026-08-04 15:48:00,403
11106.499961,120.2288,120.22,120.23,120.25,120.19,2026-08-04 15:49:00,254
33582.538793,120.2881,120.22,120.285,120.3799,120.19,2026-08-04 15:50:00,516
16233.737826,120.2506,120.3,120.255,120.315,120.201,2026-08-04 15:51:00,241
38082.757328,120.2484,120.25,120.265,120.3,120.2,2026-08-04 15:52:00,450
19437.798078,120.2979,120.26,120.25,120.33,120.25,2026-08-04 15:53:00,349
20184.912021,120.2847,120.24,120.37,120.38,120.2,2026-08-04 15:54:00,403
11051.573379,120.4331,120.39,120.46,120.49,120.38,2026-08-04 15:55:00,265
17030.12584,120.5849,120.465,120.705,120.705,120.465,2026-08-04 15:56:00,354
33251.164808,120.7616,120.7,120.79,120.81,120.65,2026-08-04 15:57:00,546
44755.042075,120.6834,120.795,120.48,120.85,120.415,2026-08-04 15:58:00,563
26469.960762,120.4849,120.48,120.465,120.53,120.42,2026-08-04 15:59:00,391
22314.005684,120.4531,120.48,120.475,120.5,120.38,2026-08-04 16:00:00,342
26652.642633,120.3535,120.4,120.3499,120.4,120.3,2026-08-04 16:01:00,437
78540.917472,120.1473,120.34,120.05,120.34,120.0,2026-08-04 16:02:00,988
16101.17379,120.1329,120.065,120.19,120.21,120.04,2026-08-04 16:03:00,336
46347.78942,120.1238,120.2,120.13,120.25,120.0,2026-08-04 16:04:00,666
32650.624384,120.0646,120.11,119.97,120.155,119.96,2026-08-04 16:05:00,607
11814.877889,119.9641,119.96,120.015,120.015,119.91,2026-08-04 16:06:00,271
22759.979401,120.0127,120.015,119.95,120.0586,119.93,2026-08-04 16:07:00,358
34843.039093,119.9888,119.98,120.0,120.04,119.94,2026-08-04 16:08:00,442
19331.004177,120.0304,120.0,120.06,120.075,119.97,2026-08-04 16:09:00,321
40661.326296,120.074,120.06,120.145,120.16,120.03,2026-08-04 16:10:00,619
21856.021,120.1307,120.14,120.14,120.17,120.08,2026-08-04 16:11:00,415
45778.46043,120.1884,120.155,120.405,120.405,120.07,2026-08-04 16:12:00,629
17523.896935,120.3273,120.38,120.355,120.38,120.26,2026-08-04 16:13:00,321
28691.236371,120.2736,120.355,120.255,120.355,120.215,2026-08-04 16:14:00,357
510242.879595,120.0452,120.255,120.675,120.76,120.0,2026-08-04 16:15:00,877
21326.957858,120.676,120.7,120.76,120.78,120.61,2026-08-04 16:16:00,420
59678.593064,120.5871,120.7307,120.6,120.765,120.5,2026-08-04 16:17:00,956
25096.810993,120.6646,120.61,120.73,120.76,120.565,2026-08-04 16:18:00,436
30590.791185,120.7296,120.74,120.79,120.79,120.65,2026-08-04 16:19:00,428
34473.95138,120.7482,120.79,120.81,120.855,120.6716,2026-08-04 16:20:00,536
97242.796124,120.5866,120.81,120.445,120.82,120.32,2026-08-04 16:21:00,1081
49008.256465,120.3716,120.445,120.355,120.48,120.29,2026-08-04 16:22:00,680
55594.512631,120.3057,120.33,120.57,120.57,120.15,2026-08-04 16:23:00,482
14352.904128,120.5013,120.53,120.48,120.58,120.43,2026-08-04 16:24:00,266
13510.024733,120.44,120.48,120.43,120.48,120.4016,2026-08-04 16:25:00,223
44102.658332,120.4613,120.45,120.35,120.53,120.31,2026-08-04 16:26:00,422
45815.133956,120.3621,120.345,120.485,120.5,120.29,2026-08-04 16:27:00,480
18335.705074,120.577,120.5,120.6,120.65,120.49,2026-08-04 16:28:00,345
21733.982728,120.5037,120.57,120.465,120.585,120.44,2026-08-04 16:29:00,361
35041.17451,120.4782,120.48,120.34,120.54,120.31,2026-08-04 16:30:00,459
71669.801797,120.5554,120.39,120.61,120.72,120.39,2026-08-04 16:31:00,700
45031.611359,120.5868,120.645,120.525,120.68,120.51,2026-08-04 16:32:00,455
32969.561721,120.5306,120.54,120.55,120.57,120.5,2026-08-04 16:33:00,448
28205.37859,120.658,120.55,120.77,120.79,120.53,2026-08-04 16:34:00,484
40237.255066,120.646,120.78,120.69,120.79,120.58,2026-08-04 16:35:00,545
40825.622894,120.7021,120.69,120.715,120.73,120.665,2026-08-04 16:36:00,575
29070.149282,120.735,120.705,120.65,120.78,120.65,2026-08-04 16:37:00,491
21870.13994,120.5951,120.6298,120.545,120.66,120.53,2026-08-04 16:38:00,374
35856.901648,120.5244,120.53,120.53,120.55,120.49,2026-08-04 16:39:00,605
42244.795749,120.4942,120.53,120.35,120.555,120.31,2026-08-04 16:40:00,681
19058.68814,120.3017,120.35,120.25,120.35,120.22,2026-08-04 16:41:00,406
22637.54963,120.2183,120.25,120.16,120.285,120.16,2026-08-04 16:42:00,312
24939.5,120.1282,120.12,120.075,120.21,120.05,2026-08-04 16:43:00,391
11152.24525,120.1869,120.065,120.25,120.26,120.06,2026-08-04 16:44:00,297
15299.210975,120.3014,120.26,120.27,120.345,120.26,2026-08-04 16:45:00,309
37076.0854,120.0789,120.25,119.89,120.25,119.85,2026-08-04 16:46:00,518
17805.222083,119.9397,119.81,119.97,119.99,119.72,2026-08-04 16:47:00,312
14096.684875,120.0375,119.94,120.07,120.1,119.94,2026-08-04 16:48:00,344
16476.24328,120.0949,120.07,120.1,120.145,120.01,2026-08-04 16:49:00,336
49735.194516,120.1748,120.09,120.2,120.355,120.02,2026-08-04 16:50:00,730
14026.337632,120.1986,120.185,120.2,120.265,120.15,2026-08-04 16:51:00,263
39908.0,120.2039,120.19,120.25,120.26,120.15,2026-08-04 16:52:00,407
21485.744821,120.3732,120.28,120.45,120.4999,120.28,2026-08-04 16:53:00,476
24573.152265,120.4156,120.44,120.41,120.47,120.36,2026-08-04 16:54:00,333
38168.182835,120.3695,120.405,120.46,120.48,120.32,2026-08-04 16:55:00,509
40850.965715,120.4351,120.47,120.4561,120.48,120.39,2026-08-04 16:56:00,490
60577.145495,120.3958,120.455,120.395,120.58,120.31,2026-08-04 16:57:00,779
17428.001826,120.4057,120.395,120.27,120.4599,120.27,2026-08-04 16:58:00,326
37054.643585,120.2841,120.27,120.245,120.34,120.245,2026-08-04 16:59:00,526
21856.14284,120.2901,120.23,120.28,120.35,120.21,2026-08-04 17:00:00,356
11600.822503,120.3499,120.28,120.38,120.39,120.25,2026-08-04 17:01:00,283
13781.2637,120.4004,120.38,120.395,120.45,120.36,2026-08-04 17:02:00,277
11680.327461,120.3611,120.38,120.26,120.4,120.26,2026-08-04 17:03:00,236
40345.909823,120.3769,120.25,120.4,120.47,120.225,2026-08-04 17:04:00,564
38623.852182,120.4218,120.38,120.39,120.56,120.37,2026-08-04 17:05:00,637
15562.011554,120.406,120.41,120.42,120.43,120.38,2026-08-04 17:06:00,375
40023.131577,120.5342,120.42,120.69,120.7,120.42,2026-08-04 17:07:00,717
33770.526137,120.6515,120.69,120.58,120.72,120.56,2026-08-04 17:08:00,501
18822.052519,120.497,120.56,120.485,120.595,120.44,2026-08-04 17:09:00,361
26552.270592,120.4668,120.485,120.445,120.5,120.42,2026-08-04 17:10:00,390
59962.55411,120.4977,120.445,120.5,120.57,120.43,2026-08-04 17:11:00,710
67866.0,120.5744,120.54,120.505,120.73,120.46,2026-08-04 17:12:00,812
17099.705,120.4646,120.505,120.445,120.53,120.415,2026-08-04 17:13:00,357
42451.0,120.4406,120.445,120.44,120.46,120.4,2026-08-04 17:14:00,467
38036.238169,120.4579,120.445,120.46,120.49,120.445,2026-08-04 17:15:00,466
33597.733442,120.4406,120.465,120.445,120.49,120.35,2026-08-04 17:16:00,641
22616.505421,120.4629,120.435,120.51,120.54,120.41,2026-08-04 17:17:00,429
37999.523914,120.4019,120.51,120.37,120.52,120.3,2026-08-04 17:18:00,583
36704.21919,120.4764,120.36,120.54,120.58,120.36,2026-08-04 17:19:00,486
43154.243817,120.4927,120.545,120.49,120.56,120.445,2026-08-04 17:20:00,620
43696.693474,120.5577,120.48,120.575,120.62,120.48,2026-08-04 17:21:00,654
30396.28424,120.558,120.575,120.52,120.59,120.52,2026-08-04 17:22:00,412
30120.491342,120.5129,120.53,120.48,120.57,120.465,2026-08-04 17:23:00,494
28330.232674,120.3799,120.47,120.37,120.47,120.285,2026-08-04 17:24:00,581
24371.423784,120.4066,120.39,120.4,120.44,120.345,2026-08-04 17:25:00,441
21096.872064,120.3747,120.39,120.35,120.41,120.32,2026-08-04 17:26:00,335
12592.18264,120.3727,120.36,120.35,120.4,120.33,2026-08-04 17:27:00,266
17838.9076,120.3607,120.355,120.345,120.37,120.32,2026-08-04 17:28:00,311
22996.44294,120.5335,120.345,120.73,120.745,120.345,2026-08-04 17:29:00,442
23589.70767,120.719,120.735,120.79,120.805,120.64,2026-08-04 17:30:00,507
21421.27,120.6715,120.7638,120.7,120.77,120.545,2026-08-04 17:31:00,426
22043.022833,120.716,120.7,120.545,120.8399,120.54,2026-08-04 17:32:00,382
12915.3398,120.6415,120.56,120.74,120.76,120.56,2026-08-04 17:33:00,215
34440.509151,120.6403,120.72,120.66,120.79,120.51,2026-08-04 17:34:00,683
59904.628248,120.6184,120.68,120.63,120.74,120.5,2026-08-04 17:35:00,701
33263.31564,120.6456,120.64,120.63,120.73,120.58,2026-08-04 17:36:00,505
26509.141925,120.4964,120.635,120.45,120.635,120.41,2026-08-04 17:37:00,291
12105.486324,120.4814,120.44,120.49,120.5,120.425,2026-08-04 17:38:00,199
26668.30758,120.4856,120.48,120.465,120.51,120.46,2026-08-04 17:39:00,298
15359.4449,120.4896,120.48,120.49,120.5,120.46,2026-08-04 17:40:00,285
29198.838008,120.5514,120.49,120.61,120.64,120.49,2026-08-04 17:41:00,367
15425.190664,120.6454,120.63,120.65,120.67,120.6138,2026-08-04 17:42:00,224
26411.397196,120.6152,120.64,120.64,120.655,120.6,2026-08-04 17:43:00,426
27905.663071,120.6159,120.65,120.625,120.655,120.59,2026-08-04 17:44:00,414
16907.318351,120.694,120.64,120.705,120.74,120.64,2026-08-04 17:45:00,224
59285.439428,120.7066,120.68,120.75,120.75,120.65,2026-08-04 17:46:00,609
27950.654415,120.7241,120.755,120.72,120.755,120.69,2026-08-04 17:47:00,483
34808.635621,120.7635,120.73,120.8,120.83,120.71,2026-08-04 17:48:00,745
59825.817489,120.7993,120.79,120.825,120.935,120.73,2026-08-04 17:49:00,932
48901.66753,120.8301,120.825,120.885,120.9,120.765,2026-08-04 17:50:00,651
49878.22761,120.8291,120.87,120.87,120.87,120.78,2026-08-04 17:51:00,401
48182.14884,120.8249,120.87,120.875,120.8899,120.79,2026-08-04 17:52:00,487
45754.760299,120.874,120.88,120.771,120.96,120.771,2026-08-04 17:53:00,448
16363.341717,120.7255,120.77,120.675,120.77,120.675,2026-08-04 17:54:00,287
23114.132564,120.7022,120.66,120.78,120.78,120.65,2026-08-04 17:55:00,285
31903.940658,120.7566,120.74,120.77,120.83,120.71,2026-08-04 17:56:00,401
15771.15,120.7929,120.7717,120.865,120.865,120.76,2026-08-04 17:57:00,295
17361.984247,120.818,120.87,120.74,120.91,120.73,2026-08-04 17:58:00,323
45368.0,120.7351,120.73,120.72,120.8,120.69,2026-08-04 17:59:00,567
24583.619302,120.7522,120.69,120.78,120.85,120.69,2026-08-04 18:00:00,425
36011.723182,120.7888,120.78,120.87,120.87,120.68,2026-08-04 18:01:00,522
30279.831577,120.9636,120.85,120.9,121.04,120.85,2026-08-04 18:02:00,356
53542.59312,120.9461,120.87,121.1,121.11,120.77,2026-08-04 18:03:00,701
45810.01085,121.1566,121.1,121.04,121.3,121.04,2026-08-04 18:04:00,700
52450.282939,121.1073,121.04,121.18,121.2212,121.005,2026-08-04 18:05:00,571
41616.437131,121.1693,121.185,121.18,121.255,121.13,2026-08-04 18:06:00,484
28294.075175,121.2059,121.25,121.205,121.29,121.14,2026-08-04 18:07:00,362
27833.459617,121.2423,121.205,121.23,121.3,121.18,2026-08-04 18:08:00,412
50071.575372,121.1229,121.22,121.105,121.22,121.04,2026-08-04 18:09:00,618
17511.634749,121.1696,121.105,121.275,121.2881,121.105,2026-08-04 18:10:00,271
32407.897909,121.2294,121.275,121.215,121.2976,121.17,2026-08-04 18:11:00,401
18488.069439,121.0328,121.2,120.99,121.2,120.93,2026-08-04 18:12:00,320
19640.219015,120.8776,120.97,120.76,120.97,120.75,2026-08-04 18:13:00,318
65612.172684,120.7475,120.79,120.86,120.9079,120.72,2026-08-04 18:14:00,460
15237.611841,120.9027,120.86,120.8,120.95,120.8,2026-08-04 18:15:00,234
7934.359903,120.8082,120.8,120.8,120.81,120.77,2026-08-04 18:16:00,136
14845.76656,120.7101,120.77,120.66,120.785,120.6479,2026-08-04 18:17:00,241
9930.088312,120.7312,120.69,120.735,120.78,120.68,2026-08-04 18:18:00,157
26287.160171,120.7675,120.735,120.84,120.84,120.72,2026-08-04 18:19:00,318
18638.0,120.762,120.81,120.76,120.83,120.72,2026-08-04 18:20:00,247
16693.654913,120.7585,120.77,120.84,120.86,120.68,2026-08-04 18:21:00,294
18731.749374,120.8341,120.86,120.81,120.92,120.77,2026-08-04 18:22:00,304
6935.661715,120.7951,120.85,120.75,120.85,120.74,2026-08-04 18:23:00,137
19476.415744,120.7424,120.75,120.625,120.76,120.625,2026-08-04 18:24:00,241
26990.80412,120.6739,120.65,120.6839,120.735,120.65,2026-08-04 18:25:00,370
9265.562898,120.6968,120.68,120.71,120.71,120.66,2026-08-04 18:26:00,187
46959.761159,120.7781,120.69,120.81,120.85,120.69,2026-08-04 18:27:00,458
20385.816222,120.8661,120.86,120.875,120.9,120.8284,2026-08-04 18:28:00,326
19904.026155,120.8577,120.86,120.89,120.9,120.83,2026-08-04 18:29:00,324
16673.114664,120.8716,120.9,120.93,120.93,120.84,2026-08-04 18:30:00,288
28738.744095,120.8641,120.9199,120.83,120.935,120.8,2026-08-04 18:31:00,454
34024.082961,120.8813,120.835,120.83,120.94,120.83,2026-08-04 18:32:00,421
84113.92,120.8655,120.835,120.86,120.97,120.83,2026-08-04 18:33:00,598
27006.150429,120.8782,120.88,120.855,120.905,120.85,2026-08-04 18:34:00,355
22814.844417,120.8727,120.865,120.86,120.92,120.82,2026-08-04 18:35:00,318
26738.1265,120.9037,120.86,120.9448,120.97,120.86,2026-08-04 18:36:00,348
25322.501315,120.9307,120.95,120.92,120.965,120.87,2026-08-04 18:37:00,363
56732.53978,120.7945,120.94,120.85,120.97,120.84,2026-08-04 18:38:00,440
39063.869338,120.8672,120.88,120.88,120.9,120.825,2026-08-04 18:39:00,451
26852.855837,120.8111,120.885,120.825,120.885,120.72,2026-08-04 18:40:00,401
25513.087407,120.8628,120.81,120.91,120.94,120.8,2026-08-04 18:41:00,340
10694.885216,120.9259,120.935,120.925,120.94,120.9,2026-08-04 18:42:00,195
17185.0033,120.8862,120.925,120.86,120.925,120.85,2026-08-04 18:43:00,222
11887.693583,120.8856,120.8984,120.875,120.91,120.85,2026-08-04 18:44:00,215
51843.53301,120.9595,120.88,120.97,121.0,120.88,2026-08-04 18:45:00,568
35427.0,121.0586,120.99,121.135,121.15,120.975,2026-08-04 18:46:00,484
25624.962486,121.103,121.135,121.14,121.1678,121.05,2026-08-04 18:47:00,377
21022.02725,121.2128,121.15,121.27,121.3,121.14,2026-08-04 18:48:00,334
44177.487783,121.311,121.265,121.245,121.4,121.24,2026-08-04 18:49:00,651
50456.149371,121.1897,121.24,121.24,121.245,121.145,2026-08-04 18:50:00,633
35525.531598,121.3025,121.26,121.345,121.37,121.235,2026-08-04 18:51:00,450
48042.830065,121.3708,121.34,121.425,121.43,121.31,2026-08-04 18:52:00,534
31536.07629,121.3804,121.425,121.34,121.45,121.33,2026-08-04 18:53:00,470
33094.583774,121.3048,121.335,121.17,121.37,121.17,2026-08-04 18:54:00,372
21085.710778,121.2613,121.24,121.3,121.33,121.2,2026-08-04 18:55:00,321
19145.171458,121.3666,121.33,121.43,121.43,121.3057,2026-08-04 18:56:00,258
48945.281851,121.0186,121.435,121.3625,121.47,121.355,2026-08-04 18:57:00,293
31548.279067,121.4328,121.37,121.445,121.47,121.37,2026-08-04 18:58:00,398
27790.255747,121.4276,121.43,121.435,121.46,121.39,2026-08-04 18:59:00,337
43833.432266,121.4985,121.44,121.585,121.605,121.4101,2026-08-04 19:00:00,572
24201.031399,121.6739,121.62,121.67,121.72,121.62,2026-08-04 19:01:00,430
24358.2671,121.6386,121.66,121.64,121.68,121.58,2026-08-04 19:02:00,436
55735.611176,121.6695,121.64,121.79,121.82,121.53,2026-08-04 19:03:00,842
42596.237546,121.8627,121.81,121.9416,122.0,121.77,2026-08-04 19:04:00,732
28928.89272,121.9183,121.97,121.9199,122.0,121.84,2026-08-04 19:05:00,495
37458.178665,121.9163,121.89,121.93,122.0,121.86,2026-08-04 19:06:00,538
38270.311168,122.0082,121.97,121.98,122.1,121.95,2026-08-04 19:07:00,616
40392.506604,121.9975,122.0,121.97,122.155,121.935,2026-08-04 19:08:00,595
26657.514954,121.9924,121.975,122.03,122.05,121.9401,2026-08-04 19:09:00,413
47465.202422,122.0999,122.03,122.09,122.1599,122.03,2026-08-04 19:10:00,790
32938.953961,122.1091,122.07,122.2,122.2,122.025,2026-08-04 19:11:00,404
50642.469368,122.2288,122.17,122.285,122.31,122.15,2026-08-04 19:12:00,604
25523.768871,122.3077,122.2999,122.365,122.37,122.28,2026-08-04 19:13:00,386
73383.142277,122.1748,122.37,122.0117,122.38,121.98,2026-08-04 19:14:00,906
62728.547544,122.0032,122.05,122.05,122.07,121.93,2026-08-04 19:15:00,901
34313.769479,122.2122,122.035,122.24,122.295,122.035,2026-08-04 19:16:00,492
33430.797092,122.0794,122.24,122.11,122.24,121.98,2026-08-04 19:17:00,507
39201.099912,122.2475,122.12,122.34,122.37,122.12,2026-08-04 19:18:00,601
32718.248879,122.3149,122.3,122.445,122.445,122.25,2026-08-04 19:19:00,428
37415.75366,122.4126,122.455,122.4,122.47,122.34,2026-08-04 19:20:00,613
71039.169187,122.4618,122.45,122.56,122.68,122.2,2026-08-04 19:21:00,1050
37090.306303,122.6198,122.58,122.605,122.7388,122.5,2026-08-04 19:22:00,633
28271.03264,122.634,122.59,122.66,122.725,122.56,2026-08-04 19:23:00,612
52395.665137,122.6504,122.715,122.63,122.78,122.52,2026-08-04 19:24:00,776
28888.573304,122.6341,122.66,122.74,122.74,122.63,2026-08-04 19:25:00,423
47355.540859,122.743,122.735,122.745,122.81,122.66,2026-08-04 19:26:00,624
51040.710765,122.7771,122.73,122.81,122.84,122.72,2026-08-04 19:27:00,639
39831.635001,122.7827,122.81,122.785,122.83,122.72,2026-08-04 19:28:00,673
44355.473453,122.8129,122.79,122.94,122.94,122.77,2026-08-04 19:29:00,751
53441.823484,123.1902,122.95,123.4301,123.45,122.93,2026-08-04 19:30:00,891
75953.423096,123.3773,123.4367,123.55,123.55,123.21,2026-08-04 19:31:00,975
74176.579743,123.2638,123.6,122.8,123.695,122.78,2026-08-04 19:32:00,1079
115896.131676,122.6874,122.8,122.5,122.885,122.47,2026-08-04 19:33:00,1565
53992.807592,122.6577,122.525,122.785,122.8,122.5,2026-08-04 19:34:00,745
46456.096716,122.8853,122.81,122.97,122.97,122.77,2026-08-04 19:35:00,652
72377.796844,122.9338,122.96,122.965,123.05,122.83,2026-08-04 19:36:00,791
56826.396305,123.0422,122.96,123.12,123.13,122.9,2026-08-04 19:37:00,707
109603.69791,123.085,123.12,122.985,123.22,122.88,2026-08-04 19:38:00,1077
42223.863979,122.943,123.0,122.88,123.03,122.83,2026-08-04 19:39:00,592
94347.937246,122.806,122.885,122.63,122.93,122.615,2026-08-04 19:40:00,1001
81305.532094,122.5715,122.61,122.745,122.745,122.435,2026-08-04 19:41:00,1053
39997.341279,122.8089,122.79,122.81,122.89,122.75,2026-08-04 19:42:00,638
75099.095119,122.8128,122.81,122.785,122.8734,122.7501,2026-08-04 19:43:00,998
51006.600623,122.7897,122.785,122.6801,122.87,122.6801,2026-08-04 19:44:00,740
52389.37096,122.8634,122.705,122.97,122.98,122.68,2026-08-04 19:45:00,721
83704.255149,122.9259,122.95,122.855,123.04,122.77,2026-08-04 19:46:00,964
150697.912708,122.9614,122.85,123.045,123.23,122.785,2026-08-04 19:47:00,1275
151333.187336,122.9923,123.02,123.05,123.14,122.79,2026-08-04 19:48:00,1213
56763.284734,122.9671,123.08,122.96,123.09,122.82,2026-08-04 19:49:00,909
91986.684901,122.9695,122.99,122.985,123.2,122.85,2026-08-04 19:50:00,1238
141724.921965,122.844,122.95,122.81,123.02,122.72,2026-08-04 19:51:00,1325
101949.8341,122.7452,122.82,122.755,122.86,122.57,2026-08-04 19:52:00,1309
96428.18712,122.8147,122.75,122.83,122.98,122.68,2026-08-04 19:53:00,1313
95151.0497,122.8737,122.79,122.84,123.055,122.71,2026-08-04 19:54:00,1386
129838.27509,123.1482,122.84,123.28,123.31,122.83,2026-08-04 19:55:00,1901
166826.2634,123.2091,123.285,123.312,123.3399,123.065,2026-08-04 19:56:00,1835
216104.385602,123.2282,123.34,123.245,123.36,122.99,2026-08-04 19:57:00,2640
267995.933697,123.2465,123.23,123.295,123.32,123.12,2026-08-04 19:58:00,3245
989746.577099,122.9341,123.29,122.96,123.32,122.36,2026-08-04 19:59:00,8275
16703.63308,123.2798,123.3,123.5,123.5,122.0,2026-08-04 20:00:00,77
1170.089769,122.6198,122.91,122.45,122.91,122.45,2026-08-04 20:01:00,68
733.717053,123.0481,122.99,123.0,123.0,122.99,2026-08-04 20:02:00,29
5429.0,123.0991,123.1,123.1,123.1,123.1,2026-08-04 20:03:00,10
545.0,122.7991,122.8,122.8,122.8,122.8,2026-08-04 20:05:00,17
657.0,122.8428,122.8,122.8,122.8,122.8,2026-08-04 20:06:00,7
598.0,122.9279,122.98,122.98,122.98,122.98,2026-08-04 20:07:00,40
300.0,122.9537,122.98,122.98,122.98,122.98,2026-08-04 20:09:00,7
134577.0,123.2989,123.3,122.55,123.3,122.55,2026-08-04 20:11:00,11
983.0,122.9477,122.98,123.0,123.0,122.9134,2026-08-04 20:13:00,19
1029.0,123.142,123.3,122.851,123.3,122.8198,2026-08-04 20:14:00,18
2831.189741,122.8617,122.79,122.79,122.83,122.79,2026-08-04 20:15:00,68
1170.032456,123.0676,123.25,123.25,123.25,123.25,2026-08-04 20:16:00,61
923.0,123.246,123.1582,123.1582,123.1582,123.1582,2026-08-04 20:17:00,35
333.0,123.1626,123.01,123.01,123.01,123.01,2026-08-04 20:18:00,19
1220.0,123.2819,123.2001,123.4,123.4,123.2001,2026-08-04 20:19:00,42
3460.0,123.4566,123.47,123.47,123.47,123.47,2026-08-04 20:20:00,20
7538.0,123.309,123.3199,123.3995,123.3995,123.26,2026-08-04 20:21:00,44
1464.0,123.1625,123.1,123.0,123.3,123.0,2026-08-04 20:23:00,36
8482.0,122.888,123.01,122.81,123.01,122.81,2026-08-04 20:24:00,155
475.0,123.0038,123.01,123.01,123.01,123.01,2026-08-04 20:25:00,14
705.0,122.9713,122.9407,122.9218,122.9407,122.9,2026-08-04 20:26:00,25
1093.0,123.1995,123.3,123.2535,123.3,123.2535,2026-08-04 20:28:00,40
494.0,123.2197,123.14,123.14,123.14,123.14,2026-08-04 20:29:00,18
410.0,123.2583,123.2809,123.2809,123.2809,123.2809,2026-08-04 20:30:00,9
776.0,123.2631,123.25,123.2795,123.2795,123.25,2026-08-04 20:31:00,7
1013.0,123.1807,123.2674,123.14,123.2674,123.14,2026-08-04 20:32:00,34
568.0,123.1803,123.2588,123.2588,123.2588,123.2588,2026-08-04 20:33:00,28
2235.0,123.2357,123.14,123.3,123.3,123.14,2026-08-04 20:34:00,67
895.0,123.5004,123.47,123.6218,123.6218,123.47,2026-08-04 20:35:00,24
1653.0,123.6181,123.66,123.55,123.66,123.55,2026-08-04 20:36:00,13
514.0,123.4879,123.4,123.4,123.4,123.4,2026-08-04 20:37:00,14
5378.0,123.6566,123.66,123.66,123.66,123.62,2026-08-04 20:40:00,41
423.0,123.8279,123.77,123.9,123.9,123.77,2026-08-04 20:42:00,9
4517.0,123.9578,123.88,124.0,124.0,123.6958,2026-08-04 20:43:00,53
274.0,123.8742,123.9,123.9,123.9,123.9,2026-08-04 20:44:00,32
544.0,123.9141,123.9,123.9,123.9,123.9,2026-08-04 20:46:00,15
826.0,123.8648,123.8481,123.878,123.878,123.8481,2026-08-04 20:47:00,9
1935.0,123.6563,123.73,123.64,123.73,123.64,2026-08-04 20:49:00,25
378.0,123.6025,123.6,123.6,123.6,123.6,2026-08-04 20:50:00,12
741.0,123.7074,123.7325,123.64,123.7325,123.64,2026-08-04 20:51:00,11
418.0,123.6539,123.7361,123.54,123.7361,123.54,2026-08-04 20:52:00,9
469.0,123.5844,123.5629,123.5629,123.5629,123.5629,2026-08-04 20:53:00,11
4040.0,123.8631,123.69,123.89,123.89,123.69,2026-08-04 20:55:00,25
710.0,123.893,123.9,123.9,123.9,123.9,2026-08-04 20:58:00,9
364.000807,123.8732,123.9,123.9,123.9,123.9,2026-08-04 20:59:00,11
707.0,123.8901,123.9,123.89,123.9,123.89,2026-08-04 21:00:00,4
2299.0,123.9592,123.89,124.0,124.0,123.89,2026-08-04 21:02:00,48
1187.647276,124.1357,124.05,124.0836,124.0836,124.05,2026-08-04 21:03:00,23
823.0,123.9981,124.0,124.0,124.0,123.95,2026-08-04 21:04:00,26
392.0,123.963,123.91,123.9,123.91,123.9,2026-08-04 21:05:00,12
109.096968,123.9261,123.8027,123.8027,123.8027,123.8027,2026-08-04 21:06:00,4
473.339631,124.0227,123.8,124.0451,124.0592,123.8,2026-08-04 21:08:00,10
857.0,123.9315,123.99,123.9653,123.99,123.9,2026-08-04 21:10:00,14
85023.0,123.3285,123.9636,123.9636,123.9636,123.9636,2026-08-04 21:12:00,5
270.0,123.928,123.9645,123.9645,123.9645,123.9645,2026-08-04 21:13:00,6
544.0,123.9458,123.85,123.9666,123.9666,123.85,2026-08-04 21:14:00,5
641.0,123.9299,123.9606,123.9606,123.9606,123.9606,2026-08-04 21:15:00,12
714.0,123.9609,123.99,123.99,123.99,123.99,2026-08-04 21:17:00,10
1803.0,123.9765,123.99,123.95,123.99,123.95,2026-08-04 21:18:00,33
1055.0,123.9925,123.9925,123.9925,123.9925,123.9925,2026-08-04 21:19:00,3
112.0,123.9882,124.0,124.0,124.0,124.0,2026-08-04 21:20:00,3
309.0,123.9861,123.9812,123.9812,123.9812,123.9812,2026-08-04 21:21:00,7
150.066776,123.9257,123.8308,123.8308,123.8308,123.8308,2026-08-04 21:22:00,5
242.0,123.9271,123.8277,124.0069,124.0069,123.8277,2026-08-04 21:24:00,9
105.0,123.8943,123.89,123.89,123.89,123.89,2026-08-04 21:25:00,2
2735.00954,124.1757,124.09,124.0,124.28,124.0,2026-08-04 21:27:00,37
1216.0,124.4661,124.4827,124.4827,124.4827,124.4827,2026-08-04 21:28:00,14
200.0,124.4152,124.3997,124.3997,124.3997,124.3997,2026-08-04 21:29:00,7
859.0,124.2761,124.3997,124.264,124.3997,124.2501,2026-08-04 21:30:00,6
1013.0,124.3571,124.4259,124.3445,124.4259,124.3,2026-08-04 21:31:00,8
312.011974,124.4164,124.36,124.36,124.36,124.36,2026-08-04 21:32:00,11
1047.0,124.4721,124.47,124.47,124.47,124.47,2026-08-04 21:33:00,4
496.0,124.4229,124.41,124.41,124.41,124.41,2026-08-04 21:34:00,9
2703.0,124.3483,124.68,124.7624,124.7624,124.3,2026-08-04 21:36:00,16
1007.0,124.2003,124.2,124.2,124.2,124.2,2026-08-04 21:39:00,4
1000.0,124.1613,124.1613,124.1613,124.1613,124.1613,2026-08-04 21:40:00,1
2125.0,124.2199,124.25,124.19,124.25,124.19,2026-08-04 21:41:00,4
6345.0,124.4303,124.44,124.3036,124.4697,124.3036,2026-08-04 21:43:00,12
336.0,124.4701,124.37,124.37,124.37,124.37,2026-08-04 21:44:00,13
778.0,124.6539,124.44,124.8022,124.8022,124.44,2026-08-04 21:45:00,9
2570.731208,124.5683,124.9,124.49,124.9,124.1044,2026-08-04 21:47:00,85
719.160147,124.5303,124.4576,124.45,124.6419,124.45,2026-08-04 21:51:00,14
1045.0,124.8965,124.9,124.9,124.9,124.9,2026-08-04 21:53:00,6
897.0,124.6113,124.6499,124.6499,124.6499,124.6499,2026-08-04 21:59:00,4
153.0,124.5,124.5,124.5,124.5,124.5,2026-08-04 22:01:00,2
1676.0,124.6628,124.5,124.7006,124.72,124.5,2026-08-04 22:02:00,15
431.0,124.7376,124.72,124.72,124.72,124.72,2026-08-04 22:04:00,9
1049.0,124.8807,124.8804,124.8804,124.8804,124.8804,2026-08-04 22:05:00,12
196.0,124.7138,124.7704,124.7704,124.7704,124.7704,2026-08-04 22:07:00,4
1647.0,124.8816,124.79,124.9,124.9,124.79,2026-08-04 22:08:00,16
1899.0,124.9672,124.9,124.99,124.99,124.9,2026-08-04 22:12:00,75
2794.0,124.9722,124.96,124.99,124.99,124.96,2026-08-04 22:13:00,68
2000.0,124.762,124.99,124.6182,124.99,124.6,2026-08-04 22:14:00,394
253.0,124.8623,124.8625,124.8625,124.8625,124.8625,2026-08-04 22:19:00,6
2146.0,124.9562,124.8546,124.98,124.99,124.8546,2026-08-04 22:21:00,31
530.0,125.3084,125.4055,125.4055,125.4055,125.4055,2026-08-04 22:22:00,14
794.6059,125.3469,125.09,125.4348,125.4348,125.09,2026-08-04 22:23:00,22
101.0,125.4089,125.411,125.411,125.411,125.411,2026-08-04 22:24:00,2
155.0,125.2279,125.13,125.13,125.13,125.13,2026-08-04 22:25:00,7
404.0,125.2648,125.25,125.25,125.25,125.25,2026-08-04 22:29:00,11
1388.0,125.1534,125.17,125.12,125.17,125.12,2026-08-04 22:30:00,10
1103.0,125.275,125.2311,125.4412,125.4412,125.2146,2026-08-04 22:33:00,13
721.0,125.4091,125.37,125.47,125.47,125.37,2026-08-04 22:35:00,14
1447.0,125.3676,125.3732,125.36,125.3732,125.36,2026-08-04 22:36:00,10
768.0,125.3457,125.3,125.35,125.35,125.3,2026-08-04 22:38:00,17
342.0,125.3899,125.39,125.39,125.39,125.39,2026-08-04 22:39:00,7
760.0,125.1621,125.01,125.3,125.3,125.01,2026-08-04 22:42:00,8
274.0,125.2223,125.2,125.26,125.26,125.2,2026-08-04 22:45:00,5
899.0,125.2322,125.24,125.2,125.24,125.2,2026-08-04 22:53:00,17
244.0,125.2795,125.21,125.4,125.4,125.21,2026-08-04 22:54:00,5
475.0,125.1338,125.1,125.2,125.2,125.1,2026-08-04 22:55:00,8
911.0,125.1979,125.21,125.2,125.21,125.2,2026-08-04 22:58:00,19
251.0,125.1055,125.0634,125.0634,125.0634,125.0634,2026-08-04 22:59:00,4
253.422107,125.2587,125.0501,125.0501,125.0501,125.0501,2026-08-04 23:00:00,3
124.0,125.2969,125.3,125.3,125.3,125.3,2026-08-04 23:01:00,2
1239.0,125.1084,125.08,125.08,125.08,125.08,2026-08-04 23:02:00,32
336.0,125.2009,125.2,125.2,125.2,125.2,2026-08-04 23:03:00,9
638.0,125.3682,125.3,125.35,125.47,125.3,2026-08-04 23:06:00,13
634.0,125.2379,125.1191,125.4542,125.4542,125.1191,2026-08-04 23:08:00,5
175.0,125.3502,125.4,125.4,125.4,125.4,2026-08-04 23:10:00,4
265.0,125.4385,125.4,125.4747,125.4747,125.4,2026-08-04 23:14:00,5
102.0,125.3593,125.3567,125.3567,125.3567,125.3567,2026-08-04 23:15:00,2
508.0,125.4754,125.4768,125.4768,125.4768,125.4768,2026-08-04 23:16:00,5
372.0,125.4494,125.45,125.4,125.45,125.4,2026-08-04 23:17:00,5
132.589858,125.9388,125.4,125.4,125.4,125.4,2026-08-04 23:18:00,8
133.0,125.3843,125.39,125.39,125.39,125.39,2026-08-04 23:20:00,3
1340.20676,125.4405,125.23,125.49,125.49,125.23,2026-08-04 23:21:00,73
252.15444,125.5382,125.4613,125.4613,125.4613,125.4613,2026-08-04 23:24:00,4
212.0,125.4006,125.4,125.4,125.4,125.4,2026-08-04 23:25:00,3
151.0,125.3367,125.3367,125.3367,125.3367,125.3367,2026-08-04 23:28:00,2
2628.0,125.3432,125.35,125.31,125.4459,125.31,2026-08-04 23:30:00,19
101.0,125.4361,125.4375,125.4375,125.4375,125.4375,2026-08-04 23:32:00,2
487.0,125.1988,125.15,125.15,125.15,125.15,2026-08-04 23:33:00,5
307.296837,125.4679,125.46,125.46,125.46,125.46,2026-08-04 23:34:00,10
544.0,125.3402,125.46,125.35,125.46,125.1867,2026-08-04 23:35:00,11
1350.0,125.1723,125.15,125.2,125.2,125.15,2026-08-04 23:36:00,13
250.0,125.2507,125.3771,125.3771,125.3771,125.3771,2026-08-04 23:37:00,11
2188.0,125.4092,125.44,125.44,125.49,125.39,2026-08-04 23:38:00,94
209.0,125.5794,125.61,125.61,125.61,125.61,2026-08-04 23:39:00,10
436.021053,125.6654,125.66,125.66,125.66,125.66,2026-08-04 23:40:00,25
5781.0,125.6628,125.6915,125.66,125.6915,125.66,2026-08-04 23:41:00,11
537.0,125.77,125.77,125.9443,125.9443,125.77,2026-08-04 23:42:00,18
258.0,125.8272,125.83,125.83,125.83,125.83,2026-08-04 23:46:00,3
618.0,125.7184,125.7,125.7,125.7,125.7,2026-08-04 23:48:00,17
2132.0,125.7491,125.8,125.8,125.8,125.4924,2026-08-04 23:49:00,7
1011.0,125.926,125.8,125.9579,125.99,125.8,2026-08-04 23:50:00,11
222.0,125.8375,125.8,125.8,125.8,125.8,2026-08-04 23:51:00,8
486.0,125.8821,125.88,125.8799,125.88,125.8799,2026-08-04 23:53:00,7
915.0,125.8184,125.8,125.9141,125.9141,125.8,2026-08-04 23:54:00,11
1280.0,125.8254,125.9479,125.5,125.9707,125.5,2026-08-04 23:55:00,18
587.0,125.8258,125.83,125.83,125.83,125.83,2026-08-04 23:57:00,28
400.0,125.8007,125.8,125.8,125.8,125.8,2026-08-04 23:58:00,20
1230.0,125.8029,125.7968,125.798,125.798,125.7968,2026-08-04 23:59:00,14
8498.575528,124.4402,124.5,124.5,125.3096,123.4,2026-08-05 08:00:00,257
20533.0,124.1798,123.93,123.9,125.22,123.33,2026-08-05 08:01:00,517
13328.0,123.4273,123.54,123.09,124.59,123.0,2026-08-05 08:02:00,162
817.79,124.1395,124.0,124.01,124.01,124.0,2026-08-05 08:03:00,103
485.011974,124.1063,123.9,123.9,123.9,123.9,2026-08-05 08:04:00,14
196.0,124.7919,124.82,124.82,124.82,124.82,2026-08-05 08:05:00,11
763.008342,124.3764,124.08,124.4,124.4,124.08,2026-08-05 08:06:00,19
629.0,124.4118,124.5,124.23,124.5,124.23,2026-08-05 08:07:00,16
1227.0,124.0143,124.05,123.87,124.05,123.87,2026-08-05 08:09:00,52
1308.026841,124.1533,124.16,124.15,124.16,124.15,2026-08-05 08:10:00,11
740.0,124.3076,124.31,124.31,124.31,124.31,2026-08-05 08:11:00,8
262.0,123.9805,124.2,124.05,124.2,124.05,2026-08-05 08:17:00,11
4611.0,123.9933,124.0,124.0,124.0,123.89,2026-08-05 08:21:00,36
270.0,124.016,124.0,124.0,124.0,124.0,2026-08-05 08:23:00,15
237.0,124.1263,124.05,124.05,124.05,124.05,2026-08-05 08:26:00,9
981.0,123.6929,123.6,123.75,123.8033,123.6,2026-08-05 08:30:00,23
460.0,123.4696,123.45,123.5,123.5,123.45,2026-08-05 08:31:00,5
150.0,123.45,123.45,123.45,123.45,123.45,2026-08-05 08:32:00,1
760.0,124.128,124.0,124.45,124.45,124.0,2026-08-05 08:37:00,29
431.0,124.2671,124.26,124.28,124.28,124.26,2026-08-05 08:42:00,5
566.0,124.2959,124.3,124.21,124.3,124.21,2026-08-05 08:54:00,8
132.0,124.0729,124.0103,124.0103,124.0103,124.0103,2026-08-05 09:06:00,5
195.0,124.4,124.4,124.4,124.4,124.4,2026-08-05 09:10:00,1
479.266794,124.5488,124.48,124.48,124.48,124.48,2026-08-05 09:12:00,8
1884.3234,124.2216,124.32,124.3,124.32,124.3,2026-08-05 09:16:00,90
299.0,123.9058,123.86,123.86,123.86,123.86,2026-08-05 09:20:00,11
310.0,123.8892,123.88,123.88,123.88,123.88,2026-08-05 09:23:00,9
887.0,124.2911,124.25,124.25,124.25,124.25,2026-08-05 09:24:00,11
706.0,124.4791,124.45,124.5,124.5,124.45,2026-08-05 09:25:00,9
125.0,124.4738,124.4738,124.4738,124.4738,124.4738,2026-08-05 09:28:00,2
106.0,124.4503,124.45,124.45,124.45,124.45,2026-08-05 09:29:00,4
1326.0,124.485,124.5,124.5505,124.5505,124.45,2026-08-05 09:33:00,43
768.0,124.6229,124.64,124.58,124.64,124.58,2026-08-05 09:36:00,11
837.0,125.7357,125.7367,125.7367,125.7367,125.7367,2026-08-05 09:40:00,3
1705.0,124.9995,125.0,124.97,125.0,124.97,2026-08-05 09:48:00,24
442.023885,125.5423,125.6,125.6,125.6,125.6,2026-08-05 09:49:00,7
2344.0,124.3996,124.355,124.2,124.66,124.0,2026-08-05 09:50:00,139
560.0,123.605,123.3,123.3,123.3,123.3,2026-08-05 09:52:00,41
1060.0,124.0875,124.1,124.1,124.1,124.1,2026-08-05 09:53:00,61
445.656537,124.3275,124.2,124.2,124.2,124.2,2026-08-05 09:54:00,53
1015.0,124.935,124.84,125.0,125.0,124.84,2026-08-05 09:56:00,20
18846.035191,121.7484,124.02,118.8278,124.02,118.8278,2026-08-05 09:57:00,267
2982.023838,120.18,120.55,120.005,120.55,120.0,2026-08-05 09:58:00,293
314.0,120.8667,120.91,120.91,120.91,120.91,2026-08-05 09:59:00,10
742.0,121.0279,121.06,121.0,121.06,121.0,2026-08-05 10:02:00,126
432.0,120.8616,120.52,121.08,121.08,120.52,2026-08-05 10:03:00,77
1242.0,121.3753,121.8,120.52,121.8,120.52,2026-08-05 10:06:00,90
6235.542027,120.1048,120.91,119.0833,120.91,118.33,2026-08-05 10:08:00,148
518.211409,118.8714,118.2,119.0,119.0,118.2,2026-08-05 10:09:00,29
782.68637,119.8312,120.0,120.01,120.01,120.0,2026-08-05 10:10:00,40
2562.498746,119.6599,121.44,120.0,121.44,119.0,2026-08-05 10:11:00,33
2039.0,119.1658,119.5,119.04,119.5,119.04,2026-08-05 10:13:00,27
1274.0,119.1089,119.05,119.05,119.05,119.05,2026-08-05 10:15:00,9
3909.0,118.9586,119.1781,118.86,119.4,118.83,2026-08-05 10:16:00,368
541.0,118.8499,118.8,118.8,118.8,118.8,2026-08-05 10:17:00,18
525.062788,119.5688,119.8821,119.88,119.8821,119.88,2026-08-05 10:20:00,30
1256.04637,120.1048,119.943,120.6,120.6,119.943,2026-08-05 10:22:00,54
1843.0,120.3125,120.31,120.3,120.31,120.3,2026-08-05 10:23:00,22
5382.311203,120.9153,120.5,120.74,121.0,120.5,2026-08-05 10:24:00,31
3384.012714,120.9564,121.0,121.0,121.0,120.91,2026-08-05 10:25:00,59
1212.739702,120.3995,120.5,120.07,120.54,120.07,2026-08-05 10:26:00,27
1203.30801,120.0953,120.09,120.0,120.11,120.0,2026-08-05 10:27:00,50
1646.0,120.0417,120.13,120.02,120.13,120.02,2026-08-05 10:29:00,40
724.458291,119.7124,119.46,120.0,120.0,119.46,2026-08-05 10:30:00,44
3092.0,119.4402,119.61,119.81,119.81,119.01,2026-08-05 10:31:00,75
5988.066501,118.9317,119.32,118.4,119.32,118.4,2026-08-05 10:32:00,186
476.0,119.1369,118.69,118.89,119.8,118.69,2026-08-05 10:33:00,25
181.0,118.8016,118.7,118.7,118.7,118.7,2026-08-05 10:34:00,11
3057.0,120.0428,120.5492,119.05,120.5492,119.05,2026-08-05 10:37:00,73
676.955537,120.1201,120.0,120.0,120.0,120.0,2026-08-05 10:38:00,31
1080.0,120.0311,120.14,119.87,120.14,119.87,2026-08-05 10:41:00,32
1923.0,120.3871,120.4,120.4,120.4,120.4,2026-08-05 10:43:00,7
343.0,120.3266,120.6177,120.6177,120.6177,120.6177,2026-08-05 10:45:00,12
2917.010148,120.559,120.0,120.94,121.0,120.0,2026-08-05 10:46:00,77
916.0,120.6009,120.3,120.8882,120.8882,120.3,2026-08-05 10:47:00,20
465.0,120.9968,120.92,120.92,120.92,120.92,2026-08-05 10:50:00,15
732.0,121.0636,121.02,121.12,121.12,121.02,2026-08-05 10:51:00,17
6619.0,121.4832,121.12,121.6,121.6,120.5,2026-08-05 10:52:00,129
1481.0,121.1692,121.56,121.13,121.8,120.5,2026-08-05 10:54:00,47
1510.204291,121.7783,121.8,121.8,121.8,121.8,2026-08-05 10:55:00,42
1391.125142,122.6339,122.15,123.0,123.0,122.15,2026-08-05 10:56:00,63
1414.0,122.2316,122.8,122.0,122.8,122.0,2026-08-05 10:57:00,76
774.0,122.9852,122.8,123.11,123.11,122.8,2026-08-05 10:58:00,60
976.012216,123.0787,123.0,123.2,123.2,123.0,2026-08-05 10:59:00,72
100472.020119,133.9353,123.39,138.0,139.0,123.39,2026-08-05 11:00:00,2186
57369.931216,141.3369,139.0,143.06,143.3,138.0,2026-08-05 11:01:00,930
50348.982978,144.8373,143.09,145.2,145.82,143.09,2026-08-05 11:02:00,752
46503.037061,147.0959,145.75,149.0,149.25,145.0,2026-08-05 11:03:00,868
30872.81465,148.0636,148.02,148.0,149.05,148.0,2026-08-05 11:04:00,447
62411.706899,149.9985,148.14,151.0,151.34,148.14,2026-08-05 11:05:00,889
33876.363581,151.1464,151.01,151.01,151.99,151.0,2026-08-05 11:06:00,378
60755.009403,154.5183,151.39,156.09,156.1,151.39,2026-08-05 11:07:00,1159
56670.032606,156.6002,156.31,158.8,158.8,155.11,2026-08-05 11:08:00,885
87446.764488,160.0224,157.398,161.01,161.79,157.3,2026-08-05 11:09:00,1137
49077.878633,161.63,161.03,159.4738,164.97,158.6,2026-08-05 11:10:00,1022
34408.697023,160.6832,159.5,159.65,162.0,159.12,2026-08-05 11:11:00,684
45226.397806,158.399,159.29,156.8,160.37,156.16,2026-08-05 11:12:00,734
41570.021545,156.5397,156.19,155.88,157.99,155.03,2026-08-05 11:13:00,784
49241.113802,155.3934,155.2906,156.733,157.0,154.0,2026-08-05 11:14:00,689
52446.900021,155.3809,156.72,155.0,156.8226,154.19,2026-08-05 11:15:00,520
43163.915111,153.9509,155.83,151.5,156.99,151.5,2026-08-05 11:16:00,692
48227.289418,151.1281,151.4691,151.0,152.54,150.01,2026-08-05 11:17:00,715
113254.539972,151.5723,151.528,152.0,153.16,151.0,2026-08-05 11:18:00,568
55035.973437,153.9155,152.4,154.65,155.88,152.4,2026-08-05 11:19:00,495
38393.115203,153.9356,154.63,151.99,155.1471,151.98,2026-08-05 11:20:00,447
11415.014684,153.7199,153.0,154.0,154.7674,152.8856,2026-08-05 11:21:00,231
21376.35225,152.6423,154.2186,152.95,154.25,151.9,2026-08-05 11:22:00,295
15905.014361,153.3342,152.7272,154.0,154.0,152.5,2026-08-05 11:23:00,190
27225.590816,154.6699,154.0,154.0,155.0,153.94,2026-08-05 11:24:00,446
34041.826288,154.4194,154.44,153.29,155.0,152.53,2026-08-05 11:25:00,376
36485.05705,154.429,153.034,155.0,155.31,152.87,2026-08-05 11:26:00,347
74305.397421,155.3403,155.07,154.93,155.9,154.6,2026-08-05 11:27:00,782
8876.154417,154.7853,154.93,154.41,154.97,154.12,2026-08-05 11:28:00,205
14627.0,154.508,154.32,154.25,154.8,154.22,2026-08-05 11:29:00,208
15356.963679,154.6549,154.25,154.48,155.0,153.93,2026-08-05 11:30:00,279
27995.210897,154.5939,154.2303,154.05,155.0,154.0,2026-08-05 11:31:00,322
24062.092645,154.7447,154.55,154.53,155.0,154.45,2026-08-05 11:32:00,210
3465.8595,154.6079,154.55,154.6,154.65,154.5,2026-08-05 11:33:00,94
27740.525818,154.8046,154.5,154.91,155.0,154.18,2026-08-05 11:34:00,333
42526.492375,155.9998,155.0,156.47,156.95,155.0,2026-08-05 11:35:00,653
30118.757559,155.8116,156.47,155.7,156.57,155.0,2026-08-05 11:36:00,273
12432.012781,155.8521,155.782,156.0,156.33,155.66,2026-08-05 11:37:00,213
41106.101874,156.8802,155.8931,157.163,157.7,155.8931,2026-08-05 11:38:00,472
22365.546215,157.9122,157.74,158.15,158.5,157.5,2026-08-05 11:39:00,395
63604.01403,157.7933,158.15,158.28,159.1,156.0,2026-08-05 11:40:00,739
20837.0,157.8839,158.4293,157.6,158.4293,157.5,2026-08-05 11:41:00,286
30151.0,157.8492,157.56,158.2,158.5,157.5,2026-08-05 11:42:00,302
7413.336214,158.0755,158.5,158.0,158.5,157.986,2026-08-05 11:43:00,164
10525.639125,158.0097,158.04,158.3,158.5,157.7302,2026-08-05 11:44:00,115
8134.370174,158.071,158.0156,158.0,158.2999,158.0,2026-08-05 11:45:00,101
18453.437515,158.2172,158.0,158.0,158.99,157.81,2026-08-05 11:46:00,235
17106.07618,157.6656,157.9478,157.9,158.0,157.0,2026-08-05 11:47:00,251
17173.600719,157.9754,157.78,158.0,158.3,157.59,2026-08-05 11:48:00,116
19282.605643,158.676,158.0,159.26,159.4741,157.99,2026-08-05 11:49:00,235
16311.698493,159.3619,159.2815,159.01,159.55,159.01,2026-08-05 11:50:00,710
7908.746539,158.5822,159.02,158.1394,159.33,158.0,2026-08-05 11:51:00,186
14809.0,158.8443,158.11,159.4225,159.5,158.11,2026-08-05 11:52:00,290
10100.4128,159.1375,159.0,158.4785,159.44,158.4655,2026-08-05 11:53:00,288
3371.0,158.9566,158.5,158.5475,159.28,158.5,2026-08-05 11:54:00,67
8948.0,158.2468,158.6,158.7,158.892,158.0,2026-08-05 11:55:00,192
19136.006687,157.7248,158.6,157.0,158.6,157.0,2026-08-05 11:56:00,340
18970.920591,156.4062,156.97,156.6,156.97,156.0,2026-08-05 11:57:00,338
15410.0,156.2064,155.81,156.35,156.75,155.81,2026-08-05 11:58:00,220
18517.145923,155.6085,156.32,155.1654,156.34,155.01,2026-08-05 11:59:00,284
32037.163659,155.0558,155.07,154.9227,155.5,154.5,2026-08-05 12:00:00,453
24166.9656,154.8506,154.94,154.0,155.0,154.0,2026-08-05 12:01:00,301
22672.854252,154.0131,154.3321,153.4202,154.4999,153.3,2026-08-05 12:02:00,306
33234.075701,153.611,153.37,154.43,154.65,152.8,2026-08-05 12:03:00,623
14283.14,153.89,154.67,153.63,154.83,153.0,2026-08-05 12:04:00,166
25048.5713,152.6807,153.4,152.4524,153.4,152.26,2026-08-05 12:05:00,339
46015.014755,152.1483,152.46,152.26,152.52,151.8016,2026-08-05 12:06:00,572
8698.9706,151.9093,152.33,151.76,152.33,151.64,2026-08-05 12:07:00,136
21864.967191,151.7678,152.0,151.7,152.0,151.435,2026-08-05 12:08:00,509
19940.281701,152.3114,151.7,152.0,152.8842,151.7,2026-08-05 12:09:00,641
4929.4141,152.2512,152.0,152.29,152.48,151.9,2026-08-05 12:10:00,86
17373.0,151.9678,152.21,152.01,152.32,151.74,2026-08-05 12:11:00,217
17619.0,151.8447,152.041,151.8,152.1728,151.52,2026-08-05 12:12:00,204
14790.0,152.05,151.942,152.5,152.5,151.805,2026-08-05 12:13:00,235
29280.978102,152.1663,152.4211,152.0,152.5,151.97,2026-08-05 12:14:00,339
18332.0,152.003,151.89,151.88,152.2,151.88,2026-08-05 12:15:00,156
37867.0,152.2312,151.9,152.355,152.5,151.8,2026-08-05 12:16:00,507
23885.467906,152.1408,152.3156,151.99,152.35,151.9,2026-08-05 12:17:00,426
32925.0,151.7501,152.0,151.52,152.11,151.05,2026-08-05 12:18:00,475
8090.07642,151.5019,152.0,151.655,152.0,151.4,2026-08-05 12:19:00,80
20861.0,151.4533,151.51,151.47,151.51,151.41,2026-08-05 12:20:00,253
28285.1372,151.7013,151.4996,151.92,152.0,151.43,2026-08-05 12:21:00,450
11879.0,151.8762,151.92,151.675,152.0,151.645,2026-08-05 12:22:00,186
30805.0,151.238,151.73,151.14,151.77,151.01,2026-08-05 12:23:00,294
41468.510741,150.7556,151.1751,150.78,151.1751,150.5004,2026-08-05 12:24:00,398
31435.897732,150.6119,150.7,150.494,150.85,150.31,2026-08-05 12:25:00,401
32192.2854,150.1126,150.465,149.8,150.465,149.8,2026-08-05 12:26:00,624
16658.1417,149.9644,150.01,149.7,150.2,149.66,2026-08-05 12:27:00,288
35305.470416,149.9481,149.75,150.0,150.05,149.59,2026-08-05 12:28:00,406
16793.0,150.0217,149.9,150.01,150.27,149.88,2026-08-05 12:29:00,220
13970.829556,150.2482,150.33,150.22,150.33,150.12,2026-08-05 12:30:00,248
10976.0,149.8984,150.2,149.4735,150.2499,149.25,2026-08-05 12:31:00,221
28213.691679,149.4518,149.22,149.45,149.77,149.1,2026-08-05 12:32:00,417
23467.356929,149.4882,149.6243,149.5,149.747,149.15,2026-08-05 12:33:00,359
30083.0,149.5723,149.53,149.4,149.7,149.3029,2026-08-05 12:34:00,325
8667.292857,149.4504,149.47,149.37,149.56,149.32,2026-08-05 12:35:00,155
8240.241992,149.0149,149.4,148.96,149.4,148.76,2026-08-05 12:36:00,149
31793.1621,148.484,148.81,148.34,148.82,148.05,2026-08-05 12:37:00,488
47705.4229,148.5681,148.34,148.34,149.0,148.25,2026-08-05 12:38:00,642
51922.015961,147.9867,148.3,147.07,148.39,147.0,2026-08-05 12:39:00,631
59866.443068,145.8367,147.17,145.35,147.31,145.0,2026-08-05 12:40:00,886
43396.0,144.9841,145.16,145.4999,145.4999,144.29,2026-08-05 12:41:00,698
24465.4317,145.7084,145.255,146.111,146.504,145.0,2026-08-05 12:42:00,507
18617.010091,146.2476,146.0,146.9275,146.9275,145.5,2026-08-05 12:43:00,423
39876.695439,146.693,146.8,147.65,147.65,145.01,2026-08-05 12:44:00,618
23397.0,147.035,147.58,147.01,147.58,146.75,2026-08-05 12:45:00,969
28185.708844,146.9358,146.87,147.21,147.432,146.74,2026-08-05 12:46:00,482
43189.615335,147.7836,147.41,148.01,148.1346,147.2,2026-08-05 12:47:00,753
56883.023311,147.9014,147.99,148.0,148.2,147.64,2026-08-05 12:48:00,789
37107.04763,147.8951,148.01,147.55,148.01,147.3875,2026-08-05 12:49:00,553
13825.293311,147.5893,147.775,147.4796,148.0,147.2,2026-08-05 12:50:00,313
7687.5,147.6684,147.53,147.8,148.0,147.39,2026-08-05 12:51:00,141
5920.027047,147.5276,148.0,147.5,148.0,147.24,2026-08-05 12:52:00,115
11710.69,148.0036,147.55,148.49,148.49,147.5,2026-08-05 12:53:00,237
18526.613,148.5802,148.49,148.75,148.75,148.48,2026-08-05 12:54:00,203
7821.0,148.4597,148.8,148.49,148.8,148.13,2026-08-05 12:55:00,150
4812.403445,148.1479,148.35,147.76,148.3525,147.76,2026-08-05 12:56:00,105
17570.0,148.3995,147.5475,148.6,148.98,147.4005,2026-08-05 12:57:00,167
5908.0,148.6315,148.74,148.5595,148.99,148.34,2026-08-05 12:58:00,126
29864.903705,149.1734,148.75,149.07,149.6,148.5,2026-08-05 12:59:00,324
25586.0,149.3496,149.4,149.5,149.6,149.11,2026-08-05 13:00:00,304
36296.026017,149.9187,149.45,150.29,150.39,149.45,2026-08-05 13:01:00,548
23546.08538,150.489,150.8899,150.88,150.99,150.16,2026-08-05 13:02:00,448
60354.544434,151.1778,150.5,151.5799,151.84,150.5,2026-08-05 13:03:00,648
39751.046089,151.8054,151.5836,151.895,151.9,151.47,2026-08-05 13:04:00,405
49403.069997,152.0002,151.89,152.03,152.4,151.83,2026-08-05 13:05:00,844
11705.365959,152.1692,152.025,152.2,152.31,152.025,2026-08-05 13:06:00,213
18435.177542,151.7354,152.1845,151.5,152.1845,151.33,2026-08-05 13:07:00,370
17910.636319,151.2343,151.5,151.11,151.67,151.0,2026-08-05 13:08:00,260
13894.93737,151.0089,151.2,150.16,151.3255,150.16,2026-08-05 13:09:00,201
9897.0,150.6202,150.31,151.0,151.0,150.29,2026-08-05 13:10:00,146
15058.0,150.8637,150.89,150.876,151.11,150.56,2026-08-05 13:11:00,216
5701.840388,150.875,150.86,150.6155,150.9186,150.6155,2026-08-05 13:12:00,112
10219.15,150.3358,150.69,150.15,150.69,150.02,2026-08-05 13:13:00,187
7604.174504,150.4676,150.25,150.73,150.81,150.1,2026-08-05 13:14:00,131
16860.0,150.6987,150.97,150.57,150.98,150.42,2026-08-05 13:15:00,202
5717.77,150.3146,150.33,150.09,150.46,150.09,2026-08-05 13:16:00,93
11666.606293,149.6214,150.01,149.51,150.19,149.01,2026-08-05 13:17:00,304
7275.0,149.3146,149.11,149.4,149.7,149.11,2026-08-05 13:18:00,119
12979.242301,149.2885,149.4,149.1,149.55,148.98,2026-08-05 13:19:00,360
8938.0,149.2725,148.9299,149.35,149.53,148.91,2026-08-05 13:20:00,144
9233.43,149.1675,149.35,148.98,149.5,148.82,2026-08-05 13:21:00,220
18475.847861,148.5989,148.75,148.52,148.928,148.2,2026-08-05 13:22:00,297
16776.58,148.9964,148.669,148.56,149.51,148.4,2026-08-05 13:23:00,323
11955.820934,148.4193,148.56,148.0,148.75,148.0,2026-08-05 13:24:00,265
58339.939693,149.071,147.99,150.0,150.94,147.03,2026-08-05 13:25:00,1001
40963.640259,150.2818,150.1599,150.12,151.46,149.71,2026-08-05 13:26:00,636
54508.059935,149.7107,150.0,149.37,150.61,148.62,2026-08-05 13:27:00,570
83817.205814,149.6539,149.37,150.0,150.2,148.76,2026-08-05 13:28:00,853
67758.0,150.0604,150.0,150.0,150.31,150.0,2026-08-05 13:29:00,775
1171782.775418,149.4192,150.0,151.24,151.87,146.75,2026-08-05 13:30:00,9966
554333.454836,151.7143,151.125,149.0,153.88,149.0,2026-08-05 13:31:00,6859
363218.11517,148.8616,149.01,148.49,150.0,147.58,2026-08-05 13:32:00,3842
251600.157671,148.2485,148.49,147.445,149.19,147.2101,2026-08-05 13:33:00,3358
307870.720559,146.8188,147.445,146.425,147.6499,146.1,2026-08-05 13:34:00,3759
271375.281814,146.6914,146.5,146.73,147.25,145.71,2026-08-05 13:35:00,3267
156300.349689,146.1794,146.72,145.88,146.8131,145.63,2026-08-05 13:36:00,2045
178534.840857,145.8675,145.71,145.815,146.87,145.36,2026-08-05 13:37:00,2405
264130.977962,145.0992,145.76,144.7464,145.82,144.55,2026-08-05 13:38:00,3286
235013.230787,144.06,144.9,143.3,145.1,143.1701,2026-08-05 13:39:00,3314
182898.017191,143.195,143.3522,142.98,143.7,142.52,2026-08-05 13:40:00,2649
212282.307381,144.1183,143.16,144.69,144.84,142.9501,2026-08-05 13:41:00,2728
188965.783871,144.7468,144.56,145.02,145.23,143.8832,2026-08-05 13:42:00,2809
201875.613498,145.1071,145.11,145.3,145.86,144.86,2026-08-05 13:43:00,1887
128898.286418,145.7417,145.3,145.825,146.21,145.1,2026-08-05 13:44:00,1549
159085.091047,145.5705,145.9,145.69,146.01,145.01,2026-08-05 13:45:00,1820
201153.443509,146.2556,145.7457,146.745,146.8699,145.67,2026-08-05 13:46:00,2349
263621.554865,146.9487,146.8221,146.66,147.46,146.42,2026-08-05 13:47:00,2956
231801.278292,145.7333,146.57,145.2599,146.66,145.01,2026-08-05 13:48:00,2157
158891.361084,145.0343,145.135,145.35,145.74,144.1001,2026-08-05 13:49:00,1804
104600.778118,145.33,145.36,145.3,148.67,144.95,2026-08-05 13:50:00,1293
83443.099389,145.3653,145.32,145.69,145.8,144.98,2026-08-05 13:51:00,1084
90715.654512,145.938,145.69,145.915,146.27,145.43,2026-08-05 13:52:00,1171
120253.287658,145.7108,145.9576,145.595,146.0,145.5,2026-08-05 13:53:00,1261
126769.556525,145.7175,145.6699,145.64,146.1999,145.2,2026-08-05 13:54:00,1263
100529.222904,145.7149,145.595,145.83,145.98,145.3101,2026-08-05 13:55:00,1293
101075.224343,146.1519,145.82,146.2216,146.5,145.66,2026-08-05 13:56:00,1336
86172.83294,146.0104,146.4083,145.8,146.42,145.5194,2026-08-05 13:57:00,1075
97857.588549,146.0233,145.69,146.54,146.55,145.54,2026-08-05 13:58:00,1139
177546.833425,146.9469,146.6,147.42,147.4599,146.31,2026-08-05 13:59:00,1806
115973.153718,147.2609,147.35,147.375,147.605,146.86,2026-08-05 14:00:00,1623
90743.087022,147.1188,147.375,146.895,147.49,146.5601,2026-08-05 14:01:00,1207
133659.088032,146.3299,146.9,145.93,147.12,145.77,2026-08-05 14:02:00,1564
65095.42237,146.199,145.93,146.89,146.89,145.81,2026-08-05 14:03:00,910
71522.748121,146.549,146.79,146.25,146.9299,146.17,2026-08-05 14:04:00,987
100692.604019,145.8765,146.17,145.67,146.24,145.5101,2026-08-05 14:05:00,1201
76639.029495,145.8207,145.6699,146.19,146.31,145.2,2026-08-05 14:06:00,1182
79417.211002,146.1854,146.16,145.83,146.47,145.8,2026-08-05 14:07:00,1199
245596.206915,144.9327,145.84,144.2461,145.84,144.01,2026-08-05 14:08:00,2772
183039.974025,143.8107,144.0671,143.88,144.17,143.36,2026-08-05 14:09:00,1971
104156.777421,144.1068,143.97,143.84,144.44,143.81,2026-08-05 14:10:00,1272
77528.599724,143.894,143.85,144.165,144.25,143.66,2026-08-05 14:11:00,1106
45203.002773,144.1538,144.24,144.14,144.25,144.0401,2026-08-05 14:12:00,690
67454.74589,143.7229,144.08,143.49,144.19,143.4282,2026-08-05 14:13:00,992
94526.092747,143.9311,143.57,144.06,144.18,143.57,2026-08-05 14:14:00,1109
105369.42318,144.3462,143.96,144.535,144.63,143.9,2026-08-05 14:15:00,1031
71573.717277,144.539,144.54,144.1751,144.7974,144.17,2026-08-05 14:16:00,837
96053.48188,144.5401,144.225,144.655,144.86,144.1714,2026-08-05 14:17:00,1108
90639.514039,143.8464,144.665,143.65,144.665,143.3105,2026-08-05 14:18:00,1256
76937.992229,143.5041,143.75,143.42,143.75,143.34,2026-08-05 14:19:00,940
106272.399022,143.1477,143.35,143.17,143.4232,143.0,2026-08-05 14:20:00,1497
102687.130577,142.8509,143.1248,142.9,143.23,142.55,2026-08-05 14:21:00,1344
90188.963634,143.1846,142.875,143.62,143.62,142.875,2026-08-05 14:22:00,1098
83520.847953,143.7542,143.6,143.625,143.95,143.4983,2026-08-05 14:23:00,1144
78733.576732,143.9217,143.5709,143.94,144.31,143.5709,2026-08-05 14:24:00,1080
80461.264331,144.4168,143.935,144.59,144.79,143.9059,2026-08-05 14:25:00,1062
45872.22833,144.4158,144.6399,144.425,144.64,144.25,2026-08-05 14:26:00,672
66980.533317,144.5141,144.41,144.73,144.73,144.31,2026-08-05 14:27:00,1019
111332.414685,145.1103,144.6725,144.9999,145.31,144.6725,2026-08-05 14:28:00,1232
67034.764683,144.9796,145.026,145.16,145.2099,144.8,2026-08-05 14:29:00,889
151465.283214,145.1226,145.15,145.4151,145.42,144.86,2026-08-05 14:30:00,1409
95507.087227,145.146,145.485,144.86,145.5,144.81,2026-08-05 14:31:00,1037
82360.689261,144.5138,144.88,144.8,144.9348,144.21,2026-08-05 14:32:00,960
85366.291272,144.9161,144.78,145.13,145.18,144.74,2026-08-05 14:33:00,963
67528.303964,145.0993,145.085,144.82,145.25,144.79,2026-08-05 14:34:00,906
59314.476841,144.7486,144.84,144.645,144.95,144.52,2026-08-05 14:35:00,635
93753.906172,144.8618,144.67,145.155,145.2,144.57,2026-08-05 14:36:00,820
69226.429331,145.211,145.155,144.8935,145.6063,144.8,2026-08-05 14:37:00,847
43864.443139,145.0603,144.925,144.955,145.26,144.87,2026-08-05 14:38:00,634
67191.833387,144.9769,144.86,145.27,145.27,144.855,2026-08-05 14:39:00,969
55918.931135,145.1223,145.26,144.58,145.45,144.53,2026-08-05 14:40:00,1003
68151.39005,144.5663,144.54,144.6,144.84,144.2,2026-08-05 14:41:00,1059
38427.440785,144.6385,144.51,144.8159,144.825,144.395,2026-08-05 14:42:00,647
68171.083766,144.6694,144.6101,144.47,144.93,144.43,2026-08-05 14:43:00,850
45364.190247,144.7623,144.5,144.93,145.01,144.34,2026-08-05 14:44:00,727
70029.565494,145.1525,144.9,145.35,145.45,144.8,2026-08-05 14:45:00,957
76122.893879,145.2274,145.23,144.945,145.43,144.9,2026-08-05 14:46:00,1114
56720.095007,144.8174,144.955,144.765,145.03,144.6,2026-08-05 14:47:00,822
102726.838569,145.2146,144.7962,145.395,145.57,144.69,2026-08-05 14:48:00,1291
106111.107701,145.4292,145.36,145.6,145.7399,145.1842,2026-08-05 14:49:00,1190
82226.855511,145.4608,145.635,145.49,145.7999,145.1006,2026-08-05 14:50:00,989
82000.653239,145.4554,145.43,145.265,145.64,145.18,2026-08-05 14:51:00,817
64304.502864,145.3055,145.345,145.45,145.5,145.1644,2026-08-05 14:52:00,907
176800.203397,145.0851,145.43,145.0,145.43,144.8,2026-08-05 14:53:00,1798
148421.71397,144.9965,145.01,145.26,145.38,144.77,2026-08-05 14:54:00,1451
73182.600104,145.1039,145.25,145.01,145.3,144.94,2026-08-05 14:55:00,962
67405.887464,144.7067,144.97,144.4401,145.01,144.4401,2026-08-05 14:56:00,989
87196.674501,144.4356,144.47,144.49,144.57,144.34,2026-08-05 14:57:00,826
40644.044848,144.3255,144.42,144.35,144.48,144.1492,2026-08-05 14:58:00,624
68150.4884,144.4327,144.35,144.625,144.82,144.1382,2026-08-05 14:59:00,939
125205.716492,145.0519,144.68,145.1743,145.305,144.68,2026-08-05 15:00:00,1440
79867.910135,144.8741,145.135,145.1082,145.135,144.54,2026-08-05 15:01:00,982
142465.539604,144.9827,144.93,145.22,145.425,144.4793,2026-08-05 15:02:00,1284
76578.622611,145.4456,145.24,145.5,145.63,145.23,2026-08-05 15:03:00,900
152807.472683,145.8122,145.5,146.05,146.25,145.26,2026-08-05 15:04:00,1587
104709.489507,146.1136,145.95,146.44,146.46,145.94,2026-08-05 15:05:00,1131
195719.747159,146.6025,146.41,146.63,146.82,146.395,2026-08-05 15:06:00,2089
206824.67812,146.8786,146.72,146.915,147.25,146.57,2026-08-05 15:07:00,2217
99790.31013,147.0922,146.8538,147.23,147.34,146.76,2026-08-05 15:08:00,1070
121442.632081,147.476,147.27,147.54,147.68,147.27,2026-08-05 15:09:00,1410
89026.08345,147.3002,147.48,147.035,147.63,146.93,2026-08-05 15:10:00,1059
113581.98597,146.9702,147.035,146.585,147.28,146.5053,2026-08-05 15:11:00,1377
62425.548911,146.2403,146.585,146.051,146.61,145.9896,2026-08-05 15:12:00,956
66359.960982,146.02,146.09,145.92,146.19,145.8,2026-08-05 15:13:00,951
95321.842318,145.9627,145.93,146.085,146.14,145.72,2026-08-05 15:14:00,1169
75721.523249,145.9979,146.1345,146.15,146.1799,145.76,2026-08-05 15:15:00,1024
62608.843499,145.9863,146.115,145.855,146.13,145.8,2026-08-05 15:16:00,816
97186.561719,145.6659,145.85,145.9199,145.93,145.33,2026-08-05 15:17:00,1185
89547.484029,145.6914,145.85,145.81,145.93,145.495,2026-08-05 15:18:00,1010
51707.63521,145.663,145.825,145.61,145.85,145.3501,2026-08-05 15:19:00,869
67173.157277,145.566,145.62,145.6712,145.69,145.42,2026-08-05 15:20:00,822
69430.091981,145.8374,145.64,146.25,146.31,145.58,2026-08-05 15:21:00,900
45442.818927,146.0151,146.2,145.8376,146.2,145.8,2026-08-05 15:22:00,623
46013.099501,145.9136,145.87,145.88,146.09,145.72,2026-08-05 15:23:00,684
56223.170857,145.9886,145.91,146.02,146.14,145.81,2026-08-05 15:24:00,736
48635.202068,145.7799,146.02,145.425,146.02,145.3904,2026-08-05 15:25:00,708
46314.161559,145.4796,145.43,145.425,145.62,145.37,2026-08-05 15:26:00,507
74075.177327,145.2581,145.425,145.22,145.425,145.11,2026-08-05 15:27:00,945
85688.662819,145.1554,145.24,144.88,145.33,144.8,2026-08-05 15:28:00,1131
102714.166662,144.7723,144.9295,144.81,144.99,144.3701,2026-08-05 15:29:00,1213
172883.41405,145.2247,144.735,145.77,145.8363,144.6613,2026-08-05 15:30:00,1520
84881.998562,145.6397,145.78,145.59,145.83,145.3701,2026-08-05 15:31:00,1059
95200.405454,145.3797,145.59,145.03,145.67,145.0,2026-08-05 15:32:00,1154
82241.913573,145.3007,145.04,145.4455,145.46,145.0,2026-08-05 15:33:00,930
274019.847918,145.1713,145.43,145.235,145.43,144.94,2026-08-05 15:34:00,969
165594.134342,145.1644,145.245,144.935,145.5,144.85,2026-08-05 15:35:00,1518
227057.796219,145.1578,144.99,145.365,145.45,144.9,2026-08-05 15:36:00,1253
52812.165354,145.274,145.365,145.11,145.44,145.03,2026-08-05 15:37:00,713
39354.330703,145.1069,145.15,145.125,145.24,145.0,2026-08-05 15:38:00,524
79267.69161,144.7331,145.09,144.585,145.125,144.5,2026-08-05 15:39:00,863
80515.656434,144.5514,144.6399,144.42,144.72,144.4,2026-08-05 15:40:00,1081
79449.868354,144.3851,144.47,144.525,144.605,144.15,2026-08-05 15:41:00,1021
84035.210986,144.6512,144.525,144.8201,144.88,144.4724,2026-08-05 15:42:00,894
128636.706121,144.9731,144.83,145.02,145.15,144.81,2026-08-05 15:43:00,1353
224632.153852,145.147,145.06,144.77,145.06,144.57,2026-08-05 15:44:00,793
54949.274661,144.6426,144.79,144.415,144.84,144.39,2026-08-05 15:45:00,771
47883.52529,144.5692,144.42,144.67,144.78,144.3501,2026-08-05 15:46:00,666
43988.529256,144.5548,144.7487,144.35,144.8,144.35,2026-08-05 15:47:00,602
51230.745568,144.5087,144.385,144.585,144.725,144.28,2026-08-05 15:48:00,829
64549.605798,144.3229,144.585,144.135,144.61,144.11,2026-08-05 15:49:00,805
68481.92739,143.8685,144.13,143.77,144.135,143.63,2026-08-05 15:50:00,852
44176.439055,143.7921,143.82,143.8307,143.9503,143.665,2026-08-05 15:51:00,697
50698.025346,143.8019,143.75,143.78,143.92,143.6801,2026-08-05 15:52:00,660
74424.609674,143.7175,143.765,143.675,143.8631,143.57,2026-08-05 15:53:00,861
92719.860055,144.0935,143.725,144.205,144.4,143.68,2026-08-05 15:54:00,971
75513.36203,144.2973,144.2,144.315,144.49,144.125,2026-08-05 15:55:00,803
56018.617847,144.1064,144.245,144.2,144.3199,143.96,2026-08-05 15:56:00,773
29650.030232,144.0894,144.13,144.1,144.205,143.97,2026-08-05 15:57:00,480
32750.052868,144.1607,144.12,144.065,144.269,144.03,2026-08-05 15:58:00,483
78188.83333,144.1931,144.09,144.16,144.37,144.02,2026-08-05 15:59:00,952
42466.036351,144.1575,144.165,144.29,144.3512,144.02,2026-08-05 16:00:00,529
84226.226524,144.2618,144.26,144.135,144.42,144.11,2026-08-05 16:01:00,885
38489.32913,144.2343,144.135,144.235,144.31,144.13,2026-08-05 16:02:00,546
208464.875911,144.1553,144.25,144.24,144.36,143.76,2026-08-05 16:03:00,2221
93480.251339,144.2659,144.26,144.15,144.5,144.15,2026-08-05 16:04:00,867
36613.824316,144.0862,144.18,143.885,144.235,143.824,2026-08-05 16:05:00,550
94350.927839,144.0038,143.88,144.11,144.16,143.85,2026-08-05 16:06:00,909
58051.654526,144.0001,144.09,143.91,144.15,143.9,2026-08-05 16:07:00,680
84452.851402,143.8999,143.91,143.785,144.0,143.77,2026-08-05 16:08:00,901
58641.130952,143.7928,143.785,143.68,143.91,143.65,2026-08-05 16:09:00,642
51286.383996,143.7449,143.63,143.59,143.87,143.52,2026-08-05 16:10:00,702
39586.970663,143.5851,143.56,143.67,143.72,143.49,2026-08-05 16:11:00,642
55077.295498,143.4153,143.685,143.49,143.7,143.1801,2026-08-05 16:12:00,769
50889.633976,143.2953,143.445,143.235,143.45,143.1,2026-08-05 16:13:00,702
54309.122833,143.0815,143.23,143.075,143.23,142.99,2026-08-05 16:14:00,737
60199.173799,142.9911,143.07,143.025,143.13,142.72,2026-08-05 16:15:00,821
32821.582901,143.0206,143.07,143.04,143.08,142.92,2026-08-05 16:16:00,528
43403.18705,142.979,143.02,142.9101,143.08,142.9001,2026-08-05 16:17:00,638
77512.181474,143.0063,142.96,142.89,143.14,142.78,2026-08-05 16:18:00,831
38220.638742,142.9811,142.89,143.06,143.125,142.85,2026-08-05 16:19:00,531
84540.177257,143.124,143.07,143.185,143.24,143.0,2026-08-05 16:20:00,981
65270.25753,143.1992,143.185,143.365,143.4797,143.0,2026-08-05 16:21:00,848
99316.463422,143.4997,143.365,143.605,143.83,143.26,2026-08-05 16:22:00,1138
36685.032482,143.7065,143.545,143.849,143.93,143.53,2026-08-05 16:23:00,582
73800.303382,143.7837,143.85,143.755,143.97,143.66,2026-08-05 16:24:00,1009
48382.132432,143.6626,143.67,143.5,143.78,143.46,2026-08-05 16:25:00,673
150441.744949,143.9015,143.5,143.97,144.06,143.5,2026-08-05 16:26:00,1484
51281.032298,143.7587,143.95,143.49,144.0,143.45,2026-08-05 16:27:00,738
31312.20372,143.5823,143.4551,143.6,143.74,143.35,2026-08-05 16:28:00,525
49741.74677,143.6064,143.65,143.34,143.77,143.3041,2026-08-05 16:29:00,589
32522.581266,143.5534,143.37,143.68,143.69,143.37,2026-08-05 16:30:00,502
53116.323363,143.6716,143.71,143.67,143.76,143.55,2026-08-05 16:31:00,771
46518.47053,143.785,143.72,143.865,143.9,143.68,2026-08-05 16:32:00,641
30413.880696,143.6826,143.86,143.58,143.87,143.405,2026-08-05 16:33:00,494
36785.818313,143.7144,143.555,143.73,143.87,143.5501,2026-08-05 16:34:00,341
50601.110463,143.4772,143.73,143.37,143.73,143.302,2026-08-05 16:35:00,738
27124.252793,143.419,143.37,143.43,143.49,143.35,2026-08-05 16:36:00,433
57416.549768,143.5481,143.44,143.7,143.735,143.43,2026-08-05 16:37:00,672
27435.501878,143.7197,143.7,143.74,143.81,143.61,2026-08-05 16:38:00,434
50123.662353,143.839,143.75,143.86,143.94,143.71,2026-08-05 16:39:00,701
45341.586997,143.911,143.895,143.96,144.04,143.81,2026-08-05 16:40:00,530
30674.157524,143.882,143.95,143.8736,143.95,143.82,2026-08-05 16:41:00,464
32975.614575,143.7761,143.9,143.69,143.905,143.69,2026-08-05 16:42:00,551
23369.423814,143.7149,143.72,143.675,143.77,143.6,2026-08-05 16:43:00,379
33363.271471,143.6029,143.685,143.61,143.74,143.43,2026-08-05 16:44:00,494
28350.544292,143.5773,143.6051,143.5225,143.7,143.49,2026-08-05 16:45:00,454
42611.010886,143.7578,143.49,143.955,143.99,143.47,2026-08-05 16:46:00,638
65052.517298,143.7759,143.92,143.7603,143.93,143.7,2026-08-05 16:47:00,602
18204.632925,143.7757,143.78,143.8,143.87,143.68,2026-08-05 16:48:00,355
86408.405934,144.1297,143.735,144.21,144.3199,143.735,2026-08-05 16:49:00,854
47108.418198,144.2947,144.2175,144.17,144.4574,144.17,2026-08-05 16:50:00,711
37909.814676,144.1826,144.17,144.295,144.34,144.0801,2026-08-05 16:51:00,527
80045.24165,144.3282,144.295,144.54,144.54,144.24,2026-08-05 16:52:00,964
90825.153468,144.9782,144.57,145.1599,145.3,144.54,2026-08-05 16:53:00,1067
86580.052256,145.159,145.07,144.87,145.33,144.87,2026-08-05 16:54:00,1128
79257.009619,144.9751,144.865,145.02,145.09,144.81,2026-08-05 16:55:00,896
71833.013775,145.1964,145.01,145.18,145.36,144.94,2026-08-05 16:56:00,817
137120.344145,145.5037,145.22,145.65,145.81,145.22,2026-08-05 16:57:00,1361
72787.249615,145.7088,145.64,145.5,145.9199,145.45,2026-08-05 16:58:00,1027
96505.694855,145.6072,145.5,145.82,145.9,145.26,2026-08-05 16:59:00,914
105043.212337,145.9638,145.8,146.24,146.305,145.6531,2026-08-05 17:00:00,1274
104764.84751,146.3338,146.27,146.56,146.6799,146.16,2026-08-05 17:01:00,1198
102262.275912,146.0154,146.63,145.995,146.64,145.44,2026-08-05 17:02:00,1235
72242.891758,145.9148,145.955,145.87,146.16,145.64,2026-08-05 17:03:00,726
46377.824525,145.8883,145.87,145.9913,146.04,145.78,2026-08-05 17:04:00,504
44537.650573,145.9549,145.99,145.975,146.05,145.83,2026-08-05 17:05:00,576
25589.82061,145.839,145.975,145.875,145.975,145.6897,2026-08-05 17:06:00,447
28150.961495,145.9114,145.9,145.885,145.96,145.7901,2026-08-05 17:07:00,412
39929.540783,145.9393,145.92,146.02,146.03,145.8011,2026-08-05 17:08:00,492
92662.850924,146.1136,146.02,146.38,146.5,145.98,2026-08-05 17:09:00,924
107524.40105,146.2472,146.3025,146.14,146.4401,146.05,2026-08-05 17:10:00,871
33897.638575,145.9406,146.06,145.815,146.1366,145.7,2026-08-05 17:11:00,508
62042.21341,146.0709,145.7191,146.2475,146.35,145.7,2026-08-05 17:12:00,675
36325.804983,146.3177,146.29,146.39,146.5,146.1733,2026-08-05 17:13:00,480
69248.629902,146.4452,146.48,146.48,146.65,146.26,2026-08-05 17:14:00,750
35270.5944,146.3984,146.48,146.335,146.53,146.2701,2026-08-05 17:15:00,593
64807.403849,146.5643,146.335,146.785,146.85,146.2948,2026-08-05 17:16:00,750
47031.516815,146.7876,146.785,146.75,146.85,146.73,2026-08-05 17:17:00,603
71798.755565,146.658,146.765,146.41,146.88,146.3301,2026-08-05 17:18:00,795
41889.334321,146.3357,146.33,146.315,146.39,146.21,2026-08-05 17:19:00,488
35736.663912,146.4435,146.315,146.475,146.51,146.27,2026-08-05 17:20:00,471
39345.554322,146.387,146.475,146.335,146.51,146.26,2026-08-05 17:21:00,556
40864.710109,146.2991,146.34,146.32,146.41,146.18,2026-08-05 17:22:00,597
44277.63649,146.4223,146.28,146.385,146.5425,146.28,2026-08-05 17:23:00,467
65983.528153,146.3769,146.33,146.505,146.58,146.19,2026-08-05 17:24:00,656
56296.270552,146.2293,146.545,145.93,146.5752,145.83,2026-08-05 17:25:00,663
23839.513064,146.1025,145.97,146.16,146.2,145.97,2026-08-05 17:26:00,397
21739.520112,146.1287,146.1,146.11,146.2049,146.02,2026-08-05 17:27:00,318
22837.981827,146.1049,146.065,146.11,146.16,146.03,2026-08-05 17:28:00,383
16606.053597,146.2139,146.15,146.305,146.33,146.11,2026-08-05 17:29:00,323
32766.79337,146.2951,146.31,146.36,146.445,146.1858,2026-08-05 17:30:00,537
17704.132311,146.2861,146.31,146.32,146.33,146.2325,2026-08-05 17:31:00,289
52411.155746,146.4397,146.32,146.59,146.71,146.2,2026-08-05 17:32:00,725
49929.60386,146.7004,146.62,146.6932,146.865,146.53,2026-08-05 17:33:00,682
61596.226639,146.6724,146.655,146.67,146.7999,146.57,2026-08-05 17:34:00,649
37818.164224,146.7875,146.69,146.79,146.93,146.62,2026-08-05 17:35:00,526
43270.921434,146.8879,146.84,146.885,146.96,146.84,2026-08-05 17:36:00,667
63037.656342,146.9746,146.87,147.03,147.09,146.84,2026-08-05 17:37:00,884
63750.343243,147.0998,147.03,147.095,147.25,146.95,2026-08-05 17:38:00,818
29207.610795,147.0013,147.04,146.92,147.12,146.8601,2026-08-05 17:39:00,392
64396.401272,147.2142,146.885,147.16,147.405,146.88,2026-08-05 17:40:00,937
69047.710675,147.0407,147.14,147.05,147.15,146.995,2026-08-05 17:41:00,804
45195.193927,147.003,147.05,146.795,147.1175,146.77,2026-08-05 17:42:00,675
34503.293593,146.8009,146.795,146.79,146.88,146.73,2026-08-05 17:43:00,445
28955.450342,146.8484,146.795,146.83,146.93,146.76,2026-08-05 17:44:00,420
33636.199098,146.8277,146.855,146.935,146.9799,146.75,2026-08-05 17:45:00,494
54307.761429,146.9807,146.95,146.835,147.15,146.81,2026-08-05 17:46:00,817
41059.394288,146.859,146.85,146.84,146.935,146.78,2026-08-05 17:47:00,592
40049.30547,146.9077,146.84,146.84,147.0207,146.8,2026-08-05 17:48:00,554
24485.019126,146.8154,146.83,146.815,146.87,146.72,2026-08-05 17:49:00,435
28373.217945,146.8339,146.8,146.81,146.89,146.77,2026-08-05 17:50:00,455
53455.300126,146.7874,146.78,146.85,146.92,146.64,2026-08-05 17:51:00,727
42929.852235,146.9377,146.885,146.95,147.01,146.8701,2026-08-05 17:52:00,556
61110.323952,147.0855,146.94,147.23,147.24,146.88,2026-08-05 17:53:00,859
78998.157713,147.1438,147.24,147.06,147.3299,146.95,2026-08-05 17:54:00,1011
44084.586579,147.2431,147.03,147.33,147.37,146.99,2026-08-05 17:55:00,622
48021.749811,147.3059,147.33,147.34,147.42,147.23,2026-08-05 17:56:00,694
84056.194261,147.4892,147.34,147.57,147.66,147.28,2026-08-05 17:57:00,1034
64339.029751,147.5528,147.61,147.52,147.67,147.43,2026-08-05 17:58:00,863
58732.618931,147.3732,147.47,147.34,147.56,147.3,2026-08-05 17:59:00,883
47258.712744,147.3446,147.3,147.305,147.45,147.23,2026-08-05 18:00:00,683
159940.967327,147.3046,147.305,147.02,147.52,146.88,2026-08-05 18:01:00,1169
52008.553882,147.2076,147.04,147.085,147.5,146.9,2026-08-05 18:02:00,768
38581.084234,147.1613,147.09,147.16,147.225,147.0864,2026-08-05 18:03:00,550
43330.77309,146.9907,147.155,146.9,147.17,146.84,2026-08-05 18:04:00,687
72381.256348,146.6394,146.87,146.39,146.93,146.33,2026-08-05 18:05:00,840
47261.605038,146.441,146.41,146.4,146.555,146.34,2026-08-05 18:06:00,703
42962.076774,146.4728,146.429,146.6299,146.69,146.35,2026-08-05 18:07:00,661
25358.697612,146.553,146.59,146.49,146.61,146.45,2026-08-05 18:08:00,543
39369.106541,146.5116,146.49,146.47,146.645,146.36,2026-08-05 18:09:00,573
37008.320912,146.5837,146.49,146.79,146.83,146.4142,2026-08-05 18:10:00,491
55687.69283,146.7611,146.78,146.88,147.0274,146.65,2026-08-05 18:11:00,721
45003.738687,146.8304,146.88,146.86,146.99,146.755,2026-08-05 18:12:00,584
31455.963025,146.8604,146.885,146.7325,146.96,146.7325,2026-08-05 18:13:00,498
37575.382018,146.7391,146.7325,146.74,146.85,146.68,2026-08-05 18:14:00,552
35414.17936,146.7792,146.74,146.81,146.94,146.65,2026-08-05 18:15:00,676
71891.917645,146.7019,146.82,146.645,146.88,146.5301,2026-08-05 18:16:00,763
40647.082409,146.6408,146.66,146.655,146.7996,146.52,2026-08-05 18:17:00,615
47473.348547,146.4182,146.64,146.33,146.645,146.27,2026-08-05 18:18:00,652
36447.38502,146.4137,146.359,146.5234,146.62,146.3,2026-08-05 18:19:00,558
22461.679005,146.5506,146.565,146.68,146.69,146.48,2026-08-05 18:20:00,472
32791.935816,146.5758,146.64,146.575,146.68,146.475,2026-08-05 18:21:00,520
45375.608101,146.4167,146.565,146.28,146.59,146.18,2026-08-05 18:22:00,642
34514.899032,146.282,146.27,146.185,146.3713,146.18,2026-08-05 18:23:00,498
40669.45878,146.1809,146.1618,146.16,146.25,146.11,2026-08-05 18:24:00,689
30064.714495,146.1497,146.165,146.2,146.21,146.1,2026-08-05 18:25:00,549
26505.433691,146.1781,146.2,146.19,146.22,146.1,2026-08-05 18:26:00,416
29311.654105,146.1876,146.18,146.17,146.24,146.12,2026-08-05 18:27:00,553
39082.26594,146.2325,146.185,146.31,146.32,146.16,2026-08-05 18:28:00,422
33386.987507,146.3201,146.3,146.33,146.37,146.28,2026-08-05 18:29:00,469
55688.019863,146.3524,146.35,146.39,146.54,146.2745,2026-08-05 18:30:00,752
50697.131939,146.4433,146.365,146.43,146.519,146.36,2026-08-05 18:31:00,602
87231.52989,146.7115,146.46,146.75,146.85,146.46,2026-08-05 18:32:00,1057
30429.316789,146.6898,146.7325,146.735,146.75,146.63,2026-08-05 18:33:00,502
52916.408326,146.6085,146.735,146.5741,146.78,146.37,2026-08-05 18:34:00,699
40156.971588,146.6003,146.59,146.74,146.74,146.45,2026-08-05 18:35:00,594
94138.947242,146.7972,146.7477,146.59,146.96,146.575,2026-08-05 18:36:00,1143
31068.089599,146.7412,146.62,146.78,146.83,146.61,2026-08-05 18:37:00,488
57606.626977,146.9181,146.78,147.02,147.07,146.71,2026-08-05 18:38:00,789
36283.57374,147.0507,147.04,147.06,147.14,146.98,2026-08-05 18:39:00,490
64704.240937,147.0028,147.02,147.1,147.11,146.89,2026-08-05 18:40:00,797
39724.640167,147.0451,147.09,147.09,147.13,146.98,2026-08-05 18:41:00,563
48152.325252,147.1185,147.109,147.12,147.19,147.06,2026-08-05 18:42:00,648
79520.518368,147.3218,147.12,147.43,147.44,147.09,2026-08-05 18:43:00,989
90174.280452,147.5228,147.395,147.4,147.645,147.39,2026-08-05 18:44:00,1042
56903.05773,147.4476,147.44,147.74,147.74,147.3,2026-08-05 18:45:00,813
86936.349791,147.7507,147.74,147.73,147.86,147.66,2026-08-05 18:46:00,1150
140387.912937,147.8448,147.73,148.1195,148.13,147.6,2026-08-05 18:47:00,1564
139696.052702,147.9471,148.08,147.845,148.2,147.7301,2026-08-05 18:48:00,1538
99585.178149,147.6152,147.845,147.41,147.845,147.3193,2026-08-05 18:49:00,1122
57189.13455,147.5651,147.415,147.68,147.7,147.32,2026-08-05 18:50:00,726
42048.82182,147.5894,147.67,147.56,147.67,147.4558,2026-08-05 18:51:00,602
119686.62111,147.2586,147.52,147.38,147.52,147.02,2026-08-05 18:52:00,1299
49428.096417,147.5825,147.36,147.56,147.69,147.36,2026-08-05 18:53:00,733
44101.152315,147.6023,147.62,147.61,147.68,147.47,2026-08-05 18:54:00,554
58544.992954,147.5195,147.64,147.49,147.65,147.45,2026-08-05 18:55:00,726
70639.280443,147.2919,147.495,147.185,147.52,147.1401,2026-08-05 18:56:00,879
51710.109968,147.2737,147.185,147.19,147.34,147.15,2026-08-05 18:57:00,671
62842.243953,147.2841,147.205,147.33,147.39,147.16,2026-08-05 18:58:00,711
51926.684772,147.2659,147.309,147.175,147.365,147.04,2026-08-05 18:59:00,710
56646.976327,147.217,147.175,147.25,147.3,147.12,2026-08-05 19:00:00,706
83844.224727,147.3923,147.22,147.455,147.6,147.2,2026-08-05 19:01:00,1009
58444.378603,147.5259,147.455,147.655,147.73,147.35,2026-08-05 19:02:00,812
64237.899158,147.7166,147.655,147.74,147.845,147.6,2026-08-05 19:03:00,811
47561.016909,147.7244,147.7546,147.74,147.83,147.5501,2026-08-05 19:04:00,649
65984.095187,147.9274,147.76,147.91,148.0799,147.745,2026-08-05 19:05:00,918
76340.583628,147.766,147.91,147.6,147.96,147.53,2026-08-05 19:06:00,972
49567.332201,147.7179,147.5201,147.98,147.99,147.3801,2026-08-05 19:07:00,596
74505.442566,147.931,147.95,147.92,148.075,147.87,2026-08-05 19:08:00,865
52217.858636,147.7373,147.92,147.74,147.92,147.5761,2026-08-05 19:09:00,624
51906.507654,147.6642,147.735,147.715,147.735,147.59,2026-08-05 19:10:00,707
49034.234931,147.5983,147.73,147.4,147.73,147.34,2026-08-05 19:11:00,647
92601.403148,147.652,147.41,147.75,147.87,147.3832,2026-08-05 19:12:00,1257
58296.754994,147.8588,147.69,147.775,148.03,147.69,2026-08-05 19:13:00,697
60186.055499,147.753,147.8,147.68,147.84,147.68,2026-08-05 19:14:00,673
57779.795662,147.6427,147.68,147.64,147.72,147.5,2026-08-05 19:15:00,747
54129.386536,147.6981,147.65,147.64,147.82,147.63,2026-08-05 19:16:00,836
51312.635332,147.6559,147.65,147.62,147.74,147.5801,2026-08-05 19:17:00,698
68521.781702,147.5132,147.62,147.135,147.645,147.1056,2026-08-05 19:18:00,880
117817.176711,146.8986,147.19,146.875,147.2199,146.65,2026-08-05 19:19:00,1325
66210.395945,146.6409,146.9072,146.64,146.9072,146.4305,2026-08-05 19:20:00,855
85045.546593,146.5954,146.63,146.46,146.63,146.4,2026-08-05 19:21:00,953
73115.753513,146.3988,146.46,146.165,146.6,146.16,2026-08-05 19:22:00,860
55293.601942,146.125,146.1446,146.115,146.21,146.0,2026-08-05 19:23:00,858
93538.663528,145.9801,146.115,145.79,146.1199,145.77,2026-08-05 19:24:00,1011
47913.151108,146.0054,145.79,146.12,146.155,145.75,2026-08-05 19:25:00,588
66684.681749,146.1687,146.12,146.11,146.3,146.08,2026-08-05 19:26:00,789
51073.494799,146.0804,146.07,146.06,146.135,145.99,2026-08-05 19:27:00,691
73134.159308,146.0832,146.06,146.1,146.17,145.9981,2026-08-05 19:28:00,785
72332.077694,146.2299,146.1,146.33,146.41,146.06,2026-08-05 19:29:00,1062
76787.920315,146.3638,146.369,146.41,146.43,146.2736,2026-08-05 19:30:00,997
64671.282541,146.3282,146.415,146.24,146.44,146.16,2026-08-05 19:31:00,844
93023.517738,146.3138,146.22,146.395,146.52,146.19,2026-08-05 19:32:00,1197
68898.158875,146.3202,146.41,146.095,146.46,146.065,2026-08-05 19:33:00,882
63263.788803,145.9401,146.09,145.805,146.11,145.7401,2026-08-05 19:34:00,806
86041.045205,145.7566,145.8,145.8,145.855,145.642,2026-08-05 19:35:00,1146
63510.05739,145.8438,145.805,145.765,145.88,145.7,2026-08-05 19:36:00,802
329488.564729,144.9443,145.73,144.9055,145.77,144.57,2026-08-05 19:37:00,2416
56656.30693,145.0151,144.98,144.93,145.04,144.79,2026-08-05 19:38:00,741
57222.217046,144.8481,144.93,144.675,144.98,144.61,2026-08-05 19:39:00,782
69600.085018,144.6143,144.63,144.86,144.86,144.42,2026-08-05 19:40:00,935
66669.83143,144.7164,144.84,144.78,144.88,144.5242,2026-08-05 19:41:00,983
85904.421757,144.7148,144.73,144.74,144.905,144.5101,2026-08-05 19:42:00,1068
140585.07897,144.7645,144.78,144.74,144.845,144.6032,2026-08-05 19:43:00,1274
88364.423176,144.5159,144.75,144.45,144.75,144.3,2026-08-05 19:44:00,1136
106644.429202,144.7366,144.445,144.66,145.0,144.41,2026-08-05 19:45:00,1331
65573.842049,144.6002,144.66,144.64,144.715,144.4301,2026-08-05 19:46:00,1038
63598.024812,144.5804,144.615,144.535,144.75,144.45,2026-08-05 19:47:00,968
85993.072997,144.6325,144.56,144.71,144.71,144.54,2026-08-05 19:48:00,1077
140312.165865,145.0247,144.71,145.45,145.55,144.71,2026-08-05 19:49:00,1350
185893.172834,145.6215,145.44,145.385,145.88,145.3,2026-08-05 19:50:00,2489
173570.440704,145.1805,145.38,145.045,145.51,144.98,2026-08-05 19:51:00,1914
132026.266414,145.1456,145.04,145.215,145.25,145.02,2026-08-05 19:52:00,1739
171596.150797,145.008,145.24,144.785,145.26,144.7401,2026-08-05 19:53:00,2031
214813.873484,144.3681,144.795,143.91,144.93,143.73,2026-08-05 19:54:00,3101
312071.787558,143.9462,143.92,143.93,144.15,143.74,2026-08-05 19:55:00,4001
300514.650414,143.9234,143.93,143.845,144.15,143.74,2026-08-05 19:56:00,3525
352125.529726,144.086,143.85,144.045,144.26,143.82,2026-08-05 19:57:00,4749
372356.49805,144.272,144.01,144.41,144.47,144.0,2026-08-05 19:58:00,4652
557547.493945,144.3144,144.4,144.29,144.465,144.145,2026-08-05 19:59:00,6078
54621.18584,144.2377,144.24,143.8305,144.24,143.7817,2026-08-05 20:00:00,94
1110.648927,143.9816,143.884,143.8467,143.884,143.8467,2026-08-05 20:01:00,9
1626.0,144.0721,144.24,144.3,144.3,143.8446,2026-08-05 20:02:00,17
995.0,144.138,144.3898,144.49,144.49,143.8,2026-08-05 20:03:00,23
485.55381,144.552,144.3836,144.4308,144.4308,144.3836,2026-08-05 20:04:00,26
3955.0,144.2833,144.0,144.54,144.54,144.0,2026-08-05 20:05:00,56
3208.0,144.41,144.14,144.66,144.66,144.14,2026-08-05 20:06:00,45
4500.007521,145.0299,144.19,145.0,145.8,144.11,2026-08-05 20:07:00,62
773.0,145.0763,145.02,145.0,145.02,145.0,2026-08-05 20:08:00,15
5025.469118,144.9911,145.06,144.9,145.06,144.9,2026-08-05 20:09:00,35
126.0,145.339,145.4,145.4,145.4,145.4,2026-08-05 20:11:00,6
538.0,144.7634,144.47,144.47,144.47,144.47,2026-08-05 20:12:00,13
2073.0,145.119,145.0881,145.4162,145.4162,145.0881,2026-08-05 20:13:00,15
3191.0,145.4264,145.27,145.4388,145.4388,145.27,2026-08-05 20:14:00,8
863.689903,145.2852,145.1704,145.4411,145.4411,145.11,2026-08-05 20:15:00,17
1729.0,145.1366,145.13,145.153,145.153,145.13,2026-08-05 20:16:00,14
1555.0,145.1391,145.13,145.13,145.13,145.13,2026-08-05 20:17:00,25
848.347549,145.2536,145.285,145.14,145.285,145.14,2026-08-05 20:18:00,19
3469.17508,144.9857,145.15,145.25,145.31,145.15,2026-08-05 20:19:00,41
1674.75,145.0926,145.26,144.6392,145.26,144.4391,2026-08-05 20:21:00,29
205.0,145.2771,145.2773,145.2773,145.2773,145.2773,2026-08-05 20:24:00,8
349.152895,145.3587,145.2875,145.2968,145.2968,145.2875,2026-08-05 20:25:00,25
791.12,145.3853,145.4,145.33,145.4,145.33,2026-08-05 20:27:00,9
1473.0,145.2451,145.25,145.24,145.25,145.24,2026-08-05 20:29:00,18
307.04,145.1341,145.1,145.1193,145.1193,145.1,2026-08-05 20:32:00,12
1249.31,145.1213,145.12,145.05,145.125,145.05,2026-08-05 20:33:00,17
125.0,145.2126,145.2407,145.2407,145.2407,145.2407,2026-08-05 20:34:00,2
1170.0,145.1446,145.0951,145.1,145.2346,145.07,2026-08-05 20:35:00,11
312.013769,145.07,145.06,145.06,145.06,145.06,2026-08-05 20:36:00,9
561.0,145.1,145.08,145.08,145.08,145.08,2026-08-05 20:37:00,14
241.0,144.8466,145.04,145.04,145.04,145.04,2026-08-05 20:38:00,13
261.0,144.5664,144.5928,144.5928,144.5928,144.5928,2026-08-05 20:39:00,13
358.0,145.0167,145.0,145.0,145.0,145.0,2026-08-05 20:45:00,11
595.0,145.0039,144.9522,144.9522,144.9522,144.9522,2026-08-05 20:48:00,15
421.0,145.0201,145.01,145.01,145.01,145.01,2026-08-05 20:53:00,7
876.782098,145.3831,145.2382,145.25,145.25,145.2382,2026-08-05 20:54:00,23
1514.0,145.4136,145.3,145.44,145.4426,145.3,2026-08-05 20:55:00,14
1282.84,145.4937,145.31,145.4492,145.4512,145.31,2026-08-05 20:56:00,25
1108.0,145.4195,145.4193,145.42,145.42,145.4193,2026-08-05 20:57:00,14
1961.9,145.4246,145.36,145.36,145.36,145.36,2026-08-05 20:58:00,15
117.0,145.4043,145.4071,145.4071,145.4071,145.4071,2026-08-05 21:03:00,4
398.469622,145.2897,145.13,145.13,145.13,145.13,2026-08-05 21:04:00,57
245.0,145.1347,145.2,145.2,145.2,145.2,2026-08-05 21:05:00,37
100.0,144.93,144.93,144.93,144.93,144.93,2026-08-05 21:07:00,1
488.0,144.9961,145.0,145.0,145.0,144.981,2026-08-05 21:08:00,10
286768.788271,144.1837,145.0,145.01,145.01,145.0,2026-08-05 21:10:00,28
324.0,145.0192,145.02,145.02,145.02,145.02,2026-08-05 21:11:00,8
803.0,145.0332,145.03,145.03,145.03,145.03,2026-08-05 21:12:00,11
890.075738,144.978,145.05,144.75,145.05,144.75,2026-08-05 21:13:00,30
1055.0,144.7646,144.8194,144.75,144.8194,144.75,2026-08-05 21:14:00,7
300.03,144.7552,144.75,144.75,144.75,144.75,2026-08-05 21:15:00,18
331.0,144.5826,144.56,144.56,144.56,144.56,2026-08-05 21:17:00,6
2932.0,144.4646,144.5,144.2682,144.5,144.2682,2026-08-05 21:19:00,25
920.0,144.6138,144.62,144.62,144.62,144.62,2026-08-05 21:31:00,3
444.0,144.4048,144.38,144.4169,144.4169,144.38,2026-08-05 21:34:00,3
701.147395,144.4067,144.377,144.31,144.377,144.31,2026-08-05 21:35:00,13
1283.0,144.4426,144.37,144.5,144.5,144.35,2026-08-05 21:36:00,10
255.0,144.6706,144.31,144.31,144.31,144.31,2026-08-05 21:38:00,5
223.0,144.8741,144.8975,144.8975,144.8975,144.8975,2026-08-05 21:40:00,7
231.0,144.4445,144.4169,144.4169,144.4169,144.4169,2026-08-05 21:43:00,3
314.33,144.7627,144.57,144.57,144.57,144.57,2026-08-05 21:53:00,13
797.0,144.4249,144.4,144.4321,144.4321,144.4,2026-08-05 21:56:00,16
733.0,144.8081,144.88,144.88,144.88,144.768,2026-08-05 21:57:00,6
264.0,144.484,144.36,144.36,144.36,144.36,2026-08-05 21:59:00,5
608.0,144.7683,144.8307,144.8307,144.8307,144.8307,2026-08-05 22:00:00,11
502.0,144.6848,144.6603,144.7,144.7,144.6603,2026-08-05 22:01:00,12
381.0,144.8646,144.88,144.8498,144.88,144.8498,2026-08-05 22:02:00,6
326.0,144.6998,144.7,144.7,144.7,144.7,2026-08-05 22:05:00,5
142.0,144.7346,144.7463,144.7463,144.7463,144.7463,2026-08-05 22:07:00,4
305.0,144.6805,144.68,144.68,144.68,144.68,2026-08-05 22:08:00,6
3676.0,144.7388,144.7,144.75,144.75,144.7,2026-08-05 22:10:00,24
200.0,144.6303,144.65,144.65,144.65,144.65,2026-08-05 22:11:00,4
410.0,144.8014,144.8422,144.88,144.88,144.8422,2026-08-05 22:12:00,6
317.0,144.7384,144.74,144.74,144.74,144.74,2026-08-05 22:13:00,9
601.0,144.5065,144.5373,144.5,144.5373,144.5,2026-08-05 22:14:00,3
1423.1383,144.7716,144.7663,144.7755,144.7755,144.63,2026-08-05 22:24:00,6
233.68,145.1606,144.75,144.75,144.75,144.75,2026-08-05 22:26:00,10
262.0,144.8315,144.8553,144.8553,144.8553,144.8553,2026-08-05 22:33:00,6
1259.0,144.8422,144.855,144.88,144.88,144.8,2026-08-05 22:34:00,15
574.0,144.981,145.0,145.0,145.0,145.0,2026-08-05 22:35:00,11
178.0,144.8973,144.8918,144.8918,144.8918,144.8918,2026-08-05 22:37:00,6
3931.0,145.0359,144.922,145.0499,145.0499,144.922,2026-08-05 22:39:00,5
655.0,145.0299,145.03,145.03,145.03,145.03,2026-08-05 22:41:00,5
147.0,144.9345,144.89,144.89,144.89,144.89,2026-08-05 22:42:00,10
536.0,145.0479,145.0486,145.0486,145.0486,145.0486,2026-08-05 22:43:00,9
572.0,145.0288,145.0,145.0357,145.0357,145.0,2026-08-05 22:44:00,12
1680.0,144.9811,145.0,144.9102,145.0,144.9102,2026-08-05 22:45:00,18
3599.79,144.903,144.94,144.85,144.95,144.85,2026-08-05 22:46:00,28
636.0,144.9902,145.0,145.0,145.0,145.0,2026-08-05 22:49:00,14
124.0,144.8414,144.84,144.84,144.84,144.84,2026-08-05 22:55:00,3
1122.0,144.7524,144.7501,144.75,144.7501,144.75,2026-08-05 22:56:00,5
1402.0,144.7104,144.71,144.71,144.71,144.71,2026-08-05 23:03:00,3
501.0,144.9546,144.9551,144.9551,144.9551,144.9551,2026-08-05 23:04:00,2
270.0,144.7266,144.7549,144.71,144.7549,144.71,2026-08-05 23:05:00,5
110.0,144.5675,144.5494,144.5494,144.5494,144.5494,2026-08-05 23:08:00,3
210.0,144.693,144.6753,144.68,144.68,144.6753,2026-08-05 23:11:00,3
999.0,144.6042,144.57,144.64,144.64,144.57,2026-08-05 23:13:00,7
511.0,144.555,144.55,144.55,144.55,144.55,2026-08-05 23:14:00,6
121.0,144.7318,144.77,144.77,144.77,144.77,2026-08-05 23:17:00,3
740.0,144.6367,144.6117,144.7,144.7,144.6117,2026-08-05 23:27:00,8
1971.0,144.6249,144.64,144.6108,144.64,144.6108,2026-08-05 23:28:00,14
128.0,144.648,144.65,144.65,144.65,144.65,2026-08-05 23:29:00,4
531.017205,144.6573,144.65,144.65,144.65,144.65,2026-08-05 23:30:00,7
250.0,144.7154,144.72,144.72,144.72,144.72,2026-08-05 23:31:00,4
146.0,144.6266,144.64,144.64,144.64,144.64,2026-08-05 23:33:00,4
175.0,144.6181,144.6174,144.6174,144.6174,144.6174,2026-08-05 23:35:00,3
361.0,144.6399,144.64,144.64,144.64,144.64,2026-08-05 23:36:00,7
367.0,144.6247,144.64,144.64,144.64,144.64,2026-08-05 23:39:00,7
801.0,144.6787,144.67,144.6886,144.71,144.67,2026-08-05 23:42:00,14
694.0,144.6663,144.66,144.66,144.66,144.66,2026-08-05 23:45:00,13
658.0,144.6612,144.6747,144.6629,144.6747,144.6629,2026-08-05 23:47:00,3
820.0,144.6794,144.68,144.68,144.68,144.68,2026-08-05 23:48:00,10
433.0,144.6751,144.69,144.7,144.7,144.69,2026-08-05 23:50:00,9
522.0,144.7109,144.71,144.71,144.71,144.71,2026-08-05 23:51:00,5
1092.0,145.0203,145.0,145.01,145.01,145.0,2026-08-05 23:52:00,44
153.0,145.1109,145.11,145.11,145.11,145.11,2026-08-05 23:53:00,2
5485.0,145.1084,145.11,145.11,145.11,145.11,2026-08-05 23:54:00,21
561.0,144.8678,144.88,144.58,144.88,144.58,2026-08-05 23:57:00,7
512.0,145.0998,145.1099,145.1099,145.1099,145.1099,2026-08-05 23:58:00,4
510.0,144.7354,144.6875,144.7081,144.7081,144.6577,2026-08-05 23:59:00,7
1977.759738,144.649,144.65,144.9,144.9,144.49,2026-08-06 08:00:00,69
7322.0,144.9445,144.28,144.54,145.51,144.28,2026-08-06 08:01:00,231
950.0,144.4412,144.4,144.45,144.45,144.4,2026-08-06 08:02:00,27
386.0344,144.099,144.08,144.08,144.08,144.08,2026-08-06 08:04:00,26
110.0,144.3682,144.33,144.33,144.33,144.33,2026-08-06 08:14:00,2
505.0,144.301,144.3,144.3,144.3,144.3,2026-08-06 08:23:00,2
502.0,145.3469,145.35,145.35,145.35,145.35,2026-08-06 08:25:00,2
100.0,144.35,144.35,144.35,144.35,144.35,2026-08-06 08:26:00,1
115.0,144.3748,144.35,144.35,144.35,144.35,2026-08-06 08:32:00,2
200.0,144.406,144.39,144.39,144.39,144.39,2026-08-06 08:42:00,3
210.0,144.36,144.36,144.36,144.36,144.36,2026-08-06 08:43:00,4
100.0,144.36,144.36,144.36,144.36,144.36,2026-08-06 08:50:00,1
1531.049868,144.3546,144.35,144.35,144.35,144.35,2026-08-06 08:51:00,11
1183.0,144.1,144.1,144.1,144.1,144.1,2026-08-06 08:52:00,1
351.0,144.3348,144.34,144.34,144.34,144.34,2026-08-06 09:03:00,8
401.0,144.6403,144.64,144.64,144.64,144.64,2026-08-06 10:04:00,2
400.0,144.565,144.52,144.52,144.52,144.52,2026-08-06 10:05:00,6
150.0,144.69,144.69,144.69,144.69,144.69,2026-08-06 10:46:00,1
1140.0,144.9535,144.99,145.0,145.0,144.99,2026-08-06 10:55:00,59
8959.0,144.6199,145.11,144.24,145.11,144.24,2026-08-06 11:00:00,123
485.0,144.2828,144.1082,144.1,145.0,144.1,2026-08-06 11:02:00,10
205.0,144.701,144.7085,144.7085,144.7085,144.7085,2026-08-06 11:03:00,2
1145.0,144.1969,144.15,145.0,145.0,144.05,2026-08-06 11:04:00,40
1209.0,144.0008,144.4964,143.9,144.4964,143.9,2026-08-06 11:06:00,13
605.0,143.8309,143.9,143.9,143.9,143.9,2026-08-06 11:07:00,27
2135.0,143.873,143.46,143.46,144.24,143.46,2026-08-06 11:09:00,11
113.006944,143.5392,143.53,143.53,143.53,143.53,2026-08-06 11:11:00,5
656.0,143.4734,143.124,143.74,143.74,143.124,2026-08-06 11:12:00,7
575.252009,143.8956,143.79,144.0,144.0,143.79,2026-08-06 11:13:00,9
148.0,143.8624,143.9129,143.9129,143.9129,143.9129,2026-08-06 11:14:00,4
237.0,143.7349,143.75,143.75,143.75,143.75,2026-08-06 11:15:00,8
1239.0,143.8603,143.88,143.87,143.88,143.86,2026-08-06 11:16:00,19
504.0,143.9066,143.98,143.98,143.98,143.98,2026-08-06 11:17:00,12
102.0,143.8984,143.9,143.9,143.9,143.9,2026-08-06 11:20:00,3
450.0,143.8255,143.81,143.81,143.81,143.81,2026-08-06 11:21:00,34
216.0,143.8769,143.88,143.88,143.88,143.88,2026-08-06 11:23:00,5
498.0,143.0944,143.0,143.0,143.0,143.0,2026-08-06 11:24:00,4
703.0,143.087,143.0,143.0,143.0,143.0,2026-08-06 11:28:00,10
239.0,143.4661,143.49,143.49,143.49,143.49,2026-08-06 11:31:00,6
110.0,143.1837,143.1837,143.1837,143.1837,143.1837,2026-08-06 11:34:00,1
138.008151,143.3487,143.183,143.183,143.183,143.183,2026-08-06 11:35:00,5
496.0,143.6265,143.6,143.6,143.7,143.6,2026-08-06 11:36:00,11
439.0,143.5119,143.5,143.5,143.5,143.5,2026-08-06 11:37:00,4
369.54268,143.7341,143.5,143.5,143.5,143.5,2026-08-06 11:39:00,7
129.0,143.4791,143.5,143.5,143.5,143.5,2026-08-06 11:40:00,6
373.0,143.2003,143.15,143.15,143.15,143.15,2026-08-06 11:43:00,15
462.0,143.4184,143.4256,143.4256,143.4256,143.4256,2026-08-06 11:44:00,6
451.0,143.124,143.0913,143.0913,143.0913,143.0913,2026-08-06 11:51:00,14
2426.336181,143.0076,143.02,142.8,143.02,142.8,2026-08-06 11:53:00,70
637.0,142.6682,142.65,142.65,142.65,142.65,2026-08-06 11:55:00,9
254.0,142.9649,142.93,142.93,142.93,142.93,2026-08-06 11:57:00,10
130.0,143.0688,143.0456,143.0456,143.0456,143.0456,2026-08-06 11:58:00,5
1150.0,143.2133,143.25,143.25,143.25,143.25,2026-08-06 11:59:00,9
1500.0,143.39,143.39,143.39,143.39,143.39,2026-08-06 12:00:00,1
1155.0,142.9412,142.75,142.99,142.99,142.75,2026-08-06 12:02:00,16
401.0,142.8859,142.8492,142.8492,142.8492,142.8492,2026-08-06 12:05:00,10
211.0,143.0311,143.01,143.01,143.01,143.01,2026-08-06 12:10:00,3
222.0,143.0,143.0,143.0,143.0,143.0,2026-08-06 12:12:00,3
310.000697,142.91,142.81,143.01,143.01,142.81,2026-08-06 12:13:00,7
243.0,142.8344,142.8523,142.8523,142.8523,142.8523,2026-08-06 12:19:00,8
537.0,143.0175,142.99,143.0,143.0,142.99,2026-08-06 12:21:00,9
788.0,143.1004,143.09,143.09,143.09,143.09,2026-08-06 12:22:00,9
274.0,143.2928,143.3,143.3,143.3,143.3,2026-08-06 12:23:00,7
140.0,143.1517,143.1,143.1,143.1,143.1,2026-08-06 12:26:00,3
207.0,143.2347,143.24,143.24,143.24,143.24,2026-08-06 12:28:00,3
592.0,143.2513,143.24,143.15,143.33,143.15,2026-08-06 12:30:00,8
799.0,143.3359,143.39,143.39,143.39,143.39,2026-08-06 12:31:00,16
1082.0,143.4839,143.49,143.49,143.49,143.49,2026-08-06 12:35:00,14
610.0,143.4932,143.49,143.49,143.49,143.49,2026-08-06 12:37:00,11
1263.0,143.7676,143.59,143.99,143.99,143.59,2026-08-06 12:39:00,15
203.0,143.727,143.7,143.7,143.7,143.7,2026-08-06 12:40:00,3
525.0,143.6069,143.61,143.6,143.61,143.6,2026-08-06 12:44:00,12
1956.006944,143.8691,143.78,143.99,143.99,143.75,2026-08-06 12:48:00,52
356.0,144.8832,145.0,145.0,145.0,145.0,2026-08-06 12:49:00,6
273.0,143.9963,143.99,143.99,143.99,143.99,2026-08-06 12:51:00,8
351.0,144.1228,144.1708,144.0,144.1708,144.0,2026-08-06 12:55:00,20
206.0,144.0062,144.0,144.0,144.0,144.0,2026-08-06 12:56:00,5
128.0,144.3219,144.3,144.3,144.3,144.3,2026-08-06 13:03:00,2
536.0,144.0629,144.05,144.05,144.05,144.05,2026-08-06 13:05:00,8
434.0,144.0827,144.08,144.08,144.08,144.08,2026-08-06 13:08:00,5
697.0,144.2697,144.22,144.4,144.4,144.22,2026-08-06 13:12:00,21
732.008004,144.6053,144.22,144.7419,144.7419,144.22,2026-08-06 13:13:00,8
1050.0,144.1861,144.23,144.13,144.23,144.13,2026-08-06 13:15:00,26
3117.0,143.9611,144.07,143.8768,144.07,143.78,2026-08-06 13:17:00,43
1331.0,143.7737,143.78,143.75,143.78,143.75,2026-08-06 13:18:00,10
359.0,143.736,143.9896,143.9896,143.9896,143.9896,2026-08-06 13:22:00,48
1700.0,143.6482,143.6,143.6,143.66,143.6,2026-08-06 13:23:00,56
2438.0,142.8721,143.5,142.4,143.51,142.32,2026-08-06 13:25:00,64
1387.0,142.3339,142.63,142.44,142.63,142.11,2026-08-06 13:26:00,29
481.006973,142.5933,142.32,142.32,142.32,142.32,2026-08-06 13:27:00,19
1450.0,143.1094,143.0,143.0,143.0,143.0,2026-08-06 13:28:00,24
448.7,143.6303,143.49,143.49,143.49,143.49,2026-08-06 13:29:00,24
388278.801868,143.5533,143.7,143.02,144.99,142.1002,2026-08-06 13:30:00,2921
134545.536787,145.2712,143.23,146.05,146.6,142.93,2026-08-06 13:31:00,1801
192146.485107,146.5108,146.055,145.995,147.19,145.68,2026-08-06 13:32:00,1043
124481.461928,145.0092,145.54,144.82,145.54,144.55,2026-08-06 13:33:00,1086
67921.474908,144.7287,144.78,144.58,145.4248,143.72,2026-08-06 13:34:00,846
77515.397257,144.6762,144.321,144.415,145.315,143.8901,2026-08-06 13:35:00,848
67815.712863,145.2459,144.53,144.86,145.89,144.3055,2026-08-06 13:36:00,848
44841.177399,145.414,145.0,145.69,145.84,144.83,2026-08-06 13:37:00,584
35726.230095,145.6494,145.5,145.75,145.98,145.4425,2026-08-06 13:38:00,583
82482.646886,146.3415,145.91,146.17,146.67,145.845,2026-08-06 13:39:00,989
55146.38364,146.4224,146.175,146.42,146.9,145.79,2026-08-06 13:40:00,848
58890.279312,145.6753,146.4,144.8397,146.555,144.71,2026-08-06 13:41:00,808
51232.005029,145.0334,144.97,144.985,145.18,144.87,2026-08-06 13:42:00,658
47013.441554,144.9513,144.87,145.0,145.18,144.7,2026-08-06 13:43:00,684
35587.236972,144.6585,145.005,144.56,145.02,144.32,2026-08-06 13:44:00,580
94326.271279,145.2848,144.69,145.655,145.96,144.5958,2026-08-06 13:45:00,1053
68635.046088,145.8012,145.645,146.2193,146.225,145.53,2026-08-06 13:46:00,966
51158.543302,146.4704,146.131,146.805,146.93,146.01,2026-08-06 13:47:00,676
71879.251673,146.8934,146.81,146.77,147.09,146.69,2026-08-06 13:48:00,874
95248.199914,146.8926,146.82,146.91,147.09,146.58,2026-08-06 13:49:00,992
86578.612445,146.6243,146.835,146.7,146.879,146.2801,2026-08-06 13:50:00,953
38793.865245,146.3336,146.59,146.26,146.71,146.07,2026-08-06 13:51:00,546
44139.609417,146.7193,146.375,146.91,147.0621,146.26,2026-08-06 13:52:00,596
50910.268108,147.3902,146.8328,147.44,147.85,146.83,2026-08-06 13:53:00,693
98185.212646,147.7315,147.52,147.6175,148.05,147.32,2026-08-06 13:54:00,1169
63564.169382,147.3475,147.63,147.77,147.89,147.085,2026-08-06 13:55:00,634
40593.190316,147.6529,147.74,147.71,148.0,147.367,2026-08-06 13:56:00,551
41339.208692,147.4748,147.585,147.585,147.72,147.3511,2026-08-06 13:57:00,595
73006.679784,147.1382,147.45,146.86,147.53,146.86,2026-08-06 13:58:00,838
85003.213103,146.2456,146.975,145.98,146.975,145.55,2026-08-06 13:59:00,1062
83499.801957,146.7616,146.04,146.84,147.1809,146.03,2026-08-06 14:00:00,723
41142.571336,146.8644,146.84,147.1,147.2,146.7,2026-08-06 14:01:00,607
51080.489958,147.4022,147.11,147.755,147.85,147.07,2026-08-06 14:02:00,681
76800.400307,147.6,147.755,147.395,147.93,147.3549,2026-08-06 14:03:00,851
34173.377515,147.2026,147.35,147.035,147.4399,146.8,2026-08-06 14:04:00,509
36089.124929,146.8108,147.1,146.62,147.13,146.5257,2026-08-06 14:05:00,458
39135.015421,146.4068,146.68,146.38,146.7,146.0398,2026-08-06 14:06:00,597
34050.638051,146.4845,146.38,146.4803,146.7,146.3,2026-08-06 14:07:00,471
33370.596967,146.4366,146.5,146.475,146.59,146.24,2026-08-06 14:08:00,485
37330.725382,146.2741,146.485,146.0,146.57,145.99,2026-08-06 14:09:00,648
53175.601418,146.017,146.0,146.28,146.36,145.735,2026-08-06 14:10:00,882
46724.924601,146.1857,146.28,145.775,146.48,145.72,2026-08-06 14:11:00,635
24489.575671,145.911,145.8899,146.1,146.19,145.676,2026-08-06 14:12:00,363
55600.984005,146.0727,146.1,145.8,146.25,145.8,2026-08-06 14:13:00,678
23892.149154,145.7807,145.87,145.76,145.885,145.65,2026-08-06 14:14:00,407
36081.255076,146.181,145.89,146.33,146.4087,145.73,2026-08-06 14:15:00,477
86623.65098,146.4161,146.27,146.645,146.77,146.17,2026-08-06 14:16:00,966
22476.477255,146.6498,146.67,146.715,146.85,146.46,2026-08-06 14:17:00,372
34313.112149,146.5213,146.695,146.58,146.8,146.41,2026-08-06 14:18:00,391
32356.341839,146.3088,146.41,146.4,146.43,146.12,2026-08-06 14:19:00,429
25912.563352,146.5887,146.44,146.98,146.98,146.35,2026-08-06 14:20:00,399
29251.773203,146.9292,146.9,147.12,147.16,146.83,2026-08-06 14:21:00,445
30222.735111,146.97,147.12,146.93,147.125,146.83,2026-08-06 14:22:00,455
41280.679848,146.7504,146.87,146.59,147.0035,146.5301,2026-08-06 14:23:00,577
33354.394104,146.5205,146.53,146.7,146.7565,146.36,2026-08-06 14:24:00,479
33083.831279,146.5252,146.615,146.44,146.64,146.42,2026-08-06 14:25:00,494
33493.619553,146.432,146.42,146.475,146.6,146.3,2026-08-06 14:26:00,464
28451.476184,146.4057,146.37,146.265,146.53,146.24,2026-08-06 14:27:00,453
35077.784204,146.332,146.2089,146.12,146.45,146.12,2026-08-06 14:28:00,426
34047.384121,146.066,146.09,146.1,146.22,145.83,2026-08-06 14:29:00,501
36307.064937,146.3139,146.19,146.3501,146.4999,146.1719,2026-08-06 14:30:00,539
23092.382521,146.4497,146.47,146.45,146.54,146.2927,2026-08-06 14:31:00,345
27539.014443,146.4837,146.45,146.72,146.7477,146.33,2026-08-06 14:32:00,400
81678.124182,146.3984,146.715,146.35,146.87,146.15,2026-08-06 14:33:00,784
20924.951977,146.3222,146.27,146.33,146.4,146.2,2026-08-06 14:34:00,312
46713.282125,146.1727,146.405,146.3199,146.405,146.01,2026-08-06 14:35:00,673
65504.080672,146.4267,146.22,146.71,146.78,146.22,2026-08-06 14:36:00,716
77978.913748,146.9564,146.8,146.88,147.1484,146.71,2026-08-06 14:37:00,939
37527.252831,146.9485,146.875,147.135,147.21,146.78,2026-08-06 14:38:00,482
42437.694127,146.9511,147.155,147.15,147.17,146.89,2026-08-06 14:39:00,477
24052.236983,147.1058,147.15,147.135,147.23,147.0,2026-08-06 14:40:00,318
30410.580904,146.9803,147.135,146.94,147.135,146.86,2026-08-06 14:41:00,481
57085.88296,147.2035,146.95,147.6725,147.675,146.89,2026-08-06 14:42:00,511
47982.812785,147.3437,147.68,147.175,147.69,147.1,2026-08-06 14:43:00,447
23715.567176,146.9992,147.16,146.94,147.16,146.83,2026-08-06 14:44:00,349
35482.135199,146.778,146.89,146.92,146.92,146.5185,2026-08-06 14:45:00,606
29628.604639,146.7177,146.8942,146.5,146.8942,146.45,2026-08-06 14:46:00,463
39130.104965,146.5009,146.36,146.5,146.55,146.36,2026-08-06 14:47:00,467
39430.997302,146.483,146.485,146.445,146.7255,146.28,2026-08-06 14:48:00,492
17036.47085,146.3738,146.44,146.385,146.51,146.2227,2026-08-06 14:49:00,285
31400.080369,146.3148,146.37,146.285,146.48,146.2,2026-08-06 14:50:00,388
44878.558768,146.1546,146.24,146.085,146.24,145.87,2026-08-06 14:51:00,516
58940.297425,145.9151,146.17,145.7385,146.33,145.5,2026-08-06 14:52:00,730
22977.843054,145.8836,145.7646,145.86,145.92,145.7287,2026-08-06 14:53:00,343
24191.319908,145.8698,145.86,145.96,146.0,145.67,2026-08-06 14:54:00,416
14227.180625,146.196,145.96,146.305,146.38,145.96,2026-08-06 14:55:00,267
36135.37039,146.2708,146.24,146.36,146.46,146.16,2026-08-06 14:56:00,387
21942.35438,146.4278,146.31,146.5098,146.56,146.31,2026-08-06 14:57:00,412
18094.957175,146.5231,146.53,146.76,146.8,146.48,2026-08-06 14:58:00,376
32244.861353,146.6008,146.76,146.68,146.76,146.47,2026-08-06 14:59:00,433
25259.294892,146.6772,146.65,146.62,146.78,146.61,2026-08-06 15:00:00,441
34232.259468,146.4583,146.66,146.4379,146.66,146.3,2026-08-06 15:01:00,431
54400.578304,146.155,146.36,146.03,146.37,145.88,2026-08-06 15:02:00,548
30896.126454,146.3492,146.06,146.45,146.64,146.06,2026-08-06 15:03:00,448
18902.908449,146.4027,146.45,146.49,146.56,146.23,2026-08-06 15:04:00,286
34186.4032,146.528,146.49,146.54,146.67,146.4,2026-08-06 15:05:00,519
25216.206341,146.521,146.54,146.69,146.71,146.36,2026-08-06 15:06:00,382
25966.558826,146.6341,146.665,146.55,146.77,146.53,2026-08-06 15:07:00,337
20248.099869,146.6884,146.58,146.6708,146.81,146.54,2026-08-06 15:08:00,347
35786.161454,146.8927,146.67,147.045,147.045,146.67,2026-08-06 15:09:00,482
24730.976924,146.8644,147.035,146.87,147.035,146.77,2026-08-06 15:10:00,387
33359.330927,146.7453,146.805,146.82,146.825,146.7105,2026-08-06 15:11:00,456
28773.593904,146.5813,146.82,146.44,146.82,146.38,2026-08-06 15:12:00,452
23460.1545,146.4473,146.495,146.35,146.54,146.35,2026-08-06 15:13:00,394
60028.997421,146.0878,146.33,145.93,146.41,145.61,2026-08-06 15:14:00,797
36746.007634,145.8937,145.92,145.92,145.97,145.79,2026-08-06 15:15:00,492
26708.388699,146.1406,145.9,146.16,146.36,145.9,2026-08-06 15:16:00,420
25221.905174,146.0432,146.165,145.87,146.165,145.82,2026-08-06 15:17:00,357
32495.405585,145.7342,145.9499,145.615,145.9499,145.56,2026-08-06 15:18:00,398
34480.120926,145.6647,145.615,145.69,145.795,145.55,2026-08-06 15:19:00,544
26468.174299,145.6785,145.65,145.87,145.87,145.54,2026-08-06 15:20:00,424
31450.995515,145.8591,145.825,145.8,145.97,145.74,2026-08-06 15:21:00,457
32773.694331,145.7484,145.78,145.72,145.8,145.61,2026-08-06 15:22:00,431
51221.800181,145.7463,145.736,145.675,145.88,145.62,2026-08-06 15:23:00,567
42574.340153,145.7784,145.6881,145.86,145.91,145.61,2026-08-06 15:24:00,409
27231.760772,145.9581,145.88,145.985,146.03,145.87,2026-08-06 15:25:00,336
32708.938283,146.2772,145.92,146.44,146.49,145.92,2026-08-06 15:26:00,441
30105.555987,146.5408,146.45,146.5016,146.7078,146.4207,2026-08-06 15:27:00,418
53771.389077,146.5732,146.53,146.81,146.875,146.46,2026-08-06 15:28:00,445
31230.27575,146.8379,146.84,146.94,146.94,146.73,2026-08-06 15:29:00,444
36834.200005,147.0118,146.8921,146.945,147.095,146.8921,2026-08-06 15:30:00,533
24104.794497,146.6684,146.945,146.54,146.95,146.5,2026-08-06 15:31:00,354
16372.144531,146.5326,146.535,146.515,146.625,146.44,2026-08-06 15:32:00,305
22364.593055,146.5179,146.485,146.54,146.5578,146.39,2026-08-06 15:33:00,326
22962.338325,146.4912,146.52,146.45,146.59,146.41,2026-08-06 15:34:00,345
34251.780963,146.5305,146.48,146.4,146.69,146.4,2026-08-06 15:35:00,483
17451.608126,146.383,146.4,146.42,146.45,146.27,2026-08-06 15:36:00,285
32872.214384,146.3923,146.42,146.29,146.53,146.28,2026-08-06 15:37:00,390
53965.825455,146.2683,146.285,146.0943,146.38,146.06,2026-08-06 15:38:00,522
52649.03138,146.2627,146.07,146.15,146.37,146.07,2026-08-06 15:39:00,583
35270.438128,146.1451,146.22,145.96,146.24,145.96,2026-08-06 15:40:00,524
24640.800518,145.9323,145.955,146.11,146.11,145.75,2026-08-06 15:41:00,410
16644.099303,146.03,146.11,145.93,146.2,145.83,2026-08-06 15:42:00,273
14848.367569,145.9572,145.875,146.06,146.06,145.875,2026-08-06 15:43:00,265
18293.405218,146.0625,146.01,145.91,146.2,145.91,2026-08-06 15:44:00,275
27288.230498,145.7412,145.92,145.64,145.9383,145.56,2026-08-06 15:45:00,467
24039.890008,145.9608,145.685,146.12,146.145,145.685,2026-08-06 15:46:00,407
22799.714819,146.0564,146.15,145.8425,146.17,145.8425,2026-08-06 15:47:00,365
19435.335003,145.9651,145.855,146.0975,146.13,145.781,2026-08-06 15:48:00,293
17277.453334,145.9821,146.04,145.88,146.045,145.86,2026-08-06 15:49:00,245
18341.331139,146.0032,145.8728,145.93,146.105,145.87,2026-08-06 15:50:00,297
68220.252873,146.1313,145.99,146.545,146.545,145.82,2026-08-06 15:51:00,668
38859.089328,146.6363,146.49,146.715,146.8,146.47,2026-08-06 15:52:00,498
21305.410748,146.5802,146.71,146.51,146.72,146.48,2026-08-06 15:53:00,335
26984.715586,146.5117,146.565,146.505,146.6,146.44,2026-08-06 15:54:00,315
27598.25788,146.3752,146.46,146.28,146.46,146.25,2026-08-06 15:55:00,346
22562.197292,146.2214,146.29,146.11,146.3,146.11,2026-08-06 15:56:00,338
21127.409557,146.249,146.11,146.33,146.44,146.07,2026-08-06 15:57:00,279
29573.155342,146.4592,146.38,146.47,146.56,146.33,2026-08-06 15:58:00,425
24116.910622,146.4834,146.54,146.42,146.69,146.32,2026-08-06 15:59:00,432
26346.421388,146.3852,146.42,146.33,146.46,146.3,2026-08-06 16:00:00,446
26600.880683,146.3311,146.38,146.4,146.4,146.25,2026-08-06 16:01:00,403
16893.842844,146.408,146.39,146.47,146.5,146.29,2026-08-06 16:02:00,286
19524.537156,146.4099,146.47,146.3725,146.5,146.32,2026-08-06 16:03:00,314
14646.012956,146.4133,146.39,146.495,146.495,146.35,2026-08-06 16:04:00,258
17041.772702,146.4519,146.495,146.46,146.5199,146.38,2026-08-06 16:05:00,267
28982.228601,146.2532,146.46,146.2,146.46,146.13,2026-08-06 16:06:00,445
17927.437905,146.2102,146.215,146.1994,146.29,146.14,2026-08-06 16:07:00,249
52902.459522,146.1745,146.1999,146.01,146.31,146.0,2026-08-06 16:08:00,683
27336.003352,145.9704,146.0,145.995,146.085,145.86,2026-08-06 16:09:00,365
19189.138,145.9792,145.995,145.885,146.12,145.84,2026-08-06 16:10:00,278
19319.561145,145.6693,145.86,145.5,145.86,145.5,2026-08-06 16:11:00,355
20032.874265,145.5852,145.51,145.64,145.67,145.48,2026-08-06 16:12:00,289
14303.73895,145.579,145.64,145.545,145.68,145.505,2026-08-06 16:13:00,227
34810.42242,145.4125,145.55,145.435,145.61,145.31,2026-08-06 16:14:00,345
13274.69041,145.4864,145.45,145.515,145.56,145.41,2026-08-06 16:15:00,225
19702.900167,145.4534,145.5,145.35,145.5,145.35,2026-08-06 16:16:00,330
73585.915755,145.8072,145.46,145.55,145.58,145.42,2026-08-06 16:17:00,420
72042.373359,145.614,145.55,145.835,145.835,145.5,2026-08-06 16:18:00,432
26985.623855,145.8189,145.84,145.7002,145.95,145.68,2026-08-06 16:19:00,385
76267.740596,146.0951,145.725,145.78,145.81,145.62,2026-08-06 16:20:00,263
21100.602558,145.861,145.79,145.885,145.93,145.77,2026-08-06 16:21:00,288
11652.047926,145.7846,145.885,145.69,145.885,145.665,2026-08-06 16:22:00,212
18608.633764,145.7241,145.69,145.65,145.79,145.6305,2026-08-06 16:23:00,287
26022.120685,145.6555,145.67,145.73,145.78,145.57,2026-08-06 16:24:00,409
30256.483927,145.8169,145.73,145.76,145.93,145.73,2026-08-06 16:25:00,394
24033.299788,145.7314,145.765,145.425,145.93,145.42,2026-08-06 16:26:00,337
18709.522925,145.3874,145.47,145.35,145.55,145.2,2026-08-06 16:27:00,312
19310.992956,145.4524,145.35,145.45,145.53,145.35,2026-08-06 16:28:00,290
18303.551455,145.4961,145.43,145.51,145.59,145.37,2026-08-06 16:29:00,282
29168.77206,145.652,145.5,145.705,145.74,145.5,2026-08-06 16:30:00,309
21044.736553,145.7142,145.725,145.52,145.8052,145.52,2026-08-06 16:31:00,328
15588.615344,145.4657,145.51,145.37,145.5639,145.37,2026-08-06 16:32:00,229
19437.919553,145.4044,145.345,145.38,145.48,145.19,2026-08-06 16:33:00,284
11775.411821,145.4437,145.38,145.4,145.52,145.36,2026-08-06 16:34:00,212
15539.524807,145.5219,145.45,145.59,145.59,145.3675,2026-08-06 16:35:00,242
17988.366701,145.5887,145.69,145.535,145.72,145.5,2026-08-06 16:36:00,310
35654.3746,145.4445,145.5,145.69,145.69,145.28,2026-08-06 16:37:00,544
30764.622486,145.6089,145.75,145.535,145.765,145.34,2026-08-06 16:38:00,287
25304.494007,145.5542,145.535,145.685,145.685,145.43,2026-08-06 16:39:00,354
32407.190579,145.8588,145.65,145.94,146.01,145.61,2026-08-06 16:40:00,439
18974.026076,145.9785,145.87,146.065,146.14,145.87,2026-08-06 16:41:00,281
28794.95741,146.0428,146.07,145.98,146.12,145.98,2026-08-06 16:42:00,342
26838.986415,146.009,146.02,145.96,146.08,145.95,2026-08-06 16:43:00,410
34813.963406,146.0405,145.93,146.11,146.14,145.93,2026-08-06 16:44:00,451
47940.980646,146.3618,146.09,146.27,146.52,146.09,2026-08-06 16:45:00,607
12888.299821,146.3387,146.27,146.38,146.43,146.27,2026-08-06 16:46:00,257
106711.545674,146.122,146.37,146.61,146.82,146.37,2026-08-06 16:47:00,627
23105.183699,146.5295,146.6421,146.43,146.655,146.42,2026-08-06 16:48:00,308
14901.323946,146.3518,146.392,146.33,146.4599,146.28,2026-08-06 16:49:00,281
21804.760422,146.3766,146.35,146.39,146.46,146.32,2026-08-06 16:50:00,392
22523.824779,146.3618,146.36,146.41,146.43,146.26,2026-08-06 16:51:00,349
25120.949313,146.3858,146.41,146.34,146.46,146.3,2026-08-06 16:52:00,374
16278.34178,146.299,146.34,146.32,146.365,146.23,2026-08-06 16:53:00,256
17211.426014,146.3139,146.36,146.45,146.45,146.19,2026-08-06 16:54:00,302
25796.362109,146.4535,146.47,146.5,146.57,146.39,2026-08-06 16:55:00,394
26569.803789,146.6941,146.58,146.889,146.92,146.52,2026-08-06 16:56:00,365
46584.238856,146.9902,146.9,146.905,147.155,146.87,2026-08-06 16:57:00,479
32505.263891,147.1107,146.91,147.29,147.3,146.89,2026-08-06 16:58:00,359
50078.572789,147.307,147.32,147.22,147.41,147.21,2026-08-06 16:59:00,582
22902.31269,147.1583,147.255,147.115,147.32,147.05,2026-08-06 17:00:00,340
28018.448728,146.9902,147.125,146.93,147.125,146.87,2026-08-06 17:01:00,371
20847.569631,146.9981,146.93,146.95,147.09,146.88,2026-08-06 17:02:00,345
17713.310963,147.0654,146.9999,147.09,147.17,146.955,2026-08-06 17:03:00,252
14698.386614,147.1246,147.07,147.085,147.2,147.0,2026-08-06 17:04:00,270
24111.648238,147.2289,147.085,147.38,147.4,147.04,2026-08-06 17:05:00,431
22465.57035,147.3909,147.37,147.415,147.49,147.3,2026-08-06 17:06:00,327
22384.369263,147.3711,147.42,147.33,147.44,147.31,2026-08-06 17:07:00,361
17235.80909,147.2542,147.32,147.26,147.32,147.17,2026-08-06 17:08:00,273
16067.99466,147.1858,147.205,147.1868,147.25,147.12,2026-08-06 17:09:00,243
19792.885724,147.1491,147.165,147.2,147.23,147.09,2026-08-06 17:10:00,326
20852.99227,147.1832,147.24,147.12,147.27,147.07,2026-08-06 17:11:00,329
28080.253309,147.2208,147.12,147.3,147.34,147.1016,2026-08-06 17:12:00,447
16554.237321,147.2469,147.3,147.19,147.31,147.19,2026-08-06 17:13:00,329
76877.865737,147.264,147.205,147.395,147.44,147.1801,2026-08-06 17:14:00,604
25366.353929,147.3473,147.36,147.445,147.46,147.26,2026-08-06 17:15:00,394
24798.175856,147.4439,147.4001,147.42,147.5,147.4,2026-08-06 17:16:00,387
27103.581474,147.3965,147.42,147.51,147.51,147.32,2026-08-06 17:17:00,399
29353.05933,147.4282,147.5284,147.47,147.5284,147.35,2026-08-06 17:18:00,481
15622.895948,147.4249,147.47,147.46,147.49,147.37,2026-08-06 17:19:00,268
22368.307034,147.587,147.49,147.66,147.705,147.47,2026-08-06 17:20:00,387
39044.738358,147.6373,147.66,147.72,147.745,147.56,2026-08-06 17:21:00,488
26934.246813,147.6698,147.72,147.68,147.72,147.61,2026-08-06 17:22:00,394
22824.325558,147.7114,147.675,147.695,147.78,147.66,2026-08-06 17:23:00,429
10580.425519,147.7123,147.72,147.73,147.76,147.68,2026-08-06 17:24:00,220
32795.869645,147.8064,147.73,147.915,147.94,147.7046,2026-08-06 17:25:00,532
75740.806485,147.911,147.89,147.835,148.09,147.7,2026-08-06 17:26:00,1041
37871.600311,147.6558,147.81,147.445,147.87,147.38,2026-08-06 17:27:00,537
25274.048774,147.4185,147.445,147.51,147.51,147.31,2026-08-06 17:28:00,364
17499.089139,147.4489,147.445,147.45,147.51,147.38,2026-08-06 17:29:00,284
23642.684252,147.4582,147.48,147.465,147.52,147.41,2026-08-06 17:30:00,324
18683.487977,147.3975,147.465,147.42,147.465,147.33,2026-08-06 17:31:00,308
47377.80392,147.5288,147.375,147.58,147.6787,147.375,2026-08-06 17:32:00,576
28065.591136,147.59,147.6,147.53,147.69,147.485,2026-08-06 17:33:00,431
21754.292329,147.5432,147.555,147.545,147.615,147.5,2026-08-06 17:34:00,238
26525.8,147.6281,147.58,147.57,147.73,147.55,2026-08-06 17:35:00,348
13015.462376,147.5368,147.52,147.58,147.6,147.4701,2026-08-06 17:36:00,247
31757.216625,147.4712,147.51,147.455,147.545,147.4,2026-08-06 17:37:00,442
17827.776319,147.4107,147.48,147.33,147.48,147.32,2026-08-06 17:38:00,286
21013.456417,147.2058,147.31,147.05,147.31,147.05,2026-08-06 17:39:00,348
41791.595755,147.1885,147.06,147.225,147.26,147.06,2026-08-06 17:40:00,571
61004.356797,147.2931,147.225,147.39,147.53,147.1,2026-08-06 17:41:00,611
22997.926501,147.3424,147.41,147.25,147.425,147.24,2026-08-06 17:42:00,332
21352.112662,147.2185,147.23,147.14,147.3,147.14,2026-08-06 17:43:00,280
67234.508584,147.3351,147.15,147.43,147.5,147.14,2026-08-06 17:44:00,530
14174.62361,147.4361,147.4676,147.48,147.48,147.39,2026-08-06 17:45:00,198
31908.037702,147.4912,147.47,147.58,147.66,147.4,2026-08-06 17:46:00,494
37692.746083,147.5039,147.58,147.4,147.62,147.4,2026-08-06 17:47:00,314
23168.604732,147.366,147.42,147.29,147.52,147.2701,2026-08-06 17:48:00,315
19336.29711,147.2224,147.28,147.1529,147.28,147.15,2026-08-06 17:49:00,293
39153.390958,147.2533,147.15,147.3983,147.46,147.07,2026-08-06 17:50:00,441
124467.568336,147.2594,147.4921,147.7,147.74,147.38,2026-08-06 17:51:00,524
28834.848163,147.4512,147.695,147.33,147.745,147.22,2026-08-06 17:52:00,353
26472.162492,147.1555,147.3617,146.96,147.3617,146.96,2026-08-06 17:53:00,353
26667.846006,146.9355,146.985,146.9898,147.01,146.87,2026-08-06 17:54:00,337
41599.048144,146.9846,146.95,146.84,147.04,146.84,2026-08-06 17:55:00,541
15719.241787,146.8502,146.875,146.8,146.91,146.74,2026-08-06 17:56:00,234
26856.816391,146.7821,146.83,146.795,146.8749,146.7101,2026-08-06 17:57:00,292
40353.386553,146.7646,146.795,146.87,146.9224,146.56,2026-08-06 17:58:00,656
34660.638389,146.5669,146.88,146.52,146.88,146.33,2026-08-06 17:59:00,571
14984.116686,146.5317,146.52,146.6784,146.6784,146.39,2026-08-06 18:00:00,269
26553.444882,146.6868,146.64,146.51,146.795,146.51,2026-08-06 18:01:00,435
12811.134671,146.5225,146.575,146.61,146.61,146.4263,2026-08-06 18:02:00,256
14275.012319,146.658,146.62,146.745,146.75,146.55,2026-08-06 18:03:00,280
12870.17802,146.699,146.7,146.72,146.7908,146.65,2026-08-06 18:04:00,224
14828.54086,146.7766,146.76,146.8,146.88,146.69,2026-08-06 18:05:00,245
52791.077752,147.0567,146.8,147.24,147.24,146.72,2026-08-06 18:06:00,623
32013.652087,147.3104,147.26,147.315,147.455,147.2,2026-08-06 18:07:00,461
17351.7489,147.3226,147.38,147.3,147.42,147.24,2026-08-06 18:08:00,279
39597.843389,147.2268,147.3,147.275,147.33,147.14,2026-08-06 18:09:00,472
16772.073296,147.2972,147.36,147.38,147.38,147.2319,2026-08-06 18:10:00,280
20145.840281,147.3542,147.38,147.345,147.44,147.3,2026-08-06 18:11:00,348
38932.147593,147.2935,147.345,147.135,147.43,147.11,2026-08-06 18:12:00,479
26527.127665,147.0426,147.09,147.01,147.119,146.95,2026-08-06 18:13:00,394
15659.157106,147.15,147.07,147.155,147.25,147.05,2026-08-06 18:14:00,242
23191.319995,147.077,147.155,147.0,147.155,146.955,2026-08-06 18:15:00,332
31340.112816,146.9441,147.0,146.93,147.04,146.85,2026-08-06 18:16:00,629
19888.410289,146.8536,146.93,146.85,146.935,146.77,2026-08-06 18:17:00,345
23150.445158,146.7714,146.88,146.6395,146.9,146.6,2026-08-06 18:18:00,385
13187.426529,146.6532,146.62,146.645,146.68,146.54,2026-08-06 18:19:00,250
33455.355822,146.7855,146.63,146.825,146.89,146.58,2026-08-06 18:20:00,498
27631.573072,146.8104,146.78,146.8,146.86,146.74,2026-08-06 18:21:00,387
24695.959052,146.786,146.86,146.66,146.88,146.64,2026-08-06 18:22:00,397
18152.147774,146.6626,146.68,146.675,146.69,146.59,2026-08-06 18:23:00,254
21833.210467,146.7273,146.71,146.63,146.835,146.58,2026-08-06 18:24:00,362
19776.672615,146.6085,146.64,146.56,146.67,146.54,2026-08-06 18:25:00,328
26366.058657,146.7346,146.52,146.42,146.56,146.37,2026-08-06 18:26:00,278
20354.678045,146.5212,146.46,146.55,146.57,146.44,2026-08-06 18:27:00,278
32049.510366,146.5694,146.57,146.525,146.71,146.47,2026-08-06 18:28:00,386
15985.810841,146.4885,146.525,146.48,146.53,146.43,2026-08-06 18:29:00,200
13231.249357,146.5189,146.48,146.59,146.59,146.46,2026-08-06 18:30:00,209
22521.449639,146.7593,146.59,146.835,146.88,146.56,2026-08-06 18:31:00,388
25893.08196,146.7822,146.835,146.76,146.88,146.71,2026-08-06 18:32:00,354
12977.530365,146.8751,146.775,146.945,146.96,146.775,2026-08-06 18:33:00,235
18248.65558,146.9228,146.9531,146.96,146.98,146.86,2026-08-06 18:34:00,294
76284.194136,146.9823,146.94,146.95,147.05,146.91,2026-08-06 18:35:00,904
33690.147017,146.893,146.965,146.84,146.97,146.75,2026-08-06 18:36:00,294
83282.038852,146.8425,146.865,146.76,146.95,146.76,2026-08-06 18:37:00,550
17973.83299,146.6921,146.72,146.565,146.735,146.56,2026-08-06 18:38:00,304
18094.679326,146.5636,146.58,146.535,146.59,146.5,2026-08-06 18:39:00,314
14395.470447,146.511,146.515,146.47,146.515,146.4001,2026-08-06 18:40:00,200
30452.300578,146.4511,146.485,146.48,146.485,146.34,2026-08-06 18:41:00,383
40352.097289,146.4184,146.43,146.27,146.56,146.21,2026-08-06 18:42:00,492
41625.132111,146.2331,146.27,146.41,146.43,146.09,2026-08-06 18:43:00,525
16778.49366,146.3887,146.415,146.33,146.47,146.28,2026-08-06 18:44:00,247
22383.250107,146.4522,146.36,146.51,146.54,146.345,2026-08-06 18:45:00,328
18419.171972,146.495,146.54,146.46,146.545,146.43,2026-08-06 18:46:00,320
22381.01197,146.4301,146.46,146.48,146.49,146.39,2026-08-06 18:47:00,360
20276.719499,146.5318,146.475,146.565,146.61,146.475,2026-08-06 18:48:00,301
19573.0,146.5181,146.565,146.49,146.565,146.48,2026-08-06 18:49:00,315
16638.042284,146.4307,146.5308,146.435,146.5308,146.36,2026-08-06 18:50:00,344
28124.26379,146.4059,146.41,146.47,146.48,146.34,2026-08-06 18:51:00,383
19848.403654,146.3387,146.44,146.29,146.44,146.25,2026-08-06 18:52:00,254
24220.887951,146.3061,146.29,146.33,146.375,146.21,2026-08-06 18:53:00,370
36902.38614,146.3468,146.31,146.34,146.43,146.26,2026-08-06 18:54:00,435
20616.181735,146.3888,146.32,146.475,146.475,146.28,2026-08-06 18:55:00,322
15855.59425,146.4855,146.47,146.49,146.5662,146.4101,2026-08-06 18:56:00,190
19970.18358,146.4433,146.51,146.515,146.53,146.39,2026-08-06 18:57:00,285
19432.890256,146.5285,146.52,146.62,146.64,146.5,2026-08-06 18:58:00,242
15777.451791,146.5407,146.59,146.525,146.59,146.48,2026-08-06 18:59:00,283
25399.35488,146.5131,146.505,146.5,146.57,146.46,2026-08-06 19:00:00,334
28960.282749,146.5805,146.53,146.78,146.78,146.51,2026-08-06 19:01:00,383
14259.010083,146.7452,146.82,146.74,146.85,146.71,2026-08-06 19:02:00,269
18523.717666,146.679,146.75,146.7,146.77,146.63,2026-08-06 19:03:00,249
22079.359798,146.7472,146.75,146.67,146.82,146.67,2026-08-06 19:04:00,319
45848.45484,146.6453,146.74,146.69,146.74,146.57,2026-08-06 19:05:00,529
29730.68782,146.6198,146.69,146.57,146.69,146.53,2026-08-06 19:06:00,387
16664.53076,146.663,146.575,146.7,146.74,146.575,2026-08-06 19:07:00,245
38489.113337,146.6135,146.71,146.46,146.73,146.44,2026-08-06 19:08:00,429
18422.172761,146.4247,146.41,146.29,146.51,146.29,2026-08-06 19:09:00,331
50591.978647,146.3085,146.31,146.12,146.45,146.12,2026-08-06 19:10:00,652
29504.509963,146.1565,146.17,146.32,146.405,145.91,2026-08-06 19:11:00,441
30449.78065,146.4126,146.29,146.45,146.595,146.18,2026-08-06 19:12:00,457
25553.3236,146.4459,146.45,146.26,146.54,146.26,2026-08-06 19:13:00,420
23296.788365,146.1415,146.23,145.955,146.27,145.955,2026-08-06 19:14:00,307
29606.07533,145.9587,146.0,145.95,146.05,145.87,2026-08-06 19:15:00,465
25630.999445,145.896,145.93,145.77,145.98,145.76,2026-08-06 19:16:00,383
16878.037163,145.8129,145.795,145.86,145.86,145.75,2026-08-06 19:17:00,242
26324.035994,145.8562,145.84,145.895,145.91,145.77,2026-08-06 19:18:00,323
65698.034851,145.929,145.895,145.89,145.98,145.81,2026-08-06 19:19:00,774
24478.814132,145.9447,145.87,145.91,145.98,145.86,2026-08-06 19:20:00,371
22386.481886,145.8621,145.91,145.775,145.915,145.77,2026-08-06 19:21:00,388
14340.994308,145.8349,145.805,145.89,145.89,145.76,2026-08-06 19:22:00,241
32399.5877,145.9205,145.865,145.92,146.0,145.86,2026-08-06 19:23:00,410
14634.7544,145.9261,145.905,145.93,145.95,145.89,2026-08-06 19:24:00,258
30987.58522,145.844,145.92,145.78,145.92,145.75,2026-08-06 19:25:00,486
28262.871051,145.758,145.78,145.62,145.86,145.62,2026-08-06 19:26:00,450
17367.22821,145.5567,145.62,145.435,145.63,145.43,2026-08-06 19:27:00,304
33466.288855,145.4216,145.42,145.495,145.51,145.275,2026-08-06 19:28:00,528
23470.095713,145.4604,145.475,145.37,145.5,145.37,2026-08-06 19:29:00,377
33025.440024,145.4083,145.36,145.465,145.525,145.25,2026-08-06 19:30:00,538
35784.117598,145.5002,145.48,145.8,145.8,145.38,2026-08-06 19:31:00,532
32132.897464,145.8133,145.805,145.88,145.935,145.805,2026-08-06 19:32:00,393
30600.146215,145.8281,145.9,145.73,145.98,145.69,2026-08-06 19:33:00,435
37921.790174,145.5231,145.75,145.38,145.75,145.29,2026-08-06 19:34:00,523
168347.076837,145.3674,145.34,145.6,145.6,145.2,2026-08-06 19:35:00,984
45601.852867,145.5444,145.56,145.57,145.62,145.48,2026-08-06 19:36:00,589
23188.04059,145.4993,145.54,145.4746,145.62,145.42,2026-08-06 19:37:00,351
39507.195977,145.4564,145.46,145.49,145.58,145.39,2026-08-06 19:38:00,470
31494.472073,145.527,145.52,145.625,145.63,145.49,2026-08-06 19:39:00,399
35791.47565,145.6912,145.61,145.84,145.85,145.61,2026-08-06 19:40:00,564
57309.214891,145.8795,145.835,145.96,146.0,145.78,2026-08-06 19:41:00,746
51179.633115,145.9574,145.92,146.06,146.06,145.89,2026-08-06 19:42:00,685
37348.082973,145.9431,146.03,145.905,146.04,145.87,2026-08-06 19:43:00,578
33843.580949,145.9023,145.915,145.995,146.0,145.85,2026-08-06 19:44:00,369
64390.085077,146.0393,146.03,146.06,146.13,145.995,2026-08-06 19:45:00,568
42521.793673,146.1454,146.08,146.16,146.23,146.07,2026-08-06 19:46:00,636
46287.074655,146.1916,146.15,146.37,146.37,146.11,2026-08-06 19:47:00,536
41942.878425,146.4244,146.39,146.48,146.514,146.36,2026-08-06 19:48:00,572
83826.36194,146.4848,146.495,146.55,146.58,146.43,2026-08-06 19:49:00,787
129069.5513,146.4524,146.53,146.535,146.56,146.35,2026-08-06 19:50:00,1897
99540.28749,146.5688,146.53,146.6975,146.72,146.45,2026-08-06 19:51:00,1176
74975.909576,146.7754,146.68,146.91,146.95,146.68,2026-08-06 19:52:00,924
114968.630538,146.8429,146.91,147.06,147.1,146.65,2026-08-06 19:53:00,1456
91778.694551,147.1725,147.09,147.4,147.43,146.99,2026-08-06 19:54:00,1289
186499.82371,147.4108,147.4,147.33,147.625,147.29,2026-08-06 19:55:00,2531
178121.68342,147.34,147.32,147.46,147.5,147.25,2026-08-06 19:56:00,1782
184402.563215,147.4653,147.46,147.47,147.595,147.39,2026-08-06 19:57:00,2416
208796.503912,147.5081,147.47,147.525,147.58,147.44,2026-08-06 19:58:00,2744
379127.125094,147.5052,147.525,147.58,147.58,147.425,2026-08-06 19:59:00,4224
56606.114059,147.4224,147.44,146.76,147.44,146.76,2026-08-06 20:00:00,155
1259.0,146.7449,146.76,146.76,146.76,146.76,2026-08-06 20:01:00,35
5096.0,146.7512,146.75,146.76,147.0,146.68,2026-08-06 20:02:00,85
2938.11414,146.6976,146.676,146.65,146.8,146.65,2026-08-06 20:03:00,49
1273.25287,146.7618,146.62,146.72,146.8223,146.62,2026-08-06 20:04:00,49
1132.0,147.3308,147.42,147.43,147.45,147.42,2026-08-06 20:05:00,28
260.0,146.9665,146.99,147.0,147.0,146.99,2026-08-06 20:06:00,8
157.0,147.1135,147.15,147.15,147.15,147.15,2026-08-06 20:08:00,3
1049.0,147.0758,147.1,147.09,147.1,147.09,2026-08-06 20:09:00,32
215.554811,147.3963,147.01,147.01,147.01,147.01,2026-08-06 20:10:00,15
100.0,146.89,146.89,146.89,146.89,146.89,2026-08-06 20:12:00,1
198.0,146.7774,146.8,146.8,146.8,146.8,2026-08-06 20:14:00,5
135.497365,147.3115,146.79,146.79,146.79,146.79,2026-08-06 20:15:00,10
2050.0,146.8507,146.8,146.87,146.87,146.8,2026-08-06 20:16:00,19
311.0,146.89,146.89,146.89,146.89,146.89,2026-08-06 20:18:00,1
321.0,146.9595,147.25,147.25,147.25,147.25,2026-08-06 20:23:00,6
282.0,146.9593,147.02,147.02,147.02,147.02,2026-08-06 20:24:00,14
832.0,146.9929,147.0,147.0,147.0,147.0,2026-08-06 20:25:00,8
10201.0,146.7548,146.75,146.99,146.99,146.75,2026-08-06 20:27:00,3
615.0,146.7512,146.75,146.75,146.75,146.75,2026-08-06 20:29:00,3
670.0,146.9352,146.97,147.0,147.0,146.97,2026-08-06 20:33:00,29
1627.036121,147.0026,147.0,147.0,147.0,147.0,2026-08-06 20:34:00,11
100.0,146.58,146.58,146.58,146.58,146.58,2026-08-06 20:54:00,1
190.0,146.8474,146.9,146.9,146.9,146.9,2026-08-06 20:55:00,4
100.0,146.8038,146.8038,146.8038,146.8038,146.8038,2026-08-06 21:00:00,1
150.0,146.6,146.6,146.6,146.6,146.6,2026-08-06 21:01:00,1
269.0,146.5413,146.5413,146.5413,146.5413,146.5413,2026-08-06 21:08:00,1
610.0,146.8375,146.83,146.85,146.85,146.83,2026-08-06 21:11:00,6
688.0,146.7911,146.5905,146.84,146.84,146.5905,2026-08-06 21:19:00,10
111.0,146.829,146.85,146.85,146.85,146.85,2026-08-06 21:24:00,3
300.0,146.85,146.85,146.85,146.85,146.85,2026-08-06 21:25:00,2
108.0,146.7893,146.79,146.79,146.79,146.79,2026-08-06 21:34:00,2
343.0,146.7776,146.78,146.78,146.78,146.78,2026-08-06 21:36:00,5
289.0,146.7693,146.78,146.78,146.78,146.78,2026-08-06 21:39:00,3
201.0,146.78,146.78,146.78,146.78,146.78,2026-08-06 21:40:00,2
326.0,146.7908,146.8,146.8,146.8,146.8,2026-08-06 21:41:00,4
772.0,146.6549,146.6067,146.6067,146.6067,146.6067,2026-08-06 21:58:00,2
520.0,146.1988,146.1816,146.1816,146.1816,146.1816,2026-08-06 22:31:00,2
100.0,146.7465,146.7465,146.7465,146.7465,146.7465,2026-08-06 22:41:00,1
184.006802,146.71,146.7,146.7,146.7,146.7,2026-08-06 22:42:00,3
305.0,146.7115,146.71,146.71,146.71,146.71,2026-08-06 22:45:00,2
822.0,147.3963,147.24,147.49,147.49,147.24,2026-08-06 23:26:00,55
502.033277,147.5575,147.5499,147.5499,147.5499,147.5499,2026-08-06 23:43:00,3
465.28,147.0884,147.0,147.0,147.0,147.0,2026-08-06 23:46:00,10
207.38,147.5311,147.23,147.23,147.23,147.23,2026-08-06 23:48:00,19
443.0,147.486,147.47,147.51,147.51,147.47,2026-08-06 23:57:00,7
509.545581,146.9432,146.97,146.97,146.97,146.97,2026-08-07 08:00:00,119
4646.008169,146.9536,147.24,146.9,147.24,146.86,2026-08-07 08:01:00,140
2393.0,146.8812,146.88,146.9,146.9,146.8789,2026-08-07 08:13:00,25
1040.0,146.9918,146.98,147.0,147.0,146.98,2026-08-07 08:15:00,9
300.0,146.7517,146.75,146.75,146.75,146.75,2026-08-07 08:18:00,2
287.0,146.4364,146.44,146.44,146.44,146.44,2026-08-07 08:22:00,5
440.0,146.2898,146.3064,146.3064,146.3064,146.3064,2026-08-07 08:23:00,5
530.0,146.4803,146.49,146.53,146.53,146.49,2026-08-07 08:24:00,10
100.303253,146.7928,146.35,146.35,146.35,146.35,2026-08-07 08:34:00,3
180.0,146.0027,146.01,146.01,146.01,146.01,2026-08-07 09:16:00,7
500.0,146.1735,146.18,146.18,146.18,146.18,2026-08-07 09:21:00,6
300.0,146.18,146.18,146.18,146.18,146.18,2026-08-07 09:28:00,3
100.0,145.0,145.0,145.0,145.0,145.0,2026-08-07 09:33:00,1
1734.0,146.4109,146.21,146.94,146.94,146.11,2026-08-07 09:40:00,34
200.0,146.98,146.98,146.98,146.98,146.98,2026-08-07 10:16:00,1
316.0,146.8757,146.9,146.9,146.9,146.9,2026-08-07 11:00:00,17
179.0,147.1154,147.16,147.16,147.16,147.16,2026-08-07 11:40:00,6
200.135026,147.2089,147.22,147.22,147.22,147.22,2026-08-07 11:43:00,4
1000.0,146.484,146.484,146.484,146.484,146.484,2026-08-07 11:44:00,1
1000.0,146.4426,146.4426,146.4426,146.4426,146.4426,2026-08-07 11:52:00,1
105.0,146.3333,146.3,146.3,146.3,146.3,2026-08-07 11:55:00,2
150.0,146.4718,146.4718,146.4718,146.4718,146.4718,2026-08-07 11:57:00,1
100.0,146.6116,146.6116,146.6116,146.6116,146.6116,2026-08-07 11:58:00,1
631.0,147.0418,147.04,147.04,147.04,147.04,2026-08-07 12:06:00,18
100.0,146.6245,146.6245,146.6245,146.6245,146.6245,2026-08-07 12:21:00,1
477.0,146.901,146.9,146.9,146.9,146.9,2026-08-07 12:22:00,6
1044.21,147.3307,147.22,147.33,147.33,147.22,2026-08-07 12:30:00,26
666.0,147.7887,147.85,147.85,147.85,147.85,2026-08-07 12:37:00,20
998.0,147.9275,147.75,147.99,148.0,147.75,2026-08-07 12:38:00,31
3986.10722,148.1494,148.09,148.44,148.44,148.09,2026-08-07 12:39:00,50
127.008189,148.299,148.26,148.26,148.26,148.26,2026-08-07 12:40:00,7
2366.0,148.2743,148.25,147.7375,148.3,147.7375,2026-08-07 12:41:00,8
3012.970698,147.6515,148.13,147.73,148.13,147.5,2026-08-07 12:42:00,29
390.0,147.4898,147.4121,147.5,147.5,147.4121,2026-08-07 12:44:00,5
112.0,147.904,147.95,147.95,147.95,147.95,2026-08-07 12:45:00,4
2351.0,147.961,147.95,148.0,148.0,147.94,2026-08-07 12:47:00,16
934.0,148.4109,148.5,148.3562,148.5,148.3562,2026-08-07 12:49:00,11
2504.088485,148.5462,148.5,148.6,148.6,148.37,2026-08-07 12:52:00,37
5114.0,148.8782,148.65,148.9,148.9,148.65,2026-08-07 12:53:00,25
2071.0,149.0081,149.0,149.0,149.07,148.99,2026-08-07 12:54:00,41
276.8735,149.7089,149.25,149.25,149.25,149.25,2026-08-07 12:56:00,9
347.0,149.3257,149.321,149.331,149.331,149.321,2026-08-07 12:59:00,11
1933.0,149.2486,149.3,149.25,149.3,149.25,2026-08-07 13:00:00,22
686.918556,148.79,148.6,148.6,148.6,148.6,2026-08-07 13:10:00,9
3115.0,148.877,148.5,149.0,149.0,148.5,2026-08-07 13:14:00,35
1211.0,149.0232,149.01,149.0,149.01,149.0,2026-08-07 13:15:00,86
11660.0,149.0042,149.2,149.0,149.2,149.0,2026-08-07 13:16:00,36
178.0,149.0049,149.25,149.25,149.25,149.25,2026-08-07 13:17:00,6
147.0,148.859,148.81,148.81,148.81,148.81,2026-08-07 13:24:00,5
956.017863,148.161,148.16,148.08,148.16,148.08,2026-08-07 13:25:00,23
406.0,148.0396,148.0304,148.0304,148.0304,148.0304,2026-08-07 13:26:00,21
1514.079175,148.0076,148.01,147.86,148.02,147.85,2026-08-07 13:27:00,49
982.0,147.9799,147.94,147.93,147.94,147.91,2026-08-07 13:29:00,51
205417.480572,147.5328,148.425,146.085,148.81,145.83,2026-08-07 13:30:00,1683
44541.989378,146.735,146.24,147.76,147.9928,145.6001,2026-08-07 13:31:00,703
32864.260913,147.8705,147.99,147.05,148.57,147.01,2026-08-07 13:32:00,467
19818.899249,147.2636,147.01,147.337,147.62,146.91,2026-08-07 13:33:00,301
25753.19382,147.2857,147.12,146.995,147.71,146.84,2026-08-07 13:34:00,329
35879.444235,147.3646,147.0,147.21,147.71,146.995,2026-08-07 13:35:00,500
21023.041098,147.3336,147.26,147.7,147.78,147.065,2026-08-07 13:36:00,327
34282.457978,147.5235,147.54,148.3947,148.69,147.53,2026-08-07 13:37:00,468
36113.679523,148.3279,148.33,148.18,148.63,148.1199,2026-08-07 13:38:00,519
34778.012101,148.3095,148.19,148.19,148.63,148.0129,2026-08-07 13:39:00,486
43016.158883,147.9207,148.215,147.79,148.41,147.63,2026-08-07 13:40:00,561
35962.793926,147.7347,147.84,147.427,148.0,147.26,2026-08-07 13:41:00,510
32188.123307,147.295,147.37,147.275,147.45,147.21,2026-08-07 13:42:00,527
27829.566313,147.2752,147.28,147.32,147.6,146.98,2026-08-07 13:43:00,419
26094.434608,147.5102,147.31,147.6725,147.7,147.26,2026-08-07 13:44:00,366
33682.481697,147.6208,147.67,147.7,147.76,147.49,2026-08-07 13:45:00,623
78986.283454,148.3003,147.67,148.775,148.87,147.67,2026-08-07 13:46:00,840
54617.455814,148.7662,148.73,148.8399,148.965,148.58,2026-08-07 13:47:00,706
78348.178064,148.9488,148.7301,149.075,149.15,148.73,2026-08-07 13:48:00,830
61732.05466,149.0586,149.01,149.137,149.18,148.95,2026-08-07 13:49:00,627
51668.71002,149.4283,149.14,149.795,149.84,149.0565,2026-08-07 13:50:00,769
184065.172133,149.9496,149.84,149.93,150.14,149.67,2026-08-07 13:51:00,1736
62440.836128,149.8973,149.99,150.01,150.0799,149.65,2026-08-07 13:52:00,667
36245.822691,149.7515,149.94,149.45,150.0099,149.42,2026-08-07 13:53:00,513
31334.334551,149.4009,149.45,149.425,149.5397,149.3,2026-08-07 13:54:00,432
34152.09084,149.5682,149.445,149.71,149.74,149.4001,2026-08-07 13:55:00,450
25407.565367,149.5058,149.7393,149.34,149.75,149.2974,2026-08-07 13:56:00,454
33380.267727,149.381,149.32,149.347,149.58,149.27,2026-08-07 13:57:00,470
32002.61538,149.721,149.41,149.825,149.87,149.39,2026-08-07 13:58:00,412
48511.067118,149.6138,149.8799,149.56,149.8799,149.41,2026-08-07 13:59:00,670
39032.470008,149.7113,149.625,149.925,149.9495,149.41,2026-08-07 14:00:00,573
36332.293295,149.7099,149.93,149.725,149.93,149.59,2026-08-07 14:01:00,471
62928.891657,149.8757,149.69,150.03,150.065,149.68,2026-08-07 14:02:00,691
84781.383075,150.3403,150.05,150.305,150.57,150.05,2026-08-07 14:03:00,1182
52907.580426,150.1434,150.32,149.84,150.6,149.75,2026-08-07 14:04:00,728
41291.47935,150.0141,149.865,149.85,150.17,149.85,2026-08-07 14:05:00,597
31566.418077,150.016,149.82,150.02,150.15,149.82,2026-08-07 14:06:00,364
28439.245315,150.1239,150.055,150.12,150.25,149.98,2026-08-07 14:07:00,429
38037.75874,150.2258,150.11,150.3,150.38,150.02,2026-08-07 14:08:00,495
27527.55222,150.4603,150.31,150.44,150.6,150.2322,2026-08-07 14:09:00,469
69552.76384,150.5593,150.49,150.6,150.77,150.3,2026-08-07 14:10:00,995
58840.638455,150.8462,150.66,151.0,151.08,150.59,2026-08-07 14:11:00,959
53744.773438,151.199,151.01,151.31,151.47,150.92,2026-08-07 14:12:00,842
47492.820113,151.2333,151.3,151.24,151.39,151.04,2026-08-07 14:13:00,720
36698.103732,151.2403,151.25,151.15,151.41,151.12,2026-08-07 14:14:00,605
43184.081155,151.1462,151.135,151.35,151.35,151.0282,2026-08-07 14:15:00,729
52016.083648,151.524,151.35,151.3401,151.75,151.34,2026-08-07 14:16:00,810
38344.302901,151.5152,151.41,151.66,151.7499,151.29,2026-08-07 14:17:00,592
46623.103205,151.4229,151.625,151.63,151.63,151.24,2026-08-07 14:18:00,658
95306.659425,151.669,151.64,151.815,151.82,151.41,2026-08-07 14:19:00,870
73955.311923,151.843,151.82,151.735,152.02,151.66,2026-08-07 14:20:00,1082
47794.88224,151.6064,151.79,151.68,151.88,151.41,2026-08-07 14:21:00,638
30280.756585,151.7369,151.65,151.6606,151.86,151.61,2026-08-07 14:22:00,427
39864.475167,152.0062,151.6523,152.14,152.15,151.6523,2026-08-07 14:23:00,619
46203.602158,152.1268,152.1,152.25,152.3095,151.93,2026-08-07 14:24:00,564
32079.176278,152.1821,152.255,152.18,152.275,152.0542,2026-08-07 14:25:00,540
26063.503637,152.082,152.2,151.84,152.21,151.815,2026-08-07 14:26:00,447
23966.720325,151.8645,151.89,151.87,151.93,151.7126,2026-08-07 14:27:00,445
29688.045783,151.9802,151.92,151.88,152.12,151.82,2026-08-07 14:28:00,462
46644.571976,151.8137,151.8,151.9,152.085,151.43,2026-08-07 14:29:00,711
32436.063595,151.9281,151.93,151.715,152.14,151.71,2026-08-07 14:30:00,494
27944.264285,151.6711,151.635,151.765,151.765,151.53,2026-08-07 14:31:00,432
12798.200202,151.8,151.82,151.82,151.8714,151.7,2026-08-07 14:32:00,285
13227.834217,151.7866,151.77,151.8001,151.965,151.66,2026-08-07 14:33:00,221
22173.310478,152.0369,151.9,152.18,152.21,151.8101,2026-08-07 14:34:00,354
22196.025466,152.173,152.24,152.14,152.31,152.03,2026-08-07 14:35:00,388
13805.5795,152.0809,152.12,152.09,152.14,152.02,2026-08-07 14:36:00,304
16159.349167,152.0899,152.12,152.12,152.2,152.0,2026-08-07 14:37:00,338
15884.105725,152.0532,152.115,152.03,152.15,151.9454,2026-08-07 14:38:00,321
28350.93356,151.897,152.075,151.72,152.12,151.71,2026-08-07 14:39:00,444
33103.256864,152.1999,151.76,152.31,152.475,151.76,2026-08-07 14:40:00,490
26928.571498,152.3991,152.31,152.59,152.6,152.22,2026-08-07 14:41:00,499
33991.665981,152.6481,152.5889,152.69,152.8,152.4992,2026-08-07 14:42:00,570
18097.869194,152.6923,152.6796,152.68,152.85,152.57,2026-08-07 14:43:00,354
27012.524002,152.5083,152.53,152.45,152.59,152.36,2026-08-07 14:44:00,436
23750.783933,152.5593,152.415,152.48,152.66,152.415,2026-08-07 14:45:00,357
27902.918182,152.5178,152.525,152.355,152.69,152.355,2026-08-07 14:46:00,401
17365.903326,152.2993,152.355,152.1601,152.37,152.16,2026-08-07 14:47:00,302
19237.055678,152.2198,152.26,152.09,152.39,152.07,2026-08-07 14:48:00,323
31173.218127,152.0284,152.08,152.0105,152.14,151.9101,2026-08-07 14:49:00,376
43673.501281,152.1249,152.04,152.07,152.23,151.98,2026-08-07 14:50:00,595
26030.771458,152.1305,152.07,152.06,152.27,152.02,2026-08-07 14:51:00,419
28421.887529,151.892,152.03,151.9,152.03,151.71,2026-08-07 14:52:00,480
47220.000685,151.9028,151.87,151.91,152.05,151.64,2026-08-07 14:53:00,446
25510.663087,152.1225,151.91,152.09,152.32,151.91,2026-08-07 14:54:00,370
15572.888489,152.0754,152.045,152.2,152.22,151.96,2026-08-07 14:55:00,298
18456.111989,152.2239,152.2,152.2951,152.35,152.04,2026-08-07 14:56:00,306
22947.616941,152.3606,152.35,152.365,152.44,152.29,2026-08-07 14:57:00,366
41033.50002,152.4193,152.39,152.49,152.54,152.25,2026-08-07 14:58:00,541
30189.703942,152.3736,152.46,152.235,152.52,152.18,2026-08-07 14:59:00,470
32483.25915,152.3178,152.23,152.48,152.51,152.16,2026-08-07 15:00:00,466
34782.879063,152.3802,152.44,152.33,152.47,152.28,2026-08-07 15:01:00,394
13988.793916,152.25,152.3,152.28,152.3,152.16,2026-08-07 15:02:00,247
34325.55061,152.3862,152.27,152.5,152.52,152.24,2026-08-07 15:03:00,547
22557.104185,152.4883,152.52,152.4375,152.57,152.41,2026-08-07 15:04:00,367
16552.222304,152.6049,152.44,152.7048,152.75,152.43,2026-08-07 15:05:00,344
30155.414178,152.6801,152.7456,152.79,152.79,152.5201,2026-08-07 15:06:00,462
27300.010866,152.6386,152.75,152.4,152.75,152.4,2026-08-07 15:07:00,430
24664.547998,152.4325,152.445,152.525,152.53,152.38,2026-08-07 15:08:00,319
20527.808096,152.4676,152.49,152.34,152.5791,152.34,2026-08-07 15:09:00,323
25708.927271,152.4296,152.32,152.4,152.52,152.32,2026-08-07 15:10:00,372
18100.203733,152.3075,152.39,152.19,152.42,152.18,2026-08-07 15:11:00,358
29020.561389,152.2034,152.23,152.05,152.32,152.01,2026-08-07 15:12:00,494
63423.363116,152.0271,152.08,152.18,152.21,151.85,2026-08-07 15:13:00,666
41551.132303,152.2126,152.175,152.255,152.285,152.1499,2026-08-07 15:14:00,393
31470.896971,152.4248,152.24,152.5,152.55,152.23,2026-08-07 15:15:00,409
26870.57416,152.5554,152.49,152.665,152.73,152.44,2026-08-07 15:16:00,393
34746.257672,152.3082,152.685,152.125,152.69,152.04,2026-08-07 15:17:00,649
62028.270229,152.2804,152.08,152.2,152.44,152.075,2026-08-07 15:18:00,696
23530.243973,152.2307,152.21,152.18,152.435,152.025,2026-08-07 15:19:00,411
24536.825121,152.2095,152.18,152.225,152.3,152.07,2026-08-07 15:20:00,373
33107.86405,152.3082,152.22,152.29,152.38,152.2,2026-08-07 15:21:00,434
19702.899454,152.1626,152.275,152.04,152.275,152.04,2026-08-07 15:22:00,312
23637.059035,151.9178,152.04,151.87,152.065,151.8,2026-08-07 15:23:00,376
33782.025813,151.6811,151.86,151.54,151.87,151.5101,2026-08-07 15:24:00,469
26590.374784,151.4473,151.535,151.39,151.535,151.34,2026-08-07 15:25:00,384
24403.196606,151.3338,151.43,151.215,151.45,151.16,2026-08-07 15:26:00,429
23970.54026,151.0823,151.22,151.02,151.22,150.9201,2026-08-07 15:27:00,415
20046.639108,151.1299,151.025,151.135,151.235,151.025,2026-08-07 15:28:00,317
19573.568697,151.0995,151.12,150.94,151.2,150.93,2026-08-07 15:29:00,348
22265.613307,150.9934,150.945,151.025,151.03,150.94,2026-08-07 15:30:00,348
38622.079774,150.9181,151.03,150.885,151.03,150.79,2026-08-07 15:31:00,403
20878.77716,150.7781,150.8851,150.73,150.8851,150.675,2026-08-07 15:32:00,316
37445.577735,150.6731,150.76,150.5969,150.784,150.57,2026-08-07 15:33:00,346
16666.27676,150.6382,150.58,150.67,150.71,150.54,2026-08-07 15:34:00,351
11350.139427,150.7201,150.7299,150.66,150.78,150.66,2026-08-07 15:35:00,224
12314.243049,150.7317,150.655,150.84,150.84,150.63,2026-08-07 15:36:00,247
14867.411461,150.8734,150.83,150.87,151.0,150.77,2026-08-07 15:37:00,252
17455.284898,150.818,150.94,150.835,150.94,150.7,2026-08-07 15:38:00,326
18845.204003,150.9216,150.87,150.99,151.0,150.84,2026-08-07 15:39:00,356
29154.275726,150.9684,151.02,150.915,151.09,150.81,2026-08-07 15:40:00,343
26251.575573,150.9087,150.91,150.93,150.98,150.86,2026-08-07 15:41:00,332
12100.199052,151.0656,150.99,151.09,151.12,150.99,2026-08-07 15:42:00,201
24943.350853,151.0889,151.065,150.965,151.19,150.95,2026-08-07 15:43:00,313
22382.692674,150.8707,150.94,150.83,150.94,150.83,2026-08-07 15:44:00,301
13201.177334,150.8574,150.81,150.86,150.89,150.78,2026-08-07 15:45:00,276
14240.5755,150.8978,150.89,150.945,150.945,150.84,2026-08-07 15:46:00,300
16236.609496,150.8242,150.92,150.75,150.96,150.73,2026-08-07 15:47:00,283
12651.439042,150.691,150.715,150.66,150.75,150.57,2026-08-07 15:48:00,248
13227.479339,150.6098,150.62,150.6346,150.69,150.53,2026-08-07 15:49:00,254
7844.808259,150.617,150.59,150.56,150.64,150.55,2026-08-07 15:50:00,194
13193.34121,150.5442,150.5301,150.64,150.64,150.45,2026-08-07 15:51:00,243
10141.96341,150.6638,150.64,150.66,150.73,150.615,2026-08-07 15:52:00,187
14956.805983,150.5899,150.68,150.68,150.69,150.5001,2026-08-07 15:53:00,302
32203.437339,150.6194,150.71,150.53,150.71,150.5,2026-08-07 15:54:00,339
28169.97565,150.5997,150.53,150.625,150.7,150.53,2026-08-07 15:55:00,316
19998.140068,150.663,150.62,150.6,150.77,150.5718,2026-08-07 15:56:00,337
39355.344207,150.3871,150.6,150.23,150.6,150.22,2026-08-07 15:57:00,454
18529.057231,150.2538,150.26,150.17,150.345,150.17,2026-08-07 15:58:00,308
21085.304941,150.2127,150.16,150.16,150.3209,150.12,2026-08-07 15:59:00,356
63314.335134,149.9846,150.13,149.87,150.265,149.71,2026-08-07 16:00:00,647
27209.486323,149.8453,149.855,149.85,149.9,149.76,2026-08-07 16:01:00,381
25176.413446,149.9036,149.82,149.83,149.99,149.78,2026-08-07 16:02:00,322
12273.660594,149.8158,149.82,149.75,149.855,149.74,2026-08-07 16:03:00,231
16437.414283,149.7779,149.74,149.73,149.85,149.7031,2026-08-07 16:04:00,288
51301.044894,149.7684,149.72,149.84,150.16,149.59,2026-08-07 16:05:00,607
59128.224988,150.0547,150.1499,150.05,150.175,149.94,2026-08-07 16:06:00,567
36785.172566,150.0599,150.01,150.2,150.21,149.97,2026-08-07 16:07:00,380
16435.24987,150.3088,150.2,150.265,150.38,150.2,2026-08-07 16:08:00,201
24099.58632,150.3249,150.265,150.335,150.44,150.23,2026-08-07 16:09:00,295
14352.0,150.308,150.335,150.365,150.38,150.24,2026-08-07 16:10:00,210
34951.558121,150.0642,150.365,149.87,150.365,149.87,2026-08-07 16:11:00,469
13698.94111,149.8723,149.87,149.86,149.93,149.8,2026-08-07 16:12:00,213
25211.708,149.8397,149.87,149.735,149.935,149.7,2026-08-07 16:13:00,415
13450.944983,149.6685,149.7,149.65,149.73,149.59,2026-08-07 16:14:00,260
11157.376239,149.7563,149.65,149.74,149.8,149.65,2026-08-07 16:15:00,198
23069.728611,149.6001,149.77,149.45,149.77,149.3601,2026-08-07 16:16:00,354
7742.444238,149.5536,149.42,149.595,149.6,149.42,2026-08-07 16:17:00,197
19135.32203,149.6008,149.56,149.5,149.69,149.45,2026-08-07 16:18:00,305
13494.951407,149.3668,149.4734,149.29,149.495,149.2,2026-08-07 16:19:00,262
24801.864041,149.2338,149.27,149.415,149.44,149.12,2026-08-07 16:20:00,451
19540.69,149.4193,149.415,149.345,149.48,149.34,2026-08-07 16:21:00,236
9979.26135,149.3577,149.345,149.365,149.41,149.31,2026-08-07 16:22:00,183
15063.996339,149.5015,149.365,149.56,149.64,149.36,2026-08-07 16:23:00,262
38235.952171,149.4011,149.56,149.153,149.56,149.153,2026-08-07 16:24:00,552
17351.577386,149.1247,149.1951,149.115,149.2,149.02,2026-08-07 16:25:00,284
9330.926594,149.2026,149.115,149.215,149.245,149.06,2026-08-07 16:26:00,183
9487.316541,149.2013,149.21,149.205,149.22,149.16,2026-08-07 16:27:00,226
9435.291513,149.1788,149.24,149.11,149.32,149.0657,2026-08-07 16:28:00,188
6481.518391,149.2093,149.17,149.275,149.275,149.15,2026-08-07 16:29:00,153
18106.271505,149.1473,149.23,149.15,149.23,149.08,2026-08-07 16:30:00,302
8917.160527,149.0948,149.155,149.065,149.165,149.03,2026-08-07 16:31:00,170
6215.338193,149.0898,149.065,149.14,149.14,149.02,2026-08-07 16:32:00,135
19247.982644,148.9935,149.105,148.905,149.105,148.86,2026-08-07 16:33:00,332
10289.438404,149.0153,148.87,149.105,149.12,148.87,2026-08-07 16:34:00,197
25866.837404,149.2237,149.105,149.45,149.45,149.09,2026-08-07 16:35:00,409
51942.301631,149.5568,149.4325,149.735,149.74,149.39,2026-08-07 16:36:00,577
26566.35,149.9479,149.735,150.14,150.14,149.65,2026-08-07 16:37:00,372
20766.221214,150.1429,150.19,150.28,150.3,150.07,2026-08-07 16:38:00,303
16446.07297,150.3384,150.28,150.28,150.43,150.28,2026-08-07 16:39:00,262
16314.392291,150.1456,150.25,150.145,150.25,150.065,2026-08-07 16:40:00,248
14488.444429,150.1815,150.155,150.19,150.28,150.08,2026-08-07 16:41:00,218
12989.8314,150.2154,150.17,150.2,150.25,150.17,2026-08-07 16:42:00,219
9036.48126,150.2651,150.21,150.33,150.34,150.21,2026-08-07 16:43:00,156
15489.083128,150.4384,150.34,150.535,150.55,150.31,2026-08-07 16:44:00,253
19921.592058,150.6053,150.55,150.695,150.74,150.5,2026-08-07 16:45:00,323
15886.764649,150.6454,150.69,150.715,150.73,150.62,2026-08-07 16:46:00,274
17685.14708,150.66,150.715,150.74,150.74,150.57,2026-08-07 16:47:00,279
13826.472259,150.741,150.775,150.68,150.8,150.68,2026-08-07 16:48:00,226
13507.335128,150.7643,150.67,150.82,150.86,150.67,2026-08-07 16:49:00,248
10689.860017,150.8009,150.8,150.84,150.85,150.74,2026-08-07 16:50:00,192
24252.366928,150.6389,150.79,150.5,150.79,150.5,2026-08-07 16:51:00,292
22226.02975,150.5855,150.505,150.605,150.65,150.505,2026-08-07 16:52:00,240
21469.986376,150.5132,150.57,150.56,150.57,150.44,2026-08-07 16:53:00,240
11590.700915,150.6682,150.58,150.6313,150.75,150.58,2026-08-07 16:54:00,210
6486.110092,150.6037,150.63,150.54,150.66,150.54,2026-08-07 16:55:00,141
5802.771075,150.5481,150.5,150.56,150.59,150.46,2026-08-07 16:56:00,132
9352.421662,150.5273,150.5,150.52,150.5499,150.45,2026-08-07 16:57:00,207
12553.372889,150.5299,150.52,150.48,150.57,150.46,2026-08-07 16:58:00,248
7235.31738,150.4755,150.46,150.41,150.52,150.41,2026-08-07 16:59:00,152
13093.202087,150.3841,150.384,150.36,150.435,150.3208,2026-08-07 17:00:00,200
21723.865631,150.5105,150.35,150.58,150.67,150.33,2026-08-07 17:01:00,392
12318.6648,150.5667,150.57,150.52,150.6299,150.51,2026-08-07 17:02:00,215
20748.443393,150.4825,150.53,150.515,150.545,150.43,2026-08-07 17:03:00,274
31980.067323,150.4264,150.515,150.39,150.54,150.345,2026-08-07 17:04:00,295
35051.594448,150.3794,150.39,150.425,150.43,150.275,2026-08-07 17:05:00,285
19759.730337,150.367,150.415,150.31,150.415,150.24,2026-08-07 17:06:00,269
12521.273112,150.4568,150.36,150.62,150.62,150.36,2026-08-07 17:07:00,234
34420.172599,150.7364,150.58,150.7,150.8,150.58,2026-08-07 17:08:00,381
5379.293353,150.6862,150.7,150.6514,150.72,150.6514,2026-08-07 17:09:00,136
18796.44214,150.6889,150.72,150.66,150.79,150.61,2026-08-07 17:10:00,307
16314.918582,150.636,150.64,150.55,150.69,150.55,2026-08-07 17:11:00,232
4680.196181,150.6426,150.5549,150.655,150.695,150.5549,2026-08-07 17:12:00,132
31238.267301,150.6978,150.665,150.7,150.74,150.66,2026-08-07 17:13:00,315
149682.913534,150.6757,150.69,150.81,150.81,150.67,2026-08-07 17:14:00,277
18637.315353,150.8361,150.83,150.855,150.89,150.79,2026-08-07 17:15:00,306
26488.940516,150.8777,150.88,150.8523,150.97,150.78,2026-08-07 17:16:00,442
5039.204946,150.8748,150.875,150.86,150.89,150.84,2026-08-07 17:17:00,109
46736.131984,150.8488,150.8401,150.85,150.93,150.77,2026-08-07 17:18:00,413
11469.993511,150.8618,150.85,150.91,150.91,150.82,2026-08-07 17:19:00,157
5144.596914,150.9379,150.91,150.945,150.98,150.9,2026-08-07 17:20:00,145
11716.308158,150.9096,150.96,150.8901,150.97,150.87,2026-08-07 17:21:00,198
19988.286944,151.0114,150.955,151.005,151.07,150.92,2026-08-07 17:22:00,368
12580.897588,150.9077,151.005,150.865,151.005,150.83,2026-08-07 17:23:00,213
43429.839602,150.8196,150.85,150.7401,150.9,150.71,2026-08-07 17:24:00,445
9599.24105,150.8103,150.76,150.785,150.83,150.76,2026-08-07 17:25:00,211
7583.008142,150.7911,150.76,150.87,150.87,150.72,2026-08-07 17:26:00,204
10812.375863,150.8734,150.895,150.81,150.94,150.8,2026-08-07 17:27:00,231
6708.956373,150.8499,150.81,150.84,150.865,150.795,2026-08-07 17:28:00,126
11445.105639,150.8776,150.87,150.91,150.94,150.85,2026-08-07 17:29:00,183
8785.12047,150.9357,150.9235,150.93,150.98,150.9,2026-08-07 17:30:00,190
35526.017312,150.9036,150.9137,150.91,150.96,150.88,2026-08-07 17:31:00,286
17274.0523,150.8996,150.935,150.875,150.95,150.86,2026-08-07 17:32:00,201
42778.059541,150.8666,150.8771,150.945,150.96,150.76,2026-08-07 17:33:00,502
14388.462775,150.9589,150.94,151.02,151.04,150.9,2026-08-07 17:34:00,298
17457.25662,151.0019,151.01,151.045,151.05,150.89,2026-08-07 17:35:00,326
18557.68793,151.0379,151.03,151.07,151.1067,150.98,2026-08-07 17:36:00,231
3999.72833,151.0606,151.07,151.01,151.08,151.01,2026-08-07 17:37:00,121
5453.514687,151.0746,151.03,151.16,151.16,151.03,2026-08-07 17:38:00,147
9303.854359,151.1247,151.13,151.11,151.15,151.08,2026-08-07 17:39:00,177
9996.824054,151.0834,151.13,151.015,151.16,151.015,2026-08-07 17:40:00,285
8451.570216,150.9996,151.0,150.91,151.05,150.91,2026-08-07 17:41:00,196
7728.294342,150.9594,150.91,150.99,150.99,150.91,2026-08-07 17:42:00,171
10230.915157,150.9898,150.97,150.94,151.0495,150.925,2026-08-07 17:43:00,196
7828.659432,150.9693,150.95,150.965,150.975,150.945,2026-08-07 17:44:00,121
71953.044425,151.1489,150.965,151.0,151.0,150.94,2026-08-07 17:45:00,137
13615.916838,150.9278,150.98,150.85,150.99,150.82,2026-08-07 17:46:00,258
7137.5681,150.8117,150.85,150.79,150.85,150.72,2026-08-07 17:47:00,159
4490.872621,150.7874,150.77,150.7255,150.77,150.69,2026-08-07 17:48:00,112
4966.17867,150.7912,150.755,150.75,150.78,150.75,2026-08-07 17:49:00,130
8266.075773,150.8267,150.79,150.835,150.86,150.79,2026-08-07 17:50:00,156
15355.689933,150.8869,150.839,150.96,150.9999,150.8,2026-08-07 17:51:00,279
5084.75129,151.0074,150.94,151.0,151.05,150.92,2026-08-07 17:52:00,141
18969.319694,150.9611,150.97,150.94,151.0299,150.92,2026-08-07 17:53:00,331
19601.091264,150.8809,150.96,150.99,150.99,150.82,2026-08-07 17:54:00,215
4734.248551,150.9279,150.9528,150.895,150.965,150.895,2026-08-07 17:55:00,202
9554.764705,150.9278,150.9,150.94,150.95,150.88,2026-08-07 17:56:00,176
6874.113108,150.9088,150.94,150.91,150.94,150.87,2026-08-07 17:57:00,129
6508.90512,150.8885,150.905,150.83,150.93,150.8157,2026-08-07 17:58:00,167
19286.28984,150.809,150.82,150.74,150.86,150.74,2026-08-07 17:59:00,284
13245.22722,150.8249,150.7999,150.76,150.88,150.76,2026-08-07 18:00:00,232
42823.957785,150.8549,150.7529,150.79,150.91,150.75,2026-08-07 18:01:00,281
30299.86624,150.543,150.78,150.375,150.78,150.375,2026-08-07 18:02:00,344
8383.289445,150.4683,150.3347,150.42,150.505,150.3347,2026-08-07 18:03:00,138
4342.16156,150.3752,150.45,150.2826,150.47,150.2101,2026-08-07 18:04:00,96
17242.268955,150.3259,150.23,150.3,150.39,150.23,2026-08-07 18:05:00,210
9087.74372,150.3446,150.2988,150.275,150.38,150.23,2026-08-07 18:06:00,141
32734.674381,149.9832,150.23,149.75,150.23,149.75,2026-08-07 18:07:00,287
13902.12964,149.8057,149.745,149.785,149.83,149.74,2026-08-07 18:08:00,132
11896.827329,149.7757,149.82,149.645,149.84,149.6189,2026-08-07 18:09:00,138
10549.294816,149.7671,149.61,149.73,149.81,149.6,2026-08-07 18:10:00,165
13461.223382,149.7275,149.745,149.72,149.745,149.65,2026-08-07 18:11:00,126
6254.894688,149.7909,149.72,149.78,149.78,149.72,2026-08-07 18:12:00,85
14311.17081,149.8083,149.81,149.735,149.87,149.72,2026-08-07 18:13:00,207
11669.910463,149.715,149.76,149.575,149.785,149.55,2026-08-07 18:14:00,175
16711.40455,149.6742,149.65,149.66,149.74,149.6207,2026-08-07 18:15:00,144
7337.055896,149.6616,149.67,149.6573,149.6869,149.59,2026-08-07 18:16:00,118
7924.073709,149.6506,149.66,149.63,149.7,149.61,2026-08-07 18:17:00,119
9591.33862,149.6188,149.61,149.67,149.67,149.56,2026-08-07 18:18:00,157
9937.00668,149.6611,149.67,149.615,149.685,149.6,2026-08-07 18:19:00,115
46812.09959,149.5243,149.57,149.435,149.605,149.42,2026-08-07 18:20:00,415
13654.785417,149.4616,149.435,149.48,149.48,149.37,2026-08-07 18:21:00,136
13408.005804,149.5143,149.47,149.555,149.58,149.47,2026-08-07 18:22:00,125
14305.39948,149.6143,149.56,149.645,149.65,149.56,2026-08-07 18:23:00,240
35582.812832,149.7948,149.66,149.77,149.87,149.64,2026-08-07 18:24:00,471
12378.858796,149.6944,149.79,149.62,149.79,149.61,2026-08-07 18:25:00,217
7045.149909,149.5984,149.63,149.5,149.66,149.5,2026-08-07 18:26:00,127
4601.240206,149.6368,149.55,149.6774,149.6774,149.55,2026-08-07 18:27:00,96
15523.62829,149.691,149.7278,149.75,149.75,149.62,2026-08-07 18:28:00,188
10855.74959,149.7576,149.71,149.78,149.83,149.7,2026-08-07 18:29:00,122
29960.22057,149.7855,149.8,149.87,149.91,149.71,2026-08-07 18:30:00,228
15004.897257,149.8873,149.85,149.91,149.92,149.84,2026-08-07 18:31:00,170
14833.010497,149.9373,149.91,150.02,150.02,149.87,2026-08-07 18:32:00,204
25246.854017,149.8585,149.98,149.76,149.98,149.76,2026-08-07 18:33:00,280
9984.383277,149.7724,149.75,149.77,149.805,149.68,2026-08-07 18:34:00,132
9041.342158,149.7601,149.76,149.69,149.82,149.69,2026-08-07 18:35:00,121
6790.862801,149.7333,149.68,149.72,149.72,149.61,2026-08-07 18:36:00,83
8102.020037,149.6678,149.68,149.58,149.735,149.54,2026-08-07 18:37:00,149
7056.5325,149.6517,149.61,149.68,149.68,149.58,2026-08-07 18:38:00,125
9545.686573,149.7103,149.72,149.68,149.77,149.64,2026-08-07 18:39:00,159
21456.84095,149.7454,149.68,149.8,149.83,149.66,2026-08-07 18:40:00,290
11582.478361,149.8319,149.79,149.81,149.89,149.79,2026-08-07 18:41:00,205
11639.643808,149.793,149.8,149.8,149.81,149.74,2026-08-07 18:42:00,272
11026.10145,149.8355,149.8,149.85,149.87,149.79,2026-08-07 18:43:00,194
13541.041,149.808,149.84,149.755,149.86,149.73,2026-08-07 18:44:00,188
13411.422218,149.7813,149.78,149.78,149.8,149.72,2026-08-07 18:45:00,162
12427.127745,149.7371,149.775,149.66,149.8,149.6206,2026-08-07 18:46:00,161
11771.592383,149.5964,149.65,149.58,149.65,149.545,2026-08-07 18:47:00,196
16508.666374,149.6202,149.59,149.695,149.74,149.54,2026-08-07 18:48:00,246
6312.22897,149.7133,149.72,149.71,149.74,149.68,2026-08-07 18:49:00,166
9326.243715,149.7513,149.72,149.825,149.84,149.7,2026-08-07 18:50:00,173
16978.48015,149.8346,149.825,149.89,149.93,149.8,2026-08-07 18:51:00,199
37357.33857,149.8929,149.88,149.795,149.99,149.75,2026-08-07 18:52:00,322
26515.499691,149.6991,149.78,149.56,149.79,149.56,2026-08-07 18:53:00,277
9965.281291,149.446,149.55,149.27,149.55,149.2557,2026-08-07 18:54:00,174
21145.71743,149.3688,149.25,149.45,149.47,149.23,2026-08-07 18:55:00,323
19539.00669,149.4475,149.445,149.385,149.48,149.365,2026-08-07 18:56:00,266
15906.212726,149.4446,149.385,149.5233,149.5233,149.385,2026-08-07 18:57:00,238
9448.579518,149.4904,149.53,149.435,149.55,149.4,2026-08-07 18:58:00,184
9243.187242,149.4304,149.45,149.47,149.5,149.36,2026-08-07 18:59:00,237
9410.2346,149.5318,149.48,149.5655,149.59,149.48,2026-08-07 19:00:00,213
30964.356075,149.8138,149.58,150.14,150.14,149.58,2026-08-07 19:01:00,433
13219.721989,150.0156,150.14,149.96,150.14,149.96,2026-08-07 19:02:00,279
11965.396825,150.0047,149.96,150.09,150.09,149.96,2026-08-07 19:03:00,173
23329.2707,150.1891,150.09,150.23,150.24,150.09,2026-08-07 19:04:00,344
18672.20928,150.2218,150.21,150.33,150.34,150.16,2026-08-07 19:05:00,326
17809.3298,150.343,150.28,150.325,150.44,150.27,2026-08-07 19:06:00,238
13075.330804,150.4234,150.35,150.43,150.48,150.35,2026-08-07 19:07:00,256
27260.305539,150.3861,150.46,150.265,150.47,150.265,2026-08-07 19:08:00,337
13304.704525,150.3288,150.29,150.36,150.36,150.27,2026-08-07 19:09:00,217
11021.01014,150.4136,150.37,150.47,150.49,150.36,2026-08-07 19:10:00,171
32334.111867,150.486,150.46,150.59,150.61,150.42,2026-08-07 19:11:00,330
11732.01261,150.5824,150.57,150.61,150.64,150.54,2026-08-07 19:12:00,233
11360.006,150.5892,150.61,150.64,150.65,150.57,2026-08-07 19:13:00,187
8975.126111,150.662,150.67,150.72,150.73,150.645,2026-08-07 19:14:00,207
16032.356622,150.6835,150.705,150.67,150.76,150.64,2026-08-07 19:15:00,284
9821.787989,150.6503,150.67,150.67,150.67,150.61,2026-08-07 19:16:00,207
21323.596931,150.5906,150.6708,150.55,150.69,150.51,2026-08-07 19:17:00,362
11220.907049,150.5365,150.55,150.54,150.58,150.46,2026-08-07 19:18:00,262
51311.824841,150.6776,150.59,150.66,150.75,150.575,2026-08-07 19:19:00,588
15012.870765,150.766,150.66,150.8499,150.8499,150.66,2026-08-07 19:20:00,242
9680.445299,150.8559,150.8442,150.91,150.91,150.81,2026-08-07 19:21:00,196
16928.089999,150.8373,150.91,150.8201,150.9162,150.79,2026-08-07 19:22:00,311
9674.506126,150.8225,150.82,150.8501,150.88,150.8,2026-08-07 19:23:00,196
18727.31309,150.862,150.85,150.8,150.92,150.8,2026-08-07 19:24:00,341
7018.798337,150.8441,150.82,150.85,150.865,150.81,2026-08-07 19:25:00,196
12313.77409,150.8168,150.82,150.835,150.85,150.76,2026-08-07 19:26:00,284
16212.97311,150.8036,150.84,150.83,150.86,150.74,2026-08-07 19:27:00,305
11062.659431,150.8459,150.81,150.87,150.88,150.81,2026-08-07 19:28:00,221
13318.825219,150.8585,150.9,150.91,150.91,150.81,2026-08-07 19:29:00,288
37060.483189,150.9568,150.89,151.005,151.01,150.85,2026-08-07 19:30:00,695
24801.834757,151.0468,151.01,151.02,151.085,151.0,2026-08-07 19:31:00,458
21144.59186,151.0272,151.03,151.06,151.06,150.99,2026-08-07 19:32:00,451
28858.830821,151.1064,151.06,151.19,151.2,151.04,2026-08-07 19:33:00,509
40051.29372,151.2543,151.18,151.46,151.48,151.07,2026-08-07 19:34:00,685
26069.116725,151.4428,151.46,151.46,151.505,151.415,2026-08-07 19:35:00,375
46631.220227,151.4678,151.455,151.62,151.64,151.38,2026-08-07 19:36:00,623
20865.278361,151.57,151.63,151.58,151.63,151.56,2026-08-07 19:37:00,393
29802.924304,151.5783,151.59,151.66,151.69,151.57,2026-08-07 19:38:00,529
30104.368781,151.6758,151.68,151.83,151.83,151.65,2026-08-07 19:39:00,408
34411.570368,151.7709,151.82,151.83,151.865,151.73,2026-08-07 19:40:00,533
29560.593503,151.6112,151.79,151.51,151.8,151.49,2026-08-07 19:41:00,528
19607.066483,151.5724,151.52,151.57,151.6,151.5,2026-08-07 19:42:00,376
28180.349974,151.5947,151.6,151.6,151.625,151.531,2026-08-07 19:43:00,371
30355.765933,151.6233,151.585,151.47,151.74,151.43,2026-08-07 19:44:00,587
42149.104073,151.5608,151.47,151.56,151.64,151.47,2026-08-07 19:45:00,657
29829.079209,151.5736,151.565,151.5,151.64,151.5,2026-08-07 19:46:00,438
26733.653308,151.5328,151.51,151.535,151.57,151.48,2026-08-07 19:47:00,492
29007.263542,151.5895,151.535,151.55,151.63,151.535,2026-08-07 19:48:00,501
25253.05041,151.4781,151.57,151.455,151.57,151.415,2026-08-07 19:49:00,562
145948.428376,151.8568,151.44,152.13,152.2,151.39,2026-08-07 19:50:00,2561
50105.916943,152.0623,152.14,152.07,152.14,152.01,2026-08-07 19:51:00,831
56698.74808,152.0327,152.07,152.015,152.105,151.9792,2026-08-07 19:52:00,799
109950.28141,152.0242,152.015,151.99,152.08,151.99,2026-08-07 19:53:00,1098
84089.141613,152.0037,152.0,151.99,152.1,151.855,2026-08-07 19:54:00,1246
151766.422386,151.7451,151.97,151.775,151.97,151.51,2026-08-07 19:55:00,2387
110472.527747,151.702,151.77,151.71,151.785,151.58,2026-08-07 19:56:00,1744
129172.10518,151.6008,151.71,151.625,151.74,151.5,2026-08-07 19:57:00,1925
142493.149109,151.6544,151.6,151.63,151.71,151.59,2026-08-07 19:58:00,2044
303690.204512,151.6204,151.63,151.62,151.74,151.52,2026-08-07 19:59:00,4407
10630.765012,151.5778,151.57,151.57,151.57,151.57,2026-08-07 20:00:00,65
101524.0,151.5673,151.4,151.57,151.57,151.4,2026-08-07 20:01:00,52
572.0,151.388,151.4,151.4,151.4,151.4,2026-08-07 20:02:00,7
195.50377,151.5845,151.2,151.2,151.2,151.2,2026-08-07 20:06:00,10
317.0,151.2941,151.3,151.3,151.3,151.3,2026-08-07 20:08:00,6
458.612864,151.3201,151.11,151.11,151.11,151.11,2026-08-07 20:15:00,8
272.0,151.3909,151.4498,151.4498,151.4498,151.4498,2026-08-07 20:19:00,13
460.0,151.283,151.3,151.3,151.3,151.3,2026-08-07 20:32:00,3
250.0,151.28,151.3,151.3,151.3,151.3,2026-08-07 20:35:00,7
301.0,151.3542,151.35,151.35,151.35,151.35,2026-08-07 20:38:00,5
137.0,151.3143,151.3,151.3,151.3,151.3,2026-08-07 20:46:00,6
2528.0,151.301,151.3,151.3,151.3,151.3,2026-08-07 21:05:00,4
176.0,151.3949,151.45,151.45,151.45,151.45,2026-08-07 21:06:00,4
200.0,151.4268,151.4268,151.4268,151.4268,151.4268,2026-08-07 21:13:00,1
100.0,151.44,151.44,151.44,151.44,151.44,2026-08-07 21:31:00,1
200.0,151.3,151.3,151.3,151.3,151.3,2026-08-07 22:03:00,1
156.0,151.4002,151.4,151.4,151.4,151.4,2026-08-07 22:05:00,3
303.0,151.3159,151.3145,151.3145,151.3145,151.3145,2026-08-07 22:12:00,2
134.0,151.3205,151.3205,151.3205,151.3205,151.3205,2026-08-07 22:15:00,1
235.0,151.4376,151.44,151.44,151.44,151.44,2026-08-07 22:18:00,7
730.0,151.5,151.5,151.5,151.5,151.5,2026-08-07 22:32:00,2
101.0,151.5,151.5,151.5,151.5,151.5,2026-08-07 22:51:00,2
100.0,151.3,151.3,151.3,151.3,151.3,2026-08-07 22:54:00,1
175.0,151.3263,151.3263,151.3263,151.3263,151.3263,2026-08-07 23:01:00,1
100.0,151.3,151.3,151.3,151.3,151.3,2026-08-07 23:02:00,1
155.0,151.3317,151.331,151.331,151.331,151.331,2026-08-07 23:03:00,4
150.0,151.4,151.4,151.4,151.4,151.4,2026-08-07 23:58:00,2
265.0,151.2296,151.2602,151.204,151.2602,151.204,2026-08-07 23:59:00,4
1817.059408,150.9613,151.24,151.23,151.24,151.23,2026-08-10 08:00:00,118
1232.090618,151.5286,151.56,151.56,151.56,151.56,2026-08-10 08:01:00,61
410.95,150.7519,150.75,150.75,150.75,150.75,2026-08-10 11:02:00,8
110.0,150.1899,150.1309,150.1309,150.1309,150.1309,2026-08-10 11:08:00,3
765.0,150.5605,150.55,150.55,150.55,150.55,2026-08-10 11:38:00,10
623.0,150.8125,150.8,150.8,150.8,150.8,2026-08-10 11:53:00,12
10099.0,150.9892,150.99,151.0,151.0,150.99,2026-08-10 11:55:00,39
1142.0,150.6474,150.56,150.55,150.56,150.55,2026-08-10 12:05:00,15
1676.0,150.5729,150.563,150.563,150.563,150.563,2026-08-10 12:07:00,6
203.0,150.9409,150.94,150.94,150.94,150.94,2026-08-10 12:32:00,6
504.0,150.6758,150.6744,150.6744,150.6744,150.6744,2026-08-10 12:56:00,2
225.0,150.8134,150.8059,150.83,150.83,150.8059,2026-08-10 13:13:00,11
4023.069,150.8678,150.77,151.01,151.01,150.77,2026-08-10 13:15:00,69
121.802723,150.8996,150.9322,150.9322,150.9322,150.9322,2026-08-10 13:17:00,5
535.0,150.5458,150.5449,150.5449,150.5449,150.5449,2026-08-10 13:21:00,5
3154.008026,150.0607,150.5,150.01,150.5,150.0,2026-08-10 13:25:00,51
1225.0,150.0798,150.06,150.11,150.11,150.0,2026-08-10 13:27:00,18
100.0,150.11,150.11,150.11,150.11,150.11,2026-08-10 13:28:00,1
144739.531795,149.9982,150.44,149.75,150.58,149.51,2026-08-10 13:30:00,1289
50252.066758,149.6305,149.75,149.765,150.13,148.9,2026-08-10 13:31:00,425
10117.031747,150.0601,149.765,150.1202,150.47,149.765,2026-08-10 13:32:00,181
39761.777769,150.2675,150.04,150.8,150.99,149.56,2026-08-10 13:33:00,389
45607.801016,150.9332,150.83,150.84,151.26,150.61,2026-08-10 13:34:00,461
20668.732708,150.7375,150.51,150.83,150.94,150.51,2026-08-10 13:35:00,301
25050.886496,151.0769,150.83,151.38,151.46,150.675,2026-08-10 13:36:00,369
53422.186816,151.4567,151.44,150.81,152.18,150.81,2026-08-10 13:37:00,690
17569.475686,150.7929,150.81,150.82,150.9,150.5,2026-08-10 13:38:00,239
17262.075554,151.0952,150.82,151.467,151.467,150.72,2026-08-10 13:39:00,295
15503.03363,151.7273,151.44478,151.92,151.97,151.44478,2026-08-10 13:40:00,240
38204.262494,151.9576,151.795,152.26,152.31,151.68,2026-08-10 13:41:00,394
34387.984667,152.5319,152.275,152.66,152.7875,152.25,2026-08-10 13:42:00,501
46965.071169,153.244,152.68,153.82,153.82,152.6301,2026-08-10 13:43:00,731
74189.668225,154.0693,153.87,154.0,154.3,153.87,2026-08-10 13:44:00,1176
23070.360127,153.9887,154.0,153.995,154.17,153.85,2026-08-10 13:45:00,529
40397.794861,153.9215,153.95,154.17,154.17,153.7,2026-08-10 13:46:00,630
21543.610609,153.9665,154.115,154.128,154.21,153.7101,2026-08-10 13:47:00,389
16786.786365,154.1701,154.2,153.9519,154.39,153.8901,2026-08-10 13:48:00,415
14643.206132,153.8869,153.9,153.98,154.09,153.68,2026-08-10 13:49:00,313
27158.680755,153.7771,153.98,153.6,153.98,153.6,2026-08-10 13:50:00,495
22299.738549,153.8154,153.705,153.93,154.04,153.6,2026-08-10 13:51:00,347
35995.851255,153.8778,153.975,153.72,154.1,153.61,2026-08-10 13:52:00,447
19589.440304,153.6028,153.725,153.4162,153.725,153.415,2026-08-10 13:53:00,345
18566.411758,153.4734,153.415,153.45,153.655,153.25,2026-08-10 13:54:00,299
13439.143392,153.5635,153.3601,153.565,153.79,153.36,2026-08-10 13:55:00,222
16469.456,153.5407,153.47,153.65,153.65,153.45,2026-08-10 13:56:00,260
21701.500686,153.4954,153.595,153.57,153.62,153.375,2026-08-10 13:57:00,281
24515.508549,153.548,153.525,153.39,153.735,153.38,2026-08-10 13:58:00,305
27010.000762,153.2971,153.306,153.255,153.45,153.18,2026-08-10 13:59:00,373
30126.263541,153.3778,153.315,153.51,153.56,153.228,2026-08-10 14:00:00,417
29284.144674,153.3833,153.42,153.445,153.6,153.17,2026-08-10 14:01:00,428
23519.1211,153.4665,153.445,153.64,153.66,153.34,2026-08-10 14:02:00,350
37916.828643,153.7256,153.72,153.85,153.92,153.53,2026-08-10 14:03:00,462
26004.180289,153.8934,153.8,153.91,154.0,153.74,2026-08-10 14:04:00,439
36828.431333,153.9669,153.9,153.955,154.13,153.84,2026-08-10 14:05:00,492
57604.153636,153.9359,153.9911,153.905,153.9911,153.83,2026-08-10 14:06:00,604
29550.224726,153.6999,153.905,153.4596,154.08,153.28,2026-08-10 14:07:00,439
13616.101818,153.5362,153.37,153.45,153.7599,153.37,2026-08-10 14:08:00,217
69818.933917,153.6108,153.39,153.59,153.87,153.39,2026-08-10 14:09:00,587
41513.182617,153.5989,153.595,153.66,153.75,153.5,2026-08-10 14:10:00,444
37792.312635,153.5127,153.65,153.54,153.66,153.3,2026-08-10 14:11:00,473
48865.79003,153.2931,153.47,153.2383,153.47,153.14,2026-08-10 14:12:00,509
26063.710887,153.3251,153.3,153.62,153.62,153.17,2026-08-10 14:13:00,349
27751.429044,153.6672,153.63,153.6701,153.8,153.57,2026-08-10 14:14:00,406
28718.910935,153.6355,153.71,153.5359,153.79,153.52,2026-08-10 14:15:00,456
29593.898677,153.4691,153.49,153.36,153.605,153.27,2026-08-10 14:16:00,451
36440.235377,153.4066,153.3,153.47,153.52,153.28,2026-08-10 14:17:00,386
35641.391207,153.717,153.41,154.14,154.14,153.33,2026-08-10 14:18:00,409
41141.010332,154.3005,154.15,154.46,154.55,154.105,2026-08-10 14:19:00,554
35348.377947,154.3112,154.3995,154.17,154.53,154.15,2026-08-10 14:20:00,472
12062.879113,154.09,154.18,154.19,154.19,153.9633,2026-08-10 14:21:00,210
13915.453324,154.1852,154.155,154.28,154.36,154.03,2026-08-10 14:22:00,242
19722.35831,154.3092,154.29,154.4,154.43,154.2,2026-08-10 14:23:00,270
45874.433871,154.2826,154.425,154.35,154.425,154.18,2026-08-10 14:24:00,587
22462.485736,154.4576,154.375,154.535,154.57,154.375,2026-08-10 14:25:00,360
38530.634747,154.4901,154.53,154.53,154.57,154.38,2026-08-10 14:26:00,484
20473.380043,154.4778,154.54,154.525,154.54,154.3701,2026-08-10 14:27:00,309
29470.389386,154.5764,154.5,154.39,154.73,154.35,2026-08-10 14:28:00,459
16463.687925,154.3146,154.36,154.32,154.38,154.23,2026-08-10 14:29:00,324
28667.073754,154.3426,154.29,154.385,154.425,154.23,2026-08-10 14:30:00,460
14763.068806,154.3108,154.4126,154.27,154.44,154.24,2026-08-10 14:31:00,247
34867.151101,154.2801,154.24,154.32,154.46,154.07,2026-08-10 14:32:00,407
7386.922905,154.3305,154.29,154.325,154.42,154.23,2026-08-10 14:33:00,186
15328.704771,154.31,154.35,154.42,154.42,154.2201,2026-08-10 14:34:00,243
18513.949708,154.3871,154.4499,154.31,154.47,154.3,2026-08-10 14:35:00,299
32185.096909,154.1969,154.335,154.08,154.39,154.0451,2026-08-10 14:36:00,523
10101.044606,154.1549,154.085,154.23,154.28,154.055,2026-08-10 14:37:00,208
7229.895322,154.2926,154.25,154.36,154.38,154.1896,2026-08-10 14:38:00,160
12925.660786,154.2869,154.32,154.38,154.4,154.225,2026-08-10 14:39:00,242
21380.63596,154.2997,154.38,154.315,154.39,154.23,2026-08-10 14:40:00,288
16301.711426,154.1559,154.2601,153.97,154.31,153.95,2026-08-10 14:41:00,292
47057.843412,153.8878,153.95,153.9,154.0,153.8,2026-08-10 14:42:00,547
12154.937199,153.937,153.93,153.945,154.035,153.81,2026-08-10 14:43:00,254
19628.066743,153.846,153.935731,153.87,154.01,153.72,2026-08-10 14:44:00,313
20287.366308,153.8182,153.895,153.81,153.96,153.72,2026-08-10 14:45:00,346
14746.327856,153.8175,153.81,153.86,153.92,153.72,2026-08-10 14:46:00,244
16399.294204,153.6549,153.86,153.6062,153.88,153.525,2026-08-10 14:47:00,290
20780.650949,153.5985,153.59,153.46,153.68,153.44,2026-08-10 14:48:00,281
34310.20263,153.7579,153.465,153.91,153.91,153.465,2026-08-10 14:49:00,478
56194.02822,154.0705,153.91,154.14,154.205,153.865,2026-08-10 14:50:00,554
15827.593134,154.0044,154.14,153.83,154.14,153.81,2026-08-10 14:51:00,306
11387.895747,153.9089,153.83,154.05,154.05,153.83,2026-08-10 14:52:00,221
28090.70599,154.0352,154.05,153.73,154.22,153.72,2026-08-10 14:53:00,410
18778.771396,153.8499,153.7895,153.9,153.96,153.765,2026-08-10 14:54:00,221
17335.100808,153.7867,153.89,153.76,153.92,153.7,2026-08-10 14:55:00,275
34817.805448,153.6684,153.76,153.71,153.76,153.58,2026-08-10 14:56:00,503
6701.552473,153.8139,153.765,153.845,153.895,153.73,2026-08-10 14:57:00,138
19935.612164,153.7756,153.81,153.755,153.82,153.69,2026-08-10 14:58:00,265
38950.64509,153.5713,153.7,153.53,153.745,153.45,2026-08-10 14:59:00,430
24785.812004,153.6023,153.53,153.78,153.78,153.4722,2026-08-10 15:00:00,297
22425.836312,153.7996,153.78,153.85,153.8776,153.74,2026-08-10 15:01:00,339
44166.440367,154.0438,153.86,154.1,154.16,153.86,2026-08-10 15:02:00,500
24895.716794,154.1355,154.1,154.05,154.23,154.03,2026-08-10 15:03:00,339
15623.533057,153.8365,154.01,153.73,154.01,153.7148,2026-08-10 15:04:00,312
12140.264839,153.9329,153.77,153.9,154.08,153.77,2026-08-10 15:05:00,196
7450.834553,153.8591,153.925,153.785,153.94,153.755,2026-08-10 15:06:00,172
32098.783609,153.8905,153.855,153.775,153.99,153.71,2026-08-10 15:07:00,333
11724.907254,153.8823,153.81,153.86,153.93,153.81,2026-08-10 15:08:00,203
6754.48414,153.8797,153.87,153.93,153.97,153.81,2026-08-10 15:09:00,149
19977.654773,153.7981,153.915,153.75,153.915,153.7,2026-08-10 15:10:00,288
10065.531723,153.6636,153.72,153.7,153.72,153.55,2026-08-10 15:11:00,178
20321.534757,153.6331,153.665,153.57,153.7,153.52,2026-08-10 15:12:00,269
17079.853818,153.756,153.55,153.78,153.89,153.55,2026-08-10 15:13:00,265
7931.408287,153.8348,153.81,153.93,153.93,153.79,2026-08-10 15:14:00,153
28362.72031,153.7797,153.86,153.79,153.88,153.69,2026-08-10 15:15:00,351
22000.833136,153.8741,153.77,153.885,154.0,153.725,2026-08-10 15:16:00,281
26786.170616,153.7608,153.85,153.625,153.87,153.58,2026-08-10 15:17:00,392
18978.949487,153.669,153.625,153.6,153.76,153.59,2026-08-10 15:18:00,272
50749.793311,153.7343,153.6321,153.64,153.8157,153.595,2026-08-10 15:19:00,434
15682.709953,153.7944,153.72,153.905,153.9384,153.65,2026-08-10 15:20:00,273
8157.112193,153.8308,153.88,153.77,153.93,153.77,2026-08-10 15:21:00,180
6241.387577,153.7582,153.79,153.755,153.79,153.695,2026-08-10 15:22:00,151
12472.211438,153.7046,153.71,153.72,153.8,153.635,2026-08-10 15:23:00,242
12637.444182,153.5576,153.695,153.48,153.695,153.38,2026-08-10 15:24:00,254
11556.033147,153.4744,153.45,153.37,153.54,153.37,2026-08-10 15:25:00,221
15215.781067,153.4347,153.375,153.52,153.52,153.3501,2026-08-10 15:26:00,209
12027.758824,153.5215,153.52,153.41,153.58,153.41,2026-08-10 15:27:00,215
10610.18561,153.5041,153.41,153.445,153.52,153.41,2026-08-10 15:28:00,160
10510.522617,153.473,153.495,153.37,153.56,153.33,2026-08-10 15:29:00,198
8921.871385,153.4832,153.365,153.565,153.64,153.365,2026-08-10 15:30:00,147
18077.29188,153.5218,153.565,153.415,153.62,153.41,2026-08-10 15:31:00,241
25627.589176,153.6871,153.41,153.84,153.89,153.39,2026-08-10 15:32:00,242
19762.31515,153.8799,153.94,153.86,153.99,153.84,2026-08-10 15:33:00,195
22236.019279,153.9142,153.87,153.955,153.98,153.84,2026-08-10 15:34:00,341
16207.325449,153.9527,153.9672,154.02,154.07,153.92,2026-08-10 15:35:00,212
14755.121301,153.8685,154.005,153.805,154.05,153.745,2026-08-10 15:36:00,245
4757.591537,153.8347,153.86,153.81,153.89,153.76,2026-08-10 15:37:00,118
4858.7712,153.8226,153.85,153.87,153.87,153.77,2026-08-10 15:38:00,120
11585.034309,153.8047,153.87,153.86,153.87,153.77,2026-08-10 15:39:00,189
6372.287938,153.8532,153.87,153.84,153.92,153.8056,2026-08-10 15:40:00,145
11050.186961,153.88,153.84,154.0,154.0,153.8292,2026-08-10 15:41:00,170
11494.212694,154.0784,154.01,154.24,154.24,154.01,2026-08-10 15:42:00,199
27067.564523,154.235,154.175,154.3,154.34,154.11,2026-08-10 15:43:00,356
28855.963949,154.3503,154.32,154.43,154.45,154.29,2026-08-10 15:44:00,385
32504.706667,154.3957,154.415,154.35,154.48,154.28,2026-08-10 15:45:00,423
8896.66158,154.3094,154.34,154.23,154.37,154.23,2026-08-10 15:46:00,172
23772.087813,154.5001,154.26,154.68,154.69,154.26,2026-08-10 15:47:00,320
23001.83782,154.6806,154.655,154.55,154.87,154.55,2026-08-10 15:48:00,447
10275.891394,154.658,154.555,154.79,154.82,154.49,2026-08-10 15:49:00,171
28419.324494,154.8515,154.76,154.8823,154.94,154.76,2026-08-10 15:50:00,429
14732.167149,154.8497,154.91,154.94,154.94,154.76,2026-08-10 15:51:00,260
93691.986733,155.0223,154.95,155.19,155.21,154.9,2026-08-10 15:52:00,1345
29988.347642,155.1394,155.16,155.2,155.235,155.05,2026-08-10 15:53:00,411
19521.697431,155.2177,155.23,155.175,155.275,155.1628,2026-08-10 15:54:00,371
19859.188865,155.1369,155.21,155.15,155.21,155.07,2026-08-10 15:55:00,315
16802.806431,155.1034,155.145,155.125,155.18,155.0101,2026-08-10 15:56:00,262
13035.066589,155.2299,155.17,155.34,155.34,155.17,2026-08-10 15:57:00,225
22235.078198,155.3214,155.3,155.405,155.44,155.21,2026-08-10 15:58:00,237
23975.548847,155.3361,155.39,155.3,155.4,155.23,2026-08-10 15:59:00,303
27753.185544,155.1336,155.3,155.06,155.32,155.0,2026-08-10 16:00:00,295
27793.633483,154.9294,155.06,154.87,155.0877,154.755,2026-08-10 16:01:00,264
8481.163537,154.8688,154.84,154.87,154.925,154.79,2026-08-10 16:02:00,165
14432.075728,154.8698,154.83,154.855,154.89,154.77,2026-08-10 16:03:00,250
9571.68357,154.9975,154.88,155.09,155.09,154.88,2026-08-10 16:04:00,209
19121.584336,154.9234,155.08,154.905,155.08,154.835,2026-08-10 16:05:00,315
11644.023676,154.8178,154.89,154.76,154.89,154.7453,2026-08-10 16:06:00,220
18268.66686,154.7423,154.73,154.62,154.86,154.62,2026-08-10 16:07:00,302
12988.931545,154.5459,154.62,154.455,154.72,154.43,2026-08-10 16:08:00,243
8971.60236,154.6022,154.5,154.68,154.685,154.46,2026-08-10 16:09:00,188
13270.235555,154.6588,154.68,154.6,154.71,154.6,2026-08-10 16:10:00,233
9153.563277,154.5799,154.56,154.56,154.635,154.52,2026-08-10 16:11:00,182
20559.944245,154.5122,154.57,154.45,154.61,154.44,2026-08-10 16:12:00,319
9267.15931,154.5071,154.431,154.49,154.53,154.427296,2026-08-10 16:13:00,176
6262.814362,154.4783,154.47,154.52,154.52,154.43,2026-08-10 16:14:00,150
17349.441032,154.3489,154.53,154.28,154.53,154.19,2026-08-10 16:15:00,265
8563.098582,154.3981,154.285,154.425,154.47,154.285,2026-08-10 16:16:00,175
5590.629386,154.4235,154.47,154.45,154.47,154.3775,2026-08-10 16:17:00,137
10346.795209,154.4421,154.45,154.43,154.49,154.42,2026-08-10 16:18:00,143
12103.264771,154.3165,154.43,154.13,154.43,154.12,2026-08-10 16:19:00,199
17551.150709,154.1036,154.13,154.257,154.28,153.98,2026-08-10 16:20:00,210
8703.923927,154.2589,154.28,154.21,154.34,154.19,2026-08-10 16:21:00,213
11428.951367,154.1776,154.16,154.13,154.24,154.111,2026-08-10 16:22:00,180
22720.882333,154.299,154.23,154.265,154.39,154.22,2026-08-10 16:23:00,290
4779.41056,154.2829,154.31,154.32,154.32,154.24,2026-08-10 16:24:00,123
8303.45234,154.3183,154.2756,154.31,154.38,154.2756,2026-08-10 16:25:00,209
10791.099918,154.2929,154.336138,154.16,154.375,154.16,2026-08-10 16:26:00,187
5356.976612,154.1835,154.15,154.21,154.24,154.14,2026-08-10 16:27:00,125
12832.869634,154.2414,154.21,154.27,154.34,154.18,2026-08-10 16:28:00,254
11683.635669,154.3087,154.2635,154.28,154.35,154.2635,2026-08-10 16:29:00,189
17994.425135,154.2737,154.3,154.27,154.37,154.23,2026-08-10 16:30:00,251
42575.704565,153.9733,154.2209,153.8625,154.28,153.785,2026-08-10 16:31:00,614
71684.910146,153.9559,153.82,154.105,154.245,153.69,2026-08-10 16:32:00,1390
7439.453253,154.0526,154.0617,154.14,154.14,153.9674,2026-08-10 16:33:00,140
18606.06486,154.0446,154.13,154.04,154.13,154.0,2026-08-10 16:34:00,250
5211.529075,154.0396,153.98,154.13,154.14,153.94,2026-08-10 16:35:00,150
5130.506494,154.0731,154.17,154.075,154.17,154.04,2026-08-10 16:36:00,141
10314.47821,154.1162,154.16,154.01,154.24,153.95,2026-08-10 16:37:00,217
17102.332576,153.8759,153.95,153.69,153.99,153.6601,2026-08-10 16:38:00,254
19742.79052,153.6614,153.71,153.67,153.73,153.58,2026-08-10 16:39:00,253
17589.540242,153.6188,153.69,153.585,153.72,153.53,2026-08-10 16:40:00,230
14438.892247,153.5152,153.53,153.485,153.599,153.3801,2026-08-10 16:41:00,201
15136.268222,153.6149,153.54,153.73,153.75,153.53,2026-08-10 16:42:00,210
10012.948669,153.6408,153.73,153.66,153.73,153.565,2026-08-10 16:43:00,186
7526.51284,153.6712,153.65,153.6983,153.72,153.62,2026-08-10 16:44:00,166
16145.25651,153.6252,153.685,153.555,153.72,153.5354,2026-08-10 16:45:00,255
8876.680961,153.6649,153.56,153.705,153.75,153.56,2026-08-10 16:46:00,169
8409.067642,153.7444,153.71,153.75,153.805,153.66,2026-08-10 16:47:00,167
6975.459705,153.6887,153.755,153.66,153.755,153.63,2026-08-10 16:48:00,162
11603.101981,153.5931,153.63,153.52,153.68,153.52,2026-08-10 16:49:00,170
19172.632615,153.6603,153.57,153.71,153.76,153.56,2026-08-10 16:50:00,232
7751.34442,153.7674,153.735,153.8,153.82,153.735,2026-08-10 16:51:00,167
16826.125595,153.7057,153.82,153.65,153.82,153.63,2026-08-10 16:52:00,282
15220.022,153.5753,153.63,153.42,153.67,153.39,2026-08-10 16:53:00,240
12046.220782,153.4058,153.41,153.4,153.44,153.37,2026-08-10 16:54:00,239
18422.449288,153.4981,153.41,153.66,153.66,153.36,2026-08-10 16:55:00,332
14596.826114,153.7064,153.63,153.71,153.78,153.605,2026-08-10 16:56:00,251
7184.010146,153.7609,153.7,153.85,153.85,153.7,2026-08-10 16:57:00,170
15017.102005,153.9174,153.825,153.99,154.0,153.81,2026-08-10 16:58:00,256
16339.294927,154.0243,153.9487,154.035,154.0935,153.9487,2026-08-10 16:59:00,361
15158.715652,154.1305,154.025,154.17,154.25,154.01,2026-08-10 17:00:00,267
14243.105218,154.1777,154.23,154.17,154.26,154.11,2026-08-10 17:01:00,263
13789.2621,154.1836,154.2,154.16,154.24,154.1,2026-08-10 17:02:00,197
14293.021737,154.0892,154.16,154.01,154.16,154.01,2026-08-10 17:03:00,260
10941.787894,153.9888,153.9519,154.02,154.03,153.93,2026-08-10 17:04:00,181
33514.47988,153.9693,154.0,153.93,154.065,153.9,2026-08-10 17:05:00,465
27670.066638,153.9283,153.96,153.865,154.01,153.845,2026-08-10 17:06:00,385
9901.427869,153.9968,153.84,154.08,154.08,153.8013,2026-08-10 17:07:00,175
8067.076135,154.0679,154.02,154.16,154.16,154.01,2026-08-10 17:08:00,176
9827.152616,154.1716,154.15,154.22,154.22,154.12,2026-08-10 17:09:00,194
30199.993137,154.3039,154.24,154.22,154.35,154.22,2026-08-10 17:10:00,450
12489.741588,154.3153,154.2001,154.43,154.43,154.2001,2026-08-10 17:11:00,219
12744.07062,154.4323,154.43,154.435,154.47,154.38,2026-08-10 17:12:00,226
10461.1022,154.4458,154.44,154.53,154.53,154.38,2026-08-10 17:13:00,212
15177.141944,154.4583,154.5,154.45,154.52,154.3846,2026-08-10 17:14:00,240
12025.084799,154.3871,154.45,154.37,154.47,154.345,2026-08-10 17:15:00,242
10184.057348,154.3051,154.38,154.31,154.38,154.25,2026-08-10 17:16:00,192
18396.686603,154.3127,154.31,154.265,154.39,154.235,2026-08-10 17:17:00,310
11182.756063,154.3406,154.3,154.355,154.39,154.27,2026-08-10 17:18:00,237
15177.207826,154.2836,154.33,154.23,154.33,154.23,2026-08-10 17:19:00,188
8067.625964,154.2804,154.225,154.31,154.34,154.225,2026-08-10 17:20:00,163
11897.8609,154.2918,154.29,154.29,154.35,154.26,2026-08-10 17:21:00,225
11819.953533,154.3099,154.285,154.275,154.35,154.26,2026-08-10 17:22:00,177
12747.0324,154.3566,154.27,154.43,154.47,154.27,2026-08-10 17:23:00,190
10047.5589,154.4245,154.44,154.42,154.5,154.3625,2026-08-10 17:24:00,183
7480.76291,154.4414,154.428198,154.45,154.48,154.42,2026-08-10 17:25:00,163
7725.0,154.414,154.47,154.39,154.47,154.37,2026-08-10 17:26:00,176
14560.611634,154.3939,154.39,154.415,154.47,154.33,2026-08-10 17:27:00,269
13555.566641,154.4399,154.415,154.495,154.515,154.39,2026-08-10 17:28:00,258
11125.642185,154.4505,154.495,154.43,154.5,154.345,2026-08-10 17:29:00,211
13941.225572,154.3399,154.41,154.275,154.43,154.25,2026-08-10 17:30:00,214
14174.096161,154.2464,154.29,154.24,154.32,154.15,2026-08-10 17:31:00,239
7979.12054,154.1454,154.17,154.18,154.18,154.09,2026-08-10 17:32:00,173
14188.062376,154.0966,154.18,154.03,154.18,153.995,2026-08-10 17:33:00,266
24085.983494,154.0363,154.09,154.08,154.09,154.01,2026-08-10 17:34:00,374
8581.438729,154.2033,154.0806,154.26,154.28,154.08,2026-08-10 17:35:00,176
14124.209429,154.2668,154.28,154.19,154.36,154.18,2026-08-10 17:36:00,239
99783.670864,154.1357,154.17,154.17,154.22,154.105,2026-08-10 17:37:00,735
6637.76161,154.1763,154.11,154.265,154.31,154.11,2026-08-10 17:38:00,138
10568.46599,154.2761,154.31,154.28,154.32,154.23,2026-08-10 17:39:00,163
12063.98285,154.2939,154.29,154.29,154.34,154.26,2026-08-10 17:40:00,242
9758.747882,154.2943,154.26,154.265,154.34,154.25,2026-08-10 17:41:00,186
11929.702272,154.2796,154.265,154.29,154.33,154.24,2026-08-10 17:42:00,205
6826.750807,154.3216,154.29,154.29,154.385,154.29,2026-08-10 17:43:00,180
7937.897413,154.2833,154.31,154.29,154.335,154.23,2026-08-10 17:44:00,155
8241.960108,154.2108,154.24,154.22,154.24,154.14,2026-08-10 17:45:00,183
7446.389871,154.1894,154.185,154.245,154.245,154.11,2026-08-10 17:46:00,193
9859.564341,154.2794,154.28,154.31,154.33,154.24,2026-08-10 17:47:00,189
10105.077048,154.2287,154.265,154.26,154.27,154.18,2026-08-10 17:48:00,331
18899.645206,154.2311,154.25,154.29,154.29,154.185,2026-08-10 17:49:00,190
15749.43369,154.3201,154.31,154.26,154.37,154.26,2026-08-10 17:50:00,259
13004.92091,154.2138,154.27,154.185,154.27,154.145,2026-08-10 17:51:00,267
14740.772943,154.2419,154.19,154.3,154.33,154.15,2026-08-10 17:52:00,275
4815.30464,154.2646,154.27,154.255,154.31,154.21,2026-08-10 17:53:00,135
8561.41754,154.225,154.23,154.21,154.27,154.1501,2026-08-10 17:54:00,148
8877.762194,154.2369,154.2159,154.22,154.3,154.195,2026-08-10 17:55:00,194
12474.563226,154.2166,154.19,154.2,154.25,154.175,2026-08-10 17:56:00,183
17064.0519,154.2518,154.2,154.22,154.29,154.2,2026-08-10 17:57:00,292
11402.46644,154.2795,154.23,154.32,154.32,154.23,2026-08-10 17:58:00,197
10279.839874,154.3419,154.31,154.36,154.37,154.303,2026-08-10 17:59:00,166
15427.382599,154.3526,154.38,154.41,154.41,154.3101,2026-08-10 18:00:00,232
7679.006858,154.4091,154.41,154.44,154.44,154.41,2026-08-10 18:01:00,77
20905.69502,154.4078,154.44,154.38,154.475,154.33,2026-08-10 18:02:00,328
8835.289519,154.4269,154.36,154.455,154.47,154.36,2026-08-10 18:03:00,167
9734.315803,154.4221,154.43,154.34,154.47,154.34,2026-08-10 18:04:00,179
9623.764987,154.2956,154.34,154.26,154.35,154.22,2026-08-10 18:05:00,168
11313.776888,154.2672,154.26,154.2433,154.31,154.23,2026-08-10 18:06:00,173
19793.077795,154.2439,154.29,154.145,154.325,154.1,2026-08-10 18:07:00,340
7583.96772,154.2394,154.185,154.22,154.27,154.185,2026-08-10 18:08:00,173
19612.03241,154.2821,154.25,154.31,154.4,154.18,2026-08-10 18:09:00,261
12449.0,154.2792,154.32,154.175,154.33,154.175,2026-08-10 18:10:00,178
15865.866387,154.3352,154.21,154.47,154.47,154.185,2026-08-10 18:11:00,257
21198.14787,154.4608,154.47,154.435,154.58,154.41,2026-08-10 18:12:00,257
8928.594932,154.5278,154.425,154.6,154.6,154.425,2026-08-10 18:13:00,188
11730.0,154.6034,154.62,154.65,154.68,154.56,2026-08-10 18:14:00,254
14216.70406,154.5776,154.6,154.57,154.635,154.56,2026-08-10 18:15:00,236
14678.632141,154.5838,154.59,154.69,154.69,154.53,2026-08-10 18:16:00,268
25326.615498,154.8389,154.69,154.89,154.92,154.69,2026-08-10 18:17:00,455
51780.584464,154.9766,154.9099,154.94,155.04,154.85,2026-08-10 18:18:00,750
33035.279738,154.843,154.94,154.815,154.94,154.7401,2026-08-10 18:19:00,419
12281.96737,154.7867,154.82,154.77,154.82,154.73,2026-08-10 18:20:00,230
29597.916729,155.0045,154.7701,155.15,155.1701,154.7701,2026-08-10 18:21:00,491
33027.799056,155.0729,155.15,154.965,155.18,154.96,2026-08-10 18:22:00,433
13514.593039,154.9641,154.963688,154.95,155.0,154.88,2026-08-10 18:23:00,272
15686.45102,154.9431,154.95,154.845,154.99,154.845,2026-08-10 18:24:00,260
10848.411041,154.7907,154.83,154.715,154.83,154.68,2026-08-10 18:25:00,204
19115.07842,154.8324,154.74,154.82,154.85,154.74,2026-08-10 18:26:00,230
7003.706806,154.8278,154.82,154.825,154.84,154.79,2026-08-10 18:27:00,155
8407.0129,154.8068,154.84,154.82,154.85,154.77,2026-08-10 18:28:00,218
7432.001807,154.8699,154.84,154.885,154.91,154.825,2026-08-10 18:29:00,183
14002.122505,154.945,154.9,155.04,155.04,154.87,2026-08-10 18:30:00,292
26874.624474,155.0602,155.045,155.1,155.13,155.015,2026-08-10 18:31:00,395
18006.04178,155.1002,155.1,155.015,155.15,155.015,2026-08-10 18:32:00,283
12885.80999,155.1044,155.02,155.12,155.155,155.02,2026-08-10 18:33:00,199
21437.011756,155.0156,155.09,154.97,155.1,154.91,2026-08-10 18:34:00,327
33397.094787,155.0581,154.97,155.03,155.11,154.97,2026-08-10 18:35:00,363
19593.205964,155.0873,155.03,155.105,155.155,155.02,2026-08-10 18:36:00,312
9002.914247,155.1311,155.105,155.145,155.15,155.105,2026-08-10 18:37:00,198
15803.096804,155.1478,155.16,155.16,155.18,155.13,2026-08-10 18:38:00,247
18903.66389,155.1097,155.155,155.11,155.155,155.055,2026-08-10 18:39:00,297
15678.539324,155.1629,155.13,155.165,155.2,155.13,2026-08-10 18:40:00,259
11858.997364,155.1676,155.18,155.16,155.2,155.15,2026-08-10 18:41:00,236
28643.25563,155.2313,155.15,155.31,155.32,155.1201,2026-08-10 18:42:00,366
26616.39862,155.2848,155.31,155.3,155.33,155.24,2026-08-10 18:43:00,284
26231.03137,155.3682,155.33,155.325,155.42,155.31,2026-08-10 18:44:00,325
30882.988677,155.2566,155.33,155.2199,155.34,155.15,2026-08-10 18:45:00,414
25400.23634,155.1638,155.2,155.06,155.22,155.05,2026-08-10 18:46:00,362
18559.37408,155.1254,155.06,155.11,155.185,155.06,2026-08-10 18:47:00,329
23471.175943,155.0528,155.05,155.06,155.115,155.01,2026-08-10 18:48:00,270
15991.54062,155.0553,155.09,155.16,155.17,154.98,2026-08-10 18:49:00,248
9968.566061,155.1598,155.15,155.18,155.23,155.075,2026-08-10 18:50:00,202
19936.965405,155.1234,155.2,154.95,155.23,154.93,2026-08-10 18:51:00,300
31431.66012,154.9204,154.96,154.93,155.0,154.88,2026-08-10 18:52:00,328
8878.373594,154.9151,154.91,154.94,154.95,154.88,2026-08-10 18:53:00,144
12006.570527,154.9196,154.92,154.91,154.95,154.88,2026-08-10 18:54:00,232
10757.277858,154.9057,154.896,154.8523,154.95,154.8366,2026-08-10 18:55:00,209
23379.874965,154.9598,154.88,155.05,155.055,154.88,2026-08-10 18:56:00,351
10715.344138,155.0259,155.06,155.08,155.08,155.0,2026-08-10 18:57:00,243
16646.284158,155.0657,155.08,154.995,155.13,154.995,2026-08-10 18:58:00,307
6650.76626,154.9754,155.005,154.96,155.005,154.94,2026-08-10 18:59:00,185
16635.736804,154.8519,154.96,154.89,154.96,154.75,2026-08-10 19:00:00,287
9644.14076,154.9098,154.865,154.97,154.99,154.865,2026-08-10 19:01:00,208
18249.251204,155.0218,154.98,155.11,155.11,154.96,2026-08-10 19:02:00,354
16103.395614,155.0824,155.1,155.03,155.165,154.99,2026-08-10 19:03:00,286
33474.079359,154.9338,155.025,154.87,155.025,154.825,2026-08-10 19:04:00,447
16723.813824,154.7958,154.85,154.675,154.89,154.65,2026-08-10 19:05:00,292
22035.137696,154.7109,154.65,154.82,154.82,154.595,2026-08-10 19:06:00,380
8615.307531,154.8791,154.85,154.88,154.92,154.85,2026-08-10 19:07:00,239
16035.981608,154.9395,154.87,154.93,155.0,154.86,2026-08-10 19:08:00,317
14321.316694,154.8868,154.92,154.95,154.95,154.84,2026-08-10 19:09:00,252
22735.421159,155.147,154.9164,155.23,155.36,154.9,2026-08-10 19:10:00,480
13546.217961,155.2882,155.23,155.37,155.37,155.23,2026-08-10 19:11:00,262
27432.776877,155.339,155.355,155.32,155.4,155.28,2026-08-10 19:12:00,444
30958.127249,155.1766,155.32,155.17,155.32,155.08,2026-08-10 19:13:00,509
15339.100386,155.2927,155.23,155.4,155.4,155.2,2026-08-10 19:14:00,269
25208.354217,155.34,155.4,155.32,155.4,155.262,2026-08-10 19:15:00,433
18336.090138,155.3242,155.33,155.24,155.36,155.24,2026-08-10 19:16:00,313
34159.92773,155.3252,155.25,155.26,155.42,155.24,2026-08-10 19:17:00,417
31140.112886,155.2112,155.24,155.12,155.25,155.07,2026-08-10 19:18:00,306
24905.730273,155.0666,155.11,155.09,155.12,155.01,2026-08-10 19:19:00,294
25500.86568,155.0163,155.11,154.845,155.115,154.83,2026-08-10 19:20:00,359
16044.031122,154.8428,154.815,154.885,154.895,154.78,2026-08-10 19:21:00,227
10922.82455,154.9141,154.89,154.91,154.92,154.83,2026-08-10 19:22:00,214
32317.548581,154.9297,154.91,154.9,154.97,154.88,2026-08-10 19:23:00,403
15321.008219,154.8728,154.88,154.84,154.9,154.82,2026-08-10 19:24:00,249
17903.333828,154.7963,154.825,154.81,154.83,154.75,2026-08-10 19:25:00,341
29424.187263,154.8475,154.79,154.91,154.96,154.72,2026-08-10 19:26:00,490
22540.624816,154.9536,154.92,154.965,155.065,154.8604,2026-08-10 19:27:00,408
39425.859058,154.8997,154.94,154.925,154.97,154.85,2026-08-10 19:28:00,561
32961.025229,154.876,154.915,154.98,154.98,154.81,2026-08-10 19:29:00,475
20296.761438,154.9688,154.99,154.916,155.055,154.88,2026-08-10 19:30:00,336
29256.45631,154.9254,154.92,154.93,155.0,154.87,2026-08-10 19:31:00,324
14893.63538,154.9589,154.91,154.96,155.025,154.9,2026-08-10 19:32:00,308
28255.139598,154.9766,155.005,155.03,155.05,154.925,2026-08-10 19:33:00,299
13316.040915,155.0222,155.03,155.085,155.085,155.01,2026-08-10 19:34:00,264
33433.655841,155.0522,155.08,155.15,155.15,155.0,2026-08-10 19:35:00,474
21581.413679,155.1734,155.15,155.16,155.24,155.12,2026-08-10 19:36:00,399
41191.408172,155.1826,155.145,155.19,155.24,155.11,2026-08-10 19:37:00,479
37229.881875,155.1233,155.2,155.12,155.21,155.02,2026-08-10 19:38:00,498
26587.153029,155.1509,155.13,155.165,155.21,155.12,2026-08-10 19:39:00,425
72629.915088,155.2942,155.19,155.35,155.37,155.19,2026-08-10 19:40:00,1016
29678.363743,155.3466,155.37,155.33,155.395,155.29,2026-08-10 19:41:00,579
17047.300336,155.3112,155.36,155.355,155.36,155.25,2026-08-10 19:42:00,331
33956.929654,155.3237,155.38,155.385,155.4,155.28,2026-08-10 19:43:00,538
36313.766075,155.3992,155.38,155.38,155.42,155.3623,2026-08-10 19:44:00,518
42821.623834,155.4126,155.39,155.32,155.49,155.32,2026-08-10 19:45:00,891
24950.240953,155.2651,155.345,155.19,155.355,155.18,2026-08-10 19:46:00,514
29424.924406,155.2396,155.21,155.24,155.27,155.16,2026-08-10 19:47:00,590
38556.541233,155.2179,155.25,155.3,155.3,155.1,2026-08-10 19:48:00,714
49682.920455,155.2969,155.32,155.35,155.35,155.25,2026-08-10 19:49:00,638
88860.687324,155.3959,155.335,155.4,155.5,155.17,2026-08-10 19:50:00,1635
68207.031172,155.4826,155.4,155.505,155.52,155.4,2026-08-10 19:51:00,1150
78074.632872,155.544,155.51,155.49,155.62,155.44,2026-08-10 19:52:00,1258
71746.830742,155.5092,155.49,155.51,155.58,155.43,2026-08-10 19:53:00,1151
75965.212398,155.5136,155.52,155.5,155.605,155.45,2026-08-10 19:54:00,1359
134662.815756,155.4443,155.52,155.355,155.535,155.26,2026-08-10 19:55:00,2177
137336.884398,155.3391,155.34,155.31,155.48,155.24,2026-08-10 19:56:00,2056
133386.143863,155.2102,155.29,155.16,155.305,155.09,2026-08-10 19:57:00,2302
146076.64762,155.2303,155.16,155.25,155.28,155.13,2026-08-10 19:58:00,2429
275440.215468,155.1431,155.26,155.21,155.26,155.07,2026-08-10 19:59:00,4322
116016.328616,155.18,155.18,155.18,155.18,155.18,2026-08-10 20:00:00,36
657.72,155.3403,155.3528,155.3528,155.3528,155.3528,2026-08-10 20:02:00,6
726.0,155.18,155.18,155.18,155.18,155.18,2026-08-10 20:07:00,2
571.0,155.1932,155.17,155.2,155.2,155.17,2026-08-10 20:08:00,12
103.0,155.1102,155.11,155.11,155.11,155.11,2026-08-10 20:09:00,2
5066.0,155.0016,155.0004,155.0004,155.0004,155.0004,2026-08-10 20:12:00,6
1917.0,155.117,155.1,155.12,155.12,155.1,2026-08-10 20:13:00,22
169.683859,155.0516,155.0348,155.0348,155.0348,155.0348,2026-08-10 20:15:00,8
100.0,155.0322,155.0322,155.0322,155.0322,155.0322,2026-08-10 20:16:00,1
101.0,155.0229,155.0226,155.0226,155.0226,155.0226,2026-08-10 20:23:00,2
485.0,155.0082,155.0,155.0,155.0,155.0,2026-08-10 20:47:00,7
100.0,155.08,155.08,155.08,155.08,155.08,2026-08-10 20:50:00,1
602.0,155.0679,155.07,155.07,155.07,155.07,2026-08-10 20:51:00,6
219.0,154.9971,155.0,155.0,155.0,155.0,2026-08-10 20:59:00,3
605.0,155.1479,155.14,155.15,155.15,155.14,2026-08-10 21:18:00,4
302.0,155.028,155.0279,155.0279,155.0279,155.0279,2026-08-10 21:36:00,3
310.0,155.1411,155.1425,155.1425,155.1425,155.1425,2026-08-10 21:45:00,3
615.0,155.1836,155.18,155.18,155.18,155.18,2026-08-10 22:02:00,12
163.0,155.2418,155.24,155.24,155.24,155.24,2026-08-10 22:08:00,3
507.0,155.2129,155.2,155.2,155.2,155.2,2026-08-10 22:13:00,7
150.0,155.2,155.2,155.2,155.2,155.2,2026-08-10 22:14:00,1
287.128435,155.199,155.2,155.2,155.2,155.2,2026-08-10 22:21:00,4
203.0,155.0804,155.08,155.08,155.08,155.08,2026-08-10 22:23:00,2
611.0,155.0801,155.08,155.08,155.08,155.08,2026-08-10 22:24:00,3
270.0,155.0808,155.0811,155.0811,155.0811,155.0811,2026-08-10 22:27:00,2
201.0,155.0808,155.0806,155.0806,155.0806,155.0806,2026-08-10 22:30:00,2
701.128435,155.1319,155.12,155.1359,155.1359,155.12,2026-08-10 22:31:00,5
600.0,155.0801,155.08,155.0801,155.0801,155.08,2026-08-10 22:33:00,2
101.0,155.0901,155.0901,155.0901,155.0901,155.0901,2026-08-10 22:36:00,2
500.0,155.08,155.08,155.08,155.08,155.08,2026-08-10 22:44:00,1
380.0,155.0812,155.0801,155.0801,155.0801,155.0801,2026-08-10 22:57:00,5
265.0,155.0909,155.09,155.09,155.09,155.09,2026-08-10 23:00:00,2
152.0,155.1487,155.15,155.15,155.15,155.15,2026-08-10 23:06:00,3
106.0,155.0855,155.0857,155.0857,155.0857,155.0857,2026-08-10 23:14:00,2
131.0,155.1595,155.16,155.16,155.16,155.16,2026-08-10 23:18:00,2
206.0,154.8528,155.0,155.0,155.0,155.0,2026-08-10 23:31:00,3
129.0,154.95,154.95,154.95,154.95,154.95,2026-08-10 23:42:00,3
156.0,154.86,154.86,154.86,154.86,154.86,2026-08-10 23:45:00,1
110.72,154.8785,154.8789,154.8789,154.8789,154.8789,2026-08-10 23:47:00,4
