timestamp,Open,High,Low,Close,Volume
2026-08-11 15:59:00,304.78000,304.95001,304.63,304.89999,731578
2026-08-11 15:58:00,304.85001,304.91000,304.73999,304.79501,407527
2026-08-11 15:57:00,305.029999,305.03,304.73001,304.83499,294891
2026-08-11 15:56:00,304.91000,305.089996,304.91000,305.024994,275748
2026-08-11 15:55:00,304.88000,304.98999,304.29999,304.91501,292668
2026-08-11 15:54:00,304.32999,304.92999,303.75,304.90500,474766
2026-08-11 15:53:00,304.035004,304.4,303.97,304.34500,242108
2026-08-11 15:52:00,304.10001,304.19000,304.029999,304.035004,145018
2026-08-11 15:51:00,304.10001,304.20511,304.029999,304.10001,121192
2026-08-11 15:50:00,304.48001,304.49,304.04,304.13000,145654
2026-08-11 15:49:00,304.28500,304.51001,304.26001,304.47000,84327
2026-08-11 15:48:00,304.32001,304.34000,304.22501,304.28500,58323
2026-08-11 15:47:00,304.45999,304.48001,304.22000,304.32101,63248
2026-08-11 15:46:00,304.34000,304.51999,304.26010,304.45999,63035
2026-08-11 15:45:00,304.62000,304.63449,304.28000,304.34000,112044
2026-08-11 15:44:00,304.54001,304.62000,304.51001,304.62000,52566
2026-08-11 15:43:00,304.67001,304.72501,304.54,304.54999,133511
2026-08-11 15:42:00,304.69000,304.72000,304.60501,304.66510,86275
2026-08-11 15:41:00,304.64999,304.72000,304.61020,304.70001,58389
2026-08-11 15:40:00,304.68900,304.70001,304.60999,304.65500,65672
2026-08-11 15:39:00,304.66000,304.70999,304.54,304.67001,58714
2026-08-11 15:38:00,304.54999,304.72000,304.54999,304.64999,61068
2026-08-11 15:37:00,304.64499,304.645,304.51999,304.56000,42199
2026-08-11 15:36:00,304.68500,304.70001,304.56000,304.64001,44129
2026-08-11 15:35:00,304.48499,304.76001,304.47000,304.67001,78551
2026-08-11 15:34:00,304.44299,304.51501,304.41,304.48499,51422
2026-08-11 15:33:00,304.48001,304.51001,304.38,304.44000,62750
2026-08-11 15:32:00,304.69000,304.70001,304.47,304.48499,67075
2026-08-11 15:31:00,305.26999,305.27509,304.62000,304.67999,124956
2026-08-11 15:30:00,305.16000,305.29999,305.079987,305.26089,219500
2026-08-11 15:29:00,304.98499,305.20001,304.94,305.16000,82551
2026-08-11 15:28:00,305,305.02,304.92,304.98999,74513
2026-08-11 15:27:00,304.94769,305.029999,304.94000,304.99500,51891
2026-08-11 15:26:00,304.98999,305,304.91000,304.95001,37159
2026-08-11 15:25:00,304.91000,305,304.89999,304.98999,36587
2026-08-11 15:24:00,304.97501,305.03,304.88000,304.90109,89518
2026-08-11 15:23:00,304.97000,305.02,304.92,304.97180,87882
2026-08-11 15:22:00,304.91010,305,304.89999,304.95999,87743
2026-08-11 15:21:00,304.95001,304.97900,304.89999,304.91000,36086
2026-08-11 15:20:00,304.87000,304.97000,304.82480,304.95001,42635
2026-08-11 15:19:00,304.875,304.88501,304.76999,304.86899,73720
2026-08-11 15:18:00,304.92001,304.95001,304.82999,304.88000,52810
2026-08-11 15:17:00,304.98001,304.98999,304.91000,304.91010,38804
2026-08-11 15:16:00,304.95511,304.99,304.89999,304.98010,63150
2026-08-11 15:15:00,304.73999,304.98001,304.73999,304.95999,64527
2026-08-11 15:14:00,304.79501,304.79501,304.70001,304.74500,33433
2026-08-11 15:13:00,304.64499,304.79999,304.64499,304.79001,61007
2026-08-11 15:12:00,304.73001,304.73770,304.62000,304.64499,58772
2026-08-11 15:11:00,304.58499,304.73999,304.57999,304.73499,59141
2026-08-11 15:10:00,304.5,304.60999,304.48,304.59000,92922
2026-08-11 15:09:00,304.5,304.51001,304.43091,304.48999,52878
2026-08-11 15:08:00,304.26999,304.5,304.26999,304.5,64057
2026-08-11 15:07:00,304.29001,304.32999,304.25,304.28000,38914
2026-08-11 15:06:00,304.31000,304.34000,304.23001,304.30499,51141
2026-08-11 15:05:00,304.21011,304.32001,304.13000,304.32001,54529
2026-08-11 15:04:00,304.22000,304.32651,304.17999,304.20999,43861
2026-08-11 15:03:00,304.16000,304.20999,304,304.20999,86231
2026-08-11 15:02:00,304.31680,304.35999,304.10001,304.14999,59810
2026-08-11 15:01:00,304.35501,304.48999,304.32,304.32001,42474
2026-08-11 15:00:00,304.35001,304.45001,304.32010,304.35001,46129
2026-08-11 14:59:00,304.46500,304.48999,304.29999,304.34500,63507
2026-08-11 14:58:00,304.56000,304.57,304.44501,304.45999,48949
2026-08-11 14:57:00,304.51999,304.57001,304.48001,304.55011,42639
2026-08-11 14:56:00,304.46500,304.59000,304.46500,304.52231,44759
2026-08-11 14:55:00,304.39999,304.47000,304.29999,304.47000,42152
2026-08-11 14:54:00,304.29001,304.42731,304.25,304.40500,37013
2026-08-11 14:53:00,304.34500,304.42001,304.25,304.29001,54955
2026-08-11 14:52:00,304.0010071,304.35999,304.0010071,304.35001,87731
2026-08-11 14:51:00,303.61499,304.010010,303.61099,304.0050049,74957
2026-08-11 14:50:00,303.56500,303.63000,303.54,303.61499,48739
2026-08-11 14:49:00,303.42499,303.63000,303.41000,303.56500,69925
2026-08-11 14:48:00,303.48001,303.53000,303.39999,303.42001,35205
2026-08-11 14:47:00,303.58990,303.59,303.33,303.45999,58499
2026-08-11 14:46:00,303.54001,303.59000,303.47000,303.58499,30710
2026-08-11 14:45:00,303.48001,303.57001,303.12000,303.54001,105720
2026-08-11 14:44:00,303.45999,303.62000,303.42999,303.46011,100107
2026-08-11 14:43:00,303.42499,303.53000,303.41000,303.45901,60360
2026-08-11 14:42:00,303.56720,303.57501,303.39999,303.42499,72316
2026-08-11 14:41:00,303.34000,303.57999,303.34000,303.55319,112574
2026-08-11 14:40:00,303.23920,303.32001,303.135,303.32001,75247
2026-08-11 14:39:00,303.049988,303.30441,303.029999,303.20999,71535
2026-08-11 14:38:00,303.16000,303.23001,303.049988,303.049988,58378
2026-08-11 14:37:00,303.64001,303.65,303.13010,303.17139,154540
2026-08-11 14:36:00,303.67999,303.72000,303.6,303.64999,57804
2026-08-11 14:35:00,303.61499,303.78,303.60999,303.68210,76673
2026-08-11 14:34:00,303.60999,303.67999,303.57001,303.61499,62953
2026-08-11 14:33:00,303.5,303.68,303.5,303.61499,57993
2026-08-11 14:32:00,303.28000,303.51999,303.27621,303.51001,64607
2026-08-11 14:31:00,303.12000,303.35001,303.10999,303.27802,91773
2026-08-11 14:30:00,303.27570,303.32001,302.97,303.12439,238697
2026-08-11 14:29:00,303.095001,303.35999,303.070007,303.29999,136721
2026-08-11 14:28:00,302.98999,303.15,302.92001,303.10999,95543
2026-08-11 14:27:00,303.11499,303.27,302.79001,303,325715
2026-08-11 14:26:00,303.85999,304,303.089996,303.11499,352048
2026-08-11 14:25:00,303.98001,303.98999,303.82019,303.85501,83271
2026-08-11 14:24:00,303.98001,304.040009,303.94000,303.98001,69905
2026-08-11 14:23:00,304.13501,304.23001,303.95,304,168286
2026-08-11 14:22:00,304.29001,304.32001,304.12000,304.13950,102493
2026-08-11 14:21:00,304.51999,304.53000,304.28000,304.29501,94311
2026-08-11 14:20:00,304.85501,304.87,304.50049,304.50049,94271
2026-08-11 14:19:00,304.81110,304.88000,304.79,304.85999,32150
2026-08-11 14:18:00,304.76770,304.82999,304.71500,304.81000,67411
2026-08-11 14:17:00,304.81500,304.86,304.75500,304.76001,37590
2026-08-11 14:16:00,304.97000,304.98001,304.76999,304.82001,41850
2026-08-11 14:15:00,304.95999,305,304.91000,304.98001,38737
2026-08-11 14:14:00,304.98901,305.0050049,304.94000,304.95999,38501
2026-08-11 14:13:00,304.98999,305.079987,304.92999,304.98001,62566
2026-08-11 14:12:00,304.85999,305.040009,304.82999,305,96550
2026-08-11 14:11:00,304.91501,305.035706,304.79,304.89999,99249
2026-08-11 14:10:00,305.27499,305.27499,304.89499,304.90500,150499
2026-08-11 14:09:00,305.23001,305.35,305.22,305.27499,59795
2026-08-11 14:08:00,305.11499,305.28000,305.059998,305.22009,68307
2026-08-11 14:07:00,305.22501,305.23999,305.04,305.13000,104373
2026-08-11 14:06:00,305.44000,305.45,305.2,305.22000,95374
2026-08-11 14:05:00,305.76010,305.82001,305.42,305.45999,91195
2026-08-11 14:04:00,305.875,305.875,305.75,305.76999,134488
2026-08-11 14:03:00,305.92999,306,305.88,305.88501,21033
2026-08-11 14:02:00,305.85001,305.93881,305.84000,305.92999,29593
2026-08-11 14:01:00,305.98001,305.98001,305.81000,305.83499,34858
2026-08-11 14:00:00,306.024994,306.03,305.85001,305.98001,46681
2026-08-11 13:59:00,306.17001,306.17001,306.010010,306.024994,31989
2026-08-11 13:58:00,306.16501,306.25,306.16000,306.17001,28327
2026-08-11 13:57:00,306.17999,306.22000,306.15100,306.16501,23448
2026-08-11 13:56:00,306.17001,306.185,306.089996,306.17999,24223
2026-08-11 13:55:00,306.17999,306.20999,306.10999,306.17999,33729
2026-08-11 13:54:00,306.089996,306.20999,306.089996,306.17001,26897
2026-08-11 13:53:00,306.10999,306.11,306.025,306.089996,26939
2026-08-11 13:52:00,306.089996,306.15,306.085,306.12000,23927
2026-08-11 13:51:00,306,306.13000,305.995,306.10001,29714
2026-08-11 13:50:00,306.010010,306.079987,305.76001,306,68339
2026-08-11 13:49:00,306.072205,306.10999,305.97000,306,40262
2026-08-11 13:48:00,306.29001,306.37,305.92099,306.070007,150682
2026-08-11 13:47:00,306.35001,306.35999,306.26999,306.29001,21977
2026-08-11 13:46:00,306.44000,306.44000,306.20001,306.35501,184173
2026-08-11 13:45:00,306.39999,306.48999,306.39999,306.44000,30077
2026-08-11 13:44:00,306.44000,306.51001,306.29999,306.40500,79027
2026-08-11 13:43:00,306.47501,306.49,306.42999,306.44000,15948
2026-08-11 13:42:00,306.49081,306.52,306.45001,306.47211,51021
2026-08-11 13:41:00,306.39581,306.5,306.38,306.48999,37045
2026-08-11 13:40:00,306.41000,306.42001,306.29999,306.41000,39049
2026-08-11 13:39:00,306.31500,306.42999,306.31000,306.41000,27399
2026-08-11 13:38:00,306.23999,306.37,306.21500,306.30209,45380
2026-08-11 13:37:00,306.29099,306.34000,306.23999,306.23999,31547
2026-08-11 13:36:00,306.33499,306.35001,306.26849,306.29501,31387
2026-08-11 13:35:00,306.26001,306.37,306.20999,306.33511,53282
2026-08-11 13:34:00,306.25500,306.28000,306.22,306.26001,34277
2026-08-11 13:33:00,306.23001,306.27,306.22501,306.25500,25032
2026-08-11 13:32:00,306.14999,306.29001,306.14999,306.23999,39024
2026-08-11 13:31:00,306.17999,306.20001,306.14999,306.16000,22663
2026-08-11 13:30:00,306.16501,306.22501,306.14999,306.17999,21143
2026-08-11 13:29:00,306.21500,306.23999,306.185,306.19000,17328
2026-08-11 13:28:00,306.26651,306.27,306.2,306.20999,19733
2026-08-11 13:27:00,306.25,306.26999,306.20010,306.26501,22611
2026-08-11 13:26:00,306.22000,306.25751,306.17999,306.25,26679
2026-08-11 13:25:00,306.29501,306.29501,306.20999,306.22000,38983
2026-08-11 13:24:00,306.22000,306.29999,306.20999,306.29501,38658
2026-08-11 13:23:00,306.23001,306.25,306.17001,306.21991,32252
2026-08-11 13:22:00,306.22000,306.26501,306.17,306.22501,24689
2026-08-11 13:21:00,306.17001,306.24,306.125,306.22501,26348
2026-08-11 13:20:00,306.13000,306.18,306.10001,306.16830,27394
2026-08-11 13:19:00,306.054993,306.14511,306.045013,306.125,28178
2026-08-11 13:18:00,305.98999,306.095001,305.98001,306.059998,15327
2026-08-11 13:17:00,306.065002,306.10001,305.975,305.98001,27822
2026-08-11 13:16:00,306.079987,306.14001,306.01,306.065002,40343
2026-08-11 13:15:00,306,306.1,305.98999,306.084991,34381
2026-08-11 13:14:00,306.050110,306.089996,305.96500,306,39658
2026-08-11 13:13:00,306.049988,306.08,306.030090,306.059998,60733
2026-08-11 13:12:00,306.045013,306.079987,306.019989,306.029999,39731
2026-08-11 13:11:00,306.22000,306.23999,306.045,306.059998,36076
2026-08-11 13:10:00,306.25,306.28000,306.20999,306.20999,25943
2026-08-11 13:09:00,306.26001,306.28500,306.20999,306.23999,18023
2026-08-11 13:08:00,306.26999,306.29001,306.24,306.26001,17396
2026-08-11 13:07:00,306.17999,306.31000,306.12000,306.26999,36660
2026-08-11 13:06:00,306.14999,306.24,306.10999,306.17999,23355
2026-08-11 13:05:00,306.10001,306.20999,306.10001,306.15991,42165
2026-08-11 13:04:00,306.035004,306.115,306.035004,306.11011,24970
2026-08-11 13:03:00,306.12000,306.15991,306.020111,306.035004,36033
2026-08-11 13:02:00,306.125,306.21509,306.10999,306.12000,26987
2026-08-11 13:01:00,306.16000,306.17001,306.11,306.12280,28415
2026-08-11 13:00:00,306.23999,306.28000,306.1,306.14999,40695
2026-08-11 12:59:00,306.21500,306.26999,306.20999,306.23911,34867
2026-08-11 12:58:00,306.17001,306.23001,306.16,306.21500,22266
2026-08-11 12:57:00,306.20499,306.20499,306.13000,306.17010,23304
2026-08-11 12:56:00,306.26999,306.28009,306.16,306.20999,42719
2026-08-11 12:55:00,306.35999,306.37,306.27011,306.28000,32326
2026-08-11 12:54:00,306.25500,306.36,306.22,306.35001,32552
2026-08-11 12:53:00,306.12000,306.26001,306.12000,306.25500,46260
2026-08-11 12:52:00,306.16501,306.21,306.14499,306.14999,23454
2026-08-11 12:51:00,306.10001,306.20999,306.079987,306.19000,41095
2026-08-11 12:50:00,306.12000,306.21,306.029999,306.089996,47221
2026-08-11 12:49:00,306.16000,306.21,306.125,306.125,60739
2026-08-11 12:48:00,306.14420,306.20001,306.059998,306.17001,29424
2026-08-11 12:47:00,306,306.17499,305.99500,306.13501,36180
2026-08-11 12:46:00,306.070007,306.13000,305.90500,306.010010,45135
2026-08-11 12:45:00,305.85001,306.10001,305.69870,306.079193,109259
2026-08-11 12:44:00,306.070007,306.13000,305.79999,305.85001,98246
2026-08-11 12:43:00,306.10001,306.14,306.059998,306.070007,27940
2026-08-11 12:42:00,306.19000,306.25,306.10001,306.10001,34677
2026-08-11 12:41:00,306.20999,306.235,306.049988,306.20001,66322
2026-08-11 12:40:00,306.47000,306.47000,306.2,306.20010,45960
2026-08-11 12:39:00,306.43500,306.52,306.40500,306.47000,57135
2026-08-11 12:38:00,306.39001,306.45001,306.38000,306.44501,25630
2026-08-11 12:37:00,306.5,306.54999,306.39499,306.39999,41503
2026-08-11 12:36:00,306.38000,306.55,306.38000,306.51001,58138
2026-08-11 12:35:00,306.26001,306.38,306.23999,306.37000,77623
2026-08-11 12:34:00,306.47000,306.51001,306.25,306.26001,58790
2026-08-11 12:33:00,306.51501,306.54001,306.42999,306.46051,57067
2026-08-11 12:32:00,306.51001,306.55,306.5,306.51001,27564
2026-08-11 12:31:00,306.53000,306.585,306.45,306.50009,49045
2026-08-11 12:30:00,306.57001,306.59000,306.48,306.53000,48009
2026-08-11 12:29:00,306.54001,306.57,306.45,306.55499,55509
2026-08-11 12:28:00,306.73999,306.73999,306.51999,306.54001,38373
2026-08-11 12:27:00,306.80499,306.83,306.72501,306.73001,35843
2026-08-11 12:26:00,306.73999,306.81,306.67001,306.79999,39252
2026-08-11 12:25:00,306.85010,306.87000,306.66000,306.73999,61745
2026-08-11 12:24:00,306.82999,306.92001,306.8,306.85999,49687
2026-08-11 12:23:00,306.90500,306.94000,306.82999,306.82999,22715
2026-08-11 12:22:00,307.079987,307.115,306.89001,306.90500,44327
2026-08-11 12:21:00,307.040009,307.13000,306.99,307.070007,41628
2026-08-11 12:20:00,307,307.070007,306.98999,307.024994,26589
2026-08-11 12:19:00,306.89999,306.99500,306.85999,306.99500,36661
2026-08-11 12:18:00,306.89001,306.92999,306.80011,306.89001,45361
2026-08-11 12:17:00,306.89001,306.99991,306.87000,306.88501,39632
2026-08-11 12:16:00,306.76001,306.91989,306.73001,306.89499,56647
2026-08-11 12:15:00,306.81500,306.92999,306.75,306.76001,30831
2026-08-11 12:14:00,306.78500,306.93991,306.73999,306.80991,30311
2026-08-11 12:13:00,306.76501,306.83,306.67,306.78500,147233
2026-08-11 12:12:00,306.77499,306.8,306.69101,306.76501,39749
2026-08-11 12:11:00,306.82999,306.88000,306.70001,306.78000,43734
2026-08-11 12:10:00,307.065002,307.070007,306.855,306.89001,59788
2026-08-11 12:09:00,307.079987,307.13000,306.95999,307.065002,47164
2026-08-11 12:08:00,307.16501,307.17001,307.07,307.079987,20561
2026-08-11 12:07:00,307.17001,307.19000,307.089996,307.16501,30356
2026-08-11 12:06:00,307.17999,307.23001,307.135,307.17001,23068
2026-08-11 12:05:00,307.070007,307.22,307.070007,307.17999,31093
2026-08-11 12:04:00,307.22000,307.235,307.040009,307.079895,71915
2026-08-11 12:03:00,307.31000,307.31,307.23001,307.23999,35571
2026-08-11 12:02:00,307.27499,307.37000,307.24011,307.32001,57465
2026-08-11 12:01:00,307.28000,307.33,307.23001,307.26001,23662
2026-08-11 12:00:00,307.23001,307.32501,307.22000,307.28949,26122
2026-08-11 11:59:00,307.30499,307.37000,307.22,307.25,36040
2026-08-11 11:58:00,307.17999,307.31,307.16,307.30499,32988
2026-08-11 11:57:00,307.020813,307.21,307,307.17499,35025
2026-08-11 11:56:00,307.14999,307.16000,307,307.024994,42840
2026-08-11 11:55:00,307.26999,307.29501,307.13000,307.13010,45862
2026-08-11 11:54:00,307.24500,307.31,307.22,307.25500,40882
2026-08-11 11:53:00,307.23999,307.31000,307.23,307.24500,26465
2026-08-11 11:52:00,307.42001,307.45001,307.22009,307.26001,34516
2026-08-11 11:51:00,307.5,307.54501,307.43051,307.44009,30465
2026-08-11 11:50:00,307.47000,307.60999,307.44,307.49500,76659
2026-08-11 11:49:00,307.26501,307.48001,307.19000,307.47000,54272
2026-08-11 11:48:00,307.20001,307.3,307.19009,307.26999,32121
2026-08-11 11:47:00,307.25500,307.32999,307.19000,307.20999,22395
2026-08-11 11:46:00,307.25,307.29001,307.17999,307.26001,38830
2026-08-11 11:45:00,307.23001,307.31,307.17999,307.28000,41606
2026-08-11 11:44:00,307.32999,307.35001,307.16000,307.23499,45840
2026-08-11 11:43:00,306.98499,307.36,306.97000,307.31021,126656
2026-08-11 11:42:00,306.66501,306.98001,306.64999,306.98001,58301
2026-08-11 11:41:00,306.75500,306.79999,306.63000,306.66501,23977
2026-08-11 11:40:00,306.67999,306.75,306.62231,306.75,26196
2026-08-11 11:39:00,306.66000,306.73001,306.56000,306.69000,44654
2026-08-11 11:38:00,306.60999,306.70001,306.6,306.66501,41514
2026-08-11 11:37:00,306.60001,306.61,306.49091,306.60999,31605
2026-08-11 11:36:00,306.54001,306.60999,306.50720,306.59000,39469
2026-08-11 11:35:00,306.64999,306.75,306.5,306.54501,57479
2026-08-11 11:34:00,306.82999,306.83,306.57999,306.64999,43776
2026-08-11 11:33:00,306.69501,306.87000,306.66000,306.81000,98375
2026-08-11 11:32:00,306.66501,306.70001,306.62000,306.70001,30194
2026-08-11 11:31:00,306.67999,306.74,306.625,306.67001,44325
2026-08-11 11:30:00,306.70001,306.72000,306.63501,306.67001,41711
2026-08-11 11:29:00,306.70001,306.76001,306.66,306.70499,41427
2026-08-11 11:28:00,306.62000,306.72501,306.61499,306.70001,41287
2026-08-11 11:27:00,306.67001,306.76999,306.60999,306.62000,33031
2026-08-11 11:26:00,306.62000,306.67899,306.56,306.65500,105194
2026-08-11 11:25:00,306.59000,306.60999,306.5,306.60999,38001
2026-08-11 11:24:00,306.43500,306.60999,306.43500,306.59000,39962
2026-08-11 11:23:00,306.39999,306.45001,306.36,306.44000,21832
2026-08-11 11:22:00,306.45001,306.48001,306.35001,306.39499,186902
2026-08-11 11:21:00,306.49991,306.52991,306.44000,306.45999,41354
2026-08-11 11:20:00,306.31000,306.52,306.28009,306.48010,37782
2026-08-11 11:19:00,306.35001,306.44000,306.28,306.30899,49046
2026-08-11 11:18:00,306.28000,306.345,306.22000,306.34000,32774
2026-08-11 11:17:00,306.23499,306.32001,306.23001,306.29001,25555
2026-08-11 11:16:00,306.31500,306.40500,306.22,306.23999,48147
2026-08-11 11:15:00,306.22000,306.32001,306.17999,306.32001,31400
2026-08-11 11:14:00,306.12000,306.22000,306.1,306.21500,31741
2026-08-11 11:13:00,306.25500,306.26001,306.1,306.10001,24761
2026-08-11 11:12:00,306.25,306.35001,306.23,306.24500,36635
2026-08-11 11:11:00,306.29999,306.37000,306.20999,306.26001,33635
2026-08-11 11:10:00,306.13501,306.32999,306.12201,306.28729,31948
2026-08-11 11:09:00,306.13681,306.23001,306.125,306.13501,17558
2026-08-11 11:08:00,306.19000,306.29001,306.049988,306.13000,48890
2026-08-11 11:07:00,306.13000,306.21289,306.049988,306.19000,48932
2026-08-11 11:06:00,306.34000,306.37000,306.12000,306.13501,49738
2026-08-11 11:05:00,306.45999,306.48499,306.33,306.34000,36002
2026-08-11 11:04:00,306.39499,306.45789,306.33011,306.44800,39597
2026-08-11 11:03:00,306.57999,306.57999,306.37000,306.39999,40234
2026-08-11 11:02:00,306.625,306.67999,306.56000,306.57999,30240
2026-08-11 11:01:00,306.62000,306.69000,306.60129,306.625,32077
2026-08-11 11:00:00,306.60001,306.685,306.57999,306.63000,48052
2026-08-11 10:59:00,306.67499,306.75,306.54999,306.59000,43292
2026-08-11 10:58:00,306.61499,306.72000,306.61499,306.67001,23983
2026-08-11 10:57:00,306.67001,306.69000,306.59000,306.62000,25070
2026-08-11 10:56:00,306.66000,306.73,306.59000,306.65500,35291
2026-08-11 10:55:00,306.70499,306.78000,306.66000,306.69000,20907
2026-08-11 10:54:00,306.75,306.79999,306.64999,306.70001,32723
2026-08-11 10:53:00,306.70001,306.75,306.60049,306.74500,32112
2026-08-11 10:52:00,306.57999,306.72900,306.57001,306.68500,31036
2026-08-11 10:51:00,306.62000,306.66229,306.54230,306.57001,28754
2026-08-11 10:50:00,306.56000,306.66229,306.55200,306.60999,80705
2026-08-11 10:49:00,306.72000,306.72000,306.51501,306.56000,35648
2026-08-11 10:48:00,306.66000,306.77,306.62051,306.72000,26970
2026-08-11 10:47:00,306.81000,306.81500,306.64001,306.66000,35147
2026-08-11 10:46:00,306.72000,306.94000,306.72,306.82001,51467
2026-08-11 10:45:00,306.67001,306.73990,306.58499,306.71011,31138
2026-08-11 10:44:00,306.82999,306.84961,306.64499,306.67001,28397
2026-08-11 10:43:00,306.78000,306.94000,306.78000,306.82999,42882
2026-08-11 10:42:00,306.79001,306.79001,306.62000,306.76501,33102
2026-08-11 10:41:00,306.67001,306.79501,306.64999,306.78000,33386
2026-08-11 10:40:00,306.79501,306.82001,306.64001,306.67001,44855
2026-08-11 10:39:00,306.73999,306.83499,306.71799,306.79999,75361
2026-08-11 10:38:00,306.64099,306.73,306.59091,306.70999,43279
2026-08-11 10:37:00,306.59000,306.67001,306.48999,306.64499,36068
2026-08-11 10:36:00,306.57001,306.62,306.51999,306.62000,32182
2026-08-11 10:35:00,306.70001,306.72000,306.54001,306.54999,43509
2026-08-11 10:34:00,306.51999,306.70999,306.46500,306.70499,64791
2026-08-11 10:33:00,306.59500,306.63000,306.48001,306.51999,58099
2026-08-11 10:32:00,306.39069,306.61499,306.385,306.59500,53814
2026-08-11 10:31:00,306.31000,306.47989,306.26,306.39999,39277
2026-08-11 10:30:00,306.19000,306.38501,306.12000,306.30499,45284
2026-08-11 10:29:00,306.10999,306.28000,306.079987,306.19000,44306
2026-08-11 10:28:00,305.97501,306.17499,305.95999,306.12000,57764
2026-08-11 10:27:00,306.075012,306.11,305.89,305.98499,71396
2026-08-11 10:26:00,306.079987,306.14999,305.98001,306.10999,91944
2026-08-11 10:25:00,306.35001,306.38281,306.040009,306.073212,48331
2026-08-11 10:24:00,306.41501,306.5,306.37000,306.38000,44999
2026-08-11 10:23:00,306.54999,306.69000,306.41501,306.41501,41896
2026-08-11 10:22:00,306.41501,306.63000,306.41,306.54999,37803
2026-08-11 10:21:00,306.48499,306.66000,306.35999,306.41000,50586
2026-08-11 10:20:00,306.44000,306.66000,306.39999,306.51001,63675
2026-08-11 10:19:00,306.32001,306.54999,306.23999,306.45999,42620
2026-08-11 10:18:00,306.22501,306.44,306.19,306.34500,40662
2026-08-11 10:17:00,306.27499,306.29999,306.12680,306.22000,61065
2026-08-11 10:16:00,306.22241,306.35001,306.17001,306.27499,40131
2026-08-11 10:15:00,306.37979,306.4,306.20499,306.23001,40550
2026-08-11 10:14:00,306.059998,306.40500,306.049988,306.35999,46066
2026-08-11 10:13:00,306.41000,306.43,306.029999,306.059998,105392
2026-08-11 10:12:00,306.64001,306.69000,306.38000,306.41000,45587
2026-08-11 10:11:00,306.35999,306.66501,306.35001,306.65948,48171
2026-08-11 10:10:00,306.51999,306.54,306.37000,306.38000,50242
2026-08-11 10:09:00,306.46399,306.65601,306.42001,306.54001,88424
2026-08-11 10:08:00,306.375,306.47000,306.29501,306.44009,66284
2026-08-11 10:07:00,306.41501,306.525,306.29001,306.35001,52285
2026-08-11 10:06:00,306.35001,306.49,306.29501,306.42001,63393
2026-08-11 10:05:00,306.51999,306.58240,306.29999,306.35001,81099
2026-08-11 10:04:00,306.31500,306.51001,306.23001,306.51001,44517
2026-08-11 10:03:00,306.44501,306.53,306.28000,306.32999,48340
2026-08-11 10:02:00,306.25500,306.46991,306.21500,306.44000,46789
2026-08-11 10:01:00,306.26001,306.31000,306.059998,306.25500,50322
2026-08-11 10:00:00,306.29999,306.45001,306.20999,306.32001,79617
2026-08-11 09:59:00,306.23001,306.34509,306.12000,306.29001,60048
2026-08-11 09:58:00,306.48001,306.49,306.2,306.24500,48550
2026-08-11 09:57:00,306.45999,306.52991,306.39011,306.47501,55024
2026-08-11 09:56:00,306.28500,306.48999,306.22,306.45001,57494
2026-08-11 09:55:00,306.14999,306.32999,306.14001,306.29999,47827
2026-08-11 09:54:00,306.029999,306.31,305.97501,306.16150,64662
2026-08-11 09:53:00,306.17001,306.27,306.019989,306.045013,67843
2026-08-11 09:52:00,305.93500,306.20001,305.83,306.19000,73479
2026-08-11 09:51:00,305.75500,305.95499,305.67001,305.94000,88710
2026-08-11 09:50:00,305.90500,306.070007,305.70041,305.75,93057
2026-08-11 09:49:00,306.010010,306.040009,305.85001,305.89200,129396
2026-08-11 09:48:00,306.14001,306.14001,305.87000,306.0050049,170615
2026-08-11 09:47:00,306.48999,306.55,306.09,306.13501,101372
2026-08-11 09:46:00,306.31000,306.62000,306.14001,306.48499,141910
2026-08-11 09:45:00,306.45999,306.59000,306.26999,306.30499,99633
2026-08-11 09:44:00,306.85001,306.92999,306.25,306.45999,182419
2026-08-11 09:43:00,306.67999,306.9,306.625,306.84000,72246
2026-08-11 09:42:00,306.60999,306.8,306.41010,306.72000,74713
2026-08-11 09:41:00,306.5,306.63000,306.29999,306.62689,82506
2026-08-11 09:40:00,306.70001,306.72000,306.26001,306.47000,121728
2026-08-11 09:39:00,306.67001,306.98730,306.60999,306.72000,80022
2026-08-11 09:38:00,306.83499,306.94501,306.42001,306.68600,91513
2026-08-11 09:37:00,307.23441,307.24,306.71500,306.85999,104619
2026-08-11 09:36:00,307.34351,307.51999,307.079590,307.17999,117351
2026-08-11 09:35:00,308.23999,308.23999,307.28311,307.36499,162682
2026-08-11 09:34:00,308.44000,308.63000,308.20001,308.23880,79264
2026-08-11 09:33:00,308.079987,308.45499,307.875,308.42999,97995
2026-08-11 09:32:00,308.18799,308.79001,307.93051,308.10999,131908
2026-08-11 09:31:00,309.35001,309.82001,308.18,308.20499,164250
2026-08-11 09:30:00,307.75,309.97000,307.4,309.34369,3522946
2026-08-10 15:59:00,307.85559,308.23001,307.8,308.19000,995542
2026-08-10 15:58:00,307.85001,307.86499,307.67001,307.85501,377755
2026-08-10 15:57:00,307.93500,307.94000,307.51999,307.85001,372083
2026-08-10 15:56:00,307.91000,307.94000,307.73999,307.93500,239156
2026-08-10 15:55:00,307.010010,308.049988,306.98999,307.89499,381493
2026-08-10 15:54:00,307.10001,307.31000,306.92999,306.97501,176819
2026-08-10 15:53:00,306.99500,307.16000,306.95999,307.089996,130335
2026-08-10 15:52:00,306.91000,307.15500,306.89999,306.98999,120509
2026-08-10 15:51:00,306.95999,307.049988,306.87000,306.91000,145374
2026-08-10 15:50:00,307.5,307.5,306.91000,306.97501,148164
2026-08-10 15:49:00,307.23499,307.61499,307.22501,307.54730,86955
2026-08-10 15:48:00,307.25500,307.26001,307.20230,307.23499,44068
2026-08-10 15:47:00,307.23999,307.32501,307.22000,307.25,59213
2026-08-10 15:46:00,307.25,307.28220,307.20999,307.25,57246
2026-08-10 15:45:00,307.25,307.32999,307.17999,307.23999,81088
2026-08-10 15:44:00,307.37000,307.37000,307.23001,307.25650,50825
2026-08-10 15:43:00,307.39001,307.42001,307.34000,307.35001,55665
2026-08-10 15:42:00,307.29001,307.43,307.23001,307.39999,59186
2026-08-10 15:41:00,307.39001,307.40500,307.29001,307.29001,71377
2026-08-10 15:40:00,307.32999,307.39001,307.23999,307.39001,70744
2026-08-10 15:39:00,307.20999,307.35001,307.14999,307.34000,124772
2026-08-10 15:38:00,307.10001,307.22000,307.07,307.21991,51410
2026-08-10 15:37:00,307.14999,307.17,307.079987,307.095001,54311
2026-08-10 15:36:00,307.14999,307.19000,307.12000,307.16000,52235
2026-08-10 15:35:00,307.010010,307.21,307.010010,307.14999,95889
2026-08-10 15:34:00,307.079987,307.089996,306.98,307.010010,78268
2026-08-10 15:33:00,307.10370,307.11,307.03,307.084991,86636
2026-08-10 15:32:00,307.14999,307.23950,307.1,307.10001,58749
2026-08-10 15:31:00,307.089996,307.2,307.070007,307.14999,79137
2026-08-10 15:30:00,307.22000,307.22000,307.070007,307.089996,98720
2026-08-10 15:29:00,307.35999,307.35999,307.20010,307.23001,65262
2026-08-10 15:28:00,307.46500,307.48999,307.28000,307.35999,91055
2026-08-10 15:27:00,307.57999,307.57999,307.45450,307.46500,52745
2026-08-10 15:26:00,307.60001,307.66989,307.54001,307.57999,72828
2026-08-10 15:25:00,307.56500,307.61990,307.54,307.60049,62808
2026-08-10 15:24:00,307.625,307.625,307.51001,307.54999,54272
2026-08-10 15:23:00,307.48001,307.655,307.47,307.62000,79747
2026-08-10 15:22:00,307.44000,307.51999,307.41000,307.48499,53533
2026-08-10 15:21:00,307.34000,307.45001,307.32001,307.44989,53550
2026-08-10 15:20:00,307.51501,307.51999,307.33981,307.34009,59154
2026-08-10 15:19:00,307.47000,307.51999,307.42001,307.51001,53922
2026-08-10 15:18:00,307.31000,307.51999,307.31000,307.48499,95544
2026-08-10 15:17:00,307.35001,307.41501,307.29001,307.30499,77733
2026-08-10 15:16:00,307.32001,307.35001,307.29001,307.34500,49838
2026-08-10 15:15:00,307.44000,307.44000,307.28000,307.31000,67806
2026-08-10 15:14:00,307.38000,307.45999,307.35001,307.43671,73026
2026-08-10 15:13:00,307.31000,307.4,307.29999,307.38000,70230
2026-08-10 15:12:00,307.375,307.40781,307.29,307.31000,54297
2026-08-10 15:11:00,307.29700,307.43500,307.29700,307.35001,74581
2026-08-10 15:10:00,307.22000,307.33,307.17001,307.31000,46772
2026-08-10 15:09:00,307.26999,307.32999,307.20001,307.22501,55266
2026-08-10 15:08:00,307.28500,307.34991,307.26,307.28500,78063
2026-08-10 15:07:00,307.13000,307.29001,307.13000,307.28000,47639
2026-08-10 15:06:00,307.20001,307.235,307.12,307.14001,49123
2026-08-10 15:05:00,307.20999,307.22989,307.17001,307.19000,52544
2026-08-10 15:04:00,307.16000,307.22409,307.10999,307.21240,51017
2026-08-10 15:03:00,307.15500,307.20001,307.14001,307.16061,74548
2026-08-10 15:02:00,307.17999,307.20001,307.14,307.14499,37975
2026-08-10 15:01:00,307.10999,307.18991,307.079987,307.17001,41351
2026-08-10 15:00:00,307.049988,307.13000,307.040009,307.10999,41315
2026-08-10 14:59:00,307.12000,307.13000,307.029999,307.040009,44736
2026-08-10 14:58:00,307.12000,307.17999,307.095,307.13000,33743
2026-08-10 14:57:00,307.070007,307.20001,307.050995,307.10001,31046
2026-08-10 14:56:00,307.17999,307.19000,307.02,307.070007,39992
2026-08-10 14:55:00,307.17029,307.20999,307.15,307.17999,34663
2026-08-10 14:54:00,307.079987,307.26001,307.059998,307.18500,84305
2026-08-10 14:53:00,306.97501,307.089996,306.95230,307.084991,70576
2026-08-10 14:52:00,306.92001,306.98999,306.91000,306.97101,43895
2026-08-10 14:51:00,306.83051,306.95001,306.83020,306.92001,27289
2026-08-10 14:50:00,306.82501,306.83,306.76999,306.82001,30328
2026-08-10 14:49:00,306.76010,306.85999,306.76010,306.82501,41436
2026-08-10 14:48:00,306.79999,306.81,306.76001,306.79001,27033
2026-08-10 14:47:00,306.79001,306.85001,306.76999,306.79999,35794
2026-08-10 14:46:00,306.78040,306.79501,306.73999,306.79001,35644
2026-08-10 14:45:00,306.82999,306.83710,306.70999,306.78000,40859
2026-08-10 14:44:00,306.76001,306.84000,306.7,306.82999,32554
2026-08-10 14:43:00,306.73459,306.79999,306.695,306.75,33480
2026-08-10 14:42:00,306.70999,306.73999,306.60001,306.73499,39841
2026-08-10 14:41:00,306.71500,306.73999,306.64,306.72000,32676
2026-08-10 14:40:00,306.67999,306.73001,306.64999,306.72000,64709
2026-08-10 14:39:00,306.67001,306.70010,306.64,306.67001,50409
2026-08-10 14:38:00,306.67001,306.705,306.64,306.66501,50003
2026-08-10 14:37:00,306.79050,306.79990,306.64499,306.67001,59122
2026-08-10 14:36:00,306.85770,306.85999,306.76999,306.79001,42452
2026-08-10 14:35:00,306.82501,306.89001,306.81000,306.85001,34267
2026-08-10 14:34:00,306.82001,306.89001,306.79501,306.82999,39527
2026-08-10 14:33:00,306.88000,306.91769,306.79999,306.82001,28897
2026-08-10 14:32:00,306.92999,306.95001,306.85001,306.88000,54488
2026-08-10 14:31:00,306.89999,306.97000,306.84000,306.91229,74107
2026-08-10 14:30:00,306.71991,306.89999,306.6,306.89001,48017
2026-08-10 14:29:00,306.72910,306.78,306.71500,306.71500,34394
2026-08-10 14:28:00,306.73001,306.73770,306.64,306.72000,25697
2026-08-10 14:27:00,306.72501,306.735,306.69,306.73001,34725
2026-08-10 14:26:00,306.70990,306.78,306.67001,306.72501,44177
2026-08-10 14:25:00,306.60001,306.72000,306.60001,306.70001,39591
2026-08-10 14:24:00,306.64999,306.66769,306.58499,306.60001,31093
2026-08-10 14:23:00,306.67499,306.72,306.60999,306.65500,29496
2026-08-10 14:22:00,306.69000,306.74,306.64999,306.67499,44252
2026-08-10 14:21:00,306.63000,306.69000,306.61,306.69000,33183
2026-08-10 14:20:00,306.62000,306.65500,306.62000,306.63000,27868
2026-08-10 14:19:00,306.59000,306.61499,306.52011,306.60999,41266
2026-08-10 14:18:00,306.67990,306.69,306.57999,306.59000,25864
2026-08-10 14:17:00,306.69000,306.76001,306.665,306.67001,37044
2026-08-10 14:16:00,306.69769,306.70499,306.65500,306.69000,24841
2026-08-10 14:15:00,306.62000,306.75,306.54,306.69000,56244
2026-08-10 14:14:00,306.66000,306.66000,306.56000,306.63000,44743
2026-08-10 14:13:00,306.67001,306.73981,306.64999,306.67001,34003
2026-08-10 14:12:00,306.70999,306.72,306.66000,306.67001,31484
2026-08-10 14:11:00,306.73999,306.79990,306.69000,306.70871,34067
2026-08-10 14:10:00,306.70001,306.79321,306.67,306.73499,45808
2026-08-10 14:09:00,306.62000,306.75,306.60999,306.70001,28959
2026-08-10 14:08:00,306.64001,306.69501,306.60999,306.60999,44308
2026-08-10 14:07:00,306.67001,306.70999,306.63000,306.64999,26346
2026-08-10 14:06:00,306.69000,306.69000,306.62000,306.66800,30841
2026-08-10 14:05:00,306.67999,306.73999,306.64999,306.67999,33076
2026-08-10 14:04:00,306.67581,306.69000,306.64,306.67999,29576
2026-08-10 14:03:00,306.78500,306.78769,306.67499,306.67499,43781
2026-08-10 14:02:00,306.82950,306.91501,306.75,306.78000,41011
2026-08-10 14:01:00,306.95981,306.98999,306.82999,306.83771,54370
2026-08-10 14:00:00,306.73001,306.95001,306.72,306.95001,44992
2026-08-10 13:59:00,306.73999,306.79001,306.68051,306.72769,42829
2026-08-10 13:58:00,306.59000,306.79001,306.57010,306.73499,42969
2026-08-10 13:57:00,306.51001,306.60150,306.48999,306.60150,35765
2026-08-10 13:56:00,306.54001,306.56000,306.47009,306.51999,36775
2026-08-10 13:55:00,306.28000,306.55899,306.27771,306.53500,48263
2026-08-10 13:54:00,306.26501,306.32999,306.23001,306.26001,34513
2026-08-10 13:53:00,306.35001,306.35001,306.23999,306.28510,21550
2026-08-10 13:52:00,306.22000,306.35999,306.22,306.35001,25142
2026-08-10 13:51:00,306.26001,306.26001,306.20999,306.22000,32764
2026-08-10 13:50:00,306.34000,306.38000,306.26001,306.26001,45714
2026-08-10 13:49:00,306.29999,306.35999,306.22501,306.35770,39002
2026-08-10 13:48:00,306.20999,306.32001,306.14999,306.31000,37582
2026-08-10 13:47:00,306.26001,306.29999,306.10001,306.22000,124214
2026-08-10 13:46:00,306.72000,306.72000,306,306.26001,237408
2026-08-10 13:45:00,306.70999,306.78000,306.66599,306.72000,146918
2026-08-10 13:44:00,306.84000,306.84000,306.70999,306.70999,32970
2026-08-10 13:43:00,306.75,306.85,306.73001,306.83499,32673
2026-08-10 13:42:00,306.66000,306.78,306.66000,306.73001,27242
2026-08-10 13:41:00,306.57001,306.69000,306.57001,306.64999,24653
2026-08-10 13:40:00,306.58499,306.625,306.54010,306.57001,25813
2026-08-10 13:39:00,306.67001,306.69000,306.54999,306.57999,25060
2026-08-10 13:38:00,306.72989,306.755,306.67999,306.67999,35711
2026-08-10 13:37:00,306.64001,306.79001,306.64001,306.72000,41888
2026-08-10 13:36:00,306.60001,306.67001,306.59000,306.65500,34991
2026-08-10 13:35:00,306.47501,306.65,306.42999,306.60001,33055
2026-08-10 13:34:00,306.48999,306.54001,306.475,306.5,34285
2026-08-10 13:33:00,306.45001,306.48999,306.39999,306.48999,37085
2026-08-10 13:32:00,306.50330,306.57800,306.42999,306.44000,47541
2026-08-10 13:31:00,306.41501,306.53,306.36081,306.51501,33598
2026-08-10 13:30:00,306.47000,306.5,306.35001,306.42001,39690
2026-08-10 13:29:00,306.49991,306.49991,306.41849,306.47000,34705
2026-08-10 13:28:00,306.36499,306.49411,306.34000,306.49411,21109
2026-08-10 13:27:00,306.31500,306.39331,306.31000,306.36819,23175
2026-08-10 13:26:00,306.39001,306.39001,306.25009,306.31500,71533
2026-08-10 13:25:00,306.60501,306.60501,306.38,306.38229,36722
2026-08-10 13:24:00,306.45999,306.64001,306.45999,306.60800,28260
2026-08-10 13:23:00,306.33499,306.47000,306.30679,306.47000,48074
2026-08-10 13:22:00,306.38000,306.42001,306.28070,306.33051,45656
2026-08-10 13:21:00,306.39001,306.42319,306.35999,306.38770,32542
2026-08-10 13:20:00,306.41000,306.45001,306.33011,306.39001,36881
2026-08-10 13:19:00,306.43991,306.49991,306.41,306.41501,49785
2026-08-10 13:18:00,306.76001,306.76001,306.42999,306.44781,54815
2026-08-10 13:17:00,306.54001,306.79001,306.54,306.76999,51429
2026-08-10 13:16:00,306.53000,306.56500,306.47000,306.53500,35088
2026-08-10 13:15:00,306.45999,306.60001,306.45499,306.53101,41816
2026-08-10 13:14:00,306.48001,306.5,306.41000,306.45499,25393
2026-08-10 13:13:00,306.41000,306.49,306.39,306.46500,42169
2026-08-10 13:12:00,306.37000,306.41000,306.31021,306.35999,32683
2026-08-10 13:11:00,306.50500,306.53000,306.32999,306.37000,30551
2026-08-10 13:10:00,306.61499,306.615,306.48511,306.50049,64735
2026-08-10 13:09:00,306.45001,306.63000,306.445,306.61499,53863
2026-08-10 13:08:00,306.45999,306.48999,306.38000,306.46661,29882
2026-08-10 13:07:00,306.30499,306.49,306.25089,306.46500,54339
2026-08-10 13:06:00,306.40500,306.41000,306.25,306.31000,49477
2026-08-10 13:05:00,306.49780,306.49780,306.31000,306.40500,49295
2026-08-10 13:04:00,306.32001,306.53000,306.32001,306.49011,81599
2026-08-10 13:03:00,306.29001,306.37900,306.29,306.32001,40785
2026-08-10 13:02:00,306.29440,306.31421,306.23999,306.28500,49505
2026-08-10 13:01:00,306.26999,306.31500,306.25,306.29001,40210
2026-08-10 13:00:00,306.26999,306.35001,306.22,306.26999,93126
2026-08-10 12:59:00,306.20999,306.28220,306.18500,306.26999,50198
2026-08-10 12:58:00,306.16000,306.25,306.12000,306.21991,38523
2026-08-10 12:57:00,306.093201,306.29001,306.079987,306.13010,54528
2026-08-10 12:56:00,306.10501,306.10770,306.045,306.080109,36699
2026-08-10 12:55:00,306.059998,306.13000,306.010010,306.10019,53792
2026-08-10 12:54:00,305.89011,306.079102,305.89011,306.068512,68362
2026-08-10 12:53:00,305.87430,305.97000,305.85001,305.89499,35104
2026-08-10 12:52:00,305.89499,305.96,305.85999,305.88000,36517
2026-08-10 12:51:00,305.84000,305.91000,305.80499,305.90500,30589
2026-08-10 12:50:00,305.875,305.9,305.825,305.84000,36518
2026-08-10 12:49:00,305.82510,305.96,305.81000,305.88000,57867
2026-08-10 12:48:00,305.82999,305.84000,305.765,305.82010,35881
2026-08-10 12:47:00,305.70999,305.88000,305.64999,305.82999,67014
2026-08-10 12:46:00,305.63000,305.70999,305.625,305.70001,52501
2026-08-10 12:45:00,305.64499,305.74591,305.60999,305.63000,56198
2026-08-10 12:44:00,305.60001,305.64999,305.47000,305.63571,48228
2026-08-10 12:43:00,305.67999,305.74991,305.51501,305.60001,41294
2026-08-10 12:42:00,305.57999,305.67001,305.44000,305.67001,52717
2026-08-10 12:41:00,305.54999,305.61,305.42001,305.56009,39944
2026-08-10 12:40:00,305.47501,305.76001,305.47,305.59500,59026
2026-08-10 12:39:00,305.35001,305.67001,305.35,305.47501,74930
2026-08-10 12:38:00,305.43991,305.47989,305.19,305.35001,68939
2026-08-10 12:37:00,305.53500,305.55,305.44,305.45001,37839
2026-08-10 12:36:00,305.48999,305.57999,305.475,305.53000,42054
2026-08-10 12:35:00,305.27740,305.57001,305.23999,305.49500,78618
2026-08-10 12:34:00,305.25,305.30560,305.17,305.25,53589
2026-08-10 12:33:00,305.45999,305.48990,305.2,305.26999,46507
2026-08-10 12:32:00,305.31000,305.51501,305.29501,305.45999,90740
2026-08-10 12:31:00,305.54001,305.69000,305.20001,305.32999,140164
2026-08-10 12:30:00,305.54999,305.62000,305.48001,305.53000,39480
2026-08-10 12:29:00,305.64999,305.66,305.5,305.53000,38238
2026-08-10 12:28:00,305.48001,305.67380,305.48001,305.64789,49861
2026-08-10 12:27:00,305.53989,305.57001,305.45001,305.48001,62437
2026-08-10 12:26:00,305.59000,305.64001,305.5,305.53000,46941
2026-08-10 12:25:00,305.63000,305.65,305.56000,305.59000,60035
2026-08-10 12:24:00,305.59500,305.69000,305.59500,305.63000,44359
2026-08-10 12:23:00,305.65750,305.72000,305.53000,305.58279,50015
2026-08-10 12:22:00,305.64499,305.68561,305.57001,305.65500,54462
2026-08-10 12:21:00,305.92499,305.92499,305.57501,305.64499,136135
2026-08-10 12:20:00,305.67499,305.99121,305.65,305.93420,116906
2026-08-10 12:19:00,305.13501,305.69989,305.13000,305.67001,123196
2026-08-10 12:18:00,305.14499,305.16000,305.049988,305.13501,73577
2026-08-10 12:17:00,305.20499,305.20990,305.1,305.16000,75307
2026-08-10 12:16:00,305.35001,305.54999,305.19,305.20370,105555
2026-08-10 12:15:00,305.54501,305.56000,305.22781,305.34021,156407
2026-08-10 12:14:00,305.67999,305.69000,305.39011,305.54501,132346
2026-08-10 12:13:00,305.51001,305.73001,305.51001,305.67801,132354
2026-08-10 12:12:00,305.81000,305.84000,305.42001,305.51999,157548
2026-08-10 12:11:00,305.98999,306.089996,305.72000,305.81989,155501
2026-08-10 12:10:00,306.049988,306.10999,305.91,305.97009,226492
2026-08-10 12:09:00,306.059998,306.22000,306.019989,306.037109,89048
2026-08-10 12:08:00,306.34991,306.35001,306.04,306.065002,127584
2026-08-10 12:07:00,306.098511,306.35989,306.075,306.34500,98405
2026-08-10 12:06:00,306.39001,306.47,306.070007,306.095093,108155
2026-08-10 12:05:00,306.48001,306.54999,306.38,306.38010,57787
2026-08-10 12:04:00,306.75,306.76001,306.46,306.49500,92182
2026-08-10 12:03:00,306.86069,306.86911,306.72,306.75500,51424
2026-08-10 12:02:00,307.069000,307.14999,306.87000,306.87000,67438
2026-08-10 12:01:00,307.049805,307.13000,307,307.070007,34944
2026-08-10 12:00:00,307.10999,307.25,307.029999,307.040009,57278
2026-08-10 11:59:00,307.19000,307.20001,307.050110,307.17999,53903
2026-08-10 11:58:00,307.22949,307.23001,307.080292,307.20001,61776
2026-08-10 11:57:00,307.10199,307.22501,307.042297,307.21500,64545
2026-08-10 11:56:00,306.94000,307.11951,306.91101,307.10999,68082
2026-08-10 11:55:00,306.87009,306.94,306.82999,306.93900,45580
2026-08-10 11:54:00,306.86499,306.92001,306.82,306.89499,35611
2026-08-10 11:53:00,306.92001,306.94901,306.79001,306.85999,36762
2026-08-10 11:52:00,306.70001,306.92950,306.67,306.91501,46542
2026-08-10 11:51:00,306.68500,306.73001,306.63010,306.69000,39386
2026-08-10 11:50:00,306.64001,306.70001,306.54010,306.67999,43345
2026-08-10 11:49:00,306.55499,306.67001,306.51001,306.64001,31694
2026-08-10 11:48:00,306.59229,306.66000,306.54001,306.54999,43469
2026-08-10 11:47:00,306.62100,306.65,306.56000,306.59000,31720
2026-08-10 11:46:00,306.625,306.67999,306.57449,306.63501,23475
2026-08-10 11:45:00,306.54999,306.66000,306.54001,306.62000,29598
2026-08-10 11:44:00,306.51999,306.60001,306.5,306.54501,36129
2026-08-10 11:43:00,306.55499,306.57001,306.51,306.51001,26535
2026-08-10 11:42:00,306.64001,306.67001,306.54999,306.55499,44720
2026-08-10 11:41:00,306.61499,306.79001,306.57001,306.64999,77470
2026-08-10 11:40:00,306.51999,306.62,306.47,306.59000,32487
2026-08-10 11:39:00,306.41501,306.64001,306.39,306.51999,58774
2026-08-10 11:38:00,306.42090,306.44000,306.37900,306.42499,39408
2026-08-10 11:37:00,306.38000,306.49,306.38000,306.44000,45582
2026-08-10 11:36:00,306.36499,306.39001,306.32999,306.36539,50988
2026-08-10 11:35:00,306.40991,306.42999,306.32,306.36499,49927
2026-08-10 11:34:00,306.44501,306.5,306.39999,306.40500,41175
2026-08-10 11:33:00,306.43500,306.48999,306.415,306.45001,33252
2026-08-10 11:32:00,306.59601,306.60001,306.42001,306.42001,43765
2026-08-10 11:31:00,306.53000,306.60999,306.42,306.60989,96796
2026-08-10 11:30:00,306.52051,306.57031,306.47009,306.50269,35908
2026-08-10 11:29:00,306.56769,306.60989,306.44000,306.55850,46096
2026-08-10 11:28:00,306.67999,306.69000,306.5,306.57001,94308
2026-08-10 11:27:00,306.54001,306.69000,306.51501,306.67999,39730
2026-08-10 11:26:00,306.45990,306.55,306.42999,306.53500,36053
2026-08-10 11:25:00,306.63000,306.63000,306.45,306.47000,47548
2026-08-10 11:24:00,306.69211,306.69681,306.54999,306.625,33822
2026-08-10 11:23:00,306.70001,306.73541,306.60999,306.70001,38908
2026-08-10 11:22:00,306.66000,306.69220,306.62000,306.67999,18714
2026-08-10 11:21:00,306.59000,306.72000,306.57,306.67999,48210
2026-08-10 11:20:00,306.64999,306.73001,306.59000,306.59000,37786
2026-08-10 11:19:00,306.79199,306.81000,306.60999,306.64999,29535
2026-08-10 11:18:00,306.73999,306.87039,306.73999,306.79999,50383
2026-08-10 11:17:00,306.71500,306.76001,306.62000,306.72000,33658
2026-08-10 11:16:00,306.57001,306.79001,306.50580,306.73999,39273
2026-08-10 11:15:00,306.40500,306.66000,306.28101,306.56180,67624
2026-08-10 11:14:00,306.44000,306.53000,306.39001,306.39001,46675
2026-08-10 11:13:00,306.60001,306.61,306.41,306.43500,79667
2026-08-10 11:12:00,306.80499,306.84000,306.57999,306.60501,60834
2026-08-10 11:11:00,306.76999,306.89001,306.70999,306.79590,78119
2026-08-10 11:10:00,306.64999,306.78000,306.57001,306.76999,57515
2026-08-10 11:09:00,306.53000,306.73999,306.50320,306.64001,92494
2026-08-10 11:08:00,306.5,306.57999,306.45999,306.48999,40618
2026-08-10 11:07:00,306.60001,306.62,306.45,306.5,60121
2026-08-10 11:06:00,306.67499,306.76001,306.59000,306.60999,46610
2026-08-10 11:05:00,306.69501,306.72501,306.64999,306.67001,35103
2026-08-10 11:04:00,306.67999,306.92001,306.66000,306.70001,61570
2026-08-10 11:03:00,306.82999,306.95001,306.645,306.67999,61239
2026-08-10 11:02:00,306.92001,307,306.77,306.82999,40494
2026-08-10 11:01:00,306.94000,307.029999,306.92001,306.92999,37905
2026-08-10 11:00:00,307.125,307.14001,306.84000,306.94519,94230
2026-08-10 10:59:00,306.82999,307.20990,306.76501,307.125,84669
2026-08-10 10:58:00,306.79999,306.9,306.76999,306.82001,58916
2026-08-10 10:57:00,306.81000,306.85001,306.71011,306.79999,70490
2026-08-10 10:56:00,306.76501,306.82001,306.64011,306.81000,53294
2026-08-10 10:55:00,306.82999,306.89999,306.73901,306.79001,54074
2026-08-10 10:54:00,306.64999,306.85001,306.63,306.84659,77089
2026-08-10 10:53:00,306.54999,306.67999,306.51001,306.63501,110096
2026-08-10 10:52:00,306.48499,306.66760,306.42999,306.55499,58197
2026-08-10 10:51:00,306.47681,306.51001,306.39999,306.48499,60997
2026-08-10 10:50:00,306.44849,306.55499,306.35001,306.48001,66895
2026-08-10 10:49:00,306.37000,306.57251,306.35501,306.45499,98737
2026-08-10 10:48:00,306.26999,306.54001,306.22501,306.37000,82270
2026-08-10 10:47:00,306.53000,306.64001,306.28000,306.29001,134365
2026-08-10 10:46:00,306.76501,306.84000,306.48499,306.52011,61265
2026-08-10 10:45:00,306.74500,306.88000,306.63000,306.78989,69520
2026-08-10 10:44:00,306.75,306.76001,306.64001,306.74500,38802
2026-08-10 10:43:00,306.57001,306.79001,306.565,306.76001,57313
2026-08-10 10:42:00,306.56000,306.59,306.45999,306.58481,51260
2026-08-10 10:41:00,306.56000,306.66000,306.49,306.58560,61283
2026-08-10 10:40:00,306.59000,306.64679,306.5,306.59000,73196
2026-08-10 10:39:00,306.72000,306.77,306.53000,306.60779,64234
2026-08-10 10:38:00,306.64001,306.74991,306.53000,306.72501,50363
2026-08-10 10:37:00,306.79001,306.82001,306.51,306.63000,89478
2026-08-10 10:36:00,306.85999,306.95999,306.76,306.78000,52318
2026-08-10 10:35:00,306.93500,306.935,306.73001,306.87021,56062
2026-08-10 10:34:00,306.81000,306.94000,306.75,306.91000,60556
2026-08-10 10:33:00,306.92001,306.98999,306.70679,306.82999,90480
2026-08-10 10:32:00,307.11771,307.17999,306.92010,306.94000,62715
2026-08-10 10:31:00,307.095001,307.20001,307.056091,307.10999,74897
2026-08-10 10:30:00,306.89709,307.19000,306.89709,307.095001,93978
2026-08-10 10:29:00,307.089996,307.13000,306.82999,306.88000,58031
2026-08-10 10:28:00,306.83990,307.25,306.79999,307.12000,85730
2026-08-10 10:27:00,306.73001,306.87000,306.66000,306.81500,51962
2026-08-10 10:26:00,306.75,306.84000,306.64001,306.75,56093
2026-08-10 10:25:00,306.79501,306.91501,306.66000,306.73999,100136
2026-08-10 10:24:00,307.11499,307.12991,306.72000,306.78009,94894
2026-08-10 10:23:00,307.089996,307.2,306.85999,307.11499,62044
2026-08-10 10:22:00,307.35999,307.46,307.049988,307.075012,112944
2026-08-10 10:21:00,307.049988,307.45590,307.040009,307.32040,118926
2026-08-10 10:20:00,307.040009,307.19989,307.020111,307.049988,85152
2026-08-10 10:19:00,306.64001,307.079987,306.61090,307.059998,294236
2026-08-10 10:18:00,306.67999,306.76001,306.57999,306.63400,77390
2026-08-10 10:17:00,306.45001,306.73001,306.44000,306.67999,97562
2026-08-10 10:16:00,306.38000,306.59000,306.35001,306.43161,79613
2026-08-10 10:15:00,306.51001,306.54001,306.29001,306.38000,92557
2026-08-10 10:14:00,306.19400,306.56000,306.17999,306.53000,102011
2026-08-10 10:13:00,306.19501,306.33499,305.95001,306.17999,182097
2026-08-10 10:12:00,306.41501,306.43991,306.01,306.17999,104959
2026-08-10 10:11:00,306.29999,306.54001,306.26001,306.40219,103049
2026-08-10 10:10:00,306.39081,306.42999,306.25400,306.29001,142444
2026-08-10 10:09:00,306.44501,306.51999,306.25,306.41000,148174
2026-08-10 10:08:00,306.54001,306.66000,306.42999,306.45419,120719
2026-08-10 10:07:00,306.87250,306.92999,306.53360,306.54871,115026
2026-08-10 10:06:00,307.23499,307.32001,306.87000,306.87201,140786
2026-08-10 10:05:00,307.34000,307.39,307.18549,307.23499,111037
2026-08-10 10:04:00,307.17999,307.42001,307.13000,307.32501,110563
2026-08-10 10:03:00,307.14001,307.23001,307,307.17499,102450
2026-08-10 10:02:00,306.81000,307.15991,306.73,307.13000,100144
2026-08-10 10:01:00,306.71500,306.98999,306.67999,306.81000,67118
2026-08-10 10:00:00,307.040009,307.35001,306.64029,306.72989,245373
2026-08-10 09:59:00,306.82501,307.049988,306.6,307.049988,127698
2026-08-10 09:58:00,307.13000,307.14001,306.67,306.82001,114981
2026-08-10 09:57:00,307.13000,307.22000,307.049988,307.12811,110555
2026-08-10 09:56:00,306.72000,307.14999,306.71320,307.13000,89775
2026-08-10 09:55:00,306.54001,306.8,306.48001,306.70499,137491
2026-08-10 09:54:00,306.34000,306.66000,306.22000,306.60001,168164
2026-08-10 09:53:00,306.29001,306.46,306.14151,306.35001,152363
2026-08-10 09:52:00,306.15820,306.45999,306.12000,306.25,133990
2026-08-10 09:51:00,306.66000,306.79871,306.11801,306.14499,165278
2026-08-10 09:50:00,306.85501,307.42001,306.39999,306.70499,298943
2026-08-10 09:49:00,306.56500,306.9,306.5,306.89001,164469
2026-08-10 09:48:00,305.85999,306.67999,305.73001,306.57001,232133
2026-08-10 09:47:00,306.059998,306.075012,305.66000,305.875,242121
2026-08-10 09:46:00,306.029999,306.17001,305.89,306.075012,197184
2026-08-10 09:45:00,305.85001,306.18970,305.77011,306.049988,249724
2026-08-10 09:44:00,306.040009,306.089996,305.625,305.86499,323713
2026-08-10 09:43:00,306.23999,306.43,305.88000,306.054993,202407
2026-08-10 09:42:00,306.48001,306.5,306.12000,306.25989,174761
2026-08-10 09:41:00,305.92999,306.5,305.89380,306.39999,148416
2026-08-10 09:40:00,305.95251,306.10989,305.70999,305.92999,168578
2026-08-10 09:39:00,305.62000,306.079987,305.39999,305.90500,192647
2026-08-10 09:38:00,305.35999,305.64001,305,305.60001,227713
2026-08-10 09:37:00,305.44989,305.54999,304.89999,305.31000,298632
2026-08-10 09:36:00,306.14999,306.31000,305.29999,305.42499,237252
2026-08-10 09:35:00,306.67499,306.72900,306.070007,306.16501,175142
2026-08-10 09:34:00,306.0050049,307.0050049,305.95499,306.63000,274073
2026-08-10 09:33:00,305.22000,306.25,304.67999,306.0060120,388842
2026-08-10 09:32:00,305.41000,305.72000,304.63000,305.17999,453792
2026-08-10 09:31:00,306.97501,307.31039,305.14001,305.42999,546302
2026-08-10 09:30:00,306.82999,307.44,306.12000,306.99500,4448363
2026-08-07 15:59:00,313.64999,313.75,313.23001,313.29999,945899
2026-08-07 15:58:00,313.85999,313.87421,313.65500,313.65500,370766
2026-08-07 15:57:00,313.875,313.98001,313.79001,313.85999,225410
2026-08-07 15:56:00,314.17499,314.18,313.83499,313.875,249076
2026-08-07 15:55:00,313.22501,314.17999,313.20001,314.17001,406696
2026-08-07 15:54:00,313.5,313.60001,313.23,313.23001,74987
2026-08-07 15:53:00,313.054993,313.5,313.05,313.48999,317764
2026-08-07 15:52:00,313.049988,313.10001,312.92999,313.054993,120020
2026-08-07 15:51:00,313.049988,313.10001,312.94,313.040009,99846
2026-08-07 15:50:00,313.10001,313.13000,312.92499,313.040009,118722
2026-08-07 15:49:00,313.13501,313.19769,313.079987,313.10501,49
2026-08-07 15:48:00,313.17999,313.21,313.049988,313.13501,61812
2026-08-07 15:47:00,313.23990,313.245,313.13000,313.19000,60540
2026-08-07 15:46:00,313.23999,313.28500,313.12000,313.22501,74153
2026-08-07 15:45:00,313.25,313.31,313.21500,313.23499,60595
2026-08-07 15:44:00,313.23999,313.335,313.23,313.26001,68708
2026-08-07 15:43:00,313.21500,313.29700,313.17001,313.25,47581
2026-08-07 15:42:00,313.10999,313.22000,313.10999,313.22000,138384
2026-08-07 15:41:00,313.32001,313.32001,313.10001,313.10999,73624
2026-08-07 15:40:00,313.22000,313.33401,313.2,313.32001,55309
2026-08-07 15:39:00,313.10999,313.27069,313.105,313.21500,73154
2026-08-07 15:38:00,313.12000,313.20001,313.1,313.12000,52714
2026-08-07 15:37:00,313.089996,313.11,313,313.089996,62316
2026-08-07 15:36:00,313.10001,313.14001,313.049988,313.10001,53124
2026-08-07 15:35:00,313.125,313.14001,313.059998,313.10001,41537
2026-08-07 15:34:00,313.065002,313.23001,313.049988,313.125,71105
2026-08-07 15:33:00,313.28000,313.28000,313.029999,313.065002,80586
2026-08-07 15:32:00,313.19501,313.31000,313.17050,313.29001,47000
2026-08-07 15:31:00,313.17999,313.29001,313.17001,313.20999,50042
2026-08-07 15:30:00,313.28000,313.28500,313.10101,313.17999,151909
2026-08-07 15:29:00,313.28000,313.31000,313.20001,313.27750,86262
2026-08-07 15:28:00,313.34000,313.38000,313.25,313.28000,141331
2026-08-07 15:27:00,313.32001,313.38501,313.29999,313.34000,51369
2026-08-07 15:26:00,313.29501,313.39001,313.25,313.32001,92494
2026-08-07 15:25:00,313.22000,313.32990,313.19000,313.28009,66787
2026-08-07 15:24:00,313.20001,313.26001,313.17010,313.22000,40491
2026-08-07 15:23:00,313.20001,313.24,313.17,313.20001,57429
2026-08-07 15:22:00,313.084991,313.20001,313.04,313.20001,41549
2026-08-07 15:21:00,312.93500,313.10001,312.93091,313.10001,45910
2026-08-07 15:20:00,312.91000,312.98001,312.85999,312.94000,31438
2026-08-07 15:19:00,312.95999,312.95999,312.84500,312.89001,42810
2026-08-07 15:18:00,312.98499,313.049896,312.92999,312.95999,62505
2026-08-07 15:17:00,313.070007,313.12,312.89001,312.98001,47504
2026-08-07 15:16:00,313.019989,313.054993,312.89999,313.048096,61659
2026-08-07 15:15:00,312.85001,313.02,312.84000,313.019989,64649
2026-08-07 15:14:00,312.84500,312.91000,312.84000,312.85501,31848
2026-08-07 15:13:00,312.73950,312.87000,312.73499,312.85001,40719
2026-08-07 15:12:00,312.84500,312.84500,312.73499,312.73990,42939
2026-08-07 15:11:00,312.86499,312.87,312.765,312.85001,40755
2026-08-07 15:10:00,312.71991,312.88000,312.71301,312.87000,74460
2026-08-07 15:09:00,312.50500,312.72150,312.49200,312.72000,43649
2026-08-07 15:08:00,312.5,312.53500,312.48999,312.50049,23984
2026-08-07 15:07:00,312.55429,312.57001,312.48499,312.51001,50383
2026-08-07 15:06:00,312.52499,312.62000,312.49399,312.54999,49312
2026-08-07 15:05:00,312.39999,312.54999,312.38321,312.52499,41799
2026-08-07 15:04:00,312.375,312.45499,312.35999,312.39499,36988
2026-08-07 15:03:00,312.26001,312.375,312.23001,312.375,32565
2026-08-07 15:02:00,312.28000,312.31000,312.23999,312.25,32115
2026-08-07 15:01:00,312.36499,312.41000,312.26001,312.28210,76022
2026-08-07 15:00:00,312.45001,312.5,312.35001,312.35999,71688
2026-08-07 14:59:00,312.34000,312.49,312.31000,312.42999,50891
2026-08-07 14:58:00,312.23999,312.37000,312.23999,312.35001,53819
2026-08-07 14:57:00,312.17999,312.24771,312.16000,312.24771,33748
2026-08-07 14:56:00,312.14499,312.20499,312.13000,312.17499,25169
2026-08-07 14:55:00,312.14001,312.19000,312.10251,312.14499,31672
2026-08-07 14:54:00,312.10501,312.17001,312.1,312.15991,28881
2026-08-07 14:53:00,312.10999,312.125,312.040009,312.10501,23553
2026-08-07 14:52:00,312.079987,312.14990,312.06,312.12000,32389
2026-08-07 14:51:00,312.024994,312.08,311.99500,312.049988,29792
2026-08-07 14:50:00,311.92081,312.040009,311.91,312.019989,33176
2026-08-07 14:49:00,311.95001,311.95999,311.885,311.92499,19354
2026-08-07 14:48:00,311.87100,311.95001,311.87000,311.95001,35847
2026-08-07 14:47:00,311.88989,311.89999,311.82999,311.875,25165
2026-08-07 14:46:00,311.87000,311.94000,311.83011,311.88000,32699
2026-08-07 14:45:00,311.89999,311.96,311.85001,311.875,30467
2026-08-07 14:44:00,312.0050049,312.0050049,311.82001,311.89001,36845
2026-08-07 14:43:00,312.024994,312.05,311.97,312.010010,32872
2026-08-07 14:42:00,311.91501,312.049988,311.90500,312.012787,35500
2026-08-07 14:41:00,311.89001,311.94,311.82,311.91501,43218
2026-08-07 14:40:00,311.92999,311.93979,311.85999,311.89499,54209
2026-08-07 14:39:00,311.92999,311.97000,311.91,311.92999,23416
2026-08-07 14:38:00,311.89499,311.94769,311.84000,311.93500,30081
2026-08-07 14:37:00,311.87000,311.89999,311.85001,311.89499,23071
2026-08-07 14:36:00,311.83499,311.92999,311.82999,311.86499,22540
2026-08-07 14:35:00,311.82501,311.94000,311.815,311.82999,29706
2026-08-07 14:34:00,311.75500,311.84949,311.67999,311.82501,50729
2026-08-07 14:33:00,311.80499,311.82001,311.75,311.76001,35692
2026-08-07 14:32:00,311.76001,311.79999,311.73,311.79999,31386
2026-08-07 14:31:00,311.94000,311.94000,311.75601,311.76770,31451
2026-08-07 14:30:00,311.91010,311.99991,311.91,311.93500,22983
2026-08-07 14:29:00,311.85019,311.92999,311.85001,311.91901,28408
2026-08-07 14:28:00,312.040009,312.040009,311.82001,311.85501,90596
2026-08-07 14:27:00,312.084991,312.099396,312.010010,312.024994,27175
2026-08-07 14:26:00,312.125,312.14999,312.079987,312.10001,23088
2026-08-07 14:25:00,312.10001,312.16000,312.089996,312.12000,28025
2026-08-07 14:24:00,312.11499,312.14999,312.07,312.10001,21299
2026-08-07 14:23:00,312.14001,312.185,312.075,312.089996,25416
2026-08-07 14:22:00,312.20001,312.20001,312.12231,312.14001,16615
2026-08-07 14:21:00,312.31000,312.365,312.19,312.20999,47814
2026-08-07 14:20:00,312.25,312.32990,312.25,312.31000,33394
2026-08-07 14:19:00,312.15500,312.28000,312.10001,312.26999,53487
2026-08-07 14:18:00,312.089996,312.18011,312.089996,312.14999,42696
2026-08-07 14:17:00,312.23999,312.25,312.059998,312.075012,44569
2026-08-07 14:16:00,312.23499,312.26999,312.12000,312.23999,42969
2026-08-07 14:15:00,312.37000,312.39999,312.20999,312.22501,39471
2026-08-07 14:14:00,312.375,312.39001,312.28000,312.38181,27347
2026-08-07 14:13:00,312.51999,312.53000,312.35,312.37000,35247
2026-08-07 14:12:00,312.56000,312.59,312.39499,312.51999,35230
2026-08-07 14:11:00,312.66000,312.67999,312.51001,312.56989,30119
2026-08-07 14:10:00,312.48999,312.745,312.44101,312.64999,62282
2026-08-07 14:09:00,312.57001,312.62000,312.48001,312.5,30742
2026-08-07 14:08:00,312.66000,312.70001,312.56000,312.57251,23928
2026-08-07 14:07:00,312.73999,312.745,312.56000,312.66501,27618
2026-08-07 14:06:00,312.73499,312.74,312.64011,312.73001,30369
2026-08-07 14:05:00,312.79999,312.84,312.69000,312.73499,87341
2026-08-07 14:04:00,312.72000,312.89999,312.72,312.79001,47711
2026-08-07 14:03:00,312.68860,312.73001,312.62000,312.70999,38285
2026-08-07 14:02:00,312.73001,312.76001,312.57001,312.71420,52757
2026-08-07 14:01:00,312.88000,312.91989,312.62161,312.73001,84365
2026-08-07 14:00:00,312.98499,313.059998,312.84500,312.87000,55225
2026-08-07 13:59:00,313.049988,313.059998,312.98,312.98001,18833
2026-08-07 13:58:00,313.070007,313.070007,313.00039673,313.029999,19031
2026-08-07 13:57:00,313.050110,313.10001,312.98001,313.070007,29621
2026-08-07 13:56:00,312.97000,313.17001,312.91010,313.060913,73531
2026-08-07 13:55:00,313,313.089996,312.94000,313,41847
2026-08-07 13:54:00,312.98999,313.024994,312.975,313,38272
2026-08-07 13:53:00,313.040009,313.040009,312.91000,312.97000,47988
2026-08-07 13:52:00,313.10999,313.12,313.02,313.040009,50852
2026-08-07 13:51:00,313.17999,313.25,313.079987,313.10001,93674
2026-08-07 13:50:00,313.10999,313.18,313.10999,313.17010,45135
2026-08-07 13:49:00,313.10001,313.14,313.049988,313.12000,33014
2026-08-07 13:48:00,313.10999,313.13751,312.97000,313.10010,55136
2026-08-07 13:47:00,313.10501,313.17001,313.095001,313.10001,29983
2026-08-07 13:46:00,313.019989,313.10501,313.013611,313.10001,28993
2026-08-07 13:45:00,313,313.040009,313,313,18629
2026-08-07 13:44:00,313.059998,313.059998,312.98,312.99179,18550
2026-08-07 13:43:00,312.95999,313.073395,312.94919,313.059906,25184
2026-08-07 13:42:00,312.95999,313.015015,312.91,312.95999,31948
2026-08-07 13:41:00,312.92001,312.95001,312.87799,312.95001,20601
2026-08-07 13:40:00,312.98999,313,312.84000,312.91000,29466
2026-08-07 13:39:00,312.94501,313.065002,312.88,312.98001,78861
2026-08-07 13:38:00,312.84000,312.95001,312.81860,312.94501,35426
2026-08-07 13:37:00,312.85999,312.85999,312.78000,312.81000,35518
2026-08-07 13:36:00,312.63501,312.87000,312.59000,312.84000,44881
2026-08-07 13:35:00,312.71500,312.73999,312.59000,312.63501,31532
2026-08-07 13:34:00,312.77499,312.78000,312.67001,312.72000,34157
2026-08-07 13:33:00,312.79001,312.88000,312.72000,312.78699,43151
2026-08-07 13:32:00,312.77499,312.81,312.73999,312.79999,29641
2026-08-07 13:31:00,312.82001,312.82001,312.72000,312.76999,30110
2026-08-07 13:30:00,312.73999,312.83,312.735,312.81000,19251
2026-08-07 13:29:00,312.78000,312.82501,312.73999,312.73999,23370
2026-08-07 13:28:00,312.74500,312.83990,312.73999,312.78500,33270
2026-08-07 13:27:00,312.73001,312.76001,312.67,312.74500,39552
2026-08-07 13:26:00,312.77499,312.79001,312.70001,312.73001,35720
2026-08-07 13:25:00,312.82501,312.83,312.73001,312.76999,39310
2026-08-07 13:24:00,312.73999,312.90329,312.73999,312.82739,38613
2026-08-07 13:23:00,312.78769,312.8,312.72009,312.73801,48117
2026-08-07 13:22:00,312.73999,312.79501,312.72000,312.78000,32901
2026-08-07 13:21:00,312.72501,312.78000,312.65,312.73999,34005
2026-08-07 13:20:00,312.60999,312.75,312.60999,312.72009,31804
2026-08-07 13:19:00,312.59500,312.65500,312.54999,312.60229,26207
2026-08-07 13:18:00,312.43500,312.64001,312.39999,312.60999,79532
2026-08-07 13:17:00,312.40631,312.48001,312.355,312.43500,37136
2026-08-07 13:16:00,312.42999,312.44000,312.295,312.39999,32496
2026-08-07 13:15:00,312.47000,312.50500,312.39999,312.44000,28754
2026-08-07 13:14:00,312.39499,312.56000,312.375,312.47000,37360
2026-08-07 13:13:00,312.44000,312.46,312.39,312.39001,19750
2026-08-07 13:12:00,312.33499,312.43,312.31500,312.42999,116083
2026-08-07 13:11:00,312.35501,312.38000,312.3,312.32581,13658
2026-08-07 13:10:00,312.32501,312.41431,312.28000,312.35001,21729
2026-08-07 13:09:00,312.31000,312.41870,312.29001,312.34000,14670
2026-08-07 13:08:00,312.47000,312.47501,312.26,312.29001,41067
2026-08-07 13:07:00,312.44501,312.47501,312.39999,312.47501,37235
2026-08-07 13:06:00,312.42999,312.48001,312.37000,312.44000,30305
2026-08-07 13:05:00,312.42499,312.53,312.39001,312.44000,46782
2026-08-07 13:04:00,312.39001,312.48001,312.37000,312.42499,36818
2026-08-07 13:03:00,312.34500,312.41000,312.31500,312.37000,22199
2026-08-07 13:02:00,312.39499,312.41000,312.27,312.34000,32426
2026-08-07 13:01:00,312.35999,312.46500,312.34000,312.39001,40906
2026-08-07 13:00:00,312.22501,312.39999,312.17999,312.38000,31110
2026-08-07 12:59:00,312.26001,312.29001,312.195,312.22000,24706
2026-08-07 12:58:00,312.19501,312.29999,312.14,312.26001,20119
2026-08-07 12:57:00,312.20511,312.23499,312.125,312.19501,24309
2026-08-07 12:56:00,312.19501,312.25,312.14999,312.20630,33401
2026-08-07 12:55:00,312.21500,312.26,312.16,312.20999,21688
2026-08-07 12:54:00,312.25851,312.25851,312.16,312.22000,51445
2026-08-07 12:53:00,312.19000,312.3,312.18500,312.26050,20418
2026-08-07 12:52:00,312.24500,312.26999,312.12000,312.17999,35088
2026-08-07 12:51:00,312.26999,312.365,312.23001,312.25,34759
2026-08-07 12:50:00,312.35501,312.39001,312.26999,312.26999,34552
2026-08-07 12:49:00,312.40781,312.48001,312.32901,312.35999,47896
2026-08-07 12:48:00,312.35001,312.48901,312.32999,312.41501,51762
2026-08-07 12:47:00,312.22009,312.38239,312.22000,312.36499,36572
2026-08-07 12:46:00,312.16000,312.25,312.13000,312.23001,28841
2026-08-07 12:45:00,312.17999,312.23499,312.14,312.16501,33475
2026-08-07 12:44:00,312.10999,312.24,312.079987,312.17499,46783
2026-08-07 12:43:00,312.10001,312.15991,312.070007,312.084991,28183
2026-08-07 12:42:00,312.20999,312.26001,312.12000,312.12000,37363
2026-08-07 12:41:00,312.059998,312.23999,312.040009,312.23499,43477
2026-08-07 12:40:00,312.079987,312.12000,312.019989,312.049988,44787
2026-08-07 12:39:00,312,312.08,312,312.070007,27675
2026-08-07 12:38:00,312.079987,312.09,311.96011,312.010010,47944
2026-08-07 12:37:00,312.029907,312.095001,311.99500,312.059998,30332
2026-08-07 12:36:00,312.14001,312.14001,311.94000,312.010010,33754
2026-08-07 12:35:00,311.89999,312.16000,311.89499,312.14999,76588
2026-08-07 12:34:00,311.70511,311.89001,311.70001,311.89001,35230
2026-08-07 12:33:00,311.72000,311.73001,311.66000,311.70999,26138
2026-08-07 12:32:00,311.70499,311.74,311.63,311.70499,22937
2026-08-07 12:31:00,311.76901,311.79999,311.63,311.69000,42901
2026-08-07 12:30:00,311.69501,311.77499,311.61011,311.75,27566
2026-08-07 12:29:00,311.64999,311.69000,311.54001,311.69000,24754
2026-08-07 12:28:00,311.78000,311.82001,311.58081,311.66000,27749
2026-08-07 12:27:00,311.66000,311.81000,311.60999,311.77579,20874
2026-08-07 12:26:00,311.64001,311.73880,311.56000,311.63501,28985
2026-08-07 12:25:00,311.72720,311.75,311.56500,311.64001,46454
2026-08-07 12:24:00,311.77499,311.79999,311.70010,311.70010,24349
2026-08-07 12:23:00,311.72501,311.85001,311.71039,311.77380,33392
2026-08-07 12:22:00,311.77499,311.85001,311.70999,311.73001,32489
2026-08-07 12:21:00,311.79001,311.88501,311.76010,311.78000,51141
2026-08-07 12:20:00,311.85999,311.97,311.77451,311.79001,69017
2026-08-07 12:19:00,311.87000,311.9,311.78000,311.85001,54879
2026-08-07 12:18:00,311.85999,311.94,311.8,311.87000,44515
2026-08-07 12:17:00,311.82999,311.89999,311.79001,311.87000,50109
2026-08-07 12:16:00,311.84000,311.89999,311.79001,311.82990,44237
2026-08-07 12:15:00,311.82501,311.85999,311.76001,311.85999,35152
2026-08-07 12:14:00,311.73499,311.87000,311.70999,311.82089,39196
2026-08-07 12:13:00,311.57001,311.77,311.56000,311.73499,53638
2026-08-07 12:12:00,311.78000,311.78500,311.54999,311.57001,50441
2026-08-07 12:11:00,311.79999,311.82990,311.75,311.78000,39279
2026-08-07 12:10:00,311.75,311.83,311.68500,311.82001,45266
2026-08-07 12:09:00,311.75,311.78000,311.66000,311.75,53049
2026-08-07 12:08:00,312.088104,312.12000,311.67999,311.73999,120856
2026-08-07 12:07:00,312.13501,312.205,312.00030518,312.079987,51939
2026-08-07 12:06:00,312.23001,312.24500,312.10901,312.13062,46547
2026-08-07 12:05:00,312.42001,312.42001,312.20010,312.23001,37760
2026-08-07 12:04:00,312.26999,312.42999,312.25500,312.42001,36919
2026-08-07 12:03:00,312.28949,312.34000,312.22009,312.28000,37383
2026-08-07 12:02:00,312.23001,312.36,312.22501,312.29001,47899
2026-08-07 12:01:00,312.13501,312.35001,312.13000,312.22601,96954
2026-08-07 12:00:00,312.14001,312.20999,312.079987,312.13901,45970
2026-08-07 11:59:00,312.13501,312.22000,312.1,312.14999,44080
2026-08-07 11:58:00,312.040985,312.15500,312.040009,312.13501,44349
2026-08-07 11:57:00,312.23999,312.28000,312.040009,312.059998,41743
2026-08-07 11:56:00,312.21500,312.24771,312.17999,312.23001,32962
2026-08-07 11:55:00,312.31000,312.32999,312.16010,312.20999,34849
2026-08-07 11:54:00,312.17999,312.32800,312.089996,312.31000,38645
2026-08-07 11:53:00,312.16000,312.17001,312.049988,312.17001,280954
2026-08-07 11:52:00,312.059998,312.22000,312.049988,312.16000,61893
2026-08-07 11:51:00,312.14001,312.14001,312.01,312.059998,73143
2026-08-07 11:50:00,312.20999,312.3,312.10999,312.14001,49648
2026-08-07 11:49:00,312.26999,312.31000,312.17010,312.20999,49316
2026-08-07 11:48:00,312.26501,312.29001,312.14999,312.26501,47855
2026-08-07 11:47:00,312.34000,312.35989,312.16000,312.27499,96862
2026-08-07 11:46:00,312.47000,312.47000,312.32999,312.34000,60199
2026-08-07 11:45:00,312.60001,312.60001,312.45,312.48499,44820
2026-08-07 11:44:00,312.5,312.64001,312.45999,312.60001,33991
2026-08-07 11:43:00,312.5,312.57999,312.44000,312.49500,34847
2026-08-07 11:42:00,312.53000,312.59949,312.48999,312.48999,27999
2026-08-07 11:41:00,312.58499,312.63501,312.45990,312.53000,78013
2026-08-07 11:40:00,312.64999,312.69000,312.56000,312.59000,67686
2026-08-07 11:39:00,312.62000,312.73001,312.57999,312.64001,59049
2026-08-07 11:38:00,312.70001,312.71,312.51999,312.60999,62177
2026-08-07 11:37:00,312.78000,312.78000,312.66000,312.70999,42242
2026-08-07 11:36:00,312.51999,312.77499,312.48001,312.77499,50165
2026-08-07 11:35:00,312.50500,312.60489,312.45691,312.50500,65618
2026-08-07 11:34:00,312.72501,312.73001,312.42001,312.49500,106895
2026-08-07 11:33:00,312.94501,313.019989,312.70999,312.73999,49742
2026-08-07 11:32:00,313.21500,313.21500,312.88,312.95990,93110
2026-08-07 11:31:00,313.28000,313.28000,313.12000,313.21500,37089
2026-08-07 11:30:00,313.35999,313.42001,313.27499,313.28989,57274
2026-08-07 11:29:00,313.26001,313.38000,313.23999,313.35999,50023
2026-08-07 11:28:00,313.26999,313.32999,313.23499,313.28250,34627
2026-08-07 11:27:00,313.35001,313.39499,313.25,313.28000,38100
2026-08-07 11:26:00,313.25,313.39301,313.20999,313.38000,54606
2026-08-07 11:25:00,313.22000,313.28949,313.086700,313.26001,61595
2026-08-07 11:24:00,313.075012,313.24789,313,313.22000,62281
2026-08-07 11:23:00,313.10001,313.29001,313.070007,313.079987,58446
2026-08-07 11:22:00,313.17999,313.18,313.049988,313.10999,36941
2026-08-07 11:21:00,313.12000,313.19000,313.049988,313.17001,76170
2026-08-07 11:20:00,313.13000,313.27499,313.054993,313.095001,45687
2026-08-07 11:19:00,313.32001,313.34000,313.12390,313.13000,276332
2026-08-07 11:18:00,313.59000,313.59500,313.27499,313.32001,70102
2026-08-07 11:17:00,313.78000,313.79001,313.55011,313.60101,54196
2026-08-07 11:16:00,313.88000,313.92999,313.76,313.76999,51953
2026-08-07 11:15:00,313.93500,313.95,313.82999,313.88000,51232
2026-08-07 11:14:00,313.70999,313.94421,313.7,313.94421,27342
2026-08-07 11:13:00,313.75500,313.76001,313.54999,313.70499,47176
2026-08-07 11:12:00,313.79999,313.81000,313.64999,313.75,41451
2026-08-07 11:11:00,313.99500,314,313.78619,313.79999,27330
2026-08-07 11:10:00,313.81500,314.049988,313.80011,313.99500,42391
2026-08-07 11:09:00,313.94000,313.96,313.84000,313.84000,44890
2026-08-07 11:08:00,313.81000,313.98999,313.79501,313.95230,26940
2026-08-07 11:07:00,313.87000,313.875,313.78000,313.79999,36190
2026-08-07 11:06:00,314.089996,314.09,313.85999,313.88000,42119
2026-08-07 11:05:00,314.19000,314.23001,314.029999,314.075012,34324
2026-08-07 11:04:00,314.22000,314.29999,314.17999,314.19501,32715
2026-08-07 11:03:00,314.17499,314.23999,314.095001,314.22000,29018
2026-08-07 11:02:00,314.10001,314.18,314.029999,314.17001,28139
2026-08-07 11:01:00,314.17499,314.27,314.059998,314.089996,31791
2026-08-07 11:00:00,314.31000,314.35001,314.13501,314.17999,51514
2026-08-07 10:59:00,314.28000,314.38000,314.26001,314.31799,39853
2026-08-07 10:58:00,314.22000,314.37000,314.19,314.28500,31157
2026-08-07 10:57:00,314.34000,314.37991,314.16000,314.17999,32248
2026-08-07 10:56:00,314.13501,314.37000,314.089996,314.32999,61609
2026-08-07 10:55:00,313.89999,314.16000,313.84000,314.13501,633524
2026-08-07 10:54:00,313.99500,314.12000,313.76999,313.89999,48934
2026-08-07 10:53:00,313.95001,314.14001,313.91,313.99500,41409
2026-08-07 10:52:00,313.76501,313.95001,313.64999,313.95001,118026
2026-08-07 10:51:00,313.88000,313.92770,313.71671,313.75,82212
2026-08-07 10:50:00,314.065002,314.14001,313.82,313.88019,88680
2026-08-07 10:49:00,314.12000,314.14,314.019989,314.070007,44192
2026-08-07 10:48:00,314.16501,314.17001,314.05,314.12000,39046
2026-08-07 10:47:00,314.20499,314.23001,314.1,314.16501,37474
2026-08-07 10:46:00,314.15500,314.3,314.15500,314.25,47974
2026-08-07 10:45:00,314.24500,314.37,314.16000,314.16000,49156
2026-08-07 10:44:00,314.27689,314.38000,314.14001,314.28000,52198
2026-08-07 10:43:00,314.24500,314.32001,314.14999,314.26001,42780
2026-08-07 10:42:00,314.12000,314.29001,314.12000,314.23999,51696
2026-08-07 10:41:00,314.22000,314.23001,314.049988,314.10999,43454
2026-08-07 10:40:00,314.22000,314.27,314.15509,314.25,62571
2026-08-07 10:39:00,314.14001,314.29999,314.089996,314.20999,67943
2026-08-07 10:38:00,314.26001,314.35001,314.12531,314.14999,62541
2026-08-07 10:37:00,313.98999,314.29001,313.94,314.24500,58320
2026-08-07 10:36:00,314.17499,314.18,313.915,313.98499,85345
2026-08-07 10:35:00,314.26999,314.37000,314.12000,314.16501,72330
2026-08-07 10:34:00,314.12000,314.27,313.97,314.26001,73653
2026-08-07 10:33:00,314.78769,314.81000,314.079987,314.13000,108868
2026-08-07 10:32:00,314.63000,314.79001,314.60199,314.77499,164454
2026-08-07 10:31:00,314.10501,314.63000,314.09,314.63000,154016
2026-08-07 10:30:00,314.089996,314.14999,313.98999,314.10999,100599
2026-08-07 10:29:00,313.98999,314.13501,313.89011,314.079987,80982
2026-08-07 10:28:00,313.78000,314,313.70679,314,80931
2026-08-07 10:27:00,313.86499,313.89999,313.67001,313.76001,64820
2026-08-07 10:26:00,313.87241,313.95001,313.76999,313.85999,78516
2026-08-07 10:25:00,314.049988,314.089996,313.82999,313.87000,101094
2026-08-07 10:24:00,313.96500,314.10001,313.88010,314.040009,84434
2026-08-07 10:23:00,313.66501,314.080109,313.66000,313.95999,137711
2026-08-07 10:22:00,313.39001,313.66000,313.28149,313.66000,121705
2026-08-07 10:21:00,313.0050049,313.44000,313.0050049,313.44000,88781
2026-08-07 10:20:00,313.089996,313.20999,312.97021,313.0050049,68650
2026-08-07 10:19:00,312.70001,313.078003,312.70001,313.070007,123587
2026-08-07 10:18:00,312.54999,312.98001,312.47000,312.72000,102943
2026-08-07 10:17:00,312.23999,312.625,312.19000,312.57001,83561
2026-08-07 10:16:00,311.92999,312.28000,311.75,312.28000,89913
2026-08-07 10:15:00,312.14011,312.26999,311.84109,311.92999,77291
2026-08-07 10:14:00,312.20001,312.28,312.035004,312.14001,63443
2026-08-07 10:13:00,312.22501,312.38000,312.19000,312.20001,58419
2026-08-07 10:12:00,312.14499,312.31000,312.10999,312.22501,76577
2026-08-07 10:11:00,312.38989,312.43500,312.10999,312.14499,74832
2026-08-07 10:10:00,312.41000,312.45999,312.23499,312.39999,59681
2026-08-07 10:09:00,312.29999,312.58801,312.29501,312.42001,67435
2026-08-07 10:08:00,312.23001,312.38000,312.12070,312.31500,92724
2026-08-07 10:07:00,312.059998,312.25900,311.90051,312.23999,63081
2026-08-07 10:06:00,312.13010,312.35001,312.045013,312.059998,79599
2026-08-07 10:05:00,312.29501,312.44000,312.089996,312.17999,85285
2026-08-07 10:04:00,312.059998,312.33990,312.015,312.29001,89831
2026-08-07 10:03:00,311.84000,312.20801,311.81000,312.070007,100065
2026-08-07 10:02:00,311.89999,311.95999,311.67709,311.84561,71192
2026-08-07 10:01:00,312.060089,312.21799,311.80011,311.92999,92126
2026-08-07 10:00:00,311.69000,312.10999,311.64999,312.079987,95294
2026-08-07 09:59:00,311.79001,311.79001,311.48001,311.73499,98724
2026-08-07 09:58:00,311.62000,311.82001,311.54401,311.82001,52374
2026-08-07 09:57:00,311.76001,311.85001,311.62589,311.62589,44122
2026-08-07 09:56:00,311.87000,311.89999,311.64999,311.75500,55895
2026-08-07 09:55:00,311.75,312.079987,311.66571,311.86340,91308
2026-08-07 09:54:00,311.45001,311.8,311.4,311.79999,85807
2026-08-07 09:53:00,311.13000,311.54999,311.12000,311.44000,81607
2026-08-07 09:52:00,311.29001,311.29001,311.029999,311.10999,57688
2026-08-07 09:51:00,311.30771,311.32999,311.049988,311.28000,62203
2026-08-07 09:50:00,311.25,311.51501,311.20499,311.31000,260204
2026-08-07 09:49:00,311.41501,311.55499,311.14999,311.26001,81112
2026-08-07 09:48:00,312.019989,312.10001,311.37000,311.42001,73953
2026-08-07 09:47:00,312.14999,312.16501,311.81000,312.029999,108617
2026-08-07 09:46:00,311.80499,312.17810,311.75,312.15500,131781
2026-08-07 09:45:00,311.76999,312.1,311.71500,311.80499,125044
2026-08-07 09:44:00,311.70001,311.83591,311.25,311.78000,108423
2026-08-07 09:43:00,311.049988,311.73001,310.89999,311.70001,247164
2026-08-07 09:42:00,311.22000,311.22000,310.73999,311.059998,200689
2026-08-07 09:41:00,312.049988,312.049988,311.17499,311.22000,101791
2026-08-07 09:40:00,312.21500,312.31000,312.01,312.049988,98960
2026-08-07 09:39:00,312.61499,312.625,312.049988,312.22501,86988
2026-08-07 09:38:00,312.70001,312.89499,312.26559,312.59000,106374
2026-08-07 09:37:00,313.029999,313.059998,312.56000,312.70001,68436
2026-08-07 09:36:00,313.33740,313.37991,312.87000,313,111555
2026-08-07 09:35:00,313.22501,313.58990,313.029999,313.32999,164412
2026-08-07 09:34:00,313.20999,313.48001,313,313.20010,104475
2026-08-07 09:33:00,313.35001,313.5,312.84,313.17001,97847
2026-08-07 09:32:00,313.70999,313.72000,313.010010,313.29999,138335
2026-08-07 09:31:00,313.26999,313.81,312.43610,313.72000,233054
2026-08-07 09:30:00,312,313.45999,311.1,312.46500,1381798
2026-08-06 15:59:00,312.45499,312.63,312.34000,312.45001,644007
2026-08-06 15:58:00,312.51999,312.53000,312.4,312.45001,304332
2026-08-06 15:57:00,312.29999,312.64001,312.27,312.51999,207676
2026-08-06 15:56:00,312.31500,312.35999,312.23029,312.29001,140150
2026-08-06 15:55:00,312.42999,312.94000,312.32220,312.33011,201982
2026-08-06 15:54:00,312.42999,312.54999,312.32,312.42999,114208
2026-08-06 15:53:00,311.97000,312.54999,311.92,312.45001,177411
2026-08-06 15:52:00,311.87000,311.98001,311.78000,311.97000,133888
2026-08-06 15:51:00,312.070007,312.13000,311.85999,311.89001,110765
2026-08-06 15:50:00,312.41000,312.46500,311.81,312.070007,193493
2026-08-06 15:49:00,312.35501,312.54001,312.34,312.48001,70527
2026-08-06 15:48:00,312.35001,312.41000,312.23001,312.36499,62248
2026-08-06 15:47:00,312.51001,312.55499,312.30701,312.32999,89347
2026-08-06 15:46:00,312.67499,312.77,312.43500,312.51001,80035
2026-08-06 15:45:00,312.81000,312.83,312.54001,312.67499,97356
2026-08-06 15:44:00,312.73001,312.92999,312.73,312.79501,227408
2026-08-06 15:43:00,312.63501,312.75,312.59680,312.73499,82783
2026-08-06 15:42:00,312.60999,312.67001,312.56009,312.63010,40420
2026-08-06 15:41:00,312.69000,312.75,312.6,312.60010,63229
2026-08-06 15:40:00,312.63501,312.69000,312.56000,312.67999,75977
2026-08-06 15:39:00,312.67001,312.67999,312.60001,312.64001,41962
2026-08-06 15:38:00,312.67999,312.72000,312.64001,312.66000,49125
2026-08-06 15:37:00,312.70499,312.72000,312.63000,312.67999,72810
2026-08-06 15:36:00,312.78000,312.79999,312.69501,312.70499,94012
2026-08-06 15:35:00,312.72501,312.82910,312.70099,312.78000,114950
2026-08-06 15:34:00,312.66000,312.74,312.64001,312.73999,78969
2026-08-06 15:33:00,312.63501,312.69000,312.62000,312.67999,42418
2026-08-06 15:32:00,312.60999,312.70001,312.54999,312.64499,75096
2026-08-06 15:31:00,312.45010,312.64001,312.44000,312.59500,49357
2026-08-06 15:30:00,312.59000,312.62,312.39999,312.44000,60819
2026-08-06 15:29:00,312.53000,312.60999,312.48999,312.57999,66357
2026-08-06 15:28:00,312.69009,312.75,312.51001,312.53000,54480
2026-08-06 15:27:00,312.64001,312.71,312.59000,312.69501,39845
2026-08-06 15:26:00,312.64001,312.74951,312.62000,312.64511,45523
2026-08-06 15:25:00,312.60001,312.66000,312.45001,312.63010,45668
2026-08-06 15:24:00,312.67001,312.73001,312.60999,312.60999,68551
2026-08-06 15:23:00,312.73499,312.82001,312.62390,312.67999,63387
2026-08-06 15:22:00,312.57001,312.74,312.57001,312.73001,69925
2026-08-06 15:21:00,312.41501,312.60001,312.37000,312.56009,60292
2026-08-06 15:20:00,312.37000,312.49,312.35001,312.42001,53797
2026-08-06 15:19:00,312.25,312.38000,312.25,312.38000,695508
2026-08-06 15:18:00,312.22000,312.26999,312.16000,312.26001,40375
2026-08-06 15:17:00,312.22000,312.26501,312.14999,312.22000,34113
2026-08-06 15:16:00,312.31000,312.32001,312.19000,312.22501,39717
2026-08-06 15:15:00,312.41000,312.44,312.25,312.31000,34458
2026-08-06 15:14:00,312.42899,312.46500,312.34000,312.42999,49491
2026-08-06 15:13:00,312.34000,312.43500,312.32001,312.42499,46793
2026-08-06 15:12:00,312.32001,312.35999,312.26,312.35001,41494
2026-08-06 15:11:00,312.34000,312.37000,312.28,312.31091,31772
2026-08-06 15:10:00,312.39001,312.42001,312.32001,312.34500,37116
2026-08-06 15:09:00,312.39999,312.44000,312.37030,312.39001,37778
2026-08-06 15:08:00,312.41541,312.42,312.31000,312.39999,35034
2026-08-06 15:07:00,312.39499,312.49500,312.39499,312.41199,36487
2026-08-06 15:06:00,312.46500,312.5,312.38000,312.39011,43237
2026-08-06 15:05:00,312.35010,312.48999,312.29999,312.45999,56437
2026-08-06 15:04:00,312.23999,312.4,312.23001,312.35001,35600
2026-08-06 15:03:00,312.22000,312.3,312.2,312.23999,31275
2026-08-06 15:02:00,312.14771,312.26001,312.095,312.23001,40063
2026-08-06 15:01:00,312.18350,312.20499,312.11429,312.17001,39273
2026-08-06 15:00:00,312.26999,312.28,312.090088,312.19000,43418
2026-08-06 14:59:00,312.26010,312.34000,312.23001,312.26999,41821
2026-08-06 14:58:00,312.20099,312.27,312.20001,312.26001,34646
2026-08-06 14:57:00,312.19000,312.24,312.14999,312.19699,35995
2026-08-06 14:56:00,312.20001,312.26001,312.15500,312.19000,30871
2026-08-06 14:55:00,312.24100,312.26001,312.18500,312.19000,25474
2026-08-06 14:54:00,312.13501,312.28000,312.10999,312.23999,51873
2026-08-06 14:53:00,312.12000,312.14001,312.059998,312.13501,26715
2026-08-06 14:52:00,312.12000,312.16000,312.10501,312.12000,24002
2026-08-06 14:51:00,312.079987,312.16000,312.079987,312.125,27278
2026-08-06 14:50:00,312.13501,312.16000,312.036987,312.079987,38634
2026-08-06 14:49:00,312.079987,312.18,312.070007,312.13019,38337
2026-08-06 14:48:00,312.065002,312.13000,312.019989,312.089996,35894
2026-08-06 14:47:00,312.029999,312.089996,311.99020,312.065002,18263
2026-08-06 14:46:00,312.010010,312.070007,311.97021,312.035797,24455
2026-08-06 14:45:00,311.97501,312.019989,311.92230,312.010010,29214
2026-08-06 14:44:00,311.94800,311.99,311.89,311.98801,28870
2026-08-06 14:43:00,312.059998,312.070007,311.88000,311.95001,37734
2026-08-06 14:42:00,312.070007,312.10001,312.029999,312.059998,22733
2026-08-06 14:41:00,312.065002,312.14499,312.030090,312.079987,22972
2026-08-06 14:40:00,311.95499,312.079987,311.95,312.059998,39573
2026-08-06 14:39:00,311.95001,312.089996,311.95001,311.95001,34408
2026-08-06 14:38:00,312.079987,312.12,311.88000,311.94000,45373
2026-08-06 14:37:00,312.23001,312.24,312.079987,312.080109,39696
2026-08-06 14:36:00,312.34500,312.36,312.22000,312.23001,44739
2026-08-06 14:35:00,312.35001,312.4,312.26010,312.34500,25095
2026-08-06 14:34:00,312.37000,312.47000,312.32001,312.32501,43749
2026-08-06 14:33:00,312.42001,312.43011,312.34000,312.37000,26806
2026-08-06 14:32:00,312.35001,312.45001,312.34500,312.41000,36542
2026-08-06 14:31:00,312.24500,312.35999,312.19009,312.35001,48449
2026-08-06 14:30:00,312.24771,312.26001,312.19,312.24500,30213
2026-08-06 14:29:00,312.26999,312.31000,312.19,312.23999,28307
2026-08-06 14:28:00,312.41000,312.41000,312.27499,312.27499,38537
2026-08-06 14:27:00,312.29001,312.42001,312.29001,312.41000,47598
2026-08-06 14:26:00,312.22000,312.32999,312.22000,312.29501,38419
2026-08-06 14:25:00,312.17499,312.23001,312.14,312.22659,29147
2026-08-06 14:24:00,312.010010,312.17999,312,312.17499,31228
2026-08-06 14:23:00,312.049988,312.10999,311.98230,312.010010,31996
2026-08-06 14:22:00,312.14001,312.22000,312.029999,312.035004,38428
2026-08-06 14:21:00,312.075012,312.14001,312.030090,312.14001,34014
2026-08-06 14:20:00,311.97000,312.14001,311.95999,312.086792,34214
2026-08-06 14:19:00,311.98001,312.045013,311.93,311.95999,26434
2026-08-06 14:18:00,311.97000,312.079987,311.92001,311.98001,27104
2026-08-06 14:17:00,311.92001,312.037903,311.91,311.98001,34063
2026-08-06 14:16:00,311.98001,312.10999,311.79999,311.92999,149531
2026-08-06 14:15:00,311.98999,312.03,311.89999,311.97000,98314
2026-08-06 14:14:00,312.13000,312.15,311.98001,311.98999,46367
2026-08-06 14:13:00,312.14999,312.17001,312.090088,312.13351,23072
2026-08-06 14:12:00,312.17499,312.20001,312.14999,312.15009,30282
2026-08-06 14:11:00,312.10001,312.19000,312.079987,312.17999,38093
2026-08-06 14:10:00,312.045013,312.12000,312.010010,312.10501,39499
2026-08-06 14:09:00,312.19791,312.20499,312.04,312.040009,51128
2026-08-06 14:08:00,312.13000,312.22000,312.10999,312.19000,29259
2026-08-06 14:07:00,312.20001,312.25,312.10001,312.14001,41052
2026-08-06 14:06:00,312.065002,312.20001,312.065002,312.19000,48909
2026-08-06 14:05:00,312.19000,312.19000,312.029999,312.075012,43554
2026-08-06 14:04:00,312.17010,312.22000,312.10999,312.19989,45856
2026-08-06 14:03:00,312.14001,312.17999,312.079987,312.17499,38186
2026-08-06 14:02:00,312.010010,312.14001,312.000091553,312.13000,34320
2026-08-06 14:01:00,312.045013,312.070007,311.98001,312.010010,50101
2026-08-06 14:00:00,312.17999,312.21,312.032288,312.059998,71431
2026-08-06 13:59:00,312.045013,312.17999,312.029999,312.16000,53387
2026-08-06 13:58:00,311.94009,312.059906,311.89999,312.040009,64162
2026-08-06 13:57:00,311.94000,311.95999,311.87100,311.94000,22168
2026-08-06 13:56:00,311.95001,311.98001,311.89001,311.92999,38814
2026-08-06 13:55:00,311.94000,311.97000,311.88199,311.95001,53806
2026-08-06 13:54:00,311.85999,311.95001,311.85010,311.92999,42827
2026-08-06 13:53:00,311.85001,311.91580,311.81000,311.85999,52135
2026-08-06 13:52:00,311.67001,311.84000,311.64001,311.82501,57289
2026-08-06 13:51:00,311.59000,311.69501,311.58499,311.67001,42503
2026-08-06 13:50:00,311.54001,311.60001,311.53000,311.59000,28787
2026-08-06 13:49:00,311.45999,311.54999,311.45999,311.54001,30519
2026-08-06 13:48:00,311.53000,311.56,311.45029,311.46439,31085
2026-08-06 13:47:00,311.53500,311.57001,311.47000,311.53500,29965
2026-08-06 13:46:00,311.47501,311.57999,311.46899,311.54001,33615
2026-08-06 13:45:00,311.56009,311.56009,311.47000,311.48001,34194
2026-08-06 13:44:00,311.5,311.57001,311.47,311.57001,31142
2026-08-06 13:43:00,311.45999,311.515,311.45001,311.48999,21858
2026-08-06 13:42:00,311.42999,311.49301,311.42,311.46231,23536
2026-08-06 13:41:00,311.41000,311.54001,311.39001,311.42001,36411
2026-08-06 13:40:00,311.39499,311.42001,311.32999,311.40500,35957
2026-08-06 13:39:00,311.41000,311.44989,311.38,311.39999,33272
2026-08-06 13:38:00,311.35001,311.42300,311.32919,311.41000,37168
2026-08-06 13:37:00,311.39999,311.43,311.32999,311.35501,35598
2026-08-06 13:36:00,311.32999,311.39999,311.32999,311.38989,23128
2026-08-06 13:35:00,311.39499,311.44000,311.29010,311.32571,39324
2026-08-06 13:34:00,311.35989,311.42999,311.32040,311.39401,52179
2026-08-06 13:33:00,311.37579,311.40991,311.32001,311.35501,32006
2026-08-06 13:32:00,311.24301,311.42001,311.23001,311.39990,58116
2026-08-06 13:31:00,311.20001,311.25,311.19000,311.24500,26030
2026-08-06 13:30:00,311.20999,311.25,311.18011,311.19501,30999
2026-08-06 13:29:00,311.19000,311.24,311.079987,311.20059,54923
2026-08-06 13:28:00,311.19000,311.20001,311.17499,311.19901,21708
2026-08-06 13:27:00,311.14990,311.20779,311.11499,311.19501,27659
2026-08-06 13:26:00,311.16501,311.20001,311.10999,311.14001,28267
2026-08-06 13:25:00,311.23001,311.23001,311.10999,311.16000,49956
2026-08-06 13:24:00,311.10999,311.25,311.07,311.24500,30556
2026-08-06 13:23:00,311.089996,311.12000,311.062408,311.10199,28432
2026-08-06 13:22:00,311.089996,311.17001,311.040009,311.10001,29456
2026-08-06 13:21:00,311.14999,311.23999,311.089996,311.10501,179458
2026-08-06 13:20:00,311.11499,311.14001,311.04,311.13501,28282
2026-08-06 13:19:00,311.089996,311.18549,311.065002,311.10999,45332
2026-08-06 13:18:00,311.13000,311.20001,311.049988,311.10001,42803
2026-08-06 13:17:00,311.070007,311.19559,311.07,311.13000,34653
2026-08-06 13:16:00,311.031006,311.11499,310.97,311.079987,43308
2026-08-06 13:15:00,310.89001,311.059998,310.88501,311.035004,56049
2026-08-06 13:14:00,310.78000,310.89999,310.73,310.88501,38965
2026-08-06 13:13:00,310.89499,310.91000,310.76001,310.78000,61906
2026-08-06 13:12:00,310.85999,310.92001,310.83,310.89499,27767
2026-08-06 13:11:00,310.78000,310.89001,310.76001,310.85999,61200
2026-08-06 13:10:00,310.73001,310.88419,310.73001,310.78989,1047059
2026-08-06 13:09:00,310.89999,310.91989,310.70999,310.72070,61501
2026-08-06 13:08:00,311.19000,311.205,310.88000,310.89999,103655
2026-08-06 13:07:00,311.32501,311.32901,311.16000,311.19000,90425
2026-08-06 13:06:00,311.42999,311.45001,311.29001,311.32501,65878
2026-08-06 13:05:00,311.50989,311.56000,311.42999,311.43649,32570
2026-08-06 13:04:00,311.56000,311.56000,311.43079,311.48999,45827
2026-08-06 13:03:00,311.60999,311.64999,311.56000,311.57770,26047
2026-08-06 13:02:00,311.67999,311.69000,311.58499,311.60999,29921
2026-08-06 13:01:00,311.70001,311.76001,311.62000,311.67001,26088
2026-08-06 13:00:00,311.64999,311.76,311.64999,311.72000,36251
2026-08-06 12:59:00,311.56000,311.73001,311.56000,311.66000,28494
2026-08-06 12:58:00,311.64999,311.64999,311.45999,311.54501,42310
2026-08-06 12:57:00,311.73990,311.75,311.62000,311.63501,41321
2026-08-06 12:56:00,311.60999,311.76001,311.60999,311.73001,56769
2026-08-06 12:55:00,311.52411,311.69000,311.51999,311.60999,46324
2026-08-06 12:54:00,311.45999,311.54,311.39999,311.53000,38063
2026-08-06 12:53:00,311.42001,311.45001,311.35999,311.45001,31396
2026-08-06 12:52:00,311.47000,311.47000,311.39,311.41501,23988
2026-08-06 12:51:00,311.33499,311.48999,311.33499,311.47000,44409
2026-08-06 12:50:00,311.50500,311.51010,311.33499,311.34000,29275
2026-08-06 12:49:00,311.44000,311.56000,311.43011,311.51999,62756
2026-08-06 12:48:00,311.38501,311.49,311.35001,311.43109,31921
2026-08-06 12:47:00,311.35999,311.42001,311.34009,311.38501,33547
2026-08-06 12:46:00,311.29001,311.39001,311.28000,311.34500,28589
2026-08-06 12:45:00,311.36499,311.42999,311.29999,311.30499,44803
2026-08-06 12:44:00,311.33069,311.37,311.26001,311.35999,41353
2026-08-06 12:43:00,311.37000,311.42001,311.26,311.35001,60011
2026-08-06 12:42:00,311.51001,311.53,311.34000,311.37000,36046
2026-08-06 12:41:00,311.52499,311.57999,311.42999,311.51999,44689
2026-08-06 12:40:00,311.62000,311.63000,311.5,311.5,39876
2026-08-06 12:39:00,311.63000,311.64001,311.51999,311.62000,45711
2026-08-06 12:38:00,311.56000,311.66000,311.56000,311.64001,39030
2026-08-06 12:37:00,311.61499,311.67001,311.51999,311.55499,53099
2026-08-06 12:36:00,311.44000,311.64581,311.39,311.61499,56320
2026-08-06 12:35:00,311.39001,311.52,311.34000,311.43500,60463
2026-08-06 12:34:00,311.26999,311.41989,311.26,311.38239,35356
2026-08-06 12:33:00,311.25,311.34,311.22,311.26999,55487
2026-08-06 12:32:00,311.23001,311.34619,311.20001,311.28000,44883
2026-08-06 12:31:00,311.17001,311.29001,311.12000,311.23999,46795
2026-08-06 12:30:00,311.16000,311.28000,311.16000,311.17999,49438
2026-08-06 12:29:00,311.125,311.22021,311.09,311.15701,50525
2026-08-06 12:28:00,311.16501,311.26001,311.11301,311.12000,63199
2026-08-06 12:27:00,310.84100,311.17999,310.84100,311.16501,62522
2026-08-06 12:26:00,310.85001,310.88000,310.73,310.85001,43356
2026-08-06 12:25:00,310.94000,310.96991,310.84000,310.85501,54461
2026-08-06 12:24:00,311.029999,311.040985,310.86499,310.95999,63013
2026-08-06 12:23:00,310.78000,311.049988,310.74060,311.029999,62993
2026-08-06 12:22:00,310.58499,310.79999,310.57001,310.78421,64330
2026-08-06 12:21:00,310.64999,310.69000,310.54,310.57999,50936
2026-08-06 12:20:00,310.5,310.67001,310.43500,310.65991,77738
2026-08-06 12:19:00,310.37991,310.49991,310.29019,310.49991,45148
2026-08-06 12:18:00,310.19000,310.4,310.19000,310.37000,70075
2026-08-06 12:17:00,310.079987,310.21,309.97000,310.18091,45553
2026-08-06 12:16:00,309.87000,310.14999,309.84,310.079987,64450
2026-08-06 12:15:00,309.98001,310.019989,309.79999,309.85501,44209
2026-08-06 12:14:00,309.84000,310.079987,309.84000,309.98001,53595
2026-08-06 12:13:00,309.85001,309.88000,309.79001,309.81500,27076
2026-08-06 12:12:00,309.82001,309.89001,309.70001,309.85989,38904
2026-08-06 12:11:00,309.95001,309.95001,309.82001,309.82001,46165
2026-08-06 12:10:00,309.89001,309.95999,309.84000,309.94000,38203
2026-08-06 12:09:00,309.82999,309.96991,309.73999,309.89001,57153
2026-08-06 12:08:00,309.31000,309.85999,309.28500,309.83011,94647
2026-08-06 12:07:00,309.32001,309.44000,309.25,309.29999,89587
2026-08-06 12:06:00,309.88000,309.89001,309.265,309.31949,138379
2026-08-06 12:05:00,309.95001,309.95691,309.85,309.87000,40433
2026-08-06 12:04:00,309.85001,309.96,309.82999,309.94501,48616
2026-08-06 12:03:00,309.73999,309.88000,309.70999,309.86499,51237
2026-08-06 12:02:00,309.64951,309.73999,309.63000,309.73001,53451
2026-08-06 12:01:00,309.63989,309.68,309.54999,309.64999,43607
2026-08-06 12:00:00,309.53000,309.66989,309.42999,309.64001,49975
2026-08-06 11:59:00,309.5,309.57001,309.44000,309.54001,77753
2026-08-06 11:58:00,309.37000,309.54001,309.31000,309.49100,74348
2026-08-06 11:57:00,309.57999,309.58420,309.23001,309.37000,98721
2026-08-06 11:56:00,309.73999,309.75,309.54999,309.57001,74587
2026-08-06 11:55:00,309.87000,309.93900,309.70001,309.75,49690
2026-08-06 11:54:00,309.81891,309.95001,309.76,309.87000,42609
2026-08-06 11:53:00,309.82001,309.92,309.79999,309.81500,46131
2026-08-06 11:52:00,310.049988,310.08,309.76999,309.81000,56186
2026-08-06 11:51:00,310.23230,310.25,310.019989,310.035004,47026
2026-08-06 11:50:00,310.035797,310.25,310.03,310.20001,59440
2026-08-06 11:49:00,309.82999,310.070007,309.81000,310.045013,48231
2026-08-06 11:48:00,309.85001,309.92999,309.76999,309.82001,48046
2026-08-06 11:47:00,309.89001,309.89001,309.72000,309.85999,58757
2026-08-06 11:46:00,309.76001,309.98999,309.76001,309.88000,52048
2026-08-06 11:45:00,310.075012,310.14999,309.72229,309.75870,119184
2026-08-06 11:44:00,310.070007,310.14609,309.95999,310.070007,54161
2026-08-06 11:43:00,310.17560,310.27,310.054993,310.10001,41105
2026-08-06 11:42:00,310.20999,310.26999,309.98001,310.17001,125404
2026-08-06 11:41:00,310.25769,310.31,310.175,310.22501,34646
2026-08-06 11:40:00,310.17999,310.28000,310.13000,310.25,40473
2026-08-06 11:39:00,310.26001,310.32001,310.19000,310.20001,55869
2026-08-06 11:38:00,310.375,310.39001,310.12000,310.23999,60495
2026-08-06 11:37:00,310.23999,310.41000,310.18500,310.39001,61925
2026-08-06 11:36:00,310.17130,310.23001,310.075012,310.22000,55931
2026-08-06 11:35:00,310.20001,310.23001,310.10001,310.18420,66515
2026-08-06 11:34:00,310.29001,310.37000,310.2,310.21500,57283
2026-08-06 11:33:00,310.059998,310.35001,310.022888,310.29001,71210
2026-08-06 11:32:00,310.29501,310.29999,310.010010,310.059998,80609
2026-08-06 11:31:00,309.81000,310.35001,309.79999,310.29999,161212
2026-08-06 11:30:00,310.10501,310.14099,309.79001,309.80499,121412
2026-08-06 11:29:00,310.022308,310.16422,309.89499,310.10001,92897
2026-08-06 11:28:00,309.91000,310.059998,309.82001,310.040009,102962
2026-08-06 11:27:00,310.010010,310.040009,309.82849,309.91000,100153
2026-08-06 11:26:00,309.97620,310.059998,309.87000,310.010010,96849
2026-08-06 11:25:00,310.029999,310.11200,309.70999,309.95001,119233
2026-08-06 11:24:00,310.17001,310.29001,310,310.040009,83410
2026-08-06 11:23:00,309.79501,310.23001,309.76999,310.16501,160473
2026-08-06 11:22:00,310.010010,310.040009,309.66,309.79501,241602
2026-08-06 11:21:00,310.51501,310.52,310.029999,310.029999,126341
2026-08-06 11:20:00,310.72501,310.77011,310.5,310.51501,111685
2026-08-06 11:19:00,311.43500,311.48001,310.72000,310.72501,220824
2026-08-06 11:18:00,311.67999,311.77991,311.39499,311.43649,88803
2026-08-06 11:17:00,311.79999,311.81000,311.59000,311.67001,79767
2026-08-06 11:16:00,312.049988,312.059998,311.79999,311.79999,103818
2026-08-06 11:15:00,312.22000,312.26999,312.045013,312.060913,61287
2026-08-06 11:14:00,312.079987,312.31,312.0050049,312.15289,203956
2026-08-06 11:13:00,312.40201,312.49,312.019989,312.075012,81725
2026-08-06 11:12:00,312.51001,312.56000,312.35001,312.41000,62235
2026-08-06 11:11:00,312.54999,312.62979,312.5,312.51950,44681
2026-08-06 11:10:00,312.63501,312.66000,312.54999,312.57001,53934
2026-08-06 11:09:00,312.67001,312.73990,312.52011,312.63950,37261
2026-08-06 11:08:00,312.48999,312.67999,312.42999,312.66501,66046
2026-08-06 11:07:00,312.51001,312.59,312.42,312.48001,44889
2026-08-06 11:06:00,312.56000,312.64001,312.45001,312.51501,65474
2026-08-06 11:05:00,312.79001,312.82,312.56000,312.56000,86714
2026-08-06 11:04:00,312.88000,312.92001,312.60999,312.82001,68469
2026-08-06 11:03:00,312.51001,312.95001,312.47000,312.89001,70911
2026-08-06 11:02:00,312.83499,312.86,312.38,312.51001,118756
2026-08-06 11:01:00,313.20001,313.23499,312.76251,312.84000,61328
2026-08-06 11:00:00,313.35999,313.36990,313.17999,313.20999,50364
2026-08-06 10:59:00,313.34000,313.39999,313.23999,313.34360,46156
2026-08-06 10:58:00,313.20001,313.35950,313.16000,313.34000,55201
2026-08-06 10:57:00,313.059998,313.26001,313,313.20001,67122
2026-08-06 10:56:00,313.53000,313.53000,313.040009,313.040009,107439
2026-08-06 10:55:00,313.32501,313.64001,313.32501,313.52499,95184
2026-08-06 10:54:00,313.19000,313.57001,313.19000,313.32001,103677
2026-08-06 10:53:00,313.16501,313.42001,313.10001,313.19501,115992
2026-08-06 10:52:00,313.040009,313.18,312.94000,313.17999,93238
2026-08-06 10:51:00,312.84000,313.08,312.76859,313.049988,79299
2026-08-06 10:50:00,312.82999,312.95001,312.72,312.80759,75484
2026-08-06 10:49:00,312.82999,312.92,312.25,312.82379,132888
2026-08-06 10:48:00,312.64001,312.89999,312.5,312.81769,62747
2026-08-06 10:47:00,313.38000,313.39499,312.63000,312.63000,107196
2026-08-06 10:46:00,312.75009,313.43991,312.67999,313.37991,125356
2026-08-06 10:45:00,312.42499,312.79001,312.28000,312.76001,82302
2026-08-06 10:44:00,312.42001,312.51001,312.38,312.42499,60547
2026-08-06 10:43:00,312.46600,312.54999,312.32001,312.38501,74035
2026-08-06 10:42:00,312.31000,312.49219,312.27,312.45999,55518
2026-08-06 10:41:00,312.17889,312.34991,312.044312,312.34991,63068
2026-08-06 10:40:00,312.11499,312.31000,312.010010,312.17499,69069
2026-08-06 10:39:00,312.049988,312.15991,311.78009,312.13501,116103
2026-08-06 10:38:00,312.16501,312.38000,311.87000,312.032806,204330
2026-08-06 10:37:00,312.39001,312.53000,312.13220,312.16000,124215
2026-08-06 10:36:00,312.46500,312.59,312.20200,312.39499,108350
2026-08-06 10:35:00,312.90500,312.93,312.36099,312.45001,73058
2026-08-06 10:34:00,312.5,313.29001,312.45999,312.86011,132368
2026-08-06 10:33:00,312.73981,312.76901,312.38010,312.54001,114106
2026-08-06 10:32:00,312.91000,313.028290,312.70999,312.72501,106434
2026-08-06 10:31:00,312.72400,312.92999,312.66000,312.89999,93763
2026-08-06 10:30:00,312.79999,312.85001,312.62000,312.71011,87076
2026-08-06 10:29:00,312.57501,312.89001,312.57501,312.84000,89994
2026-08-06 10:28:00,312.72000,312.73001,312.43201,312.57001,100907
2026-08-06 10:27:00,312.31500,312.78500,312.28000,312.70999,105447
2026-08-06 10:26:00,312.48001,312.53000,312.29999,312.30591,104846
2026-08-06 10:25:00,312.38501,312.66000,312.25,312.45001,138827
2026-08-06 10:24:00,312.54999,312.57999,312.12000,312.39999,151892
2026-08-06 10:23:00,312.59000,312.66000,312.45001,312.51999,118889
2026-08-06 10:22:00,312.25,312.70001,312.25,312.60501,115474
2026-08-06 10:21:00,312.35001,312.44000,312.22000,312.23999,176618
2026-08-06 10:20:00,312.59000,312.67990,312.35001,312.35101,98789
2026-08-06 10:19:00,312.66000,312.83,312.49011,312.57999,117292
2026-08-06 10:18:00,312.60999,312.89001,312.41000,312.70001,109914
2026-08-06 10:17:00,312.66000,312.73001,312.44,312.65701,140966
2026-08-06 10:16:00,313.040009,313.08,312.5,312.64001,175940
2026-08-06 10:15:00,313.32001,313.455,313,313.059998,390178
2026-08-06 10:14:00,313.20679,313.48999,313.12000,313.31781,150744
2026-08-06 10:13:00,313.27499,313.33,312.70001,313.20001,169837
2026-08-06 10:12:00,313.56500,313.64999,313.20010,313.26001,137736
2026-08-06 10:11:00,313.69501,313.69501,313.45001,313.56000,120635
2026-08-06 10:10:00,313.65500,313.76001,313.53500,313.67560,131761
2026-08-06 10:09:00,314.19000,314.19000,313.60001,313.64001,170956
2026-08-06 10:08:00,314.39001,314.4,314.019989,314.20999,92625
2026-08-06 10:07:00,314.52399,314.72000,314.35999,314.39780,83208
2026-08-06 10:06:00,314.30499,314.62000,314.29010,314.5,99037
2026-08-06 10:05:00,314.79999,314.79999,314.17001,314.30499,109492
2026-08-06 10:04:00,314.57999,314.93,314.51999,314.78448,77380
2026-08-06 10:03:00,314.85999,314.85999,314.32999,314.59000,139714
2026-08-06 10:02:00,315.10580,315.12000,314.73999,314.88950,117357
2026-08-06 10:01:00,315.14001,315.19000,314.85999,315.12000,91178
2026-08-06 10:00:00,314.79999,315.16000,314.67999,315.14001,114371
2026-08-06 09:59:00,315.48001,315.50781,314.76999,314.76999,280718
2026-08-06 09:58:00,315.76001,315.78311,315.31009,315.47000,99545
2026-08-06 09:57:00,316.23999,316.24991,315.51,315.76001,132180
2026-08-06 09:56:00,315.93051,316.23001,315.70221,316.23001,123839
2026-08-06 09:55:00,316,316.28940,315.85001,315.95999,208703
2026-08-06 09:54:00,315.75,316.059998,315.70999,316.010010,188837
2026-08-06 09:53:00,315.59000,315.8,315.43500,315.74500,165971
2026-08-06 09:52:00,315.20001,315.64001,315.19009,315.61499,111306
2026-08-06 09:51:00,315.50500,315.67001,315.049988,315.19501,147473
2026-08-06 09:50:00,315.51999,315.84991,315.35999,315.53000,117659
2026-08-06 09:49:00,315.45099,315.92499,315.45099,315.48999,158052
2026-08-06 09:48:00,315.79001,315.91000,315.26999,315.42801,179010
2026-08-06 09:47:00,315.73999,315.97000,315.39001,315.75,171241
2026-08-06 09:46:00,315.50201,315.85001,315.47000,315.73001,135737
2026-08-06 09:45:00,314.70010,315.57999,314.56000,315.49500,177389
2026-08-06 09:44:00,314.96500,315.045013,314.57999,314.76999,135908
2026-08-06 09:43:00,314.30551,315.15,314.22009,314.98001,184479
2026-08-06 09:42:00,313.97000,314.54501,313.97000,314.31000,129255
2026-08-06 09:41:00,314.084991,314.17999,313.85999,313.97000,91848
2026-08-06 09:40:00,313.92380,314.17001,313.84000,314.084991,115964
2026-08-06 09:39:00,314.14499,314.63000,313.88000,313.94000,141144
2026-08-06 09:38:00,313.57001,314.29999,313.51501,314.23999,147192
2026-08-06 09:37:00,313.94000,314.035004,313.56000,313.57001,116766
2026-08-06 09:36:00,314.32999,314.35989,313.48999,313.91000,261803
2026-08-06 09:35:00,314.42001,314.94,314.19000,314.36371,162959
2026-08-06 09:34:00,314.55701,314.72000,313.73010,314.42999,298815
2026-08-06 09:33:00,315.18500,315.77499,314.57001,314.69000,262739
2026-08-06 09:32:00,315.73999,315.85001,314.82,315.21680,252619
2026-08-06 09:31:00,314.67999,315.75,314.019989,315.73001,206049
2026-08-06 09:30:00,314.34000,316.13000,314.20999,314.67999,1639773
2026-08-05 15:59:00,311.42499,311.425,310.755,310.92001,1290103
2026-08-05 15:58:00,311.37000,311.42249,311.17999,311.42001,640688
2026-08-05 15:57:00,310.92999,311.38000,310.89999,311.375,494966
2026-08-05 15:56:00,311.33499,311.41000,310.92999,310.92999,409324
2026-08-05 15:55:00,310.92999,311.555,310.91000,311.33249,468913
2026-08-05 15:54:00,310.64999,310.92999,310.56000,310.92999,328665
2026-08-05 15:53:00,310.60999,310.72000,310.55042,310.67999,214014
2026-08-05 15:52:00,310.57001,310.63000,310.5,310.60001,160142
2026-08-05 15:51:00,310.47000,310.62,310.45,310.57999,169073
2026-08-05 15:50:00,310.14001,310.47000,310.14001,310.45999,234682
2026-08-05 15:49:00,309.98001,310.12000,309.81,310.12000,89129
2026-08-05 15:48:00,310.13000,310.14,309.94000,309.97000,83242
2026-08-05 15:47:00,310.020813,310.22501,310.010101,310.14999,99621
2026-08-05 15:46:00,310.049988,310.079987,309.95831,310.019989,98123
2026-08-05 15:45:00,309.92001,310.14319,309.92,310.049988,128350
2026-08-05 15:44:00,309.73001,309.97000,309.73001,309.90500,61119
2026-08-05 15:43:00,309.67499,309.79999,309.635,309.75,76835
2026-08-05 15:42:00,309.56000,309.68,309.54001,309.67001,79977
2026-08-05 15:41:00,309.70010,309.73001,309.51999,309.54999,77308
2026-08-05 15:40:00,309.67999,309.71,309.57,309.70001,72852
2026-08-05 15:39:00,309.58011,309.68,309.51999,309.67999,79801
2026-08-05 15:38:00,309.42001,309.64001,309.39001,309.59000,58642
2026-08-05 15:37:00,309.70001,309.71909,309.42001,309.42001,96713
2026-08-05 15:36:00,309.89999,309.90500,309.66000,309.69000,81847
2026-08-05 15:35:00,309.98001,309.98001,309.85001,309.89499,78971
2026-08-05 15:34:00,309.95001,310.059998,309.92999,309.98999,55612
2026-08-05 15:33:00,309.94501,310.010010,309.89999,309.95499,67411
2026-08-05 15:32:00,309.98999,310.059998,309.915,309.92999,111247
2026-08-05 15:31:00,309.89450,310,309.79999,309.99100,93542
2026-08-05 15:30:00,309.60999,309.89499,309.57999,309.88000,125867
2026-08-05 15:29:00,309.71500,309.79001,309.61499,309.62009,114458
2026-08-05 15:28:00,309.76999,309.77499,309.67,309.70999,84923
2026-08-05 15:27:00,309.81000,309.85001,309.73999,309.78500,74828
2026-08-05 15:26:00,309.81000,309.87900,309.79999,309.81500,70062
2026-08-05 15:25:00,309.85999,309.87000,309.74,309.81000,85801
2026-08-05 15:24:00,309.63000,309.87,309.63000,309.85999,98204
2026-08-05 15:23:00,309.14999,309.64001,309.14999,309.64001,111358
2026-08-05 15:22:00,309.079987,309.25,309.070007,309.15500,46502
2026-08-05 15:21:00,309.065002,309.13000,308.98001,309.089996,47337
2026-08-05 15:20:00,308.99500,309.08,308.95,309.065002,36875
2026-08-05 15:19:00,309.0050049,309.035095,308.96,309,39293
2026-08-05 15:18:00,309,309.029999,308.92999,309,36278
2026-08-05 15:17:00,309.049988,309.075,309,309,36501
2026-08-05 15:16:00,309.040009,309.079102,309.019989,309.054993,36233
2026-08-05 15:15:00,308.91501,309.04,308.91501,309.029999,38307
2026-08-05 15:14:00,308.85001,308.95001,308.84000,308.91000,47004
2026-08-05 15:13:00,308.89499,308.925,308.83499,308.85001,36144
2026-08-05 15:12:00,308.97000,308.99500,308.85999,308.89499,53026
2026-08-05 15:11:00,309.015015,309.02,308.94,308.97000,246850
2026-08-05 15:10:00,309.035004,309.040009,308.95999,309.019989,246935
2026-08-05 15:09:00,309.010010,309.05,309,309.035004,34783
2026-08-05 15:08:00,309.059998,309.079010,308.97000,309.0050049,37930
2026-08-05 15:07:00,309.010010,309.14001,308.98999,309.049988,50127
2026-08-05 15:06:00,308.87000,309.059998,308.87000,309.0050049,60500
2026-08-05 15:05:00,308.77231,308.94000,308.70999,308.87000,42410
2026-08-05 15:04:00,308.76999,308.79501,308.70001,308.76999,44529
2026-08-05 15:03:00,308.85001,308.88000,308.70059,308.76501,35866
2026-08-05 15:02:00,308.95999,308.98001,308.87000,308.87000,28402
2026-08-05 15:01:00,308.98999,309.079987,308.94000,308.94000,47853
2026-08-05 15:00:00,308.95001,309.010010,308.85001,309,44243
2026-08-05 14:59:00,308.93100,308.97000,308.79999,308.95999,46563
2026-08-05 14:58:00,308.97000,308.98001,308.88000,308.94000,34891
2026-08-05 14:57:00,309.065002,309.065002,308.92429,308.97501,40632
2026-08-05 14:56:00,309.010010,309.059998,308.94000,309.059998,29796
2026-08-05 14:55:00,309.040009,309.089996,308.96,309.000091553,40968
2026-08-05 14:54:00,308.98001,309.12000,308.95,309.035492,60556
2026-08-05 14:53:00,308.79001,308.98999,308.785,308.98999,38105
2026-08-05 14:52:00,308.76999,308.86499,308.76,308.79999,28638
2026-08-05 14:51:00,308.80499,308.87000,308.76001,308.78000,40605
2026-08-05 14:50:00,308.70001,308.82999,308.65240,308.80499,41961
2026-08-05 14:49:00,308.65500,308.73001,308.64999,308.69101,27962
2026-08-05 14:48:00,308.51270,308.73999,308.5,308.64999,47348
2026-08-05 14:47:00,308.56500,308.57001,308.48,308.51001,41724
2026-08-05 14:46:00,308.66000,308.68500,308.52390,308.56500,39760
2026-08-05 14:45:00,308.625,308.71,308.625,308.66000,44290
2026-08-05 14:44:00,308.53000,308.63000,308.51001,308.63000,41813
2026-08-05 14:43:00,308.70001,308.70999,308.51001,308.53000,50821
2026-08-05 14:42:00,308.68500,308.73999,308.64999,308.70001,60826
2026-08-05 14:41:00,308.60001,308.70001,308.54999,308.69000,54107
2026-08-05 14:40:00,308.45999,308.67001,308.42,308.59000,50482
2026-08-05 14:39:00,308.43649,308.46,308.39,308.44989,35685
2026-08-05 14:38:00,308.39999,308.46500,308.31009,308.44000,37156
2026-08-05 14:37:00,308.43500,308.45001,308.35999,308.40500,35889
2026-08-05 14:36:00,308.42001,308.45001,308.35172,308.44000,40924
2026-08-05 14:35:00,308.32001,308.49500,308.32001,308.42001,72065
2026-08-05 14:34:00,308.25500,308.35001,308.23999,308.32001,43857
2026-08-05 14:33:00,308.17999,308.29999,308.17,308.25500,736813
2026-08-05 14:32:00,308.20499,308.26001,308.12000,308.17999,46984
2026-08-05 14:31:00,308.084991,308.23999,308.084991,308.20999,52367
2026-08-05 14:30:00,308.20920,308.29001,308.089996,308.089996,73587
2026-08-05 14:29:00,308.15009,308.20999,308.079987,308.19009,60561
2026-08-05 14:28:00,308.29001,308.32001,308.14001,308.16000,87285
2026-08-05 14:27:00,308.40500,308.41000,308.26,308.29001,50723
2026-08-05 14:26:00,308.42001,308.42001,308.34000,308.41000,38758
2026-08-05 14:25:00,308.34509,308.42999,308.32001,308.42499,55569
2026-08-05 14:24:00,308.39999,308.41000,308.315,308.34500,48912
2026-08-05 14:23:00,308.45499,308.57999,308.35,308.41000,44765
2026-08-05 14:22:00,308.54501,308.54501,308.45,308.45499,61818
2026-08-05 14:21:00,308.56000,308.575,308.5,308.54001,23445
2026-08-05 14:20:00,308.62000,308.62,308.53000,308.56219,26454
2026-08-05 14:19:00,308.57001,308.62,308.51001,308.61499,24041
2026-08-05 14:18:00,308.64001,308.64001,308.56000,308.57999,32285
2026-08-05 14:17:00,308.61499,308.67001,308.57001,308.63000,56124
2026-08-05 14:16:00,308.64499,308.65601,308.58011,308.60001,38671
2026-08-05 14:15:00,308.51999,308.64499,308.41000,308.64499,46483
2026-08-05 14:14:00,308.48001,308.52,308.41501,308.51001,29728
2026-08-05 14:13:00,308.32501,308.49500,308.32199,308.48959,48426
2026-08-05 14:12:00,308.56000,308.56989,308.32999,308.33771,65277
2026-08-05 14:11:00,308.57001,308.62,308.54999,308.56000,26299
2026-08-05 14:10:00,308.64001,308.64999,308.51001,308.57001,40162
2026-08-05 14:09:00,308.73001,308.74951,308.64499,308.64999,34607
2026-08-05 14:08:00,308.60999,308.71,308.54,308.70001,44289
2026-08-05 14:07:00,308.69501,308.73001,308.60049,308.63000,33531
2026-08-05 14:06:00,308.73499,308.75,308.60001,308.70001,41871
2026-08-05 14:05:00,308.70499,308.76501,308.62000,308.73999,64466
2026-08-05 14:04:00,308.75,308.76001,308.67001,308.73001,35196
2026-08-05 14:03:00,308.66000,308.74,308.61819,308.73999,34944
2026-08-05 14:02:00,308.78000,308.81,308.60001,308.66501,48293
2026-08-05 14:01:00,308.85001,308.91000,308.73001,308.79501,33957
2026-08-05 14:00:00,308.92001,308.96,308.815,308.85999,33213
2026-08-05 13:59:00,308.84000,308.98999,308.80499,308.92001,43203
2026-08-05 13:58:00,308.875,308.89,308.73999,308.82999,35307
2026-08-05 13:57:00,309.095001,309.095001,308.82999,308.875,45756
2026-08-05 13:56:00,309.13000,309.15009,309.089996,309.095001,24960
2026-08-05 13:55:00,309.14001,309.17999,309.087006,309.13000,28867
2026-08-05 13:54:00,309.13000,309.16000,309.049988,309.14001,31263
2026-08-05 13:53:00,309.13000,309.14990,309,309.13000,28934
2026-08-05 13:52:00,309.18500,309.18500,308.98999,309.12070,38903
2026-08-05 13:51:00,309.13501,309.21,309.089996,309.17999,46778
2026-08-05 13:50:00,309.23999,309.29501,309.10001,309.13000,42484
2026-08-05 13:49:00,309.19501,309.26001,309.14,309.24200,32274
2026-08-05 13:48:00,309.26001,309.29999,309.16000,309.19000,33892
2026-08-05 13:47:00,309.48999,309.51001,309.20999,309.25201,68008
2026-08-05 13:46:00,309.5,309.60999,309.48499,309.50500,36960
2026-08-05 13:45:00,309.60501,309.60501,309.38049,309.5,69558
2026-08-05 13:44:00,309.67999,309.70999,309.59009,309.625,40644
2026-08-05 13:43:00,309.60501,309.69000,309.42001,309.66220,66374
2026-08-05 13:42:00,309.72000,309.75,309.6,309.60999,38791
2026-08-05 13:41:00,309.86499,309.87000,309.72,309.72000,37731
2026-08-05 13:40:00,309.76501,309.95001,309.75,309.85999,49354
2026-08-05 13:39:00,309.85999,309.87,309.67999,309.76001,73793
2026-08-05 13:38:00,309.98001,309.98999,309.76999,309.85999,50360
2026-08-05 13:37:00,310.070007,310.070007,309.91000,310,60019
2026-08-05 13:36:00,310.20001,310.22000,310.05,310.050110,40757
2026-08-05 13:35:00,310.14001,310.20001,310.1,310.19501,33823
2026-08-05 13:34:00,310.029999,310.17001,310.029999,310.14499,50499
2026-08-05 13:33:00,310.019989,310.06,309.95999,310.024994,39805
2026-08-05 13:32:00,309.85999,310.049988,309.80319,310.019989,78283
2026-08-05 13:31:00,309.75,309.85999,309.64001,309.85999,39305
2026-08-05 13:30:00,309.75,309.81989,309.73001,309.76001,39488
2026-08-05 13:29:00,309.70001,309.74771,309.59000,309.73999,34401
2026-08-05 13:28:00,309.66000,309.70999,309.63,309.69501,34965
2026-08-05 13:27:00,309.74011,309.76001,309.64999,309.66000,25919
2026-08-05 13:26:00,309.75,309.82001,309.70999,309.75,28709
2026-08-05 13:25:00,309.78000,309.795,309.67999,309.73999,30428
2026-08-05 13:24:00,309.61499,309.84949,309.595,309.81000,54933
2026-08-05 13:23:00,309.66000,309.73001,309.57999,309.63000,41636
2026-08-05 13:22:00,309.74500,309.75,309.66,309.67001,27102
2026-08-05 13:21:00,309.79001,309.79950,309.60001,309.73999,49236
2026-08-05 13:20:00,309.77499,309.8,309.72699,309.79001,32916
2026-08-05 13:19:00,309.78500,309.82980,309.66000,309.76999,43482
2026-08-05 13:18:00,309.79001,309.82001,309.69000,309.79999,37363
2026-08-05 13:17:00,309.89999,309.93,309.66000,309.77670,39118
2026-08-05 13:16:00,309.91000,309.95999,309.82001,309.90009,36560
2026-08-05 13:15:00,309.71500,309.98001,309.69000,309.92001,69456
2026-08-05 13:14:00,309.56000,309.76999,309.54999,309.72000,53600
2026-08-05 13:13:00,309.60999,309.62991,309.46,309.54001,58090
2026-08-05 13:12:00,309.55499,309.68500,309.54001,309.60211,47581
2026-08-05 13:11:00,309.29010,309.57001,309.26999,309.56989,73268
2026-08-05 13:10:00,309.26999,309.37000,309.25,309.29999,35510
2026-08-05 13:09:00,309.35999,309.36499,309.23999,309.26999,45221
2026-08-05 13:08:00,309.17999,309.36,309.14999,309.35999,44234
2026-08-05 13:07:00,309.047699,309.23001,309,309.17499,47375
2026-08-05 13:06:00,309.019989,309.065002,308.92999,309.040009,29043
2026-08-05 13:05:00,309.029999,309.079987,308.97501,309.019989,35549
2026-08-05 13:04:00,309,309.040192,308.95099,309.040009,27497
2026-08-05 13:03:00,308.97000,309.059998,308.97000,309,27435
2026-08-05 13:02:00,309.049988,309.075012,308.95,308.97000,34108
2026-08-05 13:01:00,309.070007,309.125,308.88849,309.049988,42276
2026-08-05 13:00:00,308.82999,309.10001,308.82001,309.070007,38775
2026-08-05 12:59:00,308.79001,308.855,308.76999,308.82999,27931
2026-08-05 12:58:00,308.95999,308.975,308.75,308.77499,44059
2026-08-05 12:57:00,309.019989,309.040009,308.86,308.96051,45456
2026-08-05 12:56:00,309.010010,309.12000,308.98999,309.015808,59232
2026-08-05 12:55:00,309.054993,309.057892,308.95999,309.010010,26141
2026-08-05 12:54:00,309.071014,309.071014,308.94501,309.054993,36471
2026-08-05 12:53:00,308.98999,309.10001,308.92,309.084991,24471
2026-08-05 12:52:00,308.84000,309.049988,308.84000,309,64934
2026-08-05 12:51:00,308.94000,308.94000,308.82999,308.85999,27106
2026-08-05 12:50:00,309.059998,309.079987,308.89,308.95001,42417
2026-08-05 12:49:00,309.024994,309.13501,309.015015,309.059998,30177
2026-08-05 12:48:00,308.96552,309.040009,308.96552,309.019989,27581
2026-08-05 12:47:00,308.93500,309.059998,308.89999,308.97000,29320
2026-08-05 12:46:00,309.17999,309.21,308.9,308.91501,44701
2026-08-05 12:45:00,309.28000,309.34,309.16000,309.18500,38696
2026-08-05 12:44:00,309.019897,309.34000,308.95999,309.29001,52001
2026-08-05 12:43:00,308.83499,309.029999,308.83,309.010101,63003
2026-08-05 12:42:00,308.72409,308.875,308.69000,308.81000,48598
2026-08-05 12:41:00,308.78000,308.82999,308.67001,308.72000,59923
2026-08-05 12:40:00,308.66000,308.85001,308.66,308.81000,101276
2026-08-05 12:39:00,308.79001,308.88501,308.66,308.69000,52589
2026-08-05 12:38:00,308.79001,308.86,308.64999,308.79501,70616
2026-08-05 12:37:00,309.085114,309.09,308.75,308.79999,36069
2026-08-05 12:36:00,308.92999,309.12000,308.92001,309.085114,42157
2026-08-05 12:35:00,308.92999,308.95001,308.85999,308.92499,31121
2026-08-05 12:34:00,308.82001,308.92999,308.75500,308.92499,36897
2026-08-05 12:33:00,308.91000,308.96,308.81000,308.82999,31122
2026-08-05 12:32:00,308.95001,308.98999,308.83661,308.89999,48256
2026-08-05 12:31:00,308.57001,308.95911,308.545,308.95911,74656
2026-08-05 12:30:00,308.63000,308.73990,308.45001,308.56500,55888
2026-08-05 12:29:00,308.67001,308.70001,308.60010,308.63989,53830
2026-08-05 12:28:00,308.82001,308.82999,308.64999,308.67010,54252
2026-08-05 12:27:00,309.14001,309.23001,308.79999,308.82001,40397
2026-08-05 12:26:00,309.125,309.20999,309.024994,309.14999,47152
2026-08-05 12:25:00,309.035706,309.14001,308.92999,309.12000,33572
2026-08-05 12:24:00,308.89999,309.049988,308.85049,309.029999,38403
2026-08-05 12:23:00,309.029999,309.029999,308.915,308.91501,30561
2026-08-05 12:22:00,309.31500,309.32001,309.019989,309.049988,37792
2026-08-05 12:21:00,309.19501,309.335,309.16000,309.31000,39841
2026-08-05 12:20:00,308.92001,309.20999,308.92001,309.20499,39506
2026-08-05 12:19:00,308.96991,309.029999,308.90900,308.92499,27906
2026-08-05 12:18:00,308.95999,309.019989,308.88,308.96500,35339
2026-08-05 12:17:00,308.97000,309,308.89001,308.95001,43730
2026-08-05 12:16:00,309.079987,309.08,308.97501,308.98999,56483
2026-08-05 12:15:00,309.089996,309.11,308.975,309.079987,36504
2026-08-05 12:14:00,309.19000,309.20001,308.89001,309.095001,82760
2026-08-05 12:13:00,309.27551,309.38000,309.14001,309.20001,56271
2026-08-05 12:12:00,309.28000,309.31,309.14999,309.26999,52929
2026-08-05 12:11:00,309.12991,309.27,309.10999,309.26999,51470
2026-08-05 12:10:00,309.20001,309.26999,309.11499,309.12000,70631
2026-08-05 12:09:00,309.059998,309.44000,309.059998,309.20001,120504
2026-08-05 12:08:00,309.019989,309.14999,308.96671,309.044403,76912
2026-08-05 12:07:00,308.88000,309.05,308.83499,309.029999,69599
2026-08-05 12:06:00,308.82101,308.87000,308.74350,308.87000,57517
2026-08-05 12:05:00,308.70090,308.85910,308.64011,308.82001,54493
2026-08-05 12:04:00,308.87000,308.87,308.54999,308.70001,47039
2026-08-05 12:03:00,308.59000,308.92499,308.59000,308.89999,135616
2026-08-05 12:02:00,308.32001,308.61,308.29999,308.57501,165965
2026-08-05 12:01:00,308.17999,308.32999,308.17999,308.32999,80052
2026-08-05 12:00:00,307.97000,308.20001,307.95999,308.16000,116563
2026-08-05 11:59:00,308.070007,308.08,307.85001,307.97000,121779
2026-08-05 11:58:00,308.22000,308.25989,308,308.058990,88058
2026-08-05 11:57:00,308.26001,308.36,308.16000,308.21011,70528
2026-08-05 11:56:00,308.37170,308.51990,308.20001,308.29001,85234
2026-08-05 11:55:00,308.39871,308.45,308.31000,308.38501,57732
2026-08-05 11:54:00,308.34500,308.42499,308.31039,308.40500,65911
2026-08-05 11:53:00,308.29999,308.48001,308.25070,308.35999,76015
2026-08-05 11:52:00,308.045013,308.30051,308.045013,308.29501,84635
2026-08-05 11:51:00,307.93500,308.089996,307.91,308.035004,57564
2026-08-05 11:50:00,308.029999,308.06,307.91000,307.91000,57677
2026-08-05 11:49:00,308.10001,308.11,307.93011,308.049988,68813
2026-08-05 11:48:00,307.96750,308.10001,307.82999,308.084991,53233
2026-08-05 11:47:00,308.095001,308.18,307.94000,307.97989,78949
2026-08-05 11:46:00,308.14999,308.32999,308.049988,308.10001,73335
2026-08-05 11:45:00,308.26511,308.28500,308.03,308.15500,86756
2026-08-05 11:44:00,308.40500,308.41000,308.14001,308.26501,58087
2026-08-05 11:43:00,308.45499,308.47000,308.29999,308.38501,48756
2026-08-05 11:42:00,308.35001,308.48001,308.29999,308.45499,53908
2026-08-05 11:41:00,308.26501,308.42999,308.20499,308.37000,54361
2026-08-05 11:40:00,308.43500,308.495,308.25,308.28000,65116
2026-08-05 11:39:00,308.32001,308.44989,308.17999,308.41571,65725
2026-08-05 11:38:00,308.43500,308.47989,308.29,308.31000,68089
2026-08-05 11:37:00,308.67001,308.67001,308.41000,308.43500,62964
2026-08-05 11:36:00,308.75,308.75,308.5,308.67499,40160
2026-08-05 11:35:00,308.66000,308.75,308.51,308.74991,81923
2026-08-05 11:34:00,308.88000,309,308.60999,308.64999,89712
2026-08-05 11:33:00,308.76999,308.93,308.75250,308.89499,64125
2026-08-05 11:32:00,308.92001,308.93091,308.70999,308.76501,70547
2026-08-05 11:31:00,308.94000,308.95999,308.76001,308.92999,53603
2026-08-05 11:30:00,308.59500,308.94000,308.57001,308.92001,73718
2026-08-05 11:29:00,308.68500,308.69000,308.42,308.59500,130410
2026-08-05 11:28:00,308.85501,308.85501,308.53500,308.66400,69696
2026-08-05 11:27:00,308.93500,308.97000,308.76999,308.84500,59988
2026-08-05 11:26:00,309.55981,309.55981,308.91599,308.91669,98267
2026-08-05 11:25:00,309.69000,309.70001,309.45999,309.54001,42897
2026-08-05 11:24:00,309.75,309.90231,309.595,309.70001,78404
2026-08-05 11:23:00,309.51001,309.82880,309.5,309.75,57966
2026-08-05 11:22:00,309.74011,309.85989,309.51,309.51501,84237
2026-08-05 11:21:00,309.84000,309.92950,309.73499,309.75699,59446
2026-08-05 11:20:00,309.81000,309.88000,309.67999,309.85999,76221
2026-08-05 11:19:00,309.60001,309.85501,309.54999,309.82999,84894
2026-08-05 11:18:00,309.87000,309.89499,309.31000,309.57999,256243
2026-08-05 11:17:00,310.10001,310.13000,309.76001,309.88501,161706
2026-08-05 11:16:00,309.85001,310.10999,309.70001,310.10999,161131
2026-08-05 11:15:00,310.51001,310.60501,309.83441,309.85001,161071
2026-08-05 11:14:00,310.82001,311.049988,310.51999,310.51999,142526
2026-08-05 11:13:00,311.35501,311.39001,310.78000,310.80020,141288
2026-08-05 11:12:00,311.53000,311.65991,311.34,311.37000,107587
2026-08-05 11:11:00,311.64999,311.71,311.48001,311.53500,80381
2026-08-05 11:10:00,311.54651,311.67001,311.44061,311.63000,71179
2026-08-05 11:09:00,311.28500,311.66000,311.27429,311.54501,118099
2026-08-05 11:08:00,311.35001,311.37000,311.20001,311.28500,62987
2026-08-05 11:07:00,311.20999,311.55,311.2,311.39499,222654
2026-08-05 11:06:00,311.16501,311.29001,310.89,311.18011,86897
2026-08-05 11:05:00,311.040009,311.25,310.85410,311.090088,127089
2026-08-05 11:04:00,310.73499,311.069885,310.59000,311.035004,121769
2026-08-05 11:03:00,310.83499,310.89859,310.64999,310.71011,95890
2026-08-05 11:02:00,310.92999,311.049988,310.79999,310.84000,74587
2026-08-05 11:01:00,311.17999,311.23001,310.70999,310.91010,153588
2026-08-05 11:00:00,311.34000,311.37,311.040009,311.17999,117697
2026-08-05 10:59:00,311.20001,311.36,311.17001,311.32501,103902
2026-08-05 10:58:00,311.10999,311.29999,311.10999,311.20700,121290
2026-08-05 10:57:00,310.85001,311.12000,310.84,311.10501,119093
2026-08-05 10:56:00,310.60501,310.86938,310.54999,310.84500,98305
2026-08-05 10:55:00,310.73001,310.79001,310.39001,310.59698,162535
2026-08-05 10:54:00,310.94501,310.95999,310.61111,310.70999,160112
2026-08-05 10:53:00,310.95001,311.22000,310.45999,310.94501,243848
2026-08-05 10:52:00,310.54999,310.96,310.48999,310.95001,164180
2026-08-05 10:51:00,310.70001,310.85999,310.41000,310.54999,186670
2026-08-05 10:50:00,309.91000,310.79001,309.91,310.70001,184451
2026-08-05 10:49:00,309.70999,310.079987,309.70999,309.92990,154226
2026-08-05 10:48:00,309.65500,309.75,309.54999,309.71991,106954
2026-08-05 10:47:00,309.41000,309.81000,309.38,309.64499,170057
2026-08-05 10:46:00,309.10999,309.47000,309.029999,309.42999,133798
2026-08-05 10:45:00,308.85001,309.24,308.82999,309.14001,237742
2026-08-05 10:44:00,308.73999,308.85001,308.54001,308.84991,99889
2026-08-05 10:43:00,308.5,308.88000,308.48499,308.74500,109021
2026-08-05 10:42:00,307.85999,308.59,307.825,308.45999,182615
2026-08-05 10:41:00,307.77499,307.905,307.70050,307.85001,94078
2026-08-05 10:40:00,307.57501,307.76511,307.54001,307.76511,93954
2026-08-05 10:39:00,307.59000,307.63000,307.45001,307.54089,97580
2026-08-05 10:38:00,307.29001,307.67999,307.23001,307.54041,130733
2026-08-05 10:37:00,307.095001,307.36,306.98999,307.26001,118750
2026-08-05 10:36:00,306.98990,307.13000,306.95999,307.095001,102537
2026-08-05 10:35:00,306.83899,307,306.76999,307,113942
2026-08-05 10:34:00,306.85999,307.06,306.82,306.82999,109062
2026-08-05 10:33:00,306.92999,307.029999,306.83499,306.84000,111280
2026-08-05 10:32:00,306.67001,307.040009,306.67001,306.92001,150853
2026-08-05 10:31:00,306.51999,306.74109,306.45001,306.67001,105716
2026-08-05 10:30:00,306.70001,306.81000,306.26999,306.51999,152721
2026-08-05 10:29:00,307.18951,307.24939,306.72,306.72751,155174
2026-08-05 10:28:00,307.63000,307.64999,307.16,307.19000,133840
2026-08-05 10:27:00,307.73999,307.75500,307.53000,307.61310,81370
2026-08-05 10:26:00,307.82999,307.9,307.70999,307.75,91051
2026-08-05 10:25:00,308.34500,308.35501,307.81000,307.81000,110852
2026-08-05 10:24:00,308.48001,308.54001,308.29,308.33499,106903
2026-08-05 10:23:00,308.32501,308.67001,308.325,308.45999,76245
2026-08-05 10:22:00,308.94000,308.94000,308.29,308.32501,92934
2026-08-05 10:21:00,308.73499,309.049896,308.7,308.94000,182163
2026-08-05 10:20:00,308.28000,308.73990,308.25,308.73969,61436
2026-08-05 10:19:00,308.61209,308.63501,308.26999,308.28009,82610
2026-08-05 10:18:00,308.57001,308.70999,308.54999,308.64999,71898
2026-08-05 10:17:00,308.29001,308.69000,308.28000,308.57001,161271
2026-08-05 10:16:00,308.15009,308.39999,308.13000,308.29059,74625
2026-08-05 10:15:00,308.39999,308.42001,308.059998,308.17001,90497
2026-08-05 10:14:00,308.070007,308.5,307.985,308.41989,118437
2026-08-05 10:13:00,307.79001,308.10001,307.78000,308.059998,93608
2026-08-05 10:12:00,307.53000,307.81,307.49231,307.79099,61194
2026-08-05 10:11:00,307.82001,307.86,307.35,307.49011,131721
2026-08-05 10:10:00,307.67999,307.9,307.64999,307.82001,68999
2026-08-05 10:09:00,307.78009,307.89001,307.66010,307.67499,72506
2026-08-05 10:08:00,307.86499,308.017609,307.73,307.81000,59346
2026-08-05 10:07:00,307.79999,307.95981,307.64499,307.85989,66414
2026-08-05 10:06:00,307.95001,307.95001,307.62860,307.82001,90562
2026-08-05 10:05:00,308.32001,308.39441,307.89001,307.93240,157298
2026-08-05 10:04:00,308.13000,308.34949,308,308.32999,67670
2026-08-05 10:03:00,308.059998,308.16949,307.64001,308.14499,115954
2026-08-05 10:02:00,307.70999,308.070007,307.68500,308.059998,117149
2026-08-05 10:01:00,307.84000,307.88000,307.53000,307.70999,139391
2026-08-05 10:00:00,307.98001,308.049988,307.51,307.84000,116903
2026-08-05 09:59:00,308.075012,308.14960,307.87000,308,111611
2026-08-05 09:58:00,308.010010,308.18259,307.95999,308.059998,85078
2026-08-05 09:57:00,307.96500,308.019989,307.80200,308.010986,64975
2026-08-05 09:56:00,307.82999,308.039886,307.64011,307.95001,100949
2026-08-05 09:55:00,307.79001,307.98999,307.73499,307.84000,108732
2026-08-05 09:54:00,307.67499,307.84000,307.54999,307.77011,200758
2026-08-05 09:53:00,307.91000,308.23999,307.56110,307.67001,158106
2026-08-05 09:52:00,307.70001,308.047485,307.69,307.92010,172360
2026-08-05 09:51:00,307.54999,307.67999,307.31500,307.67499,90806
2026-08-05 09:50:00,307.28009,307.56000,306.89001,307.54001,167194
2026-08-05 09:49:00,307.51001,307.55991,307.27,307.28500,101110
2026-08-05 09:48:00,307.48999,307.73999,307.45,307.53000,135795
2026-08-05 09:47:00,307.38000,307.63000,307.35010,307.51999,119932
2026-08-05 09:46:00,307.38000,307.55,307.27011,307.41000,105060
2026-08-05 09:45:00,308.17001,308.19501,307.37851,307.37851,122465
2026-08-05 09:44:00,307.87000,308.29001,307.67999,308.16000,157812
2026-08-05 09:43:00,307.29999,307.91000,307.17999,307.82001,92561
2026-08-05 09:42:00,307.55499,307.64001,307.31000,307.31000,141327
2026-08-05 09:41:00,307.37750,307.62350,307.13000,307.51010,142599
2026-08-05 09:40:00,307.77499,307.82999,307.20999,307.38989,199480
2026-08-05 09:39:00,307.079987,307.85001,306.75430,307.76001,258345
2026-08-05 09:38:00,305.92001,307.28201,305.67001,307.12000,335382
2026-08-05 09:37:00,306.35001,306.42,305.84000,305.91000,397251
2026-08-05 09:36:00,307.079987,307.13000,306.29999,306.38501,375399
2026-08-05 09:35:00,308.63501,308.63501,307.019989,307.079987,347763
2026-08-05 09:34:00,308.70001,309.059906,308.35001,308.63000,254881
2026-08-05 09:33:00,308.42999,309.089996,308.37000,308.72919,205430
2026-08-05 09:32:00,308.82999,308.89999,308.26999,308.48001,187460
2026-08-05 09:31:00,308.084991,308.97000,308,308.85001,250134
2026-08-05 09:30:00,309.35999,309.38000,307.64999,308.084991,2304172
2026-08-04 15:59:00,309.43500,309.88,309.22000,309.39001,949562
2026-08-04 15:58:00,309.20499,309.43,309.12000,309.42001,326191
2026-08-04 15:57:00,309.070099,309.20999,308.95,309.20499,265969
2026-08-04 15:56:00,309.17999,309.23001,308.99030,309.071899,283490
2026-08-04 15:55:00,309.64999,309.70001,308.88000,309.17999,338446
2026-08-04 15:54:00,309.89001,309.89001,309.39999,309.64999,306605
2026-08-04 15:53:00,309.95001,310.095001,309.85999,309.89999,179054
2026-08-04 15:52:00,310.10001,310.14001,309.7,309.96500,373536
2026-08-04 15:51:00,310.049988,310.11,309.93231,310.050110,261456
2026-08-04 15:50:00,310.39999,310.39999,309.89001,310.040009,199928
2026-08-04 15:49:00,310.39001,310.39999,310.22009,310.37570,117118
2026-08-04 15:48:00,310.19000,310.42001,310.17,310.39999,124082
2026-08-04 15:47:00,310.25500,310.26001,310.1,310.18500,123068
2026-08-04 15:46:00,310.20999,310.28000,310.10999,310.25,137192
2026-08-04 15:45:00,310.26001,310.30991,310.18500,310.20499,127545
2026-08-04 15:44:00,310.12000,310.29001,310.10001,310.27499,109438
2026-08-04 15:43:00,310.17499,310.17499,309.97000,310.11499,112729
2026-08-04 15:42:00,310.14001,310.18,310.049988,310.17499,86105
2026-08-04 15:41:00,310.040009,310.20001,310.029999,310.13000,121771
2026-08-04 15:40:00,310.070007,310.13000,310.019989,310.040009,98633
2026-08-04 15:39:00,310.070007,310.17999,310.019989,310.049988,92592
2026-08-04 15:38:00,310.019989,310.21,310,310.059998,91537
2026-08-04 15:37:00,310.14999,310.24,310.019989,310.019989,99167
2026-08-04 15:36:00,310.125,310.235,310.010010,310.15100,111500
2026-08-04 15:35:00,310.065002,310.14499,310,310.125,114136
2026-08-04 15:34:00,309.88501,310.079987,309.87000,310.070007,137748
2026-08-04 15:33:00,309.80499,309.98309,309.79001,309.88501,106664
2026-08-04 15:32:00,309.89999,309.91000,309.79001,309.79001,87656
2026-08-04 15:31:00,309.69501,309.93,309.64,309.91000,137886
2026-08-04 15:30:00,309.57999,309.70499,309.51001,309.69501,90504
2026-08-04 15:29:00,309.66000,309.66000,309.475,309.57999,90306
2026-08-04 15:28:00,309.69000,309.755,309.62000,309.67999,100434
2026-08-04 15:27:00,309.61499,309.74,309.61499,309.69000,104549
2026-08-04 15:26:00,309.69501,309.76001,309.60001,309.60999,93567
2026-08-04 15:25:00,309.54999,309.79999,309.54001,309.70999,161924
2026-08-04 15:24:00,309.32001,309.57001,309.32001,309.53229,100682
2026-08-04 15:23:00,309.35001,309.43,309.26001,309.32721,79171
2026-08-04 15:22:00,309.38000,309.41000,309.32999,309.34500,73253
2026-08-04 15:21:00,309.25,309.39999,309.20999,309.32999,85479
2026-08-04 15:20:00,308.73499,309.28000,308.70999,309.26999,178158
2026-08-04 15:19:00,308.66000,308.74,308.64999,308.73999,56431
2026-08-04 15:18:00,308.63000,308.72,308.60999,308.67001,86379
2026-08-04 15:17:00,308.69000,308.71,308.57001,308.62991,90542
2026-08-04 15:16:00,308.76001,308.76001,308.66,308.67999,84459
2026-08-04 15:15:00,308.72501,308.85999,308.72,308.76001,116788
2026-08-04 15:14:00,308.74719,308.76999,308.67999,308.72000,69117
2026-08-04 15:13:00,308.66000,308.76001,308.64001,308.75,62432
2026-08-04 15:12:00,308.70499,308.72000,308.60999,308.66010,86270
2026-08-04 15:11:00,308.71500,308.85001,308.66000,308.67999,104832
2026-08-04 15:10:00,308.53000,308.72000,308.51999,308.70999,143896
2026-08-04 15:09:00,308.44000,308.565,308.39499,308.51999,97520
2026-08-04 15:08:00,308.39001,308.44000,308.25,308.44000,71558
2026-08-04 15:07:00,308.48499,308.51501,308.28,308.39001,85004
2026-08-04 15:06:00,308.60999,308.62991,308.41000,308.48499,109014
2026-08-04 15:05:00,308.64001,308.70001,308.60999,308.60999,78960
2026-08-04 15:04:00,308.85001,308.87991,308.64,308.64999,67022
2026-08-04 15:03:00,308.75,308.85001,308.67999,308.85001,88858
2026-08-04 15:02:00,308.76501,308.84500,308.72000,308.75,79025
2026-08-04 15:01:00,308.66000,308.80991,308.64001,308.76999,81563
2026-08-04 15:00:00,308.52499,308.67999,308.5,308.66989,87602
2026-08-04 14:59:00,308.59991,308.59991,308.48001,308.51999,76761
2026-08-04 14:58:00,308.73999,308.81000,308.54001,308.58499,117429
2026-08-04 14:57:00,308.85999,308.87,308.70999,308.75,87388
2026-08-04 14:56:00,309.16501,309.20999,308.85001,308.85999,129898
2026-08-04 14:55:00,309.19000,309.28851,309.14999,309.17001,80823
2026-08-04 14:54:00,309.15009,309.23001,309.14999,309.18500,49504
2026-08-04 14:53:00,309.089996,309.20001,309.079987,309.17999,29274
2026-08-04 14:52:00,309.10999,309.175,309.070007,309.089996,52140
2026-08-04 14:51:00,309.099915,309.125,309.010590,309.10999,42940
2026-08-04 14:50:00,309.047791,309.14999,309.010010,309.090515,48703
2026-08-04 14:49:00,309.10001,309.12,308.98,309.040009,62192
2026-08-04 14:48:00,309.074188,309.12,309.040009,309.089996,45595
2026-08-04 14:47:00,308.95001,309.070007,308.85501,309.059998,65068
2026-08-04 14:46:00,308.92499,308.98999,308.85999,308.94199,62955
2026-08-04 14:45:00,308.82001,309,308.79999,308.92499,51623
2026-08-04 14:44:00,308.73999,308.89001,308.70999,308.81500,55263
2026-08-04 14:43:00,308.70999,308.78500,308.64999,308.75,49665
2026-08-04 14:42:00,308.83881,308.83881,308.69000,308.70001,45128
2026-08-04 14:41:00,308.69000,308.88000,308.64001,308.82999,79983
2026-08-04 14:40:00,308.93500,308.93500,308.66000,308.69000,61677
2026-08-04 14:39:00,308.97000,309,308.88,308.92999,47676
2026-08-04 14:38:00,309.015015,309.019989,308.91,308.97000,47897
2026-08-04 14:37:00,308.98221,309.010010,308.89999,309.010010,55958
2026-08-04 14:36:00,309.17001,309.17871,308.95,308.97000,81112
2026-08-04 14:35:00,309.14001,309.19000,309.035004,309.17001,49978
2026-08-04 14:34:00,309.11499,309.20990,309.1,309.14001,87577
2026-08-04 14:33:00,309.35999,309.36,309.08,309.11499,49567
2026-08-04 14:32:00,309.37000,309.5,309.37000,309.39999,44968
2026-08-04 14:31:00,309.39160,309.41000,309.31000,309.37000,61282
2026-08-04 14:30:00,309.31000,309.39001,309.26999,309.37411,50807
2026-08-04 14:29:00,309.29001,309.35999,309.26001,309.32001,56813
2026-08-04 14:28:00,309.26001,309.37000,309.20999,309.29999,48879
2026-08-04 14:27:00,309.47000,309.47000,309.20001,309.24091,57041
2026-08-04 14:26:00,309.42999,309.48001,309.37000,309.47549,47328
2026-08-04 14:25:00,309.46500,309.51999,309.45,309.45499,57643
2026-08-04 14:24:00,309.65009,309.67999,309.45731,309.48651,69291
2026-08-04 14:23:00,309.60501,309.69000,309.57999,309.65900,52060
2026-08-04 14:22:00,309.44000,309.65,309.42,309.59000,77609
2026-08-04 14:21:00,309.67001,309.67001,309.35999,309.45001,74379
2026-08-04 14:20:00,309.90500,309.925,309.64160,309.67001,58200
2026-08-04 14:19:00,309.85001,309.92499,309.81000,309.89999,63539
2026-08-04 14:18:00,309.93500,309.94971,309.82,309.84000,65480
2026-08-04 14:17:00,309.95999,310.045,309.89999,309.92999,59538
2026-08-04 14:16:00,310.0050049,310.05,309.88,309.97000,91949
2026-08-04 14:15:00,310.019989,310.12000,309.97,310,86027
2026-08-04 14:14:00,309.97949,310.05,309.97000,310.029999,53241
2026-08-04 14:13:00,309.94000,310.049988,309.93600,309.95001,41139
2026-08-04 14:12:00,309.95099,310.005,309.89999,309.94000,41862
2026-08-04 14:11:00,310.028015,310.095001,309.88000,309.95999,48289
2026-08-04 14:10:00,309.94000,310.03,309.92999,310.029999,95783
2026-08-04 14:09:00,309.88000,309.98001,309.88000,309.95001,52362
2026-08-04 14:08:00,309.89999,309.95499,309.85,309.87009,59381
2026-08-04 14:07:00,309.87000,309.95999,309.79001,309.91000,62762
2026-08-04 14:06:00,309.89999,309.94000,309.67,309.85999,73083
2026-08-04 14:05:00,309.82999,309.98999,309.82001,309.89999,72656
2026-08-04 14:04:00,309.90500,309.91241,309.76999,309.84000,63072
2026-08-04 14:03:00,309.85001,309.90500,309.79999,309.89450,765520
2026-08-04 14:02:00,309.50500,309.85001,309.48999,309.82999,89663
2026-08-04 14:01:00,309.32999,309.54990,309.29999,309.51129,103200
2026-08-04 14:00:00,309.34000,309.46,309.25,309.30011,85099
2026-08-04 13:59:00,309.62000,309.66000,309.32999,309.35999,78379
2026-08-04 13:58:00,309.85001,309.94000,309.61710,309.63000,55617
2026-08-04 13:57:00,309.70001,309.86429,309.66,309.85001,67261
2026-08-04 13:56:00,309.59000,309.70001,309.57999,309.70001,55262
2026-08-04 13:55:00,309.57999,309.66791,309.54999,309.60999,64158
2026-08-04 13:54:00,309.67001,309.685,309.47000,309.60321,83263
2026-08-04 13:53:00,309.74500,309.80869,309.62000,309.67999,62296
2026-08-04 13:52:00,309.79999,309.89001,309.66000,309.73230,57829
2026-08-04 13:51:00,309.79099,309.82199,309.625,309.78000,69377
2026-08-04 13:50:00,309.91000,309.91000,309.73999,309.81000,79369
2026-08-04 13:49:00,309.98999,310.13000,309.88000,309.92068,119872
2026-08-04 13:48:00,309.91989,309.98990,309.85999,309.97000,107638
2026-08-04 13:47:00,309.70499,309.91000,309.70001,309.90500,189001
2026-08-04 13:46:00,309.70001,309.75,309.54001,309.71420,80461
2026-08-04 13:45:00,309.56000,309.82001,309.56000,309.72000,88645
2026-08-04 13:44:00,309.32999,309.60001,309.32,309.58301,90372
2026-08-04 13:43:00,309.42999,309.48999,309.29999,309.33499,96143
2026-08-04 13:42:00,309.45001,309.46011,309.39,309.44000,64080
2026-08-04 13:41:00,309.36969,309.47000,309.32001,309.45001,63293
2026-08-04 13:40:00,309.32501,309.44000,309.31000,309.35501,74687
2026-08-04 13:39:00,309.19000,309.34000,309.16000,309.32300,65655
2026-08-04 13:38:00,309.010010,309.23001,308.98001,309.19000,155782
2026-08-04 13:37:00,309.010010,309.059906,308.92999,309.019989,73525
2026-08-04 13:36:00,308.78000,309.019989,308.76999,309,65270
2026-08-04 13:35:00,308.73001,308.80499,308.70999,308.79501,55120
2026-08-04 13:34:00,308.79999,308.81000,308.66000,308.72809,64915
2026-08-04 13:33:00,308.91000,308.91000,308.76001,308.79999,48865
2026-08-04 13:32:00,308.82999,309,308.825,308.92001,76349
2026-08-04 13:31:00,308.85001,308.86771,308.72,308.82999,69676
2026-08-04 13:30:00,308.89999,308.95001,308.78500,308.84000,59878
2026-08-04 13:29:00,308.92001,308.96991,308.89001,308.89999,45938
2026-08-04 13:28:00,309.049988,309.13000,308.92001,308.93500,54668
2026-08-04 13:27:00,308.95999,309.089996,308.89001,309.045013,72816
2026-08-04 13:26:00,309.0050049,309.14999,308.95999,308.95999,112805
2026-08-04 13:25:00,308.92001,309.019989,308.85999,309.010010,110244
2026-08-04 13:24:00,309.23999,309.24,308.89999,308.92770,105328
2026-08-04 13:23:00,309.34991,309.39001,309.23010,309.23999,72111
2026-08-04 13:22:00,309.39001,309.4,309.29999,309.32999,106792
2026-08-04 13:21:00,309.45999,309.48001,309.265,309.375,87957
2026-08-04 13:20:00,309.69000,309.70999,309.44000,309.45001,102244
2026-08-04 13:19:00,309.88000,309.95999,309.66000,309.70001,93068
2026-08-04 13:18:00,309.82001,309.89001,309.76999,309.87000,83907
2026-08-04 13:17:00,309.84000,309.97000,309.81000,309.82199,94735
2026-08-04 13:16:00,310.070007,310.070007,309.79999,309.82999,130145
2026-08-04 13:15:00,310.13000,310.25,310.019989,310.059998,114881
2026-08-04 13:14:00,310.33499,310.42001,310.12000,310.12201,125212
2026-08-04 13:13:00,310.31000,310.35999,310.26,310.32999,120864
2026-08-04 13:12:00,310.070007,310.32001,310.029999,310.31000,106492
2026-08-04 13:11:00,309.98999,310.14999,309.87000,310.079987,144320
2026-08-04 13:10:00,309.61011,310,309.60999,310,288649
2026-08-04 13:09:00,309.70020,309.72000,309.51001,309.61499,75358
2026-08-04 13:08:00,309.71500,309.75,309.47000,309.70831,97276
2026-08-04 13:07:00,309.63000,309.73001,309.47,309.70999,139801
2026-08-04 13:06:00,309.57999,309.62,309.45001,309.62000,103353
2026-08-04 13:05:00,309.28500,309.62961,309.28000,309.57999,264650
2026-08-04 13:04:00,309.10999,309.29999,309.029999,309.29999,160239
2026-08-04 13:03:00,308.85001,309.13000,308.85001,309.12000,110479
2026-08-04 13:02:00,308.83499,308.97,308.82001,308.85001,98599
2026-08-04 13:01:00,308.49741,308.88000,308.49741,308.84500,151749
2026-08-04 13:00:00,308.23001,308.53000,308.2,308.50500,106186
2026-08-04 12:59:00,308.13000,308.37000,308.12000,308.24539,109053
2026-08-04 12:58:00,308.080597,308.36,308.079987,308.13000,147708
2026-08-04 12:57:00,308.23001,308.29001,308.079987,308.095001,9024
2026-08-04 12:56:00,308.16000,308.26999,308.10001,308.22501,89206
2026-08-04 12:55:00,308.22000,308.35999,308.13,308.14999,90536
2026-08-04 12:54:00,308.17001,308.22000,308.10001,308.22000,91923
2026-08-04 12:53:00,308.20499,308.22000,308.010010,308.17499,98143
2026-08-04 12:52:00,308.53000,308.60001,308.12000,308.20001,142618
2026-08-04 12:51:00,308.30499,308.53000,308.26999,308.52011,143489
2026-08-04 12:50:00,307.95901,308.335,307.91010,308.29999,181246
2026-08-04 12:49:00,307.67999,307.98999,307.66000,307.89999,228864
2026-08-04 12:48:00,307.64999,307.73999,307.60999,307.68011,89099
2026-08-04 12:47:00,307.51001,307.67999,307.42,307.66000,69002
2026-08-04 12:46:00,307.48999,307.54999,307.42999,307.49011,61116
2026-08-04 12:45:00,307.73999,307.75,307.45999,307.48001,104935
2026-08-04 12:44:00,307.54230,307.84000,307.54230,307.76501,118983
2026-08-04 12:43:00,307.37000,307.64001,307.36,307.54001,126875
2026-08-04 12:42:00,306.73999,307.37,306.73001,307.35999,227303
2026-08-04 12:41:00,306.85501,306.88000,306.72,306.73999,89218
2026-08-04 12:40:00,306.74500,306.87000,306.74,306.84000,82914
2026-08-04 12:39:00,306.90991,306.90991,306.66,306.73999,98904
2026-08-04 12:38:00,306.82001,306.92999,306.75,306.89001,84880
2026-08-04 12:37:00,306.78000,306.87009,306.69,306.82550,77622
2026-08-04 12:36:00,306.62000,306.955,306.61499,306.81000,136692
2026-08-04 12:35:00,306.47501,306.64999,306.47049,306.625,76570
2026-08-04 12:34:00,306.42999,306.54990,306.42999,306.46500,50484
2026-08-04 12:33:00,306.47000,306.51990,306.39999,306.44000,35868
2026-08-04 12:32:00,306.44000,306.54999,306.38000,306.46500,48229
2026-08-04 12:31:00,306.48999,306.51999,306.34000,306.43500,45173
2026-08-04 12:30:00,306.50500,306.54999,306.39319,306.47501,53221
2026-08-04 12:29:00,306.45001,306.53,306.44000,306.50500,52690
2026-08-04 12:28:00,306.375,306.56369,306.375,306.44501,46098
2026-08-04 12:27:00,306.41000,306.46899,306.28500,306.375,45525
2026-08-04 12:26:00,306.63000,306.70001,306.42,306.42999,60511
2026-08-04 12:25:00,306.23999,306.72000,306.17999,306.63000,191444
2026-08-04 12:24:00,306.25,306.32001,306.14001,306.23001,75592
2026-08-04 12:23:00,306.23999,306.28000,306.17001,306.26001,47495
2026-08-04 12:22:00,306.10999,306.22000,306.040009,306.20499,41934
2026-08-04 12:21:00,305.95001,306.12000,305.945,306.10501,59456
2026-08-04 12:20:00,305.87000,306,305.82,305.95999,58007
2026-08-04 12:19:00,305.99500,306.02,305.82999,305.87000,62524
2026-08-04 12:18:00,306.16000,306.21231,305.98001,306,62276
2026-08-04 12:17:00,306.20999,306.20999,306.10999,306.17001,42992
2026-08-04 12:16:00,306.36499,306.39001,306.20999,306.21100,55093
2026-08-04 12:15:00,306.35001,306.39001,306.30029,306.36499,49405
2026-08-04 12:14:00,306.34500,306.37000,306.23999,306.35159,61294
2026-08-04 12:13:00,306.14001,306.39001,306.12000,306.34500,53194
2026-08-04 12:12:00,306.065002,306.14990,305.98001,306.13501,49301
2026-08-04 12:11:00,306.069000,306.16000,306.029999,306.059998,47656
2026-08-04 12:10:00,305.92001,306.088989,305.89999,306.069885,65723
2026-08-04 12:09:00,305.70499,305.93,305.67999,305.92499,86792
2026-08-04 12:08:00,305.75,305.85001,305.67001,305.70999,59054
2026-08-04 12:07:00,305.77991,305.90991,305.70999,305.76501,54332
2026-08-04 12:06:00,306.090088,306.10229,305.73001,305.75,74416
2026-08-04 12:05:00,306.19000,306.25,306.079987,306.10001,62027
2026-08-04 12:04:00,306.34500,306.38000,306.14499,306.19931,74627
2026-08-04 12:03:00,306.36499,306.43,306.30280,306.34000,237012
2026-08-04 12:02:00,306.39999,306.45001,306.32001,306.37000,61599
2026-08-04 12:01:00,306.25,306.39499,306.23999,306.39499,48920
2026-08-04 12:00:00,306.33749,306.33749,306.17999,306.26999,50188
2026-08-04 11:59:00,306.37991,306.38000,306.28000,306.34500,34920
2026-08-04 11:58:00,306.37000,306.395,306.29001,306.36041,50132
2026-08-04 11:57:00,306.27499,306.38000,306.17999,306.38000,50282
2026-08-04 11:56:00,306.18329,306.35010,306.17499,306.26001,69301
2026-08-04 11:55:00,306.26001,306.27,306.13000,306.19000,52662
2026-08-04 11:54:00,306.32999,306.38690,306.23001,306.26999,402112
2026-08-04 11:53:00,306.61499,306.62991,306.32999,306.32999,61869
2026-08-04 11:52:00,306.52011,306.67001,306.37750,306.61499,94757
2026-08-04 11:51:00,306.51001,306.60699,306.50021,306.51999,56670
2026-08-04 11:50:00,306.38000,306.54001,306.34000,306.52509,54683
2026-08-04 11:49:00,306.45499,306.46500,306.36499,306.37949,53791
2026-08-04 11:48:00,306.31000,306.54001,306.31000,306.42001,55913
2026-08-04 11:47:00,306.29950,306.39001,306.26001,306.29999,50083
2026-08-04 11:46:00,306.17001,306.32001,306.17001,306.28000,47641
2026-08-04 11:45:00,306.26001,306.28,306.09,306.17999,56660
2026-08-04 11:44:00,306.28311,306.35001,306.12000,306.25989,46410
2026-08-04 11:43:00,306.28000,306.31030,306.16000,306.29001,42857
2026-08-04 11:42:00,306.28000,306.35001,306.19489,306.27771,46943
2026-08-04 11:41:00,306.35001,306.45999,306.26001,306.28000,52225
2026-08-04 11:40:00,306.43011,306.49,306.26001,306.35999,65151
2026-08-04 11:39:00,306.66779,306.66779,306.39999,306.44000,59919
2026-08-04 11:38:00,306.57999,306.73001,306.51389,306.67001,126700
2026-08-04 11:37:00,306.44000,306.64001,306.39499,306.54999,82706
2026-08-04 11:36:00,306.42001,306.57999,306.41000,306.43011,82233
2026-08-04 11:35:00,305.98001,306.41751,305.95999,306.41000,74917
2026-08-04 11:34:00,305.62000,305.98999,305.55499,305.95001,77882
2026-08-04 11:33:00,305.625,305.70001,305.48999,305.61771,81549
2026-08-04 11:32:00,305.63501,305.74,305.57501,305.63000,68133
2026-08-04 11:31:00,305.73999,305.78,305.51999,305.63000,65579
2026-08-04 11:30:00,305.67001,305.85501,305.64999,305.73999,73440
2026-08-04 11:29:00,305.70499,305.76501,305.60999,305.67389,65326
2026-08-04 11:28:00,306.0050049,306.0050049,305.60001,305.70499,90773
2026-08-04 11:27:00,306.32999,306.36,305.95001,306,78166
2026-08-04 11:26:00,306.39999,306.44000,306.23001,306.32999,82003
2026-08-04 11:25:00,306.45001,306.57169,306.39001,306.39999,106826
2026-08-04 11:24:00,305.91000,306.48999,305.88,306.46500,93443
2026-08-04 11:23:00,305.95001,306,305.88501,305.89999,79417
2026-08-04 11:22:00,305.91000,306.029999,305.82999,305.94000,75734
2026-08-04 11:21:00,305.84000,305.98001,305.82999,305.89499,82259
2026-08-04 11:20:00,306.099915,306.12970,305.81000,305.84009,83817
2026-08-04 11:19:00,306.19000,306.19000,306.010010,306.10001,56142
2026-08-04 11:18:00,306.15500,306.28000,306.13000,306.20001,65333
2026-08-04 11:17:00,306.16000,306.17,306.040009,306.15500,76147
2026-08-04 11:16:00,306.44000,306.44000,306.16000,306.16000,62443
2026-08-04 11:15:00,306.26999,306.43,306.26001,306.41769,88290
2026-08-04 11:14:00,306.39001,306.41000,306.16,306.24231,71871
2026-08-04 11:13:00,306.32999,306.42001,306.25,306.41000,64612
2026-08-04 11:12:00,306.29501,306.38000,306.18011,306.32001,65165
2026-08-04 11:11:00,306.48499,306.485,306.21011,306.29999,78745
2026-08-04 11:10:00,306.38000,306.5,306.35001,306.5,93654
2026-08-04 11:09:00,306.13000,306.42001,306.10999,306.39001,242859
2026-08-04 11:08:00,306.10001,306.13000,305.98230,306.10999,70749
2026-08-04 11:07:00,306.13000,306.16000,305.97,306.10001,66809
2026-08-04 11:06:00,306.16000,306.17001,306.010010,306.12000,87039
2026-08-04 11:05:00,306.15991,306.25,306.14999,306.17001,80174
2026-08-04 11:04:00,306.080109,306.18,306.079987,306.14001,70407
2026-08-04 11:03:00,306.030090,306.15991,305.92999,306.070007,58418
2026-08-04 11:02:00,306.059998,306.08,305.92,306.029999,61974
2026-08-04 11:01:00,305.92999,306.20001,305.88000,306.069489,78132
2026-08-04 11:00:00,306.25,306.25,305.91000,305.92999,72849
2026-08-04 10:59:00,306.13000,306.25,306.029999,306.23499,62425
2026-08-04 10:58:00,306.11499,306.16489,306.049988,306.14001,49257
2026-08-04 10:57:00,306.10001,306.17001,306.045,306.11069,53183
2026-08-04 10:56:00,306.16501,306.19000,306,306.089996,56575
2026-08-04 10:55:00,306.10999,306.23001,306.000091553,306.16501,513033
2026-08-04 10:54:00,306.070007,306.14999,306.049988,306.10001,63093
2026-08-04 10:53:00,306.23001,306.23001,305.97,306.084991,87816
2026-08-04 10:52:00,306.32501,306.41000,306.16000,306.20969,108499
2026-08-04 10:51:00,306.19940,306.51001,306.17001,306.32001,85017
2026-08-04 10:50:00,306.31229,306.45001,306.14999,306.17999,87354
2026-08-04 10:49:00,306.14999,306.42001,306.12009,306.32001,90903
2026-08-04 10:48:00,305.92999,306.17001,305.88000,306.14990,69104
2026-08-04 10:47:00,305.78500,306.040009,305.78,305.94501,80395
2026-08-04 10:46:00,305.64999,305.84000,305.60999,305.76999,65099
2026-08-04 10:45:00,305.47501,305.70499,305.39999,305.64999,75739
2026-08-04 10:44:00,305.35999,305.60989,305.34000,305.48001,76246
2026-08-04 10:43:00,305.44000,305.5,305.32001,305.34500,75095
2026-08-04 10:42:00,305.34000,305.48651,305.29001,305.42001,69636
2026-08-04 10:41:00,305.56500,305.57999,305.22501,305.32999,116526
2026-08-04 10:40:00,305.85501,305.90689,305.45001,305.56500,131455
2026-08-04 10:39:00,306.17001,306.25,305.76999,305.85501,132431
2026-08-04 10:38:00,306.42001,306.51,306.16000,306.16000,158438
2026-08-04 10:37:00,306.38000,306.45029,306.32001,306.41330,75664
2026-08-04 10:36:00,306.39001,306.48001,306.32,306.33011,116020
2026-08-04 10:35:00,306.28000,306.39999,306.20001,306.38989,117381
2026-08-04 10:34:00,306.20999,306.35999,306.16,306.29501,125375
2026-08-04 10:33:00,306.15500,306.35001,306.06,306.20001,144263
2026-08-04 10:32:00,306.45200,306.5,306.10999,306.15500,126024
2026-08-04 10:31:00,306.55499,306.59,306.28009,306.45999,143801
2026-08-04 10:30:00,306.85999,306.89990,306.51001,306.55499,150216
2026-08-04 10:29:00,306.84000,306.92001,306.79001,306.81000,99477
2026-08-04 10:28:00,306.89999,306.92999,306.66000,306.82001,129723
2026-08-04 10:27:00,306.57999,306.92999,306.5,306.91501,128738
2026-08-04 10:26:00,306.73999,306.76001,306.48001,306.55499,173173
2026-08-04 10:25:00,306.77499,306.95999,306.60001,306.75,180084
2026-08-04 10:24:00,306.79990,306.95001,306.70200,306.79001,164357
2026-08-04 10:23:00,306.72000,306.89999,306.67999,306.81000,150043
2026-08-04 10:22:00,306.96500,307.14001,306.64001,306.73071,207220
2026-08-04 10:21:00,306.85001,306.98999,306.60999,306.98151,194170
2026-08-04 10:20:00,306.60001,306.86,306.55499,306.82001,197187
2026-08-04 10:19:00,306.70499,306.70990,306.5,306.61499,169056
2026-08-04 10:18:00,306.62000,306.76001,306.33200,306.72000,209689
2026-08-04 10:17:00,306.33401,306.64001,306.25,306.62000,211929
2026-08-04 10:16:00,305.95999,306.37201,305.82999,306.32001,232456
2026-08-04 10:15:00,305.76001,305.95999,305.70999,305.95001,139208
2026-08-04 10:14:00,305.40500,305.87000,305.40500,305.75,200176
2026-08-04 10:13:00,305.18500,305.47720,305.089996,305.40500,115227
2026-08-04 10:12:00,305.27499,305.31000,305.029999,305.17001,120152
2026-08-04 10:11:00,305.54001,305.54001,305.17001,305.25,142426
2026-08-04 10:10:00,305.53000,305.76999,305.12000,305.56500,249246
2026-08-04 10:09:00,305.029999,305.57001,305,305.53000,214173
2026-08-04 10:08:00,304.67999,305.14999,304.64001,305.021301,142081
2026-08-04 10:07:00,304.92001,304.98999,304.5,304.69299,95897
2026-08-04 10:06:00,304.69000,304.92999,304.47000,304.92001,121503
2026-08-04 10:05:00,304.79999,304.84,304.41000,304.67999,105182
2026-08-04 10:04:00,304.61499,304.88000,304.57,304.79501,102008
2026-08-04 10:03:00,304.96500,304.98999,304.56000,304.57501,156717
2026-08-04 10:02:00,304.79001,305.14990,304.79001,304.95001,78230
2026-08-04 10:01:00,305.049988,305.20001,304.78000,304.81000,114659
2026-08-04 10:00:00,305.28500,305.42001,305.040009,305.065002,160311
2026-08-04 09:59:00,305.089996,305.39999,305.089996,305.29999,148104
2026-08-04 09:58:00,304.95999,305.39001,304.95001,305.10999,179213
2026-08-04 09:57:00,305.16000,305.32999,304.92999,304.97501,153591
2026-08-04 09:56:00,304.70999,305.31000,304.60999,305.17999,196700
2026-08-04 09:55:00,304.17999,304.73001,303.99899,304.73001,211854
2026-08-04 09:54:00,304.71500,304.74438,304.091187,304.20999,153421
2026-08-04 09:53:00,304.60001,304.81479,304.5,304.71500,119111
2026-08-04 09:52:00,305.20999,305.28000,304.60999,304.61499,218656
2026-08-04 09:51:00,304.92999,305.37000,304.89001,305.19000,271882
2026-08-04 09:50:00,304.72000,305.05,304.42999,304.89999,228896
2026-08-04 09:49:00,304.375,305.070007,304.29999,304.75500,258968
2026-08-04 09:48:00,304.57999,304.75,304.29001,304.32999,239078
2026-08-04 09:47:00,303.92001,304.67999,303.89999,304.60001,195500
2026-08-04 09:46:00,304.28000,304.35001,303.81000,303.95929,226959
2026-08-04 09:45:00,303.79999,304.37,303.69000,304.22531,259382
2026-08-04 09:44:00,303.5,303.89001,303.34000,303.84000,234127
2026-08-04 09:43:00,302.95001,303.51999,302.85999,303.48499,300912
2026-08-04 09:42:00,303.14001,303.16000,302.70999,302.92001,251122
2026-08-04 09:41:00,303.39999,303.70990,303.14011,303.17001,244031
2026-08-04 09:40:00,303.26001,303.79001,302.89999,303.38000,399746
2026-08-04 09:39:00,302.57999,303.35001,302.54001,303.26501,308770
2026-08-04 09:38:00,302.89999,303.35999,302.45001,302.57999,452495
2026-08-04 09:37:00,302.86499,303.44000,302.53000,302.88000,415845
2026-08-04 09:36:00,303.75500,303.78,302.59000,302.87000,483491
2026-08-04 09:35:00,304.29001,304.45679,303.55011,303.76001,248337
2026-08-04 09:34:00,303.76849,304.48999,303.76849,304.34000,383262
2026-08-04 09:33:00,303.78500,303.85001,303.010010,303.76999,234596
2026-08-04 09:32:00,303.64499,303.94000,303.17999,303.79669,377056
2026-08-04 09:31:00,303.79501,303.81000,302.72,303.70999,395213
2026-08-04 09:30:00,303.79001,303.79001,301.38,303.74011,3876428
2026-08-03 15:59:00,302.95999,303.49,302.89999,303.26999,1640520
2026-08-03 15:58:00,302.85501,303,302.79999,302.95499,897486
2026-08-03 15:57:00,303.035004,303.13000,302.67999,302.87000,695576
2026-08-03 15:56:00,303.024994,303.13000,302.67999,303.029999,765929
2026-08-03 15:55:00,303.39999,303.49,302.89999,303.020996,524092
2026-08-03 15:54:00,303.20999,303.49,303.17001,303.40100,444772
2026-08-03 15:53:00,303.18500,303.33,303,303.20999,575842
2026-08-03 15:52:00,303.59500,303.73001,303.17999,303.18500,430941
2026-08-03 15:51:00,303.73999,303.75,303.26999,303.59500,430733
2026-08-03 15:50:00,304,304.5,303.73999,303.75,462122
2026-08-03 15:49:00,304.015015,304.070007,303.89999,304.010010,421632
2026-08-03 15:48:00,304.24991,304.28000,304.0025024,304.015015,201227
2026-08-03 15:47:00,304.46500,304.47000,303.96500,304.24249,727047
2026-08-03 15:46:00,304.73999,304.75,304.45999,304.45999,102238
2026-08-03 15:45:00,304.82501,304.82510,304.73999,304.74500,107490
2026-08-03 15:44:00,304.73499,304.84839,304.73,304.82501,144742
2026-08-03 15:43:00,304.56500,304.76001,304.565,304.73499,128895
2026-08-03 15:42:00,304.61621,304.66000,304.5,304.56500,124078
2026-08-03 15:41:00,304.89001,304.91000,304.45001,304.61499,402499
2026-08-03 15:40:00,305,305.010010,304.89,304.89499,95734
2026-08-03 15:39:00,305.045013,305.049988,305,305,78270
2026-08-03 15:38:00,305.040009,305.049988,305.04,305.045013,55449
2026-08-03 15:37:00,305.045013,305.049988,305.04,305.045013,71631
2026-08-03 15:36:00,305.045013,305.05,305.04,305.045013,54685
2026-08-03 15:35:00,304.90500,305.05,304.89999,305.045013,87078
2026-08-03 15:34:00,304.94501,304.98999,304.89999,304.91000,96878
2026-08-03 15:33:00,304.89999,304.97000,304.89,304.94000,96234
2026-08-03 15:32:00,304.97501,304.97501,304.89,304.89001,124678
2026-08-03 15:31:00,305.040009,305.079987,304.975,304.97989,87267
2026-08-03 15:30:00,305.045013,305.05,304.98001,305.040009,110302
2026-08-03 15:29:00,304.97501,305.06,304.92999,305.045013,102495
2026-08-03 15:28:00,305.040009,305.065002,304.97000,304.98001,86151
2026-08-03 15:27:00,304.97000,305.08,304.96011,305.045013,107854
2026-08-03 15:26:00,304.98001,305.010010,304.94,304.96500,106889
2026-08-03 15:25:00,305.015015,305.04,304.92,304.98001,95954
2026-08-03 15:24:00,304.93500,305.019989,304.83499,305.015015,123384
2026-08-03 15:23:00,305.015015,305.015015,304.79999,304.93500,180955
2026-08-03 15:22:00,305.11990,305.14999,305.01,305.010010,129894
2026-08-03 15:21:00,305.45499,305.45901,305.11499,305.12000,95280
2026-08-03 15:20:00,305.57501,305.63000,305.45999,305.45999,84137
2026-08-03 15:19:00,305.53021,305.59,305.41000,305.57501,125692
2026-08-03 15:18:00,305.76501,305.76999,305.51501,305.60001,89184
2026-08-03 15:17:00,305.85999,305.88000,305.76001,305.76501,67869
2026-08-03 15:16:00,305.76501,305.88000,305.76,305.86499,73846
2026-08-03 15:15:00,305.90500,305.95001,305.76,305.76501,114714
2026-08-03 15:14:00,305.84000,305.92999,305.82,305.90500,61960
2026-08-03 15:13:00,305.77011,305.88000,305.75,305.83499,123867
2026-08-03 15:12:00,305.71500,305.78500,305.66,305.77499,108309
2026-08-03 15:11:00,305.80499,305.80991,305.70001,305.71500,77472
2026-08-03 15:10:00,305.84052,305.88000,305.76999,305.80499,93673
2026-08-03 15:09:00,305.74500,305.85001,305.67001,305.84500,72748
2026-08-03 15:08:00,305.95001,305.95001,305.70001,305.74500,107574
2026-08-03 15:07:00,305.60001,305.97000,305.595,305.95499,165080
2026-08-03 15:06:00,305.44000,305.62000,305.44,305.59500,106474
2026-08-03 15:05:00,305.45001,305.45001,305.25,305.43500,84345
2026-08-03 15:04:00,305.31500,305.51001,305.29999,305.44000,63970
2026-08-03 15:03:00,305.57501,305.57990,305.315,305.31500,74126
2026-08-03 15:02:00,305.26001,305.59,305.19,305.57501,84570
2026-08-03 15:01:00,305.29001,305.37000,305.25009,305.25500,38964
2026-08-03 15:00:00,305.20999,305.3,305.14499,305.28989,113555
2026-08-03 14:59:00,305.53000,305.57001,305.2,305.20999,117542
2026-08-03 14:58:00,305.27991,305.56900,305.26999,305.53949,72307
2026-08-03 14:57:00,305.27499,305.31,305.225,305.27499,54836
2026-08-03 14:56:00,305.25500,305.29501,305.17499,305.27499,150749
2026-08-03 14:55:00,305.14001,305.25,305.11249,305.25,59418
2026-08-03 14:54:00,305.15500,305.35001,305.11011,305.13000,94637
2026-08-03 14:53:00,305.14001,305.29,305.13501,305.16000,62061
2026-08-03 14:52:00,305.024994,305.13000,305.010101,305.13000,55496
2026-08-03 14:51:00,304.99500,305.045013,304.95499,305.024994,74619
2026-08-03 14:50:00,305.040009,305.070007,304.995,305,89378
2026-08-03 14:49:00,305.088989,305.088989,304.95999,305.040009,77374
2026-08-03 14:48:00,305.23499,305.275,305.070007,305.084991,71725
2026-08-03 14:47:00,305.17999,305.25,305.11011,305.23001,58513
2026-08-03 14:46:00,304.94501,305.17999,304.94501,305.17499,111433
2026-08-03 14:45:00,305.084991,305.089996,304.89999,304.95001,173498
2026-08-03 14:44:00,305.085114,305.10999,305.070007,305.084991,57369
2026-08-03 14:43:00,305.10010,305.16,305.040009,305.084991,98088
2026-08-03 14:42:00,305.22009,305.225,305.10999,305.11359,65373
2026-08-03 14:41:00,305.35999,305.49,305.22000,305.23001,104647
2026-08-03 14:40:00,305.26999,305.36,305.019989,305.35999,172704
2026-08-03 14:39:00,305.375,305.4,305.26999,305.28000,163791
2026-08-03 14:38:00,305.47501,305.49,305.31000,305.375,88980
2026-08-03 14:37:00,305.47000,305.51001,305.45001,305.47501,53611
2026-08-03 14:36:00,305.55499,305.56000,305.42999,305.47000,72990
2026-08-03 14:35:00,305.59009,305.65,305.46500,305.55499,71335
2026-08-03 14:34:00,305.57001,305.70001,305.54001,305.59991,63650
2026-08-03 14:33:00,305.78009,305.80991,305.5,305.56000,96503
2026-08-03 14:32:00,305.69000,305.84500,305.67999,305.78439,72019
2026-08-03 14:31:00,305.44501,305.72000,305.44501,305.68011,76607
2026-08-03 14:30:00,305.53000,305.63000,305.38000,305.44501,86691
2026-08-03 14:29:00,305.59000,305.60001,305.5,305.52029,100742
2026-08-03 14:28:00,305.76010,305.76999,305.56000,305.57999,79530
2026-08-03 14:27:00,305.90500,305.94000,305.725,305.76010,81415
2026-08-03 14:26:00,306.029999,306.037506,305.89,305.90500,81217
2026-08-03 14:25:00,305.95499,306.06,305.95499,306.035004,44128
2026-08-03 14:24:00,306.15009,306.15991,305.95001,305.95001,57906
2026-08-03 14:23:00,306.17001,306.20499,306.10999,306.15009,69805
2026-08-03 14:22:00,306.23499,306.26001,306.15079,306.17249,55399
2026-08-03 14:21:00,306.15009,306.26999,306.11499,306.23999,36352
2026-08-03 14:20:00,306.24500,306.29001,306.13000,306.15500,51870
2026-08-03 14:19:00,306.16501,306.26001,306.01,306.24249,63847
2026-08-03 14:18:00,306.19000,306.20001,306.16,306.16501,48281
2026-08-03 14:17:00,306.37000,306.37000,306.19,306.19000,85476
2026-08-03 14:16:00,306.23001,306.39001,306.22989,306.375,73940
2026-08-03 14:15:00,305.98999,306.24,305.98999,306.22989,61298
2026-08-03 14:14:00,306.075012,306.10999,305.94009,305.98499,67784
2026-08-03 14:13:00,305.90500,306.079987,305.83499,306.075012,85635
2026-08-03 14:12:00,306.0050049,306.21,305.90500,305.90500,136672
2026-08-03 14:11:00,305.98499,306.079987,305.98499,306.0010071,52947
2026-08-03 14:10:00,306.040100,306.089996,305.97000,305.98499,74363
2026-08-03 14:09:00,306.040100,306.049988,305.915,306.045013,62637
2026-08-03 14:08:00,306.0040894,306.16000,306,306.043610,57298
2026-08-03 14:07:00,306.25500,306.35999,305.89499,306.000091553,164362
2026-08-03 14:06:00,306.089996,306.27,306.089996,306.25500,81027
2026-08-03 14:05:00,306.19501,306.20999,306.065,306.089996,84946
2026-08-03 14:04:00,306.12900,306.22000,306.035,306.20001,122638
2026-08-03 14:03:00,306.20999,306.26001,306.010010,306.125,69139
2026-08-03 14:02:00,306.35999,306.44000,306.029999,306.19501,88575
2026-08-03 14:01:00,306.23499,306.44000,306.22,306.35501,90054
2026-08-03 14:00:00,306.071106,306.26,306.050110,306.23099,95046
2026-08-03 13:59:00,306.084991,306.19,306.01,306.075012,88068
2026-08-03 13:58:00,305.95499,306.10001,305.88010,306.084991,103167
2026-08-03 13:57:00,305.72501,305.98001,305.64999,305.95749,163126
2026-08-03 13:56:00,305.66501,305.74991,305.53009,305.73001,113280
2026-08-03 13:55:00,305.95099,305.95511,305.58011,305.66501,104495
2026-08-03 13:54:00,305.96500,306.019989,305.89999,305.95010,80018
2026-08-03 13:53:00,306.34009,306.35001,305.95999,305.96500,98132
2026-08-03 13:52:00,306.31500,306.37,306.29999,306.34500,45364
2026-08-03 13:51:00,306.31500,306.39999,306.31000,306.31500,51438
2026-08-03 13:50:00,306.25,306.38000,306.25,306.31989,71316
2026-08-03 13:49:00,306.31961,306.31961,306.12061,306.24991,124114
2026-08-03 13:48:00,306.55499,306.555,306.31000,306.31000,67665
2026-08-03 13:47:00,306.64011,306.64990,306.48999,306.56000,56337
2026-08-03 13:46:00,306.73499,306.74991,306.6,306.64099,51032
2026-08-03 13:45:00,306.78000,306.79,306.67999,306.73499,60974
2026-08-03 13:44:00,306.69501,306.79999,306.69000,306.79001,48066
2026-08-03 13:43:00,306.63989,306.71,306.5,306.69501,71792
2026-08-03 13:42:00,306.64001,306.68991,306.62000,306.63989,55788
2026-08-03 13:41:00,306.75,306.78500,306.63010,306.63101,54287
2026-08-03 13:40:00,306.53500,306.76001,306.53000,306.74500,61754
2026-08-03 13:39:00,306.42001,306.58499,306.42001,306.53500,60402
2026-08-03 13:38:00,306.38501,306.54,306.19000,306.41501,135018
2026-08-03 13:37:00,306.61749,306.64001,306.32999,306.39001,86188
2026-08-03 13:36:00,306.73499,306.82001,306.57999,306.61990,94697
2026-08-03 13:35:00,306.81500,306.82,306.67,306.73001,81724
2026-08-03 13:34:00,306.80499,306.85001,306.70001,306.81500,83187
2026-08-03 13:33:00,306.85501,306.90991,306.73999,306.80499,87960
2026-08-03 13:32:00,306.80911,307.010010,306.80499,306.85989,70597
2026-08-03 13:31:00,306.91000,306.91501,306.79,306.80499,64714
2026-08-03 13:30:00,307.22501,307.23001,306.92990,306.92990,87923
2026-08-03 13:29:00,307.32501,307.35001,307.22009,307.22501,63562
2026-08-03 13:28:00,307.29999,307.37,307.24500,307.32501,71295
2026-08-03 13:27:00,307.35501,307.38000,307.25,307.30499,65249
2026-08-03 13:26:00,307.46701,307.46701,307.31500,307.35001,76341
2026-08-03 13:25:00,307.20001,307.54001,307.16000,307.46500,162326
2026-08-03 13:24:00,307.039886,307.22,307,307.20010,124712
2026-08-03 13:23:00,307.054993,307.070007,306.875,307.035004,429973
2026-08-03 13:22:00,306.88989,307.23001,306.85010,307.054993,105679
2026-08-03 13:21:00,306.95010,307.06,306.84,306.88501,75119
2026-08-03 13:20:00,307.050110,307.050110,306.80011,306.95999,113724
2026-08-03 13:19:00,306.99500,307.15,306.93069,307.059906,88464
2026-08-03 13:18:00,307.23999,307.27,306.98999,306.99011,106276
2026-08-03 13:17:00,306.98001,307.26999,306.98001,307.24991,105599
2026-08-03 13:16:00,306.83499,307.029907,306.82999,306.98001,102102
2026-08-03 13:15:00,306.70499,306.89001,306.665,306.83499,75775
2026-08-03 13:14:00,306.73001,306.73001,306.53101,306.70499,78483
2026-08-03 13:13:00,306.76001,306.79001,306.53000,306.73001,423857
2026-08-03 13:12:00,306.93051,306.93500,306.73999,306.76001,89599
2026-08-03 13:11:00,306.91000,307,306.89001,306.93500,65483
2026-08-03 13:10:00,306.82251,306.905,306.72000,306.89999,87659
2026-08-03 13:09:00,306.73999,306.85001,306.73999,306.82501,65190
2026-08-03 13:08:00,306.80499,306.81000,306.585,306.73499,70182
2026-08-03 13:07:00,307.049988,307.05,306.79999,306.80011,76674
2026-08-03 13:06:00,307.015015,307.06,307,307.049988,73462
2026-08-03 13:05:00,306.94501,307.070007,306.94501,307.019989,92904
2026-08-03 13:04:00,306.63019,306.94501,306.58499,306.94501,97071
2026-08-03 13:03:00,306.45499,306.66000,306.42499,306.63501,66306
2026-08-03 13:02:00,306.49500,306.5,306.37000,306.45511,80577
2026-08-03 13:01:00,306.44501,306.5,306.445,306.49991,39461
2026-08-03 13:00:00,306.61499,306.65,306.39999,306.44000,74260
2026-08-03 12:59:00,306.47501,306.64999,306.43500,306.60999,47958
2026-08-03 12:58:00,306.49500,306.61,306.40500,306.48001,79090
2026-08-03 12:57:00,306.47000,306.49991,306.38,306.49500,57104
2026-08-03 12:56:00,306.50009,306.51001,306.35010,306.47000,57957
2026-08-03 12:55:00,306.56989,306.67001,306.42499,306.50500,60591
2026-08-03 12:54:00,306.69501,306.72000,306.325,306.55499,72095
2026-08-03 12:53:00,306.57999,306.70001,306.51999,306.69009,79243
2026-08-03 12:52:00,306.54501,306.775,306.465,306.58499,281526
2026-08-03 12:51:00,306.37640,306.66000,306.37000,306.54001,113092
2026-08-03 12:50:00,306.20999,306.38000,306.14499,306.375,103194
2026-08-03 12:49:00,305.95999,306.20999,305.95999,306.20499,77702
2026-08-03 12:48:00,306.18500,306.23001,305.89999,305.95999,124963
2026-08-03 12:47:00,306.25500,306.32001,306.16,306.18500,103130
2026-08-03 12:46:00,306.44000,306.45001,306.14001,306.25500,101145
2026-08-03 12:45:00,306.66910,306.67001,306.40500,306.43219,101046
2026-08-03 12:44:00,306.99500,306.99500,306.51999,306.66000,140993
2026-08-03 12:43:00,307.054993,307.09,306.92999,306.96500,106725
2026-08-03 12:42:00,307.14001,307.18,307.02,307.059998,121468
2026-08-03 12:41:00,306.97000,307.16989,306.95,307.13501,111047
2026-08-03 12:40:00,306.87991,307.11,306.795,306.95001,161343
2026-08-03 12:39:00,306.53781,306.88000,306.42001,306.875,112205
2026-08-03 12:38:00,306.63501,306.81,306.50250,306.54999,128619
2026-08-03 12:37:00,306.28000,306.64001,306.27,306.63501,99852
2026-08-03 12:36:00,306.17999,306.32001,306.045,306.26370,120491
2026-08-03 12:35:00,306.41000,306.42,306.14999,306.20001,194503
2026-08-03 12:34:00,306.60999,306.65,306.41010,306.41010,147586
2026-08-03 12:33:00,306.59500,306.64999,306.53000,306.60999,117047
2026-08-03 12:32:00,306.73010,306.87,306.50031,306.59900,172137
2026-08-03 12:31:00,306.48999,306.89001,306.47000,306.73999,206915
2026-08-03 12:30:00,306.35001,306.62000,306.345,306.48001,250916
2026-08-03 12:29:00,306.17001,306.35999,306.040009,306.35999,156281
2026-08-03 12:28:00,306.054993,306.17990,305.93,306.17001,171000
2026-08-03 12:27:00,305.88010,306.06,305.78500,306.054993,176386
2026-08-03 12:26:00,305.42001,306.079987,305.42001,305.88501,236470
2026-08-03 12:25:00,305.14499,305.5,305.045,305.42499,137395
2026-08-03 12:24:00,304.78900,305.15,304.70001,305.14499,137386
2026-08-03 12:23:00,304.82501,305.17999,304.78000,304.78500,175823
2026-08-03 12:22:00,304.81000,304.89001,304.79721,304.82501,84647
2026-08-03 12:21:00,304.70999,304.8,304.69,304.79999,101261
2026-08-03 12:20:00,304.45099,304.72000,304.45,304.70999,110547
2026-08-03 12:19:00,304.28500,304.53,304.26501,304.45999,122456
2026-08-03 12:18:00,304.26501,304.28500,304.15500,304.28500,80147
2026-08-03 12:17:00,304.33011,304.34,304.20999,304.26511,73629
2026-08-03 12:16:00,304.36200,304.47989,304.25,304.32001,102899
2026-08-03 12:15:00,304.045013,304.38000,304.04,304.35501,161042
2026-08-03 12:14:00,303.85501,304.07,303.84,304.040100,110512
2026-08-03 12:13:00,303.85501,303.87000,303.73499,303.85501,92369
2026-08-03 12:12:00,304.075012,304.09,303.75,303.85760,127223
2026-08-03 12:11:00,304.3125,304.36,304.040009,304.075012,128740
2026-08-03 12:10:00,304.10501,304.31500,304.10501,304.31500,97680
2026-08-03 12:09:00,304.51999,304.51999,304.10001,304.10999,179808
2026-08-03 12:08:00,304.94000,305.040009,304.5,304.5,213285
2026-08-03 12:07:00,304.42499,304.95001,304.41,304.93991,170186
2026-08-03 12:06:00,304.29999,304.42999,304.25,304.42499,86077
2026-08-03 12:05:00,304.33499,304.4,304.035004,304.29089,304665
2026-08-03 12:04:00,304.10999,304.44000,304.089996,304.33990,116831
2026-08-03 12:03:00,304.084991,304.14,303.825,304.11499,114214
2026-08-03 12:02:00,303.92499,304.12000,303.73001,304.084991,134597
2026-08-03 12:01:00,304.040009,304.12000,303.77499,303.92499,185345
2026-08-03 12:00:00,303.77499,304.059387,303.77,304.035004,122813
2026-08-03 11:59:00,303.54999,303.79001,303.53000,303.77499,113725
2026-08-03 11:58:00,303.48999,303.66000,303.47000,303.53000,101395
2026-08-03 11:57:00,303.32001,303.5,303.32001,303.48999,100976
2026-08-03 11:56:00,303.21500,303.43,303.17999,303.31500,111037
2026-08-03 11:55:00,303.084991,303.25,303.08,303.21500,106167
2026-08-03 11:54:00,303.0098877,303.091095,302.89999,303.084991,68439
2026-08-03 11:53:00,302.93500,303.040009,302.85999,303.0050049,85266
2026-08-03 11:52:00,303.10999,303.19000,302.91,302.94000,112895
2026-08-03 11:51:00,302.86499,303.12769,302.84009,303.10901,102150
2026-08-03 11:50:00,302.75500,302.95990,302.74500,302.86621,103873
2026-08-03 11:49:00,302.87000,302.94000,302.75,302.75110,101215
2026-08-03 11:48:00,302.69501,302.86990,302.66,302.85999,108669
2026-08-03 11:47:00,302.72501,302.76001,302.56000,302.69501,160253
2026-08-03 11:46:00,303.015015,303.11,302.72000,302.72501,196325
2026-08-03 11:45:00,303.16501,303.16989,303.01,303.010010,122437
2026-08-03 11:44:00,303.20499,303.24991,303.11011,303.16010,140565
2026-08-03 11:43:00,303.25,303.295,303.17999,303.20010,159118
2026-08-03 11:42:00,303.68991,303.68991,303.23001,303.23999,162154
2026-08-03 11:41:00,303.74500,303.76001,303.56000,303.67999,112636
2026-08-03 11:40:00,303.81000,303.88000,303.68500,303.74301,120082
2026-08-03 11:39:00,304.10501,304.15,303.79999,303.80899,112479
2026-08-03 11:38:00,304.21500,304.29001,304.070007,304.10501,100688
2026-08-03 11:37:00,304.11499,304.39499,304.10999,304.21500,151446
2026-08-03 11:36:00,303.67999,304.13000,303.67001,304.11011,118782
2026-08-03 11:35:00,303.625,303.76001,303.60001,303.66000,95210
2026-08-03 11:34:00,303.60999,303.75500,303.5,303.62000,138741
2026-08-03 11:33:00,303.91000,303.95001,303.59000,303.61499,129141
2026-08-03 11:32:00,303.62000,303.95999,303.6,303.91501,219498
2026-08-03 11:31:00,303.94000,303.95001,303.64999,303.65009,205499
2026-08-03 11:30:00,304.21500,304.24,303.94,303.95599,144986
2026-08-03 11:29:00,303.99500,304.28000,303.89999,304.21500,118029
2026-08-03 11:28:00,304.17499,304.19000,303.98999,303.99500,177720
2026-08-03 11:27:00,304.35001,304.35001,304,304.17999,385047
2026-08-03 11:26:00,304.70999,304.74,304.34000,304.40640,165431
2026-08-03 11:25:00,304.89499,304.89499,304.69009,304.70999,175836
2026-08-03 11:24:00,304.93500,305.049988,304.82001,304.89499,110053
2026-08-03 11:23:00,304.95001,305.05,304.72000,304.93011,144540
2026-08-03 11:22:00,304.98499,305.05,304.83499,304.95001,145534
2026-08-03 11:21:00,304.85910,305.010010,304.795,304.98099,110205
2026-08-03 11:20:00,305.19501,305.21,304.79999,304.87000,196524
2026-08-03 11:19:00,305.39999,305.39999,305.1,305.19000,602237
2026-08-03 11:18:00,305.41501,305.64001,305.39499,305.40500,116304
2026-08-03 11:17:00,305.38501,305.79999,305.325,305.42001,168285
2026-08-03 11:16:00,305.26001,305.39401,305.17499,305.38501,56147
2026-08-03 11:15:00,305.14999,305.44000,305.10999,305.25,99677
2026-08-03 11:14:00,305.375,305.48001,305.13000,305.15720,112340
2026-08-03 11:13:00,305.39001,305.48001,305.019989,305.35999,143106
2026-08-03 11:12:00,305.15500,305.48999,305.054993,305.38000,189910
2026-08-03 11:11:00,305,305.17001,304.89999,305.15500,137839
2026-08-03 11:10:00,304.89499,305.070007,304.865,305,185319
2026-08-03 11:09:00,304.76001,304.94931,304.66000,304.89001,80962
2026-08-03 11:08:00,304.79501,305.089996,304.72000,304.76501,146615
2026-08-03 11:07:00,304.75500,304.89999,304.60001,304.79990,145271
2026-08-03 11:06:00,304.80969,304.85001,304.67999,304.75500,212705
2026-08-03 11:05:00,304.95001,305.029999,304.79999,304.80011,181511
2026-08-03 11:04:00,305.29999,305.46500,304.95071,304.96500,144160
2026-08-03 11:03:00,305.49500,305.67001,305.12000,305.32611,232789
2026-08-03 11:02:00,304.85901,305.56000,304.81229,305.49500,254862
2026-08-03 11:01:00,305.33011,305.41000,304.85449,304.85999,284990
2026-08-03 11:00:00,305.34500,305.47000,305.28000,305.33499,96421
2026-08-03 10:59:00,305.19501,305.46,305.105,305.35001,117846
2026-08-03 10:58:00,305.11499,305.435,305.1,305.17999,144719
2026-08-03 10:57:00,305.26999,305.27930,305.020111,305.11011,97915
2026-08-03 10:56:00,305.16501,305.27969,305.040009,305.26999,161542
2026-08-03 10:55:00,305.41501,305.66000,305.17050,305.17050,175394
2026-08-03 10:54:00,305.69000,305.72,305.40500,305.41000,97845
2026-08-03 10:53:00,305.78500,305.97000,305.59500,305.69000,151846
2026-08-03 10:52:00,305.42001,305.79001,305.42001,305.78500,128329
2026-08-03 10:51:00,305.37000,305.60001,305.30499,305.41501,147400
2026-08-03 10:50:00,305.28000,305.48999,305.23499,305.37000,128840
2026-08-03 10:49:00,305.36011,305.62000,305.080109,305.28000,220493
2026-08-03 10:48:00,305.61499,305.64999,305.35999,305.35999,209975
2026-08-03 10:47:00,305.93500,306.029999,305.61499,305.62000,149971
2026-08-03 10:46:00,306.26501,306.26501,305.88010,305.93500,131351
2026-08-03 10:45:00,305.75500,306.44000,305.75500,306.26010,160732
2026-08-03 10:44:00,305.81000,305.89001,305.735,305.75500,70788
2026-08-03 10:43:00,305.72501,305.89999,305.67001,305.81000,108697
2026-08-03 10:42:00,305.68500,305.75,305.54999,305.72501,76906
2026-08-03 10:41:00,305.44501,305.77771,305.41010,305.68500,117966
2026-08-03 10:40:00,305.51501,305.655,305.34009,305.44501,130547
2026-08-03 10:39:00,305.60999,305.71,305.41000,305.50009,201821
2026-08-03 10:38:00,305.82001,305.85,305.39999,305.61499,150153
2026-08-03 10:37:00,306.085999,306.085999,305.73499,305.81000,142539
2026-08-03 10:36:00,305.82010,306.17700,305.82001,306.084991,139605
2026-08-03 10:35:00,305.63989,305.89001,305.50421,305.82501,117956
2026-08-03 10:34:00,305.44501,305.64999,305.25,305.625,180288
2026-08-03 10:33:00,305.33499,305.59000,305.29999,305.44501,123042
2026-08-03 10:32:00,305.57001,305.67999,305.32999,305.33499,167609
2026-08-03 10:31:00,305.59509,305.63501,305.5,305.56989,127912
2026-08-03 10:30:00,305.54999,305.60001,305.5,305.59100,112034
2026-08-03 10:29:00,305.72009,305.72009,305.55011,305.55011,66617
2026-08-03 10:28:00,305.64499,305.73001,305.52011,305.73001,101086
2026-08-03 10:27:00,305.64001,305.84,305.64001,305.64011,64161
2026-08-03 10:26:00,305.76001,305.82001,305.51001,305.64999,106349
2026-08-03 10:25:00,306.010010,306.019989,305.75,305.75,82383
2026-08-03 10:24:00,305.82999,306.12000,305.78500,306.010010,91024
2026-08-03 10:23:00,305.69000,305.95990,305.62,305.82001,159330
2026-08-03 10:22:00,305.875,306,305.60999,305.69000,145102
2026-08-03 10:21:00,305.73499,306,305.59500,305.85339,140804
2026-08-03 10:20:00,306.21500,306.32001,305.66501,305.72000,184168
2026-08-03 10:19:00,306.29501,306.39001,306.14999,306.21500,88643
2026-08-03 10:18:00,306.37000,306.47699,306.10999,306.29999,87242
2026-08-03 10:17:00,306.34500,306.68,306.059998,306.40948,104553
2026-08-03 10:16:00,307,307.049103,306.165,306.33511,159980
2026-08-03 10:15:00,306.50500,307.21552,306.41000,306.98999,192372
2026-08-03 10:14:00,306,306.67001,305.82501,306.51001,193928
2026-08-03 10:13:00,305.45999,305.98999,305.41849,305.98999,151459
2026-08-03 10:12:00,305.53500,305.53500,305.20001,305.44009,117469
2026-08-03 10:11:00,305.57001,305.66501,305.29999,305.57501,154686
2026-08-03 10:10:00,305.51999,305.67001,305.049988,305.56000,216610
2026-08-03 10:09:00,304.76001,305.63000,304.69501,305.53000,163920
2026-08-03 10:08:00,304.87000,305.070007,304.67999,304.71500,226830
2026-08-03 10:07:00,304.45999,304.86749,304.45010,304.86749,140411
2026-08-03 10:06:00,304.5,304.69000,304.39001,304.45001,164835
2026-08-03 10:05:00,304.58569,304.78989,304.49500,304.49500,143535
2026-08-03 10:04:00,304.82510,304.84,304.44,304.60001,178759
2026-08-03 10:03:00,304.70499,304.94879,304.60999,304.82510,195009
2026-08-03 10:02:00,304.72501,305.29001,304.66360,304.72000,283321
2026-08-03 10:01:00,304.71991,305.12000,304.59000,304.72000,331332
2026-08-03 10:00:00,305.91000,305.91000,304.34000,304.70001,479510
2026-08-03 09:59:00,306.22501,306.23001,305.76999,305.91901,149478
2026-08-03 09:58:00,306.53000,306.67,306.1,306.23999,162856
2026-08-03 09:57:00,307.20499,307.20499,306.28009,306.53500,190068
2026-08-03 09:56:00,307.82501,307.84000,307.16000,307.20901,194746
2026-08-03 09:55:00,308.26999,308.28500,307.41501,307.82501,181729
2026-08-03 09:54:00,307.35229,308.29999,307.21500,308.29501,240795
2026-08-03 09:53:00,307.37000,307.51999,307.26010,307.34000,147646
2026-08-03 09:52:00,307.51001,307.51001,307.019989,307.375,155474
2026-08-03 09:51:00,307.67001,307.85,307.25040,307.44949,129987
2026-08-03 09:50:00,306.73999,307.82999,306.73,307.63000,233527
2026-08-03 09:49:00,305.92499,306.73990,305.78000,306.67999,154501
2026-08-03 09:48:00,306.20001,306.365,305.7,305.92999,258060
2026-08-03 09:47:00,305.59500,306.22440,305.595,306.19501,259831
2026-08-03 09:46:00,305.78000,305.94000,305.54999,305.59500,203234
2026-08-03 09:45:00,306.13501,306.41000,305.59500,305.75049,224785
2026-08-03 09:44:00,306.65201,306.85980,306,306.13501,162569
2026-08-03 09:43:00,307.21881,307.32990,306.38,306.67859,239468
2026-08-03 09:42:00,307.67499,307.68500,307.029999,307.25500,134647
2026-08-03 09:41:00,307.99500,308.29999,307.42,307.67499,227861
2026-08-03 09:40:00,306.94312,308.45999,306.85999,307.99500,337214
2026-08-03 09:39:00,306.83499,307.64001,306.73999,306.92001,280739
2026-08-03 09:38:00,307.024994,307.71991,306.70001,306.84000,249042
2026-08-03 09:37:00,307.19501,307.31000,306.4,307.029999,223067
2026-08-03 09:36:00,307.73999,307.98929,306.92999,307.24500,259860
2026-08-03 09:35:00,308.28500,308.48001,307.51999,307.75,210010
2026-08-03 09:34:00,308.23001,308.78989,307.245,308.28000,353318
2026-08-03 09:33:00,305.91000,308.34000,305.41000,308.23001,377688
2026-08-03 09:32:00,306.46500,306.61499,305.17001,305.87000,397489
2026-08-03 09:31:00,309.75,310.029999,305.52011,306.39319,777117
2026-08-03 09:30:00,309.67001,311.79999,309.34,309.76251,3149635
2026-07-31 15:59:00,309.64999,310.66000,308.44000,309.029999,2565164
2026-07-31 15:58:00,309.59000,310.09,309.024994,309.64011,2052730
2026-07-31 15:57:00,308.51999,309.70001,308.42999,309.59500,1221895
2026-07-31 15:56:00,308.16501,308.51999,307.98,308.50500,906089
2026-07-31 15:55:00,309.70999,309.86,307.64001,308.14999,1386786
2026-07-31 15:54:00,308.19000,309.99991,308.14999,309.72000,1607407
2026-07-31 15:53:00,306.82001,308.19000,306.79,308.19000,830038
2026-07-31 15:52:00,307.040009,307.14001,306.67999,306.83499,583348
2026-07-31 15:51:00,307.47501,307.53000,306.91,307.035004,726662
2026-07-31 15:50:00,306.69000,308.35001,306.67999,307.45999,1351695
2026-07-31 15:49:00,306.51001,306.73999,306.13,306.70999,477356
2026-07-31 15:48:00,306.38501,306.82999,306.29,306.51501,437429
2026-07-31 15:47:00,306.75,307.09,306.35999,306.375,556159
2026-07-31 15:46:00,306.62000,307.32999,306.62000,306.75,765716
2026-07-31 15:45:00,306.54001,306.63000,306.39999,306.62970,359258
2026-07-31 15:44:00,306.31000,306.62000,306.23999,306.53500,353353
2026-07-31 15:43:00,306.20001,306.49969,306.19980,306.31000,352480
2026-07-31 15:42:00,305.92001,306.26999,305.91,306.19000,369428
2026-07-31 15:41:00,305.91000,306.010010,305.82999,305.91000,280725
2026-07-31 15:40:00,305.14001,305.95999,305.10999,305.91910,334913
2026-07-31 15:39:00,305.85010,305.87,305.019989,305.14001,334159
2026-07-31 15:38:00,305.97000,306.083191,305.85001,305.86499,209496
2026-07-31 15:37:00,306.15500,306.16000,305.85001,305.96011,263508
2026-07-31 15:36:00,306.12000,306.415,306.079987,306.15900,278192
2026-07-31 15:35:00,305.87000,306.20001,305.76999,306.125,359994
2026-07-31 15:34:00,305.29999,305.86499,305.29501,305.85999,377087
2026-07-31 15:33:00,305.25,305.57001,305.070007,305.29999,390630
2026-07-31 15:32:00,305.31500,305.31500,305.10999,305.24500,273516
2026-07-31 15:31:00,305.38000,305.38000,305.105,305.29999,271376
2026-07-31 15:30:00,305.66000,305.84,305.28000,305.38000,366369
2026-07-31 15:29:00,305.35501,305.705,305.29,305.65500,221418
2026-07-31 15:28:00,305.15500,305.38000,305.14001,305.35501,198320
2026-07-31 15:27:00,305.26501,305.32001,305.10999,305.15500,145062
2026-07-31 15:26:00,305.22000,305.45001,305.14001,305.26199,290451
2026-07-31 15:25:00,305.34500,305.52,305.22,305.22000,197286
2026-07-31 15:24:00,305.19501,305.39990,305.17,305.34500,198407
2026-07-31 15:23:00,304.93500,305.23001,304.93500,305.20001,183987
2026-07-31 15:22:00,305.015015,305.05,304.85999,304.94000,224763
2026-07-31 15:21:00,304.91000,305.10999,304.785,305.015015,227567
2026-07-31 15:20:00,305.23999,305.23999,304.63501,304.92001,287074
2026-07-31 15:19:00,305.15100,305.42999,305.14001,305.24200,178858
2026-07-31 15:18:00,305.51001,305.51901,305.14999,305.16000,372034
2026-07-31 15:17:00,304.92999,305.70999,304.925,305.51501,308605
2026-07-31 15:16:00,304.98001,304.98999,304.73999,304.93500,1350783
2026-07-31 15:15:00,304.58499,305.070007,304.53000,304.97000,268564
2026-07-31 15:14:00,304.75800,304.84000,304.47000,304.57999,175887
2026-07-31 15:13:00,304.47000,304.76001,304.44501,304.75,218729
2026-07-31 15:12:00,304.63000,304.64001,304.39999,304.47000,230400
2026-07-31 15:11:00,304.65500,304.75,304.585,304.63800,232686
2026-07-31 15:10:00,304.41000,304.87000,304.39,304.64471,279770
2026-07-31 15:09:00,304.28500,304.53,304.23999,304.41501,409518
2026-07-31 15:08:00,304.075012,304.29999,304.019989,304.28500,179942
2026-07-31 15:07:00,304.049988,304.17001,303.93051,304.070007,208922
2026-07-31 15:06:00,303.69000,304.14001,303.67999,304.049988,272650
2026-07-31 15:05:00,303.75500,303.88000,303.64999,303.69000,191298
2026-07-31 15:04:00,303.39999,303.94000,303.39999,303.75,245713
2026-07-31 15:03:00,303.51001,303.64001,303.40009,303.42490,191090
2026-07-31 15:02:00,303.29001,303.62000,303.26,303.51999,222093
2026-07-31 15:01:00,303.14001,303.29999,303.079987,303.28989,143109
2026-07-31 15:00:00,302.84000,303.23001,302.78000,303.13000,252173
2026-07-31 14:59:00,302.57501,302.85999,302.42,302.82999,178485
2026-07-31 14:58:00,302.86099,302.87,302.46021,302.57501,148482
2026-07-31 14:57:00,302.85001,302.91000,302.83499,302.85999,98308
2026-07-31 14:56:00,302.91000,302.92999,302.785,302.85001,113019
2026-07-31 14:55:00,302.88501,302.94461,302.82999,302.89999,124655
2026-07-31 14:54:00,302.95499,303,302.79,302.88501,210354
2026-07-31 14:53:00,302.51999,302.95999,302.47,302.95001,185099
2026-07-31 14:52:00,302.32501,302.60001,302.315,302.52991,130044
2026-07-31 14:51:00,302.25,302.4,302.25,302.32501,174826
2026-07-31 14:50:00,302.29501,302.3,302.23999,302.25500,103002
2026-07-31 14:49:00,302.28979,302.34,302.25009,302.29501,93985
2026-07-31 14:48:00,302.32501,302.39,302.28000,302.28500,68430
2026-07-31 14:47:00,302.25,302.44000,302.25,302.32501,94377
2026-07-31 14:46:00,302.40500,302.44000,302.040100,302.26901,208742
2026-07-31 14:45:00,302.31500,302.54,302.31000,302.40500,150585
2026-07-31 14:44:00,302.10999,302.34500,302.10999,302.32239,146291
2026-07-31 14:43:00,302.015015,302.17999,301.98001,302.12000,123360
2026-07-31 14:42:00,302.0050049,302.10999,301.89,302.015015,142128
2026-07-31 14:41:00,302.090912,302.10001,301.91000,302,85413
2026-07-31 14:40:00,302.015015,302.18,301.95999,302.095001,109401
2026-07-31 14:39:00,301.94000,302.049988,301.92,302.015015,68276
2026-07-31 14:38:00,301.875,301.96500,301.85001,301.95001,97122
2026-07-31 14:37:00,302.14001,302.14981,301.88000,301.88000,110716
2026-07-31 14:36:00,302.040009,302.14999,302,302.14001,87696
2026-07-31 14:35:00,302.065002,302.16010,302.010010,302.049988,107971
2026-07-31 14:34:00,302.035004,302.16000,302.015015,302.061005,125633
2026-07-31 14:33:00,302,302.089905,301.95999,302.030090,131259
2026-07-31 14:32:00,301.92001,302.019989,301.85229,301.99100,95738
2026-07-31 14:31:00,301.92999,302.010010,301.75,301.91000,103825
2026-07-31 14:30:00,301.76001,301.99,301.74500,301.94000,127582
2026-07-31 14:29:00,301.78500,301.89001,301.70010,301.73001,109778
2026-07-31 14:28:00,301.70999,301.81500,301.67999,301.78000,71133
2026-07-31 14:27:00,301.84000,301.85001,301.73,301.75,85664
2026-07-31 14:26:00,302.066895,302.066895,301.84000,301.84500,114834
2026-07-31 14:25:00,302.34000,302.36,302.040009,302.049988,87800
2026-07-31 14:24:00,302.14001,302.42001,302.11499,302.32999,101311
2026-07-31 14:23:00,302.049988,302.28,302.019989,302.14001,113682
2026-07-31 14:22:00,302.095001,302.10001,301.97000,302.049988,93848
2026-07-31 14:21:00,302.039886,302.13000,301.98001,302.089996,102559
2026-07-31 14:20:00,302.019989,302.15,302,302.035004,107316
2026-07-31 14:19:00,301.89001,302.049988,301.76999,302.029999,68104
2026-07-31 14:18:00,301.87991,301.94000,301.70999,301.875,103344
2026-07-31 14:17:00,301.85999,301.87811,301.60999,301.86011,100225
2026-07-31 14:16:00,301.89230,301.92001,301.82999,301.86499,79993
2026-07-31 14:15:00,302.0050049,302.09,301.895,301.89999,138414
2026-07-31 14:14:00,301.82999,302.095001,301.82001,301.99500,197059
2026-07-31 14:13:00,301.48499,301.89999,301.45001,301.82501,267178
2026-07-31 14:12:00,301.31000,301.52,301.29999,301.48999,124549
2026-07-31 14:11:00,301.14999,301.37,301.14999,301.31000,131040
2026-07-31 14:10:00,300.97000,301.25,300.94000,301.14999,125183
2026-07-31 14:09:00,300.81500,300.99,300.69501,300.95499,191143
2026-07-31 14:08:00,300.88501,300.89999,300.78,300.82001,131458
2026-07-31 14:07:00,300.95010,301.049988,300.88000,300.88501,175481
2026-07-31 14:06:00,301.059998,301.070007,300.88,300.96500,124145
2026-07-31 14:05:00,301.065002,301.22501,300.99500,301.050903,105761
2026-07-31 14:04:00,301.0050049,301.17001,301,301.075012,109386
2026-07-31 14:03:00,301.089996,301.13501,300.94501,301,119067
2026-07-31 14:02:00,301.11499,301.29001,301.079987,301.084991,129386
2026-07-31 14:01:00,300.79001,301.18,300.78009,301.11499,163199
2026-07-31 14:00:00,300.64001,300.79001,300.595,300.79001,98818
2026-07-31 13:59:00,300.57999,300.68,300.5,300.64001,122991
2026-07-31 13:58:00,300.66501,300.805,300.58,300.59000,98137
2026-07-31 13:57:00,300.84500,300.85,300.62000,300.66501,112771
2026-07-31 13:56:00,300.79001,300.87,300.75229,300.84799,87000
2026-07-31 13:55:00,300.69000,300.86,300.68500,300.79001,100105
2026-07-31 13:54:00,300.60999,300.70001,300.53500,300.67999,138785
2026-07-31 13:53:00,301.14011,301.16000,300.61499,300.61499,207455
2026-07-31 13:52:00,301.10501,301.21,301.07,301.14999,87521
2026-07-31 13:51:00,301.16971,301.27,301.10001,301.10101,3113931
2026-07-31 13:50:00,301.16989,301.22000,301.089996,301.16000,83394
2026-07-31 13:49:00,301.25,301.26999,301.16,301.16000,66902
2026-07-31 13:48:00,301.079987,301.32001,301.060089,301.25909,95843
2026-07-31 13:47:00,301.16000,301.22791,301.07,301.084991,100163
2026-07-31 13:46:00,301.20499,301.29001,301.14999,301.17981,92681
2026-07-31 13:45:00,301.30499,301.42999,301.20999,301.20999,83969
2026-07-31 13:44:00,301.35019,301.42001,301.29001,301.30499,67481
2026-07-31 13:43:00,301.42499,301.59,301.35001,301.35501,111478
2026-07-31 13:42:00,301.51001,301.51950,301.41000,301.42499,79318
2026-07-31 13:41:00,301.57999,301.59000,301.46011,301.51001,84693
2026-07-31 13:40:00,301.39999,301.60001,301.39,301.57999,66902
2026-07-31 13:39:00,301.48499,301.55,301.39001,301.39001,60427
2026-07-31 13:38:00,301.44000,301.5,301.26999,301.48251,93322
2026-07-31 13:37:00,301.47000,301.54001,301.39999,301.42001,83750
2026-07-31 13:36:00,301.54001,301.72000,301.47,301.49680,94874
2026-07-31 13:35:00,301.45999,301.60001,301.42999,301.54010,81356
2026-07-31 13:34:00,301.48001,301.57001,301.42999,301.46899,84401
2026-07-31 13:33:00,301.26001,301.54999,301.25,301.48801,96018
2026-07-31 13:32:00,301.47501,301.48001,301.22031,301.25009,116997
2026-07-31 13:31:00,301.29990,301.51001,301.29001,301.47501,103249
2026-07-31 13:30:00,301.20001,301.33,301.10001,301.29501,88887
2026-07-31 13:29:00,301.13000,301.34,301.054993,301.20001,100592
2026-07-31 13:28:00,301.049896,301.22919,301.040497,301.12000,74835
2026-07-31 13:27:00,301.28000,301.33990,301.040009,301.049988,74334
2026-07-31 13:26:00,301.26001,301.34,301.24991,301.28000,56313
2026-07-31 13:25:00,301.34000,301.45001,301.25,301.25900,75578
2026-07-31 13:24:00,301.45001,301.52499,301.34009,301.35001,91045
2026-07-31 13:23:00,301.29001,301.51999,301.25,301.45001,95775
2026-07-31 13:22:00,301.39001,301.51501,301.28000,301.29971,94660
2026-07-31 13:21:00,301.54999,301.57001,301.35,301.39001,111817
2026-07-31 13:20:00,301.57901,301.66,301.535,301.54990,101720
2026-07-31 13:19:00,301.60001,301.69000,301.5,301.57501,84608
2026-07-31 13:18:00,301.26999,301.625,301.20001,301.59000,143011
2026-07-31 13:17:00,301.78000,301.79501,301.26010,301.26999,146286
2026-07-31 13:16:00,301.64001,301.83,301.63,301.76999,116336
2026-07-31 13:15:00,301.51501,301.70001,301.51501,301.64499,119747
2026-07-31 13:14:00,301.054993,301.60001,301,301.51999,113226
2026-07-31 13:13:00,301.10001,301.14001,301.040009,301.059998,78778
2026-07-31 13:12:00,301.035004,301.11929,300.95999,301.10001,84875
2026-07-31 13:11:00,301.17099,301.21509,300.96051,301.039001,113225
2026-07-31 13:10:00,301.17001,301.31500,301.10999,301.17499,108588
2026-07-31 13:09:00,301.42999,301.47000,301.14999,301.17099,82667
2026-07-31 13:08:00,301.35001,301.5,301.31000,301.44000,92764
2026-07-31 13:07:00,301.60501,301.62000,301.29999,301.34009,94184
2026-07-31 13:06:00,301.67001,301.72000,301.52020,301.60501,97953
2026-07-31 13:05:00,301.59000,301.78000,301.38000,301.66989,133984
2026-07-31 13:04:00,301.61899,301.74539,301.535,301.58499,95204
2026-07-31 13:03:00,301.16501,301.83429,301.16,301.60999,234745
2026-07-31 13:02:00,301.16010,301.19000,300.98,301.17661,94557
2026-07-31 13:01:00,300.95499,301.24390,300.95499,301.16501,104970
2026-07-31 13:00:00,300.85999,301.089996,300.85501,300.94009,94716
2026-07-31 12:59:00,300.69501,300.97000,300.69000,300.87000,97677
2026-07-31 12:58:00,300.45001,300.73950,300.39,300.70639,133018
2026-07-31 12:57:00,300.67001,300.68671,300.42010,300.45990,97575
2026-07-31 12:56:00,300.75,300.85999,300.58,300.68991,152201
2026-07-31 12:55:00,300.73001,300.89001,300.57001,300.76001,110134
2026-07-31 12:54:00,301.34000,301.37000,300.71500,300.72000,143146
2026-07-31 12:53:00,301.23999,301.54999,301.22,301.34000,212673
2026-07-31 12:52:00,301.079987,301.32001,301.079987,301.26001,154144
2026-07-31 12:51:00,300.75229,301.1,300.75229,301.079987,127630
2026-07-31 12:50:00,300.79001,300.83,300.57001,300.76001,93349
2026-07-31 12:49:00,301,301.015106,300.66000,300.78000,84648
2026-07-31 12:48:00,301.049988,301.11,300.89999,301.010010,120311
2026-07-31 12:47:00,300.63000,301.079987,300.42010,301.049988,133735
2026-07-31 12:46:00,300.5,300.67999,300.41000,300.63000,96373
2026-07-31 12:45:00,300.35999,300.49991,300.24500,300.49991,124092
2026-07-31 12:44:00,300.34000,300.42499,300.21011,300.36499,148225
2026-07-31 12:43:00,300.71500,300.81,300.20999,300.35001,259442
2026-07-31 12:42:00,300.79999,300.98001,300.69000,300.70999,158749
2026-07-31 12:41:00,300.89001,300.91000,300.60001,300.82001,110839
2026-07-31 12:40:00,300.54779,300.89001,300.48,300.88989,142825
2026-07-31 12:39:00,300.54999,300.71,300.48999,300.54999,142020
2026-07-31 12:38:00,300.72000,300.76001,300.54999,300.54999,100355
2026-07-31 12:37:00,300.66000,301.010010,300.57001,300.75,155071
2026-07-31 12:36:00,300.69000,300.70901,300.575,300.66000,122646
2026-07-31 12:35:00,300.51999,300.69000,300.35001,300.68991,125136
2026-07-31 12:34:00,300.33499,300.57,300.32999,300.53500,127501
2026-07-31 12:33:00,300.079987,300.45001,300,300.34509,445989
2026-07-31 12:32:00,300.46600,300.47,300.01,300.079987,279913
2026-07-31 12:31:00,300.39999,300.54999,300.28000,300.45999,205525
2026-07-31 12:30:00,300.56000,300.67999,300.1,300.38049,297715
2026-07-31 12:29:00,300.97000,300.98001,300.47,300.54001,199747
2026-07-31 12:28:00,300.82999,301,300.73001,300.97000,137195
2026-07-31 12:27:00,301.23999,301.29999,300.79999,300.82001,200765
2026-07-31 12:26:00,301.39001,301.43991,301.16000,301.23999,132644
2026-07-31 12:25:00,301.45001,301.57999,301.35001,301.38501,92743
2026-07-31 12:24:00,301.48990,301.58499,301.35999,301.44501,107492
2026-07-31 12:23:00,301.42001,301.61401,301.32999,301.48990,105188
2026-07-31 12:22:00,301.29001,301.43979,301.23999,301.43979,136774
2026-07-31 12:21:00,301.28000,301.39001,301.16,301.29501,111508
2026-07-31 12:20:00,301.17499,301.47000,301.14,301.28000,108957
2026-07-31 12:19:00,301.51001,301.525,301.13000,301.15500,169347
2026-07-31 12:18:00,301.94000,301.94000,301.36090,301.48999,284333
2026-07-31 12:17:00,302.024994,302.039612,301.73,301.89999,141921
2026-07-31 12:16:00,302.080109,302.10641,301.82,302.039886,132842
2026-07-31 12:15:00,302.10501,302.34,302.029999,302.089996,132811
2026-07-31 12:14:00,301.85001,302.14001,301.75,302.11499,136618
2026-07-31 12:13:00,301.70001,301.92001,301.68011,301.85001,102624
2026-07-31 12:12:00,301.63501,301.82999,301.48999,301.73001,101752
2026-07-31 12:11:00,301.43500,301.65,301.34000,301.63501,76521
2026-07-31 12:10:00,301.26749,301.53,301.19000,301.42999,74815
2026-07-31 12:09:00,301.35999,301.37,301.15,301.23001,61393
2026-07-31 12:08:00,301.17999,301.38000,301.14999,301.34000,69707
2026-07-31 12:07:00,301.26001,301.29001,301.15,301.17990,89869
2026-07-31 12:06:00,301.18500,301.29999,301.12000,301.25580,67029
2026-07-31 12:05:00,301.35501,301.45001,301.17999,301.19000,104587
2026-07-31 12:04:00,301.32501,301.37900,301.18,301.34000,111757
2026-07-31 12:03:00,301.51559,301.56000,301.28000,301.33990,112284
2026-07-31 12:02:00,301.26999,301.59991,301.20001,301.53500,147658
2026-07-31 12:01:00,301.14001,301.33990,301,301.26999,165038
2026-07-31 12:00:00,301.28500,301.35800,300.89999,301.14481,138876
2026-07-31 11:59:00,301.57999,301.64001,301.28000,301.29501,471568
2026-07-31 11:58:00,301.53000,301.72000,301.45001,301.59000,115955
2026-07-31 11:57:00,301.38501,301.58,301.13501,301.53000,113200
2026-07-31 11:56:00,301.27521,302,301.14999,301.38501,175210
2026-07-31 11:55:00,301.39001,301.43,300.89001,301.25,190842
2026-07-31 11:54:00,300.82001,301.43,300.76001,301.39999,124587
2026-07-31 11:53:00,300.92499,300.95999,300.64001,300.84000,153073
2026-07-31 11:52:00,300.84000,301.040009,300.76001,300.92001,152510
2026-07-31 11:51:00,300.76001,300.84000,300.51999,300.83499,173480
2026-07-31 11:50:00,300.86499,300.88000,300.39999,300.78000,369526
2026-07-31 11:49:00,302.019989,302.070007,300.73999,300.88580,603041
2026-07-31 11:48:00,302.049988,302.14999,301.95,302.059998,70853
2026-07-31 11:47:00,302.26001,302.35699,301.815,302.049988,140616
2026-07-31 11:46:00,302.10999,302.29999,302.040009,302.22000,85698
2026-07-31 11:45:00,301.95001,302.13,301.85999,302.10001,108927
2026-07-31 11:44:00,301.45999,301.97000,301.45001,301.95001,152135
2026-07-31 11:43:00,301.66000,301.77499,301.44000,301.45999,176173
2026-07-31 11:42:00,301.55499,301.9,301.47,301.60001,430282
2026-07-31 11:41:00,302.13000,302.14499,301.53299,301.56171,185343
2026-07-31 11:40:00,302.19000,302.33990,301.96500,302.14999,135334
2026-07-31 11:39:00,302.72000,302.82001,302.10001,302.16000,147101
2026-07-31 11:38:00,302.66501,302.72000,302.23001,302.70999,198770
2026-07-31 11:37:00,302.089996,302.81000,302.089996,302.66501,226342
2026-07-31 11:36:00,302.37000,302.39001,302.049988,302.12000,435130
2026-07-31 11:35:00,302.29001,302.59000,302.23999,302.37000,141148
2026-07-31 11:34:00,302.21991,302.37,302.019989,302.27310,134027
2026-07-31 11:33:00,301.92999,302.23999,301.84000,302.19501,224493
2026-07-31 11:32:00,301.98999,302.03,301.82999,301.94501,139620
2026-07-31 11:31:00,301.85989,302.13000,301.79999,301.98999,139131
2026-07-31 11:30:00,301.73001,302.14850,301.72501,301.84500,188306
2026-07-31 11:29:00,301.84000,301.96500,301.64001,301.73001,230607
2026-07-31 11:28:00,302.23001,302.26990,301.69000,301.84000,434429
2026-07-31 11:27:00,302.66000,302.67999,302.2,302.23001,152149
2026-07-31 11:26:00,302.54999,302.68,302.23001,302.66000,286510
2026-07-31 11:25:00,302.95511,303.079987,302.48001,302.58420,234506
2026-07-31 11:24:00,303.089996,303.16989,302.92300,302.95001,159177
2026-07-31 11:23:00,303.53009,303.64001,303.049988,303.075012,136577
2026-07-31 11:22:00,303.87000,303.925,303.51001,303.51999,159885
2026-07-31 11:21:00,303.89990,304.25,303.85001,303.85999,172898
2026-07-31 11:20:00,303.89001,304.16000,303.78000,303.88000,147194
2026-07-31 11:19:00,303.45309,304.029510,303.45001,303.89011,202967
2026-07-31 11:18:00,303.48001,303.85001,303.36,303.48999,195655
2026-07-31 11:17:00,303.079987,303.66000,302.76001,303.5,252280
2026-07-31 11:16:00,302.87000,303.14,302.85999,303.092285,200508
2026-07-31 11:15:00,302.99500,303.10001,302.79999,302.87000,185402
2026-07-31 11:14:00,302.74500,303.08,302.53500,302.99500,165813
2026-07-31 11:13:00,302.66501,302.89999,302.53000,302.76001,190776
2026-07-31 11:12:00,302.87000,303.065002,302.61,302.69000,208884
2026-07-31 11:11:00,302.97141,303.049988,302.73,302.85001,218322
2026-07-31 11:10:00,302.92001,303.040009,302.79,302.99500,159390
2026-07-31 11:09:00,302.76999,302.93,302.66000,302.89001,136075
2026-07-31 11:08:00,302.67001,302.83,302.66000,302.78000,163115
2026-07-31 11:07:00,302.68500,302.70999,302.45999,302.66000,133414
2026-07-31 11:06:00,302.73001,302.95001,302.59000,302.69501,170978
2026-07-31 11:05:00,302.63000,302.73999,302.54001,302.72501,126383
2026-07-31 11:04:00,302.41501,302.70001,302.39,302.63501,185076
2026-07-31 11:03:00,302.53000,302.61,302.34000,302.42001,158325
2026-07-31 11:02:00,302.70499,302.785,302.32071,302.56000,188473
2026-07-31 11:01:00,302.85001,302.97000,302.63,302.70001,135362
2026-07-31 11:00:00,303.16000,303.23999,302.70001,302.85999,370783
2026-07-31 10:59:00,302.66000,303.20001,302.53500,303.16000,179819
2026-07-31 10:58:00,302.17001,302.73999,302.12000,302.68500,220713
2026-07-31 10:57:00,302.16501,302.24,301.95,302.17499,310837
2026-07-31 10:56:00,302.15170,302.22672,302.089996,302.16620,160185
2026-07-31 10:55:00,302.39999,302.41000,302.079987,302.19000,170211
2026-07-31 10:54:00,302.27771,302.45990,302.19000,302.42990,138066
2026-07-31 10:53:00,302.41000,302.45001,302.17,302.26999,186367
2026-07-31 10:52:00,302.63000,302.76001,302.39999,302.43500,154626
2026-07-31 10:51:00,302.51501,302.64001,302.34000,302.62000,121960
2026-07-31 10:50:00,302.57001,302.65,302.45001,302.51999,135651
2026-07-31 10:49:00,302.42999,302.66000,302.33011,302.57001,186142
2026-07-31 10:48:00,302.45001,302.53000,302.19000,302.42999,201177
2026-07-31 10:47:00,302.14499,302.54001,302.05,302.43500,168086
2026-07-31 10:46:00,302.51999,302.63000,302.13000,302.13000,164172
2026-07-31 10:45:00,302.42001,302.66000,302.35999,302.52011,130890
2026-07-31 10:44:00,302.56000,302.57999,302.26999,302.43500,126948
2026-07-31 10:43:00,302.41000,302.67990,302.32001,302.56000,160932
2026-07-31 10:42:00,302.70001,302.76001,302.26001,302.39001,188950
2026-07-31 10:41:00,302.31000,302.79999,302.31000,302.76001,133530
2026-07-31 10:40:00,302.28000,302.35001,302.02,302.32001,144111
2026-07-31 10:39:00,302.34500,302.57999,302.22,302.26001,167619
2026-07-31 10:38:00,301.93500,302.37851,301.91,302.34500,161798
2026-07-31 10:37:00,301.94000,302.07,301.79999,301.94501,151259
2026-07-31 10:36:00,301.98001,302.070007,301.87000,301.94000,113869
2026-07-31 10:35:00,301.92499,302.049713,301.70001,301.95999,141861
2026-07-31 10:34:00,302.48001,302.57999,301.92001,301.94000,223197
2026-07-31 10:33:00,302.58499,303,302.375,302.50500,204706
2026-07-31 10:32:00,302.32001,302.62000,302.26001,302.61990,125005
2026-07-31 10:31:00,302.14999,302.59500,302.14999,302.31400,156679
2026-07-31 10:30:00,302.75500,302.89001,302.090088,302.15500,206537
2026-07-31 10:29:00,303.040009,303.10001,302.7,302.73999,130072
2026-07-31 10:28:00,302.69000,303.17001,302.57999,303.049988,189361
2026-07-31 10:27:00,303.40500,303.44000,302.64999,302.67001,276695
2026-07-31 10:26:00,303.13000,303.53931,303.059998,303.38000,213186
2026-07-31 10:25:00,303.18500,303.25,302.97,303.12991,159987
2026-07-31 10:24:00,303.51999,303.56989,303.14,303.20999,202472
2026-07-31 10:23:00,302.82999,303.57,302.76999,303.50949,258295
2026-07-31 10:22:00,302.81421,302.95001,302.42651,302.80051,194117
2026-07-31 10:21:00,302.61499,302.91000,302.51999,302.82001,160749
2026-07-31 10:20:00,302.51001,303.22000,302.39001,302.59000,190002
2026-07-31 10:19:00,302.34500,302.84949,302.31,302.53009,324031
2026-07-31 10:18:00,301.67999,302.39999,301.66000,302.34500,196020
2026-07-31 10:17:00,302.5,302.5,301.64999,301.67499,226186
2026-07-31 10:16:00,302.20999,302.73001,302.17,302.53860,217540
2026-07-31 10:15:00,302.14499,302.47000,301.94000,302.21500,193118
2026-07-31 10:14:00,301.78000,302.35901,301.76001,302.13611,293360
2026-07-31 10:13:00,301.47000,301.97000,301.44000,301.80499,232900
2026-07-31 10:12:00,301.94000,302.010010,301.35999,301.47000,358443
2026-07-31 10:11:00,302.79001,302.79251,301.73999,301.89999,381165
2026-07-31 10:10:00,302.83401,303.065002,302.31000,302.78500,394124
2026-07-31 10:09:00,302.80499,302.94000,302.48001,302.88000,337271
2026-07-31 10:08:00,302.64999,302.87,302.029999,302.78009,283397
2026-07-31 10:07:00,302.29999,302.74731,302.030090,302.67999,277881
2026-07-31 10:06:00,302.059998,302.5,301.88000,302.27499,296843
2026-07-31 10:05:00,302.095001,302.29999,301.84000,302.12000,365227
2026-07-31 10:04:00,301.60999,302.25,301.54999,302.12000,341397
2026-07-31 10:03:00,302.28000,302.28000,301.35010,301.64001,479635
2026-07-31 10:02:00,302.81000,302.81500,302.17,302.29001,447277
2026-07-31 10:01:00,303.14499,303.19000,302.5,302.84000,717782
2026-07-31 10:00:00,302.79001,303.32001,302.67,303.16989,395902
2026-07-31 09:59:00,302.86499,303.13000,302.51999,302.79001,414869
2026-07-31 09:58:00,304.029999,304.03,302.85,302.86499,416099
2026-07-31 09:57:00,305.079987,305.079987,304.040009,304.040009,402898
2026-07-31 09:56:00,305,305.45001,304.73001,305.089996,446809
2026-07-31 09:55:00,304.82501,305.19000,304.56000,305.079895,294735
2026-07-31 09:54:00,304.76501,305.10001,304.29999,304.81891,374101
2026-07-31 09:53:00,304.83499,305.17001,304.45999,304.61011,399899
2026-07-31 09:52:00,304.92499,305.29999,304.67001,304.82001,467175
2026-07-31 09:51:00,305.079987,305.3,304.5,304.92499,462719
2026-07-31 09:50:00,305.20621,305.5,304.67001,305.062012,137528
2026-07-31 09:49:00,305.51001,305.56000,304.59000,305.17999,528192
2026-07-31 09:48:00,305.5,305.73999,304.98999,305.49240,521867
2026-07-31 09:47:00,305.14001,305.91989,305.059998,305.52951,550400
2026-07-31 09:46:00,304.26001,305.31949,304,305.089996,984915
2026-07-31 09:45:00,304.78000,305.76001,304.20001,304.30490,890889
2026-07-31 09:44:00,303.51999,304.91000,303.5,304.79001,1046614
2026-07-31 09:43:00,302.5,303.70499,302.39001,303.53000,865229
2026-07-31 09:42:00,301.40500,302.53,301.089996,302.42499,580946
2026-07-31 09:41:00,300.54999,301.415,300.44000,301.40500,550663
2026-07-31 09:40:00,301.19000,301.29001,300.32999,300.59000,799820
2026-07-31 09:39:00,301.88510,302.2,300.95001,301.32001,809397
2026-07-31 09:38:00,302.23999,302.60999,300.92001,301.875,1175625
2026-07-31 09:37:00,302.31750,302.64001,301.66000,302.23999,1236614
2026-07-31 09:36:00,302.21881,302.82849,301.42001,302.29001,971306
2026-07-31 09:35:00,302.31000,303.35001,302.049988,302.18500,1230557
2026-07-31 09:34:00,301.82999,302.39990,300.54999,302.10999,1758609
2026-07-31 09:33:00,302.070007,302.57001,301.07,301.82169,1823229
2026-07-31 09:32:00,301.89999,302.82,301.34140,302.029999,2027555
2026-07-31 09:31:00,304.010010,305.015,301.82999,302.029999,1704033
2026-07-31 09:30:00,304.81000,306.89999,303.64001,304.049988,9663898
2026-07-30 15:59:00,333.51999,334,333.040009,333.85001,882500
2026-07-30 15:58:00,333.72000,334.75,333.29999,333.51999,420049
2026-07-30 15:57:00,333.95999,334.13000,333.54001,333.70999,290673
2026-07-30 15:56:00,333.39001,334.06,333.29999,333.97000,232337
2026-07-30 15:55:00,332.85001,333.4,332.53000,333.39999,279044
2026-07-30 15:54:00,332.78000,332.96609,332.66000,332.86499,272984
2026-07-30 15:53:00,332.73001,333.19000,332.67999,332.78000,229882
2026-07-30 15:52:00,332.98999,332.99,332.57001,332.73999,242184
2026-07-30 15:51:00,332.85999,333,332.7,332.98001,200790
2026-07-30 15:50:00,332.63000,333.10999,332.48001,332.87909,194101
2026-07-30 15:49:00,332.39999,332.82,332.34000,332.65500,138644
2026-07-30 15:48:00,332.85999,332.89001,332.31000,332.39001,209100
2026-07-30 15:47:00,332.97000,332.98999,332.75,332.85999,168941
2026-07-30 15:46:00,332.92999,333.11499,332.79120,332.97000,115804
2026-07-30 15:45:00,333.010010,333.09,332.88000,332.95999,141958
2026-07-30 15:44:00,333.11499,333.16690,332.95999,333.0050049,105091
2026-07-30 15:43:00,333.23499,333.25,333.049988,333.11990,92915
2026-07-30 15:42:00,333.26001,333.26001,332.91000,333.25,120725
2026-07-30 15:41:00,333.39999,333.56000,333.22,333.23999,131130
2026-07-30 15:40:00,333.46500,333.52499,333.24500,333.39001,126911
2026-07-30 15:39:00,333.32999,333.53000,333.32001,333.47000,79953
2026-07-30 15:38:00,333.42999,333.51001,333.26001,333.32001,83634
2026-07-30 15:37:00,333.48999,333.54001,333.34000,333.39999,111377
2026-07-30 15:36:00,333.26999,333.57999,333.23999,333.48999,125139
2026-07-30 15:35:00,333.25,333.33,333.13000,333.28000,125848
2026-07-30 15:34:00,333.079987,333.34000,333.06,333.25,140340
2026-07-30 15:33:00,333.27100,333.39001,332.95999,333.079987,189809
2026-07-30 15:32:00,333.059998,333.35001,332.97009,333.29001,210747
2026-07-30 15:31:00,333.44000,333.53000,332.79999,333.045013,246795
2026-07-30 15:30:00,333.16000,333.49500,333.10001,333.44000,126096
2026-07-30 15:29:00,333.48999,333.62000,333.16000,333.16000,155831
2026-07-30 15:28:00,333.5,333.73999,333.42001,333.48010,239749
2026-07-30 15:27:00,333.20999,333.55,333.14999,333.46500,169598
2026-07-30 15:26:00,333.34000,333.43,333.20999,333.21500,92786
2026-07-30 15:25:00,333.46500,333.6,333.29501,333.35001,104118
2026-07-30 15:24:00,333.14499,333.51999,333.13,333.45001,117132
2026-07-30 15:23:00,333.39001,333.41330,333.13,333.14499,79724
2026-07-30 15:22:00,333.57999,333.58,333.29001,333.39999,113223
2026-07-30 15:21:00,333.64001,333.75500,333.53009,333.57001,83355
2026-07-30 15:20:00,333.875,333.91,333.54001,333.64499,84002
2026-07-30 15:19:00,333.79001,333.95001,333.69,333.87000,105281
2026-07-30 15:18:00,333.70001,333.85989,333.64499,333.79001,82341
2026-07-30 15:17:00,333.70001,333.78,333.67,333.70499,55951
2026-07-30 15:16:00,333.78000,333.89999,333.5,333.69000,114042
2026-07-30 15:15:00,333.66000,333.8,333.56500,333.76001,82992
2026-07-30 15:14:00,333.72000,333.745,333.57999,333.65500,69667
2026-07-30 15:13:00,333.72000,333.78,333.55499,333.73001,63220
2026-07-30 15:12:00,333.62000,333.79999,333.53000,333.72000,65250
2026-07-30 15:11:00,333.83319,333.84,333.6,333.61301,73980
2026-07-30 15:10:00,333.60999,333.89999,333.53000,333.82501,99657
2026-07-30 15:09:00,333.60001,333.73499,333.54999,333.60999,78428
2026-07-30 15:08:00,333.69000,333.77,333.59000,333.60001,74978
2026-07-30 15:07:00,333.67999,333.88501,333.60001,333.69501,115112
2026-07-30 15:06:00,333.68500,333.73001,333.40549,333.66000,97975
2026-07-30 15:05:00,333.80499,333.83,333.66000,333.67999,60465
2026-07-30 15:04:00,333.76001,333.85999,333.71500,333.81000,65544
2026-07-30 15:03:00,333.64499,333.82001,333.63000,333.75,49140
2026-07-30 15:02:00,333.94989,334.016602,333.53000,333.64499,67758
2026-07-30 15:01:00,333.49881,333.98999,333.48999,333.91000,117212
2026-07-30 15:00:00,333.73499,333.89990,333.45999,333.48499,164817
2026-07-30 14:59:00,333.79001,333.92499,333.71231,333.75,68389
2026-07-30 14:58:00,333.91501,334.079987,333.74500,333.79001,92039
2026-07-30 14:57:00,333.96500,333.96500,333.82010,333.91000,67741
2026-07-30 14:56:00,333.82999,334.010010,333.82,333.96500,60055
2026-07-30 14:55:00,333.94000,333.98499,333.83,333.84000,47759
2026-07-30 14:54:00,333.82001,334.040009,333.78610,333.97989,70744
2026-07-30 14:53:00,333.82999,333.87000,333.77499,333.82001,47441
2026-07-30 14:52:00,333.89999,333.96500,333.82999,333.82999,45801
2026-07-30 14:51:00,333.91000,333.91501,333.73999,333.91501,71338
2026-07-30 14:50:00,333.91000,334.089996,333.87000,333.91000,84476
2026-07-30 14:49:00,333.73999,334,333.72,333.91000,67634
2026-07-30 14:48:00,333.82050,333.87390,333.72000,333.73499,47900
2026-07-30 14:47:00,333.78500,333.85001,333.75,333.82001,53596
2026-07-30 14:46:00,333.57999,333.79419,333.57999,333.78500,54552
2026-07-30 14:45:00,333.54001,333.62,333.42001,333.57001,90931
2026-07-30 14:44:00,333.59000,333.66000,333.53000,333.53000,59483
2026-07-30 14:43:00,333.62000,333.63000,333.54001,333.57001,42813
2026-07-30 14:42:00,333.52499,333.70001,333.52499,333.60001,68861
2026-07-30 14:41:00,333.71991,333.75500,333.47,333.51999,51659
2026-07-30 14:40:00,333.56000,333.73999,333.545,333.70999,86821
2026-07-30 14:39:00,333.46500,333.64999,333.45999,333.56000,43055
2026-07-30 14:38:00,333.48999,333.56,333.44000,333.45999,46298
2026-07-30 14:37:00,333.57001,333.57999,333.375,333.47000,73193
2026-07-30 14:36:00,333.54999,333.65021,333.45001,333.55499,44894
2026-07-30 14:35:00,333.57999,333.58499,333.41000,333.54999,61514
2026-07-30 14:34:00,333.42001,333.62000,333.40070,333.59000,56305
2026-07-30 14:33:00,333.34000,333.51999,333.32001,333.39999,45777
2026-07-30 14:32:00,333.29001,333.42990,333.20999,333.32999,36554
2026-07-30 14:31:00,333.10001,333.35431,333,333.29999,62620
2026-07-30 14:30:00,333.12000,333.16949,332.89999,333.10999,74720
2026-07-30 14:29:00,332.94000,333.20001,332.94000,333.10001,96862
2026-07-30 14:28:00,333.040009,333.089996,332.91000,332.94000,28937
2026-07-30 14:27:00,332.86011,333.10999,332.85999,333.045013,39673
2026-07-30 14:26:00,332.87000,332.94000,332.73410,332.85001,77879
2026-07-30 14:25:00,333.075012,333.09,332.86499,332.86499,39610
2026-07-30 14:24:00,333.095001,333.13000,332.95001,333.060211,39431
2026-07-30 14:23:00,333.20999,333.21,333.019989,333.10001,78230
2026-07-30 14:22:00,333.41000,333.42001,333.16000,333.19000,65718
2026-07-30 14:21:00,333.42001,333.45001,333.25,333.40421,78654
2026-07-30 14:20:00,333.64001,333.655,333.37000,333.39999,52440
2026-07-30 14:19:00,333.65500,333.72000,333.60001,333.65500,48339
2026-07-30 14:18:00,333.56000,333.75,333.56000,333.66501,72138
2026-07-30 14:17:00,333.57990,333.64001,333.46091,333.55499,97084
2026-07-30 14:16:00,333.50500,333.66000,333.45001,333.56500,55183
2026-07-30 14:15:00,333.28000,333.51001,333.27499,333.50500,69584
2026-07-30 14:14:00,333.25,333.29001,333.17001,333.27499,72437
2026-07-30 14:13:00,333.31000,333.31000,333.17090,333.25,40370
2026-07-30 14:12:00,333.125,333.32999,333.125,333.32639,78379
2026-07-30 14:11:00,333.13000,333.17999,333.029999,333.11499,97965
2026-07-30 14:10:00,333.19501,333.46,333.10999,333.125,140611
2026-07-30 14:09:00,333.29001,333.29001,333.079987,333.19501,92169
2026-07-30 14:08:00,333.27499,333.32999,333.17001,333.26999,39291
2026-07-30 14:07:00,333.49500,333.51001,333.25009,333.28500,46918
2026-07-30 14:06:00,333.23499,333.49991,333.23001,333.49500,99711
2026-07-30 14:05:00,333.049896,333.23001,333.011597,333.22501,42713
2026-07-30 14:04:00,333.25,333.35001,333.015015,333.024994,64600
2026-07-30 14:03:00,333.59000,333.61,333.20001,333.23999,85464
2026-07-30 14:02:00,333.82990,333.82999,333.52100,333.59000,61766
2026-07-30 14:01:00,333.86499,333.98001,333.78000,333.8125,79155
2026-07-30 14:00:00,333.31000,333.87000,333.29001,333.87000,103223
2026-07-30 13:59:00,333.17999,333.31,333.17081,333.29501,40368
2026-07-30 13:58:00,333.24991,333.24991,333.089996,333.17999,65897
2026-07-30 13:57:00,333.17999,333.26999,333.07,333.23001,64634
2026-07-30 13:56:00,333.045013,333.25,332.92999,333.17001,74476
2026-07-30 13:55:00,332.95001,333.089996,332.87000,333.029999,51938
2026-07-30 13:54:00,333.089996,333.14001,332.92999,332.92999,51540
2026-07-30 13:53:00,333.095795,333.13501,333,333.11090,54617
2026-07-30 13:52:00,333.065002,333.16599,332.97000,333.11401,51123
2026-07-30 13:51:00,332.82001,333.085999,332.79999,333.050110,68769
2026-07-30 13:50:00,332.69000,332.82999,332.64929,332.82501,53326
2026-07-30 13:49:00,332.67999,332.73999,332.63000,332.69000,34267
2026-07-30 13:48:00,332.48499,332.68500,332.48001,332.67001,40749
2026-07-30 13:47:00,332.63000,332.72000,332.45999,332.47000,39406
2026-07-30 13:46:00,332.67999,332.71,332.5,332.62000,47544
2026-07-30 13:45:00,332.64001,332.72000,332.48001,332.67001,49886
2026-07-30 13:44:00,332.64001,332.78000,332.61,332.64999,13985
2026-07-30 13:43:00,332.5,332.68991,332.48001,332.64999,34432
2026-07-30 13:42:00,332.26001,332.52,332.23001,332.48999,51309
2026-07-30 13:41:00,332.089996,332.26999,331.98,332.25,37824
2026-07-30 13:40:00,332.20001,332.34500,332.00039673,332.049988,55237
2026-07-30 13:39:00,332.25,332.27231,332.070007,332.15009,35917
2026-07-30 13:38:00,332.17001,332.35501,331.97000,332.27499,50649
2026-07-30 13:37:00,332.28000,332.38989,332.12000,332.14999,55253
2026-07-30 13:36:00,332.0050049,332.26031,332,332.26031,46956
2026-07-30 13:35:00,331.95001,332.049988,331.91,332.0061035,83146
2026-07-30 13:34:00,331.92001,331.95,331.72009,331.91000,39613
2026-07-30 13:33:00,331.87000,332.010010,331.82321,331.94000,55199
2026-07-30 13:32:00,332.29999,332.3,331.82,331.85001,90814
2026-07-30 13:31:00,332.26001,332.39999,332.24500,332.31000,37439
2026-07-30 13:30:00,332.079987,332.32999,332.054993,332.26871,34045
2026-07-30 13:29:00,332.010010,332.13000,331.98999,332.089996,43621
2026-07-30 13:28:00,332.19501,332.22000,331.98999,332.010010,49606
2026-07-30 13:27:00,332.16000,332.26001,332.13,332.19501,40509
2026-07-30 13:26:00,332.28000,332.31000,332.14001,332.14001,33655
2026-07-30 13:25:00,332.29001,332.33600,332.23999,332.29001,77903
2026-07-30 13:24:00,332.23499,332.45999,332.13000,332.29001,98887
2026-07-30 13:23:00,332.14999,332.40500,332.14999,332.23999,54353
2026-07-30 13:22:00,332.33511,332.33511,332.14001,332.14001,40146
2026-07-30 13:21:00,332.34879,332.37000,332.16000,332.33499,57526
2026-07-30 13:20:00,332.54999,332.575,332.16000,332.33499,53826
2026-07-30 13:19:00,332.31000,332.67001,332.29999,332.56000,60953
2026-07-30 13:18:00,332.57999,332.76999,332.29999,332.35989,65624
2026-07-30 13:17:00,332.47000,332.6,332.385,332.58499,53057
2026-07-30 13:16:00,332.31000,332.5,332.24,332.47000,67174
2026-07-30 13:15:00,332.72000,332.76959,332.29001,332.29001,123178
2026-07-30 13:14:00,332.45001,332.85001,332.43011,332.70999,99921
2026-07-30 13:13:00,332.31000,332.54999,332.28680,332.43320,46329
2026-07-30 13:12:00,332.56989,332.60001,332.29010,332.32001,89666
2026-07-30 13:11:00,332.41000,332.57089,332.32999,332.54001,55797
2026-07-30 13:10:00,332.26001,332.44000,332.25601,332.42001,85939
2026-07-30 13:09:00,332.089996,332.26230,332.049988,332.25,50359
2026-07-30 13:08:00,332.20001,332.27,332.089996,332.12000,40643
2026-07-30 13:07:00,332.16000,332.23990,332.10001,332.23990,38964
2026-07-30 13:06:00,332.17001,332.23,332.089996,332.19000,45167
2026-07-30 13:05:00,332.17001,332.20999,332.065002,332.17001,37634
2026-07-30 13:04:00,332.089996,332.19000,332.024994,332.16000,44967
2026-07-30 13:03:00,332.089996,332.25,332.049988,332.089996,52881
2026-07-30 13:02:00,332.090088,332.14001,332,332.065002,49224
2026-07-30 13:01:00,332.10001,332.13910,331.92,332.10501,56929
2026-07-30 13:00:00,331.62000,332.14999,331.62000,332.10010,61270
2026-07-30 12:59:00,331.75500,331.78009,331.565,331.62000,47259
2026-07-30 12:58:00,331.66000,331.77,331.64001,331.76001,52246
2026-07-30 12:57:00,331.74500,331.76999,331.60999,331.67001,46155
2026-07-30 12:56:00,331.79999,331.91,331.70999,331.74500,42296
2026-07-30 12:55:00,332.14001,332.17001,331.63000,331.73001,84131
2026-07-30 12:54:00,332.13000,332.25,332.06,332.13000,57709
2026-07-30 12:53:00,332.23001,332.26129,332.13,332.14001,55041
2026-07-30 12:52:00,332.19000,332.26001,331.98999,332.23999,306350
2026-07-30 12:51:00,332.10999,332.23001,332.10001,332.18500,56608
2026-07-30 12:50:00,332.14001,332.16501,331.98999,332.089996,56211
2026-07-30 12:49:00,332.059998,332.14999,331.95999,332.12000,68375
2026-07-30 12:48:00,332.20999,332.22000,332.024994,332.059998,50767
2026-07-30 12:47:00,331.95001,332.37,331.95001,332.17999,92648
2026-07-30 12:46:00,332.029999,332.13000,331.92,331.96500,54975
2026-07-30 12:45:00,332.125,332.14001,331.82001,332.019989,84296
2026-07-30 12:44:00,331.97000,332.24911,331.97,332.125,82086
2026-07-30 12:43:00,332.070007,332.13000,331.98,331.98999,80788
2026-07-30 12:42:00,331.89499,332.10001,331.79,332.089996,152874
2026-07-30 12:41:00,331.73999,332.065002,331.73,331.88501,81414
2026-07-30 12:40:00,332.029907,332.13000,331.59000,331.75,85251
2026-07-30 12:39:00,331.95001,332.019989,331.79999,332.015015,101237
2026-07-30 12:38:00,331.98001,332.067596,331.875,331.95999,53009
2026-07-30 12:37:00,331.82001,332.17001,331.79999,331.98801,83944
2026-07-30 12:36:00,332.049988,332.09,331.81000,331.82999,66334
2026-07-30 12:35:00,331.82001,332.059998,331.76001,332.059998,60813
2026-07-30 12:34:00,331.62000,331.92001,331.56000,331.82999,65413
2026-07-30 12:33:00,331.46500,331.64001,331.45999,331.63000,43692
2026-07-30 12:32:00,331.73001,331.79001,331.40500,331.47501,63070
2026-07-30 12:31:00,331.98001,331.98001,331.70001,331.74500,47997
2026-07-30 12:30:00,332.089996,332.14001,331.92499,331.98001,70101
2026-07-30 12:29:00,332.029999,332.185,331.97000,332.089996,70323
2026-07-30 12:28:00,332.079987,332.35001,331.98,332.029999,66471
2026-07-30 12:27:00,331.95001,332.10599,331.82999,332.075012,45777
2026-07-30 12:26:00,331.97000,332,331.76,331.98871,62165
2026-07-30 12:25:00,331.93500,332.010010,331.84500,331.95999,90851
2026-07-30 12:24:00,331.85818,331.96991,331.73059,331.94000,49642
2026-07-30 12:23:00,332.19000,332.20999,331.85,331.87000,89297
2026-07-30 12:22:00,332.24500,332.285,332.12000,332.20001,52626
2026-07-30 12:21:00,332.31500,332.35999,332.040009,332.24500,121145
2026-07-30 12:20:00,332.059998,332.43500,331.98499,332.31500,98838
2026-07-30 12:19:00,332.23801,332.60001,332,332.040009,180686
2026-07-30 12:18:00,331.70999,332.27399,331.70001,332.26001,128200
2026-07-30 12:17:00,331.63000,331.91931,331.48999,331.73001,69194
2026-07-30 12:16:00,331.32999,331.64999,331.29001,331.64001,88798
2026-07-30 12:15:00,331.20499,331.35001,331.095001,331.32999,67867
2026-07-30 12:14:00,331.10999,331.21,331.059998,331.20999,52973
2026-07-30 12:13:00,331.079987,331.20999,331,331.10999,64652
2026-07-30 12:12:00,331.19000,331.20999,330.97000,331.075012,79776
2026-07-30 12:11:00,331.12000,331.43500,331.03,331.20001,88066
2026-07-30 12:10:00,330.95999,331.17001,330.84000,331.12000,65422
2026-07-30 12:09:00,330.76001,331,330.755,330.98001,92111
2026-07-30 12:08:00,330.89001,330.97501,330.63580,330.76501,90926
2026-07-30 12:07:00,331.049988,331.079987,330.63000,330.91000,109812
2026-07-30 12:06:00,330.97501,331.29,330.89999,331.059998,95531
2026-07-30 12:05:00,331.070007,331.08,330.85001,330.95999,116303
2026-07-30 12:04:00,331.019989,331.20001,330.89001,331.049988,159953
2026-07-30 12:03:00,331.46500,331.505,331.019989,331.049988,106200
2026-07-30 12:02:00,331.56000,331.70001,331.35999,331.45001,74654
2026-07-30 12:01:00,331.60001,331.69000,331.41000,331.54999,95617
2026-07-30 12:00:00,331.75,331.75,331.56000,331.60001,83410
2026-07-30 11:59:00,331.95999,332,331.73,331.76001,60697
2026-07-30 11:58:00,332.030090,332.065002,331.88,331.95999,61462
2026-07-30 11:57:00,331.94501,332.10999,331.83691,332.040009,97499
2026-07-30 11:56:00,331.98001,332.12000,331.95001,331.95001,93433
2026-07-30 11:55:00,331.72000,332.019989,331.60999,331.96500,72482
2026-07-30 11:54:00,331.67999,331.76001,331.60501,331.70499,58414
2026-07-30 11:53:00,331.59500,331.78000,331.54999,331.66000,79103
2026-07-30 11:52:00,331.56500,331.64499,331.34000,331.57999,59754
2026-07-30 11:51:00,331.82001,331.82001,331.51001,331.57001,97705
2026-07-30 11:50:00,331.85001,332.040009,331.73999,331.82501,71427
2026-07-30 11:49:00,332.049988,332.10999,331.78989,331.83499,61032
2026-07-30 11:48:00,332.18500,332.42001,332.049988,332.049988,69160
2026-07-30 11:47:00,332.26501,332.27499,332.13000,332.18500,58362
2026-07-30 11:46:00,332.17999,332.29001,332.049988,332.26010,53765
2026-07-30 11:45:00,332.14999,332.32,332.059998,332.20001,91977
2026-07-30 11:44:00,332.10999,332.34,332.020599,332.14001,99418
2026-07-30 11:43:00,331.95999,332.23999,331.91,332.10001,108017
2026-07-30 11:42:00,331.85999,332,331.79999,331.94009,62370
2026-07-30 11:41:00,331.78500,331.98999,331.73001,331.86499,50577
2026-07-30 11:40:00,331.72000,331.805,331.60001,331.78000,48204
2026-07-30 11:39:00,331.70001,331.845,331.64999,331.72000,69819
2026-07-30 11:38:00,331.67001,331.75,331.57001,331.70999,51591
2026-07-30 11:37:00,331.92001,331.92999,331.61050,331.64999,76054
2026-07-30 11:36:00,331.96500,332.0050049,331.77200,331.92999,1360554
2026-07-30 11:35:00,332.049988,332.10941,331.84000,331.95999,72720
2026-07-30 11:34:00,331.60999,332.070007,331.6,332.029999,79843
2026-07-30 11:33:00,331.76999,331.78500,331.47000,331.60001,61058
2026-07-30 11:32:00,331.56049,331.86499,331.54001,331.78000,53047
2026-07-30 11:31:00,331.32001,331.64001,331.32001,331.57999,66808
2026-07-30 11:30:00,331.23499,331.32999,331.14999,331.31000,58343
2026-07-30 11:29:00,331.25,331.48999,331.17,331.22000,108480
2026-07-30 11:28:00,331.15500,331.29999,331.019989,331.25,57329
2026-07-30 11:27:00,331.16000,331.42001,331.10999,331.14999,57867
2026-07-30 11:26:00,331.41000,331.48001,331.15710,331.20181,69967
2026-07-30 11:25:00,331.20001,331.60001,331.14001,331.39999,70447
2026-07-30 11:24:00,331.29999,331.39999,331.165,331.20001,78299
2026-07-30 11:23:00,331.28000,331.42001,331.10010,331.34000,74199
2026-07-30 11:22:00,331.48999,331.54001,331.14999,331.26999,100307
2026-07-30 11:21:00,331.41501,331.73999,331.225,331.48999,104177
2026-07-30 11:20:00,331.63000,331.64999,331.14001,331.42001,109726
2026-07-30 11:19:00,331.78000,331.955,331.51999,331.63501,86337
2026-07-30 11:18:00,331.67999,331.87000,331.66000,331.79001,53355
2026-07-30 11:17:00,331.76999,332.070007,331.54001,331.70999,79855
2026-07-30 11:16:00,331.89001,331.93439,331.64999,331.76501,69947
2026-07-30 11:15:00,331.48999,331.94000,331.29999,331.92001,74324
2026-07-30 11:14:00,331.78000,331.78500,331.45001,331.47000,85132
2026-07-30 11:13:00,331.98999,331.98999,331.70999,331.79001,60428
2026-07-30 11:12:00,332.41989,332.41989,331.85999,332,88792
2026-07-30 11:11:00,332.53000,332.68979,332.33,332.38501,78599
2026-07-30 11:10:00,332.79999,333.032288,332.54999,332.54999,88078
2026-07-30 11:09:00,332.32050,333,332.28000,332.78000,141395
2026-07-30 11:08:00,332.17999,332.35989,332.019989,332.32001,135242
2026-07-30 11:07:00,331.73499,332.28000,331.67999,332.19501,148916
2026-07-30 11:06:00,331.76001,331.95999,331.57,331.75,139979
2026-07-30 11:05:00,331.86499,331.94000,331.66010,331.74011,82082
2026-07-30 11:04:00,331.76999,332.054993,331.63,331.84000,141038
2026-07-30 11:03:00,331.70001,331.98,331.41449,331.79999,105993
2026-07-30 11:02:00,331.81000,331.81000,331.35001,331.67999,157038
2026-07-30 11:01:00,332.14001,332.16000,331.68,331.83499,90503
2026-07-30 11:00:00,332.34000,332.34000,332,332.16000,102714
2026-07-30 10:59:00,331.63000,332.32999,331.60001,332.32999,94289
2026-07-30 10:58:00,331.67999,331.74,331.49500,331.59500,83962
2026-07-30 10:57:00,331.79999,332.059998,331.64999,331.66000,77661
2026-07-30 10:56:00,331.81000,331.94989,331.64999,331.78000,55109
2026-07-30 10:55:00,331.98999,332.029999,331.70001,331.79999,62038
2026-07-30 10:54:00,331.82999,332.072388,331.82,331.97000,63509
2026-07-30 10:53:00,332.19989,332.29001,331.78000,331.91000,116401
2026-07-30 10:52:00,332.41550,332.64001,332.047485,332.20001,182485
2026-07-30 10:51:00,332.019989,332.45001,331.89999,332.42499,105504
2026-07-30 10:50:00,332.24380,332.25,331.76999,331.98499,105989
2026-07-30 10:49:00,332,332.39999,331.95999,332.23001,104279
2026-07-30 10:48:00,332.095001,332.10971,331.73999,331.98001,117643
2026-07-30 10:47:00,332.089996,332.34000,332.0050049,332.13000,94592
2026-07-30 10:46:00,332.29001,332.29001,331.89999,332.089996,106270
2026-07-30 10:45:00,332.070007,332.34900,331.82059,332.29010,106006
2026-07-30 10:44:00,331.76001,332.23999,331.68500,332.079987,172560
2026-07-30 10:43:00,331.78000,331.88000,331.66,331.79001,130961
2026-07-30 10:42:00,331.89001,331.95270,331.69000,331.79999,128929
2026-07-30 10:41:00,331.88000,332.11621,331.53000,331.89499,126699
2026-07-30 10:40:00,331.14001,331.92999,331.12000,331.84000,209292
2026-07-30 10:39:00,331.079987,331.5,330.9,331.14001,189875
2026-07-30 10:38:00,330.64999,331.18341,330.60999,331.079987,189933
2026-07-30 10:37:00,330.30499,330.75,330.26999,330.64001,105840
2026-07-30 10:36:00,330.035004,330.57999,329.99500,330.29001,151494
2026-07-30 10:35:00,329.85501,330.28000,329.59000,330.029999,243107
2026-07-30 10:34:00,330.34000,330.42001,329.76001,329.85999,245634
2026-07-30 10:33:00,330.70999,330.73001,330.23999,330.35001,147059
2026-07-30 10:32:00,330.78000,330.85999,330.57999,330.70999,128119
2026-07-30 10:31:00,330.78241,331.000091553,330.7,330.74600,116298
2026-07-30 10:30:00,331.29999,331.29999,330.79,330.79999,166175
2026-07-30 10:29:00,331.76999,331.91000,331.25,331.31000,98864
2026-07-30 10:28:00,332.089996,332.15,331.72000,331.73999,102819
2026-07-30 10:27:00,331.66000,332.29001,331.64001,332.089996,110095
2026-07-30 10:26:00,331.63000,331.75989,331.41,331.67010,91071
2026-07-30 10:25:00,331.60001,331.72,331.32999,331.60999,116871
2026-07-30 10:24:00,331.67001,331.83,331.44000,331.59000,106263
2026-07-30 10:23:00,331.92999,332.010010,331.60501,331.66000,88196
2026-07-30 10:22:00,331.78000,332.079987,331.75,331.95001,89898
2026-07-30 10:21:00,331.95999,332.09,331.69,331.72000,114236
2026-07-30 10:20:00,331.45999,332.17001,331.32999,331.98499,225473
2026-07-30 10:19:00,331.5,331.60001,331.35999,331.44000,96611
2026-07-30 10:18:00,331.35999,331.54001,331.10999,331.47501,119605
2026-07-30 10:17:00,331.78000,331.97,331.32001,331.35999,88977
2026-07-30 10:16:00,331.72000,331.98001,331.64001,331.78500,159666
2026-07-30 10:15:00,331.40500,331.72000,331.40500,331.72000,112063
2026-07-30 10:14:00,331.67999,331.84000,331.16000,331.39999,125567
2026-07-30 10:13:00,331.73001,331.8,331.42999,331.67999,107313
2026-07-30 10:12:00,332.22000,332.33,331.7,331.73499,98374
2026-07-30 10:11:00,332.44000,332.54999,331.92001,332.25,182741
2026-07-30 10:10:00,332.80499,332.82001,332.23,332.45001,206067
2026-07-30 10:09:00,332.20999,332.87,332.19,332.79999,317184
2026-07-30 10:08:00,331.60001,332.26001,331.54,332.18011,168005
2026-07-30 10:07:00,331.43500,331.75,331.40009,331.57001,133770
2026-07-30 10:06:00,330.94000,331.76,330.94000,331.43500,165641
2026-07-30 10:05:00,330.73001,331.029999,330.35001,330.94000,202588
2026-07-30 10:04:00,330.80499,331.08,330.67010,330.75,158445
2026-07-30 10:03:00,331.23999,331.26501,330.57001,330.82001,233582
2026-07-30 10:02:00,331.44199,331.49,331.010010,331.20001,207461
2026-07-30 10:01:00,331.67001,331.92999,331.44000,331.45999,149345
2026-07-30 10:00:00,332.079987,332.12399,331.42,331.63000,200839
2026-07-30 09:59:00,332.059998,332.23999,331.95999,332.14999,156825
2026-07-30 09:58:00,331.76999,332.10001,331.70041,332.059998,138534
2026-07-30 09:57:00,331.95001,332,331.43500,331.76999,174237
2026-07-30 09:56:00,332.024994,332.15,331.63000,332.010010,165164
2026-07-30 09:55:00,332.26999,332.35001,331.94000,332.00048828,141903
2026-07-30 09:54:00,332.26999,332.60501,332.059998,332.31070,127525
2026-07-30 09:53:00,333.079987,333.17999,332.23999,332.25,172127
2026-07-30 09:52:00,332.56000,333.16000,332.48999,333.070007,191400
2026-07-30 09:51:00,332.375,332.85001,332.23001,332.54001,219652
2026-07-30 09:50:00,331.54999,332.42999,331.34000,332.31009,276699
2026-07-30 09:49:00,331.69501,331.87000,331.51001,331.55499,170667
2026-07-30 09:48:00,331.42999,331.79001,331.25,331.67001,211238
2026-07-30 09:47:00,331.54001,331.905,331.41000,331.42999,237264
2026-07-30 09:46:00,331.92001,331.96249,331.53000,331.54001,309501
2026-07-30 09:45:00,332.17499,332.48001,331.84000,331.89999,238537
2026-07-30 09:44:00,332.079987,332.35001,332.059998,332.19000,150303
2026-07-30 09:43:00,332.51999,332.73999,331.95001,332.095001,278172
2026-07-30 09:42:00,331.73999,332.62000,331.48499,332.54001,273460
2026-07-30 09:41:00,331.69000,331.88000,331.29999,331.72000,201772
2026-07-30 09:40:00,331.31000,331.73001,330.71021,331.66681,223877
2026-07-30 09:39:00,331.81000,331.905,331.20999,331.29501,240614
2026-07-30 09:38:00,332.70001,332.77460,331.76,331.82001,288977
2026-07-30 09:37:00,332.44000,332.85999,332.23001,332.66501,199841
2026-07-30 09:36:00,332.51999,332.97000,332.054993,332.47000,314134
2026-07-30 09:35:00,332.69000,332.91000,332.010010,332.47000,266524
2026-07-30 09:34:00,333.029999,333.54001,332.39999,332.73999,225362
2026-07-30 09:33:00,333.95999,334.31000,332.82501,333.040009,309612
2026-07-30 09:32:00,334.17001,334.48001,333.35999,333.95499,344835
2026-07-30 09:31:00,333.67001,334.38000,332.87000,334.20001,378510
2026-07-30 09:30:00,333.13000,334.33,332.010010,333.73001,2574098
2026-07-29 15:59:00,337.56000,338.46,337.35010,338.070007,2284490
2026-07-29 15:58:00,338.019989,338.08,337.5,337.57001,1116215
2026-07-29 15:57:00,338.12000,338.35001,337.82999,338.015015,737155
2026-07-29 15:56:00,338.32999,338.51999,337.89999,338.10999,455966
2026-07-29 15:55:00,339.32001,339.34000,338.17999,338.31000,681468
2026-07-29 15:54:00,338.89499,339.34000,338.83011,339.32999,251456
2026-07-29 15:53:00,339.37000,339.41000,338.89001,338.89001,271413
2026-07-29 15:52:00,339.44000,339.5,339.057709,339.37000,191617
2026-07-29 15:51:00,339.60501,339.70001,339.34000,339.47000,167653
2026-07-29 15:50:00,340,340.049988,339.33499,339.60501,187863
2026-07-29 15:49:00,340.17999,340.28000,339.91000,340.070007,161716
2026-07-29 15:48:00,339.93500,340.33,339.84000,340.19000,112717
2026-07-29 15:47:00,339.67999,339.94000,339.635,339.92499,99219
2026-07-29 15:46:00,339.56000,339.98999,339.51999,339.69699,119079
2026-07-29 15:45:00,339.58499,339.92001,339.54001,339.54501,97350
2026-07-29 15:44:00,339.95001,339.98001,339.5,339.57999,148939
2026-07-29 15:43:00,339.73001,339.97000,339.51001,339.95001,87583
2026-07-29 15:42:00,339.72501,339.90500,339.66000,339.75,119878
2026-07-29 15:41:00,339.76999,339.91000,339.47009,339.73001,107195
2026-07-29 15:40:00,339.64001,339.79999,339.32001,339.75,162307
2026-07-29 15:39:00,340.058594,340.059998,339.57001,339.64001,214293
2026-07-29 15:38:00,340.51999,340.53,340.029999,340.054993,107298
2026-07-29 15:37:00,340.82950,340.92999,340.45999,340.48999,85000
2026-07-29 15:36:00,340.57999,340.875,340.37000,340.82001,89605
2026-07-29 15:35:00,340.82999,340.875,340.54999,340.56500,83431
2026-07-29 15:34:00,340.78000,340.82999,340.51999,340.80499,101182
2026-07-29 15:33:00,341.29001,341.41000,340.76,340.76999,110795
2026-07-29 15:32:00,341.32999,341.45001,341.17499,341.26501,63746
2026-07-29 15:31:00,341.35501,341.45001,341.17999,341.33499,105578
2026-07-29 15:30:00,341.56000,341.56000,341.14499,341.29999,118274
2026-07-29 15:29:00,341.5,341.57001,341.38,341.53000,78110
2026-07-29 15:28:00,341.46011,341.585,341.37000,341.48001,57613
2026-07-29 15:27:00,341.59000,342,341.42499,341.48999,86327
2026-07-29 15:26:00,341.48999,341.61990,341.32999,341.60001,147134
2026-07-29 15:25:00,341.53000,341.73999,341.44000,341.48999,73485
2026-07-29 15:24:00,341.67999,341.77579,341.54501,341.54999,69078
2026-07-29 15:23:00,341.77200,341.82001,341.60001,341.66000,76795
2026-07-29 15:22:00,342.040009,342.10001,341.76999,341.79001,75779
2026-07-29 15:21:00,342.059998,342.20001,341.78000,342.047089,110492
2026-07-29 15:20:00,342.30499,342.39001,342.019989,342.045013,64593
2026-07-29 15:19:00,342.24500,342.32001,342.14001,342.29501,41189
2026-07-29 15:18:00,342.5,342.51501,342.18,342.26990,83880
2026-07-29 15:17:00,342.75500,342.79999,342.35049,342.51999,65830
2026-07-29 15:16:00,342.77509,342.84000,342.63,342.73999,73841
2026-07-29 15:15:00,342.39001,342.87000,342.38000,342.77499,74779
2026-07-29 15:14:00,342.39001,342.48999,342.29999,342.42001,63192
2026-07-29 15:13:00,342.26999,342.41000,342.19000,342.37000,75331
2026-07-29 15:12:00,342.48001,342.64001,342.20999,342.26999,100910
2026-07-29 15:11:00,342.125,342.51999,342.125,342.49500,93162
2026-07-29 15:10:00,341.95499,342.20001,341.92999,342.125,84133
2026-07-29 15:09:00,342.049988,342.17999,341.91000,341.95499,79214
2026-07-29 15:08:00,342.18500,342.29999,341.95001,342.054993,86024
2026-07-29 15:07:00,342.19000,342.23999,342.04,342.18500,66929
2026-07-29 15:06:00,342.32501,342.32501,342.070007,342.20001,91438
2026-07-29 15:05:00,342.31500,342.37000,342.17001,342.31000,89334
2026-07-29 15:04:00,342.50500,342.51770,341.98999,342.31500,154536
2026-07-29 15:03:00,342.65500,342.79501,342.48999,342.51511,79343
2026-07-29 15:02:00,342.87000,342.92001,342.60999,342.65500,82322
2026-07-29 15:01:00,342.69000,342.89999,342.62000,342.85999,113454
2026-07-29 15:00:00,342.89999,343,342.68500,342.68500,85309
2026-07-29 14:59:00,343.10001,343.10001,342.74,342.89999,155729
2026-07-29 14:58:00,343.23819,343.25,343,343.079987,63306
2026-07-29 14:57:00,343.5,343.51001,343.17001,343.22501,75965
2026-07-29 14:56:00,343.71500,343.75,343.45010,343.51501,59479
2026-07-29 14:55:00,343.66000,343.84000,343.59000,343.71500,74034
2026-07-29 14:54:00,343.60501,343.70999,343.47000,343.63010,63117
2026-07-29 14:53:00,343.67999,343.70929,343.51,343.60001,56099
2026-07-29 14:52:00,343.78000,343.89001,343.60999,343.69000,54780
2026-07-29 14:51:00,343.73001,343.79001,343.56369,343.79001,48198
2026-07-29 14:50:00,343.79501,343.85690,343.63,343.72000,68857
2026-07-29 14:49:00,343.51010,343.85999,343.48001,343.79999,71497
2026-07-29 14:48:00,343.70001,343.73999,343.39999,343.51001,61127
2026-07-29 14:47:00,343.73499,343.79999,343.51001,343.67999,64489
2026-07-29 14:46:00,343.62000,343.75,343.56000,343.70279,55374
2026-07-29 14:45:00,343.69501,343.84500,343.58099,343.59000,79861
2026-07-29 14:44:00,343.54999,343.76999,343.485,343.70001,75755
2026-07-29 14:43:00,343.5,343.60999,343.35999,343.57501,79880
2026-07-29 14:42:00,343.48001,343.57129,343.32999,343.51999,77269
2026-07-29 14:41:00,343.67999,343.73499,343.39499,343.45999,83910
2026-07-29 14:40:00,343.81500,343.92001,343.52,343.67499,95794
2026-07-29 14:39:00,343.70001,343.94000,343.62009,343.81519,61404
2026-07-29 14:38:00,343.50500,343.91000,343.49011,343.71500,118921
2026-07-29 14:37:00,343.47000,343.54,343.31000,343.52789,73940
2026-07-29 14:36:00,343.30499,343.48001,343.13000,343.47000,59914
2026-07-29 14:35:00,343.29999,343.42499,343.14001,343.32999,92621
2026-07-29 14:34:00,343.40500,343.53000,343.20999,343.29001,48064
2026-07-29 14:33:00,343.25,343.39999,342.97000,343.39001,99530
2026-07-29 14:32:00,343.36499,343.39001,343.054993,343.20999,90085
2026-07-29 14:31:00,343.79001,343.81989,343.32999,343.32999,85182
2026-07-29 14:30:00,343.59000,343.84,343.54001,343.78000,94939
2026-07-29 14:29:00,343.32999,343.64001,343.31171,343.58771,76627
2026-07-29 14:28:00,343.28000,343.42999,343.18500,343.31500,84472
2026-07-29 14:27:00,343.45999,343.48001,343.17001,343.26001,78924
2026-07-29 14:26:00,343.48999,343.53000,343.34000,343.45001,51336
2026-07-29 14:25:00,343.34000,343.54999,343.34000,343.45511,60472
2026-07-29 14:24:00,343.29440,343.48431,343.29001,343.35001,71924
2026-07-29 14:23:00,343.42999,343.59,343.26001,343.29999,47200
2026-07-29 14:22:00,343.51001,343.58600,343.26999,343.40009,111179
2026-07-29 14:21:00,343.82010,343.89001,343.48001,343.53000,125013
2026-07-29 14:20:00,343.88000,343.88000,343.73999,343.84000,56312
2026-07-29 14:19:00,343.95999,344.033295,343.82999,343.88000,63561
2026-07-29 14:18:00,343.92001,344.019897,343.75,343.95001,70206
2026-07-29 14:17:00,343.89001,343.92001,343.75,343.91000,52723
2026-07-29 14:16:00,343.79501,343.94131,343.78000,343.88770,52315
2026-07-29 14:15:00,343.69000,343.79999,343.59000,343.76999,59650
2026-07-29 14:14:00,343.75,343.78989,343.46,343.70001,125774
2026-07-29 14:13:00,343.70999,343.8,343.59000,343.76001,75960
2026-07-29 14:12:00,343.89001,343.97000,343.69,343.72949,65464
2026-07-29 14:11:00,343.56000,343.92999,343.54001,343.87000,58813
2026-07-29 14:10:00,343.73001,343.91000,343.54001,343.54001,108547
2026-07-29 14:09:00,343.85999,343.89001,343.60999,343.75,90455
2026-07-29 14:08:00,343.91000,343.92999,343.61041,343.85001,106922
2026-07-29 14:07:00,344.20999,344.25,343.85999,343.89499,114810
2026-07-29 14:06:00,344.48999,344.56989,344.14001,344.22000,160590
2026-07-29 14:05:00,344.14999,344.54999,344.14169,344.51999,272059
2026-07-29 14:04:00,343.88000,344.19000,343.82001,344.17499,140696
2026-07-29 14:03:00,344.049988,344.14999,343.81000,343.875,124454
2026-07-29 14:02:00,344.019989,344.19000,343.88000,344.049988,208784
2026-07-29 14:01:00,343.74991,344.10001,343.62000,344.019989,304445
2026-07-29 14:00:00,343.25,343.80981,343.040100,343.79001,255560
2026-07-29 13:59:00,342.87000,343.34000,342.87000,343.20999,64561
2026-07-29 13:58:00,342.76999,342.94,342.67001,342.89001,51468
2026-07-29 13:57:00,342.79001,342.83,342.66000,342.78000,33932
2026-07-29 13:56:00,342.97000,342.97000,342.74,342.78500,58500
2026-07-29 13:55:00,342.96500,343.012512,342.81,342.95499,52825
2026-07-29 13:54:00,342.95999,342.98001,342.71011,342.98001,59463
2026-07-29 13:53:00,342.97000,342.97000,342.85,342.94000,52331
2026-07-29 13:52:00,343.015015,343.11,342.94199,342.97009,30528
2026-07-29 13:51:00,343.14001,343.17001,343.0049133,343.019989,59122
2026-07-29 13:50:00,343,343.19,343,343.125,71358
2026-07-29 13:49:00,343.075104,343.12,342.92999,342.99500,79434
2026-07-29 13:48:00,343.040009,343.12000,342.92001,343.060791,48192
2026-07-29 13:47:00,343.10001,343.12,342.92001,343.029999,62279
2026-07-29 13:46:00,343.095490,343.16000,343,343.10001,110830
2026-07-29 13:45:00,343.065002,343.14001,343.035004,343.079987,50428
2026-07-29 13:44:00,343.31000,343.34,343.01,343.048401,65836
2026-07-29 13:43:00,343.33990,343.39001,343.14,343.31000,109716
2026-07-29 13:42:00,343.23999,343.39001,343.16119,343.30499,62932
2026-07-29 13:41:00,343.17001,343.29999,343.15799,343.22000,67968
2026-07-29 13:40:00,343.010101,343.20001,342.97000,343.17001,85750
2026-07-29 13:39:00,343.029999,343.059998,342.965,343.0010986,42578
2026-07-29 13:38:00,342.90500,343.079987,342.84000,343.040009,53709
2026-07-29 13:37:00,342.82501,343.17001,342.82001,342.90500,102383
2026-07-29 13:36:00,342.72000,342.94000,342.7,342.82501,50692
2026-07-29 13:35:00,342.5,342.77991,342.47501,342.72009,61379
2026-07-29 13:34:00,342.52499,342.64801,342.45001,342.47501,30933
2026-07-29 13:33:00,342.60001,342.68,342.38000,342.51001,57453
2026-07-29 13:32:00,342.59000,342.72501,342.49500,342.60501,61694
2026-07-29 13:31:00,342.40500,342.65,342.35001,342.60999,49706
2026-07-29 13:30:00,342.69501,342.72000,342.39999,342.40500,61278
2026-07-29 13:29:00,342.98999,343.059998,342.69000,342.72000,63940
2026-07-29 13:28:00,342.89999,343.12000,342.89499,343.0050049,68938
2026-07-29 13:27:00,342.86499,342.92001,342.75,342.90500,61991
2026-07-29 13:26:00,342.96509,342.98001,342.72000,342.85999,79114
2026-07-29 13:25:00,342.97000,343,342.75,342.97000,78864
2026-07-29 13:24:00,342.95999,343.049988,342.83,342.92999,70723
2026-07-29 13:23:00,343.10501,343.21,342.88000,342.96750,128200
2026-07-29 13:22:00,343.42001,343.44891,343.092010,343.10501,170338
2026-07-29 13:21:00,343.12000,343.44000,343.10010,343.42999,164030
2026-07-29 13:20:00,342.88000,343.16000,342.80151,343.12000,199220
2026-07-29 13:19:00,342.73001,342.89001,342.7,342.86499,92007
2026-07-29 13:18:00,342.60010,342.8,342.57999,342.72501,102322
2026-07-29 13:17:00,342.44000,342.65991,342.42999,342.60999,70895
2026-07-29 13:16:00,342.23001,342.47501,342.22031,342.45999,63861
2026-07-29 13:15:00,342.32001,342.32999,342.12009,342.23999,54093
2026-07-29 13:14:00,342.12000,342.32001,342.075012,342.32001,102814
2026-07-29 13:13:00,341.89499,342.16000,341.86499,342.12000,55324
2026-07-29 13:12:00,341.73499,341.92990,341.69000,341.89499,65162
2026-07-29 13:11:00,341.85001,341.93991,341.69000,341.69000,52265
2026-07-29 13:10:00,341.54999,341.89001,341.54999,341.84869,54416
2026-07-29 13:09:00,341.81000,341.83911,341.56000,341.56989,34941
2026-07-29 13:08:00,341.84000,341.88000,341.70999,341.81000,40112
2026-07-29 13:07:00,341.90009,341.91000,341.79001,341.85999,34144
2026-07-29 13:06:00,342.079987,342.079987,341.86499,341.89999,41863
2026-07-29 13:05:00,341.95999,342.08,341.89499,342.037109,146309
2026-07-29 13:04:00,341.51001,342.079987,341.51001,341.96500,327522
2026-07-29 13:03:00,341.32001,341.53000,341.32,341.51001,44035
2026-07-29 13:02:00,341.26001,341.32501,341.11499,341.32501,21264
2026-07-29 13:01:00,341.17001,341.32001,341.13,341.26559,35631
2026-07-29 13:00:00,341.32001,341.44000,341.16000,341.17950,53488
2026-07-29 12:59:00,341.059998,341.31,341.059998,341.31000,61656
2026-07-29 12:58:00,340.89001,341.089996,340.81500,341.075012,27360
2026-07-29 12:57:00,341.040009,341.040009,340.82990,340.89011,36509
2026-07-29 12:56:00,340.94000,341.049988,340.85501,341.045013,42633
2026-07-29 12:55:00,341.029999,341.048615,340.87000,340.94000,30990
2026-07-29 12:54:00,340.92999,341.089996,340.88010,341.029999,35143
2026-07-29 12:53:00,340.95999,341.10971,340.88010,340.95999,48314
2026-07-29 12:52:00,340.89499,340.95999,340.81500,340.95511,43384
2026-07-29 12:51:00,340.85999,340.97000,340.75,340.89499,26704
2026-07-29 12:50:00,340.82001,340.95001,340.79010,340.88000,46765
2026-07-29 12:49:00,340.57001,340.85001,340.53049,340.85001,48509
2026-07-29 12:48:00,340.53250,340.69,340.51999,340.57001,32774
2026-07-29 12:47:00,340.39999,340.56000,340.39999,340.54501,33349
2026-07-29 12:46:00,340.5,340.53000,340.30060,340.38989,29442
2026-07-29 12:45:00,340.56000,340.76999,340.43500,340.5,60336
2026-07-29 12:44:00,340.32501,340.59000,340.32501,340.56000,33905
2026-07-29 12:43:00,340.14999,340.42001,340.14999,340.32999,45485
2026-07-29 12:42:00,340.23999,340.25500,340.049988,340.17871,41535
2026-07-29 12:41:00,340.51001,340.53,340.19000,340.26001,41641
2026-07-29 12:40:00,340.56500,340.59500,340.44000,340.5,46063
2026-07-29 12:39:00,340.51999,340.67999,340.51001,340.57001,32616
2026-07-29 12:38:00,340.63501,340.67001,340.48001,340.5,42390
2026-07-29 12:37:00,340.67999,340.81000,340.63,340.63000,42747
2026-07-29 12:36:00,340.92001,340.97000,340.60999,340.66751,45821
2026-07-29 12:35:00,341.10999,341.14001,340.89,340.91000,52568
2026-07-29 12:34:00,341.28500,341.34000,341.040009,341.10999,44506
2026-07-29 12:33:00,341.23001,341.32001,341.17999,341.27011,41145
2026-07-29 12:32:00,341.079987,341.22501,340.97000,341.21039,38298
2026-07-29 12:31:00,341.22000,341.25,341.010010,341.049988,37080
2026-07-29 12:30:00,341.25,341.41000,341.20001,341.24500,45853
2026-07-29 12:29:00,341.29999,341.44000,341.26999,341.26999,36243
2026-07-29 12:28:00,341.44000,341.44000,341.20999,341.28101,44358
2026-07-29 12:27:00,341.51501,341.53,341.35001,341.42499,36991
2026-07-29 12:26:00,341.44000,341.51999,341.315,341.51501,55190
2026-07-29 12:25:00,341.53500,341.56,341.39999,341.42999,42754
2026-07-29 12:24:00,341.42999,341.55,341.37,341.54999,56708
2026-07-29 12:23:00,341.20999,341.45001,341.16000,341.42001,87512
2026-07-29 12:22:00,341.070007,341.22000,341.029999,341.20999,59791
2026-07-29 12:21:00,340.92999,341.10001,340.84000,341.059998,48386
2026-07-29 12:20:00,341.070007,341.15,340.87000,340.94000,69783
2026-07-29 12:19:00,341.059998,341.14999,341.00048828,341.070007,44486
2026-07-29 12:18:00,341.070007,341.16000,340.94501,341.065002,62218
2026-07-29 12:17:00,340.82010,341.16000,340.81000,341.050690,81276
2026-07-29 12:16:00,340.69501,340.85999,340.67999,340.84000,55760
2026-07-29 12:15:00,340.79999,340.85999,340.69000,340.69501,49155
2026-07-29 12:14:00,340.97009,341.040009,340.81000,340.82999,39256
2026-07-29 12:13:00,340.90039,340.99,340.79999,340.98001,39350
2026-07-29 12:12:00,340.95001,340.96500,340.82999,340.87000,30879
2026-07-29 12:11:00,340.95999,340.98001,340.70001,340.95001,29686
2026-07-29 12:10:00,340.97000,341.075012,340.92010,340.95029,38330
2026-07-29 12:09:00,340.84000,341.04,340.75601,341.010010,53868
2026-07-29 12:08:00,340.92999,341.010010,340.79001,340.84509,39419
2026-07-29 12:07:00,340.82501,340.95001,340.725,340.91501,53575
2026-07-29 12:06:00,340.75,340.94000,340.73999,340.88000,76514
2026-07-29 12:05:00,340.90500,340.93,340.70001,340.76999,48455
2026-07-29 12:04:00,341.045013,341.15,340.85999,340.89999,53013
2026-07-29 12:03:00,340.92999,341.079987,340.90500,341.029999,29415
2026-07-29 12:02:00,340.72989,341.02,340.63000,340.92999,44130
2026-07-29 12:01:00,340.85001,340.95001,340.72000,340.75,36563
2026-07-29 12:00:00,341.10001,341.12000,340.78000,340.86121,40214
2026-07-29 11:59:00,341.079987,341.14999,340.91,341.029999,48453
2026-07-29 11:58:00,341.079987,341.14999,340.75,341.049988,99450
2026-07-29 11:57:00,341.019989,341.10001,340.85999,341.070007,48212
2026-07-29 11:56:00,340.93500,341.070007,340.88000,341.024994,56931
2026-07-29 11:55:00,340.85999,340.99500,340.78000,340.92001,60312
2026-07-29 11:54:00,341.019989,341.041992,340.7,340.84000,51197
2026-07-29 11:53:00,341.17001,341.17001,340.88,341.019989,53202
2026-07-29 11:52:00,340.84000,341.22000,340.82001,341.17499,122585
2026-07-29 11:51:00,340.82501,340.89001,340.75,340.85001,58719
2026-07-29 11:50:00,340.81000,340.97000,340.78101,340.875,100429
2026-07-29 11:49:00,340.59500,340.88000,340.59500,340.84000,53000
2026-07-29 11:48:00,340.68500,340.86,340.57001,340.59000,69446
2026-07-29 11:47:00,340.375,340.73999,340.32001,340.65500,81070
2026-07-29 11:46:00,340.26001,340.44501,340.12,340.375,49017
2026-07-29 11:45:00,340.089996,340.29001,340.059998,340.29001,49117
2026-07-29 11:44:00,340.13000,340.16010,339.935,340.089996,55997
2026-07-29 11:43:00,340.32501,340.45001,339.88000,340.10501,112823
2026-07-29 11:42:00,340.48001,340.58,340.23999,340.34000,86668
2026-07-29 11:41:00,340.42499,340.57,340.38010,340.48999,50192
2026-07-29 11:40:00,340.38010,340.62,340.31000,340.42001,51773
2026-07-29 11:39:00,340.53500,340.55069,340.34000,340.39999,56190
2026-07-29 11:38:00,340.38000,340.68,340.38,340.51001,102581
2026-07-29 11:37:00,340.010010,340.51501,340.010010,340.39999,90535
2026-07-29 11:36:00,340.029999,340.09,339.84,340.010010,38910
2026-07-29 11:35:00,339.92001,340.10501,339.84500,340.040009,74277
2026-07-29 11:34:00,340.030090,340.049988,339.84000,339.89999,40785
2026-07-29 11:33:00,340.070007,340.13000,339.98999,340.019989,52492
2026-07-29 11:32:00,339.98499,340.20001,339.92,340.070007,78685
2026-07-29 11:31:00,339.91000,340,339.76001,339.98999,72314
2026-07-29 11:30:00,339.82999,339.99,339.81000,339.91501,97770
2026-07-29 11:29:00,339.98001,340.029999,339.78000,339.81000,39928
2026-07-29 11:28:00,339.89001,340.079987,339.88,339.98001,36362
2026-07-29 11:27:00,339.87009,340.040009,339.73999,339.87000,46078
2026-07-29 11:26:00,340.029999,340.065002,339.70001,339.87991,53670
2026-07-29 11:25:00,340.049988,340.089996,339.89999,340.049988,73930
2026-07-29 11:24:00,339.79999,340.089996,339.64999,340.059998,89897
2026-07-29 11:23:00,339.78729,339.86990,339.69,339.79001,52925
2026-07-29 11:22:00,339.86990,339.92001,339.69000,339.79501,59439
2026-07-29 11:21:00,340,340.040009,339.76,339.86499,36435
2026-07-29 11:20:00,339.85001,340.010010,339.82,339.99500,50760
2026-07-29 11:19:00,339.92999,340.019989,339.84000,339.87000,47313
2026-07-29 11:18:00,340.10999,340.32999,339.81000,339.89999,62561
2026-07-29 11:17:00,340.12000,340.26999,340.10001,340.13000,62589
2026-07-29 11:16:00,339.92999,340.23999,339.92999,340.13501,81671
2026-07-29 11:15:00,339.97000,340.059998,339.89001,339.94000,50655
2026-07-29 11:14:00,340.019989,340.079987,339.94501,339.97000,42752
2026-07-29 11:13:00,340.14001,340.19000,339.91000,340.029999,58441
2026-07-29 11:12:00,340.14999,340.20001,340.029999,340.14999,40168
2026-07-29 11:11:00,340.19000,340.23001,339.94000,340.14001,90780
2026-07-29 11:10:00,340.28000,340.3,340.10999,340.17249,101061
2026-07-29 11:09:00,340.29001,340.41000,340.22009,340.26501,71562
2026-07-29 11:08:00,340.52661,340.53989,340.20010,340.35999,71661
2026-07-29 11:07:00,340.42001,340.57001,340.35001,340.51001,128042
2026-07-29 11:06:00,339.67001,340.56,339.60999,340.39999,140678
2026-07-29 11:05:00,339.78000,339.99,339.59000,339.67001,68099
2026-07-29 11:04:00,339.73999,339.85999,339.51999,339.73999,154508
2026-07-29 11:03:00,339.77081,340.054993,339.72000,339.76001,127520
2026-07-29 11:02:00,340.17499,340.26999,339.76001,339.79999,143607
2026-07-29 11:01:00,340.33499,340.42999,340.14081,340.17999,101960
2026-07-29 11:00:00,340.39999,340.5,340.14999,340.32501,124389
2026-07-29 10:59:00,340.29999,340.44879,340.26999,340.39001,95515
2026-07-29 10:58:00,340.51001,340.60001,340.12000,340.31500,97178
2026-07-29 10:57:00,340.66000,340.71,340.48001,340.50009,78947
2026-07-29 10:56:00,340.69501,340.84000,340.54010,340.61560,81499
2026-07-29 10:55:00,340.72000,340.75,340.62000,340.70001,68240
2026-07-29 10:54:00,340.70001,340.78,340.44000,340.70999,85786
2026-07-29 10:53:00,340.42001,340.89999,340.39,340.70999,77357
2026-07-29 10:52:00,340.59000,340.77930,340.38000,340.38000,113412
2026-07-29 10:51:00,340.60501,340.93051,340.51001,340.54999,128843
2026-07-29 10:50:00,341.054993,341.054993,340.51199,340.61609,161532
2026-07-29 10:49:00,341.32001,341.35001,340.81000,341.040009,105451
2026-07-29 10:48:00,341.20001,341.34000,341.082001,341.32999,65185
2026-07-29 10:47:00,341.59000,341.59000,341.17499,341.20999,79733
2026-07-29 10:46:00,341.44000,341.64001,341.32361,341.60999,61702
2026-07-29 10:45:00,341.57001,341.70001,341.35001,341.45999,86547
2026-07-29 10:44:00,341.42749,341.60001,341.32001,341.59000,98701
2026-07-29 10:43:00,341.44000,341.60001,341.32001,341.44501,157990
2026-07-29 10:42:00,341.48999,341.61,341.35001,341.45001,72121
2026-07-29 10:41:00,341.059998,341.64001,341.059998,341.48999,79503
2026-07-29 10:40:00,341.28000,341.41,341.020111,341.059998,71155
2026-07-29 10:39:00,341.37000,341.45001,341.26001,341.29001,54751
2026-07-29 10:38:00,341.26999,341.4,341.13419,341.36499,52115
2026-07-29 10:37:00,341.26999,341.36960,341.14020,341.29001,48879
2026-07-29 10:36:00,341.49500,341.57001,341.13000,341.26559,59830
2026-07-29 10:35:00,341.70001,341.73999,341.42001,341.48999,63025
2026-07-29 10:34:00,341.49500,341.70001,341.37000,341.70001,69064
2026-07-29 10:33:00,341.16000,341.57001,341.030792,341.51501,102847
2026-07-29 10:32:00,341.26999,341.34100,341.10001,341.16000,76185
2026-07-29 10:31:00,341.32001,341.39999,341.049988,341.31989,89307
2026-07-29 10:30:00,341.17001,341.31989,340.91,341.29001,98861
2026-07-29 10:29:00,341.26001,341.26501,341.10501,341.16000,68949
2026-07-29 10:28:00,341.10999,341.34,341.029999,341.25500,107801
2026-07-29 10:27:00,341.10010,341.22000,341.029999,341.079987,92587
2026-07-29 10:26:00,340.97000,341.18991,340.72000,341.12000,124913
2026-07-29 10:25:00,341.28000,341.31000,340.95999,340.96060,65398
2026-07-29 10:24:00,341.43500,341.48001,341.16000,341.22000,80681
2026-07-29 10:23:00,341.63000,341.72849,341.46011,341.46011,68227
2026-07-29 10:22:00,341.25,341.64999,341.22000,341.64999,77135
2026-07-29 10:21:00,341.38501,341.48001,341.14011,341.20499,72115
2026-07-29 10:20:00,341.29001,341.53000,341.13000,341.39001,154242
2026-07-29 10:19:00,341.48001,341.5,341.20001,341.29999,109519
2026-07-29 10:18:00,341.76999,341.76999,341.41760,341.45999,119756
2026-07-29 10:17:00,341.63000,341.76501,341.48001,341.74451,153064
2026-07-29 10:16:00,342.049988,342.062592,341.59009,341.63000,100358
2026-07-29 10:15:00,341.82501,342.088989,341.67499,342.057587,129663
2026-07-29 10:14:00,341.86499,342.16000,341.79999,341.82999,144955
2026-07-29 10:13:00,342.20001,342.20001,341.72,341.84009,110397
2026-07-29 10:12:00,342.34500,342.35681,341.85,342.20001,208957
2026-07-29 10:11:00,342.39999,342.68,342.25,342.34500,129929
2026-07-29 10:10:00,342.64001,342.81500,342.37000,342.37000,124239
2026-07-29 10:09:00,342.59500,342.74899,342.45929,342.66501,78765
2026-07-29 10:08:00,342.5,342.69000,342.23001,342.61969,147850
2026-07-29 10:07:00,342.625,342.82419,342.41000,342.47501,111261
2026-07-29 10:06:00,342.97501,343.16000,342.51001,342.61929,233414
2026-07-29 10:05:00,343.19000,343.30249,342.91,342.95001,135478
2026-07-29 10:04:00,343.42401,343.45999,342.95010,343.19000,124330
2026-07-29 10:03:00,342.97000,343.48001,342.95001,343.43500,238317
2026-07-29 10:02:00,342.82501,343.040009,342.62000,342.92999,179837
2026-07-29 10:01:00,342.66000,342.82501,342.51,342.82501,133418
2026-07-29 10:00:00,342.82501,342.97000,342.65500,342.67499,146548
2026-07-29 09:59:00,342.78000,343.054993,342.54501,342.87000,126990
2026-07-29 09:58:00,342.92999,343,342.51999,342.76001,99885
2026-07-29 09:57:00,342.51999,343.13,342.445,342.94000,155731
2026-07-29 09:56:00,342.68500,342.73999,342.19000,342.56400,145354
2026-07-29 09:55:00,343.019989,343.10001,342.39999,342.66000,123993
2026-07-29 09:54:00,343.35999,343.40991,342.94000,343.024994,102794
2026-07-29 09:53:00,343.35001,343.45999,343.059998,343.35001,128481
2026-07-29 09:52:00,343.63000,343.64999,343.050293,343.34000,199860
2026-07-29 09:51:00,343.37000,343.67001,343.165,343.64499,233364
2026-07-29 09:50:00,343.27161,343.48001,342.97000,343.37000,265217
2026-07-29 09:49:00,343.079987,343.45001,342.75009,343.23499,223731
2026-07-29 09:48:00,342.89001,343.10001,342.81000,343.079987,138507
2026-07-29 09:47:00,342.77499,343.13000,342.57251,342.88000,280290
2026-07-29 09:46:00,342.28500,342.97000,342.23999,342.77499,371562
2026-07-29 09:45:00,341.54501,342.37,341.53000,342.23999,256533
2026-07-29 09:44:00,341.17001,341.62,340.79001,341.56000,108027
2026-07-29 09:43:00,341.44000,341.45999,340.95001,341.14001,113700
2026-07-29 09:42:00,341.45499,341.72000,341.26999,341.45999,130969
2026-07-29 09:41:00,341.71500,341.78000,341.41000,341.45499,175212
2026-07-29 09:40:00,341.16000,341.75500,340.86499,341.73001,198497
2026-07-29 09:39:00,340.70001,341.21790,340.68411,341.21790,161202
2026-07-29 09:38:00,340.76999,340.98999,340.37000,340.64999,235461
2026-07-29 09:37:00,340.79001,340.82999,340.010010,340.75500,155495
2026-07-29 09:36:00,340.39499,340.98999,340.16000,340.79501,215061
2026-07-29 09:35:00,340.059998,340.45001,339.84,340.42999,106358
2026-07-29 09:34:00,339.98499,340.40399,339.56000,340.028290,143584
2026-07-29 09:33:00,340.42499,340.54120,339.79001,339.95999,210047
2026-07-29 09:32:00,340.89001,340.96991,339.72000,340.39001,186855
2026-07-29 09:31:00,341.70001,342.19000,340.56000,340.82999,305503
2026-07-29 09:30:00,339.69000,341.77,339.645,341.59531,1864881
2026-07-28 15:59:00,340.34500,340.35001,339.94000,340.16000,1234410
2026-07-28 15:58:00,340.39999,340.54,340.19000,340.34500,547327
2026-07-28 15:57:00,340.125,340.41000,339.97,340.39001,390175
2026-07-28 15:56:00,339.85001,340.15,339.73,340.125,280877
2026-07-28 15:55:00,339.84000,339.94000,339.10001,339.84000,399825
2026-07-28 15:54:00,339.57001,340,339.29,339.85001,211884
2026-07-28 15:53:00,339.63000,339.73999,339.48,339.54999,121160
2026-07-28 15:52:00,339.76010,339.85001,339.565,339.61499,102229
2026-07-28 15:51:00,339.96500,340,339.67999,339.75,132748
2026-07-28 15:50:00,339.44000,339.98001,339.37000,339.97000,143874
2026-07-28 15:49:00,339.52991,339.53,339.34000,339.44000,68816
2026-07-28 15:48:00,339.48001,339.54001,339.44,339.51999,71306
2026-07-28 15:47:00,339.36499,339.48001,339.22000,339.48001,90554
2026-07-28 15:46:00,339.32999,339.42,339.13000,339.37000,86814
2026-07-28 15:45:00,340.010010,340.010010,339.20001,339.32001,141124
2026-07-28 15:44:00,340.10999,340.12000,340,340.010010,85914
2026-07-28 15:43:00,339.83499,340.14999,339.77011,340.10501,165832
2026-07-28 15:42:00,339.87000,339.95,339.70001,339.84000,64680
2026-07-28 15:41:00,339.85999,339.9,339.78000,339.87000,64714
2026-07-28 15:40:00,339.72000,339.87991,339.70001,339.87000,70573
2026-07-28 15:39:00,339.67010,339.73999,339.65500,339.70499,65515
2026-07-28 15:38:00,339.73999,339.91000,339.57001,339.68500,152259
2026-07-28 15:37:00,339.54071,339.76999,339.51001,339.73999,103468
2026-07-28 15:36:00,339.42001,339.57001,339.42001,339.55499,111089
2026-07-28 15:35:00,339.35001,339.55,339.32999,339.44000,68911
2026-07-28 15:34:00,339.20999,339.36,339.18500,339.35999,1169802
2026-07-28 15:33:00,339.31000,339.39,339.20999,339.22000,66740
2026-07-28 15:32:00,339.16000,339.38000,339.16000,339.31000,67002
2026-07-28 15:31:00,339.23499,339.29001,339.10001,339.16000,67740
2026-07-28 15:30:00,339.16000,339.28000,339.12000,339.23001,68216
2026-07-28 15:29:00,339.35999,339.37000,339.14999,339.20001,72986
2026-07-28 15:28:00,339.20999,339.35001,339.145,339.34000,48047
2026-07-28 15:27:00,339.049988,339.235,339.029999,339.20999,58106
2026-07-28 15:26:00,339.19989,339.22000,339.049988,339.069305,64766
2026-07-28 15:25:00,339.28000,339.29001,339.19000,339.19000,72274
2026-07-28 15:24:00,339.26999,339.32999,339.225,339.27499,35750
2026-07-28 15:23:00,339.31000,339.31000,339.17651,339.27011,45423
2026-07-28 15:22:00,339.375,339.51999,339.29001,339.31000,98949
2026-07-28 15:21:00,339.39999,339.42001,339.31000,339.37000,54777
2026-07-28 15:20:00,339.29999,339.44000,339.285,339.42001,47261
2026-07-28 15:19:00,339.40500,339.48001,339.25,339.27951,71800
2026-07-28 15:18:00,339.28000,339.42999,339.23999,339.41000,69255
2026-07-28 15:17:00,339.17001,339.33640,339.16000,339.26999,54102
2026-07-28 15:16:00,339.20001,339.26999,339.135,339.15131,60748
2026-07-28 15:15:00,339.17001,339.26001,339.13000,339.20001,40602
2026-07-28 15:14:00,339.30499,339.32001,339.16,339.17001,47884
2026-07-28 15:13:00,339.42999,339.45001,339.24100,339.31500,85850
2026-07-28 15:12:00,339.27991,339.45001,339.26501,339.44000,36658
2026-07-28 15:11:00,339.32501,339.35001,339.22,339.26001,44713
2026-07-28 15:10:00,339.34000,339.39999,339.29999,339.32001,50774
2026-07-28 15:09:00,339.41000,339.44501,339.21011,339.32501,75549
2026-07-28 15:08:00,339.53000,339.54,339.39331,339.39999,55716
2026-07-28 15:07:00,339.51999,339.57,339.39999,339.54001,58657
2026-07-28 15:06:00,339.5,339.54001,339.39,339.51001,56695
2026-07-28 15:05:00,339.60001,339.62,339.41,339.51001,65212
2026-07-28 15:04:00,339.53000,339.675,339.53000,339.61499,91116
2026-07-28 15:03:00,339.51001,339.54001,339.42999,339.53009,48163
2026-07-28 15:02:00,339.51999,339.55,339.39999,339.51001,45752
2026-07-28 15:01:00,339.42999,339.55,339.39999,339.51501,52663
2026-07-28 15:00:00,339.34500,339.48499,339.32,339.42001,69955
2026-07-28 14:59:00,339.43500,339.46,339.29,339.35001,59047
2026-07-28 14:58:00,339.44501,339.48001,339.29,339.40500,47372
2026-07-28 14:57:00,339.42999,339.56000,339.35999,339.44000,74303
2026-07-28 14:56:00,339.060089,339.45001,338.99011,339.42999,90360
2026-07-28 14:55:00,338.85999,339.08,338.85999,339.070007,72829
2026-07-28 14:54:00,338.82001,338.89999,338.76010,338.85001,50542
2026-07-28 14:53:00,338.88000,338.89001,338.76999,338.81500,46200
2026-07-28 14:52:00,338.85501,338.935,338.80539,338.88000,43085
2026-07-28 14:51:00,338.69000,338.90948,338.655,338.85989,63986
2026-07-28 14:50:00,338.62570,338.76999,338.62000,338.68500,55514
2026-07-28 14:49:00,338.69000,338.70099,338.57,338.64999,33210
2026-07-28 14:48:00,338.85999,338.865,338.59000,338.69000,45655
2026-07-28 14:47:00,338.64001,338.87000,338.60999,338.85599,56460
2026-07-28 14:46:00,338.64001,338.66000,338.51,338.62000,43769
2026-07-28 14:45:00,338.41000,338.65991,338.41,338.64999,42166
2026-07-28 14:44:00,338.64001,338.64001,338.375,338.39999,43229
2026-07-28 14:43:00,338.45499,338.65500,338.45,338.625,75260
2026-07-28 14:42:00,338.32001,338.52750,338.275,338.45999,44761
2026-07-28 14:41:00,338.44009,338.47000,338.29999,338.32001,58955
2026-07-28 14:40:00,338.81500,338.84,338.44009,338.44009,84630
2026-07-28 14:39:00,339.25500,339.25500,338.79501,338.81500,104283
2026-07-28 14:38:00,339.20001,339.29001,339.089203,339.25,40893
2026-07-28 14:37:00,339.14999,339.235,339.10999,339.19000,38862
2026-07-28 14:36:00,339.26001,339.26999,339.075012,339.14001,35715
2026-07-28 14:35:00,339.45499,339.53,339.16000,339.26001,90990
2026-07-28 14:34:00,339.39999,339.51001,339.38,339.45001,81013
2026-07-28 14:33:00,339.32999,339.49,339.32,339.39011,51001
2026-07-28 14:32:00,339.47000,339.5,339.32001,339.33499,57369
2026-07-28 14:31:00,339.78000,339.78,339.39001,339.47000,105097
2026-07-28 14:30:00,339.84000,339.89001,339.63000,339.78000,73261
2026-07-28 14:29:00,339.87000,339.90991,339.78000,339.84000,33069
2026-07-28 14:28:00,339.95999,339.98,339.82999,339.87000,56588
2026-07-28 14:27:00,339.82001,340.15991,339.75,339.92999,134548
2026-07-28 14:26:00,339.81000,339.9,339.79,339.81000,59778
2026-07-28 14:25:00,339.76001,339.875,339.76,339.81000,58486
2026-07-28 14:24:00,339.72000,339.79001,339.71,339.76999,34713
2026-07-28 14:23:00,339.84000,339.88501,339.70999,339.72000,40782
2026-07-28 14:22:00,339.73001,339.85001,339.71011,339.79999,42440
2026-07-28 14:21:00,339.72339,339.82001,339.67999,339.70670,34523
2026-07-28 14:20:00,339.75500,339.81000,339.64999,339.72501,69633
2026-07-28 14:19:00,339.73999,339.81000,339.65030,339.75,40054
2026-07-28 14:18:00,339.57501,339.74,339.57010,339.72580,43632
2026-07-28 14:17:00,339.57501,339.58,339.51501,339.57501,30435
2026-07-28 14:16:00,339.48001,339.59,339.43011,339.56500,63367
2026-07-28 14:15:00,339.57001,339.57999,339.42999,339.48001,48425
2026-07-28 14:14:00,339.42999,339.60999,339.42,339.56000,29810
2026-07-28 14:13:00,339.56000,339.63000,339.45999,339.45999,34578
2026-07-28 14:12:00,339.57999,339.59000,339.48999,339.51999,33597
2026-07-28 14:11:00,339.54001,339.64001,339.51999,339.59100,42890
2026-07-28 14:10:00,339.60999,339.64999,339.53500,339.54501,61407
2026-07-28 14:09:00,339.61499,339.64999,339.51999,339.625,43937
2026-07-28 14:08:00,339.58011,339.66000,339.56000,339.60999,48042
2026-07-28 14:07:00,339.54001,339.57501,339.48999,339.54999,28161
2026-07-28 14:06:00,339.67999,339.67999,339.48,339.51001,65368
2026-07-28 14:05:00,339.64001,339.69000,339.59000,339.67001,29456
2026-07-28 14:04:00,339.60001,339.67001,339.55499,339.66000,39977
2026-07-28 14:03:00,339.56000,339.64001,339.54501,339.60001,56507
2026-07-28 14:02:00,339.70999,339.74,339.51001,339.54999,42618
2026-07-28 14:01:00,339.76501,339.77499,339.67999,339.72501,34196
2026-07-28 14:00:00,339.74500,339.84,339.7,339.76501,358273
2026-07-28 13:59:00,339.69000,339.78000,339.65500,339.74500,32385
2026-07-28 13:58:00,339.60001,339.67999,339.50089,339.67999,79130
2026-07-28 13:57:00,339.76999,339.85001,339.59,339.60001,61877
2026-07-28 13:56:00,339.73999,339.82501,339.69000,339.79999,30238
2026-07-28 13:55:00,339.79001,339.89999,339.70001,339.73001,36173
2026-07-28 13:54:00,339.82001,339.89001,339.76501,339.79001,61452
2026-07-28 13:53:00,339.78299,339.85001,339.72000,339.82001,42879
2026-07-28 13:52:00,339.76999,339.92001,339.76,339.78009,41306
2026-07-28 13:51:00,339.70001,339.76001,339.61600,339.76001,33228
2026-07-28 13:50:00,339.88000,339.89001,339.66,339.69000,56086
2026-07-28 13:49:00,339.94000,340.010010,339.82999,339.88000,64791
2026-07-28 13:48:00,339.69000,340.019897,339.68011,339.95099,110084
2026-07-28 13:47:00,339.66000,339.74991,339.62000,339.69000,54032
2026-07-28 13:46:00,339.56000,339.67001,339.5,339.64999,44748
2026-07-28 13:45:00,339.48999,339.64999,339.45999,339.54999,35246
2026-07-28 13:44:00,339.54999,339.59000,339.39999,339.51999,48380
2026-07-28 13:43:00,339.60001,339.785,339.53000,339.54001,63444
2026-07-28 13:42:00,339.75500,339.75500,339.56000,339.60001,66654
2026-07-28 13:41:00,339.51001,339.78000,339.51001,339.74811,69010
2026-07-28 13:40:00,339.38000,339.56989,339.37009,339.51999,64055
2026-07-28 13:39:00,339.32001,339.42499,339.29999,339.37039,41868
2026-07-28 13:38:00,339.19501,339.32999,339.17001,339.30499,47106
2026-07-28 13:37:00,339.17001,339.20999,339.098999,339.20001,29774
2026-07-28 13:36:00,339.14001,339.2,339.079987,339.16000,31263
2026-07-28 13:35:00,339.13501,339.23001,339.089996,339.14001,46284
2026-07-28 13:34:00,339.12000,339.18991,339.049988,339.14001,42117
2026-07-28 13:33:00,339.049988,339.28000,339.010101,339.10999,50613
2026-07-28 13:32:00,339.040009,339.09,339,339.040009,50640
2026-07-28 13:31:00,339.040009,339.10999,339.019989,339.029999,21622
2026-07-28 13:30:00,339.040009,339.089996,339.010010,339.040009,27304
2026-07-28 13:29:00,338.97000,339.10001,338.97000,339.029999,23042
2026-07-28 13:28:00,339.010010,339.089996,338.95999,338.95999,20738
2026-07-28 13:27:00,338.97501,339.12,338.95090,339.010010,31935
2026-07-28 13:26:00,339.099915,339.13699,338.94501,338.97000,26403
2026-07-28 13:25:00,339.20999,339.23550,339.03,339.099915,37849
2026-07-28 13:24:00,339.19000,339.26001,339.17001,339.18570,31192
2026-07-28 13:23:00,339.010010,339.19009,338.95999,339.16000,31918
2026-07-28 13:22:00,339.19000,339.22699,338.96100,339.011292,31938
2026-07-28 13:21:00,339.41000,339.51,339.15500,339.15500,48478
2026-07-28 13:20:00,339.049988,339.47000,339.040710,339.41000,84670
2026-07-28 13:19:00,339.059998,339.13000,338.93,339.049988,58623
2026-07-28 13:18:00,339.053894,339.089996,338.98,339.070007,37871
2026-07-28 13:17:00,339.11591,339.12000,339.049988,339.050110,21160
2026-07-28 13:16:00,339.10001,339.13000,339.01,339.095001,38551
2026-07-28 13:15:00,339.070007,339.17001,339.049988,339.089996,63430
2026-07-28 13:14:00,339.10001,339.13,339.019989,339.10001,35141
2026-07-28 13:13:00,339.20999,339.24,339.050110,339.10001,50679
2026-07-28 13:12:00,339.26999,339.31,339.17999,339.20499,33984
2026-07-28 13:11:00,339.28000,339.35989,339.17999,339.25,57861
2026-07-28 13:10:00,339.37000,339.39999,339.26999,339.29999,44466
2026-07-28 13:09:00,339.39001,339.40991,339.25201,339.38000,53169
2026-07-28 13:08:00,339.38000,339.42999,339.34009,339.38501,45098
2026-07-28 13:07:00,339.54501,339.58499,339.36499,339.38989,54751
2026-07-28 13:06:00,339.63000,339.66,339.45001,339.57999,52203
2026-07-28 13:05:00,339.66010,339.82001,339.61,339.64999,47061
2026-07-28 13:04:00,339.62411,339.67001,339.51999,339.67001,43969
2026-07-28 13:03:00,339.67001,339.70001,339.56000,339.63000,26342
2026-07-28 13:02:00,339.73001,339.73001,339.54,339.66000,37140
2026-07-28 13:01:00,339.82999,339.86,339.73999,339.73999,29128
2026-07-28 13:00:00,339.79999,339.89001,339.76001,339.82501,39190
2026-07-28 12:59:00,339.58499,339.79999,339.51999,339.76999,43916
2026-07-28 12:58:00,339.60501,339.60999,339.53000,339.58881,34636
2026-07-28 12:57:00,339.74500,339.76999,339.51999,339.60999,57734
2026-07-28 12:56:00,339.76001,339.81,339.60001,339.75,56625
2026-07-28 12:55:00,339.92001,339.96500,339.77420,339.78500,40742
2026-07-28 12:54:00,339.84500,339.97501,339.74039,339.92999,52203
2026-07-28 12:53:00,339.48999,339.85001,339.47,339.84500,74993
2026-07-28 12:52:00,339.51010,339.53500,339.35001,339.51501,49004
2026-07-28 12:51:00,339.42001,339.60001,339.41501,339.51501,71808
2026-07-28 12:50:00,339.14999,339.45999,339.13000,339.41010,56002
2026-07-28 12:49:00,339.10501,339.23999,339.10001,339.13000,45633
2026-07-28 12:48:00,339.29001,339.41,339.07,339.10001,58112
2026-07-28 12:47:00,339.070007,339.28500,339.049988,339.28500,44037
2026-07-28 12:46:00,339.29001,339.42001,338.94,339.070007,86788
2026-07-28 12:45:00,339.47000,339.54999,339.16000,339.28500,89489
2026-07-28 12:44:00,339.67999,339.68,339.39001,339.45499,98978
2026-07-28 12:43:00,339.75,339.76001,339.62000,339.66501,52244
2026-07-28 12:42:00,339.92001,339.93719,339.72,339.76999,39610
2026-07-28 12:41:00,339.92999,340.010010,339.82999,339.94000,62663
2026-07-28 12:40:00,340.059998,340.10001,339.81000,339.94000,61847
2026-07-28 12:39:00,340.059998,340.089996,339.97000,340.050110,72372
2026-07-28 12:38:00,340.049988,340.16000,340.01,340.059998,59615
2026-07-28 12:37:00,339.98001,340.12939,339.95999,340.035004,40896
2026-07-28 12:36:00,340.25,340.26001,339.97000,340.010010,65865
2026-07-28 12:35:00,340.31500,340.42001,340.23999,340.23999,55699
2026-07-28 12:34:00,340.24500,340.45001,340.20599,340.29999,37080
2026-07-28 12:33:00,340.45999,340.57990,340.23001,340.23050,110054
2026-07-28 12:32:00,340.10999,340.47000,340.079987,340.45499,116728
2026-07-28 12:31:00,340.029999,340.19000,340.019989,340.10010,65192
2026-07-28 12:30:00,339.82999,340.10999,339.79010,340.065002,68062
2026-07-28 12:29:00,340.010010,340.040009,339.76,339.81000,46901
2026-07-28 12:28:00,339.92001,340.019989,339.85501,340.019989,58761
2026-07-28 12:27:00,339.94000,340.14001,339.89999,339.92999,268759
2026-07-28 12:26:00,339.81500,339.95001,339.81000,339.93500,43194
2026-07-28 12:25:00,339.66400,339.83,339.63,339.82001,53303
2026-07-28 12:24:00,339.78000,339.8,339.51,339.66501,87115
2026-07-28 12:23:00,339.85999,339.87,339.72000,339.78500,68977
2026-07-28 12:22:00,339.84299,339.93951,339.78000,339.82001,67941
2026-07-28 12:21:00,339.79001,339.91000,339.75,339.85999,54334
2026-07-28 12:20:00,339.67999,339.83,339.67499,339.78000,48300
2026-07-28 12:19:00,339.57999,339.73999,339.56,339.70999,49969
2026-07-28 12:18:00,339.66501,339.73999,339.51999,339.58411,56437
2026-07-28 12:17:00,339.81000,339.85999,339.63000,339.66501,50161
2026-07-28 12:16:00,339.80499,339.85001,339.72,339.79001,47806
2026-07-28 12:15:00,339.82999,339.89001,339.73999,339.81500,53267
2026-07-28 12:14:00,339.85001,339.87000,339.75,339.82001,39841
2026-07-28 12:13:00,339.78500,339.9,339.765,339.82999,58640
2026-07-28 12:12:00,339.88000,339.89999,339.72009,339.78000,44475
2026-07-28 12:11:00,339.87000,339.89001,339.76001,339.89001,59201
2026-07-28 12:10:00,339.92001,339.98999,339.82050,339.85501,65759
2026-07-28 12:09:00,339.87000,339.94000,339.84000,339.91000,43060
2026-07-28 12:08:00,339.63000,339.92999,339.53000,339.85999,72251
2026-07-28 12:07:00,339.79999,339.89001,339.63,339.64999,60427
2026-07-28 12:06:00,339.59000,339.84991,339.59000,339.79999,55935
2026-07-28 12:05:00,339.67001,339.68500,339.47000,339.58499,32998
2026-07-28 12:04:00,339.68500,339.75,339.59000,339.66000,54168
2026-07-28 12:03:00,339.50500,339.69000,339.50500,339.67999,37541
2026-07-28 12:02:00,339.54501,339.56989,339.46121,339.5,47564
2026-07-28 12:01:00,339.54001,339.60001,339.45999,339.54999,43031
2026-07-28 12:00:00,339.66000,339.68250,339.50500,339.56400,64536
2026-07-28 11:59:00,339.70999,339.8,339.60999,339.66000,48430
2026-07-28 11:58:00,339.75,339.76,339.66000,339.70999,35988
2026-07-28 11:57:00,339.76001,339.86899,339.69000,339.76999,61397
2026-07-28 11:56:00,339.64499,339.82001,339.63000,339.75500,38348
2026-07-28 11:55:00,339.54999,339.77,339.54999,339.63000,38988
2026-07-28 11:54:00,339.51999,339.57001,339.42,339.56000,34679
2026-07-28 11:53:00,339.67001,339.68250,339.47000,339.54001,76739
2026-07-28 11:52:00,339.53000,339.76001,339.51001,339.70001,52767
2026-07-28 11:51:00,339.20999,339.55,339.14999,339.52499,46727
2026-07-28 11:50:00,339.32999,339.35999,339.029999,339.20999,66024
2026-07-28 11:49:00,339.34000,339.48999,339.23981,339.30051,57140
2026-07-28 11:48:00,339.27499,339.41000,339.25,339.35001,47920
2026-07-28 11:47:00,339.41000,339.48999,339.26501,339.26999,44163
2026-07-28 11:46:00,339.56000,339.59,339.39,339.41000,42466
2026-07-28 11:45:00,339.70999,339.71500,339.5,339.56500,46062
2026-07-28 11:44:00,339.73001,339.8,339.60999,339.67001,47007
2026-07-28 11:43:00,339.88870,339.89499,339.62000,339.67999,67012
2026-07-28 11:42:00,339.58499,339.89001,339.58499,339.875,52866
2026-07-28 11:41:00,339.51151,339.79001,339.5,339.59000,83702
2026-07-28 11:40:00,339.43500,339.63000,339.39999,339.51999,66707
2026-07-28 11:39:00,339.28000,339.48,339.25,339.44000,38470
2026-07-28 11:38:00,339.44000,339.45001,339.23999,339.26501,74871
2026-07-28 11:37:00,339.48999,339.54999,339.31009,339.44000,68895
2026-07-28 11:36:00,339.20001,339.49991,339.13,339.49991,56688
2026-07-28 11:35:00,339.19000,339.355,339.16,339.19501,40073
2026-07-28 11:34:00,339.26999,339.28,339,339.19000,144293
2026-07-28 11:33:00,339.35001,339.35999,339.20999,339.23999,495431
2026-07-28 11:32:00,339.29501,339.42871,339.26999,339.35001,54829
2026-07-28 11:31:00,339.59000,339.59000,339.26010,339.30499,69102
2026-07-28 11:30:00,339.24011,339.65,339.17999,339.57501,110929
2026-07-28 11:29:00,339.45999,339.5,339.26999,339.26999,66609
2026-07-28 11:28:00,339.28000,339.45999,339.20999,339.45999,52853
2026-07-28 11:27:00,339.29999,339.37000,339.14,339.26749,61211
2026-07-28 11:26:00,338.84000,339.30991,338.84000,339.28500,65997
2026-07-28 11:25:00,338.81000,338.85001,338.67999,338.82999,64406
2026-07-28 11:24:00,338.75009,338.93,338.70999,338.81000,81451
2026-07-28 11:23:00,338.79999,338.82999,338.60999,338.75009,61260
2026-07-28 11:22:00,338.95001,339.17819,338.70999,338.76099,75234
2026-07-28 11:21:00,339.28500,339.33,338.87201,338.95001,88969
2026-07-28 11:20:00,339.35001,339.48001,339.26001,339.29001,72727
2026-07-28 11:19:00,339.53000,339.66879,339.31000,339.35001,67092
2026-07-28 11:18:00,339.37000,339.51501,339.26999,339.51501,176261
2026-07-28 11:17:00,339.34000,339.47000,339.16000,339.36499,90232
2026-07-28 11:16:00,339.14001,339.42001,339.10001,339.34000,59648
2026-07-28 11:15:00,339.089996,339.23999,338.95999,339.125,100301
2026-07-28 11:14:00,339.35010,339.44000,339.040009,339.089996,95764
2026-07-28 11:13:00,339.32999,339.42990,339.22000,339.35001,61232
2026-07-28 11:12:00,339.32999,339.48001,339.16000,339.31500,114387
2026-07-28 11:11:00,339.27499,339.46,338.97000,339.33499,154551
2026-07-28 11:10:00,338.85001,339.4,338.82999,339.29001,213942
2026-07-28 11:09:00,338.28500,338.88000,338.25,338.84000,140000
2026-07-28 11:08:00,338.26001,338.32001,338.10001,338.29001,66462
2026-07-28 11:07:00,338.019989,338.34000,337.875,338.26001,179172
2026-07-28 11:06:00,338.079987,338.079987,337.84000,338.010010,48930
2026-07-28 11:05:00,337.75131,338.23001,337.73,338.059998,112731
2026-07-28 11:04:00,337.59000,337.79001,337.54001,337.76501,74559
2026-07-28 11:03:00,336.79999,337.57501,336.65500,337.57001,116943
2026-07-28 11:02:00,336.89001,336.89001,336.64001,336.81000,60982
2026-07-28 11:01:00,336.87000,336.97000,336.78000,336.88501,66983
2026-07-28 11:00:00,337.040497,337.10999,336.60001,336.81500,89057
2026-07-28 10:59:00,337.45999,337.50500,337,337.054993,115847
2026-07-28 10:58:00,337.23001,337.57999,337.21500,337.44000,60968
2026-07-28 10:57:00,337.14999,337.25,336.98999,337.21509,72175
2026-07-28 10:56:00,337.23001,337.3,337.019989,337.15500,72203
2026-07-28 10:55:00,337.22009,337.28,336.92,337.21320,93476
2026-07-28 10:54:00,337.35999,337.39001,337.14001,337.22501,105046
2026-07-28 10:53:00,337.89999,337.98999,337.225,337.37000,172939
2026-07-28 10:52:00,338.16000,338.16000,337.81000,337.89999,111890
2026-07-28 10:51:00,338.31000,338.32001,338.070007,338.15500,69482
2026-07-28 10:50:00,338.089996,338.38000,338.049988,338.32001,68966
2026-07-28 10:49:00,338.20999,338.23999,337.95001,338.089996,112772
2026-07-28 10:48:00,338.15500,338.32001,338.081604,338.20999,66403
2026-07-28 10:47:00,338.21500,338.36499,338.010010,338.16000,83076
2026-07-28 10:46:00,338.32001,338.39499,338.13031,338.23001,112444
2026-07-28 10:45:00,338.17001,338.395,338.11,338.34000,126684
2026-07-28 10:44:00,337.92001,338.31,337.76001,338.16501,78870
2026-07-28 10:43:00,337.87000,338.05,337.60001,337.92001,92409
2026-07-28 10:42:00,337.82001,338.23370,337.76999,337.84940,101414
2026-07-28 10:41:00,337.47000,337.87000,337.35999,337.82001,94016
2026-07-28 10:40:00,337.45001,337.5,337.20999,337.47000,99277
2026-07-28 10:39:00,337.70001,337.73999,337.39999,337.43649,72886
2026-07-28 10:38:00,338.12000,338.16000,337.63000,337.70001,109804
2026-07-28 10:37:00,338.35999,338.49,337.92999,338.10999,125470
2026-07-28 10:36:00,338.31000,338.39001,338.089996,338.36011,90248
2026-07-28 10:35:00,338.57999,338.60001,338.01,338.26260,115148
2026-07-28 10:34:00,338.63501,338.79001,338.375,338.60001,120343
2026-07-28 10:33:00,338.48001,338.67001,338.37000,338.63501,107798
2026-07-28 10:32:00,338.33499,338.52,338.19,338.48001,178489
2026-07-28 10:31:00,338.075104,338.35001,337.91000,338.32999,75616
2026-07-28 10:30:00,337.98001,338.16000,337.91501,338.054993,111324
2026-07-28 10:29:00,337.78000,338.065186,337.75,337.95999,75263
2026-07-28 10:28:00,337.64999,337.87000,337.54001,337.78000,70378
2026-07-28 10:27:00,337.47501,337.73999,337.41000,337.64999,73046
2026-07-28 10:26:00,337.97000,338,337.41000,337.48999,100336
2026-07-28 10:25:00,337.70001,338.059998,337.67999,337.95499,88764
2026-07-28 10:24:00,338.24500,338.26999,337.64999,337.72000,102231
2026-07-28 10:23:00,337.625,338.26001,337.62000,338.25,177958
2026-07-28 10:22:00,337.82501,338.09,337.60001,337.63000,164086
2026-07-28 10:21:00,337.44000,337.89990,337.39999,337.80499,122315
2026-07-28 10:20:00,337.44000,337.68909,337.32999,337.45499,89277
2026-07-28 10:19:00,337.63000,337.79501,337.38,337.41501,106730
2026-07-28 10:18:00,337.26999,337.63000,337.07,337.625,173121
2026-07-28 10:17:00,337.41000,337.5,337.019989,337.29999,137298
2026-07-28 10:16:00,337.37000,337.53000,337.019989,337.42001,114134
2026-07-28 10:15:00,336.96991,337.49,336.95,337.34500,200015
2026-07-28 10:14:00,336.625,336.98,336.53000,336.88000,130467
2026-07-28 10:13:00,336.32001,336.81000,336.23001,336.64001,88952
2026-07-28 10:12:00,336.19000,336.34000,336,336.32001,114111
2026-07-28 10:11:00,336.28500,336.42001,336.070007,336.23981,69709
2026-07-28 10:10:00,336.64499,336.66501,336.16000,336.26501,157067
2026-07-28 10:09:00,337.42111,337.43,336.60999,336.63501,133126
2026-07-28 10:08:00,336.76001,337.55991,336.73999,337.39999,160257
2026-07-28 10:07:00,336.57999,336.95999,336.57001,336.80521,124810
2026-07-28 10:06:00,336.059998,336.625,335.84000,336.59500,130284
2026-07-28 10:05:00,336.35001,336.39001,335.60001,336.015015,191427
2026-07-28 10:04:00,336.66000,336.69861,336.040009,336.35001,209351
2026-07-28 10:03:00,337.53000,337.57999,336.57999,336.63501,204213
2026-07-28 10:02:00,337.625,337.92001,337.42279,337.53000,91039
2026-07-28 10:01:00,337.89001,338.12000,337.60001,337.61560,81664
2026-07-28 10:00:00,337.57999,338.12000,337.51001,337.89999,127774
2026-07-28 09:59:00,337.60999,337.81,337.39001,337.5,107432
2026-07-28 09:58:00,337.73001,337.76999,337.22000,337.62231,140514
2026-07-28 09:57:00,337.53000,337.82001,337.39,337.72000,109445
2026-07-28 09:56:00,337.66000,337.71,337.14999,337.56000,189406
2026-07-28 09:55:00,338.23999,338.74921,337.60999,337.67001,162175
2026-07-28 09:54:00,338.19000,338.47000,337.94009,338.25,169968
2026-07-28 09:53:00,338.70499,338.95999,337.89001,338.14999,279266
2026-07-28 09:52:00,339.45001,339.60110,338.46011,338.73950,224493
2026-07-28 09:51:00,338.34000,339.57001,338.34000,339.42999,304479
2026-07-28 09:50:00,337.91501,338.48999,337.83499,338.32999,203840
2026-07-28 09:49:00,337.86499,337.98001,337.52,337.93500,189002
2026-07-28 09:48:00,338.48999,338.56000,337.81000,337.85001,183938
2026-07-28 09:47:00,338.26001,338.5,337.92001,338.45001,260057
2026-07-28 09:46:00,338.56000,338.60001,338.2,338.26999,144593
2026-07-28 09:45:00,338.42001,338.85501,338.28000,338.56000,179886
2026-07-28 09:44:00,338.28000,338.88,338.28000,338.42999,181077
2026-07-28 09:43:00,338.89999,339.41501,338.12000,338.29001,297679
2026-07-28 09:42:00,338.72000,339.043396,338.57,338.92999,191408
2026-07-28 09:41:00,338.79999,339.079987,338.54001,338.74500,183337
2026-07-28 09:40:00,338.69000,339.28000,338.67001,338.81000,332883
2026-07-28 09:39:00,339.42001,339.53000,338.60001,338.75,225563
2026-07-28 09:38:00,339.39001,339.89001,339.32999,339.48999,210567
2026-07-28 09:37:00,339.83499,339.89001,338.6,339.34009,342284
2026-07-28 09:36:00,339.94751,340.42001,339.64999,339.82999,329121
2026-07-28 09:35:00,339.47000,340.010010,339.35999,339.94501,325632
2026-07-28 09:34:00,339.019989,339.85999,338.98499,339.47000,306564
2026-07-28 09:33:00,338.82999,339.91000,338.47000,338.89001,355529
2026-07-28 09:32:00,338.23001,338.88449,337.70999,338.82999,380368
2026-07-28 09:31:00,341.20999,341.505,337.89999,338.32999,687343
2026-07-28 09:30:00,340.029999,342.89001,339.67,341.13000,2567995
2026-07-27 15:59:00,336.97000,337.040009,336.69000,336.92001,578680
2026-07-27 15:58:00,337.010010,337.09,336.875,336.98001,300117
2026-07-27 15:57:00,337.0050049,337.08,336.77,337,195051
2026-07-27 15:56:00,337.070007,337.11,336.89001,337,186554
2026-07-27 15:55:00,337.13000,337.22000,336.69000,337.070007,248840
2026-07-27 15:54:00,336.64001,337.13000,336.59000,337.12000,169498
2026-07-27 15:53:00,336.51001,336.64001,336.42569,336.64001,124141
2026-07-27 15:52:00,336.57999,336.63000,336.475,336.5,112760
2026-07-27 15:51:00,336.56000,336.64001,336.44730,336.58990,99204
2026-07-27 15:50:00,336.35001,336.63000,336.35,336.57001,126525
2026-07-27 15:49:00,336.20499,336.36200,336.18,336.35001,74818
2026-07-27 15:48:00,336.089996,336.28000,336.049988,336.17999,55269
2026-07-27 15:47:00,335.875,336.10999,335.72000,336.10001,106200
2026-07-27 15:46:00,335.98999,336.29001,335.88,335.88000,121818
2026-07-27 15:45:00,336.23499,336.26999,335.85001,335.98001,112125
2026-07-27 15:44:00,336.26999,336.26999,336.11499,336.23001,75623
2026-07-27 15:43:00,336.29501,336.38000,336.22,336.26999,68371
2026-07-27 15:42:00,336.29001,336.38000,336.19000,336.29501,70003
2026-07-27 15:41:00,336.35001,336.36,336.26999,336.29001,60310
2026-07-27 15:40:00,336.29001,336.35001,336.22,336.34500,51942
2026-07-27 15:39:00,336.35001,336.44000,336.21460,336.29001,75180
2026-07-27 15:38:00,336.35001,336.37991,336.23999,336.35001,62678
2026-07-27 15:37:00,336.29999,336.36,336.20999,336.35001,75312
2026-07-27 15:36:00,335.98001,336.29999,335.98001,336.29990,49902
2026-07-27 15:35:00,336.010010,336.11,335.94501,335.98499,70011
2026-07-27 15:34:00,336.040009,336.115,336,336.010315,59320
2026-07-27 15:33:00,335.85999,336.070007,335.79001,336.029999,73379
2026-07-27 15:32:00,335.92499,335.925,335.76999,335.85999,61197
2026-07-27 15:31:00,335.90500,336,335.90500,335.92499,60216
2026-07-27 15:30:00,335.72000,336.010010,335.64999,335.91000,89466
2026-07-27 15:29:00,335.85999,335.88000,335.67999,335.72000,55888
2026-07-27 15:28:00,335.82001,335.93,335.78,335.87000,46839
2026-07-27 15:27:00,335.75500,335.87000,335.73901,335.82901,33950
2026-07-27 15:26:00,335.84000,335.84000,335.67001,335.75,531365
2026-07-27 15:25:00,335.85501,335.91000,335.76010,335.84000,39405
2026-07-27 15:24:00,335.74991,335.85001,335.59000,335.85001,34855
2026-07-27 15:23:00,335.89001,335.91000,335.73001,335.73999,51016
2026-07-27 15:22:00,335.75,335.95001,335.75,335.89001,76334
2026-07-27 15:21:00,335.54501,335.92999,335.51999,335.73001,91204
2026-07-27 15:20:00,335.62000,335.655,335.52,335.55899,53775
2026-07-27 15:19:00,335.61499,335.64001,335.54169,335.60001,47657
2026-07-27 15:18:00,335.66000,335.70999,335.54999,335.63000,35924
2026-07-27 15:17:00,335.73001,335.78970,335.63000,335.66000,39669
2026-07-27 15:16:00,335.70499,335.76001,335.64001,335.73001,42069
2026-07-27 15:15:00,335.57999,335.75500,335.57999,335.70499,44485
2026-07-27 15:14:00,335.79001,335.81,335.5,335.60001,102762
2026-07-27 15:13:00,335.73001,335.82999,335.66000,335.78000,33544
2026-07-27 15:12:00,335.72501,335.82001,335.605,335.73001,40154
2026-07-27 15:11:00,335.72000,335.79999,335.57001,335.72501,46364
2026-07-27 15:10:00,335.60001,335.725,335.57,335.72000,42216
2026-07-27 15:09:00,335.54999,335.66000,335.45001,335.53500,42482
2026-07-27 15:08:00,335.46500,335.59500,335.46500,335.57999,26687
2026-07-27 15:07:00,335.47000,335.57,335.44,335.45041,42265
2026-07-27 15:06:00,335.46991,335.62,335.37000,335.47000,44818
2026-07-27 15:05:00,335.29999,335.45001,335.25,335.43820,33120
2026-07-27 15:04:00,335.51001,335.54001,335.27,335.30310,49050
2026-07-27 15:03:00,335.56000,335.64001,335.5,335.51999,40532
2026-07-27 15:02:00,335.625,335.75,335.56000,335.56000,43848
2026-07-27 15:01:00,335.67499,335.76001,335.58,335.59000,35244
2026-07-27 15:00:00,335.85001,335.86,335.63510,335.66000,35094
2026-07-27 14:59:00,335.82999,335.88501,335.73,335.85001,34731
2026-07-27 14:58:00,335.78000,335.87000,335.66479,335.85501,33171
2026-07-27 14:57:00,335.85501,335.92990,335.75809,335.79501,35082
2026-07-27 14:56:00,336.17001,336.17001,335.79001,335.85001,38582
2026-07-27 14:55:00,335.79999,336.23999,335.75,336.17001,73575
2026-07-27 14:54:00,335.69000,335.79990,335.62000,335.75,36844
2026-07-27 14:53:00,335.60999,335.84229,335.59000,335.70981,70219
2026-07-27 14:52:00,335.17999,335.65500,335.16000,335.59000,54436
2026-07-27 14:51:00,335.26999,335.29,335.14999,335.19501,25155
2026-07-27 14:50:00,335.10001,335.33990,335.10001,335.26999,28152
2026-07-27 14:49:00,335.31000,335.31979,335.04,335.090088,37093
2026-07-27 14:48:00,335.32101,335.46,335.29001,335.31000,52873
2026-07-27 14:47:00,335.31000,335.39990,335.26,335.32999,51660
2026-07-27 14:46:00,335.26501,335.30499,335.19809,335.30499,33506
2026-07-27 14:45:00,335.040009,335.28510,335,335.26001,56812
2026-07-27 14:44:00,334.98001,335.15149,334.98,335.040009,116097
2026-07-27 14:43:00,334.82001,335.070007,334.76999,334.98999,54240
2026-07-27 14:42:00,334.86499,334.87341,334.7,334.82999,51207
2026-07-27 14:41:00,334.84000,335.19000,334.79,334.84000,141492
2026-07-27 14:40:00,334.99500,335.02,334.84009,334.85001,43589
2026-07-27 14:39:00,334.97000,335.059998,334.91000,335,63559
2026-07-27 14:38:00,334.95239,334.985,334.84750,334.98499,35472
2026-07-27 14:37:00,334.89001,335.010010,334.85,334.96500,34099
2026-07-27 14:36:00,334.88000,334.97000,334.79001,334.89999,32778
2026-07-27 14:35:00,334.84000,334.9,334.70999,334.88000,47661
2026-07-27 14:34:00,334.88000,334.94000,334.76999,334.85989,38232
2026-07-27 14:33:00,334.92999,335.040009,334.88,334.88000,75306
2026-07-27 14:32:00,334.85999,334.95990,334.79001,334.93500,36434
2026-07-27 14:31:00,335.070007,335.12,334.76999,334.84201,110628
2026-07-27 14:30:00,335.14999,335.17001,335.01,335.084991,61373
2026-07-27 14:29:00,335.125,335.18411,335.095,335.14999,37968
2026-07-27 14:28:00,335.16000,335.22000,335.075409,335.125,41160
2026-07-27 14:27:00,335.51001,335.53000,335.14999,335.17990,83659
2026-07-27 14:26:00,335.57999,335.66000,335.46201,335.48999,35364
2026-07-27 14:25:00,335.63000,335.72000,335.59000,335.59500,30896
2026-07-27 14:24:00,335.66000,335.76999,335.64,335.64499,49613
2026-07-27 14:23:00,335.62991,335.76999,335.60010,335.64999,31773
2026-07-27 14:22:00,335.66019,335.74,335.59100,335.61499,28260
2026-07-27 14:21:00,335.72000,335.82001,335.57999,335.67001,43052
2026-07-27 14:20:00,335.62000,335.75500,335.6,335.70999,30030
2026-07-27 14:19:00,335.75,335.76999,335.60999,335.62000,25440
2026-07-27 14:18:00,335.85001,335.86,335.63000,335.76001,31092
2026-07-27 14:17:00,335.67999,336,335.66,335.83401,98919
2026-07-27 14:16:00,335.57999,335.70999,335.51001,335.67999,52709
2026-07-27 14:15:00,335.63000,335.70999,335.46011,335.56000,52993
2026-07-27 14:14:00,335.85001,335.88000,335.63,335.63300,38072
2026-07-27 14:13:00,335.76001,335.88,335.73999,335.84000,39921
2026-07-27 14:12:00,335.73001,335.86499,335.73,335.78000,38191
2026-07-27 14:11:00,335.79999,335.82999,335.7,335.72501,36745
2026-07-27 14:10:00,335.76001,335.82001,335.64001,335.80389,44719
2026-07-27 14:09:00,335.81000,335.86,335.64001,335.73999,42515
2026-07-27 14:08:00,335.71500,335.79001,335.64999,335.79001,58749
2026-07-27 14:07:00,335.57999,335.73001,335.56000,335.71500,45341
2026-07-27 14:06:00,335.60001,335.67,335.47,335.57999,82311
2026-07-27 14:05:00,335.40500,335.66501,335.35,335.60999,148660
2026-07-27 14:04:00,335.47000,335.47900,335.28000,335.41321,30687
2026-07-27 14:03:00,335.34000,335.52,335.28000,335.47000,28997
2026-07-27 14:02:00,335.17001,335.51,335.049988,335.39999,57075
2026-07-27 14:01:00,335.33990,335.41000,335.15,335.16000,43210
2026-07-27 14:00:00,335.54001,335.57999,335.23001,335.36990,48888
2026-07-27 13:59:00,335.35001,335.54999,335.33,335.51749,51485
2026-07-27 13:58:00,335.39999,335.57999,335.31,335.36990,53582
2026-07-27 13:57:00,335.51999,335.54001,335.32,335.38171,58935
2026-07-27 13:56:00,335.42001,335.57001,335.38199,335.51999,87628
2026-07-27 13:55:00,336.040009,336.10989,335.31000,335.41501,117148
2026-07-27 13:54:00,335.45001,336.040009,335.45001,336.040009,135539
2026-07-27 13:53:00,335.47000,335.67001,335.44,335.51001,118069
2026-07-27 13:52:00,335.46500,335.5,335.37000,335.47000,45090
2026-07-27 13:51:00,335.79001,335.83,335.36200,335.43051,158830
2026-07-27 13:50:00,335.86499,335.95001,335.72021,335.79501,60277
2026-07-27 13:49:00,335.91501,335.965,335.82010,335.85001,40621
2026-07-27 13:48:00,336.23999,336.29001,335.89001,335.90439,71062
2026-07-27 13:47:00,336.19000,336.29999,336.17200,336.23001,37291
2026-07-27 13:46:00,336.19000,336.28,336.165,336.20001,28178
2026-07-27 13:45:00,336.26999,336.29999,336.13000,336.19501,31419
2026-07-27 13:44:00,336.26999,336.32001,336.17999,336.26001,25127
2026-07-27 13:43:00,336.20999,336.31,336.10999,336.26001,38799
2026-07-27 13:42:00,336.38959,336.39001,336.14001,336.20001,32866
2026-07-27 13:41:00,336.32999,336.4,336.29999,336.38000,33715
2026-07-27 13:40:00,336.53000,336.56000,336.26999,336.32001,53219
2026-07-27 13:39:00,336.67001,336.79999,336.525,336.53000,35522
2026-07-27 13:38:00,336.48001,336.77911,336.45999,336.66000,44758
2026-07-27 13:37:00,336.39999,336.57001,336.35,336.49249,39841
2026-07-27 13:36:00,336.37201,336.5,336.34009,336.41501,23043
2026-07-27 13:35:00,336.42499,336.45999,336.30130,336.40500,51073
2026-07-27 13:34:00,336.37000,336.43970,336.31000,336.42001,35115
2026-07-27 13:33:00,336.25,336.38000,336.25,336.34000,34643
2026-07-27 13:32:00,336.13000,336.32001,336,336.26001,62424
2026-07-27 13:31:00,336.10999,336.23001,336.060089,336.14990,36860
2026-07-27 13:30:00,336.070007,336.16010,336.049988,336.10999,41739
2026-07-27 13:29:00,336.39999,336.39999,336.019989,336.049988,69379
2026-07-27 13:28:00,336.42001,336.59000,336.34039,336.39999,39453
2026-07-27 13:27:00,336.70001,336.75,336.34000,336.39499,80853
2026-07-27 13:26:00,336.45499,336.73001,336.45001,336.73001,64000
2026-07-27 13:25:00,336.44989,336.56500,336.23999,336.45001,58033
2026-07-27 13:24:00,336.20999,336.44000,336.11740,336.42001,38138
2026-07-27 13:23:00,336.25,336.30151,336.17999,336.18500,30723
2026-07-27 13:22:00,336.11499,336.34,336.065002,336.25,35017
2026-07-27 13:21:00,336.16000,336.26,336.12000,336.14999,45733
2026-07-27 13:20:00,335.94501,336.19501,335.79999,336.17001,63364
2026-07-27 13:19:00,335.76999,335.95001,335.73,335.92001,65611
2026-07-27 13:18:00,335.76999,335.85999,335.67,335.77499,41411
2026-07-27 13:17:00,336.010010,336.010010,335.68201,335.75500,51660
2026-07-27 13:16:00,336.14499,336.16000,335.925,335.95001,47114
2026-07-27 13:15:00,336.32999,336.39,336.12000,336.13000,38795
2026-07-27 13:14:00,336.29001,336.33920,336.10001,336.33920,196436
2026-07-27 13:13:00,336.23001,336.31,336.17010,336.29001,16994
2026-07-27 13:12:00,336.29001,336.35,336.17001,336.18860,27936
2026-07-27 13:11:00,336.20010,336.35501,336.13,336.29999,53192
2026-07-27 13:10:00,336.28500,336.47,336.17999,336.23999,90342
2026-07-27 13:09:00,336.026794,336.28000,335.98499,336.26001,60760
2026-07-27 13:08:00,336.089996,336.12,335.91071,336.019989,81360
2026-07-27 13:07:00,336.10999,336.20999,336.01,336.10001,43439
2026-07-27 13:06:00,336.10999,336.19000,336.03,336.12000,36380
2026-07-27 13:05:00,336.10999,336.14001,336.010498,336.125,36718
2026-07-27 13:04:00,336.20999,336.29001,336.04,336.075012,37295
2026-07-27 13:03:00,336.25,336.26010,336.089996,336.20001,71818
2026-07-27 13:02:00,336.51999,336.51999,336.17999,336.25049,38692
2026-07-27 13:01:00,336.65500,336.68500,336.50009,336.51999,25589
2026-07-27 13:00:00,336.67999,336.79,336.62000,336.65500,40659
2026-07-27 12:59:00,336.57001,336.72000,336.54001,336.66000,30946
2026-07-27 12:58:00,336.43011,336.63000,336.415,336.56201,51137
2026-07-27 12:57:00,336.45999,336.57990,336.37000,336.45001,43833
2026-07-27 12:56:00,336.25,336.54001,336.20001,336.44501,82819
2026-07-27 12:55:00,336.38000,336.42001,336.019989,336.23001,197456
2026-07-27 12:54:00,336.23999,336.39001,336.20340,336.37299,33196
2026-07-27 12:53:00,336.22000,336.27499,336.13000,336.20331,33497
2026-07-27 12:52:00,336.22000,336.30991,336.14001,336.18500,62478
2026-07-27 12:51:00,336.51999,336.55499,336.21890,336.23999,55088
2026-07-27 12:50:00,336.45529,336.60001,336.38000,336.5,56406
2026-07-27 12:49:00,336.54999,336.56000,336.39999,336.45001,41341
2026-07-27 12:48:00,336.59000,336.79001,336.50021,336.54999,48720
2026-07-27 12:47:00,336.67499,336.73001,336.54999,336.59000,61968
2026-07-27 12:46:00,336.64011,336.79999,336.54001,336.66501,58080
2026-07-27 12:45:00,336.73999,336.79001,336.60999,336.65500,54388
2026-07-27 12:44:00,336.64001,336.81949,336.61011,336.73499,53487
2026-07-27 12:43:00,337.059998,337.079987,336.57001,336.625,135256
2026-07-27 12:42:00,337.14999,337.17999,337.01,337.070007,58692
2026-07-27 12:41:00,337.45999,337.47681,337.14999,337.16000,37469
2026-07-27 12:40:00,337.45001,337.53000,337.22000,337.48001,71469
2026-07-27 12:39:00,337.67001,337.70999,337.38501,337.43500,45453
2026-07-27 12:38:00,337.88000,337.89999,337.63000,337.65500,30336
2026-07-27 12:37:00,338.10999,338.13000,337.85999,337.88000,39542
2026-07-27 12:36:00,337.65500,338.13000,337.57001,338.13000,68955
2026-07-27 12:35:00,337.72000,337.76999,337.57999,337.65500,43122
2026-07-27 12:34:00,337.5,337.75,337.5,337.72000,39460
2026-07-27 12:33:00,337.65500,337.67001,337.4,337.5,27845
2026-07-27 12:32:00,337.54501,337.73990,337.54501,337.64001,38323
2026-07-27 12:31:00,337.54501,337.63000,337.48001,337.54501,33898
2026-07-27 12:30:00,337.45999,337.60001,337.42999,337.54501,53074
2026-07-27 12:29:00,337.53500,337.57001,337.32001,337.45010,55402
2026-07-27 12:28:00,337.81000,337.86,337.48,337.53000,53759
2026-07-27 12:27:00,337.70999,337.87,337.67999,337.82001,46190
2026-07-27 12:26:00,337.97000,337.97000,337.64,337.76999,52259
2026-07-27 12:25:00,337.51001,338,337.405,337.96500,132431
2026-07-27 12:24:00,337.43500,337.54001,337.32001,337.48999,32791
2026-07-27 12:23:00,337.64499,337.64499,337.29999,337.45999,76478
2026-07-27 12:22:00,337.53000,337.7,337.48001,337.64499,36340
2026-07-27 12:21:00,337.48010,337.64999,337.45001,337.55499,43388
2026-07-27 12:20:00,337.48499,337.62,337.42059,337.5,49378
2026-07-27 12:19:00,337.69000,337.70999,337.34000,337.48001,37895
2026-07-27 12:18:00,337.45001,337.88000,337.42001,337.69000,73024
2026-07-27 12:17:00,337.31000,337.57510,337.26999,337.45001,45858
2026-07-27 12:16:00,337.20999,337.34000,337.195,337.29999,33291
2026-07-27 12:15:00,337.32999,337.58990,337.20499,337.20499,42325
2026-07-27 12:14:00,337.23999,337.35501,337.16000,337.31000,35228
2026-07-27 12:13:00,337.42001,337.42999,337.17499,337.25,32576
2026-07-27 12:12:00,337.35001,337.53000,337.325,337.44000,43026
2026-07-27 12:11:00,337.42999,337.43991,337.31000,337.32999,36399
2026-07-27 12:10:00,337.19009,337.44000,337.10010,337.43500,80306
2026-07-27 12:09:00,337.13000,337.24,337.029999,337.20001,33789
2026-07-27 12:08:00,337.20499,337.23001,337.10001,337.14499,25732
2026-07-27 12:07:00,337.17001,337.28000,337.10999,337.20499,28555
2026-07-27 12:06:00,337.049988,337.17001,337.029999,337.17001,41219
2026-07-27 12:05:00,337.26501,337.28,337.029999,337.049988,43039
2026-07-27 12:04:00,337.19000,337.26001,337.049988,337.23010,47369
2026-07-27 12:03:00,337.44000,337.46,337.16,337.17999,48157
2026-07-27 12:02:00,337.14001,337.45001,337.14001,337.45001,141530
2026-07-27 12:01:00,337.26001,337.29001,337.010010,337.16010,76616
2026-07-27 12:00:00,337.040009,337.4,336.95001,337.20999,54211
2026-07-27 11:59:00,336.78000,337.10999,336.75,337.065002,90812
2026-07-27 11:58:00,337.62000,337.63000,336.76,336.79999,95025
2026-07-27 11:57:00,337.73999,337.81,337.625,337.64001,1093038
2026-07-27 11:56:00,337.79999,337.87949,337.63000,337.74500,33905
2026-07-27 11:55:00,337.92999,337.955,337.63599,337.78000,49588
2026-07-27 11:54:00,337.76501,337.98001,337.67001,337.93991,60686
2026-07-27 11:53:00,337.89999,337.97000,337.70999,337.76001,63207
2026-07-27 11:52:00,338.28000,338.35,337.88000,337.90009,107268
2026-07-27 11:51:00,338.21500,338.44,338.16501,338.28500,38667
2026-07-27 11:50:00,338.31000,338.32,338.12021,338.22000,39954
2026-07-27 11:49:00,338.14001,338.28000,338.089996,338.23001,43076
2026-07-27 11:48:00,338.32999,338.56000,338.08,338.10501,74421
2026-07-27 11:47:00,338.20001,338.35999,338.12000,338.30499,70247
2026-07-27 11:46:00,337.97000,338.29001,337.97000,338.20001,52411
2026-07-27 11:45:00,338.28989,338.3,337.85001,338.015015,80727
2026-07-27 11:44:00,337.95001,338.33200,337.92,338.26001,90437
2026-07-27 11:43:00,337.82999,337.98001,337.72501,337.93500,83834
2026-07-27 11:42:00,337.57999,337.82001,337.54999,337.81000,95469
2026-07-27 11:41:00,337.45001,337.64999,337.42001,337.57001,89584
2026-07-27 11:40:00,337.5,337.61,337.089996,337.43500,122077
2026-07-27 11:39:00,337.81000,337.92001,337.38,337.47000,1399600
2026-07-27 11:38:00,338.25,338.25,337.70001,337.82001,182273
2026-07-27 11:37:00,338.44501,338.62,338.22000,338.22009,106853
2026-07-27 11:36:00,339.040009,339.040009,338.39999,338.44501,164423
2026-07-27 11:35:00,339.35001,339.37,338.98,339.049988,112513
2026-07-27 11:34:00,339.40500,339.57001,339.29999,339.37000,126120
2026-07-27 11:33:00,339.059998,339.45999,339.029999,339.41000,133905
2026-07-27 11:32:00,338.92499,339.20001,338.89999,339.059998,130403
2026-07-27 11:31:00,338.85999,338.96899,338.67001,338.93500,93731
2026-07-27 11:30:00,338.73001,338.85001,338.57239,338.85001,51542
2026-07-27 11:29:00,338.60001,338.74991,338.60001,338.73999,60195
2026-07-27 11:28:00,338.66010,338.72,338.53000,338.60001,43120
2026-07-27 11:27:00,338.78931,338.89999,338.63599,338.64001,63260
2026-07-27 11:26:00,338.60999,338.81000,338.44000,338.81000,57368
2026-07-27 11:25:00,338.59509,338.73,338.51001,338.625,64320
2026-07-27 11:24:00,338.60001,338.62000,338.26,338.58011,82092
2026-07-27 11:23:00,338.64999,338.79999,338.45999,338.61499,72462
2026-07-27 11:22:00,338.61499,338.81,338.53009,338.67001,103497
2026-07-27 11:21:00,338.73499,338.84,338.60001,338.60001,76959
2026-07-27 11:20:00,338.86499,338.96951,338.70099,338.73001,66954
2026-07-27 11:19:00,338.87000,338.95001,338.66000,338.84000,65170
2026-07-27 11:18:00,338.89999,338.92001,338.60999,338.85999,118925
2026-07-27 11:17:00,339.084991,339.20001,338.87000,338.91501,70445
2026-07-27 11:16:00,339.084991,339.20001,339.029999,339.10001,73605
2026-07-27 11:15:00,339.049988,339.20999,338.98001,339.085999,68632
2026-07-27 11:14:00,338.98001,339.20001,338.94000,339.049988,69852
2026-07-27 11:13:00,338.79001,339.029999,338.785,338.95999,76892
2026-07-27 11:12:00,338.82001,338.94989,338.75,338.78500,52924
2026-07-27 11:11:00,338.64001,338.885,338.56000,338.82001,87998
2026-07-27 11:10:00,338.63000,338.81000,338.59000,338.64999,79080
2026-07-27 11:09:00,338.76501,338.87991,338.57001,338.59000,109970
2026-07-27 11:08:00,339.040009,339.040009,338.64001,338.76999,114844
2026-07-27 11:07:00,339.22009,339.32999,338.92410,339.040009,137054
2026-07-27 11:06:00,339.17001,339.42001,339.049988,339.23999,165219
2026-07-27 11:05:00,339.10999,339.19000,338.89999,339.17999,102754
2026-07-27 11:04:00,339.14801,339.21011,338.82031,339.10001,137859
2026-07-27 11:03:00,339.17999,339.45901,339.080414,339.16501,147604
2026-07-27 11:02:00,339.32999,339.5,338.94031,339.20999,253610
2026-07-27 11:01:00,338.67999,339.37900,338.67999,339.33340,306744
2026-07-27 11:00:00,338.25,338.76001,338.17999,338.67001,218506
2026-07-27 10:59:00,338.17999,338.33990,338.019989,338.20001,165277
2026-07-27 10:58:00,337.78799,338.22000,337.67,338.17001,191463
2026-07-27 10:57:00,337.26999,337.9,337.22000,337.78000,166757
2026-07-27 10:56:00,337.38501,337.40991,337.2,337.23999,78083
2026-07-27 10:55:00,336.97000,337.98999,336.935,337.39999,178831
2026-07-27 10:54:00,336.72000,336.98499,336.61749,336.97000,67426
2026-07-27 10:53:00,336.88150,336.99,336.64001,336.69000,89996
2026-07-27 10:52:00,337.31009,337.42001,336.78000,336.89999,125439
2026-07-27 10:51:00,337.39999,337.5,337.26010,337.34500,93890
2026-07-27 10:50:00,337.39001,337.51001,337.20001,337.42001,86229
2026-07-27 10:49:00,337.29999,337.57999,337.17499,337.37000,133108
2026-07-27 10:48:00,336.72000,337.5,336.57999,337.33990,157691
2026-07-27 10:47:00,336.39011,336.70990,336.29001,336.70990,115022
2026-07-27 10:46:00,336.5,336.69989,336.12000,336.39999,168490
2026-07-27 10:45:00,336.32501,336.88000,336.3,336.51999,140811
2026-07-27 10:44:00,336.67001,336.85001,336.23001,336.32501,169014
2026-07-27 10:43:00,337.040009,337.099915,336.57001,336.64999,158238
2026-07-27 10:42:00,337.059998,337.12851,336.74991,337.010010,171991
2026-07-27 10:41:00,337.67001,337.67499,336.53000,337.029999,227985
2026-07-27 10:40:00,337.73001,337.90900,337.45999,337.66000,193394
2026-07-27 10:39:00,337.51001,337.72000,337.32999,337.67001,166606
2026-07-27 10:38:00,337.39001,337.57001,337.049988,337.51999,171098
2026-07-27 10:37:00,337.10010,337.69000,337.070007,337.39001,165111
2026-07-27 10:36:00,337.31000,337.61499,337.079987,337.12000,159972
2026-07-27 10:35:00,337.29001,337.32001,336.95999,337.32001,141270
2026-07-27 10:34:00,337.37000,337.62,337.17001,337.35001,208495
2026-07-27 10:33:00,337.26999,337.48001,337.23001,337.35999,106612
2026-07-27 10:32:00,337.23999,337.29001,336.79999,337.29001,258140
2026-07-27 10:31:00,337.44000,337.63000,337.10001,337.20801,141432
2026-07-27 10:30:00,337.70001,337.85001,337.049988,337.46991,216957
2026-07-27 10:29:00,337.81000,337.93,337.62000,337.69000,141941
2026-07-27 10:28:00,337.63000,337.87,337.45999,337.81500,130390
2026-07-27 10:27:00,337.76999,337.85001,337.56,337.60001,106042
2026-07-27 10:26:00,337.47260,337.9,337.47260,337.75,167938
2026-07-27 10:25:00,337.73999,337.73999,337.049988,337.48999,196982
2026-07-27 10:24:00,337.96170,338.14001,337.63000,337.73001,224444
2026-07-27 10:23:00,337.87000,338.099915,337.76001,337.95001,187255
2026-07-27 10:22:00,337.88000,338.10001,337.75,337.89001,265231
2026-07-27 10:21:00,337.48001,337.92001,337.48,337.85001,160230
2026-07-27 10:20:00,337.63000,337.67999,337.12170,337.45001,100905
2026-07-27 10:19:00,337.62000,337.81000,337.53000,337.63000,170557
2026-07-27 10:18:00,337.80011,337.87000,337.41000,337.59500,137312
2026-07-27 10:17:00,337.46100,337.84000,337.43011,337.80499,204829
2026-07-27 10:16:00,337.019714,337.46,336.97000,337.44000,167727
2026-07-27 10:15:00,336.60001,337.02,336.57001,337.0098877,167159
2026-07-27 10:14:00,336.56000,336.78000,336.37000,336.60001,127409
2026-07-27 10:13:00,336.67001,336.70001,336.33499,336.54901,98134
2026-07-27 10:12:00,336.39499,336.69360,335.89999,336.68951,255072
2026-07-27 10:11:00,336.029999,336.45001,335.95999,336.37000,116203
2026-07-27 10:10:00,336.35159,336.37,336,336.035004,84661
2026-07-27 10:09:00,336.52991,336.60999,336.23001,336.35001,60872
2026-07-27 10:08:00,336.18500,336.78979,336.17001,336.51999,95908
2026-07-27 10:07:00,336.30490,336.45001,335.95001,336.19501,78411
2026-07-27 10:06:00,335.71509,336.41751,335.70001,336.31500,116034
2026-07-27 10:05:00,335.76511,335.99,335.64,335.73001,103574
2026-07-27 10:04:00,336.69000,336.69000,335.56000,335.73001,232232
2026-07-27 10:03:00,336.67001,336.9,336.56,336.69501,109568
2026-07-27 10:02:00,336.64001,336.89001,336.39,336.67001,136188
2026-07-27 10:01:00,336.054993,336.78,335.97,336.64499,282870
2026-07-27 10:00:00,335.62000,336.059998,335.24,336.029999,183187
2026-07-27 09:59:00,335.079987,335.66000,335.060486,335.58499,129531
2026-07-27 09:58:00,335.16501,335.57999,334.95999,335.070007,163124
2026-07-27 09:57:00,334.84000,335.35999,334.82,335.17001,126730
2026-07-27 09:56:00,334.19009,334.94000,334.19009,334.85999,136498
2026-07-27 09:55:00,334.78000,334.81,334.019989,334.22000,157254
2026-07-27 09:54:00,335.049896,335.12991,334.63,334.78500,195910
2026-07-27 09:53:00,334.95999,335.10999,334.56000,335.019989,124514
2026-07-27 09:52:00,334.95499,335.19000,334.63000,334.97501,104398
2026-07-27 09:51:00,335.10501,335.35999,334.76001,334.94501,163977
2026-07-27 09:50:00,335.39999,335.44000,335,335.13000,127980
2026-07-27 09:49:00,336.51999,336.57150,335.23001,335.35010,121345
2026-07-27 09:48:00,336.26999,336.78,336.14001,336.51501,254187
2026-07-27 09:47:00,335.59799,336.39999,335.5,336.22501,203985
2026-07-27 09:46:00,335.59000,335.8,335.47,335.57001,107680
2026-07-27 09:45:00,335.019989,335.64999,334.89999,335.59000,127255
2026-07-27 09:44:00,335.42999,335.47000,334.9,335.059998,181434
2026-07-27 09:43:00,335.35001,335.63000,335.28000,335.39999,108463
2026-07-27 09:42:00,335.39999,335.76999,335.29999,335.38000,114474
2026-07-27 09:41:00,335.69000,335.92001,335.32010,335.39999,124258
2026-07-27 09:40:00,335.76001,336.059509,335.54391,335.60999,111124
2026-07-27 09:39:00,335.82001,335.83499,335.14999,335.73499,101324
2026-07-27 09:38:00,334.39001,335.89999,334.32001,335.76001,170116
2026-07-27 09:37:00,336.23999,336.32001,334.28000,334.35001,232690
2026-07-27 09:36:00,335.76001,336.51001,335.70099,336.19501,170292
2026-07-27 09:35:00,335.54001,335.87000,335.18051,335.66000,174967
2026-07-27 09:34:00,336.75,337.040009,335.35049,335.54501,292933
2026-07-27 09:33:00,336.70001,337.12000,336.47729,336.68500,250700
2026-07-27 09:32:00,335.51001,336.94800,335.51,336.73969,236166
2026-07-27 09:31:00,335.42001,336.38000,335.12000,335.5,271943
2026-07-27 09:30:00,334.89999,336.71,334.10001,335.33499,1876287
2026-07-24 15:59:00,332.97000,333.25,332.75,333.070007,770248
2026-07-24 15:58:00,333.19000,333.22000,332.92001,332.97501,414674
2026-07-24 15:57:00,333.20999,333.31000,333.070007,333.19000,207304
2026-07-24 15:56:00,333.17001,333.29001,333.059998,333.23001,163247
2026-07-24 15:55:00,333.26001,333.42999,332.79501,333.16000,240351
2026-07-24 15:54:00,333.34000,333.45001,333.13000,333.23999,185210
2026-07-24 15:53:00,333.029999,333.39999,333.029999,333.34500,184890
2026-07-24 15:52:00,333.13989,333.13989,332.7,333.029999,186987
2026-07-24 15:51:00,332.67999,333.26001,332.60519,333.17001,280824
2026-07-24 15:50:00,331.97000,332.75,331.95010,332.68500,202920
2026-07-24 15:49:00,332.010010,332.02,331.85,331.98001,110634
2026-07-24 15:48:00,332.25,332.28,331.98999,332,130254
2026-07-24 15:47:00,332.42001,332.45999,332.22,332.25,131475
2026-07-24 15:46:00,332.56009,332.57819,332.29999,332.42001,117128
2026-07-24 15:45:00,332.75500,332.85999,332.52051,332.57031,113883
2026-07-24 15:44:00,332.57001,332.77,332.48999,332.76501,80382
2026-07-24 15:43:00,332.625,332.66,332.44,332.56000,83140
2026-07-24 15:42:00,332.61499,332.64999,332.51001,332.60999,86991
2026-07-24 15:41:00,332.53000,332.73001,332.47000,332.64001,82205
2026-07-24 15:40:00,332.34000,332.60999,332.32001,332.54501,91493
2026-07-24 15:39:00,332.34000,332.47,332.26001,332.34000,91734
2026-07-24 15:38:00,332.58990,332.58990,332.32010,332.32010,80382
2026-07-24 15:37:00,332.52499,332.72000,332.48001,332.59000,93619
2026-07-24 15:36:00,332.54001,332.70001,332.51999,332.51999,79948
2026-07-24 15:35:00,332.38000,332.66000,332.34369,332.53250,101970
2026-07-24 15:34:00,332.45999,332.48,332.35999,332.38000,82802
2026-07-24 15:33:00,332.50500,332.55,332.375,332.45401,81624
2026-07-24 15:32:00,332.48001,332.55991,332.44000,332.5,67771
2026-07-24 15:31:00,332.45499,332.48999,332.35999,332.48001,71057
2026-07-24 15:30:00,332.48001,332.56000,332.41000,332.45999,104576
2026-07-24 15:29:00,332.61499,332.64001,332.45999,332.48999,93012
2026-07-24 15:28:00,332.69000,332.71,332.5,332.60999,53983
2026-07-24 15:27:00,332.76001,332.81000,332.69000,332.70001,57316
2026-07-24 15:26:00,332.73001,332.82001,332.70999,332.75500,67261
2026-07-24 15:25:00,332.80499,332.84000,332.72000,332.73370,57613
2026-07-24 15:24:00,332.86499,332.88190,332.62000,332.79999,53203
2026-07-24 15:23:00,332.92001,332.94009,332.84000,332.87000,45482
2026-07-24 15:22:00,332.92999,332.95999,332.78000,332.92001,50449
2026-07-24 15:21:00,332.89001,333.05,332.86499,332.94000,62807
2026-07-24 15:20:00,333.054993,333.10001,332.855,332.88861,76274
2026-07-24 15:19:00,332.85001,333.09,332.76,333.070007,85890
2026-07-24 15:18:00,332.53000,332.87000,332.48001,332.85001,101049
2026-07-24 15:17:00,332.73999,332.75,332.53009,332.55499,109231
2026-07-24 15:16:00,332.70999,332.78,332.69000,332.75,57337
2026-07-24 15:15:00,332.73999,332.81000,332.71149,332.73001,70883
2026-07-24 15:14:00,332.91000,332.925,332.73999,332.76001,53563
2026-07-24 15:13:00,332.89999,333.010010,332.85,332.91000,114306
2026-07-24 15:12:00,332.76001,333.03,332.74500,332.89999,99836
2026-07-24 15:11:00,332.63000,332.77499,332.57999,332.77499,80881
2026-07-24 15:10:00,332.59000,332.73001,332.57,332.63000,82307
2026-07-24 15:09:00,332.67001,332.69000,332.54,332.60999,578681
2026-07-24 15:08:00,332.81000,332.85,332.62000,332.67999,115844
2026-07-24 15:07:00,333.14011,333.15,332.76001,332.82001,89846
2026-07-24 15:06:00,333.13000,333.23001,333.089996,333.14499,82358
2026-07-24 15:05:00,333.089996,333.20999,333.049988,333.10999,55643
2026-07-24 15:04:00,333.029999,333.12000,333.010010,333.079987,41329
2026-07-24 15:03:00,333.19501,333.21310,332.98999,333.015015,50803
2026-07-24 15:02:00,333.16290,333.22000,333.084991,333.19000,1644519
2026-07-24 15:01:00,333.069885,333.17001,332.95999,333.16000,83730
2026-07-24 15:00:00,332.95999,333.10001,332.91000,333.045197,69498
2026-07-24 14:59:00,332.85999,333.029999,332.84000,332.92999,43718
2026-07-24 14:58:00,333.010010,333.029999,332.84,332.85001,50831
2026-07-24 14:57:00,333.054993,333.17001,333.010010,333.029999,93802
2026-07-24 14:56:00,332.92999,333.069885,332.91010,333.059998,28263
2026-07-24 14:55:00,332.98499,333.01,332.89011,332.92999,50165
2026-07-24 14:54:00,333.10001,333.10001,332.81049,332.98001,42923
2026-07-24 14:53:00,332.98001,333.10999,332.92999,333.089996,64243
2026-07-24 14:52:00,333.010010,333.070007,332.70001,332.98001,95840
2026-07-24 14:51:00,332.92999,333.05,332.89001,333,66569
2026-07-24 14:50:00,332.69000,332.96,332.69000,332.95001,57033
2026-07-24 14:49:00,332.5,332.68500,332.44501,332.67999,35431
2026-07-24 14:48:00,332.38000,332.64001,332.38000,332.5,79037
2026-07-24 14:47:00,332.48001,332.53,332.35001,332.36011,35658
2026-07-24 14:46:00,332.37000,332.51001,332.26999,332.5,33713
2026-07-24 14:45:00,332.20999,332.44,332.20001,332.39001,60881
2026-07-24 14:44:00,332.45901,332.48999,332.22009,332.23001,50766
2026-07-24 14:43:00,332.32999,332.5,332.29999,332.45889,49680
2026-07-24 14:42:00,332.20999,332.32001,332.059998,332.32001,95242
2026-07-24 14:41:00,332.25,332.35999,332.19000,332.23999,69523
2026-07-24 14:40:00,332.53000,332.54001,332.10999,332.26999,76447
2026-07-24 14:39:00,332.41000,332.62000,332.39001,332.53000,152535
2026-07-24 14:38:00,332.36499,332.42001,332.29001,332.41501,71380
2026-07-24 14:37:00,332.47501,332.52,332.35,332.35999,56993
2026-07-24 14:36:00,332.47000,332.57999,332.39999,332.47751,116168
2026-07-24 14:35:00,332.20001,332.48001,332.1,332.45499,62715
2026-07-24 14:34:00,332.26001,332.28000,332.059998,332.19000,83948
2026-07-24 14:33:00,332.42001,332.48001,332.23999,332.27029,81033
2026-07-24 14:32:00,332.32990,332.42999,332.27499,332.41989,49244
2026-07-24 14:31:00,332.40039,332.43,332.285,332.32999,48621
2026-07-24 14:30:00,332.26501,332.42001,332.26031,332.42001,60716
2026-07-24 14:29:00,332.29001,332.39001,332.20010,332.26501,58968
2026-07-24 14:28:00,332.19000,332.38000,332.17999,332.28000,83116
2026-07-24 14:27:00,332.31000,332.39001,332.14,332.20999,119778
2026-07-24 14:26:00,332.35001,332.39551,332.20999,332.28000,43715
2026-07-24 14:25:00,332.41501,332.45499,332.26001,332.34000,47776
2026-07-24 14:24:00,332.38550,332.48001,332.35010,332.39999,28979
2026-07-24 14:23:00,332.41000,332.45001,332.29999,332.39999,44226
2026-07-24 14:22:00,332.35001,332.41000,332.29001,332.41000,53344
2026-07-24 14:21:00,332.45010,332.51999,332.35999,332.36499,43300
2026-07-24 14:20:00,332.57501,332.63000,332.44031,332.45499,35605
2026-07-24 14:19:00,332.70001,332.71509,332.515,332.59000,30243
2026-07-24 14:18:00,332.67999,332.70999,332.56000,332.67999,44818
2026-07-24 14:17:00,332.56000,332.75,332.56000,332.67999,39987
2026-07-24 14:16:00,332.5,332.61,332.42,332.56000,45963
2026-07-24 14:15:00,332.44000,332.51001,332.37000,332.5,49040
2026-07-24 14:14:00,332.64001,332.64999,332.42999,332.44000,56693
2026-07-24 14:13:00,332.60001,332.72000,332.60001,332.63000,30515
2026-07-24 14:12:00,332.76999,332.76999,332.54010,332.60001,46572
2026-07-24 14:11:00,332.78500,332.87830,332.73001,332.79999,27593
2026-07-24 14:10:00,332.78000,332.85501,332.76999,332.78000,30803
2026-07-24 14:09:00,332.85999,332.95499,332.75,332.76010,34628
2026-07-24 14:08:00,333.10989,333.13501,332.85001,332.89001,48758
2026-07-24 14:07:00,332.95999,333.16989,332.92001,333.10501,79897
2026-07-24 14:06:00,332.89999,333,332.88,332.95999,34491
2026-07-24 14:05:00,332.76999,332.91989,332.76001,332.90131,36987
2026-07-24 14:04:00,332.72000,332.75500,332.66,332.75500,45059
2026-07-24 14:03:00,332.76001,332.775,332.66000,332.72989,37155
2026-07-24 14:02:00,332.78009,332.80139,332.66000,332.78000,48880
2026-07-24 14:01:00,332.72501,332.85001,332.72,332.81000,33497
2026-07-24 14:00:00,332.64499,332.74,332.63000,332.72000,34857
2026-07-24 13:59:00,332.82001,332.85989,332.63000,332.64999,51309
2026-07-24 13:58:00,332.84000,332.95001,332.80499,332.81000,28519
2026-07-24 13:57:00,332.86499,332.92999,332.73999,332.83499,39523
2026-07-24 13:56:00,332.76501,332.92,332.70999,332.86499,33896
2026-07-24 13:55:00,332.92001,332.94501,332.74500,332.74500,32907
2026-07-24 13:54:00,332.79999,332.93500,332.79999,332.91501,24182
2026-07-24 13:53:00,332.85001,332.85001,332.75,332.79001,24574
2026-07-24 13:52:00,332.85999,332.94501,332.83350,332.87000,38419
2026-07-24 13:51:00,332.95999,333.045,332.85001,332.85999,40048
2026-07-24 13:50:00,333,333,332.83,332.95001,28644
2026-07-24 13:49:00,332.94781,333.04,332.92001,332.99500,28895
2026-07-24 13:48:00,333.015015,333.03,332.89001,332.94000,28759
2026-07-24 13:47:00,332.92001,333.10001,332.92001,333.019989,45078
2026-07-24 13:46:00,332.89999,333.049988,332.88809,332.92001,59366
2026-07-24 13:45:00,332.92001,333.045013,332.79999,332.91000,67664
2026-07-24 13:44:00,332.97000,333.079895,332.89999,332.92001,44587
2026-07-24 13:43:00,332.91501,332.98999,332.87000,332.94000,27280
2026-07-24 13:42:00,332.91501,332.96,332.87720,332.92499,33448
2026-07-24 13:41:00,332.79999,332.94000,332.70001,332.92499,42154
2026-07-24 13:40:00,332.89001,332.89999,332.69421,332.79749,35378
2026-07-24 13:39:00,332.88501,332.91000,332.60001,332.85001,49600
2026-07-24 13:38:00,332.89999,332.97000,332.85172,332.88000,31535
2026-07-24 13:37:00,332.94000,332.98,332.79999,332.88000,53585
2026-07-24 13:36:00,332.99991,333.03,332.92001,332.94550,56794
2026-07-24 13:35:00,332.85999,333.010010,332.82,332.99500,39077
2026-07-24 13:34:00,332.82999,332.9,332.78000,332.85999,51787
2026-07-24 13:33:00,332.98001,332.98001,332.81000,332.83499,49873
2026-07-24 13:32:00,333.10999,333.12991,332.79001,332.98001,94114
2026-07-24 13:31:00,332.65500,333.19000,332.56000,333.12189,95110
2026-07-24 13:30:00,332.39499,332.73950,332.35999,332.67999,109233
2026-07-24 13:29:00,332.38000,332.45999,332.37000,332.39999,49604
2026-07-24 13:28:00,332.34000,332.39001,332.26999,332.35001,36627
2026-07-24 13:27:00,332.34000,332.4,332.26999,332.32010,49081
2026-07-24 13:26:00,332.34000,332.35001,332.19000,332.32001,38602
2026-07-24 13:25:00,332.25049,332.35999,332.15051,332.32999,56249
2026-07-24 13:24:00,332.37000,332.42999,332.22849,332.28000,50776
2026-07-24 13:23:00,332.24600,332.54999,332.23,332.34851,59743
2026-07-24 13:22:00,332.42999,332.45999,332.16171,332.23999,82195
2026-07-24 13:21:00,332.56000,332.70001,332.38000,332.44501,96457
2026-07-24 13:20:00,332.48999,332.60001,332.23,332.54001,75895
2026-07-24 13:19:00,332.44000,332.5,332.31000,332.46011,75406
2026-07-24 13:18:00,332.60999,332.68,332.42499,332.44000,60912
2026-07-24 13:17:00,332.59000,332.76999,332.51999,332.60501,75902
2026-07-24 13:16:00,332.42999,332.67001,332.415,332.58499,50917
2026-07-24 13:15:00,332.54001,332.56000,332.39999,332.41000,42265
2026-07-24 13:14:00,332.625,332.67001,332.38000,332.5,96681
2026-07-24 13:13:00,332.60999,332.69000,332.53000,332.60999,42610
2026-07-24 13:12:00,332.70999,332.88000,332.60031,332.60999,55164
2026-07-24 13:11:00,332.75,332.76999,332.57,332.68500,37628
2026-07-24 13:10:00,332.65500,332.76001,332.60001,332.76001,39689
2026-07-24 13:09:00,332.76999,332.79999,332.61,332.65500,40103
2026-07-24 13:08:00,332.71039,332.81989,332.59,332.77820,51221
2026-07-24 13:07:00,332.63000,332.78000,332.56000,332.73001,128888
2026-07-24 13:06:00,332.92499,334.22000,332.5,332.61160,319233
2026-07-24 13:05:00,332.92001,333.03,332.91000,332.92001,38084
2026-07-24 13:04:00,332.97000,333.035004,332.87009,332.89499,39731
2026-07-24 13:03:00,333.31000,333.34000,332.97031,332.98999,59553
2026-07-24 13:02:00,333.45999,333.45999,333.25,333.31000,49469
2026-07-24 13:01:00,333.35001,333.54001,333.27710,333.45999,102732
2026-07-24 13:00:00,333.19000,333.39001,333.18399,333.35001,84022
2026-07-24 12:59:00,333.040009,333.20001,332.97,333.18201,50135
2026-07-24 12:58:00,332.97000,333.079987,332.89999,333.023804,50838
2026-07-24 12:57:00,332.89001,332.98,332.88000,332.97000,28002
2026-07-24 12:56:00,333.040100,333.059998,332.81,332.91000,56849
2026-07-24 12:55:00,332.95001,333.17999,332.92999,333.054993,53457
2026-07-24 12:54:00,332.76010,333.029999,332.75,332.95001,43987
2026-07-24 12:53:00,332.85501,332.97000,332.68201,332.76999,59003
2026-07-24 12:52:00,333.049988,333.049988,332.81009,332.86191,53054
2026-07-24 12:51:00,332.95999,333.14999,332.94,333.040009,47932
2026-07-24 12:50:00,333.019989,333.093201,332.87000,332.95001,78099
2026-07-24 12:49:00,333.17001,333.17001,332.94000,333.045013,59691
2026-07-24 12:48:00,333.059998,333.25,333.010010,333.14999,58695
2026-07-24 12:47:00,333.35001,333.42999,333.059998,333.070007,63958
2026-07-24 12:46:00,333.58060,333.62781,333.29501,333.34750,47104
2026-07-24 12:45:00,333.53000,333.72000,333.48001,333.58499,77724
2026-07-24 12:44:00,333.63000,333.70001,333.51,333.57999,47882
2026-07-24 12:43:00,333.70001,333.70999,333.56049,333.62000,34127
2026-07-24 12:42:00,333.64499,333.70001,333.45999,333.70001,76426
2026-07-24 12:41:00,333.82001,333.92999,333.57501,333.64001,73398
2026-07-24 12:40:00,333.73050,333.85001,333.64001,333.83719,63530
2026-07-24 12:39:00,333.73001,333.82001,333.64999,333.76001,47420
2026-07-24 12:38:00,333.85999,333.87000,333.64001,333.72000,38009
2026-07-24 12:37:00,333.72501,333.90750,333.57001,333.85001,60269
2026-07-24 12:36:00,333.79059,333.88989,333.72000,333.72000,54277
2026-07-24 12:35:00,333.53500,333.85999,333.5,333.79010,88261
2026-07-24 12:34:00,333.35999,333.57001,333.35999,333.52499,55321
2026-07-24 12:33:00,333.43640,333.54999,333.35,333.39001,59456
2026-07-24 12:32:00,333.48001,333.51001,333.40259,333.45001,62962
2026-07-24 12:31:00,333.58670,333.63000,333.35999,333.5,89104
2026-07-24 12:30:00,333.69501,333.82950,333.5,333.60001,82338
2026-07-24 12:29:00,333.70001,333.85001,333.63000,333.72000,68122
2026-07-24 12:28:00,334.029999,334.06,333.70999,333.72009,76969
2026-07-24 12:27:00,334.14499,334.23001,334,334.049896,86342
2026-07-24 12:26:00,333.93500,334.19000,333.93500,334.13000,79181
2026-07-24 12:25:00,333.94000,333.97000,333.81000,333.94000,35807
2026-07-24 12:24:00,333.85999,333.97189,333.79,333.94000,48566
2026-07-24 12:23:00,333.89001,333.98999,333.76001,333.84000,73285
2026-07-24 12:22:00,334.095001,334.095001,333.76001,333.87000,79268
2026-07-24 12:21:00,333.82999,334.37000,333.82,334.089996,209736
2026-07-24 12:20:00,333.66000,333.88000,333.60001,333.85400,111123
2026-07-24 12:19:00,333.62009,333.74011,333.53009,333.67001,86912
2026-07-24 12:18:00,333.39999,333.75,333.34000,333.625,131032
2026-07-24 12:17:00,333.35001,333.45499,333.25,333.38000,73772
2026-07-24 12:16:00,333.19699,333.39999,333.16000,333.33499,78473
2026-07-24 12:15:00,333.22000,333.25,332.95999,333.17001,67324
2026-07-24 12:14:00,332.79001,333.28000,332.76001,333.21011,88785
2026-07-24 12:13:00,332.75,333.10001,332.73499,332.81000,64679
2026-07-24 12:12:00,332.84052,332.89001,332.66,332.73499,83640
2026-07-24 12:11:00,332.87000,333.029999,332.80099,332.85999,94024
2026-07-24 12:10:00,333.079987,333.089996,332.70999,332.88000,156342
2026-07-24 12:09:00,333.38000,333.38000,333.030487,333.070007,185250
2026-07-24 12:08:00,333.53000,333.69000,333.35,333.39999,108488
2026-07-24 12:07:00,334.070007,334.082001,333.44199,333.51999,206599
2026-07-24 12:06:00,333.98999,334.089996,333.82999,334.059998,101741
2026-07-24 12:05:00,333.76001,334.10001,333.67999,334.0098877,158388
2026-07-24 12:04:00,333.69501,333.81000,333.66000,333.74500,74929
2026-07-24 12:03:00,333.57001,333.81000,333.56812,333.69501,137614
2026-07-24 12:02:00,333.22000,333.59000,333.215,333.56110,119143
2026-07-24 12:01:00,333.29001,333.39001,333.20999,333.22000,88314
2026-07-24 12:00:00,333.040009,333.31500,333,333.29999,99923
2026-07-24 11:59:00,333.10001,333.17001,332.95999,333.049988,67374
2026-07-24 11:58:00,333.16000,333.16669,332.85999,333.10001,75316
2026-07-24 11:57:00,333.22000,333.34351,333,333.16000,279063
2026-07-24 11:56:00,333.070007,333.25,332.98,333.23001,83634
2026-07-24 11:55:00,333.32999,333.39999,332.94009,333.089996,173418
2026-07-24 11:54:00,333.375,333.64001,333.32999,333.35989,183674
2026-07-24 11:53:00,333.32999,333.38950,333.18500,333.38000,86745
2026-07-24 11:52:00,333.19000,333.33499,333.125,333.32501,108322
2026-07-24 11:51:00,333.30499,333.375,333.17999,333.20001,97328
2026-07-24 11:50:00,332.92001,333.35001,332.92001,333.32001,120677
2026-07-24 11:49:00,333.14001,333.16000,332.85,332.91501,84278
2026-07-24 11:48:00,333,333.15991,332.82001,333.15030,104528
2026-07-24 11:47:00,333.010010,333.059998,332.92999,333.0090027,66634
2026-07-24 11:46:00,332.98999,333.059998,332.89001,332.98010,83925
2026-07-24 11:45:00,332.81000,332.99500,332.72000,332.98950,70850
2026-07-24 11:44:00,332.97000,333.066803,332.78000,332.81000,77407
2026-07-24 11:43:00,333.23001,333.23001,332.91,332.97501,159619
2026-07-24 11:42:00,332.88000,333.26099,332.83499,333.21011,135260
2026-07-24 11:41:00,332.87000,333.079987,332.82001,332.875,209070
2026-07-24 11:40:00,332.64999,332.91000,332.63000,332.88000,148124
2026-07-24 11:39:00,332.35001,332.67999,332.25,332.64999,100876
2026-07-24 11:38:00,332.42001,332.46991,332.26691,332.35999,126581
2026-07-24 11:37:00,332.51001,332.61,332.37,332.42499,103016
2026-07-24 11:36:00,332.57501,332.58499,332.39001,332.51501,143970
2026-07-24 11:35:00,332.25989,332.56500,332.22000,332.56500,176558
2026-07-24 11:34:00,332.020508,332.29999,331.9,332.26001,167515
2026-07-24 11:33:00,331.87000,332.13000,331.76,332.045013,102671
2026-07-24 11:32:00,331.92499,331.98001,331.79999,331.87000,67138
2026-07-24 11:31:00,331.82999,331.95001,331.78500,331.94000,68865
2026-07-24 11:30:00,331.77499,331.89999,331.67001,331.82999,75491
2026-07-24 11:29:00,331.66000,331.79001,331.54950,331.76501,60315
2026-07-24 11:28:00,331.79001,331.89,331.64001,331.65009,68636
2026-07-24 11:27:00,331.73181,331.92999,331.67999,331.77499,176492
2026-07-24 11:26:00,331.48999,331.75,331.42,331.72079,82525
2026-07-24 11:25:00,331.41501,331.51999,331.32999,331.51999,66774
2026-07-24 11:24:00,331.29001,331.52,331.25,331.41000,70919
2026-07-24 11:23:00,331.32501,331.48999,331.19000,331.24789,52731
2026-07-24 11:22:00,331.35001,331.42999,331.18,331.32501,90786
2026-07-24 11:21:00,331.29001,331.48001,331.24011,331.35001,81131
2026-07-24 11:20:00,331.16501,331.39609,331.089996,331.28000,76054
2026-07-24 11:19:00,331.079987,331.26001,331.019989,331.14001,72207
2026-07-24 11:18:00,331.16290,331.29999,331.040009,331.079987,100257
2026-07-24 11:17:00,331.18121,331.33499,331.049988,331.19000,128974
2026-07-24 11:16:00,331.45001,331.62000,331.16000,331.20001,105502
2026-07-24 11:15:00,331.28461,331.54999,331.17001,331.45450,260484
2026-07-24 11:14:00,330.72000,331.41,330.71500,331.26999,247509
2026-07-24 11:13:00,330.70999,330.79999,330.60999,330.73001,76485
2026-07-24 11:12:00,330.70001,330.87000,330.67001,330.72000,132666
2026-07-24 11:11:00,330.44000,330.73999,330.42999,330.69000,143957
2026-07-24 11:10:00,330.35501,330.54999,330.11,330.42999,99014
2026-07-24 11:09:00,330.23999,330.48,330.19,330.35501,92089
2026-07-24 11:08:00,330.26001,330.44000,330.1,330.22501,74389
2026-07-24 11:07:00,330.41809,330.45001,330.10999,330.29001,61230
2026-07-24 11:06:00,330.47360,330.64001,330.34000,330.42999,89377
2026-07-24 11:05:00,330.39999,330.57001,330.27,330.47501,109763
2026-07-24 11:04:00,330.24930,330.48001,330.1,330.41000,110765
2026-07-24 11:03:00,329.85999,330.26941,329.83499,330.23499,82456
2026-07-24 11:02:00,329.89001,329.98999,329.73001,329.85999,56008
2026-07-24 11:01:00,330.099915,330.10999,329.70999,329.82999,93150
2026-07-24 11:00:00,329.95999,330.16000,329.9,330.095001,77928
2026-07-24 10:59:00,330.17499,330.23001,329.79999,329.96500,122575
2026-07-24 10:58:00,329.92001,330.22000,329.87000,330.14011,135535
2026-07-24 10:57:00,329.82001,329.95001,329.70999,329.92499,115598
2026-07-24 10:56:00,329.69000,329.89001,329.64001,329.81000,74466
2026-07-24 10:55:00,329.67999,329.78000,329.51001,329.68500,101808
2026-07-24 10:54:00,330.070007,330.070007,329.61911,329.70001,86082
2026-07-24 10:53:00,329.89001,330.08,329.88000,330.040009,61405
2026-07-24 10:52:00,330.084991,330.18991,329.84000,329.88000,127291
2026-07-24 10:51:00,329.73651,330.13000,329.72000,330.079987,269673
2026-07-24 10:50:00,329.40500,329.75,329.18011,329.75,187532
2026-07-24 10:49:00,329.45999,329.56000,329.26999,329.41501,68128
2026-07-24 10:48:00,329.42001,329.62000,329.41000,329.48001,69069
2026-07-24 10:47:00,329.60999,329.64001,329.31049,329.41000,78639
2026-07-24 10:46:00,329.41000,329.60999,329.37000,329.57001,126194
2026-07-24 10:45:00,329.41000,329.5,329.20999,329.42999,110937
2026-07-24 10:44:00,329.57999,329.64999,329.35,329.40500,93334
2026-07-24 10:43:00,329.64999,329.70001,329.44000,329.58499,89666
2026-07-24 10:42:00,329.70001,329.79001,329.51001,329.69000,160169
2026-07-24 10:41:00,329.54269,329.78000,329.49,329.67001,112226
2026-07-24 10:40:00,329.32001,329.73001,329.31320,329.54001,135381
