timestamp,Open,High,Low,Close,Volume
2026-08-11 15:59:00,474.13000,474.39001,473.56000,474.39001,240171
2026-08-11 15:58:00,473.67999,474.15060,473.62000,474.13000,118889
2026-08-11 15:57:00,474.41000,474.47000,473.29001,473.60901,117968
2026-08-11 15:56:00,474.85001,474.92,474.22,474.38000,52462
2026-08-11 15:55:00,474.38000,475.010010,474.23999,475,87855
2026-08-11 15:54:00,474.049988,474.69000,474.049988,474.5,56840
2026-08-11 15:53:00,474.67001,474.74951,473.90601,473.98999,55644
2026-08-11 15:52:00,474.92999,474.98999,474.64001,474.67999,23049
2026-08-11 15:51:00,474.82901,474.96381,474.51880,474.88501,39604
2026-08-11 15:50:00,474.62000,475.22000,473.76999,474.86499,75570
2026-08-11 15:49:00,474.53000,474.92999,474.37000,474.59000,32952
2026-08-11 15:48:00,474.51999,474.60001,474.34180,474.53000,25849
2026-08-11 15:47:00,474.29001,474.51,474.13000,474.48001,29827
2026-08-11 15:46:00,474.34000,474.35001,473.85001,474.12000,55659
2026-08-11 15:45:00,474.67999,474.99731,474.29,474.42001,31379
2026-08-11 15:44:00,474.92999,475.25,474.66049,474.66049,37519
2026-08-11 15:43:00,474.89999,475.35001,474.875,474.92499,28359
2026-08-11 15:42:00,475.32999,475.47540,474.92001,474.97000,27238
2026-08-11 15:41:00,475.70999,475.84000,475.34000,475.39001,39195
2026-08-11 15:40:00,475.73999,475.84,475.26999,475.83990,61148
2026-08-11 15:39:00,475.72250,475.79999,475.47,475.78000,43399
2026-08-11 15:38:00,475.73999,475.82001,475.54010,475.70999,46797
2026-08-11 15:37:00,475.28500,475.79999,475.28500,475.73001,42346
2026-08-11 15:36:00,474.51001,475.35001,474.51001,475.35001,36762
2026-08-11 15:35:00,474.90671,475.033997,474.6,474.60001,39800
2026-08-11 15:34:00,474.81500,475.39001,474.79999,475.075012,48230
2026-08-11 15:33:00,475.28500,475.3,474.81000,474.81500,34547
2026-08-11 15:32:00,475.62000,475.65,475.17001,475.29999,44966
2026-08-11 15:31:00,475.77499,475.98001,475.49249,475.55881,68383
2026-08-11 15:30:00,474.80499,475.86,474.80499,475.85001,139366
2026-08-11 15:29:00,474.39001,474.99,474.37,474.71249,69382
2026-08-11 15:28:00,474.39499,474.44000,474.079987,474.28000,41290
2026-08-11 15:27:00,474.47000,474.61951,474.25,474.38501,24954
2026-08-11 15:26:00,474.21500,474.59500,474.205,474.44000,37358
2026-08-11 15:25:00,474.85001,474.86,474.20001,474.20999,34777
2026-08-11 15:24:00,474.019989,474.84000,474.019989,474.76501,31779
2026-08-11 15:23:00,474.60001,474.70001,473.96,474.019501,50506
2026-08-11 15:22:00,474.59000,474.76999,474.47,474.47000,37022
2026-08-11 15:21:00,474.18500,474.76999,474.070007,474.53500,47770
2026-08-11 15:20:00,473.60001,474.14999,473.60001,474.084991,25537
2026-08-11 15:19:00,474.14999,474.25,473.54999,473.62900,43561
2026-08-11 15:18:00,473.85110,474.35001,473.84839,474.17001,67054
2026-08-11 15:17:00,473.35999,473.93500,473.3,473.89999,26855
2026-08-11 15:16:00,473.45001,473.69501,473.31000,473.31000,18520
2026-08-11 15:15:00,473.49500,473.65,473.28339,473.57999,22318
2026-08-11 15:14:00,473.78500,473.87000,473.26001,473.54550,37902
2026-08-11 15:13:00,473.14999,473.76999,473.10150,473.76999,45452
2026-08-11 15:12:00,473,473.17999,472.95999,473.089996,29510
2026-08-11 15:11:00,472.66010,472.92111,472.66010,472.90500,14853
2026-08-11 15:10:00,472.34000,473,472.31,472.70999,25406
2026-08-11 15:09:00,472.33499,472.45001,472.050110,472.29001,21821
2026-08-11 15:08:00,472.26001,472.69000,472.26001,472.35001,26917
2026-08-11 15:07:00,472.12000,472.42740,471.94290,472.26001,33330
2026-08-11 15:06:00,472.60220,472.63989,472.059998,472.19000,29217
2026-08-11 15:05:00,472.70001,472.76501,472.35999,472.52499,39338
2026-08-11 15:04:00,473.015015,473.04,472.70999,472.84991,40834
2026-08-11 15:03:00,472.95999,473.23019,472.95999,472.95999,31312
2026-08-11 15:02:00,472.80499,473.16000,472.72000,472.95999,28703
2026-08-11 15:01:00,473.040009,473.39999,472.62009,472.73001,29872
2026-08-11 15:00:00,472.89001,473.17001,472.76999,472.87009,29190
2026-08-11 14:59:00,473.16000,473.23001,472.75,472.79001,32840
2026-08-11 14:58:00,473.34000,473.35001,472.91000,473.059998,28147
2026-08-11 14:57:00,473.39999,473.55,473.26999,473.38000,25970
2026-08-11 14:56:00,473.47000,473.49991,473.32010,473.32999,22546
2026-08-11 14:55:00,473.66199,473.70999,473.27081,473.41000,41410
2026-08-11 14:54:00,473.73499,473.84000,473.51010,473.63000,37488
2026-08-11 14:53:00,473.26001,473.77829,473.18011,473.76999,31475
2026-08-11 14:52:00,473.049988,473.20001,472.91940,473.14999,22742
2026-08-11 14:51:00,472.94980,473.32999,472.81070,473.097198,26272
2026-08-11 14:50:00,472.78250,473.29990,472.78250,472.85999,41829
2026-08-11 14:49:00,472.63000,472.87000,472.16010,472.80511,35739
2026-08-11 14:48:00,472.41840,472.70001,472.35501,472.70001,21315
2026-08-11 14:47:00,472.20001,472.69989,472.20001,472.48819,29158
2026-08-11 14:46:00,472.20001,472.54999,472.057892,472.18500,25775
2026-08-11 14:45:00,471.75500,472.19000,471.70929,472.10999,20974
2026-08-11 14:44:00,471.98001,472,471.5,471.75500,23183
2026-08-11 14:43:00,472.095001,472.14001,471.62689,471.84500,28560
2026-08-11 14:42:00,471.51279,472.20959,471.20010,472.016998,38033
2026-08-11 14:41:00,472.33499,472.39050,471.26999,471.45001,52534
2026-08-11 14:40:00,472.67300,472.70001,472.25,472.32999,21252
2026-08-11 14:39:00,472.24500,472.68,472.24500,472.53000,41618
2026-08-11 14:38:00,471.96500,472.29501,471.81000,472.29501,23850
2026-08-11 14:37:00,472.42999,472.62991,471.89001,471.96500,72209
2026-08-11 14:36:00,472.26001,472.78949,472.26001,472.54501,50801
2026-08-11 14:35:00,472.19141,472.37000,471.93011,472.12000,31678
2026-08-11 14:34:00,471.85001,472.29999,471.69009,472.26999,28515
2026-08-11 14:33:00,471.91000,472.21991,471.73999,471.73999,37841
2026-08-11 14:32:00,471.94000,472.029999,471.43011,471.89999,24634
2026-08-11 14:31:00,471.25,471.98990,471.19000,471.87000,42376
2026-08-11 14:30:00,471.26001,471.39999,470.85001,471.23001,19980
2026-08-11 14:29:00,471.17999,471.35001,470.44000,471.13321,42185
2026-08-11 14:28:00,471.41501,471.42999,471.15,471.17999,15115
2026-08-11 14:27:00,471.79001,471.91,471.1,471.41501,66957
2026-08-11 14:26:00,471.74670,471.89999,471.56799,471.81000,23634
2026-08-11 14:25:00,471.54999,471.98999,471.475,471.85001,57807
2026-08-11 14:24:00,471.30301,471.54999,471.14001,471.54999,21691
2026-08-11 14:23:00,471.39001,471.48990,471.079987,471.14999,83755
2026-08-11 14:22:00,470.48499,471.59000,470.13959,471.34000,55792
2026-08-11 14:21:00,471.28500,471.34000,470.28000,470.48999,99639
2026-08-11 14:20:00,471.53000,471.64001,471.10001,471.23010,59825
2026-08-11 14:19:00,472.22000,472.24799,471.32999,471.60001,34154
2026-08-11 14:18:00,472.38000,472.5,472.14999,472.17511,24181
2026-08-11 14:17:00,472.39001,472.64001,472.26010,472.42001,28456
2026-08-11 14:16:00,471.68500,472.49,471.62000,472.32999,52888
2026-08-11 14:15:00,471.63000,471.88919,471.41000,471.63000,20546
2026-08-11 14:14:00,471.67059,471.84000,471.51999,471.64999,13000
2026-08-11 14:13:00,471.55499,471.99,471.54001,471.67099,37053
2026-08-11 14:12:00,471.55499,471.73001,471.37000,471.5,23979
2026-08-11 14:11:00,470.76001,471.63,470.68011,471.62000,71101
2026-08-11 14:10:00,470.72250,471.089996,469.92999,470.79999,110277
2026-08-11 14:09:00,470.17001,470.93991,470.070007,470.74500,66019
2026-08-11 14:08:00,470.57001,470.57001,470.019989,470.11499,25667
2026-08-11 14:07:00,470.17001,470.52,470.029999,470.48001,317671
2026-08-11 14:06:00,470.40601,470.48,469.85999,470.26999,22900
2026-08-11 14:05:00,470.69000,470.76251,470.28891,470.34000,17242
2026-08-11 14:04:00,470.76001,470.84000,470.50049,470.69000,22798
2026-08-11 14:03:00,469.25,470.75,469.20001,470.67001,65440
2026-08-11 14:02:00,469.31000,469.32999,469.10730,469.26001,19356
2026-08-11 14:01:00,469.39999,469.62000,469.25,469.32501,19983
2026-08-11 14:00:00,469.51001,469.66000,469.39999,469.42001,25965
2026-08-11 13:59:00,469.39001,469.63000,469.30801,469.63000,20423
2026-08-11 13:58:00,469.11499,469.46,469.059998,469.39999,17258
2026-08-11 13:57:00,469.10999,469.42999,469.022888,469.14270,29235
2026-08-11 13:56:00,468.92001,469.28000,468.82001,469.14999,18781
2026-08-11 13:55:00,468.97000,469.1,468.75,469.010010,417958
2026-08-11 13:54:00,468.72751,468.96,468.70499,468.86499,15505
2026-08-11 13:53:00,468.51001,468.70499,468.44949,468.70499,22592
2026-08-11 13:52:00,468.59000,468.63940,468.42010,468.60999,7709
2026-08-11 13:51:00,468.5,468.64499,468.48010,468.50500,9037
2026-08-11 13:50:00,468.44000,468.78000,468.36,468.39999,30873
2026-08-11 13:49:00,468.50439,468.7,468.25009,468.44000,14131
2026-08-11 13:48:00,468.45001,468.78000,468.30600,468.47501,27106
2026-08-11 13:47:00,468.11700,468.39999,468.11700,468.36429,12037
2026-08-11 13:46:00,468.10999,468.42001,468.10501,468.29550,9359
2026-08-11 13:45:00,468.14499,468.44000,467.91000,468.13000,27602
2026-08-11 13:44:00,468.19501,468.29440,468.089996,468.12000,19990
2026-08-11 13:43:00,468.13501,468.39001,467.98999,468.20999,49932
2026-08-11 13:42:00,467.39999,468.25,467.39999,468.125,46151
2026-08-11 13:41:00,466.64001,467.46,466.37000,467.39999,20672
2026-08-11 13:40:00,466.35501,466.71991,466.28680,466.60999,14085
2026-08-11 13:39:00,466.48999,466.56,466.22000,466.39499,9685
2026-08-11 13:38:00,466.96500,466.96500,466.39001,466.48999,14328
2026-08-11 13:37:00,467.089996,467.089996,466.75,466.89001,12925
2026-08-11 13:36:00,466.66501,467.16000,466.63000,467.089996,22977
2026-08-11 13:35:00,466.28000,466.77,466.16000,466.67001,24545
2026-08-11 13:34:00,466.081604,466.27991,465.95349,466.20999,12359
2026-08-11 13:33:00,465.92001,466.17001,465.89999,466.054993,9901
2026-08-11 13:32:00,465.76001,466.14651,465.73529,465.85001,13409
2026-08-11 13:31:00,465.70001,466.010010,465.70001,465.76999,10354
2026-08-11 13:30:00,466.23999,466.31,465.70999,465.85001,16340
2026-08-11 13:29:00,466.084991,466.48950,465.94009,466.28000,20140
2026-08-11 13:28:00,465.75,466.29001,465.71,466.12549,14356
2026-08-11 13:27:00,465.85999,465.92999,465.54739,465.76001,12698
2026-08-11 13:26:00,465.78500,465.90591,465.5,465.83499,14568
2026-08-11 13:25:00,466,466.26001,465.68011,465.68011,13172
2026-08-11 13:24:00,465.90500,466.1,465.51010,465.98999,16849
2026-08-11 13:23:00,466.13379,466.14990,465.72000,465.93500,22892
2026-08-11 13:22:00,466.34000,466.37000,465.86,465.99301,12738
2026-08-11 13:21:00,466.0050049,466.34,465.67999,466.25,18335
2026-08-11 13:20:00,466.095001,466.23,465.85999,465.92001,10251
2026-08-11 13:19:00,466.049988,466.25,466,466.049988,16110
2026-08-11 13:18:00,465.80011,466.2,465.80011,466.14099,9952
2026-08-11 13:17:00,465.47000,466.14001,465.47000,466.040009,21377
2026-08-11 13:16:00,465.71991,465.87,465.39011,465.54999,17424
2026-08-11 13:15:00,465.10001,465.82001,465.1,465.69601,24576
2026-08-11 13:14:00,465.5,465.55,465.20001,465.20001,19042
2026-08-11 13:13:00,465.54999,465.73999,465.35001,465.5,9650
2026-08-11 13:12:00,465.78000,465.79501,465.35010,465.54501,19848
2026-08-11 13:11:00,466,466,465.35001,465.81000,27056
2026-08-11 13:10:00,466.20999,466.35001,465.87000,465.91000,16609
2026-08-11 13:09:00,466.29999,466.39651,466.14371,466.28000,9587
2026-08-11 13:08:00,466.54999,466.66000,466.22000,466.39001,12829
2026-08-11 13:07:00,466.23999,466.52,466.20499,466.42001,13196
2026-08-11 13:06:00,465.70001,466.5,465.7,466.24500,26708
2026-08-11 13:05:00,465.67001,465.78000,465.53,465.63000,23967
2026-08-11 13:04:00,466,466.069885,465.64200,465.72000,14827
2026-08-11 13:03:00,465.85999,465.91000,465.67001,465.91000,19636
2026-08-11 13:02:00,466.14749,466.14749,465.73331,465.79999,22950
2026-08-11 13:01:00,466.22501,466.365,466.059998,466.125,10533
2026-08-11 13:00:00,466.38000,466.42999,466.16000,466.17999,15973
2026-08-11 12:59:00,466.25830,466.59000,466.25,466.39499,10061
2026-08-11 12:58:00,466.12000,466.54001,466.12000,466.41501,12164
2026-08-11 12:57:00,466.35001,466.35001,466.11499,466.14999,10113
2026-08-11 12:56:00,466.67001,466.69000,466.27499,466.27499,16696
2026-08-11 12:55:00,466.62000,466.84000,466.52,466.69501,11507
2026-08-11 12:54:00,466.45999,466.67801,466.42340,466.56500,13715
2026-08-11 12:53:00,466.57999,466.7,466.30991,466.51999,14126
2026-08-11 12:52:00,466.59000,466.78989,466.41571,466.57999,12763
2026-08-11 12:51:00,466.23999,466.63,466.20999,466.56561,10782
2026-08-11 12:50:00,466.28000,466.39001,466.15500,466.29501,15630
2026-08-11 12:49:00,465.89001,466.19000,465.89001,466.13010,11833
2026-08-11 12:48:00,465.99500,466.10501,465.82001,465.84100,10615
2026-08-11 12:47:00,465.91190,466.28000,465.89001,466,15748
2026-08-11 12:46:00,466.61011,466.63000,465.87000,465.95001,20303
2026-08-11 12:45:00,466.60001,466.86270,466.51001,466.60001,19229
2026-08-11 12:44:00,466.60001,466.76001,466.5,466.67001,10449
2026-08-11 12:43:00,466.92001,466.95001,466.57999,466.62000,7426
2026-08-11 12:42:00,466.91101,467.14990,466.89999,467.10001,16150
2026-08-11 12:41:00,466.72000,467.18,466.72000,466.97000,16028
2026-08-11 12:40:00,467.089996,467.10999,466.57999,466.76001,22749
2026-08-11 12:39:00,466.64999,467.049988,466.60999,467.010010,26400
2026-08-11 12:38:00,466.95001,466.95001,466.61041,466.70999,15580
2026-08-11 12:37:00,466.57150,466.94949,466.47501,466.94949,22270
2026-08-11 12:36:00,466.375,466.64359,466.34000,466.46011,21010
2026-08-11 12:35:00,465.91000,466.48010,465.89001,466.37000,18333
2026-08-11 12:34:00,465.85001,466.2,465.82001,465.89499,20750
2026-08-11 12:33:00,466.29001,466.30991,465.85999,465.92001,44750
2026-08-11 12:32:00,466.42499,466.42499,466.13000,466.21500,32868
2026-08-11 12:31:00,466.80499,466.81,466.33011,466.48001,13749
2026-08-11 12:30:00,466.82501,467.035004,466.74969,466.83121,10619
2026-08-11 12:29:00,466.64999,466.90302,466.60999,466.85501,11261
2026-08-11 12:28:00,466.98999,466.98999,466.47501,466.65500,14197
2026-08-11 12:27:00,466.70001,467.079895,466.64001,467.049988,15989
2026-08-11 12:26:00,466.73499,466.92999,466.29999,466.75009,20808
2026-08-11 12:25:00,467.00079346,467.055,466.28000,466.74500,27434
2026-08-11 12:24:00,467.625,467.625,466.85999,466.97000,16788
2026-08-11 12:23:00,467.43500,467.73999,467.39001,467.57721,23111
2026-08-11 12:22:00,466.85220,467.60999,466.74500,467.44501,17934
2026-08-11 12:21:00,466.81000,466.87991,466.64001,466.78500,10524
2026-08-11 12:20:00,466.90500,466.94501,466.66000,466.76001,7937
2026-08-11 12:19:00,467.17670,467.40860,466.84891,466.875,17852
2026-08-11 12:18:00,467.089996,467.22000,466.73999,467.13000,14605
2026-08-11 12:17:00,467.015015,467.14001,466.87659,466.97000,9600
2026-08-11 12:16:00,466.87000,467.22000,466.79,467.079987,13918
2026-08-11 12:15:00,466.39999,466.87000,466.285,466.76999,221667
2026-08-11 12:14:00,466.86990,466.94989,466.029999,466.28720,22869
2026-08-11 12:13:00,467.41501,467.47000,466.79031,466.85510,15535
2026-08-11 12:12:00,467.375,467.56000,467.08,467.47501,8612
2026-08-11 12:11:00,467.57999,467.71,467.29001,467.43991,10156
2026-08-11 12:10:00,467.21500,467.56,467.14001,467.47009,11842
2026-08-11 12:09:00,467.29001,467.45999,466.84009,467.19501,21087
2026-08-11 12:08:00,467.32001,467.38821,467.029999,467.32999,13348
2026-08-11 12:07:00,467.23999,467.39999,467.14011,467.20999,22338
2026-08-11 12:06:00,466.89999,467.46991,466.82541,467.26999,24031
2026-08-11 12:05:00,466.39999,466.89999,466.38000,466.81500,22567
2026-08-11 12:04:00,466.39001,466.70001,466.31000,466.48001,19213
2026-08-11 12:03:00,466.72989,466.76410,466.20010,466.30688,33567
2026-08-11 12:02:00,466.93500,466.95,466.26141,466.62000,35421
2026-08-11 12:01:00,467.63510,467.78000,466.70001,466.95999,29244
2026-08-11 12:00:00,468.17999,468.35941,467.69589,467.85999,21555
2026-08-11 11:59:00,468.19000,468.47,468.18500,468.32990,10537
2026-08-11 11:58:00,468.029999,468.32990,468,468.25,10054
2026-08-11 11:57:00,468.29999,468.45001,467.88,468.019989,23682
2026-08-11 11:56:00,468.23001,468.51950,468.22000,468.38501,14144
2026-08-11 11:55:00,468.26999,468.48999,468.040100,468.20499,14610
2026-08-11 11:54:00,468.23001,468.46991,468.10001,468.17999,17951
2026-08-11 11:53:00,468.63199,468.77509,468.10001,468.12000,44787
2026-08-11 11:52:00,469.070007,469.070007,468.68500,468.68500,13234
2026-08-11 11:51:00,469.73999,469.73999,468.84000,468.90009,27381
2026-08-11 11:50:00,469.36011,469.92001,469.36011,469.86990,11139
2026-08-11 11:49:00,469.48001,469.97000,469.48001,469.48499,22460
2026-08-11 11:48:00,469.66000,469.72989,469.40500,469.59000,15186
2026-08-11 11:47:00,469.63510,469.70950,469.14,469.59000,21330
2026-08-11 11:46:00,469.68500,469.87000,469.49,469.59000,10693
2026-08-11 11:45:00,470.17999,470.38000,469.79001,469.79001,11553
2026-08-11 11:44:00,469.98999,470.43,469.98999,470.34500,15424
2026-08-11 11:43:00,469.60001,470.19,469.57999,470.045013,18810
2026-08-11 11:42:00,469.64001,469.75989,469.29999,469.5,15541
2026-08-11 11:41:00,470.12000,470.17,469.25009,469.69000,18855
2026-08-11 11:40:00,470,470.20480,469.57001,470.12000,30837
2026-08-11 11:39:00,470.48239,470.89001,469.85001,469.95999,39209
2026-08-11 11:38:00,470.58759,470.95001,470.38040,470.42001,36305
2026-08-11 11:37:00,470.17999,470.78500,469.92191,470.66501,29085
2026-08-11 11:36:00,469.70999,470.14001,469.7,470.13000,19986
2026-08-11 11:35:00,469.69000,469.99991,469.45999,469.99991,20413
2026-08-11 11:34:00,469.80499,470.16,469.34000,469.48499,49527
2026-08-11 11:33:00,470.084991,470.38000,469.71,469.73999,25575
2026-08-11 11:32:00,469.95001,470.38000,469.92999,470.059998,17937
2026-08-11 11:31:00,470.10730,470.51001,469.76001,469.94000,20095
2026-08-11 11:30:00,469.20999,470.029907,469.048798,470.019989,29988
2026-08-11 11:29:00,469.17999,469.49680,469.019989,469.019989,13618
2026-08-11 11:28:00,469.34000,469.56000,469.019989,469.32001,12762
2026-08-11 11:27:00,469.30499,469.66000,469.18491,469.48999,21304
2026-08-11 11:26:00,469.72000,469.87000,469.16000,469.30499,25744
2026-08-11 11:25:00,468.81500,469.82999,468.73001,469.82999,42441
2026-08-11 11:24:00,469.62000,469.695,468.70001,468.79999,43138
2026-08-11 11:23:00,470.59000,470.67001,469.66000,469.75,23743
2026-08-11 11:22:00,470.81000,470.98,470.51001,470.57999,27256
2026-08-11 11:21:00,470.42001,470.89001,470.080109,470.85001,25045
2026-08-11 11:20:00,470.21500,470.32001,469.85999,470.23499,37749
2026-08-11 11:19:00,470.23001,470.69989,470.16000,470.20001,17489
2026-08-11 11:18:00,470,470.61261,469.82501,470.22000,47491
2026-08-11 11:17:00,470.15500,470.69989,469.99500,470,34201
2026-08-11 11:16:00,469.42999,470.22,469.14999,470.14999,33549
2026-08-11 11:15:00,469.92999,470.024994,469.22000,469.29999,24069
2026-08-11 11:14:00,470.010010,470.55939,469.86099,470.26001,19950
2026-08-11 11:13:00,469.98999,470.32999,469.64999,469.91501,22743
2026-08-11 11:12:00,470,470.60001,469.67001,469.81000,67727
2026-08-11 11:11:00,469.35001,469.91,469.15500,469.76999,29063
2026-08-11 11:10:00,469.69501,469.93649,468.67001,469.30499,37136
2026-08-11 11:09:00,469.84000,470.29001,469.62,469.81500,33618
2026-08-11 11:08:00,469.82001,470.049988,469.29001,469.86499,59175
2026-08-11 11:07:00,469.59000,469.95990,469.23,469.59000,29339
2026-08-11 11:06:00,469.64001,469.75,469.21,469.46500,22595
2026-08-11 11:05:00,469.84991,470.30499,469.31039,469.79999,35866
2026-08-11 11:04:00,469.53000,469.96860,469.38971,469.70499,17283
2026-08-11 11:03:00,469.21500,469.89001,468.87,469.51501,19892
2026-08-11 11:02:00,469.32999,469.5,468.79999,469.12000,19528
2026-08-11 11:01:00,468.74500,469.70639,468.60501,469.32999,54491
2026-08-11 11:00:00,468.92999,469.16000,468.52789,468.75,28997
2026-08-11 10:59:00,469.92001,470,468.92999,468.98999,78444
2026-08-11 10:58:00,469.88461,470.48999,469.68011,469.91901,58008
2026-08-11 10:57:00,469.019989,469.96,468.93011,469.82150,24615
2026-08-11 10:56:00,469.31500,469.60001,468.95001,469.019989,37382
2026-08-11 10:55:00,468.95001,469.92,468.95001,469.37659,35594
2026-08-11 10:54:00,468.16000,469.39999,467.88000,469.18661,36609
2026-08-11 10:53:00,468.57001,468.64001,468.19000,468.19000,17057
2026-08-11 10:52:00,468.51501,469.019989,468.20001,468.64999,53460
2026-08-11 10:51:00,468.31000,468.79999,468.19000,468.60501,21244
2026-08-11 10:50:00,468.48999,468.67999,468.23001,468.23001,15824
2026-08-11 10:49:00,468.32501,468.89951,468.20999,468.47000,18803
2026-08-11 10:48:00,468.53000,468.59,468.079987,468.36761,26693
2026-08-11 10:47:00,467.66000,468.55399,467.60999,468.38000,35825
2026-08-11 10:46:00,468.23001,468.33499,467.57999,467.75,22071
2026-08-11 10:45:00,467.41000,468.21,467.41000,468.029999,29732
2026-08-11 10:44:00,467.5,467.71,467.020691,467.54501,26369
2026-08-11 10:43:00,467.63000,467.76999,466.92059,467.39999,54538
2026-08-11 10:42:00,467.51999,468.079315,467.24731,467.72989,27581
2026-08-11 10:41:00,468.12509,468.34000,467.32001,467.64999,30479
2026-08-11 10:40:00,467.81000,468.39999,467.79999,468.13501,21703
2026-08-11 10:39:00,467.85001,468.145,467.60999,467.76001,25465
2026-08-11 10:38:00,468.39001,468.45001,467.71,467.91000,20712
2026-08-11 10:37:00,468.55499,469.3,468.23999,468.51999,34919
2026-08-11 10:36:00,468.12000,468.82999,468,468.5,19806
2026-08-11 10:35:00,468.44000,468.71,467.79999,468.23499,21215
2026-08-11 10:34:00,468.54999,468.89,467.71,468.27499,25567
2026-08-11 10:33:00,467.97049,468.58,467.89999,468.41000,28699
2026-08-11 10:32:00,467.27591,468.31000,467.27591,467.89999,31156
2026-08-11 10:31:00,467.77499,468.39001,467.049988,467.53500,55604
2026-08-11 10:30:00,468.78000,469.20001,467.79050,467.79050,41282
2026-08-11 10:29:00,468.48499,469.11990,468.37,468.94501,23637
2026-08-11 10:28:00,468.89999,468.89999,467.98999,468.47000,32633
2026-08-11 10:27:00,468.85040,469.85001,468.78000,468.97501,40793
2026-08-11 10:26:00,468.64789,469.16000,468.57001,469,26299
2026-08-11 10:25:00,468.32501,468.98990,468.08,468.75,28886
2026-08-11 10:24:00,468.31000,468.87000,467.91,468.51999,50524
2026-08-11 10:23:00,467.079987,468.32849,466.97501,468.010010,33878
2026-08-11 10:22:00,467.48499,468.26999,466.98999,467.10501,42461
2026-08-11 10:21:00,468.20990,468.20990,466.51010,467.48001,48845
2026-08-11 10:20:00,467.54501,468.43991,467.15961,467.98001,33143
2026-08-11 10:19:00,468.28900,468.28900,467.38000,467.51999,56202
2026-08-11 10:18:00,469.20999,469.22900,467.85931,468.32001,54545
2026-08-11 10:17:00,470.55499,471.023285,468.96500,468.97000,44038
2026-08-11 10:16:00,469.99500,471.70001,469.99500,470.70990,102181
2026-08-11 10:15:00,468.88000,470.15991,468.325,469.98999,62365
2026-08-11 10:14:00,470.22501,470.38641,468.67999,468.85001,75592
2026-08-11 10:13:00,470.40030,470.70001,470.040009,470.040009,36150
2026-08-11 10:12:00,470.72501,471.17999,470.19000,470.58499,78015
2026-08-11 10:11:00,470.12000,471.14999,469.72000,470.96500,81144
2026-08-11 10:10:00,469.22501,470.41000,469.16010,470.066803,76733
2026-08-11 10:09:00,469,469.9,468.67499,469.079407,46127
2026-08-11 10:08:00,469.78000,470.20001,469.2,469.29999,90734
2026-08-11 10:07:00,469.47000,470,469.0013123,469.76999,73692
2026-08-11 10:06:00,469.10999,469.71991,469.01,469.41501,57117
2026-08-11 10:05:00,468.015015,469.27,467.85501,469.10001,50768
2026-08-11 10:04:00,468.29999,469.03,467.91000,467.97009,67820
2026-08-11 10:03:00,467.72000,468.56,467.57059,468.31000,48868
2026-08-11 10:02:00,468.59500,468.79001,467.47000,467.72000,56144
2026-08-11 10:01:00,467.59000,469.25949,467.59000,468.37000,80032
2026-08-11 10:00:00,467.19000,468.46991,466.88000,467.75500,127690
2026-08-11 09:59:00,465.045013,467.17050,464.95001,467.125,87788
2026-08-11 09:58:00,465,465.25,464.39999,465.054993,41786
2026-08-11 09:57:00,465.32001,465.88989,464.71759,465.000091553,55645
2026-08-11 09:56:00,464.31500,465.41,464,465.32001,60795
2026-08-11 09:55:00,464,464.67990,463.51999,464.34000,63326
2026-08-11 09:54:00,464.78000,465.14001,463.58,463.93500,82589
2026-08-11 09:53:00,465.22501,465.73999,464.085907,464.78000,50088
2026-08-11 09:52:00,465.18509,465.42001,464.16000,465.17001,55450
2026-08-11 09:51:00,464.42001,465.17001,464.19000,465.17001,58730
2026-08-11 09:50:00,464.82999,465.29001,464.32001,464.45999,62731
2026-08-11 09:49:00,464.75500,465.54001,464.49149,464.91501,65590
2026-08-11 09:48:00,464.36499,465.45001,464.34000,464.76999,84122
2026-08-11 09:47:00,464.28000,464.61990,463.25009,464.33139,69926
2026-08-11 09:46:00,464.60001,465,463.20999,464.46991,126545
2026-08-11 09:45:00,465.76501,465.92990,464.60010,464.73999,78359
2026-08-11 09:44:00,466.41501,466.45999,465.040009,465.85999,72062
2026-08-11 09:43:00,465.70999,466.78000,465.70999,466.41501,63100
2026-08-11 09:42:00,466.12000,466.46,465.35501,465.82999,58010
2026-08-11 09:41:00,466.16000,466.53000,465.39011,466.12000,66736
2026-08-11 09:40:00,464.39001,467.20999,464.39,466.18900,109096
2026-08-11 09:39:00,465.29001,465.38190,463.81030,464.51001,80289
2026-08-11 09:38:00,465.39999,465.76370,464.010101,465.33640,86746
2026-08-11 09:37:00,465.53500,466.24,464.69919,465.29001,84681
2026-08-11 09:36:00,464.39999,465.93469,463.85999,465.28000,118031
2026-08-11 09:35:00,465.81000,466,464.41000,464.5,101098
2026-08-11 09:34:00,464.77170,466.23999,464.4,465.90500,120928
2026-08-11 09:33:00,466.99640,467,464.48059,464.67499,194968
2026-08-11 09:32:00,468.56500,469.42999,466.20001,466.20999,117392
2026-08-11 09:31:00,466.5,469.23001,466.029999,469.13260,148771
2026-08-11 09:30:00,474.73999,474.98999,466.04,466.56000,858918
2026-08-10 15:59:00,470.49500,470.53,469.32001,469.35001,726081
2026-08-10 15:58:00,470.39999,470.65,470.10999,470.48499,271237
2026-08-10 15:57:00,471.040009,471.13000,470.089996,470.39999,276520
2026-08-10 15:56:00,471.39999,471.43,470.89999,471.054993,187936
2026-08-10 15:55:00,472.010010,472.16000,471.089996,471.33499,185066
2026-08-10 15:54:00,472.92999,473.010010,471.89999,471.95001,125630
2026-08-10 15:53:00,472.60001,473.32501,472.335,473.049988,115193
2026-08-10 15:52:00,472.82001,472.95001,472.42999,472.67001,78587
2026-08-10 15:51:00,473.14001,473.32550,472.75,472.81500,90949
2026-08-10 15:50:00,474.37000,474.37000,473.22000,473.22000,100080
2026-08-10 15:49:00,473.62000,474.54999,473.6,474.48999,65298
2026-08-10 15:48:00,473.82001,473.89001,473.54999,473.59000,27316
2026-08-10 15:47:00,473.45001,473.89,473.365,473.75500,42511
2026-08-10 15:46:00,473.50500,473.89890,473.38000,473.40500,79891
2026-08-10 15:45:00,473.95499,474,473.40009,473.48001,55298
2026-08-10 15:44:00,474.049988,474.29001,473.90009,473.98999,34619
2026-08-10 15:43:00,473.92999,474.12000,473.73999,473.97501,33932
2026-08-10 15:42:00,473.73889,474,473.73889,473.86499,25341
2026-08-10 15:41:00,473.75,473.88501,473.64999,473.78000,53608
2026-08-10 15:40:00,474.26999,474.45001,473.79999,473.81000,82984
2026-08-10 15:39:00,474.60999,474.64001,474.24359,474.26999,42625
2026-08-10 15:38:00,474.57001,474.79001,474.39999,474.5,29959
2026-08-10 15:37:00,474.58499,474.67001,474.47,474.5,21763
2026-08-10 15:36:00,474.60001,474.75,474.48999,474.55499,25209
2026-08-10 15:35:00,474.73999,474.89999,474.39,474.60001,51974
2026-08-10 15:34:00,474.92999,474.98001,474.67999,474.67999,32990
2026-08-10 15:33:00,475.34000,475.35999,474.76001,474.94501,38951
2026-08-10 15:32:00,475.10501,475.45001,475.07,475.25851,24140
2026-08-10 15:31:00,475.38000,475.41000,475.029999,475.10818,35143
2026-08-10 15:30:00,475.64499,475.79001,475.10999,475.43500,64899
2026-08-10 15:29:00,476.049988,476.10001,475.59271,475.64001,22288
2026-08-10 15:28:00,475.73999,476.32999,475.73999,476.10001,46146
2026-08-10 15:27:00,475.77499,475.79999,475.46500,475.68500,23764
2026-08-10 15:26:00,475.20499,475.86789,475.17,475.85999,26627
2026-08-10 15:25:00,475.35999,475.64001,475.17,475.20999,31768
2026-08-10 15:24:00,475.26880,475.47,475.17010,475.39999,25354
2026-08-10 15:23:00,475.049988,475.41000,475.040009,475.34000,70991
2026-08-10 15:22:00,475.17001,475.35001,475.040009,475.12000,24522
2026-08-10 15:21:00,475.22000,475.35001,475.14,475.23999,22626
2026-08-10 15:20:00,475.27499,475.38000,475.12000,475.18500,26086
2026-08-10 15:19:00,475.23001,475.39700,475.10049,475.31000,16811
2026-08-10 15:18:00,475.17999,475.42999,475.10001,475.25,23854
2026-08-10 15:17:00,474.85001,475.25,474.85001,475.14001,18719
2026-08-10 15:16:00,474.85001,475.25821,474.75,474.92999,22577
2026-08-10 15:15:00,475.089996,475.27890,474.88,474.89999,28210
2026-08-10 15:14:00,475.33499,475.39001,475.059998,475.059998,20525
2026-08-10 15:13:00,475.54361,475.60999,475.25,475.34000,25094
2026-08-10 15:12:00,475.64999,475.74,475.47000,475.57999,20163
2026-08-10 15:11:00,475.58499,475.68640,475.48911,475.57321,13654
2026-08-10 15:10:00,475.48001,475.705,475.39001,475.53000,22774
2026-08-10 15:09:00,475.42001,475.42999,475.2,475.42999,31370
2026-08-10 15:08:00,475.31000,475.46991,475.25,475.42001,24714
2026-08-10 15:07:00,475.45999,475.54990,475.20999,475.36499,23537
2026-08-10 15:06:00,475.60999,476.077606,475.40100,475.53000,23979
2026-08-10 15:05:00,475.75,475.89999,475.60999,475.60999,17295
2026-08-10 15:04:00,475.88000,475.95999,475.70001,475.79999,34874
2026-08-10 15:03:00,476.029999,476.1,475.82999,475.87000,14961
2026-08-10 15:02:00,476.35501,476.5,476.029999,476.029999,20682
2026-08-10 15:01:00,476.11499,476.60001,476.010101,476.44000,25818
2026-08-10 15:00:00,475.66000,476.26999,475.54001,476.035004,45793
2026-08-10 14:59:00,475.39999,475.91,475.34949,475.66000,49498
2026-08-10 14:58:00,475.50751,475.63000,475.32001,475.48999,18259
2026-08-10 14:57:00,475.29501,475.54999,475.20999,475.51999,19200
2026-08-10 14:56:00,474.98001,475.35001,474.92999,475.26999,15641
2026-08-10 14:55:00,475.17999,475.23,474.89999,474.95999,26221
2026-08-10 14:54:00,475.29501,475.29501,475.12000,475.19000,12765
2026-08-10 14:53:00,475.23999,475.39999,475.17999,475.28000,15786
2026-08-10 14:52:00,475.18649,475.25,475.10999,475.19000,8106
2026-08-10 14:51:00,475.35001,475.42,475.049988,475.059998,17139
2026-08-10 14:50:00,475.19000,475.39999,475.0036011,475.20999,22246
2026-08-10 14:49:00,475.40210,475.40210,475.000091553,475.17001,21747
2026-08-10 14:48:00,475.70499,475.79990,475.20499,475.20499,23433
2026-08-10 14:47:00,475.79001,475.91000,475.60001,475.73001,31906
2026-08-10 14:46:00,475.97501,475.99850,475.70499,475.84000,18204
2026-08-10 14:45:00,475.67010,475.98999,475.56000,475.97501,27553
2026-08-10 14:44:00,475.62000,475.81000,475.57849,475.71500,17489
2026-08-10 14:43:00,475.68500,475.78000,475.51999,475.62000,14811
2026-08-10 14:42:00,475.67999,475.76990,475.47009,475.69000,22794
2026-08-10 14:41:00,475.26501,475.69000,475.15381,475.60999,12390
2026-08-10 14:40:00,475.53000,475.53,475.23001,475.26501,20131
2026-08-10 14:39:00,475.45999,475.57001,475.31000,475.54999,8981
2026-08-10 14:38:00,475.41000,475.54001,475.31009,475.38699,16359
2026-08-10 14:37:00,475.51999,475.51999,475.32001,475.41501,18544
2026-08-10 14:36:00,475.95499,475.98,475.5,475.54999,29966
2026-08-10 14:35:00,476.13000,476.29001,475.81009,475.95999,22676
2026-08-10 14:34:00,476.065002,476.17001,476,476.16339,13212
2026-08-10 14:33:00,476.10999,476.17001,475.84000,476.095001,26176
2026-08-10 14:32:00,476.17499,476.24991,475.90009,476.17999,19935
2026-08-10 14:31:00,475.47000,476.25,475.47000,476.17999,35959
2026-08-10 14:30:00,475.17499,475.56000,475,475.47000,24401
2026-08-10 14:29:00,475.20999,475.3,475.1,475.16000,15150
2026-08-10 14:28:00,475.089996,475.30499,475.089996,475.24500,7603
2026-08-10 14:27:00,475.29501,475.35999,475.12000,475.13000,12784
2026-08-10 14:26:00,475.63849,475.68991,475.18011,475.27499,13258
2026-08-10 14:25:00,475.37000,475.64999,475.25009,475.54459,16525
2026-08-10 14:24:00,475.20001,475.66000,475.20001,475.39001,35625
2026-08-10 14:23:00,475.25,475.47931,475.22,475.29001,8302
2026-08-10 14:22:00,475.10001,475.39001,474.98499,475.25500,21681
2026-08-10 14:21:00,475.13000,475.16000,475,475.10001,10169
2026-08-10 14:20:00,475.23999,475.34000,474.89999,475.029999,18099
2026-08-10 14:19:00,475.28009,475.29001,475.10999,475.23499,12728
2026-08-10 14:18:00,475.54999,475.56000,475.29001,475.29001,21281
2026-08-10 14:17:00,475.35999,475.60999,475.35999,475.60989,14832
2026-08-10 14:16:00,475.47501,475.53989,475.31,475.39999,12414
2026-08-10 14:15:00,475.5,475.69989,475.39001,475.44000,14749
2026-08-10 14:14:00,475.51001,475.63000,475.44009,475.51501,7875
2026-08-10 14:13:00,475.81000,475.81000,475.39999,475.64001,13289
2026-08-10 14:12:00,476.054993,476.14999,475.78430,475.82501,19855
2026-08-10 14:11:00,475.85001,476.29001,475.69009,476.054993,39482
2026-08-10 14:10:00,475.50250,476.049896,475.42001,475.97769,55203
2026-08-10 14:09:00,475.49500,475.59000,475.42001,475.50500,22588
2026-08-10 14:08:00,475.10999,475.55991,475.10999,475.5,21091
2026-08-10 14:07:00,475.16501,475.335,475.10641,475.20001,11599
2026-08-10 14:06:00,475.16000,475.28500,474.98999,475.18500,10275
2026-08-10 14:05:00,475.19000,475.31000,475.054993,475.23999,13703
2026-08-10 14:04:00,475.32501,475.32501,475.14001,475.16000,8649
2026-08-10 14:03:00,475.095001,475.39999,475,475.15009,23670
2026-08-10 14:02:00,474.82010,475.26990,474.82010,475.010010,15002
2026-08-10 14:01:00,475.18500,475.27881,474.81000,474.91000,22886
2026-08-10 14:00:00,475.48001,475.82019,475,475.23999,24352
2026-08-10 13:59:00,475.47000,475.57999,475.25,475.53000,26482
2026-08-10 13:58:00,475.35999,475.69,475.35001,475.52249,24453
2026-08-10 13:57:00,475.25,475.39999,475.18,475.35001,14300
2026-08-10 13:56:00,474.98001,475.25,474.91000,475.20999,16726
2026-08-10 13:55:00,475.095001,475.39001,474.92001,475.015015,20321
2026-08-10 13:54:00,474.97131,475.10001,474.94501,475.095001,37135
2026-08-10 13:53:00,475.049988,475.23999,474.87,475.015015,13829
2026-08-10 13:52:00,474.91000,475.10999,474.89999,475.095001,11333
2026-08-10 13:51:00,474.75009,474.905,474.63000,474.82501,13794
2026-08-10 13:50:00,474.72000,474.98001,474.69000,474.75,16389
2026-08-10 13:49:00,474.73499,474.81311,474.62000,474.75500,11547
2026-08-10 13:48:00,474.73999,474.82001,474.62000,474.79999,10237
2026-08-10 13:47:00,474.79999,474.84000,474.51,474.72000,20098
2026-08-10 13:46:00,474.81000,475.005,474.73999,474.83499,20649
2026-08-10 13:45:00,474.60999,474.85001,474.60999,474.80499,9830
2026-08-10 13:44:00,474.58499,474.86499,474.44,474.67999,13887
2026-08-10 13:43:00,474.51001,474.64999,474.45999,474.54001,16454
2026-08-10 13:42:00,474.79001,474.99991,474.59,474.60001,14508
2026-08-10 13:41:00,474.81000,474.85999,474.62000,474.79001,11115
2026-08-10 13:40:00,474.51001,474.94989,474.44,474.79501,23398
2026-08-10 13:39:00,474.72000,474.89001,474.59000,474.71500,20761
2026-08-10 13:38:00,474.53000,474.71909,474.5,474.70999,13615
2026-08-10 13:37:00,475.12000,475.18,474.48999,474.57849,35571
2026-08-10 13:36:00,475.23499,475.35001,475.16,475.26001,8749
2026-08-10 13:35:00,475.23499,475.39999,475,475.19501,30106
2026-08-10 13:34:00,475.17999,475.37,475.14999,475.23001,12575
2026-08-10 13:33:00,475.25,475.37631,475.070099,475.19000,12807
2026-08-10 13:32:00,475.22000,475.45001,475.22000,475.28000,9972
2026-08-10 13:31:00,475.29001,475.42001,475.20999,475.34000,10102
2026-08-10 13:30:00,475.095001,475.35001,474.98749,475.20001,27808
2026-08-10 13:29:00,474.79501,475.16989,474.72009,475.10001,26807
2026-08-10 13:28:00,475.10999,475.10999,474.62000,474.64081,39725
2026-08-10 13:27:00,475.23499,475.32001,475.049988,475.049988,9993
2026-08-10 13:26:00,475.13000,475.34991,475,475.14999,18286
2026-08-10 13:25:00,475.34891,475.46201,475.070007,475.070007,12175
2026-08-10 13:24:00,475.61499,475.61499,475.20001,475.34000,15169
2026-08-10 13:23:00,475.37000,475.67999,475.32001,475.60999,13694
2026-08-10 13:22:00,475.52499,475.56421,475.39999,475.42001,16450
2026-08-10 13:21:00,475.48001,475.70981,475.455,475.57001,13672
2026-08-10 13:20:00,475.60001,476.015,475.57001,475.60001,24657
2026-08-10 13:19:00,475.40500,475.53989,475.26,475.53000,23614
2026-08-10 13:18:00,475.88000,475.88000,475.26001,475.41000,21433
2026-08-10 13:17:00,476.17001,476.23499,475.87000,475.97000,14385
2026-08-10 13:16:00,476.010010,476.34991,476,476.17001,15962
2026-08-10 13:15:00,475.92499,476.15,475.82001,476.010803,17939
2026-08-10 13:14:00,475.98001,476.069489,475.85001,475.85001,8980
2026-08-10 13:13:00,476.10001,476.13501,475.89999,475.97000,14944
2026-08-10 13:12:00,475.98001,476.29990,475.93,476.11990,11375
2026-08-10 13:11:00,476.17001,476.28500,475.89011,476.16000,19214
2026-08-10 13:10:00,476.39999,476.60001,476.11609,476.26999,29212
2026-08-10 13:09:00,476.19879,476.42990,476.10501,476.24719,16326
2026-08-10 13:08:00,475.91501,476.27969,475.90750,476.17999,19656
2026-08-10 13:07:00,475.57001,476.20001,475.45999,475.75,27998
2026-08-10 13:06:00,475.60001,475.67001,475.45999,475.56500,24004
2026-08-10 13:05:00,475.51501,475.75,475.42999,475.59000,30415
2026-08-10 13:04:00,475.25,475.69000,475.17999,475.51501,25360
2026-08-10 13:03:00,475.45010,475.69000,475.175,475.31000,14964
2026-08-10 13:02:00,475.50500,475.70001,475.49,475.52499,15637
2026-08-10 13:01:00,475.5,475.81000,475.5,475.56000,27231
2026-08-10 13:00:00,475.28680,475.60611,475.15009,475.51001,14012
2026-08-10 12:59:00,474.98999,475.44000,474.98001,475.34500,15964
2026-08-10 12:58:00,475.23999,475.31,474.92499,474.92999,19588
2026-08-10 12:57:00,475.38501,475.58,475.18201,475.19501,19539
2026-08-10 12:56:00,475.14999,475.57501,475.14999,475.35049,25406
2026-08-10 12:55:00,475,475.64999,474.94000,475.22000,28502
2026-08-10 12:54:00,474.63000,474.83,474.51999,474.78000,18438
2026-08-10 12:53:00,474.82999,474.84000,474.5,474.56500,19041
2026-08-10 12:52:00,474.73099,474.88000,474.51999,474.88000,20231
2026-08-10 12:51:00,474.94501,475,474.60001,474.67499,17735
2026-08-10 12:50:00,475.45999,475.56989,474.85999,474.94501,35075
2026-08-10 12:49:00,475.42999,475.52551,475.059998,475.45999,35477
2026-08-10 12:48:00,475.42001,475.69989,475.19000,475.45001,29041
2026-08-10 12:47:00,475.17999,475.52991,475.17499,475.51501,21433
2026-08-10 12:46:00,474.79999,475.41000,474.73,475.26990,29195
2026-08-10 12:45:00,474.72000,475.032715,474.60001,474.80011,31949
2026-08-10 12:44:00,474.64999,474.80869,474.48001,474.67999,38267
2026-08-10 12:43:00,474.95810,475.059998,474.53000,474.63510,26789
2026-08-10 12:42:00,475.049988,475.42001,474.79999,474.82010,30688
2026-08-10 12:41:00,475.92999,476,475.049988,475.18799,28870
2026-08-10 12:40:00,475.85001,476.06,475.72000,476.035004,18758
2026-08-10 12:39:00,475.84000,476,475.56000,475.69370,16984
2026-08-10 12:38:00,475.84000,476,475.5,476,32572
2026-08-10 12:37:00,475.76999,475.95920,475.5,475.87991,25897
2026-08-10 12:36:00,476.019989,476.35001,475.65,475.92001,33768
2026-08-10 12:35:00,475.76501,476.037994,475.5,476.015015,20273
2026-08-10 12:34:00,475.88501,476.19000,475.59000,475.70001,24066
2026-08-10 12:33:00,475.63000,475.97900,475.355,475.93439,18157
2026-08-10 12:32:00,475.13000,476.10001,474.5,475.82001,81716
2026-08-10 12:31:00,476.38571,476.79010,474.88000,474.98001,120230
2026-08-10 12:30:00,476.34000,476.49039,476.14999,476.29001,14807
2026-08-10 12:29:00,476.54999,476.78989,476.32999,476.32999,21668
2026-08-10 12:28:00,476.73999,476.73999,476.54999,476.61301,16254
2026-08-10 12:27:00,477.19000,477.19000,476.67001,476.70001,15801
2026-08-10 12:26:00,477.59000,477.59000,477.055,477.19989,14311
2026-08-10 12:25:00,477.64999,477.76001,477.25009,477.45001,18544
2026-08-10 12:24:00,477.63501,477.67999,477.19000,477.63501,14329
2026-08-10 12:23:00,477.27499,477.68,477.27499,477.625,24118
2026-08-10 12:22:00,477.040009,477.43,476.83011,477.30499,17300
2026-08-10 12:21:00,477.20999,477.45001,477,477.029999,18957
2026-08-10 12:20:00,476.74500,477.51340,476.74500,477.32001,29841
2026-08-10 12:19:00,477.14999,477.23001,476.66000,476.75500,16935
2026-08-10 12:18:00,477.089996,477.51001,477,477.17999,28350
2026-08-10 12:17:00,477.39999,477.45999,477.13000,477.20999,12157
2026-08-10 12:16:00,476.73001,477.42990,476.73001,477.29001,20967
2026-08-10 12:15:00,476.63989,477.17999,476.45999,476.73499,24128
2026-08-10 12:14:00,476.76999,476.82040,476.51300,476.64529,14625
2026-08-10 12:13:00,476.55499,476.91000,476.33380,476.62000,17253
2026-08-10 12:12:00,476.44000,476.77991,476.20001,476.67001,22713
2026-08-10 12:11:00,476.49500,476.89999,476.35,476.48001,17861
2026-08-10 12:10:00,477,477,476.42001,476.55240,18397
2026-08-10 12:09:00,477.029999,477.20850,476.63010,476.85501,18522
2026-08-10 12:08:00,477.23999,477.51999,477.030090,477.25751,15066
2026-08-10 12:07:00,477.48010,477.64990,477.29999,477.33499,21691
2026-08-10 12:06:00,478.049988,478.33099,477.34991,477.71991,23321
2026-08-10 12:05:00,478.070007,478.41000,477.85010,478.19501,14325
2026-08-10 12:04:00,478.13000,478.13000,477.63,478.049988,22607
2026-08-10 12:03:00,478.60010,478.70001,478.12000,478.29999,21262
2026-08-10 12:02:00,478.65500,478.89371,478.46011,478.60001,21714
2026-08-10 12:01:00,478.76999,478.79999,478.37000,478.67499,14015
2026-08-10 12:00:00,478.34000,478.83990,477.99,478.72000,31999
2026-08-10 11:59:00,478.42999,478.68991,478.28000,478.34000,17299
2026-08-10 11:58:00,478.99390,479.11,478.43149,478.51001,21295
2026-08-10 11:57:00,479.17999,479.5,478.97,479.065002,23507
2026-08-10 11:56:00,478.98499,479.20001,478.81000,479.10001,27267
2026-08-10 11:55:00,479.39999,479.45990,478.89999,478.98001,22089
2026-08-10 11:54:00,478.97000,479.44000,478.67010,479.39499,50153
2026-08-10 11:53:00,478.48001,478.97000,478.48001,478.78000,34486
2026-08-10 11:52:00,478.42499,478.56500,478.25,478.48001,26760
2026-08-10 11:51:00,478.13501,478.45999,477.85001,478.44659,17573
2026-08-10 11:50:00,477.79999,478.30991,477.65,478.20999,21167
2026-08-10 11:49:00,477.60501,477.85999,477.31000,477.72501,16094
2026-08-10 11:48:00,478.19000,478.51,477.53000,477.64001,38674
2026-08-10 11:47:00,478.28000,478.68839,478.021606,478.079987,17225
2026-08-10 11:46:00,478.68500,478.73999,478.16000,478.39789,20777
2026-08-10 11:45:00,478.10999,478.87991,477.99011,478.68500,44006
2026-08-10 11:44:00,477.5,478.28,477.22000,478.15591,37791
2026-08-10 11:43:00,476.76501,477.45,476.39011,477.44641,35073
2026-08-10 11:42:00,476.92999,477.14951,476.70001,476.70001,26184
2026-08-10 11:41:00,476.78500,476.92,476.53000,476.85999,23535
2026-08-10 11:40:00,476.070007,476.95560,475.695,476.62659,38322
2026-08-10 11:39:00,475.85501,476.51501,475.79001,476.18500,35210
2026-08-10 11:38:00,475.53000,475.91,475.16000,475.81000,84399
2026-08-10 11:37:00,475.53000,475.57001,475.35999,475.52499,13444
2026-08-10 11:36:00,475.62000,475.81,475.4,475.42001,18370
2026-08-10 11:35:00,475.32999,476,475.175,475.625,29427
2026-08-10 11:34:00,475.45691,475.5,475.20999,475.5,11186
2026-08-10 11:33:00,475.065613,475.54001,475.010010,475.5,29129
2026-08-10 11:32:00,475.54630,475.54630,474.965,475.26749,81329
2026-08-10 11:31:00,475.69000,475.69000,475.26001,475.59500,28258
2026-08-10 11:30:00,475.67999,476.14001,475.63062,475.73499,17178
2026-08-10 11:29:00,476.48999,476.54001,475.79999,475.84500,24369
2026-08-10 11:28:00,476.41650,476.50989,476.13000,476.37000,23363
2026-08-10 11:27:00,476,476.84000,475.72,476.41000,30570
2026-08-10 11:26:00,475.76999,476.089996,475.66000,475.79001,18655
2026-08-10 11:25:00,476.29999,476.50839,475.70999,475.94000,26003
2026-08-10 11:24:00,476.070007,476.38000,475.62100,476.20999,23432
2026-08-10 11:23:00,475.67999,476.35501,475.29999,476.12000,37077
2026-08-10 11:22:00,475.81000,476,475.5,475.69510,33732
2026-08-10 11:21:00,476.32999,476.32999,475.64999,475.75,28949
2026-08-10 11:20:00,476.70001,476.95401,476.19000,476.19000,16736
2026-08-10 11:19:00,476.32999,477.08,476.26,476.63599,19072
2026-08-10 11:18:00,476.50400,476.67001,476.25,476.38629,19097
2026-08-10 11:17:00,476.20999,476.74,476.20999,476.56000,17697
2026-08-10 11:16:00,477.25,477.41000,476.20999,476.31131,23007
2026-08-10 11:15:00,476.23120,477.32,476.13000,477.25500,21152
2026-08-10 11:14:00,476.35999,476.85001,476,476.20001,20283
2026-08-10 11:13:00,475.56000,476.55151,475.48001,476.39001,27113
2026-08-10 11:12:00,476.19000,476.66870,475.48001,475.53009,54777
2026-08-10 11:11:00,476.95691,477.27499,476,476.17999,29130
2026-08-10 11:10:00,476.37000,477.06,476.13101,476.95999,24329
2026-08-10 11:09:00,477.10001,477.5,476.4,476.54999,49852
2026-08-10 11:08:00,478.10410,478.67999,477.26999,477.26999,33186
2026-08-10 11:07:00,477.42001,478.57001,477.42,478.015015,25637
2026-08-10 11:06:00,477.57001,478.17001,477.25980,477.375,30604
2026-08-10 11:05:00,477.42999,477.8,477.10001,477.54999,26747
2026-08-10 11:04:00,476.89001,477.89001,476.76999,477.37000,56100
2026-08-10 11:03:00,477.0079956,477.48761,476.37000,476.76999,25894
2026-08-10 11:02:00,477.38501,477.57999,476.54001,477.079987,26238
2026-08-10 11:01:00,475.67999,477.48499,475.62000,477.41501,40660
2026-08-10 11:00:00,476.010010,476.70001,475.54999,475.68011,45942
2026-08-10 10:59:00,476.16000,476.89990,475.83191,475.83191,27023
2026-08-10 10:58:00,476.85999,477.0090027,476,476.26001,27743
2026-08-10 10:57:00,476.5,476.90991,475.98001,476.82901,26669
2026-08-10 10:56:00,476.054993,477,475.68011,476.42999,44562
2026-08-10 10:55:00,476.12000,476.36389,475.64999,475.95499,58039
2026-08-10 10:54:00,476.48001,476.70499,476,476.31870,67615
2026-08-10 10:53:00,477.13501,477.48990,476.39999,476.39999,43371
2026-08-10 10:52:00,477.23001,477.49991,476.67999,477.11499,32180
2026-08-10 10:51:00,477.98001,478.089996,477.040985,477.17001,36278
2026-08-10 10:50:00,477.56500,478.20990,477.56500,478,24362
2026-08-10 10:49:00,477.54999,477.86499,477.16000,477.39999,26690
2026-08-10 10:48:00,477.70999,478.17999,477.29999,477.46500,49542
2026-08-10 10:47:00,477.79999,478.049988,477.20001,477.77991,41092
2026-08-10 10:46:00,478.32571,478.32571,477.60001,477.97501,27165
2026-08-10 10:45:00,477.73001,478.48999,477.41000,478.39761,32464
2026-08-10 10:44:00,478.12579,478.35989,477.39001,477.76001,41694
2026-08-10 10:43:00,479.37900,479.38989,478.010010,478.27039,26422
2026-08-10 10:42:00,478.375,479.39529,478.22000,479.20001,41215
2026-08-10 10:41:00,478.17999,478.64020,477.81000,478.37000,30109
2026-08-10 10:40:00,478.27271,478.5,477.64,477.92499,38004
2026-08-10 10:39:00,479.17999,479.30499,478.14999,478.14999,45444
2026-08-10 10:38:00,481,481.17999,479.030090,479.26971,65922
2026-08-10 10:37:00,481.13000,481.76001,480.95999,481.10001,45020
2026-08-10 10:36:00,479.26501,481.53711,479.15750,481.46991,100321
2026-08-10 10:35:00,477.79999,479.5,477.79999,479.31860,48443
2026-08-10 10:34:00,477.59000,478.16000,476.95001,477.78000,50284
2026-08-10 10:33:00,477.98001,478.265,477.65009,477.92999,69415
2026-08-10 10:32:00,477.56000,477.81039,477.10999,477.81039,40230
2026-08-10 10:31:00,476.42041,477.59,476.42041,477.48309,60544
2026-08-10 10:30:00,476.20499,476.72501,475.88000,476.13010,64462
2026-08-10 10:29:00,476.45230,476.99991,476.080109,476.31000,33916
2026-08-10 10:28:00,475.91010,476.53989,475.25,476.37000,48661
2026-08-10 10:27:00,476.92999,477.19989,475.64999,475.83011,58262
2026-08-10 10:26:00,477.059998,477.54001,476.5,476.59000,41645
2026-08-10 10:25:00,477.20300,477.22549,476,477.19989,75471
2026-08-10 10:24:00,477.65500,477.79999,476.60001,477,74127
2026-08-10 10:23:00,478.92001,478.92999,477.35010,477.67999,54104
2026-08-10 10:22:00,478.45001,479.33499,478,478.88309,48338
2026-08-10 10:21:00,479.26999,479.40991,478.29001,478.53500,47833
2026-08-10 10:20:00,478.70999,479.41000,478.35001,479.26999,70156
2026-08-10 10:19:00,480.11581,480.17001,478.64,478.70499,67905
2026-08-10 10:18:00,480.85999,481.34000,479.82001,479.98001,60151
2026-08-10 10:17:00,481.35480,481.35480,480.5,480.92499,45983
2026-08-10 10:16:00,480.47000,481.36050,479.79001,481.31000,58752
2026-08-10 10:15:00,480.43130,481.27969,479.67001,480.36499,106286
2026-08-10 10:14:00,481.14499,481.14499,480.42001,480.42999,41057
2026-08-10 10:13:00,482.71991,482.75,481,481.010010,88014
2026-08-10 10:12:00,482.76001,483.31531,482.20001,482.39001,75081
2026-08-10 10:11:00,482.80640,483.35999,482.11011,482.59311,89104
2026-08-10 10:10:00,482.79001,482.98990,482.11011,482.67929,103452
2026-08-10 10:09:00,481.44000,482.81000,480.67001,482.5,102567
2026-08-10 10:08:00,482.20999,482.5,481.060089,481.69000,103358
2026-08-10 10:07:00,480.84000,482.26999,480.45,482.19000,115010
2026-08-10 10:06:00,478.48499,480.98001,478.48499,480.75,169776
2026-08-10 10:05:00,476.81000,478.65329,476.60150,478.48499,102528
2026-08-10 10:04:00,475.69501,477.099915,474.97000,476.85001,105991
2026-08-10 10:03:00,475.60501,476.17001,475.41000,475.64001,50444
2026-08-10 10:02:00,477.036713,477.5,475.41870,475.60999,77878
2026-08-10 10:01:00,475.82999,477.28000,475.82001,477.25,81759
2026-08-10 10:00:00,476.10999,476.89001,475.089996,475.85501,86893
2026-08-10 09:59:00,475.41000,476.62000,475,476.28000,64928
2026-08-10 09:58:00,475.058990,476.35001,475.058990,475.39999,44056
2026-08-10 09:57:00,474.95001,475.89001,474.75,475.32001,62189
2026-08-10 09:56:00,474.72501,475,474.13000,474.87589,60090
2026-08-10 09:55:00,475.61011,477.12430,474.41000,474.72501,86399
2026-08-10 09:54:00,476.14999,477.66000,475.66000,475.73999,60796
2026-08-10 09:53:00,478.26501,478.49991,475.62000,476.39999,77462
2026-08-10 09:52:00,479.29001,479.63501,477.125,478.26501,82294
2026-08-10 09:51:00,478.79999,479.89001,478.48999,479.48001,63323
2026-08-10 09:50:00,479.089996,479.89001,478.10080,479.089996,116972
2026-08-10 09:49:00,478.81000,479.79999,478.31000,479.27509,101018
2026-08-10 09:48:00,479.56500,479.75,478.019989,478.98001,77710
2026-08-10 09:47:00,477.28000,479.75,477.10999,479.72000,169376
2026-08-10 09:46:00,476.53000,477.5,476.10001,476.98001,103775
2026-08-10 09:45:00,476.79001,477.87289,475.90060,476.68500,113721
2026-08-10 09:44:00,473.64001,477.10001,473.64001,477.099915,152959
2026-08-10 09:43:00,472.059998,473.57001,472.059998,473.46671,139096
2026-08-10 09:42:00,473.054993,473.74991,471.79999,471.89999,81579
2026-08-10 09:41:00,472.20499,473.26379,471.54999,473.070007,68950
2026-08-10 09:40:00,473.30209,474.010010,471.53000,472.29001,111122
2026-08-10 09:39:00,473.82001,474.5,471.84000,473.53000,103788
2026-08-10 09:38:00,473.56000,474.34000,472.88000,473.82001,125384
2026-08-10 09:37:00,472.14001,473.51611,470.68790,473.23499,155697
2026-08-10 09:36:00,473.89001,474.5,472.39999,472.39999,103435
2026-08-10 09:35:00,471.19000,473.95999,470.99,473.83749,121072
2026-08-10 09:34:00,474.70001,474.70001,470.91000,471.53220,344391
2026-08-10 09:33:00,476.53000,477.88501,474.72,474.84000,107165
2026-08-10 09:32:00,476.72000,477.26999,474.33499,476.29919,129805
2026-08-10 09:31:00,474.98001,477.010010,473.94000,476.72000,154921
2026-08-10 09:30:00,477.42300,477.835,474,474.64001,1251138
2026-08-07 15:59:00,483.14999,483.72000,482.70001,483.48001,527678
2026-08-07 15:58:00,483.23001,483.47000,482.89001,483.16000,307920
2026-08-07 15:57:00,481.73001,483.22,481.715,483.17999,231183
2026-08-07 15:56:00,481.20001,481.85001,480.95001,481.72000,144682
2026-08-07 15:55:00,481.88000,482.35999,481.14,481.27499,198277
2026-08-07 15:54:00,480.81000,482.17999,480.63000,482.0050049,142530
2026-08-07 15:53:00,480.39001,481.14001,480.34000,480.88000,123292
2026-08-07 15:52:00,480.34549,480.56799,480.26999,480.40500,60641
2026-08-07 15:51:00,480.53000,480.60001,480.057587,480.38000,74018
2026-08-07 15:50:00,479.63000,480.72000,479.565,480.57001,112446
2026-08-07 15:49:00,479.98001,480.42001,479.6,479.60999,101908
2026-08-07 15:48:00,479.69000,479.98999,479.51001,479.91501,42508
2026-08-07 15:47:00,479.32501,479.81,479.19009,479.76801,39385
2026-08-07 15:46:00,479.76999,479.89999,479.32,479.32999,33071
2026-08-07 15:45:00,479.17001,480,479.15,479.76999,69493
2026-08-07 15:44:00,479.029999,479.92999,479.029999,479.17010,48668
2026-08-07 15:43:00,478.78000,479.31000,478.70999,479.17001,45152
2026-08-07 15:42:00,478.26001,478.95001,478.26001,478.81000,52558
2026-08-07 15:41:00,478.10999,478.79001,478.070007,478.26999,46083
2026-08-07 15:40:00,479.25,479.25,478.029999,478.13000,69560
2026-08-07 15:39:00,479.60501,479.63681,479.25,479.26001,33874
2026-08-07 15:38:00,479.54999,479.925,479.39999,479.66501,37122
2026-08-07 15:37:00,479.70499,479.85669,479.29999,479.59500,47737
2026-08-07 15:36:00,479.79999,479.84000,479.53000,479.75,21823
2026-08-07 15:35:00,479.51999,479.95001,479.32999,479.85501,38206
2026-08-07 15:34:00,479.85001,479.85001,479.29999,479.47000,32665
2026-08-07 15:33:00,479.69000,480.045,479.54001,479.79001,40628
2026-08-07 15:32:00,479.77319,479.98999,479.57999,479.71500,21638
2026-08-07 15:31:00,479.70999,479.85001,479.41000,479.82001,36506
2026-08-07 15:30:00,481.13000,481.17001,479.60999,479.84000,114407
2026-08-07 15:29:00,480.82001,481.12,480.53000,481.12000,54686
2026-08-07 15:28:00,480.47000,480.93350,480.42010,480.85501,24203
2026-08-07 15:27:00,480.70749,480.70749,480.13000,480.51999,29721
2026-08-07 15:26:00,480.19000,480.73001,480.14001,480.63000,40784
2026-08-07 15:25:00,480.25,480.48990,480.089996,480.31161,23632
2026-08-07 15:24:00,480.91000,481.099915,480.14001,480.21210,36331
2026-08-07 15:23:00,480.77499,481.019989,480.56009,481.0050049,38742
2026-08-07 15:22:00,480.5,480.85120,480.36761,480.78000,33788
2026-08-07 15:21:00,481.17999,481.29999,480.5,480.54001,29894
2026-08-07 15:20:00,480.47000,481.26501,480.4,481.17499,39042
2026-08-07 15:19:00,481.035004,481.12100,480.41000,480.41000,32399
2026-08-07 15:18:00,480.39999,481.14001,480.26181,481.035004,40690
2026-08-07 15:17:00,481.54999,481.64001,480.25009,480.25009,60623
2026-08-07 15:16:00,481.59000,481.73999,481.29999,481.56000,30607
2026-08-07 15:15:00,480.85001,481.75,480.79999,481.625,41380
2026-08-07 15:14:00,481.17499,481.29999,480.64999,480.82999,25973
2026-08-07 15:13:00,481.625,481.75,481.062012,481.16000,31495
2026-08-07 15:12:00,481.27499,481.73990,481.27499,481.625,23118
2026-08-07 15:11:00,481.38000,481.52,481.20999,481.31500,29555
2026-08-07 15:10:00,481.14249,481.47000,481.14,481.38000,29605
2026-08-07 15:09:00,481.45001,481.5,480.92001,481.10999,38182
2026-08-07 15:08:00,481.51501,481.745,481.37399,481.37399,27838
2026-08-07 15:07:00,481.059998,481.63000,481.019989,481.62991,48878
2026-08-07 15:06:00,480.49500,481.14001,480.49500,481.054993,31646
2026-08-07 15:05:00,479.88000,480.65,479.72101,480.64999,29624
2026-08-07 15:04:00,480.22000,480.47,479.79999,479.95999,25207
2026-08-07 15:03:00,480.10001,480.33,480.019989,480.22000,21388
2026-08-07 15:02:00,480.35999,480.57,480.019989,480.10001,42732
2026-08-07 15:01:00,480.29001,480.98001,480.16000,480.35999,57601
2026-08-07 15:00:00,478.78000,480.47000,478.535,480.28250,112258
2026-08-07 14:59:00,478.013306,478.81,478.013306,478.51999,40973
2026-08-07 14:58:00,477.54251,478.25,477.45999,478.084991,39914
2026-08-07 14:57:00,477.26001,477.54001,477.17999,477.53000,36348
2026-08-07 14:56:00,477.63000,477.69501,477.16000,477.23499,40617
2026-08-07 14:55:00,478.14999,478.14999,477.53049,477.66000,43336
2026-08-07 14:54:00,478.44501,478.48001,478.019989,478.089996,30056
2026-08-07 14:53:00,478.48999,478.60001,478.26999,478.45001,22412
2026-08-07 14:52:00,478.94000,478.97,478.20010,478.46500,36377
2026-08-07 14:51:00,478.79001,479.079987,478.64999,478.89999,26529
2026-08-07 14:50:00,478.87000,478.92999,478.6,478.73001,30675
2026-08-07 14:49:00,478.51001,478.96121,478.48999,478.875,28325
2026-08-07 14:48:00,477.82599,478.56000,477.79999,478.49500,42678
2026-08-07 14:47:00,478.040009,478.18991,477.79999,477.89999,67223
2026-08-07 14:46:00,478.36670,478.51999,478.029999,478.070007,39927
2026-08-07 14:45:00,478.28000,478.46500,478.20001,478.31509,41325
2026-08-07 14:44:00,479,479.165,478.29001,478.34000,54954
2026-08-07 14:43:00,479.16501,479.17001,478.75,479.092987,30075
2026-08-07 14:42:00,479.17999,479.35,479,479.23999,21556
2026-08-07 14:41:00,479.20999,479.35001,479.079987,479.20001,13330
2026-08-07 14:40:00,479.38000,479.41989,479.14001,479.20999,19668
2026-08-07 14:39:00,478.97000,479.48999,478.78000,479.41251,31665
2026-08-07 14:38:00,479.45999,479.57159,478.91049,478.91049,28335
2026-08-07 14:37:00,479.23001,479.88501,479.22000,479.54999,39142
2026-08-07 14:36:00,478.92999,479.23999,478.89999,479.10999,38064
2026-08-07 14:35:00,479.40500,479.67999,478.91000,478.91000,52532
2026-08-07 14:34:00,480.32001,480.46,479.31680,479.39499,39865
2026-08-07 14:33:00,480.20001,480.34940,479.88000,480.26501,23942
2026-08-07 14:32:00,480.075012,480.24,479.845,480.050110,29056
2026-08-07 14:31:00,479.22501,480.34991,479.13000,480.12000,47822
2026-08-07 14:30:00,479.13110,479.48990,478.92001,479.29440,24443
2026-08-07 14:29:00,479.76999,479.82990,478.91519,479.10501,53777
2026-08-07 14:28:00,480.22000,480.22000,479.60010,479.60010,46911
2026-08-07 14:27:00,480.17499,480.60999,480.089996,480.20010,30322
2026-08-07 14:26:00,480.54129,480.54129,480.079987,480.079987,23337
2026-08-07 14:25:00,480.76999,480.92001,480.40009,480.42001,27163
2026-08-07 14:24:00,481.51001,481.51001,480.75,480.88501,23969
2026-08-07 14:23:00,481.84500,481.89990,481.42001,481.49500,26691
2026-08-07 14:22:00,481.73999,481.97119,481.625,481.84500,20277
2026-08-07 14:21:00,481.95621,482.059998,481.785,481.79501,15929
2026-08-07 14:20:00,481.64499,482.079987,481.63501,481.98001,23506
2026-08-07 14:19:00,482.024994,482.024994,481.56000,481.64999,15886
2026-08-07 14:18:00,481.67499,482.22650,481.67499,482.035004,45041
2026-08-07 14:17:00,481.60489,481.67899,481.32999,481.62000,18559
2026-08-07 14:16:00,481.59000,481.63971,481.24280,481.53000,18195
2026-08-07 14:15:00,481.38000,481.90900,481.19,481.60001,24680
2026-08-07 14:14:00,481.44000,481.54459,481.22000,481.41000,21566
2026-08-07 14:13:00,481.57001,481.64001,481.14,481.39999,40116
2026-08-07 14:12:00,481.78000,481.78000,481.20999,481.59000,21065
2026-08-07 14:11:00,481.85001,482.12201,481.775,481.78000,19042
2026-08-07 14:10:00,481.90729,482.32001,481.81329,481.90500,38317
2026-08-07 14:09:00,481.85999,481.88501,481.59000,481.84000,23147
2026-08-07 14:08:00,481.69000,482,481.35999,481.85999,38034
2026-08-07 14:07:00,480.89999,481.77991,480.82,481.50159,26846
2026-08-07 14:06:00,480.78500,481.019012,480.72000,480.86099,17532
2026-08-07 14:05:00,480.94000,480.98499,480.60010,480.76999,34567
2026-08-07 14:04:00,481.049988,481.20999,480.89999,480.94501,10991
2026-08-07 14:03:00,481.39999,481.4,481.24680,481.34500,8025
2026-08-07 14:02:00,481.53000,481.57001,481.215,481.29001,15512
2026-08-07 14:01:00,480.98999,481.51,480.92001,481.47501,21145
2026-08-07 14:00:00,481.10999,481.22000,480.97940,481.0050049,14260
2026-08-07 13:59:00,481.20001,481.32999,481.038086,481.0625,26351
2026-08-07 13:58:00,481.29990,481.555,481.11499,481.14001,25816
2026-08-07 13:57:00,480.79999,481.26501,480.76999,481.26501,21203
2026-08-07 13:56:00,480.73999,480.98001,480.45999,480.70001,13223
2026-08-07 13:55:00,480.98999,480.98999,480.54999,480.71579,16939
2026-08-07 13:54:00,480.68500,480.98999,480.60999,480.89999,15663
2026-08-07 13:53:00,480.99500,481.010010,480.54999,480.67999,16121
2026-08-07 13:52:00,480.45001,481,480.39999,480.99500,34358
2026-08-07 13:51:00,480.90009,480.90009,480.21341,480.5,22745
2026-08-07 13:50:00,481.040009,481.17001,480.95999,480.95999,12368
2026-08-07 13:49:00,481.26999,481.48999,480.85,481.045013,10964
2026-08-07 13:48:00,480.81009,481.32,480.81009,481.21500,18923
2026-08-07 13:47:00,480.94000,481.13000,480.775,481.054291,19234
2026-08-07 13:46:00,481,481.070007,480.79001,480.95001,20250
2026-08-07 13:45:00,481.19000,481.27991,480.53,481,36637
2026-08-07 13:44:00,480.92999,481.47021,480.26001,481.37000,54382
2026-08-07 13:43:00,479.60999,481.39999,479.47000,480.88000,116897
2026-08-07 13:42:00,479.73499,479.87,479.5,479.64001,29387
2026-08-07 13:41:00,479.79999,480.019989,479.64999,479.64999,33768
2026-08-07 13:40:00,481.070007,481.070007,479.81000,479.98999,55456
2026-08-07 13:39:00,481.019989,481.5,481.01,481.15500,28527
2026-08-07 13:38:00,481.34000,481.34000,480.88040,481.13510,12596
2026-08-07 13:37:00,481.41000,481.45001,481.10019,481.22501,11359
2026-08-07 13:36:00,481.25,481.38000,481.11,481.22000,9774
2026-08-07 13:35:00,481.10001,481.4,480.99500,481.23999,18169
2026-08-07 13:34:00,481.23999,481.39999,480.88010,481.019989,9352
2026-08-07 13:33:00,481.10999,481.38989,480.61011,481.23999,35863
2026-08-07 13:32:00,481.22000,481.40121,481.11011,481.11011,11892
2026-08-07 13:31:00,481.39301,481.45999,481,481.10501,16756
2026-08-07 13:30:00,481.35999,481.63000,481.25,481.35501,15406
2026-08-07 13:29:00,481.22009,481.89001,481.22009,481.44440,18029
2026-08-07 13:28:00,481.10001,481.47989,481,481.47989,14909
2026-08-07 13:27:00,481.059998,481.19919,480.91000,481.14999,16099
2026-08-07 13:26:00,480.97000,481.17279,480.92999,480.97000,19909
2026-08-07 13:25:00,480.73001,481.070007,480.51001,480.98001,28102
2026-08-07 13:24:00,481.64499,481.705,480.73010,480.73010,23095
2026-08-07 13:23:00,481.95001,482.029907,481.54999,481.64001,15028
2026-08-07 13:22:00,481.48999,482.23999,481.48999,481.94501,41305
2026-08-07 13:21:00,481.42999,481.63000,481.32010,481.49500,20116
2026-08-07 13:20:00,481.53500,481.93,481.48001,481.62000,24439
2026-08-07 13:19:00,481.089996,481.59000,481.0032043,481.59000,28612
2026-08-07 13:18:00,480.56500,481.040009,480.56500,480.98001,21655
2026-08-07 13:17:00,480.5,480.65009,480.42999,480.56500,18579
2026-08-07 13:16:00,480.011993,480.92999,479.89999,480.62061,25973
2026-08-07 13:15:00,480.031586,480.26001,479.70001,480.019989,35644
2026-08-07 13:14:00,480.45999,480.64001,480.10001,480.10001,26120
2026-08-07 13:13:00,480.49500,480.51501,480.23001,480.35999,26770
2026-08-07 13:12:00,481.29999,481.38000,480.39999,480.51999,22774
2026-08-07 13:11:00,481.54001,481.59000,481.30981,481.41699,18837
2026-08-07 13:10:00,481.78500,481.895,481.34009,481.51001,25957
2026-08-07 13:09:00,481.88501,481.91000,481.63000,481.83820,20114
2026-08-07 13:08:00,481.64999,482.070007,481.64999,481.99789,37020
2026-08-07 13:07:00,481.64499,481.84000,481.29749,481.76999,31547
2026-08-07 13:06:00,481.089996,481.70999,481.079987,481.64999,36990
2026-08-07 13:05:00,480.64001,481.19000,480.64001,481.19000,14964
2026-08-07 13:04:00,481.12000,481.14,480.66000,480.78500,22048
2026-08-07 13:03:00,480.63000,481.39999,480.60001,481,29539
2026-08-07 13:02:00,480.62000,480.79999,480.45099,480.64499,19447
2026-08-07 13:01:00,480.010010,480.69199,479.985,480.625,28436
2026-08-07 13:00:00,480.91501,481.10001,479.81,479.88000,48449
2026-08-07 12:59:00,480.63501,481.14499,480.5,480.77750,23288
2026-08-07 12:58:00,480.95999,481.029999,480.54999,480.54999,17031
2026-08-07 12:57:00,480.97000,481.22501,480.89999,480.92999,11299
2026-08-07 12:56:00,480.78000,481.5,480.78000,480.95001,21766
2026-08-07 12:55:00,480.38000,481.14001,480.29001,480.76001,25415
2026-08-07 12:54:00,480.69751,480.74991,480.32999,480.37320,33259
2026-08-07 12:53:00,480.95999,480.96,480.42999,480.64999,24513
2026-08-07 12:52:00,481.089996,481.42349,480.95001,481,28753
2026-08-07 12:51:00,481.48499,481.56000,481.029999,481.045013,23701
2026-08-07 12:50:00,481.14780,481.64001,481.045807,481.53000,37544
2026-08-07 12:49:00,480.76999,481.25,480.59000,481.18991,43220
2026-08-07 12:48:00,480.89999,480.97000,480.69159,480.70999,17525
2026-08-07 12:47:00,480.79001,481.029907,480.69431,480.76999,18865
2026-08-07 12:46:00,480.89389,481,480.67001,480.89990,29574
2026-08-07 12:45:00,480.34000,481,480.22000,480.67001,22225
2026-08-07 12:44:00,480.079987,480.39990,479.89999,480.29001,23647
2026-08-07 12:43:00,479.89001,480.039612,479.67999,479.90131,29448
2026-08-07 12:42:00,480.42999,480.53439,479.76001,479.875,33697
2026-08-07 12:41:00,480.73499,480.89001,480.40009,480.50500,42791
2026-08-07 12:40:00,480.41000,481.14999,480.14999,480.73999,30603
2026-08-07 12:39:00,479.67999,480.89990,479.66000,480.57919,51534
2026-08-07 12:38:00,479.97501,479.99,479.57001,479.64001,20381
2026-08-07 12:37:00,480.070007,480.25,479.63000,479.99991,41072
2026-08-07 12:36:00,478.76010,480.39990,478.76010,480.26999,67257
2026-08-07 12:35:00,479,479.079987,478.50009,478.79999,56934
2026-08-07 12:34:00,478.37000,479.20499,478.36,479.00048828,60148
2026-08-07 12:33:00,478,478.5,477.67999,478.39001,49905
2026-08-07 12:32:00,476.29999,478,476.25,477.92999,79443
2026-08-07 12:31:00,476.58499,476.82001,476.059998,476.29999,84490
2026-08-07 12:30:00,478.38251,478.70999,476.5,476.53989,284494
2026-08-07 12:29:00,479.47000,479.68,478.2,478.35501,66446
2026-08-07 12:28:00,479.88000,479.89999,479.059998,479.45001,56268
2026-08-07 12:27:00,479.47000,479.67001,478.79999,479.67001,41388
2026-08-07 12:26:00,480.010010,480.089996,479,479.48999,46685
2026-08-07 12:25:00,480.13000,480.95001,479.59000,480.015015,77533
2026-08-07 12:24:00,480.61499,480.90991,480.20499,480.27499,31532
2026-08-07 12:23:00,481.45999,481.45999,480.42001,480.61499,51134
2026-08-07 12:22:00,481.44000,481.45999,481.019989,481.38000,19767
2026-08-07 12:21:00,482.78000,482.81000,481.26749,481.51501,51472
2026-08-07 12:20:00,482.67999,483.5,482.05,482.85999,70911
2026-08-07 12:19:00,483.13501,483.26999,482.60999,482.67999,39616
2026-08-07 12:18:00,483.76999,483.79279,483.12000,483.13501,30080
2026-08-07 12:17:00,483.75500,483.99991,483.64999,483.92999,22962
2026-08-07 12:16:00,483.64001,484.14990,483.51001,483.73999,33210
2026-08-07 12:15:00,483.25,483.57999,483.10501,483.57999,27428
2026-08-07 12:14:00,483.51001,483.70999,483.25,483.25,29469
2026-08-07 12:13:00,483.67001,484.049988,483.35999,483.38000,43138
2026-08-07 12:12:00,484.17499,484.25562,483.60999,483.83499,24709
2026-08-07 12:11:00,484.29001,484.5,484.15,484.29001,19447
2026-08-07 12:10:00,484.79999,484.89001,484.12000,484.29001,39060
2026-08-07 12:09:00,484.88000,485,484.29449,484.70499,39665
2026-08-07 12:08:00,484.85001,485.34000,484.81000,484.89001,63504
2026-08-07 12:07:00,484.29999,485,484.12759,484.85001,83979
2026-08-07 12:06:00,483.79001,484.29999,483.75,484.22000,31209
2026-08-07 12:05:00,483.64999,484.60001,483.56009,483.74500,54676
2026-08-07 12:04:00,483.375,483.78851,483,483.70001,38255
2026-08-07 12:03:00,483.35999,483.61661,483.07,483.40500,23961
2026-08-07 12:02:00,483.60010,484,483.25,483.35999,52609
2026-08-07 12:01:00,482.99500,483.82001,482.73001,483.82001,36988
2026-08-07 12:00:00,483.37320,483.76999,482.82001,483,40845
2026-08-07 11:59:00,482.88000,483.3,482.75,483.29999,32266
2026-08-07 11:58:00,482.57501,482.99,482.37689,482.85999,35105
2026-08-07 11:57:00,482.39001,483.019989,482.098785,482.57501,58780
2026-08-07 11:56:00,482.125,482.56,481.64999,482.47000,29892
2026-08-07 11:55:00,481.46500,482.23990,481.4,482.125,28096
2026-08-07 11:54:00,480.99500,481.54999,480.67001,481.47000,37230
2026-08-07 11:53:00,482.48999,482.48999,480.54999,480.99500,52832
2026-08-07 11:52:00,481.98999,482.79999,481.98999,482.28879,33242
2026-08-07 11:51:00,482.079987,482.58929,481.79999,482.040009,42461
2026-08-07 11:50:00,481.88501,482.24701,481.53,482.10001,26287
2026-08-07 11:49:00,480.69000,482.19641,480.69000,482.10001,59509
2026-08-07 11:48:00,480.45001,481.19000,480.17999,480.69000,34860
2026-08-07 11:47:00,479.92001,480.54990,479.76999,480.22000,41024
2026-08-07 11:46:00,480.60501,481.20001,479.92001,479.93500,44216
2026-08-07 11:45:00,480.49161,480.73999,480.17441,480.60001,18894
2026-08-07 11:44:00,480.43500,481.45001,480.43500,480.64001,38456
2026-08-07 11:43:00,480.29001,480.56000,479.86,480.45499,33116
2026-08-07 11:42:00,480.059998,480.79999,479.91,480.5,47024
2026-08-07 11:41:00,481.22501,481.25,480.070007,480.17999,39024
2026-08-07 11:40:00,481.29001,481.87000,481.049988,481.19000,31281
2026-08-07 11:39:00,480.92001,481.21500,480.70001,481.21500,40847
2026-08-07 11:38:00,482.040009,482.16000,480.85999,480.97000,42476
2026-08-07 11:37:00,481.31000,482.089996,481.12360,481.92499,45402
2026-08-07 11:36:00,482.51001,482.75,481.19009,481.31000,73217
2026-08-07 11:35:00,483.29999,483.39230,482.17001,482.39999,43672
2026-08-07 11:34:00,482.45999,483.64001,482.42941,483.31500,78381
2026-08-07 11:33:00,483.029999,483.054993,481.84000,482.5,52300
2026-08-07 11:32:00,482.82001,483.34,482.57111,483.059998,44882
2026-08-07 11:31:00,482.79501,483,482.67010,482.85001,34095
2026-08-07 11:30:00,482.45001,483,482.44501,482.76999,58017
2026-08-07 11:29:00,482.016296,482.57001,481.75,482.25,54752
2026-08-07 11:28:00,482.15851,482.17700,481.44000,482.12170,61507
2026-08-07 11:27:00,481.91739,482.29001,481.91739,482.12000,34343
2026-08-07 11:26:00,481.76501,482.39999,481.72000,481.95999,217374
2026-08-07 11:25:00,481,481.81000,480.89999,481.79999,27587
2026-08-07 11:24:00,480.71500,481.32999,480.71500,480.99500,31809
2026-08-07 11:23:00,480.44501,480.93,480.28,480.79001,35054
2026-08-07 11:22:00,479.73999,480.47949,479.73999,480.47000,37406
2026-08-07 11:21:00,479.79999,479.93991,479.21060,479.78000,30800
2026-08-07 11:20:00,479.54001,480.19971,479.54001,479.85001,25208
2026-08-07 11:19:00,480.30499,480.5,479.32999,480.0050049,52785
2026-08-07 11:18:00,479.25,480.43991,479.056396,480.23999,53380
2026-08-07 11:17:00,479.14001,480.29001,479,479.25,48036
2026-08-07 11:16:00,480.26501,480.4,478.48001,479.29001,105259
2026-08-07 11:15:00,480.85999,481.079987,480.070007,480.17001,25060
2026-08-07 11:14:00,481.56000,481.56000,480.51999,481.045013,49758
2026-08-07 11:13:00,482.010010,482.17999,481.17001,481.42999,39645
2026-08-07 11:12:00,482.059998,483.5,481.82001,482.10001,61167
2026-08-07 11:11:00,481.73001,482.75,481.57001,481.91501,74288
2026-08-07 11:10:00,479.70499,482.079987,479.57001,481.73001,125285
2026-08-07 11:09:00,481.82120,481.88000,479.51001,479.51001,88319
2026-08-07 11:08:00,482.85001,482.93500,481.41101,481.82001,60992
2026-08-07 11:07:00,482.875,483.5,482.70001,482.77499,53466
2026-08-07 11:06:00,482.45001,483.32681,482.23499,482.79999,51872
2026-08-07 11:05:00,481.70001,482.47000,481.62039,482.44989,53734
2026-08-07 11:04:00,481.71799,482.10989,481.090088,481.64999,59461
2026-08-07 11:03:00,481.38501,481.88000,481.011597,481.78949,40206
2026-08-07 11:02:00,480.66000,481.54269,480.66000,481.39001,47953
2026-08-07 11:01:00,480.019989,481.19000,479.81000,480.64999,48160
2026-08-07 11:00:00,479.89001,480.28000,479.61,479.95999,29798
2026-08-07 10:59:00,480.25,480.39999,479.26999,479.89001,30805
2026-08-07 10:58:00,479.89001,480.46991,479.45010,480.28000,37395
2026-08-07 10:57:00,478.54999,480.23001,478.53000,479.76001,707010
2026-08-07 10:56:00,479,479.73001,478.54999,478.68500,44442
2026-08-07 10:55:00,478.23001,479,477.81000,478.73001,56457
2026-08-07 10:54:00,478.12000,478.57999,477.70001,478.20001,61501
2026-08-07 10:53:00,479.22501,479.60999,478.21500,478.34381,44203
2026-08-07 10:52:00,479.62000,479.97000,478.75,479.20999,50661
2026-08-07 10:51:00,480.91000,481.17261,479.40030,479.79001,61855
2026-08-07 10:50:00,480.23999,481.28281,480.23999,480.79929,45967
2026-08-07 10:49:00,480.26001,480.79001,480.019989,480.12000,37395
2026-08-07 10:48:00,480.64999,480.92990,480.049988,480.40009,52995
2026-08-07 10:47:00,479.040009,480.78989,479.040009,480.64999,72762
2026-08-07 10:46:00,478.20001,479.20999,477.12,479.089996,63938
2026-08-07 10:45:00,476.90500,478.16000,476.45050,478.11499,56275
2026-08-07 10:44:00,476.75009,477.20999,476.34000,476.88000,88757
2026-08-07 10:43:00,477.98999,478.10001,476.54999,477.18991,66239
2026-08-07 10:42:00,478.54999,479.26999,477.62000,477.89001,76247
2026-08-07 10:41:00,478.32001,479.14,478.13000,478.58499,64520
2026-08-07 10:40:00,477.059998,478.49860,476.65009,478.11499,72582
2026-08-07 10:39:00,479.23190,479.23190,476.89001,477.14001,104935
2026-08-07 10:38:00,478.40201,479.59000,478.22000,479.23541,48005
2026-08-07 10:37:00,478.51999,479.069885,478.22009,478.22009,82293
2026-08-07 10:36:00,479.44501,479.87000,477.85001,478.54001,122328
2026-08-07 10:35:00,480.64001,481.48990,479.17999,479.42999,68295
2026-08-07 10:34:00,480.22751,480.66989,479.98001,480.62991,73577
2026-08-07 10:33:00,480.38501,481,479.79999,480.26550,69877
2026-08-07 10:32:00,480.31000,481.23990,479.26010,480.23010,129393
2026-08-07 10:31:00,481.44000,481.5,480.26050,480.60001,65146
2026-08-07 10:30:00,483.10001,483.10001,480.80020,481.32001,65727
2026-08-07 10:29:00,483.60001,483.98001,482.64001,482.85001,64196
2026-08-07 10:28:00,484.29999,484.48001,483.675,483.94550,60102
2026-08-07 10:27:00,483.98999,484.85001,483.51999,484.42999,65253
2026-08-07 10:26:00,483.52499,484,483.28360,483.66000,69898
2026-08-07 10:25:00,480.23001,483.85001,480.14999,483.5,97192
2026-08-07 10:24:00,482.73499,483.14001,480.22000,480.35501,72547
2026-08-07 10:23:00,481.015015,482.92999,480.23999,482.63000,76418
2026-08-07 10:22:00,482.38501,482.93011,480.65,480.94000,74582
2026-08-07 10:21:00,482.68500,483.44849,482.061005,482.41000,62121
2026-08-07 10:20:00,482.88000,483.49521,481.070007,482.68500,85357
2026-08-07 10:19:00,483.089996,483.23999,481.61011,482.53000,82577
2026-08-07 10:18:00,481.39001,483.015015,480.91000,483.015015,72106
2026-08-07 10:17:00,482.85999,483.20001,481.25,481.25,80038
2026-08-07 10:16:00,481.64499,483.25,481.57001,482.75,95921
2026-08-07 10:15:00,480.70001,481.92990,478.82999,481.64999,129454
2026-08-07 10:14:00,482.010010,482.92999,480.85001,480.92001,78903
2026-08-07 10:13:00,481.73389,482.29959,480.63,482.29959,100347
2026-08-07 10:12:00,482.37000,482.51001,479.84000,481.66501,256233
2026-08-07 10:11:00,484.32999,484.84991,482.17999,482.23999,162474
2026-08-07 10:10:00,484.87000,485.56601,483.65009,484.45001,78180
2026-08-07 10:09:00,486.36499,486.46899,484.26050,484.79001,80086
2026-08-07 10:08:00,487.67999,488.54999,486.17001,487.072815,86373
2026-08-07 10:07:00,487.66000,488.4,486.7,487.51001,104443
2026-08-07 10:06:00,485.60989,487.64990,484.92001,487.63580,105240
2026-08-07 10:05:00,484,485.86,483.42999,485.60001,134896
2026-08-07 10:04:00,485.67001,485.82999,484.010010,484.010010,93449
2026-08-07 10:03:00,487.63000,487.63000,485.23999,485.90500,67225
2026-08-07 10:02:00,485.81500,487.5,484.73099,487.35001,94234
2026-08-07 10:01:00,487.44000,487.48999,485.089996,485.81500,78775
2026-08-07 10:00:00,487,487.79999,485.16241,487.32001,152778
2026-08-07 09:59:00,486.44000,487.35989,485.85001,486.87009,84448
2026-08-07 09:58:00,485.98001,486.79990,484.67001,486.36499,120120
2026-08-07 09:57:00,487.22220,487.5,484.89001,485.94000,143176
2026-08-07 09:56:00,487.76501,488.075012,485.68500,487.15500,139834
2026-08-07 09:55:00,487.56061,488.40109,486.17,487.83499,166542
2026-08-07 09:54:00,488.59500,488.80499,487.45999,487.70499,121192
2026-08-07 09:53:00,488.92001,489.51999,488.46552,488.65051,48135
2026-08-07 09:52:00,489.79501,491,488.89999,489.31000,84916
2026-08-07 09:51:00,489.17001,490.29901,488.99,489.55399,90128
2026-08-07 09:50:00,488.61499,489.48999,487.95,489.35001,87266
2026-08-07 09:49:00,489.26001,489.67990,488.10999,488.87000,56171
2026-08-07 09:48:00,488.90009,490.40359,488.88,489.059998,120745
2026-08-07 09:47:00,488.10001,489.28000,487.97009,489.10001,70756
2026-08-07 09:46:00,489.26749,489.42,486.23001,487.95499,152223
2026-08-07 09:45:00,489.97000,491.12991,488.72049,489.21640,115348
2026-08-07 09:44:00,489.56000,490.54001,489.26001,490.125,106217
2026-08-07 09:43:00,488.5,489.60001,487.87000,489.47000,99595
2026-08-07 09:42:00,487.57001,488.70001,486.85309,488.37000,86873
2026-08-07 09:41:00,487.82010,488.029999,485.64999,487.51501,147699
2026-08-07 09:40:00,485.019989,488.37991,484.7,487.82501,148677
2026-08-07 09:39:00,486,486.92001,484.76450,485.087006,163854
2026-08-07 09:38:00,481.97000,486.48990,481.65009,485.89499,222853
2026-08-07 09:37:00,483.48001,483.88159,480.69000,481.84500,199904
2026-08-07 09:36:00,489.375,489.46170,483.28000,483.60199,213025
2026-08-07 09:35:00,491.57001,491.79001,488.60999,489.23001,130989
2026-08-07 09:34:00,492.17499,492.76001,489.76501,491.66501,166947
2026-08-07 09:33:00,494.24750,495.98001,491.42,492.16000,159765
2026-08-07 09:32:00,494,494.69000,492.89999,493.83801,105232
2026-08-07 09:31:00,494.56741,495.22000,492.44000,493.69250,167342
2026-08-07 09:30:00,494,498.82,492.79999,493.91501,1631075
2026-08-06 15:59:00,491,491.19,488.82999,489.67001,500592
2026-08-06 15:58:00,491.14999,491.39999,490.90500,491.010010,164505
2026-08-06 15:57:00,492,492.01,491.065002,491.16501,138247
2026-08-06 15:56:00,491.26999,492,491.08,491.92999,80272
2026-08-06 15:55:00,492.45999,492.45999,490.81000,491.17999,117347
2026-08-06 15:54:00,492.50500,492.98999,492.019989,492.57501,51824
2026-08-06 15:53:00,491.66000,492.78799,491.35001,492.45001,67133
2026-08-06 15:52:00,492.51999,492.76999,491.30499,491.70001,69433
2026-08-06 15:51:00,492.14001,492.89001,491.9,492.48999,55677
2026-08-06 15:50:00,491.95001,492.48071,490.79770,492.010010,73461
2026-08-06 15:49:00,491.98001,492.20001,491.865,492.20001,41128
2026-08-06 15:48:00,491.78000,491.98990,491.67,491.91211,16739
2026-08-06 15:47:00,491.57999,492,491.54999,491.82181,21011
2026-08-06 15:46:00,492.084991,492.32,491.53000,491.72501,37563
2026-08-06 15:45:00,492.040009,492.19000,491.82001,492.18991,19793
2026-08-06 15:44:00,491.94000,492.059998,491.70010,491.90500,25592
2026-08-06 15:43:00,492.040009,492.25,491.83011,491.85001,21984
2026-08-06 15:42:00,491.85501,492.17001,491.76001,492.019989,19064
2026-08-06 15:41:00,492.065002,492.35999,491.74,491.75,29910
2026-08-06 15:40:00,492.42001,492.42001,492.027496,492.29001,25315
2026-08-06 15:39:00,492.59000,492.79990,492.22000,492.26999,38485
2026-08-06 15:38:00,492.85999,492.98001,492.5,492.79730,19164
2026-08-06 15:37:00,493.23499,493.37000,492.78,492.92010,19761
2026-08-06 15:36:00,492.97000,493.29999,492.78000,493.23499,22237
2026-08-06 15:35:00,493,493.29990,492.67001,493.019989,21149
2026-08-06 15:34:00,492.69501,493.26001,492.59000,493.10001,23779
2026-08-06 15:33:00,492.89499,493.21,492.62219,492.70999,16926
2026-08-06 15:32:00,493.22000,493.79999,492.73999,492.89499,42528
2026-08-06 15:31:00,492.57999,493.25500,492.35999,493.059998,32602
2026-08-06 15:30:00,492.17499,492.77899,490.385,492.57999,67137
2026-08-06 15:29:00,492.68610,492.89209,491.76999,492.15500,33756
2026-08-06 15:28:00,491.84500,492.62,491.84500,492.62000,33023
2026-08-06 15:27:00,492.23999,492.32999,491.85501,491.85501,23220
2026-08-06 15:26:00,492.14001,492.54950,491.54001,491.88000,25415
2026-08-06 15:25:00,491.93411,492.26999,491.26999,492.17999,33688
2026-08-06 15:24:00,492.98999,493.23999,491.73001,491.73001,40807
2026-08-06 15:23:00,493.39450,493.41940,492.83499,493.10001,25145
2026-08-06 15:22:00,494.10999,494.12000,493.26010,493.45999,28720
2026-08-06 15:21:00,494.59000,494.64001,494.14,494.22000,26329
2026-08-06 15:20:00,493.75500,494.70001,493.68021,494.59500,24569
2026-08-06 15:19:00,494.15500,494.41000,493.67001,493.75,22015
2026-08-06 15:18:00,494.28000,494.60001,493.82001,494.14499,38906
2026-08-06 15:17:00,494.5,494.5,494.060089,494.29001,20529
2026-08-06 15:16:00,494.27701,494.40009,494.12000,494.34000,21206
2026-08-06 15:15:00,494.14499,494.49991,494.011597,494.26001,26209
2026-08-06 15:14:00,495,495,494.12210,494.26001,34394
2026-08-06 15:13:00,495.42999,495.5,495.02,495.10001,25092
2026-08-06 15:12:00,495.76999,495.99991,495.27560,495.35501,36002
2026-08-06 15:11:00,495.76001,495.89999,495.5,495.80811,19324
2026-08-06 15:10:00,495.94501,496.039093,495.54999,495.85001,24215
2026-08-06 15:09:00,495.73999,496.26990,495.54501,495.93500,44732
2026-08-06 15:08:00,495.089996,496.39999,494.92001,495.85999,99030
2026-08-06 15:07:00,495,495.29001,493.89001,495.29001,33419
2026-08-06 15:06:00,495.17999,495.66,494.71011,495.040100,26174
2026-08-06 15:05:00,495.76001,495.91730,494.65009,495.10001,52926
2026-08-06 15:04:00,494.90219,495.75,494.79999,495.67001,62076
2026-08-06 15:03:00,494.625,495,494.6,494.95001,37987
2026-08-06 15:02:00,494.48999,495.04,494.26801,494.79999,60620
2026-08-06 15:01:00,492.98889,494.42999,492.76010,494.41000,43769
2026-08-06 15:00:00,492.76999,493.5,492.46,493,26016
2026-08-06 14:59:00,493.33499,493.41000,492.67999,492.75500,19288
2026-08-06 14:58:00,493.26581,493.76001,493.20819,493.35501,33153
2026-08-06 14:57:00,492.84000,493.32999,492.73001,493.32999,16416
2026-08-06 14:56:00,492.88000,493.26001,492.70001,492.73999,28861
2026-08-06 14:55:00,492.70999,492.84,492.35001,492.69000,13146
2026-08-06 14:54:00,492.63821,492.89999,492.43,492.68799,16472
2026-08-06 14:53:00,492.54001,492.63000,492.26999,492.54001,12752
2026-08-06 14:52:00,492.26001,492.59000,492.14001,492.59000,14525
2026-08-06 14:51:00,492.64001,492.87000,492.32999,492.47000,14480
2026-08-06 14:50:00,492.48499,492.87000,492.31000,492.60001,13552
2026-08-06 14:49:00,492.70001,492.79001,492.37000,492.37000,11869
2026-08-06 14:48:00,493.23999,493.72000,492.63861,492.63861,21652
2026-08-06 14:47:00,493.26001,493.33990,493,493.18930,12874
2026-08-06 14:46:00,493.38000,493.53000,493.16589,493.27319,20594
2026-08-06 14:45:00,492.78000,493.41901,492.72000,493.31000,28191
2026-08-06 14:44:00,492.60010,492.98999,492.60001,492.85999,8943
2026-08-06 14:43:00,492.17999,493.20001,492.054993,492.70001,35109
2026-08-06 14:42:00,492.16501,492.31000,491.63000,491.98001,37008
2026-08-06 14:41:00,492.60999,492.85999,492.14001,492.18500,16285
2026-08-06 14:40:00,492.56000,492.77,492.25,492.60501,11899
2026-08-06 14:39:00,492.78500,492.78500,492.29001,492.48999,17173
2026-08-06 14:38:00,492.75500,493.024994,492.68430,492.78500,14019
2026-08-06 14:37:00,492.86081,492.98001,492.57,492.72000,14578
2026-08-06 14:36:00,492.28000,493.05,492.28000,493,10621
2026-08-06 14:35:00,492.5,493.20950,492.18579,492.39999,30397
2026-08-06 14:34:00,492.70499,492.76999,492.049988,492.32001,24407
2026-08-06 14:33:00,492.60001,492.85999,492.51010,492.78000,10190
2026-08-06 14:32:00,493.26999,493.26999,492.80951,492.84500,11862
2026-08-06 14:31:00,493.010010,493.63000,492.92,493.13501,23158
2026-08-06 14:30:00,493.17001,493.35,492.79999,492.95001,17343
2026-08-06 14:29:00,493.23499,493.63000,493.029999,493.31000,246596
2026-08-06 14:28:00,492.70999,493.29999,492.45999,493.29999,32719
2026-08-06 14:27:00,492.79999,493.058807,492.51001,492.85501,15878
2026-08-06 14:26:00,493.12000,493.32,492.54001,492.81000,23350
2026-08-06 14:25:00,493.29999,493.57999,493.13000,493.13321,20494
2026-08-06 14:24:00,493.35999,493.53000,492.98001,493.45001,21065
2026-08-06 14:23:00,493.60001,494,493.45999,493.47198,30153
2026-08-06 14:22:00,493.16000,493.75,493,493.74500,29130
2026-08-06 14:21:00,492.53000,493.42001,492.49240,493.040009,33079
2026-08-06 14:20:00,492.56000,492.98,492.14001,492.38000,18807
2026-08-06 14:19:00,493.125,493.48001,492.63000,492.63000,38666
2026-08-06 14:18:00,492.29999,493.23999,492.049988,493.079987,28872
2026-08-06 14:17:00,492.20001,492.85001,491.98001,492.15500,31959
2026-08-06 14:16:00,491.44501,495,486,492.26440,388766
2026-08-06 14:15:00,491.10001,491.64001,490.85001,491.44501,32659
2026-08-06 14:14:00,490.50500,491.099915,490.25,491.010010,32672
2026-08-06 14:13:00,490.095001,490.60001,489.98999,490.60001,33742
2026-08-06 14:12:00,490.57990,490.70001,490.079987,490.080109,17825
2026-08-06 14:11:00,490.42001,490.57001,490.16681,490.38501,21506
2026-08-06 14:10:00,491.29001,491.29001,490.32999,490.47000,22541
2026-08-06 14:09:00,490.53250,491.14001,490.51999,491.10501,20103
2026-08-06 14:08:00,491.39999,491.48001,490.51001,490.57999,18572
2026-08-06 14:07:00,490.75,491.69989,490.32,491.53000,36739
2026-08-06 14:06:00,490.83499,491.13501,490.75,490.78000,16114
2026-08-06 14:05:00,491.14999,491.35989,490.82999,490.86569,26022
2026-08-06 14:04:00,490.66000,491.20001,490.51999,491.20001,29423
2026-08-06 14:03:00,490.73999,490.75,490.17999,490.66000,26767
2026-08-06 14:02:00,491.0050049,491.26999,490.57010,490.69269,30901
2026-08-06 14:01:00,491.92001,492.31,490.89999,490.90009,33432
2026-08-06 14:00:00,492.34000,492.67001,491.57001,492.19000,25758
2026-08-06 13:59:00,492.25,492.34000,492.13,492.29001,12102
2026-08-06 13:58:00,492.35001,492.41949,492.010010,492.30441,20152
2026-08-06 13:57:00,491.51999,492.35,491.51999,492.27499,15772
2026-08-06 13:56:00,492.000091553,492.23999,491.53000,491.59769,238085
2026-08-06 13:55:00,492.18860,492.70001,491.98001,492.10999,23366
2026-08-06 13:54:00,492.26349,492.46271,491.97000,492.20999,23011
2026-08-06 13:53:00,491.99500,492.28000,491.80011,491.98999,32561
2026-08-06 13:52:00,491.87000,492.32990,491.79999,491.98999,275472
2026-08-06 13:51:00,491.44501,492.23999,491.2,491.98001,25068
2026-08-06 13:50:00,491.77499,492.019989,491.44,491.45999,26485
2026-08-06 13:49:00,491.92001,492.13251,491.5,491.59500,22821
2026-08-06 13:48:00,491.59000,491.85001,491.34698,491.78000,17349
2026-08-06 13:47:00,492.48001,492.59000,491.48001,491.75,39755
2026-08-06 13:46:00,492.47000,492.59000,491.78000,492.33499,23838
2026-08-06 13:45:00,492.39001,492.81659,491.91,492.61951,24341
2026-08-06 13:44:00,492.049988,492.35,492,492.32001,21392
2026-08-06 13:43:00,492.82001,492.82001,491.97800,492.19000,17576
2026-08-06 13:42:00,492.19000,492.92990,491.95010,492.92990,22902
2026-08-06 13:41:00,492.45999,492.57050,491.78,492.19000,75742
2026-08-06 13:40:00,493.19501,493.72000,492.38010,492.42001,36734
2026-08-06 13:39:00,493.70459,493.99,493.01,493.16501,21143
2026-08-06 13:38:00,494.45001,494.45001,493.51001,493.51001,21874
2026-08-06 13:37:00,494.22000,494.32999,494.060089,494.29999,9269
2026-08-06 13:36:00,494.44000,494.63571,494.019989,494.20499,14709
2026-08-06 13:35:00,494.14001,494.57870,493.72,494.35001,27518
2026-08-06 13:34:00,494.024994,494.14999,493.66010,493.96500,20423
2026-08-06 13:33:00,494.000091553,494.315,493.74,494,17118
2026-08-06 13:32:00,493.92499,494.76999,493.84009,494.14999,21797
2026-08-06 13:31:00,494.25,494.56,493.85999,493.89001,14335
2026-08-06 13:30:00,494,494.45499,493.70999,494.049988,26206
2026-08-06 13:29:00,494.82501,494.98001,494.060211,494.060211,18367
2026-08-06 13:28:00,495.059998,495.29999,494.73001,494.95950,18357
2026-08-06 13:27:00,494.95001,495.25,494.89999,495.12000,13882
2026-08-06 13:26:00,495.049988,495.30499,494.59000,494.81580,18331
2026-08-06 13:25:00,494.78000,495.19949,494.51,495.19000,33828
2026-08-06 13:24:00,494.57001,494.67,493.82999,494.37000,29785
2026-08-06 13:23:00,495.17001,495.32281,494.44000,494.57001,31379
2026-08-06 13:22:00,495.17999,495.31241,494.98,495.20001,21214
2026-08-06 13:21:00,495.69501,495.69501,494.62000,495.27841,42681
2026-08-06 13:20:00,495.81000,496.19989,495.5,495.50009,19905
2026-08-06 13:19:00,495.94681,496.20001,495.28000,495.82501,54180
2026-08-06 13:18:00,495.30499,495.94891,495.14600,495.94891,57350
2026-08-06 13:17:00,494.67999,495.72879,494.57129,495.30499,52155
2026-08-06 13:16:00,494.30499,495.19989,494.26999,494.91989,49993
2026-08-06 13:15:00,494.75,494.92999,494,494.48999,37541
2026-08-06 13:14:00,495.73001,495.98001,494.54999,494.77499,33013
2026-08-06 13:13:00,495.28000,495.98990,495.16,495.67999,43739
2026-08-06 13:12:00,495.010010,495.31000,494.85001,495.20001,22598
2026-08-06 13:11:00,495.64999,495.76001,494.79999,495,57308
2026-08-06 13:10:00,495.50500,496.092010,495.36389,495.63010,32029
2026-08-06 13:09:00,495.38000,496.35999,495.25,495.78000,61197
2026-08-06 13:08:00,495.53000,495.60999,494.89999,495.25,29829
2026-08-06 13:07:00,496.16000,496.42999,494.70999,495.37000,54460
2026-08-06 13:06:00,496.39499,496.71991,495.95001,496.029999,51512
2026-08-06 13:05:00,495.16000,496.5,495.16000,496.39999,59044
2026-08-06 13:04:00,495.48999,496.20001,495.20001,495.32999,49849
2026-08-06 13:03:00,495.5,496.28000,495.5,495.57001,53264
2026-08-06 13:02:00,495.81500,496.17001,495.34000,495.51001,37181
2026-08-06 13:01:00,495.85001,496.32999,495.64999,495.89499,67995
2026-08-06 13:00:00,495.82999,496.42001,494.98010,495.96991,120718
2026-08-06 12:59:00,494.19501,495.79990,494.19501,495.76950,163781
2026-08-06 12:58:00,493.17999,494.23999,493.17999,494.23999,60082
2026-08-06 12:57:00,492.60150,493.54001,492.5,493.089996,66450
2026-08-06 12:56:00,492.45209,492.72000,492.11499,492.40009,22949
2026-08-06 12:55:00,491.48999,492.42001,491.32,492.42001,26723
2026-08-06 12:54:00,492.25,492.39499,491.34030,491.45499,24561
2026-08-06 12:53:00,492.69000,493.29999,492.31000,492.55499,40505
2026-08-06 12:52:00,492.089996,492.87,492.013214,492.66000,41563
2026-08-06 12:51:00,491.76001,492.45999,491.49341,492.010010,31062
2026-08-06 12:50:00,491.75,492.24500,491.70999,491.87000,47818
2026-08-06 12:49:00,490.54001,491.63000,490.505,491.63000,40980
2026-08-06 12:48:00,489.79999,490.70001,489.65,490.5,23999
2026-08-06 12:47:00,489.23001,489.76999,489.14999,489.66501,15052
2026-08-06 12:46:00,490.10999,490.10999,489.2,489.22000,25645
2026-08-06 12:45:00,489.75070,490.60941,489.75070,490.31000,31697
2026-08-06 12:44:00,490.79999,490.79999,489.64001,489.64001,21582
2026-08-06 12:43:00,490.95999,491.26001,490.59,490.60001,27340
2026-08-06 12:42:00,490.48999,491.34000,489.87881,491.13501,28536
2026-08-06 12:41:00,490.83499,491.29999,489.53009,490.35001,39698
2026-08-06 12:40:00,490.20499,490.93231,490.2,490.67999,50960
2026-08-06 12:39:00,489.31000,490.26001,489.31000,490.19000,38677
2026-08-06 12:38:00,489.58499,489.81000,489.29999,489.53500,31037
2026-08-06 12:37:00,488.56000,489.65991,488.46500,489.61499,32683
2026-08-06 12:36:00,488.029999,488.85001,487.73999,488.65500,21568
2026-08-06 12:35:00,488.20999,488.20999,487.63,487.92999,19290
2026-08-06 12:34:00,487.81500,488.15210,487.70001,488.10001,13976
2026-08-06 12:33:00,487.92499,488,487.42059,487.86499,26206
2026-08-06 12:32:00,488.14001,488.98999,487.79999,488.049988,42811
2026-08-06 12:31:00,488.12000,488.33881,487.59000,488.057709,26903
2026-08-06 12:30:00,486.92001,488.10001,486.755,488.015015,29937
2026-08-06 12:29:00,487.080109,487.70001,486.92,487.070007,24108
2026-08-06 12:28:00,487.5,487.61,487.090088,487.29001,18959
2026-08-06 12:27:00,487.19000,487.79001,486.87000,487.79001,22503
2026-08-06 12:26:00,487.31500,487.66321,486.89001,487.19501,26481
2026-08-06 12:25:00,487.78000,488.20001,487.16190,487.54501,41348
2026-08-06 12:24:00,486.38000,487.72000,485.54800,487.69501,59507
2026-08-06 12:23:00,487.000091553,487.25,486.32999,486.42999,51714
2026-08-06 12:22:00,487.875,487.88501,487.010010,487.12000,22602
2026-08-06 12:21:00,487.71500,488.42001,487.45010,488.20999,22221
2026-08-06 12:20:00,488.64999,488.76001,487.23001,487.45999,27739
2026-08-06 12:19:00,488.89001,489,488.33,488.60001,16789
2026-08-06 12:18:00,488.17001,489.099213,487.69000,488.88000,39860
2026-08-06 12:17:00,488.68500,488.89999,488.010010,488.14001,18203
2026-08-06 12:16:00,488.87000,489.38000,487.27011,488.59979,57073
2026-08-06 12:15:00,488.84000,489.28000,488.60001,489.28000,26096
2026-08-06 12:14:00,488.98499,489.42169,488.61920,488.73999,28531
2026-08-06 12:13:00,490.29001,490.29001,488.89001,488.91000,15965
2026-08-06 12:12:00,490.12540,490.52451,489.95999,490.31000,17153
2026-08-06 12:11:00,490.85501,491.10001,489.84000,490.049988,34149
2026-08-06 12:10:00,490.5,491.27991,490.48499,490.98001,31256
2026-08-06 12:09:00,490.21500,490.59000,489.76999,490.23499,20566
2026-08-06 12:08:00,490.39999,491.12000,490.14,490.29999,34292
2026-08-06 12:07:00,489.71011,490.45990,489.71011,490.14999,38155
2026-08-06 12:06:00,489.48999,489.85501,489.029999,489.85501,21287
2026-08-06 12:05:00,488.62000,489.70001,488.55191,489.48999,28183
2026-08-06 12:04:00,488.5,488.59000,487.61,488.5,62307
2026-08-06 12:03:00,489.43500,489.43500,488.5,488.60629,32712
2026-08-06 12:02:00,489.16000,489.85001,488.93829,489.5,30853
2026-08-06 12:01:00,489.66000,489.88000,488.72000,489.034088,60774
2026-08-06 12:00:00,490.57901,490.82990,489.815,489.84000,32612
2026-08-06 11:59:00,491.32501,491.45001,489.89069,490.47000,37486
2026-08-06 11:58:00,491.56000,491.78500,491.029999,491.14999,21460
2026-08-06 11:57:00,491.66000,491.91989,491.49,491.61011,19503
2026-08-06 11:56:00,491.56000,492.22989,491.52,491.76999,36511
2026-08-06 11:55:00,490.45999,491.48999,490.32999,491.48999,24906
2026-08-06 11:54:00,490.74500,491.54999,490.4,490.78369,52616
2026-08-06 11:53:00,491.41000,492.079895,490.41010,490.75,26714
2026-08-06 11:52:00,491.45001,492.42999,491.37000,491.45740,28937
2026-08-06 11:51:00,492.74710,492.79501,491.34009,491.85999,36946
2026-08-06 11:50:00,492.64001,493.88000,492.64001,492.95999,51219
2026-08-06 11:49:00,493.57001,493.57001,492.25009,492.60999,44488
2026-08-06 11:48:00,492.57501,493.47290,492.47000,493.39499,51717
2026-08-06 11:47:00,492.30499,492.97000,492.30499,492.77991,45570
2026-08-06 11:46:00,490.41000,492.48,490.21481,492.30499,34403
2026-08-06 11:45:00,489.76999,490.86969,489.76,490.5,27288
2026-08-06 11:44:00,491,491.14990,489.54001,489.84000,29732
2026-08-06 11:43:00,491.20001,491.395,490.51001,490.85999,28421
2026-08-06 11:42:00,491.10999,492.5,490.94000,491.29001,58837
2026-08-06 11:41:00,491.72000,491.98999,490.98999,491.084991,39935
2026-08-06 11:40:00,490.67999,491.85999,490.47,491.85001,31463
2026-08-06 11:39:00,489.94000,491.029999,489.85001,490.70499,37268
2026-08-06 11:38:00,489.89999,490.84000,489.47501,490.059998,35423
2026-08-06 11:37:00,489.72000,490.059998,489.059998,489.87000,28814
2026-08-06 11:36:00,490.98999,491.24500,489.59000,489.76001,40232
2026-08-06 11:35:00,489.29251,490.96030,489.23001,490.96030,43567
2026-08-06 11:34:00,490.19501,490.24,489.010010,489.27499,39248
2026-08-06 11:33:00,490.20999,490.51001,489.84549,490,52353
2026-08-06 11:32:00,492.20001,492.32999,490.52,490.65500,50949
2026-08-06 11:31:00,492.81500,493.10001,492.10010,492.10010,53255
2026-08-06 11:30:00,492.024994,493,491.88,493,36136
2026-08-06 11:29:00,492.29999,492.5,491.65500,492.079987,25797
2026-08-06 11:28:00,491.21500,492.45001,491.21500,492.28961,23609
2026-08-06 11:27:00,491.51001,492.31000,491.15,491.29999,31126
2026-08-06 11:26:00,491.63089,492.32001,491.2,491.45999,30655
2026-08-06 11:25:00,491.26001,492.26001,491.018097,491.53000,23356
2026-08-06 11:24:00,491.95001,492.67001,491.070007,491.26501,33709
2026-08-06 11:23:00,491.61499,492.059998,490.67859,491.89990,47324
2026-08-06 11:22:00,492.45001,492.75320,491.64001,491.73001,35775
2026-08-06 11:21:00,492.34000,492.98999,491.60001,492.73499,38605
2026-08-06 11:20:00,491.79501,492.59570,491.1,492.34000,45295
2026-08-06 11:19:00,492.57950,492.57950,491.55621,491.69070,40032
2026-08-06 11:18:00,493.010010,493.25949,491.91000,492.52499,60455
2026-08-06 11:17:00,494.66000,494.82999,493,493.019989,57573
2026-08-06 11:16:00,494.42001,494.69000,493.82,494.45999,54350
2026-08-06 11:15:00,493.79999,494.59991,493.38000,494.42999,44403
2026-08-06 11:14:00,494.52499,494.59991,493.42010,493.80011,80302
2026-08-06 11:13:00,494.29501,495,494.16000,494.52750,51777
2026-08-06 11:12:00,494.15500,495.35989,494.15500,494.29001,149503
2026-08-06 11:11:00,494.89001,494.9,494.022614,494.23001,59834
2026-08-06 11:10:00,493.70270,494.92001,493.67029,494.89999,91957
2026-08-06 11:09:00,493.5,494,492.67999,493.76001,53006
2026-08-06 11:08:00,493.59250,494.48999,493.59,493.82001,100458
2026-08-06 11:07:00,493.27679,493.79990,492.89001,493.59500,76439
2026-08-06 11:06:00,491.63000,493.3,491.53000,493.13501,73429
2026-08-06 11:05:00,490.59320,491.70990,490.32001,491.45999,33804
2026-08-06 11:04:00,490.20001,490.80991,489.9,490.38501,35926
2026-08-06 11:03:00,491.89999,491.91879,489.76010,490.079987,79574
2026-08-06 11:02:00,491.85001,492.5,491.61661,491.97000,58164
2026-08-06 11:01:00,491.26001,492.26001,490.87,492.089996,47588
2026-08-06 11:00:00,491.97000,493.33,491.18011,491.35001,127965
2026-08-06 10:59:00,490.37979,491.92001,490.37979,491.75500,51205
2026-08-06 10:58:00,490.89001,491.37991,490.029999,490.54999,49415
2026-08-06 10:57:00,490.39001,491.33499,490.11771,490.95001,74940
2026-08-06 10:56:00,489.12000,490.23001,488.79001,490.23001,76805
2026-08-06 10:55:00,489.94000,489.94000,488.62,488.97000,40854
2026-08-06 10:54:00,487.5,489.92950,487.31000,489.75,47681
2026-08-06 10:53:00,488.084290,488.29,487.19000,487.88000,24166
2026-08-06 10:52:00,487.53500,488.48001,487,487.73999,36980
2026-08-06 10:51:00,488.98999,489.44000,487.42499,487.51501,42243
2026-08-06 10:50:00,487.75500,489.25,486.70999,489,79515
2026-08-06 10:49:00,488.67001,489,487.755,487.75500,40775
2026-08-06 10:48:00,489.21500,489.64001,487.89999,488.57001,118405
2026-08-06 10:47:00,484.42499,489.22,484.42499,489.094299,112350
2026-08-06 10:46:00,485.97009,486.5,484.15659,484.42499,73406
2026-08-06 10:45:00,486.73990,487.12000,485.19000,486.098602,67216
2026-08-06 10:44:00,487.66000,488,486.49,486.5,56781
2026-08-06 10:43:00,487,487.72000,486.42999,487.64999,42485
2026-08-06 10:42:00,487.60999,487.94550,486.24069,487,43045
2026-08-06 10:41:00,486.52499,487.79999,485.90250,487.69971,47815
2026-08-06 10:40:00,486.13010,486.89990,485.60999,486.66949,82830
2026-08-06 10:39:00,487.39999,487.92001,486.21011,486.39999,85446
2026-08-06 10:38:00,490.32001,490.59,487.20001,487.32001,89540
2026-08-06 10:37:00,491.40500,491.5,489.25,490.32001,83590
2026-08-06 10:36:00,491.92999,492.16000,490.43,491.32260,104151
2026-08-06 10:35:00,490.079987,491.98001,489.71,491.89001,63517
2026-08-06 10:34:00,490.84000,491.20001,489.76999,490.22501,72409
2026-08-06 10:33:00,488.97540,491.14999,488.97540,490.84000,110679
2026-08-06 10:32:00,488.22501,489.45990,487.70001,489.075012,48878
2026-08-06 10:31:00,488.64001,488.64001,487.4,488.18500,68922
2026-08-06 10:30:00,487.77499,489,487.63000,488.42001,71987
2026-08-06 10:29:00,488.60001,489.049988,487.25,487.56921,83955
2026-08-06 10:28:00,487.98001,489.95001,487.69101,488.96429,92867
2026-08-06 10:27:00,488.45810,488.45810,487.10999,487.79999,79398
2026-08-06 10:26:00,488.60001,488.88000,487.22000,488.28000,99864
2026-08-06 10:25:00,490.38000,490.5,487.32010,488.67999,138148
2026-08-06 10:24:00,491.080994,492.67001,489.98999,490.28000,146089
2026-08-06 10:23:00,490.063202,492.51001,490.063202,491.29001,186350
2026-08-06 10:22:00,488.10001,490.89999,487.72870,490.10791,225964
2026-08-06 10:21:00,487.89001,488.32001,487.29999,488.20001,48225
2026-08-06 10:20:00,487.64001,488.78000,487.48999,487.79999,78187
2026-08-06 10:19:00,487.53000,488.79999,487.34000,487.77499,54143
2026-08-06 10:18:00,488.45871,488.70001,487.10999,487.69501,64239
2026-08-06 10:17:00,487.17999,489.35001,487.17999,488.70999,109870
2026-08-06 10:16:00,487.60999,488.48001,487.18439,487.21750,82263
2026-08-06 10:15:00,488.070007,488.39990,486.69000,487.79501,96378
2026-08-06 10:14:00,487.89999,488.60001,487.70001,488.10501,81093
2026-08-06 10:13:00,487.22000,488.84000,487.18069,488.029999,77784
2026-08-06 10:12:00,488.98999,489.47000,487.10260,487.28989,110156
2026-08-06 10:11:00,486.56500,488.89999,486.48001,488.89999,146940
2026-08-06 10:10:00,486.31000,487.85999,486.27,486.64999,168284
2026-08-06 10:09:00,485.69000,486.39999,485.54001,486.087402,88794
2026-08-06 10:08:00,484.26001,485.87,484.040710,485.63681,112460
2026-08-06 10:07:00,483.94000,485.45001,483.63000,484.34000,167709
2026-08-06 10:06:00,481.66000,483.85999,481.29001,483.85501,107987
2026-08-06 10:05:00,481.57999,482.17200,480.54001,481.56500,63247
2026-08-06 10:04:00,479.98999,481.54001,479.95999,481.039612,54951
2026-08-06 10:03:00,481.29999,481.59000,479.82001,480.21500,73613
2026-08-06 10:02:00,481.26001,481.48001,480.21011,481.089996,48395
2026-08-06 10:01:00,481.63000,482.84000,480.56000,481.64401,77424
2026-08-06 10:00:00,482.51501,484.32990,481.060089,481.54819,124252
2026-08-06 09:59:00,481.17001,483,480.84000,482.44501,106433
2026-08-06 09:58:00,480.29001,481.79501,480.070007,480.98499,76010
2026-08-06 09:57:00,478.82501,480.89001,478.53,480.29001,66647
2026-08-06 09:56:00,477.98999,480.39999,477.79999,478.82999,101599
2026-08-06 09:55:00,477.82001,478.34821,476.91000,478,67331
2026-08-06 09:54:00,477.44501,478.86990,477.40009,477.67001,51819
2026-08-06 09:53:00,477.62949,478.84000,477,477.49500,87048
2026-08-06 09:52:00,480.20001,480.34970,476.81,477.46500,110458
2026-08-06 09:51:00,480.28000,480.42999,478.70999,480.34500,97940
2026-08-06 09:50:00,482.26001,482.79999,479.52570,480.26001,112922
2026-08-06 09:49:00,483.10989,483.35999,481.41010,482.28000,87074
2026-08-06 09:48:00,481.19000,483.14001,480.51001,483.10989,129124
2026-08-06 09:47:00,479.98999,481.60959,479.95999,480.95001,96721
2026-08-06 09:46:00,479.76999,480.41000,478.20001,480.057312,80486
2026-08-06 09:45:00,479.79999,480.44000,478.56000,479.88501,75355
2026-08-06 09:44:00,479.70001,480.26001,479,479.98001,88290
2026-08-06 09:43:00,478.23999,479.88000,477.92010,479.5,58342
2026-08-06 09:42:00,479.69000,480.20999,477.60001,478,89869
2026-08-06 09:41:00,480.37000,481.37970,478.64581,479.76999,89079
2026-08-06 09:40:00,478.41000,480.70999,477.25601,480.24829,102404
2026-08-06 09:39:00,480.16000,480.385,478.059998,478.14999,178073
2026-08-06 09:38:00,480.68500,481.73999,479.72000,479.73001,89230
2026-08-06 09:37:00,481.60001,481.75,480,480.64001,134868
2026-08-06 09:36:00,479,481.20999,478.5,481.059998,134817
2026-08-06 09:35:00,480.72000,483.75,478.35999,479.25,223482
2026-08-06 09:34:00,475.20999,480.84250,474.58011,480.84250,252665
2026-08-06 09:33:00,474.15179,476,472.36331,475.32999,252851
2026-08-06 09:32:00,472.33499,474.26990,470,473.92499,179798
2026-08-06 09:31:00,476.42001,478.37219,470.89001,472.23871,211589
2026-08-06 09:30:00,471.14499,477.75,469.63,477,1476312
2026-08-05 15:59:00,483.97000,484.39999,480.44000,481.64001,891453
2026-08-05 15:58:00,484.10999,484.31000,483.155,483.94000,299131
2026-08-05 15:57:00,484.57001,484.66519,483.81000,484.12000,211883
2026-08-05 15:56:00,485.41000,485.44000,484.5,484.72000,176589
2026-08-05 15:55:00,484.59000,485.84949,483.85001,485.45001,195034
2026-08-05 15:54:00,485.23001,485.415,483.64001,484.64001,146371
2026-08-05 15:53:00,484.81000,485.48001,484.35001,485.48001,107070
2026-08-05 15:52:00,484.83060,485.09,484.17010,484.95001,131621
2026-08-05 15:51:00,484.66000,485.63000,484.35999,484.91000,161062
2026-08-05 15:50:00,484.25,485.31000,483.26999,484.79001,162260
2026-08-05 15:49:00,483.82001,484.48999,483.69000,484.14001,132442
2026-08-05 15:48:00,482.5,483.88000,482.32,483.86200,129209
2026-08-05 15:47:00,482.16000,482.73999,482.070007,482.5,92512
2026-08-05 15:46:00,482.76999,482.8,482.01,482.019989,67197
2026-08-05 15:45:00,482.76999,483.10999,482.45999,482.84000,80943
2026-08-05 15:44:00,482.82001,482.87000,482.38,482.87000,98051
2026-08-05 15:43:00,483.48001,483.66000,482.78000,482.79001,140534
2026-08-05 15:42:00,483.41000,484.029999,483.32,483.64999,50325
2026-08-05 15:41:00,483.60001,483.97989,483.30688,483.48990,72456
2026-08-05 15:40:00,483.51999,483.67999,483.26001,483.60001,82686
2026-08-05 15:39:00,484.019989,484.035004,483.44000,483.47501,54078
2026-08-05 15:38:00,484.57001,484.98001,484.059998,484.10501,70850
2026-08-05 15:37:00,484.17499,484.57999,484.10999,484.46011,54890
2026-08-05 15:36:00,483.71500,484.36,483.5,484.17499,67346
2026-08-05 15:35:00,484.20999,484.20999,483.44,483.66000,98856
2026-08-05 15:34:00,484.89499,484.9,484.14001,484.25500,95226
2026-08-05 15:33:00,485.10501,485.16220,484.60019,484.89499,110960
2026-08-05 15:32:00,485.41000,485.76999,485.059998,485.10501,59807
2026-08-05 15:31:00,485.78000,485.98361,485.23999,485.35001,74007
2026-08-05 15:30:00,485.41000,486.38000,484.80200,485.92511,167080
2026-08-05 15:29:00,485.84500,485.92001,485.23999,485.25,51553
2026-08-05 15:28:00,485.76999,485.98889,485.69000,485.83249,38254
2026-08-05 15:27:00,486.040009,486.32999,485.64001,485.76001,65582
2026-08-05 15:26:00,485.63000,486.01,485.36011,485.98999,66774
2026-08-05 15:25:00,486.22501,486.22501,485.59000,485.60999,50289
2026-08-05 15:24:00,486.47501,486.54999,485.79999,486.22501,110761
2026-08-05 15:23:00,486.85211,487,486.40009,486.40009,44130
2026-08-05 15:22:00,487.28000,487.37000,486.63010,486.85001,66820
2026-08-05 15:21:00,487.47000,487.53000,487.12000,487.28000,31915
2026-08-05 15:20:00,487.41000,487.85001,487.37000,487.48999,33877
2026-08-05 15:19:00,488.029999,488.17001,487.32001,487.35999,46793
2026-08-05 15:18:00,487.75049,488.16000,487.75049,488.12000,34234
2026-08-05 15:17:00,487.95499,488.23999,487.76999,487.83841,29153
2026-08-05 15:16:00,488.69501,489.031006,487.79001,488.070007,78990
2026-08-05 15:15:00,488.72000,488.89999,488.26001,488.81500,87121
2026-08-05 15:14:00,487.84000,488.75,487.72000,488.70499,89960
2026-08-05 15:13:00,487.82001,488.51999,487.82001,487.97000,76631
2026-08-05 15:12:00,486.87891,487.88000,486.81000,487.79999,43728
2026-08-05 15:11:00,487.25500,487.26,486.64001,486.81000,55963
2026-08-05 15:10:00,487.72000,487.72000,487.070007,487.16000,33829
2026-08-05 15:09:00,487.91000,487.98001,487.42001,487.63000,26887
2026-08-05 15:08:00,487.67999,487.87000,487.23999,487.87000,36237
2026-08-05 15:07:00,487.13501,487.79001,486.81009,487.67999,41343
2026-08-05 15:06:00,487.67499,487.79990,487.040009,487.18500,27779
2026-08-05 15:05:00,487.42999,487.89999,487.10001,487.85800,37462
2026-08-05 15:04:00,487.89999,488,487.35001,487.44000,30957
2026-08-05 15:03:00,487.84000,488.029999,487.60001,487.84500,36701
2026-08-05 15:02:00,487.92999,488.19940,487.70001,487.78500,47868
2026-08-05 15:01:00,487.36499,487.98999,487.14999,487.87009,41999
2026-08-05 15:00:00,486.79749,487.69000,486.66,487.35999,69885
2026-08-05 14:59:00,486.98001,486.98001,486.6,486.84000,28282
2026-08-05 14:58:00,486.98999,487.135,486.75,486.98001,40268
2026-08-05 14:57:00,486.95499,487.16,486.70999,486.89999,47982
2026-08-05 14:56:00,487.39001,487.39001,486.75,486.95499,53027
2026-08-05 14:55:00,487.59991,487.79001,487.41,487.42999,48200
2026-08-05 14:54:00,487.79990,487.9,487.59000,487.66000,30596
2026-08-05 14:53:00,488.31000,488.38000,487.67001,487.80499,36016
2026-08-05 14:52:00,488.13000,488.42999,488,488.33450,29115
2026-08-05 14:51:00,488.11499,488.26999,488.010010,488.20499,21125
2026-08-05 14:50:00,488.14999,488.29999,488.000091553,488.22000,24327
2026-08-05 14:49:00,488.27499,488.32999,488.09,488.28000,19938
2026-08-05 14:48:00,488.20499,488.70001,488.12000,488.24149,34901
2026-08-05 14:47:00,488.35999,488.58881,488.040009,488.24951,31794
2026-08-05 14:46:00,488.29001,488.48990,487.85999,488.17450,40138
2026-08-05 14:45:00,488.070007,488.35989,487.75,488.24149,40842
2026-08-05 14:44:00,487.95999,488.2,487.89499,488.019989,39170
2026-08-05 14:43:00,488,488.06,487.70999,487.85999,21513
2026-08-05 14:42:00,487.78000,488.12921,487.62000,488.12000,28265
2026-08-05 14:41:00,487.64001,487.89,487.54,487.82001,29904
2026-08-05 14:40:00,487.37000,487.79001,487.20999,487.60999,33200
2026-08-05 14:39:00,487.66000,488.099915,487.39001,487.39001,37965
2026-08-05 14:38:00,487.56500,487.66000,487.21011,487.60001,25363
2026-08-05 14:37:00,487.51501,487.75,487.41019,487.56500,30851
2026-08-05 14:36:00,487.26999,487.97000,487.23001,487.48001,50751
2026-08-05 14:35:00,487.12000,487.31989,486.71011,487.28000,35721
2026-08-05 14:34:00,487.019989,487.44000,486.79,487.17001,48004
2026-08-05 14:33:00,486.65500,487.059998,486.5,486.94000,58170
2026-08-05 14:32:00,486.98999,487.029999,486.56729,486.70999,38187
2026-08-05 14:31:00,487.51501,487.51501,486.91000,487,48943
2026-08-05 14:30:00,488.29999,488.3,487.10999,487.57999,54721
2026-08-05 14:29:00,487.84000,488.60999,487.79010,488.34500,83368
2026-08-05 14:28:00,487.73999,487.95,487.58,487.73999,20931
2026-08-05 14:27:00,487.78500,487.9,487.46,487.76999,32291
2026-08-05 14:26:00,487.67999,487.92001,487.67999,487.85501,21763
2026-08-05 14:25:00,487.45300,487.77991,487.42001,487.63000,28416
2026-08-05 14:24:00,487.5,487.62000,487.15771,487.45001,27115
2026-08-05 14:23:00,487.34790,487.48,487.07,487.44000,23159
2026-08-05 14:22:00,487.64999,487.88989,487.14340,487.32001,36557
2026-08-05 14:21:00,487.73499,487.89999,487.53119,487.76999,30377
2026-08-05 14:20:00,486.92001,487.79999,486.60651,487.74100,58325
2026-08-05 14:19:00,486.98001,487.10001,486.79001,486.87000,25436
2026-08-05 14:18:00,486.30389,487.05,486.28009,486.97000,30458
2026-08-05 14:17:00,486.57001,487.20950,486.32999,486.39001,41527
2026-08-05 14:16:00,486.45001,486.82001,486.45001,486.57001,33339
2026-08-05 14:15:00,486.095001,486.69000,485.88000,486.57999,37753
2026-08-05 14:14:00,486.53000,486.77991,486,486.0020142,50364
2026-08-05 14:13:00,486.80499,486.87000,486.44000,486.48550,35658
2026-08-05 14:12:00,487.26001,487.29999,486.68011,486.81000,26963
2026-08-05 14:11:00,486.91000,487.22989,486.67999,487.15500,18764
2026-08-05 14:10:00,487.17999,487.34000,486.90289,486.92999,41758
2026-08-05 14:09:00,487.45999,487.70001,487.070007,487.070007,60960
2026-08-05 14:08:00,486.85999,487.49,486.67,487.45999,36249
2026-08-05 14:07:00,486.67001,486.98001,486.565,486.85999,41494
2026-08-05 14:06:00,486.88000,486.95001,486.17001,486.64261,48845
2026-08-05 14:05:00,487.040009,487.10300,486.67,486.84000,17885
2026-08-05 14:04:00,486.5,487.15,486.47000,487.079987,33009
2026-08-05 14:03:00,486.82999,487.14990,486.615,486.64999,28582
2026-08-05 14:02:00,486.29999,487.12000,486.20010,486.91000,34648
2026-08-05 14:01:00,487.12000,487.32999,486.39001,486.39001,47744
2026-08-05 14:00:00,487.39999,487.58801,487.070007,487.29990,43383
2026-08-05 13:59:00,487.39001,487.49750,487.12000,487.32001,34047
2026-08-05 13:58:00,487.45001,487.79990,487.32999,487.51999,29885
2026-08-05 13:57:00,487.79031,487.98,487.1,487.25,34587
2026-08-05 13:56:00,487.23999,487.97000,486.83011,487.88000,48508
2026-08-05 13:55:00,487.045013,487.20499,486.46,487.20499,51279
2026-08-05 13:54:00,487.17999,487.23999,487,487.045013,23570
2026-08-05 13:53:00,486.97000,487.51471,486.7,487.10001,44706
2026-08-05 13:52:00,487.51999,487.64999,486.70001,486.98999,49932
2026-08-05 13:51:00,486.74500,487.60001,486.70001,487.60001,38475
2026-08-05 13:50:00,486.97000,487.42990,486.70999,486.78000,46343
2026-08-05 13:49:00,486.85989,486.98001,486.58499,486.98001,38502
2026-08-05 13:48:00,486.59000,486.79999,486.31000,486.73499,42460
2026-08-05 13:47:00,485.20001,486.62000,485.14999,486.29230,40747
2026-08-05 13:46:00,485.51999,485.57990,484.94,485.35001,48090
2026-08-05 13:45:00,485.76999,485.81000,484.70999,485.39999,94531
2026-08-05 13:44:00,486.089996,486.16000,485.76999,485.98001,27147
2026-08-05 13:43:00,485.73999,486.26501,485.63000,486.089996,21965
2026-08-05 13:42:00,485.87000,486.010010,485.59180,485.84991,22888
2026-08-05 13:41:00,486.35501,486.36880,485.84000,485.92239,25626
2026-08-05 13:40:00,486.079987,486.88000,486.035004,486.42499,40235
2026-08-05 13:39:00,486.29999,486.38000,486,486.089996,18007
2026-08-05 13:38:00,485.95999,486.28,485.92001,486.19000,18873
2026-08-05 13:37:00,486.070007,486.28000,485.64999,485.87061,25010
2026-08-05 13:36:00,486.17001,486.54001,486,486.019989,36519
2026-08-05 13:35:00,485.78000,486.32001,485.57999,486.12000,38368
2026-08-05 13:34:00,486.14001,486.64001,485.61670,485.625,30734
2026-08-05 13:33:00,486.040009,486.20001,485.76501,486.20001,44296
2026-08-05 13:32:00,486.35001,486.47000,486.070007,486.079987,26026
2026-08-05 13:31:00,485.71500,486.42001,485.64999,486.35001,45050
2026-08-05 13:30:00,486.12000,486.14999,485.44000,485.75500,67159
2026-08-05 13:29:00,487.14499,487.14499,486.19000,486.23001,55260
2026-08-05 13:28:00,487.16000,487.35800,486.98001,487.19000,28007
2026-08-05 13:27:00,487.49500,487.49500,487.10840,487.10999,30097
2026-08-05 13:26:00,486.96259,487.47000,486.96259,487.39169,38556
2026-08-05 13:25:00,486.97839,487.17749,486.60001,487.089996,39455
2026-08-05 13:24:00,486.5,486.88000,486.29999,486.88000,20221
2026-08-05 13:23:00,485.82001,486.77,485.79,486.48001,24619
2026-08-05 13:22:00,486.35220,486.5,485.67999,485.81000,33352
2026-08-05 13:21:00,486.39999,486.53000,486.10709,486.32001,31115
2026-08-05 13:20:00,486.079987,486.54999,485.82001,486.40051,30615
2026-08-05 13:19:00,485.95001,486.5,485.75,486.084991,33424
2026-08-05 13:18:00,486,486.04,485.67001,485.95999,23663
2026-08-05 13:17:00,485.89001,486.14999,485.37851,486.024994,32987
2026-08-05 13:16:00,486.39499,486.58990,485.89999,485.89999,31200
2026-08-05 13:15:00,486.24991,486.60001,485.32999,486.39499,44337
2026-08-05 13:14:00,486.37000,486.51501,486.010010,486.15500,24974
2026-08-05 13:13:00,486.92999,487.005,486.45001,486.60501,45707
2026-08-05 13:12:00,486.90500,487.17001,486.51001,486.92999,29409
2026-08-05 13:11:00,486.054993,486.94000,485.89,486.92001,33886
2026-08-05 13:10:00,486.54980,486.54999,485.65210,485.97971,61549
2026-08-05 13:09:00,486.63000,486.76001,486.16000,486.39999,34363
2026-08-05 13:08:00,486.85001,487.010010,486.26999,486.62000,47793
2026-08-05 13:07:00,487.20001,487.23999,486.70001,486.77499,29945
2026-08-05 13:06:00,487.56870,487.73001,486.54999,487.089996,71745
2026-08-05 13:05:00,487.44000,487.60001,487.019989,487.54999,36641
2026-08-05 13:04:00,488.59000,488.59000,487.39999,487.42999,61803
2026-08-05 13:03:00,488.54831,488.8,488.29999,488.45999,34352
2026-08-05 13:02:00,489.47989,489.47989,488.70999,488.70999,26059
2026-08-05 13:01:00,489.095001,489.5,488.95999,489.33340,55043
2026-08-05 13:00:00,489.22000,489.5,488.28000,489.10501,64831
2026-08-05 12:59:00,489.13000,489.38321,489,489.21960,24374
2026-08-05 12:58:00,489.039886,489.39,488.89001,489.059998,24878
2026-08-05 12:57:00,488.97501,489.21,488.76999,489.084991,34759
2026-08-05 12:56:00,489.44400,489.51501,488.88010,488.97501,74702
2026-08-05 12:55:00,489.45999,489.79001,489.27560,489.39999,35720
2026-08-05 12:54:00,489.61551,489.66000,489.26001,489.45001,39519
2026-08-05 12:53:00,489.14999,489.85999,488.98999,489.68030,48818
2026-08-05 12:52:00,488.46011,489.31000,488.46011,489.23499,50161
2026-08-05 12:51:00,488.64999,489.040009,488.26001,488.57501,60065
2026-08-05 12:50:00,487.95001,488.60001,487.76010,488.47000,36034
2026-08-05 12:49:00,488.47000,488.79999,488,488,51317
2026-08-05 12:48:00,488.23499,488.44821,487.77499,488.39999,31161
2026-08-05 12:47:00,488.28000,488.37000,487.89001,488.23499,25497
2026-08-05 12:46:00,488.57001,488.59000,487.75,488.14999,37246
2026-08-05 12:45:00,487.26501,488.53000,486.75009,488.34610,58846
2026-08-05 12:44:00,488.29999,488.56989,487.16010,487.34000,62746
2026-08-05 12:43:00,487.48001,488.42001,487.26001,488.23001,53446
2026-08-05 12:42:00,488,488.14999,487.26001,487.37000,44559
2026-08-05 12:41:00,488.13501,488.73999,488.13501,488.26999,46077
2026-08-05 12:40:00,487.75751,488.41000,487.75751,488.14999,55061
2026-08-05 12:39:00,487.54999,487.98990,487.42001,487.74011,42801
2026-08-05 12:38:00,487.25,487.67001,486.99,487.54901,34738
2026-08-05 12:37:00,486.97961,487.35001,486.84000,487.20499,46749
2026-08-05 12:36:00,487.75,487.76990,486.71,486.89499,64939
2026-08-05 12:35:00,488.28500,488.42001,487.20999,487.65500,62270
2026-08-05 12:34:00,488.32001,488.58990,488.039001,488.28500,53656
2026-08-05 12:33:00,489.84000,489.90500,488.25009,488.29999,64668
2026-08-05 12:32:00,489.50201,490.22000,489.25,489.98499,53502
2026-08-05 12:31:00,490.22000,490.37000,489.16010,489.68970,66709
2026-08-05 12:30:00,491.24500,491.54001,490.049988,490.089996,81114
2026-08-05 12:29:00,491.16000,491.57999,490.89,491.33981,71578
2026-08-05 12:28:00,490.66989,491.42001,490.66989,491.075012,64952
2026-08-05 12:27:00,490.79999,491.049988,489.87000,490.76999,58845
2026-08-05 12:26:00,490.92999,490.92999,490.29999,490.67999,53285
2026-08-05 12:25:00,488.60501,491.73999,488.53070,490.76501,242735
2026-08-05 12:24:00,488.38501,488.92999,487.62009,488.57999,70636
2026-08-05 12:23:00,489.31000,489.45901,488.23001,488.23361,73711
2026-08-05 12:22:00,489.075012,489.46991,487.83951,489.29999,97581
2026-08-05 12:21:00,488.57999,489.48999,488.57999,489.075012,94934
2026-08-05 12:20:00,486.79001,488.645,486.78500,488.63000,76368
2026-08-05 12:19:00,487.66000,487.94650,486.62000,486.91989,59315
2026-08-05 12:18:00,488.45999,488.54999,487.76001,487.79999,44294
2026-08-05 12:17:00,488.45999,488.63940,487.64001,488.38000,53527
2026-08-05 12:16:00,487.64001,489.0098877,487.64001,488.32999,89813
2026-08-05 12:15:00,487.67499,488.19421,487.20001,487.79999,98397
2026-08-05 12:14:00,487.089203,487.69989,487,487.66000,52048
2026-08-05 12:13:00,487.059998,487.68,486.75,487.084991,86410
2026-08-05 12:12:00,486.79999,487.23001,486.64011,487.070007,43323
2026-08-05 12:11:00,486.45499,487.10501,486.36499,486.67999,39933
2026-08-05 12:10:00,486.0050049,486.53000,485.92001,486.47501,33940
2026-08-05 12:09:00,485.88000,486.45850,485.5,486.12000,51789
2026-08-05 12:08:00,485.85001,486.29999,485.73999,485.97000,43229
2026-08-05 12:07:00,487.084991,487.25,485.54010,485.70499,62504
2026-08-05 12:06:00,486.75500,487.44919,486.17001,487.024994,78127
2026-08-05 12:05:00,486.625,486.8,486.010010,486.76999,62148
2026-08-05 12:04:00,485.62000,486.88000,485.62000,486.62509,72964
2026-08-05 12:03:00,485.32001,486.4,485.23001,485.60400,96378
2026-08-05 12:02:00,484.75500,485.43991,484.31329,485.38000,59193
2026-08-05 12:01:00,484.82309,485.10999,484.39999,484.60010,53027
2026-08-05 12:00:00,483.75,484.82999,483.7,484.82999,70697
2026-08-05 11:59:00,483.85999,484.19501,483.67999,483.80499,46917
2026-08-05 11:58:00,483.12991,484.29001,482.85999,483.84451,53422
2026-08-05 11:57:00,483.51001,483.53000,482.39999,482.97000,58939
2026-08-05 11:56:00,483.089996,483.89990,482.5,483.51001,88643
2026-08-05 11:55:00,483.26001,483.26001,482.69711,483.089996,73763
2026-08-05 11:54:00,484.10501,484.13641,483.19000,483.19000,33642
2026-08-05 11:53:00,483.33249,484.23999,483.27,484.10501,58376
2026-08-05 11:52:00,483.5,483.85001,483.25,483.25,52001
2026-08-05 11:51:00,484.89001,484.89001,483.62100,483.63000,71133
2026-08-05 11:50:00,484.92990,485.45001,484.74939,484.95999,26687
2026-08-05 11:49:00,485.32001,485.79999,484.5,484.93671,48394
2026-08-05 11:48:00,485.26999,485.31,484.73999,485.21500,47262
2026-08-05 11:47:00,485.040009,485.75,484.95499,485.19000,31657
2026-08-05 11:46:00,485.27399,485.29001,484.54001,485.089996,69576
2026-08-05 11:45:00,485.84000,486.049988,484.42001,485.29001,100765
2026-08-05 11:44:00,486.25,486.25,485.48,485.88501,78282
2026-08-05 11:43:00,486.63300,486.71,486.029999,486.029999,48276
2026-08-05 11:42:00,485.98999,486.82999,485.88010,486.54001,95002
2026-08-05 11:41:00,485.60999,485.91,484.72000,485.85001,76455
2026-08-05 11:40:00,485.67001,486.36,485.42999,485.75,51209
2026-08-05 11:39:00,485.88989,486.39999,485.54001,485.91989,52578
2026-08-05 11:38:00,486.42999,486.67,485.70001,485.84500,84322
2026-08-05 11:37:00,484.73001,486.98999,484.65500,486.42999,109657
2026-08-05 11:36:00,484.82501,485.17001,484.41000,484.76501,63398
2026-08-05 11:35:00,483.90500,484.95001,483.70010,484.94711,60482
2026-08-05 11:34:00,484.54001,485.010010,483.59830,483.81500,70909
2026-08-05 11:33:00,485.89990,486,484.26001,484.42001,122990
2026-08-05 11:32:00,485.78989,486,485.29999,485.83499,89576
2026-08-05 11:31:00,484.91000,486.049988,484.91000,485.59250,168524
2026-08-05 11:30:00,484.46500,484.98999,484.34000,484.84500,87886
2026-08-05 11:29:00,483.47000,484.47000,483.26999,484.45499,74057
2026-08-05 11:28:00,483.72000,483.98001,482.70001,483.67499,62958
2026-08-05 11:27:00,482.79999,483.98001,482.70001,483.82999,77240
2026-08-05 11:26:00,482.73499,483.14999,482.41000,482.84000,45639
2026-08-05 11:25:00,481.85999,483.26999,481.5,482.82999,52969
2026-08-05 11:24:00,481.67001,483.056091,481.56000,481.94000,68828
2026-08-05 11:23:00,482.23999,482.84000,481.56500,481.57999,77367
2026-08-05 11:22:00,481.86499,482.47989,481.86499,482.28000,32942
2026-08-05 11:21:00,482.10999,482.79990,481.26999,482.010010,77255
2026-08-05 11:20:00,482.25,482.29999,481.88000,482.16000,52807
2026-08-05 11:19:00,480.61499,482.29999,480.61499,482.29999,94780
2026-08-05 11:18:00,481.33499,481.39999,479.90759,480.61499,158822
2026-08-05 11:17:00,481.13000,481.72009,480.75009,481.19000,53331
2026-08-05 11:16:00,481.35001,481.5,480.35001,481.13000,114837
2026-08-05 11:15:00,482.17001,483.049988,481.34000,481.57001,65079
2026-08-05 11:14:00,482.76990,483.02,481.85001,482.17001,87943
2026-08-05 11:13:00,483.89999,484.0625,482.56009,482.82050,95581
2026-08-05 11:12:00,483.45990,484.55991,483.22299,483.89999,63862
2026-08-05 11:11:00,485.25,485.69269,483.089996,483.32001,153137
2026-08-05 11:10:00,484.48001,485.25,484.16000,485.25,160282
2026-08-05 11:09:00,483.44501,484.81,483.19000,484.57999,134992
2026-08-05 11:08:00,483.38000,483.69501,482.47000,483.45001,94609
2026-08-05 11:07:00,482.29001,483.45,482.040009,483.38501,114939
2026-08-05 11:06:00,480.10001,482.45999,480.049988,482.14011,110374
2026-08-05 11:05:00,480.62000,481.28000,480.13000,480.20001,51048
2026-08-05 11:04:00,480.79999,480.91370,480.10999,480.48999,75184
2026-08-05 11:03:00,482.19000,482.22000,480.67001,480.67999,85810
2026-08-05 11:02:00,480.36499,482.52,480.36499,482.34991,134214
2026-08-05 11:01:00,480.66000,480.67999,479.78009,480.47000,72447
2026-08-05 11:00:00,480.82999,481.42859,480.51999,480.95499,62768
2026-08-05 10:59:00,480.79001,481.52,480.51001,480.75,65298
2026-08-05 10:58:00,480.45999,481.34000,480.14560,480.60501,66365
2026-08-05 10:57:00,480.37009,481.39999,480.054993,480.35800,111310
2026-08-05 10:56:00,479.62000,480.72,479.17999,480.19000,66327
2026-08-05 10:55:00,480.10999,480.55991,479.23639,480.095001,74676
2026-08-05 10:54:00,478.98001,480,478.61371,480,97044
2026-08-05 10:53:00,479.61499,480.32870,478.20001,478.92999,175117
2026-08-05 10:52:00,481.40500,481.54001,478.87000,479.78000,199825
2026-08-05 10:51:00,481.97000,482.52811,481.049988,481.39001,93510
2026-08-05 10:50:00,482.76001,483.13110,481.82999,482.12991,110062
2026-08-05 10:49:00,482.56000,483.85999,482.45999,482.87000,131680
2026-08-05 10:48:00,482.24060,483,481.70999,482.63000,114882
2026-08-05 10:47:00,482.12000,482.48990,481.1,482.39001,84574
2026-08-05 10:46:00,480.50500,482.64001,480.25,482.29999,113860
2026-08-05 10:45:00,481.32999,481.69000,479.29001,480.44501,348623
2026-08-05 10:44:00,481.92001,482.27499,480.81189,481.47501,111239
2026-08-05 10:43:00,481.72000,482.079987,480.88110,481.92001,113585
2026-08-05 10:42:00,481.81000,482.60999,480.92001,481.57001,102615
2026-08-05 10:41:00,481.51999,482.21,480.79999,481.97000,172002
2026-08-05 10:40:00,482.53000,483.28000,481.5,481.62000,155615
2026-08-05 10:39:00,483.049988,484.47000,482.29999,482.5,83939
2026-08-05 10:38:00,482.70499,483.5,482.16501,483.079987,143478
2026-08-05 10:37:00,484.89999,485.75,482.7,482.70999,102894
2026-08-05 10:36:00,484.72000,485.070007,483.5,485.070007,247246
2026-08-05 10:35:00,483.78000,485.51990,483.7,484.72000,113886
2026-08-05 10:34:00,484.47501,484.79999,483.088409,483.60001,114052
2026-08-05 10:33:00,484.14001,484.98001,483.22009,484.47501,95417
2026-08-05 10:32:00,483.54999,484.91000,483.20001,484,133251
2026-08-05 10:31:00,484.029999,484.37000,482.73,483.47501,177946
2026-08-05 10:30:00,486.72000,486.73999,483.17999,484.019989,233143
2026-08-05 10:29:00,486.59500,487.85001,486.59500,486.79999,83472
2026-08-05 10:28:00,488.029999,488.059998,486.29001,486.64499,100674
2026-08-05 10:27:00,487.91501,488.41989,486.51001,488,104172
2026-08-05 10:26:00,488.125,489.39499,486.50009,487.79999,143490
2026-08-05 10:25:00,487.73999,488.88989,487.17999,488.16000,125883
2026-08-05 10:24:00,486.20001,488.48990,485.76999,487.78000,149723
2026-08-05 10:23:00,485.79999,486.35989,484.71390,486.10501,273248
2026-08-05 10:22:00,486.67999,487.040009,485.57999,485.81500,166014
2026-08-05 10:21:00,486.64001,488.45,486.10001,486.5,134882
2026-08-05 10:20:00,488.35999,488.42001,485.88000,486.64499,229087
2026-08-05 10:19:00,490.10999,490.21500,488.20001,488.375,103496
2026-08-05 10:18:00,488.75500,490.28000,488.42001,490.10001,138728
2026-08-05 10:17:00,488.44501,489.22000,488.1,488.94000,88592
2026-08-05 10:16:00,489.85001,490.67001,488.2,488.48001,155619
2026-08-05 10:15:00,488.28000,490.31000,487.68250,490.019989,150018
2026-08-05 10:14:00,489.79999,490.29001,488.10001,488.35919,148469
2026-08-05 10:13:00,489.91000,490.76999,489.22,489.85001,120292
2026-08-05 10:12:00,491.20001,491.89999,489.76999,489.91000,146078
2026-08-05 10:11:00,492.83990,492.83990,490.79999,491.29999,95722
2026-08-05 10:10:00,492.48999,492.95251,490.66000,492.67499,165574
2026-08-05 10:09:00,492.26001,493.68781,491.54999,492.42999,174635
2026-08-05 10:08:00,492.22000,493.16000,491.95010,492.35501,153176
2026-08-05 10:07:00,490.20999,492.35001,490.10999,492.089996,212338
2026-08-05 10:06:00,490.089996,491,489.26999,490.10010,135795
2026-08-05 10:05:00,491.040009,492.23001,490,490.35501,278778
2026-08-05 10:04:00,488.94000,491.51999,488.68011,490.96701,260938
2026-08-05 10:03:00,487.27499,489.14999,487,488.73999,157572
2026-08-05 10:02:00,489.20349,489.225,485.79999,487.073303,359765
2026-08-05 10:01:00,492.57001,492.96991,489.019989,489.32001,328636
2026-08-05 10:00:00,494.22000,494.22000,490.60001,492.54501,239210
2026-08-05 09:59:00,496.33240,496.39200,493,494.25400,186196
2026-08-05 09:58:00,495.51999,496.51999,495.29999,496.42001,189331
2026-08-05 09:57:00,492.55499,496.10999,492.22,495.51999,293345
2026-08-05 09:56:00,490.54999,492.85001,490.11,492.54999,195100
2026-08-05 09:55:00,493.24500,494.08,489.91000,490.44501,244642
2026-08-05 09:54:00,492.88501,494.16,490.20999,493.24500,239806
2026-08-05 09:53:00,490.28000,493.01,489.5,492.79559,357466
2026-08-05 09:52:00,493.5,494.076294,490.28000,490.40500,355057
2026-08-05 09:51:00,496,497.72000,493.51001,493.51001,323646
2026-08-05 09:50:00,500.79001,502,495.75,496.019989,526268
2026-08-05 09:49:00,499.45999,501.68991,498.75,500.89999,438892
2026-08-05 09:48:00,495.95001,499.73511,495.64001,499.29999,357714
2026-08-05 09:47:00,496.11499,497.39990,494.51001,496.12000,247542
2026-08-05 09:46:00,493.48999,496.23871,493,496.10501,221768
2026-08-05 09:45:00,493.24899,496.34000,492.89001,493.5,327537
2026-08-05 09:44:00,494.73999,494.79099,492.29999,493.59000,202340
2026-08-05 09:43:00,493.38000,494.95001,492.96,494.70499,245729
2026-08-05 09:42:00,491.92999,493.64001,491.019989,493.34500,231953
2026-08-05 09:41:00,492.23999,492.95999,490.019989,491.79999,307211
2026-08-05 09:40:00,494.21811,498.39001,491.28000,492.28000,567321
2026-08-05 09:39:00,491.97000,495,490.85001,494.18500,394813
2026-08-05 09:38:00,487.95001,493.91000,487.95001,491.57999,468164
2026-08-05 09:37:00,488.42999,488.73001,486.54001,487.79669,363186
2026-08-05 09:36:00,494.55499,495.67001,485.375,488.51361,642962
2026-08-05 09:35:00,494.13501,495.28000,491.85001,494.45499,609669
2026-08-05 09:34:00,486.89999,494.60001,486.65,494.15500,736897
2026-08-05 09:33:00,487.39499,488.48990,481.67999,486.85840,537405
2026-08-05 09:32:00,482.88000,488.87000,480.44000,487.10001,602035
2026-08-05 09:31:00,484.88000,486.82001,481.57001,482.88000,495864
2026-08-05 09:30:00,484.49500,488,481.20001,484.73999,5275126
2026-08-04 15:59:00,520.48999,526,518.59998,526,793378
2026-08-04 15:58:00,520.50500,521.50989,520,520.23010,418257
2026-08-04 15:57:00,522.81000,523.84998,520.40002,520.40002,339138
2026-08-04 15:56:00,523.32001,523.81989,522.63000,522.86499,229339
2026-08-04 15:55:00,525,525.57001,521.02,523.27502,397937
2026-08-04 15:54:00,526.35999,526.74,524.5,524.82501,286756
2026-08-04 15:53:00,527.0050049,527.39899,526.049988,526.36499,155424
2026-08-04 15:52:00,528.28998,528.28998,526.5,526.91998,144573
2026-08-04 15:51:00,528.40503,528.59497,527.81439,528.15002,154497
2026-08-04 15:50:00,526.67999,528.37,525.98999,528.22998,198910
2026-08-04 15:49:00,527.19000,527.42999,526.4,526.64221,77880
2026-08-04 15:48:00,527.013123,527.17,526.37000,527.10999,81688
2026-08-04 15:47:00,527.39001,527.55,526.9,527.059998,108583
2026-08-04 15:46:00,527.53998,528.59003,527.27002,527.48401,190859
2026-08-04 15:45:00,527.59998,527.65253,527.1,527.45001,87487
2026-08-04 15:44:00,527.40997,527.72998,527.29901,527.54999,68669
2026-08-04 15:43:00,527.71503,527.72998,527.12,527.34497,100088
2026-08-04 15:42:00,527.39001,527.88000,527.27502,527.70502,52138
2026-08-04 15:41:00,527.77502,527.86,527.21,527.25,65272
2026-08-04 15:40:00,527.32501,527.87000,527.15002,527.77002,75996
2026-08-04 15:39:00,527.15503,527.54999,527.020020,527.34497,73149
2026-08-04 15:38:00,527.69000,527.96002,527.049988,527.099976,85338
2026-08-04 15:37:00,527,527.92999,526.86,527.76990,82732
2026-08-04 15:36:00,527.52002,527.84003,526.81000,526.87018,79827
2026-08-04 15:35:00,527.31000,527.66998,526.88000,527.65002,77588
2026-08-04 15:34:00,527.11938,527.40991,526.71997,527.16998,70267
2026-08-04 15:33:00,527.33002,527.57001,526.92462,527.065002,83851
2026-08-04 15:32:00,527.075012,527.46002,526.90997,527.46002,52393
2026-08-04 15:31:00,527.22778,527.33002,526.49,527.099976,71094
2026-08-04 15:30:00,526.71997,527.48999,526.45,527.33002,89752
2026-08-04 15:29:00,526.90002,527.049988,526.46008,526.88000,50627
2026-08-04 15:28:00,526.74329,527.22998,526.48999,526.81000,54382
2026-08-04 15:27:00,526.36499,527.46991,526.26001,526.73010,66016
2026-08-04 15:26:00,525.70642,526.52002,525.62000,526.39728,51684
2026-08-04 15:25:00,526.72998,527.22998,525.56,525.65002,125634
2026-08-04 15:24:00,526.73999,527.39001,526.57001,526.66498,62329
2026-08-04 15:23:00,526.91998,527.31000,526.71997,526.73999,89015
2026-08-04 15:22:00,526.79999,527.059998,526.36011,527.059998,75680
2026-08-04 15:21:00,527.48999,527.70001,526.69012,526.87201,122147
2026-08-04 15:20:00,528.45001,528.48999,527.35498,527.52502,72207
2026-08-04 15:19:00,527.96002,528.51001,527.84998,528.47998,59793
2026-08-04 15:18:00,528.28003,528.44989,527.79999,527.96002,53982
2026-08-04 15:17:00,528.21503,528.46002,528.13,528.33502,59292
2026-08-04 15:16:00,527.79498,528.41998,527.62,528.21503,55634
2026-08-04 15:15:00,527.76001,528.25,527.71002,527.86810,92114
2026-08-04 15:14:00,528.45001,528.52002,527.34003,527.68439,102095
2026-08-04 15:13:00,528.54498,528.79999,528.3,528.40320,57346
2026-08-04 15:12:00,529.42499,529.425,528.47998,528.57501,66593
2026-08-04 15:11:00,529.17499,529.64001,529.069702,529.48999,71666
2026-08-04 15:10:00,529.40997,529.63000,529.09,529.17499,71239
2026-08-04 15:09:00,529.21503,529.58002,529.10999,529.51001,63697
2026-08-04 15:08:00,529.40002,529.46997,528.91,529.22998,68733
2026-08-04 15:07:00,529.125,529.64001,529.125,529.37097,78487
2026-08-04 15:06:00,528.65997,529.15991,528.12000,529.14001,70339
2026-08-04 15:05:00,528.58002,529.14001,528.57001,528.71997,62505
2026-08-04 15:04:00,529.13000,529.13000,528.21002,528.44000,56466
2026-08-04 15:03:00,529.17499,529.46997,529.039978,529.040100,48225
2026-08-04 15:02:00,529.52588,529.59991,528.72998,529.17511,65193
2026-08-04 15:01:00,529.21002,529.86987,529.10999,529.54150,75680
2026-08-04 15:00:00,528.70001,529.21991,528.090027,529.11151,85976
2026-08-04 14:59:00,528.46997,528.90002,528.46997,528.64001,50354
2026-08-04 14:58:00,528.15503,528.60352,528.051025,528.58002,53296
2026-08-04 14:57:00,527.65503,528.20001,527.59998,528.20001,47425
2026-08-04 14:56:00,527.97998,528.13000,527.59998,527.65503,44760
2026-08-04 14:55:00,528.17999,528.31000,527.74,527.97021,43386
2026-08-04 14:54:00,527.78003,528.40851,527.58002,528.15991,91697
2026-08-04 14:53:00,527.63000,527.75,527.29999,527.72400,45236
2026-08-04 14:52:00,528.070007,528.070007,527.57001,527.77002,48045
2026-08-04 14:51:00,527.92499,528.20001,527.75629,528.090027,45624
2026-08-04 14:50:00,527.96503,528.15002,527.75,527.89001,29189
2026-08-04 14:49:00,528.23560,528.44000,527.82001,527.88000,34641
2026-08-04 14:48:00,528.33002,528.66541,528.020020,528.22998,49183
2026-08-04 14:47:00,527.71002,528.39001,527.48010,528.21002,54589
2026-08-04 14:46:00,527.39990,527.79999,527.25012,527.62000,49918
2026-08-04 14:45:00,526.35211,527.5,526.35211,527.23358,66380
2026-08-04 14:44:00,526.38000,526.59003,526.22998,526.35999,29291
2026-08-04 14:43:00,526.028015,526.76001,526.010010,526.39502,94789
2026-08-04 14:42:00,526.82013,526.93,526,526.10498,37176
2026-08-04 14:41:00,526.025024,526.93,525.95001,526.73242,40428
2026-08-04 14:40:00,526.18011,526.23,525.58209,526.031921,37960
2026-08-04 14:39:00,525.91998,526.29999,525.79999,526.23499,41484
2026-08-04 14:38:00,525.96210,526.15997,525.76001,525.875,44492
2026-08-04 14:37:00,526.97998,526.97998,525.59998,525.89001,72062
2026-08-04 14:36:00,526.75592,527.16998,526.65369,526.96002,34589
2026-08-04 14:35:00,527.14502,527.29999,526.66998,526.76019,40901
2026-08-04 14:34:00,527.12042,527.495,527.010620,527.15997,28230
2026-08-04 14:33:00,527.34003,527.34003,527,527.070007,42336
2026-08-04 14:32:00,527.27887,527.54,527.16998,527.45001,24602
2026-08-04 14:31:00,527.60999,527.87,527.16058,527.20001,38618
2026-08-04 14:30:00,527.18500,527.68,527.030029,527.67859,27438
2026-08-04 14:29:00,527.075012,527.22998,526.96997,527.22998,28374
2026-08-04 14:28:00,527.039978,527.26,526.94000,527.057495,33570
2026-08-04 14:27:00,527.39001,527.56848,526.77002,527,45871
2026-08-04 14:26:00,527.55499,527.76001,527.19012,527.33002,39141
2026-08-04 14:25:00,527.37000,527.80499,527.37000,527.70001,21687
2026-08-04 14:24:00,527.89001,528.15002,527.19000,527.47998,56458
2026-08-04 14:23:00,527.96002,528.26001,527.81732,527.87000,24416
2026-08-04 14:22:00,527.75500,528.48999,527.71997,527.89001,49846
2026-08-04 14:21:00,528.27002,528.4,527.62000,527.82501,53475
2026-08-04 14:20:00,527.84003,528.39001,527.54999,528.15009,58385
2026-08-04 14:19:00,527.82001,528,527.49,527.74500,57405
2026-08-04 14:18:00,527.14502,527.91998,527.14001,527.82001,37439
2026-08-04 14:17:00,526.96997,527.48993,526.83008,527.14502,36055
2026-08-04 14:16:00,527.099976,527.25,526.83002,527,37338
2026-08-04 14:15:00,527.22498,527.37000,526.78009,527.030029,38496
2026-08-04 14:14:00,526.60999,527.34003,526.45001,527.14001,37942
2026-08-04 14:13:00,526.56000,526.79999,526.31000,526.69000,34098
2026-08-04 14:12:00,525.97998,526.64001,525.79010,526.45001,31985
2026-08-04 14:11:00,525.65002,526.098206,525.54999,525.89502,24386
2026-08-04 14:10:00,526.70001,526.83002,525.40002,525.80499,56224
2026-08-04 14:09:00,526.080017,526.97998,525.83521,526.52002,75826
2026-08-04 14:08:00,526.14001,526.27002,525.69000,526.27002,27917
2026-08-04 14:07:00,525.70001,526.48999,525.70001,526.030029,49279
2026-08-04 14:06:00,526.15997,526.29590,525.39001,525.55450,54391
2026-08-04 14:05:00,525.82501,526.48993,525.5,526.13501,41144
2026-08-04 14:04:00,526.41998,526.46,525.40002,525.89392,45139
2026-08-04 14:03:00,526.14001,526.65997,525.75,526.41498,38630
2026-08-04 14:02:00,526.39502,526.63000,525.79,526.17999,46262
2026-08-04 14:01:00,525.71002,526.5,525.21997,526.32501,46507
2026-08-04 14:00:00,526.025024,526.37000,525.28998,525.56500,73602
2026-08-04 13:59:00,526.94501,527.054993,525.77,526.044983,112041
2026-08-04 13:58:00,527.41998,527.75989,526.90009,526.90009,56511
2026-08-04 13:57:00,527.37000,527.98999,527.23010,527.31000,63278
2026-08-04 13:56:00,527.13049,527.63000,526.9,527.34009,43890
2026-08-04 13:55:00,527.10999,527.46997,526.33002,527.12000,52525
2026-08-04 13:54:00,527.049988,527.31897,526.79303,527.21002,43851
2026-08-04 13:53:00,526.92999,527.28992,526.77,527.13000,63637
2026-08-04 13:52:00,526.83002,527.19989,526.48999,526.82501,63868
2026-08-04 13:51:00,527.78497,527.88000,526.7,526.79041,94748
2026-08-04 13:50:00,529.16998,529.25,527.61,527.87988,106814
2026-08-04 13:49:00,529.54999,530.13000,529,529.19000,147218
2026-08-04 13:48:00,529.39783,529.90387,529.37311,529.64001,67215
2026-08-04 13:47:00,529.51001,529.77991,529.28210,529.39001,73682
2026-08-04 13:46:00,528.64001,529.56000,528.64,529.39001,74893
2026-08-04 13:45:00,527.90002,528.84003,527.87,528.59003,88081
2026-08-04 13:44:00,527.85999,527.85999,527.57001,527.79999,34132
2026-08-04 13:43:00,527.95990,528.33002,527.62000,527.88000,81270
2026-08-04 13:42:00,527.56500,528.05,527.40002,528.049988,89076
2026-08-04 13:41:00,527.39502,527.63000,527.099976,527.56500,71116
2026-08-04 13:40:00,526.70502,527.48999,526.53003,527.42999,73409
2026-08-04 13:39:00,526.54999,526.85999,526.42999,526.76501,40936
2026-08-04 13:38:00,526.17999,526.71948,526.17999,526.57001,61171
2026-08-04 13:37:00,525.69000,526.215,525.63000,526.17999,56104
2026-08-04 13:36:00,525.67999,525.70001,525.44,525.60999,25520
2026-08-04 13:35:00,525.59497,525.70001,525.40002,525.48999,39848
2026-08-04 13:34:00,525.20001,525.70001,524.98999,525.54498,43031
2026-08-04 13:33:00,525.94000,526.25330,525.32001,525.32501,28508
2026-08-04 13:32:00,525.28003,526.090027,525.28003,526.059998,54541
2026-08-04 13:31:00,525.45001,525.52,525.049988,525.34003,28483
2026-08-04 13:30:00,525.79999,525.79999,525.15997,525.5,40801
2026-08-04 13:29:00,526.049988,526.15503,525.58002,525.77002,33209
2026-08-04 13:28:00,526.21002,526.27991,526.030029,526.21997,26553
2026-08-04 13:27:00,526.099976,526.53003,525.92999,526.29999,46101
2026-08-04 13:26:00,525.90997,526.65997,525.90503,526.15997,65478
2026-08-04 13:25:00,525.92499,526.17987,525.76001,525.91998,37843
2026-08-04 13:24:00,525.88348,526.099976,525.67352,525.96002,38506
2026-08-04 13:23:00,525.30499,525.79999,525.049988,525.79999,33839
2026-08-04 13:22:00,525.010010,525.44751,524.97998,525.33002,22515
2026-08-04 13:21:00,524.75,525.34998,524.73999,525.020020,34401
2026-08-04 13:20:00,525.030029,525.45947,524.76471,524.82001,32840
2026-08-04 13:19:00,525.030029,525.27002,524.78003,524.98999,50266
2026-08-04 13:18:00,525.45502,525.51990,524.78027,525.010010,48683
2026-08-04 13:17:00,525.40320,525.76947,524.96997,525.53729,38983
2026-08-04 13:16:00,526.12671,526.33002,525.099976,525.21997,81731
2026-08-04 13:15:00,526.039978,526.40912,525.78003,526.26001,50678
2026-08-04 13:14:00,525.67639,526.03,525.51001,525.76001,45255
2026-08-04 13:13:00,525.81000,526.39001,525.54999,525.66498,60008
2026-08-04 13:12:00,525.44000,525.95990,525.28998,525.73999,50410
2026-08-04 13:11:00,525.57501,525.92999,525.14001,525.28998,115201
2026-08-04 13:10:00,525.78558,526,524.75,525.58502,95636
2026-08-04 13:09:00,525.79999,526,525.63000,525.90002,29796
2026-08-04 13:08:00,526.29999,526.40997,525.67999,526,39050
2026-08-04 13:07:00,525.87000,526.29688,525.72998,526.16998,50980
2026-08-04 13:06:00,525.71002,525.98999,525.36011,525.90997,35315
2026-08-04 13:05:00,525.60999,526.39,525.53998,525.73969,97069
2026-08-04 13:04:00,524.17999,525.84900,524.12030,525.60999,97990
2026-08-04 13:03:00,523.79999,524.21002,523.63501,524.16602,30308
2026-08-04 13:02:00,524.19000,524.23,523.61078,523.875,30471
2026-08-04 13:01:00,524.14001,524.49,524.06,524.22998,29638
2026-08-04 13:00:00,524,524.34998,523.99500,524.15002,36186
2026-08-04 12:59:00,524.020020,524.26,523.79,524.030029,31994
2026-08-04 12:58:00,524.050110,524.16,523.83,524.15002,19506
2026-08-04 12:57:00,524.020020,524.26001,523.855,524.054993,29219
2026-08-04 12:56:00,523.62000,524.07,523.54,524.020020,33590
2026-08-04 12:55:00,523.94000,524,523.54999,523.58002,29730
2026-08-04 12:54:00,524.22998,524.47449,523.87299,524.070007,42855
2026-08-04 12:53:00,524.40002,524.5,524.12000,524.33502,26147
2026-08-04 12:52:00,524.40002,524.61578,524.19000,524.48999,60620
2026-08-04 12:51:00,524.21002,524.49,523.81012,524.32501,77743
2026-08-04 12:50:00,524.60999,524.74988,524.060120,524.11060,39779
2026-08-04 12:49:00,524.53998,524.63,524.20001,524.58002,44475
2026-08-04 12:48:00,524.47998,524.87988,524.42999,524.42999,35798
2026-08-04 12:47:00,524.16998,524.60498,524.099976,524.55499,35209
2026-08-04 12:46:00,524.19000,524.65002,524.099976,524.16998,40012
2026-08-04 12:45:00,524.030029,524.20001,523.81000,524.20001,33036
2026-08-04 12:44:00,523.84998,524.27002,523.81000,524,52112
2026-08-04 12:43:00,523.69501,524.059998,523.62000,523.76001,30547
2026-08-04 12:42:00,523.65002,523.82727,523.27002,523.63000,49616
2026-08-04 12:41:00,523.64410,523.97998,523.40002,523.75989,48350
2026-08-04 12:40:00,524.77502,524.77502,523.62000,523.62000,53702
2026-08-04 12:39:00,524.71979,524.92999,524.41,524.89001,50553
2026-08-04 12:38:00,524.60999,524.76001,523.85999,524.75,136396
2026-08-04 12:37:00,524.73999,524.84998,524.41498,524.65997,38741
2026-08-04 12:36:00,524.71997,524.89001,524.53772,524.65002,22001
2026-08-04 12:35:00,524.5,524.90002,524.32001,524.66760,36263
2026-08-04 12:34:00,524.70001,524.82001,524.24908,524.46002,40527
2026-08-04 12:33:00,524.5,524.97998,524.30011,524.71002,54687
2026-08-04 12:32:00,524.71002,525.33990,524.44000,524.48999,179819
2026-08-04 12:31:00,524.18939,524.86,523.90002,524.60010,47313
2026-08-04 12:30:00,524.33502,524.49988,523.23999,524.099976,83948
2026-08-04 12:29:00,524.44000,524.70001,524.23999,524.32501,40401
2026-08-04 12:28:00,524.25,524.67999,524.020020,524.48999,37651
2026-08-04 12:27:00,524.40002,524.89001,524.22998,524.41998,45018
2026-08-04 12:26:00,524.039001,524.36768,524,524.35498,27321
2026-08-04 12:25:00,524.63501,524.69989,523.65997,524.065002,72836
2026-08-04 12:24:00,524.27502,524.90002,524.24500,524.63501,45695
2026-08-04 12:23:00,524.28003,524.4,524.02,524.23499,33855
2026-08-04 12:22:00,524.19501,524.69000,524.14,524.20001,48700
2026-08-04 12:21:00,523.56000,524.29999,523.53,524.18500,50211
2026-08-04 12:20:00,523.85999,523.95081,523.065,523.5,39171
2026-08-04 12:19:00,523.46997,524.070007,523.37000,523.84497,54662
2026-08-04 12:18:00,522.69989,523.47998,522.56000,523.40509,48468
2026-08-04 12:17:00,522.21503,522.96002,522.215,522.61499,46747
2026-08-04 12:16:00,521.58002,522.37000,521.58002,522.17999,64218
2026-08-04 12:15:00,521.82922,521.97992,521.32,521.58502,38783
2026-08-04 12:14:00,521.92999,522,521.51001,521.76501,45634
2026-08-04 12:13:00,521.70001,522,521.55029,521.81000,53526
2026-08-04 12:12:00,521.59998,521.81079,521.15021,521.64502,50457
2026-08-04 12:11:00,522.81500,522.81500,521.5,521.59998,82337
2026-08-04 12:10:00,522.77002,522.98999,522.2,522.83502,67773
2026-08-04 12:09:00,523.29498,523.5,522.69000,522.78003,55578
2026-08-04 12:08:00,523.11499,523.37,522.90009,523.35999,39845
2026-08-04 12:07:00,522.64502,523.42999,522.46002,523.11499,94469
2026-08-04 12:06:00,522.88501,523.070007,522.41998,522.55499,84674
2026-08-04 12:05:00,522.53998,523.26001,522.34003,522.83252,60323
2026-08-04 12:04:00,522.77002,522.9,521.05,522.73999,144791
2026-08-04 12:03:00,523.77002,523.79993,522.77002,522.77002,72422
2026-08-04 12:02:00,523.90991,524.19000,523.66998,523.83502,74666
2026-08-04 12:01:00,524.78998,524.9,523.5,523.83002,124631
2026-08-04 12:00:00,522.46008,524.83002,522.46008,524.77002,148744
2026-08-04 11:59:00,522.21997,522.68,521.83002,522.52502,166812
2026-08-04 11:58:00,521.84998,522.45880,521.72,522.34998,48717
2026-08-04 11:57:00,521.52002,522.010010,521.48999,521.84021,32847
2026-08-04 11:56:00,522.44122,522.56,521.40002,521.57819,93348
2026-08-04 11:55:00,521.94501,522.45001,521.62,522.34003,93133
2026-08-04 11:54:00,522.044983,522.41992,521.79498,521.96753,81772
2026-08-04 11:53:00,521.70502,522.19000,521.65997,522.049988,77118
2026-08-04 11:52:00,521.46991,521.83789,521.37378,521.72180,72957
2026-08-04 11:51:00,520.88019,521.5,520.85999,521.44000,44698
2026-08-04 11:50:00,520.37000,521.5,520.35999,520.90002,102832
2026-08-04 11:49:00,520.75,520.75,520.059998,520.33002,31469
2026-08-04 11:48:00,520.72998,520.88000,520.54,520.71002,30449
2026-08-04 11:47:00,520.64001,520.97998,520.51001,520.63000,47237
2026-08-04 11:46:00,520.46997,520.75,520.35010,520.65997,31519
2026-08-04 11:45:00,520.71503,520.76990,520.39,520.46997,38530
2026-08-04 11:44:00,520.32898,520.78998,520.29999,520.66022,39570
2026-08-04 11:43:00,520.34998,520.5,520.040100,520.29999,38799
2026-08-04 11:42:00,519.73999,520.38000,519.40009,520.27008,44999
2026-08-04 11:41:00,519.89001,520.17,519.41400,519.72650,46721
2026-08-04 11:40:00,519.85498,520.35309,519.585,519.76501,38169
2026-08-04 11:39:00,520.72498,520.87000,519.66,519.79999,68877
2026-08-04 11:38:00,519.41998,520.85999,519.09,520.73499,111029
2026-08-04 11:37:00,518.95001,519.6,518.75,519.47998,43254
2026-08-04 11:36:00,518.92499,519.12561,518.68018,518.88501,40597
2026-08-04 11:35:00,518.71002,519.21002,518.58002,518.92499,56970
2026-08-04 11:34:00,518.98999,519.099976,518.51001,518.58002,55694
2026-08-04 11:33:00,518.89819,519.37000,518.67010,519.089905,46434
2026-08-04 11:32:00,519.36121,519.36121,518.78998,518.79999,41246
2026-08-04 11:31:00,518.90002,519.29907,518.79999,519.28497,32434
2026-08-04 11:30:00,519.27002,519.5,518.79999,518.84998,47897
2026-08-04 11:29:00,519.44000,519.53998,518.77271,519.33002,64884
2026-08-04 11:28:00,519.27002,519.87000,519.010010,519.51001,45356
2026-08-04 11:27:00,520.29999,520.52942,519.16010,519.27002,61661
2026-08-04 11:26:00,520.31012,520.56000,519.51837,520.25,76407
2026-08-04 11:25:00,520.76001,521.099976,520.34009,520.40997,81615
2026-08-04 11:24:00,520.76001,521.13,520.59998,520.71997,49152
2026-08-04 11:23:00,520.79999,521.69000,520.49640,520.83502,101366
2026-08-04 11:22:00,520.59998,521.19031,520.39001,520.90002,122182
2026-08-04 11:21:00,519.92499,520.67340,519.79010,520.59998,220627
2026-08-04 11:20:00,519.27502,519.99,519.13000,519.92499,55304
2026-08-04 11:19:00,518.92999,519.62000,518.85999,519.46002,40174
2026-08-04 11:18:00,518.95001,519.19000,518.51001,518.83002,33667
2026-08-04 11:17:00,518.83502,519.10669,518.47998,518.95001,38364
2026-08-04 11:16:00,518.73138,519.33502,518.64209,518.85498,49266
2026-08-04 11:15:00,519.52002,519.52002,518.63281,518.99463,43917
2026-08-04 11:14:00,519.26001,519.84,519.010010,519.68500,46414
2026-08-04 11:13:00,519.52002,519.95001,519.2,519.34998,64607
2026-08-04 11:12:00,518.76001,519.53998,518.76001,519.40997,79396
2026-08-04 11:11:00,518.015015,518.65002,517.84729,518.65002,33524
2026-08-04 11:10:00,518.44000,518.53,517.85010,518.15997,47672
2026-08-04 11:09:00,518.90601,519.11,518.090027,518.32001,67730
2026-08-04 11:08:00,518.78998,519,518.5,518.81500,40112
2026-08-04 11:07:00,518.55920,518.90002,518.46,518.76001,51278
2026-08-04 11:06:00,517.40997,518.69000,517.34003,518.59998,49942
2026-08-04 11:05:00,518.020020,518.20721,517.33051,517.54498,63046
2026-08-04 11:04:00,518.44501,518.84998,517.91290,518.010010,77101
2026-08-04 11:03:00,519.21503,519.69000,518.45001,518.45001,114055
2026-08-04 11:02:00,518.12000,519.30499,517.90997,519.17999,252804
2026-08-04 11:01:00,516.79999,518.22998,516.51001,518.12000,80723
2026-08-04 11:00:00,516.66998,517.31653,516.51,516.69000,91361
2026-08-04 10:59:00,515.94000,516.90002,515.92999,516.42023,42815
2026-08-04 10:58:00,515.67999,516.27002,515.65002,515.90002,33020
2026-08-04 10:57:00,515.79999,517.47998,515.71,515.71002,134382
2026-08-04 10:56:00,516.049988,516.65997,515.81000,515.94501,55657
2026-08-04 10:55:00,517.72998,517.72998,515.81000,515.93500,91129
2026-08-04 10:54:00,517.38501,518.41998,517.20001,517.78998,122614
2026-08-04 10:53:00,518.15997,518.19000,517.2,517.30988,123463
2026-08-04 10:52:00,516.044983,518.13000,515.95001,518.13000,143857
2026-08-04 10:51:00,517,517.099976,515.71002,516.20001,91110
2026-08-04 10:50:00,515.21002,517.0050049,515.19000,516.91998,107977
2026-08-04 10:49:00,515.70502,516.14630,515.25,515.44122,62795
2026-08-04 10:48:00,515.25250,515.73999,515.19501,515.65503,25765
2026-08-04 10:47:00,515,515.45001,514.78,515.28497,51098
2026-08-04 10:46:00,514.87000,515.48999,514.63000,515.20001,35758
2026-08-04 10:45:00,516.15002,516.31989,514.69000,514.78998,76998
2026-08-04 10:44:00,515.63000,516.35999,515.43500,516.35999,44248
2026-08-04 10:43:00,515.25,515.95001,515.020020,515.69000,43240
2026-08-04 10:42:00,515.29999,515.88000,515.020020,515.33002,57642
2026-08-04 10:41:00,516.40002,516.63,515.27002,515.38501,106907
2026-08-04 10:40:00,516.57001,517.030029,516.03,516.54999,64357
2026-08-04 10:39:00,516.080017,516.97919,516.010010,516.40997,55041
2026-08-04 10:38:00,517,517.42999,515.89001,516.24750,105184
2026-08-04 10:37:00,516.26001,517.48999,515.81000,517.20001,95807
2026-08-04 10:36:00,517.58002,517.75897,516.039978,516.23499,83399
2026-08-04 10:35:00,516.40997,517.70001,516.34003,517.40009,52302
2026-08-04 10:34:00,516.75,517.26819,516.12000,516.60999,64450
2026-08-04 10:33:00,516.40503,517.71997,516.39,516.47998,78031
2026-08-04 10:32:00,515.21997,516.5,515,516.47998,60002
2026-08-04 10:31:00,515.39001,516.64001,515.37000,515.58002,71296
2026-08-04 10:30:00,517.41998,517.70001,515.099976,515.099976,106138
2026-08-04 10:29:00,516.55499,517.55,516.16010,517.48499,103075
2026-08-04 10:28:00,516.36499,517,516.059998,516.84448,78091
2026-08-04 10:27:00,515.46002,516.5,515.070007,516.27002,59335
2026-08-04 10:26:00,515.35291,516.06,515.20001,515.48999,80030
2026-08-04 10:25:00,514.56000,515.93,513.83,515.41998,92695
2026-08-04 10:24:00,515.14001,515.14001,513.57001,514.52502,81235
2026-08-04 10:23:00,515.14001,515.52002,514.030090,515.080017,70737
2026-08-04 10:22:00,514.62000,515.22998,514.090027,515.054993,71384
2026-08-04 10:21:00,513.77002,514.70947,513.59998,514.47998,102578
2026-08-04 10:20:00,515,515.075378,512.31049,513.67499,114812
2026-08-04 10:19:00,513.91998,515,513.79999,514.95502,97507
2026-08-04 10:18:00,515.34998,515.6,513.67999,513.79999,127689
2026-08-04 10:17:00,515.66498,515.92499,514.98999,515.16998,72692
2026-08-04 10:16:00,515.40002,516.69000,515.40002,515.59009,84335
2026-08-04 10:15:00,515.52502,516.29999,515.090027,515.59003,88618
2026-08-04 10:14:00,514.375,515.505,514.30011,515.5,56256
2026-08-04 10:13:00,515.28998,515.72241,514.20630,514.34998,80591
2026-08-04 10:12:00,515.57001,515.88989,514.91479,515.21997,58509
2026-08-04 10:11:00,513.91998,516.23999,513.69000,515.83002,83549
2026-08-04 10:10:00,513.67499,514.35,512.65997,513.95502,81613
2026-08-04 10:09:00,516.53998,516.53998,513.049988,513.81000,124502
2026-08-04 10:08:00,515.96002,517.08,515.58002,516.66498,89696
2026-08-04 10:07:00,516.41998,516.85999,515.55499,515.70117,133937
2026-08-04 10:06:00,517.59003,517.81989,516.40002,516.56000,138327
2026-08-04 10:05:00,515.23499,517.50500,515.11,517.50500,189224
2026-08-04 10:04:00,515.14001,516.65997,514.90002,515.31641,231635
2026-08-04 10:03:00,512.41498,515.82001,512.41498,515.099976,199081
2026-08-04 10:02:00,511.64001,513.25549,511.45001,512.41498,143371
2026-08-04 10:01:00,512.18011,512.18011,509.089996,511.375,139874
2026-08-04 10:00:00,511.10999,512.47998,510.63010,512.30658,142342
2026-08-04 09:59:00,510.51999,511.095001,509.57999,511.095001,97317
2026-08-04 09:58:00,509.60001,510.65961,509.5,510.42499,114815
2026-08-04 09:57:00,508.35001,510.52499,508.29880,509.44501,111466
2026-08-04 09:56:00,510.65839,511.089996,507.72000,508.57950,196119
2026-08-04 09:55:00,512.25,512.71002,510.60001,510.60001,89941
2026-08-04 09:54:00,513.28003,514,511.23001,512.31000,118727
2026-08-04 09:53:00,514.44000,515.10999,512.65997,513.36670,140603
2026-08-04 09:52:00,513.38000,514.45001,512,514.065002,118970
2026-08-04 09:51:00,512.33002,514.17853,512.19061,513.79999,135776
2026-08-04 09:50:00,511.29999,514.47992,511.10010,512.47998,165723
2026-08-04 09:49:00,511.70499,512.27002,510.20001,511.20999,160281
2026-08-04 09:48:00,513.55499,513.96997,511.23001,511.70499,175629
2026-08-04 09:47:00,513.34998,513.77667,512.5,513.55499,125906
2026-08-04 09:46:00,513.94000,514.35999,512.56531,513.71997,122137
2026-08-04 09:45:00,511.75580,515.15002,511.57999,514.23999,222715
2026-08-04 09:44:00,510.92010,512.57922,510.51999,511.85501,159551
2026-08-04 09:43:00,515.52258,515.62000,510.70999,511.56000,155621
2026-08-04 09:42:00,514.65997,516.68988,514.20001,515.42999,309773
2026-08-04 09:41:00,510.96500,514.75,510.79999,514.75,197571
2026-08-04 09:40:00,510.5,512.69733,510.41,510.92001,163412
2026-08-04 09:39:00,509.44000,510.45001,508.51001,510.20999,136099
2026-08-04 09:38:00,510.079987,511.78000,509,509.32001,161111
2026-08-04 09:37:00,510.79501,511.73001,509.32761,509.60001,184045
2026-08-04 09:36:00,511.23001,512.88000,510.59052,510.87000,151723
2026-08-04 09:35:00,510.11520,512.19000,510,511.23001,189553
2026-08-04 09:34:00,511.33270,511.48999,508.26001,510.13501,138069
2026-08-04 09:33:00,507.35001,511.35001,506.32999,511.070007,165154
2026-08-04 09:32:00,507.079987,508,504.87000,507.60001,168889
2026-08-04 09:31:00,508.22000,510.45001,506.14001,506.85501,240349
2026-08-04 09:30:00,508.12201,508.73,502.41,508.12201,2137679
2026-08-03 15:59:00,484.57999,484.84991,483.88,484.73001,325211
2026-08-03 15:58:00,484.91000,485.25500,484.40500,484.40500,115579
2026-08-03 15:57:00,484.019989,485,484.019989,484.91000,107089
2026-08-03 15:56:00,483.42001,484.20001,483.39,484.019989,1404053
2026-08-03 15:55:00,484.5,484.66000,483.20999,483.33319,120526
2026-08-03 15:54:00,486.089996,486.09,484.53009,484.67001,95051
2026-08-03 15:53:00,486.42999,486.62000,485.93500,486.092499,89109
2026-08-03 15:52:00,486.79001,487.14999,486.35,486.42499,54809
2026-08-03 15:51:00,486.87750,487.16501,486.60001,486.79001,73302
2026-08-03 15:50:00,485.75,486.875,485.51,486.875,113399
2026-08-03 15:49:00,485.86920,485.86920,485.17999,485.28500,36057
2026-08-03 15:48:00,485.54999,486.06,485.54999,485.77499,24781
2026-08-03 15:47:00,485.45999,486.11,485.37000,485.54999,29269
2026-08-03 15:46:00,485.73999,485.88989,485.23999,485.55499,27125
2026-08-03 15:45:00,485.10999,485.76999,485.079987,485.76999,49826
2026-08-03 15:44:00,484.75,485.36899,484.56000,485.10001,30547
2026-08-03 15:43:00,484.57001,484.67,484.29999,484.44760,17718
2026-08-03 15:42:00,484.39999,484.97000,484.39,484.65500,49804
2026-08-03 15:41:00,484.60999,484.88000,484.10001,484.34000,30022
2026-08-03 15:40:00,484.29999,484.72961,483.98999,484.55499,49307
2026-08-03 15:39:00,484.64999,484.78,484.22,484.39001,22383
2026-08-03 15:38:00,484.54001,484.85361,484.40079,484.48999,23691
2026-08-03 15:37:00,484.29999,484.71860,484.25,484.5,19607
2026-08-03 15:36:00,484.90009,485.49991,484.25009,484.39999,40361
2026-08-03 15:35:00,485.065002,485.23999,484.88,484.91000,43730
2026-08-03 15:34:00,484.67001,485.12000,484.57001,484.95001,19586
2026-08-03 15:33:00,484.70001,485,484.505,484.64999,36261
2026-08-03 15:32:00,485,485,484.38000,484.79501,19189
2026-08-03 15:31:00,484.66000,485,484.08,484.76501,27097
2026-08-03 15:30:00,484.41000,485.29999,484.25,484.64001,48697
2026-08-03 15:29:00,484.54501,484.89001,484.39001,484.39001,17978
2026-08-03 15:28:00,485.10501,485.22699,484.44,484.62000,31668
2026-08-03 15:27:00,484.91000,485.049988,484.75,485.049988,16820
2026-08-03 15:26:00,484.68500,485.12,484.59000,484.91000,18495
2026-08-03 15:25:00,484.85999,485.11990,484.73010,484.89001,30891
2026-08-03 15:24:00,485.29999,485.52991,484.85999,484.95749,27746
2026-08-03 15:23:00,485.64001,485.73999,485.39999,485.56000,14026
2026-08-03 15:22:00,485.20001,485.59000,485.20001,485.42661,17980
2026-08-03 15:21:00,485.070007,485.26999,484.85001,485.15500,18056
2026-08-03 15:20:00,485.63000,485.78,484.91000,485.070007,21407
2026-08-03 15:19:00,485.34000,485.9,485.32199,485.64001,27880
2026-08-03 15:18:00,485.19000,485.57999,485.18,485.39999,20271
2026-08-03 15:17:00,485.024994,485.42999,484.85001,485.26501,17637
2026-08-03 15:16:00,485.12000,485.29,484.87000,485.13501,18006
2026-08-03 15:15:00,484.43649,485.10001,484.23001,485.10001,19073
2026-08-03 15:14:00,484.29001,484.73001,484.13000,484.35001,17470
2026-08-03 15:13:00,485.070007,485.205,484.010010,484.42001,33337
2026-08-03 15:12:00,485.66501,485.96570,485.10999,485.36951,24372
2026-08-03 15:11:00,484.89999,485.77991,484.82999,485.5,18682
2026-08-03 15:10:00,484.79999,485.29999,484.59000,484.98999,28737
2026-08-03 15:09:00,485.43500,485.43500,484.85999,484.85999,22336
2026-08-03 15:08:00,485.26999,485.5,484.51001,485.48001,28214
2026-08-03 15:07:00,485.70001,485.89,485.19,485.20001,16581
2026-08-03 15:06:00,485.56921,486.22061,484.79999,485.96500,36489
2026-08-03 15:05:00,485.98999,486.37000,484.63010,485.42001,41420
2026-08-03 15:04:00,486.29001,486.29001,485.61011,485.95001,16328
2026-08-03 15:03:00,485.89001,486.5,485.75,486.29501,18256
2026-08-03 15:02:00,485.89999,486.35001,485.76,486.10999,30847
2026-08-03 15:01:00,485.17999,486.31000,485.17999,485.98999,27925
2026-08-03 15:00:00,484.10001,486.20001,484.10001,485.26001,50594
2026-08-03 14:59:00,484.45001,484.67990,484.14001,484.18500,25915
2026-08-03 14:58:00,484.41501,484.62000,484.17999,484.53000,11898
2026-08-03 14:57:00,484.48999,484.69501,484.089996,484.29001,26969
2026-08-03 14:56:00,484.93500,485.10419,484.47510,484.54001,20774
2026-08-03 14:55:00,484.95999,485.31271,484.79999,485.089996,18333
2026-08-03 14:54:00,485.029999,485.32791,484.99500,485.040009,25554
2026-08-03 14:53:00,485.23999,485.48801,484.91000,485.040009,30492
2026-08-03 14:52:00,485.875,486.010010,485.10001,485.23999,21632
2026-08-03 14:51:00,485.78000,486.14001,485.38000,485.79001,10597
2026-08-03 14:50:00,486.045013,486.54999,485.54999,485.55499,44037
2026-08-03 14:49:00,486,486.14990,485.67001,486.14990,35649
2026-08-03 14:48:00,484.79999,486.16989,484.78000,486.010010,193870
2026-08-03 14:47:00,485.33301,485.45901,484.57001,484.75,24642
2026-08-03 14:46:00,485.10001,485.30499,484.30011,485.30499,38299
2026-08-03 14:45:00,485.26501,485.84000,485.089996,485.10001,37360
2026-08-03 14:44:00,485.25,485.38000,484.95010,485.26501,18367
2026-08-03 14:43:00,485.0050049,485.1,484.70010,484.92999,16727
2026-08-03 14:42:00,485.29501,485.45001,484.59000,485.019989,22635
2026-08-03 14:41:00,484.70999,485.23,484.15009,485.14999,17058
2026-08-03 14:40:00,484.38989,484.91000,484.26010,484.54001,22008
2026-08-03 14:39:00,484.49011,485,484.16000,484.29999,31721
2026-08-03 14:38:00,484.54001,484.68,484.08,484.60999,30394
2026-08-03 14:37:00,484.85001,485.04,484.48999,484.59000,46830
2026-08-03 14:36:00,485.25,485.61,484.66000,484.98999,38137
2026-08-03 14:35:00,485.48001,485.60001,485.079987,485.22000,29999
2026-08-03 14:34:00,485.45999,485.795,485.14941,485.48001,27848
2026-08-03 14:33:00,486.26999,486.39999,485.38,485.41501,79711
2026-08-03 14:32:00,486.34000,486.45001,485.84241,486.38000,27713
2026-08-03 14:31:00,485.94501,486.28000,485.37000,486.075012,32589
2026-08-03 14:30:00,485.17001,486.5,485.044495,485.94501,42407
2026-08-03 14:29:00,485.25,485.60001,485.049988,485.089996,27953
2026-08-03 14:28:00,485.95001,485.95001,485,485.24991,47293
2026-08-03 14:27:00,486.46500,486.55,485.79999,486.010010,41871
2026-08-03 14:26:00,486.82001,487,486.42999,486.66000,19536
2026-08-03 14:25:00,487.013702,487.39001,486.56000,486.75,30555
2026-08-03 14:24:00,487.52499,487.73001,486.89999,486.98001,29714
2026-08-03 14:23:00,487.66000,487.74,487.22000,487.59000,18469
2026-08-03 14:22:00,487.67999,488.23001,487.35,487.625,17968
2026-08-03 14:21:00,487.70499,488.17001,487.31000,487.64999,32703
2026-08-03 14:20:00,487.95309,488,487.32001,487.75,22585
2026-08-03 14:19:00,488.095001,488.48001,487.70999,487.95999,39090
2026-08-03 14:18:00,488.72870,488.72870,488.070099,488.125,37423
2026-08-03 14:17:00,488.94000,489.47000,488.48999,488.64600,25487
2026-08-03 14:16:00,489.070007,489.18991,488.57999,488.94000,31216
2026-08-03 14:15:00,488.60999,489.10999,488.20999,488.92999,36073
2026-08-03 14:14:00,488.60001,489,488.15039,488.48999,38993
2026-08-03 14:13:00,489.070099,489.31830,488.60001,488.64001,22839
2026-08-03 14:12:00,489.62250,489.81000,488.62000,489.13000,41122
2026-08-03 14:11:00,490.87601,490.87601,489.60999,489.73730,44839
2026-08-03 14:10:00,490.040009,490.94641,490.040009,490.78000,35288
2026-08-03 14:09:00,490.029999,490.35999,489.92020,490.040009,26356
2026-08-03 14:08:00,489.74500,490.029999,489.25,490.029999,33735
2026-08-03 14:07:00,489.86060,490.18350,489.70999,489.85001,40628
2026-08-03 14:06:00,489.97000,490.20999,489.63901,490.11121,44697
2026-08-03 14:05:00,489.5,490.35999,489.41010,489.97000,97571
2026-08-03 14:04:00,488.85999,489.6,488.63000,489.35999,42049
2026-08-03 14:03:00,488.85001,488.95001,488.54999,488.79999,20378
2026-08-03 14:02:00,488.59201,488.90991,488.29391,488.76999,26807
2026-08-03 14:01:00,489.60001,489.84039,488.15771,488.48499,53379
2026-08-03 14:00:00,489.14499,489.82999,489.14499,489.79001,58044
2026-08-03 13:59:00,488.35001,489.28000,488.23001,489.23001,47248
2026-08-03 13:58:00,488.44989,488.57999,488.17001,488.38000,33847
2026-08-03 13:57:00,488.43500,488.67001,487.81000,488.22501,105362
2026-08-03 13:56:00,487.57269,488.51001,487.57269,488.38010,95018
2026-08-03 13:55:00,485.98001,487.70001,485.76001,487.60001,92492
2026-08-03 13:54:00,485.72000,485.99991,485.67001,485.81989,18021
2026-08-03 13:53:00,485.59000,486,485.59000,485.72000,26193
2026-08-03 13:52:00,485.84500,485.95001,485.35999,485.91989,39674
2026-08-03 13:51:00,486,486.10001,485.5,485.89001,35814
2026-08-03 13:50:00,486.010010,486.29001,485.78009,486.049988,30761
2026-08-03 13:49:00,486.51279,486.64001,485.34052,485.86499,56737
2026-08-03 13:48:00,486.10999,486.63000,486.059998,486.46500,44781
2026-08-03 13:47:00,485.87000,486.32990,485.85999,486.089996,55264
2026-08-03 13:46:00,485.98499,486.01,485.58560,485.92499,29791
2026-08-03 13:45:00,485.69501,486.22000,485.56000,485.98001,33102
2026-08-03 13:44:00,485.85001,486.045013,485.56000,485.56000,32127
2026-08-03 13:43:00,486.19000,486.32120,485.56,485.75,42026
2026-08-03 13:42:00,485.59000,486.25,485.5,485.88000,61136
2026-08-03 13:41:00,485.60999,485.71271,485.41,485.59000,24914
2026-08-03 13:40:00,485.26999,485.54001,485.16699,485.54001,31869
2026-08-03 13:39:00,485.53000,485.53000,484.94000,485.19501,41769
2026-08-03 13:38:00,485.60001,485.60001,485.17999,485.32999,27092
2026-08-03 13:37:00,485.23111,485.82999,485,485.60501,45879
2026-08-03 13:36:00,484.79999,485.31500,484.60001,485.31000,53481
2026-08-03 13:35:00,484.72000,484.97330,484.51999,484.70001,35495
2026-08-03 13:34:00,483.98999,484.82999,483.98999,484.76999,42672
2026-08-03 13:33:00,483.35001,484.17,483.040009,483.92499,30103
2026-08-03 13:32:00,483.12000,483.25,482.75,483.20999,32978
2026-08-03 13:31:00,482.97000,483.12,482.75,482.99991,38847
2026-08-03 13:30:00,482.84869,483.20001,482.60001,482.84000,42535
2026-08-03 13:29:00,482.47000,482.73499,482.34659,482.49011,18628
2026-08-03 13:28:00,482.10999,482.60999,482.032715,482.35001,16629
2026-08-03 13:27:00,482.12000,482.63,481.90009,482.16000,35504
2026-08-03 13:26:00,481.64001,482.14001,481.51001,482.13989,16616
2026-08-03 13:25:00,481.79001,481.99780,481.70001,481.79999,8475
2026-08-03 13:24:00,482.38000,482.38000,481.79999,481.92001,11884
2026-08-03 13:23:00,482.025909,482.48001,481.93500,482.070007,20014
2026-08-03 13:22:00,481.94000,482.10999,481.70999,481.89001,13659
2026-08-03 13:21:00,481.81500,482.015,481.41000,481.74500,16368
2026-08-03 13:20:00,482.17999,482.42999,481.70050,481.73001,14751
2026-08-03 13:19:00,482.39011,482.64890,481.73001,482.089996,13224
2026-08-03 13:18:00,482.26501,482.64001,482.089996,482.59000,18888
2026-08-03 13:17:00,482.14001,482.32001,481.85,482.13000,19005
2026-08-03 13:16:00,482.13000,482.48999,481.90170,482.14499,16151
2026-08-03 13:15:00,481.875,482.63,481.69501,482.21500,27731
2026-08-03 13:14:00,482.010010,482.11,481.60001,481.89001,17446
2026-08-03 13:13:00,481.85999,482.14001,481.51001,482.040009,16199
2026-08-03 13:12:00,482.14999,482.64999,481.78500,481.78500,27153
2026-08-03 13:11:00,481.92999,482.48,481.82010,481.95001,27481
2026-08-03 13:10:00,481.70001,482.38000,481.57001,481.92999,26229
2026-08-03 13:09:00,481.13000,482.14001,481.070007,481.39001,24950
2026-08-03 13:08:00,481.37000,481.91989,480.82001,481.049988,50826
2026-08-03 13:07:00,481.59000,481.85999,481.17001,481.38000,30406
2026-08-03 13:06:00,480.88000,481.66000,480.85010,481.5,44631
2026-08-03 13:05:00,480.42499,481.019989,480.34000,481.019989,18458
2026-08-03 13:04:00,480.32001,480.51349,480,480.51001,10357
2026-08-03 13:03:00,480.73001,480.83871,479.75009,480.14001,19964
2026-08-03 13:02:00,480.17999,481.12000,480.070007,480.90500,20682
2026-08-03 13:01:00,479.94000,480.55,479.85999,480.24500,18122
2026-08-03 13:00:00,480.17999,480.25909,479.5,479.74109,17260
2026-08-03 12:59:00,480.80499,480.98990,480.05,480.20001,14836
2026-08-03 12:58:00,480.97000,481.19000,480.57001,480.77499,25324
2026-08-03 12:57:00,480.66000,480.89731,480.42999,480.79501,17814
2026-08-03 12:56:00,480.035004,480.78931,479.96011,480.56000,18410
2026-08-03 12:55:00,480.32999,480.53000,479.84000,480.20639,20096
2026-08-03 12:54:00,480.89001,480.9,480.10999,480.23111,12823
2026-08-03 12:53:00,480.66000,480.98001,480.41000,480.68500,16513
2026-08-03 12:52:00,481.17001,481.23990,480.45999,480.79999,29996
2026-08-03 12:51:00,482,482,481.000091553,481.25500,14985
2026-08-03 12:50:00,481.079987,482.15,481.079987,481.91000,28750
2026-08-03 12:49:00,481.54999,481.64990,481.14999,481.14999,18377
2026-08-03 12:48:00,481.32999,481.70001,481.20001,481.70001,20056
2026-08-03 12:47:00,481.084015,481.59991,480.98999,481.20999,29460
2026-08-03 12:46:00,480.82999,481.59991,480.82999,481.25500,18090
2026-08-03 12:45:00,480.70190,481.35001,480.38000,480.89999,15269
2026-08-03 12:44:00,480.56500,481.19989,480.41,480.5,35800
2026-08-03 12:43:00,479.66000,480.66989,479.42001,480.41501,29001
2026-08-03 12:42:00,480.33331,480.4,479.31000,479.63000,34071
2026-08-03 12:41:00,480.57001,480.75751,480.19501,480.35999,35269
2026-08-03 12:40:00,480.23001,480.73999,479.88000,480.67999,27675
2026-08-03 12:39:00,480.92001,481.20999,479.77161,480.17499,39141
2026-08-03 12:38:00,480.69669,480.85999,480.24,480.85001,32065
2026-08-03 12:37:00,481.25,481.63019,480.54999,480.60999,24496
2026-08-03 12:36:00,482.052185,482.28000,481.25,481.47000,25683
2026-08-03 12:35:00,481.82999,481.95499,481.21011,481.82999,45971
2026-08-03 12:34:00,482.084991,482.18,481.73,481.84000,33713
2026-08-03 12:33:00,482,482.42999,481.89,482.14999,25402
2026-08-03 12:32:00,482.12000,482.12000,481.10001,482.015015,38060
2026-08-03 12:31:00,482.63000,482.63000,481.99,482.13000,45606
2026-08-03 12:30:00,481.78000,482.54001,481.41089,482.54001,58628
2026-08-03 12:29:00,481.48001,481.875,481.47,481.67499,21845
2026-08-03 12:28:00,481.59000,481.59000,481,481.39999,15442
2026-08-03 12:27:00,481.23999,481.79999,481.08,481.51999,15948
2026-08-03 12:26:00,481.55249,481.73499,481.079987,481.14001,21180
2026-08-03 12:25:00,481.60001,482,481.51,481.88000,31570
2026-08-03 12:24:00,482.29999,482.29999,481.34000,481.53000,31205
2026-08-03 12:23:00,482.079987,482.93,482.040009,482.29999,34262
2026-08-03 12:22:00,481.64999,482.16000,481.5,481.90500,36115
2026-08-03 12:21:00,481.91000,482.47650,481.64999,481.75,30686
2026-08-03 12:20:00,482.82001,482.95999,481.98001,482,40327
2026-08-03 12:19:00,482.26001,482.88000,482.12000,482.88000,38485
2026-08-03 12:18:00,481.97989,482.38000,481.28000,482.19159,34399
2026-08-03 12:17:00,481.079987,481.98001,481.075012,481.76999,18685
2026-08-03 12:16:00,480.99500,481.72000,480.87000,481.32999,31332
2026-08-03 12:15:00,480.48999,481.25,480.48999,480.86499,46858
2026-08-03 12:14:00,480.57999,480.80811,480.29999,480.72000,19805
2026-08-03 12:13:00,480.85501,481.049988,480.48499,480.81320,42755
2026-08-03 12:12:00,481.17499,481.39001,480.71500,480.85999,20774
2026-08-03 12:11:00,480.97501,481.32999,480.82501,481.20001,18009
2026-08-03 12:10:00,480.59000,480.92001,480.04,480.625,21812
2026-08-03 12:09:00,480.49991,480.89999,480.2,480.51501,28429
2026-08-03 12:08:00,481.049988,481.79999,480.32001,480.46500,26106
2026-08-03 12:07:00,481.77499,481.85001,481.029999,481.029999,29943
2026-08-03 12:06:00,482.059998,482.39001,481.75,481.89001,37075
2026-08-03 12:05:00,481.5,482.34000,481.42499,482.059998,43535
2026-08-03 12:04:00,481.63000,481.88000,481.22009,481.39499,27443
2026-08-03 12:03:00,481,481.60001,480.99500,481.44800,20684
2026-08-03 12:02:00,481.070007,481.38,480.64999,481.059998,17127
2026-08-03 12:01:00,481.079987,481.32950,480.51001,480.98001,30008
2026-08-03 12:00:00,479.94501,481.63000,479.78000,481.21991,45556
2026-08-03 11:59:00,479.96500,480.27991,479.60001,480.14999,22467
2026-08-03 11:58:00,479.70001,480.22000,479.47031,479.91000,19438
2026-08-03 11:57:00,479.89001,479.97000,479.40009,479.55020,18033
2026-08-03 11:56:00,480.32001,480.64001,480,480.13589,21098
2026-08-03 11:55:00,480.26999,480.5,479.95001,480.47000,32016
2026-08-03 11:54:00,480.52499,481.19989,480.20001,480.26999,37426
2026-08-03 11:53:00,479.82501,480.57,479.51010,480.44000,33545
2026-08-03 11:52:00,479.20999,479.87000,479.079987,479.67001,20706
2026-08-03 11:51:00,479.97000,480.17419,478.52011,479.17999,26209
2026-08-03 11:50:00,479.95001,480.10870,479.66599,479.80750,16435
2026-08-03 11:49:00,480.089905,480.92001,479.69000,479.95001,33074
2026-08-03 11:48:00,479.42999,480.51999,479.27,480.079987,27686
2026-08-03 11:47:00,479.64001,479.775,479.30011,479.43500,14513
2026-08-03 11:46:00,479.64999,480,479.35001,479.45999,24254
2026-08-03 11:45:00,479.56000,480.15,479.44000,479.84000,19626
2026-08-03 11:44:00,479.89999,480.14999,479.17001,479.60501,24903
2026-08-03 11:43:00,479.51999,480.089996,479.22000,479.84500,29844
2026-08-03 11:42:00,478.79999,479.53000,478.79999,479.25,30299
2026-08-03 11:41:00,479.20499,480,478.60001,478.94000,54724
2026-08-03 11:40:00,478.70001,479.84760,478.41000,479.16559,36328
2026-08-03 11:39:00,477.92999,478.98999,477.75,478.69000,42911
2026-08-03 11:38:00,477.26999,478.13,477.16000,477.83499,38116
2026-08-03 11:37:00,478.63000,478.69,477.39999,477.67999,40696
2026-08-03 11:36:00,479.70999,479.76859,478.44489,478.89999,42767
2026-08-03 11:35:00,479.015015,479.6,478.16260,479.59000,46441
2026-08-03 11:34:00,479.98999,480.64999,479.010010,479.010010,39403
2026-08-03 11:33:00,478.63510,479.95001,478.39001,479.95001,33025
2026-08-03 11:32:00,479.34549,479.81931,478.35999,478.64999,43064
2026-08-03 11:31:00,478.625,480,478.62,479.26501,44227
2026-08-03 11:30:00,477.84500,479.14999,477.23999,478.50500,48042
2026-08-03 11:29:00,477.85840,478.51,477.32999,477.72000,31891
2026-08-03 11:28:00,478.76999,478.85999,477.57001,478.075012,57650
2026-08-03 11:27:00,479.37000,479.405,478.32489,478.37000,40726
2026-08-03 11:26:00,479.54999,480.25320,479.2,479.39999,52994
2026-08-03 11:25:00,479.94000,480.72000,479.26999,480,72421
2026-08-03 11:24:00,481.26001,481.39,479.60001,479.82501,42995
2026-08-03 11:23:00,481.60001,481.64999,481.019989,481.13000,27004
2026-08-03 11:22:00,481.85001,481.895,480.20001,481.48499,63717
2026-08-03 11:21:00,482.76001,483.049988,481.81000,482.20749,46809
2026-08-03 11:20:00,482.45001,482.98001,481.69000,482.88000,17562
2026-08-03 11:19:00,481.89001,482.64001,481.67999,482.089996,34264
2026-08-03 11:18:00,481.64001,482.48999,481.10999,482.20999,41200
2026-08-03 11:17:00,482.22501,482.39999,481.13000,481.79999,44827
2026-08-03 11:16:00,481.19501,482.65991,481.19501,482.29999,57572
2026-08-03 11:15:00,480.075012,481.36960,479.95,481.19501,34281
2026-08-03 11:14:00,481,481.64001,479.70010,480.17780,55046
2026-08-03 11:13:00,481.26001,482.5,481,481,44522
2026-08-03 11:12:00,480.74500,481.26001,479.5,481.26001,46747
2026-08-03 11:11:00,480.92001,480.98999,479.79999,480.78500,53906
2026-08-03 11:10:00,481.12000,481.45999,480.41000,481.052490,53841
2026-08-03 11:09:00,482.79001,483.25,481.41000,481.59000,68175
2026-08-03 11:08:00,483.77499,483.81509,482.37000,483.049103,59781
2026-08-03 11:07:00,483.41000,483.95001,482.75,483.77499,43466
2026-08-03 11:06:00,483.45999,483.60999,482.79,483.24500,49195
2026-08-03 11:05:00,485.14850,485.38989,483.45001,483.45001,50816
2026-08-03 11:04:00,484.72501,485.10001,484.51999,485.10001,44892
2026-08-03 11:03:00,484.82999,485.03,483.79999,484.73001,54964
2026-08-03 11:02:00,485.54999,485.84000,484.79999,484.91000,33293
2026-08-03 11:01:00,485.69000,485.79999,484.89001,485.26999,37525
2026-08-03 11:00:00,486.16000,486.16000,485.070007,485.47000,46973
2026-08-03 10:59:00,485.59500,486.35001,485.45999,486.14001,68271
2026-08-03 10:58:00,484.5,485.75,484.26001,485.73981,38141
2026-08-03 10:57:00,484.60999,485.092804,484.23441,484.72501,58089
2026-08-03 10:56:00,486.53790,486.85001,484.66000,484.89999,87863
2026-08-03 10:55:00,484.85001,486.69000,484.85001,486.47501,71375
2026-08-03 10:54:00,485.51501,485.56589,484.55011,484.91751,41514
2026-08-03 10:53:00,484.875,486.23999,484.87000,485.36499,85165
2026-08-03 10:52:00,484.56000,485.76999,484.56000,484.94501,57591
2026-08-03 10:51:00,484.51001,485.39001,483.92911,484.66000,73337
2026-08-03 10:50:00,483.53000,484.45001,483.45010,484.34000,70262
2026-08-03 10:49:00,482.45001,484,482.10010,483.72000,85375
2026-08-03 10:48:00,481.58981,482.92001,481.42001,482.39001,70945
2026-08-03 10:47:00,480.42499,481.95001,479.25,481.26999,94607
2026-08-03 10:46:00,478.67200,480.64001,478.6,480.42499,58036
2026-08-03 10:45:00,478.43500,478.95581,477.20001,478.32501,54144
2026-08-03 10:44:00,478.16000,479.29999,477.72000,478.37000,49542
2026-08-03 10:43:00,478.82001,478.85501,477.37000,478.22000,68507
2026-08-03 10:42:00,479.5,479.84500,478.26999,478.79501,65104
2026-08-03 10:41:00,479.82199,480.70999,479.37000,479.53049,45166
2026-08-03 10:40:00,480.10001,480.17160,479.29999,479.73001,46309
2026-08-03 10:39:00,479.17999,480.98001,478.78940,480.32001,58548
2026-08-03 10:38:00,480.12000,480.48001,478.79001,479.22989,77460
2026-08-03 10:37:00,480.34500,481.73990,479.95999,480.24921,75394
2026-08-03 10:36:00,480.48999,480.67999,479.26001,480.34500,53388
2026-08-03 10:35:00,479.010010,480.59991,478.56000,480.14001,104624
2026-08-03 10:34:00,479.76999,479.78000,478.47501,479.086304,64116
2026-08-03 10:33:00,477.70999,479.75,477.70999,479.60999,79250
2026-08-03 10:32:00,476.39999,478.76990,476.29999,477.64999,98167
2026-08-03 10:31:00,475.57501,477.20999,475.57501,476.48999,58566
2026-08-03 10:30:00,477.000091553,477.14001,475.18500,475.75,57377
2026-08-03 10:29:00,474.70999,477.10999,474.60999,476.98999,69417
2026-08-03 10:28:00,473.95001,476,473.95001,474.94000,58512
2026-08-03 10:27:00,475.049988,475.13501,473.019989,474.041901,107164
2026-08-03 10:26:00,475.29999,475.51001,474.31000,474.95001,43928
2026-08-03 10:25:00,475,475.91000,474.84500,475.21500,70774
2026-08-03 10:24:00,473.74500,474.98999,472.84000,474.91000,58636
2026-08-03 10:23:00,473.69000,474.36420,473,473.60999,58382
2026-08-03 10:22:00,474.56500,475.32001,473.85999,473.95999,87948
2026-08-03 10:21:00,473.84500,474.56500,473.14,474.56500,56698
2026-08-03 10:20:00,472.20999,474.10001,471.049988,474.059906,74420
2026-08-03 10:19:00,473.024994,473.47601,472.23001,472.53900,123586
2026-08-03 10:18:00,470.59000,473.39999,470.43500,473.024994,97069
2026-08-03 10:17:00,470.22000,470.7,469.52011,470.35001,40331
2026-08-03 10:16:00,469.10999,470.95001,469.10501,470.51001,90615
2026-08-03 10:15:00,468.74500,469.11,467.42010,469.070007,64461
2026-08-03 10:14:00,471.44000,471.44000,468.5,468.80499,103278
2026-08-03 10:13:00,471.125,472.62000,470.73001,471.22000,81944
2026-08-03 10:12:00,471.38000,472.14749,470.76999,470.85001,65212
2026-08-03 10:11:00,469.83960,471.92001,469.68,471.059998,77658
2026-08-03 10:10:00,468.51999,470.63989,468,469.63501,65243
2026-08-03 10:09:00,468.45001,469.17090,467.57501,468.65750,44391
2026-08-03 10:08:00,467,468.99991,465.48999,468.45001,79727
2026-08-03 10:07:00,468.14999,468.625,466.66000,467.23999,61122
2026-08-03 10:06:00,468.010010,469.67001,467.67999,468.51999,66553
2026-08-03 10:05:00,467.059998,468.66000,466.33231,468.045013,76289
2026-08-03 10:04:00,468.34500,468.51010,466.31989,467.059998,75888
2026-08-03 10:03:00,469.70001,471.48999,468.20001,468.20001,110775
2026-08-03 10:02:00,468.82999,469.69989,467.48999,469.42001,86885
2026-08-03 10:01:00,470.20001,470.58990,468.10999,468.83499,89585
2026-08-03 10:00:00,470.64001,470.96759,468.76779,470.21500,100178
2026-08-03 09:59:00,470.53250,471.040009,469.60010,470.76639,95513
2026-08-03 09:58:00,467.089996,470.58990,467.040009,470.35999,115652
2026-08-03 09:57:00,465.42001,467.69989,465.019989,467.40500,98227
2026-08-03 09:56:00,464.89999,465.65500,464.29999,465.57501,101838
2026-08-03 09:55:00,462.53500,465.19019,462.079987,464.75,100335
2026-08-03 09:54:00,460.53000,462.54999,460.06,462.53500,105254
2026-08-03 09:53:00,459.42999,460.82999,458.57,460.63501,96553
2026-08-03 09:52:00,459.89001,460.26,458.26999,458.57001,73693
2026-08-03 09:51:00,458.5,460.56900,458.38000,459.93500,79289
2026-08-03 09:50:00,458.42001,459.99,457.41071,458.69000,86812
2026-08-03 09:49:00,459.70999,460.76419,458.21021,458.39001,64982
2026-08-03 09:48:00,458.85999,461.85950,458.75,459.92999,85200
2026-08-03 09:47:00,457.76001,458.85999,457.53000,458.60001,56889
2026-08-03 09:46:00,459.54001,460.59061,457.39999,457.70499,121686
2026-08-03 09:45:00,462.029999,462.98999,459.79721,459.79721,112171
2026-08-03 09:44:00,459.48999,462.29001,459.059998,462.035004,160975
2026-08-03 09:43:00,457.48499,459.32999,456.85999,459.32999,85600
2026-08-03 09:42:00,458.23999,459.47000,456.12000,457.60001,109840
2026-08-03 09:41:00,459.70999,460.71,457.70999,458.50500,118023
2026-08-03 09:40:00,465.27011,466.57001,457.54999,459.85001,273422
2026-08-03 09:39:00,466.31000,466.89999,463.80499,465.51501,91357
2026-08-03 09:38:00,465.79999,467,462.98499,466.19501,122638
2026-08-03 09:37:00,465.39999,468.24991,465.35999,465.79999,161833
2026-08-03 09:36:00,463.45999,465.42639,462.48999,465.16779,267001
2026-08-03 09:35:00,458.42001,463.48999,457.19919,463.19501,151916
2026-08-03 09:34:00,455.95999,459.57001,455.91000,458.32001,129000
2026-08-03 09:33:00,459.39999,459.39999,455.29999,456.10001,192453
2026-08-03 09:32:00,460.35001,460.98999,458.34659,459.32501,118233
2026-08-03 09:31:00,458.88000,461.98990,458.88000,460.69000,120449
2026-08-03 09:30:00,461.79001,464.59000,458.16141,458.88000,1620614
2026-07-31 15:59:00,477.70999,478.13000,475.81,476.14001,923075
2026-07-31 15:58:00,477.91000,478.48999,477.64999,477.70999,285689
2026-07-31 15:57:00,479.87000,479.97,477.70999,477.91000,237100
2026-07-31 15:56:00,480.26001,480.54999,479.515,479.85001,187397
2026-07-31 15:55:00,482.57001,482.57001,479.64,480.25500,277415
2026-07-31 15:54:00,483.78000,483.98999,482.14999,482.20001,134697
2026-07-31 15:53:00,484.38000,484.39499,483.51999,483.74500,78696
2026-07-31 15:52:00,483.79999,484.42169,483.59009,484.42169,78121
2026-07-31 15:51:00,483.82999,484.10001,483.25,483.85001,145131
2026-07-31 15:50:00,486.53000,486.53000,483.84000,483.87000,104024
2026-07-31 15:49:00,484.87000,486.53000,484.54,486.47501,87137
2026-07-31 15:48:00,484.63000,484.97989,484.31000,484.76001,46492
2026-07-31 15:47:00,485.26999,485.54001,484.53000,484.54001,44678
2026-07-31 15:46:00,484.57999,485.40991,484.57999,485.19501,42188
2026-07-31 15:45:00,484.20001,484.92001,484.14999,484.57999,59571
2026-07-31 15:44:00,483.94000,484.26001,483.53009,483.93500,71596
2026-07-31 15:43:00,483.48990,483.98999,483.45001,483.89929,44059
2026-07-31 15:42:00,482.79999,483.48950,482.62000,483.33530,41555
2026-07-31 15:41:00,483.59500,484.0097961,482.8,482.91501,74066
2026-07-31 15:40:00,483.84000,483.92001,483.35999,483.61359,69166
2026-07-31 15:39:00,484.17001,484.32001,483.87000,483.87000,27127
2026-07-31 15:38:00,484.14999,484.31000,483.53000,484.13000,70406
2026-07-31 15:37:00,485.37000,485.37000,484.12,484.20001,52115
2026-07-31 15:36:00,485.60001,485.625,485,485.57999,38904
2026-07-31 15:35:00,486.14001,486.14999,485.31000,485.60999,27826
2026-07-31 15:34:00,486.010010,486.57999,485.85001,486.029999,21825
2026-07-31 15:33:00,486.21500,486.67999,485.94089,486,25337
2026-07-31 15:32:00,485.76999,486.28000,485.6,486.052490,28724
2026-07-31 15:31:00,485.85999,486.12900,485.60001,485.875,20796
2026-07-31 15:30:00,486.97000,487.029999,485.44000,486,64844
2026-07-31 15:29:00,486.23001,486.82999,486.22,486.60001,33077
2026-07-31 15:28:00,486.28000,486.50500,486.15948,486.35999,22018
2026-07-31 15:27:00,486.29999,486.45999,486,486.25,23724
2026-07-31 15:26:00,485.39001,486.29001,485.38501,486.14999,29262
2026-07-31 15:25:00,485.57501,485.66989,485.10010,485.23770,22657
2026-07-31 15:24:00,485.94000,486.17001,485.5,485.63000,30769
2026-07-31 15:23:00,486.14499,486.45001,485.85999,486.029999,23818
2026-07-31 15:22:00,485.91989,486.38,485.79999,486.16000,19984
2026-07-31 15:21:00,486.25500,486.48001,485.65320,485.78500,36377
2026-07-31 15:20:00,486.32001,486.5,485.81000,486.21320,22874
2026-07-31 15:19:00,485.98001,486.59000,485.86011,486.39999,51004
2026-07-31 15:18:00,485.45001,485.92001,485.27499,485.79999,36624
2026-07-31 15:17:00,485.27499,485.57999,484.84000,485.36499,46457
2026-07-31 15:16:00,485.48669,485.80841,485.054993,485.20999,23489
2026-07-31 15:15:00,485.89999,486.09,485.16000,485.58499,40940
2026-07-31 15:14:00,485.77499,485.94000,485.67999,485.83499,16653
2026-07-31 15:13:00,486.26001,486.39999,485.79999,485.79999,28073
2026-07-31 15:12:00,485.72000,486.31,485.42,486.26001,26311
2026-07-31 15:11:00,485.76001,486.32001,485.59009,485.78000,36721
2026-07-31 15:10:00,485.98001,486.34991,485.98001,486.23001,18570
2026-07-31 15:09:00,485.88480,486.29999,485.85999,486.25,22216
2026-07-31 15:08:00,486.17999,486.39,485.62000,485.85001,23679
2026-07-31 15:07:00,486.049988,486.20999,485.35999,486.20001,46096
2026-07-31 15:06:00,486.58499,486.72,485.81000,485.98001,32239
2026-07-31 15:05:00,486,486.65,485.60001,486.64999,36327
2026-07-31 15:04:00,486.73999,486.73999,486,486,25849
2026-07-31 15:03:00,486.69501,486.92999,486.38010,486.66501,26894
2026-07-31 15:02:00,487.089996,487.3,486.65009,486.78500,23094
2026-07-31 15:01:00,487.54001,487.79999,487.10001,487.21500,20319
2026-07-31 15:00:00,487.20001,488.074799,487.059998,487.54001,26584
2026-07-31 14:59:00,487.17001,487.70999,487.010010,487.34500,21599
2026-07-31 14:58:00,487.10001,487.39001,486.85010,487.20001,25626
2026-07-31 14:57:00,486.76001,487.12,486.29999,487.065002,36174
2026-07-31 14:56:00,487.010010,487.040009,486.65,486.76501,26849
2026-07-31 14:55:00,487.85001,488.075012,487.049988,487.11151,26535
2026-07-31 14:54:00,487.94000,488.12000,487.82501,487.96500,12307
2026-07-31 14:53:00,487.87000,487.99,487.60999,487.93500,18233
2026-07-31 14:52:00,488.070190,488.39999,487.73001,487.92999,18046
2026-07-31 14:51:00,488.64001,488.65500,488,488.10999,20550
2026-07-31 14:50:00,488.22000,488.83499,488.000091553,488.54501,38106
2026-07-31 14:49:00,487.75,488.16,487.60999,487.98520,17302
2026-07-31 14:48:00,487.32501,487.81000,487.21689,487.75,13717
2026-07-31 14:47:00,487.625,487.815,487.16000,487.32001,21877
2026-07-31 14:46:00,488.17001,488.34,487.625,487.625,18883
2026-07-31 14:45:00,488.010010,488.38010,488.01,488.17001,18351
2026-07-31 14:44:00,488.38501,488.39999,488.040009,488.16000,28258
2026-07-31 14:43:00,488.45999,488.5,488.23001,488.39499,15380
2026-07-31 14:42:00,488.375,488.55,488.049988,488.48999,16415
2026-07-31 14:41:00,488.20499,488.58990,488.16010,488.37000,16920
2026-07-31 14:40:00,488.54501,488.54501,487.89069,488.17999,18533
2026-07-31 14:39:00,488.39499,488.58,488.20001,488.51501,16510
2026-07-31 14:38:00,487.91501,488.5,487.91501,488.27011,21245
2026-07-31 14:37:00,487.66000,487.91000,487.30011,487.89999,18517
2026-07-31 14:36:00,487.75500,488.23999,487.51001,487.75,21772
2026-07-31 14:35:00,488.059998,488.16000,487.17999,487.70001,24857
2026-07-31 14:34:00,488.14001,488.57950,488.010101,488.059998,24304
2026-07-31 14:33:00,487.98251,488.23001,487.875,488.13501,14514
2026-07-31 14:32:00,487.79001,487.99,487.54999,487.97000,14280
2026-07-31 14:31:00,488.42001,488.42001,487.755,487.79001,35721
2026-07-31 14:30:00,487.53000,488.48401,487.5,488.26001,24927
2026-07-31 14:29:00,486.72101,487.52,486.72101,487.38000,12111
2026-07-31 14:28:00,487.065002,487.48001,486.84799,486.89999,14357
2026-07-31 14:27:00,487.070007,487.36801,486.82999,487.20560,13485
2026-07-31 14:26:00,486.69501,487.28,486.51010,486.98999,15251
2026-07-31 14:25:00,487.12000,487.14001,486.57999,486.66000,19839
2026-07-31 14:24:00,487.42999,487.78,486.88000,487.14499,21818
2026-07-31 14:23:00,487.60999,487.81000,487.44009,487.44009,9890
2026-07-31 14:22:00,487.68500,487.88971,487.41501,487.54999,15769
2026-07-31 14:21:00,487.38000,488.20999,487.040009,487.78500,25110
2026-07-31 14:20:00,487.17499,487.62,486.7,487.29001,29852
2026-07-31 14:19:00,487.95001,488,487.019989,487.20999,18726
2026-07-31 14:18:00,487.095001,488.059998,487,487.87000,30120
2026-07-31 14:17:00,487.47040,487.73999,486.82001,487.12000,23154
2026-07-31 14:16:00,487.049988,487.41000,487,487.30499,24817
2026-07-31 14:15:00,486.35001,487.20001,486.10001,487.045013,21374
2026-07-31 14:14:00,487.17001,487.17001,486.010010,486.35001,28223
2026-07-31 14:13:00,486.68091,487.16000,486.54999,486.98999,20335
2026-07-31 14:12:00,487.25,487.26999,486.55011,486.85999,21452
2026-07-31 14:11:00,487.70001,487.70001,486.54999,487.13000,52604
2026-07-31 14:10:00,488.31000,488.65,487.48499,487.79001,35693
2026-07-31 14:09:00,488.84000,488.89499,488.29,488.39999,22502
2026-07-31 14:08:00,488.35999,488.95001,488.20001,488.95001,22882
2026-07-31 14:07:00,488.82501,488.98001,488.16000,488.41501,32518
2026-07-31 14:06:00,488.38989,489.29999,488.20999,488.98950,31900
2026-07-31 14:05:00,488.27499,488.37000,487.57001,488.19000,34449
2026-07-31 14:04:00,488.39001,488.70001,488.10001,488.29999,16963
2026-07-31 14:03:00,489,489,488.23999,488.39999,31836
2026-07-31 14:02:00,489.48999,489.48999,489,489.14001,22311
2026-07-31 14:01:00,489.65500,489.845,489.31000,489.44000,19533
2026-07-31 14:00:00,489.31000,489.99991,488.79999,489.57501,23431
2026-07-31 13:59:00,489.87000,489.87000,489.20001,489.37000,34332
2026-07-31 13:58:00,489.91000,490.13501,489.45001,489.67001,29151
2026-07-31 13:57:00,490.26001,490.26001,489.66,489.91000,15902
2026-07-31 13:56:00,490.39001,490.52,489.91000,490.26999,13981
2026-07-31 13:55:00,489.82999,490.48990,489.78000,490.28500,17724
2026-07-31 13:54:00,490.37000,490.79999,490.040009,490.040009,24828
2026-07-31 13:53:00,490.17499,490.45001,489.75,490.26999,42627
2026-07-31 13:52:00,490.12460,490.88809,490.12460,490.23999,46306
2026-07-31 13:51:00,489.040009,490.26001,488.95999,490.26001,32305
2026-07-31 13:50:00,489,489.54001,488.79999,489.28699,25166
2026-07-31 13:49:00,489.64001,489.79001,488.77,488.99500,39802
2026-07-31 13:48:00,490.019989,490.13000,489.052704,489.54999,38482
2026-07-31 13:47:00,491,491.095001,490.079987,490.32010,27144
2026-07-31 13:46:00,490.35999,491.37000,490.29999,491.13251,56524
2026-07-31 13:45:00,490.70999,490.94119,490.3,490.41989,36202
2026-07-31 13:44:00,491.20999,491.42999,490.45999,490.79999,24875
2026-07-31 13:43:00,490.60999,491.34000,490.43,491.23001,22836
2026-07-31 13:42:00,490.85999,490.94,490.38000,490.67001,23592
2026-07-31 13:41:00,491.26001,491.49899,490.60001,491.059998,25611
2026-07-31 13:40:00,490.45999,491.56000,490.45,491.23999,32994
2026-07-31 13:39:00,492.12991,492.12991,490.43500,490.74991,41741
2026-07-31 13:38:00,492.96500,493.03,492.010010,492.16501,35837
2026-07-31 13:37:00,492.064392,493.10001,492.064392,492.95999,46370
2026-07-31 13:36:00,491.60001,492.20999,491.60001,492.10501,25108
2026-07-31 13:35:00,491.44501,492.045013,491.23251,491.70001,52647
2026-07-31 13:34:00,491.35001,491.64001,491.14999,491.39999,28259
2026-07-31 13:33:00,490.79999,491.60999,490.53000,491.51001,36232
2026-07-31 13:32:00,490.29001,491.13,489.66000,490.87000,32660
2026-07-31 13:31:00,490.32001,490.74991,490.12000,490.35001,19602
2026-07-31 13:30:00,490.67999,490.81000,490.17,490.29611,30994
2026-07-31 13:29:00,490.31000,490.91000,490.059998,490.74500,23012
2026-07-31 13:28:00,490.69370,491.040009,490.10999,490.47501,27095
2026-07-31 13:27:00,491.69000,491.85999,490.66000,490.66000,69975
2026-07-31 13:26:00,491.44501,491.61,490.85999,491.60001,26141
2026-07-31 13:25:00,491.10001,491.59900,490.81,491.59900,32474
2026-07-31 13:24:00,490.29999,491.19000,490.22,491.051697,34713
2026-07-31 13:23:00,489.91000,490.32999,489.76999,490.29990,20077
2026-07-31 13:22:00,489.42001,489.99,489.12000,489.98999,29152
2026-07-31 13:21:00,489.98999,490.01,489.42999,489.54001,23115
2026-07-31 13:20:00,490.44000,490.44000,489.88000,490.10501,16983
2026-07-31 13:19:00,489.70999,490.42999,489.63000,490.41501,42748
2026-07-31 13:18:00,489.92001,490.079987,489.67,489.84000,22924
2026-07-31 13:17:00,489.78000,490.32501,489.78000,490.10001,12891
2026-07-31 13:16:00,490.14999,490.41599,489.66000,489.78500,17621
2026-07-31 13:15:00,489.76999,490.54999,489.56000,490.13000,23561
2026-07-31 13:14:00,489.79001,490.14999,489.53,489.89999,23527
2026-07-31 13:13:00,489.85999,489.89999,489.57379,489.70499,12357
2026-07-31 13:12:00,489.92001,490.45999,489.67999,489.97000,41426
2026-07-31 13:11:00,489.23999,490.28000,489.23999,489.92001,19077
2026-07-31 13:10:00,489.32999,489.67990,488.88000,489.23001,23657
2026-07-31 13:09:00,488.94000,489.29001,488.85999,489.25,16857
2026-07-31 13:08:00,488.53000,489.17999,488.53000,488.94000,44113
2026-07-31 13:07:00,488.79001,489.22000,488.35999,488.84000,23856
2026-07-31 13:06:00,489.63501,489.82999,489,489.019989,16233
2026-07-31 13:05:00,489.60501,489.89001,489.13,489.89001,20270
2026-07-31 13:04:00,490.024994,490.28000,489.65,489.91000,12425
2026-07-31 13:03:00,489.84000,490.22989,489.56000,490.22989,13176
2026-07-31 13:02:00,490.29001,490.555,489.69,489.88501,18894
2026-07-31 13:01:00,489.42999,490.49991,489.19501,490.26999,34880
2026-07-31 13:00:00,489.14999,489.57001,488.64001,489.5,17261
2026-07-31 12:59:00,489.77499,489.79999,488.89999,489.14499,14484
2026-07-31 12:58:00,490.54999,490.56000,489.54001,489.78000,47802
2026-07-31 12:57:00,489.47000,490.46301,489.47000,490.41000,38750
2026-07-31 12:56:00,489.31000,489.79999,489.070007,489.45499,171185
2026-07-31 12:55:00,488.81000,489.52551,488.65,489.27499,44054
2026-07-31 12:54:00,489.29999,489.48999,488.5,488.64999,18971
2026-07-31 12:53:00,489.35999,489.35999,488.69000,489.095001,29255
2026-07-31 12:52:00,489.85001,490.099915,489.23999,489.29999,15392
2026-07-31 12:51:00,489.5,490.44989,489.13010,489.79001,34071
2026-07-31 12:50:00,489.28000,489.97000,489.095001,489.76999,31797
2026-07-31 12:49:00,488.51999,489.20001,487.95999,488.88000,67708
2026-07-31 12:48:00,488.58499,488.79999,488.17999,488.26999,14722
2026-07-31 12:47:00,488.33499,488.79001,488.11911,488.60999,18347
2026-07-31 12:46:00,488,488.60001,487.42001,488.42999,19155
2026-07-31 12:45:00,487.44000,488.8,487,487.92999,85582
2026-07-31 12:44:00,488.35001,488.42999,487.23999,487.44000,41920
2026-07-31 12:43:00,488.52509,488.87000,488.030090,488.26721,39169
2026-07-31 12:42:00,488.42001,488.87000,487.76001,488.72000,36214
2026-07-31 12:41:00,490.10001,490.17999,488.29999,488.53500,46110
2026-07-31 12:40:00,490.625,490.75,489.79999,489.82999,28422
2026-07-31 12:39:00,490.67001,491,490.22,490.63000,19572
2026-07-31 12:38:00,491.64001,491.73,490.31000,490.57990,47445
2026-07-31 12:37:00,491.54990,492.12000,491.26001,491.44501,171649
2026-07-31 12:36:00,492.16000,492.29999,491.375,491.375,28444
2026-07-31 12:35:00,491.77499,492.38000,491.77499,492.29001,30781
2026-07-31 12:34:00,492.45001,492.51001,491.44000,491.76001,25488
2026-07-31 12:33:00,492.26001,492.61,491.91,492.45001,40743
2026-07-31 12:32:00,491.14999,492.39999,490.94,492.26999,110399
2026-07-31 12:31:00,490.56000,491.29999,490.55499,490.98499,24407
2026-07-31 12:30:00,491.38000,491.98999,490.50690,490.83969,56312
2026-07-31 12:29:00,490.36499,491.39001,490.36499,491.38000,40965
2026-07-31 12:28:00,489.88989,490.51099,489.57010,490.51099,25474
2026-07-31 12:27:00,489.54999,490.29990,489.54999,489.89001,46499
2026-07-31 12:26:00,488.79501,489.54999,488.57001,489.54999,54629
2026-07-31 12:25:00,489.37000,489.78000,488.22000,488.62000,48242
2026-07-31 12:24:00,488.60001,490.059998,488.60001,489.77991,111730
2026-07-31 12:23:00,488.44000,488.74991,488.20999,488.45999,18846
2026-07-31 12:22:00,487.64999,488.60001,487.41010,488.26999,61560
2026-07-31 12:21:00,488.26501,488.61520,487.47000,487.98001,17183
2026-07-31 12:20:00,487.98999,488.39999,487.67001,488.20001,16085
2026-07-31 12:19:00,488.60001,488.73999,487.92001,488.029999,22042
2026-07-31 12:18:00,488,489.6,487.85999,488.42499,74555
2026-07-31 12:17:00,487.45001,488.19000,487.24039,487.98999,28732
2026-07-31 12:16:00,486.57999,487.65991,486.29999,487.65991,17404
2026-07-31 12:15:00,488.20001,488.54,486.5,486.5,30565
2026-07-31 12:14:00,488.23001,488.54001,487.25,488.029999,22386
2026-07-31 12:13:00,488.13351,488.35989,487.20001,488.12000,25038
2026-07-31 12:12:00,488.20001,488.75,487.60001,488.18500,18302
2026-07-31 12:11:00,487.17999,488.17001,486.96390,487.83499,81147
2026-07-31 12:10:00,487.75,488.45999,487.31000,487.53000,17855
2026-07-31 12:09:00,487.70999,488.10001,487.5,487.73999,17179
2026-07-31 12:08:00,487.41000,487.92001,487.23001,487.5,17514
2026-07-31 12:07:00,487.5,488.049988,487,487.60001,27924
2026-07-31 12:06:00,487.54999,488.33990,487.01,487.51001,23548
2026-07-31 12:05:00,488.32999,488.32999,487.6,487.76001,19068
2026-07-31 12:04:00,488.73001,489.42999,488.12000,488.56000,39415
2026-07-31 12:03:00,487.94009,488.81320,487.94009,488.54999,27147
2026-07-31 12:02:00,488.81000,489.26001,487.87,487.94000,18062
2026-07-31 12:01:00,488.38000,489.5,488.29501,488.75,40394
2026-07-31 12:00:00,487.64499,488.44000,486.56000,488.29941,38547
2026-07-31 11:59:00,487.45999,487.83990,486.48,487.83990,39059
2026-07-31 11:58:00,488.89499,488.96,487.25,487.46500,42969
2026-07-31 11:57:00,489.46500,489.62000,488.5,488.73001,37086
2026-07-31 11:56:00,489.049988,489.51,488.14001,489.35999,63732
2026-07-31 11:55:00,489.70749,490.19821,488.77,489.065002,45417
2026-07-31 11:54:00,488.55499,489.97000,488.55499,489.68500,42696
2026-07-31 11:53:00,489.26999,489.66000,488.22,488.65500,46318
2026-07-31 11:52:00,489.51999,489.69000,488,489.23999,59777
2026-07-31 11:51:00,489.020111,489.76999,488.75,489.69000,58374
2026-07-31 11:50:00,487.37000,489.55,487.37000,489.22000,50773
2026-07-31 11:49:00,486.92999,487.37000,485.97000,487.089996,43477
2026-07-31 11:48:00,486.14001,486.73999,486,486.70499,26941
2026-07-31 11:47:00,486.94971,487.025085,485.62000,486.32999,36162
2026-07-31 11:46:00,487.45999,488.20959,486.40009,486.59000,25035
2026-07-31 11:45:00,488.28000,488.55,487.059998,487.63501,30009
2026-07-31 11:44:00,488.22699,488.47000,487.60999,488.065002,19229
2026-07-31 11:43:00,487.11499,487.91000,486.12000,487.88501,45868
2026-07-31 11:42:00,486.94501,487.67001,486.26999,487.11499,32104
2026-07-31 11:41:00,488.51501,488.51501,486.39001,486.98001,39002
2026-07-31 11:40:00,488.82001,489.39001,488.26999,488.62000,25650
2026-07-31 11:39:00,489.63000,489.88000,488.51089,489.045013,27870
2026-07-31 11:38:00,489.39999,490.88000,489.16000,489.16000,43134
2026-07-31 11:37:00,488.88000,490,488.79,489.125,26518
2026-07-31 11:36:00,488.69501,489.55060,488.17010,489.050995,35002
2026-07-31 11:35:00,487.67001,489.81000,487.38519,488.73001,66752
2026-07-31 11:34:00,485.83499,487.63,484.51001,487.44000,60835
2026-07-31 11:33:00,486.80991,486.80991,485.67010,485.75,28382
2026-07-31 11:32:00,486.42999,486.83,486,486.76501,36029
2026-07-31 11:31:00,487.035004,488.46991,486.029999,486.54999,58814
2026-07-31 11:30:00,486.059998,487.42010,485.95,487.079987,53403
2026-07-31 11:29:00,485.76999,486.49991,485.70001,486.21500,50730
2026-07-31 11:28:00,485,485.98990,484.010010,485.85999,52487
2026-07-31 11:27:00,484.35001,485.54770,484.070007,484.95999,46268
2026-07-31 11:26:00,486.22501,486.70999,483.64001,484.39001,125134
2026-07-31 11:25:00,487.74500,488.10001,485.95001,486.28000,64501
2026-07-31 11:24:00,488.62000,488.74,487.48999,487.90500,37132
2026-07-31 11:23:00,488.10999,488.76001,487.23001,488.48001,47731
2026-07-31 11:22:00,488.38000,488.93,487.67001,488.11499,51574
2026-07-31 11:21:00,489.95999,490.5,488.46,488.5,45808
2026-07-31 11:20:00,490.94000,491.35999,489.46030,489.80499,47602
2026-07-31 11:19:00,491.84000,492.17001,491,491.16000,32223
2026-07-31 11:18:00,491.69501,492.22989,491,491.84000,135383
2026-07-31 11:17:00,491.82999,492.089996,491.070007,491.60941,46999
2026-07-31 11:16:00,494.73001,495.015,491.39001,491.83499,70825
2026-07-31 11:15:00,491.92999,495.77,491.85001,494.92740,126647
2026-07-31 11:14:00,492.15991,493.5,491.45010,492.049988,70918
2026-07-31 11:13:00,490.74500,492.079987,489.94,491.79001,48700
2026-07-31 11:12:00,488.89001,490.74500,488.25009,490.74500,62029
2026-07-31 11:11:00,491,491.040009,488.17999,488.56000,87920
2026-07-31 11:10:00,491.98999,492.66000,490.98001,491.38501,51021
2026-07-31 11:09:00,492.29999,493.23999,491.70999,491.73499,54823
2026-07-31 11:08:00,492.96640,493.21,492.37,492.58499,24724
2026-07-31 11:07:00,492.70999,493.35001,491.5,492.89499,39457
2026-07-31 11:06:00,491.66000,493.20001,491.66000,492.64001,35175
2026-07-31 11:05:00,493,494.05,491.69000,491.69000,52137
2026-07-31 11:04:00,491.23001,492.81000,491.23001,492.62000,21796
2026-07-31 11:03:00,491.85001,492.14,491.040009,491.65500,28846
2026-07-31 11:02:00,491.19501,492.41000,490.89999,491.94501,29335
2026-07-31 11:01:00,490.57501,491.81,490.39001,491.45001,40059
2026-07-31 11:00:00,492.20999,493.10001,490.43219,490.57001,62509
2026-07-31 10:59:00,492.35001,492.73999,491.85999,491.99500,43525
2026-07-31 10:58:00,492.35999,492.64001,491,492.29501,55265
2026-07-31 10:57:00,493.045013,493.63000,492.28000,492.35501,30253
2026-07-31 10:56:00,491.20001,493.70001,490.69000,493.089996,59970
2026-07-31 10:55:00,491.10999,492.48999,490.45999,491.42001,34312
2026-07-31 10:54:00,493.17999,493.17999,490.5,490.95499,67306
2026-07-31 10:53:00,492.79999,493.41989,492.38501,492.87000,77067
2026-07-31 10:52:00,493.57999,493.84,492.70999,492.82999,52960
2026-07-31 10:51:00,492.97000,494.12000,492.70001,493.69009,80591
2026-07-31 10:50:00,493.089996,493.92001,492.54999,493.10251,99859
2026-07-31 10:49:00,492.75500,493.53101,492.22000,493.17499,75016
2026-07-31 10:48:00,491.10001,492.76001,490.57999,492.58499,67079
2026-07-31 10:47:00,490.89999,491.29501,489.75,491.059998,36923
2026-07-31 10:46:00,489.60001,492.26682,488.70209,490.89999,75555
2026-07-31 10:45:00,491.035004,491.26999,489.26999,489.57999,70105
2026-07-31 10:44:00,490.85999,491.64999,490.60001,491.035004,58500
2026-07-31 10:43:00,490.57001,491.20001,490.019989,490.59000,40241
2026-07-31 10:42:00,491.36499,491.57001,489.51001,490.43500,91494
2026-07-31 10:41:00,493.22501,493.22501,490.95999,491.26999,65489
2026-07-31 10:40:00,493.62000,494.28000,492.51001,493.39999,52641
2026-07-31 10:39:00,492.95001,494.39001,492.54,493.44849,45860
2026-07-31 10:38:00,493.47501,494.17999,492.94,492.95499,57468
2026-07-31 10:37:00,492.89001,494.49,492.89001,493.47501,49617
2026-07-31 10:36:00,493.56000,493.8,492.19000,492.88501,67972
2026-07-31 10:35:00,492.20001,494.87000,491.92999,493.79999,74647
2026-07-31 10:34:00,490.26001,492.53000,489.32001,492.035004,133858
2026-07-31 10:33:00,492,493.049988,490.20001,490.51999,95664
2026-07-31 10:32:00,492.45999,492.64,490.57999,492.024994,102673
2026-07-31 10:31:00,493.54001,494.98999,492.42010,492.45001,108947
2026-07-31 10:30:00,492.5,493.89999,492.029999,493.89990,88987
2026-07-31 10:29:00,492.48001,492.66000,491.43,492.48999,81654
2026-07-31 10:28:00,490.86499,492.26999,490.52,492.23999,65757
2026-07-31 10:27:00,489.095001,491.040009,487.69000,491.0072937,80563
2026-07-31 10:26:00,489.81500,489.96,488.35501,489.13629,38590
2026-07-31 10:25:00,489.37000,491.040009,488.59000,489.97369,61393
2026-07-31 10:24:00,490.82501,490.82501,487.42239,489.37000,79434
2026-07-31 10:23:00,491.089996,491.85999,489.78000,490.82501,77761
2026-07-31 10:22:00,489.26001,491.98999,489.019989,491.32001,82455
2026-07-31 10:21:00,491.42001,491.97000,488,489.19000,83099
2026-07-31 10:20:00,488,491.76990,486.98001,491.32321,138728
2026-07-31 10:19:00,488.92001,490.47150,488.00061035,488.28000,196476
2026-07-31 10:18:00,485.41501,488.88000,484.94000,488.88000,91620
2026-07-31 10:17:00,484.72000,487.39001,484.5,485.26001,139514
2026-07-31 10:16:00,485.66000,485.89999,483.23,484.69000,71285
2026-07-31 10:15:00,485.97000,487.48001,485.26001,485.55090,75227
2026-07-31 10:14:00,485.36499,486.76999,484.41,486.054993,46527
2026-07-31 10:13:00,486.62000,487.19501,484.64001,485.44501,93146
2026-07-31 10:12:00,487.45001,488.23001,486,486.85999,132481
2026-07-31 10:11:00,484.66501,487.29999,484.35999,487.29999,97095
2026-07-31 10:10:00,485.60001,486.73001,483.23999,484.35001,122101
2026-07-31 10:09:00,486.29501,487,484.67300,485.33499,123967
2026-07-31 10:08:00,487.46500,488.13501,485.22000,486.23999,133520
2026-07-31 10:07:00,488.84500,489.48999,486.16000,487.48999,139926
2026-07-31 10:06:00,490.10001,491.25500,488.79999,488.84500,76818
2026-07-31 10:05:00,489.74500,490.70520,488.30380,490.14499,100699
2026-07-31 10:04:00,491.23499,491.58990,489.26999,489.55011,82665
2026-07-31 10:03:00,490.64999,492.59250,490.26001,490.90500,78323
2026-07-31 10:02:00,492.80499,494.27841,489.78000,490.26041,126430
2026-07-31 10:01:00,492.64999,493.14990,491.049988,492.57999,86192
2026-07-31 10:00:00,495.31000,496.39990,492.60999,492.88000,97324
2026-07-31 09:59:00,494.19000,496.18,494.19000,495.45499,85164
2026-07-31 09:58:00,495.26001,495.69000,493.70001,494.19000,69584
2026-07-31 09:57:00,496.37000,497.17999,495.12000,495.42001,117195
2026-07-31 09:56:00,493.89990,496.34000,493.12000,496.34000,112115
2026-07-31 09:55:00,492.66000,494.029999,491.20010,493.66000,98519
2026-07-31 09:54:00,492.049988,493.019897,491.20010,492.59000,74758
2026-07-31 09:53:00,493.66000,493.67001,491.10001,492.53000,99279
2026-07-31 09:52:00,496.74991,497.28000,493.25,493.73999,113830
2026-07-31 09:51:00,495,497,494.010010,496.44501,77291
2026-07-31 09:50:00,495.17999,497.34991,493.059998,494.85999,156883
2026-07-31 09:49:00,493.57999,495.72000,492.52,495,123994
2026-07-31 09:48:00,495.49500,496.01,492.60010,493.68771,130819
2026-07-31 09:47:00,496.019989,497.35001,494.35001,495.42749,127726
2026-07-31 09:46:00,499.73001,500,495.20001,496.22000,137707
2026-07-31 09:45:00,499.54001,502,498.67001,499.72501,136295
2026-07-31 09:44:00,502.0029907,502.63000,499.38760,499.38760,129202
2026-07-31 09:43:00,502.87000,503.70999,500.51999,501.96011,123214
2026-07-31 09:42:00,505.92001,506.14001,502.39001,502.67999,148537
2026-07-31 09:41:00,505.81000,508.29999,505.20010,505.92499,140186
2026-07-31 09:40:00,506.61499,508.18570,504.59000,505.76501,166424
2026-07-31 09:39:00,506.47000,507,505.14001,506.61499,116684
2026-07-31 09:38:00,506.60999,508.065,504.67010,506.48450,240558
2026-07-31 09:37:00,510.14001,510.61938,506.44000,506.67499,171565
2026-07-31 09:36:00,514.48499,514.81000,510.32999,510.34409,136969
2026-07-31 09:35:00,512.88000,515.34003,512.70001,514.48999,123097
2026-07-31 09:34:00,514.45502,515.62000,512.76031,512.96002,194985
2026-07-31 09:33:00,515.10999,515.54993,512.59003,514.45502,181348
2026-07-31 09:32:00,511.45499,515.35999,511.445,515.26068,182146
2026-07-31 09:31:00,512.17999,514.44000,510.54041,511.46500,226483
2026-07-31 09:30:00,510.27499,514.85822,506.74,511.76001,1567209
2026-07-30 15:59:00,485.57999,486.60001,484.89499,485.58499,537294
2026-07-30 15:58:00,485.44000,486,485.28000,485.51999,202864
2026-07-30 15:57:00,485.5,485.83990,485.029999,485.44000,118434
2026-07-30 15:56:00,484.95001,486,484.73999,485.53500,132793
2026-07-30 15:55:00,486.23999,486.23999,484.5,485.029999,130069
2026-07-30 15:54:00,486.20001,488.32999,486.1,486.45999,182721
2026-07-30 15:53:00,487.14999,487.24380,486.20001,486.28500,117284
2026-07-30 15:52:00,487.23999,487.80460,486.85080,486.95999,153037
2026-07-30 15:51:00,487.64001,488.010010,486.79999,487.23999,117061
2026-07-30 15:50:00,487.19000,488,486.29999,487.76501,194860
2026-07-30 15:49:00,487.10999,487.42999,486.88,487.19000,71280
2026-07-30 15:48:00,487.39001,487.39999,486.84000,487.10999,64338
2026-07-30 15:47:00,487.39999,487.75,487.16000,487.39999,52956
2026-07-30 15:46:00,487.60001,487.79999,487.19000,487.51001,33595
2026-07-30 15:45:00,487.26001,487.89001,487.2,487.60001,69394
2026-07-30 15:44:00,487.54999,487.64001,487.089996,487.37000,52526
2026-07-30 15:43:00,487.36499,487.97501,487.25,487.52490,35455
2026-07-30 15:42:00,487.86499,487.86499,487.14,487.45999,53177
2026-07-30 15:41:00,487.69000,488.049988,487.53079,487.89001,34231
2026-07-30 15:40:00,487.75,488,487.35001,487.70001,52366
2026-07-30 15:39:00,488,488.08,487.69000,487.82999,44308
2026-07-30 15:38:00,487.89999,488.59000,487.85001,487.98999,50523
2026-07-30 15:37:00,487.49500,488.25,487.49500,487.91000,42696
2026-07-30 15:36:00,488.11041,488.20001,487.31009,487.43481,62567
2026-07-30 15:35:00,488.44000,488.85999,488.14999,488.17499,44825
2026-07-30 15:34:00,488.61499,488.92,487.94501,488.36499,70776
2026-07-30 15:33:00,487.81000,488.85999,487.81000,488.60999,67162
2026-07-30 15:32:00,487.69000,488.21,487.53000,487.72501,46801
2026-07-30 15:31:00,488.20001,488.20001,487.07,487.37000,57346
2026-07-30 15:30:00,487.39999,488.37991,487.22000,488.26999,51679
2026-07-30 15:29:00,487.97501,488,487.29999,487.64560,48356
2026-07-30 15:28:00,488.010010,488.18,487.85999,487.92001,49274
2026-07-30 15:27:00,488.029999,488.32999,487.47000,487.88000,52579
2026-07-30 15:26:00,487.75,488.4,487.23129,488.20001,58207
2026-07-30 15:25:00,488.73499,488.85001,487.62000,487.81000,72619
2026-07-30 15:24:00,489,489.23001,488.73,488.76001,41067
2026-07-30 15:23:00,488.70001,489.72989,488.64999,489.19000,62579
2026-07-30 15:22:00,488.51999,488.705,488.070099,488.63501,44798
2026-07-30 15:21:00,489.26001,489.35001,488.52161,488.58499,51882
2026-07-30 15:20:00,490.010010,490.31949,489.17999,489.17999,47449
2026-07-30 15:19:00,490.67419,490.73001,490.029999,490.059998,48577
2026-07-30 15:18:00,491,491.089996,490.66010,490.79999,53837
2026-07-30 15:17:00,490.84000,491,490.42999,490.97000,40460
2026-07-30 15:16:00,489.45001,490.85999,489.43,490.70001,58466
2026-07-30 15:15:00,490.31000,490.40500,489.44000,489.49500,59765
2026-07-30 15:14:00,491.48499,491.48999,490.31000,490.31079,95709
2026-07-30 15:13:00,491.73001,491.95999,491.39999,491.56000,69992
2026-07-30 15:12:00,490.67999,491.95999,490.65,491.78922,96639
2026-07-30 15:11:00,490.19000,490.94000,490.19000,490.63000,79605
2026-07-30 15:10:00,489.57999,490.35999,489.51,490.32999,66879
2026-07-30 15:09:00,489.85001,490.39999,489.39,489.87991,87703
2026-07-30 15:08:00,489.20999,489.95999,488.99,489.82501,136702
2026-07-30 15:07:00,489.14499,489.98999,489.040009,489.23001,127912
2026-07-30 15:06:00,487.39001,489.095001,487.16501,489.095001,82364
2026-07-30 15:05:00,487.059998,487.57999,486.88501,487.42001,43994
2026-07-30 15:04:00,486.57001,487.09,486.54999,486.98999,29820
2026-07-30 15:03:00,487.14999,487.19000,486.61,486.70999,40960
2026-07-30 15:02:00,486.85419,487.44211,486.64999,487.14999,20208
2026-07-30 15:01:00,487.079590,487.55,486.46011,486.79999,42670
2026-07-30 15:00:00,486.56000,487.13000,486.29010,487,37234
2026-07-30 14:59:00,485.92999,486.66000,485.85001,486.5,51898
2026-07-30 14:58:00,486.059998,486.059998,485.61191,485.99500,31640
2026-07-30 14:57:00,486.17001,486.25,485.32370,485.87000,28683
2026-07-30 14:56:00,485.85999,486.32999,485.20010,486.16989,116299
2026-07-30 14:55:00,485.45999,485.96991,485.20999,485.86499,60826
2026-07-30 14:54:00,485.85501,486.079987,485.30011,485.40500,21105
2026-07-30 14:53:00,485.94000,486.069489,485.64001,485.79999,32255
2026-07-30 14:52:00,485.5,486.029907,485.26001,485.87000,37854
2026-07-30 14:51:00,486.38000,486.39001,485.27499,485.5,31671
2026-07-30 14:50:00,487.39001,487.79999,486.28690,486.375,48888
2026-07-30 14:49:00,487.84000,487.92499,487.26001,487.51001,44835
2026-07-30 14:48:00,487.63000,487.95999,487.5,487.91501,24142
2026-07-30 14:47:00,487.89999,488,487.48010,487.48010,26877
2026-07-30 14:46:00,487.19510,487.99951,487.17,487.875,42876
2026-07-30 14:45:00,487.54999,487.70001,487.16,487.32999,31480
2026-07-30 14:44:00,487.32001,487.65,487.029999,487.60001,28591
2026-07-30 14:43:00,487.13501,487.42700,486.85919,487.31000,19195
2026-07-30 14:42:00,486.78000,487.20801,486.54999,486.875,18583
2026-07-30 14:41:00,487.32999,487.44000,486.5,486.66000,47426
2026-07-30 14:40:00,486.98001,487.56000,486.91000,487.44000,24358
2026-07-30 14:39:00,487.48999,487.61499,486.81519,487.010010,42002
2026-07-30 14:38:00,487.79999,488.31180,487.46,487.48001,38696
2026-07-30 14:37:00,487.70999,488.12991,487.41000,487.69180,28795
2026-07-30 14:36:00,488.024994,488.13000,487.20999,487.70999,92497
2026-07-30 14:35:00,488.029999,488.13000,487.65,488.12521,29697
2026-07-30 14:34:00,488.54001,488.54001,487.98999,488.19000,19907
2026-07-30 14:33:00,488.075012,488.56000,488.075012,488.48499,18473
2026-07-30 14:32:00,488.51990,488.51990,487.89999,488.070007,23758
2026-07-30 14:31:00,489.19501,489.25580,488.13010,488.30499,44854
2026-07-30 14:30:00,488.39499,489.28769,488.28,489.21359,33303
2026-07-30 14:29:00,488.21500,488.48001,487.95001,488.29999,20787
2026-07-30 14:28:00,487.79999,488.45999,487.79999,488.22000,17887
2026-07-30 14:27:00,488.14639,488.53900,487.80820,488.018707,34700
2026-07-30 14:26:00,488.14001,488.32001,487.88,488.18500,19221
2026-07-30 14:25:00,487.76001,488.21,487.69000,488.015015,27278
2026-07-30 14:24:00,487.72000,488.059998,487.60001,487.76501,57341
2026-07-30 14:23:00,488.22861,488.27499,487.60001,487.73001,30249
2026-07-30 14:22:00,487.83499,488.23901,487.22,488.23901,71086
2026-07-30 14:21:00,486.81000,488.049896,486.64999,487.92999,60072
2026-07-30 14:20:00,486.29001,487.07,486.10999,486.92001,26460
2026-07-30 14:19:00,487.070007,487.070007,485.82001,486.38000,43733
2026-07-30 14:18:00,487.35999,487.57,486.79999,487,21249
2026-07-30 14:17:00,487.63431,487.63431,486.92999,487.5,35043
2026-07-30 14:16:00,488.019897,488.019897,487.39499,487.57001,41032
2026-07-30 14:15:00,488.58499,488.68,487.75,487.86499,109098
2026-07-30 14:14:00,488.57001,488.76001,488.13000,488.57999,31148
2026-07-30 14:13:00,488.73999,488.77829,488.22009,488.59000,66994
2026-07-30 14:12:00,488.51501,488.85001,487.70999,488.73999,57711
2026-07-30 14:11:00,488.42499,488.6,488.28000,488.52521,14058
2026-07-30 14:10:00,488.67499,488.89490,488.23999,488.48001,19834
2026-07-30 14:09:00,488.71500,489.16000,488.21011,488.56000,41560
2026-07-30 14:08:00,488.39001,488.89899,488.010010,488.71500,26558
2026-07-30 14:07:00,488.74991,488.75,488.32001,488.39999,28844
2026-07-30 14:06:00,487.77011,488.73001,487.77011,488.54999,16901
2026-07-30 14:05:00,487.87000,488.74799,487.63000,487.92499,43183
2026-07-30 14:04:00,488.26999,488.60001,487.60001,487.82001,45512
2026-07-30 14:03:00,488.60999,488.73499,488.12000,488.13309,37789
2026-07-30 14:02:00,488.64999,488.79990,488.19009,488.45999,38585
2026-07-30 14:01:00,488.66501,489,488.47000,488.78500,26073
2026-07-30 14:00:00,488.28000,489.23990,488.23999,488.64999,42674
2026-07-30 13:59:00,487.92001,488.39,487.92001,488.16000,30046
2026-07-30 13:58:00,487.89001,488.029999,487.69000,487.89001,21304
2026-07-30 13:57:00,487.89999,488.25,487.66000,487.82999,18453
2026-07-30 13:56:00,487.51999,488,487.51999,487.89999,15883
2026-07-30 13:55:00,488.029999,488.23001,487.35999,487.81000,35034
2026-07-30 13:54:00,487.64001,488.31000,487.60999,488.14001,22818
2026-07-30 13:53:00,487.82999,487.92999,487.35001,487.62000,27621
2026-07-30 13:52:00,488.34000,488.39951,487.52051,487.76999,31955
2026-07-30 13:51:00,487.70999,488.39990,487.64001,488.17999,18418
2026-07-30 13:50:00,487.45581,487.73001,487.25,487.70999,25605
2026-07-30 13:49:00,488.12000,488.20840,487.29999,487.39999,34331
2026-07-30 13:48:00,488.22000,488.54001,488.060089,488.13379,35296
2026-07-30 13:47:00,488.10999,488.54999,488.07,488.30801,33308
2026-07-30 13:46:00,487.89621,488.26999,487.88,488.10999,27815
2026-07-30 13:45:00,487.85001,488.25,487.73010,487.89001,38403
2026-07-30 13:44:00,487.51001,488.040009,487.42999,487.85001,42421
2026-07-30 13:43:00,487.070007,487.95999,487.07,487.76001,26421
2026-07-30 13:42:00,487.59000,487.60001,486.92899,487.12140,27953
2026-07-30 13:41:00,487.16000,487.55,487,487.41000,21919
2026-07-30 13:40:00,486.67001,487.37000,486.67001,487.16000,39617
2026-07-30 13:39:00,487.24500,487.38989,486.67001,486.69000,35632
2026-07-30 13:38:00,487.63000,487.73001,486.66000,487.14999,42591
2026-07-30 13:37:00,487.88000,488.23999,487.60001,487.64999,36214
2026-07-30 13:36:00,488.14999,488.14999,487.64999,487.85999,35848
2026-07-30 13:35:00,488.13000,488.82999,487.95999,488.26501,38615
2026-07-30 13:34:00,487.98001,488.42001,487.81000,488.29001,28078
2026-07-30 13:33:00,488.10001,488.42999,487.51999,488.045013,57552
2026-07-30 13:32:00,487.83249,488.47000,487.83249,488,31634
2026-07-30 13:31:00,487.98001,487.99039,487.64999,487.77499,45277
2026-07-30 13:30:00,487.88501,488.41989,487.88501,488.10999,20820
2026-07-30 13:29:00,488.019989,488.20001,487.6,487.88501,24620
2026-07-30 13:28:00,488.67999,488.67999,487.64001,488.024994,38015
2026-07-30 13:27:00,488.69501,489,488.5,488.64999,30573
2026-07-30 13:26:00,488.22000,488.70001,488.07,488.69501,31481
2026-07-30 13:25:00,488.48499,488.57541,487.87009,488.13000,52181
2026-07-30 13:24:00,488.45001,488.98990,488.19000,488.34470,44636
2026-07-30 13:23:00,488,488.75,487.94000,488.60501,37608
2026-07-30 13:22:00,487.89999,488.14999,487.12341,487.92001,123245
2026-07-30 13:21:00,488.19501,488.44000,487.59000,487.86499,49054
2026-07-30 13:20:00,487.66000,488.31000,487.47501,488.26999,84178
2026-07-30 13:19:00,486.98999,487.93030,486.62000,487.78000,38080
2026-07-30 13:18:00,486.70999,487.19000,486.53000,486.83499,49003
2026-07-30 13:17:00,486.42001,486.94000,486.42001,486.62079,23212
2026-07-30 13:16:00,485.88000,486.67001,485.64001,486.51669,41021
2026-07-30 13:15:00,485.70001,486.2,485.54999,485.73999,34875
2026-07-30 13:14:00,485.73010,485.97000,485.5,485.79501,27588
2026-07-30 13:13:00,485.85001,486,485.61011,485.72501,19494
2026-07-30 13:12:00,486.26999,486.32001,485.64999,485.73999,46289
2026-07-30 13:11:00,485.75500,486.28000,485.48,486.17001,22383
2026-07-30 13:10:00,485.59000,486.29999,485.47101,485.57559,32925
2026-07-30 13:09:00,486.12000,486.12000,485.39999,485.62000,24535
2026-07-30 13:08:00,485.94000,486.41000,485.85001,486.29999,16807
2026-07-30 13:07:00,486.070007,486.20999,485.5,485.82001,35168
2026-07-30 13:06:00,485.79031,486.44879,485.6,486.28000,38014
2026-07-30 13:05:00,485.92068,486.0065918,485.47000,485.68039,19833
2026-07-30 13:04:00,485.56000,485.95999,485.43921,485.82001,18282
2026-07-30 13:03:00,485.39499,485.69910,485.22000,485.41501,20676
2026-07-30 13:02:00,486.75,486.76999,485.18,485.39499,32914
2026-07-30 13:01:00,486.10999,487,485.75,486.625,43386
2026-07-30 13:00:00,485.82001,487,485.82001,486.14999,61177
2026-07-30 12:59:00,485.56989,486.31000,485.29999,485.89999,39351
2026-07-30 12:58:00,485.31500,485.60001,484.96011,485.34000,35904
2026-07-30 12:57:00,485.20001,485.67499,485.12000,485.32010,24380
2026-07-30 12:56:00,484.98499,485.48001,484.78000,485,23096
2026-07-30 12:55:00,484.48001,485.10999,484.20001,485.10999,30073
2026-07-30 12:54:00,484.14999,484.45001,484.14999,484.30499,25728
2026-07-30 12:53:00,485.13000,485.13000,484.089996,484.21500,36592
2026-07-30 12:52:00,485.41040,485.76999,484.81000,485.23001,28027
2026-07-30 12:51:00,484.20001,485.29999,483.98001,485.29999,34071
2026-07-30 12:50:00,484,484.24,483.26999,483.79999,41760
2026-07-30 12:49:00,482.96481,483.89999,482.96481,483.89999,30520
2026-07-30 12:48:00,483.31750,483.48999,482.66000,483.040009,33676
2026-07-30 12:47:00,483.48999,483.91,483.22000,483.37000,33559
2026-07-30 12:46:00,483.32001,483.88000,483.20999,483.72989,32497
2026-07-30 12:45:00,482.22501,483.75,482.22501,483.20499,44631
2026-07-30 12:44:00,482.19000,482.66,481.91000,482.37000,37315
2026-07-30 12:43:00,482.35001,482.83990,481.73999,482.45001,43418
2026-07-30 12:42:00,482.51999,482.60999,482.00070190,482.35001,33240
2026-07-30 12:41:00,482.70999,482.84,481.95169,482.42999,50761
2026-07-30 12:40:00,484.14999,484.16000,482.5,482.68250,45878
2026-07-30 12:39:00,484.059998,484.5,483.85,484.089996,23193
2026-07-30 12:38:00,483.87000,484.44000,483.64999,483.86011,28499
2026-07-30 12:37:00,484.049988,484.35999,483.76999,483.84000,22953
2026-07-30 12:36:00,483.57001,484.24,483.35999,484.045013,21043
2026-07-30 12:35:00,483.98001,484.74979,483.37000,483.47000,46092
2026-07-30 12:34:00,483.67999,483.91000,483.23010,483.81500,32811
2026-07-30 12:33:00,484.16000,484.28900,483.67001,483.76501,22767
2026-07-30 12:32:00,484.19000,484.19000,483.32999,484.089996,24884
2026-07-30 12:31:00,484.045013,484.34000,483.32001,484.125,50374
2026-07-30 12:30:00,485.70499,485.95001,484,484.045013,70907
2026-07-30 12:29:00,485.56879,485.99,485.39001,485.70001,26640
2026-07-30 12:28:00,486.17001,486.17001,485.45999,485.70001,33772
2026-07-30 12:27:00,485.040009,486.17001,484.89999,485.84000,46337
2026-07-30 12:26:00,485.11499,485.35001,484.81000,485.040009,46141
2026-07-30 12:25:00,485.089996,485.32999,484.88000,485.14999,35111
2026-07-30 12:24:00,485.20999,485.67990,484.95,485.16000,37751
2026-07-30 12:23:00,485.63501,485.85999,484.62000,485.13000,52112
2026-07-30 12:22:00,485.58011,486.37,485.39999,485.85999,55626
2026-07-30 12:21:00,485.82001,486,485.42001,485.85999,44173
2026-07-30 12:20:00,485.74500,486.34000,485.28000,486,41025
2026-07-30 12:19:00,486.86499,486.98441,485.69000,485.77499,37435
2026-07-30 12:18:00,487.14999,487.30499,486.20001,486.87000,35571
2026-07-30 12:17:00,487.079987,487.49991,486.62000,487.49991,27662
2026-07-30 12:16:00,486.87000,487.52731,486.73001,487.20999,51394
2026-07-30 12:15:00,487.41000,487.85989,486.87000,487,48393
2026-07-30 12:14:00,487.45999,487.79999,486.87000,487.64001,54220
2026-07-30 12:13:00,486.87531,487.79,486.87531,487.57001,56325
2026-07-30 12:12:00,486.37000,487.07,485.98999,486.94501,61396
2026-07-30 12:11:00,486.26001,486.57001,485.72000,486.36649,25928
2026-07-30 12:10:00,486.13501,486.67,485.61011,486.089996,39718
2026-07-30 12:09:00,486.28009,486.85999,485.79001,486.070007,63147
2026-07-30 12:08:00,486.59000,486.78470,486.125,486.66171,31676
2026-07-30 12:07:00,486.26999,486.54501,485.91000,486.54501,49274
2026-07-30 12:06:00,487.029999,487.44000,486.10001,486.19000,56062
2026-07-30 12:05:00,485.78009,487.34000,485.73999,486.78000,101092
2026-07-30 12:04:00,485.059998,486.26001,485.029999,486.0050049,56415
2026-07-30 12:03:00,484.35999,485.45001,484.35999,485.29800,63076
2026-07-30 12:02:00,483.95001,484.64001,483.7,484.41830,50204
2026-07-30 12:01:00,482.60999,484.17999,482.10001,484.010010,71192
2026-07-30 12:00:00,482.60001,483.29999,482.20999,482.97000,43422
2026-07-30 11:59:00,482.64001,482.64999,481.85001,482.57001,61620
2026-07-30 11:58:00,483.79999,483.8,482.70001,482.88501,44553
2026-07-30 11:57:00,484.42001,484.57999,483.45499,483.62000,29954
2026-07-30 11:56:00,484.25500,484.64999,484.040009,484.57001,31748
2026-07-30 11:55:00,483.92999,484.605,483.73999,484.41000,57477
2026-07-30 11:54:00,483.42999,483.99631,482.76,483.99631,47004
2026-07-30 11:53:00,482.70999,483.54999,482.28320,483.39999,35315
2026-07-30 11:52:00,484.20999,484.23999,481.87009,482.66501,56426
2026-07-30 11:51:00,482.89499,484.25,482.26999,484.25,47244
2026-07-30 11:50:00,484.019989,484.43991,482.73001,482.94000,49185
2026-07-30 11:49:00,483.79999,484.35001,482.97519,484.17999,53614
2026-07-30 11:48:00,484.44000,484.44000,483.44000,483.92001,42522
2026-07-30 11:47:00,484.94000,485.38000,484.44000,484.60999,63345
2026-07-30 11:46:00,484,485.28281,483.77802,484.94000,83212
2026-07-30 11:45:00,482.98001,484.25,482.81000,484,45661
2026-07-30 11:44:00,483,484.20999,482.64999,482.82001,44047
2026-07-30 11:43:00,482.25,482.98749,481.90009,482.63239,34834
2026-07-30 11:42:00,483.19000,483.32999,482.10001,482.41000,57262
2026-07-30 11:41:00,483.85999,483.98999,482.91501,483.040009,33078
2026-07-30 11:40:00,483.81000,484.60001,483.42001,483.95001,54100
2026-07-30 11:39:00,483.22751,484,482.54001,483.81000,40661
2026-07-30 11:38:00,482.66000,483.3,482.13000,482.92499,54313
2026-07-30 11:37:00,484.049988,484.10001,482.54001,482.54999,70672
2026-07-30 11:36:00,483.76999,484.70001,483.65500,484.079987,50405
2026-07-30 11:35:00,483.76880,484.69659,483.35999,483.63000,49115
2026-07-30 11:34:00,484,484.11191,482.74,483.51501,49747
2026-07-30 11:33:00,483.32001,483.98651,482.88000,483.98651,31152
2026-07-30 11:32:00,483.20499,484.39001,482.94,483.70361,75095
2026-07-30 11:31:00,482.66000,483.73001,482.42001,483.23001,43885
2026-07-30 11:30:00,482.87000,483.80209,482.48010,482.54001,60238
2026-07-30 11:29:00,483.14999,483.54001,482.69000,482.85999,41750
2026-07-30 11:28:00,483.24500,483.29001,482.41000,482.98999,55622
2026-07-30 11:27:00,483.73999,484.38000,483,483.42001,38311
2026-07-30 11:26:00,484.040009,484.23,481.73999,483.73999,79304
2026-07-30 11:25:00,484.51999,486.17999,483.86499,484.20001,68260
2026-07-30 11:24:00,485,485.66,484.32001,484.54999,49060
2026-07-30 11:23:00,486.22000,486.23001,484.13000,484.95999,70535
2026-07-30 11:22:00,486.64001,486.70999,485.70010,486.48999,41050
2026-07-30 11:21:00,485.25171,487.74930,485.18011,486.67999,99083
2026-07-30 11:20:00,484.90500,486.099915,484.71,485.45001,59899
2026-07-30 11:19:00,485.34991,485.95001,484.5,484.77499,39397
2026-07-30 11:18:00,484.84460,485.23999,483.88,485.20001,60459
2026-07-30 11:17:00,485.69501,486.47000,484.35,484.79999,53553
2026-07-30 11:16:00,486.060791,486.49991,485.23599,485.39139,66863
2026-07-30 11:15:00,484.82001,486.10001,484.25,486,76546
2026-07-30 11:14:00,484.76999,485.87000,484.31000,484.84000,75797
2026-07-30 11:13:00,484.97000,485.21320,483.42001,484.78809,67366
2026-07-30 11:12:00,483.80499,485.48950,483.5,485.17999,69661
2026-07-30 11:11:00,485.72751,486.17990,483.41000,483.89001,110505
2026-07-30 11:10:00,487.92999,488.10001,485.39999,485.82001,68833
2026-07-30 11:09:00,486.69501,488.64001,486.69501,488.029999,86031
2026-07-30 11:08:00,485.85999,486.98990,485.089996,486.69501,65207
2026-07-30 11:07:00,487.75,487.80991,485.21051,486.019989,101077
2026-07-30 11:06:00,488.95999,489.89999,487.51001,487.51001,96274
2026-07-30 11:05:00,488.75,489.19989,487.72061,488.95999,53370
2026-07-30 11:04:00,488.51999,489.26999,487.49011,488.62051,84730
2026-07-30 11:03:00,487.84000,489.20001,487.45230,488.14999,95192
2026-07-30 11:02:00,485.66501,487.76999,485.45001,487.41061,107700
2026-07-30 11:01:00,483.83499,485.94,483.525,485.84100,85322
2026-07-30 11:00:00,484.51001,484.88000,483.10001,483.83499,94572
2026-07-30 10:59:00,486.38000,486.78180,484.50500,484.92990,96852
2026-07-30 10:58:00,485.76001,486.77951,485.31961,486.14001,124203
2026-07-30 10:57:00,483.70001,485.79999,483.37000,485.79001,145195
2026-07-30 10:56:00,484.059998,484.69330,483.51001,483.60501,110889
2026-07-30 10:55:00,485.32001,485.32001,483.53000,484.62961,131501
2026-07-30 10:54:00,487.26999,487.5,485.32,485.32001,104175
2026-07-30 10:53:00,488.42001,488.61499,486.79001,487.26999,115519
2026-07-30 10:52:00,489.19000,489.95990,488.41010,488.58499,104201
2026-07-30 10:51:00,490.75,491.084991,488.70999,489.0098877,152684
2026-07-30 10:50:00,492.62100,493.32001,490.62000,490.63501,156110
2026-07-30 10:49:00,493.029999,493.59000,491.54999,492.42999,119974
2026-07-30 10:48:00,492.10001,493.14999,491.26999,493.14999,97179
2026-07-30 10:47:00,491.78909,492.95999,491.57001,492.24500,93492
2026-07-30 10:46:00,493.26501,494.15,491.51001,491.70999,134043
2026-07-30 10:45:00,493.41000,493.73001,491.88000,493.22000,160121
2026-07-30 10:44:00,494.10999,494.26999,492.44629,493.39999,112818
2026-07-30 10:43:00,494.49500,494.62000,493.20999,494.089996,130352
2026-07-30 10:42:00,495.20001,496.040009,494.39041,494.49500,115940
2026-07-30 10:41:00,495.17001,495.875,494.81000,495.13281,104592
2026-07-30 10:40:00,495.78000,496,494.91,495.040009,129641
2026-07-30 10:39:00,495.13000,495.79999,494.82901,495.69000,71647
2026-07-30 10:38:00,496.59500,496.83,494.89001,495.13000,155277
2026-07-30 10:37:00,497,497.29001,495.76999,496.70999,118614
2026-07-30 10:36:00,496.084991,497.17001,495.35010,496.85001,108602
2026-07-30 10:35:00,497.54001,497.76199,495.67999,496.20001,167617
2026-07-30 10:34:00,497.375,498.059998,496.55011,497.52499,149123
2026-07-30 10:33:00,497.78500,498.17001,497.029999,497.32999,123388
2026-07-30 10:32:00,496.74500,498.20001,496.62000,497.78500,125287
2026-07-30 10:31:00,495.97000,497.17,495.67200,496.60001,156527
2026-07-30 10:30:00,497.16000,497.45001,495.10001,496.14999,152890
2026-07-30 10:29:00,496.45499,497.39999,496.17999,497.14999,120288
2026-07-30 10:28:00,495.84000,497.38000,495.69000,496.42999,180053
2026-07-30 10:27:00,492.34000,495.94,492.25021,495.71280,157708
2026-07-30 10:26:00,492.67850,493.29999,491.25690,492.34000,80062
2026-07-30 10:25:00,492.28448,493.29999,492.20999,492.48001,111569
2026-07-30 10:24:00,492.77499,493.57001,491.84,492.44000,146305
2026-07-30 10:23:00,491.67499,492.79001,491.64999,492.79001,162501
2026-07-30 10:22:00,491.39880,491.89139,490.62329,491.76999,146931
2026-07-30 10:21:00,489.85019,491.64990,489.70999,491.51001,226124
2026-07-30 10:20:00,488.32001,489.88989,488.32001,489.60950,108973
2026-07-30 10:19:00,486.65500,488.79,486.65500,488.53500,147224
2026-07-30 10:18:00,486.44009,486.94000,484.67010,486.68500,114253
2026-07-30 10:17:00,486.81000,487.98001,486.44,486.51001,135408
2026-07-30 10:16:00,485.76001,486.95001,484.73999,486.66461,88774
2026-07-30 10:15:00,484.35001,486.50500,484.35001,486.20990,134814
2026-07-30 10:14:00,483.93500,485.30701,483.42999,484.38501,87956
2026-07-30 10:13:00,486.17001,486.17001,483.84000,483.84000,130071
2026-07-30 10:12:00,484.42999,486.08,483.65509,485.95999,143971
2026-07-30 10:11:00,484.029907,484.89001,483.20001,484.64001,136689
2026-07-30 10:10:00,482.83499,484.48001,482.48999,484.019989,136938
2026-07-30 10:09:00,481.53000,483.19989,480.25,483,175856
2026-07-30 10:08:00,481.48999,482.5,481.044708,481.39001,148124
2026-07-30 10:07:00,482.60999,483.5,481.25,481.5,135350
2026-07-30 10:06:00,484.41000,484.75,482.37,482.45499,120462
2026-07-30 10:05:00,484.53000,485.49991,483.94000,484.65500,144034
2026-07-30 10:04:00,486.22000,486.75760,484.56009,484.71500,142197
2026-07-30 10:03:00,485.22000,486.85989,484.27731,486.40500,207507
2026-07-30 10:02:00,485.23999,486.48999,484.64999,485.26501,155351
2026-07-30 10:01:00,483.25,485.60001,482.73001,485.25,224366
2026-07-30 10:00:00,481.73499,483.14999,481.3,482.98001,174259
2026-07-30 09:59:00,480.41000,482.17999,480.079987,481.91000,109548
2026-07-30 09:58:00,478.48999,481.16000,478.48999,480.5,142174
2026-07-30 09:57:00,478.73001,479.23001,477.57001,478.47000,126055
2026-07-30 09:56:00,480.26050,480.81000,478.28000,478.73499,131081
2026-07-30 09:55:00,479.32999,480.44061,478.75009,480.24500,178243
2026-07-30 09:54:00,478.024994,479.57001,477.54010,479.44159,155563
2026-07-30 09:53:00,476.12000,478.70999,475.53241,477.89001,171761
2026-07-30 09:52:00,478.34000,478.66000,475.36,476.12000,205826
2026-07-30 09:51:00,478.30499,479.13000,477.44000,478.51520,171220
2026-07-30 09:50:00,476.53000,478.57001,476.19000,478.48001,290657
2026-07-30 09:49:00,474.76001,476.54160,474.43011,476.45279,239175
2026-07-30 09:48:00,472.79999,474.76990,472.30011,474.75989,166689
2026-07-30 09:47:00,472.13501,473.22931,470.90460,472.96500,186546
2026-07-30 09:46:00,470.38501,472.42001,470.385,472.10001,236287
2026-07-30 09:45:00,469.89001,471.22,469.66800,470.54501,138341
2026-07-30 09:44:00,469.64090,472.39001,469.31000,469.64999,302572
2026-07-30 09:43:00,465.95499,469.69000,465.54001,469.54501,241800
2026-07-30 09:42:00,464.26001,466.26999,463.41,465.84000,172663
2026-07-30 09:41:00,463.56000,464.59000,461.72000,464.59000,90358
2026-07-30 09:40:00,463.62961,465.5,462.59000,463.48001,151980
2026-07-30 09:39:00,463.23999,464,462.12299,463.54001,122066
2026-07-30 09:38:00,460.31500,463.70511,459.29349,463.25,130049
2026-07-30 09:37:00,462.46500,462.72000,459.25760,460.31000,134729
2026-07-30 09:36:00,463.29999,464.56000,460.29999,462.54031,133905
2026-07-30 09:35:00,461.51001,464,460.37000,463.29999,160380
2026-07-30 09:34:00,459.98999,462.53000,459.42999,461.77499,167192
2026-07-30 09:33:00,461.39499,461.63000,457.67999,459.57501,255221
2026-07-30 09:32:00,464.14499,466.27499,461,461.39499,375771
2026-07-30 09:31:00,461.54999,465.64990,461,464.010010,229721
2026-07-30 09:30:00,462,464,458.46,462.015015,2016365
2026-07-29 15:59:00,429.86499,429.89001,428.71500,429.57001,859647
2026-07-29 15:58:00,429.54501,430.010010,429,429.85999,384185
2026-07-29 15:57:00,430.96500,430.97,429.42999,429.53000,387394
2026-07-29 15:56:00,431.95499,432.76999,430.55499,430.92001,240020
2026-07-29 15:55:00,433.56000,433.60001,431.25711,431.85999,219640
2026-07-29 15:54:00,432.82501,434.095,432.82501,433.64999,121218
2026-07-29 15:53:00,432.32999,433.14001,431.71960,432.89001,117948
2026-07-29 15:52:00,432.73499,432.75,431.090088,432.44501,136185
2026-07-29 15:51:00,433.64001,433.87,431.94000,432.67999,193494
2026-07-29 15:50:00,434.76001,434.79,433.059998,433.95001,210124
2026-07-29 15:49:00,432.54999,434.89001,432.059998,434.79999,134062
2026-07-29 15:48:00,431.86499,433.27499,431.72000,432.72000,89204
2026-07-29 15:47:00,431.82999,432.48999,431.075012,431.78000,108493
2026-07-29 15:46:00,432.54001,433.52499,431.74500,431.78000,109416
2026-07-29 15:45:00,433.17999,433.67,432.28000,432.54999,103302
2026-07-29 15:44:00,433.60999,433.60999,432.65091,433.10001,93911
2026-07-29 15:43:00,433.88000,434.39001,433,433.35431,75246
2026-07-29 15:42:00,434.48999,434.98831,433.60999,433.88000,64007
2026-07-29 15:41:00,433.92999,435.22000,433.78009,434.31000,74884
2026-07-29 15:40:00,434.089996,434.17,432.69000,433.90500,110236
2026-07-29 15:39:00,434.95001,434.95001,433.66000,434.17999,81499
2026-07-29 15:38:00,436.73001,436.73001,434.64999,434.87000,80688
2026-07-29 15:37:00,437.88000,438.19000,436.12000,436.57999,86205
2026-07-29 15:36:00,438.070007,438.73499,437.33499,437.82001,57654
2026-07-29 15:35:00,437.45001,437.86,436.41000,437.59009,80910
2026-07-29 15:34:00,437.34000,437.73001,435.81,437.62000,73792
2026-07-29 15:33:00,439.76501,439.76501,437.040100,437.22000,69256
2026-07-29 15:32:00,441.10999,441.20001,439.040100,439.41800,60398
2026-07-29 15:31:00,442.089996,442.89001,440.39999,440.98001,72035
2026-07-29 15:30:00,441.22000,442.44000,440.74191,441.99500,95010
2026-07-29 15:29:00,439.64999,441.32999,439.5,441.24731,75550
2026-07-29 15:28:00,439.29010,440.15970,439.24,439.87000,37214
2026-07-29 15:27:00,439.625,439.85,438.22009,439.34000,45778
2026-07-29 15:26:00,439.82999,439.86990,438.26010,439.56000,61194
2026-07-29 15:25:00,440.875,441.29999,439.45,439.79001,64473
2026-07-29 15:24:00,440.60001,441.73990,440.031006,440.81451,68836
2026-07-29 15:23:00,440.28000,440.895,439.91000,440.64499,56185
2026-07-29 15:22:00,441,441.029999,438.38000,440.45001,66273
2026-07-29 15:21:00,441.81000,441.95001,439.78000,440.85001,92183
2026-07-29 15:20:00,444,444,441.8,441.80099,73823
2026-07-29 15:19:00,444.084991,444.29,443,443.68011,54591
2026-07-29 15:18:00,444.47000,444.5,443.19461,444.098511,72685
2026-07-29 15:17:00,446.47000,446.48010,444.52011,444.59009,78754
2026-07-29 15:16:00,447.54001,447.81000,445.5,446.14499,49061
2026-07-29 15:15:00,447.88000,448.14001,446.059998,447.32501,110868
2026-07-29 15:14:00,448.14001,448.74500,447.64120,447.88010,27629
2026-07-29 15:13:00,448,448.92999,447.82431,448.019989,56670
2026-07-29 15:12:00,448.69501,449.32001,447.33,447.70001,63755
2026-07-29 15:11:00,446.78000,448.81000,446.66000,448.70999,62624
2026-07-29 15:10:00,447.65500,448.049988,445.67001,446.81000,79053
2026-07-29 15:09:00,448.98251,449.16,447.5,447.70001,55541
2026-07-29 15:08:00,448.39999,449.44751,447.75,448.54001,72342
2026-07-29 15:07:00,450.49500,450.51001,448.44000,448.44000,57994
2026-07-29 15:06:00,449.42999,451.17999,449.27011,450.54001,98722
2026-07-29 15:05:00,450.79501,451.425,449.029999,449.26999,76280
2026-07-29 15:04:00,451.51999,451.54001,449.80011,450.60999,90700
2026-07-29 15:03:00,451.5,451.79669,450.69000,451.48999,90453
2026-07-29 15:02:00,452.64001,453.22900,451.51001,451.69000,84697
2026-07-29 15:01:00,449.84000,452.79999,449.57010,452.60999,70413
2026-07-29 15:00:00,450.36499,450.84,449.38101,449.84000,55819
2026-07-29 14:59:00,450.010010,450.42001,449.2,450.39001,48862
2026-07-29 14:58:00,449.62000,451.32999,449.62000,449.91000,85385
2026-07-29 14:57:00,448.65500,449.5,447.73999,449.5,81260
2026-07-29 14:56:00,449.79999,450.20001,448.51169,448.63501,77309
2026-07-29 14:55:00,450.70001,450.87000,449.56049,450.054993,59506
2026-07-29 14:54:00,449.81000,450.87000,449.75,450.78500,58315
2026-07-29 14:53:00,449.20001,451,449.20001,450,69516
2026-07-29 14:52:00,450,450.4,449.040009,449.20001,65432
2026-07-29 14:51:00,450.23499,450.23499,448.62000,449.76001,71661
2026-07-29 14:50:00,450.33081,450.68,449.29950,450.080994,89183
2026-07-29 14:49:00,448.69501,450.38629,448.59000,450.20001,70240
2026-07-29 14:48:00,449.56000,449.79501,448.18689,448.69000,81807
2026-07-29 14:47:00,448.80499,450.52530,448.5,449.51001,109077
2026-07-29 14:46:00,448,449.35001,447.60001,448.79001,80384
2026-07-29 14:45:00,447.76999,448.29999,447.10001,447.84000,83327
2026-07-29 14:44:00,447.19501,448.52,446.94000,447.73001,74164
2026-07-29 14:43:00,446.47000,447.55951,446.12000,447.42999,69881
2026-07-29 14:42:00,447.30261,447.30261,445.94070,446.82999,63397
2026-07-29 14:41:00,445.99500,447.73001,445.94,446.85010,91510
2026-07-29 14:40:00,444.22000,446.86481,444.0010071,446.20950,96985
2026-07-29 14:39:00,444.12000,444.98920,443.26001,444.65271,51109
2026-07-29 14:38:00,442.63510,444.86,442.63501,444.25,75361
2026-07-29 14:37:00,441.23001,443.29999,441.010101,442.87000,66909
2026-07-29 14:36:00,439.65009,441.19000,439.19,441.18399,27924
2026-07-29 14:35:00,440.48499,440.62000,438.73001,439.81000,40845
2026-07-29 14:34:00,440.39999,440.59149,439.71011,440.59149,23836
2026-07-29 14:33:00,439.69000,441.12000,439,440.14499,35317
2026-07-29 14:32:00,439.94510,440.42,438.10001,439.79999,39761
2026-07-29 14:31:00,440.69501,441.85999,439.60001,439.76010,59353
2026-07-29 14:30:00,440,440.89990,439.96,440.76001,38623
2026-07-29 14:29:00,439.079987,439.94989,438.67,439.64001,30340
2026-07-29 14:28:00,438.73999,439.28000,438.41000,438.94000,25232
2026-07-29 14:27:00,439.20499,439.46,438.16000,438.73999,32495
2026-07-29 14:26:00,439.60001,440.040009,438.64001,438.91000,32910
2026-07-29 14:25:00,439.60049,440,438.60010,439.19000,32668
2026-07-29 14:24:00,439.31000,440.89999,439.084991,439.79001,37978
2026-07-29 14:23:00,439.33499,439.82,439.16,439.29999,39381
2026-07-29 14:22:00,439.35001,439.42499,438.50009,439.27499,58180
2026-07-29 14:21:00,439.76999,440.29001,438.88010,439.39001,59196
2026-07-29 14:20:00,440.31500,440.97000,439.39999,439.73999,48687
2026-07-29 14:19:00,439.96490,440.66989,439.51001,440.31500,44164
2026-07-29 14:18:00,441.20999,441.20999,439.34000,440.25,65057
2026-07-29 14:17:00,441.96011,442.44,440.010010,441.29001,58173
2026-07-29 14:16:00,442.084991,442.95001,441.57999,442.059998,31318
2026-07-29 14:15:00,441.86749,443.79999,441.8,442.089996,49979
2026-07-29 14:14:00,442.019989,442.70999,441,441.73001,48950
2026-07-29 14:13:00,442.94000,443.27750,440.92001,441.72989,61456
2026-07-29 14:12:00,443.79999,444.040009,442.84,442.92999,40795
2026-07-29 14:11:00,444.049988,444.45999,442.75009,443.70999,99032
2026-07-29 14:10:00,443.89499,445,443.01,444.17999,55991
2026-07-29 14:09:00,443.57999,444,442.49,443.95999,51144
2026-07-29 14:08:00,443.56000,444,442.080109,443.54001,56332
2026-07-29 14:07:00,443.089996,444.32001,443.05,443.54010,80257
2026-07-29 14:06:00,441.27499,443.48999,441.27499,442.76001,71713
2026-07-29 14:05:00,440.67499,441.38501,439.64011,441.11499,42493
2026-07-29 14:04:00,441.020111,441.35501,438.82999,440.54999,103016
2026-07-29 14:03:00,441.78519,442.5,440.79001,441.33499,92111
2026-07-29 14:02:00,443.010010,444.39999,441.65009,441.82501,151834
2026-07-29 14:01:00,441.98999,443.31000,440,443.19501,154269
2026-07-29 14:00:00,437.16000,443.5,436.89999,442.32001,179269
2026-07-29 13:59:00,436.23999,437.19000,436.029999,436.91501,36979
2026-07-29 13:58:00,436.79001,436.79001,435.62000,436.23999,66061
2026-07-29 13:57:00,436.81509,436.87000,436.18011,436.5,38065
2026-07-29 13:56:00,437.10999,437.35001,436.70999,436.71011,28413
2026-07-29 13:55:00,437.94000,438.015015,436.81000,436.95001,42823
2026-07-29 13:54:00,438.56000,438.63000,437.78,437.84000,24432
2026-07-29 13:53:00,438.17499,438.73999,438.17499,438.39011,26468
2026-07-29 13:52:00,438.375,438.99991,437.75009,438.34039,35941
2026-07-29 13:51:00,437.94501,438.69989,437.94501,438.43500,35172
2026-07-29 13:50:00,438,438.24789,437.71078,437.71078,23288
2026-07-29 13:49:00,437.91000,437.98999,437.31,437.78500,19854
2026-07-29 13:48:00,437.17499,437.92001,437.17499,437.92001,16832
2026-07-29 13:47:00,437.23499,437.53000,436.91031,437.22000,21956
2026-07-29 13:46:00,436.73999,437.59610,436.62000,437.040100,23700
2026-07-29 13:45:00,437.70001,437.75989,436.69009,436.95999,25320
2026-07-29 13:44:00,438,438,437.20001,437.40500,18914
2026-07-29 13:43:00,437.25,438,436.79010,437.80499,33838
2026-07-29 13:42:00,437.83011,438.41000,437.20001,437.24500,33553
2026-07-29 13:41:00,437.29999,437.95001,437.23,437.76010,22347
2026-07-29 13:40:00,437.57999,437.8,437.33011,437.48001,22733
2026-07-29 13:39:00,437.45999,437.74,437.29999,437.70001,15409
2026-07-29 13:38:00,437.5,437.94000,437.37000,437.52499,20583
2026-07-29 13:37:00,436.84000,437.73999,436.50879,437.45999,39850
2026-07-29 13:36:00,437.57959,437.85999,436.53000,436.78500,28512
2026-07-29 13:35:00,438.64999,438.69000,437.080109,437.45499,36520
2026-07-29 13:34:00,439.20001,439.32,438.27,438.60999,37174
2026-07-29 13:33:00,437.59500,439.26001,437.57999,439.26001,62066
2026-07-29 13:32:00,437.45001,437.87000,437.10501,437.70001,51457
2026-07-29 13:31:00,436.14999,437.60001,436.059998,437.42999,47399
2026-07-29 13:30:00,436.70499,436.95999,436.10001,436.18500,43257
2026-07-29 13:29:00,437.63000,437.81,436.59000,436.70499,39245
2026-07-29 13:28:00,437.75,437.82501,437.19391,437.70999,39849
2026-07-29 13:27:00,438.25140,438.70001,437.41010,437.64999,39812
2026-07-29 13:26:00,437.25961,438.34500,437.25961,438.34500,47768
2026-07-29 13:25:00,436.76001,437.51999,436.64001,437.42001,60685
2026-07-29 13:24:00,437.57999,437.57999,436.25131,436.76501,59498
2026-07-29 13:23:00,437.64001,438.1,437.17,437.57999,53464
2026-07-29 13:22:00,438.27499,438.70001,437.62009,437.64001,52436
2026-07-29 13:21:00,437.41000,438.39001,437.18,438.34000,53199
2026-07-29 13:20:00,436.92001,437.94000,436.82999,437.65500,33733
2026-07-29 13:19:00,437.32501,437.53500,436.83319,436.83319,50459
2026-07-29 13:18:00,437.94000,438.48999,437.061005,437.32999,48875
2026-07-29 13:17:00,437.52499,438.5,437.2,438.14999,52633
2026-07-29 13:16:00,438.12000,438.5,437.25,437.61591,89569
2026-07-29 13:15:00,438.35001,438.84000,437.85001,438.22501,102586
2026-07-29 13:14:00,436.42499,438.34000,436.23010,438.34000,100556
2026-07-29 13:13:00,435.56000,436.91000,435.56000,436.56989,79843
2026-07-29 13:12:00,435.84000,435.84000,434.5,435.79999,57394
2026-07-29 13:11:00,434.91000,435.96970,434.82999,435.84000,114361
2026-07-29 13:10:00,433.64001,434.98999,433.45010,434.74500,108687
2026-07-29 13:09:00,432.88000,433.81,432.68579,433.54999,37680
2026-07-29 13:08:00,432.51999,433.16000,432.000091553,433.16000,35364
2026-07-29 13:07:00,432.76999,432.94000,432.23999,432.27011,24264
2026-07-29 13:06:00,432.42999,433.22000,431.79999,432.56000,50712
2026-07-29 13:05:00,433.34000,433.41000,432.000091553,432.22000,72022
2026-07-29 13:04:00,432.25,433.58,431.79999,433.57001,76949
2026-07-29 13:03:00,431.035004,432.39999,430.57999,432.29999,44785
2026-07-29 13:02:00,431.26999,431.79999,431,431.14999,36163
2026-07-29 13:01:00,430.88010,431.67001,430.88000,431.14999,32927
2026-07-29 13:00:00,430.5,431.10001,430.17999,430.98999,58108
2026-07-29 12:59:00,429.98999,430.44989,429.81000,430.44989,61677
2026-07-29 12:58:00,430.29999,430.45001,429.29001,429.98001,33975
2026-07-29 12:57:00,429.44000,430.48999,429.31000,430.040009,38768
2026-07-29 12:56:00,428.80499,429.48999,428.10001,429.48001,35142
2026-07-29 12:55:00,427.78000,429.079987,427.77499,428.73001,49270
2026-07-29 12:54:00,428.48499,428.60999,427.57001,427.91000,35188
2026-07-29 12:53:00,428.19620,428.81000,428.019989,428.62000,34158
2026-07-29 12:52:00,427.43671,428.62000,427.18500,428.34000,47642
2026-07-29 12:51:00,427.94949,428.38000,427.35999,427.35999,31708
2026-07-29 12:50:00,428.23999,428.79980,427.37000,427.94000,48403
2026-07-29 12:49:00,427.73990,428.67001,427.61,428.26001,42627
2026-07-29 12:48:00,427.73941,428.23999,427.52,427.625,25120
2026-07-29 12:47:00,427.35001,428.58719,427.20999,427.79501,38502
2026-07-29 12:46:00,427.27609,427.67001,426.83011,427.16501,43783
2026-07-29 12:45:00,427.36499,427.5,426.82001,427.37000,39344
2026-07-29 12:44:00,427.32001,427.48001,427.029999,427.25,33799
2026-07-29 12:43:00,428,428.098297,427.31000,427.32001,36924
2026-07-29 12:42:00,428.96500,429.049988,427.57999,428.10999,45851
2026-07-29 12:41:00,429.19501,429.39990,428.88000,428.96500,25238
2026-07-29 12:40:00,428.79999,429.23999,428.16010,429.19501,34850
2026-07-29 12:39:00,428.38000,429.13,428.070007,428.95001,36021
2026-07-29 12:38:00,428.45999,428.64001,427.995,428.375,28966
2026-07-29 12:37:00,427.65500,428.45990,427.48010,428.30499,36259
2026-07-29 12:36:00,427.92001,428.16000,427.56000,427.61499,30094
2026-07-29 12:35:00,428.79501,428.88431,427.62839,427.89001,45459
2026-07-29 12:34:00,429.76999,429.99991,428.54410,428.70010,40023
2026-07-29 12:33:00,429.32999,429.625,429.19009,429.39999,21300
2026-07-29 12:32:00,430.30499,430.35999,429.049988,429.20001,37500
2026-07-29 12:31:00,430.70999,430.85999,429.5,430.30780,42863
2026-07-29 12:30:00,429.64001,431.079895,429.42999,430.60999,75244
2026-07-29 12:29:00,429.41000,429.76999,429.22,429.70999,28974
2026-07-29 12:28:00,428.62000,429.74991,428.23999,429.45001,40910
2026-07-29 12:27:00,429.44000,429.60001,428.56000,428.56000,42790
2026-07-29 12:26:00,428.62000,429.49,428.44000,429.44000,51453
2026-07-29 12:25:00,428.059998,428.88,427.89011,428.54001,45970
2026-07-29 12:24:00,427.95001,428.59790,427.48010,427.82999,41490
2026-07-29 12:23:00,427.23001,428.70999,427.23001,427.85001,55691
2026-07-29 12:22:00,426.44000,427.29999,426.32690,427.23001,40553
2026-07-29 12:21:00,426.85001,427.46869,426.32010,426.38000,47363
2026-07-29 12:20:00,426.049988,426.98990,425.62000,426.92001,67035
2026-07-29 12:19:00,426.091003,426.35001,425.84009,426.010010,33489
2026-07-29 12:18:00,425.64001,426.23001,425.59000,426.10001,53488
2026-07-29 12:17:00,424.81000,425.98999,424.30011,425.67499,78277
2026-07-29 12:16:00,425.30499,425.30499,424.59000,424.88000,32715
2026-07-29 12:15:00,424.65500,425.52499,424.031586,425.27499,75695
2026-07-29 12:14:00,425.33499,425.50500,424.57111,424.65500,50657
2026-07-29 12:13:00,425.81500,426.42001,425.14001,425.32999,60229
2026-07-29 12:12:00,425.55350,426.20761,425.55151,425.90500,27994
2026-07-29 12:11:00,425.45001,426.14001,425.28000,425.49991,76297
2026-07-29 12:10:00,425.27499,425.88000,425.010101,425.34000,47342
2026-07-29 12:09:00,425.095001,425.48001,424.69009,425.20010,40432
2026-07-29 12:08:00,425.015015,425.39001,424.31000,425.095001,75477
2026-07-29 12:07:00,424.51001,425.16000,424.15,425.015015,74723
2026-07-29 12:06:00,425.059998,425.27991,424.39999,424.64999,64535
2026-07-29 12:05:00,425.44000,425.54990,424.20999,424.79501,142807
2026-07-29 12:04:00,426.010010,426.010010,425.25,425.44000,71409
2026-07-29 12:03:00,426.45999,426.48001,425.92001,426.14001,24062
2026-07-29 12:02:00,426.98999,426.98999,426.01,426.42499,31161
2026-07-29 12:01:00,427.28500,427.57999,426.38721,426.79999,43296
2026-07-29 12:00:00,428.34000,429.48999,427.23999,427.28500,75739
2026-07-29 11:59:00,427.19000,428.35999,427.000091553,428.20999,73361
2026-07-29 11:58:00,426.95001,427.20999,426.34000,426.98999,36960
2026-07-29 11:57:00,426.24500,427.87991,426.18,426.94000,58630
2026-07-29 11:56:00,426.10001,426.38000,425.45010,426.25,83914
2026-07-29 11:55:00,426.32001,426.47000,425.73209,426.074493,86419
2026-07-29 11:54:00,427.92999,427.95001,426.10001,426.20001,80445
2026-07-29 11:53:00,428.84000,428.84000,427.32999,427.89999,74015
2026-07-29 11:52:00,429.26501,429.27499,428.27011,428.84000,44369
2026-07-29 11:51:00,429.010010,429.51001,428.88010,429.28250,47523
2026-07-29 11:50:00,429.084991,429.45999,428.59641,429.029999,46407
2026-07-29 11:49:00,428.60001,429.19000,428.20001,429.084991,38455
2026-07-29 11:48:00,428.72501,429.25,428.42999,428.70001,35732
2026-07-29 11:47:00,429.015015,429.16000,428.23999,428.92749,48614
2026-07-29 11:46:00,428.57001,429.25,428.37009,429.015015,44575
2026-07-29 11:45:00,428.85999,429.19989,428.29001,428.45999,52194
2026-07-29 11:44:00,428.23499,429.13510,428.23499,429.015015,39084
2026-07-29 11:43:00,428.5,428.87000,428.091705,428.29999,41110
2026-07-29 11:42:00,429,429.20999,428.38000,428.39001,57421
2026-07-29 11:41:00,428.89001,429.60999,428.82001,429.13000,30496
2026-07-29 11:40:00,428.59500,429.10001,428.56000,428.95499,54648
2026-07-29 11:39:00,429.48779,429.82999,428.59000,428.67999,59923
2026-07-29 11:38:00,430.375,430.49991,429.37000,429.48001,50654
2026-07-29 11:37:00,430.82001,431.29749,430.26,430.375,43747
2026-07-29 11:36:00,430.79999,431.029999,430.21011,430.83499,24821
2026-07-29 11:35:00,430.20001,431,429.79999,430.82001,41143
2026-07-29 11:34:00,431.42999,431.51999,430.20999,430.39001,29091
2026-07-29 11:33:00,430.51001,431.6,430.10001,431.16000,61072
2026-07-29 11:32:00,430.68500,430.98001,429.93011,430.47000,30983
2026-07-29 11:31:00,430.56091,430.70999,429.60010,430.67999,31109
2026-07-29 11:30:00,430.31000,430.91000,429.60001,430.76001,70960
2026-07-29 11:29:00,430.48160,430.92001,430.030090,430.18500,31463
2026-07-29 11:28:00,430.62000,430.91,430.2,430.66000,24121
2026-07-29 11:27:00,431.13000,431.41989,430.48,430.50500,21328
2026-07-29 11:26:00,431.60999,432.58990,430.41010,431.16000,44874
2026-07-29 11:25:00,432.10999,432.42999,431.24011,431.87000,33280
2026-07-29 11:24:00,432.17950,432.42001,431.31500,432.010101,40046
2026-07-29 11:23:00,431.43500,432.17950,431.059998,432.17950,42512
2026-07-29 11:22:00,430.95999,431.64990,430.43,431.44000,50121
2026-07-29 11:21:00,430.42001,431.44659,429.51010,430.97501,72768
2026-07-29 11:20:00,430.28000,430.66000,429.36011,430.20999,47066
2026-07-29 11:19:00,431.64999,431.97,429.97000,430.040009,52494
2026-07-29 11:18:00,431.79999,432.087402,431.24011,431.24011,38413
2026-07-29 11:17:00,431.24500,431.78000,430.35999,431.26001,39726
2026-07-29 11:16:00,431.48001,432.19000,430.97501,431.19000,66444
2026-07-29 11:15:00,431.099304,431.63000,430.35010,431.47000,44620
2026-07-29 11:14:00,430.97501,431.43991,430,430.98499,45091
2026-07-29 11:13:00,431.049988,431.75,430.51,430.97501,36444
2026-07-29 11:12:00,430.55569,431.60999,430.31000,431.024994,45724
2026-07-29 11:11:00,431.42999,431.42999,429.78000,430.61499,93370
2026-07-29 11:10:00,433.26001,433.74500,431.45,431.5,62039
2026-07-29 11:09:00,433.040009,433.32990,432.21,433.20999,46199
2026-07-29 11:08:00,433.73001,434.97000,432.90009,432.98999,50562
2026-07-29 11:07:00,432.60010,434.014587,432.52,433.44000,56352
2026-07-29 11:06:00,433.45499,434.67499,432.64001,432.98001,41356
2026-07-29 11:05:00,434.89999,435.12000,432.010010,433.64001,99031
2026-07-29 11:04:00,433.83499,435.08,433.25,435.070007,86458
2026-07-29 11:03:00,433.88000,434.22000,433.040009,433.47501,101218
2026-07-29 11:02:00,432.42001,434.46680,432.31500,433.79001,74206
2026-07-29 11:01:00,432.17999,432.95999,431.5,432.42001,97298
2026-07-29 11:00:00,432.75,433.69101,431.71201,432.50980,116786
2026-07-29 10:59:00,432.85999,434.39459,432.53009,432.79001,83316
2026-07-29 10:58:00,430.73499,432.82999,430.5,432.60501,50304
2026-07-29 10:57:00,431.5,432.078796,430.42999,430.60660,56691
2026-07-29 10:56:00,431.33749,431.89001,430.89001,431.27499,54805
2026-07-29 10:55:00,432.85880,433.31,431.29001,431.37000,51414
2026-07-29 10:54:00,433.73999,434,432.20010,433.079010,44956
2026-07-29 10:53:00,433.76001,434.41989,433.21069,433.73999,46173
2026-07-29 10:52:00,431.67499,434.91000,431.67499,433.875,78708
2026-07-29 10:51:00,432.71500,433.48999,431.53000,431.73001,63605
2026-07-29 10:50:00,432.015015,432.95999,431.98001,432.71500,87952
2026-07-29 10:49:00,430.23001,432.5,430.14001,431.95999,92950
2026-07-29 10:48:00,431.070007,431.19000,429.64999,430.13000,132044
2026-07-29 10:47:00,431.029999,432.65991,431.0050049,431.35001,116157
2026-07-29 10:46:00,430.22000,431.029999,429.44009,430.85501,76355
2026-07-29 10:45:00,429.85001,431.39001,429.70010,430.0010071,95634
2026-07-29 10:44:00,429.84039,430.45950,428.67999,430,198632
2026-07-29 10:43:00,429.51001,430.32999,429.39999,429.5,166499
2026-07-29 10:42:00,430.21500,430.41000,429.475,429.48999,125842
2026-07-29 10:41:00,430.64999,431.83,430.10010,430.34000,135254
2026-07-29 10:40:00,431.53500,431.64999,430.029999,430.64999,111482
2026-07-29 10:39:00,433.67001,433.67999,431.34,431.53500,85078
2026-07-29 10:38:00,433.48001,433.89999,432.75,433.67999,105211
2026-07-29 10:37:00,434.010010,434.24420,433,433.48001,57485
2026-07-29 10:36:00,434.42999,434.82999,433.70920,434.14499,54470
2026-07-29 10:35:00,434.94501,434.94501,433.68011,434.26001,69578
2026-07-29 10:34:00,435.070007,435.51001,433.92001,434.94000,122826
2026-07-29 10:33:00,435.91501,436.60001,434.50009,435.070007,78417
2026-07-29 10:32:00,435.29501,436.46939,435.15009,435.82999,69770
2026-07-29 10:31:00,435.23010,435.72690,434.40009,435.51740,61114
2026-07-29 10:30:00,433.88501,435.98990,433.67010,435.37000,83640
2026-07-29 10:29:00,434.42999,435,433.86,433.97501,101250
2026-07-29 10:28:00,433.29999,434.42880,432.89999,434.32031,118387
2026-07-29 10:27:00,433.85999,433.91000,432.20999,433.10501,168750
2026-07-29 10:26:00,434.60501,434.87000,433.060089,433.86499,159272
2026-07-29 10:25:00,436.77499,437.010010,434.54,434.57001,116540
2026-07-29 10:24:00,437.55499,437.75,435.79999,436.77499,188464
2026-07-29 10:23:00,438.88000,438.945,437.35010,437.56000,142476
2026-07-29 10:22:00,439.25250,439.5,438.32001,438.89001,48391
2026-07-29 10:21:00,438.625,439.51001,438.37,439.35001,61747
2026-07-29 10:20:00,437.70001,439.45001,437,438.625,85167
2026-07-29 10:19:00,439,439.010010,437.42999,437.59000,83122
2026-07-29 10:18:00,438.54001,440,438.29999,439.17999,137989
2026-07-29 10:17:00,438.88000,439.17999,437.88800,438.45001,111859
2026-07-29 10:16:00,437.74500,439.43991,437.6875,438.77011,98513
2026-07-29 10:15:00,436.85001,438.73999,436.70010,437.54001,120551
2026-07-29 10:14:00,438.82001,438.82001,436.2,436.70999,126379
2026-07-29 10:13:00,438.85999,439.10501,437.62,438.86780,119311
2026-07-29 10:12:00,441.62000,442.41989,438.64999,439.095001,135085
2026-07-29 10:11:00,440.95001,442.20001,440.5,441.48251,131008
2026-07-29 10:10:00,440.45001,441.47000,439.22000,440.95001,107417
2026-07-29 10:09:00,441,442,440.32001,440.56750,63013
2026-07-29 10:08:00,442.019989,442.44891,439.87000,441.14999,82803
2026-07-29 10:07:00,443,443,440.12009,442.089996,97024
2026-07-29 10:06:00,443.5,445.10999,442.77011,443,103015
2026-07-29 10:05:00,443,445,442.76,443.76001,100071
2026-07-29 10:04:00,441.32001,442.85501,441,442.79999,84285
2026-07-29 10:03:00,442.73999,443.45999,441.66,441.73840,113193
2026-07-29 10:02:00,441.22501,443.5,441.19501,442.95499,88594
2026-07-29 10:01:00,441.45999,442.80939,440.31009,440.92511,69307
2026-07-29 10:00:00,440.95001,442.92999,440.655,441.35001,116799
2026-07-29 09:59:00,440.76001,442.07,439.78000,440.59000,89674
2026-07-29 09:58:00,439.74481,440.98990,439.45001,440.76999,69416
2026-07-29 09:57:00,440.19501,440.33499,438.42999,439.55499,103265
2026-07-29 09:56:00,441.17999,441.48999,439.67001,440.19501,104579
2026-07-29 09:55:00,442.57501,442.72000,440.10001,441.45999,136112
2026-07-29 09:54:00,443.089996,443.98999,441.74799,442.98990,98892
2026-07-29 09:53:00,442.125,443.95990,440.60211,443.49500,96278
2026-07-29 09:52:00,442.42499,442.95999,441.17001,442.19339,99891
2026-07-29 09:51:00,445.10001,445.10001,442.28439,442.28439,111356
2026-07-29 09:50:00,448.53049,448.625,444.75851,445.10010,149976
2026-07-29 09:49:00,447.019989,448.47,446.51001,448.32001,58786
2026-07-29 09:48:00,448.38251,449.74,447.079987,447.079987,61157
2026-07-29 09:47:00,450.57001,450.57001,446.69009,448.17001,86699
2026-07-29 09:46:00,451.29999,451.74991,449.44,450.29279,45086
2026-07-29 09:45:00,451.71500,452.23999,449.57999,450.92001,118122
2026-07-29 09:44:00,450.34000,451.98999,450.26999,451.78000,71324
2026-07-29 09:43:00,449.35001,450.65399,448.81000,449.95041,130111
2026-07-29 09:42:00,450.23999,450.57001,447.60999,449.25500,100087
2026-07-29 09:41:00,449.85999,450.49,448.84000,450.015015,69936
2026-07-29 09:40:00,447.98999,449.54001,446.20001,449.37000,143915
2026-07-29 09:39:00,448.75,448.97000,447.41,448.049988,91017
2026-07-29 09:38:00,448.39999,451.67001,448.39999,448.75,76362
2026-07-29 09:37:00,451.019989,451.17599,448.30011,448.50500,97717
2026-07-29 09:36:00,455.23761,455.58289,449.82559,451.13000,97856
2026-07-29 09:35:00,454.20001,457.22000,453.53,455.13501,129099
2026-07-29 09:34:00,452.89999,454.97000,452.89999,454.23999,117087
2026-07-29 09:33:00,451.81000,453.31000,450.695,453.31000,77590
2026-07-29 09:32:00,449.56000,453.5,449.23001,452.084412,133534
2026-07-29 09:31:00,448.51001,451.29999,447.47000,449.98999,131132
2026-07-29 09:30:00,452,454.295,448.5,448.56000,1235845
2026-07-28 15:59:00,454.059998,454.89001,453.255,454.85001,528999
2026-07-28 15:58:00,452.98999,454,452.82999,453.97501,450660
2026-07-28 15:57:00,453.64999,453.69,452.59,452.99500,318654
2026-07-28 15:56:00,455.42999,456,453.57999,453.70001,317078
2026-07-28 15:55:00,458,458,455.42001,455.44000,281337
2026-07-28 15:54:00,457.19000,458.68,457.014801,458.079987,140061
2026-07-28 15:53:00,456.74640,457.29999,456.29,457.065002,140187
2026-07-28 15:52:00,456.32999,456.76999,455.95,456.67001,97829
2026-07-28 15:51:00,456.29001,456.75949,455.79999,456.39999,106364
2026-07-28 15:50:00,457.89001,457.97791,456.030090,456.41000,154027
2026-07-28 15:49:00,457.010010,457.89001,456.85,457.89001,62670
2026-07-28 15:48:00,457,457.47,456.87000,457.10501,52213
2026-07-28 15:47:00,456.69000,457.57999,456.69000,457.12000,97061
2026-07-28 15:46:00,457.41000,457.48999,456.67999,456.70001,57006
2026-07-28 15:45:00,457.66000,458.079498,457.080109,457.47501,73948
2026-07-28 15:44:00,458.34000,458.34000,457.20999,457.76501,81018
2026-07-28 15:43:00,458.19000,458.71991,458.040100,458.18011,49844
2026-07-28 15:42:00,458.21011,458.78,458,458.32999,360096
2026-07-28 15:41:00,459.079987,459.18820,458.22,458.39499,73799
2026-07-28 15:40:00,459.72501,459.82999,458.94000,459.26001,76391
2026-07-28 15:39:00,460.39999,460.74,459.42999,459.60001,98317
2026-07-28 15:38:00,459.62021,460.66000,459.45,460.54001,73518
2026-07-28 15:37:00,460.20999,460.36719,459.20001,459.62000,82542
2026-07-28 15:36:00,461.70499,461.74109,460.063202,460.063202,81724
2026-07-28 15:35:00,463.70001,463.70001,461.43100,461.45001,81910
2026-07-28 15:34:00,463.60001,464,463.32999,463.69061,55664
2026-07-28 15:33:00,463.84000,463.875,463.080109,463.54001,51425
2026-07-28 15:32:00,464.84500,464.98840,463.5,463.57999,76503
2026-07-28 15:31:00,464.76999,465.81171,464.5,464.84500,71941
2026-07-28 15:30:00,465.12000,465.51001,464.51,464.76999,100033
2026-07-28 15:29:00,464.63000,465.14990,464.34000,465,68806
2026-07-28 15:28:00,463.42499,464.73999,463.40121,464.59000,79727
2026-07-28 15:27:00,463.76501,463.94,463.12579,463.60999,56988
2026-07-28 15:26:00,463.75,464.52,463.40009,463.76501,92962
2026-07-28 15:25:00,464.24179,464.57001,463.5,463.76001,72408
2026-07-28 15:24:00,463.95999,464.39990,463.80011,464.29999,54842
2026-07-28 15:23:00,463.29001,464.20001,463.11,463.95001,66364
2026-07-28 15:22:00,460.94000,463.23001,460.94000,463.10999,78485
2026-07-28 15:21:00,460.70010,461.28000,460.53009,460.79001,49325
2026-07-28 15:20:00,460.53601,460.89001,460.075714,460.79501,39248
2026-07-28 15:19:00,459.85999,460.81750,459.85001,460.56720,50007
2026-07-28 15:18:00,459.42001,460.099915,459.010101,459.86499,56879
2026-07-28 15:17:00,459.56000,459.91611,459,459.27499,38897
2026-07-28 15:16:00,459.44000,460.14349,459.21,459.64999,44396
2026-07-28 15:15:00,460.20001,460.81299,459.34009,459.61499,51586
2026-07-28 15:14:00,460.39001,460.56989,460,460.26501,31297
2026-07-28 15:13:00,459.20001,460.45001,459.14001,460.39001,56159
2026-07-28 15:12:00,459.70999,459.70999,459.2,459.32251,43637
2026-07-28 15:11:00,459.5,459.98999,459.24,459.89999,27310
2026-07-28 15:10:00,458.84500,459.88000,458.70001,459.48010,26649
2026-07-28 15:09:00,458.88000,459.89999,458.69031,459.20999,93022
2026-07-28 15:08:00,458.76999,458.92,458.020111,458.70999,36922
2026-07-28 15:07:00,458.59000,459.34991,458.59000,458.74500,50364
2026-07-28 15:06:00,459.73001,459.855,458.019989,458.48999,58495
2026-07-28 15:05:00,460.54431,460.54431,459.16049,459.71011,65096
2026-07-28 15:04:00,460.010010,460.65,459.80011,460.47000,48695
2026-07-28 15:03:00,458.58051,460.075012,458.58051,459.98001,55274
2026-07-28 15:02:00,458.39499,458.85251,458.16000,458.75711,31275
2026-07-28 15:01:00,458.14999,458.87000,458.08,458.50500,32865
2026-07-28 15:00:00,456.93051,458.42999,456.89999,458.010010,52807
2026-07-28 14:59:00,457.14999,457.34,456.92,457.079987,24210
2026-07-28 14:58:00,456.67999,457.45999,456.48,457.029999,31679
2026-07-28 14:57:00,456.79001,457.26001,456.62000,456.73999,26665
2026-07-28 14:56:00,456.49429,456.9,456.19501,456.70889,34950
2026-07-28 14:55:00,455.78000,456.42239,455.18869,456.35999,35858
2026-07-28 14:54:00,455.45001,455.95731,455.38000,455.85001,22334
2026-07-28 14:53:00,455.69501,456.06,455.26999,455.28839,28605
2026-07-28 14:52:00,455.91751,456.26001,455.54,455.72501,26376
2026-07-28 14:51:00,456.052490,456.82,455.81,455.89499,32603
2026-07-28 14:50:00,455.64999,456.325,455.46,455.875,28993
2026-07-28 14:49:00,455.85999,456.13000,455.31009,455.42001,40246
2026-07-28 14:48:00,456.48001,456.48001,455.69,455.82501,22515
2026-07-28 14:47:00,456.73550,456.95001,456.21,456.34000,17731
2026-07-28 14:46:00,456.34500,456.82,456.18,456.70801,25457
2026-07-28 14:45:00,456.054993,456.45999,455.36,456.41000,37090
2026-07-28 14:44:00,456.10001,456.57199,455.77,456.040009,24807
2026-07-28 14:43:00,455.84000,456.19501,455.42999,456.125,29775
2026-07-28 14:42:00,456.010010,456.36,455.77011,455.82001,14692
2026-07-28 14:41:00,456.25,456.27829,455.72009,456.12250,12610
2026-07-28 14:40:00,456.10001,456.335,455.73010,456.22501,23737
2026-07-28 14:39:00,456.66000,456.66000,455.78430,456.010010,26837
2026-07-28 14:38:00,456.48999,457,456.36,456.66000,22983
2026-07-28 14:37:00,456.19000,456.45001,455.89011,456.45001,16326
2026-07-28 14:36:00,456.39001,456.7,455.84201,456.32001,24564
2026-07-28 14:35:00,456.22501,456.57501,455.68,456.30289,34538
2026-07-28 14:34:00,456.87000,457.26999,456.05,456.28909,28304
2026-07-28 14:33:00,455.84750,456.96,455.7,456.89001,39289
2026-07-28 14:32:00,455.54001,455.93991,455.34,455.75,33414
2026-07-28 14:31:00,455.54001,455.88000,455.24899,455.39999,24716
2026-07-28 14:30:00,455.35999,456.47980,455.14001,455.50009,48965
2026-07-28 14:29:00,455.25,455.47000,455.01,455.25,23189
2026-07-28 14:28:00,455.28000,455.55649,455,455.10501,23923
2026-07-28 14:27:00,455.47000,455.49,455,455.19000,17332
2026-07-28 14:26:00,455.70999,455.97000,455.32,455.91000,27372
2026-07-28 14:25:00,455.050110,455.82999,455.01,455.54080,26984
2026-07-28 14:24:00,455.45999,455.57001,455.11011,455.26999,20159
2026-07-28 14:23:00,455.82080,456.070007,455.050110,455.44000,28310
2026-07-28 14:22:00,455.64001,456.11740,455.51,455.91000,29795
2026-07-28 14:21:00,456,456.24701,455.24,455.71619,44215
2026-07-28 14:20:00,455.37781,456,455.12,455.97601,28746
2026-07-28 14:19:00,455.049988,455.64001,454.63,455.44501,39132
2026-07-28 14:18:00,455.5,455.5,454.82999,454.88000,18074
2026-07-28 14:17:00,456.15500,456.23990,455.19,455.55090,48576
2026-07-28 14:16:00,456.31000,456.38000,455.51010,456.16000,55412
2026-07-28 14:15:00,455.087799,456.29001,454.54999,456.29001,103413
2026-07-28 14:14:00,455.72000,455.89999,455.010101,455.010101,48203
2026-07-28 14:13:00,456.59299,456.66501,455.52731,455.89499,48262
2026-07-28 14:12:00,456.12000,456.76,456.029999,456.68500,45340
2026-07-28 14:11:00,456.50009,456.86,455.69000,456.040009,44103
2026-07-28 14:10:00,457.17999,457.23639,456.51,456.71921,24842
2026-07-28 14:09:00,457.12000,457.44000,457.0050049,457.16571,17468
2026-07-28 14:08:00,457.375,457.52969,456.81311,457.20999,20412
2026-07-28 14:07:00,457.61011,457.69000,456.80011,457.51019,42397
2026-07-28 14:06:00,458.070007,458.14001,457.5,457.79501,24141
2026-07-28 14:05:00,458.42999,458.73001,457.87009,457.98999,24654
2026-07-28 14:04:00,458.019989,458.60001,457.50049,458.48999,28664
2026-07-28 14:03:00,458.0625,458.45300,457.74011,457.87009,23259
2026-07-28 14:02:00,457.64499,458.32001,457.5,458.040009,25168
2026-07-28 14:01:00,459.029999,459.32,457.76999,457.76999,32117
2026-07-28 14:00:00,458.26999,459.42001,458.062988,459.29999,41201
2026-07-28 13:59:00,457.62000,458.23001,457.52499,458.23001,30445
2026-07-28 13:58:00,457.29001,457.59000,457,457.47501,23878
2026-07-28 13:57:00,457.41080,457.5,457,457.38501,25101
2026-07-28 13:56:00,456.64001,457.43,456.62,457.35999,24885
2026-07-28 13:55:00,456.92001,457.04,456.39999,456.78000,45028
2026-07-28 13:54:00,457.19000,457.47000,456.66000,457.079193,26097
2026-07-28 13:53:00,457.010010,457.5,456.93060,457.34000,28179
2026-07-28 13:52:00,457.39999,457.74,457,457.12161,28203
2026-07-28 13:51:00,457.95001,458.015015,457.31009,457.53500,27155
2026-07-28 13:50:00,458.040009,458.32,457.61011,458,33113
2026-07-28 13:49:00,457.77499,458.4,457.68100,458.22000,32944
2026-07-28 13:48:00,457.12009,458.070007,457.12009,457.77499,69406
2026-07-28 13:47:00,457.80011,458.17981,457.10001,457.24149,55100
2026-07-28 13:46:00,457.66959,457.97000,457.31,457.97000,59939
2026-07-28 13:45:00,458.15649,458.17999,457.10730,457.56000,43373
2026-07-28 13:44:00,458.10501,458.32999,457.56009,457.99500,43411
2026-07-28 13:43:00,458.33499,458.39001,457.82,458.14999,47322
2026-07-28 13:42:00,458.28369,458.66989,458.12,458.31000,34267
2026-07-28 13:41:00,458.82001,458.82001,458.25009,458.29999,45135
2026-07-28 13:40:00,458.64999,459.070007,458.23001,458.72000,44747
2026-07-28 13:39:00,459.20010,459.39001,458.64999,458.77911,33535
2026-07-28 13:38:00,459.26001,459.69000,459.011505,459.35001,17916
2026-07-28 13:37:00,459.38000,459.53,459.18,459.19009,28594
2026-07-28 13:36:00,460.079987,460.23499,459.38641,459.42001,34430
2026-07-28 13:35:00,459.92001,460.74991,459.92,460.15320,28487
2026-07-28 13:34:00,460.13000,460.54001,459.92010,460,22993
2026-07-28 13:33:00,459.70999,460.39999,459.38,460.070007,37311
2026-07-28 13:32:00,459.084991,459.72000,459.07,459.60501,19507
2026-07-28 13:31:00,459.72501,459.72501,458.92999,459.16989,13583
2026-07-28 13:30:00,459.000091553,459.81,458.76,459.81000,21242
2026-07-28 13:29:00,459.41589,459.70999,459,459.049988,15202
2026-07-28 13:28:00,459.23010,459.83200,459.020111,459.020111,21500
2026-07-28 13:27:00,459.13000,459.64999,459.13,459.64999,24485
2026-07-28 13:26:00,458.84000,459.37000,458.7,459.14050,29429
2026-07-28 13:25:00,458.62000,459.029999,458.01,458.73999,39191
2026-07-28 13:24:00,459.39999,459.70001,458.62000,458.89001,35446
2026-07-28 13:23:00,459.010010,459.77991,458.89999,459.39999,29770
2026-07-28 13:22:00,458.98001,459.24991,458.35999,459.070007,28611
2026-07-28 13:21:00,459.22501,460.19370,458.75,459.11990,36751
2026-07-28 13:20:00,458.31500,459.72519,457.95,459.22000,73608
2026-07-28 13:19:00,457.75,458.48001,457.70001,458.34000,34597
2026-07-28 13:18:00,457.73499,458.20001,457.70001,457.72000,24209
2026-07-28 13:17:00,458.19000,458.29999,457.51001,457.87000,22500
2026-07-28 13:16:00,458.13000,458.14001,457.61,457.89011,20647
2026-07-28 13:15:00,458.34650,458.42,457.81,458.079987,32193
2026-07-28 13:14:00,458.31000,458.77521,458.000091553,458.23999,19998
2026-07-28 13:13:00,458.35001,458.59000,457.65,458.29999,31049
2026-07-28 13:12:00,458.45001,458.96,458.019989,458.35001,27517
2026-07-28 13:11:00,458.29001,458.44989,457.51999,458.15500,32956
2026-07-28 13:10:00,458,458.42999,457.5,458.14001,58183
2026-07-28 13:09:00,458.93500,459,458,458.32001,43412
2026-07-28 13:08:00,459.89999,459.98001,458.71,458.79999,29954
2026-07-28 13:07:00,459.32999,459.71570,459.050110,459.38000,31630
2026-07-28 13:06:00,458.39999,459.51999,458.27,459.33569,35021
2026-07-28 13:05:00,459.39011,459.69989,458.32010,458.32010,54184
2026-07-28 13:04:00,459.82501,460.17001,459.5,459.57999,30337
2026-07-28 13:03:00,460.010010,460.25,459.50009,459.78500,38970
2026-07-28 13:02:00,461.59000,461.82001,459.60001,460.16000,48415
2026-07-28 13:01:00,461.40500,462.19989,461.40500,461.76001,29156
2026-07-28 13:00:00,461.37000,461.98999,460.87579,461.42999,82281
2026-07-28 12:59:00,462.019592,462.53531,461.35001,461.37000,31404
2026-07-28 12:58:00,462.019989,462.25,461.50009,461.98999,23179
2026-07-28 12:57:00,462.64999,462.67001,461.79010,462.010010,22849
2026-07-28 12:56:00,461.89001,462.70361,461.49,462.69879,28124
2026-07-28 12:55:00,462.45001,462.79999,461.41,461.89999,39683
2026-07-28 12:54:00,462.089996,462.86951,461.80011,462.41000,37507
2026-07-28 12:53:00,461.60001,462.75,461.36,462.045013,46919
2026-07-28 12:52:00,462,462.35999,461.16080,461.5,28387
2026-07-28 12:51:00,460.91000,462.19000,460.66110,461.76999,40498
2026-07-28 12:50:00,459.87430,460.98999,459.85001,460.88000,29967
2026-07-28 12:49:00,459.62009,460.35999,459.52,459.73001,17799
2026-07-28 12:48:00,460.34000,460.37000,459.39011,459.88000,35548
2026-07-28 12:47:00,459.010010,460.31879,458.98001,460.065002,31183
2026-07-28 12:46:00,460.79999,460.92001,458.81000,459.079987,34950
2026-07-28 12:45:00,460.78000,461.57001,460.5,460.88199,26407
2026-07-28 12:44:00,461.17001,461.17999,460.20001,460.89999,25179
2026-07-28 12:43:00,460.34000,461.35001,460.30011,461.065002,27203
2026-07-28 12:42:00,461.5,461.52991,460.17001,460.32501,27436
2026-07-28 12:41:00,461.79840,462.25,461.020508,461.70990,30206
2026-07-28 12:40:00,461.72000,462.47000,461.25,461.36099,50504
2026-07-28 12:39:00,460.79999,461.85001,460.17999,461.82001,52873
2026-07-28 12:38:00,460.26501,461.03,459.83,460.85001,57506
2026-07-28 12:37:00,459.67499,460.056702,459.35001,460,38379
2026-07-28 12:36:00,459.40500,459.82581,458.70001,459.54010,34313
2026-07-28 12:35:00,459.82001,460.48999,459.20001,459.31009,33229
2026-07-28 12:34:00,460.040009,460.92450,459.71011,459.71011,40792
2026-07-28 12:33:00,460.20999,460.98999,459.85001,460.040009,46046
2026-07-28 12:32:00,458.82001,460.5,458.77,460.40500,58971
2026-07-28 12:31:00,458.17001,459,457.65009,459,87990
2026-07-28 12:30:00,460.66101,460.66101,458.12000,458.23999,117793
2026-07-28 12:29:00,460.62000,461.43500,460.54001,460.66010,40076
2026-07-28 12:28:00,460.68500,461.10501,460.38,460.67499,32398
2026-07-28 12:27:00,460.64999,460.88000,459.70999,460.78229,39245
2026-07-28 12:26:00,460.70999,461.16000,460.35010,460.41501,31091
2026-07-28 12:25:00,460.26999,460.88000,459.84000,460.87000,38810
2026-07-28 12:24:00,460.17999,460.44000,460,460.19000,59336
2026-07-28 12:23:00,460.92001,461.0050049,460,460.025208,49545
2026-07-28 12:22:00,461.12671,461.46500,460.56000,461.0050049,55428
2026-07-28 12:21:00,461.58499,461.66501,460.60001,461.31000,59086
2026-07-28 12:20:00,461.37000,462.13361,461.20059,461.58499,56759
2026-07-28 12:19:00,460.48001,461.67001,460.27,461.38000,39107
2026-07-28 12:18:00,460.21500,460.70001,459.90009,460.24500,31439
2026-07-28 12:17:00,460.26999,461.19989,460,460,55365
2026-07-28 12:16:00,460.010010,460.42,459.65009,460.22000,41038
2026-07-28 12:15:00,461.45850,461.57,459.49710,460.084991,64994
2026-07-28 12:14:00,461.45001,461.48001,460.51999,461.19000,73423
2026-07-28 12:13:00,462.26999,462.92950,461.45,461.63501,51014
2026-07-28 12:12:00,461.95999,462.47839,461.70001,462.26999,48293
2026-07-28 12:11:00,461.375,462.48969,461.375,461.95999,68155
2026-07-28 12:10:00,461.27039,461.60001,460.69501,461.375,75087
2026-07-28 12:09:00,461.95001,462.13989,461.10001,461.10001,44113
2026-07-28 12:08:00,462.5,462.82,461.50009,461.85999,50171
2026-07-28 12:07:00,463.82001,463.82001,462.29001,462.66000,97908
2026-07-28 12:06:00,464.70001,464.89999,463.19000,463.56000,52091
2026-07-28 12:05:00,464.85999,465.79001,464.68,465.070007,50719
2026-07-28 12:04:00,464.64999,464.73499,463.89999,464.67499,59520
2026-07-28 12:03:00,464.44000,464.88901,464.029999,464.70999,57498
2026-07-28 12:02:00,465.54999,466.28000,464.49,464.51001,79200
2026-07-28 12:01:00,465.71249,466.67651,465.51010,465.72501,78337
2026-07-28 12:00:00,463.70999,466.47989,463.18,465.76501,76586
2026-07-28 11:59:00,463.98001,464.24661,463.28000,463.67999,37488
2026-07-28 11:58:00,463.97501,464.62,463.70999,463.98001,60110
2026-07-28 11:57:00,464.29010,464.35501,463.28751,464.045807,56987
2026-07-28 11:56:00,462.34009,464.73001,462.34009,464.61981,114905
2026-07-28 11:55:00,462.56000,462.76999,461.85,462.35010,51815
2026-07-28 11:54:00,464.039001,464.29990,462.5,462.51999,71054
2026-07-28 11:53:00,462.31000,464.41000,462.31000,464.23999,64859
2026-07-28 11:52:00,462.64001,462.95990,461.68011,462.52499,68426
2026-07-28 11:51:00,463.34000,463.34,462.40009,462.85001,68031
2026-07-28 11:50:00,463.29999,463.88,462.61090,463.34000,77320
2026-07-28 11:49:00,464.010803,464.20001,463.28000,463.28000,58189
2026-07-28 11:48:00,463.84000,464.40991,463.50009,464.054993,93449
2026-07-28 11:47:00,464.22501,464.65869,463.60001,463.78500,119804
2026-07-28 11:46:00,462.76999,464.44000,462.40009,464.22501,76190
2026-07-28 11:45:00,461.73999,463.39990,461.60001,462.61011,107504
2026-07-28 11:44:00,461.059998,461.96991,460.67001,461.73999,79747
2026-07-28 11:43:00,458.39499,461.16000,458.14999,461.059998,109628
2026-07-28 11:42:00,458.95499,459.35001,458.3,458.48999,54108
2026-07-28 11:41:00,458.28000,459.75,458.13010,458.89001,75972
2026-07-28 11:40:00,459.070007,459.26559,457.77719,458.28000,83284
2026-07-28 11:39:00,459.26511,459.72,458.75009,459.25,69691
2026-07-28 11:38:00,458.17999,459.48999,457.80011,459.31500,65401
2026-07-28 11:37:00,458.35999,458.57990,457.25,458.14001,74423
2026-07-28 11:36:00,458.059998,459.19000,458.059998,458.65640,76343
2026-07-28 11:35:00,456.94000,458.48999,456.71011,458.25,88483
2026-07-28 11:34:00,457,457.91000,456.79001,457,60464
2026-07-28 11:33:00,456.78500,457.23999,456.41000,456.79999,61362
2026-07-28 11:32:00,455.47040,457.09,455.35,456.85001,60091
2026-07-28 11:31:00,454.60001,455.39,454.36011,455.31500,49972
2026-07-28 11:30:00,455.81000,456.28,454.42999,454.79999,67443
2026-07-28 11:29:00,455.79001,456.2,455.010101,455.84000,59159
2026-07-28 11:28:00,455.5,456.43259,455.27460,455.75500,59724
2026-07-28 11:27:00,457.70001,457.70001,455.38739,455.65500,75860
2026-07-28 11:26:00,457.13000,458,456.91,457.77039,138296
2026-07-28 11:25:00,456.12000,457.42001,456.10999,457.010010,90880
2026-07-28 11:24:00,455.32999,456.23999,454.3,456.23999,60774
2026-07-28 11:23:00,454.89001,455.85999,454.67001,455.54300,58670
2026-07-28 11:22:00,455.33450,455.72000,453.99,454.82001,84420
2026-07-28 11:21:00,455.26001,455.88000,454.91000,455.54999,69650
2026-07-28 11:20:00,453.84000,455.95950,453.84000,455.20499,110018
2026-07-28 11:19:00,454,454.13000,453.020294,453.73001,50920
2026-07-28 11:18:00,452.23840,454.54999,452.049988,453.87000,96679
2026-07-28 11:17:00,452.029907,452.95999,451.63129,452.070007,39622
2026-07-28 11:16:00,452.26999,452.79999,451.52011,451.73999,237889
2026-07-28 11:15:00,452.089996,452.38339,451.26010,452.38339,52362
2026-07-28 11:14:00,451.51001,452.95590,451.47290,451.91000,108959
2026-07-28 11:13:00,451.29999,451.76001,450.22000,451.39001,82122
2026-07-28 11:12:00,449.57999,451.64999,449.25,451.22501,94799
2026-07-28 11:11:00,450.70499,450.91000,449.5,449.73999,71722
2026-07-28 11:10:00,450.47000,453.57999,450.33,450.43011,118096
2026-07-28 11:09:00,450.39999,450.99991,449.52011,450.47000,67968
2026-07-28 11:08:00,450.59000,451.17,449.83011,450.57001,67644
2026-07-28 11:07:00,450.56091,450.76999,449.37000,450.49890,68529
2026-07-28 11:06:00,451.45001,453.59000,450.45010,450.45010,98143
2026-07-28 11:05:00,451.60971,452.16989,450.45010,451.57001,75680
2026-07-28 11:04:00,452.51501,452.89001,451.52,451.76001,42737
2026-07-28 11:03:00,452.68900,453.45001,452.080109,452.51501,58457
2026-07-28 11:02:00,453.22501,453.88000,452.26999,452.66000,53087
2026-07-28 11:01:00,454.10501,454.39,452.66000,453.34000,65841
2026-07-28 11:00:00,452.26099,454.24631,452.26001,453.95029,88045
2026-07-28 10:59:00,451.38000,452.675,451,452.37000,69044
2026-07-28 10:58:00,451.10999,451.79001,450.76999,451.38000,64281
2026-07-28 10:57:00,452.29999,452.29999,449.89249,451.20001,104691
2026-07-28 10:56:00,453.56000,453.75,451.79001,452.30130,96900
2026-07-28 10:55:00,452.98990,454.42999,451.77499,453.5,100029
2026-07-28 10:54:00,454.72000,454.72000,452.54999,452.85999,73396
2026-07-28 10:53:00,452.81000,454.98001,452.72,454.64001,95613
2026-07-28 10:52:00,454.059998,454.78,452.5,452.64001,88099
2026-07-28 10:51:00,453.5,454.89999,453.05,454.059998,83406
2026-07-28 10:50:00,453.20499,454.66000,453.045502,453.51501,115717
2026-07-28 10:49:00,453.11499,453.72000,452.29001,453.37000,95359
2026-07-28 10:48:00,449.91000,453.60001,449.91000,453.14499,121025
2026-07-28 10:47:00,448.29999,450.30939,448.17499,450.049988,128540
2026-07-28 10:46:00,447.62009,448.70990,447.53000,448.27499,76944
2026-07-28 10:45:00,448.96500,449.57001,447.20001,447.78500,96818
2026-07-28 10:44:00,450.39999,450.9,448.7,448.98999,117199
2026-07-28 10:43:00,449.92999,450.67001,449.47000,450.34698,84363
2026-07-28 10:42:00,450.81000,450.89001,448.76010,449.89001,202335
2026-07-28 10:41:00,451.14999,452.12000,450.38849,450.88000,90235
2026-07-28 10:40:00,450.32501,451.70001,450,451.39951,79400
2026-07-28 10:39:00,449.63501,450.82300,449,450.29001,180246
2026-07-28 10:38:00,451.35001,452.23001,449.43011,449.51389,92189
2026-07-28 10:37:00,450.5,451.42001,450.17,451.42001,108361
2026-07-28 10:36:00,450.48001,451.96991,450.44,450.51001,114298
2026-07-28 10:35:00,447.49500,450.57001,447.32999,450.51999,181311
2026-07-28 10:34:00,448.29999,449.10239,447.20001,447.54999,75170
2026-07-28 10:33:00,448.5,448.86499,447.34000,448.60001,80985
2026-07-28 10:32:00,448.51001,449.5,447.34,448.16000,114168
2026-07-28 10:31:00,447,448.74991,446.76099,448.57101,120096
2026-07-28 10:30:00,447.33899,449.01,445.88000,446.81500,116677
2026-07-28 10:29:00,446.85501,447.83,446.67001,447.54501,78796
2026-07-28 10:28:00,447.30780,447.90500,446.17001,446.86200,82602
2026-07-28 10:27:00,447.20001,448.35999,446.575,447.17542,149472
2026-07-28 10:26:00,445.91000,447.54001,445.41000,447.12000,116936
2026-07-28 10:25:00,444.97000,445.85999,444.35501,445.85999,94339
2026-07-28 10:24:00,444.95999,446.48990,444.50009,444.78000,129781
2026-07-28 10:23:00,443.34000,445.20999,442.64001,445.095001,200426
2026-07-28 10:22:00,445.64001,447.029999,442.76001,443.39999,193993
2026-07-28 10:21:00,443.51001,446.1,442.26999,445.94501,289788
2026-07-28 10:20:00,443.80011,444.81589,443.26001,443.60001,176744
2026-07-28 10:19:00,445.82001,445.875,443.84180,443.94000,201162
2026-07-28 10:18:00,446.48999,447.049988,445.17001,445.91501,230674
2026-07-28 10:17:00,446.82001,447.71970,445.50009,446.14999,187240
2026-07-28 10:16:00,448.79999,449.29999,446.19000,446.82001,277360
2026-07-28 10:15:00,448.29999,449.28830,447.39999,448.59000,173630
2026-07-28 10:14:00,451.13501,451.26001,447.85001,448.32001,373532
2026-07-28 10:13:00,451.76999,452.69629,451.029999,451.13501,103778
2026-07-28 10:12:00,454.95999,455.26501,451.63000,451.63000,93048
2026-07-28 10:11:00,453.23999,455.18689,453.20999,455.10501,156185
2026-07-28 10:10:00,451.85001,453.67520,451.17001,453.20001,119828
2026-07-28 10:09:00,452.44000,452.88000,451.46500,451.94000,92670
2026-07-28 10:08:00,455.23001,455.47,451.60001,452.29001,144227
2026-07-28 10:07:00,457.80759,458.19000,455.11880,455.32999,82549
2026-07-28 10:06:00,457.41690,458.40991,456.32999,457.51999,106049
2026-07-28 10:05:00,454.625,457.89990,454,457.5,138199
2026-07-28 10:04:00,454.70001,455.54,453.72000,454.625,93148
2026-07-28 10:03:00,455.44000,455.545,454.28040,454.53201,97401
2026-07-28 10:02:00,453.66000,456,453.66000,455.23499,152605
2026-07-28 10:01:00,452.78000,453.82999,452.10999,453.70499,137384
2026-07-28 10:00:00,451.23001,453.46851,450.95999,452.81000,147859
2026-07-28 09:59:00,451.089996,452.32999,450.10001,451.14001,110819
2026-07-28 09:58:00,452.64551,453,450.57999,451.015015,159663
2026-07-28 09:57:00,454.47501,455.17001,452.32101,452.85999,122159
2026-07-28 09:56:00,453.17001,454.60999,452.32999,454.38000,90556
2026-07-28 09:55:00,452.87000,453.64001,452.049988,452.79501,110769
2026-07-28 09:54:00,453.16351,454.53000,452.56,452.95999,105129
2026-07-28 09:53:00,455,455,451.20010,452.64999,163555
2026-07-28 09:52:00,454.10501,457.38000,453.85001,455.46500,159379
2026-07-28 09:51:00,455.51001,456.35,453.73010,453.99750,153980
2026-07-28 09:50:00,458.16501,460,455.20001,455.66000,240627
2026-07-28 09:49:00,457.23419,458.87000,456.33759,458,182300
2026-07-28 09:48:00,453.89001,457.32001,453.85001,457.13000,225008
2026-07-28 09:47:00,453.16000,454.65991,452.35999,453.85001,169445
2026-07-28 09:46:00,454.089996,454.20999,451.20001,453.10001,255105
2026-07-28 09:45:00,455.75,456.83,453.29999,454.11499,192143
2026-07-28 09:44:00,454.49500,456.95001,454.32999,455.60501,195011
2026-07-28 09:43:00,454.66080,455.35999,453.60001,454.32001,192077
2026-07-28 09:42:00,456,456.45001,454.29010,454.53000,195733
2026-07-28 09:41:00,455.95499,456.99991,455.42999,455.91501,164486
2026-07-28 09:40:00,455.47000,457.76999,455.010010,456.10950,220712
2026-07-28 09:39:00,454.5,455.47000,454.5,455.23001,168366
2026-07-28 09:38:00,454.91000,456.26001,452.54010,454.67001,199600
2026-07-28 09:37:00,457.046204,457.41,454.54001,454.89999,283400
2026-07-28 09:36:00,460.95499,461.82001,456.53000,457.19000,283956
2026-07-28 09:35:00,458.67001,461.13501,458.029999,460.95499,222274
2026-07-28 09:34:00,462.38000,462.79001,457.79999,458.43500,469144
2026-07-28 09:33:00,465.74911,466.33731,462.17001,462.60501,239108
2026-07-28 09:32:00,467.070007,467.76999,464.61499,465.70999,170539
2026-07-28 09:31:00,468.76001,468.89999,464.34000,466.92999,306808
2026-07-28 09:30:00,466.0020142,472.83,464.94312,469,1777801
2026-07-27 15:59:00,495.38000,495.93289,494.69000,495.070007,391634
2026-07-27 15:58:00,494.95999,495.56500,494.62000,495.43500,174262
2026-07-27 15:57:00,495.45499,495.97879,494.91000,494.91000,114371
2026-07-27 15:56:00,494.90991,495.63000,494.51001,495.48999,110019
2026-07-27 15:55:00,493.79501,495.10001,492.5,494.88000,134089
2026-07-27 15:54:00,493.32001,494.36499,492.80011,494,122989
2026-07-27 15:53:00,493.13000,493.72559,492.78000,493.41000,80583
2026-07-27 15:52:00,492.85001,493.39999,492.60010,493.079987,67785
2026-07-27 15:51:00,492.88000,493.26001,492.4,492.96609,56078
2026-07-27 15:50:00,494.10001,494.60001,492.79001,493.079987,89104
2026-07-27 15:49:00,493.14499,494.16000,493.14499,494.019989,52629
2026-07-27 15:48:00,493.32001,493.48001,492.69000,493.29001,42164
2026-07-27 15:47:00,493.16000,493.85999,493,493.52499,52113
2026-07-27 15:46:00,493.34000,493.82999,492.63000,493,47744
2026-07-27 15:45:00,492.89999,493.47000,492.73,493.39499,53593
2026-07-27 15:44:00,493.29001,493.61,492.89999,492.89999,35458
2026-07-27 15:43:00,492.71500,493.31201,492.20999,492.98001,46270
2026-07-27 15:42:00,493.34399,493.63000,492.5,492.72000,52356
2026-07-27 15:41:00,494.28421,494.51300,492.77011,493.14001,54496
2026-07-27 15:40:00,492.79001,494.67001,492.79001,494.44000,80978
2026-07-27 15:39:00,492.57999,492.79001,492.20001,492.79001,59630
2026-07-27 15:38:00,493.45001,493.45001,492.42999,492.67001,48815
2026-07-27 15:37:00,494.44000,494.51999,492.75009,493.60001,79944
2026-07-27 15:36:00,495.32999,495.57999,494.35001,494.53891,33465
2026-07-27 15:35:00,495.48999,495.64999,494.92001,495.29501,59768
2026-07-27 15:34:00,495.87000,496.14001,495.35001,495.60669,49420
2026-07-27 15:33:00,495.97000,496.14001,495.34000,496.079987,143830
2026-07-27 15:32:00,495.84000,496.14001,495.34000,495.97000,52162
2026-07-27 15:31:00,495.85999,496.14001,495.5,495.88000,57186
2026-07-27 15:30:00,495.79501,496.28,495.01,495.87000,129063
2026-07-27 15:29:00,494.62250,495.88,494.60501,495.65500,68733
2026-07-27 15:28:00,494.51001,494.88,494.34000,494.47501,64172
2026-07-27 15:27:00,494.44949,494.85999,494.020294,494.35999,81536
2026-07-27 15:26:00,494.089996,494.57001,494,494.25,41167
2026-07-27 15:25:00,494.10999,494.45001,492.60001,494.089996,150637
2026-07-27 15:24:00,493.51901,494.049988,493.51001,493.79999,37194
2026-07-27 15:23:00,494.10001,494.53000,493.51999,493.51999,50288
2026-07-27 15:22:00,493.34000,494.10001,493.040009,494.099915,48042
2026-07-27 15:21:00,494.099915,494.25,493.26001,493.66501,49801
2026-07-27 15:20:00,493.51450,494.20001,493.35999,494.049988,77404
2026-07-27 15:19:00,493.23999,493.51999,492.81500,493.51999,536071
2026-07-27 15:18:00,493,493.5,492.82001,493.089996,49687
2026-07-27 15:17:00,492.80499,493,492.49500,492.88010,29501
2026-07-27 15:16:00,492.23001,493.3,492.15,492.81000,114407
2026-07-27 15:15:00,491.62000,492.32001,491.56000,492.15991,60990
2026-07-27 15:14:00,491.54999,491.89990,491.12881,491.76010,42906
2026-07-27 15:13:00,492.48001,492.51001,490.73999,491.45499,104286
2026-07-27 15:12:00,492.89001,493.23999,492.35580,492.63000,62934
2026-07-27 15:11:00,492.16501,492.88989,492.03,492.76999,63430
2026-07-27 15:10:00,491.38501,492.46329,491.23001,492.29999,48904
2026-07-27 15:09:00,491.040588,492.41589,491.040588,491.39001,58375
2026-07-27 15:08:00,491.89499,492,491.040100,491.19000,59348
2026-07-27 15:07:00,490.79990,491.99991,490.69000,491.89499,70798
2026-07-27 15:06:00,489.88000,490.75,489.72,490.62000,58420
2026-07-27 15:05:00,489.91000,490.50500,489.59000,489.99011,32130
2026-07-27 15:04:00,489.89499,490.63000,489.26999,489.91000,58880
2026-07-27 15:03:00,489.81000,490.5,489.64001,489.94000,62527
2026-07-27 15:02:00,489.30869,489.98001,489.10999,489.70001,64136
2026-07-27 15:01:00,488.60999,489.59940,488.52011,489.59940,44813
2026-07-27 15:00:00,488.94000,489.52,488.39719,488.50009,41558
2026-07-27 14:59:00,487.91000,489.14560,487.86,488.95001,62928
2026-07-27 14:58:00,487.73001,488.22,487.23001,487.89001,38833
2026-07-27 14:57:00,487.64499,488.070007,487.37009,487.84790,39208
2026-07-27 14:56:00,487.48001,488.10001,487.11011,487.64499,69026
2026-07-27 14:55:00,486.78000,487.91000,486.78000,487.61499,78738
2026-07-27 14:54:00,486.87000,487.35,486.29999,486.62000,67892
2026-07-27 14:53:00,486.049988,487.070007,486.049988,486.89001,37342
2026-07-27 14:52:00,485.070007,486.39999,484.89001,486.049988,49487
2026-07-27 14:51:00,484.010010,485.099213,484,484.98001,27905
2026-07-27 14:50:00,483.23001,483.98001,483.22501,483.98001,22487
2026-07-27 14:49:00,483.64999,484.25,483,483.26999,21968
2026-07-27 14:48:00,483.73999,483.84000,483.00088501,483.81000,25243
2026-07-27 14:47:00,484,484.042603,483.15009,483.82999,32685
2026-07-27 14:46:00,484.28009,484.61600,483.71011,483.71011,33630
2026-07-27 14:45:00,484.34500,485.26999,484.22000,484.45001,42669
2026-07-27 14:44:00,483.47000,484.42001,483.43799,484.23001,32973
2026-07-27 14:43:00,482.91000,483.73001,482.12,483.67880,36573
2026-07-27 14:42:00,482.89999,483.67999,482.79001,482.91000,45411
2026-07-27 14:41:00,481.79901,483.74991,481.595,482.88000,177569
2026-07-27 14:40:00,482.43500,482.47,481.31000,481.77499,64053
2026-07-27 14:39:00,482.67010,482.76001,482.28000,482.38000,32576
2026-07-27 14:38:00,483.19000,483.35,482.67001,482.67001,20050
2026-07-27 14:37:00,483.5,483.69000,482.67001,483.24500,33028
2026-07-27 14:36:00,483.13000,483.59991,482.64709,483.54999,26218
2026-07-27 14:35:00,483.0050049,483.26001,482.81000,483.25,19577
2026-07-27 14:34:00,483.35999,483.63000,482.875,482.98001,18873
2026-07-27 14:33:00,483.85999,483.85999,483.29001,483.35999,15484
2026-07-27 14:32:00,483.089996,483.85001,482.91000,483.76501,25190
2026-07-27 14:31:00,483.48999,483.87000,482.89999,483.049988,33115
2026-07-27 14:30:00,484.19501,484.31000,483.049988,483.47000,26309
2026-07-27 14:29:00,483.38000,484.54001,483.38000,484.35001,36742
2026-07-27 14:28:00,483.43500,483.82990,483.18011,483.39182,17793
2026-07-27 14:27:00,483.70001,483.82001,483.049988,483.24011,20292
2026-07-27 14:26:00,483.39001,483.87991,483.35999,483.81580,19009
2026-07-27 14:25:00,483.25,483.67999,483.070007,483.39001,28681
2026-07-27 14:24:00,482.67499,483.48999,482.67499,483.25,24776
2026-07-27 14:23:00,482.60001,483.26001,482.38211,482.67499,27338
2026-07-27 14:22:00,482.60001,482.84000,482.25,482.73499,16153
2026-07-27 14:21:00,482.28000,482.76,482,482.41400,24689
2026-07-27 14:20:00,482.375,482.5,481.88000,482.048004,20445
2026-07-27 14:19:00,482.97000,483.88000,482.089996,482.62949,24431
2026-07-27 14:18:00,482.040009,483.30780,482.029999,483.14001,25554
2026-07-27 14:17:00,481.88010,482.39999,481.10049,482.049988,41020
2026-07-27 14:16:00,482.41000,482.63000,481.60211,481.91501,35655
2026-07-27 14:15:00,483.54999,483.70001,482.39001,482.51999,33999
2026-07-27 14:14:00,483.54999,483.85999,483.22,483.54999,24980
2026-07-27 14:13:00,483.57001,483.7,483.18011,483.39001,15619
2026-07-27 14:12:00,483.38000,483.62000,483.019989,483.45001,16009
2026-07-27 14:11:00,482.87000,484,482.79999,483.39001,64435
2026-07-27 14:10:00,483.010010,483.27991,482.51160,482.70511,32370
2026-07-27 14:09:00,482.66000,483.24600,482.66000,483.14999,31181
2026-07-27 14:08:00,483.88000,483.98001,482.39001,482.60999,137773
2026-07-27 14:07:00,483.61499,484.17999,483.61499,483.79001,18734
2026-07-27 14:06:00,483.95001,484.29999,483.46,483.61499,30349
2026-07-27 14:05:00,483.57181,484.099915,483.22,483.99200,36541
2026-07-27 14:04:00,483.56500,483.90881,483.29,483.43579,31203
2026-07-27 14:03:00,483.19000,483.73990,482.92,483.51001,26436
2026-07-27 14:02:00,483.76001,483.76001,483.010010,483.29001,29222
2026-07-27 14:01:00,483,484.29999,482.76141,483.54501,41352
2026-07-27 14:00:00,483.42801,483.63000,483.04,483.22000,34024
2026-07-27 13:59:00,483.079987,483.79001,483.079987,483.35999,43080
2026-07-27 13:58:00,482.64499,483.41989,482.51001,483.019989,58863
2026-07-27 13:57:00,482.64551,482.92999,482.37949,482.64499,31553
2026-07-27 13:56:00,481.77499,482.66199,481.29001,482.51001,30476
2026-07-27 13:55:00,481.78000,482.35800,481.45999,481.87000,35316
2026-07-27 13:54:00,481.17990,481.75,481,481.72000,26251
2026-07-27 13:53:00,481.45999,481.64001,480.66000,480.98999,17190
2026-07-27 13:52:00,481,481.59000,480.8,481.56000,28603
2026-07-27 13:51:00,480.85999,481.040009,480.5,481.019989,13965
2026-07-27 13:50:00,480.29999,481.23,480.29999,480.86499,26041
2026-07-27 13:49:00,481.12949,481.57959,480.53351,480.70999,17324
2026-07-27 13:48:00,481.73999,482,480.90369,480.95499,27966
2026-07-27 13:47:00,481.11499,482.010010,480.97250,481.625,27471
2026-07-27 13:46:00,480.20999,482.019897,480.079987,481.14001,48040
2026-07-27 13:45:00,480.73990,481.040009,479.66000,479.94000,35983
2026-07-27 13:44:00,480.70001,480.73990,480.22000,480.60001,21259
2026-07-27 13:43:00,480.54999,480.76001,479.75,480.70001,35601
2026-07-27 13:42:00,480.54501,480.94,480.25,480.35999,21335
2026-07-27 13:41:00,479.92499,480.97000,479.92499,480.67001,32542
2026-07-27 13:40:00,480.49750,480.49750,479.75009,480.070007,41186
2026-07-27 13:39:00,481.48001,481.60999,480.29999,480.48499,30203
2026-07-27 13:38:00,480.74500,481.76379,480.23999,481.64001,35295
2026-07-27 13:37:00,481.67999,481.69659,480.5,480.79999,32627
2026-07-27 13:36:00,481.57010,482.20001,481.22000,481.47501,38398
2026-07-27 13:35:00,482.20001,482.5,481.79001,481.92499,26380
2026-07-27 13:34:00,481.98260,482.85001,481.90161,482.20001,30687
2026-07-27 13:33:00,481.5,482.42999,481.5,482.25,31708
2026-07-27 13:32:00,480.51999,481.61499,480.070099,481.54999,40565
2026-07-27 13:31:00,480.39999,480.97000,480.3,480.41000,29272
2026-07-27 13:30:00,479.88000,480.52,479.88000,480.45999,24943
2026-07-27 13:29:00,480.029999,480.20001,479.48999,479.90500,23047
2026-07-27 13:28:00,479.97000,480.17,479.63,480.029999,23093
2026-07-27 13:27:00,479.72000,480.17,479.59000,479.77029,20885
2026-07-27 13:26:00,479.049988,479.76001,478.77051,479.76001,25956
2026-07-27 13:25:00,479.20001,479.76999,478.98499,478.98499,28762
2026-07-27 13:24:00,479.57501,479.81000,479.12000,479.34000,36628
2026-07-27 13:23:00,480.57999,480.85001,479.39999,479.57501,22374
2026-07-27 13:22:00,479.73001,480.69000,479.23001,480.20999,29410
2026-07-27 13:21:00,480.31281,480.46771,479.64099,480.14999,24263
2026-07-27 13:20:00,479.35501,480.47000,479.20541,480.27499,34990
2026-07-27 13:19:00,479.23499,479.85001,479.000091553,479.64999,36176
2026-07-27 13:18:00,479.59000,479.81000,478.99500,479.39001,31846
2026-07-27 13:17:00,480.29999,480.29999,478.72009,479.70999,44576
2026-07-27 13:16:00,480.78000,481.16989,480.076202,480.44000,23300
2026-07-27 13:15:00,480.5,480.98990,479.89999,480.82999,55620
2026-07-27 13:14:00,480.5,481.37000,480.36499,480.5,33018
2026-07-27 13:13:00,480.51999,480.89001,480.07,480.41000,25925
2026-07-27 13:12:00,479.85001,481.14999,479.31000,480.67001,40981
2026-07-27 13:11:00,479.31000,479.95999,478.91010,479.66501,35315
2026-07-27 13:10:00,479.60001,479.79990,478.97000,479.31000,40037
2026-07-27 13:09:00,479.84000,480.41000,479.55,479.59000,36670
2026-07-27 13:08:00,480.37000,480.53000,479.70901,479.72000,41738
2026-07-27 13:07:00,479.54001,480.39020,479.27,480.39020,40412
2026-07-27 13:06:00,480.059998,480.059998,478.95999,479.56000,66031
2026-07-27 13:05:00,480.26001,480.38000,479.78000,479.79001,35982
2026-07-27 13:04:00,481.010010,481.39001,479.75800,480.20499,60620
2026-07-27 13:03:00,480.79010,481.11990,480.14999,480.84500,61337
2026-07-27 13:02:00,482.24500,482.33249,480.63000,480.98999,66237
2026-07-27 13:01:00,483.010010,483.18,482.039215,482.24500,77201
2026-07-27 13:00:00,483.23001,483.45001,482.69000,483.17999,32826
2026-07-27 12:59:00,482.78000,483.44000,482.5,483.23001,35410
2026-07-27 12:58:00,483.14001,483.44000,482.41000,482.57999,42103
2026-07-27 12:57:00,482.85999,483.2,482.45001,483.16199,71086
2026-07-27 12:56:00,482.69000,483.41989,482.51291,483.059998,45217
2026-07-27 12:55:00,483.66000,483.79001,480.95010,482.98999,58268
2026-07-27 12:54:00,484.48001,484.78,483.29999,483.66000,97885
2026-07-27 12:53:00,484.70999,485,484.39499,484.47501,67685
2026-07-27 12:52:00,485.10501,485.47000,484.16010,484.95999,40875
2026-07-27 12:51:00,486.019989,486.46991,484.90829,485.010010,88128
2026-07-27 12:50:00,486.95499,487.14001,486.059998,486.059998,42640
2026-07-27 12:49:00,487.46500,487.74899,486.71100,486.79999,34419
2026-07-27 12:48:00,487.78500,488.10999,487.010498,487.73999,30106
2026-07-27 12:47:00,487.39001,488.47931,487.35001,487.54001,46078
2026-07-27 12:46:00,486.45001,487.76999,486.45,487.26001,42695
2026-07-27 12:45:00,486.20999,486.70001,485.79999,486.54999,44712
2026-07-27 12:44:00,486.20001,486.48001,485.57001,486.059998,40091
2026-07-27 12:43:00,486.68500,486.87000,486.20001,486.47501,24495
2026-07-27 12:42:00,486.57999,487,486.049988,486.625,18826
2026-07-27 12:41:00,487.29999,487.64990,486.32010,486.57999,29097
2026-07-27 12:40:00,487.26001,487.60599,486.68311,487.60599,32612
2026-07-27 12:39:00,486.75,487.42990,486.59000,487.27859,31895
2026-07-27 12:38:00,485.48999,486.86990,485.25,486.64999,28161
2026-07-27 12:37:00,484.97000,486.42,484.93481,485.38000,41690
2026-07-27 12:36:00,483.37000,485.10001,483,485.059998,43036
2026-07-27 12:35:00,484.54001,484.62,483.21021,483.37000,30467
2026-07-27 12:34:00,485.45029,485.60999,484.25,484.25009,48144
2026-07-27 12:33:00,485.67911,485.85001,485.049988,485.29999,33454
2026-07-27 12:32:00,487,487.10999,485.20001,485.20001,35805
2026-07-27 12:31:00,487.075012,487.96,487.075012,487.31500,46044
2026-07-27 12:30:00,486.28000,487.70999,486.28000,486.98001,42740
2026-07-27 12:29:00,487.059998,487.18970,485.89001,486.17001,69910
2026-07-27 12:28:00,486.63000,487.84000,486.6,487.015015,52009
2026-07-27 12:27:00,486.58340,487.48999,486.33,486.42001,47965
2026-07-27 12:26:00,487.66000,488.62991,486.063904,486.41501,95748
2026-07-27 12:25:00,483.90500,488.029907,483.90500,487.65500,142358
2026-07-27 12:24:00,483.35999,484.53000,483.34149,483.81009,27360
2026-07-27 12:23:00,482.51999,483.39990,482.25,483.10999,31997
2026-07-27 12:22:00,482.45770,482.96689,481.83,482.89001,45145
2026-07-27 12:21:00,482.26001,483.87991,482.20999,482.35001,37638
2026-07-27 12:20:00,482.34000,482.62000,481.17001,482.39999,48548
2026-07-27 12:19:00,482.32999,482.89001,481.98,482.25049,43119
2026-07-27 12:18:00,482.69009,482.99500,482,482.000091553,35364
2026-07-27 12:17:00,482.64499,483.49991,482.35031,483.049988,27737
2026-07-27 12:16:00,483.92001,484.16000,482.10001,482.51999,40034
2026-07-27 12:15:00,484,484.04,483.00048828,484,34797
2026-07-27 12:14:00,484.60001,485.022491,483.36679,483.77499,49547
2026-07-27 12:13:00,485.97000,485.97000,484.029999,484.57001,49953
2026-07-27 12:12:00,485.74500,486.23999,485.38000,485.82501,44514
2026-07-27 12:11:00,486.23499,486.45920,485.53000,485.87000,31041
2026-07-27 12:10:00,485.20001,486.27,484.85999,486.26999,44816
2026-07-27 12:09:00,484.89001,485.02,484.28000,484.98999,29865
2026-07-27 12:08:00,484.44000,485.19,484.010010,484.97000,39059
2026-07-27 12:07:00,484.95999,485.27191,484.20001,484.75961,34456
2026-07-27 12:06:00,485.38501,485.5,484.12000,485.19000,63807
2026-07-27 12:05:00,485.070007,486.12399,484.70001,485.39499,53584
2026-07-27 12:04:00,484.14001,485.38000,484.14001,484.92999,66544
2026-07-27 12:03:00,483.43759,484.48999,483.18,484.38000,56858
2026-07-27 12:02:00,482.97000,483.78000,482.83,483.19501,39426
2026-07-27 12:01:00,482.76999,483.55991,482.20001,482.78000,58717
2026-07-27 12:00:00,483,484.47000,482.13000,482.85001,54683
2026-07-27 11:59:00,482.21500,483.23999,482,482.73499,62369
2026-07-27 11:58:00,481.55081,482.76001,481.44000,482.37000,83125
2026-07-27 11:57:00,479.59000,482.32501,479,481.89499,106332
2026-07-27 11:56:00,479.27921,480.11,479.019989,479.59500,36212
2026-07-27 11:55:00,478.59000,479.82001,478.29999,479.45499,47558
2026-07-27 11:54:00,478.72000,479.57,478.29999,478.59000,41487
2026-07-27 11:53:00,478.54999,479.10001,478,478.72000,31265
2026-07-27 11:52:00,479.28500,479.98001,478.56,478.78000,35264
2026-07-27 11:51:00,479.20001,479.89651,478.70001,479.049988,33748
2026-07-27 11:50:00,478.92499,479.10001,477.84052,478.70001,22238
2026-07-27 11:49:00,478.17999,479,477.7,478.54999,35826
2026-07-27 11:48:00,478.44040,479.54999,478.20999,478.20999,36202
2026-07-27 11:47:00,479.75500,479.92001,477.81000,478.39001,88566
2026-07-27 11:46:00,479.20999,480.06,479.03,479.31000,32196
2026-07-27 11:45:00,480.23001,480.48999,479.25,479.63000,66462
2026-07-27 11:44:00,480.39990,481.59811,479.89999,480.28000,58290
2026-07-27 11:43:00,480,481.16000,479.72000,480.21500,79704
2026-07-27 11:42:00,480.065002,481.22531,480.059998,480.30499,59523
2026-07-27 11:41:00,479.67880,480.13000,478.91000,480.065002,45381
2026-07-27 11:40:00,479.51999,480.32001,478.54010,479.51001,40334
2026-07-27 11:39:00,478.94000,480,478.89,479.67001,49305
2026-07-27 11:38:00,478.48999,478.94000,478.059998,478.94000,48519
2026-07-27 11:37:00,479.12000,479.56000,478.26001,478.37000,56452
2026-07-27 11:36:00,478.73111,480.18,478.59500,479.60001,50630
2026-07-27 11:35:00,479.51001,479.51001,478.23999,478.64001,67044
2026-07-27 11:34:00,479.73001,479.98999,479,479.51001,32886
2026-07-27 11:33:00,478.75500,479.585,478.195,479.58499,73087
2026-07-27 11:32:00,479.59000,479.59000,478.5,478.82999,60109
2026-07-27 11:31:00,480.60501,481.51,479.22000,479.26010,59206
2026-07-27 11:30:00,480.42001,480.79001,479.88000,480.64001,36896
2026-07-27 11:29:00,479.71500,480.95001,479.70999,480.62000,58676
2026-07-27 11:28:00,480.0050049,480.23999,479.10001,479.89999,69146
2026-07-27 11:27:00,480.87509,481.28,479.60010,480.040009,55414
2026-07-27 11:26:00,480.25970,481.48499,479.76001,480.72000,39638
2026-07-27 11:25:00,481.29999,481.63000,479.65610,480.17999,61252
2026-07-27 11:24:00,481.12549,481.48001,480.33051,481.18500,55940
2026-07-27 11:23:00,483.39499,483.39499,480.50009,481.23761,89102
2026-07-27 11:22:00,483.075012,484.56000,482.48499,483.38000,60960
2026-07-27 11:21:00,483.81000,484.90991,482.79001,483.070007,87846
2026-07-27 11:20:00,481.41501,483.90991,481.20001,483.81000,87562
2026-07-27 11:19:00,479.85501,481.75989,479.45999,481.41501,77066
2026-07-27 11:18:00,480.14999,480.23499,478.39999,479.97501,82279
2026-07-27 11:17:00,480.23499,480.92001,479.25009,479.90500,72636
2026-07-27 11:16:00,479.80011,480.85999,479.5,480.27499,100213
2026-07-27 11:15:00,480.59000,480.94000,479.42010,480.024994,104618
2026-07-27 11:14:00,482.82001,483.63000,480.26999,480.64499,90315
2026-07-27 11:13:00,484.20001,484.44601,482.059998,483.0050049,78158
2026-07-27 11:12:00,483.84000,485.69000,483.31000,484.39499,81164
2026-07-27 11:11:00,484.57999,485.83,483.16101,483.61499,73689
2026-07-27 11:10:00,484.15302,486.63989,483.60001,485.31500,84115
2026-07-27 11:09:00,486.084991,486.09,484.010010,484.51001,78127
2026-07-27 11:08:00,486.48001,487.60001,485.67270,486.35989,93220
2026-07-27 11:07:00,483.98999,486.70001,483.20001,486.32501,110452
2026-07-27 11:06:00,486.095001,486.45,483.89,483.91000,95077
2026-07-27 11:05:00,486.92999,487.16000,485.89011,486.095001,107809
2026-07-27 11:04:00,486.73001,487.38000,486.055115,486.70001,48942
2026-07-27 11:03:00,486.61499,488.45001,486.25009,486.82999,54354
2026-07-27 11:02:00,486.60001,488.094513,485.89999,486.87000,70522
2026-07-27 11:01:00,488.57501,488.76999,486.60001,486.89999,77848
2026-07-27 11:00:00,489.14999,489.79999,487.48050,488.57501,88754
2026-07-27 10:59:00,488.019989,489.94000,488,489.070007,79280
2026-07-27 10:58:00,488.023499,489.09,487.69009,488.34500,93756
2026-07-27 10:57:00,488.19501,489.35,488.19501,488.32001,96761
2026-07-27 10:56:00,487.29001,488.79001,486.78000,488.089996,77461
2026-07-27 10:55:00,485.52499,487.51999,485.025299,487.29001,82771
2026-07-27 10:54:00,486.80499,487.58499,485.40948,485.56509,67130
2026-07-27 10:53:00,488.25,488.64,486.16000,486.80499,67499
2026-07-27 10:52:00,486.86539,488.59991,485.69000,488.25500,92453
2026-07-27 10:51:00,488.17999,488.99991,486.67130,486.82501,115929
2026-07-27 10:50:00,485.19000,489.32001,485.02,488.45499,191315
2026-07-27 10:49:00,483.25,485.63000,483.040009,485.14499,162818
2026-07-27 10:48:00,483.44501,484.56000,482.73880,483.25,109859
2026-07-27 10:47:00,482.72989,484.4375,482.47501,483.5,199017
2026-07-27 10:46:00,481.17999,483.41000,480.63971,482.45001,186428
2026-07-27 10:45:00,478.019989,481.71,478.019989,481.34500,145772
2026-07-27 10:44:00,478.82001,479.89001,477.5,477.95001,132634
2026-07-27 10:43:00,477.40500,478.82001,476.92999,478.65021,128006
2026-07-27 10:42:00,477.77991,478.16000,477.14731,477.29999,126450
2026-07-27 10:41:00,479.56000,480,477.2,477.59000,113215
2026-07-27 10:40:00,481.070007,481.45999,478.82001,479.67001,145083
2026-07-27 10:39:00,481.41000,481.70999,480.5,480.90500,98334
2026-07-27 10:38:00,481.23001,483.49991,481.23001,481.62000,99369
2026-07-27 10:37:00,480.97000,481.38000,479.55679,481.23001,239740
2026-07-27 10:36:00,483.62000,483.67999,480.64999,481.0050049,147094
2026-07-27 10:35:00,483.36121,483.75,481.56000,483.51999,144364
2026-07-27 10:34:00,484.84000,484.84000,483.31,483.41000,112838
2026-07-27 10:33:00,485.73001,486.35989,484.81000,484.81000,88530
2026-07-27 10:32:00,485.64700,486.45,484.60001,485.73001,121413
2026-07-27 10:31:00,485.31000,486.85001,485,485.79001,105155
2026-07-27 10:30:00,485.19501,486.34000,484.12970,485.48999,125232
2026-07-27 10:29:00,486.18500,486.63000,484.6875,485.19000,194417
2026-07-27 10:28:00,487.51999,487.75500,486,486.020111,136811
2026-07-27 10:27:00,488.25,488.73001,487.029999,487.60501,153497
2026-07-27 10:26:00,487.89999,488.85001,487.17999,488.029999,165865
2026-07-27 10:25:00,488.91000,489.12,487.45,487.89999,124055
2026-07-27 10:24:00,489.079987,490.19989,487.82001,488.98001,133362
2026-07-27 10:23:00,490.88000,491.98990,488.91000,489.059998,199521
2026-07-27 10:22:00,491.23001,491.98499,490.29999,490.73999,143671
2026-07-27 10:21:00,491.10999,493.099915,490.88000,491.23001,164751
2026-07-27 10:20:00,494.81500,495.29999,491.17001,491.17001,145838
2026-07-27 10:19:00,494.64999,495.95990,494.29501,494.84000,87830
2026-07-27 10:18:00,493.92999,495.32999,493.67001,494.26001,105652
2026-07-27 10:17:00,496.089996,496.26001,493.67999,494,142420
2026-07-27 10:16:00,497,498.059998,495.29999,496.20999,97627
2026-07-27 10:15:00,496.39999,498.41000,496.20001,496.89499,124995
2026-07-27 10:14:00,496.98999,498.15500,496.39999,496.52499,95456
2026-07-27 10:13:00,498.875,499.51501,496.22000,496.67001,127911
2026-07-27 10:12:00,498.90500,499.93530,498.39001,498.73569,83926
2026-07-27 10:11:00,500.19009,500.81000,498.010010,498.90500,142334
2026-07-27 10:10:00,503.16501,503.33,499.68381,500.5,129968
2026-07-27 10:09:00,502.92001,504.20001,502.76001,503.16501,73420
2026-07-27 10:08:00,502.77759,503.52261,501.5,502.92001,99235
2026-07-27 10:07:00,501.70001,503.036285,501.040009,502.59000,89738
2026-07-27 10:06:00,501.44000,501.78000,500.64001,501.34500,62669
2026-07-27 10:05:00,502.60001,503.73001,501.32001,501.47501,103998
2026-07-27 10:04:00,500.20001,502.51999,499.57999,502.45999,130206
2026-07-27 10:03:00,502.19000,502.53000,499.5,500,257503
2026-07-27 10:02:00,502.80499,503.5,501.77,502.27991,153878
2026-07-27 10:01:00,505.60001,505.60001,502.54001,502.91000,123307
2026-07-27 10:00:00,504.57001,505.83,503.63000,505.48001,144954
2026-07-27 09:59:00,504.44000,505.44,503.5,504.29941,133297
2026-07-27 09:58:00,506.39999,506.39999,504.12,504.27499,181739
2026-07-27 09:57:00,507.41000,507.54501,506,506.32001,108657
2026-07-27 09:56:00,507.93500,507.98999,506.16010,507.17001,117960
2026-07-27 09:55:00,508.60001,508.97,507.5,508.28000,79473
2026-07-27 09:54:00,510.061188,510.88000,508.50009,509.24789,64698
2026-07-27 09:53:00,508.85001,510.14001,507.73999,509.34000,68046
2026-07-27 09:52:00,510.36499,511.59320,508.89999,509.054993,128519
2026-07-27 09:51:00,509.20001,510.64999,508.059998,510.36499,86111
2026-07-27 09:50:00,507.31500,509.5,505.29999,509.34250,194789
2026-07-27 09:49:00,508.97000,509.91,507,507.10501,107152
2026-07-27 09:48:00,508.079987,509.43991,507.37000,508.97000,84493
2026-07-27 09:47:00,508.57999,509.59991,506.69220,508.33499,95989
2026-07-27 09:46:00,508.20499,510.50931,507.35001,508.49500,146360
2026-07-27 09:45:00,507.34000,508.66,506.26,508.18500,162979
2026-07-27 09:44:00,506.875,508.20001,506.63000,507.079987,168479
2026-07-27 09:43:00,509.51999,510.14999,506.29001,506.56329,164227
2026-07-27 09:42:00,513,514.64990,509.51001,509.75500,175996
2026-07-27 09:41:00,513.83002,514.57990,512.20001,513.44849,119339
2026-07-27 09:40:00,517.37982,518.22498,513.29,513.88000,112590
2026-07-27 09:39:00,515.25,517.45502,514.20007,517.28003,127104
2026-07-27 09:38:00,522.15997,522.99988,515.20001,515.20001,180356
2026-07-27 09:37:00,524.64081,525.35999,521,522.46997,109861
2026-07-27 09:36:00,525.38000,526.69000,523.34009,524.5,91705
2026-07-27 09:35:00,521.84003,525.53003,521.31500,525.24500,108790
2026-07-27 09:34:00,520.97998,522.57001,520.5,521.84003,111959
2026-07-27 09:33:00,521.32001,522.58801,519.70001,521.4375,188406
2026-07-27 09:32:00,524.21503,528,521.16998,521.29999,135128
2026-07-27 09:31:00,522.53998,524.62000,519.59998,524.21997,135573
2026-07-27 09:30:00,527.50500,527.57001,519.53,522.54498,983073
2026-07-24 15:59:00,520.56000,522.84998,519.57001,522.030029,613607
2026-07-24 15:58:00,520.59003,520.95001,520.34003,520.56000,167344
2026-07-24 15:57:00,519.875,521,519.80499,520.71002,172341
2026-07-24 15:56:00,519.27002,520.21002,518.84998,520.11719,181237
2026-07-24 15:55:00,522.28003,522.5,519.28,519.32001,246339
2026-07-24 15:54:00,520.76880,522.35999,520.38000,521.86499,146494
2026-07-24 15:53:00,521.55499,521.59998,520.21997,520.67999,102370
2026-07-24 15:52:00,521.79999,521.90991,521.13000,521.70001,61811
2026-07-24 15:51:00,521.26001,522.28998,520.71997,521.75500,70200
2026-07-24 15:50:00,524.15503,524.62,521.27002,521.27002,221635
2026-07-24 15:49:00,522.90002,524.32990,522.34,524.010010,58908
2026-07-24 15:48:00,523.070007,523.57001,522.77002,522.91998,41027
2026-07-24 15:47:00,522.28003,523.28003,522.21,523.025024,53815
2026-07-24 15:46:00,521.90997,522.53,521.79,522.28003,46636
2026-07-24 15:45:00,523.015015,523.37000,521.92242,522.080017,59880
2026-07-24 15:44:00,522.28650,523.14001,522.030029,522.98999,41173
2026-07-24 15:43:00,521.34998,522.35828,520.81000,522.038879,65275
2026-07-24 15:42:00,521.84003,522.315,521.01,521.38000,57120
2026-07-24 15:41:00,521.88000,522.26501,521.20001,521.84003,46022
2026-07-24 15:40:00,522.26001,522.6,521.62012,521.87000,56719
2026-07-24 15:39:00,523.79999,524.050415,521.96997,522.23499,45265
2026-07-24 15:38:00,523.27002,523.98,522.88501,523.69000,26570
2026-07-24 15:37:00,522.59998,523.85999,522.59998,523.28998,37089
2026-07-24 15:36:00,523.17999,523.575,522.21289,522.44000,39395
2026-07-24 15:35:00,523.88000,523.88000,522.21997,523.34003,73712
2026-07-24 15:34:00,524.19000,524.61,523.33002,523.34003,42628
2026-07-24 15:33:00,524,524.63989,523.69,524.22998,36831
2026-07-24 15:32:00,522.87000,524.64001,522.87000,524.26501,66384
2026-07-24 15:31:00,522.94501,524.18,522.65,523.22498,66402
2026-07-24 15:30:00,522.62000,523.70001,522.39,523.12329,66589
2026-07-24 15:29:00,522.98999,523.5,522.40009,522.62750,47797
2026-07-24 15:28:00,521.83002,522.99988,521.78497,522.98999,36225
2026-07-24 15:27:00,520.96002,522.28003,520.95001,521.81281,67102
2026-07-24 15:26:00,520.21002,521.03,520.090088,520.70502,44765
2026-07-24 15:25:00,520.33002,520.42,519.20007,520.21002,40907
2026-07-24 15:24:00,521.34003,521.68,519.70001,520.21002,51648
2026-07-24 15:23:00,521.5,522.21143,521,521.51501,33705
2026-07-24 15:22:00,520.98999,522.18762,520.96997,521.53699,51869
2026-07-24 15:21:00,520.625,521.47992,520.080017,521.15997,52906
2026-07-24 15:20:00,520.47998,521,519.88000,520.69000,53017
2026-07-24 15:19:00,519.90009,520.73999,519.73010,520.47998,37932
2026-07-24 15:18:00,520.47498,520.86902,519.80011,520.049988,33904
2026-07-24 15:17:00,520.030029,520.92188,519.96002,520.63000,40122
2026-07-24 15:16:00,519,519.90997,518.010010,519.81500,103598
2026-07-24 15:15:00,519.65002,520.15002,518.84,519.17999,93711
2026-07-24 15:14:00,520.26001,520.53992,519.65002,519.80499,28875
2026-07-24 15:13:00,520.69501,520.71997,519.72998,520.50049,56296
2026-07-24 15:12:00,520.67999,521.75189,520.66498,520.88000,55692
2026-07-24 15:11:00,520,520.88989,519.77002,520.5,35148
2026-07-24 15:10:00,520.29498,521.059998,519.79999,520.090027,88777
2026-07-24 15:09:00,521.22998,521.69000,520.049988,520.32001,49507
2026-07-24 15:08:00,521.39502,521.78998,520.59998,521.22998,55675
2026-07-24 15:07:00,523.46997,523.78998,521,521.48999,157688
2026-07-24 15:06:00,524.75,525.47992,523.070007,523.46002,43548
2026-07-24 15:05:00,523.82501,524.78,523.039978,524.57001,42307
2026-07-24 15:04:00,523.90997,524.89990,523.65997,523.82501,19925
2026-07-24 15:03:00,523.44000,524.093201,523,523.91998,39959
2026-07-24 15:02:00,524.59497,524.69,523,523.44000,29407
2026-07-24 15:01:00,524.89502,526.40002,524.26001,524.26001,34823
2026-07-24 15:00:00,525.28998,525.85199,524.10681,525.010010,46205
2026-07-24 14:59:00,525.51001,525.71002,524.78,525.010010,43643
2026-07-24 14:58:00,526.15479,526.20001,524.72998,525.42499,39553
2026-07-24 14:57:00,526.625,526.96991,526,526.022888,61021
2026-07-24 14:56:00,526.070007,526.84497,525.62079,526.56000,37466
2026-07-24 14:55:00,525.020020,526.070007,524.84998,526,34671
2026-07-24 14:54:00,526.0050049,526.1,524.57001,525.51001,36596
2026-07-24 14:53:00,526.034973,526.32001,525.65002,525.88000,30850
2026-07-24 14:52:00,526,526.68030,525.40002,526.28918,28740
2026-07-24 14:51:00,524.71002,526.56653,524.71002,525.84998,28037
2026-07-24 14:50:00,525.51001,526.23999,524.54999,524.58002,44889
2026-07-24 14:49:00,526.065002,526.065002,524.89001,525.15503,30841
2026-07-24 14:48:00,526.73999,526.83002,525.42999,525.96503,114493
2026-07-24 14:47:00,526.00012207,526.71997,525.45001,526.53998,41154
2026-07-24 14:46:00,525.5,526.75,525.43011,526.24500,61083
2026-07-24 14:45:00,523.72498,525.46832,523.10999,525.17999,100844
2026-07-24 14:44:00,522.73999,524.35999,522.70001,523.72498,48950
2026-07-24 14:43:00,522.32001,523.34003,522.16010,522.60010,45229
2026-07-24 14:42:00,522.16998,522.59003,521.79999,522.16998,32577
2026-07-24 14:41:00,522.22998,522.81000,521.25,522.32001,66569
2026-07-24 14:40:00,523.44000,523.82898,522,522.25,58949
2026-07-24 14:39:00,524.52002,524.67999,523.039978,523.52002,64275
2026-07-24 14:38:00,524.375,524.86951,524.10797,524.52002,27212
2026-07-24 14:37:00,524.87000,524.97998,524.059998,524.44000,38547
2026-07-24 14:36:00,523.84497,525.44,523.70001,524.64001,92254
2026-07-24 14:35:00,524.71948,524.96997,523.58002,523.84497,64705
2026-07-24 14:34:00,524.66998,525.099976,524.35498,524.89001,48161
2026-07-24 14:33:00,524.90509,525.68988,524.5,524.72998,35762
2026-07-24 14:32:00,524.94000,525.32001,524.59998,524.90503,36464
2026-07-24 14:31:00,526.44000,526.44000,524.53210,524.91498,98831
2026-07-24 14:30:00,526.73999,527.13000,526.099976,526.68390,55772
2026-07-24 14:29:00,526.84497,527.79950,526.59998,526.63000,61982
2026-07-24 14:28:00,526.96997,527.20117,526.62000,526.78998,34424
2026-07-24 14:27:00,526.52002,527.24988,526.42999,526.96997,38604
2026-07-24 14:26:00,527.59497,527.79993,526.46729,526.77039,72773
2026-07-24 14:25:00,528.015015,528.015015,527.35999,527.67499,44022
2026-07-24 14:24:00,528.5,528.97998,527.80011,527.94000,34570
2026-07-24 14:23:00,528.72998,528.93,527.64001,528.53717,44684
2026-07-24 14:22:00,528.79999,529.26001,528.45,528.76001,25206
2026-07-24 14:21:00,528.70502,529.18,528.35,528.71503,38871
2026-07-24 14:20:00,528.90997,529.083008,528.30011,528.89423,46919
2026-07-24 14:19:00,530.30499,530.37,528.71008,529.039978,96347
2026-07-24 14:18:00,530.00012207,530.49988,529.90997,530.15997,22181
2026-07-24 14:17:00,530,530.54,529.78149,530.28998,14267
2026-07-24 14:16:00,530.34998,530.53998,529.96997,530.11499,24848
2026-07-24 14:15:00,530,530.5,529.84003,530.34998,18893
2026-07-24 14:14:00,530.15002,530.72998,529.65997,530.20001,36902
2026-07-24 14:13:00,530.52002,531,529.89221,530.21997,22448
2026-07-24 14:12:00,530.085022,530.69012,529.79999,530.69012,31717
2026-07-24 14:11:00,530.41998,530.66998,530.12000,530.13000,19113
2026-07-24 14:10:00,530.90002,531.034973,530.12000,530.66998,25901
2026-07-24 14:09:00,531.25500,531.54,530.36011,530.69458,20738
2026-07-24 14:08:00,530.54700,531.4,530.35999,531.041992,17331
2026-07-24 14:07:00,530.70001,531.20001,530.38000,530.71002,39360
2026-07-24 14:06:00,531.94250,532.27002,530.20007,530.46997,48232
2026-07-24 14:05:00,532.039978,532.20441,531.66998,531.99500,27455
2026-07-24 14:04:00,532.020020,532.36,531.98,532.11340,11803
2026-07-24 14:03:00,532.69000,533.051025,531.72009,532.085022,21635
2026-07-24 14:02:00,531.81000,532.68,531.54999,532.43500,16799
2026-07-24 14:01:00,532.84998,533.029480,531.65997,532.18011,26640
2026-07-24 14:00:00,532.29999,532.70990,532,532.62000,35802
2026-07-24 13:59:00,532.57001,532.83990,532.31012,532.62000,13754
2026-07-24 13:58:00,532.84003,533.10498,532.22998,532.77521,31091
2026-07-24 13:57:00,533.40009,533.65002,532.71002,532.84497,16411
2026-07-24 13:56:00,533.65997,533.99432,533.53998,533.75500,13899
2026-07-24 13:55:00,534.10999,534.65002,533.40002,533.65002,21316
2026-07-24 13:54:00,533.93500,534.070007,533.5,533.86499,17160
2026-07-24 13:53:00,534.25,534.5,533.68103,534.010010,11086
2026-07-24 13:52:00,533.60999,534.15991,533.34998,534.030029,14599
2026-07-24 13:51:00,534.37000,534.64001,533.50098,533.67999,24885
2026-07-24 13:50:00,533.64001,534.35999,532.72778,534.090027,31962
2026-07-24 13:49:00,532.78003,533.75,532.60999,533.52502,26316
2026-07-24 13:48:00,532.38501,533,532.049988,532.85999,22075
2026-07-24 13:47:00,532.76001,533,532.21997,532.38501,22744
2026-07-24 13:46:00,531.95697,532.95990,531.80267,532.75500,14688
2026-07-24 13:45:00,532.76001,532.79,531.64001,531.92999,32511
2026-07-24 13:44:00,533.76172,534.20990,532.79999,533,30088
2026-07-24 13:43:00,533.15002,533.64502,532.95001,533.62000,21238
2026-07-24 13:42:00,533.35999,533.35999,532.65997,533.054993,32657
2026-07-24 13:41:00,534.29999,534.33002,533.21997,533.35999,21469
2026-07-24 13:40:00,534.37000,534.46002,533.53998,534.35498,37992
2026-07-24 13:39:00,535.13000,535.36,534.46503,534.46503,19504
2026-07-24 13:38:00,535.71002,535.79999,535.030029,535.76990,26282
2026-07-24 13:37:00,536.23218,536.23218,535.16998,535.57501,21634
2026-07-24 13:36:00,536.94000,536.94000,536.17,536.34003,21048
2026-07-24 13:35:00,536.84998,537.09,536.48499,536.74500,24198
2026-07-24 13:34:00,536.35181,537.079529,536.35181,536.875,33412
2026-07-24 13:33:00,535.5,536.87988,535.27002,536.87000,29143
2026-07-24 13:32:00,535.88000,536.039978,535.21997,535.5,17797
2026-07-24 13:31:00,535.89001,536,535.56000,535.85999,15274
2026-07-24 13:30:00,536.20001,536.64001,535.29999,536.10999,31895
2026-07-24 13:29:00,536.21002,536.21002,535.63000,536.044983,17761
2026-07-24 13:28:00,535.90002,536.41998,535.71002,536.21002,21976
2026-07-24 13:27:00,535.53497,536.02,535.27002,535.97998,25116
2026-07-24 13:26:00,534.72998,535.75,534.72998,535.53497,20775
2026-07-24 13:25:00,535,535.18451,534.049988,534.72998,22068
2026-07-24 13:24:00,533.91998,535.15997,533.67999,535.094971,16201
2026-07-24 13:23:00,533.78998,534.39990,533.5,533.69000,21297
2026-07-24 13:22:00,534.20020,534.38,533.60010,533.88013,21332
2026-07-24 13:21:00,534.53003,534.82990,534.29999,534.72992,24420
2026-07-24 13:20:00,534.59497,535.64990,534.50763,534.78998,31690
2026-07-24 13:19:00,534.23499,534.90991,533.93500,534.52002,30404
2026-07-24 13:18:00,533.81000,534.48999,533.19000,534.00012207,29852
2026-07-24 13:17:00,531.66998,533.84222,531.66998,533.70001,31893
2026-07-24 13:16:00,532.79999,532.79999,531.59998,531.77502,32867
2026-07-24 13:15:00,532.61499,533.20001,532.34009,532.34009,23444
2026-07-24 13:14:00,533.080017,533.84998,532.52002,532.60999,29085
2026-07-24 13:13:00,533.045593,533.41998,532.61,533.10999,21281
2026-07-24 13:12:00,532.53998,533.20001,532.47998,532.89502,31576
2026-07-24 13:11:00,532.625,533.099976,531.80011,532.26001,39933
2026-07-24 13:10:00,533,533.34253,531.51001,532.54999,39867
2026-07-24 13:09:00,532.90997,533.69,532.57001,533.38110,32397
2026-07-24 13:08:00,533.094971,533.78998,532.59003,533.18951,28923
2026-07-24 13:07:00,533.65009,534.28998,532.90002,532.90002,26058
2026-07-24 13:06:00,534.059998,534.49,532.78998,533.94000,69751
2026-07-24 13:05:00,533.89001,534.19000,533.32013,533.92499,22610
2026-07-24 13:04:00,534.20001,534.85999,533.77,534.21002,22973
2026-07-24 13:03:00,533.96503,534.58002,533.69000,534,34255
2026-07-24 13:02:00,533.29999,534.35999,533.15997,533.70001,28382
2026-07-24 13:01:00,534.53003,534.55,532.62000,533.31000,46645
2026-07-24 13:00:00,535.40997,535.87000,534.45001,534.67999,28082
2026-07-24 12:59:00,535.14008,535.93988,535.020020,535.44202,29376
2026-07-24 12:58:00,535.27161,536.41998,535.059998,535.14008,51938
2026-07-24 12:57:00,534.25500,535.53,534.25500,535.19501,44425
2026-07-24 12:56:00,533.59497,534.39001,533.59003,534.28998,34684
2026-07-24 12:55:00,532.20007,533.97998,532.10999,533.59998,47822
2026-07-24 12:54:00,532.67999,533.030029,532.46002,532.46002,32122
2026-07-24 12:53:00,532.89178,533.23999,532.52002,532.59930,27464
2026-07-24 12:52:00,532.81500,533.19940,532.58,532.76727,18975
2026-07-24 12:51:00,533.59998,534,532.25012,532.85498,37801
2026-07-24 12:50:00,533.5,533.59998,532.71997,533.43500,32449
2026-07-24 12:49:00,532.98999,533.66998,532.85010,533.48999,18353
2026-07-24 12:48:00,533.37000,533.74988,532.21002,533.099976,52552
2026-07-24 12:47:00,533.51001,534.40002,533.28632,533.66998,20963
2026-07-24 12:46:00,534.98999,535.16998,533.7,533.70001,28990
2026-07-24 12:45:00,534.099976,535.21997,533.84650,534.92999,46388
2026-07-24 12:44:00,534.35419,534.54999,533.44012,533.97998,31323
2026-07-24 12:43:00,534.30011,534.49,533.21,534.21002,29873
2026-07-24 12:42:00,535.020020,535.020020,533.90997,534.070007,22721
2026-07-24 12:41:00,533.56500,535.12988,533.12201,535.12988,36846
2026-07-24 12:40:00,534.62000,534.81000,533.35999,533.58002,40790
2026-07-24 12:39:00,534.14691,534.83612,533.80011,534.71973,42028
2026-07-24 12:38:00,535.41632,536.010010,534.10999,534.63989,76014
2026-07-24 12:37:00,535.95502,536.22528,535.36420,535.55499,33842
2026-07-24 12:36:00,536.44501,537.15002,535.66998,536.21997,34278
2026-07-24 12:35:00,536.59998,536.99951,536.099976,536.28998,31116
2026-07-24 12:34:00,537.59998,538.5,536.64001,537.099976,41411
2026-07-24 12:33:00,538.20001,538.44000,537.54742,537.88000,25913
2026-07-24 12:32:00,537.29999,538.15759,537.020020,537.625,36349
2026-07-24 12:31:00,538.046326,538.10999,536.60999,536.98999,61550
2026-07-24 12:30:00,538.65503,538.755,537.15002,537.78998,48177
2026-07-24 12:29:00,538.94000,539.25989,538.21820,538.71002,28404
2026-07-24 12:28:00,537.46997,538.94000,537.44000,538.94000,31648
2026-07-24 12:27:00,538.20001,538.53003,536.71997,537.34003,36235
2026-07-24 12:26:00,539.41498,539.71997,537.74707,538.21997,46895
2026-07-24 12:25:00,539.70001,539.70001,538.53003,539.36499,35045
2026-07-24 12:24:00,539.85999,540.35999,539.23999,539.78229,37611
2026-07-24 12:23:00,540.094971,540.69928,539.22998,540.14502,45854
2026-07-24 12:22:00,538.67999,540.34003,538.59998,540.21997,65613
2026-07-24 12:21:00,539.19000,539.31500,538,538.96503,42087
2026-07-24 12:20:00,537.96002,539.22998,537.73999,539,37199
2026-07-24 12:19:00,537.5,538.39001,537.37000,538.039978,40942
2026-07-24 12:18:00,536.61938,537.85,536.50012,537.59003,24629
2026-07-24 12:17:00,537.78998,537.78998,536.099976,536.78003,79398
2026-07-24 12:16:00,538.059998,538.074097,537.22009,537.62000,36531
2026-07-24 12:15:00,537.83002,538.78003,537.15570,537.84003,66602
2026-07-24 12:14:00,537.21997,538.15002,537.21002,537.90002,30910
2026-07-24 12:13:00,537.92059,537.95038,536.75012,537.29510,48976
2026-07-24 12:12:00,538.20001,539.30988,537.84998,538,39104
2026-07-24 12:11:00,539.78003,539.89990,538.049988,538.40002,53063
2026-07-24 12:10:00,538.47998,539.97961,538.39001,539.77002,38552
2026-07-24 12:09:00,538.85199,539.60992,538.32001,538.73999,53774
2026-07-24 12:08:00,539.34998,539.48999,538.24011,538.75,39963
2026-07-24 12:07:00,537.25989,539.47070,536.70062,539.44568,65123
2026-07-24 12:06:00,538.090027,538.75,536.8,537,50558
2026-07-24 12:05:00,537.28009,538.37000,537.12988,538.025024,70167
2026-07-24 12:04:00,537.19000,537.92999,537.07,537.51910,48850
2026-07-24 12:03:00,536.10999,537.12000,535.66998,537.0051880,42808
2026-07-24 12:02:00,536.051208,536.59998,535.65942,536.34497,39468
2026-07-24 12:01:00,535.88501,536.31989,535.52502,536.10999,42482
2026-07-24 12:00:00,536.94000,537.13000,535.72223,535.78998,57079
2026-07-24 11:59:00,537.31500,537.5,536.72998,537.14001,47720
2026-07-24 11:58:00,536.42999,537.48279,536.16901,537.32001,44037
2026-07-24 11:57:00,537.41998,537.75,536.020081,536.25500,61208
2026-07-24 11:56:00,535.98450,537.74988,535.26001,537.40002,60083
2026-07-24 11:55:00,534.059998,536.48993,534.059998,535.78998,61038
2026-07-24 11:54:00,533.75500,534.95001,533.59998,534.25500,100346
2026-07-24 11:53:00,532.78998,534.049988,532.28003,533.75,32539
2026-07-24 11:52:00,533,533.99988,532.95270,533.38000,35156
2026-07-24 11:51:00,532.94910,533.62000,532.19000,533.34998,38808
2026-07-24 11:50:00,531.88000,532.87,531.84497,532.73999,32781
2026-07-24 11:49:00,531.26001,532.24542,530.62000,531.71002,27200
2026-07-24 11:48:00,530.36499,531.67621,530.35999,531.63501,25926
2026-07-24 11:47:00,530.71997,531.30988,530,530.59003,36589
2026-07-24 11:46:00,531.12000,531.57001,530.76001,531.10999,29558
2026-07-24 11:45:00,530.58002,532.34851,530.23499,531.29993,43829
2026-07-24 11:44:00,529.67999,531.3,529.67999,530.64502,40077
2026-07-24 11:43:00,530.34497,530.84998,529.21002,530.40002,65230
2026-07-24 11:42:00,532.10999,532.75873,530.15997,530.21997,79406
2026-07-24 11:41:00,533.22498,533.42999,531.23999,531.84998,47030
2026-07-24 11:40:00,533.20001,534.10950,533.19000,533.28003,55980
2026-07-24 11:39:00,532.51501,533.66992,532.39001,533.52448,71819
2026-07-24 11:38:00,531.67999,532.78003,531.46997,532.39630,63606
2026-07-24 11:37:00,531.33002,531.75,529.71912,531.71997,38551
2026-07-24 11:36:00,531.5,531.79199,530.81012,531.0050049,21724
2026-07-24 11:35:00,530,531.59998,529.71,531.44250,29812
2026-07-24 11:34:00,530.96002,531.28003,529.79999,530,28470
2026-07-24 11:33:00,530.50500,531.12,529.90997,530.96002,30650
2026-07-24 11:32:00,530.63892,531.81000,529.70001,530.67999,49168
2026-07-24 11:31:00,528.51752,531.61377,528.48999,530.60681,51926
2026-07-24 11:30:00,527.79999,529.5,527.10999,528.72998,64804
2026-07-24 11:29:00,530.25842,530.58,527.51,528.31012,114764
2026-07-24 11:28:00,531.83002,532.37988,530.13000,530.13000,41855
2026-07-24 11:27:00,530.71002,532.34003,530.7,531.59998,32820
2026-07-24 11:26:00,532.45001,532.98999,530.75,530.84998,50867
2026-07-24 11:25:00,530.91998,532.79999,530.91998,532.22498,47570
2026-07-24 11:24:00,531.89001,531.98999,530.67999,531.054993,44236
2026-07-24 11:23:00,530.15997,532.35999,530.15997,531.33008,36325
2026-07-24 11:22:00,530.73999,531.15002,530.15997,530.16998,30567
2026-07-24 11:21:00,531.51501,532,530.58002,530.83002,35378
2026-07-24 11:20:00,530,532.2,529.94501,531.5,49065
2026-07-24 11:19:00,531.080017,532.72998,529.80499,530.50500,75712
2026-07-24 11:18:00,532.39001,533.15997,530.54999,531.20001,78408
2026-07-24 11:17:00,534.87000,535.72,532.22998,532.65503,55562
2026-07-24 11:16:00,536.43817,536.90002,534.54999,534.75,70261
2026-07-24 11:15:00,533.15503,537.13000,532.76007,536.41998,189683
2026-07-24 11:14:00,530.34003,533.57001,530.34003,533.38751,64869
2026-07-24 11:13:00,530.5,531.36,529.67999,530.54999,65676
2026-07-24 11:12:00,531.83002,532.90997,530.10010,530.66998,103124
2026-07-24 11:11:00,531.11499,534.49988,530.61011,531.60083,129929
2026-07-24 11:10:00,529.26001,531.85999,528.59998,530.78003,64199
2026-07-24 11:09:00,531.14990,531.90399,529.26,529.59998,61248
2026-07-24 11:08:00,530.70001,531.89001,530.38000,530.82501,50552
2026-07-24 11:07:00,529.23132,530.70001,528,530.70001,63591
2026-07-24 11:06:00,529.38000,530.14691,528.50659,529.46002,61425
2026-07-24 11:05:00,529.30499,530.17999,528.69000,529.51941,66672
2026-07-24 11:04:00,531.48999,532.07,529.12000,529.21881,70862
2026-07-24 11:03:00,531.20001,532.20258,530.58771,531.044983,47335
2026-07-24 11:02:00,530.33502,531.79993,529.73999,531.35999,55339
2026-07-24 11:01:00,531.34003,532.47992,530.010010,530.010010,145668
2026-07-24 11:00:00,529.82001,531.37000,528.099976,531.21997,90810
2026-07-24 10:59:00,529.71881,530.83002,529.060120,529.48999,90126
2026-07-24 10:58:00,528.55530,529.67041,527.16,529.65997,55607
2026-07-24 10:57:00,527.12000,529.094299,527.03,528.34497,60433
2026-07-24 10:56:00,526.19000,527.12,525.90002,527.068604,42712
2026-07-24 10:55:00,524.875,527,524.875,526.64178,43421
2026-07-24 10:54:00,524.94000,525.75671,523.73999,524.64008,29748
2026-07-24 10:53:00,522.82001,525.5,522.45,524.99500,54943
2026-07-24 10:52:00,524.31000,525.97998,522.5,522.76599,62314
2026-07-24 10:51:00,525.60999,526.38000,523.69000,524.14502,57125
2026-07-24 10:50:00,525,526.5,524.785,526.020020,69330
2026-07-24 10:49:00,521.88000,525.88000,521.88000,524.98999,70240
2026-07-24 10:48:00,521.76001,522.37000,521.36652,521.88000,26200
2026-07-24 10:47:00,522.99500,523.83643,521.46997,522.19989,41458
2026-07-24 10:46:00,521.79999,523.45001,521.28998,522.96002,176135
2026-07-24 10:45:00,522.72998,523,521.20001,522,38745
2026-07-24 10:44:00,522.20001,523.87640,522.16010,523.090027,63131
2026-07-24 10:43:00,521.18457,522.45502,521.099976,521.75,36011
2026-07-24 10:42:00,521.91998,523.031616,520.90002,521.25,50850
2026-07-24 10:41:00,521.75,523,520.90002,521.92999,70493
2026-07-24 10:40:00,522.78998,523.010010,521.23999,521.75,69889
