timestamp,Open,High,Low,Close,Volume
2026-08-11 15:59:00,599.070007,599.22998,598.46997,599.21002,163525
2026-08-11 15:58:00,599,599.20001,598.79999,599.080017,99153
2026-08-11 15:57:00,598.90997,599.049988,598.57001,598.96002,54836
2026-08-11 15:56:00,599.20001,599.23999,598.92999,598.92999,43183
2026-08-11 15:55:00,599.375,599.77002,599.081421,599.15002,47822
2026-08-11 15:54:00,599.28497,599.89001,598.51007,599.375,80221
2026-08-11 15:53:00,598.92999,599.59998,598.86499,599.28998,47710
2026-08-11 15:52:00,599.20001,599.31000,598.72998,599.020020,42249
2026-08-11 15:51:00,599.21002,599.34998,599,599.27002,35373
2026-08-11 15:50:00,600.27002,600.27002,599.17950,599.35999,49235
2026-08-11 15:49:00,600.030029,600.65,599.81000,600.36499,45039
2026-08-11 15:48:00,600.025024,600.26001,599.79999,600.090027,42880
2026-08-11 15:47:00,600.28998,600.42999,600.044983,600.044983,23344
2026-08-11 15:46:00,600.50250,600.60999,600.28998,600.29999,19508
2026-08-11 15:45:00,600.88000,600.95001,600.41998,600.47498,19041
2026-08-11 15:44:00,600.48999,600.82001,600.32001,600.82001,29709
2026-08-11 15:43:00,600.77002,600.89001,600.34998,600.45001,14567
2026-08-11 15:42:00,600.94501,600.96997,600.53998,600.71997,32561
2026-08-11 15:41:00,601.35498,601.47498,600.73999,600.96002,30052
2026-08-11 15:40:00,601.69000,601.69000,601.32068,601.40802,19271
2026-08-11 15:39:00,602.53003,602.53967,601.59003,601.69000,33543
2026-08-11 15:38:00,602.39001,602.66998,602.30408,602.53003,24329
2026-08-11 15:37:00,602.040100,602.4375,602.040100,602.35999,13994
2026-08-11 15:36:00,602.030029,602.15997,601.84003,602.070007,11873
2026-08-11 15:35:00,601.81500,602.099976,601.675,601.95502,17767
2026-08-11 15:34:00,602.030029,602.15002,601.76007,601.81500,24947
2026-08-11 15:33:00,601.62000,602.28003,601.62000,602.030029,24918
2026-08-11 15:32:00,601.74500,601.88000,601.63501,601.69000,16241
2026-08-11 15:31:00,601.31500,601.84998,601.25,601.74500,14246
2026-08-11 15:30:00,601.45001,601.62000,601.34,601.34998,21401
2026-08-11 15:29:00,601.29999,601.5,601.21002,601.41498,12283
2026-08-11 15:28:00,601.26501,601.35,601.11047,601.26001,13567
2026-08-11 15:27:00,601.31000,601.31000,601.12000,601.27002,16385
2026-08-11 15:26:00,600.94501,601.3,600.89001,601.29999,13378
2026-08-11 15:25:00,600.69000,601.010010,600.54999,600.94501,17385
2026-08-11 15:24:00,600.73779,600.80499,600.455,600.69000,17137
2026-08-11 15:23:00,600.64001,601.081726,600.60999,600.65997,20494
2026-08-11 15:22:00,601.13501,601.19989,600.54999,600.63000,24768
2026-08-11 15:21:00,601.23999,601.28998,601.059998,601.13000,7128
2026-08-11 15:20:00,600.96997,601.28,600.96997,601.23999,11675
2026-08-11 15:19:00,601.21503,601.39001,600.81000,600.89001,15824
2026-08-11 15:18:00,601.34003,601.34998,601.065002,601.21997,14131
2026-08-11 15:17:00,601.59998,601.77002,601.20099,601.34003,15160
2026-08-11 15:16:00,601.79999,601.88000,601.54999,601.64001,13217
2026-08-11 15:15:00,602.15997,602.15997,601.68500,601.79999,11178
2026-08-11 15:14:00,602.21997,602.27,602.02,602.15997,6419
2026-08-11 15:13:00,602.044983,602.18,601.77502,602.10498,18316
2026-08-11 15:12:00,602.13501,602.21973,601.92010,601.92010,15197
2026-08-11 15:11:00,601.98499,602.22998,601.96002,602.13501,14452
2026-08-11 15:10:00,602.17999,602.25238,601.90009,602.070007,10568
2026-08-11 15:09:00,601.97498,602.23859,601.70001,602.16998,14544
2026-08-11 15:08:00,601.65997,602.20502,601.52002,602.039978,12872
2026-08-11 15:07:00,602.25500,602.35999,601.46002,601.61652,64895
2026-08-11 15:06:00,602.44000,602.52002,602.205,602.25500,11092
2026-08-11 15:05:00,602.34998,602.42987,602.32,602.38501,5678
2026-08-11 15:04:00,601.98499,602.33002,601.835,602.33002,9788
2026-08-11 15:03:00,601.95001,602.049988,601.66998,601.98499,12274
2026-08-11 15:02:00,602.065002,602.26,601.90112,601.95001,16168
2026-08-11 15:01:00,601.65002,602.15,601.65002,601.89008,13827
2026-08-11 15:00:00,602.75,602.84,601.64008,601.72559,118239
2026-08-11 14:59:00,603.059998,603.059998,602.67999,602.82001,13404
2026-08-11 14:58:00,603.33502,603.33502,603.059998,603.059998,5960
2026-08-11 14:57:00,603.28998,603.47992,603.090027,603.38000,6135
2026-08-11 14:56:00,603.19501,603.28998,603.099976,603.22498,9227
2026-08-11 14:55:00,603.45502,603.5,603.010010,603.17999,9932
2026-08-11 14:54:00,603.18500,603.59998,603.18500,603.54993,9805
2026-08-11 14:53:00,603.34998,603.39752,603.15,603.28497,7950
2026-08-11 14:52:00,603.38037,603.38037,603.070007,603.32001,11276
2026-08-11 14:51:00,603.21997,603.42987,603.14001,603.32501,7987
2026-08-11 14:50:00,603.19000,603.30701,602.97998,603.27002,9720
2026-08-11 14:49:00,603.075012,603.29999,602.92999,603.21002,4453
2026-08-11 14:48:00,602.98999,603.090027,602.78271,603,7676
2026-08-11 14:47:00,602.98999,603.044983,602.91791,602.98999,8088
2026-08-11 14:46:00,602.82001,602.99,602.72998,602.87000,9005
2026-08-11 14:45:00,602.96997,603.0050049,602.77,602.88501,12075
2026-08-11 14:44:00,602.95001,602.98999,602.855,602.87000,5255
2026-08-11 14:43:00,602.85498,602.95001,602.77,602.95001,4813
2026-08-11 14:42:00,602.67499,602.85999,602.63,602.85950,7092
2026-08-11 14:41:00,602.81000,602.82202,602.55200,602.67499,6483
2026-08-11 14:40:00,602.70001,602.89502,602.64001,602.80499,5417
2026-08-11 14:39:00,603.015015,603.099915,602.58002,602.75500,11898
2026-08-11 14:38:00,603.12000,603.23999,602.98999,603.015015,6405
2026-08-11 14:37:00,602.88501,603.26501,602.87817,603.12000,8512
2026-08-11 14:36:00,602.96002,602.96002,602.64001,602.88501,7168
2026-08-11 14:35:00,602.72998,603.059998,602.72998,602.98999,10326
2026-08-11 14:34:00,602.78998,602.88989,602.66498,602.78009,6699
2026-08-11 14:33:00,602.76001,603,602.69012,602.79498,6898
2026-08-11 14:32:00,602.83002,602.98499,602.78497,602.78497,9447
2026-08-11 14:31:00,602.76990,602.90997,602.59528,602.79999,13952
2026-08-11 14:30:00,602.76001,602.83002,602.55011,602.65308,8242
2026-08-11 14:29:00,603.23999,603.27991,602.5,602.59998,27895
2026-08-11 14:28:00,603.125,603.29999,603.099976,603.23999,11712
2026-08-11 14:27:00,603.53271,603.53271,603.125,603.125,18185
2026-08-11 14:26:00,603.52600,603.63000,603.41,603.49048,11044
2026-08-11 14:25:00,603.23999,603.54999,603.14008,603.54999,17940
2026-08-11 14:24:00,603.69049,603.79999,602.90997,603.19000,29010
2026-08-11 14:23:00,603.70050,603.91,603.70001,603.78003,7554
2026-08-11 14:22:00,603.78497,603.86,603.44,603.68500,10728
2026-08-11 14:21:00,604.11499,604.17999,603.67999,603.90002,11137
2026-08-11 14:20:00,604.42999,604.52350,604.010010,604.049988,10767
2026-08-11 14:19:00,604.40997,604.60999,604.40997,604.53003,5049
2026-08-11 14:18:00,604.48999,604.66870,604.31000,604.39502,6725
2026-08-11 14:17:00,604.48999,604.53003,604.40997,604.40997,3829
2026-08-11 14:16:00,604.42499,604.51001,604.29102,604.42499,7176
2026-08-11 14:15:00,604.58002,604.69501,604.29712,604.42499,6380
2026-08-11 14:14:00,604.78998,604.97992,604.54041,604.57147,5172
2026-08-11 14:13:00,604.47498,604.73999,604.34,604.65002,15115
2026-08-11 14:12:00,604.16998,604.47,604.16998,604.46002,4083
2026-08-11 14:11:00,604.21503,604.26001,603.96997,604.24500,7786
2026-08-11 14:10:00,603.28998,604.27002,603.28,604.21503,22145
2026-08-11 14:09:00,603.18500,603.32013,602.79999,603.21997,26853
2026-08-11 14:08:00,603.22998,603.32001,603.020081,603.14502,8154
2026-08-11 14:07:00,603.44000,603.64709,603.21503,603.24902,10187
2026-08-11 14:06:00,603.95251,603.95251,603.41498,603.41498,11605
2026-08-11 14:05:00,604.12000,604.12,603.86499,603.99988,4962
2026-08-11 14:04:00,604,604.22998,603.88000,604.12000,4446
2026-08-11 14:03:00,604.17230,604.21997,603.98999,604.11499,6639
2026-08-11 14:02:00,604.070007,604.41998,603.90198,604.16998,4532
2026-08-11 14:01:00,603.84003,604.17999,603.69000,604.17499,9064
2026-08-11 14:00:00,604.31500,604.31500,603.74,603.86499,21236
2026-08-11 13:59:00,604.20001,604.40002,604.14001,604.21008,7125
2026-08-11 13:58:00,604.30511,604.41,604.12000,604.20001,5532
2026-08-11 13:57:00,604.41998,604.57501,604.21002,604.35498,7539
2026-08-11 13:56:00,604.75800,604.83948,604.475,604.65002,8394
2026-08-11 13:55:00,604.85498,604.90863,604.77,604.83502,5230
2026-08-11 13:54:00,605.034973,605.039978,604.77008,604.85999,5560
2026-08-11 13:53:00,604.96002,605.049988,604.81610,605.035095,5687
2026-08-11 13:52:00,604.79999,605.05,604.79999,605.039978,9127
2026-08-11 13:51:00,604.70502,604.81000,604.51001,604.78998,7981
2026-08-11 13:50:00,604.87000,604.95001,604.72,604.73999,6174
2026-08-11 13:49:00,605.22998,605.235,604.73999,604.75,10721
2026-08-11 13:48:00,605.22998,605.32001,605.14001,605.22998,7099
2026-08-11 13:47:00,605.24500,605.34003,605.14001,605.31000,6661
2026-08-11 13:46:00,605.21002,605.34991,605,605.31000,13047
2026-08-11 13:45:00,605.38501,605.48102,605.1,605.15503,10188
2026-08-11 13:44:00,605.060303,605.55,605.060303,605.33099,15088
2026-08-11 13:43:00,605.22998,605.29999,605.080017,605.15002,4971
2026-08-11 13:42:00,605.26001,605.77002,605.21,605.22998,16532
2026-08-11 13:41:00,604.79999,605.48999,604.79999,605.26001,7962
2026-08-11 13:40:00,604.98999,605.065002,604.74,604.80011,7401
2026-08-11 13:39:00,604.45001,605.23999,604.42999,604.97998,28893
2026-08-11 13:38:00,604.56000,604.745,604.45,604.5,5850
2026-08-11 13:37:00,605.57001,605.63000,604.45001,604.72498,17349
2026-08-11 13:36:00,605.26001,605.71002,605.15002,605.57001,14721
2026-08-11 13:35:00,604.84991,605.38000,604.81012,605.26001,18609
2026-08-11 13:34:00,604.66498,605,604.53003,604.90002,7875
2026-08-11 13:33:00,604.35999,604.65503,604.33832,604.65503,4230
2026-08-11 13:32:00,604.5,604.82990,604.36499,604.36499,5516
2026-08-11 13:31:00,604.76501,604.83002,604.47998,604.65002,9786
2026-08-11 13:30:00,604.56500,604.79999,604.5,604.76501,8823
2026-08-11 13:29:00,604.049988,604.61853,603.99,604.61853,13516
2026-08-11 13:28:00,603.96997,604.11108,603.9,603.97998,16908
2026-08-11 13:27:00,603.92999,604.054871,603.81000,603.96997,13071
2026-08-11 13:26:00,603.82001,603.92999,603.75,603.87000,6355
2026-08-11 13:25:00,603.79999,604.092529,603.76001,603.87000,7050
2026-08-11 13:24:00,603.63000,603.83002,603.40430,603.80499,9320
2026-08-11 13:23:00,603.50983,603.72,603.45001,603.58002,4748
2026-08-11 13:22:00,603.79999,603.84003,603.40472,603.46002,5822
2026-08-11 13:21:00,603.53003,603.97882,603.28003,603.76001,8497
2026-08-11 13:20:00,603.45001,603.65900,603.2,603.45001,7090
2026-08-11 13:19:00,604.15002,604.19989,603.23999,603.45001,12751
2026-08-11 13:18:00,603.83002,604.24,603.775,604.094299,7598
2026-08-11 13:17:00,603.71997,603.99988,603.59998,603.78247,19022
2026-08-11 13:16:00,603.31500,603.75897,603.13,603.75897,10005
2026-08-11 13:15:00,603.027283,603.41357,603,603.31500,18756
2026-08-11 13:14:00,603.42499,603.505,603,603,37453
2026-08-11 13:13:00,603.20001,603.33502,603,603.33502,36971
2026-08-11 13:12:00,603.32001,603.40002,603.20007,603.25,5492
2026-08-11 13:11:00,603.63922,603.64,603.375,603.52991,6699
2026-08-11 13:10:00,603.64001,603.76001,603.52002,603.625,5439
2026-08-11 13:09:00,603.57001,603.84003,603.31000,603.69000,17546
2026-08-11 13:08:00,603.48999,603.71490,603.4,603.55499,8864
2026-08-11 13:07:00,603.46069,603.63000,603.32001,603.5,6704
2026-08-11 13:06:00,603.080078,603.59998,603,603.56000,8841
2026-08-11 13:05:00,603.14001,603.29999,603.09,603.13000,5579
2026-08-11 13:04:00,603.83002,603.92,603.080017,603.080017,26231
2026-08-11 13:03:00,603.60028,603.83002,603.59998,603.83002,7817
2026-08-11 13:02:00,603.71997,603.91699,603.66498,603.66498,7490
2026-08-11 13:01:00,603.77002,603.85999,603.59998,603.68500,17912
2026-08-11 13:00:00,603.87762,603.93500,603.77,603.77002,8302
2026-08-11 12:59:00,603.81000,604.010010,603.77002,603.91901,10101
2026-08-11 12:58:00,603.94000,604.080017,603.77,603.84003,10282
2026-08-11 12:57:00,603.89001,603.935,603.79999,603.93500,6937
2026-08-11 12:56:00,603.79999,603.96,603.78003,603.89001,4782
2026-08-11 12:55:00,603.97498,604,603.72,603.78003,6655
2026-08-11 12:54:00,604.17798,604.27002,603.78998,603.96002,14315
2026-08-11 12:53:00,604.015015,604.44000,603.90997,604.19501,23889
2026-08-11 12:52:00,603.79498,604.15002,603.79498,603.97998,14788
2026-08-11 12:51:00,603.95587,603.95587,603.71,603.88000,15026
2026-08-11 12:50:00,603.82501,604.16333,603.81000,603.90057,17605
2026-08-11 12:49:00,603.83002,603.87,603.46442,603.82501,29152
2026-08-11 12:48:00,603.34003,603.59009,603.099976,603.59009,18093
2026-08-11 12:47:00,603.45001,603.48999,603.30908,603.32739,10249
2026-08-11 12:46:00,603.60999,603.72998,603.37000,603.40002,11133
2026-08-11 12:45:00,603.79498,603.88000,603.37000,603.60779,11290
2026-08-11 12:44:00,603.78003,603.87,603.52002,603.79498,18909
2026-08-11 12:43:00,603.85248,603.97998,603.75,603.78003,11515
2026-08-11 12:42:00,603.89661,603.91998,603.75,603.91998,3898
2026-08-11 12:41:00,603.87598,604.090027,603.75,603.85999,15870
2026-08-11 12:40:00,603.82001,604.15002,603.75500,603.81000,15428
2026-08-11 12:39:00,603.90997,603.99988,603.67999,603.90503,6867
2026-08-11 12:38:00,603.92999,604.10999,603.78040,603.99988,9962
2026-08-11 12:37:00,604.090027,604.16998,603.90002,604.049988,14558
2026-08-11 12:36:00,604,604.0089722,603.64001,603.97998,8686
2026-08-11 12:35:00,603.91998,604.11029,603.69,604.11029,11588
2026-08-11 12:34:00,603.66498,604.090027,603.65997,603.93500,14598
2026-08-11 12:33:00,603.69501,603.71002,603.29053,603.60999,11094
2026-08-11 12:32:00,603.72998,604.011719,603.59003,603.69501,19690
2026-08-11 12:31:00,604.52002,604.52002,603.59137,603.83002,22852
2026-08-11 12:30:00,604.75800,604.75800,604.26007,604.44501,13210
2026-08-11 12:29:00,604.080017,604.78003,604.080017,604.65002,7168
2026-08-11 12:28:00,604.00012207,604.3,604,604.19501,20720
2026-08-11 12:27:00,604.23999,604.34998,604.18500,604.18500,6657
2026-08-11 12:26:00,604.19000,604.34991,604,604.30499,30377
2026-08-11 12:25:00,604.77002,604.77002,604.039978,604.19501,18400
2026-08-11 12:24:00,605,605.030029,604.58002,604.79999,18125
2026-08-11 12:23:00,605.23749,605.25,605.039978,605.059998,5979
2026-08-11 12:22:00,605.10999,605.335,605.04,605.22998,10534
2026-08-11 12:21:00,604.90002,605.10999,604.90002,605.030029,6335
2026-08-11 12:20:00,605.12000,605.59003,604.92999,605.010010,15198
2026-08-11 12:19:00,605.19501,605.19501,604.84998,605.12000,17205
2026-08-11 12:18:00,605.55499,605.555,605.13000,605.29999,20190
2026-08-11 12:17:00,605.46002,605.77991,605.43500,605.47089,7776
2026-08-11 12:16:00,605.82001,605.82001,605.56000,605.57501,5808
2026-08-11 12:15:00,605.60193,605.79,605.42999,605.72498,7278
2026-08-11 12:14:00,605.63000,605.70227,605.41998,605.62000,12534
2026-08-11 12:13:00,605.68719,606.06,605.52002,605.59698,13263
2026-08-11 12:12:00,605.73999,606.049927,605.65997,605.78497,8688
2026-08-11 12:11:00,606.044983,606.049927,605.71997,605.78003,11457
2026-08-11 12:10:00,606.70502,606.71002,606.030029,606.030029,10894
2026-08-11 12:09:00,606.50500,606.84998,606.42010,606.65997,16704
2026-08-11 12:08:00,606.65002,606.75,606.35010,606.48999,14517
2026-08-11 12:07:00,605.65503,606.76990,605.655,606.65009,14972
2026-08-11 12:06:00,605.76001,605.76001,605.5,605.64001,8047
2026-08-11 12:05:00,606.054993,606.18951,605.76001,605.76001,17973
2026-08-11 12:04:00,605.79120,606.40997,605.78998,605.91998,18674
2026-08-11 12:03:00,605.14502,606.10999,605.020081,605.79498,35424
2026-08-11 12:02:00,605.47998,605.72998,604.90002,605.27002,13866
2026-08-11 12:01:00,605.95001,605.95001,605.33002,605.47998,9443
2026-08-11 12:00:00,605.59497,606.090027,605.58,606.030029,17798
2026-08-11 11:59:00,605.25500,605.71002,605.25500,605.35010,9681
2026-08-11 11:58:00,605.21997,605.34003,605.08,605.25500,35766
2026-08-11 11:57:00,605.45001,605.5,605.26,605.37000,17770
2026-08-11 11:56:00,605.39502,605.5,604.82001,605.39001,38089
2026-08-11 11:55:00,605.065002,605.5,605,605.39502,10071
2026-08-11 11:54:00,605.46997,605.54993,604.82001,605.065002,23459
2026-08-11 11:53:00,605.77808,605.85999,605.46997,605.55499,12994
2026-08-11 11:52:00,605.76001,605.81,605.62000,605.77002,9957
2026-08-11 11:51:00,605.66998,605.89001,605.56012,605.84998,8361
2026-08-11 11:50:00,605.54999,605.78998,605.34998,605.77002,16254
2026-08-11 11:49:00,605.54999,605.70001,605.33502,605.67999,11680
2026-08-11 11:48:00,605.46002,605.78998,605.28998,605.76001,17363
2026-08-11 11:47:00,605.66998,605.81927,605.40997,605.46002,16740
2026-08-11 11:46:00,605.95801,605.95801,605.39008,605.39008,15943
2026-08-11 11:45:00,606,606.073120,605.62000,605.86829,20902
2026-08-11 11:44:00,605.65002,606.010010,605.53998,606.010010,15691
2026-08-11 11:43:00,606.0050049,606.25989,605.25,605.65002,62034
2026-08-11 11:42:00,606.32001,606.375,605.91998,605.91998,13218
2026-08-11 11:41:00,606.42511,606.49988,606.17999,606.32001,19525
2026-08-11 11:40:00,606.62000,606.77002,606.20490,606.31000,17112
2026-08-11 11:39:00,606.71997,606.99988,606.40997,606.63000,18152
2026-08-11 11:38:00,606.66992,607,606.38037,606.71997,13694
2026-08-11 11:37:00,606.32001,606.88989,605.57001,606.57001,28185
2026-08-11 11:36:00,606.20001,606.8,606.099976,606.21002,33633
2026-08-11 11:35:00,607.67499,607.92999,606.37000,606.375,54533
2026-08-11 11:34:00,608.63000,608.63000,607.59998,607.67499,45526
2026-08-11 11:33:00,609.039978,609.15002,608.5,608.625,28605
2026-08-11 11:32:00,609,609.049927,608,608.92999,76873
2026-08-11 11:31:00,609.0050049,609.28992,608.88000,609.075012,16080
2026-08-11 11:30:00,609.49500,609.69000,608.90997,608.97998,25369
2026-08-11 11:29:00,610.36499,610.5,609.49500,609.49500,38120
2026-08-11 11:28:00,610.20502,610.52002,609.92010,610.29999,24395
2026-08-11 11:27:00,610.70001,610.96997,610.13000,610.14728,20068
2026-08-11 11:26:00,610.54498,610.91998,610.18109,610.76501,21579
2026-08-11 11:25:00,610.15997,610.61,609.96997,610.54749,27298
2026-08-11 11:24:00,610.59003,610.73999,609.75,610.094971,25441
2026-08-11 11:23:00,610.11249,610.57001,609.67999,610.48431,42937
2026-08-11 11:22:00,609.85999,610.58002,609.71997,610.070007,58274
2026-08-11 11:21:00,608.97498,609.85999,608.97498,609.83002,28267
2026-08-11 11:20:00,608.21002,609.06,608.19000,608.96002,24951
2026-08-11 11:19:00,607.81500,608.34003,607.48138,608.21002,19880
2026-08-11 11:18:00,607.36499,608,607.36499,607.78998,26278
2026-08-11 11:17:00,607.35999,607.45001,606.89001,607.36499,22125
2026-08-11 11:16:00,606.98999,607.54498,606.90997,607.47498,24415
2026-08-11 11:15:00,606.60999,607.049988,606.37012,606.90002,30937
2026-08-11 11:14:00,606.83002,606.90997,606.40997,606.59003,25003
2026-08-11 11:13:00,606.70001,607.30499,606.67999,606.83002,24435
2026-08-11 11:12:00,606.99500,607.56000,606.53998,606.77002,33605
2026-08-11 11:11:00,606.77502,607.24988,606.15997,606.99500,43545
2026-08-11 11:10:00,607.33002,607.375,606.65002,606.76501,27079
2026-08-11 11:09:00,607.72498,607.81000,607.35999,607.35999,17840
2026-08-11 11:08:00,607.26501,607.83502,607.14001,607.72498,24374
2026-08-11 11:07:00,607.60498,607.94000,607.020020,607.26501,69255
2026-08-11 11:06:00,608.91998,608.91998,607.5,607.59998,57910
2026-08-11 11:05:00,608.21997,609.21991,608.20551,608.91498,31388
2026-08-11 11:04:00,609.90002,609.95990,608.14001,608.28003,39748
2026-08-11 11:03:00,609.95001,610.29,609.83502,609.88000,28941
2026-08-11 11:02:00,610.61499,610.73993,609.75122,609.95312,29631
2026-08-11 11:01:00,610.34998,610.73462,609.98499,610.63000,28671
2026-08-11 11:00:00,609.64502,610.49988,609.51,610.29999,31896
2026-08-11 10:59:00,609.73999,609.79993,609.53003,609.64001,18812
2026-08-11 10:58:00,609.55298,610.16998,609.49,609.66998,26922
2026-08-11 10:57:00,609.91998,610.039612,609.27588,609.76001,14692
2026-08-11 10:56:00,610.60999,610.84998,609.79999,609.89069,35174
2026-08-11 10:55:00,609.84991,610.66992,609.76239,610.49152,53721
2026-08-11 10:54:00,610.28003,610.28003,609.22009,609.88000,21957
2026-08-11 10:53:00,610.29102,610.66998,610.14001,610.15997,27843
2026-08-11 10:52:00,610.41498,610.51740,610.14001,610.38373,21148
2026-08-11 10:51:00,610.36499,610.56000,609.84003,610.41498,31266
2026-08-11 10:50:00,610.40002,610.58002,609.65997,610.36499,27861
2026-08-11 10:49:00,610.95239,611.42999,610.094482,610.40002,43343
2026-08-11 10:48:00,610.73999,611.41998,610.62677,610.85999,64111
2026-08-11 10:47:00,610.74988,611.28998,610.17297,610.83002,53600
2026-08-11 10:46:00,609.77002,610.84998,609.77002,610.67999,43811
2026-08-11 10:45:00,608.65002,609.98999,608.54,609.84003,20586
2026-08-11 10:44:00,608.93500,609.13000,608.42999,608.42999,29470
2026-08-11 10:43:00,609.054993,609.37000,608.76001,608.89862,22302
2026-08-11 10:42:00,608.63501,609.11,608.40997,609.054993,28582
2026-08-11 10:41:00,608.82501,608.98,608.40002,608.63501,40456
2026-08-11 10:40:00,609.20001,609.95001,608.76001,608.80548,46796
2026-08-11 10:39:00,609.040100,609.3,608.82001,609.125,24467
2026-08-11 10:38:00,609.046326,609.34003,608.96002,609.040100,21376
2026-08-11 10:37:00,609.13000,609.57001,608.79999,609.11499,37726
2026-08-11 10:36:00,608.67029,609.59998,608.67029,609.19000,30738
2026-08-11 10:35:00,609.32001,609.32001,608.68,608.73499,18156
2026-08-11 10:34:00,609.59998,609.74988,609.2,609.23999,24022
2026-08-11 10:33:00,608.71002,609.43,608.48999,609.42499,25019
2026-08-11 10:32:00,609.58002,609.76001,608.70001,608.79999,23996
2026-08-11 10:31:00,609.73999,609.82001,609.030396,609.44000,26959
2026-08-11 10:30:00,609.29999,610.19000,608.90503,609.84003,67102
2026-08-11 10:29:00,609.52002,609.59998,608.5,609.21002,29212
2026-08-11 10:28:00,609,609.5,608.65997,609.32001,30324
2026-08-11 10:27:00,608.66998,609.44000,608.65002,608.99951,46894
2026-08-11 10:26:00,609.37000,610.19000,608.57013,608.65997,59863
2026-08-11 10:25:00,608.65002,609.42987,608.40002,609.36499,46530
2026-08-11 10:24:00,609.23999,609.66998,608.5,608.53003,53257
2026-08-11 10:23:00,609.65997,610.19000,608.39001,609.23999,85852
2026-08-11 10:22:00,611.11499,611.17999,609.59998,609.60498,55015
2026-08-11 10:21:00,611.64001,611.87,610.83002,611.080017,55765
2026-08-11 10:20:00,611.59003,612.37000,611.17999,611.68671,59083
2026-08-11 10:19:00,611.62000,612.17987,610.81000,611.96997,79780
2026-08-11 10:18:00,610.19501,612.41998,609.64001,611.63000,169267
2026-08-11 10:17:00,611.58002,611.65991,610.12,610.28497,89922
2026-08-11 10:16:00,611.75,612.19000,611.25,611.58002,149109
2026-08-11 10:15:00,609.5,611.89990,609.25012,611.79498,107398
2026-08-11 10:14:00,609.025024,610.10999,608.88000,609.5,128620
2026-08-11 10:13:00,607.61121,609.39990,607.59998,609.025085,62813
2026-08-11 10:12:00,608.030029,608.37000,607.37000,607.71002,54529
2026-08-11 10:11:00,609.039978,609.32990,607.65002,608.030029,69288
2026-08-11 10:10:00,609.15997,609.87988,608.82001,609.14001,104029
2026-08-11 10:09:00,608.72998,609.56000,607.5,609.25,86494
2026-08-11 10:08:00,609.42999,609.59003,608.27002,608.58502,109754
2026-08-11 10:07:00,608.21503,609.42999,607.98999,609.28998,101973
2026-08-11 10:06:00,607.70752,608.59998,607.395,607.94000,100730
2026-08-11 10:05:00,607.46997,607.88501,606.72009,607.39001,99621
2026-08-11 10:04:00,606.81500,607.5,606.34998,607.5,87418
2026-08-11 10:03:00,606.10999,607.40002,606,606.82001,100509
2026-08-11 10:02:00,605.28998,606.89001,604.69000,606.22498,85625
2026-08-11 10:01:00,604.76501,605.47998,604.38000,605.18500,82158
2026-08-11 10:00:00,602.66998,604.99,602.66998,604.83002,76596
2026-08-11 09:59:00,602.90997,603.29999,602.20001,602.66998,35781
2026-08-11 09:58:00,600.98993,603.46997,600.85999,602.93500,98419
2026-08-11 09:57:00,600.16998,600.90002,599.95001,600.90002,42909
2026-08-11 09:56:00,599.70502,600.84003,599.60309,600.31000,81045
2026-08-11 09:55:00,598.41998,599.79999,598.21002,599.64001,66349
2026-08-11 09:54:00,598.059998,598.65002,597.57001,598.46997,25740
2026-08-11 09:53:00,596.37000,598.11,596.23,598,29494
2026-08-11 09:52:00,595.17010,596.73779,594.79999,596.65002,17298
2026-08-11 09:51:00,595.13000,595.4,594.53003,594.97498,24144
2026-08-11 09:50:00,595.375,595.84003,595.099976,595.26001,14172
2026-08-11 09:49:00,595.58337,596,595.010010,595.25,14348
2026-08-11 09:48:00,595.27002,595.63501,594.5,595.63501,12219
2026-08-11 09:47:00,595.45001,595.50500,594.21002,595.38049,12280
2026-08-11 09:46:00,594.70001,595.80988,593.84003,595.49500,25554
2026-08-11 09:45:00,595.21997,595.44,594.28003,594.56500,25186
2026-08-11 09:44:00,595,595.96,594.63,595.33002,21922
2026-08-11 09:43:00,596.73499,596.92999,595.13,595.15997,21663
2026-08-11 09:42:00,596.35999,596.98999,596.16351,596.75,15482
2026-08-11 09:41:00,597.78540,598.44012,596.070007,596.46503,32998
2026-08-11 09:40:00,597.068604,598.57501,597.068604,597.75,53774
2026-08-11 09:39:00,595.13000,597.42999,595.010010,597.21002,34106
2026-08-11 09:38:00,594.85498,595.22992,594,595,12410
2026-08-11 09:37:00,594.14001,594.99902,594.10999,594.71002,20500
2026-08-11 09:36:00,594.68329,595,593.81000,594.049988,26060
2026-08-11 09:35:00,596.33301,597.59003,594.78003,594.82501,35836
2026-08-11 09:34:00,594.59998,596.27002,594.21,596.23999,30013
2026-08-11 09:33:00,594.58502,595,593.94000,594.52502,20945
2026-08-11 09:32:00,594.23999,595.26740,593.40002,594.50500,50833
2026-08-11 09:31:00,595.90002,596.66992,594.039978,594.34003,46072
2026-08-11 09:30:00,597.72998,599.71002,595,595.63501,573222
2026-08-10 15:59:00,594.65002,595.090027,594.29999,594.91998,2920349
2026-08-10 15:58:00,594.56000,594.65997,594.19000,594.53003,102964
2026-08-10 15:57:00,594.63000,595,594.45001,594.53998,60297
2026-08-10 15:56:00,595.20001,595.20001,594.59998,594.65002,59816
2026-08-10 15:55:00,594.010010,595.34998,594.01,595.15997,89466
2026-08-10 15:54:00,594.070007,594.40002,593.72998,593.97998,56661
2026-08-10 15:53:00,594.015015,594.15002,593.92999,594.020020,35683
2026-08-10 15:52:00,593.69000,594.065002,593.66998,594.015015,22714
2026-08-10 15:51:00,593.83002,594.025024,593.685,593.77002,25471
2026-08-10 15:50:00,594.010010,594.010010,593.22998,593.79999,42799
2026-08-10 15:49:00,594.059998,594.19000,593.89001,594.015015,17415
2026-08-10 15:48:00,593.94000,594.13000,593.84998,594.020020,22506
2026-08-10 15:47:00,593.78992,593.97,593.78003,593.90002,12096
2026-08-10 15:46:00,594.059998,594.13000,593.58002,593.77002,18917
2026-08-10 15:45:00,593.87000,594.20001,593.87000,594.059998,28247
2026-08-10 15:44:00,593.78003,594,593.69,593.97430,19942
2026-08-10 15:43:00,593.49011,593.77002,593.39001,593.74500,24075
2026-08-10 15:42:00,593.41998,593.65002,593.33002,593.58002,12258
2026-08-10 15:41:00,593.090027,593.46997,593.039978,593.37000,14894
2026-08-10 15:40:00,593.22998,593.32001,592.98499,593.085022,23806
2026-08-10 15:39:00,592.64990,593.2,592.53003,593.17999,23355
2026-08-10 15:38:00,592.31000,592.64990,592.27002,592.64990,16592
2026-08-10 15:37:00,592.59998,592.67999,592.21222,592.34998,20545
2026-08-10 15:36:00,592.78003,592.96991,592.505,592.54248,17201
2026-08-10 15:35:00,592.90002,593.0098877,592.52008,592.71002,14588
2026-08-10 15:34:00,593.094971,593.10498,592.89,592.90002,14375
2026-08-10 15:33:00,593.059998,593.17999,592.88,593.085022,14380
2026-08-10 15:32:00,593.21002,593.47998,592.92999,593.059998,38691
2026-08-10 15:31:00,592.81500,593.25,592.81000,593.17999,19626
2026-08-10 15:30:00,592.34003,592.89001,592.25,592.81500,20323
2026-08-10 15:29:00,592.34003,592.42999,592.19049,592.38239,11605
2026-08-10 15:28:00,592.44501,592.47998,592.030090,592.34003,46373
2026-08-10 15:27:00,592.62000,592.81000,592.45,592.51501,12229
2026-08-10 15:26:00,592.95001,593.03,592.5,592.69000,26380
2026-08-10 15:25:00,592.90002,592.98,592.73999,592.88501,13328
2026-08-10 15:24:00,593.010010,593.015015,592.62097,592.90002,10130
2026-08-10 15:23:00,593.049988,593.12000,592.91998,592.97998,11500
2026-08-10 15:22:00,593.039978,593.19012,592.89001,593.12000,10736
2026-08-10 15:21:00,592.87000,593.15997,592.81012,593.080017,9752
2026-08-10 15:20:00,592.69989,593.070007,592.53998,592.88000,23628
2026-08-10 15:19:00,593.099976,593.18988,592.51001,592.71997,22936
2026-08-10 15:18:00,593.094971,593.21997,593.028015,593.080017,23877
2026-08-10 15:17:00,593.22498,593.32501,593.049988,593.10498,11368
2026-08-10 15:16:00,592.98999,593.32001,592.98999,593.32001,16167
2026-08-10 15:15:00,593.23999,593.38000,592.84918,592.90552,18282
2026-08-10 15:14:00,593.27002,593.29,593.049988,593.22247,12122
2026-08-10 15:13:00,593.71002,593.75,593.19012,593.19012,13086
2026-08-10 15:12:00,593.72998,593.77002,593.45331,593.65997,13508
2026-08-10 15:11:00,593.40997,593.72998,593.40997,593.67999,9294
2026-08-10 15:10:00,594.039978,594.1,593.40009,593.53998,27336
2026-08-10 15:09:00,594.075012,594.16992,593.76001,594.13000,17473
2026-08-10 15:08:00,594.13000,594.22998,594.010010,594.15002,10943
2026-08-10 15:07:00,594.015015,594.32001,593.96002,594.14001,10416
2026-08-10 15:06:00,593.92999,594.055,593.83,593.97498,13547
2026-08-10 15:05:00,594.70502,594.79999,593.84998,593.85999,26089
2026-08-10 15:04:00,595.070007,595.070007,594.61011,594.78003,13471
2026-08-10 15:03:00,595.12000,595.20001,595.00012207,595.070007,9170
2026-08-10 15:02:00,594.69000,595.10901,594.62000,595.090027,10578
2026-08-10 15:01:00,594.79999,594.84003,594.56641,594.73248,5739
2026-08-10 15:00:00,594.83002,594.98999,594.71399,594.74030,14443
2026-08-10 14:59:00,594.91998,595.090027,594.71997,594.78998,11856
2026-08-10 14:58:00,594.91998,595.19000,594.88,594.95001,16275
2026-08-10 14:57:00,594.89001,595,594.71002,594.88501,12343
2026-08-10 14:56:00,594.78003,594.95001,594.78,594.89001,8167
2026-08-10 14:55:00,594.67999,594.88000,594.62000,594.78003,11563
2026-08-10 14:54:00,594.49500,594.67950,594.46002,594.59998,8615
2026-08-10 14:53:00,594.56000,594.56000,594.40002,594.53070,5148
2026-08-10 14:52:00,594.56000,594.62000,594.48999,594.56000,8122
2026-08-10 14:51:00,594.38000,594.62000,594.38000,594.52002,12669
2026-08-10 14:50:00,594.22998,594.47,594.16553,594.45001,11143
2026-08-10 14:49:00,594,594.25,593.96997,594.25,7304
2026-08-10 14:48:00,594.22998,594.22998,593.96002,593.96002,9201
2026-08-10 14:47:00,594.44641,594.48,594.21997,594.33990,12331
2026-08-10 14:46:00,594.15002,594.58002,594.15002,594.34998,15140
2026-08-10 14:45:00,594.17499,594.28998,594.049988,594.15002,8638
2026-08-10 14:44:00,594.125,594.21002,593.89001,594.17499,10216
2026-08-10 14:43:00,594.25,594.33002,594.10498,594.125,27028
2026-08-10 14:42:00,593.71002,594.33002,593.71002,594.32898,12061
2026-08-10 14:41:00,593.63501,593.80078,593.56000,593.71997,9563
2026-08-10 14:40:00,593.23999,593.63501,593.19000,593.59998,8802
2026-08-10 14:39:00,593.39001,593.40002,593,593.25500,12414
2026-08-10 14:38:00,593.33728,593.48999,593.30499,593.44000,5017
2026-08-10 14:37:00,593.42047,593.47998,593.23999,593.29999,5783
2026-08-10 14:36:00,593.44000,593.56500,593.38000,593.46997,10695
2026-08-10 14:35:00,593.56000,593.84998,593.46002,593.52002,15867
2026-08-10 14:34:00,593.58002,593.685,593.43048,593.49500,9314
2026-08-10 14:33:00,593.33008,593.59998,593.29010,593.59998,8865
2026-08-10 14:32:00,592.875,593.44000,592.78003,593.38501,13658
2026-08-10 14:31:00,592.85999,592.99988,592.71997,592.875,9396
2026-08-10 14:30:00,592.60999,592.97,592.54999,592.90002,14823
2026-08-10 14:29:00,592.87000,592.91998,592.75,592.87000,19371
2026-08-10 14:28:00,592.79999,592.95001,592.77002,592.92999,9048
2026-08-10 14:27:00,592.79999,592.90503,592.69000,592.69000,21286
2026-08-10 14:26:00,593.25,593.25,592.79999,592.87000,7293
2026-08-10 14:25:00,592.95001,593.26,592.95001,593.13818,15840
2026-08-10 14:24:00,593.21991,593.23,592.90002,592.94000,20347
2026-08-10 14:23:00,593.48242,593.48242,593.075928,593.14252,7504
2026-08-10 14:22:00,593.65002,593.65002,593.37000,593.47931,10516
2026-08-10 14:21:00,593.33502,593.61,593.33002,593.59998,11347
2026-08-10 14:20:00,593.41998,593.47211,593.26,593.33002,11899
2026-08-10 14:19:00,593.39001,593.46997,593.35498,593.41998,5573
2026-08-10 14:18:00,593.34003,593.58002,593.28998,593.32001,9634
2026-08-10 14:17:00,593.51001,593.60999,593.35590,593.38989,9009
2026-08-10 14:16:00,593.42999,593.54669,593.37000,593.53003,7203
2026-08-10 14:15:00,593.64502,593.71997,593.40503,593.40503,17238
2026-08-10 14:14:00,593.29999,593.65002,593.24,593.65002,10700
2026-08-10 14:13:00,593.11499,593.37000,593.099976,593.26001,8644
2026-08-10 14:12:00,593.26990,593.34003,593.11200,593.26990,10088
2026-08-10 14:11:00,593.35999,593.41,593.14,593.26001,12219
2026-08-10 14:10:00,593.58502,593.6,593.26,593.37000,11445
2026-08-10 14:09:00,593.30750,593.73999,593.26251,593.58502,16478
2026-08-10 14:08:00,593.21002,593.72998,593.16,593.31000,14136
2026-08-10 14:07:00,593.33002,593.34998,593.13647,593.25,11122
2026-08-10 14:06:00,592.97998,593.31000,592.96002,593.22998,10799
2026-08-10 14:05:00,593.080017,593.20990,592.87000,593,9480
2026-08-10 14:04:00,593.080017,593.22998,593,593.099976,12324
2026-08-10 14:03:00,593.15948,593.34003,593,593.085022,12195
2026-08-10 14:02:00,593.35498,593.5,593.049988,593.15002,20851
2026-08-10 14:01:00,593.59003,593.70001,593.3,593.34998,13476
2026-08-10 14:00:00,593.70001,593.85999,593.64,593.68793,8635
2026-08-10 13:59:00,593.71869,593.87000,593.57501,593.59998,11689
2026-08-10 13:58:00,593.34003,593.67,593.28003,593.66498,11747
2026-08-10 13:57:00,593.125,593.37000,593.049988,593.31000,5614
2026-08-10 13:56:00,593.12048,593.22992,593.01,593.038879,11058
2026-08-10 13:55:00,593.099976,593.23999,592.90002,593.13300,9437
2026-08-10 13:54:00,592.90997,593.61890,592.78003,593,32673
2026-08-10 13:53:00,593.39001,593.39001,592.90997,592.91998,37772
2026-08-10 13:52:00,593,593.39990,593,593.37000,15448
2026-08-10 13:51:00,593.23999,593.28003,592.91052,593.00012207,28852
2026-08-10 13:50:00,593.78497,593.84,593.21002,593.25,17175
2026-08-10 13:49:00,593.86499,593.88000,593.67999,593.84003,7156
2026-08-10 13:48:00,593.92999,593.95001,593.77100,593.85999,9988
2026-08-10 13:47:00,593.94000,594.15509,593.87000,593.87000,8511
2026-08-10 13:46:00,593.91302,593.91302,593.5,593.85999,18998
2026-08-10 13:45:00,593.88501,593.92987,593.63,593.82001,9996
2026-08-10 13:44:00,594.19501,594.23,593.67999,593.88501,9598
2026-08-10 13:43:00,594.070129,594.34003,594.059998,594.17999,13498
2026-08-10 13:42:00,593.99658,594.27698,593.91998,594.15503,6334
2026-08-10 13:41:00,594.34003,594.34003,593.60999,593.89001,13520
2026-08-10 13:40:00,594.33502,594.40002,594.19000,594.27002,7729
2026-08-10 13:39:00,594.28003,594.38000,594.15002,594.38000,6732
2026-08-10 13:38:00,594.48999,594.49,594.20001,594.34003,11715
2026-08-10 13:37:00,594.58990,594.75,594.41028,594.43402,14435
2026-08-10 13:36:00,594.60999,594.77002,594.58002,594.58002,9644
2026-08-10 13:35:00,594.61987,594.68170,594.50671,594.60999,11959
2026-08-10 13:34:00,594.70001,594.85,594.36658,594.56000,26697
2026-08-10 13:33:00,594.65002,594.84998,594.63501,594.70001,17510
2026-08-10 13:32:00,594.27002,594.84991,594.22498,594.65002,13618
2026-08-10 13:31:00,594.31000,594.43,594.18512,594.38898,8483
2026-08-10 13:30:00,594.60498,594.76001,594.30011,594.30011,33591
2026-08-10 13:29:00,594.53998,594.65997,594.40997,594.58002,15321
2026-08-10 13:28:00,594.27502,594.54,594.17999,594.52991,22394
2026-08-10 13:27:00,594.29498,594.46002,594.19,594.25,9832
2026-08-10 13:26:00,594.23010,594.5,594.099976,594.31000,16836
2026-08-10 13:25:00,593.83752,594.46997,593.83752,594.29498,26831
2026-08-10 13:24:00,593.62000,593.94,593.62000,593.92999,8788
2026-08-10 13:23:00,593.45001,593.65997,593.29999,593.52502,11833
2026-08-10 13:22:00,593.59998,593.61,593.45001,593.45001,7748
2026-08-10 13:21:00,593.48999,593.78003,593.46002,593.70001,12075
2026-08-10 13:20:00,593.59998,593.7,593.56000,593.60999,8973
2026-08-10 13:19:00,593.48499,593.63000,593.40002,593.52008,16331
2026-08-10 13:18:00,593.60999,593.63000,593.40009,593.51001,7554
2026-08-10 13:17:00,593.82501,593.83002,593.40009,593.62000,11185
2026-08-10 13:16:00,593.78003,593.90997,593.66248,593.89001,10101
2026-08-10 13:15:00,593.64502,593.96997,593.61151,593.78992,12730
2026-08-10 13:14:00,593.35999,593.76001,593.28497,593.72998,9576
2026-08-10 13:13:00,593.37000,593.49988,593.35,593.39001,8554
2026-08-10 13:12:00,593.29999,593.39,593.20001,593.37000,7225
2026-08-10 13:11:00,593.50201,593.50201,593.21,593.34991,12572
2026-08-10 13:10:00,593.56000,593.71991,593.42010,593.47998,7056
2026-08-10 13:09:00,593.47998,593.6,593.36499,593.48999,6406
2026-08-10 13:08:00,593.090027,593.53882,593.066772,593.48499,10983
2026-08-10 13:07:00,592.79999,593.11359,592.55,593.054993,14284
2026-08-10 13:06:00,593.015015,593.23962,592.84,592.90991,15011
2026-08-10 13:05:00,593.25,593.45001,592.87000,593,18010
2026-08-10 13:04:00,593.27002,593.60828,593.20502,593.31750,18925
2026-08-10 13:03:00,593.39001,593.53003,593.12012,593.12012,26749
2026-08-10 13:02:00,593.39001,593.60999,593.37000,593.39001,12741
2026-08-10 13:01:00,593.92999,593.985,593.32001,593.45502,31922
2026-08-10 13:00:00,593.96002,594.039978,593.79999,594.010010,14176
2026-08-10 12:59:00,593.89502,594.07,593.84003,593.94971,14228
2026-08-10 12:58:00,593.60999,594.059875,593.60999,593.87000,15980
2026-08-10 12:57:00,593.69000,593.86,593.57001,593.77002,12060
2026-08-10 12:56:00,593.74500,593.98523,593.58002,593.69501,14801
2026-08-10 12:55:00,593.71997,594.12000,593.705,593.79999,19328
2026-08-10 12:54:00,593.44000,593.71997,593.30011,593.64502,12708
2026-08-10 12:53:00,593.34998,593.54999,593.12207,593.51501,14086
2026-08-10 12:52:00,593.47998,593.55951,593.34,593.34998,15192
2026-08-10 12:51:00,593.28003,593.51001,593.21997,593.43597,13524
2026-08-10 12:50:00,593.46997,593.63000,593.080078,593.25,25420
2026-08-10 12:49:00,592.91498,593.62988,592.85852,593.53003,25755
2026-08-10 12:48:00,593,593.059998,592.84,593.039917,33183
2026-08-10 12:47:00,592.84003,593.090027,592.77,592.98499,15769
2026-08-10 12:46:00,592.62000,593.17639,592.53998,592.84998,18223
2026-08-10 12:45:00,592.92999,593,592.33002,592.59998,28127
2026-08-10 12:44:00,593.085022,593.46997,592.59998,592.92999,41582
2026-08-10 12:43:00,593.84540,593.85999,592.89001,593.090027,35024
2026-08-10 12:42:00,594.40997,594.57990,593.59998,593.88989,18044
2026-08-10 12:41:00,595.099976,595.099976,593.83002,594.53857,33401
2026-08-10 12:40:00,595.28998,595.44788,594.85999,595.26001,37771
2026-08-10 12:39:00,595.099976,595.5,595.070007,595.40991,17259
2026-08-10 12:38:00,595.76001,595.76001,595.10999,595.10999,29934
2026-08-10 12:37:00,595.99500,596.12000,595.67499,595.76001,17201
2026-08-10 12:36:00,595.71002,596.14001,595.535,596,17673
2026-08-10 12:35:00,596.089905,596.089905,595.31000,595.71997,26689
2026-08-10 12:34:00,596.29498,596.41,596.02,596.11987,13317
2026-08-10 12:33:00,596.125,596.35999,596,596.31000,12141
2026-08-10 12:32:00,595.88000,596.59003,595.60999,596.24988,37329
2026-08-10 12:31:00,596.95502,597.33002,595.77,595.85999,99796
2026-08-10 12:30:00,597.34497,597.46002,596.91998,597.020020,17604
2026-08-10 12:29:00,597.53003,597.59882,597.23999,597.34998,21845
2026-08-10 12:28:00,596.79999,597.52551,596.73291,597.51923,20751
2026-08-10 12:27:00,597.21997,597.43,596.60999,596.79999,30247
2026-08-10 12:26:00,597.27002,597.53003,597.19,597.41998,13750
2026-08-10 12:25:00,597.59998,597.81000,597.20001,597.20001,26458
2026-08-10 12:24:00,598.049988,598.19000,597.61420,597.61420,19162
2026-08-10 12:23:00,598.19000,598.28003,597.79999,597.96960,30116
2026-08-10 12:22:00,598.41998,598.42987,598.07,598.15997,12538
2026-08-10 12:21:00,598.75049,598.90997,598.13000,598.53998,37600
2026-08-10 12:20:00,598.69000,598.97998,598.55,598.75,19392
2026-08-10 12:19:00,598.77002,598.8,598.59998,598.69000,15030
2026-08-10 12:18:00,599.22992,599.22992,598.58099,598.77002,18694
2026-08-10 12:17:00,599.27002,599.57001,599.16498,599.16498,21108
2026-08-10 12:16:00,598.84003,599.34003,598.74512,599.30499,209141
2026-08-10 12:15:00,599.51007,599.65002,598.66998,598.73999,10417
2026-08-10 12:14:00,599.67999,599.70001,599.51001,599.61798,9573
2026-08-10 12:13:00,599.57001,599.76001,599.46,599.62000,14673
2026-08-10 12:12:00,599.96002,600.04,599.65002,599.70001,9410
2026-08-10 12:11:00,599.90997,600.13000,599.82001,599.92297,9685
2026-08-10 12:10:00,599.81000,600,599.72009,599.94501,19423
2026-08-10 12:09:00,599.85999,600.02,599.71997,599.95001,12991
2026-08-10 12:08:00,599.70001,599.89001,599.59998,599.75,11273
2026-08-10 12:07:00,599.13013,599.71002,599.13013,599.70001,7246
2026-08-10 12:06:00,599.55499,599.84003,599.34003,599.41998,19579
2026-08-10 12:05:00,599.91998,600,599.45001,599.55499,21475
2026-08-10 12:04:00,600.25,600.35999,599.76300,599.94501,9014
2026-08-10 12:03:00,599.32800,600.18988,599.32800,600.070007,31545
2026-08-10 12:02:00,599.13000,599.70001,599.01,599.22498,16699
2026-08-10 12:01:00,599.42999,600.059998,598.33099,599.015015,41701
2026-08-10 12:00:00,599.71997,599.75177,599.37000,599.47998,10980
2026-08-10 11:59:00,600.13501,600.19452,599.59998,599.59998,19050
2026-08-10 11:58:00,599.87000,600.31488,599.65997,600.14001,11430
2026-08-10 11:57:00,599.71997,600.19348,599.71997,599.87012,21703
2026-08-10 11:56:00,599.76501,599.84998,599.44000,599.76501,15089
2026-08-10 11:55:00,599.78998,599.82220,599.34998,599.76501,33768
2026-08-10 11:54:00,599.51990,600,599.44501,599.83002,29424
2026-08-10 11:53:00,600.25452,600.25452,599.35498,599.45001,37565
2026-08-10 11:52:00,599.91351,600.28003,599.84998,600.26898,13401
2026-08-10 11:51:00,599.88501,599.93,599.78003,599.875,6826
2026-08-10 11:50:00,599.70001,600,599.69000,599.94000,9362
2026-08-10 11:49:00,599.84003,599.91931,599.54010,599.69501,8169
2026-08-10 11:48:00,599.875,600.099976,599.75,599.95502,21535
2026-08-10 11:47:00,599.67499,600.05,599.59003,599.90997,9157
2026-08-10 11:46:00,599.66510,599.68,599.42999,599.67499,9160
2026-08-10 11:45:00,599.83002,599.97040,599.66998,599.66998,12708
2026-08-10 11:44:00,599.27502,600.090027,599.18,599.67499,22317
2026-08-10 11:43:00,599.46503,599.56000,599.099976,599.32581,20642
2026-08-10 11:42:00,599.78137,599.78137,599.36011,599.36011,33601
2026-08-10 11:41:00,599.48999,599.97,599.40997,599.73499,11010
2026-08-10 11:40:00,599.32501,599.57001,599.15002,599.57001,15263
2026-08-10 11:39:00,599.41498,599.63000,599.21997,599.42249,11437
2026-08-10 11:38:00,599.27863,599.55,599.010010,599.41498,17452
2026-08-10 11:37:00,599.21997,599.43500,598.89001,599.30499,16899
2026-08-10 11:36:00,599.034973,599.35992,598.87,599.15503,13172
2026-08-10 11:35:00,599.0051880,599.14551,598.855,599.034973,15464
2026-08-10 11:34:00,598.78003,599.25549,598.48499,598.99908,23115
2026-08-10 11:33:00,599.48499,599.625,598.62000,598.69000,20108
2026-08-10 11:32:00,599.73450,599.81,599.23999,599.48499,33418
2026-08-10 11:31:00,599.22192,599.88000,599.15997,599.67499,58700
2026-08-10 11:30:00,599.26001,599.38000,599.090027,599.27502,11284
2026-08-10 11:29:00,598.89001,599.38000,598.84998,599.34003,18265
2026-08-10 11:28:00,598.35999,599.15002,598.35999,598.91199,40271
2026-08-10 11:27:00,598.98999,598.98999,598.29999,598.35999,31380
2026-08-10 11:26:00,599.059998,599.25879,598.72998,598.95001,20888
2026-08-10 11:25:00,599.46002,599.52740,599,599.059998,13403
2026-08-10 11:24:00,599.5,599.64001,599.25,599.47998,16057
2026-08-10 11:23:00,599.57001,599.70001,599.23999,599.48499,24900
2026-08-10 11:22:00,599.375,599.48499,599.14819,599.48499,24906
2026-08-10 11:21:00,598.98999,599.75201,598.91998,599.375,29948
2026-08-10 11:20:00,598.79999,599.070007,598.71997,598.94000,31451
2026-08-10 11:19:00,598.77502,599.030029,598.65002,598.79999,22200
2026-08-10 11:18:00,599.23499,599.25,598.765,598.76501,26701
2026-08-10 11:17:00,599.81000,599.90002,599.059998,599.28949,32118
2026-08-10 11:16:00,599.70001,600,599.64,599.72998,22819
2026-08-10 11:15:00,600.090027,600.17999,599.50012,599.75500,41396
2026-08-10 11:14:00,600.75,600.77002,600.049988,600.21002,49533
2026-08-10 11:13:00,600.69000,601.63000,600.53998,600.66998,31299
2026-08-10 11:12:00,601.49500,601.63501,600.59998,600.59998,32337
2026-08-10 11:11:00,601.31000,601.82001,601.099976,601.48999,21080
2026-08-10 11:10:00,601.71997,601.71997,601.090027,601.22998,23793
2026-08-10 11:09:00,602.14001,602.5,601.71997,601.71997,15696
2026-08-10 11:08:00,602.10999,602.25,601.91998,602.18500,20749
2026-08-10 11:07:00,602.20502,602.32001,601.895,602.10999,18839
2026-08-10 11:06:00,602.17999,602.435,601.91998,602.19501,38394
2026-08-10 11:05:00,601.60492,602.54999,601.54498,602.15649,44813
2026-08-10 11:04:00,602.38000,602.38000,601.56000,601.65997,37892
2026-08-10 11:03:00,602.79498,603,602.29,602.34998,25389
2026-08-10 11:02:00,602.52002,602.89001,602.34998,602.71002,16464
2026-08-10 11:01:00,602.44000,602.89001,602.34998,602.57001,31284
2026-08-10 11:00:00,602.90002,603.090027,602.34998,602.39502,39160
2026-08-10 10:59:00,603.40002,603.40997,602.9,602.90002,24527
2026-08-10 10:58:00,602.62000,603.45001,602.42999,603.40002,57528
2026-08-10 10:57:00,603.28998,603.31787,602.52,602.62903,35396
2026-08-10 10:56:00,604.16998,604.29999,603.15002,603.29498,35170
2026-08-10 10:55:00,603.96997,604.67999,603.96,604.059998,34720
2026-08-10 10:54:00,603.82001,604.16699,603.46997,603.96503,19381
2026-08-10 10:53:00,605.95001,606.26001,603.54,603.65997,73083
2026-08-10 10:52:00,605.46002,605.95001,605.40997,605.88501,28703
2026-08-10 10:51:00,605.45001,606.34003,605.27002,605.45001,29720
2026-08-10 10:50:00,606.030029,606.17999,605.29639,605.41998,31234
2026-08-10 10:49:00,606.46997,607.91998,605.85999,605.89838,73982
2026-08-10 10:48:00,606.59003,607.079895,606.375,606.51501,32099
2026-08-10 10:47:00,606.35498,606.85,605.65997,606.56500,51339
2026-08-10 10:46:00,607.77002,607.90002,606.10999,606.23010,57812
2026-08-10 10:45:00,607.78992,608.21002,607.25012,607.77002,76661
2026-08-10 10:44:00,606.71503,607.88989,606.71503,607.73999,84261
2026-08-10 10:43:00,606.26001,607,606.21997,606.65503,108350
2026-08-10 10:42:00,604.59003,606.46997,604.45007,606.26001,104713
2026-08-10 10:41:00,603.81598,604.59998,603.78638,604.42499,32579
2026-08-10 10:40:00,604.51501,604.9,603.72998,604.11987,55867
2026-08-10 10:39:00,603.52002,604.62311,603.52,604.49768,34652
2026-08-10 10:38:00,603.84998,603.97998,602.98999,603.47009,26693
2026-08-10 10:37:00,603.71503,604.099976,603.21,603.71002,21989
2026-08-10 10:36:00,604.65002,604.92999,603.62518,603.68573,37254
2026-08-10 10:35:00,603.33002,604.92999,603.030029,604.65002,65341
2026-08-10 10:34:00,604.35608,604.35999,602.46997,603.13202,52850
2026-08-10 10:33:00,603.82898,604.35999,603.27502,604.29498,42155
2026-08-10 10:32:00,603.47998,604,603.31000,603.87000,49535
2026-08-10 10:31:00,603.42999,604,603.39008,603.70001,45194
2026-08-10 10:30:00,603.62000,604.1,603.20007,603.53998,66103
2026-08-10 10:29:00,603.22998,603.78,603,603.62000,38237
2026-08-10 10:28:00,602.65997,603.58002,602.58002,603.24500,52312
2026-08-10 10:27:00,602.080017,602.78992,602.020020,602.72998,28998
2026-08-10 10:26:00,602.34998,602.48993,601.56000,602.070007,29369
2026-08-10 10:25:00,602.43500,602.64,601.73999,602.34998,35006
2026-08-10 10:24:00,603.29791,603.32001,602.40002,602.40002,49311
2026-08-10 10:23:00,602.12042,603.34998,601.89398,603.090088,49750
2026-08-10 10:22:00,602.085022,602.34998,601.59998,602.14001,33593
2026-08-10 10:21:00,601.76001,602.59998,601.73621,602.010010,54809
2026-08-10 10:20:00,600.68500,602.098999,600.63000,601.79999,58617
2026-08-10 10:19:00,598.83081,600.92999,598.56000,600.56012,56202
2026-08-10 10:18:00,597.59991,599,597.27002,598.99988,22403
2026-08-10 10:17:00,597.37030,597.70001,596.71002,597.63501,50740
2026-08-10 10:16:00,598.48499,598.48499,597.35999,597.40002,21239
2026-08-10 10:15:00,598.90997,599.77502,598.29999,598.48999,75215
2026-08-10 10:14:00,598.71301,599.42999,598.28003,598.89502,32899
2026-08-10 10:13:00,598.40002,598.89990,598.12,598.77557,25745
2026-08-10 10:12:00,597.98999,598.57001,597.42023,598.28003,21460
2026-08-10 10:11:00,598.41827,598.59,597.15002,597.90002,27283
2026-08-10 10:10:00,598.45001,598.84998,598.18011,598.48999,41626
2026-08-10 10:09:00,597.34167,598.58002,597.34167,598.45001,38048
2026-08-10 10:08:00,596.53003,597.66498,596.45312,597.44000,25801
2026-08-10 10:07:00,597.10199,597.45001,596.37000,596.58002,26325
2026-08-10 10:06:00,597.26001,597.90002,597.099976,597.17999,43384
2026-08-10 10:05:00,596.96997,597.45001,596.94000,597.23999,19885
2026-08-10 10:04:00,597.099915,597.54999,596.78998,596.78998,19163
2026-08-10 10:03:00,596.84003,597.39001,596.70001,596.93500,38198
2026-08-10 10:02:00,595.78003,596.98999,595.48,596.84003,28636
2026-08-10 10:01:00,596.23999,596.28998,595.21002,595.64001,66602
2026-08-10 10:00:00,597,597.78003,596.26,596.29999,39514
2026-08-10 09:59:00,596.85461,597.5,596.64001,596.83002,28931
2026-08-10 09:58:00,596.69000,597.89,596.64001,596.90509,35538
2026-08-10 09:57:00,596.29999,596.78003,595.54999,596.78003,43933
2026-08-10 09:56:00,596.28003,597.25,596,596.29999,49665
2026-08-10 09:55:00,596.39697,596.78998,595.95,596.28003,41688
2026-08-10 09:54:00,595.10999,596.29999,594.96997,596.29999,73444
2026-08-10 09:53:00,594.87939,595.69000,594.78003,595.12000,36259
2026-08-10 09:52:00,594.91998,595.19989,594.22498,595,25934
2026-08-10 09:51:00,594.42999,595.031982,594.29291,594.91998,38977
2026-08-10 09:50:00,594.47998,595.19000,593.65009,594.60999,46342
2026-08-10 09:49:00,594.39001,594.87988,594.06,594.39001,36797
2026-08-10 09:48:00,595.41498,595.77,594.34320,594.34320,50481
2026-08-10 09:47:00,595.030029,595.53992,594.62653,595.41498,34831
2026-08-10 09:46:00,595.34003,595.35999,594.21002,595.18500,58647
2026-08-10 09:45:00,596.53497,597.70001,594.84998,595.34003,79604
2026-08-10 09:44:00,596.17999,597.37000,596.039978,596.54498,40275
2026-08-10 09:43:00,598.054993,598.085022,595.71997,596.11499,46892
2026-08-10 09:42:00,598.37000,598.72998,597.69,597.81000,34261
2026-08-10 09:41:00,599.20001,599.64,598.20001,598.34998,32492
2026-08-10 09:40:00,598.20178,599.64001,597.23999,599.64001,47251
2026-08-10 09:39:00,597.79352,598.85999,597.53003,598.34998,31742
2026-08-10 09:38:00,598.56000,598.56000,597.080017,597.875,52262
2026-08-10 09:37:00,598.20001,598.98499,597.32013,598.40997,63359
2026-08-10 09:36:00,595.32001,598.38000,595.29999,598.20001,91614
2026-08-10 09:35:00,598.70001,598.70001,595.5,596,75835
2026-08-10 09:34:00,600.53497,602,598.25,598.91498,93995
2026-08-10 09:33:00,602.070007,602.56000,600.32013,600.53497,55788
2026-08-10 09:32:00,603.60999,604.46991,600.89838,602.070007,79582
2026-08-10 09:31:00,598.46002,603.98993,598.46,603.27502,107761
2026-08-10 09:30:00,599.010010,602.45001,597,598.46002,1396318
2026-08-07 15:59:00,592.21997,592.42,591.65002,591.81500,232920
2026-08-07 15:58:00,592.63501,592.65997,592.15002,592.15002,108645
2026-08-07 15:57:00,593.45001,593.53003,592.51001,592.53003,64350
2026-08-07 15:56:00,594.26001,594.26001,593.42999,593.51001,55361
2026-08-07 15:55:00,595.16998,595.34998,594.08,594.17999,60549
2026-08-07 15:54:00,595.41998,595.49,594.80011,595.13000,41007
2026-08-07 15:53:00,595.17999,595.59003,594.86011,595.28003,83889
2026-08-07 15:52:00,594.5,595.20001,594.15997,595.10498,76865
2026-08-07 15:51:00,594.33502,594.60999,594.080017,594.48999,39914
2026-08-07 15:50:00,593.59003,594.335,593.28009,594.30499,35746
2026-08-07 15:49:00,593.53998,593.66998,593.34998,593.46503,25285
2026-08-07 15:48:00,593.23999,593.78003,593.14001,593.62653,29119
2026-08-07 15:47:00,592.98993,593.21997,592.87000,593.19501,19803
2026-08-07 15:46:00,592.94000,593.14990,592.81097,592.97998,17800
2026-08-07 15:45:00,592.82501,593.25,592.77008,592.98499,20700
2026-08-07 15:44:00,592.57501,592.89,592.575,592.81000,18242
2026-08-07 15:43:00,592.70001,592.70990,592.40997,592.64001,19783
2026-08-07 15:42:00,592.37000,592.83002,592.37000,592.71002,21705
2026-08-07 15:41:00,592.29999,592.48999,592.20007,592.37000,25643
2026-08-07 15:40:00,592.0050049,592.28998,591.84003,592.28998,15149
2026-08-07 15:39:00,591.72998,592.14899,591.67877,591.97040,11467
2026-08-07 15:38:00,592.14502,592.23999,591.75,591.84003,16378
2026-08-07 15:37:00,592.20001,592.35,592.11,592.14001,9550
2026-08-07 15:36:00,592.049988,592.29999,591.98999,592.16498,17168
2026-08-07 15:35:00,592.11499,592.12000,591.87,592.044983,12703
2026-08-07 15:34:00,592.20001,592.35248,592.070007,592.12000,11378
2026-08-07 15:33:00,592.27002,592.46503,592.16998,592.31000,9750
2026-08-07 15:32:00,592.45001,592.49,592.17999,592.33002,18055
2026-08-07 15:31:00,592.46503,592.70001,592.43280,592.45001,15944
2026-08-07 15:30:00,592.54999,592.78003,592.37,592.46997,17508
2026-08-07 15:29:00,592.46143,592.62000,592.17999,592.48999,21094
2026-08-07 15:28:00,592.76007,592.88000,592.48999,592.53571,11891
2026-08-07 15:27:00,593.090027,593.090027,592.72998,592.90002,8175
2026-08-07 15:26:00,593.20001,593.20001,592.89001,593.059998,8397
2026-08-07 15:25:00,593.020020,593.23999,593.015015,593.19000,8264
2026-08-07 15:24:00,593.125,593.31378,593.059998,593.059998,12527
2026-08-07 15:23:00,592.91998,593.15,592.66998,593.099976,12435
2026-08-07 15:22:00,592.83002,593.12,592.83002,592.96503,10128
2026-08-07 15:21:00,592.84003,593.13000,592.84003,592.97998,9336
2026-08-07 15:20:00,592.71997,592.91998,592.59998,592.84003,14164
2026-08-07 15:19:00,592.75,592.97998,592.59003,592.62659,14766
2026-08-07 15:18:00,593.21002,593.21002,592.65002,592.75,14023
2026-08-07 15:17:00,593.55499,593.59497,593.099976,593.16498,17433
2026-08-07 15:16:00,593.065002,593.44000,592.97998,593.44000,13397
2026-08-07 15:15:00,593.23999,593.31000,592.90997,593.065002,17214
2026-08-07 15:14:00,593.010010,593.21002,592.75,593.21002,32050
2026-08-07 15:13:00,592.56482,593.010010,592.52,592.78998,28659
2026-08-07 15:12:00,592.56000,592.85999,592.51001,592.58002,10097
2026-08-07 15:11:00,592.95001,592.95001,592.46,592.64990,28826
2026-08-07 15:10:00,592.62988,592.95001,592.46997,592.84003,33151
2026-08-07 15:09:00,591.92499,592.55499,591.87000,592.5,12125
2026-08-07 15:08:00,591.81500,591.86499,591.65002,591.86499,12889
2026-08-07 15:07:00,591.31000,591.81500,591.31000,591.81500,17579
2026-08-07 15:06:00,591.35999,591.39423,591.28,591.37000,8240
2026-08-07 15:05:00,591.38483,591.48999,591.29010,591.35999,5345
2026-08-07 15:04:00,591.13483,591.40997,591.020081,591.40997,10437
2026-08-07 15:03:00,591.010010,591.28998,591.00012207,591.16998,7175
2026-08-07 15:02:00,591.47498,591.47998,591.10498,591.10498,5880
2026-08-07 15:01:00,591.40997,591.71,591.23999,591.45001,14659
2026-08-07 15:00:00,591.54999,591.69800,591.29059,591.43500,8596
2026-08-07 14:59:00,591.25,591.58,591.15997,591.54199,10292
2026-08-07 14:58:00,591.099976,591.35999,591.099976,591.19000,13791
2026-08-07 14:57:00,590.48999,591.11,590.48999,591.054993,10614
2026-08-07 14:56:00,590.59998,590.65002,590.41998,590.53003,5925
2026-08-07 14:55:00,590.38000,590.76898,590.34497,590.76898,6265
2026-08-07 14:54:00,590.45001,590.65997,590.31012,590.31012,8669
2026-08-07 14:53:00,590.53003,590.60992,590.44501,590.53540,4411
2026-08-07 14:52:00,590.66498,590.76068,590.44000,590.53003,6030
2026-08-07 14:51:00,590.51001,590.71,590.45001,590.64001,10692
2026-08-07 14:50:00,590.61499,590.79999,590.47998,590.78998,14409
2026-08-07 14:49:00,590.33002,590.71991,590.31000,590.67102,12675
2026-08-07 14:48:00,590.27588,590.33002,590.195,590.32001,6454
2026-08-07 14:47:00,590.26001,590.44000,590.21997,590.29999,14632
2026-08-07 14:46:00,590.71002,590.75500,590.17999,590.38000,8954
2026-08-07 14:45:00,590.88000,590.88000,590.59998,590.75500,10662
2026-08-07 14:44:00,591.22998,591.29999,590.82001,590.90997,8132
2026-08-07 14:43:00,591.059998,591.33002,591.020020,591.25,5011
2026-08-07 14:42:00,591.030029,591.19989,591,591.14502,6034
2026-08-07 14:41:00,591.34497,591.42999,591.049988,591.049988,7770
2026-08-07 14:40:00,591.21002,591.38000,591.21002,591.38000,4300
2026-08-07 14:39:00,591.46503,591.5,591.21002,591.29749,10367
2026-08-07 14:38:00,591.53003,591.57501,591.40051,591.46997,7125
2026-08-07 14:37:00,591.67249,591.73499,591.45001,591.58002,7456
2026-08-07 14:36:00,591.5,591.71002,591.46002,591.5,8996
2026-08-07 14:35:00,591.66998,592.0095215,591.66998,591.76501,8051
2026-08-07 14:34:00,591.71002,591.76001,591.59003,591.72998,6335
2026-08-07 14:33:00,591.81500,591.90997,591.65997,591.73401,6526
2026-08-07 14:32:00,591.78003,591.92999,591.62000,591.73999,20551
2026-08-07 14:31:00,592.060120,592.17999,591.71,591.78003,7123
2026-08-07 14:30:00,592.28003,592.38000,592.020020,592.16498,4368
2026-08-07 14:29:00,591.94000,592.40997,591.90997,592.28998,8138
2026-08-07 14:28:00,592.16998,592.23499,591.89001,591.94501,6965
2026-08-07 14:27:00,592.26001,592.40997,592.059998,592.40997,5155
2026-08-07 14:26:00,591.66498,592.080017,591.57001,591.94000,10351
2026-08-07 14:25:00,591.90997,592.020020,591.66498,591.66498,6847
2026-08-07 14:24:00,591.97998,591.97998,591.79999,591.90991,13587
2026-08-07 14:23:00,591.96997,592.12000,591.89001,592,6095
2026-08-07 14:22:00,591.83502,591.96997,591.75012,591.89001,7481
2026-08-07 14:21:00,591.79999,592.020020,591.75,591.83002,9454
2026-08-07 14:20:00,592.21002,592.28998,591.84497,591.84497,3399
2026-08-07 14:19:00,592.15997,592.25,592.085022,592.24500,5265
2026-08-07 14:18:00,592.044983,592.34003,592.044983,592.24500,8131
2026-08-07 14:17:00,592.29999,592.29999,591.95007,592.044983,3685
2026-08-07 14:16:00,592.015015,592.28998,592,592.24237,5729
2026-08-07 14:15:00,591.76709,592.15997,591.74799,592.14001,7370
2026-08-07 14:14:00,592.25,592.25,591.79,591.88000,14332
2026-08-07 14:13:00,592.19501,592.34003,592.10999,592.25,13876
2026-08-07 14:12:00,592.14001,592.44000,592.07,592.33002,34978
2026-08-07 14:11:00,592.065002,592.17987,591.96002,592.059998,15823
2026-08-07 14:10:00,591.72998,592.19000,591.68500,592.065002,22042
2026-08-07 14:09:00,592.090027,592.14001,591.705,591.73999,9264
2026-08-07 14:08:00,591.97998,592.21997,591.97998,592.090027,20915
2026-08-07 14:07:00,592.17010,592.285,591.71997,591.96002,11067
2026-08-07 14:06:00,592.35498,592.44000,592.16,592.28497,8160
2026-08-07 14:05:00,592.50751,592.53003,592.12,592.35498,10411
2026-08-07 14:04:00,592.53998,592.695,592.47498,592.59998,9096
2026-08-07 14:03:00,592.60999,592.66998,592.415,592.48999,6358
2026-08-07 14:02:00,592.52502,592.54999,592.27039,592.38000,13640
2026-08-07 14:01:00,592.27002,592.59998,592.27002,592.37000,18683
2026-08-07 14:00:00,592.42999,592.59998,592.27008,592.27173,10012
2026-08-07 13:59:00,592.33502,592.59998,592.23187,592.40002,14469
2026-08-07 13:58:00,592.36499,592.45093,592.23999,592.34003,8671
2026-08-07 13:57:00,592.43500,592.46997,592.31000,592.40002,5160
2026-08-07 13:56:00,592.15002,592.53180,592.10999,592.40503,9263
2026-08-07 13:55:00,592.44202,592.64990,592.21,592.21002,16886
2026-08-07 13:54:00,592.46002,592.63000,592.28003,592.62000,7306
2026-08-07 13:53:00,592.29498,592.53003,592.15997,592.53003,11707
2026-08-07 13:52:00,592.37720,592.49,592.20001,592.29498,5826
2026-08-07 13:51:00,592.29999,592.42999,592.21,592.42999,4739
2026-08-07 13:50:00,592.26001,592.38000,592.25,592.29510,6663
2026-08-07 13:49:00,592.28003,592.40997,592.25,592.30499,4702
2026-08-07 13:48:00,592.34998,592.355,592.16998,592.18103,7748
2026-08-07 13:47:00,592.34003,592.52832,592.25,592.42999,5448
2026-08-07 13:46:00,592.15002,592.43549,592.090088,592.35999,9704
2026-08-07 13:45:00,592.080017,592.26001,591.97998,592.14001,11561
2026-08-07 13:44:00,592.29999,592.39001,592.12,592.15997,11793
2026-08-07 13:43:00,592.23999,592.39001,592.15997,592.29999,7039
2026-08-07 13:42:00,592.10999,592.34998,592.090027,592.29999,8618
2026-08-07 13:41:00,592.14001,592.24,592.07,592.15503,6084
2026-08-07 13:40:00,592.32001,592.44989,592.080017,592.13501,6691
2026-08-07 13:39:00,591.95331,592.46997,591.92499,592.34998,20622
2026-08-07 13:38:00,591.64001,591.99,591.64,591.92999,14246
2026-08-07 13:37:00,591.78998,591.78998,591.63000,591.67499,3810
2026-08-07 13:36:00,591.59497,591.84003,591.53003,591.81000,6238
2026-08-07 13:35:00,591.46997,591.76001,591.46,591.46002,6830
2026-08-07 13:34:00,591.81000,591.90002,591.40002,591.5,7853
2026-08-07 13:33:00,591.57001,591.87000,591.40997,591.64502,7605
2026-08-07 13:32:00,591.89001,591.96,591.69,591.72998,9659
2026-08-07 13:31:00,591.63501,591.83002,591.57001,591.83002,51263
2026-08-07 13:30:00,591.82001,591.845,591.5,591.64001,14538
2026-08-07 13:29:00,591.42499,591.83002,591.31000,591.82001,13697
2026-08-07 13:28:00,591.20001,591.56500,591.13,591.41998,16525
2026-08-07 13:27:00,591.32501,591.53998,591.039978,591.22998,16873
2026-08-07 13:26:00,591.27002,591.47998,591.16998,591.32001,7206
2026-08-07 13:25:00,591.15747,591.38989,590.82001,591.30511,12677
2026-08-07 13:24:00,591.099976,591.48,590.81000,591.20502,13234
2026-08-07 13:23:00,591.59998,591.59998,591.12531,591.12531,6531
2026-08-07 13:22:00,591.53998,591.82990,591.5,591.59998,6322
2026-08-07 13:21:00,591.89001,591.98999,591.5,591.625,9972
2026-08-07 13:20:00,591.26501,591.79999,591.26001,591.79999,5834
2026-08-07 13:19:00,591.36499,591.36499,591.099976,591.32849,6838
2026-08-07 13:18:00,591.39001,591.46002,591.18011,591.36499,4968
2026-08-07 13:17:00,591.51001,591.51001,591.39,591.42999,3781
2026-08-07 13:16:00,591.65997,591.65997,591.41260,591.64502,6078
2026-08-07 13:15:00,591.63000,591.81000,591.49011,591.78998,7267
2026-08-07 13:14:00,591.375,591.74,591.34363,591.54999,8185
2026-08-07 13:13:00,591.53998,592,591.31171,591.39001,20304
2026-08-07 13:12:00,591.83502,591.91998,591.5,591.5,8142
2026-08-07 13:11:00,591.71997,591.90503,591.71997,591.90503,7159
2026-08-07 13:10:00,591.91998,591.96997,591.58002,591.71997,10732
2026-08-07 13:09:00,592.070007,592.070007,591.85791,591.85791,6628
2026-08-07 13:08:00,592.25,592.37000,592.11267,592.29993,4113
2026-08-07 13:07:00,592.27002,592.40948,592.060486,592.31000,6188
2026-08-07 13:06:00,591.64001,592.40002,591.64001,592.26947,17683
2026-08-07 13:05:00,591.92999,591.92999,591.64270,591.65002,11904
2026-08-07 13:04:00,592.28998,592.36987,591.94000,592,8489
2026-08-07 13:03:00,592.22998,592.32990,591.93011,592.17499,22428
2026-08-07 13:02:00,592.70001,592.70001,592.27002,592.27002,20043
2026-08-07 13:01:00,592.56000,592.83002,592.48999,592.73999,5544
2026-08-07 13:00:00,592.5,592.77448,592.27002,592.47998,10924
2026-08-07 12:59:00,593.14990,593.14990,592.34003,592.44000,10672
2026-08-07 12:58:00,593.47992,593.47992,593.07,593.097473,8614
2026-08-07 12:57:00,593.48999,593.48999,593.32849,593.38000,3519
2026-08-07 12:56:00,593.44000,593.77002,593.37,593.51001,9409
2026-08-07 12:55:00,593.53998,593.60278,593.35480,593.40002,5973
2026-08-07 12:54:00,593.44000,593.81000,593.38989,593.59998,5285
2026-08-07 12:53:00,593.32001,593.44000,593.31000,593.38000,7706
2026-08-07 12:52:00,593.63501,593.63501,593.35498,593.45001,5922
2026-08-07 12:51:00,593.90009,593.95001,593.6,593.64001,6762
2026-08-07 12:50:00,593.88000,594.14001,593.79041,593.97998,4327
2026-08-07 12:49:00,593.75500,594.090027,593.57001,594.039978,7638
2026-08-07 12:48:00,594.13000,594.13000,593.69299,593.87000,3807
2026-08-07 12:47:00,593.90997,594.31500,593.795,594.31000,9236
2026-08-07 12:46:00,594.5,594.5,594.070007,594.070007,8338
2026-08-07 12:45:00,594.19000,594.58990,594.15,594.40002,10973
2026-08-07 12:44:00,593.58002,594.16,593.40002,593.96997,12569
2026-08-07 12:43:00,593.62000,593.65997,593.51001,593.54498,6986
2026-08-07 12:42:00,593.40503,593.71997,593.405,593.56500,28768
2026-08-07 12:41:00,593.52002,593.60999,593.25012,593.52991,5880
2026-08-07 12:40:00,593.70001,593.75,593.43048,593.52002,17046
2026-08-07 12:39:00,593.53003,593.96997,593.53,593.85999,5626
2026-08-07 12:38:00,593.63000,593.64001,593.44000,593.57001,2974
2026-08-07 12:37:00,593.51001,593.67987,593.34003,593.56500,5681
2026-08-07 12:36:00,593.65002,593.66,593.44000,593.60999,10395
2026-08-07 12:35:00,593.77002,593.81000,593.40997,593.64001,12664
2026-08-07 12:34:00,593.28998,594,593.20502,593.68048,11214
2026-08-07 12:33:00,593.059998,593.24,593.010010,593.22998,8037
2026-08-07 12:32:00,592.81000,593.20001,592.66998,593.070007,7323
2026-08-07 12:31:00,592.89001,593.20502,592.82001,592.84497,21765
2026-08-07 12:30:00,593.36298,593.36298,592.79999,592.85040,12021
2026-08-07 12:29:00,593.030029,593.37000,592.89001,593.37000,6997
2026-08-07 12:28:00,593.26001,593.26001,592.62000,593,23629
2026-08-07 12:27:00,593.28003,593.48999,593.049988,593.22998,5420
2026-08-07 12:26:00,593.42499,593.69,593.12000,593.29089,9555
2026-08-07 12:25:00,594.27002,594.27002,593.20001,593.48999,45666
2026-08-07 12:24:00,594.54498,594.65991,594.29999,594.34998,5650
2026-08-07 12:23:00,594.46997,594.65997,594.35,594.53748,9052
2026-08-07 12:22:00,594.15002,594.54291,594.090027,594.46002,6619
2026-08-07 12:21:00,594.54999,594.65002,594.037476,594.15503,10449
2026-08-07 12:20:00,594.58862,595.16,594.47009,594.64001,16436
2026-08-07 12:19:00,594.73499,594.85999,594.47998,594.50891,10977
2026-08-07 12:18:00,594.52002,594.90002,594.41,594.69000,6404
2026-08-07 12:17:00,594.31000,594.62567,594.14502,594.52502,6384
2026-08-07 12:16:00,594.53003,594.53003,594.2,594.32001,12132
2026-08-07 12:15:00,594.59998,594.68512,594.40997,594.53003,7326
2026-08-07 12:14:00,594.42999,594.70471,594.4,594.59998,11782
2026-08-07 12:13:00,594.62988,594.64990,594.48999,594.63843,12891
2026-08-07 12:12:00,594.70001,594.70001,594.41498,594.51202,12716
2026-08-07 12:11:00,594.60999,594.69989,594.42999,594.69000,10850
2026-08-07 12:10:00,594.375,594.65997,594.13013,594.65997,10876
2026-08-07 12:09:00,594.59003,594.67987,594.30011,594.30011,9974
2026-08-07 12:08:00,594.77002,594.77002,594.55042,594.68500,10794
2026-08-07 12:07:00,594.24011,594.85999,594.23,594.69000,9165
2026-08-07 12:06:00,594.51001,594.65002,594.23999,594.31500,10563
2026-08-07 12:05:00,594.29999,594.96997,594.18872,594.5,10337
2026-08-07 12:04:00,594.40002,594.51001,594.20502,594.35999,9389
2026-08-07 12:03:00,594.20502,594.52,594.20502,594.46002,10647
2026-08-07 12:02:00,594.020020,594.44000,594.020020,594.20502,9185
2026-08-07 12:01:00,594.099976,594.13000,593.78998,593.96997,24864
2026-08-07 12:00:00,594.62000,594.62000,594.020020,594.090027,20452
2026-08-07 11:59:00,594.70001,594.85,594.49,594.53003,8987
2026-08-07 11:58:00,594.91998,595,594.56000,594.67999,21167
2026-08-07 11:57:00,595.25500,595.39001,594.78003,594.88000,11722
2026-08-07 11:56:00,595.15997,595.31000,595.030029,595.31000,3917
2026-08-07 11:55:00,595.21002,595.36328,595.010071,595.020020,9773
2026-08-07 11:54:00,595.14001,595.37653,594.90997,595.28003,18620
2026-08-07 11:53:00,595.58600,595.72998,595.030029,595.10999,12678
2026-08-07 11:52:00,595.82001,595.95,595.64001,595.72992,6110
2026-08-07 11:51:00,595.76001,595.83002,595.58502,595.59998,6769
2026-08-07 11:50:00,595.62000,595.83002,595.46008,595.75500,254658
2026-08-07 11:49:00,595.84003,595.91998,595.54,595.55060,10757
2026-08-07 11:48:00,595.63501,596.049988,595.63501,595.84167,19905
2026-08-07 11:47:00,596.24500,596.39001,595.58539,595.65002,9303
2026-08-07 11:46:00,596.39001,596.44000,596.090698,596.20001,11419
2026-08-07 11:45:00,596.28998,596.46997,596.15997,596.29999,7314
2026-08-07 11:44:00,596.13501,596.42499,595.98108,596.29999,10146
2026-08-07 11:43:00,596.15997,596.40002,596.010010,596.070129,14824
2026-08-07 11:42:00,596.16998,596.35498,595.99762,596.020020,4929
2026-08-07 11:41:00,596.40002,596.54999,596.087830,596.15997,14221
2026-08-07 11:40:00,595.88000,596.41388,595.88000,596.31500,11602
2026-08-07 11:39:00,595.82001,596.27002,595.82001,596.23993,14509
2026-08-07 11:38:00,595.66998,595.96997,595.50049,595.85858,8131
2026-08-07 11:37:00,595.59497,595.89539,595.53998,595.76501,11583
2026-08-07 11:36:00,595.070007,595.72998,595.070007,595.59998,5890
2026-08-07 11:35:00,595.13000,595.32001,594.70001,595.029297,29420
2026-08-07 11:34:00,595.58502,595.7,595.05,595.16498,27660
2026-08-07 11:33:00,595.33002,595.68011,595.26001,595.58502,31075
2026-08-07 11:32:00,595.72009,595.72998,595.23999,595.30640,20094
2026-08-07 11:31:00,596.53979,596.53979,595.81000,595.97998,8576
2026-08-07 11:30:00,596.48499,596.83002,596.42999,596.54999,387095
2026-08-07 11:29:00,596.60999,596.88501,596.25,596.28003,15041
2026-08-07 11:28:00,596.15002,596.76318,596.15,596.68250,12352
2026-08-07 11:27:00,596.40002,596.44000,596.020020,596.21002,11310
2026-08-07 11:26:00,595.95001,596.61987,595.82501,596.59003,23011
2026-08-07 11:25:00,596.30499,596.30499,595.63049,595.70001,13123
2026-08-07 11:24:00,596.29999,596.40802,595.92047,596.39990,15598
2026-08-07 11:23:00,596.64001,596.65002,596.13000,596.24402,518488
2026-08-07 11:22:00,596.71002,596.94000,596.40002,596.73999,27784
2026-08-07 11:21:00,597.17999,597.27582,596.67999,596.79993,14711
2026-08-07 11:20:00,596.96991,597.31000,596.88000,597.24701,15912
2026-08-07 11:19:00,596.77502,597.17999,596.775,596.90997,14310
2026-08-07 11:18:00,597.34003,597.34003,596.62000,596.78998,7305
2026-08-07 11:17:00,597.94000,597.96002,597.29999,597.44513,13784
2026-08-07 11:16:00,597.51001,597.97992,597.37000,597.97992,7192
2026-08-07 11:15:00,597.23499,597.78497,597.10010,597.51001,19717
2026-08-07 11:14:00,596.84998,597.51001,596.84998,597.46002,14527
2026-08-07 11:13:00,596.58002,596.84497,596.40002,596.72998,10041
2026-08-07 11:12:00,597.0050049,597.10999,596.5,596.54999,13572
2026-08-07 11:11:00,596.97748,597.19000,596.79999,597.0050049,6971
2026-08-07 11:10:00,597.42499,597.84998,596.90997,596.94501,16397
2026-08-07 11:09:00,597.099976,597.54,597.0025024,597.42999,15048
2026-08-07 11:08:00,596.56531,597.099976,596.45007,597.041077,9650
2026-08-07 11:07:00,597.26001,597.26001,596.53198,596.82001,21350
2026-08-07 11:06:00,597.34497,597.48999,596.84998,597.090027,58186
2026-08-07 11:05:00,597.42999,597.53998,597.25,597.375,26550
2026-08-07 11:04:00,597.42499,597.52,597.20001,597.42499,8567
2026-08-07 11:03:00,597.26300,597.5,596.89062,597.42499,18087
2026-08-07 11:02:00,597.53003,597.73999,597.099976,597.53497,19531
2026-08-07 11:01:00,598.32001,598.32001,597.53003,597.61499,23689
2026-08-07 11:00:00,598.40002,598.64001,598.08,598.32001,33849
2026-08-07 10:59:00,598.53497,598.73993,598.10999,598.5,22588
2026-08-07 10:58:00,598.45001,598.65002,598.21997,598.5,35704
2026-08-07 10:57:00,597.73999,598.375,597.52289,598.375,35475
2026-08-07 10:56:00,597.66998,597.98999,597.090027,597.72998,45067
2026-08-07 10:55:00,597.54999,597.89001,597.23499,597.62000,18129
2026-08-07 10:54:00,597.53009,597.90002,597.33008,597.58911,18174
2026-08-07 10:53:00,596.90002,597.71753,596.90002,597.62000,25263
2026-08-07 10:52:00,596.27002,596.78998,596.25500,596.78998,12266
2026-08-07 10:51:00,596.47498,596.66,595.84003,596.20001,30053
2026-08-07 10:50:00,596.90997,596.98999,596.12000,596.38000,17997
2026-08-07 10:49:00,597.34998,597.53998,596.63501,596.90503,16033
2026-08-07 10:48:00,597.16998,597.5,596.84998,597.41998,49021
2026-08-07 10:47:00,596.47498,597.08,596.18201,597.070007,39555
2026-08-07 10:46:00,597.17999,597.31000,596.37000,596.47498,23760
2026-08-07 10:45:00,597.070129,597.88000,596.84998,597.39001,32335
2026-08-07 10:44:00,596.78003,597.75,596.45117,597,38668
2026-08-07 10:43:00,596.60498,596.96002,596.010071,596.83502,28777
2026-08-07 10:42:00,596.88501,597.080017,596.59003,596.64502,24919
2026-08-07 10:41:00,596.59119,597.32001,596.010010,596.88000,27542
2026-08-07 10:40:00,595.87000,597.37000,595.87000,596.64502,79148
2026-08-07 10:39:00,595.84003,596.49988,595.42999,595.81000,31314
2026-08-07 10:38:00,595.76801,596.46002,595.35999,595.75,38545
2026-08-07 10:37:00,594.90002,595.89001,594.83,595.84399,21523
2026-08-07 10:36:00,594.65997,595.075012,594.5,594.88000,19477
2026-08-07 10:35:00,595.19000,595.59003,594.58240,594.79999,31940
2026-08-07 10:34:00,594.22998,595.30499,594.090027,595.15002,44798
2026-08-07 10:33:00,594.070007,594.25,593.13177,594.25,24104
2026-08-07 10:32:00,593.86658,594.3,593.65997,594.17499,27302
2026-08-07 10:31:00,592.40997,594.070007,592.40997,593.82501,66947
2026-08-07 10:30:00,592.81000,593.23999,592.45001,592.60999,20904
2026-08-07 10:29:00,592.53998,592.81,592.18103,592.81000,16480
2026-08-07 10:28:00,592.34003,592.73999,592.22,592.52502,23697
2026-08-07 10:27:00,592.72998,592.82001,592.20007,592.32257,12879
2026-08-07 10:26:00,593.46503,593.70001,592.735,592.73999,12770
2026-08-07 10:25:00,593.070007,593.60852,592.90002,593.47998,26417
2026-08-07 10:24:00,592.95947,593.70898,592.90082,593.010010,18546
2026-08-07 10:23:00,593.40002,594.24670,592.48999,592.79999,56292
2026-08-07 10:22:00,592.62000,593.50488,592.29999,593.40503,25175
2026-08-07 10:21:00,592.020020,592.79999,591.73,592.70001,18980
2026-08-07 10:20:00,592.46002,592.78998,591.82001,591.96478,37041
2026-08-07 10:19:00,591.15002,592.71002,591.15002,592.67999,57972
2026-08-07 10:18:00,590.42999,591.70001,590.42999,591.27002,26339
2026-08-07 10:17:00,589.91998,591,589.81000,590.77502,37037
2026-08-07 10:16:00,590,590.21997,589.78003,590.039001,24015
2026-08-07 10:15:00,589.96002,590.16998,589.45001,589.95502,24038
2026-08-07 10:14:00,589.76501,590,589.13000,589.91010,17295
2026-08-07 10:13:00,589.84003,590.14001,589.14001,589.79999,68613
2026-08-07 10:12:00,589.97998,590.070007,589.7,589.84497,23971
2026-08-07 10:11:00,590.21002,590.37000,589.75,589.98999,23348
2026-08-07 10:10:00,590.35999,590.95001,589.81000,590.21002,25993
2026-08-07 10:09:00,590.375,590.64001,590.10999,590.19373,15794
2026-08-07 10:08:00,590.15997,590.39001,589.65997,590.31500,15879
2026-08-07 10:07:00,591.080017,591.40100,589.83,590.21503,34290
2026-08-07 10:06:00,590.90002,591.87000,590.87000,590.87000,28440
2026-08-07 10:05:00,590.94989,591.14001,589.91998,591.044983,58503
2026-08-07 10:04:00,589.54999,590.96997,589.28009,590.88000,42419
2026-08-07 10:03:00,588.94000,589.90002,588.66498,589.71002,44572
2026-08-07 10:02:00,589.23999,589.29999,588.45,588.94000,32070
2026-08-07 10:01:00,589.46002,590.039978,589.21997,589.32001,18516
2026-08-07 10:00:00,589.25,589.68,588.59998,589.58569,20093
2026-08-07 09:59:00,590.21002,590.21002,589.010010,589.34003,18996
2026-08-07 09:58:00,589.83002,590.28003,589.56000,590.28003,16873
2026-08-07 09:57:00,590.28497,590.39001,589.70001,589.70813,22835
2026-08-07 09:56:00,590.66998,590.72998,590.21,590.28497,14846
2026-08-07 09:55:00,590.48499,591,590.39,590.64001,13520
2026-08-07 09:54:00,591.010010,591.36987,590.16010,590.48499,18377
2026-08-07 09:53:00,591.53003,591.72998,590.99,591.28101,11099
2026-08-07 09:52:00,591.69501,591.94000,591.049988,591.59998,12674
2026-08-07 09:51:00,591.059998,591.88000,590.88000,591.68500,26274
2026-08-07 09:50:00,591.17499,592,591,591.17499,42658
2026-08-07 09:49:00,589.40002,591.26001,589.044006,591,31799
2026-08-07 09:48:00,590.33002,590.71002,589.65,589.65002,30853
2026-08-07 09:47:00,590.059998,590.40002,589.71002,590.30499,25680
2026-08-07 09:46:00,589.96802,590.60999,589.72998,590.21997,28821
2026-08-07 09:45:00,589.28998,590.030029,589,589.92999,37087
2026-08-07 09:44:00,589.64001,589.76001,588.81610,589.45502,39488
2026-08-07 09:43:00,588.53003,589.76898,588.28009,589.375,24689
2026-08-07 09:42:00,587.62543,589.33228,587.53003,588.41998,36860
2026-08-07 09:41:00,589.69000,590.010010,587.71997,587.87000,24052
2026-08-07 09:40:00,590.31189,590.85992,589.45001,589.69000,25973
2026-08-07 09:39:00,590.19000,591.31500,589.56000,590.24500,40389
2026-08-07 09:38:00,592,592.21997,590.20660,590.34003,50325
2026-08-07 09:37:00,593.5,593.97998,591.70007,591.70007,35061
2026-08-07 09:36:00,592.25,594,591.90997,593.14001,64906
2026-08-07 09:35:00,592.5,593.77002,592.00012207,592.00012207,36281
2026-08-07 09:34:00,593.51007,594.15997,591.40997,592.46997,54055
2026-08-07 09:33:00,596.0050049,597,593.16199,593.51001,63365
2026-08-07 09:32:00,594.60498,596.28998,593.66998,596.28003,102219
2026-08-07 09:31:00,590.51001,594.89001,590.05,594.41571,134164
2026-08-07 09:30:00,589,590.59991,585.62,590.59991,590464
2026-08-06 15:59:00,589.84003,590.049988,589.51,589.84003,192592
2026-08-06 15:58:00,589.96002,589.96002,589.58002,589.78497,112246
2026-08-06 15:57:00,589.58502,590.10999,589.46002,589.96002,69230
2026-08-06 15:56:00,589.22998,589.67999,589.039978,589.66998,51888
2026-08-06 15:55:00,589.10999,589.44000,588.97998,589.19000,54457
2026-08-06 15:54:00,589.29498,589.52,588.91998,588.98499,42826
2026-08-06 15:53:00,588.62000,589.38501,588.45,589.19000,42267
2026-08-06 15:52:00,588.34003,588.72870,588.28998,588.67999,41258
2026-08-06 15:51:00,588.28998,588.45001,588,588.33502,45303
2026-08-06 15:50:00,588.58002,588.58002,588.020020,588.31500,21593
2026-08-06 15:49:00,588.059998,588.54999,588.00097656,588.46997,20504
2026-08-06 15:48:00,587.78003,588.32123,587.42999,588.22498,22573
2026-08-06 15:47:00,588.25,588.40002,587.78003,587.97998,20969
2026-08-06 15:46:00,588.24988,588.34003,587.88239,588.21503,28364
2026-08-06 15:45:00,587.70001,588.20947,587.6,588.099976,30344
2026-08-06 15:44:00,587.39502,587.84851,587.29999,587.70001,31063
2026-08-06 15:43:00,588.020020,588.28003,587.34003,587.34003,36971
2026-08-06 15:42:00,588.40002,588.60999,587.96,588,33475
2026-08-06 15:41:00,589.070007,589.080017,588.28998,588.34003,28319
2026-08-06 15:40:00,589.40997,589.56500,588.88000,588.97498,26722
2026-08-06 15:39:00,589.78741,589.88000,589.42,589.5,13075
2026-08-06 15:38:00,589.85040,590,589.84003,589.84003,14558
2026-08-06 15:37:00,589.60999,590,589.47998,589.80499,21877
2026-08-06 15:36:00,589.67999,589.84003,589.53998,589.71002,20594
2026-08-06 15:35:00,589,589.78497,588.97998,589.76001,22700
2026-08-06 15:34:00,588.47998,589.020020,588.28,589.020020,22615
2026-08-06 15:33:00,588.61621,588.83002,588.35999,588.48499,20836
2026-08-06 15:32:00,589.23499,589.27502,588.52002,588.65997,21554
2026-08-06 15:31:00,588.91498,589.21,588.77002,589.15997,21497
2026-08-06 15:30:00,589.080017,589.21002,588.58002,589.059998,24212
2026-08-06 15:29:00,589.23999,589.57990,589.090027,589.24500,22186
2026-08-06 15:28:00,589.84998,589.84998,589.20001,589.40997,23275
2026-08-06 15:27:00,590.081421,590.19672,589.55011,589.84998,28906
2026-08-06 15:26:00,590.28003,590.61,590.28003,590.39502,17036
2026-08-06 15:25:00,590.16998,590.38989,590,590.38989,23069
2026-08-06 15:24:00,590.57001,590.58990,590.16998,590.21722,12077
2026-08-06 15:23:00,590.33002,590.67999,590.22998,590.59003,15804
2026-08-06 15:22:00,590.22498,590.5,590.15997,590.42999,12262
2026-08-06 15:21:00,589.90002,590.19000,589.82013,590.19000,12764
2026-08-06 15:20:00,590.020020,590.04,589.76001,589.92499,13868
2026-08-06 15:19:00,590.099976,590.17798,589.96997,590.085022,15391
2026-08-06 15:18:00,590.030029,590.10999,589.59998,590.080017,13340
2026-08-06 15:17:00,590.21503,590.31000,589.96002,590.039978,18188
2026-08-06 15:16:00,590.31000,590.39001,590.085022,590.21997,19919
2026-08-06 15:15:00,590.5,590.54993,590.19000,590.25,21658
2026-08-06 15:14:00,590.58002,590.77002,590.48999,590.56897,13690
2026-08-06 15:13:00,590.98499,590.98499,590.63000,590.63000,10651
2026-08-06 15:12:00,590.70001,591.059998,590.59003,590.98499,17065
2026-08-06 15:11:00,590.54498,590.71,590.45648,590.58002,12118
2026-08-06 15:10:00,590.41010,590.59998,590.40002,590.59003,16493
2026-08-06 15:09:00,590.41998,590.53998,590.21997,590.45190,12390
2026-08-06 15:08:00,590.52502,590.56000,590.33002,590.37000,9920
2026-08-06 15:07:00,590.35999,590.73999,590.35999,590.43011,13532
2026-08-06 15:06:00,590.26001,590.44,590.18011,590.35999,12917
2026-08-06 15:05:00,589.92999,590.35999,589.82001,590.26001,11326
2026-08-06 15:04:00,589.82001,590,589.82,589.99500,7733
2026-08-06 15:03:00,590.31000,590.40002,589.73053,589.82001,9900
2026-08-06 15:02:00,590.22498,590.37,590.075,590.31000,8000
2026-08-06 15:01:00,589.55591,590.33990,589.55591,590.22498,24944
2026-08-06 15:00:00,589.71997,589.78998,589.53003,589.66400,12080
2026-08-06 14:59:00,589.59998,589.79999,589.45502,589.70929,10479
2026-08-06 14:58:00,589.40997,589.79,589.40997,589.69897,12962
2026-08-06 14:57:00,589.56500,589.67999,589.40002,589.48999,10849
2026-08-06 14:56:00,589.67010,589.89001,589.5,589.56500,9518
2026-08-06 14:55:00,589.83990,589.89001,589.69598,589.89001,10850
2026-08-06 14:54:00,590.030029,590.030029,589.69000,589.69000,18382
2026-08-06 14:53:00,590.0050049,590.17999,589.89050,590.094971,12344
2026-08-06 14:52:00,590.025024,590.17987,589.96002,590.080017,10384
2026-08-06 14:51:00,589.89001,590.14117,589.89001,589.97510,9720
2026-08-06 14:50:00,589.77002,589.91992,589.62000,589.85999,19969
2026-08-06 14:49:00,589.5,589.81000,589.5,589.71002,8943
2026-08-06 14:48:00,589.62512,589.83002,589.40997,589.56000,8231
2026-08-06 14:47:00,589.41998,589.95001,589.35999,589.53998,17019
2026-08-06 14:46:00,589.73999,589.84003,589.34,589.5,20761
2026-08-06 14:45:00,589.63000,589.87000,589.34998,589.73499,14412
2026-08-06 14:44:00,589.44659,589.83990,589.34998,589.5,10568
2026-08-06 14:43:00,589.66498,589.71997,589.23999,589.39502,14858
2026-08-06 14:42:00,589.28790,589.76001,589.28790,589.63501,9411
2026-08-06 14:41:00,589.83990,589.88000,589.15021,589.38000,13695
2026-08-06 14:40:00,589.54498,589.785,589.45178,589.78070,22434
2026-08-06 14:39:00,589.73499,589.95001,589.45001,589.46002,11752
2026-08-06 14:38:00,590.20990,590.29999,589.70007,589.84991,14343
2026-08-06 14:37:00,590.69000,590.74988,590,590.17999,21217
2026-08-06 14:36:00,591.21002,591.29993,590.64001,590.69501,18109
2026-08-06 14:35:00,591.070007,591.26501,591,591.125,16289
2026-08-06 14:34:00,590.96002,591.235,590.79999,591.039978,20778
2026-08-06 14:33:00,591.30920,591.5,590.85999,590.97498,16630
2026-08-06 14:32:00,590.78998,591.37000,590.71,591.28497,30031
2026-08-06 14:31:00,590.19000,590.78003,590.13,590.67999,14274
2026-08-06 14:30:00,590.25,590.27002,589.92999,590.080017,12613
2026-08-06 14:29:00,590.22803,590.29999,590.040100,590.21002,11235
2026-08-06 14:28:00,589.92999,590.37000,589.91,590.31897,21991
2026-08-06 14:27:00,589.48499,589.90503,589.48499,589.90002,16270
2026-08-06 14:26:00,589.72498,589.93,589.48499,589.54999,12810
2026-08-06 14:25:00,589.66998,589.83002,589.60999,589.72498,9433
2026-08-06 14:24:00,589.50500,589.90997,589.50500,589.66998,15083
2026-08-06 14:23:00,589.43500,589.865,589.43500,589.65002,16207
2026-08-06 14:22:00,589.73999,589.83002,589.28998,589.43500,16108
2026-08-06 14:21:00,589.53003,589.73999,589.38000,589.64001,12576
2026-08-06 14:20:00,588.69501,589.54999,588.69501,589.41498,14786
2026-08-06 14:19:00,588.84998,588.91998,588.71,588.71002,10781
2026-08-06 14:18:00,588.81000,589,588.76001,588.89001,11894
2026-08-06 14:17:00,588.58002,588.93,588.58002,588.73999,13527
2026-08-06 14:16:00,588.31958,588.75,588.030029,588.63000,35435
2026-08-06 14:15:00,588.48499,588.56989,588.13000,588.32001,14973
2026-08-06 14:14:00,588.23999,588.79993,588.17999,588.58990,16655
2026-08-06 14:13:00,588.21002,588.29999,588.099976,588.29993,13419
2026-08-06 14:12:00,588.20502,588.46503,588.205,588.21002,17184
2026-08-06 14:11:00,588.35999,588.43988,588.039978,588.20502,16437
2026-08-06 14:10:00,588.59998,588.59998,588.031982,588.44989,14421
2026-08-06 14:09:00,588.87000,588.96002,588.41998,588.58002,22491
2026-08-06 14:08:00,588.75,589.080017,588.75,588.91998,12728
2026-08-06 14:07:00,588.69501,588.79999,588.57013,588.57013,12413
2026-08-06 14:06:00,588.63501,588.75,588.35999,588.71002,17414
2026-08-06 14:05:00,588.92999,589.049988,588.23407,588.62000,19268
2026-08-06 14:04:00,589.19000,589.27002,588.91498,588.92999,10082
2026-08-06 14:03:00,589.075012,589.17999,588.97260,589.16498,11512
2026-08-06 14:02:00,588.74500,589.080017,588.59998,589.025024,12361
2026-08-06 14:01:00,589.45319,589.45319,588.64001,588.69000,14909
2026-08-06 14:00:00,589.52002,589.8125,589.36011,589.45001,18650
2026-08-06 13:59:00,589.60999,589.64001,589.33008,589.52002,6423
2026-08-06 13:58:00,589.42999,589.625,589.29999,589.52002,8097
2026-08-06 13:57:00,589.27002,589.48999,589.27002,589.35498,6100
2026-08-06 13:56:00,589.48999,589.52002,589.23999,589.23999,7170
2026-08-06 13:55:00,589.51501,589.65991,589.35052,589.45001,9700
2026-08-06 13:54:00,589.44501,589.61737,589.35052,589.48999,15111
2026-08-06 13:53:00,589.59998,589.69989,589.33002,589.5,7056
2026-08-06 13:52:00,589.35999,589.71991,589.26501,589.71887,10270
2026-08-06 13:51:00,589.065002,589.31000,588.95709,589.28998,5760
2026-08-06 13:50:00,589.10498,589.35498,589.020020,589.099976,10076
2026-08-06 13:49:00,589.020020,589.21002,588.94,589.10999,13212
2026-08-06 13:48:00,589.15320,589.15320,588.99,589.030029,9439
2026-08-06 13:47:00,588.71002,589.26990,588.63,589.099976,22137
2026-08-06 13:46:00,588.73999,588.82001,588.68420,588.75500,10698
2026-08-06 13:45:00,588.65002,588.78998,588.50342,588.67999,8689
2026-08-06 13:44:00,588.32501,588.63,588.30603,588.59998,12938
2026-08-06 13:43:00,588.58002,588.59003,588.27002,588.28998,15531
2026-08-06 13:42:00,588.41321,588.68988,588.16510,588.58002,10082
2026-08-06 13:41:00,588.21997,588.45001,588.15997,588.44897,6712
2026-08-06 13:40:00,588.16998,588.23999,588,588.12000,6519
2026-08-06 13:39:00,588.17218,588.47998,588.17218,588.21997,7491
2026-08-06 13:38:00,588.35999,588.55988,588.059998,588.14001,4208
2026-08-06 13:37:00,588.48499,588.56,588.059998,588.21503,19167
2026-08-06 13:36:00,588.47998,588.59003,588.40002,588.40002,5000
2026-08-06 13:35:00,588.65991,588.84991,588.12000,588.41998,18398
2026-08-06 13:34:00,587.35498,588.69000,587.23999,588.36853,17234
2026-08-06 13:33:00,587.84998,587.90002,587.14001,587.51001,33051
2026-08-06 13:32:00,587.79999,588.080017,587.79999,587.95001,7943
2026-08-06 13:31:00,587.78998,588.20001,587.70001,587.82501,10717
2026-08-06 13:30:00,587.96002,588.010010,587.63013,587.84998,11299
2026-08-06 13:29:00,588.32001,588.35999,587.90997,587.90997,12605
2026-08-06 13:28:00,588.34497,588.46002,587.90997,588.14001,22936
2026-08-06 13:27:00,588.57001,588.58002,588.25909,588.34497,5790
2026-08-06 13:26:00,588.13501,588.58002,588.135,588.41498,6962
2026-08-06 13:25:00,588.10498,588.32990,587.83008,588.19348,10989
2026-08-06 13:24:00,588.36499,588.42999,587.90997,588.10498,30146
2026-08-06 13:23:00,588.57001,588.57001,588.20001,588.39001,16774
2026-08-06 13:22:00,588.16998,588.52,588.080078,588.36078,16195
2026-08-06 13:21:00,588.48499,588.53998,588,588.16998,20048
2026-08-06 13:20:00,588.36499,588.515,588.25,588.47498,9710
2026-08-06 13:19:00,589,589,588.27002,588.37000,10643
2026-08-06 13:18:00,589.12000,589.33502,588.98401,588.98401,7149
2026-08-06 13:17:00,589.090027,589.49,589.020081,589.34003,15090
2026-08-06 13:16:00,589.19000,589.38989,589,589.16992,7674
2026-08-06 13:15:00,589,589.15002,588.85999,589.15002,6578
2026-08-06 13:14:00,589.13300,589.27002,588.83398,588.91998,9989
2026-08-06 13:13:00,589.070007,589.29999,589.07,589.15503,3743
2026-08-06 13:12:00,588.96997,589.17999,588.96997,589.15997,3647
2026-08-06 13:11:00,588.92322,589.19989,588.81000,588.94000,9307
2026-08-06 13:10:00,588.88000,588.96002,588.69000,588.95380,9540
2026-08-06 13:09:00,589.15997,589.15997,588.69751,588.84070,18525
2026-08-06 13:08:00,589.20001,589.34003,589.099976,589.15997,7459
2026-08-06 13:07:00,589.48999,589.48999,589.080078,589.25500,23969
2026-08-06 13:06:00,589.65002,589.87811,589.49,589.60199,8132
2026-08-06 13:05:00,589.45990,589.85999,589.19873,589.59949,19875
2026-08-06 13:04:00,590.40997,590.40997,589.25,589.45001,18981
2026-08-06 13:03:00,590.18500,590.62000,590.12402,590.39001,12612
2026-08-06 13:02:00,590.40002,590.57001,589.78003,590.21002,16710
2026-08-06 13:01:00,590.94000,591.27002,590.33502,590.59003,26146
2026-08-06 13:00:00,590,590.89,590,590.78003,22201
2026-08-06 12:59:00,589.35999,590.090027,589.12000,590.030029,34094
2026-08-06 12:58:00,589.013489,589.39001,588.92,589.27002,38670
2026-08-06 12:57:00,589.12653,589.15002,588.75,588.95001,38244
2026-08-06 12:56:00,589.070007,589.21002,588.99500,589.16498,36738
2026-08-06 12:55:00,589.085022,589.18988,588.92999,589.070007,43354
2026-08-06 12:54:00,588.94000,589.18988,588.63,589.085022,17318
2026-08-06 12:53:00,589,589.19000,588.68921,588.83002,12620
2026-08-06 12:52:00,588.65002,588.95990,588.65002,588.95001,12315
2026-08-06 12:51:00,588.60999,588.85999,588.5,588.56000,14743
2026-08-06 12:50:00,588.42352,588.73999,588.39001,588.53003,7439
2026-08-06 12:49:00,588.67499,588.67499,588.25,588.52002,10105
2026-08-06 12:48:00,588.48297,589.14001,588.37982,588.70502,27867
2026-08-06 12:47:00,588.65002,588.66998,588.455,588.57001,10428
2026-08-06 12:46:00,588.24500,588.64502,588.14001,588.64001,27475
2026-08-06 12:45:00,588.83002,588.92987,588.15997,588.24500,20212
2026-08-06 12:44:00,588.53003,588.91,588.40002,588.72998,18789
2026-08-06 12:43:00,589.090027,589.090027,588.38000,588.53497,26109
2026-08-06 12:42:00,589.5,589.65002,589,589.030029,15037
2026-08-06 12:41:00,589.40503,589.84003,589.29999,589.37000,215103
2026-08-06 12:40:00,590.48999,590.48999,589.34003,589.34003,24476
2026-08-06 12:39:00,590.059998,590.65002,590.032471,590.48999,59890
2026-08-06 12:38:00,589.60999,590.15991,589.57,590.10999,50723
2026-08-06 12:37:00,589.15997,589.60999,589.11,589.53998,67189
2026-08-06 12:36:00,589.22498,589.32990,589,589.17999,55309
2026-08-06 12:35:00,589.46997,589.52002,589.2,589.20001,59281
2026-08-06 12:34:00,589.16498,589.5,589.039978,589.46997,24572
2026-08-06 12:33:00,589.080017,589.375,588.98602,589.16498,38784
2026-08-06 12:32:00,589.094971,589.44000,589.047974,589.15002,34566
2026-08-06 12:31:00,589.34998,589.49988,589.10999,589.10999,14423
2026-08-06 12:30:00,589.375,589.57001,589.12000,589.23999,16518
2026-08-06 12:29:00,589.57990,589.60992,589.16498,589.30988,204574
2026-08-06 12:28:00,589.38501,589.79999,589.16162,589.54999,13512
2026-08-06 12:27:00,589.67999,589.84991,589.28998,589.38501,30580
2026-08-06 12:26:00,589.71002,589.91998,589.65002,589.78998,10683
2026-08-06 12:25:00,589.66998,589.92572,589.57562,589.73499,14274
2026-08-06 12:24:00,589.73999,589.75,589.54498,589.71503,9692
2026-08-06 12:23:00,589.59998,589.76501,589.46997,589.67499,11851
2026-08-06 12:22:00,589.72992,589.91998,589.5,589.59003,19659
2026-08-06 12:21:00,589.68561,589.79999,589.46002,589.65002,13919
2026-08-06 12:20:00,589.31000,589.65997,589.010010,589.65997,15097
2026-08-06 12:19:00,589.70001,589.71997,589.24847,589.40002,13152
2026-08-06 12:18:00,589.38501,589.82001,589.34998,589.68347,10855
2026-08-06 12:17:00,589.30499,589.57001,589.25,589.38501,19516
2026-08-06 12:16:00,589.049988,589.47998,588.91998,589.35999,16136
2026-08-06 12:15:00,589.20001,589.27002,588.79999,589.069885,33335
2026-08-06 12:14:00,588.82001,589.28003,588.70001,589.15503,15914
2026-08-06 12:13:00,588.65002,588.98999,588.53998,588.83429,13520
2026-08-06 12:12:00,588.22998,588.5,588.15997,588.5,12916
2026-08-06 12:11:00,588.40997,588.53003,588.20001,588.25,10617
2026-08-06 12:10:00,588.43500,588.90997,588.29999,588.40997,17361
2026-08-06 12:09:00,587.98999,588.435,587.79999,588.35999,15408
2026-08-06 12:08:00,587.80872,588.15002,587.74622,587.89001,6993
2026-08-06 12:07:00,587.65002,587.94000,587.42572,587.83502,15068
2026-08-06 12:06:00,588,588.080017,587.42499,587.56000,16802
2026-08-06 12:05:00,588.27252,588.27252,587.80011,587.98547,11605
2026-08-06 12:04:00,588.45502,588.47998,588.039978,588.21002,20923
2026-08-06 12:03:00,588.15002,588.66998,588.08,588.47998,16594
2026-08-06 12:02:00,588.10498,588.23999,587.98352,588.099976,15364
2026-08-06 12:01:00,587.82501,588.19000,587.70001,588.19000,12584
2026-08-06 12:00:00,588.13000,588.17,587.63,587.83002,14569
2026-08-06 11:59:00,588.19000,588.25989,587.81000,588.25989,23038
2026-08-06 11:58:00,588.21002,588.23999,587.97998,588.22998,20285
2026-08-06 11:57:00,587.5,588.67987,587.40570,588.20001,21835
2026-08-06 11:56:00,587.76001,587.92999,587.34998,587.48999,33818
2026-08-06 11:55:00,588.31000,588.31000,587.65503,587.81000,24821
2026-08-06 11:54:00,589,589.14990,588.12000,588.31000,10232
2026-08-06 11:53:00,589.044983,589.19000,588.44000,588.88373,9132
2026-08-06 11:52:00,589.20001,589.28992,588.75,589.098389,15310
2026-08-06 11:51:00,589.71002,589.71002,589.17499,589.21997,12160
2026-08-06 11:50:00,589.21997,589.78,589.21997,589.71002,15264
2026-08-06 11:49:00,589.64502,589.74,589.21997,589.25031,10956
2026-08-06 11:48:00,589.23999,589.66998,589.15002,589.64502,11496
2026-08-06 11:47:00,589.32013,589.46002,589.090027,589.30499,15310
2026-08-06 11:46:00,589.039978,589.49988,588.645,589.45502,14020
2026-08-06 11:45:00,589.47998,589.57001,588.88000,588.88000,12899
2026-08-06 11:44:00,589.35999,589.67999,589.25,589.58002,12290
2026-08-06 11:43:00,589.52002,589.52002,589.12,589.21002,10266
2026-08-06 11:42:00,589.22498,589.59998,589.22498,589.46002,12842
2026-08-06 11:41:00,589.38000,589.48993,589.010010,589.28003,14781
2026-08-06 11:40:00,589.33002,589.64502,589.32,589.48993,12049
2026-08-06 11:39:00,589.46997,589.53998,589.15002,589.46002,22059
2026-08-06 11:38:00,589.21997,589.62000,589.21997,589.40997,9988
2026-08-06 11:37:00,589.59998,589.59998,589.10999,589.41510,14331
2026-08-06 11:36:00,588.98712,589.60999,588.81659,589.51001,14226
2026-08-06 11:35:00,589.46002,589.58002,588.75,588.89502,14336
2026-08-06 11:34:00,589.78992,589.78992,589.405,589.52002,16003
2026-08-06 11:33:00,589.5,589.83990,589.5,589.66998,15566
2026-08-06 11:32:00,589.35498,589.77002,589.30499,589.625,16528
2026-08-06 11:31:00,589.59497,589.59497,589.27502,589.35999,11154
2026-08-06 11:30:00,589.83002,589.83002,589.5,589.59497,14714
2026-08-06 11:29:00,589.83807,590.16998,589.5,589.90002,21163
2026-08-06 11:28:00,589.83990,589.93988,589.71997,589.87000,23753
2026-08-06 11:27:00,589.34998,589.94397,589.27002,589.82001,24937
2026-08-06 11:26:00,589.094971,589.615,589.010010,589.35498,19074
2026-08-06 11:25:00,589.20001,589.20001,588.67499,589.047119,13258
2026-08-06 11:24:00,589.47992,589.47992,589.094971,589.20001,11662
2026-08-06 11:23:00,589.12000,589.46997,588.92999,589.44000,13850
2026-08-06 11:22:00,588.98499,589.31000,588.83,589.12000,14029
2026-08-06 11:21:00,589.15997,589.47998,588.74298,588.96002,37026
2026-08-06 11:20:00,589.14001,589.48999,589.099976,589.27002,28605
2026-08-06 11:19:00,589.21997,589.52002,589.195,589.40997,18722
2026-08-06 11:18:00,589.58502,589.76990,589.049988,589.21503,41195
2026-08-06 11:17:00,589.90900,589.90991,589.5,589.66998,26429
2026-08-06 11:16:00,589.57990,590.020020,589.46002,589.87000,31848
2026-08-06 11:15:00,589.71002,589.84003,589.46997,589.57001,18879
2026-08-06 11:14:00,589.91498,590.015015,589.71997,589.82001,18107
2026-08-06 11:13:00,590.15997,590.26001,589.60999,589.81000,16106
2026-08-06 11:12:00,590.94989,590.95001,590.039978,590.039978,17896
2026-08-06 11:11:00,590.82001,591.18988,590.79498,590.95001,16622
2026-08-06 11:10:00,591.17499,591.17499,590.70923,590.83502,15379
2026-08-06 11:09:00,591.065002,591.24500,590.84998,591.055786,45433
2026-08-06 11:08:00,591.15070,591.34998,591,591.059998,19778
2026-08-06 11:07:00,591.080017,591.29,590.78,591.21002,25513
2026-08-06 11:06:00,591.17999,591.27002,590.92499,590.96002,20428
2026-08-06 11:05:00,591.73499,591.85999,591.28,591.37000,23011
2026-08-06 11:04:00,591.53082,592,591.48999,591.78998,62007
2026-08-06 11:03:00,591.38831,591.67499,591.13013,591.39502,45145
2026-08-06 11:02:00,591.47998,591.57001,591.08,591.44501,43259
2026-08-06 11:01:00,592.099976,592.27002,591.35999,591.53003,27642
2026-08-06 11:00:00,592.70001,592.90002,592.15,592.28992,16732
2026-08-06 10:59:00,593.34998,593.64001,592.27478,592.83502,20765
2026-08-06 10:58:00,593.28003,593.89001,593.10498,593.35999,33864
2026-08-06 10:57:00,592.5,593.31000,592.40002,593.26141,29576
2026-08-06 10:56:00,592.66998,592.85999,592.45001,592.47998,28059
2026-08-06 10:55:00,591.81000,592.62000,591.60498,592.38898,26450
2026-08-06 10:54:00,591.24500,591.82,590.83008,591.60498,26173
2026-08-06 10:53:00,590.77002,591.48993,590.57001,591.24500,19471
2026-08-06 10:52:00,591.16998,591.46997,590.53003,590.76501,17116
2026-08-06 10:51:00,590.85999,591.33002,590.60498,591.19000,22244
2026-08-06 10:50:00,589.72998,590.95001,589.50012,590.95001,23825
2026-08-06 10:49:00,589.70001,589.85498,589.34998,589.76001,39079
2026-08-06 10:48:00,589.51581,589.98798,589.25,589.62012,32186
2026-08-06 10:47:00,589.90002,589.90002,589.20001,589.5,20055
2026-08-06 10:46:00,589.96002,590.10498,589.76001,589.76001,29370
2026-08-06 10:45:00,590.57013,590.71521,589.84003,589.90503,56748
2026-08-06 10:44:00,591.34497,591.345,590.64001,590.65002,26578
2026-08-06 10:43:00,591.45001,591.51752,591.13000,591.34497,26162
2026-08-06 10:42:00,591.60498,591.96997,591.19000,591.5,30114
2026-08-06 10:41:00,592.81000,592.86761,591.40002,591.60999,31153
2026-08-06 10:40:00,593.375,593.70001,592.62000,592.75,32162
2026-08-06 10:39:00,593.67999,593.68,593.085876,593.40997,22426
2026-08-06 10:38:00,593.70001,594,593.5,593.76001,29289
2026-08-06 10:37:00,593.46002,593.90997,593.00012207,593.72498,31301
2026-08-06 10:36:00,592.17999,593.41998,592.005,593.27002,34652
2026-08-06 10:35:00,592.099976,592.44000,591.94000,592.12000,48802
2026-08-06 10:34:00,591.75,592.20001,591.29010,592.090027,22943
2026-08-06 10:33:00,591.049988,591.89502,590.90997,591.89502,38694
2026-08-06 10:32:00,590.82001,591.20001,590.63318,591.13501,27105
2026-08-06 10:31:00,590.099976,590.94000,590.025024,590.70001,18648
2026-08-06 10:30:00,589.97998,590.62988,589.71002,589.84998,22987
2026-08-06 10:29:00,589.73999,590,589.39001,589.97998,24326
2026-08-06 10:28:00,590.38000,590.56000,589.63000,589.63000,12777
2026-08-06 10:27:00,589.77502,590.5,589.60999,590.5,17273
2026-08-06 10:26:00,590.59497,590.65997,589.64001,589.73999,22507
2026-08-06 10:25:00,590.16498,590.65002,590.10999,590.48499,17087
2026-08-06 10:24:00,590.53003,590.67,590.080017,590.13000,22763
2026-08-06 10:23:00,590.080017,590.87000,590.075012,590.77002,33254
2026-08-06 10:22:00,590.10999,590.82001,590.10999,590.24500,34155
2026-08-06 10:21:00,590.099976,590.25,589.49500,590.10999,21970
2026-08-06 10:20:00,589.51001,590.17499,588.70001,590.17499,31172
2026-08-06 10:19:00,590.30499,590.38501,589.25012,589.45990,26137
2026-08-06 10:18:00,590.46997,590.95001,590,590.59998,23585
2026-08-06 10:17:00,589.77002,590.90002,589.72998,590.46503,47304
2026-08-06 10:16:00,589.70001,590.37592,589.385,589.91498,38669
2026-08-06 10:15:00,588.92999,589.69000,588.12000,589.69000,56832
2026-08-06 10:14:00,589.71997,589.79602,588.5,588.97498,31215
2026-08-06 10:13:00,590.20001,590.40503,589.71,589.90002,49894
2026-08-06 10:12:00,590.64001,591.075012,590.16998,590.30011,27884
2026-08-06 10:11:00,591.38000,591.465,590.23541,590.64502,29000
2026-08-06 10:10:00,591.46002,591.71002,591.14001,591.47498,27227
2026-08-06 10:09:00,591.64001,591.65002,590.60999,591.47498,50610
2026-08-06 10:08:00,591.76001,591.89001,591.22998,591.58002,25108
2026-08-06 10:07:00,591.51501,592.19000,591.32013,591.52002,25425
2026-08-06 10:06:00,592.13000,592.13501,590.46002,591.46002,52773
2026-08-06 10:05:00,592.56000,592.725,591.89709,592.14001,17846
2026-08-06 10:04:00,592.13000,592.97998,591.55499,592.79889,24952
2026-08-06 10:03:00,592.33990,592.62988,591.96002,592.059998,23472
2026-08-06 10:02:00,591.23999,592.33502,590.45001,592.14148,49953
2026-08-06 10:01:00,591.76001,591.81000,590.96002,591.14001,27464
2026-08-06 10:00:00,593.34003,593.68170,591.32953,591.57501,40329
2026-08-06 09:59:00,594.59119,594.63000,593.31097,593.34497,41773
2026-08-06 09:58:00,594.76001,594.78998,594.029480,594.78003,34135
2026-08-06 09:57:00,594.17499,594.78998,594.16498,594.75,24139
2026-08-06 09:56:00,594.72998,594.90002,593.77002,594.33942,49545
2026-08-06 09:55:00,594.46997,595.020020,594.29999,594.81500,89197
2026-08-06 09:54:00,594.39001,595.31000,594.039978,594.40002,155858
2026-08-06 09:53:00,592.29999,594.48999,591.755,594.16498,62195
2026-08-06 09:52:00,590.95001,592.41699,590.87000,592.29999,72367
2026-08-06 09:51:00,590.98999,591.070007,590.51001,590.82001,42787
2026-08-06 09:50:00,590.099976,591.049988,589.91901,590.92499,38847
2026-08-06 09:49:00,590.44000,590.59003,590.010010,590.22998,20030
2026-08-06 09:48:00,591.022400,591.57001,590.17999,590.38000,44178
2026-08-06 09:47:00,590.10498,591.40997,589.97998,591.21997,53150
2026-08-06 09:46:00,589.82251,590.58002,589.60999,590.29999,39854
2026-08-06 09:45:00,589.57001,590.14001,589.35498,589.83502,41458
2026-08-06 09:44:00,589.46002,589.79999,588.895,589.62000,49664
2026-08-06 09:43:00,590.039978,590.53998,589.46,589.625,26984
2026-08-06 09:42:00,590.13501,590.78003,589.21997,590.39001,49039
2026-08-06 09:41:00,589.45502,591,589.36,590.21002,58852
2026-08-06 09:40:00,591.13501,591.47998,589.15997,589.15997,62174
2026-08-06 09:39:00,591.48999,592.29999,589.45001,591.46997,64252
2026-08-06 09:38:00,592.36499,592.815,591.17999,591.48999,49976
2026-08-06 09:37:00,592.84497,593.55988,591.47998,592.23718,82615
2026-08-06 09:36:00,592.70001,594.79999,592.44000,592.70007,129449
2026-08-06 09:35:00,590.22998,592.90002,589.21198,592.58502,72263
2026-08-06 09:34:00,588.62000,590.67999,588.475,590.22998,46577
2026-08-06 09:33:00,589.5,590.77,588.16998,588.78003,54988
2026-08-06 09:32:00,591.68500,591.68500,588.13000,589.86499,63994
2026-08-06 09:31:00,587.96002,592.27222,587.35,591.68500,66086
2026-08-06 09:30:00,586.33502,589.010010,585.99500,588.12000,632013
2026-08-05 15:59:00,589.33502,589.59998,588.48999,588.90997,252664
2026-08-05 15:58:00,589.48999,589.67499,589.14081,589.30499,119301
2026-08-05 15:57:00,589.79999,589.97998,589.4,589.48499,118097
2026-08-05 15:56:00,589.67999,590.17999,589.65503,589.86499,105965
2026-08-05 15:55:00,589.32001,589.71002,588.82001,589.67999,81927
2026-08-05 15:54:00,588.63000,589.40997,588.34003,589.24500,86264
2026-08-05 15:53:00,588.33002,588.64001,588.18,588.56500,47000
2026-08-05 15:52:00,588.17499,588.46002,587.95001,588.30988,37505
2026-08-05 15:51:00,588.080017,588.25,587.71002,588.23999,44555
2026-08-05 15:50:00,587.63000,588.40668,587.47009,588.13000,49724
2026-08-05 15:49:00,587.080017,587.68988,587.070007,587.54999,30216
2026-08-05 15:48:00,587.37000,587.37000,587,587.010010,25846
2026-08-05 15:47:00,587.44000,587.64001,587.039978,587.42999,27176
2026-08-05 15:46:00,587.57001,587.61499,587.15002,587.44000,26716
2026-08-05 15:45:00,586.81000,588.14,586.81000,587.67499,50777
2026-08-05 15:44:00,587.13989,587.28003,586.92999,587,23921
2026-08-05 15:43:00,587.039917,587.21997,586.90997,587.13000,15712
2026-08-05 15:42:00,587.19501,587.36499,586.92,587.039917,27827
2026-08-05 15:41:00,587.67999,587.67999,587,587.19000,16915
2026-08-05 15:40:00,587.27002,587.70502,587,587.53003,29960
2026-08-05 15:39:00,586.84003,587.29,586.63000,587.12000,41445
2026-08-05 15:38:00,587.91998,588,586.38000,586.79999,29720
2026-08-05 15:37:00,587.37988,588,587.20001,587.90997,24022
2026-08-05 15:36:00,586.58002,587.47992,586.39008,587.28998,36544
2026-08-05 15:35:00,587.21002,587.29993,586.65,586.69501,26078
2026-08-05 15:34:00,586.92999,587.35,586.65,587.15002,38864
2026-08-05 15:33:00,588.21002,588.375,586.66998,586.89038,92004
2026-08-05 15:32:00,588.049988,588.46429,587.70001,588.21002,29296
2026-08-05 15:31:00,588.30499,588.41998,587.58002,588.054993,26175
2026-08-05 15:30:00,588.47998,588.72998,588.090088,588.26001,30356
2026-08-05 15:29:00,588.20502,588.74,588.19000,588.41998,30824
2026-08-05 15:28:00,588.44501,588.56000,588.00048828,588.22998,25677
2026-08-05 15:27:00,588.46503,588.86481,588.32,588.5,47758
2026-08-05 15:26:00,587.90997,588.59998,587.85498,588.59998,64259
2026-08-05 15:25:00,587.57001,587.92987,587.25500,587.78497,30887
2026-08-05 15:24:00,587.47498,587.82990,586.96997,587.57001,39565
2026-08-05 15:23:00,587.5,587.98999,587.32001,587.38000,39449
2026-08-05 15:22:00,585.97498,587.82001,585.76001,587.28729,39694
2026-08-05 15:21:00,586.77002,586.77002,585.059998,585.96002,60187
2026-08-05 15:20:00,586.65997,587.48999,585.35999,586.94989,135664
2026-08-05 15:19:00,586.21997,586.79999,585.010498,586.60498,76386
2026-08-05 15:18:00,585.87000,586.75,585.63,586.25,147560
2026-08-05 15:17:00,586.010010,586.46942,585.039978,586.010010,90849
2026-08-05 15:16:00,585.075012,587.39941,584.77002,586.044983,117286
2026-08-05 15:15:00,583.35999,585.31500,583.33002,585.075012,74090
2026-08-05 15:14:00,583.090027,583.75,583.090027,583.35999,50734
2026-08-05 15:13:00,583.19501,583.58002,583.00061035,583.044983,26855
2026-08-05 15:12:00,582.94250,583.24988,582.83002,583.19751,9026
2026-08-05 15:11:00,582.83002,582.97998,582.72998,582.96008,12157
2026-08-05 15:10:00,582.875,583,582.6,582.96991,13040
2026-08-05 15:09:00,583.039978,583.039978,582.34998,582.86499,31919
2026-08-05 15:08:00,582.27502,583.27087,582.2,583.049988,33930
2026-08-05 15:07:00,582.34003,582.40997,582.11011,582.17999,8084
2026-08-05 15:06:00,582.39001,582.67987,582.25,582.34003,15971
2026-08-05 15:05:00,581.56000,583.10468,581.56000,582.39001,91209
2026-08-05 15:04:00,580.85498,581.57001,580.42999,581.51001,60897
2026-08-05 15:03:00,581.17999,581.69000,580.54999,580.85498,41440
2026-08-05 15:02:00,580.98163,581.93799,580.28003,581.32001,44945
2026-08-05 15:01:00,582.11499,582.35999,580.64,580.68732,63645
2026-08-05 15:00:00,582.30719,583.19,581.84998,581.89001,81984
2026-08-05 14:59:00,582.86499,582.94000,582.28003,582.28003,8579
2026-08-05 14:58:00,582.79999,582.98999,582.70001,582.88000,11252
2026-08-05 14:57:00,582.76001,582.98999,582.62000,582.85498,19999
2026-08-05 14:56:00,583.10999,583.13000,582.70001,582.76001,15516
2026-08-05 14:55:00,583.20001,583.33002,583.14001,583.14001,4997
2026-08-05 14:54:00,583.48999,583.53003,583.22998,583.27502,31661
2026-08-05 14:53:00,583.27002,583.53497,583.21002,583.48999,7478
2026-08-05 14:52:00,583.25,583.32990,583.030029,583.27002,10313
2026-08-05 14:51:00,583.65002,583.72998,583.21002,583.25,14454
2026-08-05 14:50:00,583.57001,583.70001,583.46008,583.70001,10796
2026-08-05 14:49:00,583.52002,583.54,583.36060,583.5,12128
2026-08-05 14:48:00,583.34998,583.52002,583.19000,583.5,11394
2026-08-05 14:47:00,583.5,583.54999,583.22998,583.38000,10796
2026-08-05 14:46:00,583.875,583.875,583.45001,583.45001,7756
2026-08-05 14:45:00,583.59998,583.97998,583.46002,583.97998,10181
2026-08-05 14:44:00,583.51990,583.63000,583.39148,583.54498,8191
2026-08-05 14:43:00,583.77002,583.92999,583.43048,583.46503,15582
2026-08-05 14:42:00,583.73999,583.76,583.59003,583.71503,9347
2026-08-05 14:41:00,583.88000,583.88501,583.56012,583.58002,306559
2026-08-05 14:40:00,583.53497,583.90503,583.48999,583.875,10320
2026-08-05 14:39:00,583.47998,583.72699,583.44,583.45001,11890
2026-08-05 14:38:00,583.094971,583.56061,582.90997,583.56061,19537
2026-08-05 14:37:00,582.90002,583.16998,582.88000,583.16998,12580
2026-08-05 14:36:00,582.90002,583.15002,582.81000,583.080017,24661
2026-08-05 14:35:00,582.84003,583.059998,582.75,582.81500,14484
2026-08-05 14:34:00,582.82001,583.30768,582.78003,582.79999,9230
2026-08-05 14:33:00,582.92999,583.15991,582.83002,582.83002,12831
2026-08-05 14:32:00,582.60999,582.94501,582.57001,582.85498,12156
2026-08-05 14:31:00,582.66998,582.75,582.44,582.65002,14846
2026-08-05 14:30:00,582.88000,582.96991,582.54999,582.67999,13254
2026-08-05 14:29:00,582.83002,582.99,582.71002,582.89001,16911
2026-08-05 14:28:00,583.26001,583.26001,582.65002,582.81000,19288
2026-08-05 14:27:00,583.21997,583.26001,583.080017,583.26001,7509
2026-08-05 14:26:00,583.38000,583.38000,583.099976,583.15997,12352
2026-08-05 14:25:00,583.14001,583.38000,583.059998,583.35498,67279
2026-08-05 14:24:00,583.059998,583.21991,583.050476,583.16998,4744
2026-08-05 14:23:00,583.14502,583.21002,583.03,583.090027,10770
2026-08-05 14:22:00,583.13501,583.15002,582.89,583.14502,8519
2026-08-05 14:21:00,583.25,583.36987,582.99,583.13501,8688
2026-08-05 14:20:00,583.40002,583.46,583.26001,583.26001,12127
2026-08-05 14:19:00,583.25,583.53003,583.25,583.5,10801
2026-08-05 14:18:00,583.30988,583.30988,583.039978,583.30499,11031
2026-08-05 14:17:00,583.71997,583.71997,583.25,583.26001,13374
2026-08-05 14:16:00,583.71002,583.8,583.55011,583.66998,8170
2026-08-05 14:15:00,583.76001,583.8,583.51,583.75500,7403
2026-08-05 14:14:00,583.60498,583.88000,583.56,583.78003,16176
2026-08-05 14:13:00,583.52002,583.64001,583.47998,583.60498,9475
2026-08-05 14:12:00,583.62000,583.68768,583.53998,583.59998,12076
2026-08-05 14:11:00,583.46002,583.74,583.40997,583.69989,23814
2026-08-05 14:10:00,583.48999,583.64001,583.40009,583.44000,9130
2026-08-05 14:09:00,583.59497,583.59497,583.39,583.44000,6122
2026-08-05 14:08:00,583.52002,583.70001,583.39008,583.59497,11012
2026-08-05 14:07:00,583.52002,583.56000,583.34998,583.45001,8354
2026-08-05 14:06:00,583.76001,583.89001,583.45251,583.51001,5835
2026-08-05 14:05:00,584.010010,584.21918,583.63013,583.84497,17288
2026-08-05 14:04:00,583.65002,584.11401,583.55011,584.039978,11612
2026-08-05 14:03:00,583.52509,583.75,583.40002,583.75,13432
2026-08-05 14:02:00,583.47998,583.69000,583.37000,583.46002,20538
2026-08-05 14:01:00,583.59003,583.645,583.46997,583.47998,7758
2026-08-05 14:00:00,583.46997,583.67,583.35999,583.42877,9907
2026-08-05 13:59:00,583.63000,583.63000,583.26001,583.38000,14918
2026-08-05 13:58:00,583.89001,583.95001,583.58002,583.58002,24743
2026-08-05 13:57:00,583.73999,583.84,583.57001,583.76001,6785
2026-08-05 13:56:00,583.78003,584.049988,583.67059,583.81000,19283
2026-08-05 13:55:00,583.78003,583.79999,583.63000,583.75311,10278
2026-08-05 13:54:00,583.90997,583.98999,583.7,583.70001,14690
2026-08-05 13:53:00,583.65997,583.88000,583.56500,583.78003,16264
2026-08-05 13:52:00,583.59998,583.61499,583.46002,583.57001,10792
2026-08-05 13:51:00,583.10999,583.53003,583.010010,583.53003,11873
2026-08-05 13:50:00,583.10999,583.32001,583.020020,583.079895,6885
2026-08-05 13:49:00,583.23999,583.34497,582.94000,583.19000,18192
2026-08-05 13:48:00,583.59003,583.70001,583.28003,583.38989,17523
2026-08-05 13:47:00,583.40002,583.77002,583.20001,583.63000,15631
2026-08-05 13:46:00,582.70502,583.40009,582.60999,583.40009,21853
2026-08-05 13:45:00,583.20001,583.24988,582.53003,582.69000,22735
2026-08-05 13:44:00,583.21002,583.29999,583.090515,583.29999,11800
2026-08-05 13:43:00,583.065002,583.23999,583,583.16803,5751
2026-08-05 13:42:00,583.16998,583.23999,582.75,583.10999,13979
2026-08-05 13:41:00,583.27502,583.38000,582.84,582.84003,7633
2026-08-05 13:40:00,582.67999,583.37,582.59998,583.15503,13551
2026-08-05 13:39:00,582.98499,583.099976,582.57013,582.71002,14104
2026-08-05 13:38:00,583.51001,583.66498,582.78009,582.89050,27568
2026-08-05 13:37:00,583.84497,583.875,583.55499,583.65997,10712
2026-08-05 13:36:00,584.020020,584.15002,583.69000,583.875,38151
2026-08-05 13:35:00,583.78003,584.089905,583.73999,583.92999,12841
2026-08-05 13:34:00,583.88501,584.044983,583.78998,583.90997,21072
2026-08-05 13:33:00,583.81000,583.98993,583.7,583.96002,18655
2026-08-05 13:32:00,583.98950,583.98999,583.64960,583.91211,16195
2026-08-05 13:31:00,583.83502,583.98999,583.65002,583.98999,20593
2026-08-05 13:30:00,583.89001,583.99,583.70612,583.84003,24477
2026-08-05 13:29:00,583.98950,583.98950,583.52502,583.70001,11022
2026-08-05 13:28:00,583.82001,584.13000,583.78998,583.875,10999
2026-08-05 13:27:00,583.94501,584.19,583.90002,583.95300,14206
2026-08-05 13:26:00,583.56012,584.19,583.56012,584.019470,12166
2026-08-05 13:25:00,583.52002,583.84949,583.28998,583.84949,22720
2026-08-05 13:24:00,583.72998,583.78003,583.39001,583.43500,18477
2026-08-05 13:23:00,584.16998,584.32001,583.66669,583.81000,12725
2026-08-05 13:22:00,584.44989,584.44989,584.02,584.17499,13020
2026-08-05 13:21:00,584.43500,584.5,584.10999,584.41998,9928
2026-08-05 13:20:00,584.83002,584.92,584.24011,584.44012,8173
2026-08-05 13:19:00,584.77002,584.99988,584.72998,584.91882,18748
2026-08-05 13:18:00,584.54999,584.85382,584.40997,584.74500,7959
2026-08-05 13:17:00,584.94501,585.070007,584.39001,584.39001,8247
2026-08-05 13:16:00,584.98499,585.13000,584.82001,585.079895,6974
2026-08-05 13:15:00,584.34998,585.080017,584.28998,584.96002,23879
2026-08-05 13:14:00,584.29999,584.63000,584.28998,584.45001,21773
2026-08-05 13:13:00,584.59998,584.89,584.085999,584.38000,14479
2026-08-05 13:12:00,584.83002,584.96997,584.62000,584.71002,17754
2026-08-05 13:11:00,584.15002,584.96997,584.049988,584.96991,11920
2026-08-05 13:10:00,584.77002,584.77002,584.049988,584.087830,14125
2026-08-05 13:09:00,584.70001,584.85999,584.54999,584.77002,11809
2026-08-05 13:08:00,584.41498,585.065002,584.31000,584.71503,14844
2026-08-05 13:07:00,584.090027,584.65002,584.010010,584.40002,13504
2026-08-05 13:06:00,584.28003,584.28003,584,584.049988,9180
2026-08-05 13:05:00,584.25,584.38501,584.20001,584.28998,7747
2026-08-05 13:04:00,584.31989,584.38000,584.075,584.24500,9204
2026-08-05 13:03:00,584.12000,584.355,584.01,584.22498,8259
2026-08-05 13:02:00,584.66998,584.77002,584.0015869,584.12000,14719
2026-08-05 13:01:00,584.5,584.84003,584.5,584.78003,9076
2026-08-05 13:00:00,585.17450,585.17450,584.48999,584.63501,14645
2026-08-05 12:59:00,584.87000,585.13000,584.81000,585.049988,19583
2026-08-05 12:58:00,584.98999,585.34998,584.78998,584.87000,19234
2026-08-05 12:57:00,585.375,585.5,584.89008,585.080017,15896
2026-08-05 12:56:00,585.059998,585.48999,584.65,585.375,34278
2026-08-05 12:55:00,584.5,585.099976,584.28998,585.025024,33837
2026-08-05 12:54:00,584.099976,584.86499,583.87000,584.58002,24059
2026-08-05 12:53:00,584.29999,584.39001,584.13,584.22498,9418
2026-08-05 12:52:00,584.094971,584.55243,584.010010,584.29999,17606
2026-08-05 12:51:00,584.35498,584.48499,584.080017,584.18500,9441
2026-08-05 12:50:00,584.5,584.76,584.01,584.35498,47137
2026-08-05 12:49:00,583.74030,584.64990,583.73999,584.56500,18610
2026-08-05 12:48:00,583.98999,584.051819,583.010071,583.73999,37275
2026-08-05 12:47:00,583.43011,584.37000,583.43011,583.85999,17877
2026-08-05 12:46:00,582.86200,584,582.84998,583.46997,48038
2026-08-05 12:45:00,583.26001,583.40997,582.75012,583,37871
2026-08-05 12:44:00,582.89001,583.5,582.75,583.34998,42982
2026-08-05 12:43:00,582.84003,583.010010,582.67999,582.95001,37243
2026-08-05 12:42:00,582.93500,583,582.70001,582.73999,7867
2026-08-05 12:41:00,582.72827,583.30988,582.68500,582.90002,24447
2026-08-05 12:40:00,582.61499,582.94989,582.32098,582.67999,11897
2026-08-05 12:39:00,583.31000,583.44989,582.45001,582.65002,34676
2026-08-05 12:38:00,583.20001,583.38000,582.92999,583.32501,18219
2026-08-05 12:37:00,582.48798,583.19000,582.41498,582.91199,19818
2026-08-05 12:36:00,583.25,583.45001,582.080017,582.41498,36402
2026-08-05 12:35:00,582.40997,583.45001,582.34,583.22998,38414
2026-08-05 12:34:00,582.39502,582.89880,582.19000,582.53003,18648
2026-08-05 12:33:00,581.5,582.72998,581,582.48602,115067
2026-08-05 12:32:00,581.66498,581.96,581.24121,581.58002,18672
2026-08-05 12:31:00,582.60999,582.69,581.51001,581.77002,48580
2026-08-05 12:30:00,582.97998,583.21997,582.40002,582.60498,19728
2026-08-05 12:29:00,582.78278,583.28998,582.22998,583.039978,37756
2026-08-05 12:28:00,582.53998,582.87000,582.27002,582.73999,14980
2026-08-05 12:27:00,583.42499,583.62000,582.53998,582.53998,23679
2026-08-05 12:26:00,583.16998,583.77002,583.049988,583.42499,12081
2026-08-05 12:25:00,582.88013,583.41992,582.88000,583.22998,19529
2026-08-05 12:24:00,583.91248,584.14,582.92499,583.044983,26269
2026-08-05 12:23:00,584.34003,584.47998,583.79498,584.020020,18278
2026-08-05 12:22:00,585.080017,585.15002,584.26501,584.40002,37303
2026-08-05 12:21:00,584.42010,585.28992,584.28387,585.28992,21465
2026-08-05 12:20:00,584.52502,584.81000,584.070007,584.46002,22446
2026-08-05 12:19:00,583.70001,584.53998,583.67499,584.47998,40701
2026-08-05 12:18:00,582.92999,583.7,582.79999,583.5,37486
2026-08-05 12:17:00,583.32001,583.32001,582.88000,582.95502,22265
2026-08-05 12:16:00,582,583.32501,582,583.32501,44315
2026-08-05 12:15:00,581.87000,582.2,581.59,582.010010,18965
2026-08-05 12:14:00,581.45001,581.79999,581.10999,581.79999,27002
2026-08-05 12:13:00,581.58002,582.079895,581.35999,581.45001,27777
2026-08-05 12:12:00,580.70001,581.52502,580.12000,581.52002,78374
2026-08-05 12:11:00,581.40002,581.77002,580.70001,580.70001,41065
2026-08-05 12:10:00,582.12000,582.12000,581.40997,581.42999,26973
2026-08-05 12:09:00,582.19000,582.33002,581.90503,582.15991,22858
2026-08-05 12:08:00,582.36499,582.53003,582,582.13000,18650
2026-08-05 12:07:00,581.82001,583.16998,581.82001,582.44000,31848
2026-08-05 12:06:00,582.17999,582.29901,581.47998,581.89001,21143
2026-08-05 12:05:00,582.29999,582.37988,581.57,582.33002,41354
2026-08-05 12:04:00,582.16998,582.47,581.85083,582.28497,58211
2026-08-05 12:03:00,581.40002,582.19989,581.14001,582.15997,48208
2026-08-05 12:02:00,581.40503,581.5,580.38000,581.46997,88994
2026-08-05 12:01:00,582.33002,582.45,581.33221,581.33221,17645
2026-08-05 12:00:00,582,582.66992,581.60498,582.37000,44830
2026-08-05 11:59:00,582.98999,583.38849,582,582.020020,37127
2026-08-05 11:58:00,582.53497,582.97998,582.28052,582.90002,30974
2026-08-05 11:57:00,582.76001,582.77002,582.099976,582.53497,28222
2026-08-05 11:56:00,583.17999,583.21997,582.63000,582.63000,30932
2026-08-05 11:55:00,582.84003,583.28998,582.84003,583.28998,49136
2026-08-05 11:54:00,583.42999,583.49988,582.82001,582.86499,24347
2026-08-05 11:53:00,583.40002,583.71997,583.23999,583.40002,28209
2026-08-05 11:52:00,583.56012,583.98999,583.40002,583.40002,30117
2026-08-05 11:51:00,584.10999,584.21991,583.51001,583.64001,22397
2026-08-05 11:50:00,584.19012,584.32001,583.62000,584.010010,21678
2026-08-05 11:49:00,584.53998,584.72,584.26001,584.33502,17262
2026-08-05 11:48:00,584.68500,584.78998,584.37000,584.65503,11790
2026-08-05 11:47:00,584.65503,584.90002,584.5,584.59998,20152
2026-08-05 11:46:00,584.94501,585.099976,584.50189,584.74500,15359
2026-08-05 11:45:00,584.84497,585.13,584.63000,584.98999,30192
2026-08-05 11:44:00,585.17999,585.19952,584.72998,584.78998,37176
2026-08-05 11:43:00,585.43500,585.52991,585.030029,585.19501,13406
2026-08-05 11:42:00,585.59003,585.68,585.30011,585.39001,15144
2026-08-05 11:41:00,585.71997,585.84991,585.37000,585.59497,16535
2026-08-05 11:40:00,585.81000,585.95990,585.40198,585.72998,13171
2026-08-05 11:39:00,586.044983,586.16998,585.64001,585.80499,38523
2026-08-05 11:38:00,586.20001,586.20001,585.77002,586.039978,18193
2026-08-05 11:37:00,585.63818,586.20001,585.19000,586.20001,39806
2026-08-05 11:36:00,586.39001,586.44000,585.59998,585.79999,23512
2026-08-05 11:35:00,586.56952,586.65448,586,586.29999,25917
2026-08-05 11:34:00,586.61499,586.70001,586.23810,586.53510,13456
2026-08-05 11:33:00,587.039978,587.22998,586.39,586.51007,17784
2026-08-05 11:32:00,586.78497,587.46979,586.78497,586.95001,23601
2026-08-05 11:31:00,586.38409,587.21997,586.19000,586.78497,48665
2026-08-05 11:30:00,585.90002,586.47998,585.78998,586.25012,39838
2026-08-05 11:29:00,586.14502,586.38000,585.96240,585.96240,31170
2026-08-05 11:28:00,586.51001,586.59497,586,586.14502,32018
2026-08-05 11:27:00,586.94177,587.15503,586.51001,586.69989,25387
2026-08-05 11:26:00,587.28998,587.28998,586.63098,586.92999,30312
2026-08-05 11:25:00,587.78998,588.15002,587.15002,587.15002,16704
2026-08-05 11:24:00,587.23999,588.049988,587.23999,588,25768
2026-08-05 11:23:00,587.47498,587.48999,587.099976,587.23999,24577
2026-08-05 11:22:00,587.57001,587.855,587.21002,587.42499,35415
2026-08-05 11:21:00,587.53497,587.75,587.28998,587.48999,32678
2026-08-05 11:20:00,588.049988,588.10797,587.21997,587.42999,46841
2026-08-05 11:19:00,588.90997,588.98993,587.87000,588.19000,44903
2026-08-05 11:18:00,589.31000,589.32501,588.125,588.90997,33448
2026-08-05 11:17:00,589.29999,589.63000,589.20001,589.32501,12149
2026-08-05 11:16:00,589.38501,589.64001,589.21002,589.51001,22124
2026-08-05 11:15:00,589.75,590.099976,589.23999,589.40997,11109
2026-08-05 11:14:00,589.65997,590,589.65997,589.76001,15080
2026-08-05 11:13:00,589.65503,589.70172,589.23999,589.62000,16837
2026-08-05 11:12:00,589.86499,590,589.59003,589.65997,23248
2026-08-05 11:11:00,589.79999,590.20001,589.59003,589.84497,15702
2026-08-05 11:10:00,589.77502,589.90002,589.33801,589.65997,22663
2026-08-05 11:09:00,590.10999,590.22,589.64001,589.77502,32616
2026-08-05 11:08:00,590.21997,590.72498,589.64001,590.21997,40232
2026-08-05 11:07:00,590.82001,591.27002,590.28003,590.28003,19488
2026-08-05 11:06:00,590.95001,591.14001,590.35999,590.73999,12427
2026-08-05 11:05:00,591.57501,591.63800,590.94000,591.10052,9384
2026-08-05 11:04:00,590.63000,591.5,590.54498,591.5,13322
2026-08-05 11:03:00,590.78113,590.96997,590.38000,590.53497,14835
2026-08-05 11:02:00,591.64001,591.71997,590.79999,590.79999,10608
2026-08-05 11:01:00,592.49103,592.49103,591.14001,591.66827,14253
2026-08-05 11:00:00,591.090027,592.49988,591,592.34497,35848
2026-08-05 10:59:00,590.55499,591.23999,590.33002,590.90997,19094
2026-08-05 10:58:00,590.63000,590.84991,590.46002,590.58502,14313
2026-08-05 10:57:00,590.22998,590.93,590.010010,590.78003,34617
2026-08-05 10:56:00,590.79993,590.79993,590.21002,590.35498,20995
2026-08-05 10:55:00,590.60999,590.87988,590.37000,590.78998,10941
2026-08-05 10:54:00,590.79999,590.88953,590.26001,590.81500,31911
2026-08-05 10:53:00,591.22998,591.56000,590.57,590.97498,20477
2026-08-05 10:52:00,591.13000,591.44501,590.79999,591.14001,28564
2026-08-05 10:51:00,591.95001,592.049988,591.13000,591.27002,28333
2026-08-05 10:50:00,592.081970,592.44000,591.74,592.033081,10304
2026-08-05 10:49:00,591.73999,592.22,591.59998,592.21002,11261
2026-08-05 10:48:00,592.17999,592.26270,591.54999,591.84998,19551
2026-08-05 10:47:00,592.65002,592.65002,592.03,592.17999,15368
2026-08-05 10:46:00,591.92499,592.83002,591.88000,592.67999,28057
2026-08-05 10:45:00,592.19000,592.40002,591.88000,591.88000,13653
2026-08-05 10:44:00,592,592.19000,591.57312,592.19000,16364
2026-08-05 10:43:00,592.17511,592.30737,591.74921,591.98999,19620
2026-08-05 10:42:00,591.84497,592.41,591.56000,592.20001,14041
2026-08-05 10:41:00,591.65002,592.010010,591.625,591.95618,15176
2026-08-05 10:40:00,591.78003,592.25,591.58411,591.75500,27975
2026-08-05 10:39:00,591.52002,591.95001,591.48499,591.83502,27719
2026-08-05 10:38:00,591.82001,591.96002,591.32001,591.48499,26603
2026-08-05 10:37:00,592.37000,592.37000,591.63,591.67999,24748
2026-08-05 10:36:00,592.33002,592.34998,591.40002,591.92999,28029
2026-08-05 10:35:00,592.46002,592.85828,592.32001,592.33002,17710
2026-08-05 10:34:00,592.64502,592.92999,592.27002,592.53003,14022
2026-08-05 10:33:00,592.60992,593.059998,592.40002,592.66998,19964
2026-08-05 10:32:00,591.5,592.60999,591.31219,592.60999,24669
2026-08-05 10:31:00,592.71002,592.75031,591.48999,591.48999,23895
2026-08-05 10:30:00,591.82001,592.77,591.81000,592.71002,22562
2026-08-05 10:29:00,592.59003,592.86,591.70001,591.81000,33663
2026-08-05 10:28:00,593.70001,593.83990,592.63501,592.63501,21818
2026-08-05 10:27:00,593.40002,593.71997,593.20001,593.69000,35881
2026-08-05 10:26:00,593.40503,593.71997,592.88,593.23999,15399
2026-08-05 10:25:00,592.71997,594.23999,592.71997,593.40002,29001
2026-08-05 10:24:00,591.71002,593,591.61499,592.84998,24099
2026-08-05 10:23:00,591.76001,591.97992,591.18011,591.87000,29525
2026-08-05 10:22:00,593.080017,593.20001,591.20001,591.64001,61305
2026-08-05 10:21:00,593.28998,593.72998,593,593.080017,22059
2026-08-05 10:20:00,593.059998,593.73999,592.90997,593.40002,21586
2026-08-05 10:19:00,593.45221,593.73999,593.12,593.13000,18854
2026-08-05 10:18:00,593.34998,593.45001,592.91998,593.42999,22127
2026-08-05 10:17:00,593.60498,593.7,593.010010,593.57501,25078
2026-08-05 10:16:00,594.76001,594.89093,593.39001,593.81000,20338
2026-08-05 10:15:00,594.53998,595.36200,594.40997,594.77002,17642
2026-08-05 10:14:00,594.15790,595,593.90997,594.62000,23740
2026-08-05 10:13:00,593.71002,594.22638,593.53998,593.75,26384
2026-08-05 10:12:00,593.54327,593.82391,592.98999,593.60999,20575
2026-08-05 10:11:00,593.33002,593.79901,593.21,593.53998,14656
2026-08-05 10:10:00,593.87000,594.10999,592.91479,593.16998,32900
2026-08-05 10:09:00,592.77002,593.73560,592.67999,593.65997,23202
2026-08-05 10:08:00,593.48999,593.89001,592.59003,592.59003,30629
2026-08-05 10:07:00,593.76093,594.080017,593.43011,593.61499,17918
2026-08-05 10:06:00,594.87000,595.049988,593.54,593.82001,37657
2026-08-05 10:05:00,594.65997,596.39990,594.5,595,27447
2026-08-05 10:04:00,595.23499,595.38000,594.46997,594.77002,36877
2026-08-05 10:03:00,593.84998,595.29498,593.68500,595.29498,35996
2026-08-05 10:02:00,593.40997,594.21997,593.21997,593.81500,30427
2026-08-05 10:01:00,594.20001,594.44000,593.22998,593.41998,28471
2026-08-05 10:00:00,594.46997,595.39502,592.86011,594.27502,53168
2026-08-05 09:59:00,595.17499,595.26,594.21997,594.61499,24026
2026-08-05 09:58:00,595.125,595.65997,594.42499,595.13000,41303
2026-08-05 09:57:00,595.78998,596.069885,594.65002,595.010010,45059
2026-08-05 09:56:00,598.75,599.19000,595.69000,595.70020,50940
2026-08-05 09:55:00,598.57770,599,597.9,598.84497,64974
2026-08-05 09:54:00,598.059998,598.75,597.81000,598.72498,34545
2026-08-05 09:53:00,598.21503,599.49988,597.96997,598.020020,64813
2026-08-05 09:52:00,597.57001,598.5,597.35010,598.16510,44063
2026-08-05 09:51:00,597.63000,598.22998,596.99,597.40997,36652
2026-08-05 09:50:00,596.96002,597.63000,596.14008,597.43500,59108
2026-08-05 09:49:00,597.91998,597.91998,596.74,596.77002,30581
2026-08-05 09:48:00,598.27002,599.059998,597.63000,597.71997,64440
2026-08-05 09:47:00,597.78003,598.65002,597.56500,598.38000,32056
2026-08-05 09:46:00,596.77002,598.77002,596.58002,597.53003,39448
2026-08-05 09:45:00,596.070007,596.99933,595.75,596.99933,34834
2026-08-05 09:44:00,595.94000,596.29,595.22998,596.070007,24774
2026-08-05 09:43:00,597.59998,597.76001,595.20001,595.90002,36674
2026-08-05 09:42:00,595.71997,598.69000,595.50049,597.46503,92498
2026-08-05 09:41:00,595.42999,596.53998,595,595.75500,64234
2026-08-05 09:40:00,595.16998,595.65002,593.51001,595.16998,56795
2026-08-05 09:39:00,593.70001,595.68988,592.99,594.75,32093
2026-08-05 09:38:00,593.50830,594.67999,593.14001,593.71002,31105
2026-08-05 09:37:00,594.53003,595,593.13000,593.59497,41307
2026-08-05 09:36:00,592.71002,595.31891,591.50012,594.73999,99515
2026-08-05 09:35:00,597.85999,597.97498,592.5,592.53027,102299
2026-08-05 09:34:00,597.17999,597.87000,595.84003,597.83502,47353
2026-08-05 09:33:00,596.77002,597.96002,595.96,597.10999,61808
2026-08-05 09:32:00,595.57001,597.26001,595.0045166,597.22198,94536
2026-08-05 09:31:00,594.76501,595.96002,594,595.57501,71922
2026-08-05 09:30:00,600.52502,601,594.20001,594.55682,860785
2026-08-04 15:59:00,588.25,588.54999,587.65997,587.71002,18135
2026-08-04 15:58:00,588.16498,588.22,587.87000,588.19989,91026
2026-08-04 15:57:00,588.16998,588.34003,588.02,588.15997,63094
2026-08-04 15:56:00,588.34003,588.58002,588.10999,588.10999,49252
2026-08-04 15:55:00,588.46997,588.87,587.83801,588.44000,92927
2026-08-04 15:54:00,589.71002,589.775,588.33002,588.44000,71779
2026-08-04 15:53:00,589.88000,590.23,589.69,589.78003,70053
2026-08-04 15:52:00,589.96997,590.46997,589.79999,589.86298,64048
2026-08-04 15:51:00,589.90997,590.14001,589.51007,589.90997,71425
2026-08-04 15:50:00,590.46997,590.6,589.67999,589.94501,62667
2026-08-04 15:49:00,591.19000,591.20502,590.21997,590.28888,30070
2026-08-04 15:48:00,591.54498,591.54498,590.65002,591.22998,53380
2026-08-04 15:47:00,592.16998,592.28003,591.46997,591.53998,36199
2026-08-04 15:46:00,592.48999,592.52002,592.030029,592.15997,255475
2026-08-04 15:45:00,592.44000,592.53998,592.20001,592.51501,258106
2026-08-04 15:44:00,592.48999,592.78699,592.34998,592.45001,285978
2026-08-04 15:43:00,592.29999,592.56,591.97009,592.49091,39976
2026-08-04 15:42:00,591.87000,592.34003,591.7,592.29999,46866
2026-08-04 15:41:00,591.21002,591.82001,591.2,591.80499,21391
2026-08-04 15:40:00,591.28003,591.5,590.81000,591.27002,72292
2026-08-04 15:39:00,591.66010,591.77002,591.17499,591.35999,40183
2026-08-04 15:38:00,591.46997,591.72998,591.35999,591.65997,25746
2026-08-04 15:37:00,591.27502,591.70001,591.20007,591.40997,27850
2026-08-04 15:36:00,590.85999,591.34991,590.74011,591.25,24435
2026-08-04 15:35:00,591.085022,591.1,590.59998,590.90002,26069
2026-08-04 15:34:00,591.090027,591.28,590.97998,591.099976,25660
2026-08-04 15:33:00,590.92999,591.22998,590.88000,591.044983,27237
2026-08-04 15:32:00,590.97998,591.019897,590.73,590.90002,26546
2026-08-04 15:31:00,590.84497,591.05,590.64001,590.97998,35655
2026-08-04 15:30:00,590.51001,591.090027,590.39001,590.84497,34180
2026-08-04 15:29:00,590.41998,590.60999,590.29999,590.54498,22550
2026-08-04 15:28:00,590.40002,590.70001,590.099976,590.45001,37775
2026-08-04 15:27:00,590.48999,591,590.22998,590.40002,36523
2026-08-04 15:26:00,590.53998,590.71997,590.34003,590.45001,36735
2026-08-04 15:25:00,589.76001,590.95001,589.71,590.58002,70289
2026-08-04 15:24:00,589.62958,589.88,589.58008,589.79999,18398
2026-08-04 15:23:00,589.59998,589.65002,589.33002,589.60498,20218
2026-08-04 15:22:00,589.78003,589.82001,589.54999,589.57001,22512
2026-08-04 15:21:00,589.85999,589.92499,589.69000,589.72998,18574
2026-08-04 15:20:00,589.76501,590,589.7,589.875,25214
2026-08-04 15:19:00,589.70502,589.77002,589.36810,589.76501,21756
2026-08-04 15:18:00,589.65002,589.77991,589.56,589.70001,26908
2026-08-04 15:17:00,589.69000,589.73499,589.51001,589.64502,22959
2026-08-04 15:16:00,589.81000,590.19000,589.70001,589.77002,61019
2026-08-04 15:15:00,589.57001,589.84,589.465,589.78003,26089
2026-08-04 15:14:00,589.60999,589.675,589.53003,589.57001,12277
2026-08-04 15:13:00,589.43500,589.69,589.42,589.58502,17198
2026-08-04 15:12:00,589.54999,589.58990,589.23499,589.46997,22536
2026-08-04 15:11:00,589.53003,589.79999,589.52,589.54999,22267
2026-08-04 15:10:00,589.37000,589.59998,589.26,589.55499,25097
2026-08-04 15:09:00,589.22498,589.46002,589.14,589.45001,20478
2026-08-04 15:08:00,589.21997,589.29510,589.10498,589.21503,16237
2026-08-04 15:07:00,589.41998,589.44,588.84998,589.26501,20256
2026-08-04 15:06:00,588.88989,589.51001,588.81000,589.31000,29191
2026-08-04 15:05:00,588.70001,589.28998,588.70001,588.90997,33670
2026-08-04 15:04:00,588.80768,588.92987,588.63000,588.71002,15695
2026-08-04 15:03:00,588.72998,588.92,588.69000,588.84998,16696
2026-08-04 15:02:00,588.78003,588.90002,588.65997,588.66998,12971
2026-08-04 15:01:00,588.5,588.89001,588.5,588.75,16935
2026-08-04 15:00:00,588.37000,588.59918,588.13000,588.54999,15976
2026-08-04 14:59:00,588.40997,588.53003,588.21997,588.45001,13629
2026-08-04 14:58:00,588.54999,588.71997,588.33002,588.41010,13376
2026-08-04 14:57:00,588.78998,588.88000,588.48999,588.58002,12081
2026-08-04 14:56:00,588.35999,588.79,588.355,588.78998,8283
2026-08-04 14:55:00,588.45001,588.53,588.10999,588.42999,15710
2026-08-04 14:54:00,588.32501,588.54999,588.32001,588.48877,17177
2026-08-04 14:53:00,588.21997,588.4,588.13000,588.35999,174449
2026-08-04 14:52:00,588.29999,588.58002,588,588.22998,30688
2026-08-04 14:51:00,588.69000,588.78003,588.34497,588.34497,22876
2026-08-04 14:50:00,588.71997,588.88000,588.62671,588.77002,19972
2026-08-04 14:49:00,588.75,589,588.69000,588.78497,14839
2026-08-04 14:48:00,588.85498,588.88000,588.46997,588.70001,12558
2026-08-04 14:47:00,588.89001,588.98,588.63000,588.90002,16311
2026-08-04 14:46:00,588.82001,588.96002,588.70001,588.89001,10368
2026-08-04 14:45:00,588.5,588.97992,588.44012,588.83002,21568
2026-08-04 14:44:00,588.47998,588.51001,588.33,588.43188,11962
2026-08-04 14:43:00,588.84003,588.905,588.34003,588.41998,11878
2026-08-04 14:42:00,589.039978,589.039978,588.82001,588.90503,2244
2026-08-04 14:41:00,588.59003,589.049988,588.59003,589.049988,23784
2026-08-04 14:40:00,589,589.07,588.61499,588.65997,17030
2026-08-04 14:39:00,589.23999,589.285,588.85999,588.99500,10870
2026-08-04 14:38:00,589.27502,589.37000,589.15997,589.23499,10201
2026-08-04 14:37:00,589.34998,589.5,589.21002,589.21002,12998
2026-08-04 14:36:00,589.5,589.57001,589.31000,589.38501,9213
2026-08-04 14:35:00,589.27002,589.52002,589.27002,589.40997,8753
2026-08-04 14:34:00,589.5,589.56,589.20001,589.28998,15974
2026-08-04 14:33:00,589.66998,589.79999,589.51001,589.59003,19878
2026-08-04 14:32:00,589.41998,589.65997,589.41998,589.62000,13349
2026-08-04 14:31:00,589.52002,589.58002,589.25,589.32001,10407
2026-08-04 14:30:00,589.20502,589.57990,589.205,589.54999,15445
2026-08-04 14:29:00,589.12000,589.32001,588.96002,589.20502,17118
2026-08-04 14:28:00,589.42999,589.42999,589.099976,589.17499,15590
2026-08-04 14:27:00,588.71008,589.49500,588.71008,589.22998,19104
2026-08-04 14:26:00,588.75,588.96002,588.65002,588.80750,23231
2026-08-04 14:25:00,588.85999,589.09,588.72998,588.82501,25120
2026-08-04 14:24:00,589.21002,589.27502,588.75,588.82501,29466
2026-08-04 14:23:00,589.37958,589.38000,589.075012,589.28998,15588
2026-08-04 14:22:00,589.44000,589.5,589.17999,589.28003,20640
2026-08-04 14:21:00,589.42999,589.59998,589,589.26501,15317
2026-08-04 14:20:00,589.39001,589.66998,589.33002,589.49988,27385
2026-08-04 14:19:00,588.90503,589.5,588.90503,589.40503,27081
2026-08-04 14:18:00,588.63501,588.95001,588.51007,588.95001,8701
2026-08-04 14:17:00,589.090027,589.25,588.53003,588.57050,20060
2026-08-04 14:16:00,588.79999,589.15002,588.79999,589.15002,21212
2026-08-04 14:15:00,588.51001,589,588.5,588.79999,19378
2026-08-04 14:14:00,588.22498,588.70001,588.22498,588.40002,24497
2026-08-04 14:13:00,588.15503,588.28998,587.96503,588.19000,26965
2026-08-04 14:12:00,587.59998,588.19,587.40997,588.15002,14966
2026-08-04 14:11:00,587.71503,587.78003,587.435,587.67499,9662
2026-08-04 14:10:00,587.51001,587.83990,587.51001,587.60999,11921
2026-08-04 14:09:00,587.58002,587.65997,587.46002,587.46002,9422
2026-08-04 14:08:00,587.60999,587.78998,587.53998,587.58002,8474
2026-08-04 14:07:00,587.85999,587.92999,587.46002,587.65778,12287
2026-08-04 14:06:00,587.33002,587.87000,587.19000,587.78748,17812
2026-08-04 14:05:00,587.28998,587.44000,587.080017,587.28003,23700
2026-08-04 14:04:00,587.63000,587.63501,587.10999,587.28497,9386
2026-08-04 14:03:00,587.83002,587.83002,587.43500,587.64001,20611
2026-08-04 14:02:00,587.67999,587.98999,587.59003,587.75,16113
2026-08-04 14:01:00,587.5,588.10999,587.40503,587.76001,21769
2026-08-04 14:00:00,587.64502,587.85999,587.16998,587.20001,25814
2026-08-04 13:59:00,588.29999,588.29999,587.56567,587.59998,11584
2026-08-04 13:58:00,588.19513,588.33588,588.14008,588.27002,17839
2026-08-04 13:57:00,588.19000,588.225,587.74011,588.15997,14596
2026-08-04 13:56:00,588.070007,588.365,588,588.20001,17430
2026-08-04 13:55:00,587.94012,588.070007,587.71997,588.070007,19866
2026-08-04 13:54:00,588.71997,588.75,587.90002,587.92041,14135
2026-08-04 13:53:00,588.47998,588.78003,588.37927,588.78003,13361
2026-08-04 13:52:00,588.34003,588.47,588.099976,588.41498,14301
2026-08-04 13:51:00,588.59003,588.65997,588.105,588.53998,20299
2026-08-04 13:50:00,588.92499,589,588.33002,588.71002,23828
2026-08-04 13:49:00,589.42511,589.445,588.90198,589,23757
2026-08-04 13:48:00,589.16498,589.49,589.13458,589.44000,11688
2026-08-04 13:47:00,589.20001,589.40002,588.77002,589.16498,17594
2026-08-04 13:46:00,589.30499,589.405,589.12000,589.27502,13148
2026-08-04 13:45:00,589.44000,589.60999,589.28003,589.35999,15365
2026-08-04 13:44:00,589.42999,589.47998,589.12000,589.40997,19339
2026-08-04 13:43:00,589.23999,589.42999,589.039978,589.41998,17880
2026-08-04 13:42:00,589.16998,589.37000,589.040100,589.32300,16926
2026-08-04 13:41:00,588.72498,589.49,588.67999,589.17999,34491
2026-08-04 13:40:00,588.72998,588.86,588.51709,588.67999,15563
2026-08-04 13:39:00,589.26001,589.26001,588.61011,588.76501,25429
2026-08-04 13:38:00,589.010010,589.41998,589.010010,589.18500,16982
2026-08-04 13:37:00,588.64001,589.19000,588.5,588.96997,23157
2026-08-04 13:36:00,588.84003,589.18,588.43500,588.65387,33951
2026-08-04 13:35:00,588.47998,588.96002,588.43,588.83002,30076
2026-08-04 13:34:00,588.64502,588.79999,588.23999,588.34497,19069
2026-08-04 13:33:00,588.64722,588.67999,588.34998,588.60999,13131
2026-08-04 13:32:00,588.90002,588.90002,588.41998,588.67499,27171
2026-08-04 13:31:00,588.46997,588.98999,588.29999,588.80499,38717
2026-08-04 13:30:00,588.36749,588.42999,587.84003,588.40997,28356
2026-08-04 13:29:00,588.034973,588.41998,587.79999,588.33002,23321
2026-08-04 13:28:00,588.094971,588.8,587.79498,588.14001,33068
2026-08-04 13:27:00,587.41998,588.070007,587.29999,588.070007,22177
2026-08-04 13:26:00,587.28998,587.58252,587.26001,587.40503,18258
2026-08-04 13:25:00,587.38000,587.56000,587.10999,587.27002,40645
2026-08-04 13:24:00,587.21002,587.46997,587.039978,587.42999,15193
2026-08-04 13:23:00,586.40997,587.48999,586.40997,587.45001,28126
2026-08-04 13:22:00,586.0020142,586.5,585.455,586.48999,38883
2026-08-04 13:21:00,585.33002,586.16498,585.33002,586.010010,24949
2026-08-04 13:20:00,585.88000,585.89001,585.099976,585.33002,37196
2026-08-04 13:19:00,586.16998,586.27002,585.51007,585.83002,22249
2026-08-04 13:18:00,586.31012,586.47,586.11,586.12000,22692
2026-08-04 13:17:00,586.22998,586.44000,586.039978,586.34998,17664
2026-08-04 13:16:00,586.73999,586.74500,586.039978,586.25,26542
2026-08-04 13:15:00,585.92499,586.70001,585.86499,586.69000,33104
2026-08-04 13:14:00,586.049988,586.21002,585.47998,585.92999,23936
2026-08-04 13:13:00,586.75,586.82001,586,586.070007,31200
2026-08-04 13:12:00,587.15997,587.27002,586.5,586.84003,33676
2026-08-04 13:11:00,586.65002,587.28998,586.57001,587.15997,30455
2026-08-04 13:10:00,587.20001,587.29993,586.51001,586.73993,36942
2026-08-04 13:09:00,587.22052,587.34998,586.72693,587.072998,58600
2026-08-04 13:08:00,586.51001,587.58,586.38000,587.22998,65711
2026-08-04 13:07:00,585.5,586.5,585.47998,586.42999,37168
2026-08-04 13:06:00,584.53851,585.44,584.39270,585.41998,61722
2026-08-04 13:05:00,584.26001,584.71002,584.17999,584.5,48306
2026-08-04 13:04:00,584.10999,584.38000,583.905,584.35419,29345
2026-08-04 13:03:00,583.5,584.20001,583.46,584.14502,42208
2026-08-04 13:02:00,582.60052,583.54999,582.54620,583.45001,51201
2026-08-04 13:01:00,581.64001,582.66998,581.64001,582.65997,62925
2026-08-04 13:00:00,580.75,581.69000,580.72,581.61230,82819
2026-08-04 12:59:00,580.84998,580.94000,580.73,580.83002,15467
2026-08-04 12:58:00,580.69000,581.12988,580.65088,580.84003,12749
2026-08-04 12:57:00,580.91998,581.21002,580.7,580.72052,26298
2026-08-04 12:56:00,581.26001,581.34998,580.65997,580.94000,29232
2026-08-04 12:55:00,580.81000,581.37000,580.66998,581.29999,18780
2026-08-04 12:54:00,581.13989,581.29999,580.60999,580.81000,46392
2026-08-04 12:53:00,580.69000,581.14001,580.40002,581.14001,34567
2026-08-04 12:52:00,580.22998,580.71002,580.099976,580.64502,35553
2026-08-04 12:51:00,580.25,580.5,579.97998,580.125,28861
2026-08-04 12:50:00,579.70001,580.28003,579.44,580.25500,39716
2026-08-04 12:49:00,579.46411,579.79999,579.30310,579.64001,64706
2026-08-04 12:48:00,579.43500,579.65131,579.40997,579.52502,43309
2026-08-04 12:47:00,579.58002,579.70868,579.31000,579.39001,40064
2026-08-04 12:46:00,579.45502,579.74,579.37000,579.60999,76521
2026-08-04 12:45:00,579.020020,579.65503,578.90997,579.45502,79748
2026-08-04 12:44:00,578.46002,579.16,578.25,579.030029,191314
2026-08-04 12:43:00,578.94000,579.081482,578.45001,578.51001,75974
2026-08-04 12:42:00,579.34998,579.46539,578.79999,578.98450,72288
2026-08-04 12:41:00,580.26001,580.26001,579.070007,579.23999,129724
2026-08-04 12:40:00,581.080017,581.32001,580.099976,580.20001,54130
2026-08-04 12:39:00,581.44501,581.5,581.059998,581.12000,30455
2026-08-04 12:38:00,581.82001,581.90002,581.39008,581.44501,23082
2026-08-04 12:37:00,581.82001,582.090027,581.81989,581.83002,14699
2026-08-04 12:36:00,581.75,581.90991,581.73,581.82001,28235
2026-08-04 12:35:00,581.625,581.80988,581.54999,581.71997,19515
2026-08-04 12:34:00,581.66998,581.70538,581.39001,581.625,28624
2026-08-04 12:33:00,581.73499,581.78998,581.60999,581.75,11313
2026-08-04 12:32:00,581.65997,581.79999,581.58,581.71503,17425
2026-08-04 12:31:00,581.68500,581.8,581.56000,581.70959,15088
2026-08-04 12:30:00,581.60999,581.79999,581.45001,581.79999,26471
2026-08-04 12:29:00,581.53998,581.71002,581.39001,581.52502,12917
2026-08-04 12:28:00,581.65002,581.79999,581.38000,581.75,19775
2026-08-04 12:27:00,581.90002,581.93,581.51001,581.59998,14219
2026-08-04 12:26:00,581.89899,581.98621,581.65002,581.87079,13759
2026-08-04 12:25:00,581.91998,582.14001,581.82001,581.91772,18142
2026-08-04 12:24:00,582.25500,582.34003,581.65002,582.059998,28742
2026-08-04 12:23:00,581.98999,582.29,581.96143,582.25500,23002
2026-08-04 12:22:00,582.099976,582.19989,581.9,581.92999,15108
2026-08-04 12:21:00,581.75,582.23132,581.70001,582.16998,17829
2026-08-04 12:20:00,582.24500,582.25,581.67999,581.76453,25638
2026-08-04 12:19:00,582.42499,582.425,582.10999,582.29242,19527
2026-08-04 12:18:00,582.75500,582.75500,582.34003,582.52002,21095
2026-08-04 12:17:00,582.70001,582.88000,582.5,582.77502,24878
2026-08-04 12:16:00,582.89001,582.96997,582.69000,582.69000,14492
2026-08-04 12:15:00,582.70001,582.96997,582.70001,582.81000,14678
2026-08-04 12:14:00,582.81000,582.90503,582.59998,582.70001,19111
2026-08-04 12:13:00,582.81000,583.034973,582.77002,582.90503,20749
2026-08-04 12:12:00,583.099976,583.28003,582.73999,582.85413,24857
2026-08-04 12:11:00,583.46997,583.46997,582.97,583.059998,26572
2026-08-04 12:10:00,583.26001,583.58990,583.185,583.46997,13426
2026-08-04 12:09:00,583.17999,583.30499,582.96002,583.23999,13781
2026-08-04 12:08:00,583.049988,583.37000,582.87000,583.31000,15636
2026-08-04 12:07:00,583.51001,583.62000,583.09,583.15002,14243
2026-08-04 12:06:00,583.84003,583.84003,583.31000,583.55499,36337
2026-08-04 12:05:00,583.89001,584.33582,583.81000,583.89001,28119
2026-08-04 12:04:00,583.40991,583.98993,583.30499,583.98993,20614
2026-08-04 12:03:00,583.33002,583.44000,582.88000,583.32001,29465
2026-08-04 12:02:00,583.79999,583.89,583.31000,583.375,13534
2026-08-04 12:01:00,583.65997,583.77002,582.77002,583.58502,65455
2026-08-04 12:00:00,583.72510,583.84003,583.53998,583.65997,17923
2026-08-04 11:59:00,583.59003,583.91998,583.48999,583.84497,17640
2026-08-04 11:58:00,583.57001,583.66998,583.40002,583.48010,10752
2026-08-04 11:57:00,583.72498,583.91998,583.29999,583.57001,31160
2026-08-04 11:56:00,583.64502,583.97998,583.40997,583.67999,12415
2026-08-04 11:55:00,583.51501,584.079895,583.27002,583.65503,30725
2026-08-04 11:54:00,583.5,583.76001,583.42999,583.45001,17368
2026-08-04 11:53:00,583.71997,584.34998,583.00097656,583.62000,46216
2026-08-04 11:52:00,583.37000,583.95001,583.15002,583.71997,24357
2026-08-04 11:51:00,583,583.65002,582.95001,583.23499,26370
2026-08-04 11:50:00,583.030029,583.14001,582.72998,582.98999,20446
2026-08-04 11:49:00,583.21002,583.27002,582.77002,583.11499,34279
2026-08-04 11:48:00,582.84998,583.59998,582.84998,583.21002,30956
2026-08-04 11:47:00,582.84003,582.88000,582.53998,582.83002,17257
2026-08-04 11:46:00,582.79999,583.039978,582.54999,582.82501,18795
2026-08-04 11:45:00,582.38361,582.77002,582.22998,582.76501,23933
2026-08-04 11:44:00,582.92999,583,582.20001,582.21002,18887
2026-08-04 11:43:00,582.60931,582.94000,582.42999,582.81000,18534
2026-08-04 11:42:00,582.35999,583.46,582.26001,582.51007,59651
2026-08-04 11:41:00,582.56451,582.615,582.0048828,582.34003,23524
2026-08-04 11:40:00,582.38000,582.78998,582.37000,582.54999,18088
2026-08-04 11:39:00,582.38501,582.67999,582.31000,582.40002,20166
2026-08-04 11:38:00,582.41998,582.89001,582.32001,582.41589,28222
2026-08-04 11:37:00,583.059998,583.15503,582.44,582.52002,24894
2026-08-04 11:36:00,583.20001,583.89001,583.090027,583.13501,29099
2026-08-04 11:35:00,583.40002,583.40002,583.020020,583.20001,32881
2026-08-04 11:34:00,583.31500,583.44000,583.15,583.39001,15043
2026-08-04 11:33:00,583.55499,583.65997,583.08,583.28003,32239
2026-08-04 11:32:00,584.030029,584.18988,582.95001,583.54999,36172
2026-08-04 11:31:00,583.11548,584.034973,582.9375,583.98999,51209
2026-08-04 11:30:00,583.31000,583.35669,582.85999,583,20014
2026-08-04 11:29:00,582.92468,583.32001,582.88013,583.22498,16737
2026-08-04 11:28:00,582.67499,583.09,582.59003,582.88208,22409
2026-08-04 11:27:00,583.26001,583.27002,582.58002,582.67499,29158
2026-08-04 11:26:00,583.42499,583.42499,583,583.15002,21798
2026-08-04 11:25:00,583.89001,584.030029,583.34998,583.5,40082
2026-08-04 11:24:00,583.53003,584,583.33337,583.89001,23809
2026-08-04 11:23:00,583.15503,584.030029,583.090027,583.53003,65190
2026-08-04 11:22:00,582.78998,583.37000,582.75,583.16248,49872
2026-08-04 11:21:00,582.21002,582.97998,582.21002,582.875,43142
2026-08-04 11:20:00,581.92999,582.25,581.53003,582.21002,28154
2026-08-04 11:19:00,582.26001,582.38,581.96002,581.98212,21409
2026-08-04 11:18:00,581.94000,582.60999,581.70001,582.23999,43723
2026-08-04 11:17:00,581.54010,582.25,581.45,581.89502,26875
2026-08-04 11:16:00,581.71002,581.78,581.40002,581.44000,18032
2026-08-04 11:15:00,581.34003,581.78998,581.28003,581.64001,22973
2026-08-04 11:14:00,581.75500,581.81183,581.23,581.25500,24416
2026-08-04 11:13:00,581.84497,582.16998,581.65009,581.78998,21780
2026-08-04 11:12:00,582.010010,582.080017,581.46997,581.77002,24195
2026-08-04 11:11:00,582.27002,582.39001,581.81012,581.81012,29651
2026-08-04 11:10:00,582.16998,582.57001,582.06,582.26001,42473
2026-08-04 11:09:00,581.59003,582.40002,581.51007,582.23499,37550
2026-08-04 11:08:00,581.58002,581.69000,581.13,581.57501,22553
2026-08-04 11:07:00,581.28003,581.65002,581.050171,581.65002,32901
2026-08-04 11:06:00,581.97998,581.97998,581.049988,581.33002,34167
2026-08-04 11:05:00,581.91998,582.22,581.84003,582.070007,37490
2026-08-04 11:04:00,581.84998,582.080017,581.58,581.83099,28800
2026-08-04 11:03:00,581.64001,582.080017,581.64,581.87000,32164
2026-08-04 11:02:00,581.90002,581.95380,581.45001,581.71808,27044
2026-08-04 11:01:00,581.40997,581.96997,581.35999,581.90002,44131
2026-08-04 11:00:00,581.63000,581.78003,581.35999,581.42499,26002
2026-08-04 10:59:00,581.82001,581.84998,581.29999,581.52002,35515
2026-08-04 10:58:00,581.98999,582.32001,581.77002,581.89001,31420
2026-08-04 10:57:00,582.070007,582.16998,581.88000,582.030029,29916
2026-08-04 10:56:00,582.14502,582.43420,582.065002,582.065002,29717
2026-08-04 10:55:00,582.32501,582.40002,581.90002,582.14502,29123
2026-08-04 10:54:00,581.77002,582.49988,581.39001,582.31500,38249
2026-08-04 10:53:00,582.080017,582.37,581.76001,581.77002,22509
2026-08-04 10:52:00,581.89752,582.33002,581.82001,582.039978,32419
2026-08-04 10:51:00,581.40002,582.01,581.30078,581.90002,23967
2026-08-04 10:50:00,581.51001,581.84399,581.31042,581.40002,37927
2026-08-04 10:49:00,581.67999,582.080017,581.37000,581.51001,40313
2026-08-04 10:48:00,582.15002,582.42999,581.63,581.64001,27077
2026-08-04 10:47:00,582.63000,582.69397,582.021179,582.24500,26193
2026-08-04 10:46:00,582.90997,583.039978,582.40997,582.63147,15945
2026-08-04 10:45:00,582.87000,583.17999,582.61499,582.86481,32081
2026-08-04 10:44:00,582.76001,582.92999,582.36499,582.92999,24029
2026-08-04 10:43:00,583.065002,583.20001,582.54999,582.60999,26032
2026-08-04 10:42:00,581.85498,583.20001,581.84003,583.065002,47837
2026-08-04 10:41:00,582.31000,582.31000,581.66998,581.85999,31876
2026-08-04 10:40:00,582.60498,583,582.17999,582.17999,27938
2026-08-04 10:39:00,582.68500,582.68500,582.099976,582.64001,31129
2026-08-04 10:38:00,582.90997,583.41,582.40997,582.68500,28992
2026-08-04 10:37:00,583.32800,583.40002,582.71008,583,26521
2026-08-04 10:36:00,583.28717,583.33002,582.40997,583.33002,49139
2026-08-04 10:35:00,583.82001,583.84003,583,583.10797,22897
2026-08-04 10:34:00,583.35498,584.18597,583.34003,583.58002,57688
2026-08-04 10:33:00,583.12000,583.44000,582.97998,583.27008,25655
2026-08-04 10:32:00,583.89001,584.33002,582.29999,583.21179,110484
2026-08-04 10:31:00,584.090027,584.21997,583.65997,583.77002,39632
2026-08-04 10:30:00,583.62000,584.69000,583.52,584.13000,83273
2026-08-04 10:29:00,582.77002,583.69000,582.76,583.65997,47961
2026-08-04 10:28:00,582.87000,583.35999,582.70001,583,56596
2026-08-04 10:27:00,582.75,583.34003,582.75,583.034973,42077
2026-08-04 10:26:00,582.14502,582.75,582.059998,582.65997,35835
2026-08-04 10:25:00,582.16998,582.5,581.75,582.14001,24208
2026-08-04 10:24:00,582.49988,582.5,581.59998,581.99500,42871
2026-08-04 10:23:00,581.76001,582.8,581.38000,582.41498,39079
2026-08-04 10:22:00,582.58002,582.63000,581.59998,581.76501,62485
2026-08-04 10:21:00,582.85498,582.90002,581.76,582.47998,56340
2026-08-04 10:20:00,583.78998,583.94000,582.77002,582.85498,40418
2026-08-04 10:19:00,584.72998,584.73993,583.65552,583.88000,33312
2026-08-04 10:18:00,584.63000,584.91998,584.26001,584.46002,30996
2026-08-04 10:17:00,583.81989,584.96997,583.52008,584.75,52954
2026-08-04 10:16:00,583.88000,584.14,583.2,583.71002,52988
2026-08-04 10:15:00,583.58502,583.93,583.34998,583.88000,38395
2026-08-04 10:14:00,583.58551,583.67,583.039978,583.57501,34277
2026-08-04 10:13:00,583.13000,583.64001,583.02,583.5,32356
2026-08-04 10:12:00,582.81958,583.23999,582.62000,583.15002,31793
2026-08-04 10:11:00,583.030029,583.31000,582.56000,582.87000,47966
2026-08-04 10:10:00,583.18219,584.039978,582.59698,583.030029,61774
2026-08-04 10:09:00,583.95868,584.17999,583.099976,583.28510,26814
2026-08-04 10:08:00,584.29498,584.29498,583.31000,584,39544
2026-08-04 10:07:00,584.37000,584.75,584.080078,584.28998,35552
2026-08-04 10:06:00,584.67798,585.27002,584.21997,584.30499,59193
2026-08-04 10:05:00,584.34003,584.84003,584.039978,584.56500,45394
2026-08-04 10:04:00,584.39001,584.48993,583.96,584.26501,49962
2026-08-04 10:03:00,585.53003,585.71,584.29999,584.37750,50252
2026-08-04 10:02:00,585.29999,585.64001,584.5,585.53497,43010
2026-08-04 10:01:00,585.15662,585.57001,584.89001,585.35999,24164
2026-08-04 10:00:00,585.34003,585.45001,584.12000,585.23499,84458
2026-08-04 09:59:00,584.62402,585.44000,584.28998,585.40503,38018
2026-08-04 09:58:00,585.28003,585.28003,584.52002,584.71002,25363
2026-08-04 09:57:00,584.92999,585.75,584.56000,585.44000,38399
2026-08-04 09:56:00,584.38000,585.28003,584.29999,585.094971,48517
2026-08-04 09:55:00,584.70001,585,584.21997,584.44000,30316
2026-08-04 09:54:00,584.57001,585.099976,584.080017,584.94000,23970
2026-08-04 09:53:00,584.37000,584.91998,584.030090,584.65997,42673
2026-08-04 09:52:00,583.39001,584.65002,583.12000,584.3125,95693
2026-08-04 09:51:00,583.98999,584.10193,582.59998,583.38000,59836
2026-08-04 09:50:00,582.75,583.98999,582.24,583.63031,44577
2026-08-04 09:49:00,584.15997,584.31000,582.73999,582.76501,75086
2026-08-04 09:48:00,583.27502,584.37000,582.96002,584.21002,30091
2026-08-04 09:47:00,584.27002,585.059998,583.03,583.17157,42001
2026-08-04 09:46:00,585.58002,585.97992,583.90503,584.030029,60324
2026-08-04 09:45:00,584.46002,585.66211,584.27,585.47998,41649
2026-08-04 09:44:00,584.29498,584.85498,583.59003,584.29999,42602
2026-08-04 09:43:00,584.74500,586.37000,584.17999,584.44000,59149
2026-08-04 09:42:00,584.52002,585.15997,583.70001,584.97998,53216
2026-08-04 09:41:00,584.5,584.71997,583.70001,584.56000,35832
2026-08-04 09:40:00,584.90002,585.66998,583.5,584.38379,59468
2026-08-04 09:39:00,581.36499,585.29999,581.36499,584.97998,111794
2026-08-04 09:38:00,581.84998,582.17999,580.60999,581.36499,47925
2026-08-04 09:37:00,583.45001,583.94000,581.72,581.94501,84792
2026-08-04 09:36:00,581.52002,584.15997,581.15002,583.58752,76593
2026-08-04 09:35:00,583.70001,584,581,581.46997,73196
2026-08-04 09:34:00,583.24500,584.51001,581.69,584.020020,90967
2026-08-04 09:33:00,581.35999,584,581.35999,583.25,83590
2026-08-04 09:32:00,581,582.33990,580.53003,581.74500,74900
2026-08-04 09:31:00,581.13000,582.75,580.16998,581.13000,106021
2026-08-04 09:30:00,581.16498,583.44,579.95001,581.13000,1028258
2026-08-03 15:59:00,590.5,590.97998,589.88,590.53003,287115
2026-08-03 15:58:00,590.039978,590.71997,589.84998,590.53998,168663
2026-08-03 15:57:00,590.75,590.94000,590.07,590.10999,118264
2026-08-03 15:56:00,591.31000,591.67999,590.64001,590.83002,121570
2026-08-03 15:55:00,590.91498,591.63940,589.93500,591.47998,133119
2026-08-03 15:54:00,590.95001,591.68,590.84497,591.030029,98322
2026-08-03 15:53:00,592.89001,592.92999,590.54999,591.0050049,235115
2026-08-03 15:52:00,592.099976,593,592.02,592.89001,50997
2026-08-03 15:51:00,592.17999,592.35,591.90997,592.072510,59092
2026-08-03 15:50:00,592.46002,592.51001,591.47998,592.18500,66037
2026-08-03 15:49:00,592.090027,592.56,591.91107,592.56000,36091
2026-08-03 15:48:00,592.31500,592.34998,591.90997,592.090027,35595
2026-08-03 15:47:00,591.70001,592.32001,591.70001,592.26001,40008
2026-08-03 15:46:00,592.53003,592.68,591.40002,591.74500,54018
2026-08-03 15:45:00,593.17999,593.32001,592.28198,592.53003,60163
2026-08-03 15:44:00,593.42999,593.54999,593.15997,593.21002,39503
2026-08-03 15:43:00,593.5,593.78998,593.38000,593.53003,34536
2026-08-03 15:42:00,593.81000,593.82,593.42999,593.5,30296
2026-08-03 15:41:00,593.60999,594.039978,593.56000,593.90002,39105
2026-08-03 15:40:00,593.60999,593.8,593.33002,593.65253,33129
2026-08-03 15:39:00,593.34998,593.77002,593.25,593.65997,30546
2026-08-03 15:38:00,593.044983,593.54199,592.98743,593.28998,18551
2026-08-03 15:37:00,593.21002,593.54840,592.82001,593.044983,34139
2026-08-03 15:36:00,593.80499,593.81,593.030029,593.23499,26750
2026-08-03 15:35:00,594.080017,594.16998,593.76001,593.84003,26846
2026-08-03 15:34:00,593.59998,594.12,593.27002,594.070007,42233
2026-08-03 15:33:00,593.45001,593.89001,593.35498,593.60999,27050
2026-08-03 15:32:00,593.25,593.79,593.050476,593.46997,22714
2026-08-03 15:31:00,593.31042,593.64,593.21002,593.27002,40027
2026-08-03 15:30:00,593.70001,593.93988,593.26001,593.26007,29129
2026-08-03 15:29:00,592.69000,593.82001,592.69000,593.68500,44365
2026-08-03 15:28:00,592.58002,592.87000,592.58002,592.67999,17612
2026-08-03 15:27:00,592.39502,592.75,592.35999,592.75,18346
2026-08-03 15:26:00,592.53998,592.62000,592.25,592.39001,19527
2026-08-03 15:25:00,592.97998,592.98999,592.48999,592.54999,28697
2026-08-03 15:24:00,592.90997,593.28998,592.90997,593.010010,29343
2026-08-03 15:23:00,592.90997,593.07,592.75,592.94501,16060
2026-08-03 15:22:00,593.16998,593.4,592.77,592.85498,20928
2026-08-03 15:21:00,592.90002,593.37903,592.9,593.22998,34511
2026-08-03 15:20:00,593.00012207,593.09,592.77002,592.85999,16781
2026-08-03 15:19:00,592.63000,593.035,592.45001,593,30424
2026-08-03 15:18:00,592.79498,593.034973,592.52002,592.58002,28194
2026-08-03 15:17:00,592.38000,592.95001,592.32501,592.79498,25359
2026-08-03 15:16:00,592.65503,592.66,592.39,592.40002,20506
2026-08-03 15:15:00,592.65002,592.78998,592.45001,592.64001,28064
2026-08-03 15:14:00,593.044983,593.10992,592.60999,592.70502,23742
2026-08-03 15:13:00,593.15002,593.28003,592.89398,592.98010,30043
2026-08-03 15:12:00,593.025024,593.14899,592.58002,593.099976,24023
2026-08-03 15:11:00,593.059998,593.25,592.89001,593,16737
2026-08-03 15:10:00,593.32001,593.45001,592.92999,593.13000,15758
2026-08-03 15:09:00,593.48999,593.585,593.17999,593.21149,17027
2026-08-03 15:08:00,593.37000,593.67987,593.35999,593.52002,11527
2026-08-03 15:07:00,593.91998,594.06,593.40002,593.41998,37891
2026-08-03 15:06:00,593.95001,594.20001,593.88000,593.91998,33545
2026-08-03 15:05:00,592.77881,593.90002,592.77881,593.77350,17715
2026-08-03 15:04:00,593.22998,593.39001,592.82501,592.82501,14994
2026-08-03 15:03:00,593.27002,593.5,593.22998,593.27502,16443
2026-08-03 15:02:00,593.22998,593.47998,593.039978,593.47998,27626
2026-08-03 15:01:00,593.030090,593.35999,592.90002,593.28003,20388
2026-08-03 15:00:00,593.5,593.58002,593.020020,593.059082,15298
2026-08-03 14:59:00,593.34003,593.57001,593.34003,593.42499,11316
2026-08-03 14:58:00,593.72998,593.73999,593.33002,593.38000,20966
2026-08-03 14:57:00,593.14001,593.845,593.10999,593.79999,19615
2026-08-03 14:56:00,593.96997,594.070007,593.14,593.15002,26041
2026-08-03 14:55:00,593.51501,594.080017,593.44000,593.96997,26209
2026-08-03 14:54:00,593.85999,594.049988,593.45837,593.51501,30736
2026-08-03 14:53:00,593.26001,593.87000,593.2,593.79498,17543
2026-08-03 14:52:00,593.56000,593.62,593,593.23938,22144
2026-08-03 14:51:00,593.46991,593.62000,593.22211,593.62000,10956
2026-08-03 14:50:00,593.63000,593.74,593.38501,593.38501,21754
2026-08-03 14:49:00,593.72931,593.75,593.27002,593.50012,27977
2026-08-03 14:48:00,593.70001,593.8,593.51001,593.66998,31127
2026-08-03 14:47:00,593.19000,593.78998,593.099976,593.78003,12856
2026-08-03 14:46:00,593.31000,593.31000,592.86,593.23999,15031
2026-08-03 14:45:00,593.35999,593.81000,593.039978,593.31000,23505
2026-08-03 14:44:00,593.044983,593.46997,592.92999,593.46997,24866
2026-08-03 14:43:00,592.21997,593.63000,592.21997,593.044983,36018
2026-08-03 14:42:00,591.71503,592.42999,591.60999,592.29498,81224
2026-08-03 14:41:00,591.64502,591.77032,591.27002,591.75,16967
2026-08-03 14:40:00,591.82001,591.96002,591.49,591.64502,28319
2026-08-03 14:39:00,590.88501,591.95990,590.81000,591.81000,29156
2026-08-03 14:38:00,590.56000,590.95001,590.46002,590.88501,26657
2026-08-03 14:37:00,590.10498,590.56000,590.10498,590.56000,15148
2026-08-03 14:36:00,590.085022,590.19000,589.71997,590.076477,20934
2026-08-03 14:35:00,590.14001,590.25,590,590.085022,19920
2026-08-03 14:34:00,590.47498,590.63000,590,590.125,25530
2026-08-03 14:33:00,590.92999,590.92999,590.44,590.44080,17824
2026-08-03 14:32:00,590.59998,591.070007,590.59998,590.89001,22529
2026-08-03 14:31:00,590.31000,590.71002,590.15503,590.59998,37522
2026-08-03 14:30:00,590.58502,590.71997,590.25,590.31000,32586
2026-08-03 14:29:00,591.24500,591.38000,590.51,590.67987,22625
2026-08-03 14:28:00,591.19000,591.28,590.94000,591.27002,17536
2026-08-03 14:27:00,590.98999,591.27002,590.87000,591.0625,12944
2026-08-03 14:26:00,591.099976,591.89001,590.95007,590.95007,34279
2026-08-03 14:25:00,591.40997,591.40997,590.91071,591.18011,20242
2026-08-03 14:24:00,590.97998,591.35,590.71002,591.31000,27189
2026-08-03 14:23:00,590.64001,590.98999,590.64001,590.91498,20368
2026-08-03 14:22:00,590.16998,590.67999,590.16998,590.67999,36058
2026-08-03 14:21:00,589.72998,590.21997,589.71503,590.16998,37854
2026-08-03 14:20:00,589.14001,589.72992,589.090027,589.68500,15017
2026-08-03 14:19:00,589.53998,589.63000,589.020020,589.090027,34024
2026-08-03 14:18:00,589.40002,589.65,589.38422,589.55249,15894
2026-08-03 14:17:00,589.25,589.5,589.25,589.33502,16679
2026-08-03 14:16:00,589.15002,589.41,589.10999,589.26001,14337
2026-08-03 14:15:00,589.65997,589.78,589.21,589.21002,17730
2026-08-03 14:14:00,589.12000,589.83002,589.12000,589.76501,15575
2026-08-03 14:13:00,589.65997,589.84998,589.16498,589.28003,20692
2026-08-03 14:12:00,589.72498,589.88000,589.53,589.65997,20554
2026-08-03 14:11:00,590.15002,590.18,589.34998,589.58002,41146
2026-08-03 14:10:00,590.24060,590.46997,590.010010,590.19501,24920
2026-08-03 14:09:00,590.35498,590.41998,590.22998,590.33002,13809
2026-08-03 14:08:00,590.46997,590.58002,590.30328,590.33502,13395
2026-08-03 14:07:00,590.46997,590.51001,590.25,590.38000,26095
2026-08-03 14:06:00,590.78003,590.87,590.25,590.46002,18778
2026-08-03 14:05:00,590.27002,590.88,590.22,590.81500,19499
2026-08-03 14:04:00,590.32501,590.37,590.080078,590.16998,17883
2026-08-03 14:03:00,590.35999,590.5,590.18011,590.32501,14280
2026-08-03 14:02:00,590.10498,590.5,590.040100,590.5,15781
2026-08-03 14:01:00,590.37000,590.39001,590.030029,590.10498,49570
2026-08-03 14:00:00,590.25,590.48999,590.070496,590.375,16344
2026-08-03 13:59:00,590.35999,590.54993,590.25,590.31000,14110
2026-08-03 13:58:00,590.28998,590.64001,590,590.42499,12902
2026-08-03 13:57:00,590.12000,590.64001,589.88,590.26898,34439
2026-08-03 13:56:00,590.10999,590.2,590.01,590.12000,19369
2026-08-03 13:55:00,590.53998,590.61499,590.12000,590.19000,218710
2026-08-03 13:54:00,590.49500,590.62000,590.35010,590.53998,11665
2026-08-03 13:53:00,590.72998,590.73,590.38000,590.49500,15365
2026-08-03 13:52:00,590.62000,590.74,590.54999,590.65997,11745
2026-08-03 13:51:00,590.39001,590.58990,590.33130,590.51501,13069
2026-08-03 13:50:00,590.67999,590.84003,590.39001,590.41998,16087
2026-08-03 13:49:00,590.29999,590.84003,590.26001,590.72998,15277
2026-08-03 13:48:00,590.51001,590.58002,590.26001,590.375,18487
2026-08-03 13:47:00,590.54010,590.63000,590.35999,590.58331,18500
2026-08-03 13:46:00,590.94000,591.15002,590.56,590.60999,14077
2026-08-03 13:45:00,591.025024,591.20001,590.64001,590.94501,24565
2026-08-03 13:44:00,590.94000,591.090027,590.84003,591.020020,32602
2026-08-03 13:43:00,590.78998,591.19000,590.75,590.875,19746
2026-08-03 13:42:00,591.049988,591.20001,590.77502,590.94263,13390
2026-08-03 13:41:00,591.21118,591.39001,590.81000,591.049988,26084
2026-08-03 13:40:00,590.78497,591.42999,590.78497,591.27002,17538
2026-08-03 13:39:00,591.17999,591.17999,590.70099,590.75,25455
2026-08-03 13:38:00,591.44501,591.56000,591.10999,591.12000,27025
2026-08-03 13:37:00,591.35999,591.6,591.33002,591.59003,19299
2026-08-03 13:36:00,591.71002,591.81512,591.44189,591.44189,11087
2026-08-03 13:35:00,591.84082,592.099487,591.75,591.79999,18325
2026-08-03 13:34:00,592.049988,592.080017,591.59003,591.91498,20639
2026-08-03 13:33:00,592.40997,592.54999,592,592.075012,15076
2026-08-03 13:32:00,592.21002,592.72998,592.090027,592.56000,17935
2026-08-03 13:31:00,592.52002,592.83,592.020020,592.33002,35064
2026-08-03 13:30:00,593.88129,593.88129,592.56000,592.70947,21555
2026-08-03 13:29:00,594.18500,594.40997,593.69000,593.84497,24686
2026-08-03 13:28:00,594.125,594.40997,594.020081,594.19000,15846
2026-08-03 13:27:00,594.020020,594.26,593.88031,594.17987,16222
2026-08-03 13:26:00,593.84998,594.17999,593.48010,594.12000,20891
2026-08-03 13:25:00,593.79999,594.19952,593.71997,593.90002,19024
2026-08-03 13:24:00,593.59991,593.97198,593.47998,593.77002,45158
2026-08-03 13:23:00,593.20001,593.59003,592.91498,593.59003,15774
2026-08-03 13:22:00,592.51001,593.29999,592.28998,593.29999,17891
2026-08-03 13:21:00,592.78003,593.080017,592.46002,592.53998,10891
2026-08-03 13:20:00,593.099976,593.21002,592.59998,592.69000,28645
2026-08-03 13:19:00,593.049988,593.37000,592.98999,593.21997,24537
2026-08-03 13:18:00,593,593.33990,592.90002,593.15997,15534
2026-08-03 13:17:00,592.17999,593.17657,592.17999,593.025085,31420
2026-08-03 13:16:00,593.22998,593.4,592.17999,592.19513,19021
2026-08-03 13:15:00,593.46503,593.72998,593.18011,593.31500,20117
2026-08-03 13:14:00,593.48999,593.75989,593.23499,593.42999,14793
2026-08-03 13:13:00,593.32001,593.71002,593.040100,593.5,35445
2026-08-03 13:12:00,592.84998,593.46997,592.54999,593.46997,28374
2026-08-03 13:11:00,593.26001,593.68,592.84,592.90503,56727
2026-08-03 13:10:00,592.46002,593.35999,592.435,593.28003,29431
2026-08-03 13:09:00,591.10999,592.67999,590.97998,592.47992,40056
2026-08-03 13:08:00,591.039978,591.25,590.79999,591.12720,29304
2026-08-03 13:07:00,591.97998,591.98999,591.049988,591.085022,55602
2026-08-03 13:06:00,592.46997,592.53003,591.95001,591.95001,26824
2026-08-03 13:05:00,592.89502,593,592.46997,592.46997,19342
2026-08-03 13:04:00,593.049988,593.13000,592.65009,592.89502,29255
2026-08-03 13:03:00,592.59998,593.070007,592.4,592.98999,32508
2026-08-03 13:02:00,592.71997,593.15002,592.60999,592.60999,20353
2026-08-03 13:01:00,592.71002,593.090027,592.52002,592.78003,29275
2026-08-03 13:00:00,593.32501,593.38000,592.71,592.78497,24783
2026-08-03 12:59:00,593.34003,593.44,593.15002,593.34003,15208
2026-08-03 12:58:00,593.43500,593.69,593.22998,593.26923,22371
2026-08-03 12:57:00,593.98749,594,593.049988,593.41998,29017
2026-08-03 12:56:00,594.049988,594.27002,593.78998,593.96503,28453
2026-08-03 12:55:00,593.96997,594.21002,593.62012,594.10999,30973
2026-08-03 12:54:00,594.88000,594.94000,593.65997,593.94000,20971
2026-08-03 12:53:00,594.71503,595.16,594.60999,594.88501,17534
2026-08-03 12:52:00,594.82001,594.88000,594.63641,594.70001,15991
2026-08-03 12:51:00,595.23499,595.31000,594.8,594.83002,15124
2026-08-03 12:50:00,595.33002,595.91998,595.19238,595.19238,31746
2026-08-03 12:49:00,595.41998,595.58002,595.21997,595.40002,12802
2026-08-03 12:48:00,594.82501,595.58990,594.59998,595.34998,24335
2026-08-03 12:47:00,594.42999,594.90997,594.044006,594.90997,34963
2026-08-03 12:46:00,595.27802,595.5,594.53998,594.57001,33023
2026-08-03 12:45:00,595.71002,595.77002,595.26007,595.36499,24184
2026-08-03 12:44:00,596.64001,596.77,595.63000,595.73999,26480
2026-08-03 12:43:00,596.35999,596.83002,596.35999,596.55908,24122
2026-08-03 12:42:00,595.79999,596.53998,595.58002,596.40002,21666
2026-08-03 12:41:00,596.059998,596.13000,595.5,595.79999,17338
2026-08-03 12:40:00,596.31000,596.40002,595.77002,596.065002,34042
2026-08-03 12:39:00,596.40997,596.65997,596.22998,596.25,18761
2026-08-03 12:38:00,596.54010,596.91,596.40002,596.40997,22923
2026-08-03 12:37:00,596.34998,596.78998,596.25012,596.53497,25116
2026-08-03 12:36:00,596.89001,596.95001,595.72101,596.40979,27788
2026-08-03 12:35:00,596.99500,597.039978,596.41010,596.89001,23944
2026-08-03 12:34:00,596.96997,597.20001,596.73999,596.95502,48283
2026-08-03 12:33:00,596.45502,597.32001,596.45502,596.90503,40995
2026-08-03 12:32:00,596.75,597.52002,596.32001,596.45502,58796
2026-08-03 12:31:00,596.64001,597.34003,596.5,596.63000,66682
2026-08-03 12:30:00,595.65997,597.20001,595.23999,596.63000,75981
2026-08-03 12:29:00,595.30499,595.69000,594.89001,595.59497,53504
2026-08-03 12:28:00,595.56000,595.88000,595.28998,595.30499,38470
2026-08-03 12:27:00,596.15997,596.16,595.0051880,595.48468,46222
2026-08-03 12:26:00,595.91998,596.92999,595.51001,596.15997,99204
2026-08-03 12:25:00,594.5,595.92999,594.28,595.88000,115621
2026-08-03 12:24:00,593.62000,594.5,593.56000,594.33002,22653
2026-08-03 12:23:00,593.74500,593.79999,593.44000,593.65002,26702
2026-08-03 12:22:00,593.91998,593.91998,593.38,593.74500,20609
2026-08-03 12:21:00,594.20502,594.25,593.79010,593.84998,29431
2026-08-03 12:20:00,594.0098877,594.37952,593.56,594.20502,20356
2026-08-03 12:19:00,593.85999,594.39001,593.83,593.90002,38222
2026-08-03 12:18:00,593.80499,594.5,593.71997,593.87000,36313
2026-08-03 12:17:00,593.31500,594.020020,593.25,593.91937,29259
2026-08-03 12:16:00,593.56000,593.56000,593.26001,593.34998,19588
2026-08-03 12:15:00,593.049988,593.5,592.69000,593.47998,41085
2026-08-03 12:14:00,592.84497,593.45923,592.23010,593,50349
2026-08-03 12:13:00,593.20502,593.21,592.67999,592.84497,43564
2026-08-03 12:12:00,592.41400,593.32,592.41400,593.21002,20007
2026-08-03 12:11:00,592.46997,592.70001,592.28052,592.45001,21750
2026-08-03 12:10:00,593.16998,593.29999,592.41,592.53998,35591
2026-08-03 12:09:00,593.31500,593.35999,592.90070,593.22498,28846
2026-08-03 12:08:00,592.78003,593.52283,592.73999,593.33002,62762
2026-08-03 12:07:00,592.79999,592.96802,592.505,592.78113,14711
2026-08-03 12:06:00,593.45001,593.45001,592.38013,592.81500,21977
2026-08-03 12:05:00,592.75,593.77002,592.46997,593.53003,31228
2026-08-03 12:04:00,592.20001,592.93,592.099976,592.75,23220
2026-08-03 12:03:00,592.36700,592.40002,591.68591,592.21503,26907
2026-08-03 12:02:00,592.65851,592.79999,592.35010,592.45502,18014
2026-08-03 12:01:00,592.33002,592.58002,592.20001,592.58002,15506
2026-08-03 12:00:00,592.79999,592.86,591.57062,592.20001,31136
2026-08-03 11:59:00,593.0076904,593.080017,592.42999,592.69000,20265
2026-08-03 11:58:00,592.73999,593.18,592.71002,593.070007,13654
2026-08-03 11:57:00,593,593.42999,592.79999,592.79999,16495
2026-08-03 11:56:00,592.81500,593.1,592.64191,592.89502,26651
2026-08-03 11:55:00,593.21997,593.34003,592.73999,592.82501,21521
2026-08-03 11:54:00,593.35999,593.38000,592.90997,593.15033,27850
2026-08-03 11:53:00,593.40002,593.67,593.21997,593.40009,22033
2026-08-03 11:52:00,593.92999,594,593.33331,593.40002,27357
2026-08-03 11:51:00,593.75,594.059998,593.65002,593.90503,16684
2026-08-03 11:50:00,594.5,594.79999,593.68158,593.71997,43972
2026-08-03 11:49:00,593.75,594.47998,593.62000,594.44189,26745
2026-08-03 11:48:00,593.52002,593.78998,593.090088,593.71002,49860
2026-08-03 11:47:00,593.54999,594.070007,593.41,593.46503,26905
2026-08-03 11:46:00,592.54498,593.8,592.40997,593.54999,31078
2026-08-03 11:45:00,593.40002,593.42,592.33002,592.54999,47769
2026-08-03 11:44:00,593.71002,593.83,592.59003,593.34003,60543
2026-08-03 11:43:00,594.41998,594.59003,593.70001,593.70050,34528
2026-08-03 11:42:00,594.16998,594.67999,593.96503,594.41998,53198
2026-08-03 11:41:00,594.14001,594.67999,593.69098,594.16998,68598
2026-08-03 11:40:00,594.53003,594.71997,594.070007,594.16168,55640
2026-08-03 11:39:00,593.96002,594.53003,593.93,594.41998,43739
2026-08-03 11:38:00,593.97498,594.33002,593.64252,593.92999,44446
2026-08-03 11:37:00,593.79999,594.62628,593.72998,593.96002,40075
2026-08-03 11:36:00,593.59998,594.27002,593.32001,593.78998,38689
2026-08-03 11:35:00,593.33740,593.97998,593.32,593.67499,32685
2026-08-03 11:34:00,593.19501,593.69000,593.070007,593.45001,43545
2026-08-03 11:33:00,594.96991,594.96991,592.90997,593.19501,102379
2026-08-03 11:32:00,594.015015,594.96997,594.015015,594.77692,79875
2026-08-03 11:31:00,593.71002,594.37000,593.48999,594.020020,59065
2026-08-03 11:30:00,594.17999,594.42999,593.54,593.65002,56147
2026-08-03 11:29:00,594.16998,594.51501,593.97998,594.23999,59109
2026-08-03 11:28:00,594.49500,594.52002,593.82501,594.22998,39399
2026-08-03 11:27:00,593.60553,594.78003,593.46997,594.35999,73263
2026-08-03 11:26:00,593.64001,593.84930,593.25,593.51001,39086
2026-08-03 11:25:00,594.00012207,594.23999,593.23999,593.73999,49932
2026-08-03 11:24:00,593.94000,594.5,593.51001,594.13989,67980
2026-08-03 11:23:00,593.099976,593.96899,593.090027,593.89001,57608
2026-08-03 11:22:00,592.54578,593.21393,592.35,593.14691,38252
2026-08-03 11:21:00,592.099976,592.72998,591.65997,592.44000,35237
2026-08-03 11:20:00,591.69000,592.42,591.48999,592.090027,31770
2026-08-03 11:19:00,591.78003,592.26,591.51001,591.62000,35641
2026-08-03 11:18:00,591.66010,592.10999,591.38000,591.78003,34858
2026-08-03 11:17:00,592.42499,592.51001,591.69067,591.82501,55969
2026-08-03 11:16:00,592.95990,592.95990,592.10010,592.42499,42416
2026-08-03 11:15:00,592.29999,593.19000,592.16998,592.89502,80740
2026-08-03 11:14:00,592.53003,592.72998,592.07,592.29999,45905
2026-08-03 11:13:00,592.49988,592.95001,591.77002,592.34998,70058
2026-08-03 11:12:00,592.40002,592.67999,592.07,592.40002,58084
2026-08-03 11:11:00,591.28058,592.47070,591.14502,592.40961,60600
2026-08-03 11:10:00,591.42999,591.76990,590.59009,591,50266
2026-08-03 11:09:00,590.79999,591.40997,590.72,591.32501,52880
2026-08-03 11:08:00,590.16998,590.78003,590.057495,590.71997,30767
2026-08-03 11:07:00,590.059998,590.53473,589.97998,590.28009,46460
2026-08-03 11:06:00,590.37000,590.78003,590.059998,590.14001,28366
2026-08-03 11:05:00,589.82001,590.55170,589.70001,590.34003,58800
2026-08-03 11:04:00,589.57501,590.21,589.37012,589.72498,50605
2026-08-03 11:03:00,590.96002,591.22998,589.56500,589.67499,62986
2026-08-03 11:02:00,589.94501,591.13098,589.91998,590.98999,43905
2026-08-03 11:01:00,589.28497,590.059875,589,589.94501,66691
2026-08-03 11:00:00,589,589.86987,588.8,589.28497,60055
2026-08-03 10:59:00,588.26001,588.65503,587.46002,588.625,33628
2026-08-03 10:58:00,588.010010,588.61951,587.63000,588.37000,40613
2026-08-03 10:57:00,587.82001,588.13000,586.93011,588.12000,67638
2026-08-03 10:56:00,587.010010,587.78,586.985,587.75,22230
2026-08-03 10:55:00,587.48492,587.5,586.81,587.099976,378606
2026-08-03 10:54:00,587.50500,587.90997,587.010010,587.35742,29781
2026-08-03 10:53:00,586.57501,587.65002,586.42,587.50500,44347
2026-08-03 10:52:00,586.64001,587,586.17010,586.66998,40363
2026-08-03 10:51:00,587.14001,587.5,586.52002,586.65997,44005
2026-08-03 10:50:00,588.67499,588.89001,586.63000,587.14001,75046
2026-08-03 10:49:00,588.69000,588.90997,588.22528,588.65997,32839
2026-08-03 10:48:00,588.62000,588.71002,588.010010,588.71002,59165
2026-08-03 10:47:00,587.69000,588.95001,587.59998,588.70001,40501
2026-08-03 10:46:00,587.40997,587.71002,586.58002,587.44189,55270
2026-08-03 10:45:00,587.65997,588.22998,587.28003,587.40002,58213
2026-08-03 10:44:00,588.094971,588.66992,587.64001,587.75,54004
2026-08-03 10:43:00,587.37158,588.49988,587.29999,588.00012207,66393
2026-08-03 10:42:00,585.50751,587.42999,585.099976,587.42999,53977
2026-08-03 10:41:00,585.17999,585.74,585.10010,585.60999,30167
2026-08-03 10:40:00,585.039978,585.46002,585,585.18011,32439
2026-08-03 10:39:00,585.77002,585.96997,584.86,585.020020,46905
2026-08-03 10:38:00,585.23999,586.069885,585,585.70502,50283
2026-08-03 10:37:00,584.29999,585.76001,584.26093,585.28998,81536
2026-08-03 10:36:00,582.81000,584.29999,582.72998,584.15503,55932
2026-08-03 10:35:00,583.51001,583.97998,582.78003,582.89001,63756
2026-08-03 10:34:00,583.13501,583.70001,582.64001,583.64990,69594
2026-08-03 10:33:00,584.39502,584.48999,582.85999,583.125,82627
2026-08-03 10:32:00,585.45502,585.45502,583.59998,584.39502,115669
2026-08-03 10:31:00,586.76501,587.099976,584.60010,585.40002,72057
2026-08-03 10:30:00,586.78998,587.56183,586.66998,586.73840,60563
2026-08-03 10:29:00,587.75500,587.79498,586.51001,586.79498,71756
2026-08-03 10:28:00,589.10498,589.10498,587.35999,587.81000,81778
2026-08-03 10:27:00,589.52502,589.77002,588.875,589.038025,41565
2026-08-03 10:26:00,588.84003,589.65002,588.59998,589.52502,77923
2026-08-03 10:25:00,588.91998,589.27502,588.22998,588.83502,67088
2026-08-03 10:24:00,589.66998,589.71,588.62201,588.90997,74688
2026-08-03 10:23:00,589.96002,590.49042,589.36908,589.66998,55982
2026-08-03 10:22:00,589.22998,590,588.56012,589.875,90251
2026-08-03 10:21:00,590.13000,590.23993,589.070007,589.20001,69142
2026-08-03 10:20:00,591.10999,591.79999,588.76001,590.050476,114435
2026-08-03 10:19:00,591.020020,591.54999,590.40002,590.87000,72909
2026-08-03 10:18:00,592.50500,592.88,591,591.17999,120034
2026-08-03 10:17:00,591.57001,592.87000,590.79999,592.48999,109459
2026-08-03 10:16:00,592,592.75,591.46002,591.69501,93246
2026-08-03 10:15:00,592.71002,592.88000,591.46997,592.059998,70598
2026-08-03 10:14:00,591.31000,593.090027,590.74609,592.53003,88852
2026-08-03 10:13:00,590.84003,592.21997,590.67999,591.39502,60521
2026-08-03 10:12:00,591.48999,591.78998,590.33008,590.83002,85086
2026-08-03 10:11:00,593.28998,593.40002,591.21198,591.54999,87203
2026-08-03 10:10:00,593.53998,593.84998,592.059998,593.28998,85960
2026-08-03 10:09:00,592.44000,594.40002,592.33801,593.44501,157024
2026-08-03 10:08:00,593.11011,593.56989,591.76001,592.25500,143593
2026-08-03 10:07:00,593.20001,594.59998,592.96002,593.25,172978
2026-08-03 10:06:00,590.72998,593.15997,590.64502,593.15997,154602
2026-08-03 10:05:00,589.48999,590.67,589.13013,590.64502,103561
2026-08-03 10:04:00,589.41498,589.86987,588.29999,589.48999,95329
2026-08-03 10:03:00,589.070007,590.20001,588.16998,589.54999,122902
2026-08-03 10:02:00,589.048889,590,588.60010,589.090027,90204
2026-08-03 10:01:00,590.27502,591,588.5,589.15002,125931
2026-08-03 10:00:00,590.20001,590.5,588.5,590.10999,190917
2026-08-03 09:59:00,591.35498,591.35498,590.020020,590.22900,114765
2026-08-03 09:58:00,591.71002,592.5,590.59003,591.35498,160303
2026-08-03 09:57:00,591.69000,591.96991,590.00012207,591.71002,146931
2026-08-03 09:56:00,593.049988,593.90002,591.40002,591.40002,184520
2026-08-03 09:55:00,591.19501,593.33990,590.45001,592.95001,255512
2026-08-03 09:54:00,590.14001,591.38000,589,591.19501,144263
2026-08-03 09:53:00,590.97998,591.82001,590.0021973,590.14001,173924
2026-08-03 09:52:00,588.91498,591.099976,588.5,591.0059814,259940
2026-08-03 09:51:00,587.78003,589.76001,587.53998,588.92999,186698
2026-08-03 09:50:00,585.93958,587.84998,585.58197,587.84998,149818
2026-08-03 09:49:00,586.16498,586.97479,585.53003,585.75,122588
2026-08-03 09:48:00,585.91083,587.42,584.81201,586.070007,217702
2026-08-03 09:47:00,582.84003,585.84998,582.325,585.84998,221844
2026-08-03 09:46:00,582.16998,583.20001,581.98999,582.83002,138167
2026-08-03 09:45:00,580.039978,582.68829,579.96997,582,149839
2026-08-03 09:44:00,579.5625,580.64001,579.39008,580.090027,143866
2026-08-03 09:43:00,581.75,581.83002,579.20001,579.38501,152548
2026-08-03 09:42:00,580.39001,581.86,579.5,581.75,175338
2026-08-03 09:41:00,578.98999,580.65997,578.63013,580.22998,199960
2026-08-03 09:40:00,576.22498,579.20001,576.12000,578.91998,185131
2026-08-03 09:39:00,577.85498,578.39001,575.70007,576.32001,146250
2026-08-03 09:38:00,575.29999,578.46997,574.94,578.12518,161429
2026-08-03 09:37:00,573.070007,575.56500,572.82001,575.26001,127134
2026-08-03 09:36:00,573.35999,573.98999,572.13000,573.010010,105584
2026-08-03 09:35:00,572.28003,574.64001,571.5,573.35999,120127
2026-08-03 09:34:00,569.54999,572.49988,569,572.25,152076
2026-08-03 09:33:00,566.95502,570.5,565.79999,569.90552,176738
2026-08-03 09:32:00,560.40997,567.5,560.00012207,566.79309,99911
2026-08-03 09:31:00,563.50500,564.39191,559.35999,560.41498,151344
2026-08-03 09:30:00,564.049988,565,561.09,563.50500,1050967
2026-07-31 15:59:00,557.97498,557.98,556.27,556.5,371586
2026-07-31 15:58:00,557.90997,558.15002,557.57,557.97998,178654
2026-07-31 15:57:00,557.40002,558.33002,557.36,557.90997,170251
2026-07-31 15:56:00,556.42999,557.5,556.375,557.39001,152185
2026-07-31 15:55:00,555.69000,556.79,555.45001,556.50842,151495
2026-07-31 15:54:00,555.12000,555.81500,554.79,555.77002,121790
2026-07-31 15:53:00,553.72998,555.62000,553.62000,555.19000,144224
2026-07-31 15:52:00,552.13000,553.90002,552.125,553.72998,96760
2026-07-31 15:51:00,551.73999,552.44,551.70001,552.14001,90269
2026-07-31 15:50:00,552.33002,552.42,551.010071,551.73999,101372
2026-07-31 15:49:00,552.78003,552.79,552.27002,552.40997,37688
2026-07-31 15:48:00,552.89008,552.905,552.32001,552.64502,65247
2026-07-31 15:47:00,552.10999,553.054993,552.070007,552.92999,59937
2026-07-31 15:46:00,552.27502,552.5,552.07,552.10498,57011
2026-07-31 15:45:00,552.20001,552.35498,551.96,552.27002,66485
2026-07-31 15:44:00,552.030029,552.34003,551.965,552.19019,69596
2026-07-31 15:43:00,551.96002,552.21503,551.75,552.080017,66003
2026-07-31 15:42:00,551.83002,552.18500,551.39001,551.88501,102349
2026-07-31 15:41:00,552.19000,552.34003,551.39001,551.70001,61053
2026-07-31 15:40:00,553.33002,553.33087,552.065002,552.15503,63622
2026-07-31 15:39:00,554.45502,554.52,552.78003,553.38000,76432
2026-07-31 15:38:00,554.28003,554.72998,554.15009,554.45001,34371
2026-07-31 15:37:00,553.77002,554.48999,553.65,554.29919,42993
2026-07-31 15:36:00,553.66998,553.87000,553.21997,553.84998,65395
2026-07-31 15:35:00,552.65002,553.60498,552.57,553.60498,32524
2026-07-31 15:34:00,552.41998,552.81,552.39008,552.77991,425211
2026-07-31 15:33:00,552.43500,552.66998,552.15,552.53998,46029
2026-07-31 15:32:00,552.25,552.66998,552.15997,552.41498,29498
2026-07-31 15:31:00,552.034973,552.22162,551.43500,552.13000,35597
2026-07-31 15:30:00,552.53998,552.53998,551.77002,552.090027,48993
2026-07-31 15:29:00,552.66998,552.97998,552.56000,552.56000,27919
2026-07-31 15:28:00,553.25500,553.25500,552.62000,552.67499,31083
2026-07-31 15:27:00,553.099976,553.41,553.099976,553.23999,26929
2026-07-31 15:26:00,553.20502,553.20502,552.75,553.075012,31849
2026-07-31 15:25:00,553.19000,553.39001,553.080017,553.14001,28965
2026-07-31 15:24:00,553.20001,553.37000,553.049988,553.13391,34775
2026-07-31 15:23:00,553.49500,553.53998,553.12000,553.20001,27970
2026-07-31 15:22:00,553.13501,553.73999,552.98999,553.5,37498
2026-07-31 15:21:00,552.83002,553.19989,552.65997,553.14001,36243
2026-07-31 15:20:00,552.90997,552.98810,552.53,552.77002,27100
2026-07-31 15:19:00,552.95502,553.10999,552.67499,552.84998,32061
2026-07-31 15:18:00,552.53497,553.19000,552.53497,552.95502,30158
2026-07-31 15:17:00,552.32501,552.63000,552.15997,552.63000,19806
2026-07-31 15:16:00,552.92499,552.925,552.030029,552.25,214077
2026-07-31 15:15:00,553.23798,553.23798,552.65503,553.018982,43255
2026-07-31 15:14:00,552.79999,553.35999,552.66998,553.18500,34734
2026-07-31 15:13:00,552.099976,552.98962,552.039978,552.67999,56848
2026-07-31 15:12:00,551.22998,552.23999,551.15,552.099976,35918
2026-07-31 15:11:00,551.42499,551.67999,551,551.19000,39189
2026-07-31 15:10:00,550.90002,551.56500,550.9,551.43011,24209
2026-07-31 15:09:00,551.17999,551.23999,550.63,550.90002,43765
2026-07-31 15:08:00,551.52002,551.64001,551.13000,551.17999,20556
2026-07-31 15:07:00,551.52002,551.64001,550.65997,551.51501,33262
2026-07-31 15:06:00,551.49500,551.69000,551.17010,551.53998,17448
2026-07-31 15:05:00,551.90253,552.049927,551.12000,551.49500,28061
2026-07-31 15:04:00,551.90002,552.5,551.74,552,23124
2026-07-31 15:03:00,551.90002,552.46002,551.58002,551.95502,555747
2026-07-31 15:02:00,551.64001,552.27002,551.58,551.90009,2284
2026-07-31 15:01:00,552.070007,552.14502,551.25,551.57001,559033
2026-07-31 15:00:00,550.60999,552.21002,550.53,551.96283,54375
2026-07-31 14:59:00,550.68500,551.76001,550.42999,550.69000,54225
2026-07-31 14:58:00,550.45001,550.77002,550.23,550.74500,29817
2026-07-31 14:57:00,550.79498,550.87000,550.10999,550.48499,35540
2026-07-31 14:56:00,550.68707,550.84998,550.62,550.79498,22739
2026-07-31 14:55:00,550.79999,550.93,550.60999,550.71997,25087
2026-07-31 14:54:00,551.17999,551.19031,550.75,550.90997,24305
2026-07-31 14:53:00,551.025024,551.28003,550.95001,551.19000,26609
2026-07-31 14:52:00,551.17999,551.235,550.97998,550.97998,26769
2026-07-31 14:51:00,551.10498,551.28003,550.98999,551.12750,21356
2026-07-31 14:50:00,551.47998,551.51001,550.94501,551,28229
2026-07-31 14:49:00,551.27502,551.62000,551.24,551.49030,31080
2026-07-31 14:48:00,551.090027,551.34991,551.030029,551.28003,25351
2026-07-31 14:47:00,550.73798,551.090027,550.58069,551.059998,35445
2026-07-31 14:46:00,550.60999,550.98999,550.59,550.66498,28742
2026-07-31 14:45:00,549.81000,550.69000,549.81000,550.60999,31487
2026-07-31 14:44:00,549.61499,550.13000,549.60999,549.90002,29709
2026-07-31 14:43:00,550.059998,550.16901,549.585,549.67499,26750
2026-07-31 14:42:00,549.72998,550.034973,549.56,550.034973,24112
2026-07-31 14:41:00,549.40002,549.81000,549.29498,549.71997,25659
2026-07-31 14:40:00,549.5,549.84991,549.39502,549.40002,29498
2026-07-31 14:39:00,549.65503,549.75,549.41,549.51001,36960
2026-07-31 14:38:00,549.63013,549.85999,549.41010,549.54999,29584
2026-07-31 14:37:00,549.53003,549.77,549.17999,549.63098,45624
2026-07-31 14:36:00,550.17999,550.35999,549.65997,549.65997,25325
2026-07-31 14:35:00,550.050110,550.45001,549.92999,550.16998,28026
2026-07-31 14:34:00,550.48499,550.56000,549.96,550.11853,25028
2026-07-31 14:33:00,550.60999,550.64368,550.17999,550.59003,31734
2026-07-31 14:32:00,550.34003,550.545,550.25,550.53003,39121
2026-07-31 14:31:00,549.71997,550.52899,549.66,550.30261,31860
2026-07-31 14:30:00,550.13501,550.13501,549.65997,549.65997,39960
2026-07-31 14:29:00,551.10870,551.35,550.020020,550.077515,28781
2026-07-31 14:28:00,550.28998,551.13000,549.69012,550.91998,28655
2026-07-31 14:27:00,550.87000,550.96997,550.23,550.29498,36492
2026-07-31 14:26:00,550.84998,550.96002,550.79999,550.84003,19492
2026-07-31 14:25:00,551.34003,551.47681,550.78998,550.84998,39748
2026-07-31 14:24:00,551.21997,551.64001,551.03,551.34003,39067
2026-07-31 14:23:00,551.27002,551.53003,551.16,551.20502,26810
2026-07-31 14:22:00,551.17047,551.29,551.010071,551.26001,28351
2026-07-31 14:21:00,551.41998,551.64001,550.84998,551.14001,34826
2026-07-31 14:20:00,550.96002,551.46002,550.72998,551.40997,32433
2026-07-31 14:19:00,550.63000,551.049988,550.58,550.98999,27088
2026-07-31 14:18:00,549.88000,550.67,549.88000,550.65002,37002
2026-07-31 14:17:00,549.65002,549.89001,549.38013,549.84497,18289
2026-07-31 14:16:00,549.77002,550.039978,549.62,549.66998,39644
2026-07-31 14:15:00,549,549.78497,548.83002,549.62000,31899
2026-07-31 14:14:00,548.78998,549.20001,548.62,549.049988,20605
2026-07-31 14:13:00,547.70001,548.73,547.5,548.62000,42664
2026-07-31 14:12:00,548.31000,548.46997,547.62000,547.81500,51434
2026-07-31 14:11:00,548.52002,548.56000,548.1,548.29999,25467
2026-07-31 14:10:00,548.51001,548.98993,548.41,548.5,39912
2026-07-31 14:09:00,548.61719,548.70990,548.23999,548.48999,41985
2026-07-31 14:08:00,548.68500,549.19000,548.53,548.57501,46235
2026-07-31 14:07:00,549.70502,549.75,548.52002,548.72998,27203
2026-07-31 14:06:00,549.52502,549.90997,549.515,549.77991,26513
2026-07-31 14:05:00,549.34003,549.63000,549.21021,549.53003,35236
2026-07-31 14:04:00,549.47498,549.73,549.3,549.42999,24843
2026-07-31 14:03:00,549.69501,549.90002,549.42999,549.46002,25936
2026-07-31 14:02:00,549.33459,549.74,549.21,549.59998,27066
2026-07-31 14:01:00,549.20001,549.71002,549.15,549.51001,32694
2026-07-31 14:00:00,548.75,549.31,548.73,549.27502,37299
2026-07-31 13:59:00,548.93500,549.049988,548.65,548.72498,18098
2026-07-31 13:58:00,549.29919,549.33502,548.80762,548.94000,23412
2026-07-31 13:57:00,549.30499,549.40997,548.97998,549.39001,21758
2026-07-31 13:56:00,549.23499,549.5,549.099976,549.34998,17630
2026-07-31 13:55:00,549.83002,549.84003,549.10010,549.16083,15340
2026-07-31 13:54:00,549.60999,549.84003,549.51,549.67999,23273
2026-07-31 13:53:00,549.070007,549.82001,549.00012207,549.60999,27005
2026-07-31 13:52:00,549.15002,549.82251,549.059998,549.13000,69244
2026-07-31 13:51:00,549.16998,549.43,548.85999,549.21503,25865
2026-07-31 13:50:00,548.98499,549.24,548.88,549.16998,19419
2026-07-31 13:49:00,548.77008,549.099976,548.64008,548.94000,21336
2026-07-31 13:48:00,548.58838,548.94000,548.50012,548.94000,28571
2026-07-31 13:47:00,549.010010,549.22998,548.625,548.66998,27100
2026-07-31 13:46:00,549.040100,549.32001,548.84009,549.099976,21651
2026-07-31 13:45:00,549.070007,549.40002,548.84,549.025024,33005
2026-07-31 13:44:00,548.20001,549.15,548.08,549.028015,26098
2026-07-31 13:43:00,548.56500,548.92999,547.98,548.21997,45272
2026-07-31 13:42:00,549.90002,549.96997,548.51,548.62000,33041
2026-07-31 13:41:00,549.66998,549.95001,549.39008,549.90002,18966
2026-07-31 13:40:00,548.83002,549.78998,548.67,549.76001,25939
2026-07-31 13:39:00,548.625,548.90002,548.625,548.65997,21855
2026-07-31 13:38:00,548.95001,549.039978,548.58099,548.67999,20499
2026-07-31 13:37:00,549.46503,549.76001,548.89001,549.0050049,40877
2026-07-31 13:36:00,549.15997,549.58002,549.1,549.45502,29993
2026-07-31 13:35:00,549.33502,549.45001,549.10010,549.17999,15972
2026-07-31 13:34:00,549.59497,549.93,549.24,549.30499,28860
2026-07-31 13:33:00,549.26001,549.88989,549.1,549.59497,22768
2026-07-31 13:32:00,548.90002,549.45001,548.87,549.22998,23142
2026-07-31 13:31:00,549.28998,549.35999,548.59003,548.88501,31230
2026-07-31 13:30:00,549.33502,549.35999,549,549.26001,21317
2026-07-31 13:29:00,549.36499,549.58002,549.12000,549.32501,27745
2026-07-31 13:28:00,548.55499,549.46002,548.31512,549.39441,25826
2026-07-31 13:27:00,549.65997,549.83002,548.53,548.56500,22851
2026-07-31 13:26:00,548.40997,549.59,548.31,549.53003,23769
2026-07-31 13:25:00,548.66998,549.11,548.33,548.41998,31433
2026-07-31 13:24:00,547.96503,548.90997,547.92,548.66998,34827
2026-07-31 13:23:00,547.76001,548,547.56,547.94751,25748
2026-07-31 13:22:00,547.76007,547.91498,547.21722,547.64502,20536
2026-07-31 13:21:00,548.090027,548.20001,547.65002,547.91998,29387
2026-07-31 13:20:00,547.15002,548.039978,547.099976,548.039978,26149
2026-07-31 13:19:00,547.15503,547.46002,547.1,547.15503,13344
2026-07-31 13:18:00,546.89001,547.25,546.83002,547.10303,24411
2026-07-31 13:17:00,547.48499,547.56000,546.40082,546.84003,56897
2026-07-31 13:16:00,547.56000,547.86987,547.45,547.48499,19927
2026-07-31 13:15:00,547.060974,547.63,547.059998,547.55499,23767
2026-07-31 13:14:00,547.36499,547.365,546.84003,547.099976,18379
2026-07-31 13:13:00,547.044983,547.56000,546.95007,547.38501,17913
2026-07-31 13:12:00,547.56000,547.69000,546.95007,547.044983,13935
2026-07-31 13:11:00,547.56000,547.87000,547.41998,547.58002,32041
2026-07-31 13:10:00,547.82501,547.83002,546.63013,547.47998,56351
2026-07-31 13:09:00,547.81000,548.42999,547.64,547.75,20873
2026-07-31 13:08:00,548.16998,548.41998,547.705,547.95142,53418
2026-07-31 13:07:00,548.97998,549.25,548.12000,548.25500,20280
2026-07-31 13:06:00,549.58002,549.65363,549,549,12122
2026-07-31 13:05:00,549.39001,549.79,549.35498,549.64502,18694
2026-07-31 13:04:00,549.51001,549.53003,549.07,549.46991,17828
2026-07-31 13:03:00,549.19000,549.67999,549.19000,549.41998,15346
2026-07-31 13:02:00,548.91498,549.32123,548.65,549.19501,11767
2026-07-31 13:01:00,548.96002,548.97,548.35999,548.88000,17548
2026-07-31 13:00:00,548.70001,549.13000,548.62000,548.97998,12725
2026-07-31 12:59:00,549.15503,549.21002,548.58002,548.76001,22373
2026-07-31 12:58:00,549.40002,549.58502,549.030090,549.099976,11981
2026-07-31 12:57:00,549.29999,549.39,549.00012207,549.10602,289794
2026-07-31 12:56:00,549.43988,549.44,549.12000,549.29999,19862
2026-07-31 12:55:00,549.5,549.59900,548.71,549.30011,35594
2026-07-31 12:54:00,549.78003,550.20502,549.51,549.59998,13070
2026-07-31 12:53:00,549.45001,549.79,549.17499,549.77002,18143
2026-07-31 12:52:00,549.72998,550.225,549.38000,549.40997,28319
2026-07-31 12:51:00,549.22498,549.81989,549.22498,549.625,21363
2026-07-31 12:50:00,549.47998,549.55,548.85999,549.22498,24410
2026-07-31 12:49:00,549.54999,549.68500,549.039978,549.54498,21413
2026-07-31 12:48:00,549.32501,549.88000,549.2,549.64001,20430
2026-07-31 12:47:00,549.70502,549.92,549.20001,549.29999,18588
2026-07-31 12:46:00,549.76001,550.19000,549.57,549.84998,16987
2026-07-31 12:45:00,549.79999,550.19989,549.6,549.97998,17993
2026-07-31 12:44:00,549.26813,549.82001,549.010010,549.81500,25386
2026-07-31 12:43:00,550.63000,550.63000,549,549.32013,84259
2026-07-31 12:42:00,551.27002,551.76001,550.40002,550.88000,48159
2026-07-31 12:41:00,551.45001,551.59003,551.090088,551.34998,18398
2026-07-31 12:40:00,550.57001,551.46997,550.45007,551.39001,38578
2026-07-31 12:39:00,551.48077,552.099976,550.42499,550.54999,76379
2026-07-31 12:38:00,552,552,551.5,551.5,21999
2026-07-31 12:37:00,550.76001,552.01,550.66010,551.98999,31106
2026-07-31 12:36:00,551.15997,551.34003,550.56000,550.81000,23306
2026-07-31 12:35:00,551.22998,551.53998,551,551.085022,37115
2026-07-31 12:34:00,549.83002,551.20001,549.83002,551.20001,26691
2026-07-31 12:33:00,549.69098,550.099976,549.64001,550.099976,13736
2026-07-31 12:32:00,549.75,550.26001,549.34998,549.84998,43469
2026-07-31 12:31:00,549.32001,549.70001,549.039978,549.70001,25788
2026-07-31 12:30:00,549.29999,549.56989,549.16010,549.22998,17717
2026-07-31 12:29:00,549.5,549.57001,549.14001,549.22998,32680
2026-07-31 12:28:00,549.23999,549.44000,549.00012207,549.29498,19008
2026-07-31 12:27:00,548.84998,549.38000,548.84003,549.22998,20693
2026-07-31 12:26:00,548.26001,549.0050049,548.21002,548.98999,22943
2026-07-31 12:25:00,548.74500,548.83600,548.10999,548.18500,16754
2026-07-31 12:24:00,548.41998,548.83087,548.41998,548.81989,28191
2026-07-31 12:23:00,548.54999,548.64001,548.22998,548.46997,22126
2026-07-31 12:22:00,548.69000,548.97400,548.40002,548.40002,14454
2026-07-31 12:21:00,548.96002,548.96997,548.59003,548.78320,14962
2026-07-31 12:20:00,548.16498,549.21002,548.03,548.65997,29120
2026-07-31 12:19:00,548.53998,548.69861,548.05,548.16498,15579
2026-07-31 12:18:00,548.71997,548.87988,548.05,548.46503,20283
2026-07-31 12:17:00,548.77502,548.87000,548.55499,548.78992,12592
2026-07-31 12:16:00,547.36499,549,547.22009,548.98999,25472
2026-07-31 12:15:00,547.78998,547.84998,547.21997,547.22998,129774
2026-07-31 12:14:00,547.29999,547.88000,547.12,547.85992,32174
2026-07-31 12:13:00,546.77002,547.39673,546.77002,547.22498,55435
2026-07-31 12:12:00,546.54498,546.82001,546.44,546.82001,16351
2026-07-31 12:11:00,546.79498,547.25,546.40009,546.40009,24814
2026-07-31 12:10:00,546.10999,546.90997,546.09,546.84998,30504
2026-07-31 12:09:00,546.625,546.78992,546.17499,546.17499,17322
2026-07-31 12:08:00,546.21997,546.79999,546.21997,546.67798,14433
2026-07-31 12:07:00,546.12000,546.80988,546.07,546.25500,18458
2026-07-31 12:06:00,546.29498,546.41498,545.84998,546.24988,22674
2026-07-31 12:05:00,546.53003,546.81970,546.21997,546.56989,17636
2026-07-31 12:04:00,546.38000,546.97998,546.25012,546.39502,34489
2026-07-31 12:03:00,545.78003,546.60999,545.67,546.38000,38145
2026-07-31 12:02:00,545.77502,545.98993,545.54999,545.82001,22532
2026-07-31 12:01:00,546.23877,546.28003,545.44000,545.79999,18420
2026-07-31 12:00:00,545.97162,546.28003,545.72,546,11010
2026-07-31 11:59:00,545.78101,546.079895,545.5,545.84998,11661
2026-07-31 11:58:00,546.52502,546.87000,545.85101,545.88000,24536
2026-07-31 11:57:00,546.13013,546.85999,546.13000,546.53003,15027
2026-07-31 11:56:00,545.98999,546.50220,545.79022,546.50220,19873
2026-07-31 11:55:00,546.43500,546.52,545.76099,545.78003,19858
2026-07-31 11:54:00,546.099976,546.87189,545.94012,546.54498,40891
2026-07-31 11:53:00,545.97998,546.20001,545.76,546.090027,18163
2026-07-31 11:52:00,546.35999,547.24890,545.72,546.030029,72787
2026-07-31 11:51:00,546.58002,546.88000,546.14001,546.26428,25788
2026-07-31 11:50:00,545.39001,546.58002,545.33,546.56000,48122
2026-07-31 11:49:00,545.38000,545.48999,544.91,545.30750,13638
2026-07-31 11:48:00,545.080017,545.37720,544.71002,545.28003,40519
2026-07-31 11:47:00,545.31000,545.66498,544.65009,545.15997,17011
2026-07-31 11:46:00,545.81012,546.010010,545.27002,545.27002,50932
2026-07-31 11:45:00,545.79999,545.96002,545.44,545.88000,11741
2026-07-31 11:44:00,545.73499,546.01,545.62000,545.79950,17911
2026-07-31 11:43:00,545.90021,546.21997,545.40002,545.64050,13906
2026-07-31 11:42:00,545.94000,546.40002,545.72998,546.21503,22327
2026-07-31 11:41:00,546.060120,546.19000,545.68,546.010010,15594
2026-07-31 11:40:00,546.080017,546.34998,545.7,546.039978,26973
2026-07-31 11:39:00,545.77002,546.44513,545.61,546.17499,29379
2026-07-31 11:38:00,544.85498,545.91589,544.75,545.60999,37038
2026-07-31 11:37:00,544.21997,544.96997,544.17,544.85498,25338
2026-07-31 11:36:00,544.51001,544.62207,544.19,544.28998,32063
2026-07-31 11:35:00,544.21997,544.63989,544,544.51001,30666
2026-07-31 11:34:00,542.76001,544.40503,542.53998,544.29498,31649
2026-07-31 11:33:00,542.52502,543.40002,542.18500,542.76001,51872
2026-07-31 11:32:00,541.65503,542.75,541.51,542.39001,53329
2026-07-31 11:31:00,540.97998,542.16449,540.85999,541.73999,58845
2026-07-31 11:30:00,540.78003,541,540.23999,540.84003,114037
2026-07-31 11:29:00,541.79999,541.92999,540.72,540.88000,82811
2026-07-31 11:28:00,542.47498,542.59,541.79999,541.84003,91432
2026-07-31 11:27:00,543.030029,543.28003,542.26001,542.47498,75603
2026-07-31 11:26:00,543.81000,543.81,542.78009,542.92999,80090
2026-07-31 11:25:00,543.83002,544.16998,543.29999,543.82001,51175
2026-07-31 11:24:00,545,545,543.65002,543.83502,83065
2026-07-31 11:23:00,545.93341,546.12000,544.80011,544.97998,42291
2026-07-31 11:22:00,545.52002,546.35999,545.46997,545.92999,18523
2026-07-31 11:21:00,545.64502,546.37000,545.36011,545.51501,22988
2026-07-31 11:20:00,545.76501,545.81,545.099976,545.54010,29898
2026-07-31 11:19:00,546.20001,546.45001,545.45502,545.87000,29600
2026-07-31 11:18:00,546.25,546.46991,545.71,546.030090,23745
2026-07-31 11:17:00,545.65991,546.79999,545.31000,546.37000,48480
2026-07-31 11:16:00,546.85498,547.12000,545.40002,545.52502,66300
2026-07-31 11:15:00,547.48499,547.71002,546.71,546.85498,32658
2026-07-31 11:14:00,547.59998,548.020020,546.96,547.67999,50413
2026-07-31 11:13:00,547.52002,548.15002,547.33008,547.73499,27686
2026-07-31 11:12:00,547.78998,548.19,547.055481,547.73999,34847
2026-07-31 11:11:00,549.80499,549.84802,547.65009,547.79999,53604
2026-07-31 11:10:00,550,550.27002,549.6,549.80499,23978
2026-07-31 11:09:00,550.17999,550.27002,549.15240,549.84998,37036
2026-07-31 11:08:00,552.28998,552.34998,549.65997,550.17999,126055
2026-07-31 11:07:00,551.86499,552.89001,551.59998,552.375,54378
2026-07-31 11:06:00,551.21997,552.049988,551.11047,551.86499,33220
2026-07-31 11:05:00,551.085022,552.020020,551.04,551.22998,29639
2026-07-31 11:04:00,552.13501,552.16,550.90002,551.12000,100923
2026-07-31 11:03:00,552.52502,552.84998,551.91,552.25,38552
2026-07-31 11:02:00,552.073181,553.070007,551.78998,552.52502,50731
2026-07-31 11:01:00,551.71002,552.22998,551.03,552.14001,98704
2026-07-31 11:00:00,551.010010,552.090027,550.53003,551.64502,79322
2026-07-31 10:59:00,551.039978,551.48999,550.94501,551.090027,36174
2026-07-31 10:58:00,550.28998,551,550,550.93500,39554
2026-07-31 10:57:00,551.28998,551.63922,550.23,550.23999,32023
2026-07-31 10:56:00,550.40997,551.75269,550.31000,551.28998,126364
2026-07-31 10:55:00,551.88501,552.030029,549.82098,550.40997,80237
2026-07-31 10:54:00,551.90002,552.41,551.5,551.84003,51325
2026-07-31 10:53:00,551.25,552.015015,551,551.90002,50871
2026-07-31 10:52:00,551.65002,551.89,551.02,551.24500,54357
2026-07-31 10:51:00,551.93079,552.40997,551.21997,551.63501,97274
2026-07-31 10:50:00,550.85999,551.99,550.35999,551.84998,113019
2026-07-31 10:49:00,550.098022,551.39001,550.070007,550.95001,63911
2026-07-31 10:48:00,549.38000,550.29999,548.77002,550.15997,51433
2026-07-31 10:47:00,549.92999,550.16998,549.070129,549.38000,33444
2026-07-31 10:46:00,549.39001,550.15002,549.39001,549.97998,62687
2026-07-31 10:45:00,548.81000,549.4,548.34998,549.31311,55240
2026-07-31 10:44:00,549.31012,549.88989,548.65002,548.82501,53042
2026-07-31 10:43:00,547.37000,549.38000,547.37000,549.31000,40348
2026-07-31 10:42:00,547.030029,547.59003,546.52008,547.59003,42133
2026-07-31 10:41:00,546.23999,547.12000,545.79999,547.094971,43392
2026-07-31 10:40:00,545.90002,546.35,545.5,546.11047,64056
2026-07-31 10:39:00,545.52002,546,545.29,545.81000,26692
2026-07-31 10:38:00,545.12000,546.6,545.055,545.52502,73711
2026-07-31 10:37:00,544.48499,545.16870,544.17,544.90002,40147
2026-07-31 10:36:00,544.79999,544.81512,544,544.43500,86879
2026-07-31 10:35:00,545.085022,545.19989,544.70007,544.82001,30237
2026-07-31 10:34:00,545.53998,545.53998,544,545.14001,48213
2026-07-31 10:33:00,547.45001,547.54498,545.38,545.38000,60381
2026-07-31 10:32:00,547.21002,547.65997,546.90997,547.28998,27674
2026-07-31 10:31:00,546.46997,547.26001,546.36,547.17499,26992
2026-07-31 10:30:00,547.37952,547.38000,546.15002,546.28497,49642
2026-07-31 10:29:00,547.63501,547.64001,546.54999,547.22998,29740
2026-07-31 10:28:00,547.81000,548.070007,546.95001,547.63501,47992
2026-07-31 10:27:00,547.090027,548.070007,546.40997,547.85999,55206
2026-07-31 10:26:00,546.69000,547.60992,546.39001,546.97998,39216
2026-07-31 10:25:00,549.38000,549.70001,546.64001,546.64001,78078
2026-07-31 10:24:00,550.015015,550.16992,549.16998,549.48999,28686
2026-07-31 10:23:00,550.53497,550.62000,549.4,550.015015,56391
2026-07-31 10:22:00,549.91998,550.77002,549.71,550.59998,52447
2026-07-31 10:21:00,550.35999,550.79999,549.17999,549.94000,52463
2026-07-31 10:20:00,548.49500,550.56000,548.33008,550.40997,90835
2026-07-31 10:19:00,548.71503,549.049988,548.23010,548.61340,45129
2026-07-31 10:18:00,548.099976,549.070007,548.099976,548.83990,58917
2026-07-31 10:17:00,547.94000,549.45801,547.87000,548.125,112575
2026-07-31 10:16:00,546.66998,548.60999,546.21997,548.23499,65394
2026-07-31 10:15:00,545.84003,547.10938,545.75012,546.81000,56805
2026-07-31 10:14:00,545.50549,546.68988,545.40002,545.92999,58349
2026-07-31 10:13:00,543.71503,545.72998,543.63000,545.59003,72085
2026-07-31 10:12:00,545.10999,545.85999,543.61,543.69000,65081
2026-07-31 10:11:00,546.57001,546.84998,544.64502,545.090027,55527
2026-07-31 10:10:00,547.12000,547.71002,546.39502,546.40997,87741
2026-07-31 10:09:00,546.25,547.35999,546.039978,547.18500,52190
2026-07-31 10:08:00,545.46997,546.33502,545.01,546.31000,54295
2026-07-31 10:07:00,544.065125,545.55,543.83008,545.53003,69531
2026-07-31 10:06:00,544,544.84,543.79,544.080017,46685
2026-07-31 10:05:00,543.84003,543.91,542.76001,543.84003,60943
2026-07-31 10:04:00,544.19000,544.93542,543.21002,543.76001,50806
2026-07-31 10:03:00,544.78998,544.81,543.36292,544.19000,69005
2026-07-31 10:02:00,545.31000,545.67999,544.049988,544.72998,59728
2026-07-31 10:01:00,545.89001,546.525,544.76001,545.5,85043
2026-07-31 10:00:00,546.22998,546.70001,545.10999,545.89001,85754
2026-07-31 09:59:00,546.53998,547.19,546.25012,546.25012,45843
2026-07-31 09:58:00,547.20038,547.875,546.39502,546.54498,44665
2026-07-31 09:57:00,547.81000,548.23999,547.25,547.56500,35443
2026-07-31 09:56:00,548.094971,548.42999,547.12000,547.63000,57787
2026-07-31 09:55:00,548.71002,548.90002,547.65997,548.00012207,71649
2026-07-31 09:54:00,547.99500,549.20990,547.81000,548.71503,74287
2026-07-31 09:53:00,548.79999,548.8,547.79999,547.99500,79826
2026-07-31 09:52:00,548.51001,548.82001,547.625,548.79999,145302
2026-07-31 09:51:00,546.96997,548.82,546.49,548.39001,136116
2026-07-31 09:50:00,546.10999,547.090027,545.61670,546.92499,70804
2026-07-31 09:49:00,547.69000,547.69000,545.90002,546.12000,85664
2026-07-31 09:48:00,545.94000,547.75,545.53998,547.64008,82110
2026-07-31 09:47:00,547.70001,548.12000,545.51001,545.94000,77801
2026-07-31 09:46:00,548.77502,549.20001,547.39001,547.92987,137254
2026-07-31 09:45:00,548.65997,549.81000,547.65997,548.77509,86686
2026-07-31 09:44:00,547.88000,549.82001,547.62000,548.66998,77795
2026-07-31 09:43:00,548.89001,548.96991,547.45001,547.73462,70855
2026-07-31 09:42:00,549.44501,551.50952,548.62,548.71997,81707
2026-07-31 09:41:00,548.82501,550.26001,548.82501,549.23499,114341
2026-07-31 09:40:00,549.40002,550.33502,548,548.82501,145810
2026-07-31 09:39:00,550.59003,551.72998,548.57,549.59998,104464
2026-07-31 09:38:00,551.42432,551.85,549.72998,550.59497,148211
2026-07-31 09:37:00,551.78003,553.42999,550.60999,551.92999,155284
2026-07-31 09:36:00,554.78998,555.28003,551.41998,551.64001,139964
2026-07-31 09:35:00,555.25,556,553.28003,554,177440
2026-07-31 09:34:00,555.14001,557.99,554.88,555.25,369391
2026-07-31 09:33:00,553.59003,555.46991,552.84998,555.14001,192801
2026-07-31 09:32:00,552.35822,557.96002,552.010071,553.59003,447304
2026-07-31 09:31:00,550.99500,553.21002,549.15997,552.79327,158781
2026-07-31 09:30:00,543.56000,551.47998,542.82001,551.14001,1904782
2026-07-30 15:59:00,539.73999,539.88000,538.62000,539.059998,466714
2026-07-30 15:58:00,538.90503,539.75,538.47998,539.71002,309472
2026-07-30 15:57:00,538.84998,539.46002,538.17999,538.90503,354088
2026-07-30 15:56:00,538.89001,539.27002,538.53003,538.84998,236884
2026-07-30 15:55:00,537.070007,539.62000,537.030029,538.88000,332864
2026-07-30 15:54:00,535.16998,537.53497,535.16998,537.059998,248394
2026-07-30 15:53:00,535.33948,535.89,535.070007,535.15997,140035
2026-07-30 15:52:00,535.67999,535.89001,535.059998,535.31500,110687
2026-07-30 15:51:00,535.76001,535.87,534.81000,535.63501,124247
2026-07-30 15:50:00,536.59998,537.5,535.64001,535.82001,179266
2026-07-30 15:49:00,535.5,536.67999,535.35010,536.61902,128161
2026-07-30 15:48:00,535.26001,535.70001,535.16998,535.5,128209
2026-07-30 15:47:00,535.58002,535.58002,534.90002,535.25,526776
2026-07-30 15:46:00,535.50500,535.95740,535.16998,535.65002,93804
2026-07-30 15:45:00,535.25,535.71002,534.79999,535.53998,91389
2026-07-30 15:44:00,534.53003,535.28003,534.52,535.25,72892
2026-07-30 15:43:00,534.26001,535,534.17499,534.57001,70021
2026-07-30 15:42:00,533.79999,534.23999,533.79999,534.23999,64421
2026-07-30 15:41:00,533.84497,534.15997,533.72009,533.84497,54314
2026-07-30 15:40:00,533.33002,533.92,533.21002,533.84003,57547
2026-07-30 15:39:00,533.69000,533.90997,533.31,533.35999,56709
2026-07-30 15:38:00,534.030029,534.18,533.63452,533.66998,61627
2026-07-30 15:37:00,533.60999,534.049988,533.45,534.020020,77077
2026-07-30 15:36:00,533.81000,534.06,533.54999,533.60999,57050
2026-07-30 15:35:00,534.72998,534.72998,533.86,533.89001,57619
2026-07-30 15:34:00,534.95502,535.22998,534.72101,534.72101,82939
2026-07-30 15:33:00,534.34003,535.059998,534.32,534.96997,58748
2026-07-30 15:32:00,533.87000,534.54999,533.84,534.46002,64243
2026-07-30 15:31:00,533.73102,533.84,533.40997,533.81000,59249
2026-07-30 15:30:00,534.53998,534.64001,533.64001,533.78003,90819
2026-07-30 15:29:00,534.75,534.77643,534.14001,534.53998,49980
2026-07-30 15:28:00,535.16998,535.41980,534.57,534.81000,55123
2026-07-30 15:27:00,535.21002,535.5,535,535.21997,56659
2026-07-30 15:26:00,535.28003,535.48,535.025024,535.14502,67076
2026-07-30 15:25:00,534.33502,535.38000,534.33,535.33002,55779
2026-07-30 15:24:00,534.047302,534.58002,534.03,534.33502,48340
2026-07-30 15:23:00,534.28998,534.38098,533.7,534.080017,48901
2026-07-30 15:22:00,534.15997,534.63000,534,534.38000,59995
2026-07-30 15:21:00,534.29010,534.65997,534.15,534.16998,47223
2026-07-30 15:20:00,534.77502,534.78998,534,534.40997,62145
2026-07-30 15:19:00,534.75,535.12000,534.65,534.77502,44232
2026-07-30 15:18:00,534.32001,534.91998,534.25500,534.91998,46047
2026-07-30 15:17:00,535.40002,535.57001,534.21002,534.21002,62680
2026-07-30 15:16:00,535.54498,535.60498,534.91998,535.40002,59814
2026-07-30 15:15:00,535.70990,535.97,535.51001,535.55499,70722
2026-07-30 15:14:00,535.51001,535.78998,535.51,535.65997,52040
2026-07-30 15:13:00,535.31500,535.56500,535.044617,535.48187,55540
2026-07-30 15:12:00,534.16998,535.38928,534.16998,535.32001,56989
2026-07-30 15:11:00,534.51001,534.79999,534.051392,534.17499,58942
2026-07-30 15:10:00,532.78003,534.81,532.75,534.53003,78767
2026-07-30 15:09:00,532.5,532.88000,532,532.78003,90982
2026-07-30 15:08:00,533.39001,533.46002,532.5,532.58398,70267
2026-07-30 15:07:00,533.64001,533.72998,533.040100,533.39001,52455
2026-07-30 15:06:00,533.38000,533.82001,533.21503,533.64001,41557
2026-07-30 15:05:00,533.31000,533.63,532.95001,533.38000,40456
2026-07-30 15:04:00,534.45679,534.6,532.84,533.29999,50228
2026-07-30 15:03:00,534.090027,534.63989,534.090027,534.46002,31841
2026-07-30 15:02:00,533.20001,534.073975,533.12000,534.025024,39405
2026-07-30 15:01:00,534.75,534.83002,533.19012,533.19501,102141
2026-07-30 15:00:00,534.53271,534.97998,534.44000,534.75500,59197
2026-07-30 14:59:00,534.61499,534.81500,534.41010,534.52002,63514
2026-07-30 14:58:00,534.53998,534.87000,534.41998,534.58002,44326
2026-07-30 14:57:00,534.69000,534.82611,534.21997,534.43011,37998
2026-07-30 14:56:00,533.92499,534.87988,533.70001,534.67358,38025
2026-07-30 14:55:00,533.48999,534,533.2,533.96503,37680
2026-07-30 14:54:00,533.28497,533.95001,533.28497,533.43500,36362
2026-07-30 14:53:00,533.030029,533.59003,532.90002,533.28497,36126
2026-07-30 14:52:00,532.77002,533.059998,532.70502,532.92999,36285
2026-07-30 14:51:00,532.46002,532.78998,532.33002,532.77002,52606
2026-07-30 14:50:00,532.55499,532.69000,532.039978,532.37000,35268
2026-07-30 14:49:00,532.73999,532.75,532.25299,532.54248,63778
2026-07-30 14:48:00,533.15997,533.28003,532,532.64001,54094
2026-07-30 14:47:00,533.83002,533.83002,532.58008,533.15997,66381
2026-07-30 14:46:00,533.98999,534.054993,533.63000,533.77002,31007
2026-07-30 14:45:00,534.050171,534.10999,533.90997,534.028015,49251
2026-07-30 14:44:00,534.11987,534.20990,533.94501,534.054993,26937
2026-07-30 14:43:00,533.67999,534.28992,533.67999,534.065002,59816
2026-07-30 14:42:00,534.40997,534.40997,533.64001,533.65503,48165
2026-07-30 14:41:00,534.5,534.78003,534.20007,534.40997,35754
2026-07-30 14:40:00,534.12000,534.56000,534.12000,534.53998,25833
2026-07-30 14:39:00,533.65997,534.33002,533.65,534.10999,37391
2026-07-30 14:38:00,533.5,533.84949,533.43,533.62000,30656
2026-07-30 14:37:00,533.78497,533.85999,533.46997,533.53912,38318
2026-07-30 14:36:00,533.29688,533.87000,533.10498,533.78497,37374
2026-07-30 14:35:00,533.020020,533.33,532.88000,533.29999,48000
2026-07-30 14:34:00,533.030029,533.19000,532.99,533.025024,41114
2026-07-30 14:33:00,533.16498,533.27002,532.91998,533.099976,33343
2026-07-30 14:32:00,533.10999,533.22998,532.89001,533.22998,39072
2026-07-30 14:31:00,533.039978,533.23999,532.82001,533.13000,68832
2026-07-30 14:30:00,532.96997,533.070007,532.88,532.97998,23873
2026-07-30 14:29:00,533.10999,533.27002,532.88000,532.96002,31268
2026-07-30 14:28:00,532.83502,533.15002,532.57001,533.034973,42835
2026-07-30 14:27:00,533.15997,533.42999,532.75,532.76001,28612
2026-07-30 14:26:00,533.31000,533.49,532.75,533.13013,51774
2026-07-30 14:25:00,534.090027,534.17999,533.21997,533.38000,46635
2026-07-30 14:24:00,533.74500,534.17999,533.58002,534.094971,35414
2026-07-30 14:23:00,533.78497,533.79999,533.52,533.71417,31797
2026-07-30 14:22:00,533.38000,533.90002,533.32501,533.72498,45258
2026-07-30 14:21:00,533.34497,533.53003,533.12073,533.32501,53513
2026-07-30 14:20:00,532.66998,533.39001,532.60999,533.38000,45809
2026-07-30 14:19:00,532.75,532.90002,532.66,532.68738,44257
2026-07-30 14:18:00,532.69202,532.98999,532.69202,532.78497,31892
2026-07-30 14:17:00,532.95502,532.95502,532.60999,532.77991,32138
2026-07-30 14:16:00,532.91998,533.15002,532.71997,532.95502,29150
2026-07-30 14:15:00,533.12842,533.35950,532.89,532.94000,31822
2026-07-30 14:14:00,533.025024,533.28003,532.45001,533.070007,70840
2026-07-30 14:13:00,532.96460,533.15997,532.67047,532.99219,31536
2026-07-30 14:12:00,533.26001,533.32001,532.89,532.95972,34156
2026-07-30 14:11:00,532.13000,533.255,532.13000,533.19000,49157
2026-07-30 14:10:00,532.14001,532.47998,532.01,532.22998,48469
2026-07-30 14:09:00,531.97998,532.32001,531.64001,532.099976,70585
2026-07-30 14:08:00,532.059998,532.10083,531.7,531.97998,44553
2026-07-30 14:07:00,532.29999,532.34003,532.075012,532.075012,38329
2026-07-30 14:06:00,532.38000,532.40991,532.090027,532.34998,33908
2026-07-30 14:05:00,532.070007,532.39001,531.84998,532.39001,58981
2026-07-30 14:04:00,532.47998,532.53003,532.07,532.090027,36597
2026-07-30 14:03:00,532.78003,532.92987,532.23999,532.41998,49798
2026-07-30 14:02:00,532.84003,532.91,532.71002,532.77002,28819
2026-07-30 14:01:00,532.58502,532.90002,532.58002,532.81000,40345
2026-07-30 14:00:00,532.85999,533,532.54181,532.62848,37151
2026-07-30 13:59:00,532.90002,533.13,532.66998,532.85999,42321
2026-07-30 13:58:00,532.89001,533.23499,532.71002,532.82001,54899
2026-07-30 13:57:00,532.42499,533,532.34998,532.88000,35254
2026-07-30 13:56:00,532.39502,532.56,532.27002,532.42499,49963
2026-07-30 13:55:00,532.36499,532.48999,532.15002,532.38000,32950
2026-07-30 13:54:00,532.31000,532.6,532.22198,532.28003,30186
2026-07-30 13:53:00,532.41498,532.52002,532.13000,532.32001,29755
2026-07-30 13:52:00,532.70502,532.84,532.25,532.26007,33945
2026-07-30 13:51:00,533.21997,533.27002,532.65002,532.65002,24894
2026-07-30 13:50:00,532.92999,533.18500,532.87012,533.12347,24910
2026-07-30 13:49:00,532.67999,533.40808,532.59,533,48088
2026-07-30 13:48:00,532.54999,532.74988,532.44641,532.67999,25888
2026-07-30 13:47:00,532.87000,533.15002,532.325,532.46503,45094
2026-07-30 13:46:00,532.030029,532.85999,531.95001,532.85999,31440
2026-07-30 13:45:00,532.030029,532.26001,532.015,532.049988,32193
2026-07-30 13:44:00,532.26501,532.26501,531.92010,532.010071,35258
2026-07-30 13:43:00,532.44568,532.84,532.17,532.17999,33968
2026-07-30 13:42:00,532.39001,532.58002,532.19000,532.46997,36648
2026-07-30 13:41:00,531.89130,532.47992,531.52002,532.39001,66454
2026-07-30 13:40:00,532.71002,532.83002,531.60999,531.66998,113664
2026-07-30 13:39:00,533.20001,533.51001,532.79999,532.83002,49096
2026-07-30 13:38:00,533.80499,533.82001,532.84998,533.23993,44539
2026-07-30 13:37:00,534.90997,534.94000,533.62000,533.84521,54341
2026-07-30 13:36:00,533.96997,534.90997,533.945,534.88000,35008
2026-07-30 13:35:00,533.52002,534.074829,533.39502,533.98499,36229
2026-07-30 13:34:00,534.13000,534.36713,533.37000,533.64001,60642
2026-07-30 13:33:00,533.86780,534.41998,533.78003,534.10999,46907
2026-07-30 13:32:00,533.64001,533.87000,533.38000,533.81891,39475
2026-07-30 13:31:00,533.46503,533.75012,532.87012,533.69000,36957
2026-07-30 13:30:00,532.69501,534.12000,532.69501,533.42200,75100
2026-07-30 13:29:00,533.059998,533.090027,532.40997,532.77002,36098
2026-07-30 13:28:00,532.64001,533.25,532.63000,533.090027,51482
2026-07-30 13:27:00,532.51898,532.83002,532.42010,532.66998,40049
2026-07-30 13:26:00,532.15997,532.70001,532.094971,532.50500,66789
2026-07-30 13:25:00,532.13000,532.38000,532,532.16998,29318
2026-07-30 13:24:00,531.625,532.039978,531.53,532.039978,37844
2026-07-30 13:23:00,530.78497,531.70990,530.56000,531.70990,44109
2026-07-30 13:22:00,531.53998,531.65002,530.78003,530.78003,110820
2026-07-30 13:21:00,531.85498,531.90002,531.54999,531.60498,34820
2026-07-30 13:20:00,532.34497,532.40002,531.63013,531.79498,31767
2026-07-30 13:19:00,532.011108,532.47998,532.011108,532.38348,47683
2026-07-30 13:18:00,531.56000,532.13000,531.53998,532.037109,33494
2026-07-30 13:17:00,531.50500,531.65002,531.26,531.60498,34135
2026-07-30 13:16:00,531.53998,531.71997,531.40002,531.54657,27214
2026-07-30 13:15:00,531.84998,531.84998,531.25,531.59497,28317
2026-07-30 13:14:00,531.78601,532.10999,531.77002,531.85999,41556
2026-07-30 13:13:00,531.44849,532,531.34003,531.82501,37665
2026-07-30 13:12:00,531.96503,531.96503,531.15997,531.44952,46054
2026-07-30 13:11:00,532.38000,532.42999,531.84,531.96503,42687
2026-07-30 13:10:00,532.38501,532.61401,532.010071,532.42987,38535
2026-07-30 13:09:00,532.875,532.88000,532.32,532.38501,38598
2026-07-30 13:08:00,531.62000,533,531.48999,532.91998,56683
2026-07-30 13:07:00,531.44501,531.96991,531.41498,531.59998,34635
2026-07-30 13:06:00,531.84998,532,531.34192,531.41998,49688
2026-07-30 13:05:00,531.34998,532.5,531.29999,531.90997,97472
2026-07-30 13:04:00,531.18103,531.5,531.080017,531.34998,30028
2026-07-30 13:03:00,530.92999,531.33002,530.84,531.18542,42818
2026-07-30 13:02:00,530.58002,531.020020,530.52002,530.94000,31210
2026-07-30 13:01:00,530.66998,530.85999,530.48,530.59998,36946
2026-07-30 13:00:00,530.75,531.11,530.55011,530.55011,42942
2026-07-30 12:59:00,530.84497,530.92999,530.75,530.75098,33195
2026-07-30 12:58:00,530.94501,530.98199,530.59998,530.84998,51965
2026-07-30 12:57:00,531.33502,531.48999,530.79999,530.97357,50655
2026-07-30 12:56:00,530.84003,531.5,530.74011,531.40002,41988
2026-07-30 12:55:00,530.61499,530.96991,530.42700,530.96991,33867
2026-07-30 12:54:00,530.059998,530.9,529.875,530.61499,49020
2026-07-30 12:53:00,530.625,530.69000,530.01,530.068298,52715
2026-07-30 12:52:00,530.45001,530.90002,530.26501,530.60999,67353
2026-07-30 12:51:00,530.059998,530.53992,530.049988,530.48499,77848
2026-07-30 12:50:00,530.083984,530.12000,529.79999,530.10498,50855
2026-07-30 12:49:00,530.015015,530.35730,529.83002,530.010010,100148
2026-07-30 12:48:00,530.12860,530.33002,530,530.044983,57436
2026-07-30 12:47:00,530.099976,530.28003,530,530.12000,47942
2026-07-30 12:46:00,530,530.39001,530,530.18988,60695
2026-07-30 12:45:00,530.5,530.5,530,530.010010,56624
2026-07-30 12:44:00,530.5,530.66998,530.08,530.59003,77485
2026-07-30 12:43:00,530.77502,531.22998,530.5,530.52991,55570
2026-07-30 12:42:00,530.65002,530.98999,529.77,530.78497,225453
2026-07-30 12:41:00,530.66498,530.79,530.52502,530.70502,35929
2026-07-30 12:40:00,530.70502,531.05,530.52051,530.69000,39917
2026-07-30 12:39:00,530.92499,530.96570,530.46,530.75,68653
2026-07-30 12:38:00,531.35999,531.35999,530.88000,530.96997,53389
2026-07-30 12:37:00,531.52002,531.59381,531.27,531.35999,40045
2026-07-30 12:36:00,531.34998,531.84003,531.17999,531.58002,63637
2026-07-30 12:35:00,531.25720,531.375,531.01,531.32001,44287
2026-07-30 12:34:00,531.32001,531.63000,531.010010,531.23999,48184
2026-07-30 12:33:00,531.020020,531.53003,530.96503,531.31500,45157
2026-07-30 12:32:00,530.90009,531.5,530.81702,531.020020,57687
2026-07-30 12:31:00,530.90002,531.16998,530.78998,530.94000,54803
2026-07-30 12:30:00,531.47498,531.96002,530.63049,530.91998,104671
2026-07-30 12:29:00,532.34497,532.49,531.40009,531.53998,105366
2026-07-30 12:28:00,532.42627,532.8,532.28998,532.32001,50430
2026-07-30 12:27:00,532.070007,532.46002,532.060120,532.41803,43136
2026-07-30 12:26:00,532.41998,532.46991,531.89,532.11499,49310
2026-07-30 12:25:00,531.98407,532.61951,531.90997,532.47998,50937
2026-07-30 12:24:00,531.88000,532.13428,531.67999,531.99988,55998
2026-07-30 12:23:00,531.51001,532.014526,531.42877,531.83002,45691
2026-07-30 12:22:00,531.68878,531.98993,531.32001,531.51001,53079
2026-07-30 12:21:00,532.20203,532.39978,531.37000,531.72998,72859
2026-07-30 12:20:00,532.33990,532.65802,532.19,532.23029,63271
2026-07-30 12:19:00,532.48108,533.44000,532.27802,532.33002,58017
2026-07-30 12:18:00,532.5,532.79999,532.13593,532.51501,72242
2026-07-30 12:17:00,532.089905,532.5,531.72998,532.42499,69492
2026-07-30 12:16:00,533.069885,533.069885,531.59998,532.062073,114543
2026-07-30 12:15:00,534.35999,534.59998,533.03,533.069885,57802
2026-07-30 12:14:00,534.875,534.94000,534.23999,534.37000,49168
2026-07-30 12:13:00,534.54840,535.16498,534.41998,534.92999,41603
2026-07-30 12:12:00,533.70001,534.70001,533.65009,534.41998,49484
2026-07-30 12:11:00,534.22498,534.225,533.40002,533.71002,62344
2026-07-30 12:10:00,534.57001,534.79999,534.14001,534.21002,56699
2026-07-30 12:09:00,535.42999,535.42999,534,534.67499,79851
2026-07-30 12:08:00,536.83862,536.95862,535.078308,535.51001,89248
2026-07-30 12:07:00,535.70001,536.98999,535.47998,536.94000,61183
2026-07-30 12:06:00,535.97998,536.20001,535.42047,535.85999,62587
2026-07-30 12:05:00,533.79999,535.94000,533.78003,535.94000,76846
2026-07-30 12:04:00,532.87000,533.98,532.60999,533.79999,44416
2026-07-30 12:03:00,533.19000,533.51001,532.71002,532.96002,68921
2026-07-30 12:02:00,533.27002,533.39001,532.70001,533.060730,45703
2026-07-30 12:01:00,532.75568,533.29999,532.53998,533.28998,70638
2026-07-30 12:00:00,532.090027,532.81000,531.65002,532.57001,115339
2026-07-30 11:59:00,533.099976,533.21002,532.09,532.14020,96637
2026-07-30 11:58:00,533.68970,533.68970,533,533.10999,96694
2026-07-30 11:57:00,534.059998,534.23999,533.40002,533.68549,115415
2026-07-30 11:56:00,534.29999,534.74,533.62000,533.89001,64720
2026-07-30 11:55:00,534.70001,534.72998,533.75012,534.35498,48026
2026-07-30 11:54:00,533.34003,534.75,533.25,534.62000,70878
2026-07-30 11:53:00,532.84998,533.48993,532.84998,533.31000,67610
2026-07-30 11:52:00,532.86658,533.020020,532.3,532.85498,107776
2026-07-30 11:51:00,533.075012,533.14001,532.7,532.83502,76713
2026-07-30 11:50:00,533.13000,533.39948,532.91998,533.075012,54545
2026-07-30 11:49:00,533.21002,533.29999,532.65009,533.010010,50799
2026-07-30 11:48:00,533.23499,533.57990,533.080017,533.21002,58239
2026-07-30 11:47:00,533.52002,533.56952,532.88,533.17999,63527
2026-07-30 11:46:00,532.87000,533.65002,532.62000,533.58807,37478
2026-07-30 11:45:00,533.049988,533.71997,532.59998,532.71362,65960
2026-07-30 11:44:00,533.40997,533.66998,533.03,533.065002,54919
2026-07-30 11:43:00,533.13501,533.56317,533.01,533.40503,74100
2026-07-30 11:42:00,533.15997,533.58002,533.010010,533.10999,98493
2026-07-30 11:41:00,532.26001,533.38,532.19012,533.21997,78451
2026-07-30 11:40:00,532.81000,532.95990,532.18011,532.25500,59416
2026-07-30 11:39:00,532.59003,533.28992,532.46997,532.72998,84626
2026-07-30 11:38:00,532.53497,533.034973,532.42999,532.54999,41091
2026-07-30 11:37:00,533.19000,533.33002,532.45,532.53497,65814
2026-07-30 11:36:00,532.82001,533.43951,532.82001,533.17999,52700
2026-07-30 11:35:00,533.039978,533.16998,532.54999,532.84998,40294
2026-07-30 11:34:00,532.91998,533.44989,532.71997,533.039978,55341
2026-07-30 11:33:00,533.32751,533.53003,532.7,532.91498,40996
2026-07-30 11:32:00,533.27002,533.47479,532.71008,533.33502,69184
2026-07-30 11:31:00,533.47369,533.57,533.10999,533.16998,61675
2026-07-30 11:30:00,532.95001,533.57001,532.61108,533.25012,77672
2026-07-30 11:29:00,533.58972,533.73,532.35999,533.0050049,76051
2026-07-30 11:28:00,533.59998,534.10999,533.53003,533.56000,44013
2026-07-30 11:27:00,533,534.30988,533,533.69000,46623
2026-07-30 11:26:00,533.14001,533.57159,532.09,533.052490,145911
2026-07-30 11:25:00,534.47998,534.68988,533,533.090515,75867
2026-07-30 11:24:00,534.47198,534.78998,533.85,534.44000,39881
2026-07-30 11:23:00,533.47998,534.77002,533.34003,534.40503,116321
2026-07-30 11:22:00,534.20093,534.79999,533.40002,533.44501,105088
2026-07-30 11:21:00,533.70612,534.37000,533,534.13501,80365
2026-07-30 11:20:00,533.79999,534,533.080017,533.71100,79615
2026-07-30 11:19:00,534.012390,534.52002,533.53003,533.70001,103959
2026-07-30 11:18:00,534.66998,535.28992,533.53003,534.020020,109872
2026-07-30 11:17:00,537.40503,538,534.5,534.5,116240
2026-07-30 11:16:00,537.15002,537.71,536.67999,537.40503,56396
2026-07-30 11:15:00,537.16998,537.19000,536.45001,537.14502,103040
2026-07-30 11:14:00,537.47998,537.67987,537.099976,537.14117,74337
2026-07-30 11:13:00,537.73077,538.65002,537.21,537.70190,86628
2026-07-30 11:12:00,537.69000,538.94000,537.63,537.91333,113081
2026-07-30 11:11:00,538.67999,538.74,537.59998,537.69000,78706
2026-07-30 11:10:00,538.36499,538.84991,537.53003,538.79449,107814
2026-07-30 11:09:00,537.83002,538.79999,537.37000,538.32001,111914
2026-07-30 11:08:00,538.090027,538.32,537.34003,537.77002,110040
2026-07-30 11:07:00,538.31500,538.48999,537.5,537.95001,135432
2026-07-30 11:06:00,537.77502,538.88562,537.50012,538.31500,101529
2026-07-30 11:05:00,537.13000,538.31000,537.13000,537.82977,122890
2026-07-30 11:04:00,536.78998,537.40002,536.71997,537.15997,108152
2026-07-30 11:03:00,534.85999,536.78949,534.77081,536.78949,131290
2026-07-30 11:02:00,534.71552,535.25,534.21002,534.78497,89926
2026-07-30 11:01:00,534.19501,535.20001,533.22040,534.65002,66825
2026-07-30 11:00:00,534.070007,535.98,533.91998,534.23480,133048
2026-07-30 10:59:00,535.66998,535.94000,533.77502,534.080017,104929
2026-07-30 10:58:00,534.19501,535.59998,534.090027,535.59998,99422
2026-07-30 10:57:00,532.11011,534.71997,532.11011,534.28998,138701
2026-07-30 10:56:00,532.013794,532.35999,531.010010,532.26508,104528
2026-07-30 10:55:00,533.059998,533.22498,531.56,531.94501,76101
2026-07-30 10:54:00,532.5,533.20001,532.31000,533.19000,76441
2026-07-30 10:53:00,532.375,533.44000,532.375,532.65503,91145
2026-07-30 10:52:00,532.59497,532.66650,531.5,532.36499,73168
2026-07-30 10:51:00,532.22498,532.92798,532.06,532.53998,75634
2026-07-30 10:50:00,531.47998,532.5,531.40051,532.18500,92384
2026-07-30 10:49:00,532.33002,532.56110,531.47,531.51001,93225
2026-07-30 10:48:00,532.91498,532.95160,531.96,532.34998,86442
2026-07-30 10:47:00,532.92670,533.099976,532.35938,533.044983,71844
2026-07-30 10:46:00,533.25,533.77991,532.77002,532.78717,79134
2026-07-30 10:45:00,532.59003,533.31000,532.00012207,533.25,86113
2026-07-30 10:44:00,531.84003,532.71997,531.46997,532.61499,69157
2026-07-30 10:43:00,532.11499,532.58051,531.59998,531.88000,65420
2026-07-30 10:42:00,532.90997,533.039978,532,532.040100,55773
2026-07-30 10:41:00,533.46997,533.46997,532.77002,532.88251,68870
2026-07-30 10:40:00,532.49408,533.61,532,533.46997,104017
2026-07-30 10:39:00,532.40002,532.99,532.32,532.57001,77835
2026-07-30 10:38:00,531.69000,532.70001,531.47998,532.40997,69715
2026-07-30 10:37:00,531.34497,531.93811,531.26001,531.67999,74946
2026-07-30 10:36:00,529.84998,531.56952,529.68011,531.41998,86571
2026-07-30 10:35:00,530.25317,530.78003,529.66998,529.82507,111943
2026-07-30 10:34:00,530.85999,530.87000,530.099976,530.31500,85311
2026-07-30 10:33:00,530.83002,531.02,530.31000,530.82141,66628
2026-07-30 10:32:00,530.87000,531.020020,530.29999,530.97919,91966
2026-07-30 10:31:00,530.98999,531.095825,530.46997,530.87000,66155
2026-07-30 10:30:00,531.40002,531.46997,530.21997,531.099915,117230
2026-07-30 10:29:00,532.090027,532.24298,531,531.36151,83814
2026-07-30 10:28:00,531.70001,532.89001,531.59998,532.090027,94704
2026-07-30 10:27:00,531.71002,532.175,531.27008,531.71503,61052
2026-07-30 10:26:00,532.15997,532.34998,531,531.84497,83210
2026-07-30 10:25:00,532.46112,532.79999,531.62000,532.23999,112031
2026-07-30 10:24:00,531.21503,532.78998,531.13000,532.45001,102641
2026-07-30 10:23:00,530.94501,531.86328,530.745,531.28711,93488
2026-07-30 10:22:00,530.88000,531.64001,530.39,530.79999,106403
2026-07-30 10:21:00,528.86499,530.96130,528.65997,530.85999,146304
2026-07-30 10:20:00,530.0050049,530.099976,528.84003,528.90680,188471
2026-07-30 10:19:00,531.40997,532,529.64001,529.98370,157129
2026-07-30 10:18:00,532.47998,532.78998,530.67999,531.42468,112047
2026-07-30 10:17:00,532.77502,533.85999,531.60999,532.51001,130178
2026-07-30 10:16:00,533.090027,533.63647,532.21002,532.67999,131212
2026-07-30 10:15:00,533.94000,533.98999,532.51001,533.090027,128024
2026-07-30 10:14:00,533.37640,534.59027,533.075012,533.94501,93208
2026-07-30 10:13:00,534.46002,534.78998,532.47998,533.28497,136235
2026-07-30 10:12:00,534.48358,534.85413,534,534.40002,145510
2026-07-30 10:11:00,533.054993,534.50623,532.11011,534.46002,168037
2026-07-30 10:10:00,532.15002,533.23999,531.07,533.12000,141365
2026-07-30 10:09:00,533.21991,533.53003,532.065002,532.17999,120662
2026-07-30 10:08:00,532.875,533.51343,532.23999,533.19000,111830
2026-07-30 10:07:00,531.54498,533.40002,531.40997,532.83002,179956
2026-07-30 10:06:00,529.95001,531.54999,529.88,531.54999,136062
2026-07-30 10:05:00,530.030029,530.030029,529,529.82501,147226
2026-07-30 10:04:00,528.88000,530.52002,528.85999,530.085022,126380
2026-07-30 10:03:00,530.73297,530.73297,528.33002,528.72998,144621
2026-07-30 10:02:00,529.48999,530.81,528.73999,530.81000,212609
2026-07-30 10:01:00,529.16998,529.81000,527.5,529.57501,276303
2026-07-30 10:00:00,532.28003,532.28003,529,529.075012,265409
2026-07-30 09:59:00,531.94000,532.41992,531.5,532.15997,136785
2026-07-30 09:58:00,531.25,533,531.14001,531.94000,132235
2026-07-30 09:57:00,532,532.25,530.70001,531.27002,154339
2026-07-30 09:56:00,532.28003,533.099670,531.31000,532.020020,148498
2026-07-30 09:55:00,531.32001,532.38000,531.099976,532.28497,145727
2026-07-30 09:54:00,531.53998,532.39001,530.60999,531.44501,146039
2026-07-30 09:53:00,532.34998,533.85999,531.54242,531.54242,165505
2026-07-30 09:52:00,531.90002,532.89001,530.23999,532.34998,255409
2026-07-30 09:51:00,535.71002,535.82501,531.51001,531.95502,230059
2026-07-30 09:50:00,534.51001,537.5,534.40002,535.78998,353490
2026-07-30 09:49:00,532.40503,535,531.82001,534.5,273115
2026-07-30 09:48:00,532.090027,532.66302,531.090027,532.54028,218961
2026-07-30 09:47:00,533.60999,533.76,530.40997,532.020020,257612
2026-07-30 09:46:00,534.42999,534.46997,532.6,533.73999,225136
2026-07-30 09:45:00,531.66998,534.47992,531.02,534.46997,293535
2026-07-30 09:44:00,531.59003,532.82001,531.12000,531.625,345922
2026-07-30 09:43:00,530.65997,531.88000,529.81000,531.59497,232706
2026-07-30 09:42:00,528.98999,531.5,528.98999,530.50500,259081
2026-07-30 09:41:00,527.89001,529.71002,527.78,528.96997,198866
2026-07-30 09:40:00,528.99500,529.96002,527.78003,527.89001,229451
2026-07-30 09:39:00,530.70099,531.11090,528.5,529.12000,232350
2026-07-30 09:38:00,529.79999,531.52,528.57001,530.85907,251275
2026-07-30 09:37:00,529.28497,529.83002,527.5,529.65997,269837
2026-07-30 09:36:00,536.65002,536.65002,528.90002,529.40002,425201
2026-07-30 09:35:00,532.080017,536.69000,531.7,536.30499,386219
2026-07-30 09:34:00,529.099976,532.39001,527.345,531.95770,353371
2026-07-30 09:33:00,528.51001,529.88000,528.20001,529.088806,287036
2026-07-30 09:32:00,528.375,528.94000,526.13,528.23999,371357
2026-07-30 09:31:00,532.40997,535.46997,526.039978,528.44513,565226
2026-07-30 09:30:00,525.73999,533.66998,524.46,532.34009,3893155
2026-07-29 15:59:00,584.57001,588.080017,583.75,587,474709
2026-07-29 15:58:00,584.5,585.21002,583.96,584.40997,468062
2026-07-29 15:57:00,583.21997,584.54999,583.16498,584.44000,124010
2026-07-29 15:56:00,583.94000,584.59003,582.97998,583.21997,151570
2026-07-29 15:55:00,583.21002,584.12000,582.27002,583.94000,157640
2026-07-29 15:54:00,582.86499,583.90997,582.21997,583.30499,192683
2026-07-29 15:53:00,583.34998,583.59998,582.40002,582.78998,117639
2026-07-29 15:52:00,583.77002,583.91998,583.030090,583.34998,66200
2026-07-29 15:51:00,584.10999,584.45001,583.27002,583.77002,115119
2026-07-29 15:50:00,584.60999,585.82001,583.72498,584.10999,156333
2026-07-29 15:49:00,584.66998,584.99988,584.59998,584.70502,50779
2026-07-29 15:48:00,584.73999,585.11,584.53,584.73999,65707
2026-07-29 15:47:00,584.76001,584.92999,584.30908,584.76001,39757
2026-07-29 15:46:00,584.39001,584.97998,584.26001,584.65002,53603
2026-07-29 15:45:00,584.73999,585.11,584.27002,584.27002,74362
2026-07-29 15:44:00,585.33002,585.40002,584.26001,584.73999,88216
2026-07-29 15:43:00,586.53998,586.67,585.28998,585.48499,86984
2026-07-29 15:42:00,586.64001,587.059998,586.51,586.66998,32796
2026-07-29 15:41:00,587.65002,587.99,586.47998,586.65002,44923
2026-07-29 15:40:00,587.22998,587.70502,586.69012,587.625,41260
2026-07-29 15:39:00,586.89001,587.52002,586.52502,587.25,35963
2026-07-29 15:38:00,587.66998,587.74,586.65997,586.84003,60577
2026-07-29 15:37:00,588.76752,588.95001,587.60999,587.69501,71512
2026-07-29 15:36:00,588.59003,588.91,588,588.64001,30575
2026-07-29 15:35:00,588.84998,588.88000,588.21002,588.38000,40846
2026-07-29 15:34:00,587.90002,588.69000,587.51001,588.48999,51074
2026-07-29 15:33:00,589.21997,589.35999,587.75403,587.90002,55693
2026-07-29 15:32:00,590.0050049,590.15002,588.76001,589.059998,476433
2026-07-29 15:31:00,589.82001,590.20001,588.92999,590.13501,38326
2026-07-29 15:30:00,589.14001,590.14758,589.070007,589.88501,40522
2026-07-29 15:29:00,588.79999,589.35999,588.72,589.12939,30179
2026-07-29 15:28:00,589,589.19983,588.75049,588.87000,28511
2026-07-29 15:27:00,589.070007,589.71002,588.70001,588.96997,22074
2026-07-29 15:26:00,589.40002,589.44598,588.070007,589.054993,37113
2026-07-29 15:25:00,590.049988,590.35,589.25,589.48499,35330
2026-07-29 15:24:00,590.58002,590.70001,589.89,590.039978,41549
2026-07-29 15:23:00,590.72498,591.15350,590.039978,590.57001,21764
2026-07-29 15:22:00,591.31207,591.365,590.28699,590.81000,26079
2026-07-29 15:21:00,591.92999,592.030029,590.96997,591.44000,31134
2026-07-29 15:20:00,593.125,593.125,591.73492,591.81000,37221
2026-07-29 15:19:00,593.15002,593.37000,592.61,593.125,21475
2026-07-29 15:18:00,593.77002,593.77002,593.070007,593.15002,25206
2026-07-29 15:17:00,594.84497,594.84497,593.77,593.88501,60892
2026-07-29 15:16:00,595.79498,595.795,594.88,594.90997,24625
2026-07-29 15:15:00,595.39001,595.90002,594.84,595.79498,65238
2026-07-29 15:14:00,595.010010,595.53003,595.010010,595.28998,18170
2026-07-29 15:13:00,595.035889,595.20001,594.65,595.14001,31918
2026-07-29 15:12:00,595,595.059998,594.20001,595,22828
2026-07-29 15:11:00,594.23999,595.16998,594.23999,595,25082
2026-07-29 15:10:00,594.10999,594.24,593.71997,594.15002,31464
2026-07-29 15:09:00,594.59003,594.71997,594.099976,594.22498,26411
2026-07-29 15:08:00,594.78497,595.47998,594.37012,594.37012,22609
2026-07-29 15:07:00,595.74500,595.75,594.51,594.79999,29710
2026-07-29 15:06:00,595.77771,595.81512,595.15503,595.74500,22856
2026-07-29 15:05:00,596.48499,596.54999,595.59003,595.71503,29022
2026-07-29 15:04:00,596.71997,596.85,596.01,596.47998,29687
2026-07-29 15:03:00,597.54999,597.62988,596.57,596.71002,25009
2026-07-29 15:02:00,597.87878,598,597.40002,597.59497,26228
2026-07-29 15:01:00,597.12000,597.90002,596.86499,597.75,23841
2026-07-29 15:00:00,597.98999,598.010010,597.10999,597.22998,29367
2026-07-29 14:59:00,598.41998,598.46002,597.60999,597.82001,23815
2026-07-29 14:58:00,598.39001,598.70502,598.16998,598.41498,18848
2026-07-29 14:57:00,598.70001,598.76,598,598.32501,32653
2026-07-29 14:56:00,599.72498,599.72998,598.82,598.875,36916
2026-07-29 14:55:00,599.36499,599.96997,598.97,599.65997,59526
2026-07-29 14:54:00,599.38501,599.53003,599.049988,599.29999,56088
2026-07-29 14:53:00,598.34003,599.5,598.34003,599.29572,58736
2026-07-29 14:52:00,597.83502,598.39001,597.75,598.34998,28832
2026-07-29 14:51:00,597.36499,597.98,597.16010,597.97998,50533
2026-07-29 14:50:00,596.88000,597.45001,596.70001,597.44000,32937
2026-07-29 14:49:00,596.27502,597.27002,596.19000,596.88000,30479
2026-07-29 14:48:00,595.29999,596.27502,595.095,596.27502,30850
2026-07-29 14:47:00,595.99988,595.99988,595.18011,595.45001,33463
2026-07-29 14:46:00,595.31000,596.055298,594.97498,595.83002,40501
2026-07-29 14:45:00,596.099976,596.099976,595.31000,595.32001,51652
2026-07-29 14:44:00,595.73999,596.39001,595.44,596.11041,29031
2026-07-29 14:43:00,595.010010,595.78009,594.75,595.71503,23440
2026-07-29 14:42:00,595.28998,595.62000,594.64008,595.10999,16609
2026-07-29 14:41:00,595.98999,596.22998,595.39008,595.51501,24802
2026-07-29 14:40:00,595.14001,595.90002,594.76001,595.86749,23187
2026-07-29 14:39:00,595.42999,595.56,594.755,595.22998,22230
2026-07-29 14:38:00,594.34998,595.89001,594.29498,595.56500,23836
2026-07-29 14:37:00,594.18512,594.34003,593.85999,594.24500,16811
2026-07-29 14:36:00,594.25,594.34003,593.56,594.17999,17827
2026-07-29 14:35:00,594.21997,594.47,593.88000,594.22998,15161
2026-07-29 14:34:00,594.35498,594.79999,593.88000,594.29498,20888
2026-07-29 14:33:00,594.22998,594.53003,593.57,594.34998,21025
2026-07-29 14:32:00,594.15997,594.49988,593.45001,594.00012207,28838
2026-07-29 14:31:00,594.64001,594.98999,593.79,594.37000,19999
2026-07-29 14:30:00,593.54999,594.69000,593.48999,594.54999,38002
2026-07-29 14:29:00,593.5,593.92999,593.46503,593.65503,21711
2026-07-29 14:28:00,593.57001,593.76501,593.33228,593.47998,24304
2026-07-29 14:27:00,593.42499,593.68,593.099976,593.51001,31348
2026-07-29 14:26:00,593.52002,593.58002,593.26001,593.49951,14311
2026-07-29 14:25:00,593.049988,593.53003,592.73499,593.53003,22761
2026-07-29 14:24:00,593.27002,593.46002,592.90997,593,21457
2026-07-29 14:23:00,594.36499,594.45001,593.27002,593.34998,27961
2026-07-29 14:22:00,595.090027,595.090027,594.16498,594.36499,24495
2026-07-29 14:21:00,594.74500,595.10999,594.59497,594.97998,15750
2026-07-29 14:20:00,594.90997,595.14001,594.51007,594.65997,15345
2026-07-29 14:19:00,595.42999,595.51,594.51001,594.98999,22218
2026-07-29 14:18:00,595.62000,595.92987,595.39001,595.52502,18321
2026-07-29 14:17:00,594.95502,595.64,594.77002,595.59003,38624
2026-07-29 14:16:00,595.52502,595.72,594.89752,595.0095215,29026
2026-07-29 14:15:00,595.53998,595.90002,595.40002,595.51001,15684
2026-07-29 14:14:00,596.054993,596.10999,595.16998,595.53003,17706
2026-07-29 14:13:00,595.80499,596.40991,595.70001,596.11499,26082
2026-07-29 14:12:00,596.70001,596.78998,595.67999,595.75500,29789
2026-07-29 14:11:00,595.37000,596.83002,595.14502,596.63000,53706
2026-07-29 14:10:00,595.71997,596.39618,595.21997,595.40002,32541
2026-07-29 14:09:00,596.039978,596.070007,594.65033,595.16998,51525
2026-07-29 14:08:00,595.90002,596.52,595.87000,596.125,36539
2026-07-29 14:07:00,597.17999,597.20001,595.89001,596.059998,28450
2026-07-29 14:06:00,597.62000,598.22998,597.020020,597.049988,16482
2026-07-29 14:05:00,597.15002,597.95941,597.024780,597.63000,30374
2026-07-29 14:04:00,597.25,597.70001,596.77002,597.34497,20381
2026-07-29 14:03:00,596.36011,597.5,596.36011,597.32001,43306
2026-07-29 14:02:00,596.31000,597.020020,596.22498,596.58002,31048
2026-07-29 14:01:00,595.12000,596.46002,595.039978,596.31000,26114
2026-07-29 14:00:00,593.16498,595.45001,593.16498,595.32001,92357
2026-07-29 13:59:00,593.61499,593.61499,592.79999,593.16498,28283
2026-07-29 13:58:00,593.67999,593.88000,593.32,593.66998,9858
2026-07-29 13:57:00,593.22498,593.66,593.22498,593.57001,17865
2026-07-29 13:56:00,592.88000,593.37,592.85999,593.080017,8088
2026-07-29 13:55:00,593.35498,593.37000,592.77008,592.89001,10275
2026-07-29 13:54:00,593.059998,593.42999,592.87000,593.31000,12876
2026-07-29 13:53:00,593.32001,593.32001,592.7,592.96997,13208
2026-07-29 13:52:00,593.15997,593.34003,592.98999,593.31989,17995
2026-07-29 13:51:00,593.23999,593.26001,592.97998,593.14001,10794
2026-07-29 13:50:00,593,593.42999,592.89001,593.14728,19400
2026-07-29 13:49:00,593.31000,593.38000,592.78998,592.98999,42005
2026-07-29 13:48:00,593.19000,593.35950,593.15997,593.30499,8577
2026-07-29 13:47:00,593,593.20001,592.97998,593.16998,10424
2026-07-29 13:46:00,593.090027,593.28998,592.59998,593.039978,14760
2026-07-29 13:45:00,593.34998,593.41998,593.059998,593.090027,9192
2026-07-29 13:44:00,593.27502,593.41,593.16101,593.32031,8234
2026-07-29 13:43:00,593.071594,593.40979,592.96002,593.40979,37748
2026-07-29 13:42:00,593.025024,593.34772,592.81012,593.0050049,21702
2026-07-29 13:41:00,592.69000,593.049988,592.65997,592.96002,9627
2026-07-29 13:40:00,592.66998,592.84003,592.5,592.64001,18183
2026-07-29 13:39:00,592.099976,592.66992,592.039978,592.63599,9601
2026-07-29 13:38:00,592.65002,592.65002,592.070007,592.070007,19276
2026-07-29 13:37:00,593,593.10999,592.70001,592.70001,12223
2026-07-29 13:36:00,592.85999,593.11499,592.65997,593.10999,11182
2026-07-29 13:35:00,593.34497,593.40997,592.78998,592.98999,30082
2026-07-29 13:34:00,593.022522,593.48,593.022522,593.34497,26676
2026-07-29 13:33:00,593.41998,593.54999,593,593.059998,16045
2026-07-29 13:32:00,593.22998,593.54999,593.1,593.47998,15183
2026-07-29 13:31:00,592.51007,593.22998,592.40009,593.22998,17212
2026-07-29 13:30:00,592.92999,593,592.39001,592.62000,17615
2026-07-29 13:29:00,593.63000,593.63000,592.91998,592.94000,12931
2026-07-29 13:28:00,593.72449,593.82001,593.48999,593.61023,13921
2026-07-29 13:27:00,593.58533,593.81000,593.41998,593.70502,10486
2026-07-29 13:26:00,593.30988,593.87,593.010681,593.65997,11365
2026-07-29 13:25:00,593.83002,593.83002,593.012390,593.11499,16331
2026-07-29 13:24:00,595.13953,595.13953,593.76001,593.83002,14476
2026-07-29 13:23:00,594.78003,595.20001,594.64502,595.075012,22909
2026-07-29 13:22:00,595.020020,595.13989,594.64673,594.78009,16226
2026-07-29 13:21:00,594.52002,595.44952,594.47998,595.020020,67245
2026-07-29 13:20:00,594.40997,594.75,594.32001,594.51501,11102
2026-07-29 13:19:00,594.38501,594.65002,594.070007,594.40997,17389
2026-07-29 13:18:00,594,594.79999,593.93,594.47998,91242
2026-07-29 13:17:00,593.64001,594.29999,593.44000,594.0050049,31188
2026-07-29 13:16:00,593.60919,593.82990,593.39502,593.68451,16383
2026-07-29 13:15:00,593.79999,593.92999,593.40002,593.64001,14623
2026-07-29 13:14:00,593.52002,594.010010,593.50012,593.65997,28777
2026-07-29 13:13:00,593.21997,593.71503,593.13049,593.48999,15815
2026-07-29 13:12:00,593.34998,593.47998,592.97498,593.20001,13963
2026-07-29 13:11:00,593.40997,593.78998,593.175,593.34003,40493
2026-07-29 13:10:00,592.82501,593.58002,592.82001,593.34998,21411
2026-07-29 13:09:00,592.93500,593.020020,592.62012,592.875,7512
2026-07-29 13:08:00,593.15002,593.38000,592.93500,592.93500,18737
2026-07-29 13:07:00,592.73999,593.45001,592.62000,593.15002,25367
2026-07-29 13:06:00,592.86499,592.92999,592.63000,592.81500,10509
2026-07-29 13:05:00,593.67999,593.72,592.54999,592.92987,27110
2026-07-29 13:04:00,593.43011,593.67,593.13,593.58002,35439
2026-07-29 13:03:00,593.41998,593.72998,593.29999,593.55499,31816
2026-07-29 13:02:00,593.23499,593.47998,593.09,593.40503,16808
2026-07-29 13:01:00,592.89001,593.46002,592.89001,593.28998,47368
2026-07-29 13:00:00,593.044983,593.15997,592.79,592.95001,19963
2026-07-29 12:59:00,592.83502,593.38000,592.5,593.044983,27685
2026-07-29 12:58:00,592.78003,593.039978,592.56500,592.83502,38914
2026-07-29 12:57:00,592.86499,593.125,592.58,592.79498,13136
2026-07-29 12:56:00,592.99500,593.13989,592.52002,592.98999,12206
2026-07-29 12:55:00,592.40997,593.20001,592.32001,592.92999,27646
2026-07-29 12:54:00,592.94000,593.10999,592.43500,592.44000,27979
2026-07-29 12:53:00,592.58002,593.19000,592.58,592.96503,29251
2026-07-29 12:52:00,592.69000,592.95001,592.29,592.58002,37275
2026-07-29 12:51:00,592.84003,592.95001,592.64001,592.69000,17141
2026-07-29 12:50:00,592.85999,593,592.69757,592.84497,18734
2026-07-29 12:49:00,592.51501,592.90002,592.39001,592.81000,18173
2026-07-29 12:48:00,592.61499,592.89172,592.40997,592.64001,9685
2026-07-29 12:47:00,592.15997,592.64099,592.039978,592.45502,13383
2026-07-29 12:46:00,592.38000,592.48999,592.010010,592.030029,9444
2026-07-29 12:45:00,592.54498,592.70502,592.17,592.44000,15048
2026-07-29 12:44:00,591.72998,592.54,591.65002,592.5,18148
2026-07-29 12:43:00,591.48999,592.039490,591.36499,591.72998,9831
2026-07-29 12:42:00,591.80328,591.80328,591.11011,591.31500,17813
2026-07-29 12:41:00,592.49463,592.57001,591.775,592.090027,21701
2026-07-29 12:40:00,591.375,592.46997,591.15002,592.46997,27943
2026-07-29 12:39:00,591.14001,591.48999,591.010010,591.375,78276
2026-07-29 12:38:00,591.15002,591.36603,590.98999,590.99011,15524
2026-07-29 12:37:00,590.76501,591.36987,590.76501,591.14001,13984
2026-07-29 12:36:00,590.89001,590.95,590.40002,590.81000,14604
2026-07-29 12:35:00,590.28998,590.98999,590.28998,590.90503,14713
2026-07-29 12:34:00,590.28003,590.58002,589.82001,590.22998,15948
2026-07-29 12:33:00,591.11108,591.11108,590.059998,590.31500,19194
2026-07-29 12:32:00,591.51001,591.59998,590.94000,591.094971,16892
2026-07-29 12:31:00,591.40002,591.58990,590.90002,591.5,16859
2026-07-29 12:30:00,590.83002,591.8,590.34003,591.45502,42367
2026-07-29 12:29:00,590.51001,591.14001,590.51001,590.82001,9473
2026-07-29 12:28:00,590.88000,591,590.41998,590.84991,13137
2026-07-29 12:27:00,589.96997,591.19000,589.96997,590.96002,25725
2026-07-29 12:26:00,589.98999,590.17999,589.70001,590.075012,21604
2026-07-29 12:25:00,589.54999,590.17999,589.5,590.099976,19247
2026-07-29 12:24:00,589.16687,589.54999,589.13000,589.5,21954
2026-07-29 12:23:00,588.88000,589.94000,588.81000,589.17999,23761
2026-07-29 12:22:00,588.31512,589.094971,588.26,588.90503,24595
2026-07-29 12:21:00,587.57501,588.46997,587.23499,588.46997,44432
2026-07-29 12:20:00,587.099976,587.65002,586.85999,587.65002,38064
2026-07-29 12:19:00,586.17499,587.11499,586.049988,587.080017,56059
2026-07-29 12:18:00,585.77002,586.28003,585.76001,586.17999,21957
2026-07-29 12:17:00,585.78497,585.84,585.53003,585.75500,21332
2026-07-29 12:16:00,585.96997,586.10999,585.54718,585.79999,17157
2026-07-29 12:15:00,585.66498,586.22998,585.36139,585.96002,32267
2026-07-29 12:14:00,586.55573,586.55573,585.51007,585.76001,13956
2026-07-29 12:13:00,586.14001,586.59998,585.9,586.58002,22027
2026-07-29 12:12:00,586.37952,586.42999,586.10999,586.15253,117380
2026-07-29 12:11:00,586,586.38000,585.85498,586.37000,24134
2026-07-29 12:10:00,586.11499,586.15997,585.82001,586,13848
2026-07-29 12:09:00,585.71002,586.099976,585.27002,585.90997,46189
2026-07-29 12:08:00,585.64001,585.84,585.5,585.75,37610
2026-07-29 12:07:00,586.92999,586.92999,585.57001,585.65002,24010
2026-07-29 12:06:00,586.85999,587.15002,586.81000,587.099976,14373
2026-07-29 12:05:00,586.74500,586.88000,586.33002,586.85999,23628
2026-07-29 12:04:00,586.63690,586.83002,586.37738,586.73999,18327
2026-07-29 12:03:00,586.74500,586.91998,586.47998,586.60999,22038
2026-07-29 12:02:00,587.21002,587.35999,586.70001,586.74500,28850
2026-07-29 12:01:00,586.71002,587.305,586.71002,587.21002,28447
2026-07-29 12:00:00,586.76001,587.33972,586.58002,586.81000,28906
2026-07-29 11:59:00,586.039978,586.84998,585.90997,586.71503,14100
2026-07-29 11:58:00,585.67499,586.070007,585.25,586.070007,25701
2026-07-29 11:57:00,585.83002,586.24500,585.57001,585.78510,18521
2026-07-29 11:56:00,585.81000,585.92999,585.25,585.84003,25805
2026-07-29 11:55:00,586.84998,586.90997,585.51001,585.81500,39895
2026-07-29 11:54:00,587.67999,587.67999,586.84998,586.90997,22085
2026-07-29 11:53:00,588.27002,588.37000,587.46,587.98993,20347
2026-07-29 11:52:00,587.96002,588.39001,587.96002,588.27002,15189
2026-07-29 11:51:00,588.46997,588.65002,587.90997,588.0050049,32779
2026-07-29 11:50:00,588.75,588.89502,588.40997,588.46997,16053
2026-07-29 11:49:00,588.41998,589,588.010010,588.875,14210
2026-07-29 11:48:00,588.75,588.78998,588.31000,588.55499,22446
2026-07-29 11:47:00,588.81000,588.92999,588.15,588.71002,29804
2026-07-29 11:46:00,589.080017,589.19,588.21997,588.90002,24967
2026-07-29 11:45:00,589.47998,589.64001,589,589.15002,16881
2026-07-29 11:44:00,589.40002,589.64990,589.050110,589.56500,15802
2026-07-29 11:43:00,589.82001,589.82001,589.32,589.45502,8357
2026-07-29 11:42:00,589.40997,590.13000,589.23999,589.23999,36706
2026-07-29 11:41:00,589.11499,589.76,588.69000,589.40997,56032
2026-07-29 11:40:00,589.89001,590.19000,589.039978,589.19000,31252
2026-07-29 11:39:00,590.95001,591.080017,589.57001,589.89001,25130
2026-07-29 11:38:00,591.55499,591.63000,590.84003,590.84003,11762
2026-07-29 11:37:00,592,592.59998,591.46997,591.55499,24951
2026-07-29 11:36:00,591.67999,592,591.38098,591.97998,13038
2026-07-29 11:35:00,591.10498,591.79999,591.00097656,591.59998,17896
2026-07-29 11:34:00,591.95001,591.95001,590.89001,590.96997,11499
2026-07-29 11:33:00,591.65997,591.93909,591.37000,591.76501,12800
2026-07-29 11:32:00,591.27002,591.63000,591.17999,591.45001,17686
2026-07-29 11:31:00,591.10498,591.53998,591.010010,591.26001,9734
2026-07-29 11:30:00,591.44000,591.58002,590.71503,591.28003,14860
2026-07-29 11:29:00,591.625,591.67,591.27008,591.45001,11201
2026-07-29 11:28:00,591.5,591.87000,591.32,591.33502,23555
2026-07-29 11:27:00,591.48999,592,591.25,591.47498,22218
2026-07-29 11:26:00,591.31000,591.99780,591,591.44000,24254
2026-07-29 11:25:00,591.20001,591.37,590.5,591.30499,25655
2026-07-29 11:24:00,591.95001,591.95001,591.15002,591.31000,20515
2026-07-29 11:23:00,591.40002,591.95001,591.32013,591.95001,17394
2026-07-29 11:22:00,591.020020,591.39,590.51001,591.28003,23324
2026-07-29 11:21:00,591.69501,591.7,591.090027,591.17999,22732
2026-07-29 11:20:00,591.85498,592.13000,591.59998,591.85992,11079
2026-07-29 11:19:00,592.35950,592.47,591.835,591.85498,14418
2026-07-29 11:18:00,592.33002,592.96002,592.29999,592.56000,14117
2026-07-29 11:17:00,592.31000,592.51001,592.080017,592.33002,9670
2026-07-29 11:16:00,591.40503,592.96997,591.40503,592.51001,29638
2026-07-29 11:15:00,592.020020,592.080017,591.039978,591.34613,26725
2026-07-29 11:14:00,591.25,592.67999,591.20001,591.99500,92946
2026-07-29 11:13:00,591.085022,591.78998,590.96,591.28003,23093
2026-07-29 11:12:00,591.23499,591.45001,590.75,590.98999,27646
2026-07-29 11:11:00,590.23999,591.42999,590.030518,591.42999,72694
2026-07-29 11:10:00,590.56500,590.56500,590.059998,590.23499,21978
2026-07-29 11:09:00,590.35999,590.71002,590.31000,590.56500,27737
2026-07-29 11:08:00,589.69501,590.71991,589.69501,590.33002,43360
2026-07-29 11:07:00,589.42999,589.83362,589.33,589.69513,15282
2026-07-29 11:06:00,589.10999,589.57001,589.10999,589.32019,29002
2026-07-29 11:05:00,588.79999,589.75,588.34,589.065002,64663
2026-07-29 11:04:00,589.15997,589.23999,588.59003,588.71002,13219
2026-07-29 11:03:00,589.40002,589.40002,588.90997,589.23999,16933
2026-07-29 11:02:00,589.15002,589.55511,588.67999,589.40503,15512
2026-07-29 11:01:00,588.26001,589.5,588.15002,589.23499,25480
2026-07-29 11:00:00,588.90997,589.35999,588.22998,588.42999,13371
2026-07-29 10:59:00,588.94000,589.38000,588.26270,588.90997,27672
2026-07-29 10:58:00,589.54498,589.59998,588.67999,588.94000,18774
2026-07-29 10:57:00,589.82001,589.95001,589.043274,589.61499,15730
2026-07-29 10:56:00,590.67242,590.67242,589.67999,590.12000,11583
2026-07-29 10:55:00,590.34998,590.96991,590.21002,590.21002,13844
2026-07-29 10:54:00,590.28998,590.53003,589.98499,590.36920,24113
2026-07-29 10:53:00,588.91998,590.47,588.71997,590.28998,78244
2026-07-29 10:52:00,588.84998,589.26990,588.71997,589.11499,15096
2026-07-29 10:51:00,588.80499,588.81,588.28998,588.71002,14801
2026-07-29 10:50:00,588.75500,588.81,587.97998,588.79999,22647
2026-07-29 10:49:00,588.48999,588.77,588.34998,588.69000,8244
2026-07-29 10:48:00,588.76501,588.93988,588.20502,588.63000,14857
2026-07-29 10:47:00,589.54999,589.64001,588.69000,588.69000,19317
2026-07-29 10:46:00,589.82001,589.89001,589.11011,589.69000,12942
2026-07-29 10:45:00,589.78998,590,589.49,589.81500,14870
2026-07-29 10:44:00,589.59497,589.87000,589.26,589.57501,13777
2026-07-29 10:43:00,589.22498,589.84003,589.21997,589.65997,12171
2026-07-29 10:42:00,589.89001,590.34003,589.020020,589.29999,41237
2026-07-29 10:41:00,589.71002,590.60999,589.59998,590.090027,17640
2026-07-29 10:40:00,590.075012,590.20801,589.26501,589.45001,10006
2026-07-29 10:39:00,591.039978,591.039978,589.79999,590.010010,20128
2026-07-29 10:38:00,589.72998,591.23999,589.46997,590.75,53570
2026-07-29 10:37:00,589.94000,590.010010,589.60999,589.86499,22162
2026-07-29 10:36:00,589.40503,589.94000,589.27002,589.77002,26090
2026-07-29 10:35:00,589.62000,589.7,589.12000,589.5,11954
2026-07-29 10:34:00,589.56000,589.62000,589.35999,589.39001,10678
2026-07-29 10:33:00,589.78998,590.059998,589.45,589.62000,15593
2026-07-29 10:32:00,589.63501,589.97998,589.28497,589.97931,12297
2026-07-29 10:31:00,589.37347,590.010010,589.12000,589.67999,15047
2026-07-29 10:30:00,588.48999,589.75763,588.26001,589.75763,51653
2026-07-29 10:29:00,586.78003,588.38,586.78,588.37000,36481
2026-07-29 10:28:00,587.16498,587.40002,586.39001,586.68500,34776
2026-07-29 10:27:00,587.59003,587.78992,586.79999,587.15002,35938
2026-07-29 10:26:00,587.25,587.78003,586.72998,587.59003,37152
2026-07-29 10:25:00,588.27100,588.35,587.34003,587.34003,16936
2026-07-29 10:24:00,588.54999,589.02,587.72998,588.29999,28969
2026-07-29 10:23:00,589.17499,589.87,588.59003,588.71997,43708
2026-07-29 10:22:00,588.78497,589.53998,588.59003,589.099976,34243
2026-07-29 10:21:00,590.29498,590.4,588.41010,588.76501,42747
2026-07-29 10:20:00,589.57001,590.42999,589.28998,590.42999,22112
2026-07-29 10:19:00,589.88000,590.76501,589.56000,589.56000,17914
2026-07-29 10:18:00,589.33002,590,589.15002,589.98999,34393
2026-07-29 10:17:00,588.60980,590,588.52002,589.31500,102421
2026-07-29 10:16:00,588.69000,588.71997,588,588.60999,21386
2026-07-29 10:15:00,588.60999,589.030029,588.35999,588.64502,17582
2026-07-29 10:14:00,587.41498,588.60999,587.40997,588.38000,31742
2026-07-29 10:13:00,588.39001,588.41,587.25,587.40997,31272
2026-07-29 10:12:00,588.71002,588.76001,588.15002,588.45001,20776
2026-07-29 10:11:00,589.15503,589.49988,588.43,588.65631,14436
2026-07-29 10:10:00,590.20502,590.20502,588.67999,589.15509,24814
2026-07-29 10:09:00,589.59003,590.40002,589.40002,590.21997,25901
2026-07-29 10:08:00,589.84003,590,589.40009,589.79999,10946
2026-07-29 10:07:00,590.31500,590.47992,589.34009,589.60999,13038
2026-07-29 10:06:00,590.71002,590.84003,590.16498,590.30499,39025
2026-07-29 10:05:00,590.72998,591.28998,590.5,590.75,24739
2026-07-29 10:04:00,590.65002,591.12000,590.37000,590.64502,17971
2026-07-29 10:03:00,590.76501,590.96997,590.080505,590.72998,21819
2026-07-29 10:02:00,591.24500,591.51001,590.76,590.96002,34853
2026-07-29 10:01:00,590.76001,591.25,590.61,591.25,34184
2026-07-29 10:00:00,589.54999,590.84998,589.45502,590.77002,42017
2026-07-29 09:59:00,588.57001,589.61,588.10999,589.38000,35434
2026-07-29 09:58:00,589.070007,589.16,588.10999,588.63501,26850
2026-07-29 09:57:00,588.73999,589.21997,588.20502,589.16998,45498
2026-07-29 09:56:00,587.91998,589.11182,587.86499,588.73999,35893
2026-07-29 09:55:00,587.79999,588.059998,587.50012,587.91949,19569
2026-07-29 09:54:00,588.21002,588.31000,587.40002,587.73499,26500
2026-07-29 09:53:00,587.22998,588.6,587.049988,588.090027,27563
2026-07-29 09:52:00,588.21198,588.21198,587.135,587.13501,41883
2026-07-29 09:51:00,588.94000,588.94000,588.20001,588.32001,22463
2026-07-29 09:50:00,589.17499,589.19,588.53003,589.10498,24223
2026-07-29 09:49:00,589.54999,589.67712,588.60999,589.17499,32010
2026-07-29 09:48:00,589.53003,590,589.40002,589.54999,22219
2026-07-29 09:47:00,591.18500,591.35,589.36499,589.36499,51706
2026-07-29 09:46:00,591.85498,592.28998,591.12000,591.20001,18582
2026-07-29 09:45:00,590.76501,592,590.76501,591.91498,39932
2026-07-29 09:44:00,591.20001,591.44000,590.5,590.75,36828
2026-07-29 09:43:00,592.15002,592.19000,590.90002,591.075012,48079
2026-07-29 09:42:00,593.40997,593.59003,592.15997,592.21002,42336
2026-07-29 09:41:00,594.080017,594.28,593.13000,593.40503,26753
2026-07-29 09:40:00,593.81000,594.54999,593.21002,594,54652
2026-07-29 09:39:00,593.070007,594,592.81000,593.73999,72418
2026-07-29 09:38:00,592.020020,593.48999,591.22998,593.059998,46987
2026-07-29 09:37:00,592.44000,592.66,591.89,592.020020,23330
2026-07-29 09:36:00,593.69000,593.69000,591.88000,592.31500,48242
2026-07-29 09:35:00,590.090027,593.69000,590.090027,593.26001,59022
2026-07-29 09:34:00,591.29999,591.45001,589.64,590.35498,49115
2026-07-29 09:33:00,590.20502,591.40002,589.75012,590.78552,41877
2026-07-29 09:32:00,591.20502,591.82599,589.56,590.20502,47800
2026-07-29 09:31:00,591.41498,592.67987,590.65997,591.22998,45671
2026-07-29 09:30:00,593.41998,593.70502,589.65,591.34003,422140
2026-07-28 15:59:00,593.49500,593.72998,593.12000,593.65997,271960
2026-07-28 15:58:00,593.87000,594,593.40002,593.48999,136985
2026-07-28 15:57:00,594.22998,594.28497,593.78162,593.84003,64761
2026-07-28 15:56:00,593.64001,594.22998,593.33002,594.19501,58661
2026-07-28 15:55:00,594.010010,594.04,592.70001,593.44000,105212
2026-07-28 15:54:00,594.10999,594.48999,593.75,594.12000,41815
2026-07-28 15:53:00,594.090027,594.40997,593.96997,594.10999,32534
2026-07-28 15:52:00,593.71997,594.16998,593.70001,594.16998,24454
2026-07-28 15:51:00,594.12000,594.33,593.75,593.75,27276
2026-07-28 15:50:00,593.95001,594.45001,593.93,594.059998,32386
2026-07-28 15:49:00,593.79999,594.12,593.57178,594,16827
2026-07-28 15:48:00,593.96460,594.20001,593.78003,593.81000,13931
2026-07-28 15:47:00,593.99500,594.25,593.78003,594.070007,37643
2026-07-28 15:46:00,593.59497,594.070007,593.59497,594.070007,21280
2026-07-28 15:45:00,593.56000,593.95001,593.51,593.59497,23278
2026-07-28 15:44:00,593.61499,593.68,593.46997,593.54999,260898
2026-07-28 15:43:00,593.23999,593.67999,593.19000,593.56000,14544
2026-07-28 15:42:00,593.42499,593.79999,593.28003,593.28497,14103
2026-07-28 15:41:00,593.53003,593.64001,593.25,593.42999,15638
2026-07-28 15:40:00,593.57501,593.76001,593.45001,593.54999,13329
2026-07-28 15:39:00,593.10999,593.64,593.04,593.54999,17572
2026-07-28 15:38:00,593.27002,593.49,593.050110,593.090027,12327
2026-07-28 15:37:00,593.065002,593.42,593.065002,593.27002,10229
2026-07-28 15:36:00,593.17999,593.32,592.98999,593.17999,12158
2026-07-28 15:35:00,593.60999,593.625,592.82001,593.020020,19686
2026-07-28 15:34:00,593.42999,593.75,593.37042,593.48999,14683
2026-07-28 15:33:00,593.19000,593.54999,593.010010,593.51990,16417
2026-07-28 15:32:00,593.11499,593.27002,593.099976,593.16498,458754
2026-07-28 15:31:00,593.59998,593.59998,592.99,593.040100,12472
2026-07-28 15:30:00,593.42999,593.58002,592.96997,593.48999,25098
2026-07-28 15:29:00,593.71002,593.79199,593.41998,593.50500,7043
2026-07-28 15:28:00,593.43500,593.75,593.42999,593.69000,12497
2026-07-28 15:27:00,593.23993,593.53003,593.12,593.42999,7459
2026-07-28 15:26:00,593.31500,593.33002,593.13000,593.13000,12016
2026-07-28 15:25:00,593.36078,593.53003,593.21002,593.40002,10552
2026-07-28 15:24:00,593.40997,593.53003,593.33002,593.33002,7191
2026-07-28 15:23:00,593.57001,593.71002,593.40997,593.45001,4777
2026-07-28 15:22:00,593.84003,593.84003,593.46002,593.56000,14970
2026-07-28 15:21:00,593.73999,593.98,593.64001,593.92200,27148
2026-07-28 15:20:00,593.90503,593.97,593.73010,593.74500,7456
2026-07-28 15:19:00,594.094971,594.28003,593.88000,594.090027,7239
2026-07-28 15:18:00,593.73999,594.2,593.47998,594.12000,15690
2026-07-28 15:17:00,593.60498,593.89001,593.47498,593.78998,16488
2026-07-28 15:16:00,593.65002,593.65002,593.20001,593.60498,14137
2026-07-28 15:15:00,593.47498,593.71002,593.34998,593.48999,9935
2026-07-28 15:14:00,593.78497,593.78497,593.35999,593.37000,12617
2026-07-28 15:13:00,593.81000,593.92999,593.57001,593.69897,7912
2026-07-28 15:12:00,593.63000,593.83,593.5,593.73999,8972
2026-07-28 15:11:00,593.77002,593.97,593.60498,593.60498,8874
2026-07-28 15:10:00,594.45001,594.49,593.825,593.98608,11880
2026-07-28 15:09:00,594.38501,594.53003,594.29999,594.375,13075
2026-07-28 15:08:00,594.70001,594.70001,594.36,594.40997,12945
2026-07-28 15:07:00,594.63000,594.77,594.53003,594.70001,8618
2026-07-28 15:06:00,594.65002,594.89001,594.65002,594.69000,6284
2026-07-28 15:05:00,594.92999,595.010010,594.47498,594.51001,8223
2026-07-28 15:04:00,594.92999,595.01,594.78998,594.85010,62485
2026-07-28 15:03:00,595,595.1,594.84003,594.92999,7125
2026-07-28 15:02:00,595.10999,595.13,594.84003,594.98999,10969
2026-07-28 15:01:00,595.065002,595.14,594.92999,595.090027,5367
2026-07-28 15:00:00,594.44000,595.38971,594.44,595,24811
2026-07-28 14:59:00,594.21503,594.58002,594.14,594.51947,7373
2026-07-28 14:58:00,594.16992,594.31,594.044983,594.21503,9408
2026-07-28 14:57:00,594.21710,594.21790,594,594.10498,8679
2026-07-28 14:56:00,594.26501,594.35,594.099976,594.16248,6264
2026-07-28 14:55:00,594.32001,594.38000,594.050110,594.35999,6960
2026-07-28 14:54:00,594.42999,594.56000,594.235,594.27002,9526
2026-07-28 14:53:00,594.37000,594.49,594.3,594.45001,6860
2026-07-28 14:52:00,594.23999,594.32,594.04,594.28998,6829
2026-07-28 14:51:00,594.42999,594.44,594.09,594.23999,10567
2026-07-28 14:50:00,594.34998,594.42999,594.16998,594.42999,6033
2026-07-28 14:49:00,594.16498,594.3,593.92999,594.29993,7918
2026-07-28 14:48:00,594.23499,594.29999,594.073792,594.16498,5799
2026-07-28 14:47:00,594.39001,594.42499,594.20001,594.23999,4977
2026-07-28 14:46:00,594.21997,594.48,594.090027,594.39001,8114
2026-07-28 14:45:00,593.64001,594.14001,593.64,594.14001,7129
2026-07-28 14:44:00,593.59998,593.76001,593.44,593.73999,6696
2026-07-28 14:43:00,593.34003,593.69989,593.29,593.52802,4867
2026-07-28 14:42:00,593.39001,593.40997,593,593.15002,6674
2026-07-28 14:41:00,593.10999,593.80988,593.10999,593.52393,8731
2026-07-28 14:40:00,592.79999,593.21002,592.73578,593.099976,10889
2026-07-28 14:39:00,593.28497,593.28497,592.79999,592.79999,10675
2026-07-28 14:38:00,592.81000,593.39990,592.755,593.28497,13371
2026-07-28 14:37:00,592.88501,593.080017,592.60999,592.76001,8216
2026-07-28 14:36:00,593.31000,593.34,591.69000,592.81580,56159
2026-07-28 14:35:00,593.88000,594.13,593.20093,593.25500,19814
2026-07-28 14:34:00,593.83002,594.039978,593.70001,594.039978,10657
2026-07-28 14:33:00,593.60498,593.85,593.51001,593.84003,19567
2026-07-28 14:32:00,593.83002,594.09,593.47,593.74799,16886
2026-07-28 14:31:00,594.30011,594.48,593.79999,593.90002,9096
2026-07-28 14:30:00,594.48999,594.6,594.29999,594.29999,8003
2026-07-28 14:29:00,594.39001,594.48,594.29999,594.46997,4626
2026-07-28 14:28:00,594.5,594.67,594.28998,594.36499,6779
2026-07-28 14:27:00,594.35498,594.49,594.28003,594.28003,4765
2026-07-28 14:26:00,594.40997,594.53998,594.16998,594.47498,12621
2026-07-28 14:25:00,594.42999,594.65,594.20001,594.25,5366
2026-07-28 14:24:00,594.58002,594.78003,594.35,594.46503,10519
2026-07-28 14:23:00,594.84613,594.97,594.54010,594.54010,8793
2026-07-28 14:22:00,594.76001,594.90002,594.66602,594.89001,5271
2026-07-28 14:21:00,594.45001,595.23,594.43500,594.69501,14272
2026-07-28 14:20:00,593.65002,595.01,593.56000,594.51251,51092
2026-07-28 14:19:00,593.70001,593.71,593.49500,593.56000,9518
2026-07-28 14:18:00,593.60999,593.78,593.59998,593.59998,7036
2026-07-28 14:17:00,593.86932,593.86932,593.38000,593.52002,6798
2026-07-28 14:16:00,593.95001,594,593.70001,593.70001,10443
2026-07-28 14:15:00,593.75,593.95001,593.72998,593.92999,11562
2026-07-28 14:14:00,593.44501,593.73,593.21997,593.69000,8480
2026-07-28 14:13:00,593.63000,593.63000,593.10999,593.39001,4334
2026-07-28 14:12:00,593.51001,593.51001,593.060120,593.44501,9790
2026-07-28 14:11:00,593.43500,593.8,593.40002,593.44000,11101
2026-07-28 14:10:00,593.63861,593.71997,593.39001,593.69019,3382
2026-07-28 14:09:00,593.45001,594.010010,593.44,593.70001,11791
2026-07-28 14:08:00,593.60999,593.84998,593.56000,593.56000,9249
2026-07-28 14:07:00,593.20001,593.58002,593.20001,593.53369,4990
2026-07-28 14:06:00,593.40002,593.57,593.12000,593.32001,6540
2026-07-28 14:05:00,593.625,593.78998,593.18500,593.40002,6015
2026-07-28 14:04:00,593.51099,593.81500,593.40997,593.62842,8110
2026-07-28 14:03:00,593.41498,593.75,593.34998,593.52002,8144
2026-07-28 14:02:00,593.93500,593.95001,593.345,593.35999,7306
2026-07-28 14:01:00,594.90002,594.90002,593.83002,593.83002,8012
2026-07-28 14:00:00,594.45001,595,594.29999,594.86499,9689
2026-07-28 13:59:00,593.50500,594.70001,593.505,594.44501,24325
2026-07-28 13:58:00,593.68500,593.73682,593.28003,593.50250,6002
2026-07-28 13:57:00,593.48999,593.77,593.28,593.71002,6856
2026-07-28 13:56:00,593.16498,593.46997,592.99091,593.45502,7095
2026-07-28 13:55:00,593.0050049,593.21002,592.95001,593.099976,39644
2026-07-28 13:54:00,592.5,593.030029,592.5,593.0050049,25280
2026-07-28 13:53:00,592.65002,592.89001,592.5,592.5,8621
2026-07-28 13:52:00,593.20502,593.34497,592.52002,592.78998,13109
2026-07-28 13:51:00,593.27002,593.43,593.15002,593.20502,5881
2026-07-28 13:50:00,593.90997,593.90997,593.27002,593.27002,9090
2026-07-28 13:49:00,593.97998,593.97998,593.51001,593.73499,8332
2026-07-28 13:48:00,593.58502,594.080017,593.45,593.81500,23599
2026-07-28 13:47:00,593.45001,593.77991,593.29419,593.29419,5049
2026-07-28 13:46:00,593.75,593.85999,593.060120,593.27002,14547
2026-07-28 13:45:00,593.65002,593.98999,593.65002,593.88000,7835
2026-07-28 13:44:00,593.55359,593.71002,593.45007,593.70001,5020
2026-07-28 13:43:00,594.25812,594.35498,593.53,593.57501,12197
2026-07-28 13:42:00,594.54498,594.6,594.21002,594.34998,7659
2026-07-28 13:41:00,594.78003,595,594.40002,594.46002,23156
2026-07-28 13:40:00,594.32501,594.79999,594.25,594.66998,13071
2026-07-28 13:39:00,594.44501,594.49,594.23999,594.31500,4906
2026-07-28 13:38:00,594.090027,594.49,594.03,594.40997,9845
2026-07-28 13:37:00,594.32501,594.38000,594.010071,594.090027,9583
2026-07-28 13:36:00,594.25500,594.45990,594.12000,594.20001,3760
2026-07-28 13:35:00,594.34998,594.88000,594.12,594.21997,8769
2026-07-28 13:34:00,594.16998,594.57001,594.020020,594.32001,57980
2026-07-28 13:33:00,593.54303,594.21002,593.5,594.12000,17614
2026-07-28 13:32:00,593.91498,593.96002,593.34003,593.34003,5468
2026-07-28 13:31:00,593.65997,594.049988,593.655,594,8682
2026-07-28 13:30:00,593.5,593.65997,593.44000,593.65997,2890
2026-07-28 13:29:00,593.78998,593.96997,593.52,593.54999,4545
2026-07-28 13:28:00,593.79999,594.020020,593.66998,593.69000,7572
2026-07-28 13:27:00,593.67999,594.68500,593.54999,593.71997,30192
2026-07-28 13:26:00,593.49500,593.70990,593.36,593.53003,7272
2026-07-28 13:25:00,593.48499,593.53003,593.155,593.49500,24865
2026-07-28 13:24:00,593.53998,593.78003,593.40997,593.40997,7222
2026-07-28 13:23:00,593.32001,593.55902,593.22998,593.46503,7858
2026-07-28 13:22:00,593.31000,593.46503,592.975,593.15002,3802
2026-07-28 13:21:00,593.77002,594.18060,593.37000,593.37000,12530
2026-07-28 13:20:00,592.84998,593.78003,592.78998,593.77502,20618
2026-07-28 13:19:00,593.12000,593.24,592.82001,592.89001,12643
2026-07-28 13:18:00,593.31000,593.48993,593.099976,593.19501,5634
2026-07-28 13:17:00,593.75,593.935,593.21997,593.26001,14787
2026-07-28 13:16:00,593.71002,593.82001,593.5,593.51001,4052
2026-07-28 13:15:00,592.95001,593.71002,592.89,593.71002,22936
2026-07-28 13:14:00,592.88000,593.010010,592.79999,592.93500,9860
2026-07-28 13:13:00,593.034973,593.034973,592.70001,592.79999,5531
2026-07-28 13:12:00,592.86652,593.115,592.8,592.97351,9377
2026-07-28 13:11:00,592.44501,592.75983,592.44501,592.74500,307656
2026-07-28 13:10:00,592.5,592.51001,592.23999,592.5,19535
2026-07-28 13:09:00,592.95001,592.96997,592.51001,592.59998,6990
2026-07-28 13:08:00,593.080017,593.26001,592.90002,593.10999,10083
2026-07-28 13:07:00,592.95001,593.025024,592.79498,592.97998,7955
2026-07-28 13:06:00,593.22772,593.36,592.71,593.020020,11899
2026-07-28 13:05:00,593.13000,593.45001,593,593.25,25165
2026-07-28 13:04:00,593.039978,593.24500,592.90997,593.13000,22927
2026-07-28 13:03:00,593.79999,593.85498,592.90997,593,43742
2026-07-28 13:02:00,593.82892,593.84,593.55640,593.76001,8618
2026-07-28 13:01:00,593.81000,594.030029,593.38000,593.80969,19162
2026-07-28 13:00:00,594.42999,594.42999,593.84998,593.84998,14942
2026-07-28 12:59:00,594.94501,595.035828,594.25,594.35620,11646
2026-07-28 12:58:00,594.90503,595.039978,594.79999,594.90002,7924
2026-07-28 12:57:00,595.030029,595.23999,594.22998,594.84497,33927
2026-07-28 12:56:00,594.94000,595.12000,594.76007,594.83289,17801
2026-07-28 12:55:00,594.84497,595.12000,594.84497,595.034973,17779
2026-07-28 12:54:00,594.92999,595.17499,594.65002,595.015625,11329
2026-07-28 12:53:00,595.58752,595.78003,594.94000,594.94000,33489
2026-07-28 12:52:00,594.60999,595.68329,594.60999,595.65002,6146
2026-07-28 12:51:00,594.79999,594.88,594.5,594.68500,19889
2026-07-28 12:50:00,594.070007,594.92999,594.049988,594.78497,19844
2026-07-28 12:49:00,594.23499,594.23499,593.78003,594.15503,16449
2026-07-28 12:48:00,594.28998,594.39447,594.030029,594.23999,5675
2026-07-28 12:47:00,594.28497,594.50677,594.23999,594.36499,5890
2026-07-28 12:46:00,595.15997,595.37000,594.20007,594.24622,10701
2026-07-28 12:45:00,595.090027,595.28998,595,595.28998,8931
2026-07-28 12:44:00,595.45001,595.645,595.090027,595.090027,11824
2026-07-28 12:43:00,595.30499,595.46002,595.21002,595.46002,16148
2026-07-28 12:42:00,595.48969,595.58002,595.17999,595.17999,11154
2026-07-28 12:41:00,595.45001,595.59003,595.28003,595.38000,4728
2026-07-28 12:40:00,595.625,595.73999,595.5,595.51001,7038
2026-07-28 12:39:00,595.56000,595.69000,595.39001,595.625,11782
2026-07-28 12:38:00,595.36987,595.73993,595,595.48999,15634
2026-07-28 12:37:00,595.28998,595.34003,595.080017,595.099976,8235
2026-07-28 12:36:00,595.44000,595.69000,595.17999,595.27002,18341
2026-07-28 12:35:00,595.19000,595.47,595.099976,595.46997,14492
2026-07-28 12:34:00,596.090881,596.26,595.11,595.19000,32963
2026-07-28 12:33:00,596.71002,596.71002,596.099976,596.099976,21504
2026-07-28 12:32:00,596.71503,597,596.62097,596.62097,20149
2026-07-28 12:31:00,596.76001,596.89502,596.57001,596.78003,14734
2026-07-28 12:30:00,596.36499,596.73999,596.36499,596.71002,6483
2026-07-28 12:29:00,596.60999,596.61,596.25,596.36499,11030
2026-07-28 12:28:00,596.84943,596.89990,596.59387,596.71503,6052
2026-07-28 12:27:00,596.75391,596.97,596.69,596.74500,9570
2026-07-28 12:26:00,596.87000,596.97998,596.68848,596.71997,10053
2026-07-28 12:25:00,596.67999,596.95,596.55499,596.90997,18003
2026-07-28 12:24:00,596.85999,596.91901,596.37000,596.74500,17689
2026-07-28 12:23:00,597.36499,597.48999,596.78998,596.90997,11348
2026-07-28 12:22:00,597.26288,597.87000,597.25250,597.46997,11330
2026-07-28 12:21:00,597.46997,597.78003,597.27002,597.33002,9810
2026-07-28 12:20:00,597.87000,598,597.25,597.28998,19446
2026-07-28 12:19:00,597.34998,597.87,597.12872,597.69000,13198
2026-07-28 12:18:00,597.19989,597.5,597.080017,597.22998,20575
2026-07-28 12:17:00,596.78003,597.22089,596.76001,597.21997,11262
2026-07-28 12:16:00,597.35303,597.38440,596.59998,596.71002,23733
2026-07-28 12:15:00,596.95001,597.31500,596.73828,597.31500,15346
2026-07-28 12:14:00,596.73999,596.94000,596.5,596.84003,12372
2026-07-28 12:13:00,596.54999,596.89899,596.54999,596.71997,10416
2026-07-28 12:12:00,596.72998,596.73999,596.27002,596.5,12049
2026-07-28 12:11:00,596.81000,596.99701,596.53003,596.63000,9667
2026-07-28 12:10:00,596.76001,597.14001,596.65002,596.91998,24002
2026-07-28 12:09:00,596.66998,596.94202,596.59003,596.71997,24114
2026-07-28 12:08:00,596.31000,596.66498,596.25012,596.66498,10578
2026-07-28 12:07:00,596.38000,596.39,596.16998,596.33002,7696
2026-07-28 12:06:00,596.27002,596.46997,596.20001,596.31500,10821
2026-07-28 12:05:00,596.19000,596.335,596,596.25,13672
2026-07-28 12:04:00,596.22009,596.37000,595.94,596.039978,10064
2026-07-28 12:03:00,596.33002,596.71997,596.21997,596.44000,13066
2026-07-28 12:02:00,596,596.35,595.79999,596.27002,35587
2026-07-28 12:01:00,595.31000,596.075,595.31000,595.97998,52122
2026-07-28 12:00:00,595.54999,595.64001,594.99,595.46899,15401
2026-07-28 11:59:00,594.78003,595.40002,594.78003,595.40002,9048
2026-07-28 11:58:00,594.81000,594.96948,594.67999,594.78442,7789
2026-07-28 11:57:00,594.59998,595,594.43329,594.99988,7885
2026-07-28 11:56:00,594.75,594.75,594.22998,594.60498,8771
2026-07-28 11:55:00,594.97998,595.21002,594.53009,594.53009,13057
2026-07-28 11:54:00,595.16498,595.28998,594.95001,595.075012,17112
2026-07-28 11:53:00,595.28998,595.59998,595.05,595.17499,17691
2026-07-28 11:52:00,594.81000,595.5,594.78290,595.28497,13896
2026-07-28 11:51:00,593.97998,594.98999,593.90002,594.98950,18578
2026-07-28 11:50:00,594.44000,594.44000,593.97998,594.16687,11840
2026-07-28 11:49:00,594.28998,594.42999,593.71222,594.23999,12497
2026-07-28 11:48:00,593.90503,594.39001,593.70001,594.39001,7149
2026-07-28 11:47:00,593.60999,594.039978,593.56000,593.75,12022
2026-07-28 11:46:00,593.78998,593.88110,593.47998,593.60999,9844
2026-07-28 11:45:00,594.0050049,594.14001,593.65002,593.70001,5468
2026-07-28 11:44:00,593.96997,594.22998,593.87000,594,11585
2026-07-28 11:43:00,594.094971,594.26001,593.70001,593.84497,20264
2026-07-28 11:42:00,593.83002,594.23999,593.8,593.90997,6139
2026-07-28 11:41:00,593.48999,594.5,593.48999,593.79498,16845
2026-07-28 11:40:00,593.40002,593.72998,593.31000,593.72998,9597
2026-07-28 11:39:00,593.84998,593.98499,593.46002,593.46002,8672
2026-07-28 11:38:00,594.35498,594.35498,593.57001,593.93170,10921
2026-07-28 11:37:00,593.81500,594.5,593.65002,594.20001,12228
2026-07-28 11:36:00,593.84003,594.21997,593.81000,594.019897,12997
2026-07-28 11:35:00,594.030029,594.25,593.84003,593.95868,9789
2026-07-28 11:34:00,593.96997,594.29993,593.62000,594,8640
2026-07-28 11:33:00,594.15002,594.38000,593.85999,593.89001,33507
2026-07-28 11:32:00,594.33368,594.46997,593.78998,594.30988,22281
2026-07-28 11:31:00,594.34998,594.53003,594.14001,594.35999,14045
2026-07-28 11:30:00,594.030029,594.75,593.79,594.33789,16120
2026-07-28 11:29:00,594.40997,594.59259,593.75,593.75659,15579
2026-07-28 11:28:00,593.77502,594.40002,593.59,594.40002,11541
2026-07-28 11:27:00,593.12000,593.73,593.060120,593.66998,10321
2026-07-28 11:26:00,592.42999,593.21503,592.36499,593.12000,16984
2026-07-28 11:25:00,592.70001,592.83002,592.10999,592.46002,17809
2026-07-28 11:24:00,592.72998,592.87000,592.33002,592.70001,15482
2026-07-28 11:23:00,593.20001,593.54,592.15009,592.64001,26111
2026-07-28 11:22:00,593.69000,594.030029,593.099976,593.30499,8407
2026-07-28 11:21:00,594.53998,594.73999,593.52008,593.92999,16829
2026-07-28 11:20:00,594.15503,594.73999,594.010071,594.60211,31564
2026-07-28 11:19:00,594.11499,594.46997,593.57001,594.21503,15054
2026-07-28 11:18:00,593.46002,594.23938,592.625,594.11499,28287
2026-07-28 11:17:00,593.21997,593.5,592.75098,593.31000,31543
2026-07-28 11:16:00,591.97998,593.33002,591.79999,593.25281,26993
2026-07-28 11:15:00,591.32001,592.062012,591.15997,591.78003,24383
2026-07-28 11:14:00,591,591.59998,590.88000,591.32501,21339
2026-07-28 11:13:00,591.28998,591.29999,590.41351,591,22052
2026-07-28 11:12:00,590.22498,591.35,589.86,591.28998,25209
2026-07-28 11:11:00,588.78003,590.34998,588.56012,590.21997,26378
2026-07-28 11:10:00,588.29749,589.29999,588.29498,588.99762,56607
2026-07-28 11:09:00,588.44501,588.49,587.57843,588.29498,33545
2026-07-28 11:08:00,588.26501,588.69,588.041016,588.44501,14355
2026-07-28 11:07:00,588.76001,588.82,587.89801,588.22101,40591
2026-07-28 11:06:00,588.29498,588.90002,587.85999,588.77002,53521
2026-07-28 11:05:00,587.065002,588.43402,587,588.43402,66191
2026-07-28 11:04:00,588.0050049,588.010010,587.010010,587.090027,58490
2026-07-28 11:03:00,589.15912,589.15912,587.78003,588.0050049,37996
2026-07-28 11:02:00,589.59003,589.59003,588.79999,589.049988,40125
2026-07-28 11:01:00,589.58002,590.17999,589.28003,589.47998,23247
2026-07-28 11:00:00,589.53998,589.94000,589.29010,589.58002,57739
2026-07-28 10:59:00,590.32001,590.54,589.40002,589.54999,53443
2026-07-28 10:58:00,590.47998,590.47998,590.10999,590.29498,21634
2026-07-28 10:57:00,590.65997,590.89563,590.21198,590.45001,19520
2026-07-28 10:56:00,591,591.25,590.65997,590.65997,14764
2026-07-28 10:55:00,590.69012,591.5,590.33002,591.0050049,21454
2026-07-28 10:54:00,591.41998,591.61987,590.64001,590.64001,18203
2026-07-28 10:53:00,592.69000,592.70001,591.31000,591.46472,14729
2026-07-28 10:52:00,592.48499,592.7,592.040527,592.67499,16629
2026-07-28 10:51:00,592.86499,593,592.096375,592.48499,19895
2026-07-28 10:50:00,592.62000,592.98999,592.46997,592.88000,18084
2026-07-28 10:49:00,593.11987,593.11987,592.46997,592.70001,14421
2026-07-28 10:48:00,593.15002,593.44000,592.90002,592.96503,10131
2026-07-28 10:47:00,593.0050049,593.59998,592.60052,593.14001,18603
2026-07-28 10:46:00,592.72998,593.65002,592.57001,592.97998,45029
2026-07-28 10:45:00,593.094971,593.70001,592.60999,592.60999,26252
2026-07-28 10:44:00,592.56000,593.23999,592.33002,593.094971,20373
2026-07-28 10:43:00,591.87000,592.68,591.63000,592.59003,22757
2026-07-28 10:42:00,592,592.32990,591.71002,591.97998,20684
2026-07-28 10:41:00,591.29498,592.31989,591.20001,592.039978,35572
2026-07-28 10:40:00,590.62000,591.44000,590.059998,591.29498,18736
2026-07-28 10:39:00,590.50348,590.72,589.88000,590.47998,58689
2026-07-28 10:38:00,591.44000,591.54,590.46002,590.67999,29277
2026-07-28 10:37:00,592.26672,592.44000,591.34998,591.44501,13487
2026-07-28 10:36:00,591.84497,592.41998,591.71997,592.15002,21907
2026-07-28 10:35:00,591.57501,591.9,591.34003,591.84497,17870
2026-07-28 10:34:00,592.91498,593.16,591.65002,591.65002,24476
2026-07-28 10:33:00,593.51001,593.64001,592.78278,592.91998,14022
2026-07-28 10:32:00,593.14001,593.62000,592.78003,593.56970,21745
2026-07-28 10:31:00,593.65997,593.89502,593.04,593.12000,31651
2026-07-28 10:30:00,594.5,594.57,593.5,593.69501,20365
2026-07-28 10:29:00,593.59003,594.56,593.57013,594.52002,19629
2026-07-28 10:28:00,594.020020,594.16290,593.47998,593.55499,13503
2026-07-28 10:27:00,593.98999,594.29999,593.62000,594.15002,14170
2026-07-28 10:26:00,594.17999,594.32,593.64001,593.87000,34968
2026-07-28 10:25:00,594.23499,594.5,593.85999,594.32501,16021
2026-07-28 10:24:00,594.83002,595.10999,594.080017,594.15997,21218
2026-07-28 10:23:00,593.125,594.98999,593.010010,594.98999,25331
2026-07-28 10:22:00,594.12000,594.12000,592.94000,593.0050049,24661
2026-07-28 10:21:00,594.32001,594.75,593.95001,594.13202,29504
2026-07-28 10:20:00,593.79999,594.85968,593.675,594.10999,29031
2026-07-28 10:19:00,593.71002,593.94000,593.50500,593.71002,20929
2026-07-28 10:18:00,593.10999,593.87000,592.91998,593.69000,21348
2026-07-28 10:17:00,592.38000,593.35498,592.19049,593.21002,19706
2026-07-28 10:16:00,592.22498,592.34003,591.89502,592.34003,17958
2026-07-28 10:15:00,592.020020,592.47998,591.71002,592.19000,21255
2026-07-28 10:14:00,591.71997,592.31122,591.48999,592.030029,22953
2026-07-28 10:13:00,592.20001,592.57001,591.58008,591.71503,27612
2026-07-28 10:12:00,593.31000,593.58002,592.2,592.20001,24215
2026-07-28 10:11:00,594.090027,594.10999,593.070007,593.15997,17933
2026-07-28 10:10:00,593.90002,594.65002,593.71997,594.19000,25673
2026-07-28 10:09:00,593.40002,594.35,593.40002,593.95001,20119
2026-07-28 10:08:00,593.16998,593.57001,592.69678,593.39502,18626
2026-07-28 10:07:00,593.19501,593.57001,593.16,593.21252,19234
2026-07-28 10:06:00,593.42999,593.59003,592.95551,593.19501,18962
2026-07-28 10:05:00,592.94501,593.77002,592.73999,593.60999,20635
2026-07-28 10:04:00,593.29138,593.62000,592.78009,592.96002,17158
2026-07-28 10:03:00,594.17999,594.5,593,593.21002,23876
2026-07-28 10:02:00,594.080017,594.73999,593.89001,594.085022,24678
2026-07-28 10:01:00,594.54999,594.78998,593.92999,594.19000,16064
2026-07-28 10:00:00,593.28003,594.66998,593.095,594.41998,21356
2026-07-28 09:59:00,593.28003,593.61,592.87000,593.19000,22909
2026-07-28 09:58:00,593.95502,593.95502,593,593.099976,16846
2026-07-28 09:57:00,593.59998,594.29749,593.3125,594.12000,23702
2026-07-28 09:56:00,593.25,594.42,593.25,594.096619,24334
2026-07-28 09:55:00,593.27002,593.78003,592.59003,593.16498,25994
2026-07-28 09:54:00,595.034973,595.46002,593.19580,593.375,26001
2026-07-28 09:53:00,595.46997,595.90002,594.40997,595.020020,23689
2026-07-28 09:52:00,593.62000,595.67499,593.37000,595.42499,46051
2026-07-28 09:51:00,592.32001,594.26001,592.32,593.71002,39811
2026-07-28 09:50:00,592.73999,593.66553,592.010010,592.030029,21793
2026-07-28 09:49:00,591.46997,592.96002,591,592.90002,27941
2026-07-28 09:48:00,592.40002,593.049988,591.40997,591.40997,53651
2026-07-28 09:47:00,593.54498,594.049988,592,592.43610,44695
2026-07-28 09:46:00,594.19000,594.19000,593.29999,593.29999,36700
2026-07-28 09:45:00,594.97681,595.58002,594.19000,594.21002,45129
2026-07-28 09:44:00,595.29498,595.75,594.95001,594.96002,24452
2026-07-28 09:43:00,594.75,595.46997,594.10999,595.29498,24476
2026-07-28 09:42:00,595.35999,595.53003,594.090088,594.67999,36418
2026-07-28 09:41:00,595.52002,596.59998,595,595.60999,85387
2026-07-28 09:40:00,597.71698,597.71698,595.5,595.52002,64777
2026-07-28 09:39:00,599.059998,599.13501,597.39001,597.59003,47215
2026-07-28 09:38:00,599.26001,599.79993,598.23999,599.039978,42750
2026-07-28 09:37:00,599.53998,599.89001,598.65002,599.45001,35523
2026-07-28 09:36:00,599.020020,599.71997,598.010010,599.53998,42905
2026-07-28 09:35:00,597.71997,599.1,596.39001,599.034973,37727
2026-07-28 09:34:00,598.375,598.96002,596.01,597.70490,54728
2026-07-28 09:33:00,597.010498,599,596.91998,598.44000,39414
2026-07-28 09:32:00,599.46997,599.65002,597.010010,597.13000,53398
2026-07-28 09:31:00,597.85999,599.99988,597.27002,598.90503,53481
2026-07-28 09:30:00,595.90002,601,595.62000,597.59497,490892
2026-07-27 15:59:00,593.31000,593.98999,593.15,593.92999,189640
2026-07-27 15:58:00,593.54999,593.60419,593.20001,593.35999,113183
2026-07-27 15:57:00,594.030029,594.12,593.35999,593.53998,83770
2026-07-27 15:56:00,593.91998,594.12000,593.67999,594.059998,96212
2026-07-27 15:55:00,593.84003,594.12000,593.14,593.87799,88866
2026-07-27 15:54:00,594.53003,594.76001,593.67999,593.88000,56809
2026-07-27 15:53:00,594.65997,594.78998,594.45001,594.56000,39405
2026-07-27 15:52:00,594.42999,594.66998,594.39001,594.59003,37506
2026-07-27 15:51:00,594.64502,594.65002,594.048828,594.44000,39330
2026-07-27 15:50:00,594.19000,594.71002,594.020081,594.63501,37099
2026-07-27 15:49:00,593.70001,594.11,593.57001,594.099976,22908
2026-07-27 15:48:00,593.88000,593.95001,593.45001,593.60999,18997
2026-07-27 15:47:00,593.5,593.96997,593.28259,593.92999,22209
2026-07-27 15:46:00,593.51001,593.51001,593.17999,593.42499,24244
2026-07-27 15:45:00,594.17999,594.42999,593.39050,593.41998,26132
2026-07-27 15:44:00,594.32001,594.61987,594.23,594.26501,15331
2026-07-27 15:43:00,594.090027,594.48999,594.090027,594.33002,13027
2026-07-27 15:42:00,594.50500,594.50500,594.070679,594.17499,17150
2026-07-27 15:41:00,594.48999,594.78137,594.33502,594.46252,12400
2026-07-27 15:40:00,594.44000,594.65002,594.38000,594.50250,24069
2026-07-27 15:39:00,595.020020,595.15,594.44000,594.47998,24804
2026-07-27 15:38:00,595.19501,595.19501,594.90002,594.96503,25308
2026-07-27 15:37:00,595.47498,595.54999,595.10999,595.28003,12924
2026-07-27 15:36:00,595.76001,595.83002,595.40997,595.46997,10255
2026-07-27 15:35:00,596.10999,596.21997,595.71,595.77002,16610
2026-07-27 15:34:00,596.32001,596.5,596.085022,596.085022,9344
2026-07-27 15:33:00,595.96997,596.31,595.85,596.27002,13230
2026-07-27 15:32:00,595.88000,596.099915,595.75,596.067627,11147
2026-07-27 15:31:00,595.44000,595.82001,595.44000,595.82001,14008
2026-07-27 15:30:00,595.77002,595.77002,595.45001,595.53003,21495
2026-07-27 15:29:00,595.60999,595.83002,595.52002,595.71002,11308
2026-07-27 15:28:00,595.77002,595.77002,595.52002,595.59003,19512
2026-07-27 15:27:00,595.84998,595.84998,595.53149,595.62000,14721
2026-07-27 15:26:00,595.90997,595.94000,595.69000,595.77002,14268
2026-07-27 15:25:00,595.78003,596.090027,595.76001,595.90997,20764
2026-07-27 15:24:00,595.75,595.87000,595.66998,595.76001,11636
2026-07-27 15:23:00,595.64001,595.87000,595.62000,595.67999,8359
2026-07-27 15:22:00,595.83002,595.89832,595.59,595.59003,11316
2026-07-27 15:21:00,596.11499,596.11499,595.58002,595.90002,38752
2026-07-27 15:20:00,595.87000,596.14001,595.75012,596.10999,11423
2026-07-27 15:19:00,595.67499,595.89,595.67499,595.83502,11747
2026-07-27 15:18:00,595.61499,595.77,595.53998,595.67499,12800
2026-07-27 15:17:00,595.81000,595.88483,595.40997,595.56818,14617
2026-07-27 15:16:00,595.875,595.97998,595.61987,595.75500,11044
2026-07-27 15:15:00,595.78003,596.099915,595.71039,595.79999,18711
2026-07-27 15:14:00,595.80499,595.92999,595.70001,595.86188,10269
2026-07-27 15:13:00,595.79999,596.05,595.77,595.82001,8814
2026-07-27 15:12:00,596.070007,596.25,595.71997,595.71997,10357
2026-07-27 15:11:00,596.16498,596.22,595.95,596.10999,11330
2026-07-27 15:10:00,596.039978,596.39929,596.039978,596.15997,9827
2026-07-27 15:09:00,595.91498,596.11,595.72998,596.020020,11458
2026-07-27 15:08:00,595.78998,596.049988,595.69000,595.95001,10614
2026-07-27 15:07:00,595.70001,595.92999,595.63000,595.71503,9861
2026-07-27 15:06:00,595.96002,596.069580,595.65002,595.77002,9762
2026-07-27 15:05:00,595.82001,596.07,595.71503,595.90997,12800
2026-07-27 15:04:00,596.010010,596.21991,595.63000,595.71997,12494
2026-07-27 15:03:00,596.13000,596.22992,595.89001,596.090027,19722
2026-07-27 15:02:00,596.48798,596.6,596.15997,596.16998,10704
2026-07-27 15:01:00,596.46002,596.6,596.40997,596.46997,11936
2026-07-27 15:00:00,596.81000,596.93,596.34821,596.5,16756
2026-07-27 14:59:00,596.96002,597.070007,596.57001,596.85999,8549
2026-07-27 14:58:00,597.18842,597.20001,596.70001,597.039978,22634
2026-07-27 14:57:00,597.32397,597.32397,596.94000,597.054993,12852
2026-07-27 14:56:00,597.73999,597.81000,597.23010,597.25153,8918
2026-07-27 14:55:00,597.40503,598.039978,597.40503,597.90002,18675
2026-07-27 14:54:00,597.72998,597.79999,597.31000,597.40997,11646
2026-07-27 14:53:00,597.15997,597.72998,596.99011,597.72998,14785
2026-07-27 14:52:00,596.44000,597.15002,596.44000,597.031921,18322
2026-07-27 14:51:00,596.28003,596.70001,596.13000,596.52509,15605
2026-07-27 14:50:00,596.15002,596.45001,596.15002,596.28003,15783
2026-07-27 14:49:00,596.83002,596.90503,596.14001,596.15002,11345
2026-07-27 14:48:00,597.015015,597.23999,596.59998,596.81201,20958
2026-07-27 14:47:00,596.68903,597.16998,596.34009,597.16998,20975
2026-07-27 14:46:00,595.86499,596.51001,595.75012,596.35797,9811
2026-07-27 14:45:00,595.78998,595.94000,595.51007,595.89001,12971
2026-07-27 14:44:00,595.64001,595.92999,595.54999,595.77002,12938
2026-07-27 14:43:00,595.28497,595.555,595.15997,595.47998,25723
2026-07-27 14:42:00,594.95001,595.39001,594.91998,595.28497,13651
2026-07-27 14:41:00,594.35999,595.29,594.35999,594.92999,36689
2026-07-27 14:40:00,594.26501,594.51,594.26501,594.27002,11581
2026-07-27 14:39:00,594.35999,594.37000,594.20001,594.20001,5969
2026-07-27 14:38:00,594.39069,594.51990,594.27,594.37000,15039
2026-07-27 14:37:00,594.20502,594.5,594.099976,594.5,11217
2026-07-27 14:36:00,594.21503,594.33002,594.13013,594.20502,5629
2026-07-27 14:35:00,593.87000,594.27002,593.84998,594.15009,17546
2026-07-27 14:34:00,594.22498,594.22498,593.85,593.92999,10294
2026-07-27 14:33:00,594.25500,594.26001,594,594.22498,8262
2026-07-27 14:32:00,594.090027,594.25500,593.83002,594.16998,17874
2026-07-27 14:31:00,594.44000,594.78998,594.099976,594.14001,12606
2026-07-27 14:30:00,594.82147,594.855,594.34003,594.5,7648
2026-07-27 14:29:00,594.83319,594.99,594.44000,594.84998,11290
2026-07-27 14:28:00,594.76007,595.030029,594.74,594.88000,5004
2026-07-27 14:27:00,594.69000,595.10999,594.64001,594.84003,10955
2026-07-27 14:26:00,594.78003,594.97992,594.53998,594.64001,7383
2026-07-27 14:25:00,594.84003,595.070129,594.75,594.90997,9406
2026-07-27 14:24:00,594.20001,594.88000,594.2,594.73999,16353
2026-07-27 14:23:00,594.32501,594.53998,594.15997,594.18011,15293
2026-07-27 14:22:00,594.5,594.5,594.2,594.25,8936
2026-07-27 14:21:00,594.32001,594.59998,594.099976,594.58002,17792
2026-07-27 14:20:00,594.41498,594.48993,594.19012,594.28943,8237
2026-07-27 14:19:00,594.29999,594.44501,594.15002,594.22998,13437
2026-07-27 14:18:00,594.5,594.79999,594.28998,594.42499,16485
2026-07-27 14:17:00,594.56500,594.64001,594.39001,594.46002,8782
2026-07-27 14:16:00,594.78998,594.84,594.39502,594.56500,16122
2026-07-27 14:15:00,595.17999,595.18,594.78998,594.84497,10604
2026-07-27 14:14:00,595.18701,595.26001,594.90997,595.23999,14369
2026-07-27 14:13:00,595.010010,595.24,595.010010,595.15002,11420
2026-07-27 14:12:00,594.85498,595.23999,594.83002,595.065002,9018
2026-07-27 14:11:00,594.75,595.049988,594.65,594.85498,13015
2026-07-27 14:10:00,594.70001,595.090027,594.51501,594.53998,23766
2026-07-27 14:09:00,595.17999,595.19989,594.59003,594.70001,16540
2026-07-27 14:08:00,595.039978,595.33002,594.90002,595.25,13081
2026-07-27 14:07:00,594.52002,595.24988,594.47998,594.88000,52395
2026-07-27 14:06:00,594.66998,594.96997,594.40570,594.49500,11656
2026-07-27 14:05:00,593.83008,594.67010,593.50500,594.54999,44321
2026-07-27 14:04:00,594.40002,594.40002,593.76,593.85999,21256
2026-07-27 14:03:00,594.21997,594.46997,594.09,594.40997,13953
2026-07-27 14:02:00,594.46002,594.55,594.21997,594.33002,17590
2026-07-27 14:01:00,594.42999,594.76001,594.40002,594.40002,15458
2026-07-27 14:00:00,594.83002,595.15002,594.40002,594.58502,22183
2026-07-27 13:59:00,594.97498,594.97998,594.67999,594.83002,13112
2026-07-27 13:58:00,595.22998,595.39642,594.81000,594.84003,26262
2026-07-27 13:57:00,595.79242,596.020020,595.23999,595.35748,21657
2026-07-27 13:56:00,595.73499,596.010010,595.60999,595.87000,27140
2026-07-27 13:55:00,595.84003,595.91998,595.64001,595.65002,17072
2026-07-27 13:54:00,595.65997,595.83990,595.47357,595.81500,17128
2026-07-27 13:53:00,595.28998,595.76001,595.21997,595.46008,14204
2026-07-27 13:52:00,595.090027,595.23999,594.94000,595.21997,9281
2026-07-27 13:51:00,595.080017,595.15088,594.84998,595.090027,11352
2026-07-27 13:50:00,594.64001,595.14001,594.64001,594.95001,19737
2026-07-27 13:49:00,594.46002,594.77002,594.46002,594.64008,11621
2026-07-27 13:48:00,594.62000,594.81000,594.44000,594.52502,20923
2026-07-27 13:47:00,594.90997,594.985,594.62000,594.62000,15323
2026-07-27 13:46:00,594.96997,595.37000,594.88,594.98499,20389
2026-07-27 13:45:00,595.090027,595.31000,594.87000,594.94000,14637
2026-07-27 13:44:00,595.15997,595.29968,594.92841,595.090027,14392
2026-07-27 13:43:00,595.020020,595.25,594.79999,595.15002,31473
2026-07-27 13:42:00,595.73999,595.73999,595.06,595.065002,27860
2026-07-27 13:41:00,595.67499,595.82001,595.57001,595.65997,12379
2026-07-27 13:40:00,595.90997,595.98999,595.54999,595.67999,13367
2026-07-27 13:39:00,596.030029,596.40997,595.87360,595.87360,17546
2026-07-27 13:38:00,596.10999,596.33,595.76001,596.31409,28898
2026-07-27 13:37:00,596.26001,596.57001,596.17999,596.17999,13181
2026-07-27 13:36:00,596.12000,596.57001,596.10999,596.39502,16972
2026-07-27 13:35:00,596.88501,596.96002,596.15002,596.21002,20702
2026-07-27 13:34:00,596.77002,596.91052,596.605,596.91052,9580
2026-07-27 13:33:00,597.13501,597.26001,596.655,596.69000,13232
2026-07-27 13:32:00,597.080017,597.26001,597.020020,597.070007,20969
2026-07-27 13:31:00,597.097778,597.34998,596.92999,597.15503,7688
2026-07-27 13:30:00,596.82001,597.17999,596.81000,597.030579,7320
2026-07-27 13:29:00,597.23499,597.29999,596.84998,596.84998,10765
2026-07-27 13:28:00,597.13000,597.32,597.080078,597.28998,8154
2026-07-27 13:27:00,597.31000,597.46997,597.15997,597.21997,7918
2026-07-27 13:26:00,597.28497,597.42999,597.020020,597.42999,11114
2026-07-27 13:25:00,597.17999,597.53003,597.08,597.27002,17717
2026-07-27 13:24:00,596.90009,597.16998,596.82001,597.075012,13883
2026-07-27 13:23:00,597.42010,597.48499,596.98999,596.98999,5863
2026-07-27 13:22:00,597.16998,597.67999,597.090027,597.44000,12978
2026-07-27 13:21:00,597.44922,597.45001,597.2,597.20001,3949
2026-07-27 13:20:00,596.91101,597.32501,596.74432,597.30499,11790
2026-07-27 13:19:00,596.60999,596.94000,596.46997,596.87000,14047
2026-07-27 13:18:00,596.53003,596.78003,596.46997,596.625,12444
2026-07-27 13:17:00,597,597.049988,596.59497,596.63501,10920
2026-07-27 13:16:00,597.79999,597.89001,596.82001,596.84998,29248
2026-07-27 13:15:00,597.77502,597.89,597.52002,597.88501,7124
2026-07-27 13:14:00,597.47998,597.87000,597.47,597.77002,20217
2026-07-27 13:13:00,597.22998,597.5,597.16742,597.44000,15757
2026-07-27 13:12:00,596.94000,597.24,596.84003,597.22998,15000
2026-07-27 13:11:00,597.35999,597.40997,596.95001,597.010010,14114
2026-07-27 13:10:00,597.15002,597.34,597.010010,597.28882,12222
2026-07-27 13:09:00,597.27002,597.34998,596.83002,597.30499,10911
2026-07-27 13:08:00,597.21503,597.29999,596.88000,596.95001,9739
2026-07-27 13:07:00,596.85999,597.36499,596.85999,597.15002,10094
2026-07-27 13:06:00,596.75500,596.99988,596.71002,596.85999,9653
2026-07-27 13:05:00,596.53998,596.82,596.53003,596.73999,9457
2026-07-27 13:04:00,596.52002,596.78003,596.37000,596.59998,13550
2026-07-27 13:03:00,596.53497,596.69598,596.32501,596.42999,19193
2026-07-27 13:02:00,597.14001,597.15399,596.40997,596.53003,20282
2026-07-27 13:01:00,597.28998,597.42987,597.049988,597.13501,12489
2026-07-27 13:00:00,597.51001,597.59003,597.23499,597.23999,13779
2026-07-27 12:59:00,597.56500,597.59998,597.13000,597.53497,13850
2026-07-27 12:58:00,597.49500,597.77002,597.40997,597.54999,12199
2026-07-27 12:57:00,597.45001,597.59003,597.32001,597.48999,9924
2026-07-27 12:56:00,597.57001,597.68988,597.030029,597.28003,21203
2026-07-27 12:55:00,597.93500,598.020020,597.41998,597.41998,18482
2026-07-27 12:54:00,597.33502,597.98779,597.3,597.98779,13733
2026-07-27 12:53:00,597.31000,597.47198,597.099976,597.33002,13054
2026-07-27 12:52:00,597.46503,597.53003,597,597.31000,15271
2026-07-27 12:51:00,597.40503,597.53998,597.090027,597.42749,14715
2026-07-27 12:50:00,597.57001,597.64001,597.26001,597.37000,14502
2026-07-27 12:49:00,597.65503,597.92999,597.63000,597.65997,12196
2026-07-27 12:48:00,598.54498,598.66,597.57001,597.65509,12349
2026-07-27 12:47:00,598.61499,598.77002,598.40997,598.58502,11766
2026-07-27 12:46:00,598.37000,598.85999,598.33,598.51501,6783
2026-07-27 12:45:00,598.27502,598.54999,598.22998,598.40002,8262
2026-07-27 12:44:00,598.27002,598.34998,597.81000,598.21997,19491
2026-07-27 12:43:00,598.40002,598.40997,598.02,598.19000,14599
2026-07-27 12:42:00,598.60999,598.64001,598.41,598.45001,8422
2026-07-27 12:41:00,598.95001,598.95001,598.28003,598.59003,9860
2026-07-27 12:40:00,598.90997,599.12000,598.83002,598.88000,11203
2026-07-27 12:39:00,599.36499,599.36499,598.65002,598.82751,11850
2026-07-27 12:38:00,599.75,599.90997,599.19000,599.40997,10480
2026-07-27 12:37:00,600.19000,600.37000,599.75,599.83002,14291
2026-07-27 12:36:00,600.21997,600.28003,599.88000,600.19501,17134
2026-07-27 12:35:00,599.84998,600.21002,599.84998,600.21002,21456
2026-07-27 12:34:00,599.76001,599.90997,599.46002,599.87000,10649
2026-07-27 12:33:00,599.83398,599.88000,599.40002,599.65503,10106
2026-07-27 12:32:00,599.66498,600.22998,599.60999,599.82751,26931
2026-07-27 12:31:00,599.20502,599.72998,599.099976,599.72870,19269
2026-07-27 12:30:00,599.020020,599.57,598.81000,599.21002,35245
2026-07-27 12:29:00,599.40997,599.64001,599.010010,599.020020,10370
2026-07-27 12:28:00,599.72998,599.87000,599.33002,599.50500,8845
2026-07-27 12:27:00,599.64001,599.93,599.37000,599.72998,17750
2026-07-27 12:26:00,599.88000,600.20001,598.81000,599.56500,31487
2026-07-27 12:25:00,598.39001,600.14001,598.29999,600.044983,52258
2026-07-27 12:24:00,598.030029,598.44501,597.81000,598.44501,12016
2026-07-27 12:23:00,598.40991,598.40991,597.59998,597.82001,11190
2026-07-27 12:22:00,598,598.40997,597.85999,598.40973,11086
2026-07-27 12:21:00,598.26501,598.45001,597.85010,597.99500,16055
2026-07-27 12:20:00,598.25500,598.38000,597.89001,598.26001,27463
2026-07-27 12:19:00,598.46503,598.46503,597.92493,598.37000,11401
2026-07-27 12:18:00,598.21997,598.53003,598.21997,598.46002,29161
2026-07-27 12:17:00,597.58002,598.38000,597.53998,598.23999,15562
2026-07-27 12:16:00,597.81000,597.81000,597.39050,597.46997,12096
2026-07-27 12:15:00,597.95502,598.54999,597.82001,597.84998,20697
2026-07-27 12:14:00,598.039978,598.23999,597.77008,597.95502,11431
2026-07-27 12:13:00,598.5,598.5,597.73999,598,32766
2026-07-27 12:12:00,598.71002,599,598.28,598.38501,21710
2026-07-27 12:11:00,598.96002,598.96002,598.54,598.71997,10240
2026-07-27 12:10:00,598.76501,599.32001,598.53003,598.96002,21675
2026-07-27 12:09:00,599.56000,599.56000,598.54999,598.76501,25141
2026-07-27 12:08:00,599.70001,599.79999,599.26501,599.56000,17516
2026-07-27 12:07:00,600.59998,600.59998,599.35999,599.63501,24923
2026-07-27 12:06:00,601.60999,601.73999,600.15997,600.45502,47300
2026-07-27 12:05:00,601.46503,601.69000,601.32001,601.48999,9290
2026-07-27 12:04:00,600.94000,601.68103,600.73999,601.68103,25752
2026-07-27 12:03:00,601.039978,601.22998,600.40002,600.82092,48789
2026-07-27 12:02:00,601.39001,601.475,600.90002,601.039978,6549
2026-07-27 12:01:00,601.63000,601.71,601.059998,601.29999,8784
2026-07-27 12:00:00,601.099976,601.63000,601.020020,601.54260,14955
2026-07-27 11:59:00,601.40002,601.54999,600.71252,600.97998,14356
2026-07-27 11:58:00,601.53998,601.64502,601.070007,601.40002,7874
2026-07-27 11:57:00,601.51141,601.83600,601.5,601.69000,5516
2026-07-27 11:56:00,601.94000,601.94000,601.56,601.62000,6542
2026-07-27 11:55:00,601.46002,601.93982,601.40302,601.88373,12932
2026-07-27 11:54:00,601.36499,601.5,600.90002,601.5,24847
2026-07-27 11:53:00,601.48999,601.92999,601.17499,601.375,23383
2026-07-27 11:52:00,602.010010,602.12000,601.35,601.39001,7885
2026-07-27 11:51:00,602.18500,602.42499,602.090027,602.20001,6051
2026-07-27 11:50:00,602.32001,602.84052,602.13000,602.13000,6623
2026-07-27 11:49:00,602.37122,602.45001,601.70007,602.11499,13277
2026-07-27 11:48:00,602.010071,603.059875,602.010071,602.45001,9705
2026-07-27 11:47:00,601.98499,602.59991,601.95923,602.0050049,10294
2026-07-27 11:46:00,601.56000,602.070007,601.34998,601.98499,17789
2026-07-27 11:45:00,602.78003,603,601.56000,601.625,35387
2026-07-27 11:44:00,602.62000,602.95001,602.46997,602.77502,33501
2026-07-27 11:43:00,603.51501,603.53497,602.48999,602.625,20586
2026-07-27 11:42:00,603.76001,603.88000,603.36011,603.36102,17078
2026-07-27 11:41:00,603.83002,604.080017,603.40997,603.63501,12646
2026-07-27 11:40:00,603.88000,603.98999,603.62000,603.95001,17406
2026-07-27 11:39:00,603.76501,604.10889,603.64008,603.92999,9477
2026-07-27 11:38:00,602.52509,603.78003,602.45001,603.78003,13702
2026-07-27 11:37:00,602.98999,603.19000,602.53497,602.53497,18302
2026-07-27 11:36:00,602.74500,603.19000,602.31000,602.80499,18670
2026-07-27 11:35:00,603.78510,603.78510,602.76001,602.76001,23244
2026-07-27 11:34:00,604.81500,604.89001,603.65997,603.65997,20328
2026-07-27 11:33:00,605.15997,605.22,604.53003,604.95001,11676
2026-07-27 11:32:00,605.13000,605.41998,604.94012,605.14001,16284
2026-07-27 11:31:00,605.56012,605.70001,605.070007,605.15503,15905
2026-07-27 11:30:00,605.42999,605.63,605.21002,605.45001,7922
2026-07-27 11:29:00,605.65997,605.67999,605.31012,605.53497,11400
2026-07-27 11:28:00,605.72998,605.73,605.30011,605.56000,12110
2026-07-27 11:27:00,605.85999,605.89,605.56000,605.77002,11634
2026-07-27 11:26:00,605.93500,606.20001,605.65997,605.88501,10494
2026-07-27 11:25:00,605.76001,606.21002,605.66998,606.025024,14493
2026-07-27 11:24:00,606.73999,607.010010,605.96002,605.96002,37776
2026-07-27 11:23:00,606.23999,606.76001,606.10010,606.62000,43099
2026-07-27 11:22:00,605.14001,606.40002,605.010010,606.29999,15299
2026-07-27 11:21:00,605.65997,605.66998,605.010071,605.27002,14148
2026-07-27 11:20:00,605.64001,605.78003,605.42499,605.59998,10462
2026-07-27 11:19:00,605.69000,605.84998,605.305,605.45502,15096
2026-07-27 11:18:00,605,605.69000,604.61139,605.58197,11665
2026-07-27 11:17:00,605.40002,605.48999,604.77002,604.96997,18744
2026-07-27 11:16:00,605.25,605.48999,605.049988,605.26501,18294
2026-07-27 11:15:00,605.84998,605.99,605.13049,605.13049,20626
2026-07-27 11:14:00,605.82001,606.19000,605.70001,605.85498,11935
2026-07-27 11:13:00,605.84003,606.31708,605.58002,605.75500,19673
2026-07-27 11:12:00,606.020020,606.48798,605.75,605.81000,24005
2026-07-27 11:11:00,606.044983,606.40002,606.00012207,606.090027,12826
2026-07-27 11:10:00,605.94000,606.59998,605.94000,606.15997,16476
2026-07-27 11:09:00,606.28998,606.52002,605.94000,605.94000,19152
2026-07-27 11:08:00,606.19000,606.28,605.85999,606.14502,18775
2026-07-27 11:07:00,606.044983,606.46,605.77002,606.29498,18711
2026-07-27 11:06:00,606.34003,606.95001,606,606.044983,111697
2026-07-27 11:05:00,605.34998,606.47998,605.23,606.25,31457
2026-07-27 11:04:00,604.35999,605.40002,604.22998,605.38000,24298
2026-07-27 11:03:00,604.10999,604.5,604.039978,604.35999,20448
2026-07-27 11:02:00,603.98999,604.37000,603.80060,604.099976,22494
2026-07-27 11:01:00,602.92010,604,602.90002,603.89001,15724
2026-07-27 11:00:00,603.090027,603.20001,602.31000,603.20001,15163
2026-07-27 10:59:00,602.53003,603.28998,602.21008,603.067322,17435
2026-07-27 10:58:00,600.79480,602.53003,600.79480,602.45001,16147
2026-07-27 10:57:00,601.84998,601.84998,600.46997,600.78003,23167
2026-07-27 10:56:00,601.13501,601.77502,601.030029,601.66498,16719
2026-07-27 10:55:00,601.070007,601.45,600.89,600.94000,13632
2026-07-27 10:54:00,601.10999,601.42999,600.82300,601.030029,23594
2026-07-27 10:53:00,601.60999,601.96002,600.75,601.10999,53651
2026-07-27 10:52:00,600.96503,601.75452,600.67999,601.54999,15032
2026-07-27 10:51:00,600.96002,601.20990,600.62000,600.96997,16171
2026-07-27 10:50:00,600.21997,601.15002,600.020020,600.90002,46440
2026-07-27 10:49:00,599.72998,600.5,599.72998,600.27502,18168
2026-07-27 10:48:00,600.025024,600.40002,599.45001,599.72998,19773
2026-07-27 10:47:00,600.22498,600.54999,598.97998,600,41168
2026-07-27 10:46:00,600.81543,600.81543,599.64001,600.15997,99630
2026-07-27 10:45:00,600.88000,601.39948,600.34998,600.71997,22809
2026-07-27 10:44:00,601.36499,601.5,600.40002,601,24054
2026-07-27 10:43:00,601.55499,601.90002,600.56000,601.36499,21323
2026-07-27 10:42:00,601.32001,601.84003,601.099976,601.55499,19640
2026-07-27 10:41:00,602.25,602.59003,600.69000,601.26001,51255
2026-07-27 10:40:00,602.84998,603.27991,601.81000,602.25,42016
2026-07-27 10:39:00,602.38000,603.27002,602.21002,602.71002,26513
2026-07-27 10:38:00,602.29498,602.87000,602.090027,602.39099,18084
2026-07-27 10:37:00,602.21002,602.53351,601.56000,602.22998,37981
2026-07-27 10:36:00,603.075012,603.43,602.21997,602.26001,27605
2026-07-27 10:35:00,603.96997,604.14502,602.62000,603.065002,48504
2026-07-27 10:34:00,604.51001,604.72498,603.78,603.98999,54966
2026-07-27 10:33:00,605.31000,605.59998,604.21002,604.73999,37204
2026-07-27 10:32:00,605.63000,605.70001,604.78998,605.16748,29016
2026-07-27 10:31:00,604.96002,605.76001,604.62939,605.47998,27475
2026-07-27 10:30:00,605.20001,605.91522,604.25409,604.73499,41795
2026-07-27 10:29:00,606.53998,606.75,605.020020,605.32501,40029
2026-07-27 10:28:00,607.37000,607.59003,606.38000,606.69000,34971
2026-07-27 10:27:00,607.40503,607.54999,607.12000,607.40503,21513
2026-07-27 10:26:00,608.51001,608.595,607.405,607.40997,25429
2026-07-27 10:25:00,607.84003,608.595,607.65002,608.48999,33005
2026-07-27 10:24:00,607.26001,607.92999,607.10999,607.85999,18114
2026-07-27 10:23:00,608,608.5,607.099976,607.12000,26135
2026-07-27 10:22:00,608.125,608.87000,607.76007,607.99500,19241
2026-07-27 10:21:00,607.59003,608.21252,607.27002,608.125,28052
2026-07-27 10:20:00,608.010010,608.25,607.38,607.60498,19627
2026-07-27 10:19:00,608.26501,609.070007,608.15002,608.27002,49735
2026-07-27 10:18:00,608.68011,608.90002,607.75,608.26501,25865
2026-07-27 10:17:00,608.26001,609.030029,608.020020,608.78998,35987
2026-07-27 10:16:00,608.71997,608.84003,608.15002,608.15997,34456
2026-07-27 10:15:00,609.21503,609.48999,608.42999,608.71997,28484
2026-07-27 10:14:00,609,609.3,608.59003,609.14001,30502
2026-07-27 10:13:00,608.94000,609.25,608.69000,608.79999,37681
2026-07-27 10:12:00,608,609.12000,608,608.94000,31313
2026-07-27 10:11:00,607.65002,608.35999,607.15009,608.13501,70432
2026-07-27 10:10:00,608.33002,608.98993,607.5,607.65997,43531
2026-07-27 10:09:00,609.28003,609.57953,608.22998,608.58002,18771
2026-07-27 10:08:00,608.44440,609.44000,608.41998,609.36511,34988
2026-07-27 10:07:00,607.40002,608.5,607.40002,608.48999,36732
2026-07-27 10:06:00,607.66992,607.92999,607.070007,607.34003,41064
2026-07-27 10:05:00,607.049988,607.98999,606.93,607.53003,23482
2026-07-27 10:04:00,606.60999,607.099976,606.46997,607.049988,19061
2026-07-27 10:03:00,606.45502,606.96997,606.29999,606.61499,21444
2026-07-27 10:02:00,605.78522,606.79999,605.52,606.35999,23657
2026-07-27 10:01:00,606.15002,606.15002,605.010071,605.60999,19978
2026-07-27 10:00:00,605.53003,606.099976,604.59003,605.94000,60373
2026-07-27 09:59:00,606.38000,607.23999,605.58002,605.72998,28338
2026-07-27 09:58:00,607.049988,607.59003,606.38013,606.58502,28756
2026-07-27 09:57:00,607.96002,608.21997,607.02,607.14502,31778
2026-07-27 09:56:00,607.57452,608.73999,607.57452,607.90503,37813
2026-07-27 09:55:00,606.97638,607.69000,606.87000,607.53003,23536
2026-07-27 09:54:00,606.71997,607.37000,606.48499,606.83002,16361
2026-07-27 09:53:00,607.20001,607.5,606.56000,606.94000,16945
2026-07-27 09:52:00,607.20148,607.44000,605.36,607.20001,81322
2026-07-27 09:51:00,605.94000,607.45001,605.71472,607.44000,39835
2026-07-27 09:50:00,605.45001,606.12000,604.97998,605.91998,16164
2026-07-27 09:49:00,606.049988,606.5,605.29498,605.51001,30694
2026-07-27 09:48:00,605.27002,606.52002,605,605.87000,55463
2026-07-27 09:47:00,603.66998,605.34003,603.38000,605.059998,29189
2026-07-27 09:46:00,604.70001,604.79999,603.21002,603.71802,26786
2026-07-27 09:45:00,603.91998,605.34998,603.33002,604.66998,42163
2026-07-27 09:44:00,604.52002,604.79999,603.020020,603.34998,34162
2026-07-27 09:43:00,603.62000,604.90991,603.42010,604.53003,21900
2026-07-27 09:42:00,602.049988,604.22498,601.67999,603.59998,39492
2026-07-27 09:41:00,604.46997,604.78998,601.67999,601.81000,40729
2026-07-27 09:40:00,603.96002,604.95001,603.95001,604.46997,28185
2026-07-27 09:39:00,605.66998,605.89001,603.96997,604.025024,24062
2026-07-27 09:38:00,606.099976,606.71997,605.25,605.41998,27025
2026-07-27 09:37:00,605.028992,606.01,604.76001,605.78748,22029
2026-07-27 09:36:00,605.16577,605.17999,604,604.82001,29451
2026-07-27 09:35:00,603.28003,605.94501,602.53003,605.17999,49626
2026-07-27 09:34:00,602.15503,603.37000,601.58002,602.98999,33180
2026-07-27 09:33:00,604.78003,605.080017,601.57001,602.29999,25057
2026-07-27 09:32:00,602.30499,604.78003,600.17999,603.98981,58384
2026-07-27 09:31:00,604.020020,604.71002,601.12000,602.31500,57051
2026-07-27 09:30:00,607.21997,611.26001,603.52002,603.52002,507698
2026-07-24 15:59:00,595.19000,595.36,594.88000,595.20001,303076
2026-07-24 15:58:00,594.98999,595.31000,594.945,595.20001,128195
2026-07-24 15:57:00,594.90002,595.60999,594.59998,595.015015,143305
2026-07-24 15:56:00,595.34497,595.5,594.80011,594.97498,129843
2026-07-24 15:55:00,596.78998,596.81000,595,595.35999,169543
2026-07-24 15:54:00,596.22998,596.93988,596.10010,596.70001,81388
2026-07-24 15:53:00,596.59998,596.72998,596.155,596.22498,53250
2026-07-24 15:52:00,596.41498,596.81,596.31000,596.69501,44504
2026-07-24 15:51:00,596.11499,596.94000,596.08,596.42999,49319
2026-07-24 15:50:00,597.90002,597.94,596,596.049988,64822
2026-07-24 15:49:00,597.71997,597.87,597.5,597.83002,37078
2026-07-24 15:48:00,597.61499,598.13000,597.57,597.78998,34982
2026-07-24 15:47:00,597.67999,597.75,597.25,597.61499,40760
2026-07-24 15:46:00,598.25,598.25,597.42499,597.5,55848
2026-07-24 15:45:00,599.15997,599.28003,598.099976,598.099976,47212
2026-07-24 15:44:00,599.13000,599.41791,598.87000,599.14001,21555
2026-07-24 15:43:00,599.22998,599.78998,598.91998,599.13000,36617
2026-07-24 15:42:00,599.14502,599.52,599,599.14001,24598
2026-07-24 15:41:00,599.92999,600.01,598.78003,599.125,62306
2026-07-24 15:40:00,600.84003,601.17,599.885,599.98499,51822
2026-07-24 15:39:00,600.65601,601.059998,600.65601,600.93500,33761
2026-07-24 15:38:00,600.57001,600.75,600.29999,600.68500,10656
2026-07-24 15:37:00,600.46002,600.81000,600.35,600.44623,11317
2026-07-24 15:36:00,600.59003,600.78003,600.28497,600.35498,10941
2026-07-24 15:35:00,600.5,601.17999,600.22998,600.58588,31939
2026-07-24 15:34:00,600.15997,600.76001,600.15997,600.59998,15135
2026-07-24 15:33:00,600.21997,600.5,599.93,600.15997,23571
2026-07-24 15:32:00,599.94501,600.29999,599.89001,600.17999,25173
2026-07-24 15:31:00,599.71002,599.91998,599.40002,599.85352,19951
2026-07-24 15:30:00,600.054993,600.19000,599.45001,599.71002,29773
2026-07-24 15:29:00,600.24500,600.24500,599.89001,600.054993,20967
2026-07-24 15:28:00,600.19501,600.32990,600.09,600.32990,12540
2026-07-24 15:27:00,600.34583,600.5,600.21,600.28003,8564
2026-07-24 15:26:00,600.28003,600.44000,600.14001,600.34009,13451
2026-07-24 15:25:00,600.65002,600.82001,600.28003,600.36700,15097
2026-07-24 15:24:00,600.89502,600.94989,600.395,600.62000,11934
2026-07-24 15:23:00,600.66998,601,600.56000,600.89502,8055
2026-07-24 15:22:00,601.20001,601.29999,600.66998,600.76501,13431
2026-07-24 15:21:00,600.84003,601.28003,600.82001,601.23499,17277
2026-07-24 15:20:00,600.66998,600.94000,600.47998,600.82001,9364
2026-07-24 15:19:00,600.53003,600.65002,600.059998,600.64001,35026
2026-07-24 15:18:00,600.47760,600.75,600.39001,600.46997,17741
2026-07-24 15:17:00,600.60498,600.72931,600.32001,600.42999,27371
2026-07-24 15:16:00,600.85999,601.010010,600.52,600.60999,12964
2026-07-24 15:15:00,600.64001,601.20001,600.5,601.020020,12075
2026-07-24 15:14:00,601.065002,601.065002,600.58008,600.69000,27563
2026-07-24 15:13:00,601.14502,601.26001,600.92010,601.059998,12660
2026-07-24 15:12:00,601.030029,601.33002,600.91998,601.14502,11172
2026-07-24 15:11:00,600.98999,601.12,600.76001,600.88013,14146
2026-07-24 15:10:00,601.0090942,601.14990,600.65002,600.96997,18345
2026-07-24 15:09:00,600.40649,601.080017,600.35,600.85132,14744
2026-07-24 15:08:00,600.21002,600.65002,600.10999,600.33002,24822
2026-07-24 15:07:00,600.62000,600.70001,600.135,600.15997,22408
2026-07-24 15:06:00,600.79498,600.8,600.41,600.53998,17349
2026-07-24 15:05:00,600.60999,600.88312,600.47998,600.79498,14791
2026-07-24 15:04:00,600.62250,600.78998,600.39008,600.60999,14542
2026-07-24 15:03:00,600.69000,600.875,600.49011,600.53003,10682
2026-07-24 15:02:00,600.84003,601.090027,600.49,600.57751,18883
2026-07-24 15:01:00,600.60797,600.95990,600.40332,600.72998,24455
2026-07-24 15:00:00,599.88501,600.65002,599.76001,600.64001,26581
2026-07-24 14:59:00,600.090027,600.5,599.85,599.96002,25654
2026-07-24 14:58:00,599.89319,600.14001,599.89319,600.030029,8270
2026-07-24 14:57:00,599.89001,600.070007,599.78009,599.81000,14001
2026-07-24 14:56:00,599.54498,599.90002,599.40002,599.90002,12375
2026-07-24 14:55:00,599.39001,599.66998,599.34998,599.55499,11391
2026-07-24 14:54:00,599.50500,599.84998,599.28003,599.39001,18979
2026-07-24 14:53:00,599.89337,599.98999,599.40002,599.53003,12598
2026-07-24 14:52:00,599.58002,599.91998,599.17999,599.86499,44053
2026-07-24 14:51:00,599.71002,599.82990,599.48999,599.59003,13170
2026-07-24 14:50:00,599.65002,599.98999,599.54999,599.60999,15441
2026-07-24 14:49:00,599.75,600,599.64001,599.67999,11221
2026-07-24 14:48:00,599.625,600.049988,599.52,599.77002,13783
2026-07-24 14:47:00,599.61499,599.67999,599.059998,599.65503,16701
2026-07-24 14:46:00,599.20001,599.82001,599.059998,599.60999,23506
2026-07-24 14:45:00,599.65997,599.84003,599.19000,599.19000,15004
2026-07-24 14:44:00,600,600.080017,599.65002,599.75,14086
2026-07-24 14:43:00,600.15997,600.22998,599.88000,600.020020,9927
2026-07-24 14:42:00,600.010010,600.39990,599.83002,600.075012,17832
2026-07-24 14:41:00,600.28003,600.37000,599.95502,600.059998,10639
2026-07-24 14:40:00,600.077271,600.39502,599.92749,600.20001,9053
2026-07-24 14:39:00,600.21997,600.32001,599.54999,599.92999,20824
2026-07-24 14:38:00,599.83502,600.33002,599.72998,600.20050,27992
2026-07-24 14:37:00,600.26001,600.32001,599.51001,599.83002,22516
2026-07-24 14:36:00,599.51001,600.86499,599.5,600.19751,43039
2026-07-24 14:35:00,600.5,600.5,599.29999,599.51001,31099
2026-07-24 14:34:00,600.32001,600.53998,599.90002,600.37000,30280
2026-07-24 14:33:00,601.13000,601.21002,600.010071,600.25372,35251
2026-07-24 14:32:00,601.63000,601.81897,601.10999,601.22839,17260
2026-07-24 14:31:00,601.45502,601.73499,601.29,601.58002,16750
2026-07-24 14:30:00,601.52002,601.65002,601.25,601.50500,19990
2026-07-24 14:29:00,601.89752,602.23999,601.47998,601.47998,29006
2026-07-24 14:28:00,601.90997,602.24,601.82098,602.039490,8716
2026-07-24 14:27:00,602.030029,602.23999,601.83002,602,9472
2026-07-24 14:26:00,602.21002,602.35498,602.010010,602.010010,30573
2026-07-24 14:25:00,602.20502,602.28998,601.79999,602.11499,9678
2026-07-24 14:24:00,601.84998,602.625,601.84497,602.20502,18488
2026-07-24 14:23:00,601.66010,601.90997,601.62000,601.84998,7292
2026-07-24 14:22:00,602.13000,602.27002,601.45,601.88000,30914
2026-07-24 14:21:00,602.054993,602.13000,601.90002,602.13000,13940
2026-07-24 14:20:00,602.40002,602.40002,602.010010,602.010010,9114
2026-07-24 14:19:00,602.25,602.49988,602.19733,602.28003,6923
2026-07-24 14:18:00,602.77002,602.96997,601.92999,602.22498,21519
2026-07-24 14:17:00,602.70001,602.96997,602.46002,602.77002,11668
2026-07-24 14:16:00,602.17999,602.78998,602.13,602.66998,18098
2026-07-24 14:15:00,602.075012,602.27002,601.92999,602.14001,13395
2026-07-24 14:14:00,601.85107,602.18939,601.72009,601.96008,12723
2026-07-24 14:13:00,602.10999,602.19000,601.90997,601.93500,10728
2026-07-24 14:12:00,601.89001,602.20001,601.89001,602.11499,8421
2026-07-24 14:11:00,601.85260,601.99988,601.78998,601.89001,4330
2026-07-24 14:10:00,601.97998,602.12,601.83,601.90002,8691
2026-07-24 14:09:00,602.27002,602.41998,602.020020,602.080017,6869
2026-07-24 14:08:00,602.020081,602.40997,602.020081,602.28003,8411
2026-07-24 14:07:00,601.85999,602.20001,601.83002,602.10999,9727
2026-07-24 14:06:00,601.59003,601.84998,601.46997,601.78998,19808
2026-07-24 14:05:00,601.50708,601.64001,601.34998,601.50500,7559
2026-07-24 14:04:00,601.17999,601.47229,601.13000,601.47229,7626
2026-07-24 14:03:00,601.48993,601.48999,601.099976,601.21002,11795
2026-07-24 14:02:00,601.65997,601.725,601.27008,601.37000,21343
2026-07-24 14:01:00,601.94861,602.14001,601.64001,601.65002,8024
2026-07-24 14:00:00,601.71997,602.059998,601.70001,601.94000,10485
2026-07-24 13:59:00,601.42499,601.88000,601.32001,601.83502,9429
2026-07-24 13:58:00,601.40997,601.58002,601.29999,601.31000,5648
2026-07-24 13:57:00,601.42999,601.49,601.26001,601.31000,5566
2026-07-24 13:56:00,601.44000,601.63000,601.32,601.49500,9903
2026-07-24 13:55:00,601.52002,601.58002,601.3,601.31500,7046
2026-07-24 13:54:00,601.17499,601.58002,601.17499,601.45001,6613
2026-07-24 13:53:00,601.15002,601.19989,601,601.10999,7876
2026-07-24 13:52:00,601.26501,601.44000,601.020020,601.14001,9645
2026-07-24 13:51:00,601.69501,601.86499,601.070007,601.17999,11994
2026-07-24 13:50:00,601.76001,601.78998,601.45001,601.54999,12744
2026-07-24 13:49:00,601.5,601.83,601.5,601.79999,6821
2026-07-24 13:48:00,601.64502,601.73999,601.29999,601.58667,8659
2026-07-24 13:47:00,602.010010,602.010010,601.46002,601.72998,11074
2026-07-24 13:46:00,601.66998,602.099976,601.59009,602.010010,8937
2026-07-24 13:45:00,601.40503,601.71002,601.31000,601.58972,13968
2026-07-24 13:44:00,601.15997,601.40997,601.071594,601.39001,9780
2026-07-24 13:43:00,601.42499,601.53003,601.059998,601.12939,7199
2026-07-24 13:42:00,600.66998,601.5,600.46997,601.33002,21542
2026-07-24 13:41:00,600.27002,600.79999,599.13000,600.79999,137683
2026-07-24 13:40:00,601.35498,601.35498,600.12000,600.15997,30692
2026-07-24 13:39:00,601.78497,602.070007,601.22998,601.32001,46056
2026-07-24 13:38:00,602.42999,602.42999,601.70001,601.70001,27242
2026-07-24 13:37:00,603.034973,603.034973,602.34003,602.42999,10397
2026-07-24 13:36:00,603.52002,603.57001,602.84998,603.0064087,12484
2026-07-24 13:35:00,603.40997,603.70001,603.39203,603.40997,6377
2026-07-24 13:34:00,603.5,603.6,603.14,603.40503,10797
2026-07-24 13:33:00,603.40002,603.78003,603.4,603.59998,8952
2026-07-24 13:32:00,603.070007,603.42,602.90070,603.39001,11093
2026-07-24 13:31:00,603.080017,603.29999,602.88000,603.090027,14922
2026-07-24 13:30:00,603,603.099976,602.62012,602.91498,12095
2026-07-24 13:29:00,602.72498,602.98999,602.60999,602.98999,10430
2026-07-24 13:28:00,602.79498,602.96997,602.64,602.78003,7917
2026-07-24 13:27:00,602.78003,603.090027,602.77002,602.79498,12127
2026-07-24 13:26:00,602.84003,602.84003,602.53003,602.84003,5005
2026-07-24 13:25:00,602.47998,602.72998,602.29010,602.63000,12056
2026-07-24 13:24:00,602.31500,602.51001,602.20502,602.51001,13736
2026-07-24 13:23:00,602.48499,602.48499,602.090088,602.30499,7657
2026-07-24 13:22:00,602.87000,602.925,602.070007,602.41998,12744
2026-07-24 13:21:00,602.97498,603.18,602.82,602.90002,8493
2026-07-24 13:20:00,602.90002,603.125,602.82001,602.97498,10554
2026-07-24 13:19:00,603.020020,603.12,602.85999,602.97498,6168
2026-07-24 13:18:00,602.98248,603.11169,602.85999,603.020020,4754
2026-07-24 13:17:00,602.92657,603.12000,602.81000,602.85999,8488
2026-07-24 13:16:00,603.010010,603.11951,602.40997,602.84003,11368
2026-07-24 13:15:00,602.91998,603.22498,602.81000,603.19501,6041
2026-07-24 13:14:00,602.90997,603.18,602.69,603.010010,7694
2026-07-24 13:13:00,602.71002,602.97,602.66998,602.79999,6856
2026-07-24 13:12:00,602.39001,602.85999,602.39001,602.69391,5661
2026-07-24 13:11:00,602.39001,602.92780,602.33002,602.54999,7231
2026-07-24 13:10:00,602.010010,602.56439,601.95,602.39001,10890
2026-07-24 13:09:00,602.32001,602.39990,601.84003,602.039978,13939
2026-07-24 13:08:00,602.26001,602.83948,601.76727,602.47992,15742
2026-07-24 13:07:00,603.53998,603.54,602.049988,602.48499,30991
2026-07-24 13:06:00,602.35999,604.90997,601.030029,603.53998,128274
2026-07-24 13:05:00,601.89502,602.40973,601.79572,602.24579,13478
2026-07-24 13:04:00,601.55499,601.90997,601.55499,601.89001,9366
2026-07-24 13:03:00,601.78998,601.87000,601.33063,601.66998,12341
2026-07-24 13:02:00,602.33002,602.34,601.40002,601.63000,15844
2026-07-24 13:01:00,601.28497,602.71002,601.28003,602.53998,32465
2026-07-24 13:00:00,600.66998,601.45001,600.60248,601.33002,19313
2026-07-24 12:59:00,601.21997,601.22,600.56000,600.56000,15395
2026-07-24 12:58:00,601.17999,601.38000,601.13000,601.13000,9979
2026-07-24 12:57:00,601.35999,601.46002,601,601.22998,8889
2026-07-24 12:56:00,601.56000,601.64001,601.34998,601.45502,14154
2026-07-24 12:55:00,601.91498,601.91498,601.42249,601.53998,13939
2026-07-24 12:54:00,601.54999,602.13000,601.46008,601.69012,18622
2026-07-24 12:53:00,601.47998,601.64001,601.27502,601.59998,21435
2026-07-24 12:52:00,601.69501,601.79999,601.46002,601.47498,17915
2026-07-24 12:51:00,600.28247,601.85,600.25,601.69501,72679
2026-07-24 12:50:00,600.71002,600.71002,600.23999,600.33002,19872
2026-07-24 12:49:00,600.72998,600.77582,600.07,600.71002,19512
2026-07-24 12:48:00,600.91998,601.03,600.54999,600.76001,24741
2026-07-24 12:47:00,601.48999,601.55,600.52002,600.91998,18580
2026-07-24 12:46:00,602.14001,602.17999,601.54999,601.55298,15166
2026-07-24 12:45:00,601.91498,602.42999,601.84009,602.23999,9208
2026-07-24 12:44:00,602.10498,602.23999,601.83002,601.83002,11541
2026-07-24 12:43:00,602.099976,602.16998,601.87622,602.10498,6498
2026-07-24 12:42:00,601.81873,602.15002,601.33002,602.090027,26244
2026-07-24 12:41:00,602.17999,602.77002,601.69,601.75,19304
2026-07-24 12:40:00,602.22998,602.61987,602.099976,602.32001,8891
2026-07-24 12:39:00,603.26001,603.35449,602.24011,602.56000,7801
2026-07-24 12:38:00,603.42493,604,603.12000,603.25,37548
2026-07-24 12:37:00,602.5,603.45502,602.41998,603.45502,11517
2026-07-24 12:36:00,602.32001,602.55499,602.23999,602.55499,6496
2026-07-24 12:35:00,602.46008,602.75,602.26001,602.41498,9872
2026-07-24 12:34:00,601.89252,602.39893,601.76001,602.31000,34928
2026-07-24 12:33:00,602.31500,602.31500,601.75012,601.93500,21267
2026-07-24 12:32:00,602.37073,602.625,602.10999,602.31500,20751
2026-07-24 12:31:00,602.64502,602.84003,602.37000,602.51501,10922
2026-07-24 12:30:00,603.059998,603.17499,602.35999,602.42999,32480
2026-07-24 12:29:00,603.59003,604,603.070007,603.15503,15135
2026-07-24 12:28:00,604.010010,604.010010,603.58002,603.66998,15741
2026-07-24 12:27:00,603.83502,604.21997,603.835,604.039978,12451
2026-07-24 12:26:00,604,604.12000,603.59998,603.86548,24172
2026-07-24 12:25:00,603.79590,603.99,603.66998,603.88501,15315
2026-07-24 12:24:00,603.62000,603.84998,603.56000,603.76501,9719
2026-07-24 12:23:00,603.72247,603.72998,603.53,603.63171,7951
2026-07-24 12:22:00,603.34003,603.73999,603.27,603.72498,4635
2026-07-24 12:21:00,603.29498,603.59998,603.175,603.28003,8420
2026-07-24 12:20:00,603.37000,603.48999,603.15002,603.28003,11424
2026-07-24 12:19:00,603.72998,603.955,603.18347,603.18347,16812
2026-07-24 12:18:00,603.53009,603.94989,603.53,603.82001,9003
2026-07-24 12:17:00,603.64001,603.83002,603.475,603.53003,14476
2026-07-24 12:16:00,603.22498,603.75,603.10999,603.62378,22031
2026-07-24 12:15:00,603.56000,603.77002,603.020020,603.20001,17393
2026-07-24 12:14:00,603.51001,603.78003,603.09,603.78003,23072
2026-07-24 12:13:00,603.85999,604.020020,603.51007,603.52002,17322
2026-07-24 12:12:00,603.67999,603.88,603.39001,603.86499,13664
2026-07-24 12:11:00,603.94391,604.049988,603.60999,603.68500,14606
2026-07-24 12:10:00,603.90002,604.12000,603.66998,603.84003,59229
2026-07-24 12:09:00,604.85999,605.080017,603.59998,603.77649,18700
2026-07-24 12:08:00,605.25,605.25,604.87000,604.94000,6692
2026-07-24 12:07:00,605.099976,605.18030,604.90002,605.094971,7608
2026-07-24 12:06:00,605.13000,605.26001,604.71002,605.099976,12768
2026-07-24 12:05:00,605.25,605.4,604.89001,605.010010,17496
2026-07-24 12:04:00,604.94000,605.45001,604.81000,605.26001,13005
2026-07-24 12:03:00,605.32001,605.32990,604.89001,604.94000,8371
2026-07-24 12:02:00,605.31000,605.67,605.22,605.40460,43414
2026-07-24 12:01:00,605.51001,605.59,605.195,605.46997,8685
2026-07-24 12:00:00,605.53003,605.98999,605.23999,605.74500,12720
2026-07-24 11:59:00,604.94000,605.69379,604.89001,605.63000,24483
2026-07-24 11:58:00,605.26501,605.26501,604.76001,604.97998,10526
2026-07-24 11:57:00,605.36499,605.73999,605,605.26501,15686
2026-07-24 11:56:00,606.028015,606.21002,604.83,605.44000,42590
2026-07-24 11:55:00,606.57013,606.78,605.91998,605.91998,8885
2026-07-24 11:54:00,606.95001,607.22998,606.32001,606.35999,15070
2026-07-24 11:53:00,607.059998,607.23999,606.65002,606.94000,141923
2026-07-24 11:52:00,607.35498,607.5,606.84998,607.059998,12792
2026-07-24 11:51:00,608.065002,608.2,607.27002,607.35498,143706
2026-07-24 11:50:00,606.87000,608.34998,606.87000,608.030029,23442
2026-07-24 11:49:00,607.27002,607.44000,606.60999,606.72498,7181
2026-07-24 11:48:00,607.16510,607.44000,607,607.34003,11878
2026-07-24 11:47:00,607.59003,607.79999,607,607.17249,60220
2026-07-24 11:46:00,607.60498,607.87000,607.43500,607.53461,7560
2026-07-24 11:45:00,608.070007,608.1,607.29999,607.60498,11157
2026-07-24 11:44:00,608.045105,608.17999,607.77100,607.96503,10752
2026-07-24 11:43:00,609.030029,609.21002,607.90002,608.044983,17190
2026-07-24 11:42:00,609.039978,609.37988,608.33008,609.010010,15015
2026-07-24 11:41:00,609.39001,609.63000,608.81000,609.054993,11408
2026-07-24 11:40:00,609.62000,609.91620,609.41998,609.58002,10956
2026-07-24 11:39:00,609.57001,609.69,609.33002,609.42908,5558
2026-07-24 11:38:00,609.099976,609.53,608.85999,609.46228,8772
2026-07-24 11:37:00,609.56000,609.62000,609.049988,609.16998,17417
2026-07-24 11:36:00,608.70001,609.55450,608.60999,609.50500,16840
2026-07-24 11:35:00,608.89502,609.049988,608.63501,608.70001,12105
2026-07-24 11:34:00,609.15698,609.43762,608.76147,608.875,10360
2026-07-24 11:33:00,609.19000,609.5,609.13000,609.22998,8033
2026-07-24 11:32:00,609.65997,609.83002,609.26001,609.28003,12909
2026-07-24 11:31:00,609.56989,609.97998,609.42999,609.81500,18403
2026-07-24 11:30:00,608.75500,609.57001,608.75500,609.57001,13078
2026-07-24 11:29:00,609.030518,609.38000,608.73,608.76001,23560
2026-07-24 11:28:00,608.66998,609.38000,608.66998,609.11499,19829
2026-07-24 11:27:00,608.14001,608.84998,608.14001,608.73999,25458
2026-07-24 11:26:00,607.68250,608.27002,607.46997,608.15503,18198
2026-07-24 11:25:00,607.82501,607.89,607.27002,607.60040,13702
2026-07-24 11:24:00,607.58002,608.25,607.23999,607.46997,12899
2026-07-24 11:23:00,607.42499,607.96997,607.42499,607.71997,11699
2026-07-24 11:22:00,607.17999,607.55,606.85,607.41998,24321
2026-07-24 11:21:00,607.010010,607.15997,606.51001,607.15997,10479
2026-07-24 11:20:00,607.090027,607.85999,606.88,606.88000,17346
2026-07-24 11:19:00,607.40002,607.56677,606.71002,607.23999,14454
2026-07-24 11:18:00,607.78998,608.29999,607.15503,607.54999,11630
2026-07-24 11:17:00,607.59998,608.19000,607.35498,607.78998,15796
2026-07-24 11:16:00,607.96997,608.65002,607.12000,607.59497,34822
2026-07-24 11:15:00,607.059998,608.22998,607,608.22998,22746
2026-07-24 11:14:00,606.77002,607.90002,606.67999,607.28998,20051
2026-07-24 11:13:00,606.53003,606.78497,606.21997,606.77002,10412
2026-07-24 11:12:00,607.14001,607.45990,606.46722,606.46722,10166
2026-07-24 11:11:00,606.80841,607.71002,606.70001,606.94000,54175
2026-07-24 11:10:00,605.59998,606.90002,605.46002,606.57001,17356
2026-07-24 11:09:00,606.46997,606.92999,605.46,605.79950,8178
2026-07-24 11:08:00,606.16608,607.075012,606,606.30499,17472
2026-07-24 11:07:00,606.29999,606.41,605.89008,606.15997,10420
2026-07-24 11:06:00,605.95001,606.365,605.90002,606.29999,12266
2026-07-24 11:05:00,606.35498,606.54,605.99500,605.99500,12730
2026-07-24 11:04:00,606.77502,606.92999,606.16998,606.28003,13196
2026-07-24 11:03:00,606.77002,606.95001,606.29999,606.95001,15510
2026-07-24 11:02:00,607.21997,607.40002,606.75,606.79248,44121
2026-07-24 11:01:00,608.12000,608.12000,607.10999,607.21997,32717
2026-07-24 11:00:00,606.97998,608.12000,606.86,607.97998,29526
2026-07-24 10:59:00,606.35999,606.83502,606.010010,606.83502,24123
2026-07-24 10:58:00,606.28003,606.53,605.89,606.27502,18701
2026-07-24 10:57:00,605.70001,606.375,605.65997,606.094971,17344
2026-07-24 10:56:00,605.60382,605.71002,605.15997,605.53003,17266
2026-07-24 10:55:00,604.91998,605.64990,604.84003,605.53387,15435
2026-07-24 10:54:00,605.28998,605.46997,604.70007,605,12353
2026-07-24 10:53:00,604.99902,605.60999,604.53998,605.28497,23352
2026-07-24 10:52:00,605.26001,605.38000,604.69012,604.81000,10058
2026-07-24 10:51:00,604.76001,605.54999,604.75,605.34497,16902
2026-07-24 10:50:00,604.98999,605.51501,604.71002,604.98999,17706
2026-07-24 10:49:00,604.27002,604.56000,603.78998,604.56000,7338
2026-07-24 10:48:00,604.84998,604.96002,603.94000,603.94000,10845
2026-07-24 10:47:00,605.51001,605.51501,604.47998,604.71997,11063
2026-07-24 10:46:00,604.55499,605.59,604.225,605.55499,20206
2026-07-24 10:45:00,604.34998,604.97998,604.29999,604.54999,10687
2026-07-24 10:44:00,604.84003,605.020020,604,604.60309,13704
2026-07-24 10:43:00,605.085022,605.125,604.69000,604.85498,25356
2026-07-24 10:42:00,604.90997,605.26001,604.67999,605.030029,13122
2026-07-24 10:41:00,605.047974,605.10858,604.60919,604.95990,11572
2026-07-24 10:40:00,605.14001,605.31000,604.70502,605,16779
