timestamp,Open,High,Low,Close,Volume
2026-08-11 15:59:00,332.89999,332.92001,330,332.76999,351202
2026-08-11 15:58:00,332.51999,332.89999,332.39999,332.89001,190194
2026-08-11 15:57:00,332.39001,332.64001,332.27,332.47000,101455
2026-08-11 15:56:00,332.56000,332.63000,332.35999,332.35999,79163
2026-08-11 15:55:00,332.42001,332.85001,332.41,332.57999,124256
2026-08-11 15:54:00,332.079987,332.46,332.029999,332.45999,79892
2026-08-11 15:53:00,331.88000,332.14999,331.88000,332.059998,52402
2026-08-11 15:52:00,331.92999,331.99500,331.89,331.89499,38674
2026-08-11 15:51:00,332.031586,332.10001,331.92,331.92999,31091
2026-08-11 15:50:00,332.040009,332.079895,331.73001,332.070007,53406
2026-08-11 15:49:00,331.89001,332.029999,331.87961,331.99500,22426
2026-08-11 15:48:00,331.70200,331.92001,331.67999,331.89999,43622
2026-08-11 15:47:00,331.82501,331.84299,331.57999,331.73001,36849
2026-08-11 15:46:00,331.81000,331.89001,331.64999,331.82999,27772
2026-08-11 15:45:00,332.28000,332.3,331.765,331.80499,48312
2026-08-11 15:44:00,332.35001,332.4,332.20001,332.26999,24024
2026-08-11 15:43:00,332.38501,332.45749,332.29999,332.37000,24008
2026-08-11 15:42:00,332.63000,332.67999,332.39001,332.39001,53675
2026-08-11 15:41:00,332.51999,332.66000,332.45010,332.64999,46418
2026-08-11 15:40:00,332.95999,333,332.43,332.54001,85743
2026-08-11 15:39:00,332.79999,333.034790,332.765,332.97000,81398
2026-08-11 15:38:00,332.64999,332.84000,332.64001,332.79999,24449
2026-08-11 15:37:00,332.54999,332.67999,332.53000,332.67001,28724
2026-08-11 15:36:00,332.54761,332.56000,332.42999,332.54999,32501
2026-08-11 15:35:00,332.73001,332.78000,332.5,332.55499,40032
2026-08-11 15:34:00,332.53000,332.73001,332.5,332.73001,36454
2026-08-11 15:33:00,332.45999,332.59000,332.42999,332.45999,29411
2026-08-11 15:32:00,332.19000,332.76001,332.17999,332.51999,69170
2026-08-11 15:31:00,332.089905,332.23669,332.040009,332.21500,30878
2026-08-11 15:30:00,331.94501,332.19501,331.94501,332.070007,31435
2026-08-11 15:29:00,332.39001,332.41000,331.91000,331.94501,37265
2026-08-11 15:28:00,332.39001,332.42810,332.29999,332.41000,15568
2026-08-11 15:27:00,332.32999,332.60001,332.26999,332.39999,26119
2026-08-11 15:26:00,332.17001,332.31500,332.16,332.31500,16045
2026-08-11 15:25:00,332.37000,332.39001,332.13000,332.19501,24459
2026-08-11 15:24:00,332.32999,332.44000,332.32999,332.37000,23110
2026-08-11 15:23:00,332.38931,332.47989,332.29999,332.32001,19700
2026-08-11 15:22:00,332.45499,332.51999,332.29001,332.35001,29404
2026-08-11 15:21:00,332.48499,332.5,332.32999,332.45499,19566
2026-08-11 15:20:00,332.39001,332.54999,332.39001,332.48499,36675
2026-08-11 15:19:00,332.39001,332.42001,332.22000,332.34500,29585
2026-08-11 15:18:00,332.33121,332.45999,332.26999,332.35001,19072
2026-08-11 15:17:00,332.29001,332.39999,332.25,332.32999,20111
2026-08-11 15:16:00,332.20999,332.38000,332.18701,332.30121,17536
2026-08-11 15:15:00,332.31500,332.32001,332.10101,332.20999,17512
2026-08-11 15:14:00,332.25,332.35999,332.17599,332.23010,27228
2026-08-11 15:13:00,331.73349,332.28821,331.70999,332.25,43052
2026-08-11 15:12:00,331.75,331.87000,331.73001,331.75,19567
2026-08-11 15:11:00,331.67999,331.79001,331.66000,331.75,29064
2026-08-11 15:10:00,331.66000,331.81,331.56000,331.66010,32443
2026-08-11 15:09:00,331.61499,331.69000,331.54,331.66000,17494
2026-08-11 15:08:00,331.57990,331.82999,331.51999,331.62000,28735
2026-08-11 15:07:00,331.76001,331.76001,331.51999,331.54001,29404
2026-08-11 15:06:00,332.12009,332.17001,331.76001,331.78000,63080
2026-08-11 15:05:00,332.41000,332.45001,332.12000,332.12000,31158
2026-08-11 15:04:00,332.16501,332.45001,332.14,332.39001,76234
2026-08-11 15:03:00,332.079193,332.20999,332.079193,332.17841,24940
2026-08-11 15:02:00,331.96500,332.10001,331.96,332.054993,14054
2026-08-11 15:01:00,332.049988,332.14999,331.92999,331.96500,17795
2026-08-11 15:00:00,332.049896,332.21,331.97101,332.049988,45878
2026-08-11 14:59:00,331.97000,332.17001,331.935,332.019989,52767
2026-08-11 14:58:00,331.92001,331.97000,331.89999,331.95001,7883
2026-08-11 14:57:00,331.88000,332.010010,331.82001,331.95999,30474
2026-08-11 14:56:00,331.84000,331.91351,331.76,331.88000,16731
2026-08-11 14:55:00,331.85999,331.89001,331.76999,331.82010,13973
2026-08-11 14:54:00,331.89499,331.94000,331.82001,331.84000,24543
2026-08-11 14:53:00,332.010010,332.040009,331.84000,331.88040,13993
2026-08-11 14:52:00,331.96500,332.059906,331.88010,331.98001,34491
2026-08-11 14:51:00,331.96851,332.079987,331.89999,331.95020,20600
2026-08-11 14:50:00,332.075012,332.097412,331.91000,331.95001,21691
2026-08-11 14:49:00,331.83499,332.10001,331.76010,332.061310,25497
2026-08-11 14:48:00,331.72000,331.84991,331.60999,331.84000,16383
2026-08-11 14:47:00,331.70999,331.85001,331.64001,331.71500,22452
2026-08-11 14:46:00,331.67001,331.79001,331.64999,331.73001,22135
2026-08-11 14:45:00,331.47501,331.72000,331.47501,331.67001,29881
2026-08-11 14:44:00,331.60001,331.73001,331.41000,331.46500,39960
2026-08-11 14:43:00,331.29999,331.62,331.22839,331.61331,40234
2026-08-11 14:42:00,330.84000,331.33990,330.79999,331.33990,61275
2026-08-11 14:41:00,331.084991,331.10999,330.81000,330.86880,27278
2026-08-11 14:40:00,331.11499,331.20999,331.029999,331.084991,21194
2026-08-11 14:39:00,331.25,331.29001,331.079987,331.11499,27164
2026-08-11 14:38:00,331.36499,331.39001,331.17001,331.21500,42667
2026-08-11 14:37:00,331.39001,331.64001,331.34000,331.36499,38628
2026-08-11 14:36:00,331.25,331.41,331.23001,331.39999,28785
2026-08-11 14:35:00,331.23001,331.29999,331.20001,331.25,29278
2026-08-11 14:34:00,331.16110,331.32001,331.16010,331.22839,27380
2026-08-11 14:33:00,331.26999,331.32001,331.089996,331.19000,27164
2026-08-11 14:32:00,331.070007,331.32001,330.95010,331.26999,34674
2026-08-11 14:31:00,330.67001,331.10001,330.67001,331.034393,32088
2026-08-11 14:30:00,330.68610,330.84991,330.60501,330.70499,39470
2026-08-11 14:29:00,330.79999,330.96991,330.41000,330.72000,59170
2026-08-11 14:28:00,330.95999,331.099915,330.70001,330.84000,111273
2026-08-11 14:27:00,331.70901,331.73999,330.82999,331,117585
2026-08-11 14:26:00,331.88000,331.94000,331.67001,331.70001,18882
2026-08-11 14:25:00,332.039001,332.049988,331.82999,331.92999,17344
2026-08-11 14:24:00,331.97000,332.040009,331.87000,332.015015,12669
2026-08-11 14:23:00,331.98999,332.059998,331.95,331.97000,13382
2026-08-11 14:22:00,331.96899,332.10001,331.92999,332.019989,11941
2026-08-11 14:21:00,332.19019,332.19019,331.86,331.93500,33441
2026-08-11 14:20:00,332.31500,332.36,332.17139,332.20511,17511
2026-08-11 14:19:00,332.29001,332.44000,332.26001,332.31500,21268
2026-08-11 14:18:00,332.29001,332.29999,332.20001,332.28989,19267
2026-08-11 14:17:00,332.26001,332.37000,332.20010,332.28000,10916
2026-08-11 14:16:00,332.29999,332.30991,332.14001,332.26501,22201
2026-08-11 14:15:00,332.32999,332.52,332.26501,332.28000,34354
2026-08-11 14:14:00,332.20001,332.42001,332.20001,332.32999,22630
2026-08-11 14:13:00,332.20001,332.34830,332.165,332.22000,33268
2026-08-11 14:12:00,331.92001,332.22000,331.92,332.14999,38273
2026-08-11 14:11:00,331.83499,331.92999,331.81339,331.89511,10218
2026-08-11 14:10:00,331.80499,331.85001,331.70999,331.82999,7138
2026-08-11 14:09:00,331.73001,331.88000,331.73001,331.78000,11635
2026-08-11 14:08:00,331.67001,331.75,331.64999,331.73001,12878
2026-08-11 14:07:00,331.60010,331.72000,331.6,331.67001,9192
2026-08-11 14:06:00,331.82501,331.82999,331.57999,331.65500,23120
2026-08-11 14:05:00,331.82501,331.95001,331.73999,331.81451,12299
2026-08-11 14:04:00,331.90991,331.90991,331.70999,331.86771,13711
2026-08-11 14:03:00,331.73999,331.92999,331.72000,331.85001,12767
2026-08-11 14:02:00,331.70059,331.82001,331.70059,331.73499,14112
2026-08-11 14:01:00,331.81000,331.83499,331.70001,331.73001,12681
2026-08-11 14:00:00,331.94501,331.97000,331.76001,331.84500,13536
2026-08-11 13:59:00,331.70999,332.040009,331.67001,331.94000,19952
2026-08-11 13:58:00,331.80499,331.89999,331.70999,331.75,13333
2026-08-11 13:57:00,331.82999,331.87000,331.73999,331.83890,15815
2026-08-11 13:56:00,331.92001,331.92001,331.79999,331.84000,20092
2026-08-11 13:55:00,332,332.08,331.92001,331.92090,21425
2026-08-11 13:54:00,332.070007,332.10001,332,332.061493,15883
2026-08-11 13:53:00,332.010010,332.079895,331.98999,332.049988,14731
2026-08-11 13:52:00,331.92001,332.10989,331.92001,332.061707,11823
2026-08-11 13:51:00,332.070007,332.089996,331.92,331.94501,11989
2026-08-11 13:50:00,331.68500,332.20001,331.68500,332.075012,27193
2026-08-11 13:49:00,331.82001,331.82001,331.63000,331.67130,20110
2026-08-11 13:48:00,331.89001,331.92001,331.78009,331.80499,15867
2026-08-11 13:47:00,331.76999,331.87909,331.73,331.87000,14697
2026-08-11 13:46:00,331.75769,331.88101,331.66321,331.77499,12519
2026-08-11 13:45:00,331.875,331.89001,331.70999,331.78000,14720
2026-08-11 13:44:00,331.89999,331.95859,331.86700,331.89700,14361
2026-08-11 13:43:00,331.92999,332,331.91000,331.92999,11284
2026-08-11 13:42:00,331.73999,332,331.73999,331.93039,21749
2026-08-11 13:41:00,331.68500,331.82639,331.54999,331.80939,19349
2026-08-11 13:40:00,331.59000,331.71,331.53241,331.69809,15393
2026-08-11 13:39:00,331.64999,331.685,331.5,331.59000,22794
2026-08-11 13:38:00,331.79001,331.82999,331.64999,331.65219,18792
2026-08-11 13:37:00,331.875,331.91000,331.70001,331.79001,21512
2026-08-11 13:36:00,331.92001,332,331.85001,331.85999,18103
2026-08-11 13:35:00,331.88000,332.041809,331.85001,331.89999,19511
2026-08-11 13:34:00,331.85291,331.92990,331.82001,331.84000,15477
2026-08-11 13:33:00,331.92001,332.048706,331.83499,331.85999,16705
2026-08-11 13:32:00,331.87061,332.086395,331.85999,331.92001,22826
2026-08-11 13:31:00,332,332.099792,331.87000,331.91000,15175
2026-08-11 13:30:00,331.85999,332.049896,331.82010,331.95999,16300
2026-08-11 13:29:00,331.85080,331.98001,331.81000,331.83801,10388
2026-08-11 13:28:00,331.78500,331.89990,331.67001,331.85501,20296
2026-08-11 13:27:00,331.92999,331.94989,331.70999,331.73001,14860
2026-08-11 13:26:00,331.85001,331.95,331.79999,331.92999,33510
2026-08-11 13:25:00,332.0050049,332.16000,331.79001,331.89990,28750
2026-08-11 13:24:00,331.76001,332.049988,331.73499,332.0050049,30052
2026-08-11 13:23:00,331.70001,331.79990,331.60999,331.73499,12258
2026-08-11 13:22:00,331.88000,331.88000,331.59000,331.71121,14158
2026-08-11 13:21:00,331.60999,331.88000,331.48001,331.84000,24063
2026-08-11 13:20:00,331.50650,331.76001,331.48010,331.60999,16502
2026-08-11 13:19:00,331.67499,331.81000,331.49500,331.51999,28693
2026-08-11 13:18:00,331.55499,331.74991,331.54010,331.67001,24004
2026-08-11 13:17:00,331.53500,331.69000,331.5,331.54001,20780
2026-08-11 13:16:00,331.49991,331.62161,331.40500,331.53000,21125
2026-08-11 13:15:00,331.28000,331.54999,331.28000,331.47000,20658
2026-08-11 13:14:00,331.39999,331.45001,331.22000,331.29999,51672
2026-08-11 13:13:00,331.32999,331.44000,331.31000,331.38000,15608
2026-08-11 13:12:00,331.53949,331.53949,331.29999,331.39999,24163
2026-08-11 13:11:00,331.64001,331.67001,331.37,331.45001,23450
2026-08-11 13:10:00,331.64499,331.64499,331.5,331.64001,13142
2026-08-11 13:09:00,331.67001,331.73001,331.51999,331.625,14741
2026-08-11 13:08:00,331.625,331.75,331.60001,331.70001,15983
2026-08-11 13:07:00,331.65500,331.69000,331.54901,331.625,10046
2026-08-11 13:06:00,331.34000,331.68991,331.34000,331.62000,23910
2026-08-11 13:05:00,331.35501,331.45001,331.26010,331.38000,42536
2026-08-11 13:04:00,331.57999,331.64001,331.35001,331.375,21367
2026-08-11 13:03:00,331.51001,331.63000,331.48999,331.57001,21680
2026-08-11 13:02:00,331.73001,331.84100,331.5,331.54501,36633
2026-08-11 13:01:00,331.79999,331.89999,331.64999,331.73001,25811
2026-08-11 13:00:00,332,332.18951,331.78000,331.78000,35101
2026-08-11 12:59:00,331.88000,332.041595,331.87360,331.96280,14087
2026-08-11 12:58:00,331.79001,332.049988,331.76999,331.92001,18266
2026-08-11 12:57:00,331.84009,331.89999,331.73999,331.85501,18712
2026-08-11 12:56:00,331.88000,331.95999,331.81000,331.85501,10736
2026-08-11 12:55:00,331.92999,331.98990,331.85999,331.88000,10634
2026-08-11 12:54:00,331.83051,331.98309,331.82999,331.94049,14637
2026-08-11 12:53:00,331.88000,331.95999,331.81000,331.86850,17717
2026-08-11 12:52:00,332.021606,332.021606,331.82999,331.91000,17481
2026-08-11 12:51:00,331.84000,332.029999,331.81000,332.019989,22114
2026-08-11 12:50:00,331.87000,331.94989,331.78000,331.90991,16858
2026-08-11 12:49:00,331.64941,331.85001,331.57999,331.84000,24560
2026-08-11 12:48:00,331.67001,331.81000,331.51999,331.61499,13852
2026-08-11 12:47:00,331.60999,331.76999,331.60010,331.66000,9253
2026-08-11 12:46:00,331.67999,331.81000,331.57999,331.60999,23854
2026-08-11 12:45:00,331.59000,331.72000,331.32999,331.69000,42757
2026-08-11 12:44:00,331.63501,331.70999,331.54999,331.61591,23567
2026-08-11 12:43:00,331.85501,331.89999,331.59000,331.59000,38074
2026-08-11 12:42:00,331.78400,331.95990,331.73349,331.85001,21698
2026-08-11 12:41:00,331.88000,332.029999,331.70999,331.73999,23212
2026-08-11 12:40:00,331.94849,332.05,331.85999,331.91000,33104
2026-08-11 12:39:00,331.89999,331.97000,331.81009,331.91000,20803
2026-08-11 12:38:00,332.029999,332.070007,331.85999,331.89001,172336
2026-08-11 12:37:00,331.89999,332.089996,331.87830,332.045013,33386
2026-08-11 12:36:00,331.70999,332,331.67001,331.89999,27307
2026-08-11 12:35:00,331.48990,331.82501,331.42831,331.70999,37454
2026-08-11 12:34:00,331.35321,331.56119,331.31009,331.45999,21774
2026-08-11 12:33:00,331.67499,331.69000,331.28000,331.34000,40770
2026-08-11 12:32:00,331.65009,331.73,331.57010,331.65869,18037
2026-08-11 12:31:00,331.95001,331.98999,331.66,331.69000,29967
2026-08-11 12:30:00,331.51001,332.029999,331.46100,331.98999,62950
2026-08-11 12:29:00,331.40500,331.54999,331.32001,331.52509,41625
2026-08-11 12:28:00,331.59500,331.62000,331.26999,331.42999,62149
2026-08-11 12:27:00,331.57501,331.62,331.35999,331.59000,43193
2026-08-11 12:26:00,331.75540,331.77499,331.45999,331.57501,80031
2026-08-11 12:25:00,331.84500,331.89999,331.53000,331.75900,49429
2026-08-11 12:24:00,332.20999,332.25629,331.80719,331.82611,23272
2026-08-11 12:23:00,332.20001,332.39999,332.070007,332.20999,52894
2026-08-11 12:22:00,331.89182,332.25150,331.69000,332.20001,76323
2026-08-11 12:21:00,331.92999,332.089905,331.81000,331.87009,37941
2026-08-11 12:20:00,332.015015,332.17990,331.88000,331.91000,58266
2026-08-11 12:19:00,332.41000,332.41000,331.92001,332.029999,81682
2026-08-11 12:18:00,332.85999,332.88989,332.40851,332.45990,28373
2026-08-11 12:17:00,332.97000,333,332.82,332.85999,21364
2026-08-11 12:16:00,332.85999,333.14001,332.79999,333.010010,17769
2026-08-11 12:15:00,332.85999,332.91000,332.76999,332.87000,18898
2026-08-11 12:14:00,332.89001,333,332.8,332.84000,17424
2026-08-11 12:13:00,333.20001,333.23001,332.85818,332.89389,37440
2026-08-11 12:12:00,333.089996,333.29001,333.089996,333.28201,21657
2026-08-11 12:11:00,333.29001,333.31000,333.020111,333.091705,18471
2026-08-11 12:10:00,333.32001,333.41080,333.20999,333.29001,33941
2026-08-11 12:09:00,333.29501,333.34000,333.22000,333.29999,19727
2026-08-11 12:08:00,333.040009,333.31000,333,333.29501,36696
2026-08-11 12:07:00,333.19501,333.32001,333.010101,333.019989,29469
2026-08-11 12:06:00,333.12000,333.38000,333.089996,333.20999,39202
2026-08-11 12:05:00,332.97000,333.17,332.84000,333.13501,27675
2026-08-11 12:04:00,332.98001,333.29999,332.89999,332.95999,72125
2026-08-11 12:03:00,333,333.10001,332.87000,332.95499,32658
2026-08-11 12:02:00,332.74500,333,332.63000,332.95499,27819
2026-08-11 12:01:00,332.88000,332.98001,332.64981,332.79999,29192
2026-08-11 12:00:00,332.96500,333.059998,332.89001,332.94000,30414
2026-08-11 11:59:00,333.0098877,333.25,332.82999,332.96500,58707
2026-08-11 11:58:00,332.49011,333,332.20999,332.94000,87050
2026-08-11 11:57:00,332.55011,332.64999,332.48999,332.54001,20174
2026-08-11 11:56:00,332.45001,332.62991,332.41000,332.59000,29439
2026-08-11 11:55:00,332.39999,332.61990,332.35999,332.43500,27683
2026-08-11 11:54:00,332.35001,332.54001,332.34619,332.41000,26468
2026-08-11 11:53:00,332.36499,332.48990,332.32999,332.35999,25509
2026-08-11 11:52:00,332.48999,332.64001,332.34210,332.37000,51276
2026-08-11 11:51:00,332.75009,332.80661,332.42,332.42020,30542
2026-08-11 11:50:00,332.50500,332.82999,332.47000,332.78000,44187
2026-08-11 11:49:00,332.67999,332.71,332.49011,332.50500,40586
2026-08-11 11:48:00,332.79999,332.95,332.67001,332.75,42541
2026-08-11 11:47:00,333.019989,333.10001,332.75500,332.78000,42668
2026-08-11 11:46:00,333.375,333.41000,333.021515,333.021515,36582
2026-08-11 11:45:00,333.5,333.64001,333.35,333.38000,59187
2026-08-11 11:44:00,333.32501,333.60400,333.31500,333.5,57771
2026-08-11 11:43:00,333.17001,333.34991,333.079987,333.34991,36958
2026-08-11 11:42:00,333.079987,333.17999,332.94000,333.14001,38203
2026-08-11 11:41:00,332.94009,333.13989,332.87,333.040009,41645
2026-08-11 11:40:00,332.81000,333,332.63901,332.94000,36617
2026-08-11 11:39:00,333.059906,333.20999,332.70999,332.82990,77328
2026-08-11 11:38:00,332.64001,333.13000,332.60010,333.049988,56801
2026-08-11 11:37:00,332.60001,332.64990,332.45999,332.63000,31948
2026-08-11 11:36:00,332.65509,332.67001,332.51,332.59000,24365
2026-08-11 11:35:00,332.42999,332.79999,332.30991,332.59052,71684
2026-08-11 11:34:00,332.89999,332.95001,332.37000,332.45840,92081
2026-08-11 11:33:00,333.19501,333.34000,332.91000,332.92999,38829
2026-08-11 11:32:00,333.040009,333.26,333.019989,333.20999,24012
2026-08-11 11:31:00,333.14001,333.22000,333.029999,333.029999,21868
2026-08-11 11:30:00,333.26999,333.35880,333.10001,333.19000,17364
2026-08-11 11:29:00,333.29001,333.35999,333.17999,333.29999,19398
2026-08-11 11:28:00,333.31000,333.41000,333.27249,333.29001,25353
2026-08-11 11:27:00,333.27341,333.39999,333.22000,333.34000,22654
2026-08-11 11:26:00,333.33499,333.36,333.16000,333.29001,18857
2026-08-11 11:25:00,333,333.36951,332.97009,333.35950,26006
2026-08-11 11:24:00,333.20999,333.25,332.88,333.0050049,38521
2026-08-11 11:23:00,333.23999,333.28989,333.10901,333.20999,36122
2026-08-11 11:22:00,333.47501,333.54990,333.25,333.25,55420
2026-08-11 11:21:00,333.17499,333.49951,333.042603,333.45999,32960
2026-08-11 11:20:00,333.16000,333.30991,332.95999,333.22470,34238
2026-08-11 11:19:00,332.79019,333.29999,332.73999,333.13000,76719
2026-08-11 11:18:00,332.98190,333.17999,332.75,332.82001,74105
2026-08-11 11:17:00,333.10001,333.26999,332.91000,333.010010,82610
2026-08-11 11:16:00,333.31390,333.47989,333.049988,333.13501,59256
2026-08-11 11:15:00,333.54999,333.76001,333.2,333.31000,75904
2026-08-11 11:14:00,333.64001,333.87000,333.51001,333.52011,35854
2026-08-11 11:13:00,334.029999,334.10999,333.54001,333.62000,44640
2026-08-11 11:12:00,334.26001,334.46,334.019989,334.019989,59385
2026-08-11 11:11:00,333.85001,334.29001,333.66010,334.26001,37736
2026-08-11 11:10:00,333.85999,333.96,333.60001,333.85001,29120
2026-08-11 11:09:00,333.69501,333.98950,333.6875,333.90991,28575
2026-08-11 11:08:00,333.84000,334.07,333.41000,333.69501,46472
2026-08-11 11:07:00,333.92001,334.079987,333.84000,333.84000,27226
2026-08-11 11:06:00,334.35001,334.42001,333.85001,333.91000,46880
2026-08-11 11:05:00,334.31000,334.505,334.26001,334.35001,45366
2026-08-11 11:04:00,333.94000,334.47000,333.35001,334.27499,116474
2026-08-11 11:03:00,333.95999,334.14001,333.82050,333.95001,37696
2026-08-11 11:02:00,334.32501,334.37,333.81000,333.92499,73992
2026-08-11 11:01:00,334.18051,334.57001,334.040009,334.32501,53605
2026-08-11 11:00:00,334.20871,334.38000,334.065002,334.14001,53594
2026-08-11 10:59:00,334.32001,334.45499,334.14999,334.18500,35937
2026-08-11 10:58:00,334.62000,334.81,334.29001,334.32001,44434
2026-08-11 10:57:00,334.79999,334.95001,334.58,334.68961,32786
2026-08-11 10:56:00,334.70499,335.059998,334.6,334.79999,53624
2026-08-11 10:55:00,335.25400,335.27911,334.64801,334.70001,100212
2026-08-11 10:54:00,335.019989,335.41989,334.82999,335.26010,78375
2026-08-11 10:53:00,334.875,335.059906,334.77499,335.015015,40888
2026-08-11 10:52:00,334.85999,335.20001,334.79999,334.91000,88252
2026-08-11 10:51:00,334.29999,334.88000,334.26999,334.88000,73644
2026-08-11 10:50:00,334.57999,334.62250,334.24521,334.28500,101024
2026-08-11 10:49:00,335.15479,335.15479,334.53000,334.59500,53931
2026-08-11 10:48:00,334.95999,335.19000,334.84000,335.19000,80173
2026-08-11 10:47:00,334.69000,334.98999,334.64999,334.95001,41259
2026-08-11 10:46:00,334.84000,334.92999,334.67001,334.69000,36835
2026-08-11 10:45:00,334.97000,335.070007,334.62000,334.78500,57513
2026-08-11 10:44:00,335.31000,335.35001,334.79010,334.97000,71591
2026-08-11 10:43:00,334.88000,335.43500,334.88,335.31000,127572
2026-08-11 10:42:00,334.34000,334.89999,334.23999,334.88000,81574
2026-08-11 10:41:00,334.26999,334.39001,334.19000,334.34509,43746
2026-08-11 10:40:00,333.97000,334.39001,333.97000,334.26001,81238
2026-08-11 10:39:00,333.37000,334.029999,333.29999,333.97720,78586
2026-08-11 10:38:00,333.64999,333.75,333.28000,333.40009,47744
2026-08-11 10:37:00,333.83499,333.86719,333.56009,333.71991,33455
2026-08-11 10:36:00,333.80121,334,333.72250,333.83499,50881
2026-08-11 10:35:00,333.74500,333.98001,333.60999,333.83499,56189
2026-08-11 10:34:00,333.42499,333.79910,333.35999,333.74500,59912
2026-08-11 10:33:00,333.26999,333.54001,333.06,333.42499,83963
2026-08-11 10:32:00,333.25,333.74799,333.20001,333.31000,75270
2026-08-11 10:31:00,334.27509,334.31000,332.73999,333.29999,263828
2026-08-11 10:30:00,334.74991,334.77499,334.25,334.26501,54305
2026-08-11 10:29:00,334.48999,334.82001,334.26999,334.69000,92879
2026-08-11 10:28:00,334.35501,334.53909,334.20050,334.53909,66660
2026-08-11 10:27:00,334.53000,334.86,334.32001,334.35501,77049
2026-08-11 10:26:00,334.79001,334.91000,334.32999,334.47501,86841
2026-08-11 10:25:00,335.089996,335.60001,334.42001,334.75479,154613
2026-08-11 10:24:00,335.32999,335.69000,335.040009,335.14499,89289
2026-08-11 10:23:00,334.53000,335.42001,334.495,335.33011,87095
2026-08-11 10:22:00,334.88000,335.25989,334.55011,334.62000,60839
2026-08-11 10:21:00,335.17499,335.20001,334.60001,334.87000,73851
2026-08-11 10:20:00,334.70010,335.20810,334.35001,335.17499,161089
2026-08-11 10:19:00,335.27499,335.49,334.7,334.70999,155305
2026-08-11 10:18:00,335.059998,336.20001,335.029205,335.28510,293990
2026-08-11 10:17:00,335.37000,335.38,335.035004,335.059998,91632
2026-08-11 10:16:00,335.33929,335.45001,335.059998,335.37000,124401
2026-08-11 10:15:00,335.040009,335.45999,335.029999,335.32071,140362
2026-08-11 10:14:00,335.059998,335.33990,334.86609,335.079987,91903
2026-08-11 10:13:00,334.95001,335.32730,334.87100,335.10999,117368
2026-08-11 10:12:00,334.89511,335.14001,334.81000,334.95999,104119
2026-08-11 10:11:00,335.23499,335.39999,334.88000,334.89499,96466
2026-08-11 10:10:00,335.045013,335.48001,335.038513,335.23999,134443
2026-08-11 10:09:00,335.11801,335.28989,334.64011,335.049988,93386
2026-08-11 10:08:00,335.084991,335.32999,334.48001,335.059998,158551
2026-08-11 10:07:00,335,335.079987,334.69000,335.079987,114517
2026-08-11 10:06:00,334.79501,335.22989,334.78000,335.088409,196870
2026-08-11 10:05:00,334.89001,335.010010,334.47000,334.79999,233782
2026-08-11 10:04:00,334.17999,334.99,334.14,334.86499,174905
2026-08-11 10:03:00,334.17001,334.48001,334.029999,334.14120,104253
2026-08-11 10:02:00,333.35010,334.15500,333.23999,334.12000,124121
2026-08-11 10:01:00,334.71500,334.78,333.32001,333.45010,241535
2026-08-11 10:00:00,333.79999,334.9,333.59009,334.73969,268513
2026-08-11 09:59:00,333.82501,334.079987,333.48999,333.75500,134872
2026-08-11 09:58:00,333.34000,334,333.30151,333.86981,195223
2026-08-11 09:57:00,332.96500,333.41000,332.875,333.35001,173086
2026-08-11 09:56:00,331.92001,333.13,331.85999,332.96500,179315
2026-08-11 09:55:00,331.35999,332.049988,331.069885,332.020111,126157
2026-08-11 09:54:00,332.040009,332.22198,331.31000,331.31000,102093
2026-08-11 09:53:00,332.59000,332.69000,331.85001,332.075012,69690
2026-08-11 09:52:00,332.25,332.82001,331.77,332.66000,98014
2026-08-11 09:51:00,332.31000,332.65991,332,332.26501,83137
2026-08-11 09:50:00,332.29001,332.87991,332.17,332.31500,126923
2026-08-11 09:49:00,332.19501,332.70001,331.92999,332.38000,124522
2026-08-11 09:48:00,331.70999,332.3,331.47,332.14001,73076
2026-08-11 09:47:00,331.67001,332.28989,331.35049,331.70999,110928
2026-08-11 09:46:00,331.23630,331.97000,330.59000,331.67001,109836
2026-08-11 09:45:00,331.23001,331.36990,330.63000,331.28000,95373
2026-08-11 09:44:00,331.48999,331.73001,331.23001,331.33881,120218
2026-08-11 09:43:00,331.67001,332.31799,331.41000,331.54501,129318
2026-08-11 09:42:00,331.69901,331.88989,331.27499,331.70499,65319
2026-08-11 09:41:00,331.92371,331.98401,331.29999,331.55011,81254
2026-08-11 09:40:00,330.57779,332,330.5,332,133607
2026-08-11 09:39:00,330.72000,330.72000,329.95599,330.51001,114684
2026-08-11 09:38:00,330.54999,331.14999,330.45001,330.79999,105567
2026-08-11 09:37:00,330.043488,330.73990,329.53000,330.625,152274
2026-08-11 09:36:00,331.71500,331.82990,329.79001,329.98499,286349
2026-08-11 09:35:00,332.48999,333.10001,331.60999,331.72000,166658
2026-08-11 09:34:00,331.85001,332.74,331.45999,332.52631,113716
2026-08-11 09:33:00,332.34000,332.81989,331.64001,331.91159,117589
2026-08-11 09:32:00,332.39999,332.63000,331.50009,332.16959,111787
2026-08-11 09:31:00,332.32999,332.79999,331.67001,332.27011,126294
2026-08-11 09:30:00,332.98999,333.8,332.040009,332.32001,895037
2026-08-10 15:59:00,331.18500,331.25,330.70001,330.85300,606747
2026-08-10 15:58:00,331.075012,331.16000,330.89001,331.14999,271890
2026-08-10 15:57:00,330.96500,331.10999,330.75,331.075012,200739
2026-08-10 15:56:00,330.89999,331.14999,330.775,330.95001,185617
2026-08-10 15:55:00,330.079987,331.18961,330.06,330.89999,300338
2026-08-10 15:54:00,329.94989,330.089996,329.89,330.035004,105783
2026-08-10 15:53:00,329.82501,330.079987,329.76999,329.94000,121787
2026-08-10 15:52:00,329.63000,329.85001,329.51001,329.82001,64599
2026-08-10 15:51:00,329.72000,329.78000,329.63,329.63000,45683
2026-08-10 15:50:00,329.81000,329.81,329.57001,329.72000,60872
2026-08-10 15:49:00,329.76999,329.89001,329.70001,329.85999,44091
2026-08-10 15:48:00,329.85129,329.89001,329.76001,329.79501,23926
2026-08-10 15:47:00,329.76999,329.91000,329.76501,329.82999,37261
2026-08-10 15:46:00,329.78000,329.9,329.70999,329.76001,39501
2026-08-10 15:45:00,329.84000,329.95001,329.78,329.80499,60199
2026-08-10 15:44:00,329.84000,329.88000,329.72000,329.79999,38946
2026-08-10 15:43:00,329.70001,329.92999,329.64001,329.89001,63163
2026-08-10 15:42:00,329.64001,329.78000,329.64001,329.70499,34029
2026-08-10 15:41:00,329.56000,329.67001,329.56000,329.63000,22025
2026-08-10 15:40:00,329.63000,329.665,329.52011,329.53000,27362
2026-08-10 15:39:00,329.56201,329.71,329.55600,329.59500,64671
2026-08-10 15:38:00,329.39001,329.63000,329.34000,329.58499,29192
2026-08-10 15:37:00,329.59500,329.67999,329.31000,329.39001,62399
2026-08-10 15:36:00,329.88000,329.88000,329.54999,329.57001,55111
2026-08-10 15:35:00,329.70001,329.98999,329.67999,329.89001,59986
2026-08-10 15:34:00,330.010010,330.015015,329.64999,329.67999,81670
2026-08-10 15:33:00,330.20999,330.28000,330.010010,330.010010,55723
2026-08-10 15:32:00,330.17001,330.20999,330.010010,330.20499,81045
2026-08-10 15:31:00,329.97989,330.20001,329.95001,330.16010,113840
2026-08-10 15:30:00,329.85999,329.98001,329.60999,329.94281,88302
2026-08-10 15:29:00,329.70499,329.86209,329.665,329.85999,49114
2026-08-10 15:28:00,329.625,329.78000,329.57999,329.70999,31733
2026-08-10 15:27:00,329.70499,329.73999,329.47000,329.59869,44442
2026-08-10 15:26:00,329.10501,329.73999,329.10501,329.70499,83212
2026-08-10 15:25:00,329.049988,329.13000,329.045013,329.10501,17341
2026-08-10 15:24:00,329.017609,329.099915,328.91000,329.070007,14943
2026-08-10 15:23:00,328.85501,329.13000,328.84000,329.040009,41652
2026-08-10 15:22:00,328.85501,328.89001,328.81000,328.88000,16494
2026-08-10 15:21:00,328.91000,328.98001,328.82001,328.85501,21303
2026-08-10 15:20:00,328.98001,329.079987,328.88000,328.88000,28290
2026-08-10 15:19:00,329.096008,329.12720,328.89,328.95999,38003
2026-08-10 15:18:00,329.14999,329.22672,329.010010,329.049988,29748
2026-08-10 15:17:00,329.040009,329.22989,329.04,329.17499,16045
2026-08-10 15:16:00,329.29999,329.30829,329.010010,329.040009,43809
2026-08-10 15:15:00,329.5,329.5,329.20999,329.20999,40660
2026-08-10 15:14:00,329.54001,329.56000,329.34000,329.48001,38820
2026-08-10 15:13:00,329.49600,329.56989,329.35001,329.55499,28219
2026-08-10 15:12:00,329.64999,329.66119,329.44000,329.50500,30621
2026-08-10 15:11:00,329.60001,329.69000,329.59000,329.64999,31851
2026-08-10 15:10:00,329.57501,329.64999,329.54999,329.58499,40594
2026-08-10 15:09:00,329.69000,329.70001,329.43011,329.57501,31743
2026-08-10 15:08:00,329.57001,329.76999,329.54001,329.69000,37773
2026-08-10 15:07:00,329.44351,329.57199,329.44351,329.57199,27855
2026-08-10 15:06:00,329.60999,329.63989,329.44000,329.45999,36071
2026-08-10 15:05:00,329.63000,329.66501,329.56000,329.60999,31701
2026-08-10 15:04:00,329.85999,329.86,329.53030,329.63000,31829
2026-08-10 15:03:00,329.52499,329.89001,329.48141,329.85010,59096
2026-08-10 15:02:00,329.21991,329.54001,329.17001,329.52499,55227
2026-08-10 15:01:00,329.12000,329.29001,329.070007,329.19000,32737
2026-08-10 15:00:00,328.89001,329.20001,328.85,329.089996,42260
2026-08-10 14:59:00,328.88501,329.019989,328.88501,328.91000,21805
2026-08-10 14:58:00,328.94000,328.95499,328.82999,328.88501,14687
2026-08-10 14:57:00,328.92499,328.96951,328.85999,328.94000,10034
2026-08-10 14:56:00,328.76999,328.94000,328.75,328.93771,16273
2026-08-10 14:55:00,328.91000,328.94000,328.73001,328.74069,14726
2026-08-10 14:54:00,328.79001,328.95001,328.75,328.82999,16513
2026-08-10 14:53:00,328.76999,328.88000,328.76999,328.82001,9538
2026-08-10 14:52:00,328.84000,328.85620,328.67010,328.77499,23459
2026-08-10 14:51:00,328.89999,329.089996,328.78000,328.84000,31808
2026-08-10 14:50:00,328.89001,328.97000,328.82999,328.90781,23527
2026-08-10 14:49:00,328.88000,328.91501,328.82001,328.875,27422
2026-08-10 14:48:00,328.82001,328.95001,328.78000,328.91501,30857
2026-08-10 14:47:00,328.82001,328.85999,328.76999,328.83499,11925
2026-08-10 14:46:00,328.63501,328.89499,328.62000,328.80011,28927
2026-08-10 14:45:00,328.57999,328.76959,328.56989,328.64001,25267
2026-08-10 14:44:00,328.53000,328.63000,328.48999,328.62000,26495
2026-08-10 14:43:00,328.92499,328.96161,328.5,328.53000,42224
2026-08-10 14:42:00,328.76001,328.93591,328.73,328.93591,34029
2026-08-10 14:41:00,328.73001,328.79990,328.69,328.76001,26207
2026-08-10 14:40:00,328.64001,328.75,328.57001,328.73001,29222
2026-08-10 14:39:00,328.48001,328.57501,328.39999,328.57501,29407
2026-08-10 14:38:00,328.51999,328.61499,328.42001,328.46121,38661
2026-08-10 14:37:00,328.80991,328.80991,328.48,328.51001,32199
2026-08-10 14:36:00,328.84000,328.94000,328.70001,328.77011,21055
2026-08-10 14:35:00,328.81000,328.98001,328.78000,328.84000,43475
2026-08-10 14:34:00,328.47000,328.84000,328.41000,328.81000,37292
2026-08-10 14:33:00,328.43991,328.53000,328.35999,328.45001,24495
2026-08-10 14:32:00,328.5,328.53000,328.35001,328.36011,40738
2026-08-10 14:31:00,328.51501,328.57999,328.41501,328.51511,23888
2026-08-10 14:30:00,328.53009,328.60001,328.41000,328.54001,45605
2026-08-10 14:29:00,328.64001,328.67001,328.51001,328.56000,46462
2026-08-10 14:28:00,328.65500,328.73999,328.57999,328.60999,24976
2026-08-10 14:27:00,328.91000,328.91000,328.63501,328.65500,39634
2026-08-10 14:26:00,329.0050049,329.019897,328.84000,328.92999,18289
2026-08-10 14:25:00,329.019989,329.05,328.94000,329.010010,38461
2026-08-10 14:24:00,329.070007,329.17889,329,329.010010,17981
2026-08-10 14:23:00,329.12000,329.16989,329.040009,329.070007,14574
2026-08-10 14:22:00,329.125,329.28000,329.059998,329.12000,14413
2026-08-10 14:21:00,329.056488,329.16000,329.019989,329.16000,15238
2026-08-10 14:20:00,329.023712,329.14499,329.019989,329.049988,22478
2026-08-10 14:19:00,329.029999,329.12881,329.010010,329.045013,15987
2026-08-10 14:18:00,329.17999,329.19220,329.020111,329.040009,19002
2026-08-10 14:17:00,329.029999,329.22989,328.98999,329.17999,20363
2026-08-10 14:16:00,329,329.078094,328.89999,329.029999,12806
2026-08-10 14:15:00,329.027588,329.079987,328.94,329.0050049,28896
2026-08-10 14:14:00,329.17999,329.20001,328.97000,329.029999,17115
2026-08-10 14:13:00,329.10501,329.23999,329.049988,329.17999,19619
2026-08-10 14:12:00,329.39001,329.40109,329.079987,329.10501,26354
2026-08-10 14:11:00,329.42001,329.53000,329.37000,329.38510,19986
2026-08-10 14:10:00,329.48999,329.51001,329.32001,329.38000,27634
2026-08-10 14:09:00,329.44000,329.53000,329.34000,329.53000,24915
2026-08-10 14:08:00,329.35001,329.49991,329.35001,329.46100,17816
2026-08-10 14:07:00,329.33499,329.39999,329.29999,329.35001,12035
2026-08-10 14:06:00,329.46500,329.46500,329.31000,329.33499,44209
2026-08-10 14:05:00,329.44501,329.48999,329.29999,329.48001,22534
2026-08-10 14:04:00,329.48001,329.54861,329.39001,329.44501,18198
2026-08-10 14:03:00,329.53000,329.64999,329.45010,329.48499,35065
2026-08-10 14:02:00,329.46039,329.59000,329.42499,329.56000,25801
2026-08-10 14:01:00,329.39999,329.63000,329.17001,329.45999,61529
2026-08-10 14:00:00,329.049988,329.46991,329.020111,329.35699,54744
2026-08-10 13:59:00,329.079987,329.13980,328.99600,329.020111,18396
2026-08-10 13:58:00,328.91000,329.16000,328.91000,329.079987,18670
2026-08-10 13:57:00,328.76450,328.97000,328.76001,328.94000,12206
2026-08-10 13:56:00,328.73999,328.79001,328.63000,328.76999,18562
2026-08-10 13:55:00,328.85999,329.011902,328.69000,328.70499,43370
2026-08-10 13:54:00,328.88000,328.92001,328.78101,328.82999,10843
2026-08-10 13:53:00,328.92999,328.95999,328.81610,328.89001,15887
2026-08-10 13:52:00,328.87979,328.94260,328.82001,328.90009,20403
2026-08-10 13:51:00,328.80499,328.90149,328.73001,328.85550,11191
2026-08-10 13:50:00,329,329.16,328.79001,328.82001,27508
2026-08-10 13:49:00,329.22000,329.25,328.98001,329.024994,19282
2026-08-10 13:48:00,328.95001,329.25571,328.92419,329.23001,23155
2026-08-10 13:47:00,328.91000,329.049896,328.87000,328.95499,24864
2026-08-10 13:46:00,328.72000,328.95499,328.68500,328.91000,20541
2026-08-10 13:45:00,328.76001,328.76501,328.56009,328.69000,22841
2026-08-10 13:44:00,329.022095,329.088501,328.70999,328.75,28689
2026-08-10 13:43:00,328.91000,329.059998,328.85001,329.040009,23221
2026-08-10 13:42:00,328.73499,328.98001,328.69000,328.86450,23620
2026-08-10 13:41:00,328.65009,328.76,328.60001,328.71750,15043
2026-08-10 13:40:00,328.70001,328.76990,328.57,328.67001,29307
2026-08-10 13:39:00,328.60999,328.82309,328.59009,328.70001,27154
2026-08-10 13:38:00,328.50699,328.63190,328.42001,328.57999,33554
2026-08-10 13:37:00,328.58499,328.64001,328.5,328.51001,34836
2026-08-10 13:36:00,328.57700,328.85379,328.53000,328.55981,41996
2026-08-10 13:35:00,328.65500,328.67999,328.57999,328.57999,19329
2026-08-10 13:34:00,328.62000,328.69000,328.57001,328.65500,27515
2026-08-10 13:33:00,328.62000,328.71,328.53000,328.60999,43012
2026-08-10 13:32:00,328.70999,328.79001,328.62,328.63000,34493
2026-08-10 13:31:00,328.82999,328.95001,328.76001,328.76001,25706
2026-08-10 13:30:00,329.049988,329.049988,328.71030,328.81000,48728
2026-08-10 13:29:00,329.19000,329.24200,329.02,329.029999,30832
2026-08-10 13:28:00,329.19000,329.20999,329.040009,329.20999,15691
2026-08-10 13:27:00,329.10001,329.28000,329.10001,329.19000,22174
2026-08-10 13:26:00,329.045013,329.14999,329.019989,329.079987,18093
2026-08-10 13:25:00,329.35999,329.47000,329.040100,329.10001,37339
2026-08-10 13:24:00,329.45999,329.47000,329.29999,329.34000,30829
2026-08-10 13:23:00,329.32001,329.52600,329.29999,329.44000,13905
2026-08-10 13:22:00,329.47000,329.56671,329.32001,329.32001,25226
2026-08-10 13:21:00,329.64990,329.68591,329.47000,329.47000,19071
2026-08-10 13:20:00,329.60999,329.79999,329.54999,329.54999,39552
2026-08-10 13:19:00,329.32001,329.56000,329.32001,329.56000,16041
2026-08-10 13:18:00,329.51999,329.53000,329.29999,329.32999,23612
2026-08-10 13:17:00,329.54001,329.56000,329.39999,329.51999,35007
2026-08-10 13:16:00,329.60001,329.64001,329.42999,329.54010,16597
2026-08-10 13:15:00,329.45001,329.61990,329.39999,329.57999,23384
2026-08-10 13:14:00,329.49130,329.60999,329.45001,329.47501,21290
2026-08-10 13:13:00,329.36200,329.5,329.28500,329.47000,27063
2026-08-10 13:12:00,329.040009,329.38989,329.010010,329.30701,28646
2026-08-10 13:11:00,329.26999,329.28000,328.92999,329.040009,44432
2026-08-10 13:10:00,329.35999,329.46991,329.29,329.29501,24652
2026-08-10 13:09:00,329.30499,329.42001,329.25,329.37000,20655
2026-08-10 13:08:00,329.22000,329.32999,329.14011,329.30499,14622
2026-08-10 13:07:00,329.10001,329.23999,329.019989,329.19000,34810
2026-08-10 13:06:00,329.22009,329.42,329.10999,329.13000,25338
2026-08-10 13:05:00,329.37000,329.41000,329.14151,329.27921,30853
2026-08-10 13:04:00,329.41000,329.45,329.30771,329.39001,13216
2026-08-10 13:03:00,329.46500,329.48001,329.38049,329.39999,16692
2026-08-10 13:02:00,329.32999,329.5,329.29001,329.45999,20768
2026-08-10 13:01:00,329.57001,329.60989,329.32999,329.34000,22810
2026-08-10 13:00:00,329.51999,329.64529,329.39999,329.57001,16666
2026-08-10 12:59:00,329.51501,329.54999,329.38000,329.51999,34377
2026-08-10 12:58:00,329.5,329.65961,329.45001,329.51999,19377
2026-08-10 12:57:00,329.51501,329.62991,329.47000,329.48849,15557
2026-08-10 12:56:00,329.64999,329.64999,329.42999,329.51001,34099
2026-08-10 12:55:00,329.32999,329.82849,329.32999,329.64999,44684
2026-08-10 12:54:00,329.040009,329.31,329.02,329.31000,21504
2026-08-10 12:53:00,329.22000,329.23999,329.040009,329.070007,25751
2026-08-10 12:52:00,329.28000,329.33499,329.20001,329.22009,18762
2026-08-10 12:51:00,329.23001,329.34000,329.16000,329.30499,32736
2026-08-10 12:50:00,329.44601,329.49991,329.21030,329.21490,47047
2026-08-10 12:49:00,329.48999,329.67551,329.44000,329.47549,33057
2026-08-10 12:48:00,329.44501,329.54999,329.39,329.51001,35944
2026-08-10 12:47:00,328.96509,329.48999,328.95999,329.43939,49753
2026-08-10 12:46:00,328.53799,329.015594,328.45999,329,75339
2026-08-10 12:45:00,328.79001,328.82001,328.5,328.53000,72457
2026-08-10 12:44:00,328.93500,329.029999,328.64999,328.76001,51675
2026-08-10 12:43:00,329.44000,329.46,328.82999,328.92999,71215
2026-08-10 12:42:00,329.51999,329.59991,329.39001,329.42999,28868
2026-08-10 12:41:00,329.95499,329.95499,329.43011,329.48999,73493
2026-08-10 12:40:00,330.10199,330.10199,329.79999,329.99731,23605
2026-08-10 12:39:00,329.80911,330.089996,329.76,330.089996,28765
2026-08-10 12:38:00,329.88000,329.98990,329.70001,329.89001,57102
2026-08-10 12:37:00,330.070007,330.14700,329.85001,329.88000,22285
2026-08-10 12:36:00,330.095001,330.20001,329.98,330.035004,50205
2026-08-10 12:35:00,329.875,330.17999,329.795,330.070007,27395
2026-08-10 12:34:00,329.84381,330.089905,329.72729,329.87000,33204
2026-08-10 12:33:00,330.040009,330.079987,329.70001,329.82999,46533
2026-08-10 12:32:00,329.85999,330.23,329.57,330.11990,94169
2026-08-10 12:31:00,330.44501,330.73999,329.82001,329.97000,87324
2026-08-10 12:30:00,330.53000,330.57999,330.41000,330.45999,23333
2026-08-10 12:29:00,330.48001,330.64990,330.42001,330.55011,40396
2026-08-10 12:28:00,330.18991,330.48560,330.13,330.47000,37094
2026-08-10 12:27:00,330.16000,330.29999,330.12000,330.20999,21521
2026-08-10 12:26:00,330.24149,330.45001,330.13501,330.13501,32833
2026-08-10 12:25:00,330.14001,330.39001,330.084991,330.26501,26885
2026-08-10 12:24:00,330.28000,330.29001,329.99701,330.14001,55658
2026-08-10 12:23:00,330.25,330.54990,330.20001,330.31000,35741
2026-08-10 12:22:00,330.29999,330.35999,330.19000,330.25299,31954
2026-08-10 12:21:00,330.36899,330.46500,330.16000,330.27670,30795
2026-08-10 12:20:00,330.38501,330.48120,330.31000,330.35501,31816
2026-08-10 12:19:00,330.57001,330.59500,330.32001,330.38000,46603
2026-08-10 12:18:00,330.88510,330.94000,330.51001,330.59000,38975
2026-08-10 12:17:00,330.84500,330.95911,330.79999,330.85999,28866
2026-08-10 12:16:00,330.54999,330.99,330.51999,330.82999,29257
2026-08-10 12:15:00,330.82999,330.88989,330.48001,330.57999,54527
2026-08-10 12:14:00,330.85001,330.98181,330.81,330.87799,27957
2026-08-10 12:13:00,330.60999,330.84161,330.60999,330.84161,30018
2026-08-10 12:12:00,330.80350,330.87000,330.60001,330.63000,67342
2026-08-10 12:11:00,331.010010,331.20001,330.78000,330.80499,49923
2026-08-10 12:10:00,330.87000,331.10001,330.79999,331.010010,61985
2026-08-10 12:09:00,330.98001,331.069885,330.79,330.87000,44080
2026-08-10 12:08:00,331.12991,331.26999,330.89001,330.95001,81296
2026-08-10 12:07:00,331.26999,331.39999,331.061005,331.095001,41681
2026-08-10 12:06:00,331.29001,331.44000,331.20001,331.29001,47192
2026-08-10 12:05:00,331.55951,331.56000,331.23,331.26999,53083
2026-08-10 12:04:00,331.51001,331.57999,331.29999,331.53000,37828
2026-08-10 12:03:00,331.67999,331.75,331.47000,331.58160,64359
2026-08-10 12:02:00,331.10999,331.67969,331.10001,331.65500,62673
2026-08-10 12:01:00,331.38000,331.45001,331.029999,331.10999,67360
2026-08-10 12:00:00,331.16000,331.55499,331.16000,331.41000,101495
2026-08-10 11:59:00,331.13000,331.26999,331.078705,331.16501,53958
2026-08-10 11:58:00,331.020111,331.14261,330.925,331.125,49357
2026-08-10 11:57:00,330.88000,331.10001,330.85999,331.049988,65890
2026-08-10 11:56:00,330.78500,330.88000,330.76,330.85501,42163
2026-08-10 11:55:00,330.82001,330.875,330.72000,330.79001,27634
2026-08-10 11:54:00,330.59500,330.92001,330.59500,330.80099,61921
2026-08-10 11:53:00,330.78500,330.82999,330.49609,330.59250,46276
2026-08-10 11:52:00,330.48001,330.78000,330.32001,330.76999,75725
2026-08-10 11:51:00,330.17999,330.44000,330.15921,330.39499,58811
2026-08-10 11:50:00,329.95999,330.26001,329.89999,330.17999,50166
2026-08-10 11:49:00,329.79001,330.12000,329.76999,329.95499,30725
2026-08-10 11:48:00,329.70499,329.92139,329.70499,329.79999,20985
2026-08-10 11:47:00,329.69000,330.089996,329.64001,329.72000,50246
2026-08-10 11:46:00,330,330.019989,329.67999,329.70999,51474
2026-08-10 11:45:00,330.20749,330.39999,330.0072021,330.029999,89847
2026-08-10 11:44:00,329.39001,330.23999,329.39001,330.21500,164078
2026-08-10 11:43:00,328.76999,329.39001,328.76199,329.38989,54340
2026-08-10 11:42:00,328.91000,329.079895,328.78000,328.78000,44640
2026-08-10 11:41:00,328.85001,328.96490,328.76001,328.95999,44958
2026-08-10 11:40:00,328.38449,328.85501,328.20001,328.79001,81731
2026-08-10 11:39:00,328.54999,328.64999,328.31000,328.36011,80641
2026-08-10 11:38:00,328.93500,328.98990,328.5,328.54999,36984
2026-08-10 11:37:00,328.76001,328.97000,328.55750,328.92001,48606
2026-08-10 11:36:00,328.95999,329.05,328.76999,328.76999,83303
2026-08-10 11:35:00,328.76999,329.17999,328.44000,328.98999,94224
2026-08-10 11:34:00,329.18500,329.22,328.76001,328.78510,82870
2026-08-10 11:33:00,329.39001,329.49991,329.060089,329.17999,33812
2026-08-10 11:32:00,329.40741,329.67001,329.34000,329.39499,31148
2026-08-10 11:31:00,329.35999,329.5,329.010010,329.39749,94397
2026-08-10 11:30:00,330.065491,330.35989,329.20999,329.35999,140402
2026-08-10 11:29:00,330.070404,330.20999,330.010010,330.10001,38483
2026-08-10 11:28:00,329.85001,330.14001,329.79001,330.040009,36198
2026-08-10 11:27:00,329.56500,329.94009,329.51999,329.84509,38209
2026-08-10 11:26:00,329.73999,329.74991,329.32999,329.57751,40737
2026-08-10 11:25:00,329.88989,329.98001,329.73,329.75549,22433
2026-08-10 11:24:00,330.10001,330.13879,329.76999,329.79010,48517
2026-08-10 11:23:00,330.25449,330.29001,329.95001,330.10001,53287
2026-08-10 11:22:00,330.25500,330.45001,330.059998,330.22000,65269
2026-08-10 11:21:00,329.94501,330.26999,329.91000,330.26001,76780
2026-08-10 11:20:00,330.14001,330.17001,329.93451,329.93451,48216
2026-08-10 11:19:00,329.5,330.14499,329.48010,330.079987,47654
2026-08-10 11:18:00,329.70001,329.73001,329.43,329.5,24315
2026-08-10 11:17:00,329.79001,329.98999,329.5,329.67499,47195
2026-08-10 11:16:00,329.88000,330,329.75,329.83499,28823
2026-08-10 11:15:00,329.73001,329.98941,329.66000,329.875,43021
2026-08-10 11:14:00,329.67999,329.785,329.60001,329.73001,24469
2026-08-10 11:13:00,329.51001,329.75391,329.42001,329.68729,24894
2026-08-10 11:12:00,329.42001,329.82999,329.42001,329.51001,34515
2026-08-10 11:11:00,329.49500,329.70999,329.35,329.47000,40733
2026-08-10 11:10:00,329.070007,329.54001,329.049988,329.45010,37604
2026-08-10 11:09:00,329.70001,329.73001,329.079987,329.079987,42145
2026-08-10 11:08:00,329.91501,330.059998,329.70761,329.75,34989
2026-08-10 11:07:00,329.58990,330.070007,329.54501,329.91501,63671
2026-08-10 11:06:00,329.31479,329.69989,329.31000,329.51999,67216
2026-08-10 11:05:00,328.92499,329.42001,328.885,329.28000,63168
2026-08-10 11:04:00,329.029999,329.13669,328.79001,328.89999,40512
2026-08-10 11:03:00,329.010010,329.15991,328.92001,329.065002,53663
2026-08-10 11:02:00,329.14001,329.18259,328.70001,329.010101,68224
2026-08-10 11:01:00,328.82001,329.22351,328.73999,329.15500,79288
2026-08-10 11:00:00,329.45999,329.54001,328.82999,328.90009,116343
2026-08-10 10:59:00,329.85999,329.95001,329.39001,329.49991,47534
2026-08-10 10:58:00,329.94000,330.28729,329.89999,329.92999,39101
2026-08-10 10:57:00,329.72000,330.10001,329.58200,329.95999,47474
2026-08-10 10:56:00,330.010010,330.13989,329.67380,329.70999,58815
2026-08-10 10:55:00,330,330.21381,329.79999,329.91000,66616
2026-08-10 10:54:00,330.64001,330.67990,329.91000,329.95010,97921
2026-08-10 10:53:00,330.84500,331.20001,330.60001,330.60001,39732
2026-08-10 10:52:00,330.89001,331.081696,330.54999,330.88000,32187
2026-08-10 10:51:00,331.079987,331.17001,330.73999,330.89999,61549
2026-08-10 10:50:00,330.94559,331.25,330.91260,331.079987,39990
2026-08-10 10:49:00,331.17001,331.34299,330.82001,330.98001,59444
2026-08-10 10:48:00,331.20511,331.25,330.91000,331.20499,59871
2026-08-10 10:47:00,330.97000,331.22870,330.87000,331.20499,60074
2026-08-10 10:46:00,330.73999,331.029907,330.58719,330.99951,71561
2026-08-10 10:45:00,330.64001,330.8,330.54999,330.76990,45788
2026-08-10 10:44:00,330.65649,330.69000,330.14001,330.64499,47132
2026-08-10 10:43:00,330.43500,330.79999,330.42001,330.63519,96697
2026-08-10 10:42:00,330.23999,330.47989,330.10001,330.43500,43360
2026-08-10 10:41:00,330.28000,330.74500,330.23010,330.29999,94635
2026-08-10 10:40:00,329.95001,330.45779,329.85059,330.28000,85857
2026-08-10 10:39:00,329.64999,330.079987,329.29031,330.019989,61865
2026-08-10 10:38:00,330.32999,330.36450,329.14001,329.64511,175082
2026-08-10 10:37:00,330.42010,330.71991,330.14001,330.35001,67993
2026-08-10 10:36:00,330.48569,330.70001,330.34851,330.42169,58870
2026-08-10 10:35:00,330.45010,330.93881,330.29999,330.47000,79816
2026-08-10 10:34:00,330.91000,331.0050049,330.32,330.41000,105520
2026-08-10 10:33:00,331.16501,331.22989,330.91,330.95621,51533
2026-08-10 10:32:00,331.070007,331.20001,330.88000,331.16501,86448
2026-08-10 10:31:00,331.57001,331.76001,331.079987,331.080597,97756
2026-08-10 10:30:00,331.55289,332.049988,331.39999,331.60001,141484
2026-08-10 10:29:00,331.82501,331.98001,331.45999,331.60999,102452
2026-08-10 10:28:00,331.59000,331.86160,331.22000,331.85001,95102
2026-08-10 10:27:00,330.82501,331.79,330.76999,331.62000,189790
2026-08-10 10:26:00,330.73999,330.97989,330.44000,330.82501,100074
2026-08-10 10:25:00,330.12000,330.79999,330.071106,330.75,122370
2026-08-10 10:24:00,330.20999,330.23999,329.71051,330.045197,42683
2026-08-10 10:23:00,330.059998,330.22000,329.64719,330.20999,65001
2026-08-10 10:22:00,330.070007,330.37,330.010010,330.059998,72029
2026-08-10 10:21:00,330.088806,330.17001,329.79999,330.010101,56122
2026-08-10 10:20:00,329.70999,330.14999,329.61911,330.049988,52189
2026-08-10 10:19:00,329.93500,330.21,329.60049,329.71500,162701
2026-08-10 10:18:00,329.85590,330.089996,329.73010,330.010010,210843
2026-08-10 10:17:00,329.76001,330.089996,329.64941,329.82001,50460
2026-08-10 10:16:00,329.62000,329.79999,329.45999,329.76001,41164
2026-08-10 10:15:00,329.60999,329.76999,329.35141,329.52081,54169
2026-08-10 10:14:00,329.79501,329.97000,329.34000,329.56000,68438
2026-08-10 10:13:00,329.82001,330,329.75,329.81989,40786
2026-08-10 10:12:00,330.14499,330.25,329.85001,329.92001,68529
2026-08-10 10:11:00,330.25,330.30991,329.90009,330.14999,90300
2026-08-10 10:10:00,329.68500,330.26001,329.60999,330.23001,104956
2026-08-10 10:09:00,329.23990,329.93741,328.94000,329.66000,81789
2026-08-10 10:08:00,329.67999,329.87,329.23001,329.23221,74647
2026-08-10 10:07:00,329.83499,330.23999,329.52551,329.63419,60578
2026-08-10 10:06:00,329.73001,329.98999,329.40500,329.82001,66715
2026-08-10 10:05:00,330.16000,330.46130,329.56000,329.77499,90437
2026-08-10 10:04:00,329.97250,330.57999,329.78421,330.16000,126108
2026-08-10 10:03:00,329.875,330.39999,329.80011,329.97000,123185
2026-08-10 10:02:00,329.66000,330.059998,329.40009,329.91989,105034
2026-08-10 10:01:00,330.070007,330.31000,329.49710,329.625,112073
2026-08-10 10:00:00,329.48001,330.26001,329.42999,330.075012,167226
2026-08-10 09:59:00,329.39999,329.68991,329.040497,329.45291,67294
2026-08-10 09:58:00,328.5,329.45999,328.5,329.43500,126537
2026-08-10 09:57:00,328,328.66000,327.95670,328.58499,66113
2026-08-10 09:56:00,327.71500,328.12820,327.66000,327.98999,82269
2026-08-10 09:55:00,327.91000,328.27420,327.7,327.72000,77877
2026-08-10 09:54:00,328.37750,328.71500,327.73001,327.90500,91739
2026-08-10 09:53:00,328.13000,328.57001,327.855,328.41000,107659
2026-08-10 09:52:00,329.23999,329.41949,327.79999,328.14001,172008
2026-08-10 09:51:00,328.86499,329.29001,328.64999,329.23999,84405
2026-08-10 09:50:00,329.31812,329.95999,328.85010,328.86499,202209
2026-08-10 09:49:00,329.50079,329.88000,328.80011,329.29620,136735
2026-08-10 09:48:00,328.97000,330.35001,328.94000,329.55499,201246
2026-08-10 09:47:00,329.17499,329.26001,328.57999,328.95999,99014
2026-08-10 09:46:00,328.81000,329.82001,328.73001,329.17999,164671
2026-08-10 09:45:00,328.29999,328.90991,328.13000,328.84000,129450
2026-08-10 09:44:00,327.34000,328.48001,327.28000,328.39001,103839
2026-08-10 09:43:00,328.16501,328.16501,327.12000,327.34000,112092
2026-08-10 09:42:00,327.92499,328.57260,327.70999,328.16611,90328
2026-08-10 09:41:00,327.48871,328.059998,327.38010,327.88000,63265
2026-08-10 09:40:00,327.79999,327.94000,326.92999,327.57999,133860
2026-08-10 09:39:00,328.20001,328.27499,327.62000,327.81000,69911
2026-08-10 09:38:00,327.26999,328.19000,327.10001,328.15500,78383
2026-08-10 09:37:00,328.070007,328.24,327.19000,327.26001,103069
2026-08-10 09:36:00,327.98651,328.79999,327.91000,328.13000,98808
2026-08-10 09:35:00,328.32999,328.57001,327.57999,328.084991,107308
2026-08-10 09:34:00,328.59000,329.42999,328.16251,328.26501,187801
2026-08-10 09:33:00,327.42001,328.87939,327.35999,328.60001,129409
2026-08-10 09:32:00,327.5,328.29401,327.34100,327.38000,122202
2026-08-10 09:31:00,327.88000,328.49,326.98,327.39001,159616
2026-08-10 09:30:00,326.64499,328.39999,326.14999,327.79999,1387963
2026-08-07 15:59:00,328.70499,328.92001,328.40829,328.58499,665502
2026-08-07 15:58:00,328.67001,328.92001,328.60001,328.69000,266463
2026-08-07 15:57:00,328.20001,328.89999,328.19501,328.67010,191006
2026-08-07 15:56:00,327.99899,328.25,327.92999,328.20499,165717
2026-08-07 15:55:00,327.76999,328.73849,327.73001,328.0098877,293149
2026-08-07 15:54:00,327.76001,327.96,327.5,327.79001,139347
2026-08-07 15:53:00,327.62000,327.8,327.58499,327.75391,102202
2026-08-07 15:52:00,327.17001,327.88000,327.17001,327.58499,104900
2026-08-07 15:51:00,327.41000,327.52499,327.16501,327.17001,466248
2026-08-07 15:50:00,327.35999,327.53,327.12000,327.42999,102853
2026-08-07 15:49:00,327.47000,327.48999,327.32999,327.39999,49500
2026-08-07 15:48:00,327.66000,327.67999,327.44000,327.47000,39459
2026-08-07 15:47:00,327.40500,327.70999,327.35031,327.65500,60390
2026-08-07 15:46:00,327.37000,327.54001,327.25,327.40500,49185
2026-08-07 15:45:00,327.10501,327.39651,327.049988,327.36499,67818
2026-08-07 15:44:00,327.24750,327.315,327.040009,327.12000,53296
2026-08-07 15:43:00,327.36499,327.48001,327.23001,327.25,51937
2026-08-07 15:42:00,327.053894,327.39999,327.049988,327.34000,51382
2026-08-07 15:41:00,326.97000,327.089905,326.85999,327.070007,70002
2026-08-07 15:40:00,327.23001,327.25,326.96039,326.97049,55809
2026-08-07 15:39:00,327.12000,327.29999,327.089996,327.22000,35066
2026-08-07 15:38:00,327.29999,327.37000,327.070007,327.12000,55825
2026-08-07 15:37:00,327.029999,327.335,327.029999,327.29001,48787
2026-08-07 15:36:00,327.077911,327.14990,326.95999,327.070007,77395
2026-08-07 15:35:00,327.17010,327.28,327.010010,327.070007,102320
2026-08-07 15:34:00,327.78000,327.78989,327.10001,327.23001,91617
2026-08-07 15:33:00,327.85001,327.95239,327.75,327.76001,44004
2026-08-07 15:32:00,328.095001,328.11829,327.79001,327.86499,59750
2026-08-07 15:31:00,328,328.29001,327.93,328.049988,70765
2026-08-07 15:30:00,328.35001,328.35001,327.79999,327.92999,95755
2026-08-07 15:29:00,328.60999,328.63000,328.23001,328.35999,62333
2026-08-07 15:28:00,328.66000,328.73001,328.54999,328.57501,37067
2026-08-07 15:27:00,328.59500,328.66000,328.48999,328.64499,53530
2026-08-07 15:26:00,328.45001,328.70001,328.42999,328.62000,45626
2026-08-07 15:25:00,328.26501,328.48999,328.22000,328.44000,38920
2026-08-07 15:24:00,328.65991,328.67999,328.19,328.26501,57212
2026-08-07 15:23:00,328.60999,328.76001,328.51010,328.63501,27252
2026-08-07 15:22:00,328.41000,328.69,328.32001,328.62000,42958
2026-08-07 15:21:00,328.78000,328.85001,328.41000,328.45001,33894
2026-08-07 15:20:00,328.5,328.79999,328.47009,328.76999,59554
2026-08-07 15:19:00,328.51001,328.65,328.45001,328.54001,26601
2026-08-07 15:18:00,328.67999,328.76001,328.41000,328.47501,39036
2026-08-07 15:17:00,329.010010,329.049988,328.64999,328.67999,38447
2026-08-07 15:16:00,329.019989,329.049988,328.85001,328.98001,40682
2026-08-07 15:15:00,328.89001,329.059906,328.84000,329.059906,51554
2026-08-07 15:14:00,328.5,328.95001,328.48669,328.85999,43384
2026-08-07 15:13:00,328.82999,328.85001,328.42999,328.46011,70410
2026-08-07 15:12:00,328.73999,328.88000,328.70999,328.75,34631
2026-08-07 15:11:00,329.070007,329.14001,328.64999,328.76999,86886
2026-08-07 15:10:00,328.97000,329.20001,328.95001,329.10001,79385
2026-08-07 15:09:00,328.89499,329,328.76999,328.98990,64724
2026-08-07 15:08:00,328.91000,329.10001,328.85010,328.89999,72958
2026-08-07 15:07:00,328.76010,328.92999,328.72009,328.91000,59290
2026-08-07 15:06:00,328.63699,328.85999,328.61011,328.78500,80845
2026-08-07 15:05:00,328.29999,328.65,328.29501,328.63501,64901
2026-08-07 15:04:00,328.28989,328.35999,328.13000,328.29501,37317
2026-08-07 15:03:00,328.019989,328.32001,328.019989,328.28989,34846
2026-08-07 15:02:00,328.22000,328.25989,327.95001,327.97000,37351
2026-08-07 15:01:00,327.64001,328.48999,327.57001,328.29990,104478
2026-08-07 15:00:00,327.60999,327.82999,327.51001,327.58679,34237
2026-08-07 14:59:00,327.45001,327.64,327.42999,327.60001,29870
2026-08-07 14:58:00,327.48999,327.65369,327.42010,327.45999,50188
2026-08-07 14:57:00,327.19989,327.48,327.16061,327.45160,21322
2026-08-07 14:56:00,327.19501,327.20999,327.019989,327.20001,42591
2026-08-07 14:55:00,327.47000,327.54001,327.16110,327.16110,45275
2026-08-07 14:54:00,327.64999,327.72000,327.35999,327.44049,28821
2026-08-07 14:53:00,327.37000,327.75,327.32999,327.66000,45318
2026-08-07 14:52:00,327.45999,327.48141,327.26,327.42001,33551
2026-08-07 14:51:00,327.35001,327.54999,327.25,327.48999,2796
2026-08-07 14:50:00,327.35999,327.39001,327.17001,327.35001,26814
2026-08-07 14:49:00,327.37991,327.44000,327.17941,327.32001,35141
2026-08-07 14:48:00,327.070007,327.33499,327.010010,327.33499,84294
2026-08-07 14:47:00,326.92001,327.12,326.91501,327.089996,219437
2026-08-07 14:46:00,326.98999,327.089996,326.85010,326.92001,26072
2026-08-07 14:45:00,326.98999,327.03,326.91000,326.98499,22461
2026-08-07 14:44:00,327.10999,327.23001,326.89001,327.0036926,32063
2026-08-07 14:43:00,326.85501,327.12,326.82050,327.10001,31151
2026-08-07 14:42:00,326.95499,326.95999,326.76999,326.85501,35388
2026-08-07 14:41:00,326.85001,327.05,326.82001,326.95999,34057
2026-08-07 14:40:00,327.019989,327.040009,326.8,326.85001,29792
2026-08-07 14:39:00,326.92001,327.10999,326.92001,327.049988,18211
2026-08-07 14:38:00,327.22000,327.245,326.79999,326.95999,50467
2026-08-07 14:37:00,327.12000,327.31,327.079987,327.22009,40589
2026-08-07 14:36:00,327.25931,327.32999,327.10300,327.10300,24213
2026-08-07 14:35:00,327.23001,327.5,327.18011,327.18011,38998
2026-08-07 14:34:00,327.38000,327.385,327.10999,327.23999,43422
2026-08-07 14:33:00,327.079987,327.41000,327.03,327.36841,34111
2026-08-07 14:32:00,327.079987,327.12000,326.91000,327.024994,23040
2026-08-07 14:31:00,327.070007,327.17999,327.020111,327.079895,28817
2026-08-07 14:30:00,327,327.20001,326.92,327.10999,30623
2026-08-07 14:29:00,326.92499,327.125,326.91000,327.0050049,30202
2026-08-07 14:28:00,326.98001,326.99,326.84000,326.92001,15855
2026-08-07 14:27:00,326.75400,327.11,326.75400,326.95999,54091
2026-08-07 14:26:00,327.10001,327.12000,326.72009,326.75320,37880
2026-08-07 14:25:00,327.23001,327.26999,327.070099,327.10999,15664
2026-08-07 14:24:00,327.22949,327.25671,327.059998,327.20111,10820
2026-08-07 14:23:00,327.10999,327.23001,327.019989,327.20001,22429
2026-08-07 14:22:00,327.22000,327.32001,327.089996,327.13000,35062
2026-08-07 14:21:00,327.14999,327.29550,327.12000,327.22000,30241
2026-08-07 14:20:00,327.10001,327.29001,327.000091553,327.17001,40601
2026-08-07 14:19:00,327.31500,327.31500,327.070404,327.10001,17840
2026-08-07 14:18:00,326.98999,327.39999,326.95001,327.28149,42656
2026-08-07 14:17:00,327.17001,327.25,326.91000,326.98999,77696
2026-08-07 14:16:00,327.39001,327.43,327.14999,327.17001,34030
2026-08-07 14:15:00,327.47000,327.60001,327.26001,327.35501,41877
2026-08-07 14:14:00,327.69760,327.72000,327.32999,327.53931,42006
2026-08-07 14:13:00,327.91000,327.95999,327.66000,327.69000,26561
2026-08-07 14:12:00,327.89499,328.02,327.75,327.88000,24254
2026-08-07 14:11:00,327.89999,328.070007,327.72000,327.87091,54747
2026-08-07 14:10:00,328.035004,328.089996,327.90051,327.91501,43332
2026-08-07 14:09:00,327.82001,328.059998,327.73999,328.0032043,88081
2026-08-07 14:08:00,327.72000,327.95001,327.72000,327.82001,22856
2026-08-07 14:07:00,327.69000,327.86990,327.42999,327.69000,33252
2026-08-07 14:06:00,327.62000,327.88989,327.6,327.68759,35020
2026-08-07 14:05:00,327.88000,327.89529,327.35001,327.56500,65313
2026-08-07 14:04:00,327.75,327.92999,327.74,327.86380,60289
2026-08-07 14:03:00,327.61499,327.87930,327.54999,327.81689,43688
2026-08-07 14:02:00,327.57339,327.65,327.42999,327.60001,64081
2026-08-07 14:01:00,327.38000,327.54,327.32001,327.48999,37721
2026-08-07 14:00:00,327.14499,327.45001,327.089996,327.38062,47617
2026-08-07 13:59:00,327.15451,327.25,327.051086,327.13000,21715
2026-08-07 13:58:00,327.25500,327.32999,327.12,327.17001,25848
2026-08-07 13:57:00,327.010010,327.32001,327.010010,327.29001,24993
2026-08-07 13:56:00,326.85999,327.19000,326.84500,327.10001,42890
2026-08-07 13:55:00,327.070007,327.083313,326.76001,326.83499,44627
2026-08-07 13:54:00,327.14001,327.14001,326.76001,327.040009,81518
2026-08-07 13:53:00,327.23611,327.32999,327.11011,327.17001,21488
2026-08-07 13:52:00,327.32001,327.36011,327.20001,327.25,37043
2026-08-07 13:51:00,327.45001,327.48999,327.20999,327.32001,56542
2026-08-07 13:50:00,327.66000,327.86,327.45010,327.47601,53061
2026-08-07 13:49:00,327.62000,327.73001,327.62000,327.70999,37976
2026-08-07 13:48:00,327.64990,327.79990,327.60999,327.61249,46855
2026-08-07 13:47:00,327.35501,327.67,327.325,327.63000,75810
2026-08-07 13:46:00,327.25500,327.38000,327.15009,327.35501,32187
2026-08-07 13:45:00,327.37000,327.38989,327.10999,327.23001,43436
2026-08-07 13:44:00,327.46851,327.47000,327.30011,327.35501,41536
2026-08-07 13:43:00,327.32999,327.48999,327.31000,327.45499,34453
2026-08-07 13:42:00,327.40500,327.46991,327.26,327.35999,39328
2026-08-07 13:41:00,327.26001,327.42001,327.20999,327.42001,40144
2026-08-07 13:40:00,327.26999,327.37,327.14499,327.28671,240476
2026-08-07 13:39:00,327.11011,327.38019,327.059998,327.31000,52721
2026-08-07 13:38:00,327.039398,327.20001,326.98999,327.17068,26603
2026-08-07 13:37:00,327.14499,327.27991,326.97000,326.98999,56853
2026-08-07 13:36:00,327.10001,327.23001,327.026001,327.17001,41115
2026-08-07 13:35:00,326.85999,327.17001,326.81009,327.089996,51127
2026-08-07 13:34:00,327.12000,327.17999,326.75,326.85001,56932
2026-08-07 13:33:00,326.89999,327.29001,326.79999,327.12000,64368
2026-08-07 13:32:00,326.97000,327.059998,326.82001,326.92999,39327
2026-08-07 13:31:00,326.95001,327.059998,326.82001,326.94000,41983
2026-08-07 13:30:00,326.98001,327.099396,326.83890,326.94000,40815
2026-08-07 13:29:00,326.91830,327.12000,326.91830,326.98999,52287
2026-08-07 13:28:00,326.73001,327.049988,326.6,326.91000,43548
2026-08-07 13:27:00,326.79001,326.82001,326.63000,326.67999,41088
2026-08-07 13:26:00,326.95999,327.019501,326.75,326.78500,35210
2026-08-07 13:25:00,326.79999,326.97281,326.54999,326.89001,66227
2026-08-07 13:24:00,327.019989,327.07,326.79001,326.82501,64076
2026-08-07 13:23:00,326.92001,327.11,326.89999,327.010101,41011
2026-08-07 13:22:00,326.79001,326.98001,326.79001,326.85001,26672
2026-08-07 13:21:00,327.040009,327.10999,326.77011,326.81500,85854
2026-08-07 13:20:00,327.10001,327.12991,327.01,327.079987,18152
2026-08-07 13:19:00,327.16000,327.21500,326.95001,327.081085,34303
2026-08-07 13:18:00,326.91000,327.28000,326.83011,327.20090,67553
2026-08-07 13:17:00,326.85001,326.92001,326.79001,326.91000,36235
2026-08-07 13:16:00,326.75500,326.99890,326.51999,326.85999,58322
2026-08-07 13:15:00,327.019989,327.019989,326.73001,326.75500,78511
2026-08-07 13:14:00,327.23001,327.25461,326.94000,326.98001,41507
2026-08-07 13:13:00,326.91010,327.26001,326.85001,327.26001,54153
2026-08-07 13:12:00,327.41000,327.44000,326.91000,326.94501,81386
2026-08-07 13:11:00,327.36499,327.68991,327.32,327.39999,30891
2026-08-07 13:10:00,327.56989,327.61249,327.31000,327.33011,40190
2026-08-07 13:09:00,327.60999,327.64001,327.31070,327.54001,43765
2026-08-07 13:08:00,327.67999,327.73999,327.56500,327.57999,21477
2026-08-07 13:07:00,327.89999,327.94989,327.65009,327.69501,51757
2026-08-07 13:06:00,327.70001,327.92999,327.69,327.88000,53978
2026-08-07 13:05:00,327.47501,327.80499,327.41000,327.70850,36139
2026-08-07 13:04:00,327.60999,327.73999,327.23001,327.47501,105671
2026-08-07 13:03:00,327.67499,327.85999,327.60001,327.63000,56921
2026-08-07 13:02:00,327.75500,327.79999,327.60001,327.68881,360262
2026-08-07 13:01:00,327.73999,327.98990,327.73001,327.73001,43481
2026-08-07 13:00:00,327.92001,328.040009,327.64999,327.70999,53329
2026-08-07 12:59:00,327.84000,328.14999,327.73001,327.88000,63847
2026-08-07 12:58:00,327.82999,327.95200,327.70151,327.85001,58553
2026-08-07 12:57:00,327.87000,328.022003,327.81009,327.84500,42395
2026-08-07 12:56:00,328.049988,328.18970,327.88000,327.88000,33057
2026-08-07 12:55:00,328.14001,328.17499,327.92001,328.0013123,48036
2026-08-07 12:54:00,328.19501,328.26990,327.96121,328.14499,34238
2026-08-07 12:53:00,327.92499,328.21420,327.85001,328.17001,30781
2026-08-07 12:52:00,327.95001,328.26001,327.82901,327.92499,62457
2026-08-07 12:51:00,328.32990,328.39999,327.92001,327.92999,58907
2026-08-07 12:50:00,327.94501,328.35001,327.91000,328.31000,69880
2026-08-07 12:49:00,328.17001,328.28989,327.81000,327.97620,109922
2026-08-07 12:48:00,328.39401,328.42999,328.12000,328.14499,46881
2026-08-07 12:47:00,328.59500,328.69000,328.35001,328.35001,26934
2026-08-07 12:46:00,328.79999,328.87,328.56000,328.63000,24421
2026-08-07 12:45:00,328.67999,328.89,328.54999,328.82001,44347
2026-08-07 12:44:00,328.49350,328.69989,328.42999,328.60999,30972
2026-08-07 12:43:00,328.42999,328.72000,328.33499,328.51501,65748
2026-08-07 12:42:00,329.095001,329.15,328.37000,328.39999,67012
2026-08-07 12:41:00,329.23999,329.40991,329.07,329.12000,53312
2026-08-07 12:40:00,329.35999,329.54999,329.20120,329.23999,36565
2026-08-07 12:39:00,329.28500,329.67,329.26999,329.39999,62934
2026-08-07 12:38:00,329.18500,329.38000,329.1,329.31989,32950
2026-08-07 12:37:00,328.82001,329.37000,328.73001,329.19501,52510
2026-08-07 12:36:00,329.19601,329.38000,328.75,328.82001,292131
2026-08-07 12:35:00,329.36261,329.42001,328.91000,329.12000,62565
2026-08-07 12:34:00,328.94000,329.42001,328.91,329.37000,106849
2026-08-07 12:33:00,328.82831,329.15561,328.76001,329.019989,92701
2026-08-07 12:32:00,328.25009,328.89001,328.2,328.86499,82479
2026-08-07 12:31:00,328.75,328.82999,328.25,328.28000,72593
2026-08-07 12:30:00,328.89001,328.96,328.44000,328.76999,69662
2026-08-07 12:29:00,328.92999,329.049988,328.72000,328.875,60946
2026-08-07 12:28:00,328.89999,329.010010,328.63000,328.96500,67174
2026-08-07 12:27:00,328.39999,329.01,328.32999,328.97000,112554
2026-08-07 12:26:00,328.92999,328.95990,328.39999,328.45999,97908
2026-08-07 12:25:00,329.35001,329.35989,328.82999,328.92999,106721
2026-08-07 12:24:00,329.82001,329.86420,329.35999,329.35999,98156
2026-08-07 12:23:00,330.16000,330.35321,329.78030,329.84790,147980
2026-08-07 12:22:00,330.20001,330.55411,330.070007,330.17499,109241
2026-08-07 12:21:00,330.64499,330.67001,330.14001,330.22501,96003
2026-08-07 12:20:00,330.64499,331.010010,330.54999,330.64499,61550
2026-08-07 12:19:00,331.22501,331.3,330.54999,330.64499,73518
2026-08-07 12:18:00,331.39999,331.42001,331.20999,331.23999,42078
2026-08-07 12:17:00,331.55499,331.59329,331.35001,331.39001,41853
2026-08-07 12:16:00,331.62000,331.68311,331.39499,331.57001,40394
2026-08-07 12:15:00,331.66989,331.79999,331.40009,331.67990,55558
2026-08-07 12:14:00,331.70001,331.89999,331.60999,331.66010,39079
2026-08-07 12:13:00,331.84500,332,331.72,331.73999,36746
2026-08-07 12:12:00,332.045013,332.089996,331.66010,331.87000,50169
2026-08-07 12:11:00,331.98001,332.10989,331.88000,332.089905,39050
2026-08-07 12:10:00,332.10001,332.26230,331.92999,331.97501,55803
2026-08-07 12:09:00,331.84000,332.088104,331.66000,332.075012,36899
2026-08-07 12:08:00,332,332.079987,331.85,331.88000,34876
2026-08-07 12:07:00,331.78000,332.14990,331.66000,332.010010,74489
2026-08-07 12:06:00,331.63000,331.78900,331.50009,331.76501,29612
2026-08-07 12:05:00,331.78000,331.82001,331.5,331.60501,63219
2026-08-07 12:04:00,331.59000,331.84000,331.35001,331.77341,53009
2026-08-07 12:03:00,331.375,331.64001,331.22000,331.56000,42897
2026-08-07 12:02:00,331.20990,331.5,331.12000,331.36499,66435
2026-08-07 12:01:00,331.040009,331.17001,330.89999,331.17001,88859
2026-08-07 12:00:00,331.63000,331.66000,330.91000,331.065002,91406
2026-08-07 11:59:00,331.73499,331.73499,331.44000,331.59000,41845
2026-08-07 11:58:00,331.54999,331.82999,331.48001,331.73499,49370
2026-08-07 11:57:00,331.86499,331.89999,331.45001,331.54999,55153
2026-08-07 11:56:00,331.77499,331.89999,331.59811,331.89999,38427
2026-08-07 11:55:00,331.77499,331.77499,331.53000,331.67999,37134
2026-08-07 11:54:00,331.81000,331.84360,331.49,331.75,54003
2026-08-07 11:53:00,332.16000,332.23990,331.51019,331.85980,112636
2026-08-07 11:52:00,332.22000,332.35001,332.019989,332.17630,50877
2026-08-07 11:51:00,332.23001,332.54999,332.12000,332.20151,77371
2026-08-07 11:50:00,331.90500,332.29001,331.89600,332.23999,76050
2026-08-07 11:49:00,331.95721,332.019989,331.57001,331.88000,48978
2026-08-07 11:48:00,331.89001,332.17001,331.86499,331.94101,119536
2026-08-07 11:47:00,331.76999,331.97000,331.54999,331.90500,69403
2026-08-07 11:46:00,331.67999,331.90891,331.59500,331.73999,51702
2026-08-07 11:45:00,331.68539,331.73001,331.51999,331.62000,41899
2026-08-07 11:44:00,331.32999,331.84000,331.30011,331.70999,79807
2026-08-07 11:43:00,331.54001,331.54001,331.26001,331.35501,63491
2026-08-07 11:42:00,331.65561,331.71500,331.45,331.51001,73084
2026-08-07 11:41:00,332,332.01,331.5,331.60999,115136
2026-08-07 11:40:00,332.10001,332.15,331.95001,332.045013,35960
2026-08-07 11:39:00,331.88000,332.29730,331.81000,332.059998,81060
2026-08-07 11:38:00,332.19501,332.29990,331.88000,331.88000,66560
2026-08-07 11:37:00,331.99451,332.29001,331.75,332.14011,89744
2026-08-07 11:36:00,332.13501,332.28,331.81000,331.98999,102595
2026-08-07 11:35:00,332.46179,332.60931,332.049988,332.13510,131582
2026-08-07 11:34:00,333.48999,333.48999,332.42999,332.49500,138173
2026-08-07 11:33:00,333.50500,333.60001,333.20001,333.42001,110373
2026-08-07 11:32:00,333.45001,333.72989,333.26999,333.51001,118643
2026-08-07 11:31:00,333.34039,333.70300,333.08,333.45999,182406
2026-08-07 11:30:00,333.20831,333.43991,333.030090,333.34000,95084
2026-08-07 11:29:00,333.29501,333.34000,332.82001,333.26999,141994
2026-08-07 11:28:00,332.92499,333.35999,332.80011,333.29999,163636
2026-08-07 11:27:00,333.024994,333.3,332.89999,332.92499,128006
2026-08-07 11:26:00,332.67499,333.14999,332.66000,333.040009,168082
2026-08-07 11:25:00,332.20999,332.78989,332.17010,332.67499,212807
2026-08-07 11:24:00,331.91000,332.28409,331.81,332.20999,158628
2026-08-07 11:23:00,331.55219,331.95001,331.40149,331.91000,149190
2026-08-07 11:22:00,331.14999,331.60001,331.010010,331.56989,161417
2026-08-07 11:21:00,330.59500,331.23001,330.56000,331.15009,123861
2026-08-07 11:20:00,330.34000,330.75,330.33881,330.59509,124934
2026-08-07 11:19:00,330.13501,330.41000,330.019989,330.41000,70044
2026-08-07 11:18:00,329.88501,330.17999,329.76001,330.13501,61225
2026-08-07 11:17:00,329.91501,330.10999,329.76001,329.85001,53660
2026-08-07 11:16:00,330.059998,330.32999,329.88,329.92999,74082
2026-08-07 11:15:00,329.81070,330.17999,329.65,330.059998,66399
2026-08-07 11:14:00,329.45999,329.88000,329.45999,329.81049,125309
2026-08-07 11:13:00,329.60001,329.79001,329.34039,329.43930,118565
2026-08-07 11:12:00,329.95999,330.17999,329.60001,329.60001,65389
2026-08-07 11:11:00,330.19501,330.43,329.88889,329.92560,71600
2026-08-07 11:10:00,330.22000,330.36990,330.059998,330.19000,40428
2026-08-07 11:09:00,330.43411,330.49991,330.019989,330.19009,86197
2026-08-07 11:08:00,330.20020,330.64999,330.18011,330.42001,63266
2026-08-07 11:07:00,330.54001,330.90991,330.17999,330.22000,130606
2026-08-07 11:06:00,331.11499,331.22000,330.47000,330.60501,83482
2026-08-07 11:05:00,330.88000,331.36020,330.86319,331.11499,124039
2026-08-07 11:04:00,330.81000,331.18991,330.47009,330.82001,180059
2026-08-07 11:03:00,330.5,330.9,330.26999,330.81000,77574
2026-08-07 11:02:00,330.63501,330.95139,330.23099,330.41550,147561
2026-08-07 11:01:00,329.88000,330.65991,329.70001,330.60049,142205
2026-08-07 11:00:00,330.0050049,330.10001,329.66199,329.85571,96997
2026-08-07 10:59:00,330.070007,330.17999,329.82001,330,71716
2026-08-07 10:58:00,329.92001,330.23999,329.77060,330.079987,121550
2026-08-07 10:57:00,329.91000,330.19989,329.85001,330,86639
2026-08-07 10:56:00,330.21500,330.59000,329.75,329.875,150376
2026-08-07 10:55:00,329.77499,330.27,329.75,330.22000,119635
2026-08-07 10:54:00,329.75,330.10001,329.64001,329.79501,116362
2026-08-07 10:53:00,329.87000,330.39001,329.64001,329.73001,99986
2026-08-07 10:52:00,329.87000,330.31000,329.75500,329.91400,139931
2026-08-07 10:51:00,330.070099,330.53500,329.77011,329.95999,191922
2026-08-07 10:50:00,329.82001,330.20001,329.69000,330.071106,171241
2026-08-07 10:49:00,330.48001,330.52991,329.25009,329.77499,267712
2026-08-07 10:48:00,330.45999,330.74939,330.23999,330.42999,209831
2026-08-07 10:47:00,329.62000,330.42999,329.61011,330.39999,176755
2026-08-07 10:46:00,329.84000,330.10001,329.3,329.62000,386027
2026-08-07 10:45:00,328.82001,329.87000,328.59000,329.81500,201947
2026-08-07 10:44:00,328.79001,328.82501,328.34009,328.73001,71989
2026-08-07 10:43:00,328.81000,328.91940,328.24350,328.85999,90138
2026-08-07 10:42:00,328.5,329.49,328.42999,328.79001,216715
2026-08-07 10:41:00,328.84000,328.89999,328.019989,328.39001,125047
2026-08-07 10:40:00,327.93500,328.91989,327.88000,328.85001,164924
2026-08-07 10:39:00,328.31009,328.35999,327.78000,327.89499,126613
2026-08-07 10:38:00,328.25500,328.60001,328.12000,328.34000,140710
2026-08-07 10:37:00,328.125,328.53,328.10999,328.26999,227189
2026-08-07 10:36:00,327.64499,328.20499,327.64499,328.125,138766
2026-08-07 10:35:00,327.71500,328.59000,327.39999,327.67001,247561
2026-08-07 10:34:00,328.28000,328.28000,327.52451,327.67001,99598
2026-08-07 10:33:00,327.67499,328.29999,327.20001,328.23999,155991
2026-08-07 10:32:00,327.29001,327.89999,327.18011,327.67499,130032
2026-08-07 10:31:00,326.88501,327.44000,326.79999,327.35300,141387
2026-08-07 10:30:00,327.17001,327.57,326.79999,326.88501,205648
2026-08-07 10:29:00,328.35999,328.41000,327.14999,327.22000,197336
2026-08-07 10:28:00,327.66000,328.45001,327.60709,328.38501,172043
2026-08-07 10:27:00,327.42999,327.76999,327.23999,327.64001,124127
2026-08-07 10:26:00,327.079987,327.45499,326.98001,327.45499,98648
2026-08-07 10:25:00,326.38501,327.35001,326.375,327.040009,166028
2026-08-07 10:24:00,326.70001,326.75989,326,326.42001,82663
2026-08-07 10:23:00,325.74500,326.79001,325.68,326.70001,120833
2026-08-07 10:22:00,326.019989,326.22000,325.60089,325.76361,149994
2026-08-07 10:21:00,325.39001,326.17001,325.39,326.040009,149855
2026-08-07 10:20:00,324.93851,325.62000,324.53500,325.48001,212374
2026-08-07 10:19:00,324.27499,324.98999,324.16010,324.92001,108324
2026-08-07 10:18:00,323.62000,324.28101,323.59052,324.27499,93682
2026-08-07 10:17:00,323.63000,324.20001,323.5,323.64001,72201
2026-08-07 10:16:00,323.52420,323.77960,323.26999,323.60999,83027
2026-08-07 10:15:00,323.13000,323.60001,322.80011,323.48001,160305
2026-08-07 10:14:00,323.92001,324.040009,323.14999,323.14999,78014
2026-08-07 10:13:00,323.75500,324.17990,323.5,323.98001,63332
2026-08-07 10:12:00,324.19180,324.19180,323.41629,323.75500,136312
2026-08-07 10:11:00,324.74509,324.89191,324.089996,324.16000,95385
2026-08-07 10:10:00,324.35999,324.76001,324.28000,324.69501,71700
2026-08-07 10:09:00,324.59000,324.62000,324.11011,324.36499,58466
2026-08-07 10:08:00,324.65500,324.97000,324.2,324.69009,68559
2026-08-07 10:07:00,324.94000,324.95871,324.36011,324.67999,72994
2026-08-07 10:06:00,324.17999,324.92999,324,324.91000,86366
2026-08-07 10:05:00,323.98199,324.50220,323.85001,324.12000,168708
2026-08-07 10:04:00,324.85001,324.92001,323.89001,323.95999,149449
2026-08-07 10:03:00,325.70999,325.88000,324.60001,324.89499,178913
2026-08-07 10:02:00,325.69000,326.08,325.5,325.72501,98118
2026-08-07 10:01:00,326.68500,326.74991,325.20999,325.79001,128677
2026-08-07 10:00:00,326.64999,326.89999,325.92001,326.72501,130468
2026-08-07 09:59:00,326.12000,326.84949,325.98001,326.57001,137894
2026-08-07 09:58:00,326.64999,326.82001,325.98019,326.089996,174294
2026-08-07 09:57:00,326.86899,327.059998,326.41000,326.66010,146244
2026-08-07 09:56:00,328.040009,328.05,326.75,326.89499,195580
2026-08-07 09:55:00,328.375,328.48999,327.72000,328.070007,189579
2026-08-07 09:54:00,328.18500,328.56,328.019989,328.38000,150459
2026-08-07 09:53:00,328.57001,328.66000,327.82999,328.19000,130686
2026-08-07 09:52:00,328.029999,328.92001,327.85001,328.63300,204474
2026-08-07 09:51:00,328.37000,328.5,327.34000,328.075012,179509
2026-08-07 09:50:00,326.92999,328.42001,326.92001,328.40839,267148
2026-08-07 09:49:00,326.88000,327.19000,326.75,326.98999,162930
2026-08-07 09:48:00,326.85001,327.60001,326.67700,326.87000,286174
2026-08-07 09:47:00,326.94000,327.23001,326.32281,326.86661,249147
2026-08-07 09:46:00,326.85501,327.040009,325.91000,326.90009,193847
2026-08-07 09:45:00,326.26001,327.079987,326.070007,326.83401,236585
2026-08-07 09:44:00,325.88000,326.55,325.75009,326.26001,154058
2026-08-07 09:43:00,325.39499,326.36789,325.15451,325.82001,220540
2026-08-07 09:42:00,324.79501,325.4,324.50009,325.39499,164860
2026-08-07 09:41:00,325.35501,325.76990,324.35001,324.71011,229224
2026-08-07 09:40:00,324.029999,325.88000,324.029999,325.35501,357590
2026-08-07 09:39:00,323.76501,324.54999,323.54999,324.089996,205008
2026-08-07 09:38:00,322.48001,323.8,322.41,323.77499,153717
2026-08-07 09:37:00,322.039886,322.63000,321.85010,322.42499,74600
2026-08-07 09:36:00,322.29999,322.93991,321.85001,322,137477
2026-08-07 09:35:00,321.71500,322.47000,321.29001,322.39999,145122
2026-08-07 09:34:00,321.88000,322.32999,321.25079,321.83990,141662
2026-08-07 09:33:00,323.83499,324.29001,321.57999,321.98499,254701
2026-08-07 09:32:00,323.52499,324.31000,323.16000,323.83499,170549
2026-08-07 09:31:00,323.41501,324.41000,322.20001,323.48001,230897
2026-08-07 09:30:00,322.33499,323.45999,321.95999,323.41501,1021960
2026-08-06 15:59:00,319.64001,319.79001,319.32999,319.62000,405236
2026-08-06 15:58:00,319.78500,319.88000,319.60999,319.63501,165058
2026-08-06 15:57:00,319.70999,319.98001,319.66000,319.76599,135698
2026-08-06 15:56:00,319.76001,320.019989,319.56000,319.73901,134085
2026-08-06 15:55:00,319.29001,320.14001,319.29001,319.72949,193081
2026-08-06 15:54:00,319.045013,319.57999,318.92999,319.42001,88057
2026-08-06 15:53:00,318.67999,319.20001,318.57999,319.045013,105538
2026-08-06 15:52:00,318.54001,318.79999,318.41000,318.64999,56491
2026-08-06 15:51:00,318.57999,318.75,318.5,318.54001,59133
2026-08-06 15:50:00,318.63000,318.73001,318.31000,318.56000,59653
2026-08-06 15:49:00,318.63000,318.69,318.51999,318.66501,37555
2026-08-06 15:48:00,318.53000,318.67001,318.47000,318.57001,35756
2026-08-06 15:47:00,318.54800,318.69000,318.48999,318.49011,32540
2026-08-06 15:46:00,318.78000,318.85989,318.5,318.54999,40830
2026-08-06 15:45:00,318.82001,318.85999,318.54999,318.82501,37160
2026-08-06 15:44:00,318.59009,318.81989,318.54999,318.76501,69423
2026-08-06 15:43:00,318.47339,318.72000,318.45999,318.59000,28826
2026-08-06 15:42:00,318.67001,318.68500,318.45001,318.56000,206585
2026-08-06 15:41:00,318.75,318.81,318.60001,318.72000,30373
2026-08-06 15:40:00,318.66501,318.83499,318.59000,318.76501,108345
2026-08-06 15:39:00,318.87000,318.95001,318.64999,318.67999,50334
2026-08-06 15:38:00,319.23001,319.26001,318.87000,318.87000,38765
2026-08-06 15:37:00,319.34000,319.39999,319.20001,319.20001,26901
2026-08-06 15:36:00,319.39001,319.45001,319.16061,319.35999,39095
2026-08-06 15:35:00,319.70999,319.73990,319.39001,319.39001,35050
2026-08-06 15:34:00,319.60001,319.75,319.45001,319.70001,42980
2026-08-06 15:33:00,319.67999,319.74500,319.60001,319.62000,43500
2026-08-06 15:32:00,319.86499,319.97000,319.63000,319.67499,57813
2026-08-06 15:31:00,319.62000,319.88980,319.39999,319.86499,8592
2026-08-06 15:30:00,318.79999,319.70001,318.64130,319.64001,80601
2026-08-06 15:29:00,318.92999,318.98001,318.73001,318.76999,31514
2026-08-06 15:28:00,318.75,319.02,318.72000,319.015015,30235
2026-08-06 15:27:00,318.75,318.92999,318.69000,318.76001,35687
2026-08-06 15:26:00,318.75,318.88000,318.63,318.69049,30200
2026-08-06 15:25:00,318.93011,318.95001,318.64001,318.70001,69099
2026-08-06 15:24:00,319.38910,319.39899,318.94711,318.94711,34054
2026-08-06 15:23:00,319.25,319.48001,319.23999,319.375,19597
2026-08-06 15:22:00,319.22000,319.29999,319.13501,319.26501,27371
2026-08-06 15:21:00,319.19000,319.54001,319.17001,319.20001,32898
2026-08-06 15:20:00,319.16000,319.23999,319.10001,319.19000,21224
2026-08-06 15:19:00,319.17001,319.3,319.12000,319.18161,25370
2026-08-06 15:18:00,319.10999,319.22000,319.01,319.20001,31856
2026-08-06 15:17:00,319.10999,319.20001,319.049988,319.10999,18954
2026-08-06 15:16:00,319.13000,319.28000,319,319.14001,35821
2026-08-06 15:15:00,319.040009,319.17001,319.040009,319.13000,229722
2026-08-06 15:14:00,319.25,319.29999,319.016998,319.059998,30555
2026-08-06 15:13:00,319.57999,319.58350,319.20999,319.28000,39841
2026-08-06 15:12:00,319.50500,319.69000,319.45999,319.53149,32348
2026-08-06 15:11:00,319.67001,319.67001,319.45,319.45001,30052
2026-08-06 15:10:00,319.70319,319.82941,319.62000,319.64999,31842
2026-08-06 15:09:00,319.61670,319.79001,319.61011,319.72000,28128
2026-08-06 15:08:00,319.31500,319.82001,319.20001,319.67499,58713
2026-08-06 15:07:00,319.48499,319.5,319.26010,319.31000,32830
2026-08-06 15:06:00,319.53000,319.64001,319.44000,319.47501,34056
2026-08-06 15:05:00,319.39499,319.70999,319.37000,319.45081,59197
2026-08-06 15:04:00,319.25,319.42001,319.20001,319.39001,32825
2026-08-06 15:03:00,319.26010,319.38000,319.2,319.23001,56989
2026-08-06 15:02:00,319.23001,319.38000,319.20001,319.29501,48983
2026-08-06 15:01:00,318.98001,319.22000,318.98,319.22000,38170
2026-08-06 15:00:00,318.72000,319,318.69000,318.97000,50022
2026-08-06 14:59:00,318.79001,318.79990,318.59500,318.75,18362
2026-08-06 14:58:00,318.81000,318.95999,318.70010,318.78000,28932
2026-08-06 14:57:00,318.63000,318.85889,318.57999,318.83499,25138
2026-08-06 14:56:00,318.73001,318.79999,318.64999,318.72000,38957
2026-08-06 14:55:00,318.69000,318.76001,318.60999,318.70999,19200
2026-08-06 14:54:00,318.80701,318.82001,318.66000,318.70001,14681
2026-08-06 14:53:00,318.70001,318.85999,318.64001,318.79340,17006
2026-08-06 14:52:00,318.72000,318.79999,318.66000,318.73999,19568
2026-08-06 14:51:00,318.85001,318.85599,318.67001,318.73999,11810
2026-08-06 14:50:00,318.57001,318.86169,318.56000,318.86169,23498
2026-08-06 14:49:00,318.67001,318.76999,318.54999,318.63000,20899
2026-08-06 14:48:00,318.66000,318.89001,318.60999,318.73999,35970
2026-08-06 14:47:00,318.79999,318.79999,318.53000,318.64999,19876
2026-08-06 14:46:00,318.73999,318.87000,318.70001,318.77499,26205
2026-08-06 14:45:00,318.60999,318.84000,318.56000,318.69000,31740
2026-08-06 14:44:00,318.62000,318.72000,318.45001,318.56000,334078
2026-08-06 14:43:00,318.20001,318.62000,318.20001,318.62000,39567
2026-08-06 14:42:00,318.26700,318.3,318.19,318.26999,35166
2026-08-06 14:41:00,318.38071,318.51181,318.29001,318.29999,26641
2026-08-06 14:40:00,318.32501,318.39999,318.25,318.35999,16975
2026-08-06 14:39:00,318.37000,318.42999,318.26999,318.35001,26519
2026-08-06 14:38:00,318.57999,318.58990,318.29999,318.32999,31977
2026-08-06 14:37:00,318.56500,318.62000,318.5,318.57001,13372
2026-08-06 14:36:00,318.53000,318.64999,318.53000,318.56500,11721
2026-08-06 14:35:00,318.48499,318.73999,318.44180,318.53000,25399
2026-08-06 14:34:00,318.54001,318.66000,318.39999,318.48001,36535
2026-08-06 14:33:00,318.70999,318.78989,318.54340,318.62000,41353
2026-08-06 14:32:00,318.57501,318.83990,318.51910,318.76001,38516
2026-08-06 14:31:00,318.60001,318.64999,318.44000,318.57501,21561
2026-08-06 14:30:00,318.55499,318.73999,318.5,318.60001,35639
2026-08-06 14:29:00,318.82001,318.84000,318.51,318.57809,39160
2026-08-06 14:28:00,318.75500,318.85999,318.70999,318.79999,27887
2026-08-06 14:27:00,318.70499,318.82999,318.57999,318.75,21649
2026-08-06 14:26:00,318.66040,318.83789,318.64999,318.72989,29508
2026-08-06 14:25:00,318.79999,318.91000,318.66000,318.69000,43160
2026-08-06 14:24:00,318.84000,318.89001,318.67999,318.77560,30872
2026-08-06 14:23:00,319.029907,319.14999,318.79999,318.82999,28851
2026-08-06 14:22:00,319.059998,319.19000,318.92001,318.97501,33914
2026-08-06 14:21:00,318.85999,319.20001,318.79999,319.125,63408
2026-08-06 14:20:00,318.71500,318.86,318.63000,318.79001,36013
2026-08-06 14:19:00,318.79501,318.85,318.64999,318.69501,31374
2026-08-06 14:18:00,318.57980,318.88000,318.5,318.79999,42651
2026-08-06 14:17:00,318.64999,318.81000,318.48999,318.57999,47802
2026-08-06 14:16:00,318.375,318.69000,318.049988,318.66000,74062
2026-08-06 14:15:00,318.48499,318.64999,318.35999,318.35999,41019
2026-08-06 14:14:00,318.31000,318.59000,318.22000,318.47000,38625
2026-08-06 14:13:00,318.34000,318.35001,318.17001,318.34500,31517
2026-08-06 14:12:00,318.25500,318.48999,318.20999,318.31000,29270
2026-08-06 14:11:00,318.26001,318.32001,318.14001,318.23001,28401
2026-08-06 14:10:00,318.375,318.39999,318.22000,318.26001,30733
2026-08-06 14:09:00,318.26001,318.39001,318.10001,318.375,40663
2026-08-06 14:08:00,318.42990,318.48990,318.23001,318.26001,33702
2026-08-06 14:07:00,318.31000,318.42999,318.29999,318.41000,21717
2026-08-06 14:06:00,318.22000,318.41000,318.070007,318.35501,35020
2026-08-06 14:05:00,318.28000,318.29999,318.11679,318.20499,30780
2026-08-06 14:04:00,318.10001,318.26001,318.029999,318.26001,31799
2026-08-06 14:03:00,317.85999,318.098999,317.85999,318.089996,29405
2026-08-06 14:02:00,318.10001,318.14999,317.79700,317.92999,44624
2026-08-06 14:01:00,318.35001,318.42001,318.059998,318.10999,34759
2026-08-06 14:00:00,318.31000,318.42001,318.10999,318.42001,40747
2026-08-06 13:59:00,318.31000,318.42001,318.23001,318.39999,18641
2026-08-06 13:58:00,318.43500,318.51001,318.32501,318.35001,34160
2026-08-06 13:57:00,318.089996,318.48001,318.0010071,318.43500,57380
2026-08-06 13:56:00,318.14001,318.24991,317.95999,318.000091553,25843
2026-08-06 13:55:00,318.089996,318.29999,318.040009,318.14001,43470
2026-08-06 13:54:00,318.14999,318.19000,317.99,318.14001,21615
2026-08-06 13:53:00,318.15149,318.20999,317.97000,318.14999,34027
2026-08-06 13:52:00,317.81000,318.21991,317.73001,318.080109,47727
2026-08-06 13:51:00,317.60001,317.92001,317.56009,317.85501,38639
2026-08-06 13:50:00,317.64999,317.70001,317.54999,317.64001,25560
2026-08-06 13:49:00,317.82001,317.88000,317.57501,317.57999,29579
2026-08-06 13:48:00,317.87991,317.92999,317.64011,317.75500,39582
2026-08-06 13:47:00,317.95001,318.040009,317.77390,317.85999,57745
2026-08-06 13:46:00,317.85999,317.95999,317.76999,317.89999,32227
2026-08-06 13:45:00,317.42001,318.0098877,317.42001,317.95001,77286
2026-08-06 13:44:00,317.48999,317.54999,317.34000,317.48419,30564
2026-08-06 13:43:00,317.72000,317.72000,317.37,317.54001,24486
2026-08-06 13:42:00,317.45990,317.72000,317.35001,317.70001,39646
2026-08-06 13:41:00,317.41000,317.50250,317.26001,317.39999,54239
2026-08-06 13:40:00,317.70001,317.73999,317.39001,317.45209,59531
2026-08-06 13:39:00,317.79501,317.91000,317.63000,317.68280,23861
2026-08-06 13:38:00,317.82999,317.95001,317.67999,317.79999,34302
2026-08-06 13:37:00,317.88000,318.0079956,317.76001,317.79501,20914
2026-08-06 13:36:00,317.78000,317.92999,317.71011,317.88000,18907
2026-08-06 13:35:00,317.87000,318,317.73999,317.75,28579
2026-08-06 13:34:00,317.78500,317.98001,317.70999,317.87000,30089
2026-08-06 13:33:00,317.94000,317.98999,317.73001,317.76501,33729
2026-08-06 13:32:00,317.95001,318.079987,317.87000,317.89999,52539
2026-08-06 13:31:00,318.045013,318.10999,317.87000,317.96991,25137
2026-08-06 13:30:00,317.90500,318.20001,317.82999,318.045013,36230
2026-08-06 13:29:00,318.037994,318.25,317.88000,317.91000,28968
2026-08-06 13:28:00,318.049988,318.25,317.89999,318.084991,53925
2026-08-06 13:27:00,318.021515,318.070007,317.92999,318.029999,30088
2026-08-06 13:26:00,318.089905,318.14001,317.89011,317.97000,25374
2026-08-06 13:25:00,317.82001,318.089996,317.82001,318.054993,27604
2026-08-06 13:24:00,318.20001,318.20840,317.76999,317.875,31274
2026-08-06 13:23:00,318.089996,318.27991,317.95999,318.20001,30235
2026-08-06 13:22:00,317.79501,318.17999,317.70999,318.10001,74021
2026-08-06 13:21:00,318.16000,318.20001,317.75,317.79001,96507
2026-08-06 13:20:00,318.14001,318.28000,318.029999,318.10999,38942
2026-08-06 13:19:00,318.35001,318.35999,318.079987,318.18839,56030
2026-08-06 13:18:00,318.40500,318.46500,318.23,318.34000,35871
2026-08-06 13:17:00,318.39999,318.51001,318.32001,318.42999,18649
2026-08-06 13:16:00,318.39999,318.51990,318.33759,318.35999,26459
2026-08-06 13:15:00,318.45001,318.57001,318.30011,318.39999,35613
2026-08-06 13:14:00,318.54999,318.69000,318.35,318.48001,34440
2026-08-06 13:13:00,318.67999,318.82001,318.5,318.56500,34296
2026-08-06 13:12:00,318.57501,318.67999,318.45001,318.67941,26354
2026-08-06 13:11:00,318.60999,318.67001,318.39999,318.62000,19330
2026-08-06 13:10:00,318.51001,318.70999,318.47000,318.64990,44183
2026-08-06 13:09:00,318.56030,318.69000,318.51999,318.54999,22511
2026-08-06 13:08:00,318.66000,318.73361,318.54999,318.56500,34107
2026-08-06 13:07:00,318.92001,318.95001,318.60001,318.72501,50566
2026-08-06 13:06:00,319.23999,319.29999,318.89999,318.91501,20369
2026-08-06 13:05:00,318.73450,319.23999,318.62000,319.23001,47195
2026-08-06 13:04:00,318.79999,319.019989,318.64999,318.70001,52161
2026-08-06 13:03:00,318.85501,319.010010,318.80499,318.85999,29563
2026-08-06 13:02:00,319.14999,319.22000,318.76001,318.86499,35619
2026-08-06 13:01:00,319.36749,319.45001,319.13000,319.14999,36803
2026-08-06 13:00:00,319,319.44989,318.96500,319.41989,65684
2026-08-06 12:59:00,318.85999,319.040009,318.85999,318.96500,24376
2026-08-06 12:58:00,318.79001,318.92,318.70999,318.90091,23917
2026-08-06 12:57:00,318.90500,318.94989,318.70999,318.75500,31287
2026-08-06 12:56:00,318.97000,319,318.79999,318.90500,24383
2026-08-06 12:55:00,318.70001,318.94000,318.66010,318.80200,26055
2026-08-06 12:54:00,318.92001,319.040009,318.54001,318.72000,49684
2026-08-06 12:53:00,319.17999,319.26001,318.84000,318.98999,24173
2026-08-06 12:52:00,319.17001,319.34500,319.060089,319.11011,35737
2026-08-06 12:51:00,318.64001,319.37000,318.62000,319.10999,74233
2026-08-06 12:50:00,318.74500,318.89990,318.60999,318.70001,36835
2026-08-06 12:49:00,318.57629,318.76001,318.44000,318.76001,34224
2026-08-06 12:48:00,318.48999,318.75,318.29999,318.62000,37414
2026-08-06 12:47:00,318.28000,318.5,318.10999,318.47000,36496
2026-08-06 12:46:00,318.60999,318.62000,318.19000,318.22211,90755
2026-08-06 12:45:00,318.54001,318.85999,318.54001,318.59000,27453
2026-08-06 12:44:00,318.60999,318.70999,318.54001,318.59500,42169
2026-08-06 12:43:00,319.059998,319.10999,318.60999,318.64999,34741
2026-08-06 12:42:00,318.81000,319.09,318.72000,319,32686
2026-08-06 12:41:00,318.90500,319.058685,318.57999,318.86499,39777
2026-08-06 12:40:00,319.20999,319.20999,318.85001,318.89999,32392
2026-08-06 12:39:00,319.051300,319.21991,318.89999,319.12000,50650
2026-08-06 12:38:00,318.92999,319.13000,318.92001,319,34324
2026-08-06 12:37:00,318.79999,319.13000,318.63000,318.92999,43440
2026-08-06 12:36:00,318.67999,318.94,318.54001,318.82001,29907
2026-08-06 12:35:00,318.73499,318.86,318.56000,318.69000,30818
2026-08-06 12:34:00,318.57999,318.79999,318.56000,318.69000,33682
2026-08-06 12:33:00,318.85001,318.89999,318.5,318.63000,49483
2026-08-06 12:32:00,318.91000,319.11990,318.79999,318.84100,35731
2026-08-06 12:31:00,318.88000,319.12000,318.75,318.95001,43524
2026-08-06 12:30:00,318.57999,318.98001,318.51001,318.92810,34506
2026-08-06 12:29:00,318.55499,318.79999,318.5,318.61670,39633
2026-08-06 12:28:00,318.89001,318.89001,318.56000,318.56000,38392
2026-08-06 12:27:00,318.60001,318.94000,318.54001,318.86499,43468
2026-08-06 12:26:00,318.42999,318.64999,318.35001,318.64999,27487
2026-08-06 12:25:00,318.74500,318.76001,318.41000,318.48999,36083
2026-08-06 12:24:00,318.57999,318.79999,318.32999,318.70999,35122
2026-08-06 12:23:00,318.50009,318.67001,318.34500,318.57999,41080
2026-08-06 12:22:00,318.79999,319,318.42001,318.58499,41405
2026-08-06 12:21:00,318.57999,319.12000,318.45001,318.79211,41470
2026-08-06 12:20:00,318.64990,318.75,318.42999,318.57001,33790
2026-08-06 12:19:00,318.79999,318.88000,318.64999,318.64999,26096
2026-08-06 12:18:00,318.54501,318.95999,318.41000,318.79999,56606
2026-08-06 12:17:00,318.41000,318.67990,318.39999,318.51501,48718
2026-08-06 12:16:00,318.70001,318.70001,318.29501,318.5,66335
2026-08-06 12:15:00,318.81000,318.92001,318.69501,318.72000,43682
2026-08-06 12:14:00,318.89999,319.059906,318.64050,318.76501,65767
2026-08-06 12:13:00,319.18500,319.23999,318.91000,318.91000,76638
2026-08-06 12:12:00,319.13000,319.28989,319,319.12000,52475
2026-08-06 12:11:00,319.57001,319.57001,319.12000,319.20001,47724
2026-08-06 12:10:00,319.42999,319.69000,319.42999,319.47000,33907
2026-08-06 12:09:00,319.42499,319.51999,319.079987,319.48001,51422
2026-08-06 12:08:00,319.64001,319.98880,319.32001,319.42499,48825
2026-08-06 12:07:00,319.19000,319.85999,319.13699,319.67499,71192
2026-08-06 12:06:00,319.070007,319.23001,318.90009,319.22781,43499
2026-08-06 12:05:00,319,319.22000,318.79999,319.13501,30683
2026-08-06 12:04:00,318.78000,319.079987,318.57999,319.070007,53353
2026-08-06 12:03:00,319.12000,319.17999,318.78000,318.79001,62440
2026-08-06 12:02:00,318.99500,319.28000,318.89999,319.125,63593
2026-08-06 12:01:00,319.29999,319.34000,318.89001,318.99500,99415
2026-08-06 12:00:00,319.75,319.79999,319.35001,319.35001,58203
2026-08-06 11:59:00,320.079987,320.14999,319.56000,319.64999,47243
2026-08-06 11:58:00,320.23499,320.32001,319.89999,320.079987,36536
2026-08-06 11:57:00,320.059998,320.34149,319.95001,320.30991,42743
2026-08-06 11:56:00,319.88000,320.26999,319.82001,320.10001,59233
2026-08-06 11:55:00,319.74500,319.86,319.44000,319.78729,61947
2026-08-06 11:54:00,320,320.32001,319.60001,319.76169,56355
2026-08-06 11:53:00,320.26001,320.44000,319.87000,320.089905,57589
2026-08-06 11:52:00,320.87000,320.89999,320.25,320.31000,47984
2026-08-06 11:51:00,321.20999,321.23990,320.65009,320.87000,35400
2026-08-06 11:50:00,320.99500,321.56000,320.98001,321.25,79494
2026-08-06 11:49:00,321.39990,321.41199,320.92999,321.0085144,46854
2026-08-06 11:48:00,320.85001,321.38000,320.72000,321.36499,44268
2026-08-06 11:47:00,320.98999,321.16000,320.87000,320.93500,27856
2026-08-06 11:46:00,320.54501,321,320.41000,320.89999,25993
2026-08-06 11:45:00,320.41000,320.67001,320.37000,320.5,34496
2026-08-06 11:44:00,320.73071,320.94000,320.44000,320.48001,28108
2026-08-06 11:43:00,320.54001,320.84000,320.22198,320.70999,49595
2026-08-06 11:42:00,320.59009,320.69000,320.39999,320.54001,29814
2026-08-06 11:41:00,320.89001,320.95001,320.51001,320.64999,34260
2026-08-06 11:40:00,320.78000,320.94,320.67999,320.84000,15031
2026-08-06 11:39:00,320.79001,321.010010,320.75,320.79999,26505
2026-08-06 11:38:00,321,321.019989,320.72000,320.73001,24809
2026-08-06 11:37:00,320.73001,321.10999,320.51001,321.040009,34429
2026-08-06 11:36:00,321.019989,321.14999,320.67999,320.72000,43558
2026-08-06 11:35:00,320.73291,321,320.60001,320.96500,31088
2026-08-06 11:34:00,321.23431,321.27,320.62000,320.69000,36411
2026-08-06 11:33:00,321.26999,321.28000,320.82999,321.20999,58419
2026-08-06 11:32:00,321.625,321.625,321.20001,321.27499,54057
2026-08-06 11:31:00,322.079987,322.13000,321.60999,321.60999,19431
2026-08-06 11:30:00,321.70001,322.28000,321.60001,322.010010,66878
2026-08-06 11:29:00,321.65799,321.73001,321.47311,321.70001,23388
2026-08-06 11:28:00,321.47000,321.72000,321.28500,321.72000,34107
2026-08-06 11:27:00,321.38000,321.79999,321.37,321.44000,43257
2026-08-06 11:26:00,321.45999,321.60001,321.37631,321.44501,52167
2026-08-06 11:25:00,321.17999,321.56000,321.019989,321.38501,49060
2026-08-06 11:24:00,321.26001,321.54001,321.10001,321.23001,34632
2026-08-06 11:23:00,320.92499,321.35,320.79001,321.29999,58283
2026-08-06 11:22:00,321.17999,321.20001,320.89001,320.89001,43704
2026-08-06 11:21:00,321.67999,321.67999,321.089996,321.25,49923
2026-08-06 11:20:00,321.26501,321.82999,321.21030,321.63000,52689
2026-08-06 11:19:00,321.81000,321.92999,321.19000,321.32990,73156
2026-08-06 11:18:00,322.22000,322.39001,320,321.89001,279383
2026-08-06 11:17:00,322.85999,323,322.23819,322.23819,71638
2026-08-06 11:16:00,322.65051,322.85999,322.5,322.85950,54003
2026-08-06 11:15:00,322.39999,322.70999,322.28000,322.61011,61410
2026-08-06 11:14:00,322.21121,322.45001,322.019989,322.28000,48473
2026-08-06 11:13:00,322.23080,322.29999,321.89999,322.25500,77923
2026-08-06 11:12:00,322.64999,322.77991,322.19009,322.20499,35571
2026-08-06 11:11:00,322.84000,322.92001,322.57001,322.71500,34756
2026-08-06 11:10:00,322.75,322.94000,322.60001,322.79001,42302
2026-08-06 11:09:00,322.44000,322.75,322.12000,322.69000,49190
2026-08-06 11:08:00,322.81500,322.95999,322.44000,322.45001,63342
2026-08-06 11:07:00,322.18500,323,322.040009,322.78000,190809
2026-08-06 11:06:00,321.81000,322.26999,321.59000,322.18500,45825
2026-08-06 11:05:00,321.42499,321.98001,321.42499,321.80499,43894
2026-08-06 11:04:00,320.87000,321.54001,320.82260,321.44101,62887
2026-08-06 11:03:00,321.63000,321.67999,320.79999,320.79999,101483
2026-08-06 11:02:00,322.089996,322.089996,321.59000,321.63000,62143
2026-08-06 11:01:00,322.37000,322.37000,321.89999,322.024994,70920
2026-08-06 11:00:00,322.019989,322.76001,322.019989,322.35001,108783
2026-08-06 10:59:00,321.67001,322.23999,321.62000,322.019989,113442
2026-08-06 10:58:00,321.23999,321.79999,321.23999,321.64999,99790
2026-08-06 10:57:00,321.019989,321.48001,320.85001,321.26001,66778
2026-08-06 10:56:00,320.31000,321.075500,320.21011,321.019989,96103
2026-08-06 10:55:00,320.089996,320.28000,319.97769,320.25,62093
2026-08-06 10:54:00,319.13879,320.10999,319.10001,320.049988,66806
2026-08-06 10:53:00,319.19000,319.54001,319.10001,319.16000,38563
2026-08-06 10:52:00,319.26999,319.57001,319.20010,319.23001,42194
2026-08-06 10:51:00,319.70999,319.82999,319.14999,319.25610,44500
2026-08-06 10:50:00,319.22000,319.76001,319.019989,319.72501,78321
2026-08-06 10:49:00,319.57999,319.65741,319.059998,319.26501,67882
2026-08-06 10:48:00,319.67001,319.73990,319.44000,319.57501,38935
2026-08-06 10:47:00,319.38000,319.91989,319.26999,319.64001,83836
2026-08-06 10:46:00,319.84000,319.86,319.23999,319.32999,87843
2026-08-06 10:45:00,320.28000,320.39001,319.64,319.76999,119719
2026-08-06 10:44:00,321.029999,321.10999,320.27109,320.29910,54274
2026-08-06 10:43:00,321.019989,321.22000,320.87000,321.011414,39318
2026-08-06 10:42:00,321.29501,322.070007,320.78009,321,118005
2026-08-06 10:41:00,321.054993,321.32001,321,321.29501,58803
2026-08-06 10:40:00,320.51999,321.25,320.51999,321.029999,82425
2026-08-06 10:39:00,320.84500,320.87991,320.39999,320.55499,55149
2026-08-06 10:38:00,321.25,321.35999,320.79001,320.88000,63964
2026-08-06 10:37:00,321.57001,321.59000,320.75,321.26999,81788
2026-08-06 10:36:00,321.78000,321.87000,321.29999,321.54001,76012
2026-08-06 10:35:00,321.71500,322.14999,321.54999,321.79001,133993
2026-08-06 10:34:00,321.67499,321.82001,321.26001,321.71500,91638
2026-08-06 10:33:00,321.095001,321.70001,321.079987,321.67499,79661
2026-08-06 10:32:00,320.89999,321.18991,320.68930,321.070007,50850
2026-08-06 10:31:00,321.21500,321.37000,320.51001,320.84500,85983
2026-08-06 10:30:00,320.82999,321.29999,320.76001,321.20999,96398
2026-08-06 10:29:00,320.73001,320.78500,320.25,320.76999,105184
2026-08-06 10:28:00,320.82001,320.91000,320.60001,320.69000,72331
2026-08-06 10:27:00,320.97000,321.10809,320.73001,320.81000,71898
2026-08-06 10:26:00,321.26001,321.45999,320.75,320.91031,67317
2026-08-06 10:25:00,321.054993,321.44989,320.81000,321.28250,69385
2026-08-06 10:24:00,321.040009,321.39999,320.98999,321.054993,62452
2026-08-06 10:23:00,321.049988,321.39859,320.98499,321.089996,85933
2026-08-06 10:22:00,321.17001,321.37000,320.98999,321,102305
2026-08-06 10:21:00,321.42001,321.54999,321.10999,321.22501,77727
2026-08-06 10:20:00,321.69989,321.94000,321.37000,321.45499,105881
2026-08-06 10:19:00,321.48999,321.73001,321.049988,321.63000,108034
2026-08-06 10:18:00,320.95490,321.53989,320.81000,321.5,98943
2026-08-06 10:17:00,320.62000,321.15991,320.56000,320.94000,61995
2026-08-06 10:16:00,320.95999,321,320.51999,320.65991,75520
2026-08-06 10:15:00,321.13000,321.29901,320.57001,321.029999,89264
2026-08-06 10:14:00,320.70499,321.29999,320.67499,321.10001,162000
2026-08-06 10:13:00,320.29001,320.79999,320.19000,320.68799,73972
2026-08-06 10:12:00,320.46951,320.64001,320.20001,320.26849,93754
2026-08-06 10:11:00,319.97760,320.47000,319.97760,320.42001,65420
2026-08-06 10:10:00,320.12000,320.35989,319.95999,320.028290,69214
2026-08-06 10:09:00,320.089996,320.19989,319.76999,320.125,92169
2026-08-06 10:08:00,319.79999,320.25800,319.72000,320.065002,55598
2026-08-06 10:07:00,319.60001,320.010010,319.54999,319.75500,54522
2026-08-06 10:06:00,319.81000,320.079987,319.45001,319.60001,64138
2026-08-06 10:05:00,320.079987,320.42999,319.79999,319.85001,69035
2026-08-06 10:04:00,319.35721,320.20999,319.34000,320.11301,88297
2026-08-06 10:03:00,319.81000,319.97000,319.22000,319.32001,90010
2026-08-06 10:02:00,320.22501,320.50989,319.72000,319.81900,84945
2026-08-06 10:01:00,320.34000,320.48001,320.12000,320.25,56854
2026-08-06 10:00:00,320.23001,320.68500,320.029999,320.33990,75189
2026-08-06 09:59:00,320.59000,320.70001,320.22000,320.23001,64731
2026-08-06 09:58:00,320.18188,320.88000,319.92001,320.61450,93843
2026-08-06 09:57:00,319.75,320.29001,319.70499,320.20001,84311
2026-08-06 09:56:00,319.92999,320.32999,319.60999,319.75,88526
2026-08-06 09:55:00,319.32999,320.10001,319.21011,319.97000,112667
2026-08-06 09:54:00,319.58499,319.78000,319.20010,319.33499,68274
2026-08-06 09:53:00,319,319.78000,318.85010,319.55991,123124
2026-08-06 09:52:00,319.19000,319.27280,318.82999,319.010010,53960
2026-08-06 09:51:00,318.75,319.34970,318.60001,319.15530,76861
2026-08-06 09:50:00,318.57031,319.029999,318.57031,318.86990,66698
2026-08-06 09:49:00,318.66501,318.88000,318.25,318.59000,83785
2026-08-06 09:48:00,319.070007,319.32999,318.53000,318.66501,76708
2026-08-06 09:47:00,318.95499,319.28000,318.88849,319.010010,83740
2026-08-06 09:46:00,318.42001,319.049988,318.24509,318.97501,82789
2026-08-06 09:45:00,318.35501,318.51,318.040009,318.42001,78524
2026-08-06 09:44:00,318.23499,318.79999,317.89999,318.44000,95143
2026-08-06 09:43:00,318.19000,318.48990,317.64499,318.23999,130982
2026-08-06 09:42:00,318.71051,318.91000,317.73999,318.23999,137934
2026-08-06 09:41:00,319.059998,319.35001,318.26959,318.67001,99787
2026-08-06 09:40:00,319.040497,319.45,318.76001,319.0050049,196174
2026-08-06 09:39:00,318.85001,319.17001,318.54999,319.045013,92069
2026-08-06 09:38:00,318.57999,319.26999,318.35770,318.79999,129740
2026-08-06 09:37:00,318.65302,318.90240,318.31000,318.60001,92261
2026-08-06 09:36:00,318.10001,318.94000,318.095,318.69000,120216
2026-08-06 09:35:00,318.015015,318.64001,317.19,318.089996,164501
2026-08-06 09:34:00,317.12000,318.57001,317.075012,318.089996,211309
2026-08-06 09:33:00,316.65750,317.32001,316.35999,317.089996,141849
2026-08-06 09:32:00,316.31500,317.17001,315.52051,316.67001,145985
2026-08-06 09:31:00,316.73999,317.45001,315.70999,316.31500,209245
2026-08-06 09:30:00,317.049988,318.13000,315.81000,316.82999,1102316
2026-08-05 15:59:00,321.92999,321.94000,321.22000,321.45999,550460
2026-08-05 15:58:00,321.99500,322.035,321.88000,321.89001,222202
2026-08-05 15:57:00,322.32001,322.35999,321.89011,321.96500,28480
2026-08-05 15:56:00,322.59000,322.59000,322.16000,322.29001,146072
2026-08-05 15:55:00,322.070007,322.79291,321.98,322.51999,165985
2026-08-05 15:54:00,321.94000,321.98001,321.64999,321.92999,112759
2026-08-05 15:53:00,322.20001,322.22000,321.91000,321.97501,68926
2026-08-05 15:52:00,322.22000,322.29999,322.089996,322.15500,61279
2026-08-05 15:51:00,322.20499,322.32501,322.089996,322.22000,416517
2026-08-05 15:50:00,321.81000,322.29001,321.73010,322.29001,80948
2026-08-05 15:49:00,321.79001,321.88000,321.62000,321.79999,385115
2026-08-05 15:48:00,321.87000,321.91000,321.70010,321.79001,49805
2026-08-05 15:47:00,322.010010,322.10001,321.75,321.89999,56654
2026-08-05 15:46:00,322.28000,322.32999,322.010010,322.035004,44294
2026-08-05 15:45:00,322.10999,322.39001,322.10999,322.28500,52410
2026-08-05 15:44:00,322.35999,322.39999,322.060089,322.16000,35958
2026-08-05 15:43:00,322.39999,322.56000,322.32501,322.36499,53871
2026-08-05 15:42:00,322.35001,322.60001,322.26999,322.38501,32989
2026-08-05 15:41:00,322.39099,322.51001,322.21011,322.31000,58112
2026-08-05 15:40:00,322.34000,322.45001,322.20001,322.42001,46529
2026-08-05 15:39:00,322.35501,322.35989,322.17001,322.34500,31000
2026-08-05 15:38:00,322.33200,322.54001,322.31000,322.35501,33252
2026-08-05 15:37:00,322.17999,322.35999,322.13049,322.30499,26033
2026-08-05 15:36:00,321.97000,322.29990,321.91000,322.19989,47863
2026-08-05 15:35:00,322.44000,322.44000,321.92999,321.97009,45708
2026-08-05 15:34:00,322.64001,322.75,322.37000,322.51999,30564
2026-08-05 15:33:00,322.79001,322.79001,322.47,322.64001,51321
2026-08-05 15:32:00,322.53000,322.84000,322.49039,322.79001,49043
2026-08-05 15:31:00,322.56000,322.65991,322.38010,322.54001,57089
2026-08-05 15:30:00,322.70001,322.79001,322.45001,322.51041,684647
2026-08-05 15:29:00,322.64990,323,322.56000,322.71500,88563
2026-08-05 15:28:00,322.39001,322.63000,322.38000,322.63000,38354
2026-08-05 15:27:00,322.45001,322.51001,322.34,322.39001,29594
2026-08-05 15:26:00,322.37000,322.5,322.23999,322.45001,49092
2026-08-05 15:25:00,322.16000,322.435,322.13000,322.375,26588
2026-08-05 15:24:00,322.38000,322.41000,322.14001,322.17001,40677
2026-08-05 15:23:00,322.38171,322.46991,322.32999,322.39001,45139
2026-08-05 15:22:00,321.96500,322.45999,321.96500,322.45001,56057
2026-08-05 15:21:00,321.97501,322.0050049,321.91379,321.96500,31042
2026-08-05 15:20:00,321.89001,322.070007,321.88000,321.95999,33754
2026-08-05 15:19:00,322.17999,322.23001,321.85001,321.85001,50064
2026-08-05 15:18:00,322.059998,322.26999,322,322.20999,50735
2026-08-05 15:17:00,322.10999,322.13000,321.96500,321.98001,37586
2026-08-05 15:16:00,322.17001,322.26999,322.079987,322.14001,47580
2026-08-05 15:15:00,322.059998,322.24991,321.97009,322.20001,71892
2026-08-05 15:14:00,321.77499,322.089996,321.76001,322.054993,46547
2026-08-05 15:13:00,321.67999,321.91000,321.63000,321.77499,42128
2026-08-05 15:12:00,321.64499,321.76001,321.60999,321.69000,31874
2026-08-05 15:11:00,321.53500,321.72000,321.46811,321.60999,51153
2026-08-05 15:10:00,321.48999,321.62,321.41010,321.53500,53801
2026-08-05 15:09:00,321.34000,321.51001,321.29999,321.45499,48127
2026-08-05 15:08:00,321.15479,321.43991,321.13,321.36349,39694
2026-08-05 15:07:00,321.18500,321.26501,321.000091553,321.14999,42631
2026-08-05 15:06:00,321.024994,321.23999,321.024994,321.17999,46031
2026-08-05 15:05:00,320.81000,321.12201,320.71100,321.028503,50176
2026-08-05 15:04:00,320.61551,320.82999,320.60001,320.79501,28761
2026-08-05 15:03:00,320.56189,320.68991,320.48999,320.59000,34185
2026-08-05 15:02:00,320.70999,320.85999,320.57999,320.59500,44101
2026-08-05 15:01:00,320.54999,320.75989,320.53000,320.70001,37394
2026-08-05 15:00:00,320.59000,320.67999,320.39999,320.53000,39832
2026-08-05 14:59:00,320.56000,320.67999,320.51031,320.54999,33432
2026-08-05 14:58:00,320.59000,320.64499,320.5,320.60001,23665
2026-08-05 14:57:00,320.54001,320.60999,320.42001,320.57001,28331
2026-08-05 14:56:00,320.5,320.57999,320.41010,320.5,46275
2026-08-05 14:55:00,320.45999,320.81989,320.35999,320.53000,58580
2026-08-05 14:54:00,320.44501,320.57001,320.38000,320.49500,456963
2026-08-05 14:53:00,320.52499,320.59000,320.28000,320.42001,76218
2026-08-05 14:52:00,320.64499,320.68,320.5,320.51999,62126
2026-08-05 14:51:00,320.88501,321,320.60779,320.62000,36714
2026-08-05 14:50:00,320.62000,320.92001,320.57001,320.91971,53839
2026-08-05 14:49:00,320.63000,320.73990,320.60571,320.64999,22872
2026-08-05 14:48:00,320.69000,320.81000,320.60010,320.64001,35990
2026-08-05 14:47:00,320.70001,320.78000,320.60999,320.67001,30418
2026-08-05 14:46:00,320.78000,320.89099,320.61960,320.70001,26334
2026-08-05 14:45:00,320.71500,320.81000,320.60110,320.75,33279
2026-08-05 14:44:00,320.63000,320.73990,320.59000,320.73990,35797
2026-08-05 14:43:00,320.71991,320.72989,320.58499,320.63000,38810
2026-08-05 14:42:00,320.76001,320.77969,320.57,320.67450,66947
2026-08-05 14:41:00,320.92499,320.94000,320.76999,320.79001,48108
2026-08-05 14:40:00,320.88000,320.97000,320.85010,320.92999,45038
2026-08-05 14:39:00,321.059998,321.12991,320.89,320.89499,26548
2026-08-05 14:38:00,321.10001,321.20001,320.98001,321.059998,35767
2026-08-05 14:37:00,321.045013,321.17999,321.013885,321.12149,24276
2026-08-05 14:36:00,321.10999,321.22000,320.98001,321.045013,36240
2026-08-05 14:35:00,321.23999,321.28,321,321.075012,40977
2026-08-05 14:34:00,320.95999,321.26999,320.89001,321.23999,70077
2026-08-05 14:33:00,321,321.17001,320.92001,320.96011,45038
2026-08-05 14:32:00,321.21500,321.23999,320.89999,321.015015,118058
2026-08-05 14:31:00,321.51999,321.57999,321.17001,321.21500,69533
2026-08-05 14:30:00,321.98999,322,321.47,321.48001,102567
2026-08-05 14:29:00,321.86499,322,321.84000,321.97000,24645
2026-08-05 14:28:00,321.95999,322.049988,321.82999,321.89001,30719
2026-08-05 14:27:00,321.98001,322.14001,321.88000,321.95999,39572
2026-08-05 14:26:00,322.010010,322.05,321.94,321.95499,29045
2026-08-05 14:25:00,322.0050049,322.059906,321.94000,321.98999,44153
2026-08-05 14:24:00,322.14001,322.16000,321.91000,322.019989,39224
2026-08-05 14:23:00,322.10001,322.20001,322.080109,322.16000,17955
2026-08-05 14:22:00,322.35010,322.39001,322.059998,322.12000,30112
2026-08-05 14:21:00,322.60501,322.60501,322.38000,322.39001,15729
2026-08-05 14:20:00,322.54999,322.72000,322.35001,322.59000,16746
2026-08-05 14:19:00,322.69501,322.76999,322.57999,322.58499,11855
2026-08-05 14:18:00,322.58990,322.72000,322.5,322.69501,17970
2026-08-05 14:17:00,322.73950,322.75601,322.5,322.53000,19018
2026-08-05 14:16:00,322.76511,322.78989,322.62009,322.73001,12556
2026-08-05 14:15:00,322.67999,322.84000,322.59009,322.73010,32156
2026-08-05 14:14:00,322.63000,322.81949,322.63,322.72000,23916
2026-08-05 14:13:00,322.73849,322.78000,322.56000,322.57999,27099
2026-08-05 14:12:00,322.54999,322.87000,322.51001,322.70010,43406
2026-08-05 14:11:00,322.32001,322.59000,322.32,322.55499,37670
2026-08-05 14:10:00,322.31000,322.42999,322.23779,322.31500,19855
2026-08-05 14:09:00,322.31000,322.31989,322.17001,322.23999,14915
2026-08-05 14:08:00,322.23999,322.34,322.14001,322.32999,18382
2026-08-05 14:07:00,322.26999,322.46,322.18140,322.27499,31619
2026-08-05 14:06:00,322.45001,322.47000,322.089996,322.26501,37019
2026-08-05 14:05:00,322.54501,322.54501,322.39020,322.42999,20357
2026-08-05 14:04:00,322.45001,322.62991,322.39001,322.54001,21413
2026-08-05 14:03:00,322.45001,322.605,322.34009,322.48001,30902
2026-08-05 14:02:00,322.35001,322.60001,322.35001,322.45001,32451
2026-08-05 14:01:00,322.20001,322.39999,322.029999,322.39999,28388
2026-08-05 14:00:00,322.10999,322.35001,322.10999,322.17999,29493
2026-08-05 13:59:00,322.31000,322.34610,322.10999,322.22000,26421
2026-08-05 13:58:00,322.34000,322.42001,322.23999,322.29501,23775
2026-08-05 13:57:00,322.41000,322.47989,322.25,322.29001,41957
2026-08-05 13:56:00,322.31000,322.42,322.31000,322.41000,35497
2026-08-05 13:55:00,322.14001,322.32501,322.070007,322.31000,35532
2026-08-05 13:54:00,322.14999,322.32001,322.079987,322.15500,35336
2026-08-05 13:53:00,322.14001,322.17999,321.95001,322.17999,103020
2026-08-05 13:52:00,322.20999,322.22000,322.019989,322.16000,63878
2026-08-05 13:51:00,322.35999,322.45999,322.2,322.21500,29062
2026-08-05 13:50:00,322.095001,322.54999,322.07,322.35999,53096
2026-08-05 13:49:00,322.37451,322.625,322.050110,322.050110,56555
2026-08-05 13:48:00,322.79001,322.88000,322.29999,322.38251,55620
2026-08-05 13:47:00,322.85999,322.93,322.69,322.82001,27293
2026-08-05 13:46:00,322.95001,323.010010,322.81500,322.91000,19872
2026-08-05 13:45:00,323.15500,323.21500,322.62000,322.89499,84937
2026-08-05 13:44:00,323.19400,323.25,323.13000,323.14001,12750
2026-08-05 13:43:00,323.11499,323.26001,323.079987,323.21500,16359
2026-08-05 13:42:00,322.94000,323.25,322.82999,323.14001,64243
2026-08-05 13:41:00,323.54999,323.55,322.87000,322.98999,43313
2026-08-05 13:40:00,323.35501,323.60001,323.26999,323.49149,27254
2026-08-05 13:39:00,323.25,323.37000,322.88,323.37000,67909
2026-08-05 13:38:00,323.10501,323.35001,322.875,323.29001,85720
2026-08-05 13:37:00,323.010010,323.49500,322.84000,323.10501,151010
2026-08-05 13:36:00,323.17001,323.28000,322.89999,323.019989,27726
2026-08-05 13:35:00,323.14001,323.26999,323.059998,323.11499,18935
2026-08-05 13:34:00,323.12000,323.25,323,323.10001,18945
2026-08-05 13:33:00,323.20999,323.20999,322.95590,323.12000,19766
2026-08-05 13:32:00,323.019989,323.32990,323.005,323.24500,31926
2026-08-05 13:31:00,322.89001,323.059998,322.76010,323.059998,21611
2026-08-05 13:30:00,322.98001,323.019989,322.7,322.89001,36496
2026-08-05 13:29:00,323.049988,323.20001,322.92,323.028503,54650
2026-08-05 13:28:00,323.22000,323.35999,323.040009,323.14001,90283
2026-08-05 13:27:00,323.92999,323.98969,323.26999,323.26999,34375
2026-08-05 13:26:00,323.76999,323.94989,323.76059,323.85999,37654
2026-08-05 13:25:00,323.61499,323.79999,323.45999,323.76999,20026
2026-08-05 13:24:00,323.35001,323.60501,323.34000,323.59500,28444
2026-08-05 13:23:00,323.11499,323.47000,323.11499,323.42999,25443
2026-08-05 13:22:00,323.64499,323.67001,323.070007,323.11499,33100
2026-08-05 13:21:00,323.44000,323.69000,323.43011,323.65759,16612
2026-08-05 13:20:00,323.56500,323.60001,323.42001,323.47501,16955
2026-08-05 13:19:00,323.54999,323.60001,323.44000,323.54501,17205
2026-08-05 13:18:00,323.42001,323.57999,323.32001,323.57999,27541
2026-08-05 13:17:00,323.61499,323.615,323.20999,323.42999,28834
2026-08-05 13:16:00,323.67499,323.74,323.54999,323.64999,24555
2026-08-05 13:15:00,323.53500,323.73001,323.31000,323.67499,21418
2026-08-05 13:14:00,323.51999,323.73,323.42001,323.60001,25007
2026-08-05 13:13:00,323.68500,323.72000,323.48499,323.57001,21559
2026-08-05 13:12:00,323.56000,323.77499,323.44009,323.70001,23147
2026-08-05 13:11:00,323.44000,323.60001,323.29999,323.57999,22859
2026-08-05 13:10:00,323.48499,323.53000,323.20999,323.38000,43359
2026-08-05 13:09:00,323.64499,323.79999,323.44000,323.49500,41489
2026-08-05 13:08:00,323.70499,323.89,323.52670,323.63501,33399
2026-08-05 13:07:00,323.47501,323.79999,323.47000,323.70499,28076
2026-08-05 13:06:00,323.81500,323.85999,323.38000,323.48999,42448
2026-08-05 13:05:00,323.82001,323.91000,323.72000,323.82001,20889
2026-08-05 13:04:00,323.88000,323.89999,323.73001,323.80499,13591
2026-08-05 13:03:00,323.875,323.93991,323.70499,323.88000,21863
2026-08-05 13:02:00,323.82999,323.91000,323.69000,323.85999,21842
2026-08-05 13:01:00,323.70001,324.059998,323.63000,323.85818,35346
2026-08-05 13:00:00,323.67499,323.87991,323.51999,323.64001,44106
2026-08-05 12:59:00,323.72571,323.88000,323.56000,323.64999,28602
2026-08-05 12:58:00,324.26001,324.28000,323.70999,323.73450,44981
2026-08-05 12:57:00,324.14499,324.35001,324.10999,324.29001,43437
2026-08-05 12:56:00,324.20499,324.39999,324.094604,324.14001,37598
2026-08-05 12:55:00,324.29001,324.32001,324.10999,324.21500,29102
2026-08-05 12:54:00,324.29501,324.37549,324.10001,324.26999,25676
2026-08-05 12:53:00,324.22501,324.35001,324.12079,324.31500,38830
2026-08-05 12:52:00,324.28000,324.41000,324.20041,324.22501,41566
2026-08-05 12:51:00,324.14999,324.33,324.086792,324.26999,54535
2026-08-05 12:50:00,323.83499,324.22000,323.79999,324.20999,59123
2026-08-05 12:49:00,323.95850,323.98999,323.81000,323.81009,32058
2026-08-05 12:48:00,323.82990,323.97000,323.67001,323.95001,37322
2026-08-05 12:47:00,323.73001,323.88000,323.61649,323.79999,43113
2026-08-05 12:46:00,323.58499,323.75,323.56000,323.72000,26117
2026-08-05 12:45:00,323.39499,323.69000,323.25,323.62000,29461
2026-08-05 12:44:00,323.45001,323.64999,323.31000,323.37000,32365
2026-08-05 12:43:00,323.16000,323.55661,323.14001,323.42999,21302
2026-08-05 12:42:00,323.34000,323.47,323.14001,323.17999,38254
2026-08-05 12:41:00,323.52649,323.64999,323.26999,323.30499,30931
2026-08-05 12:40:00,323.29001,323.51999,323.29001,323.51001,23159
2026-08-05 12:39:00,323.34500,323.54001,323.17001,323.29001,30394
2026-08-05 12:38:00,322.98499,323.35999,322.95569,323.35999,27686
2026-08-05 12:37:00,322.92001,323.12991,322.92001,322.98499,19507
2026-08-05 12:36:00,322.92999,323.14999,322.82010,322.88159,36195
2026-08-05 12:35:00,323.125,323.125,322.73999,322.89001,31305
2026-08-05 12:34:00,322.82999,323.16000,322.76080,323.125,27492
2026-08-05 12:33:00,323.23499,323.25989,322.67999,322.77499,52746
2026-08-05 12:32:00,322.91501,323.28000,322.91501,323.23999,25920
2026-08-05 12:31:00,323.28500,323.32990,322.91000,322.91000,43164
2026-08-05 12:30:00,323.62000,323.67999,323.24100,323.28500,51245
2026-08-05 12:29:00,323.70001,323.77301,323.51999,323.62000,37415
2026-08-05 12:28:00,323.22211,323.69000,323.13000,323.67001,44202
2026-08-05 12:27:00,323.19000,323.54999,323.16571,323.28000,52981
2026-08-05 12:26:00,323.070007,323.26999,323.000091553,323.20999,21298
2026-08-05 12:25:00,322.89999,323.25,322.86,323.079987,31595
2026-08-05 12:24:00,322.91000,322.97989,322.65009,322.87000,43690
2026-08-05 12:23:00,323.27011,323.32001,322.88000,322.89999,36473
2026-08-05 12:22:00,323.22000,323.35001,323.050995,323.31000,36655
2026-08-05 12:21:00,322.92999,323.35001,322.88000,323.32401,65678
2026-08-05 12:20:00,322.58990,323.075012,322.51999,322.92001,55893
2026-08-05 12:19:00,322.73001,322.79999,322.51,322.57999,20414
2026-08-05 12:18:00,322.75,322.82001,322.55011,322.73999,23766
2026-08-05 12:17:00,322.63000,322.84500,322.50171,322.79001,16985
2026-08-05 12:16:00,322.5,322.86459,322.47000,322.65500,25304
2026-08-05 12:15:00,322.54999,322.64990,322.25009,322.54001,22174
2026-08-05 12:14:00,322.26999,322.60001,322.049988,322.48999,41378
2026-08-05 12:13:00,322.41000,322.63000,322.14999,322.23999,35042
2026-08-05 12:12:00,322.42001,322.47,322.25,322.42001,29985
2026-08-05 12:11:00,322.32001,322.5,322.19000,322.39999,25841
2026-08-05 12:10:00,322.16000,322.41000,322.12000,322.31000,31259
2026-08-05 12:09:00,322.010010,322.28900,321.85001,322.20401,59373
2026-08-05 12:08:00,322.55499,322.60001,322.059998,322.10001,48288
2026-08-05 12:07:00,322.90500,322.95001,322.5,322.55499,60736
2026-08-05 12:06:00,322.89999,322.93991,322.66010,322.85001,24791
2026-08-05 12:05:00,322.71552,322.98001,322.60001,322.90991,29830
2026-08-05 12:04:00,322.72000,322.98151,322.58929,322.75989,46363
2026-08-05 12:03:00,322.46500,322.76999,322.44000,322.67001,61706
2026-08-05 12:02:00,322.19000,322.5,321.98001,322.47000,60997
2026-08-05 12:01:00,322.14001,322.38000,322,322.19000,59949
2026-08-05 12:00:00,321.89551,322.26990,321.76001,322.20999,58157
2026-08-05 11:59:00,322.049988,322.25,321.85001,321.85001,46756
2026-08-05 11:58:00,321.99011,322.18,321.97000,322.059998,55088
2026-08-05 11:57:00,322.14999,322.15009,321.64,321.99100,85990
2026-08-05 11:56:00,322.33749,322.45999,322.089996,322.12000,52364
2026-08-05 11:55:00,322.57999,322.57999,322.2,322.34000,53924
2026-08-05 11:54:00,322.71500,322.86499,322.40009,322.52011,60291
2026-08-05 11:53:00,322.72000,322.88040,322.67001,322.71500,23491
2026-08-05 11:52:00,322.67001,322.91000,322.64,322.69501,29860
2026-08-05 11:51:00,322.82999,322.92999,322.64999,322.67001,26210
2026-08-05 11:50:00,322.77499,323.12000,322.73499,322.85999,35776
2026-08-05 11:49:00,322.73001,322.92999,322.53229,322.80499,24524
2026-08-05 11:48:00,322.60999,322.98999,322.57001,322.89011,31350
2026-08-05 11:47:00,322.92499,323.04,322.56000,322.60999,23295
2026-08-05 11:46:00,322.98401,323.084991,322.83,322.92499,22517
2026-08-05 11:45:00,323.10999,323.25,322.83051,323.049988,22380
2026-08-05 11:44:00,322.71500,323.16000,322.67999,323.074402,28164
2026-08-05 11:43:00,322.98999,322.98999,322.60010,322.66650,24148
2026-08-05 11:42:00,323.045013,323.09,322.75,323.0032043,28038
2026-08-05 11:41:00,323.22000,323.32990,322.70999,323,27087
2026-08-05 11:40:00,323.25500,323.39999,323.12000,323.20999,39851
2026-08-05 11:39:00,323.22000,323.48999,323.10001,323.25500,28725
2026-08-05 11:38:00,323.40500,323.60501,323.10001,323.20001,55004
2026-08-05 11:37:00,322.95999,323.45001,322.82001,323.42001,44223
2026-08-05 11:36:00,322.94009,323.039215,322.32010,323.039215,46076
2026-08-05 11:35:00,322.79001,323.22931,322.37000,323.029999,59613
2026-08-05 11:34:00,323.065002,323.15991,322.75,322.85001,39449
2026-08-05 11:33:00,323.29001,323.5,322.91,323.070007,71915
2026-08-05 11:32:00,322.59000,323.35001,322.59000,323.28500,81371
2026-08-05 11:31:00,322.43909,322.84000,322.28000,322.63501,57954
2026-08-05 11:30:00,322.26999,322.46,322.19,322.42499,36403
2026-08-05 11:29:00,322.21500,322.41000,322.070007,322.27499,43591
2026-08-05 11:28:00,322.39999,322.5,322.20001,322.20010,37266
2026-08-05 11:27:00,322.28510,322.525,322.21500,322.35501,35667
2026-08-05 11:26:00,322.29999,322.44910,322.22009,322.28510,36214
2026-08-05 11:25:00,322.41000,322.54999,322.1,322.25,42831
2026-08-05 11:24:00,322.60001,322.78510,322.43011,322.47000,54351
2026-08-05 11:23:00,322.73001,322.96,322.62000,322.64001,38144
2026-08-05 11:22:00,322.83011,323.10001,322.64001,322.67999,63587
2026-08-05 11:21:00,322.56000,322.9,322.45001,322.83011,48897
2026-08-05 11:20:00,322.95999,323,322.35999,322.54001,85568
2026-08-05 11:19:00,322.35999,322.94000,322.2,322.94000,53955
2026-08-05 11:18:00,322.64999,322.65500,321.95999,322.26001,90145
2026-08-05 11:17:00,322.79999,322.88870,322.61499,322.70001,55321
2026-08-05 11:16:00,322.049988,322.81,321,322.79001,212848
2026-08-05 11:15:00,322.42499,322.60901,321.95001,322.049988,128128
2026-08-05 11:14:00,322.82001,322.95999,322.35999,322.41849,58191
2026-08-05 11:13:00,323.29001,323.29999,322.79999,322.88190,69504
2026-08-05 11:12:00,323.45499,323.64999,323.20001,323.22000,42215
2026-08-05 11:11:00,323.78500,323.98999,323.32001,323.51999,59211
2026-08-05 11:10:00,323.54999,323.85,323.54999,323.84000,40192
2026-08-05 11:09:00,323.33499,323.87000,323.26999,323.57999,40512
2026-08-05 11:08:00,323.57001,323.63000,323.29999,323.33499,45549
2026-08-05 11:07:00,323.78500,323.85001,323.48999,323.59000,39382
2026-08-05 11:06:00,323.51999,323.92999,323.51999,323.75,42701
2026-08-05 11:05:00,323.56500,323.83499,323.54501,323.60001,34154
2026-08-05 11:04:00,323.49820,323.67490,323.31000,323.60001,38781
2026-08-05 11:03:00,323.57501,323.69000,323.39011,323.47501,35754
2026-08-05 11:02:00,323.82999,323.92001,323.57999,323.57999,59606
2026-08-05 11:01:00,323.66000,323.88000,323.41000,323.82001,53045
2026-08-05 11:00:00,323.070007,323.82001,323.035004,323.64001,96470
2026-08-05 10:59:00,322.79001,323.16000,322.70010,323.047394,56088
2026-08-05 10:58:00,322.82501,323.23999,322.7,322.78000,75492
2026-08-05 10:57:00,322.78000,322.89951,322.37000,322.77499,93829
2026-08-05 10:56:00,322.89999,322.89999,322.51001,322.67999,44379
2026-08-05 10:55:00,322.94000,322.98999,322.39999,322.89499,68941
2026-08-05 10:54:00,322.70020,323.13000,322.56000,322.98499,76254
2026-08-05 10:53:00,323.26999,323.44000,322.39999,322.64001,117589
2026-08-05 10:52:00,323.44000,323.70541,322.89999,323.27499,132349
2026-08-05 10:51:00,323.69000,323.78000,323.13779,323.29001,96631
2026-08-05 10:50:00,323.95999,324.10001,323.63000,323.75,52535
2026-08-05 10:49:00,323.69000,324.29990,323.51001,324.015015,88559
2026-08-05 10:48:00,323.79999,323.85001,323.49500,323.66000,78359
2026-08-05 10:47:00,324.029999,324.20999,323.76001,323.84000,53073
2026-08-05 10:46:00,324.25,324.5,324.019989,324.040009,43425
2026-08-05 10:45:00,324.44000,324.53,324.10001,324.26501,34553
2026-08-05 10:44:00,324.64499,324.75,324.29999,324.45999,45547
2026-08-05 10:43:00,324.51999,324.70001,324.27499,324.64511,30413
2026-08-05 10:42:00,324.12000,324.60001,324,324.57999,49273
2026-08-05 10:41:00,324.13000,324.34509,323.88,324.11499,49604
2026-08-05 10:40:00,324.25711,324.59000,324.059998,324.13000,55514
2026-08-05 10:39:00,324.60001,324.73999,324.10999,324.23999,70374
2026-08-05 10:38:00,324.070007,324.79999,324,324.54001,58258
2026-08-05 10:37:00,324.57281,324.81000,323.70001,324.029999,64767
2026-08-05 10:36:00,324.72501,324.73001,324.18011,324.54999,44104
2026-08-05 10:35:00,324.45999,324.85001,324.37000,324.73499,60565
2026-08-05 10:34:00,324.61499,324.79001,324.37000,324.39999,51972
2026-08-05 10:33:00,324.15500,324.67999,324.10999,324.61499,70829
2026-08-05 10:32:00,323.75,324.27240,323.56000,324.20999,61766
2026-08-05 10:31:00,324.049988,324.19,323.69000,323.82999,55077
2026-08-05 10:30:00,324.059998,324.14001,323.39999,324.079987,118763
2026-08-05 10:29:00,323.93121,324.47781,323.90051,324.11499,78007
2026-08-05 10:28:00,324.78000,324.86990,323.92999,323.98999,58930
2026-08-05 10:27:00,324.85999,325,324.5,324.74500,54773
2026-08-05 10:26:00,325.070007,325.51001,324.79999,324.87000,67224
2026-08-05 10:25:00,324.98999,325.38989,324.85,324.94009,104951
2026-08-05 10:24:00,324.13501,325.14001,324.019989,325,98614
2026-08-05 10:23:00,324.35501,324.51001,323.89999,324.12219,100010
2026-08-05 10:22:00,324.44000,324.72000,324.23010,324.35501,47067
2026-08-05 10:21:00,325.010010,325.029999,324.10999,324.44000,78285
2026-08-05 10:20:00,324.98999,325.015015,324.61011,325.015015,63517
2026-08-05 10:19:00,325.20001,325.29761,324.87000,324.93500,30493
2026-08-05 10:18:00,325.25,325.29001,324.78000,325.21500,38301
2026-08-05 10:17:00,325.079987,325.35001,325.041290,325.20001,42451
2026-08-05 10:16:00,325.16000,325.5,324.79999,325.057709,62150
2026-08-05 10:15:00,325.16000,325.88000,325.019989,325.17001,71977
2026-08-05 10:14:00,324.98999,325.35001,324.92499,325.14499,55357
2026-08-05 10:13:00,324.73001,325.17001,324.53000,324.89960,84434
2026-08-05 10:12:00,325.81000,325.85989,324.64999,324.69000,117191
2026-08-05 10:11:00,326.125,326.32001,325.70001,325.85001,75091
2026-08-05 10:10:00,326.38000,326.75,325.83551,326.16000,88362
2026-08-05 10:09:00,326.20999,326.79999,326.17001,326.38000,69919
2026-08-05 10:08:00,326.14999,326.88980,326.029999,326.28009,66407
2026-08-05 10:07:00,326.64001,327.14001,326.12000,326.17999,132963
2026-08-05 10:06:00,325.84000,326.64001,325.53000,326.64001,124407
2026-08-05 10:05:00,325.40500,326.39999,325.33,325.75040,106340
2026-08-05 10:04:00,325.28000,325.57001,324.98999,325.34500,74165
2026-08-05 10:03:00,325.16000,325.40948,324.92001,325.29001,47644
2026-08-05 10:02:00,325.10501,325.25,324.64999,325.049988,66543
2026-08-05 10:01:00,325.19501,325.25,324.80011,325.049988,69223
2026-08-05 10:00:00,325.60999,325.78000,324.70001,325.24500,132010
2026-08-05 09:59:00,326.14001,326.20001,324.84000,325.67001,113015
2026-08-05 09:58:00,325.70001,326.24,325.45499,326.16000,110017
2026-08-05 09:57:00,324.92499,325.75,324.91010,325.73999,113597
2026-08-05 09:56:00,324.71500,325,324.5,324.97989,57382
2026-08-05 09:55:00,324.92999,325.059998,324.5,324.70001,54012
2026-08-05 09:54:00,324.75500,325.069885,324.030090,324.92001,78803
2026-08-05 09:53:00,324.30499,324.98999,323.89,324.80991,78076
2026-08-05 09:52:00,324.84000,325.14001,323.85999,324.32001,116824
2026-08-05 09:51:00,324.56500,325.10001,324.32999,324.81000,90930
2026-08-05 09:50:00,324.97000,325.32999,324.40009,324.45999,150588
2026-08-05 09:49:00,325.96451,325.98001,324.69000,325.075714,165292
2026-08-05 09:48:00,326.55499,326.79999,325.81000,325.87009,127298
2026-08-05 09:47:00,324.79001,326.60999,324.73010,326.55499,179403
2026-08-05 09:46:00,325.049988,325.38989,324.66000,324.79001,93930
2026-08-05 09:45:00,324.73999,325.69000,324.73999,325.11179,154436
2026-08-05 09:44:00,324.66000,324.92950,324.23010,324.83499,93229
2026-08-05 09:43:00,324.47000,325.040009,324.32,324.70630,117242
2026-08-05 09:42:00,325.59000,325.75,324.34,324.40500,138310
2026-08-05 09:41:00,325.049988,325.68301,324.76001,325.47479,179370
2026-08-05 09:40:00,324.70999,325.27,324.20001,325.049988,173160
2026-08-05 09:39:00,323.64999,325,323.35999,324.78000,176642
2026-08-05 09:38:00,322.97000,323.82990,322.26001,323.67999,122261
2026-08-05 09:37:00,323.30719,323.5,322.88010,322.94919,84613
2026-08-05 09:36:00,324.26501,324.29999,322.39999,323.23499,141019
2026-08-05 09:35:00,323.35001,324.45001,323.19009,324.26501,172794
2026-08-05 09:34:00,323.10001,323.5,322.66000,323.20999,137863
2026-08-05 09:33:00,321.12000,323.35971,321,323.045410,190324
2026-08-05 09:32:00,321.45999,321.68991,320.51999,321.11990,196516
2026-08-05 09:31:00,322.98001,323.079987,320.42999,321.34949,202982
2026-08-05 09:30:00,323.64999,323.88000,321,322.85501,1340591
2026-08-04 15:59:00,327.91000,328.045013,325.06,327.42001,392480
2026-08-04 15:58:00,327.70001,327.92999,327.5,327.90500,222622
2026-08-04 15:57:00,327.48499,327.87000,327.32999,327.67999,147447
2026-08-04 15:56:00,327.42001,327.49,327.17,327.48001,115222
2026-08-04 15:55:00,327.19000,327.63751,327.12100,327.42001,193134
2026-08-04 15:54:00,326.95999,327.26001,326.60010,327.17001,142344
2026-08-04 15:53:00,327.16501,327.44000,326.91000,326.98001,102371
2026-08-04 15:52:00,327.13501,327.34000,327,327.20001,114129
2026-08-04 15:51:00,327.32001,327.43500,327.049988,327.10001,110176
2026-08-04 15:50:00,328.20999,328.26160,327.029999,327.31000,157591
2026-08-04 15:49:00,328.10001,328.35999,328,328.22000,57375
2026-08-04 15:48:00,328.14999,328.19000,328,328.10001,51424
2026-08-04 15:47:00,328.28000,328.39999,328.12000,328.17001,48468
2026-08-04 15:46:00,328.23001,328.45001,328.23001,328.29501,69614
2026-08-04 15:45:00,328.059998,328.29999,328.019989,328.26999,55347
2026-08-04 15:44:00,328.12000,328.29001,328.017303,328.059998,47964
2026-08-04 15:43:00,328.0050049,328.14001,327.94000,328.090088,51083
2026-08-04 15:42:00,327.74860,328.049988,327.7,328.029999,50412
2026-08-04 15:41:00,327.81000,327.88000,327.67001,327.72000,56777
2026-08-04 15:40:00,327.82001,327.91989,327.76001,327.79999,51681
2026-08-04 15:39:00,327.91000,328.02,327.79999,327.81500,56693
2026-08-04 15:38:00,327.85999,328.049988,327.82001,327.92999,75678
2026-08-04 15:37:00,327.86499,328.14999,327.82001,327.875,43904
2026-08-04 15:36:00,328.089996,328.12000,327.85001,327.85001,55484
2026-08-04 15:35:00,328.38000,328.53989,328.079987,328.079987,68520
2026-08-04 15:34:00,328.20001,328.57999,328.19000,328.37000,51810
2026-08-04 15:33:00,328.010010,328.26001,328,328.17499,70698
2026-08-04 15:32:00,328,328.05,327.85501,328.025085,36852
2026-08-04 15:31:00,327.79001,328.015015,327.75009,327.97961,47257
2026-08-04 15:30:00,327.75,328.10999,327.70001,327.79001,86866
2026-08-04 15:29:00,327.88501,327.97989,327.51999,327.75500,83539
2026-08-04 15:28:00,328.28500,328.38000,327.88,327.88000,111960
2026-08-04 15:27:00,328.17999,328.45001,328.16,328.23190,68917
2026-08-04 15:26:00,328.5,328.5,328.13501,328.21951,61947
2026-08-04 15:25:00,328.875,328.91180,328.38000,328.5,83478
2026-08-04 15:24:00,329.16159,329.20001,328.81000,328.875,96347
2026-08-04 15:23:00,329.29001,329.32001,329,329.17001,82347
2026-08-04 15:22:00,329.5,329.51999,329.20001,329.29050,128986
2026-08-04 15:21:00,329.35010,329.57001,329.29999,329.47000,77626
2026-08-04 15:20:00,329.42999,329.51001,329.29001,329.38000,74194
2026-08-04 15:19:00,329.25,329.45499,329.16000,329.42999,66093
2026-08-04 15:18:00,329.13000,329.29999,329.04,329.26001,54616
2026-08-04 15:17:00,329.15121,329.20999,329.079987,329.14441,37514
2026-08-04 15:16:00,329.10001,329.31000,329.05,329.17999,55305
2026-08-04 15:15:00,329.32001,329.38400,329.12000,329.12000,59700
2026-08-04 15:14:00,329.19501,329.32001,329.16,329.29001,45753
2026-08-04 15:13:00,329.089996,329.35959,329.089996,329.19501,47156
2026-08-04 15:12:00,329.44000,329.45999,329.01,329.13000,94272
2026-08-04 15:11:00,329.36499,329.44000,329.19000,329.38000,77946
2026-08-04 15:10:00,328.89999,329.48001,328.875,329.37000,80920
2026-08-04 15:09:00,328.89001,328.91000,328.78000,328.875,26818
2026-08-04 15:08:00,328.94000,328.94000,328.60001,328.91000,42851
2026-08-04 15:07:00,328.98999,329.019989,328.84000,328.91501,36585
2026-08-04 15:06:00,328.94501,329.089996,328.82001,328.99500,57688
2026-08-04 15:05:00,328.94000,329.25,328.87000,328.95999,86247
2026-08-04 15:04:00,328.85999,329.23,328.82,328.94131,123613
2026-08-04 15:03:00,328.69000,328.94000,328.67999,328.85001,71016
2026-08-04 15:02:00,328.70999,328.79999,328.64,328.66000,46226
2026-08-04 15:01:00,328.42001,328.79999,328.41501,328.72000,73916
2026-08-04 15:00:00,328.10001,328.48001,328.010406,328.37170,57231
2026-08-04 14:59:00,328.23499,328.29819,328.029999,328.10001,37165
2026-08-04 14:58:00,328.29999,328.44000,328.19000,328.23499,35864
2026-08-04 14:57:00,328.40500,328.50500,328.31000,328.34000,49218
2026-08-04 14:56:00,328.29001,328.5,328.29001,328.39001,55507
2026-08-04 14:55:00,328.44000,328.66000,328.20050,328.26001,73904
2026-08-04 14:54:00,327.94000,328.46,327.91,328.42999,72724
2026-08-04 14:53:00,328.067688,328.067688,327.76001,327.91501,47293
2026-08-04 14:52:00,328.26001,328.42999,328,328.050110,43423
2026-08-04 14:51:00,328.76001,328.76791,328.25,328.26001,66361
2026-08-04 14:50:00,328.14001,328.79999,328.12,328.72000,90337
2026-08-04 14:49:00,328.34500,328.53500,328.16000,328.16501,95888
2026-08-04 14:48:00,328.35001,328.39001,328.10999,328.39001,97765
2026-08-04 14:47:00,328.17001,328.45999,328,328.35001,115455
2026-08-04 14:46:00,327.76920,328.45001,327.69000,328.10999,195313
2026-08-04 14:45:00,327.625,327.97000,327.625,327.68011,81016
2026-08-04 14:44:00,327.54010,327.65991,327.44101,327.62949,39566
2026-08-04 14:43:00,327.29999,327.70001,327.29999,327.54001,72811
2026-08-04 14:42:00,327.42499,327.57999,327.26001,327.29999,65232
2026-08-04 14:41:00,327.25,327.45001,327.12000,327.40500,88345
2026-08-04 14:40:00,326.98999,327.28909,326.88000,327.25500,79947
2026-08-04 14:39:00,326.89001,327.059998,326.85001,327.015015,27616
2026-08-04 14:38:00,327.037506,327.089996,326.85999,326.92499,36325
2026-08-04 14:37:00,326.93991,327.040009,326.84280,327.010010,22615
2026-08-04 14:36:00,326.92999,327.040009,326.79001,326.90500,40004
2026-08-04 14:35:00,326.87000,327.049988,326.84000,326.92499,39416
2026-08-04 14:34:00,327.53000,327.54001,326.78000,326.92999,56680
2026-08-04 14:33:00,327.54999,327.67999,327.42999,327.53159,62515
2026-08-04 14:32:00,327.48001,327.64999,327.39999,327.53680,103179
2026-08-04 14:31:00,327.32999,327.48001,327.20999,327.42001,114478
2026-08-04 14:30:00,326.49500,327.39999,326.49500,327.29999,127813
2026-08-04 14:29:00,326.60501,326.64001,326.39999,326.43011,27504
2026-08-04 14:28:00,326.29501,326.66000,326.26001,326.60001,35563
2026-08-04 14:27:00,326.32001,326.48001,326.17139,326.26001,35430
2026-08-04 14:26:00,326.17999,326.37991,326.16000,326.31000,35775
2026-08-04 14:25:00,326.26999,326.35999,326.16000,326.19131,40168
2026-08-04 14:24:00,326.25,326.45001,326.20999,326.25,24954
2026-08-04 14:23:00,326.22000,326.42001,326.20001,326.29001,25496
2026-08-04 14:22:00,326.23792,326.34000,326.089996,326.21100,32554
2026-08-04 14:21:00,326.48999,326.51001,326.19000,326.28989,31656
2026-08-04 14:20:00,326.39999,326.48999,326.26001,326.48999,39951
2026-08-04 14:19:00,326.44000,326.57001,326.31000,326.42999,65476
2026-08-04 14:18:00,326.42001,326.495,326.28000,326.42999,28137
2026-08-04 14:17:00,326.41699,326.57990,326.31000,326.47910,30125
2026-08-04 14:16:00,326.65491,326.72391,326.35001,326.43500,50629
2026-08-04 14:15:00,326.35999,326.75,326.35999,326.61801,50843
2026-08-04 14:14:00,326.35999,326.42001,326.22000,326.32999,49047
2026-08-04 14:13:00,326.075012,326.37000,326.049988,326.31812,47617
2026-08-04 14:12:00,325.71500,326.10001,325.66,326.040588,61629
2026-08-04 14:11:00,325.66501,325.84000,325.66000,325.70999,25137
2026-08-04 14:10:00,325.69901,325.92001,325.60999,325.69000,43322
2026-08-04 14:09:00,325.62000,325.78000,325.53009,325.625,38248
2026-08-04 14:08:00,325.55801,325.71991,325.51999,325.64001,23165
2026-08-04 14:07:00,325.56000,325.75,325.44000,325.56000,56392
2026-08-04 14:06:00,325.42639,325.56000,325.25,325.54999,31968
2026-08-04 14:05:00,325.32999,325.54999,325.22,325.39999,33846
2026-08-04 14:04:00,325.54999,325.56000,325.15009,325.27509,46211
2026-08-04 14:03:00,325.47000,325.58,325.35999,325.55499,33712
2026-08-04 14:02:00,325.10999,325.63571,325.10999,325.41000,51652
2026-08-04 14:01:00,325.28500,325.32419,325.049988,325.089996,68878
2026-08-04 14:00:00,325.54999,325.61,325.059998,325.28000,82243
2026-08-04 13:59:00,325.82999,325.82999,325.54999,325.57999,43900
2026-08-04 13:58:00,325.82001,325.88000,325.73999,325.78000,29759
2026-08-04 13:57:00,325.67001,325.82001,325.66000,325.82001,26292
2026-08-04 13:56:00,325.76999,325.95499,325.56000,325.69000,53198
2026-08-04 13:55:00,325.76999,325.84000,325.63000,325.72021,40974
2026-08-04 13:54:00,325.70999,325.87000,325.64999,325.79501,57314
2026-08-04 13:53:00,325.67990,325.89001,325.60999,325.65210,49892
2026-08-04 13:52:00,325.76001,325.76001,325.39001,325.73999,60638
2026-08-04 13:51:00,325.92999,325.97000,325.64999,325.76550,66049
2026-08-04 13:50:00,326.48999,326.5,325.91000,325.92001,71566
2026-08-04 13:49:00,326.86700,326.98001,326.45,326.48499,49210
2026-08-04 13:48:00,326.87000,327.049988,326.84000,326.89001,42593
2026-08-04 13:47:00,326.95499,327.049988,326.85001,326.91000,40561
2026-08-04 13:46:00,326.73999,326.98001,326.62009,326.97000,40575
2026-08-04 13:45:00,326.76001,326.82999,326.67001,326.70859,21225
2026-08-04 13:44:00,326.86499,326.95999,326.71011,326.75,30166
2026-08-04 13:43:00,326.98001,327.019897,326.81000,326.82999,24717
2026-08-04 13:42:00,326.98999,327.010010,326.82291,327.010010,21559
2026-08-04 13:41:00,327.10001,327.13000,326.94550,326.94550,26424
2026-08-04 13:40:00,327,327.24991,326.90948,327.075012,81665
2026-08-04 13:39:00,326.72940,327.049988,326.70001,326.98001,28274
2026-08-04 13:38:00,326.64999,326.79001,326.63049,326.69501,33119
2026-08-04 13:37:00,326.84500,326.87,326.62000,326.64999,29178
2026-08-04 13:36:00,326.81000,327,326.79001,326.84000,30669
2026-08-04 13:35:00,326.98001,326.98001,326.74020,326.81000,25885
2026-08-04 13:34:00,327.070007,327.17999,326.82831,326.91040,31579
2026-08-04 13:33:00,326.85999,327.22000,326.63000,327.12000,65370
2026-08-04 13:32:00,326.85001,326.95001,326.70999,326.875,33081
2026-08-04 13:31:00,327,327.03,326.76050,326.85001,42625
2026-08-04 13:30:00,327.045013,327.12000,326.85001,326.96011,43287
2026-08-04 13:29:00,326.89999,327.07,326.84000,327.049988,38436
2026-08-04 13:28:00,326.95999,327.049988,326.79999,326.82999,39960
2026-08-04 13:27:00,326.89999,327.14999,326.88000,326.95001,42283
2026-08-04 13:26:00,326.94321,327.079987,326.82999,326.92990,48000
2026-08-04 13:25:00,327.28000,327.39990,326.87000,326.93500,86612
2026-08-04 13:24:00,327.25,327.45001,327.15500,327.30731,89517
2026-08-04 13:23:00,327.13010,327.38000,327,327.25241,96812
2026-08-04 13:22:00,326.81500,327.17999,326.60999,327.17001,71067
2026-08-04 13:21:00,326.34000,327.28000,326.30331,326.83499,268247
2026-08-04 13:20:00,326.010010,326.39999,325.96500,326.33331,57416
2026-08-04 13:19:00,326.029999,326.20001,325.92999,325.94699,31738
2026-08-04 13:18:00,326.049988,326.13989,325.94000,326,42428
2026-08-04 13:17:00,326.10001,326.19321,325.87000,326.084991,48162
2026-08-04 13:16:00,326.31500,326.34000,325.85999,326.097504,60034
2026-08-04 13:15:00,326.32999,326.41000,326.17349,326.29501,39991
2026-08-04 13:14:00,326.26999,326.37000,326.12000,326.35501,36123
2026-08-04 13:13:00,326.16000,326.335,326.13000,326.26999,44239
2026-08-04 13:12:00,326.26001,326.39999,326.079987,326.17499,74412
2026-08-04 13:11:00,325.74500,326.26999,325.7,326.19000,120433
2026-08-04 13:10:00,325.82999,325.91000,325.73001,325.73001,45425
2026-08-04 13:09:00,325.87000,325.88000,325.67001,325.82999,35026
2026-08-04 13:08:00,325.80499,325.91000,325.70001,325.88989,44347
2026-08-04 13:07:00,325.62000,325.86,325.58,325.80499,32828
2026-08-04 13:06:00,325.59641,325.66000,325.5,325.60001,30078
2026-08-04 13:05:00,325.67999,325.95001,325.57999,325.60361,56493
2026-08-04 13:04:00,325.53000,325.82999,325.5,325.67999,37768
2026-08-04 13:03:00,325.58499,325.62000,325.38000,325.54501,147910
2026-08-04 13:02:00,325.69000,325.82001,325.53000,325.62000,49252
2026-08-04 13:01:00,325.47501,325.76999,325.39001,325.69000,74917
2026-08-04 13:00:00,325.20001,325.5,325.19000,325.46500,64340
2026-08-04 12:59:00,325.19000,325.23001,325,325.17599,30157
2026-08-04 12:58:00,324.92499,325.20001,324.92499,325.17001,49410
2026-08-04 12:57:00,324.89001,324.95990,324.79999,324.95990,22602
2026-08-04 12:56:00,324.95999,325,324.75540,324.93860,26678
2026-08-04 12:55:00,324.87000,325,324.77850,324.94000,22879
2026-08-04 12:54:00,324.88000,324.98999,324.85001,324.90500,24392
2026-08-04 12:53:00,324.90991,325.040009,324.78000,324.87000,18741
2026-08-04 12:52:00,324.81009,325.015,324.76,324.84000,32863
2026-08-04 12:51:00,324.74011,324.93,324.73001,324.83499,20514
2026-08-04 12:50:00,324.95999,325.019989,324.73,324.76001,21150
2026-08-04 12:49:00,324.94000,324.97000,324.87000,324.95999,14905
2026-08-04 12:48:00,325.024994,325.070007,324.82001,324.93039,24309
2026-08-04 12:47:00,324.72501,325.022003,324.66351,325.019989,21578
2026-08-04 12:46:00,324.76001,324.89651,324.64999,324.73999,22727
2026-08-04 12:45:00,324.82999,324.95999,324.66,324.72000,41511
2026-08-04 12:44:00,324.72000,325.070007,324.72000,324.82001,43926
2026-08-04 12:43:00,324.65500,324.76001,324.60999,324.68500,21681
2026-08-04 12:42:00,324.74380,324.82001,324.56,324.63000,31174
2026-08-04 12:41:00,324.42999,324.85999,324.40051,324.79001,44985
2026-08-04 12:40:00,324.5,324.64001,324.35010,324.39499,25434
2026-08-04 12:39:00,324.54150,324.61990,324.45999,324.48001,28421
2026-08-04 12:38:00,324.60501,324.61240,324.32999,324.55499,41471
2026-08-04 12:37:00,324.70999,324.83789,324.54,324.56000,36002
2026-08-04 12:36:00,324.65500,324.78,324.62000,324.70999,19001
2026-08-04 12:35:00,324.69501,324.91690,324.61,324.68500,29863
2026-08-04 12:34:00,324.91501,324.98001,324.64999,324.69000,49745
2026-08-04 12:33:00,324.92999,325,324.82001,324.92001,24086
2026-08-04 12:32:00,324.98999,325.14999,324.91010,325,38509
2026-08-04 12:31:00,324.90451,325.055,324.76999,324.97000,31945
2026-08-04 12:30:00,324.60001,324.96680,324.32999,324.91281,97150
2026-08-04 12:29:00,324.92001,325.0098877,324.56000,324.60001,118142
2026-08-04 12:28:00,325.22000,325.26999,324.85999,324.92001,49242
2026-08-04 12:27:00,325.57999,325.62000,325.23001,325.24500,29900
2026-08-04 12:26:00,325.29999,325.61990,325.29999,325.60889,55167
2026-08-04 12:25:00,325.23001,325.305,325.10010,325.20999,33943
2026-08-04 12:24:00,325.28000,325.54001,325.19000,325.26501,47344
2026-08-04 12:23:00,325.070007,325.28000,325,325.23499,29084
2026-08-04 12:22:00,325.23999,325.32001,325.059998,325.059998,22607
2026-08-04 12:21:00,325.16000,325.44000,325.14011,325.26999,28035
2026-08-04 12:20:00,325.040009,325.20999,325.029999,325.14499,23770
2026-08-04 12:19:00,325,325.23990,324.95499,325.10001,27373
2026-08-04 12:18:00,324.95999,325.16,324.85001,324.99139,44182
2026-08-04 12:17:00,325.095001,325.13049,324.94000,324.98999,30494
2026-08-04 12:16:00,325.12000,325.17999,324.95001,325.079987,35921
2026-08-04 12:15:00,324.57001,325.23001,324.54999,325.11499,44889
2026-08-04 12:14:00,324.92001,324.92001,324.54,324.57001,43634
2026-08-04 12:13:00,324.98999,325.19989,324.87000,324.91000,31127
2026-08-04 12:12:00,324.85999,325.26001,324.84030,325.0050049,43350
2026-08-04 12:11:00,325.54999,325.55,324.79999,324.87000,72751
2026-08-04 12:10:00,325.41000,325.69989,325.35999,325.54001,42992
2026-08-04 12:09:00,325.54999,325.77969,325.40100,325.44501,45849
2026-08-04 12:08:00,325.17001,325.60999,325.14001,325.54999,51667
2026-08-04 12:07:00,325.13000,325.23279,325.019989,325.16501,34901
2026-08-04 12:06:00,325.44971,325.57001,325.03,325.13501,57187
2026-08-04 12:05:00,325.59500,325.79001,325.42999,325.48001,62281
2026-08-04 12:04:00,325.32999,325.63989,325.32001,325.60001,56207
2026-08-04 12:03:00,325.19501,325.67990,325.19501,325.35999,91368
2026-08-04 12:02:00,324.95001,325.39001,324.88010,325.17001,96507
2026-08-04 12:01:00,324.56009,324.93,324.37000,324.88501,37864
2026-08-04 12:00:00,324.22000,324.58411,324.20001,324.57999,48887
2026-08-04 11:59:00,324.30499,324.42999,324.2,324.20090,51778
2026-08-04 11:58:00,324.26001,324.41571,324.22000,324.31000,45423
2026-08-04 11:57:00,324.76999,324.81000,324.12000,324.25500,49723
2026-08-04 11:56:00,324.81000,324.90991,324.67999,324.76999,47476
2026-08-04 11:55:00,324.60999,324.85001,324.35999,324.82999,63611
2026-08-04 11:54:00,324.73999,324.85001,324.57010,324.58099,36971
2026-08-04 11:53:00,324.62000,324.92999,324.59000,324.78000,57755
2026-08-04 11:52:00,324.28000,324.68991,324.23001,324.60999,56689
2026-08-04 11:51:00,323.87000,324.28000,323.87000,324.24500,45479
2026-08-04 11:50:00,323.67001,323.95001,323.63000,323.85001,27734
2026-08-04 11:49:00,323.90509,323.93,323.66501,323.66501,31611
2026-08-04 11:48:00,324.070007,324.14999,323.84000,323.91000,34846
2026-08-04 11:47:00,324.040009,324.10001,323.84830,324.10001,40066
2026-08-04 11:46:00,324.075012,324.13000,324.040009,324.040009,28258
2026-08-04 11:45:00,324,324.10501,323.84509,324.059998,41325
2026-08-04 11:44:00,323.85501,323.98,323.61841,323.94000,33635
2026-08-04 11:43:00,323.95499,324.09,323.84,323.85001,43722
2026-08-04 11:42:00,324.22000,324.23001,323.85999,323.92001,45974
2026-08-04 11:41:00,324.25500,324.54999,324.18011,324.22501,44655
2026-08-04 11:40:00,324.066589,324.53000,324.066589,324.25500,67116
2026-08-04 11:39:00,323.98199,324.12,323.82800,324.10001,47518
2026-08-04 11:38:00,323.5,324.040009,323.29999,323.92749,67175
2026-08-04 11:37:00,323.20001,323.56000,323.20001,323.5,51161
2026-08-04 11:36:00,323.14771,323.21500,322.85999,323.20499,101220
2026-08-04 11:35:00,323.57999,323.60999,323.10999,323.17001,105711
2026-08-04 11:34:00,323.65500,323.69501,323.5,323.58011,43966
2026-08-04 11:33:00,323.98001,324.12000,323.62000,323.62000,41224
2026-08-04 11:32:00,324.17999,324.18,323.95,324.070007,55787
2026-08-04 11:31:00,323.95670,324.33789,323.79999,324.17999,39179
2026-08-04 11:30:00,323.92001,324.10999,323.82999,323.95691,372412
2026-08-04 11:29:00,324.16000,324.29001,323.75,323.92999,43644
2026-08-04 11:28:00,324.15500,324.38989,324.029999,324.15500,32826
2026-08-04 11:27:00,324.17999,324.39990,323.85,324.19989,73162
2026-08-04 11:26:00,324.46500,324.5,324.13,324.14999,41931
2026-08-04 11:25:00,324.19009,324.47351,324.010010,324.44000,48501
2026-08-04 11:24:00,324.54999,324.66989,324.10001,324.21500,47882
2026-08-04 11:23:00,324.82990,324.94000,324.45001,324.64499,58876
2026-08-04 11:22:00,324.91000,325.059906,324.76999,324.83820,26832
2026-08-04 11:21:00,324.75,324.95999,324.68011,324.88000,38012
2026-08-04 11:20:00,324.89001,324.97900,324.64,324.73999,36180
2026-08-04 11:19:00,325.019989,325.02,324.75,324.89001,40503
2026-08-04 11:18:00,324.67001,325.069702,324.53000,325.029999,71092
2026-08-04 11:17:00,324.5,324.70001,324.34000,324.70001,31760
2026-08-04 11:16:00,324.35501,324.53000,324.30011,324.53000,27419
2026-08-04 11:15:00,324.31500,324.45001,324.14001,324.35501,48785
2026-08-04 11:14:00,324.68500,324.685,324.29001,324.31500,42766
2026-08-04 11:13:00,324.45001,324.78989,324.43259,324.64011,40848
2026-08-04 11:12:00,324.46500,324.60001,324.26001,324.44000,35427
2026-08-04 11:11:00,324.72000,324.75,324.39999,324.46500,63070
2026-08-04 11:10:00,324.73001,325,324.64001,324.72000,79874
2026-08-04 11:09:00,324.59500,324.84000,324.30701,324.79999,64560
2026-08-04 11:08:00,324.10999,324.74991,323.81000,324.60001,124815
2026-08-04 11:07:00,324.42999,324.51990,324.10001,324.11270,48488
2026-08-04 11:06:00,324.27499,324.47,324.040009,324.39001,50058
2026-08-04 11:05:00,324.23001,324.29999,323.92999,324.29990,41250
2026-08-04 11:04:00,324.16000,324.35001,324.015015,324.20001,51155
2026-08-04 11:03:00,324.34000,324.53989,324.10001,324.14999,57677
2026-08-04 11:02:00,324.19000,324.32321,324.029999,324.29001,36962
2026-08-04 11:01:00,324.25339,324.41000,324.071014,324.26990,53597
2026-08-04 11:00:00,324.070007,324.53989,324.000091553,324.32990,68895
2026-08-04 10:59:00,323.95499,324.28,323.89001,324.040009,49291
2026-08-04 10:58:00,323.85001,324.10999,323.79999,323.92050,42388
2026-08-04 10:57:00,324,324.25989,323.85190,323.85190,52610
2026-08-04 10:56:00,323.77499,324.44,323.73999,324.059998,93944
2026-08-04 10:55:00,323.73499,323.79999,323.54999,323.77499,42156
2026-08-04 10:54:00,323.83621,323.94000,323.67261,323.73499,33919
2026-08-04 10:53:00,323.79001,324,323.67001,323.86499,76620
2026-08-04 10:52:00,323.64999,323.85001,323.47000,323.79001,31397
2026-08-04 10:51:00,323.54001,323.73001,323.28000,323.69000,49941
2026-08-04 10:50:00,323.47000,323.79999,323.47000,323.57501,33616
2026-08-04 10:49:00,323.45999,323.57001,323.27209,323.52951,34647
2026-08-04 10:48:00,323.78000,323.84000,323.41000,323.44000,33990
2026-08-04 10:47:00,323.68500,323.93,323.66000,323.85489,33130
2026-08-04 10:46:00,323.54001,323.95999,323.54001,323.70001,44980
2026-08-04 10:45:00,323.75,323.88000,323.5,323.54010,39439
2026-08-04 10:44:00,323.64001,323.84000,323.54,323.72000,27769
2026-08-04 10:43:00,323.62000,323.75,323.42001,323.70941,32903
2026-08-04 10:42:00,323.31000,323.60001,323.26001,323.60001,36187
2026-08-04 10:41:00,323.62000,323.66479,323.29001,323.35999,59301
2026-08-04 10:40:00,323.64001,324.039703,323.48010,323.57999,55470
2026-08-04 10:39:00,323.51001,323.64999,323.37000,323.56000,31847
2026-08-04 10:38:00,323.41479,324.089996,323.20999,323.44501,84590
2026-08-04 10:37:00,323.28000,323.59000,322.79999,323.37009,106796
2026-08-04 10:36:00,323.29501,323.44000,323.070099,323.33499,49093
2026-08-04 10:35:00,323.47000,323.64499,323.20010,323.29001,49849
2026-08-04 10:34:00,323.60001,323.88000,323.4,323.53000,50347
2026-08-04 10:33:00,323.13010,323.72000,323.13000,323.55499,47292
2026-08-04 10:32:00,323.45001,323.63000,323.13010,323.16000,65873
2026-08-04 10:31:00,323.68500,323.97000,323.39999,323.53989,62374
2026-08-04 10:30:00,323.65500,323.81989,323.47000,323.73999,43926
2026-08-04 10:29:00,323.72501,324.10001,323.53500,323.72989,77673
2026-08-04 10:28:00,323.29999,323.82999,323.29001,323.70999,72728
2026-08-04 10:27:00,323.25,323.45999,323.16000,323.25,62436
2026-08-04 10:26:00,323.57001,323.60001,323.14001,323.23999,64530
2026-08-04 10:25:00,323.35999,323.58749,323.040009,323.56000,59322
2026-08-04 10:24:00,323.019989,323.39999,322.97000,323.375,84950
2026-08-04 10:23:00,323.059998,323.39990,322.76999,323.029999,112979
2026-08-04 10:22:00,323.67001,323.78000,322.82010,323,115184
2026-08-04 10:21:00,323.63000,323.73001,323.45001,323.73001,51183
2026-08-04 10:20:00,323.89999,323.9,323.32001,323.75,119688
2026-08-04 10:19:00,324.34000,324.47000,323.78000,323.85001,101078
2026-08-04 10:18:00,324.74500,324.89999,324.07,324.38000,73201
2026-08-04 10:17:00,324.37000,324.88300,324.23499,324.75,78679
2026-08-04 10:16:00,325.049988,325.22000,324.35999,324.42001,111851
2026-08-04 10:15:00,324.79001,325.28110,324.73999,325.027405,88558
2026-08-04 10:14:00,325.049988,325.45001,324.81000,324.85001,106104
2026-08-04 10:13:00,324.73499,325.17001,324.69000,325.029999,116741
2026-08-04 10:12:00,324.87900,324.87900,324.44000,324.77771,74631
2026-08-04 10:11:00,324.065002,324.88000,324.029999,324.85999,141748
2026-08-04 10:10:00,324.14999,324.23999,323.67010,324.055908,119066
2026-08-04 10:09:00,324.20999,324.26999,323.92001,324.13000,93430
2026-08-04 10:08:00,324.29001,324.48999,324.016907,324.19009,92462
2026-08-04 10:07:00,324.51001,324.76001,324.14011,324.26001,145813
2026-08-04 10:06:00,324.22000,324.72000,324.010010,324.48999,178649
2026-08-04 10:05:00,323.12000,324.3,323.040009,324.25500,191642
2026-08-04 10:04:00,322.36700,323.21,322.31000,323.11749,107636
2026-08-04 10:03:00,321.98001,322.69000,321.70999,322.45999,79815
2026-08-04 10:02:00,321.53000,322.54001,321.47101,322.056610,123326
2026-08-04 10:01:00,321.25,321.94000,320.79010,321.57001,113735
2026-08-04 10:00:00,321.75,321.85999,320.89999,321.20001,171316
2026-08-04 09:59:00,321.87961,322.39200,321.17010,321.84000,108938
2026-08-04 09:58:00,321.70499,322.14001,321.39371,321.85999,110934
2026-08-04 09:57:00,322.26001,322.48999,321.64999,321.66000,105852
2026-08-04 09:56:00,322.75,322.76990,321.82999,322.17499,101327
2026-08-04 09:55:00,322.78351,323.38000,322.63010,322.74500,140300
2026-08-04 09:54:00,322.26001,322.85001,322,322.82001,86302
2026-08-04 09:53:00,322.45999,322.53000,321.71219,322.10599,182349
2026-08-04 09:52:00,322.32999,322.53000,322.059998,322.47241,88552
2026-08-04 09:51:00,322.63501,322.95001,322.25,322.39001,86499
2026-08-04 09:50:00,322.65189,323.11,322.16000,322.58511,137643
2026-08-04 09:49:00,322.69989,323,322.53000,322.78500,95234
2026-08-04 09:48:00,322.85001,322.85001,322.31000,322.70001,112418
2026-08-04 09:47:00,322.019989,322.82001,321.93951,322.79001,134430
2026-08-04 09:46:00,322.22501,322.27060,321.5,321.98999,130313
2026-08-04 09:45:00,321.68411,322.29999,321.51001,322.28851,165786
2026-08-04 09:44:00,322.079895,322.079895,321.049988,321.65781,160319
2026-08-04 09:43:00,322.22501,322.42990,321.23001,322.059998,234221
2026-08-04 09:42:00,322.89499,323.019897,322,322.22501,155171
2026-08-04 09:41:00,321.75,323.48999,321.70999,322.84891,177677
2026-08-04 09:40:00,322.48999,322.75,321.47000,321.75,289827
2026-08-04 09:39:00,324.029999,324.030090,322.44199,322.53549,275325
2026-08-04 09:38:00,325.24500,325.69000,323.88000,324.078888,212630
2026-08-04 09:37:00,326.20999,326.25,324.84000,325.24500,159077
2026-08-04 09:36:00,325.64001,326.89999,325.5,326.20999,273686
2026-08-04 09:35:00,324.44501,325.89001,324.31000,325.64001,225365
2026-08-04 09:34:00,324.35001,324.77991,323.88000,324.44000,121599
2026-08-04 09:33:00,324.040009,325.33710,324.019989,324.49011,180326
2026-08-04 09:32:00,322.42429,324.73001,322.20999,324.14001,231783
2026-08-04 09:31:00,325.34000,326.17459,322.20001,322.34000,260285
2026-08-04 09:30:00,325.34500,326.68,322.99,325.34500,1561529
2026-08-03 15:59:00,321.98999,322.17999,321.79,322.12830,409603
2026-08-03 15:58:00,321.88000,322.10999,321.88000,321.98999,155906
2026-08-03 15:57:00,322.029999,322.19000,321.78000,321.89001,174244
2026-08-03 15:56:00,321.60999,322.070007,321.60999,322.049988,161873
2026-08-03 15:55:00,321.28000,321.73999,321.20001,321.63501,160460
2026-08-03 15:54:00,321.66000,321.70999,321.24609,321.31989,146495
2026-08-03 15:53:00,321.79001,321.95999,321.57001,321.67999,145944
2026-08-03 15:52:00,321.63000,321.97861,321.39999,321.77499,175471
2026-08-03 15:51:00,321.81000,321.85501,321.60001,321.60001,126503
2026-08-03 15:50:00,322.079987,322.079987,321.66000,321.79999,127662
2026-08-03 15:49:00,322.23499,322.26001,322.010010,322.045013,69509
2026-08-03 15:48:00,322.20001,322.32001,322.2,322.23499,40573
2026-08-03 15:47:00,322.13000,322.35999,322.07,322.23999,64777
2026-08-03 15:46:00,322.23001,322.32001,321.92001,322.18039,132488
2026-08-03 15:45:00,322.54001,322.57999,322.23001,322.23999,53926
2026-08-03 15:44:00,322.39001,322.57999,322.39001,322.54041,44735
2026-08-03 15:43:00,322.54999,322.57999,322.32001,322.41501,53924
2026-08-03 15:42:00,322.45999,322.66000,322.32001,322.54999,69902
2026-08-03 15:41:00,322.74500,322.92001,322.40649,322.45001,53915
2026-08-03 15:40:00,322.75,322.82999,322.54001,322.75,85615
2026-08-03 15:39:00,322.875,322.94000,322.72000,322.73999,46551
2026-08-03 15:38:00,322.96500,323.089996,322.85999,322.875,31059
2026-08-03 15:37:00,322.92001,323.019989,322.87000,322.94000,32034
2026-08-03 15:36:00,323.17001,323.17001,322.88379,322.93500,47249
2026-08-03 15:35:00,323.019989,323.2,323,323.17001,69831
2026-08-03 15:34:00,322.94501,323.040009,322.91000,323.019897,38888
2026-08-03 15:33:00,322.95001,323,322.85010,322.95001,38502
2026-08-03 15:32:00,322.64999,322.97919,322.48001,322.95001,118814
2026-08-03 15:31:00,322.78000,322.79999,322.62,322.63010,45552
2026-08-03 15:30:00,322.76501,322.89001,322.70999,322.78000,46490
2026-08-03 15:29:00,322.85001,322.92001,322.70001,322.75,49268
2026-08-03 15:28:00,322.92001,322.98001,322.75,322.82001,39234
2026-08-03 15:27:00,322.85001,322.89001,322.75,322.88501,39764
2026-08-03 15:26:00,323.075012,323.10999,322.79999,322.85001,59934
2026-08-03 15:25:00,323.029999,323.17999,322.94781,323.070007,39887
2026-08-03 15:24:00,323.10501,323.20001,323.040009,323.054993,32563
2026-08-03 15:23:00,323.19000,323.22000,322.97000,323.14001,37171
2026-08-03 15:22:00,323.15500,323.23001,323.079987,323.16000,48535
2026-08-03 15:21:00,322.97250,323.19000,322.97250,323.16910,41411
2026-08-03 15:20:00,323.049896,323.059998,322.91,322.98999,56687
2026-08-03 15:19:00,322.97989,323.049988,322.88000,323.019989,27837
2026-08-03 15:18:00,323.059998,323.12000,322.87851,322.89999,50919
2026-08-03 15:17:00,322.97501,323.10001,322.89999,323.065002,64625
2026-08-03 15:16:00,322.79999,323.23001,322.79849,323.019989,77691
2026-08-03 15:15:00,322.51001,322.79999,322.5,322.79999,78148
2026-08-03 15:14:00,322.82001,322.87000,322.41000,322.47000,64647
2026-08-03 15:13:00,323.15961,323.16000,322.78000,322.84219,78016
2026-08-03 15:12:00,323.16000,323.29999,323.11011,323.15500,33876
2026-08-03 15:11:00,323.27499,323.29999,323.079987,323.16000,36584
2026-08-03 15:10:00,323.19000,323.37000,323.040009,323.26999,52329
2026-08-03 15:09:00,323.34000,323.34000,323.07,323.20999,47294
2026-08-03 15:08:00,323.56000,323.59000,323.13000,323.34000,72184
2026-08-03 15:07:00,323.56000,323.76001,323.47049,323.56000,50361
2026-08-03 15:06:00,323.91501,323.92001,323.55011,323.57001,100022
2026-08-03 15:05:00,324.24991,324.32999,323.88000,323.92499,65470
2026-08-03 15:04:00,324.39871,324.44000,324.021790,324.20001,38485
2026-08-03 15:03:00,323.94501,324.36499,323.88,324.36499,52039
2026-08-03 15:02:00,324.37000,324.39999,323.88000,323.97000,88908
2026-08-03 15:01:00,323.79999,324.64999,323.79999,324.34000,174168
2026-08-03 15:00:00,323.57001,323.79999,323.53009,323.78500,57792
2026-08-03 14:59:00,323.67999,323.73999,323.32,323.54001,50411
2026-08-03 14:58:00,323.67999,323.75,323.60999,323.66370,41564
2026-08-03 14:57:00,323.64999,323.67999,323.53009,323.65009,34681
2026-08-03 14:56:00,323.57999,323.82001,323.51010,323.60999,128078
2026-08-03 14:55:00,323.48001,323.70001,323.47000,323.60001,48884
2026-08-03 14:54:00,323.63010,323.67999,323.36240,323.45499,56205
2026-08-03 14:53:00,323.66000,323.70999,323.57339,323.66000,58997
2026-08-03 14:52:00,323.54999,323.75,323.47000,323.63000,84302
2026-08-03 14:51:00,323.42001,323.54999,323.29999,323.51501,57241
2026-08-03 14:50:00,323.41330,323.58301,323.34000,323.38000,108659
2026-08-03 14:49:00,322.92001,323.44000,322.89001,323.44000,108484
2026-08-03 14:48:00,322.62991,322.92999,322.60001,322.92001,53674
2026-08-03 14:47:00,322.70001,322.75,322.54349,322.59000,37456
2026-08-03 14:46:00,322.47000,322.74991,322.28000,322.72000,59008
2026-08-03 14:45:00,322.64999,322.75,322.42001,322.5,49118
2026-08-03 14:44:00,322.53000,322.66000,322.5,322.64999,33624
2026-08-03 14:43:00,322.45999,322.57001,322.41699,322.52499,38243
2026-08-03 14:42:00,322.31000,322.45001,322.25,322.42999,30206
2026-08-03 14:41:00,322.23001,322.32990,322.079987,322.28500,38929
2026-08-03 14:40:00,322.34000,322.48999,322.19000,322.22000,47868
2026-08-03 14:39:00,322.29999,322.39001,322.23999,322.30499,53707
2026-08-03 14:38:00,321.86499,322.29999,321.86499,322.29999,69324
2026-08-03 14:37:00,321.64999,321.89001,321.60010,321.88400,32054
2026-08-03 14:36:00,321.70001,321.79929,321.60999,321.60999,50743
2026-08-03 14:35:00,321.48001,321.70999,321.45999,321.70001,57119
2026-08-03 14:34:00,321.29001,321.51999,321.27499,321.45499,46940
2026-08-03 14:33:00,321.17499,321.38000,321.049988,321.29001,54971
2026-08-03 14:32:00,321.17999,321.26001,321.019989,321.20001,47319
2026-08-03 14:31:00,321.41000,321.48929,321.11011,321.20999,77753
2026-08-03 14:30:00,321.42999,321.60410,321.38,321.42999,45911
2026-08-03 14:29:00,321.47000,321.60001,321.41000,321.42999,35309
2026-08-03 14:28:00,321.35501,321.69989,321.32999,321.46500,50229
2026-08-03 14:27:00,321.51501,321.55481,321.32999,321.35501,74449
2026-08-03 14:26:00,321.78510,321.80850,321.45999,321.51501,114178
2026-08-03 14:25:00,321.96021,322.13000,321.72000,321.82001,71488
2026-08-03 14:24:00,322.29501,322.34000,321.95001,321.96039,48268
2026-08-03 14:23:00,322.48001,322.48001,322.23999,322.29001,27074
2026-08-03 14:22:00,322.34509,322.46869,322.26010,322.41000,47108
2026-08-03 14:21:00,322.39499,322.45001,322.23999,322.32999,20651
2026-08-03 14:20:00,322.35001,322.40500,322.23999,322.40500,32772
2026-08-03 14:19:00,322.39001,322.41000,322.25,322.38000,50218
2026-08-03 14:18:00,322.62000,322.64001,322.37,322.42001,40039
2026-08-03 14:17:00,322.63501,322.72000,322.60001,322.62000,27951
2026-08-03 14:16:00,322.52499,322.72000,322.48999,322.63501,39884
2026-08-03 14:15:00,322.38000,322.53,322.29999,322.51999,24936
2026-08-03 14:14:00,322.35999,322.44000,322.13000,322.44000,55093
2026-08-03 14:13:00,322.51999,322.70001,322.27609,322.32001,42317
2026-08-03 14:12:00,322.56000,322.75839,322.19000,322.53940,47380
2026-08-03 14:11:00,322.78000,322.84000,322.48,322.54501,42072
2026-08-03 14:10:00,322.76999,322.82501,322.67999,322.79999,32162
2026-08-03 14:09:00,322.91010,323.049988,322.70001,322.79001,58391
2026-08-03 14:08:00,322.62000,322.94000,322.51001,322.92001,53954
2026-08-03 14:07:00,322.43500,322.64001,322.43500,322.60001,32640
2026-08-03 14:06:00,322.21509,322.47000,322.17001,322.43500,56618
2026-08-03 14:05:00,322,322.33801,321.97000,322.20499,35775
2026-08-03 14:04:00,321.95999,322.14001,321.88129,322,38734
2026-08-03 14:03:00,322.26999,322.26999,321.88010,321.98999,67767
2026-08-03 14:02:00,322.019989,322.28000,322.019989,322.26999,47278
2026-08-03 14:01:00,322.28500,322.35999,321.87000,321.98999,53401
2026-08-03 14:00:00,322.28500,322.48999,322.19180,322.23001,48368
2026-08-03 13:59:00,322.20999,322.35999,322.14999,322.28000,52473
2026-08-03 13:58:00,322.66000,322.66000,322.12009,322.19000,78727
2026-08-03 13:57:00,322.62000,322.74500,322.56000,322.66000,34011
2026-08-03 13:56:00,322.69000,322.935,322.57001,322.59000,43831
2026-08-03 13:55:00,322.75,322.92001,322.69000,322.71500,49450
2026-08-03 13:54:00,322.50131,322.76999,322.5,322.76999,52810
2026-08-03 13:53:00,322.54501,322.57990,322.45010,322.5,39071
2026-08-03 13:52:00,322.60999,322.73999,322.39999,322.52161,53924
2026-08-03 13:51:00,322.61499,322.65,322.48001,322.59900,57933
2026-08-03 13:50:00,322.65381,322.70001,322.48001,322.60251,62263
2026-08-03 13:49:00,322.79999,322.88989,322.60001,322.67999,45178
2026-08-03 13:48:00,322.65039,322.92499,322.63010,322.82999,50958
2026-08-03 13:47:00,322.70001,323.010010,322.67999,322.68500,90827
2026-08-03 13:46:00,322.64999,322.78131,322.64999,322.73999,61144
2026-08-03 13:45:00,322.57001,322.69931,322.53500,322.64001,40079
2026-08-03 13:44:00,322.57999,322.64999,322.39050,322.54001,51722
2026-08-03 13:43:00,322.5,322.59000,322.26999,322.57999,49267
2026-08-03 13:42:00,322.47000,322.64999,322.45001,322.48001,54939
2026-08-03 13:41:00,322.49500,322.59000,322.39001,322.47000,39639
2026-08-03 13:40:00,322.26999,322.59000,322.26999,322.47781,40398
2026-08-03 13:39:00,322.24500,322.42999,322.17010,322.27499,35519
2026-08-03 13:38:00,322.19501,322.29001,322.14999,322.23999,36065
2026-08-03 13:37:00,322.23001,322.29001,322.14999,322.19501,42146
2026-08-03 13:36:00,322.16000,322.48999,322.12000,322.23001,62444
2026-08-03 13:35:00,322.12000,322.17001,322.010010,322.17001,23680
2026-08-03 13:34:00,322.125,322.20001,322.070007,322.14999,38893
2026-08-03 13:33:00,322.13000,322.26999,322.07,322.10660,37274
2026-08-03 13:32:00,322.075012,322.15009,321.96011,322.079987,36564
2026-08-03 13:31:00,322.042389,322.17999,321.97000,322.095001,43831
2026-08-03 13:30:00,322.14001,322.14001,321.97000,322.049988,54433
2026-08-03 13:29:00,321.87000,322.13000,321.83011,322.125,38533
2026-08-03 13:28:00,322,322.14999,321.82001,321.93991,64605
2026-08-03 13:27:00,322.125,322.19989,321.98999,322,85510
2026-08-03 13:26:00,321.76999,322.14001,321.73001,322.125,81949
2026-08-03 13:25:00,321.66000,321.88000,321.60001,321.76999,47760
2026-08-03 13:24:00,321.67001,321.76999,321.62000,321.64511,34124
2026-08-03 13:23:00,321.67999,321.70001,321.60001,321.70001,35708
2026-08-03 13:22:00,321.48389,321.69000,321.47000,321.67999,40619
2026-08-03 13:21:00,321.32001,321.63000,321.29,321.47009,40134
2026-08-03 13:20:00,321.56000,321.89999,321.25,321.33011,81887
2026-08-03 13:19:00,321.70999,321.70999,321.5,321.57999,50852
2026-08-03 13:18:00,321.54800,321.75,321.47009,321.71011,73041
2026-08-03 13:17:00,321.48999,321.66000,321.47281,321.55829,42534
2026-08-03 13:16:00,321.43011,321.61859,321.34009,321.52280,92413
2026-08-03 13:15:00,321.33011,321.57999,321.17001,321.45999,68691
2026-08-03 13:14:00,321.084991,321.47000,321.049988,321.34000,72893
2026-08-03 13:13:00,320.67999,321.089996,320.64,321.084991,60294
2026-08-03 13:12:00,320.73651,320.86990,320.57999,320.63101,64178
2026-08-03 13:11:00,320.44000,320.79990,320.40500,320.73001,81002
2026-08-03 13:10:00,320.29001,320.62991,320.22000,320.41010,66641
2026-08-03 13:09:00,320.26001,320.54999,320.21051,320.32001,74072
2026-08-03 13:08:00,320.23499,320.3,320.15121,320.22571,36751
2026-08-03 13:07:00,320.25,320.29001,320.10999,320.23499,36365
2026-08-03 13:06:00,320.054993,320.34000,320.054993,320.25,73796
2026-08-03 13:05:00,319.67499,320.098602,319.59000,320.079712,94016
2026-08-03 13:04:00,319.67999,319.74991,319.39001,319.71991,111737
2026-08-03 13:03:00,320.019989,320.019989,319.54999,319.67999,85615
2026-08-03 13:02:00,320.089996,320.17990,319.95,320.079987,60874
2026-08-03 13:01:00,320.079987,320.34000,320.079987,320.10501,63562
2026-08-03 13:00:00,319.95999,320.20001,319.92999,320.10941,70397
2026-08-03 12:59:00,320.14999,320.17999,319.95999,319.95999,66397
2026-08-03 12:58:00,320.26999,320.32001,320.10999,320.12839,54491
2026-08-03 12:57:00,320.10989,320.39999,320.020111,320.26999,66291
2026-08-03 12:56:00,320.20901,320.20999,319.92001,320.089996,65632
2026-08-03 12:55:00,320.12000,320.19821,320.010010,320.17001,41853
2026-08-03 12:54:00,320.20001,320.26,319.92001,320.11499,62423
2026-08-03 12:53:00,320.10999,320.20001,320.010010,320.20001,48331
2026-08-03 12:52:00,320.079987,320.21991,319.91000,320.15579,133330
2026-08-03 12:51:00,320.28870,320.32999,320.071808,320.10001,71295
2026-08-03 12:50:00,320.32510,320.41000,320.19,320.27499,43080
2026-08-03 12:49:00,320.48999,320.57999,320.29999,320.32501,1071258
2026-08-03 12:48:00,320.72000,320.73001,320.32001,320.45001,46705
2026-08-03 12:47:00,320.79999,320.85999,320.42999,320.73499,62165
2026-08-03 12:46:00,320.81000,320.91000,320.67999,320.82999,68082
2026-08-03 12:45:00,321.040009,321.040009,320.76001,320.82501,60730
2026-08-03 12:44:00,321.049988,321.13000,320.92999,321,67511
2026-08-03 12:43:00,320.68500,321.079987,320.66000,321.079987,59668
2026-08-03 12:42:00,320.81000,320.81812,320.57,320.67999,76608
2026-08-03 12:41:00,321.16501,321.22000,320.67999,320.81000,81748
2026-08-03 12:40:00,321.28000,321.29001,320.92001,321.14011,69960
2026-08-03 12:39:00,321.10001,321.42221,321.10001,321.28000,54169
2026-08-03 12:38:00,321.46500,321.5,321.1,321.12000,86346
2026-08-03 12:37:00,321.89880,321.98001,321.39999,321.46500,56216
2026-08-03 12:36:00,322.25,322.375,321.88000,321.95001,56729
2026-08-03 12:35:00,322.010010,322.35999,321.94,322.20999,89368
2026-08-03 12:34:00,321.77499,322.14001,321.69009,322,72262
2026-08-03 12:33:00,321.56000,321.81,321.42999,321.79999,49480
2026-08-03 12:32:00,321.82001,321.95999,321.42,321.56201,114676
2026-08-03 12:31:00,321.85999,321.91989,321.73700,321.82999,44723
2026-08-03 12:30:00,322.079987,322.079987,321.72000,321.85999,64181
2026-08-03 12:29:00,321.94000,322.20999,321.92001,322.079987,57830
2026-08-03 12:28:00,322.029999,322.079987,321.84000,321.95999,57590
2026-08-03 12:27:00,322.050110,322.29999,321.94000,322.015015,60068
2026-08-03 12:26:00,322.38000,322.41000,322.049988,322.049988,85422
2026-08-03 12:25:00,322.095001,322.5,322.059998,322.37000,80780
2026-08-03 12:24:00,322.57001,322.57001,321.95001,322.061005,117641
2026-08-03 12:23:00,322.84000,322.94989,322.51260,322.51260,63932
2026-08-03 12:22:00,323.14999,323.18500,322.82001,322.87000,47746
2026-08-03 12:21:00,322.92499,323.17999,322.82001,323.11301,55180
2026-08-03 12:20:00,323.21051,323.28000,322.82001,322.89011,94660
2026-08-03 12:19:00,323.39001,323.48001,323.15741,323.20731,32926
2026-08-03 12:18:00,323.59009,323.62000,323.35010,323.38000,42885
2026-08-03 12:17:00,323.89911,323.89990,323.51001,323.59900,52106
2026-08-03 12:16:00,323.76001,323.97800,323.54001,323.85999,46443
2026-08-03 12:15:00,323.73471,323.82990,323.45001,323.76001,49664
2026-08-03 12:14:00,323.76001,323.95001,323.70001,323.72000,52046
2026-08-03 12:13:00,323.98001,324.079895,323.70001,323.73001,75250
2026-08-03 12:12:00,323.57999,323.97110,323.54999,323.97110,51171
2026-08-03 12:11:00,323.63000,323.85001,323.54999,323.58771,82520
2026-08-03 12:10:00,323.54501,323.73999,323.45999,323.67001,50762
2026-08-03 12:09:00,323.35001,323.57001,323.23999,323.54999,29383
2026-08-03 12:08:00,323.51999,323.60999,323.25,323.26001,53323
2026-08-03 12:07:00,323.26001,323.54001,323.20999,323.51999,41834
2026-08-03 12:06:00,323.30499,323.38000,323.15009,323.20001,33980
2026-08-03 12:05:00,323.14999,323.39999,323.079987,323.31500,45493
2026-08-03 12:04:00,323.10001,323.25500,322.95001,323.17499,54479
2026-08-03 12:03:00,323.45499,323.53000,323.095001,323.14001,34202
2026-08-03 12:02:00,323.42999,323.51999,323.25,323.45499,31442
2026-08-03 12:01:00,323.41501,323.67001,323.25,323.39999,56380
2026-08-03 12:00:00,323.39999,323.62000,323.29999,323.41000,51212
2026-08-03 11:59:00,323.29501,323.39999,323.13,323.38000,48078
2026-08-03 11:58:00,323.29001,323.37000,323.14999,323.31000,34746
2026-08-03 11:57:00,323.38000,323.54999,323.22000,323.30951,60255
2026-08-03 11:56:00,323.37180,323.62000,323.34000,323.39999,58043
2026-08-03 11:55:00,323.51501,323.54001,323.32999,323.375,42978
2026-08-03 11:54:00,323.65500,323.70001,323.45999,323.54999,38300
2026-08-03 11:53:00,323.39999,323.70999,323.29529,323.67880,53490
2026-08-03 11:52:00,323.39499,323.54999,323.22000,323.41000,55852
2026-08-03 11:51:00,323.39999,323.62000,323.10001,323.39499,67331
2026-08-03 11:50:00,322.84000,323.42999,322.81500,323.42999,64701
2026-08-03 11:49:00,322.67001,323.10001,322.66000,322.81500,134715
2026-08-03 11:48:00,322.85501,322.85501,322.59000,322.67001,54631
2026-08-03 11:47:00,322.83499,322.94559,322.51001,322.85999,79711
2026-08-03 11:46:00,323.040009,323.20001,322.79001,322.81000,66568
2026-08-03 11:45:00,322.70990,323.20001,322.67999,323.040009,77131
2026-08-03 11:44:00,322.71500,322.84000,322.62030,322.69000,62188
2026-08-03 11:43:00,323.065002,323.11200,322.57,322.67999,77761
2026-08-03 11:42:00,323.049988,323.34000,322.85999,323.065002,110953
2026-08-03 11:41:00,323.51001,323.55499,323,323.075012,82793
2026-08-03 11:40:00,323.69000,323.85001,323.50360,323.51889,48733
2026-08-03 11:39:00,323.5,323.76700,323.42001,323.69000,75325
2026-08-03 11:38:00,323.52151,323.73001,323.23001,323.46500,73580
2026-08-03 11:37:00,323.67999,323.70001,323.42001,323.51999,89206
2026-08-03 11:36:00,323.92001,324.010010,323.60101,323.69000,56275
2026-08-03 11:35:00,323.84000,323.95001,323.51,323.92001,106850
2026-08-03 11:34:00,324.054993,324.089996,323.70001,323.84000,77365
2026-08-03 11:33:00,323.34000,324.079987,323.32999,324.019989,77121
2026-08-03 11:32:00,323.56000,323.67999,323.32999,323.47000,58679
2026-08-03 11:31:00,323.54999,323.98001,323.47,323.57001,82810
2026-08-03 11:30:00,323.14001,323.76001,323.040009,323.54999,132794
2026-08-03 11:29:00,323.47000,323.63000,322.95001,323.14499,118398
2026-08-03 11:28:00,323.97501,324.019989,323.29001,323.46509,97597
2026-08-03 11:27:00,323.70001,324.14001,323.42999,324,121663
2026-08-03 11:26:00,323.69000,324.05,323.42001,323.67001,133730
2026-08-03 11:25:00,323.60001,323.98001,323.42,323.76999,126972
2026-08-03 11:24:00,323.70999,323.82001,323.51001,323.64001,84505
2026-08-03 11:23:00,324.10001,324.13989,323.67999,323.70010,164150
2026-08-03 11:22:00,323.62000,324.20001,323.47000,324.10300,173395
2026-08-03 11:21:00,323.60001,323.86951,323.29501,323.68539,144716
2026-08-03 11:20:00,323.0050049,323.59,322.81000,323.57501,126555
2026-08-03 11:19:00,323.19000,323.25,322.70001,322.95001,107590
2026-08-03 11:18:00,323.089996,323.47000,323.049988,323.17010,119891
2026-08-03 11:17:00,322.48001,323.27,322.29,323.089996,173651
2026-08-03 11:16:00,322.39471,322.75989,322.26999,322.50500,131611
2026-08-03 11:15:00,322.035004,322.39999,322,322.37000,64751
2026-08-03 11:14:00,322.070099,322.23950,321.87000,322.035004,91355
2026-08-03 11:13:00,321.79001,322.12750,321.73029,322.070007,58962
2026-08-03 11:12:00,321.84000,321.97000,321.56000,321.70609,60161
2026-08-03 11:11:00,322.029999,322.029999,321.53000,321.84000,78954
2026-08-03 11:10:00,322.14999,322.14999,321.51999,322.049988,109067
2026-08-03 11:09:00,322.34009,322.38000,322.040100,322.18500,77156
2026-08-03 11:08:00,322.019989,322.53000,322.0010986,322.38000,119993
2026-08-03 11:07:00,322.084991,322.54999,321.85001,322.045013,120469
2026-08-03 11:06:00,321.95001,322.19000,321.7,322.084991,124447
2026-08-03 11:05:00,321.95001,322.26999,321.88000,321.97501,86673
2026-08-03 11:04:00,322.28000,322.41000,321.74,321.91739,121785
2026-08-03 11:03:00,322.14999,322.36951,321.88000,322.28000,109279
2026-08-03 11:02:00,322.12000,322.39001,322.000091553,322.16000,126538
2026-08-03 11:01:00,322.17499,322.29999,321.54001,322.095001,127653
2026-08-03 11:00:00,322.22501,322.39999,322.020111,322.17001,133117
2026-08-03 10:59:00,321.84000,322.29001,321.5,322.22000,117352
2026-08-03 10:58:00,322.073303,322.079895,321.39999,321.85999,92718
2026-08-03 10:57:00,321.79999,322.17001,321.42001,322.043488,118691
2026-08-03 10:56:00,321.23999,322.019989,321.20999,321.71011,332794
2026-08-03 10:55:00,320.89001,321.39999,320.755,321.26999,103607
2026-08-03 10:54:00,321.019989,321.10001,320.635,320.85999,101903
2026-08-03 10:53:00,320.72000,321.040009,320.45,320.98181,149873
2026-08-03 10:52:00,320.35941,320.73990,320.29999,320.72961,55297
2026-08-03 10:51:00,320.38000,320.67999,320.20010,320.35999,82579
2026-08-03 10:50:00,320.14999,320.37000,319.98019,320.37000,73113
2026-08-03 10:49:00,320.14499,320.48001,319.94000,320.13000,85661
2026-08-03 10:48:00,320.49500,320.62991,320,320.14151,105367
2026-08-03 10:47:00,319.98001,320.56000,319.96411,320.5,124091
2026-08-03 10:46:00,319.63000,320.15,319.57999,319.96011,108259
2026-08-03 10:45:00,319.56979,319.94000,319.54,319.64001,67764
2026-08-03 10:44:00,319.63000,319.85999,319.47000,319.53000,67694
2026-08-03 10:43:00,319.93500,320,319.14011,319.63000,96625
2026-08-03 10:42:00,319.54001,320.049988,319.45010,319.94000,242412
2026-08-03 10:41:00,319.16000,319.78131,319.089996,319.55569,162158
2026-08-03 10:40:00,318.64999,319.19000,318.56,319.13000,54397
2026-08-03 10:39:00,318.45001,318.86990,318.45,318.62000,49178
2026-08-03 10:38:00,318.73499,318.96881,318.45001,318.48001,57316
2026-08-03 10:37:00,318.64001,319.13000,318.56000,318.74500,106080
2026-08-03 10:36:00,318.5,318.75,318.25,318.63000,58895
2026-08-03 10:35:00,318.29001,318.84991,318.24011,318.59991,99061
2026-08-03 10:34:00,317.95001,318.35001,317.91000,318.23001,69871
2026-08-03 10:33:00,317.79001,317.89999,317.47,317.89999,87989
2026-08-03 10:32:00,318.27011,318.29501,317.60001,317.75500,69468
2026-08-03 10:31:00,318.10001,318.47000,318.0010986,318.27499,46862
2026-08-03 10:30:00,318.78000,318.87000,317.89999,318.14001,86839
2026-08-03 10:29:00,318.17001,318.79001,318.061005,318.71500,66177
2026-08-03 10:28:00,318.51501,318.77991,318.17001,318.23001,75785
2026-08-03 10:27:00,318.39999,318.79999,318.29,318.51251,57449
2026-08-03 10:26:00,318.62000,318.68210,318.14,318.39999,74483
2026-08-03 10:25:00,318.29001,318.68991,318.28000,318.67001,69766
2026-08-03 10:24:00,317.72781,318.39001,317.64011,318.36990,75939
2026-08-03 10:23:00,317.59000,317.92999,317.54999,317.75,38460
2026-08-03 10:22:00,318.29001,318.29001,317.54999,317.58411,72747
2026-08-03 10:21:00,318.14499,318.39679,317.79999,318.17169,56481
2026-08-03 10:20:00,318.079987,318.76001,317.97,318.13501,132019
2026-08-03 10:19:00,318.010010,318.25,317.75,318.084991,74370
2026-08-03 10:18:00,317.79001,318.20001,317.72000,318.040009,63029
2026-08-03 10:17:00,317.60001,317.98001,317.29999,317.73001,64547
2026-08-03 10:16:00,317.31500,317.69000,317.28,317.62991,76425
2026-08-03 10:15:00,317.27991,317.42999,317.12000,317.26010,70764
2026-08-03 10:14:00,317.54001,317.97000,317.14999,317.21500,86617
2026-08-03 10:13:00,317.86990,318.25,317.5,317.53500,87548
2026-08-03 10:12:00,317.60999,318.12000,317.51999,317.82001,88174
2026-08-03 10:11:00,317.33499,317.67999,316.94000,317.53000,131155
2026-08-03 10:10:00,317.56500,317.64999,317.16000,317.39999,127293
2026-08-03 10:09:00,318.029999,318.19989,317.53000,317.56500,70311
2026-08-03 10:08:00,318.15500,318.17990,317.62009,318,93690
2026-08-03 10:07:00,318.60501,318.85001,318.11011,318.14999,77045
2026-08-03 10:06:00,318.049988,318.76001,317.94000,318.58459,93642
2026-08-03 10:05:00,318.30499,318.39999,317.88000,317.94009,72270
2026-08-03 10:04:00,318.45511,318.57001,317.54001,318.30499,131778
2026-08-03 10:03:00,318.91501,319.37000,318.41330,318.45511,195195
2026-08-03 10:02:00,317.48499,319.049988,317.42999,318.91501,138027
2026-08-03 10:01:00,317.78000,317.85001,317.25,317.52499,115896
2026-08-03 10:00:00,318.82501,318.89999,317.33011,317.73999,205388
2026-08-03 09:59:00,319.059998,319.31000,318.51001,318.89929,191801
2026-08-03 09:58:00,318.64999,319.08,318.48001,319.079987,152031
2026-08-03 09:57:00,318.91000,318.93439,318.50009,318.67499,118789
2026-08-03 09:56:00,318.48499,318.97000,318.23001,318.92001,154232
2026-08-03 09:55:00,317.55389,318.54001,317.55389,318.44000,274492
2026-08-03 09:54:00,317.31000,317.66599,317.000091553,317.54501,119078
2026-08-03 09:53:00,316.32999,317.32990,315.72,317.29001,154449
2026-08-03 09:52:00,316.054993,316.8,315.90051,316.25,97545
2026-08-03 09:51:00,315.64001,316.14999,315.25,316.079987,124571
2026-08-03 09:50:00,316.71500,316.84360,315.53000,315.53381,152562
2026-08-03 09:49:00,317.29999,317.5,316.64011,316.76981,100739
2026-08-03 09:48:00,317.059998,317.95001,316.56381,317.19009,192140
2026-08-03 09:47:00,315.36499,317.10999,315.35999,316.98499,144065
2026-08-03 09:46:00,316.17001,316.55991,315.29999,315.34940,170623
2026-08-03 09:45:00,317.20999,317.5,316.19,316.25,189457
2026-08-03 09:44:00,317.48999,317.85001,316.88840,317.21500,127669
2026-08-03 09:43:00,317.41220,318.29999,317.32001,317.51001,223295
2026-08-03 09:42:00,317.019897,317.95999,316.89999,317.42999,107663
2026-08-03 09:41:00,317.53000,317.82001,316.66000,316.95001,156579
2026-08-03 09:40:00,317.95001,318.41010,317.43701,317.56812,203888
2026-08-03 09:39:00,317.17999,318.049988,317.17999,317.92001,241498
2026-08-03 09:38:00,317.29001,317.46799,316.66000,317.21500,159234
2026-08-03 09:37:00,315.85999,317.62000,315.69000,317.20001,319236
2026-08-03 09:36:00,314.88000,316.10001,314.052002,315.92499,207905
2026-08-03 09:35:00,314.059998,315.57971,313.96500,314.88000,278204
2026-08-03 09:34:00,313.82010,314.60001,313.11011,314.042786,157506
2026-08-03 09:33:00,312.76001,314.079987,312.76001,313.80701,100829
2026-08-03 09:32:00,314.28381,314.35999,311.91501,313.059814,161952
2026-08-03 09:31:00,312.51999,314.5,312.44580,314.33499,212451
2026-08-03 09:30:00,311.010010,313.059998,310.42499,312.57141,1615309
2026-07-31 15:59:00,311.98999,312.023895,311.049988,311.12000,686741
2026-07-31 15:58:00,311.67001,312.035004,311.5,311.95499,268829
2026-07-31 15:57:00,312.37000,312.44659,311.64001,311.64001,194812
2026-07-31 15:56:00,312.79001,312.93500,312.35999,312.40640,149912
2026-07-31 15:55:00,312.79001,313.16000,312.41000,312.76501,193508
2026-07-31 15:54:00,312.98001,313.21149,312.46500,312.75540,180998
2026-07-31 15:53:00,312.25,313,312.049988,312.95499,157888
2026-07-31 15:52:00,312.089996,312.28,311.97000,312.20999,99178
2026-07-31 15:51:00,312.10999,312.13501,311.88000,312.049988,97419
2026-07-31 15:50:00,312.17001,312.39999,311.89999,312.089996,123864
2026-07-31 15:49:00,311.94000,312.20999,311.75021,312.17999,73897
2026-07-31 15:48:00,311.80499,312.049988,311.75009,311.94000,80702
2026-07-31 15:47:00,311.85999,311.95999,311.73999,311.82501,74664
2026-07-31 15:46:00,311.84000,312.059998,311.84000,311.89001,62803
2026-07-31 15:45:00,311.65500,311.95499,311.65500,311.88501,67371
2026-07-31 15:44:00,311.82001,311.88000,311.54999,311.69000,54368
2026-07-31 15:43:00,311.49500,311.85999,311.39999,311.78000,72762
2026-07-31 15:42:00,311.14880,311.54999,311.049988,311.49500,57174
2026-07-31 15:41:00,311.125,311.18890,310.98001,311.10999,47373
2026-07-31 15:40:00,311.19501,311.29001,311,311.070007,55557
2026-07-31 15:39:00,311.16501,311.23001,311.14999,311.19501,31628
2026-07-31 15:38:00,311.075012,311.19000,311.04,311.17999,35625
2026-07-31 15:37:00,311.059906,311.13989,310.89,311.049988,40403
2026-07-31 15:36:00,310.82501,311.089996,310.80051,311.035004,53458
2026-07-31 15:35:00,310.91000,310.97000,310.79999,310.79999,31897
2026-07-31 15:34:00,310.75500,311.14969,310.74500,310.95001,70076
2026-07-31 15:33:00,310.82001,310.97000,310.66501,310.77991,47059
2026-07-31 15:32:00,310.084991,310.88000,310.070007,310.82999,43666
2026-07-31 15:31:00,310.054993,310.16211,309.96719,310.070007,34065
2026-07-31 15:30:00,310.48999,310.53510,309.89999,310.079987,83480
2026-07-31 15:29:00,310.57001,310.64999,310.39001,310.43500,47904
2026-07-31 15:28:00,310.41501,310.64999,310.38000,310.55499,58861
2026-07-31 15:27:00,310.26001,310.44000,310.23001,310.44000,27254
2026-07-31 15:26:00,310.26501,310.53729,310.22061,310.22220,45709
2026-07-31 15:25:00,310.26001,310.32999,310.049988,310.28000,36175
2026-07-31 15:24:00,310.51001,310.57950,310.25,310.25,42440
2026-07-31 15:23:00,310.90121,310.94,310.56000,310.59000,42204
2026-07-31 15:22:00,310.79999,311.099915,310.79999,310.92001,48053
2026-07-31 15:21:00,310.73001,310.89999,310.67001,310.79999,35222
2026-07-31 15:20:00,310.56500,310.79001,310.49371,310.69000,34655
2026-07-31 15:19:00,310.35001,310.64001,310.35001,310.59500,52227
2026-07-31 15:18:00,309.90500,310.47,309.89,310.38501,70372
2026-07-31 15:17:00,309.89001,310.039886,309.825,309.90500,55245
2026-07-31 15:16:00,310.040497,310.12,309.76001,309.85999,60640
2026-07-31 15:15:00,310.19000,310.28989,310.019989,310.10251,34622
2026-07-31 15:14:00,310.14499,310.26999,310.12000,310.15500,16892
2026-07-31 15:13:00,310.22571,310.27991,310.10001,310.14001,22820
2026-07-31 15:12:00,310.049988,310.32040,310.019989,310.23059,31228
2026-07-31 15:11:00,310.18500,310.28000,309.92999,310.089996,55786
2026-07-31 15:10:00,310.24500,310.29001,310.07,310.23499,37919
2026-07-31 15:09:00,310.26001,310.42999,310.22,310.25,30299
2026-07-31 15:08:00,310.32001,310.41721,310.17999,310.20999,21256
2026-07-31 15:07:00,310.25,310.44861,310.089996,310.36499,51190
2026-07-31 15:06:00,310.35501,310.38000,310.14,310.20999,34948
2026-07-31 15:05:00,310.21500,310.42001,310.070007,310.36499,37133
2026-07-31 15:04:00,310.39499,310.42130,310.079987,310.21500,69812
2026-07-31 15:03:00,310.62000,310.62000,310.35999,310.35999,40441
2026-07-31 15:02:00,310.50500,310.83990,310.46030,310.68991,42641
2026-07-31 15:01:00,310.89999,310.92999,310.44000,310.5,40770
2026-07-31 15:00:00,310.89001,311.10001,310.82999,310.87000,40886
2026-07-31 14:59:00,310.78000,311,310.75009,310.84000,35455
2026-07-31 14:58:00,310.68900,310.91989,310.63000,310.74060,37243
2026-07-31 14:57:00,310.92001,310.98001,310.53000,310.66000,52797
2026-07-31 14:56:00,311.12000,311.12991,310.91000,310.94000,84719
2026-07-31 14:55:00,311.33051,311.435,311.092499,311.12000,27703
2026-07-31 14:54:00,311.31812,311.44989,311.28000,311.35001,26084
2026-07-31 14:53:00,311.33499,311.5,311.23999,311.37000,57634
2026-07-31 14:52:00,311.41000,311.5,311.31000,311.33499,29301
2026-07-31 14:51:00,311.44501,311.5,311.31000,311.42001,29486
2026-07-31 14:50:00,311.31000,311.45001,311.20001,311.45001,38303
2026-07-31 14:49:00,311.030090,311.34991,311.030090,311.32999,42120
2026-07-31 14:48:00,310.85001,311.10999,310.78000,311.059998,60750
2026-07-31 14:47:00,310.75500,310.95999,310.73001,310.85001,54377
2026-07-31 14:46:00,310.85001,310.98840,310.73001,310.73999,35839
2026-07-31 14:45:00,310.62000,311.039886,310.59000,310.82999,47980
2026-07-31 14:44:00,310.60999,310.69000,310.51999,310.57999,39617
2026-07-31 14:43:00,310.47989,310.69989,310.37,310.60999,50848
2026-07-31 14:42:00,310.33499,310.48999,310.23999,310.42001,32636
2026-07-31 14:41:00,310.34500,310.48999,310.29999,310.30011,47550
2026-07-31 14:40:00,310.34891,310.51001,310.32,310.32999,60526
2026-07-31 14:39:00,310.33499,310.39999,310.29999,310.35989,24680
2026-07-31 14:38:00,310.29001,310.40302,310.23999,310.35001,24755
2026-07-31 14:37:00,310.35501,310.39999,310.14001,310.29999,58763
2026-07-31 14:36:00,310.45001,310.63000,310.31000,310.39999,48851
2026-07-31 14:35:00,310.78299,310.78299,310.35001,310.41000,82412
2026-07-31 14:34:00,310.96500,311.12000,310.76999,310.76999,40391
2026-07-31 14:33:00,311.010010,311.13000,310.85001,310.95999,44557
2026-07-31 14:32:00,311.045013,311.079987,310.88699,311.019989,23217
2026-07-31 14:31:00,311.11499,311.18991,310.92010,311.029999,31808
2026-07-31 14:30:00,310.92001,311.13000,310.84000,311.11499,50244
2026-07-31 14:29:00,310.90500,311,310.73,310.92001,67138
2026-07-31 14:28:00,311.20999,311.25,310.88000,310.90500,53451
2026-07-31 14:27:00,311.089996,311.25,311.019989,311.22009,37059
2026-07-31 14:26:00,311.57001,311.60001,311.070007,311.089996,86693
2026-07-31 14:25:00,311.875,311.97989,311.50009,311.60501,56385
2026-07-31 14:24:00,311.95999,312.10999,311.82001,311.88000,43695
2026-07-31 14:23:00,312.15329,312.15329,311.90329,311.94501,74157
2026-07-31 14:22:00,311.82501,312.14899,311.80011,312.14001,95131
2026-07-31 14:21:00,311.79501,311.92001,311.64001,311.82501,24481
2026-07-31 14:20:00,311.73160,311.875,311.54999,311.79999,40677
2026-07-31 14:19:00,311.83389,311.87299,311.73001,311.76001,28381
2026-07-31 14:18:00,311.51001,311.89999,311.48499,311.85999,71142
2026-07-31 14:17:00,311.47000,311.60999,311.32999,311.48499,30154
2026-07-31 14:16:00,311.25,311.63989,311.20010,311.47000,53156
2026-07-31 14:15:00,311.29990,311.29990,311.06,311.29990,21631
2026-07-31 14:14:00,311.19000,311.39999,311.10999,311.29999,32240
2026-07-31 14:13:00,311,311.19000,310.97000,311.15500,28727
2026-07-31 14:12:00,311.089996,311.13501,310.97000,311.019989,36868
2026-07-31 14:11:00,311.28000,311.28,311.040009,311.079987,46852
2026-07-31 14:10:00,311.31970,311.42889,311.20001,311.28000,49869
2026-07-31 14:09:00,311.25,311.35501,311.059998,311.29999,27517
2026-07-31 14:08:00,310.92001,311.34000,310.89700,311.25,28250
2026-07-31 14:07:00,311.14001,311.19501,310.89,310.94989,36701
2026-07-31 14:06:00,311.14999,311.44000,311.13000,311.14001,34850
2026-07-31 14:05:00,311.20010,311.20999,310.95999,311.12000,31704
2026-07-31 14:04:00,311.25,311.51001,311.17,311.26001,47641
2026-07-31 14:03:00,311.29501,311.38000,311.16000,311.26001,21247
2026-07-31 14:02:00,311.38000,311.42999,311.14001,311.31500,29642
2026-07-31 14:01:00,311.20999,311.43991,311.16000,311.38000,33013
2026-07-31 14:00:00,311.084991,311.29831,310.92001,311.28000,53615
2026-07-31 13:59:00,311.14999,311.32999,311.01,311.089996,34459
2026-07-31 13:58:00,311.045013,311.32999,310.97,311.14001,33702
2026-07-31 13:57:00,311.29999,311.3,310.92999,311.040009,67346
2026-07-31 13:56:00,311.35001,311.5,311.23999,311.26999,35648
2026-07-31 13:55:00,311.25,311.53000,311.22000,311.40479,56515
2026-07-31 13:54:00,311.17001,311.39001,311.12000,311.23050,37502
2026-07-31 13:53:00,311.29501,311.41000,311.10999,311.19501,42639
2026-07-31 13:52:00,311.12000,311.38,311,311.29999,77540
2026-07-31 13:51:00,310.70001,311.17001,310.57001,311.10999,80150
2026-07-31 13:50:00,310.60999,310.75,310.42999,310.72501,48902
2026-07-31 13:49:00,310.39999,310.66000,310.34000,310.63501,26585
2026-07-31 13:48:00,310.5,310.60001,310.34000,310.41800,36301
2026-07-31 13:47:00,310.64001,310.71011,310.45010,310.45010,56908
2026-07-31 13:46:00,310.28000,310.72000,310.28000,310.64999,62332
2026-07-31 13:45:00,310.17999,310.45529,310.14001,310.28000,39595
2026-07-31 13:44:00,310.029999,310.28000,310.029999,310.17999,25500
2026-07-31 13:43:00,309.90500,310.040009,309.81,310.029999,28358
2026-07-31 13:42:00,310.10999,310.14999,309.88062,309.92999,37178
2026-07-31 13:41:00,310.23001,310.23001,309.94000,310.10999,56966
2026-07-31 13:40:00,310.10001,310.38000,310.040009,310.17999,46847
2026-07-31 13:39:00,310.32999,310.39001,310.030090,310.079987,43913
2026-07-31 13:38:00,310.63501,310.705,310.34000,310.39001,30448
2026-07-31 13:37:00,310.51001,310.73001,310.45001,310.64499,30144
2026-07-31 13:36:00,310.42001,310.65500,310.39999,310.52121,21918
2026-07-31 13:35:00,310.30499,310.54001,310.25009,310.42001,21628
2026-07-31 13:34:00,310.29999,310.44000,310.26,310.31000,19798
2026-07-31 13:33:00,310.12000,310.41000,310.082001,310.37000,23186
2026-07-31 13:32:00,310.29999,310.29999,310,310.074402,31182
2026-07-31 13:31:00,310.16141,310.39999,309.88000,310.31000,78733
2026-07-31 13:30:00,310.5,310.57999,310.14999,310.18500,23784
2026-07-31 13:29:00,310.48001,310.59000,310.32001,310.5,26238
2026-07-31 13:28:00,310.62000,310.70370,310.41000,310.53799,50160
2026-07-31 13:27:00,310.79001,310.94000,310.54999,310.60999,38377
2026-07-31 13:26:00,310.78500,310.79999,310.56000,310.79999,35226
2026-07-31 13:25:00,310.64001,310.97000,310.60010,310.82001,48627
2026-07-31 13:24:00,310.34000,310.76999,310.29999,310.64999,61110
2026-07-31 13:23:00,310.089996,310.39999,310.059998,310.34821,32197
2026-07-31 13:22:00,310.17999,310.2,309.76999,310.10001,75205
2026-07-31 13:21:00,310.51001,310.54001,310.13000,310.17749,63055
2026-07-31 13:20:00,310.5,310.56000,310.45,310.48999,35630
2026-07-31 13:19:00,310.45001,310.76,310.42001,310.51501,33185
2026-07-31 13:18:00,310.48999,310.58139,310.39999,310.48499,20970
2026-07-31 13:17:00,310.40991,310.69000,310.34000,310.48999,28177
2026-07-31 13:16:00,310.73001,310.73001,310.33,310.41000,36328
2026-07-31 13:15:00,310.45001,310.76999,310.23499,310.73001,44755
2026-07-31 13:14:00,310.35999,310.45001,310.29999,310.45001,26161
2026-07-31 13:13:00,310.32001,310.38000,310.20001,310.32010,30186
2026-07-31 13:12:00,310.26999,310.36,310.11,310.32990,71348
2026-07-31 13:11:00,310.20001,310.39001,310.01,310.049988,18777
2026-07-31 13:10:00,309.91000,310.39001,309.88000,310.23999,55834
2026-07-31 13:09:00,310.18500,310.25,309.79999,309.96301,92384
2026-07-31 13:08:00,310.10611,310.30939,310.029999,310.18500,50220
2026-07-31 13:07:00,310.5,310.54,310.029999,310.089996,78164
2026-07-31 13:06:00,310.78000,310.97989,310.50049,310.53500,54016
2026-07-31 13:05:00,310.76001,310.88000,310.64001,310.76999,32899
2026-07-31 13:04:00,310.39001,311.089996,310.35001,310.74899,158338
2026-07-31 13:03:00,310.42499,310.45001,310.13980,310.41000,36348
2026-07-31 13:02:00,310.45999,310.51999,310.26999,310.42499,40745
2026-07-31 13:01:00,310.089996,310.54001,309.92999,310.45001,97039
2026-07-31 13:00:00,309.70001,310.125,309.62000,310.079987,60762
2026-07-31 12:59:00,309.85001,309.98001,309.70001,309.70999,45757
2026-07-31 12:58:00,310.010010,310.059998,309.79999,309.85001,33243
2026-07-31 12:57:00,309.92999,310.10001,309.90009,310.040009,25053
2026-07-31 12:56:00,309.88000,310.019989,309.78000,309.94000,35686
2026-07-31 12:55:00,309.78000,309.93991,309.72000,309.87000,36705
2026-07-31 12:54:00,309.95499,310.099915,309.75009,309.76059,307321
2026-07-31 12:53:00,310,310.10001,309.95001,309.95001,29694
2026-07-31 12:52:00,310.17001,310.17999,309.91,310.040009,37574
2026-07-31 12:51:00,309.89001,310.22000,309.84000,310.18201,48636
2026-07-31 12:50:00,310.070007,310.14001,309.73001,309.92999,44301
2026-07-31 12:49:00,309.89999,310.049988,309.57999,310.015015,43309
2026-07-31 12:48:00,309.77499,310.039886,309.57001,309.95871,48895
2026-07-31 12:47:00,309.79010,310.05,309.72000,309.79001,112463
2026-07-31 12:46:00,309.16000,309.85001,309.019989,309.80499,112241
2026-07-31 12:45:00,308.94000,309.20999,308.70001,309.19000,51376
2026-07-31 12:44:00,309.14001,309.17999,308.70001,308.96500,126649
2026-07-31 12:43:00,309.23999,309.32001,309.079987,309.10999,27865
2026-07-31 12:42:00,309.30371,309.35001,309.080109,309.23001,40795
2026-07-31 12:41:00,309.70999,309.79999,309.29,309.31000,68321
2026-07-31 12:40:00,309.33499,309.84000,309.33499,309.70999,47929
2026-07-31 12:39:00,309.41000,309.62000,309.29999,309.33499,36207
2026-07-31 12:38:00,309.32501,309.56989,309.29999,309.45200,53149
2026-07-31 12:37:00,309.17499,309.43311,308.95,309.41000,83983
2026-07-31 12:36:00,309.60501,309.61630,309.11011,309.17999,51598
2026-07-31 12:35:00,309.41000,309.85001,309.37000,309.60501,65377
2026-07-31 12:34:00,309.42999,309.48361,309.23999,309.38000,45088
2026-07-31 12:33:00,309.16501,309.45001,309.070099,309.40009,43960
2026-07-31 12:32:00,309.063293,309.28000,309.063293,309.12000,29996
2026-07-31 12:31:00,309.019989,309.29001,308.95999,309.13531,80538
2026-07-31 12:30:00,309.37289,309.70999,308.92999,309.010010,106674
2026-07-31 12:29:00,308.92499,309.4,308.85999,309.39999,101423
2026-07-31 12:28:00,308.39001,308.98999,308.32501,308.92999,76460
2026-07-31 12:27:00,308.37000,308.65500,308.31000,308.39001,43932
2026-07-31 12:26:00,308.029999,308.36990,307.95001,308.29001,31787
2026-07-31 12:25:00,308.51501,308.56000,307.96,308.029999,77752
2026-07-31 12:24:00,308.45999,308.72000,308.41870,308.44009,58424
2026-07-31 12:23:00,308.24500,308.48999,308.20999,308.45999,38549
2026-07-31 12:22:00,307.88010,308.35999,307.83499,308.24500,62650
2026-07-31 12:21:00,307.79001,308.029999,307.73001,307.92999,36162
2026-07-31 12:20:00,307.67499,307.81812,307.31000,307.77499,35879
2026-07-31 12:19:00,307.67999,307.91000,307.60150,307.71359,19172
2026-07-31 12:18:00,307.85999,307.95001,307.54999,307.72501,28139
2026-07-31 12:17:00,307.81000,307.90970,307.42001,307.82001,91680
2026-07-31 12:16:00,307.47000,307.85999,307.47000,307.84000,24034
2026-07-31 12:15:00,308.029999,308.095001,307.41000,307.51001,65115
2026-07-31 12:14:00,308.21500,308.28000,307.89999,307.98499,35692
2026-07-31 12:13:00,308.019989,308.25641,307.97000,308.21500,27663
2026-07-31 12:12:00,308.19000,308.29321,307.92010,308.045013,27623
2026-07-31 12:11:00,307.94000,308.35001,307.84000,308.19000,51412
2026-07-31 12:10:00,307.88000,308.040009,307.79999,307.97501,38456
2026-07-31 12:09:00,307.92999,308.084991,307.81000,307.89999,37961
2026-07-31 12:08:00,307.57999,307.95889,307.57999,307.92999,23870
2026-07-31 12:07:00,307.73999,307.89999,307.51001,307.61499,26271
2026-07-31 12:06:00,307.95999,308,307.54999,307.75809,38354
2026-07-31 12:05:00,307.98999,308.29001,307.89001,307.89801,36015
2026-07-31 12:04:00,308.059998,308.15,307.91,307.98999,24971
2026-07-31 12:03:00,308.045013,308.16989,307.82001,308.10501,43968
2026-07-31 12:02:00,307.89999,308.099915,307.77011,308.045013,37575
2026-07-31 12:01:00,307.83499,308.25,307.79999,307.86121,84904
2026-07-31 12:00:00,307.60001,307.88989,307.45999,307.78000,35314
2026-07-31 11:59:00,307.44720,307.63000,307.33481,307.56000,43837
2026-07-31 11:58:00,307.60999,307.87939,307.45801,307.47000,38719
2026-07-31 11:57:00,307.65509,307.88000,307.47,307.60001,40546
2026-07-31 11:56:00,307.47000,307.73001,307.39001,307.65500,33534
2026-07-31 11:55:00,307.57999,307.77991,307.24011,307.48999,45090
2026-07-31 11:54:00,307.41000,307.64001,307.26279,307.56000,41367
2026-07-31 11:53:00,307.63501,307.72000,307.34000,307.47501,44053
2026-07-31 11:52:00,306.89999,307.69,306.75009,307.62000,61761
2026-07-31 11:51:00,307.075012,307.075012,306.75,306.89999,34354
2026-07-31 11:50:00,306.45001,307.17999,306.41360,307.075104,72658
2026-07-31 11:49:00,306.40009,306.58850,306.20999,306.39499,36601
2026-07-31 11:48:00,306.13000,306.44000,305.95999,306.39001,41225
2026-07-31 11:47:00,306.29999,306.38501,305.98499,306.19989,24163
2026-07-31 11:46:00,306.23499,306.44000,306.049988,306.32001,35828
2026-07-31 11:45:00,306.45999,306.57001,306.010010,306.23499,39083
2026-07-31 11:44:00,306.29990,306.57999,306.19611,306.5,37017
2026-07-31 11:43:00,306.16010,306.27301,305.79999,306.23499,50230
2026-07-31 11:42:00,306.32999,306.39001,306.019989,306.27991,46670
2026-07-31 11:41:00,307.25,307.25,306.12000,306.29001,70084
2026-07-31 11:40:00,307.39999,307.63000,307.20001,307.25,56518
2026-07-31 11:39:00,307.75,307.94000,307.39001,307.39999,89622
2026-07-31 11:38:00,307.45001,307.98999,307.32999,307.82501,86903
2026-07-31 11:37:00,307.015015,307.56000,306.97000,307.39001,355624
2026-07-31 11:36:00,306.040009,307.089996,306,306.95001,105885
2026-07-31 11:35:00,305.81760,306.25,305.66000,306.045013,57875
2026-07-31 11:34:00,305.79999,305.85001,305.42,305.81000,93080
2026-07-31 11:33:00,305.80499,305.95999,305.57999,305.76999,35311
2026-07-31 11:32:00,305.92001,306.049988,305.66000,305.82999,68176
2026-07-31 11:31:00,305.68021,306.20001,305.64,305.95999,111019
2026-07-31 11:30:00,305.76999,305.88,305.47101,305.64999,51835
2026-07-31 11:29:00,305.84000,306,305.60999,305.76501,73576
2026-07-31 11:28:00,305.78000,305.97000,305.48999,305.83511,67277
2026-07-31 11:27:00,305.79999,306,305.63000,305.82999,93964
2026-07-31 11:26:00,306.65500,306.73001,305.70999,305.93399,124455
2026-07-31 11:25:00,306.41000,306.9,306.4,306.67001,57854
2026-07-31 11:24:00,306.94000,306.98901,306.32010,306.47849,109218
2026-07-31 11:23:00,306.89999,307.089905,306.73819,306.93500,39326
2026-07-31 11:22:00,307.070007,307.32999,306.80011,306.91000,51741
2026-07-31 11:21:00,307.29999,307.67001,307.049988,307.14001,35475
2026-07-31 11:20:00,307.52499,307.61871,307.16000,307.26001,32007
2026-07-31 11:19:00,307.12000,307.54999,307.070007,307.51001,33583
2026-07-31 11:18:00,307.26999,307.32001,306.80081,307.16000,52633
2026-07-31 11:17:00,307.60999,307.65500,306.91000,307.32001,81436
2026-07-31 11:16:00,308.44000,308.53989,307.39001,307.66000,68540
2026-07-31 11:15:00,307.69501,309.16000,307.60001,308.48499,153897
2026-07-31 11:14:00,307.43011,307.88,307.43011,307.69501,92436
2026-07-31 11:13:00,307.39990,307.49,307.049988,307.44000,43254
2026-07-31 11:12:00,307.20999,307.49991,306.85001,307.33499,81025
2026-07-31 11:11:00,307.63501,307.69000,307.10001,307.31000,51505
2026-07-31 11:10:00,308.10001,308.14,307.51001,307.60999,59217
2026-07-31 11:09:00,307.95001,308.26999,307.40009,308.14001,104948
2026-07-31 11:08:00,308.54001,308.54999,307.89001,307.95001,60505
2026-07-31 11:07:00,308.32001,308.70001,308.305,308.54999,57903
2026-07-31 11:06:00,308.10999,308.54001,307.98001,308.30499,53057
2026-07-31 11:05:00,307.84000,308.82999,307.84000,308.054993,116364
2026-07-31 11:04:00,307.67041,308.08,307.63000,307.875,95076
2026-07-31 11:03:00,307.59000,307.72000,307.28009,307.60010,44047
2026-07-31 11:02:00,307.26999,307.73001,307.10001,307.61160,78150
2026-07-31 11:01:00,308.049896,308.20969,307.26120,307.38000,106390
2026-07-31 11:00:00,308.85501,308.95001,307.95999,307.99500,85035
2026-07-31 10:59:00,309.049988,309.62000,308.68051,308.85501,146056
2026-07-31 10:58:00,307.95999,309.089996,307.56000,309.019989,151723
2026-07-31 10:57:00,307.23001,308.42999,307.17999,307.93771,159537
2026-07-31 10:56:00,306.42001,307.64999,306.42001,307.19000,101473
2026-07-31 10:55:00,307.35999,307.44601,306.18,306.34619,145394
2026-07-31 10:54:00,307.95001,308.098694,307.22000,307.28000,94689
2026-07-31 10:53:00,308.23001,308.35999,307.56000,307.95001,142835
2026-07-31 10:52:00,309.64999,309.66989,308.23001,308.23001,166272
2026-07-31 10:51:00,309.77499,310.049988,309.45001,309.63000,115116
2026-07-31 10:50:00,309.92200,310.16000,309.53000,309.82501,198655
2026-07-31 10:49:00,309.49960,310,309.20999,309.89511,293997
2026-07-31 10:48:00,308.26010,309.62000,308.20001,309.49911,211835
2026-07-31 10:47:00,307.82101,308.66000,307.80011,308.31500,193525
2026-07-31 10:46:00,306.85999,308.29999,306.79999,307.94000,210356
2026-07-31 10:45:00,305.95001,307.48999,305.89999,306.94989,504225
2026-07-31 10:44:00,305.47000,306.37,305.19000,306.035004,245041
2026-07-31 10:43:00,305.45999,305.52951,305.10999,305.46500,35083
2026-07-31 10:42:00,305.48001,305.48001,305.10999,305.42499,93585
2026-07-31 10:41:00,305.98999,306.089996,305.38000,305.51001,104244
2026-07-31 10:40:00,305.95169,306.14001,305.76001,305.96060,51151
2026-07-31 10:39:00,305.63501,306.13281,305.56009,305.92380,72531
2026-07-31 10:38:00,305.64999,305.88,305.46011,305.63000,69052
2026-07-31 10:37:00,305.68500,306.040009,305.35001,305.69501,85549
2026-07-31 10:36:00,305.75,305.86990,305.5,305.70001,93675
2026-07-31 10:35:00,304.92001,305.74579,304.73999,305.73499,114463
2026-07-31 10:34:00,304.73001,305.019897,304.57001,304.92001,41391
2026-07-31 10:33:00,304.90500,305.14951,304.5,304.74500,73135
2026-07-31 10:32:00,304.57501,304.94000,304.22000,304.90509,71412
2026-07-31 10:31:00,304.81000,305.076813,304.56000,304.72989,65322
2026-07-31 10:30:00,304.39999,304.9,304.38,304.75500,82701
2026-07-31 10:29:00,304.44000,304.48999,303.92001,304.34500,56316
2026-07-31 10:28:00,304.13000,304.46500,303.95001,304.44501,57398
2026-07-31 10:27:00,304.25500,304.25500,303.69000,304.14920,139477
2026-07-31 10:26:00,304.32001,304.42990,304.10010,304.24500,50772
2026-07-31 10:25:00,304.20999,304.57501,304.10999,304.27499,65700
2026-07-31 10:24:00,304.78500,304.83990,304,304.22000,93895
2026-07-31 10:23:00,304.97000,305.070007,304.47000,304.78500,79806
2026-07-31 10:22:00,304.32001,305.32001,304.22000,304.96201,122538
2026-07-31 10:21:00,304.32999,304.5,304.04,304.375,77811
2026-07-31 10:20:00,303.39999,304.5,303.32001,304.32501,111244
2026-07-31 10:19:00,304.63000,304.9,303.23,303.45999,318208
2026-07-31 10:18:00,304.22000,304.78000,304.19,304.66010,105784
2026-07-31 10:17:00,303.98001,304.79990,303.84000,304.23691,184927
2026-07-31 10:16:00,303.67001,304.34,303.3,304,301139
2026-07-31 10:15:00,302.95151,303.88000,302.67,303.67499,343422
2026-07-31 10:14:00,302.14999,303.22000,301.97,303,206145
2026-07-31 10:13:00,302.81000,302.92999,302.14999,302.17999,169883
2026-07-31 10:12:00,303.35001,303.56,302.67001,302.89499,173405
2026-07-31 10:11:00,303.42001,303.59000,303.14700,303.31610,107546
2026-07-31 10:10:00,303.60999,303.81,303.13000,303.42999,89314
2026-07-31 10:09:00,303.39700,303.88000,303.26001,303.60501,81012
2026-07-31 10:08:00,303.63501,303.66251,303.12000,303.29599,150614
2026-07-31 10:07:00,303.875,303.97000,303.33160,303.60611,137922
2026-07-31 10:06:00,304.41000,304.75,303.61499,303.85999,138165
2026-07-31 10:05:00,304.20001,304.64999,303.95001,304.54300,124915
2026-07-31 10:04:00,304.42651,304.60001,303.92999,304.21500,123959
2026-07-31 10:03:00,304.56812,304.8,304.14999,304.44000,94916
2026-07-31 10:02:00,305.17001,305.25,304.21078,304.60001,148768
2026-07-31 10:01:00,305.22571,305.64999,304.75,305.32990,922185
2026-07-31 10:00:00,306.35001,306.72000,305.20001,305.28000,176626
2026-07-31 09:59:00,305.91000,306.56741,305.91000,306.35001,82715
2026-07-31 09:58:00,306.41000,306.58,305.88000,305.96011,103942
2026-07-31 09:57:00,306.084991,306.75,306.048187,306.37000,93394
2026-07-31 09:56:00,306.31000,306.39999,305.78,306.075104,94561
2026-07-31 09:55:00,306.35001,306.60001,305.99,306.22501,88144
2026-07-31 09:54:00,306.20999,306.52991,305.88031,306.39999,125307
2026-07-31 09:53:00,306.38000,306.60001,306.059998,306.17999,77972
2026-07-31 09:52:00,306.97000,307.12000,306.29999,306.375,95378
2026-07-31 09:51:00,306.34000,307.39001,306.26010,306.95459,142287
2026-07-31 09:50:00,306.60999,306.95999,305.85999,306.25101,208124
2026-07-31 09:49:00,306.92999,307.16000,306.29999,306.60001,197644
2026-07-31 09:48:00,307.46021,307.75500,306.60999,306.95181,214723
2026-07-31 09:47:00,307.29501,307.95001,307.17001,307.49500,136570
2026-07-31 09:46:00,308.64999,308.65991,307.07,307.26059,357099
2026-07-31 09:45:00,308.62000,309.58,308.2,308.62000,173251
2026-07-31 09:44:00,309.91000,309.94751,309.040009,309.21320,154957
2026-07-31 09:43:00,309.70999,310.18341,309.54999,309.91000,91421
2026-07-31 09:42:00,310.059906,310.48990,309.67999,309.70001,129177
2026-07-31 09:41:00,310.16000,310.97989,309.97000,309.97000,120445
2026-07-31 09:40:00,310.69000,311.18,309.7,310.079987,159015
2026-07-31 09:39:00,311.55499,311.72000,310.41000,310.70001,187651
2026-07-31 09:38:00,312.73999,313.36990,311.5,311.55499,215361
2026-07-31 09:37:00,313.69501,313.78500,312.17001,312.78500,188621
2026-07-31 09:36:00,313.96500,314.5,313.54370,313.67999,132913
2026-07-31 09:35:00,315,315.5,313.25,314.069885,297185
2026-07-31 09:34:00,313.96509,315.20001,313.85999,315,194441
2026-07-31 09:33:00,314.35001,314.70001,313.7,314.092987,195225
2026-07-31 09:32:00,314.27850,314.45001,313.32001,314.32410,234967
2026-07-31 09:31:00,311.69000,314.38400,311.56171,314.29999,270463
2026-07-31 09:30:00,309.60001,311.97000,308.5,311.84000,1819354
2026-07-30 15:59:00,308.87000,309.03,308.3,308.89001,469143
2026-07-30 15:58:00,308.87000,308.92001,308.69690,308.89999,202365
2026-07-30 15:57:00,308.78000,308.89001,308.67001,308.84500,139229
2026-07-30 15:56:00,308.39001,308.88000,308.17001,308.78000,165055
2026-07-30 15:55:00,308.78000,309,308.34,308.35999,187993
2026-07-30 15:54:00,309.36401,309.45001,308.79999,308.80029,154478
2026-07-30 15:53:00,309.72000,309.84000,309.32050,309.35501,150262
2026-07-30 15:52:00,309.39999,309.71,309.20001,309.70370,149363
2026-07-30 15:51:00,309.54001,309.57999,309.37000,309.42001,110344
2026-07-30 15:50:00,309.66000,309.69000,309.20001,309.54501,144602
2026-07-30 15:49:00,309.81000,309.81000,309.57,309.69000,51138
2026-07-30 15:48:00,309.79999,309.95001,309.73999,309.81241,53872
2026-07-30 15:47:00,309.84000,309.91989,309.67,309.83499,56364
2026-07-30 15:46:00,309.91000,310,309.81000,309.85999,60557
2026-07-30 15:45:00,309.70001,310.12949,309.51999,309.85999,107785
2026-07-30 15:44:00,309.93341,309.93341,309.64001,309.64001,87433
2026-07-30 15:43:00,310.22989,310.28500,309.88901,309.90500,75645
2026-07-30 15:42:00,310.45999,310.54990,310.17999,310.20999,69413
2026-07-30 15:41:00,310.35001,310.67001,310.35,310.48499,62176
2026-07-30 15:40:00,310.69000,310.76501,310.31821,310.35001,94141
2026-07-30 15:39:00,310.50671,310.87000,310.48999,310.76001,104752
2026-07-30 15:38:00,310.39651,310.57999,310.32999,310.48999,85446
2026-07-30 15:37:00,310.29501,310.57001,310.26001,310.39999,94841
2026-07-30 15:36:00,310.54999,310.75,310.26001,310.26010,127930
2026-07-30 15:35:00,310.54999,310.64999,310.45001,310.53091,66390
2026-07-30 15:34:00,310.089996,310.625,310.049988,310.53000,107829
2026-07-30 15:33:00,309.98001,310.089996,309.89999,310.070007,56615
2026-07-30 15:32:00,309.84500,310,309.76,309.95050,62076
2026-07-30 15:31:00,309.79001,309.88000,309.71991,309.84000,39257
2026-07-30 15:30:00,309.83499,310.019989,309.72000,309.77240,42634
2026-07-30 15:29:00,310.010010,310.029999,309.79999,309.82999,44385
2026-07-30 15:28:00,310.24500,310.37000,309.91,310.010010,57927
2026-07-30 15:27:00,309.92361,310.29959,309.79999,310.25,71345
2026-07-30 15:26:00,310.15759,310.24991,309.83,309.90500,57589
2026-07-30 15:25:00,310.049988,310.39001,309.96051,310.14499,101668
2026-07-30 15:24:00,310.075012,310.42120,310.04,310.059998,98293
2026-07-30 15:23:00,309.37000,310.094788,309.36011,310.059998,103575
2026-07-30 15:22:00,309.35751,309.48001,309.12000,309.32999,50132
2026-07-30 15:21:00,309.37000,309.53500,309.26,309.40500,51381
2026-07-30 15:20:00,309.44000,309.51999,309.32999,309.39999,42529
2026-07-30 15:19:00,309.49500,309.54999,309.25,309.44501,56060
2026-07-30 15:18:00,309.82001,309.97000,309.46,309.47000,73610
2026-07-30 15:17:00,309.76001,309.89999,309.66000,309.79001,79616
2026-07-30 15:16:00,309.19000,309.76999,309.17999,309.75989,51041
2026-07-30 15:15:00,309.32001,309.54001,309.16000,309.26001,60882
2026-07-30 15:14:00,309.76999,309.84000,309.26010,309.32001,64340
2026-07-30 15:13:00,309.56000,309.88000,309.45999,309.83990,71128
2026-07-30 15:12:00,309.92999,310.010010,309.41000,309.61990,107688
2026-07-30 15:11:00,310.010010,310.070007,309.85999,309.97000,106959
2026-07-30 15:10:00,309.57001,310.079987,309.53000,310.029999,171571
2026-07-30 15:09:00,309.42999,309.69000,309.35001,309.54001,120551
2026-07-30 15:08:00,308.60999,309.49,308.55,309.43500,287475
2026-07-30 15:07:00,308.60001,308.78000,308.52399,308.64001,62869
2026-07-30 15:06:00,308.61499,308.63449,308.45999,308.59500,33961
2026-07-30 15:05:00,308.57999,308.70999,308.46039,308.62000,46634
2026-07-30 15:04:00,308.63501,308.71,308.54019,308.57501,64577
2026-07-30 15:03:00,308.63611,308.85001,308.60001,308.62000,141921
2026-07-30 15:02:00,308.44501,308.85001,308.39999,308.64499,77172
2026-07-30 15:01:00,308.34000,308.60001,308.26999,308.39001,101473
2026-07-30 15:00:00,308.079987,308.39001,308.029999,308.35501,53423
2026-07-30 14:59:00,307.84500,308.20001,307.81000,308.079987,56939
2026-07-30 14:58:00,308.16000,308.19000,307.76999,307.84991,56646
2026-07-30 14:57:00,308.16000,308.22000,307.96500,308.19000,38005
2026-07-30 14:56:00,307.92999,308.20001,307.9,308.17999,38486
2026-07-30 14:55:00,308,308.02,307.84000,307.95999,29651
2026-07-30 14:54:00,307.97501,308.10001,307.94000,307.98999,29317
2026-07-30 14:53:00,307.99500,308.079987,307.89999,307.97501,28097
2026-07-30 14:52:00,308.089996,308.17999,307.89999,307.98141,61519
2026-07-30 14:51:00,307.70499,308.10999,307.67,308.054993,48150
2026-07-30 14:50:00,307.61499,307.77499,307.56000,307.69000,30945
2026-07-30 14:49:00,307.60001,307.72501,307.50079,307.60999,29293
2026-07-30 14:48:00,307.75381,307.92999,307.50009,307.60321,57684
2026-07-30 14:47:00,308.024994,308.025208,307.73099,307.76001,46440
2026-07-30 14:46:00,307.88000,308.05,307.76999,308.024994,70807
2026-07-30 14:45:00,307.81000,307.98001,307.76001,307.88000,42781
2026-07-30 14:44:00,307.64999,307.89001,307.51,307.83990,39921
2026-07-30 14:43:00,307.55499,307.75,307.55499,307.65851,23210
2026-07-30 14:42:00,307.64001,307.73999,307.48999,307.51999,24747
2026-07-30 14:41:00,307.70001,307.79999,307.60001,307.64001,36375
2026-07-30 14:40:00,307.28799,307.7,307.17999,307.65500,44743
2026-07-30 14:39:00,307.20001,307.31000,307.019989,307.24011,40644
2026-07-30 14:38:00,307.56000,307.70999,307.22000,307.23999,45089
2026-07-30 14:37:00,307.51001,307.67001,307.44000,307.54001,30154
2026-07-30 14:36:00,307.45001,307.58499,307.39001,307.48001,21061
2026-07-30 14:35:00,307.41501,307.56000,307.28000,307.48010,27427
2026-07-30 14:34:00,307.47501,307.60999,307.35999,307.41501,28275
2026-07-30 14:33:00,307.34000,307.57999,307.31030,307.52399,43266
2026-07-30 14:32:00,307.45001,307.54001,307.29,307.34000,56311
2026-07-30 14:31:00,307.73999,307.77,307.26001,307.42001,51464
2026-07-30 14:30:00,307.57999,307.76001,307.52499,307.73999,25925
2026-07-30 14:29:00,307.60001,307.73831,307.48999,307.54010,32566
2026-07-30 14:28:00,307.67001,307.73001,307.56000,307.60999,17610
2026-07-30 14:27:00,307.81381,307.82999,307.64001,307.67001,27324
2026-07-30 14:26:00,307.64499,307.82999,307.51001,307.79501,28827
2026-07-30 14:25:00,307.51001,307.76001,307.51001,307.60999,32853
2026-07-30 14:24:00,307.70499,307.82001,307.50259,307.51001,43297
2026-07-30 14:23:00,307.69501,307.79999,307.58041,307.70499,23702
2026-07-30 14:22:00,307.62131,307.79999,307.5,307.69501,29365
2026-07-30 14:21:00,307.57001,307.76501,307.53000,307.63501,28915
2026-07-30 14:20:00,307.79001,307.79001,307.45050,307.53049,51060
2026-07-30 14:19:00,307.73999,307.79999,307.61011,307.75,31538
2026-07-30 14:18:00,307.70001,307.88000,307.62000,307.72501,25888
2026-07-30 14:17:00,307.65500,307.85001,307.59000,307.67001,40527
2026-07-30 14:16:00,307.88000,308.010010,307.64490,307.69000,60418
2026-07-30 14:15:00,307.60001,307.88000,307.60001,307.87000,60620
2026-07-30 14:14:00,307.35999,307.70001,307.29001,307.58011,59925
2026-07-30 14:13:00,306.87009,307.39001,306.82901,307.35501,55186
2026-07-30 14:12:00,307.15500,307.15500,306.79999,306.88531,50471
2026-07-30 14:11:00,307.17001,307.19000,307.059998,307.14999,26660
2026-07-30 14:10:00,307.22501,307.34000,307.070007,307.17499,32022
2026-07-30 14:09:00,307.33011,307.43,307.19000,307.20001,28291
2026-07-30 14:08:00,307.47000,307.52991,307.19000,307.33011,33142
2026-07-30 14:07:00,307.59991,307.74991,307.41000,307.41000,54501
2026-07-30 14:06:00,307.14511,307.54999,307.13000,307.54999,38210
2026-07-30 14:05:00,307.024994,307.20001,306.97000,307.14999,35311
2026-07-30 14:04:00,307.36499,307.48999,306.94501,307.010498,71380
2026-07-30 14:03:00,307.62000,307.67990,307.18,307.21011,51101
2026-07-30 14:02:00,307.76001,307.82999,307.59000,307.65500,23298
2026-07-30 14:01:00,307.46201,307.88000,307.38040,307.79999,38654
2026-07-30 14:00:00,307.63501,307.87000,307.45389,307.47501,29775
2026-07-30 13:59:00,307.60001,307.78000,307.52011,307.63501,23235
2026-07-30 13:58:00,307.80499,307.80499,307.48,307.54501,26257
2026-07-30 13:57:00,307.76999,307.91501,307.70001,307.82410,22039
2026-07-30 13:56:00,307.64639,307.92941,307.52011,307.78000,37734
2026-07-30 13:55:00,307.67001,307.70901,307.44000,307.65811,41017
2026-07-30 13:54:00,307.87000,307.94000,307.61011,307.70001,29017
2026-07-30 13:53:00,307.97000,308.079987,307.70001,307.86499,44206
2026-07-30 13:52:00,307.87610,308.019989,307.61011,307.97000,84410
2026-07-30 13:51:00,307.62000,307.97000,307.56009,307.85999,33874
2026-07-30 13:50:00,307.67999,307.79999,307.45349,307.64001,37140
2026-07-30 13:49:00,307.82001,307.89999,307.60001,307.67999,46969
2026-07-30 13:48:00,307.58499,307.93991,307.56000,307.79501,64969
2026-07-30 13:47:00,307.54999,307.58920,307.31000,307.53009,56738
2026-07-30 13:46:00,307.67001,307.73001,307.42331,307.57001,44987
2026-07-30 13:45:00,307.5,307.76999,307.49011,307.70499,38584
2026-07-30 13:44:00,307.46820,307.59000,307.29999,307.54001,22681
2026-07-30 13:43:00,307.31500,307.71750,307.29999,307.44000,45682
2026-07-30 13:42:00,307.76501,307.82840,307.32880,307.34000,49095
2026-07-30 13:41:00,307.63000,307.78000,307.5,307.71011,34761
2026-07-30 13:40:00,307.26999,307.70001,307.26999,307.56812,33192
2026-07-30 13:39:00,307.54001,307.54001,307.01,307.24051,38184
2026-07-30 13:38:00,307.40759,307.66391,307.23999,307.52802,41194
2026-07-30 13:37:00,307.87830,307.94641,307.35,307.39450,72526
2026-07-30 13:36:00,307.30499,308.48001,307.26501,307.84009,191794
2026-07-30 13:35:00,307.070007,307.32990,306.92001,307.30499,34789
2026-07-30 13:34:00,307.25,307.29001,306.95,307.10001,42061
2026-07-30 13:33:00,307.070007,307.22000,306.90009,307.16000,32852
2026-07-30 13:32:00,306.83481,307.079987,306.81000,306.95001,27651
2026-07-30 13:31:00,306.88501,307.029907,306.69681,306.86499,29662
2026-07-30 13:30:00,306.88000,307,306.82010,306.89999,25196
2026-07-30 13:29:00,306.94690,307.070007,306.81110,306.90930,26685
2026-07-30 13:28:00,307.045013,307.079987,306.79999,306.94000,52949
2026-07-30 13:27:00,307.14999,307.25,307.026306,307.045013,27260
2026-07-30 13:26:00,307.037903,307.22159,306.965,307.16501,32701
2026-07-30 13:25:00,307.040009,307.44000,307,307.029999,69186
2026-07-30 13:24:00,307.0076904,307.14999,306.86041,307.015015,63048
2026-07-30 13:23:00,306.50009,307,306.50009,307,80254
2026-07-30 13:22:00,306.55499,306.65,306.45010,306.54001,29760
2026-07-30 13:21:00,306.45999,306.62000,306.34000,306.53000,64321
2026-07-30 13:20:00,306.53000,306.57999,306.41000,306.45999,24632
2026-07-30 13:19:00,306.39990,306.62119,306.34879,306.53000,25818
2026-07-30 13:18:00,306.62000,306.73001,306.32010,306.35999,34662
2026-07-30 13:17:00,306.39001,306.88000,306.38000,306.64999,63937
2026-07-30 13:16:00,305.85001,306.47000,305.76001,306.38000,48594
2026-07-30 13:15:00,305.77170,305.94501,305.73010,305.76999,16188
2026-07-30 13:14:00,305.94629,305.98999,305.73999,305.73999,19919
2026-07-30 13:13:00,305.85999,306.054993,305.80011,305.88000,30136
2026-07-30 13:12:00,306.17401,306.20999,305.76999,305.92001,35437
2026-07-30 13:11:00,305.85999,306.23001,305.62000,306.20990,54639
2026-07-30 13:10:00,305.87000,305.92990,305.67010,305.82501,21541
2026-07-30 13:09:00,305.73001,305.91000,305.67999,305.84000,20133
2026-07-30 13:08:00,305.81000,306,305.42,305.76001,61995
2026-07-30 13:07:00,306.13000,306.16000,305.83,305.87421,36986
2026-07-30 13:06:00,306.10001,306.32001,306.040009,306.084991,32484
2026-07-30 13:05:00,306,306.16989,305.92001,306.10001,25557
2026-07-30 13:04:00,305.91000,306.29999,305.89999,306.019989,31363
2026-07-30 13:03:00,305.96500,306.20001,305.73999,305.91000,51732
2026-07-30 13:02:00,306.42999,306.48001,305.90100,305.94000,39147
2026-07-30 13:01:00,306.068390,306.395,305.89999,306.39499,40110
2026-07-30 13:00:00,306.19501,306.54999,306,306.059998,68573
2026-07-30 12:59:00,305.95001,306.20001,305.91010,306.17050,38967
2026-07-30 12:58:00,306,306.02,305.85001,305.97000,22905
2026-07-30 12:57:00,306.029999,306.088196,305.85,305.98999,34832
2026-07-30 12:56:00,305.90900,306.10001,305.85999,306.019989,37646
2026-07-30 12:55:00,305.85999,305.99210,305.64001,305.91000,31636
2026-07-30 12:54:00,305.75,305.85001,305.6,305.83499,29368
2026-07-30 12:53:00,305.92001,305.95999,305.64011,305.79501,42170
2026-07-30 12:52:00,305.63000,305.98001,305.45001,305.91000,48015
2026-07-30 12:51:00,304.92001,305.54999,304.90009,305.54999,43908
2026-07-30 12:50:00,305.035004,305.13000,304.63000,304.92001,34235
2026-07-30 12:49:00,304.89999,305.14999,304.81000,305.035004,51915
2026-07-30 12:48:00,304.90500,305.18,304.90500,304.95001,47384
2026-07-30 12:47:00,305.22000,305.22000,304.79999,304.89999,57715
2026-07-30 12:46:00,305.37000,305.56,305.23001,305.23001,70718
2026-07-30 12:45:00,304.92990,305.42001,304.78751,305.37000,73666
2026-07-30 12:44:00,304.60001,304.95001,304.51999,304.88000,43931
2026-07-30 12:43:00,304.65009,305,304.59000,304.67999,93683
2026-07-30 12:42:00,305.26999,305.32999,304.60040,304.70499,90862
2026-07-30 12:41:00,305.32001,305.5,304.80011,305.24091,78887
2026-07-30 12:40:00,306.15500,306.15500,305.30011,305.35999,101086
2026-07-30 12:39:00,306.32999,306.44000,306.10040,306.12589,46308
2026-07-30 12:38:00,306.42001,306.79999,306.25,306.34000,42334
2026-07-30 12:37:00,306.80499,306.81851,306.42,306.43011,28181
2026-07-30 12:36:00,306.73999,306.89001,306.62000,306.81760,28835
2026-07-30 12:35:00,306.59500,306.95999,306.51010,306.73499,37411
2026-07-30 12:34:00,306.67001,306.74841,306.46939,306.59500,36167
2026-07-30 12:33:00,306.81000,306.84500,306.59000,306.67001,23673
2026-07-30 12:32:00,306.70499,306.85999,306.54999,306.78000,31759
2026-07-30 12:31:00,306.73001,306.78989,306.54999,306.72000,38947
2026-07-30 12:30:00,306.95999,307.14001,306.67,306.73499,34611
2026-07-30 12:29:00,306.70999,307.040009,306.60001,306.99500,45689
2026-07-30 12:28:00,306.95999,307.10001,306.61,306.65549,35508
2026-07-30 12:27:00,306.73001,307.079987,306.71399,307.054993,30456
2026-07-30 12:26:00,306.60001,306.89999,306.6,306.70001,28987
2026-07-30 12:25:00,306.83011,306.88000,306.60001,306.64011,27278
2026-07-30 12:24:00,306.64499,306.97000,306.60001,306.82999,25239
2026-07-30 12:23:00,306.89001,307,306.5,306.73990,62856
2026-07-30 12:22:00,307.26001,307.29001,306.75,306.88501,34057
2026-07-30 12:21:00,307.045013,307.48001,306.97,307.23999,65678
2026-07-30 12:20:00,307.029999,307.20001,306.79999,307.079987,45568
2026-07-30 12:19:00,307.23001,307.37000,306.83011,306.95999,56096
2026-07-30 12:18:00,307.19000,307.26999,306.84009,307.17099,46562
2026-07-30 12:17:00,306.95389,307.20001,306.79,307.17001,48993
2026-07-30 12:16:00,306.86011,307.10999,306.79999,306.94000,47442
2026-07-30 12:15:00,306.76001,307.11990,306.70721,306.94431,66747
2026-07-30 12:14:00,306.29001,306.85001,306.12,306.76999,36892
2026-07-30 12:13:00,306.39999,306.49991,306.12000,306.29001,30722
2026-07-30 12:12:00,306.079987,306.39240,305.94000,306.35001,40512
2026-07-30 12:11:00,305.90851,306.15720,305.70999,306.079987,49375
2026-07-30 12:10:00,306.075012,306.23709,305.89999,305.91000,49562
2026-07-30 12:09:00,306.88501,306.92990,306.040009,306.040009,50948
2026-07-30 12:08:00,306.70001,306.88000,306.54999,306.82999,31549
2026-07-30 12:07:00,306.82001,307,306.52,306.70001,40614
2026-07-30 12:06:00,306.84000,307.040009,306.78000,306.82999,67001
2026-07-30 12:05:00,306.68500,307.13000,306.54999,306.80310,77315
2026-07-30 12:04:00,306.89001,306.97000,306.45001,306.55011,68226
2026-07-30 12:03:00,306.64999,306.98001,306.54,306.88501,83385
2026-07-30 12:02:00,305.89999,306.64999,305.81970,306.60449,95369
2026-07-30 12:01:00,305.37000,305.88980,305.34000,305.82001,59848
2026-07-30 12:00:00,305.26999,305.5,304.89999,305.42999,87720
2026-07-30 11:59:00,305.34000,305.5,305.13000,305.23499,52070
2026-07-30 11:58:00,305.73999,305.76001,305.26999,305.40500,59399
2026-07-30 11:57:00,305.77499,305.875,305.62000,305.72501,32562
2026-07-30 11:56:00,305.95499,306.079895,305.79999,305.79999,32141
2026-07-30 11:55:00,305.98001,306.29001,305.92001,305.92001,389412
2026-07-30 11:54:00,305.66000,305.95999,305.595,305.92999,33269
2026-07-30 11:53:00,305.62000,305.89001,305.5,305.60501,40122
2026-07-30 11:52:00,306.079987,306.12000,305.35999,305.60001,62086
2026-07-30 11:51:00,305.96500,306.19000,305.66000,306.16000,47384
2026-07-30 11:50:00,306.32001,306.35501,305.80011,305.92999,58742
2026-07-30 11:49:00,306.30499,306.48999,306,306.26501,36255
2026-07-30 11:48:00,306.19009,306.38000,305.84000,306.38000,189830
2026-07-30 11:47:00,306.32501,306.48999,306.14999,306.19501,48190
2026-07-30 11:46:00,306.079987,306.44000,306.040405,306.35001,43862
2026-07-30 11:45:00,305.67001,306.29001,305.66000,306.13501,75941
2026-07-30 11:44:00,305.77499,305.98001,305.62000,305.64499,40314
2026-07-30 11:43:00,305.84000,305.99530,305.54,305.77499,39653
2026-07-30 11:42:00,305.98499,306.13989,305.6,305.89001,41347
2026-07-30 11:41:00,305.79999,306.12921,305.51001,305.98499,67794
2026-07-30 11:40:00,305.60001,305.93991,305.45999,305.81000,49383
2026-07-30 11:39:00,305.30499,305.68091,305.23999,305.60999,37941
2026-07-30 11:38:00,305.14999,305.57999,305.14999,305.26999,43707
2026-07-30 11:37:00,305.83511,305.89001,305.14001,305.14999,65807
2026-07-30 11:36:00,305.30499,305.89999,305.25009,305.86670,50501
2026-07-30 11:35:00,305.29001,305.70001,305.19000,305.25009,92582
2026-07-30 11:34:00,305.079987,305.29001,304.86,305.29001,62701
2026-07-30 11:33:00,304.92749,305.12991,304.89,305.079987,38455
2026-07-30 11:32:00,304.85001,305.24680,304.79001,304.94000,57259
2026-07-30 11:31:00,304.62000,304.94000,304.51001,304.82501,58812
2026-07-30 11:30:00,304.51999,304.75,304.39999,304.57001,48951
2026-07-30 11:29:00,304.59000,304.76999,304.35999,304.53000,34854
2026-07-30 11:28:00,304.70990,304.81339,304.42999,304.60999,30454
2026-07-30 11:27:00,304.95001,305.13000,304.54999,304.70001,36147
2026-07-30 11:26:00,304.66000,304.94,304.23001,304.90009,68295
2026-07-30 11:25:00,305.059998,305.72000,304.66000,304.66010,71699
2026-07-30 11:24:00,304.72379,305.26001,304.66000,305.15991,78303
2026-07-30 11:23:00,305.019989,305.12000,304.35999,304.76999,60314
2026-07-30 11:22:00,305.015015,305.14999,304.75,305.059998,33964
2026-07-30 11:21:00,304.81000,305.29990,304.70999,305.059906,53316
2026-07-30 11:20:00,304.92499,305.10999,304.69000,304.71051,42766
2026-07-30 11:19:00,304.89221,305.12000,304.73029,304.92499,66494
2026-07-30 11:18:00,304.35001,304.90991,304.31000,304.90991,44140
2026-07-30 11:17:00,304.60001,304.98,304.15009,304.45499,87981
2026-07-30 11:16:00,305.29001,305.32001,304.565,304.65500,86187
2026-07-30 11:15:00,304.73001,305.29001,304.59000,305.20999,56120
2026-07-30 11:14:00,304.67999,305.072388,304.59000,304.73001,53255
2026-07-30 11:13:00,304.97000,305.079987,304.53000,304.69501,80621
2026-07-30 11:12:00,305.079987,305.10001,304.62000,305.040009,71084
2026-07-30 11:11:00,305.5,305.67999,305,305.125,81889
2026-07-30 11:10:00,306.39001,306.39001,305.32999,305.44000,95256
2026-07-30 11:09:00,305.98499,306.44000,305.78000,306.32849,173438
2026-07-30 11:08:00,305.35999,306.079987,305,305.94501,83421
2026-07-30 11:07:00,305.76001,305.90991,305.23001,305.36011,85691
2026-07-30 11:06:00,305.45001,305.94000,305.14951,305.79581,103869
2026-07-30 11:05:00,304.92999,305.59991,304.78000,305.45001,88731
2026-07-30 11:04:00,305.10999,305.26990,304.54999,304.92999,84261
2026-07-30 11:03:00,304.37000,305.16,304.32999,305.14001,108816
2026-07-30 11:02:00,303.54001,304.60001,303.51001,304.28000,121189
2026-07-30 11:01:00,303.85291,304.25,303.54,303.54001,114064
2026-07-30 11:00:00,304.79501,304.81000,303.63000,303.76999,101947
2026-07-30 10:59:00,304.82001,305.049988,304.59000,304.79501,72464
2026-07-30 10:58:00,304.21500,304.79999,303.82001,304.76999,173257
2026-07-30 10:57:00,304.079987,304.38000,303.89999,304.21500,80094
2026-07-30 10:56:00,304.66940,304.67990,303.82001,304.079987,141643
2026-07-30 10:55:00,305.57999,305.64001,304.60999,304.60999,207031
2026-07-30 10:54:00,305.85651,306,305.34000,305.61499,120863
2026-07-30 10:53:00,305.62000,306.059998,305.42001,305.88501,143606
2026-07-30 10:52:00,306.065002,306.19000,305.62000,305.62000,99231
2026-07-30 10:51:00,306.28000,306.34991,305.78000,306.059998,111596
2026-07-30 10:50:00,306.47610,306.62589,306.14,306.23999,52521
2026-07-30 10:49:00,306.42001,306.65021,306.16351,306.52499,55484
2026-07-30 10:48:00,306.26001,306.36,306.010010,306.34500,58999
2026-07-30 10:47:00,306.48499,306.69989,306.14999,306.31000,80468
2026-07-30 10:46:00,306.90991,306.90991,306.28000,306.44000,86942
2026-07-30 10:45:00,306.44000,307.029999,306.25009,306.89999,92637
2026-07-30 10:44:00,306.87000,306.87000,306.10999,306.44000,95943
2026-07-30 10:43:00,306.60999,306.89990,306.5,306.82501,90510
2026-07-30 10:42:00,307.33929,307.45001,306.56070,306.63501,87625
2026-07-30 10:41:00,307.78500,307.86990,307.18,307.375,82592
2026-07-30 10:40:00,308.040009,308.13000,307.70001,307.76001,77034
2026-07-30 10:39:00,307.89001,308.24481,307.70999,308.00048828,93899
2026-07-30 10:38:00,308.60431,308.60431,307.86749,307.86749,121672
2026-07-30 10:37:00,308.82999,308.98001,308.26080,308.60001,90509
2026-07-30 10:36:00,307.89001,308.89001,307.73001,308.83499,112341
2026-07-30 10:35:00,308.23911,308.45001,307.79050,307.86499,117198
2026-07-30 10:34:00,308.52499,308.66000,307.92059,308.14001,102721
2026-07-30 10:33:00,308.35999,308.57001,308.049988,308.54999,93596
2026-07-30 10:32:00,308.57001,308.63989,308.13000,308.39001,90508
2026-07-30 10:31:00,308.67999,308.74991,308.13000,308.57999,95161
2026-07-30 10:30:00,309.075012,309.10001,308.019989,308.64999,154279
2026-07-30 10:29:00,308.20999,309.12000,308.059998,309.12000,149345
2026-07-30 10:28:00,307.70001,308.57999,307.64999,308.19800,165459
2026-07-30 10:27:00,306.87000,307.73,306.73999,307.64999,107928
2026-07-30 10:26:00,307.57999,307.65,306.75,306.87000,117264
2026-07-30 10:25:00,307.21500,307.62000,307.12000,307.56879,80644
2026-07-30 10:24:00,307.24500,307.5,306.94000,307.23999,100474
2026-07-30 10:23:00,306.89499,307.53949,306.77011,307.26999,143935
2026-07-30 10:22:00,306.76999,307.15649,306.53000,306.89499,127703
2026-07-30 10:21:00,306.48779,306.79999,306.32010,306.73950,115977
2026-07-30 10:20:00,306.14499,306.54349,305.87,306.51501,71872
2026-07-30 10:19:00,306.375,306.60001,305.89999,306.10999,88517
2026-07-30 10:18:00,306.049988,306.76990,305.56009,306.45200,99876
2026-07-30 10:17:00,305.76999,306.27991,305.60001,306.070007,78857
2026-07-30 10:16:00,305.95499,306,305.66000,305.70499,87270
2026-07-30 10:15:00,305.70001,306.10001,305.35001,305.95999,94472
2026-07-30 10:14:00,305.75500,306.019989,305.45999,305.69000,90424
2026-07-30 10:13:00,305.60999,306.02,305.38000,305.79999,153223
2026-07-30 10:12:00,305.91211,306.019989,305.20999,305.64001,124762
2026-07-30 10:11:00,306.070007,306.17999,305.60001,305.89001,95536
2026-07-30 10:10:00,305.84100,306.36,305.73999,306.12000,223790
2026-07-30 10:09:00,306.31049,306.73001,305.85001,305.88129,150846
2026-07-30 10:08:00,306.59360,306.89001,306,306.31009,174536
2026-07-30 10:07:00,307.16000,307.67871,306.57999,306.57999,166468
2026-07-30 10:06:00,307.20010,307.34991,306.67001,307.089996,165402
2026-07-30 10:05:00,307.76511,308.69000,307.14999,307.19000,223613
2026-07-30 10:04:00,307.79999,308.089386,307.62009,307.79001,174277
2026-07-30 10:03:00,307.29001,307.78989,306.69781,307.78989,157718
2026-07-30 10:02:00,307.15500,307.98001,306.84000,307.24640,183317
2026-07-30 10:01:00,307.29501,307.39001,306.63,307.23001,155142
2026-07-30 10:00:00,307.010010,307.28510,306.5,307.28510,163208
2026-07-30 09:59:00,307.14499,307.89999,307.010101,307.059998,186009
2026-07-30 09:58:00,305.81000,307.35001,305.70001,307.10049,233475
2026-07-30 09:57:00,306.25,306.25,305.51001,305.87000,144087
2026-07-30 09:56:00,306.95001,307.23999,306.17499,306.23499,145622
2026-07-30 09:55:00,306.35999,307.24991,305.73001,307.0050049,163364
2026-07-30 09:54:00,306.095001,306.63000,306,306.41000,112733
2026-07-30 09:53:00,306.63000,307.28,305.97000,306.11499,158392
2026-07-30 09:52:00,306.67999,306.95999,306.23010,306.59500,158402
2026-07-30 09:51:00,307.4375,307.70999,306.66,306.67999,239369
2026-07-30 09:50:00,306.34000,307.76999,306.029999,307.47000,299697
2026-07-30 09:49:00,305.73001,306.68,305.57001,306.37000,211149
2026-07-30 09:48:00,305.47000,305.83951,304.80051,305.68500,181082
2026-07-30 09:47:00,305.81500,306.17999,305.25,305.47009,143709
2026-07-30 09:46:00,305.23999,306.11,305.20001,305.85001,168720
2026-07-30 09:45:00,306.16000,306.25,305.12000,305.23999,287773
2026-07-30 09:44:00,305.51001,306.16000,305.47009,306.13000,192751
2026-07-30 09:43:00,305.23999,305.54999,304.89999,305.51999,156968
2026-07-30 09:42:00,304.26999,305.44000,304.17999,305.20679,154784
2026-07-30 09:41:00,303.73999,304.60141,303.59000,304.26999,116373
2026-07-30 09:40:00,305.14499,305.24991,303.70999,303.80499,161122
2026-07-30 09:39:00,304.10501,305.20001,303.56000,305.10980,165585
2026-07-30 09:38:00,304.79999,305.35001,303.67999,304.10501,185978
2026-07-30 09:37:00,307.38000,307.38000,304.64001,304.85999,428804
2026-07-30 09:36:00,305.97501,307.5,305.47000,307.35010,290506
2026-07-30 09:35:00,304.015015,306.13000,303.82501,306.019989,344218
2026-07-30 09:34:00,303.68500,304.22989,303.10999,304.015015,199274
2026-07-30 09:33:00,303.42001,303.88779,302.89999,303.79001,133307
2026-07-30 09:32:00,303.089996,303.64001,302.25,303.41000,191894
2026-07-30 09:31:00,303.54999,303.63501,302,303.12000,201893
2026-07-30 09:30:00,302.88501,303.89951,301.35001,303.67001,2048474
2026-07-29 15:59:00,298.20001,298.54999,298.059998,298.35001,854169
2026-07-29 15:58:00,298.39001,298.57999,298.20999,298.29001,311392
2026-07-29 15:57:00,298.23001,298.45001,297.89999,298.39990,272497
2026-07-29 15:56:00,298.019989,298.25,297.87000,298.25,220321
2026-07-29 15:55:00,298.32001,298.33,297.38000,298.029999,322250
2026-07-29 15:54:00,298.019989,298.44,298,298.35999,359336
2026-07-29 15:53:00,297.82999,298.079987,297.67001,298.079987,145121
2026-07-29 15:52:00,298.13010,298.23999,297.57999,297.82349,150638
2026-07-29 15:51:00,298.10001,298.23990,297.57999,298.14001,221268
2026-07-29 15:50:00,298.51999,298.84000,297.97000,298.10400,231532
2026-07-29 15:49:00,298.045013,298.64999,297.84000,298.56500,138894
2026-07-29 15:48:00,297.78000,298.17999,297.62000,298.019989,162954
2026-07-29 15:47:00,298.26001,298.36,297.5,297.79001,187733
2026-07-29 15:46:00,298.035004,298.57001,297.98499,298.21500,168022
2026-07-29 15:45:00,297.99991,298.32999,297.84000,298.010010,210091
2026-07-29 15:44:00,298.72000,298.72000,297.67001,297.95001,283970
2026-07-29 15:43:00,299.13000,299.18,298.57001,298.72000,141356
2026-07-29 15:42:00,299.42010,299.76999,299.079987,299.079987,121414
2026-07-29 15:41:00,299.38000,299.77649,299.040009,299.41000,144290
2026-07-29 15:40:00,299.48999,299.51999,298.60999,299.35001,307073
2026-07-29 15:39:00,299.86871,299.98999,299.47000,299.51999,194787
2026-07-29 15:38:00,300.94000,300.96539,299.81000,299.91000,288652
2026-07-29 15:37:00,301.35001,301.45999,300.67010,300.89011,100455
2026-07-29 15:36:00,301.070007,301.45990,300.88,301.32001,75957
2026-07-29 15:35:00,301,301.29001,300.75,301.059998,103875
2026-07-29 15:34:00,300.81000,301.10001,300.39999,301.040009,148729
2026-07-29 15:33:00,301.86951,301.97000,300.66,300.79001,185697
2026-07-29 15:32:00,302.34000,302.45969,301.7,301.84000,114104
2026-07-29 15:31:00,302.39999,302.57999,302.010010,302.31000,76300
2026-07-29 15:30:00,302.070007,302.48999,301.95001,302.37000,86762
2026-07-29 15:29:00,302.070007,302.405,301.91,302.070007,104261
2026-07-29 15:28:00,301.89001,302.10001,301.70001,302,62442
2026-07-29 15:27:00,301.68500,302.12000,301.51001,301.85501,68292
2026-07-29 15:26:00,301.88000,301.88000,301.32001,301.72989,102622
2026-07-29 15:25:00,302.35999,302.54001,301.82999,301.87000,85050
2026-07-29 15:24:00,302.48999,302.79501,302.23001,302.32001,58887
2026-07-29 15:23:00,302.35999,302.57001,302.26999,302.45001,63165
2026-07-29 15:22:00,302.67499,302.75,302.010010,302.41000,73374
2026-07-29 15:21:00,303.045013,303.079712,302.44,302.71619,108882
2026-07-29 15:20:00,303.84000,303.89999,303,303.019989,76656
2026-07-29 15:19:00,303.76990,303.96991,303.5,303.81000,65041
2026-07-29 15:18:00,304.12000,304.12000,303.42999,303.75,114109
2026-07-29 15:17:00,304.92001,304.92001,304.12000,304.16000,52811
2026-07-29 15:16:00,305.054993,305.14999,304.45349,304.82120,51793
2026-07-29 15:15:00,304.72000,305.13000,304.44009,305.040009,85167
2026-07-29 15:14:00,304.92999,305.029999,304.61,304.73990,59762
2026-07-29 15:13:00,304.73001,305.14999,304.67,304.92999,62753
2026-07-29 15:12:00,304.78000,304.95999,304.32001,304.73001,81548
2026-07-29 15:11:00,304.084991,304.94000,304.084991,304.82999,105358
2026-07-29 15:10:00,304.45001,304.60001,303.81000,304.14999,113047
2026-07-29 15:09:00,304.85999,305,304.47000,304.47000,65662
2026-07-29 15:08:00,304.92999,305.43991,304.8,304.83499,80405
2026-07-29 15:07:00,305.42001,305.46,304.89001,304.96930,84688
2026-07-29 15:06:00,305.74011,306.040009,305.37000,305.42001,108928
2026-07-29 15:05:00,306.56000,306.56000,305.64999,305.78500,76681
2026-07-29 15:04:00,307.10001,307.19000,306.23,306.49051,99743
2026-07-29 15:03:00,307.54001,307.65790,306.94000,307.16000,102866
2026-07-29 15:02:00,307.42001,307.98999,307.42001,307.54001,122722
2026-07-29 15:01:00,306.76999,307.44989,306.66,307.39771,104169
2026-07-29 15:00:00,307.20001,307.5,306.71091,306.79001,112889
2026-07-29 14:59:00,307.26999,307.26999,306.86981,307.13000,71888
2026-07-29 14:58:00,306.94000,307.45999,306.87000,307.23999,96051
2026-07-29 14:57:00,306.94000,306.97501,306.53000,306.85001,73941
2026-07-29 14:56:00,307.28000,307.35501,306.94,306.97501,73763
2026-07-29 14:55:00,306.69000,307.42999,306.63,307.26501,188276
2026-07-29 14:54:00,306.34009,306.73001,306.13199,306.73001,64197
2026-07-29 14:53:00,306.029999,306.63000,305.99011,306.35999,117022
2026-07-29 14:52:00,305.85501,306.089111,305.77011,305.98071,74102
2026-07-29 14:51:00,305.94821,305.94821,305.49081,305.85071,52965
2026-07-29 14:50:00,305.76001,306.15,305.4,305.88000,105529
2026-07-29 14:49:00,304.95999,305.89001,304.89999,305.77191,97178
2026-07-29 14:48:00,305.23999,305.41751,304.95999,304.95999,49856
2026-07-29 14:47:00,304.88000,305.70001,304.88000,305.24500,75372
2026-07-29 14:46:00,304.72000,305.32880,304.59000,304.92499,93380
2026-07-29 14:45:00,304.42499,304.73001,304.25,304.67999,51753
2026-07-29 14:44:00,304.15009,304.78000,304.070190,304.42999,60854
2026-07-29 14:43:00,303.92499,304.28000,303.7,304.18500,53266
2026-07-29 14:42:00,304.28500,304.34000,303.56000,303.90500,63230
2026-07-29 14:41:00,303.92999,304.69000,303.91010,304.23010,96488
2026-07-29 14:40:00,303.51999,304.20001,303.45999,303.89001,65807
2026-07-29 14:39:00,303.41000,303.89551,303.23010,303.51999,54216
2026-07-29 14:38:00,302.87000,303.76999,302.84000,303.41000,82823
2026-07-29 14:37:00,302.49500,302.95001,302.24500,302.81000,56773
2026-07-29 14:36:00,302.040009,302.5,301.78,302.5,57793
2026-07-29 14:35:00,302.15500,302.23999,301.81000,302.075012,41463
2026-07-29 14:34:00,302.18500,302.20999,301.85001,302.17001,36328
2026-07-29 14:33:00,302.31500,302.48999,301.88000,302.14999,53899
2026-07-29 14:32:00,302.29001,302.60999,301.69000,302.31500,115932
2026-07-29 14:31:00,303.089996,303.27991,302.23,302.29001,67738
2026-07-29 14:30:00,302.63000,303.089905,302.63000,303.035004,56873
2026-07-29 14:29:00,302.45999,302.66,302.37009,302.63000,33172
2026-07-29 14:28:00,302.31790,302.75,302.31790,302.45999,31416
2026-07-29 14:27:00,302.57999,302.61990,302.28000,302.30011,25210
2026-07-29 14:26:00,302.50620,302.81000,302.37000,302.54999,32245
2026-07-29 14:25:00,302.72000,302.84579,302.29001,302.53000,47430
2026-07-29 14:24:00,302.67499,303.039886,302.63000,302.78171,36770
2026-07-29 14:23:00,302.92001,303.24991,302.60001,302.69000,50519
2026-07-29 14:22:00,302.84000,302.99710,302.76001,302.95001,37768
2026-07-29 14:21:00,302.52499,303.12000,302.45001,302.84500,87694
2026-07-29 14:20:00,302.82999,302.96,302.39999,302.52499,58931
2026-07-29 14:19:00,303.20001,303.25,302.73450,302.81000,67012
2026-07-29 14:18:00,303.69061,303.86639,303.2,303.22000,35184
2026-07-29 14:17:00,304.089996,304.17999,303.42010,303.73499,82415
2026-07-29 14:16:00,304.26999,304.60001,304,304.010010,51704
2026-07-29 14:15:00,304,304.57001,303.94000,304.26999,70388
2026-07-29 14:14:00,304.50500,304.50980,303.57999,303.98999,98735
2026-07-29 14:13:00,304.375,304.58899,304.26999,304.48999,42832
2026-07-29 14:12:00,304.91000,305.079987,304.35001,304.38000,75909
2026-07-29 14:11:00,304.92999,305.17999,304.69400,304.92999,58169
2026-07-29 14:10:00,304.66000,305.22000,304.42001,304.92999,69616
2026-07-29 14:09:00,304.79999,304.82999,304.49,304.65500,65389
2026-07-29 14:08:00,305.14001,305.23001,304.76,304.79999,70735
2026-07-29 14:07:00,305.26001,305.54001,305.059998,305.13000,98198
2026-07-29 14:06:00,304.44000,305.26,304.44000,305.20499,85301
2026-07-29 14:05:00,304,304.43,303.85999,304.375,88678
2026-07-29 14:04:00,304.90500,304.95999,304,304.019989,97562
2026-07-29 14:03:00,304.5,304.98999,304.44000,304.90500,89186
2026-07-29 14:02:00,304.85001,305.29999,304.44000,304.44000,112849
2026-07-29 14:01:00,304.5,305.10001,303.89001,304.89001,159099
2026-07-29 14:00:00,303.040009,304.72989,303.040009,304.51001,198164
2026-07-29 13:59:00,302.69000,303.079987,302.64001,303.079987,33707
2026-07-29 13:58:00,302.65500,302.81989,302.62000,302.72501,39232
2026-07-29 13:57:00,302.81000,302.86069,302.62000,302.65500,35090
2026-07-29 13:56:00,302.85999,302.89999,302.71011,302.81000,39500
2026-07-29 13:55:00,303.010010,303.19000,302.76,302.85999,43544
2026-07-29 13:54:00,303.29999,303.29999,302.92001,303.019989,42305
2026-07-29 13:53:00,303.24771,303.30991,303.17999,303.29001,27901
2026-07-29 13:52:00,303.10001,303.31940,303.080109,303.20999,40068
2026-07-29 13:51:00,303.21500,303.25,303.03,303.23001,44285
2026-07-29 13:50:00,302.96939,303.24661,302.94009,303.21500,52066
2026-07-29 13:49:00,302.63010,303,302.60999,302.98999,67694
2026-07-29 13:48:00,302.42001,302.67999,302.41000,302.65500,36793
2026-07-29 13:47:00,302.48001,302.51001,302.34000,302.44000,28846
2026-07-29 13:46:00,302.14999,302.51999,302.089996,302.47989,40583
2026-07-29 13:45:00,302.42999,302.47000,302.11011,302.11011,30736
2026-07-29 13:44:00,302.48999,302.57819,302.26999,302.39001,23286
2026-07-29 13:43:00,302.29001,302.53000,302.13062,302.48001,47842
2026-07-29 13:42:00,302.39001,302.54001,302.30499,302.30499,37170
2026-07-29 13:41:00,302.14001,302.4,302.14001,302.37000,38705
2026-07-29 13:40:00,302.16501,302.25079,302.11,302.18500,35993
2026-07-29 13:39:00,302.024994,302.26001,302.0061035,302.16000,26072
2026-07-29 13:38:00,302.0050049,302.13989,301.94000,302,60571
2026-07-29 13:37:00,301.97000,302.25,301.90201,301.97000,39515
2026-07-29 13:36:00,302.30191,302.34000,301.90500,301.99500,72566
2026-07-29 13:35:00,302.72000,302.76001,302.27011,302.32001,53483
2026-07-29 13:34:00,303.0050049,303.02,302.59,302.73801,33877
2026-07-29 13:33:00,302.85809,303.10999,302.82999,303.014801,59961
2026-07-29 13:32:00,302.64001,302.95999,302.57001,302.89001,62993
2026-07-29 13:31:00,302.29501,302.64310,302.26001,302.60999,43156
2026-07-29 13:30:00,302.35999,302.49,302.2,302.32999,61885
2026-07-29 13:29:00,302.71130,302.75040,302.38,302.45691,53480
2026-07-29 13:28:00,302.87650,302.93900,302.66000,302.72000,36826
2026-07-29 13:27:00,303.0010986,303.070007,302.82999,302.82999,32348
2026-07-29 13:26:00,302.78000,303.040009,302.72000,303.039001,47332
2026-07-29 13:25:00,302.98001,303,302.70999,302.79611,57352
2026-07-29 13:24:00,303.29001,303.35001,302.88000,302.98999,82864
2026-07-29 13:23:00,303.44000,303.53989,303.070007,303.27011,70107
2026-07-29 13:22:00,303.91010,303.97040,303.42001,303.42001,38304
2026-07-29 13:21:00,303.60001,303.91501,303.38000,303.91501,48429
2026-07-29 13:20:00,303.72501,303.92899,303.60941,303.64001,53153
2026-07-29 13:19:00,304.035095,304.09,303.63000,303.74991,46964
2026-07-29 13:18:00,303.89999,304.15991,303.89001,304.040009,93886
2026-07-29 13:17:00,303.50500,303.95001,303.35831,303.90009,73792
2026-07-29 13:16:00,303.70999,303.82001,303.44000,303.51001,61523
2026-07-29 13:15:00,303.84000,303.94000,303.64011,303.74500,57742
2026-07-29 13:14:00,303.54001,303.89999,303.42,303.77829,68965
2026-07-29 13:13:00,303.34000,303.67999,303.33,303.54001,87532
2026-07-29 13:12:00,303.18500,303.35999,303.034698,303.32999,56971
2026-07-29 13:11:00,302.97070,303.23999,302.97070,303.16571,67307
2026-07-29 13:10:00,302.62000,303.055,302.54999,302.98499,61134
2026-07-29 13:09:00,302.67542,302.76501,302.58011,302.62009,26502
2026-07-29 13:08:00,302.57999,302.81000,302.48001,302.67999,34789
2026-07-29 13:07:00,302.625,302.67001,302.5,302.56500,22858
2026-07-29 13:06:00,302.51221,302.66000,302.38,302.63000,35084
2026-07-29 13:05:00,302.66000,302.72610,302.35,302.54501,52283
2026-07-29 13:04:00,302.81000,302.89999,302.29,302.72580,77474
2026-07-29 13:03:00,302.39999,302.84000,302.35001,302.81000,65236
2026-07-29 13:02:00,302.41501,302.60001,302.23001,302.39499,49348
2026-07-29 13:01:00,302.26501,302.51001,302.14001,302.45999,72560
2026-07-29 13:00:00,302.20999,302.32001,302.079987,302.26501,62028
2026-07-29 12:59:00,302.066803,302.28000,302.049988,302.20001,44392
2026-07-29 12:58:00,302.024994,302.19971,301.91000,302.11499,49413
2026-07-29 12:57:00,301.86011,302.17999,301.82999,302.049988,89134
2026-07-29 12:56:00,301.74500,301.92999,301.60999,301.87000,27870
2026-07-29 12:55:00,301.70001,301.87921,301.64001,301.74500,24568
2026-07-29 12:54:00,301.82999,301.85779,301.6,301.73999,32816
2026-07-29 12:53:00,301.95859,301.99991,301.70001,301.85001,30115
2026-07-29 12:52:00,301.74500,302,301.59000,301.98001,51593
2026-07-29 12:51:00,301.82999,301.94000,301.70010,301.74500,34739
2026-07-29 12:50:00,301.90500,302,301.60001,301.78000,55192
2026-07-29 12:49:00,301.48001,301.94870,301.45001,301.89499,47793
2026-07-29 12:48:00,301.64999,301.73999,301.42,301.51001,38691
2026-07-29 12:47:00,301.28500,301.70001,301.26001,301.65799,45896
2026-07-29 12:46:00,301.14999,301.35999,301.10001,301.28000,26557
2026-07-29 12:45:00,301.39011,301.41,301.10999,301.125,40125
2026-07-29 12:44:00,300.79999,301.43900,300.79001,301.37000,53790
2026-07-29 12:43:00,300.95499,301.039886,300.82,300.83850,29366
2026-07-29 12:42:00,301.42999,301.42999,300.89001,300.95999,53241
2026-07-29 12:41:00,301.70001,301.84000,301.44,301.47000,50281
2026-07-29 12:40:00,301.28000,301.76001,301.28000,301.73001,67102
2026-07-29 12:39:00,301.019989,301.48001,300.99500,301.29010,69627
2026-07-29 12:38:00,301.0050049,301.16,300.86,301.040009,33588
2026-07-29 12:37:00,300.85001,301.14911,300.82809,300.98001,57715
2026-07-29 12:36:00,301.10001,301.12000,300.76,300.85001,144777
2026-07-29 12:35:00,301.024994,301.20001,300.91000,301.070007,37837
2026-07-29 12:34:00,301.17001,301.37991,300.92480,301.024994,37809
2026-07-29 12:33:00,300.95001,301.22000,300.87000,301.16809,44463
2026-07-29 12:32:00,301.39001,301.39001,300.89999,300.94809,71320
2026-07-29 12:31:00,301.39499,301.5,301.16000,301.37000,55234
2026-07-29 12:30:00,300.89499,301.61990,300.82001,301.39151,104335
2026-07-29 12:29:00,300.94000,301.069885,300.82999,300.89999,42203
2026-07-29 12:28:00,300.81000,300.98901,300.67001,300.91000,44483
2026-07-29 12:27:00,301.079987,301.11990,300.78,300.81989,37423
2026-07-29 12:26:00,300.89999,301.14001,300.86499,301.12000,72441
2026-07-29 12:25:00,300.72000,300.98999,300.72000,300.85999,47217
2026-07-29 12:24:00,300.88501,301.079987,300.63849,300.72000,48024
2026-07-29 12:23:00,300.48001,301.13000,300.44000,300.88000,140030
2026-07-29 12:22:00,300.62000,300.70999,300.45169,300.50040,47429
2026-07-29 12:21:00,300.53000,300.76999,300.51001,300.625,72048
2026-07-29 12:20:00,300.5,300.67999,300.29501,300.56000,81970
2026-07-29 12:19:00,300.11951,300.67001,300.08,300.45010,125296
2026-07-29 12:18:00,299.99500,300.14001,299.72000,300.095001,129378
2026-07-29 12:17:00,300.045013,300.12,299.7,300.019989,121006
2026-07-29 12:16:00,300.45001,300.5,299.97009,300.045013,108953
2026-07-29 12:15:00,300.21640,300.49,300,300.45001,122667
2026-07-29 12:14:00,300.36011,300.46500,299.84000,300.25,568548
2026-07-29 12:13:00,300.26501,300.47000,300.20999,300.39499,66100
2026-07-29 12:12:00,300.37000,300.48999,300.23999,300.26501,81704
2026-07-29 12:11:00,300.54001,300.64999,300.14999,300.37000,101469
2026-07-29 12:10:00,300.76001,300.82001,300.45001,300.57001,73192
2026-07-29 12:09:00,300.76999,300.87991,300.32999,300.76999,97234
2026-07-29 12:08:00,300.80499,300.89731,300.64999,300.74011,50379
2026-07-29 12:07:00,300.82999,300.92880,300.64999,300.79001,60234
2026-07-29 12:06:00,300.93500,301.070007,300.63,300.87000,74053
2026-07-29 12:05:00,300.95001,301.070007,300.59000,300.93951,92618
2026-07-29 12:04:00,300.98001,301.069000,300.79001,300.94000,66213
2026-07-29 12:03:00,301.17999,301.18500,300.97000,301.045013,45516
2026-07-29 12:02:00,301.20999,301.32990,300.98999,301.19501,80995
2026-07-29 12:01:00,301.53000,301.62000,301.049988,301.19000,79134
2026-07-29 12:00:00,301.47000,301.89001,301.43011,301.5,89288
2026-07-29 11:59:00,300.93011,301.58,300.9,301.47000,104932
2026-07-29 11:58:00,300.97189,300.98999,300.62000,300.92999,78289
2026-07-29 11:57:00,300.79001,301.051300,300.73999,300.95001,89588
2026-07-29 11:56:00,300.78009,300.91000,300.57,300.82501,98443
2026-07-29 11:55:00,301.23001,301.25,300.60001,300.78000,208785
2026-07-29 11:54:00,301.70499,301.70499,301.10001,301.23999,117845
2026-07-29 11:53:00,302.28870,302.32001,301.60999,301.78989,92245
2026-07-29 11:52:00,302.29999,302.39001,302.03,302.29501,42693
2026-07-29 11:51:00,302.29001,302.5,302.23999,302.29999,40784
2026-07-29 11:50:00,302.34000,302.45999,302.10001,302.31000,57249
2026-07-29 11:49:00,302.35999,302.41000,302.070099,302.38501,64111
2026-07-29 11:48:00,302.42999,302.71,302.35001,302.39999,64586
2026-07-29 11:47:00,302.59000,302.63000,302.29999,302.5,41856
2026-07-29 11:46:00,302.26001,302.67,302.24,302.55011,54402
2026-07-29 11:45:00,302.5,302.64999,302.10010,302.20999,68270
2026-07-29 11:44:00,302.45001,302.69989,302.42041,302.51999,39957
2026-07-29 11:43:00,302.85001,302.88,302.42001,302.45499,47246
2026-07-29 11:42:00,302.97000,303.040009,302.75,302.81500,64543
2026-07-29 11:41:00,302.88501,303.2,302.88501,303.019989,36262
2026-07-29 11:40:00,302.95999,303.14001,302.85001,302.88000,50252
2026-07-29 11:39:00,303.14999,303.17999,302.94,302.94000,49709
2026-07-29 11:38:00,303.27499,303.4,303.070007,303.14999,40810
2026-07-29 11:37:00,303.53000,303.67001,303.14999,303.28000,63476
2026-07-29 11:36:00,303.45999,303.57999,303.35010,303.57999,59547
2026-07-29 11:35:00,303.29001,303.5,302.92001,303.44501,61911
2026-07-29 11:34:00,303.11301,303.31000,303,303.25351,46108
2026-07-29 11:33:00,303.14001,303.54599,303.10010,303.17001,75243
2026-07-29 11:32:00,302.96500,303.27991,302.85001,303.20010,58270
2026-07-29 11:31:00,302.96811,303.089996,302.61499,303,64726
2026-07-29 11:30:00,302.60010,303.029907,302.39999,302.96951,71222
2026-07-29 11:29:00,302.73001,302.82001,302.54999,302.63501,34221
2026-07-29 11:28:00,302.40009,302.79001,302.39999,302.72501,36236
2026-07-29 11:27:00,302.48001,302.67899,302.35001,302.40500,33520
2026-07-29 11:26:00,302.79999,303.089996,302.35001,302.44501,62504
2026-07-29 11:25:00,302.64999,303,302.41,302.80499,72124
2026-07-29 11:24:00,302.82999,302.88000,302.44000,302.68500,46139
2026-07-29 11:23:00,302.63000,302.82999,302.51001,302.82999,61434
2026-07-29 11:22:00,302.35001,302.68991,302.20999,302.59000,46279
2026-07-29 11:21:00,302.21500,302.37000,302.049988,302.30499,37122
2026-07-29 11:20:00,302.19000,302.27,302,302.17999,92409
2026-07-29 11:19:00,302.79999,302.95001,302.17,302.19000,67889
2026-07-29 11:18:00,302.82999,303.12000,302.73221,302.84000,46796
2026-07-29 11:17:00,302.98999,303.17999,302.47000,302.75,87580
2026-07-29 11:16:00,302.54001,303.079987,302.39999,302.94000,109787
2026-07-29 11:15:00,302.17001,302.59000,302,302.59000,61799
2026-07-29 11:14:00,302.16989,302.31000,301.91010,302.10999,42484
2026-07-29 11:13:00,302.27499,302.47000,302.019989,302.13000,51245
2026-07-29 11:12:00,302.17999,302.41641,302.040009,302.29999,60556
2026-07-29 11:11:00,302.5,302.53989,301.73,302.15009,134664
2026-07-29 11:10:00,302.93500,302.98001,302.47,302.5,69087
2026-07-29 11:09:00,302.94000,302.95001,302.57999,302.92999,126862
2026-07-29 11:08:00,303.10001,303.33,302.95,303.035004,69187
2026-07-29 11:07:00,302.83499,303.23471,302.77399,303.075012,42943
2026-07-29 11:06:00,303.12000,303.28500,302.76001,302.81000,48795
2026-07-29 11:05:00,303.17300,303.20999,302.79001,303.13501,37633
2026-07-29 11:04:00,302.95999,303.17001,302.79999,303.17001,51805
2026-07-29 11:03:00,303.065002,303.19000,302.67001,302.92001,85667
2026-07-29 11:02:00,302.66501,303.24,302.64,303.040009,122909
2026-07-29 11:01:00,302.56000,302.69720,302.34000,302.63000,120188
2026-07-29 11:00:00,302.85010,303.17001,302.25,302.56000,90117
2026-07-29 10:59:00,302.92001,303.19000,302.85999,302.89001,35488
2026-07-29 10:58:00,302.88000,303.10001,302.62109,302.89001,54732
2026-07-29 10:57:00,303.040009,303.25,302.70999,302.85370,50606
2026-07-29 10:56:00,302.84000,303.035004,302.76001,302.95480,40152
2026-07-29 10:55:00,303.36499,303.44989,302.80011,302.84000,55726
2026-07-29 10:54:00,303.054993,303.44000,303.010101,303.36499,82370
2026-07-29 10:53:00,303.14999,303.26999,303.010010,303.054993,50658
2026-07-29 10:52:00,302.89499,303.28000,302.85999,303.17001,59952
2026-07-29 10:51:00,303.089996,303.29001,302.70001,302.88000,50579
2026-07-29 10:50:00,302.79001,303.25,302.54010,303.089996,65955
2026-07-29 10:49:00,302.48999,302.9,302.41260,302.72000,46790
2026-07-29 10:48:00,302.79001,302.94989,302.37,302.57001,64844
2026-07-29 10:47:00,302.53000,303.25,302.53000,302.79999,119362
2026-07-29 10:46:00,302.48001,302.54999,301.95,302.54501,152295
2026-07-29 10:45:00,302.69000,302.92001,302.26999,302.45999,77998
2026-07-29 10:44:00,302.73999,302.95999,302.56000,302.72000,43928
2026-07-29 10:43:00,302.28879,302.88980,302.23001,302.76999,49309
2026-07-29 10:42:00,302.76129,302.76129,302.23001,302.23001,99899
2026-07-29 10:41:00,302.97000,303.26001,302.62000,302.73999,83662
2026-07-29 10:40:00,303.46500,303.47000,302.62000,302.89999,123340
2026-07-29 10:39:00,303.97000,304,303.39999,303.43179,64554
2026-07-29 10:38:00,303.76501,303.98999,303.57999,303.98941,49588
2026-07-29 10:37:00,303.85999,303.94589,303.70010,303.73999,48452
2026-07-29 10:36:00,304.11499,304.26001,303.69,303.85999,50113
2026-07-29 10:35:00,304.22009,304.49991,303.80011,304.11499,44162
2026-07-29 10:34:00,303.96500,304.45999,303.76999,304.28000,66001
2026-07-29 10:33:00,304.18500,304.48001,303.89001,303.97501,73623
2026-07-29 10:32:00,303.54501,304.37000,303.38000,304.17999,98716
2026-07-29 10:31:00,303.82999,303.92709,303.34052,303.54501,69729
2026-07-29 10:30:00,303.32080,303.98001,303.19000,303.81219,114222
2026-07-29 10:29:00,303.35999,303.48999,303.19000,303.32999,65341
2026-07-29 10:28:00,303,303.39999,302.92999,303.35999,81566
2026-07-29 10:27:00,303,303.17999,302.41010,302.94501,172010
2026-07-29 10:26:00,303.45880,303.48999,302.92001,302.98999,186528
2026-07-29 10:25:00,304.52499,304.58,303.45001,303.47501,134928
2026-07-29 10:24:00,304.64499,304.65591,304.1,304.47000,93716
2026-07-29 10:23:00,305.088806,305.19000,304.55,304.66501,80282
2026-07-29 10:22:00,305.63000,305.68011,304.92999,305.020111,118238
2026-07-29 10:21:00,305.45499,305.72000,305.37000,305.64999,71129
2026-07-29 10:20:00,305.25,305.79001,305.11499,305.46509,100065
2026-07-29 10:19:00,304.76001,305.37000,304.43381,305.23001,84260
2026-07-29 10:18:00,304.29001,304.94000,304.06,304.79001,119312
2026-07-29 10:17:00,304.89999,305,304.10999,304.29999,90702
2026-07-29 10:16:00,304.76001,305.049988,304.5,304.81000,61839
2026-07-29 10:15:00,304.57501,305,304.37000,304.70001,70874
2026-07-29 10:14:00,304.64001,304.76999,304.41000,304.60001,58608
2026-07-29 10:13:00,304.72501,304.84000,304.35,304.64001,72986
2026-07-29 10:12:00,305.20999,305.41919,304.60001,304.77499,64610
2026-07-29 10:11:00,305.070007,305.54001,304.99,305.22000,122265
2026-07-29 10:10:00,304.89001,305.13000,304.53000,305.089996,83739
2026-07-29 10:09:00,304.72000,305.018402,304.64001,304.89001,52548
2026-07-29 10:08:00,305.00061035,305.14,304.32001,304.73880,87329
2026-07-29 10:07:00,305.29999,305.33,304.66000,305.029999,99929
2026-07-29 10:06:00,305.73999,305.75,305.29999,305.35999,91017
2026-07-29 10:05:00,305.85001,306.5,305.72501,305.84000,134774
2026-07-29 10:04:00,305.58499,305.95999,305.45001,305.81500,51408
2026-07-29 10:03:00,305.82999,305.82999,305.32999,305.60999,62973
2026-07-29 10:02:00,305.20001,306.089905,304.92001,305.83319,112816
2026-07-29 10:01:00,305.875,306.25,305.031006,305.14999,151746
2026-07-29 10:00:00,305.54001,306.058594,305.47009,305.82001,102449
2026-07-29 09:59:00,305.29999,306,305.19009,305.45001,118785
2026-07-29 09:58:00,304.53500,305.29999,304.47910,305.20001,94160
2026-07-29 09:57:00,304.039886,304.66989,303.85001,304.53000,106054
2026-07-29 09:56:00,304.625,304.87000,303.88010,303.97000,173716
2026-07-29 09:55:00,305.51001,305.51999,304.61139,304.64499,108226
2026-07-29 09:54:00,305.75500,305.98999,304.89999,305.53561,70958
2026-07-29 09:53:00,305.16000,305.79999,304.95999,305.78000,71535
2026-07-29 09:52:00,305.50500,305.67999,304.84000,305.070007,79611
2026-07-29 09:51:00,305.45001,306.29001,305.17001,305.47000,90916
2026-07-29 09:50:00,306.18500,306.32999,305.29001,305.51459,132175
2026-07-29 09:49:00,304.68500,306.17999,304.63000,306.17999,106696
2026-07-29 09:48:00,305.43500,305.72961,304.63,304.73999,94709
2026-07-29 09:47:00,305.35001,305.45999,305.10001,305.42999,122318
2026-07-29 09:46:00,305.91501,306.049896,305.20001,305.34000,97424
2026-07-29 09:45:00,305.58499,306.098297,305.17010,305.87000,117195
2026-07-29 09:44:00,305.17001,305.79999,305.14999,305.46500,92544
2026-07-29 09:43:00,305.39001,305.43991,304.75,305.22910,127585
2026-07-29 09:42:00,306.26001,306.70001,305.22,305.22449,138398
2026-07-29 09:41:00,306.049988,306.77139,305.78000,306.26010,125533
2026-07-29 09:40:00,306.26501,306.49,305.55,306.049988,106845
2026-07-29 09:39:00,306.92999,307.12939,305.88049,306.17999,153036
2026-07-29 09:38:00,306.19000,307.64001,306.17499,306.97000,157730
2026-07-29 09:37:00,306.23999,306.48001,305.48001,306.14001,89870
2026-07-29 09:36:00,306.10001,306.60159,305.66000,306.23001,119998
2026-07-29 09:35:00,306.12000,306.79001,305.39670,306.089996,127152
2026-07-29 09:34:00,305.89999,306.12,304.88000,306.12000,157439
2026-07-29 09:33:00,305.0050049,306,304.57001,305.91000,167963
2026-07-29 09:32:00,305.47000,305.89160,304.81000,304.92999,196854
2026-07-29 09:31:00,306.90500,307.35001,305.39999,305.47000,172100
2026-07-29 09:30:00,307.32001,309.045013,306.5,306.95871,1416095
2026-07-28 15:59:00,306.84000,307.5,306.79999,307.48740,500841
2026-07-28 15:58:00,306.54001,306.88000,306.45001,306.85999,202458
2026-07-28 15:57:00,306.45999,306.67001,306.38,306.54001,141566
2026-07-28 15:56:00,306.39001,306.50949,306.19501,306.48999,111525
2026-07-28 15:55:00,306.53000,306.53000,306.12601,306.41000,163498
2026-07-28 15:54:00,306.44000,306.67001,306.23999,306.55499,162935
2026-07-28 15:53:00,305.79001,306.48499,305.76999,306.42001,115315
2026-07-28 15:52:00,305.44000,305.76999,305.42,305.76501,101822
2026-07-28 15:51:00,305.23001,305.48001,305.20999,305.45880,73558
2026-07-28 15:50:00,306.040009,306.10001,305.040009,305.25,177145
2026-07-28 15:49:00,305.92499,306.10001,305.89001,306.10001,71161
2026-07-28 15:48:00,305.81000,306,305.81000,305.92499,49402
2026-07-28 15:47:00,305.87000,305.89999,305.64999,305.82001,54934
2026-07-28 15:46:00,305.88281,305.92999,305.83011,305.88000,40434
2026-07-28 15:45:00,305.61499,305.92999,305.57,305.88501,71751
2026-07-28 15:44:00,305.63901,305.68,305.56000,305.62000,40981
2026-07-28 15:43:00,305.66711,305.84000,305.60999,305.60999,57139
2026-07-28 15:42:00,305.55499,305.73001,305.51999,305.66000,57948
2026-07-28 15:41:00,305.45999,305.57971,305.29999,305.57971,54503
2026-07-28 15:40:00,305.42999,305.63000,305.39999,305.45499,61199
2026-07-28 15:39:00,305.89001,305.91000,305.40009,305.42999,93791
2026-07-28 15:38:00,305.89499,305.95001,305.7,305.88000,51462
2026-07-28 15:37:00,305.89999,305.97000,305.76999,305.92001,61412
2026-07-28 15:36:00,305.98001,306.10001,305.89999,305.94000,58133
2026-07-28 15:35:00,306.48001,306.51001,305.95,306.015015,60549
2026-07-28 15:34:00,306.53000,306.65900,306.45001,306.48001,35216
2026-07-28 15:33:00,306.41980,306.55,306.36,306.53000,27173
2026-07-28 15:32:00,306.42001,306.5,306.26999,306.41000,37861
2026-07-28 15:31:00,306.42001,306.47000,306.26999,306.45499,56902
2026-07-28 15:30:00,306.70999,306.78,306.37000,306.42499,77256
2026-07-28 15:29:00,306.70001,306.78989,306.64,306.70001,42698
2026-07-28 15:28:00,306.44000,306.73651,306.37000,306.66000,52722
2026-07-28 15:27:00,306.41299,306.50220,306.37009,306.45999,38735
2026-07-28 15:26:00,306.70999,306.83820,306.38220,306.42999,66996
2026-07-28 15:25:00,306.72000,306.88000,306.62009,306.73001,39653
2026-07-28 15:24:00,306.67889,306.82999,306.64999,306.72000,39495
2026-07-28 15:23:00,306.89001,306.92999,306.64001,306.64011,43244
2026-07-28 15:22:00,306.79941,306.96991,306.74,306.93140,55808
2026-07-28 15:21:00,306.55499,306.79001,306.51001,306.79001,40329
2026-07-28 15:20:00,306.29510,306.575,306.28000,306.54999,30308
2026-07-28 15:19:00,306.35001,306.48999,306.225,306.29141,50454
2026-07-28 15:18:00,306.040009,306.41501,306.029999,306.34991,44123
2026-07-28 15:17:00,305.93500,306.10999,305.93500,306.065002,35602
2026-07-28 15:16:00,305.92001,306.15,305.85501,305.91000,36957
2026-07-28 15:15:00,306.14001,306.18,305.90009,305.92499,36206
2026-07-28 15:14:00,305.75,306.14001,305.74500,306.125,59028
2026-07-28 15:13:00,305.62009,305.83960,305.54001,305.75,36038
2026-07-28 15:12:00,305.73001,305.76929,305.57010,305.64999,275367
2026-07-28 15:11:00,305.85999,306.040009,305.66,305.73001,38917
2026-07-28 15:10:00,305.67999,306.10001,305.62000,305.86459,56973
2026-07-28 15:09:00,305.64999,305.79001,305.56000,305.70499,46789
2026-07-28 15:08:00,305.87000,305.87,305.56000,305.61249,85319
2026-07-28 15:07:00,306.10001,306.21329,305.86111,305.86111,55026
2026-07-28 15:06:00,306.37100,306.40948,306.059998,306.12000,50584
2026-07-28 15:05:00,306.57999,306.64001,306.25,306.37000,61736
2026-07-28 15:04:00,306.57999,306.76,306.57999,306.58859,46749
2026-07-28 15:03:00,306.48001,306.72000,306.42001,306.57999,58914
2026-07-28 15:02:00,306.57501,306.65500,306.39999,306.5,46543
2026-07-28 15:01:00,306.51999,306.61990,306.48001,306.59320,25059
2026-07-28 15:00:00,306.57001,306.74960,306.42999,306.48090,48708
2026-07-28 14:59:00,306.62000,306.68900,306.48151,306.57501,71775
2026-07-28 14:58:00,306.45999,306.67999,306.44000,306.63000,29332
2026-07-28 14:57:00,306.48001,306.56,306.33060,306.47000,27768
2026-07-28 14:56:00,306.39001,306.52850,306.34000,306.47000,38215
2026-07-28 14:55:00,306.070007,306.39999,305.85,306.38000,68685
2026-07-28 14:54:00,306.029999,306.25,306.000091553,306.070007,46162
2026-07-28 14:53:00,306.32999,306.39001,305.97000,306.029999,74573
2026-07-28 14:52:00,306.52499,306.58,306.25,306.32999,46801
2026-07-28 14:51:00,306.89001,307,306.51001,306.54999,59479
2026-07-28 14:50:00,306.72501,306.92041,306.69501,306.88000,32440
2026-07-28 14:49:00,306.67499,306.82559,306.62900,306.70200,24652
2026-07-28 14:48:00,306.76501,306.85001,306.62,306.63190,38741
2026-07-28 14:47:00,306.85999,306.87000,306.67001,306.76501,23104
2026-07-28 14:46:00,306.64001,306.91879,306.57010,306.89001,44704
2026-07-28 14:45:00,306.34000,306.71,306.22000,306.625,75233
2026-07-28 14:44:00,306.46011,306.56,306.20999,306.32001,41358
2026-07-28 14:43:00,306.35999,306.5,306.26999,306.46011,44608
2026-07-28 14:42:00,306.54001,306.56500,306.26001,306.39999,77031
2026-07-28 14:41:00,306.67499,306.70999,306.53000,306.55011,24222
2026-07-28 14:40:00,306.95999,307.019989,306.56439,306.67999,56595
2026-07-28 14:39:00,307.17001,307.17001,306.89999,306.98999,29707
2026-07-28 14:38:00,307.20999,307.24991,307.040009,307.14999,25189
2026-07-28 14:37:00,307.015015,307.19,306.97000,307.17999,28434
2026-07-28 14:36:00,307.029999,307.070007,306.85999,307,30567
2026-07-28 14:35:00,306.92999,307.16000,306.81589,306.98999,34066
2026-07-28 14:34:00,307.10501,307.25,306.89001,306.94000,44659
2026-07-28 14:33:00,306.99500,307.19000,306.89999,307.10001,23759
2026-07-28 14:32:00,307.010498,307.13000,306.89001,306.99500,23182
2026-07-28 14:31:00,307.16000,307.16000,306.89001,307.029999,52665
2026-07-28 14:30:00,306.81949,307.59949,306.73999,307.20999,115156
2026-07-28 14:29:00,306.79001,306.86591,306.61011,306.78000,42100
2026-07-28 14:28:00,306.98001,307.024994,306.76501,306.79501,35403
2026-07-28 14:27:00,306.97000,307.010010,306.81000,306.88000,33948
2026-07-28 14:26:00,306.98010,307.069885,306.87000,306.99500,30644
2026-07-28 14:25:00,306.82999,307.10001,306.82001,307.0075073,53193
2026-07-28 14:24:00,306.62000,306.91000,306.56000,306.85999,36725
2026-07-28 14:23:00,306.82501,306.84000,306.42999,306.60999,39831
2026-07-28 14:22:00,306.47040,306.86,306.47000,306.79999,45219
2026-07-28 14:21:00,306.61292,306.67001,306.39011,306.51001,38055
2026-07-28 14:20:00,306.54001,306.63000,306.48001,306.60501,43768
2026-07-28 14:19:00,306.31000,306.54001,306.25110,306.48999,35425
2026-07-28 14:18:00,306.16501,306.31000,306.13000,306.31000,27522
2026-07-28 14:17:00,306.45001,306.45001,306.16,306.17001,39301
2026-07-28 14:16:00,306.53000,306.56,306.35999,306.42999,49560
2026-07-28 14:15:00,305.92999,306.55,305.92999,306.53000,75273
2026-07-28 14:14:00,306.17999,306.19000,305.82001,305.97000,42506
2026-07-28 14:13:00,306.015015,306.22000,305.98001,306.17999,51210
2026-07-28 14:12:00,305.89999,306.12000,305.85001,306.010010,31310
2026-07-28 14:11:00,306.22000,306.26999,305.84000,305.91501,36140
2026-07-28 14:10:00,306.029999,306.25,305.98999,306.24951,41016
2026-07-28 14:09:00,305.93500,306.25659,305.76221,306.12000,48910
2026-07-28 14:08:00,306.13000,306.38000,305.82999,305.94000,80879
2026-07-28 14:07:00,306.059998,306.19000,305.94000,306.11499,68313
2026-07-28 14:06:00,306.23001,306.27991,306.079987,306.079987,31930
2026-07-28 14:05:00,306.37000,306.45001,306.049988,306.20499,44604
2026-07-28 14:04:00,306.34991,306.45001,306.26,306.41000,30550
2026-07-28 14:03:00,306.30499,306.56989,306.30499,306.35001,34144
2026-07-28 14:02:00,306.42999,306.64999,306.2,306.33990,48380
2026-07-28 14:01:00,307.12000,307.18500,306.40100,306.40100,66308
2026-07-28 14:00:00,307.079987,307.45999,307.029999,307.11011,122237
2026-07-28 13:59:00,307.16000,307.39001,307.090210,307.15271,70447
2026-07-28 13:58:00,306.93500,307.16501,306.84000,307.16501,62071
2026-07-28 13:57:00,306.98499,307.05,306.79999,306.92999,52480
2026-07-28 13:56:00,306.29990,307.029999,306.20001,307.029999,109046
2026-07-28 13:55:00,306.47000,306.48999,306.15259,306.29401,41450
2026-07-28 13:54:00,306.56000,306.63989,306.28159,306.47000,40608
2026-07-28 13:53:00,306.48639,306.57999,306.42999,306.56500,60037
2026-07-28 13:52:00,306.69000,306.75,306.5,306.5,45660
2026-07-28 13:51:00,306.62021,306.77991,306.47,306.67068,37086
2026-07-28 13:50:00,307.070007,307.11990,306.60999,306.63000,67744
2026-07-28 13:49:00,307.050507,307.20001,306.95010,307.10001,49221
2026-07-28 13:48:00,306.62000,307.26001,306.56000,307.089996,81272
2026-07-28 13:47:00,306.78311,306.87000,306.54001,306.57999,41081
2026-07-28 13:46:00,306.46051,306.89001,306.45999,306.79001,54449
2026-07-28 13:45:00,306.63989,306.73999,306.40500,306.45999,51492
2026-07-28 13:44:00,306.51001,306.63989,306.41010,306.60999,31071
2026-07-28 13:43:00,306.67999,306.67999,306.32001,306.47000,51669
2026-07-28 13:42:00,306.67010,306.77710,306.5,306.64499,28082
2026-07-28 13:41:00,307.049988,307.089996,306.52499,306.71500,63310
2026-07-28 13:40:00,306.84000,307.10501,306.75,307,69707
2026-07-28 13:39:00,307.25,307.28000,306.79999,306.89001,46393
2026-07-28 13:38:00,307.31000,307.34500,307.10999,307.25500,40236
2026-07-28 13:37:00,307.25699,307.46179,307.25699,307.31000,23227
2026-07-28 13:36:00,307.44000,307.51501,307.28000,307.28000,31402
2026-07-28 13:35:00,307.46500,307.63000,307.41000,307.48001,32903
2026-07-28 13:34:00,307.43500,307.69000,307.43011,307.43011,34360
2026-07-28 13:33:00,307.20999,307.54999,307.10999,307.43500,50276
2026-07-28 13:32:00,307.35999,307.48990,307.16010,307.20999,42864
2026-07-28 13:31:00,307.28000,307.57001,307.28000,307.34500,44129
2026-07-28 13:30:00,307.14999,307.33890,307.049988,307.25,31457
2026-07-28 13:29:00,307.33899,307.485,307.17999,307.17999,44206
2026-07-28 13:28:00,307.35001,307.54999,307.29999,307.32001,32240
2026-07-28 13:27:00,307.32510,307.55,307.31000,307.39001,39725
2026-07-28 13:26:00,307.31500,307.39999,307.15869,307.28009,37658
2026-07-28 13:25:00,307.29501,307.42999,307.22,307.34000,31495
2026-07-28 13:24:00,307.27499,307.48001,307.26480,307.28000,30575
2026-07-28 13:23:00,307.15509,307.42001,307.15509,307.28000,51003
2026-07-28 13:22:00,307.26001,307.33990,306.97000,307.19000,43454
2026-07-28 13:21:00,307.60001,307.85001,307.26,307.29001,78181
2026-07-28 13:20:00,306.89999,307.76001,306.82,307.625,141307
2026-07-28 13:19:00,306.64999,306.95999,306.54999,306.95999,51496
2026-07-28 13:18:00,306.47000,306.70001,306.41461,306.62000,31248
2026-07-28 13:17:00,306.57999,306.62,306.32001,306.42999,42530
2026-07-28 13:16:00,306.72000,306.72000,306.42999,306.55389,38618
2026-07-28 13:15:00,306.76501,306.83969,306.60999,306.70999,46211
2026-07-28 13:14:00,306.79001,306.89001,306.68011,306.76001,39135
2026-07-28 13:13:00,306.97000,306.98999,306.60001,306.76999,40233
2026-07-28 13:12:00,306.79001,307,306.63000,306.89001,78870
2026-07-28 13:11:00,306.63501,306.79990,306.51,306.79001,52865
2026-07-28 13:10:00,306.67999,306.73999,306.35999,306.63501,79725
2026-07-28 13:09:00,306.81000,306.93741,306.56000,306.70999,71374
2026-07-28 13:08:00,307.36499,307.36499,306.81000,306.83499,69725
2026-07-28 13:07:00,307.42999,307.48361,307.23,307.32001,48607
2026-07-28 13:06:00,307.57001,307.69000,307.31049,307.40500,63768
2026-07-28 13:05:00,307.41501,307.63000,307.34000,307.57001,55498
2026-07-28 13:04:00,307.39001,307.49,307.23001,307.41501,60346
2026-07-28 13:03:00,307.64999,307.69000,307.33011,307.42001,44472
2026-07-28 13:02:00,307.75500,307.84,307.45999,307.68500,38419
2026-07-28 13:01:00,307.64499,307.79999,307.54019,307.75500,45969
2026-07-28 13:00:00,307.625,307.84000,307.47009,307.64999,52898
2026-07-28 12:59:00,307.74191,307.76910,307.56000,307.66989,32080
2026-07-28 12:58:00,307.90500,307.92,307.69009,307.72000,35810
2026-07-28 12:57:00,307.87000,308.059998,307.85,307.86011,62579
2026-07-28 12:56:00,307.89001,307.98999,307.69009,307.91000,46966
2026-07-28 12:55:00,307.90500,307.92999,307.73999,307.88000,44962
2026-07-28 12:54:00,307.67499,307.94989,307.62000,307.89001,30815
2026-07-28 12:53:00,307.94000,308.019989,307.66000,307.67499,47546
2026-07-28 12:52:00,307.78000,308.05,307.75,307.94501,60019
2026-07-28 12:51:00,307.69000,307.89999,307.63501,307.80499,72950
2026-07-28 12:50:00,307.28500,307.69901,307.26001,307.64001,59660
2026-07-28 12:49:00,307.17499,307.31720,307.12000,307.31000,34596
2026-07-28 12:48:00,307.16501,307.25989,307.044403,307.15500,36346
2026-07-28 12:47:00,306.88501,307.2,306.88000,307.19931,49320
2026-07-28 12:46:00,307.17499,307.33990,306.84500,306.88501,78379
2026-07-28 12:45:00,307.20999,307.42621,307.024994,307.25,48167
2026-07-28 12:44:00,307.52499,307.52499,307.20999,307.22000,42821
2026-07-28 12:43:00,307.29001,307.57999,307.29001,307.54999,39236
2026-07-28 12:42:00,307.59500,307.60989,307.26001,307.31000,42480
2026-07-28 12:41:00,307.50500,307.64001,307.43011,307.59500,42766
2026-07-28 12:40:00,307.54001,307.84000,307.39999,307.53500,75184
2026-07-28 12:39:00,307.39001,307.57999,307.20001,307.57999,72299
2026-07-28 12:38:00,306.95999,307.44751,306.94009,307.42001,85791
2026-07-28 12:37:00,306.72089,307.039795,306.72,306.92499,77262
2026-07-28 12:36:00,306.70001,306.75,306.45010,306.73001,31722
2026-07-28 12:35:00,306.51501,306.8,306.47989,306.70999,31595
2026-07-28 12:34:00,306.60001,306.79999,306.42010,306.51501,38047
2026-07-28 12:33:00,306.57001,306.95001,306.54999,306.57999,80169
2026-07-28 12:32:00,306.42499,306.72000,306.35001,306.57001,59043
2026-07-28 12:31:00,306.35999,306.51001,306.26999,306.39999,42079
2026-07-28 12:30:00,306.56000,306.56,306.25,306.35999,37974
2026-07-28 12:29:00,306.53000,306.68921,306.45,306.56000,41664
2026-07-28 12:28:00,306.55499,306.67999,306.51001,306.53000,41847
2026-07-28 12:27:00,306.39999,306.59000,306.37000,306.54999,57390
2026-07-28 12:26:00,306.23499,306.51999,306.16000,306.42001,44005
2026-07-28 12:25:00,306.20999,306.34000,306.049988,306.20499,58139
2026-07-28 12:24:00,306.16000,306.28000,305.91000,306.20999,111563
2026-07-28 12:23:00,306.55499,306.57001,306.13000,306.16000,90771
2026-07-28 12:22:00,306.89499,307.039886,306.48001,306.53000,90829
2026-07-28 12:21:00,306.88000,307.040009,306.81000,306.88049,45012
2026-07-28 12:20:00,306.89001,307.10001,306.76999,306.85001,79137
2026-07-28 12:19:00,306.39999,306.98999,306.39001,306.95999,123074
2026-07-28 12:18:00,306.47501,306.63000,306.22211,306.45001,65766
2026-07-28 12:17:00,306.42499,306.76990,306.34000,306.47501,112262
2026-07-28 12:16:00,306.97000,307,306.36099,306.42499,116608
2026-07-28 12:15:00,307.25,307.32001,306.82999,306.95001,172225
2026-07-28 12:14:00,307.075012,307.34000,306.97000,307.26999,44708
2026-07-28 12:13:00,307.28510,307.42001,306.99,307.087799,77374
2026-07-28 12:12:00,307.20001,307.40991,307.12000,307.28000,85390
2026-07-28 12:11:00,307.079987,307.41989,307,307.23770,127104
2026-07-28 12:10:00,307.34000,307.38000,306.85999,307.040009,115040
2026-07-28 12:09:00,307.67499,307.73001,307.30011,307.37991,62333
2026-07-28 12:08:00,307.99500,308.040009,307.29999,307.67499,133745
2026-07-28 12:07:00,308.64999,308.64999,307.82001,308.049988,104908
2026-07-28 12:06:00,309.20999,309.25,308.59000,308.59000,122600
2026-07-28 12:05:00,309.79880,309.89999,309.2,309.23999,116453
2026-07-28 12:04:00,309.81000,309.92999,309.48001,309.76300,153056
2026-07-28 12:03:00,310.42010,310.64,309.76999,309.87000,133738
2026-07-28 12:02:00,311.019897,311.14999,310.4,310.48001,168594
2026-07-28 12:01:00,310.20001,311.13000,310.09,310.98999,270793
2026-07-28 12:00:00,309.72501,310.18,309.39999,310.17999,229044
2026-07-28 11:59:00,309.20499,309.73999,309.19,309.72501,112010
2026-07-28 11:58:00,308.88010,309.28000,308.78000,309.20999,105618
2026-07-28 11:57:00,308.62000,309.05,308.60010,308.89001,152114
2026-07-28 11:56:00,308.14999,308.69000,308.14999,308.625,62887
2026-07-28 11:55:00,308.45999,308.45999,308.10001,308.10999,65997
2026-07-28 11:54:00,308.57999,308.88000,308.37000,308.47971,137678
2026-07-28 11:53:00,307.76999,308.64999,307.75,308.54999,108702
2026-07-28 11:52:00,307.75,307.85001,307.46069,307.78000,55394
2026-07-28 11:51:00,307.60501,307.79001,306.91010,307.78000,160182
2026-07-28 11:50:00,307.97501,308.049988,307.56,307.60251,68146
2026-07-28 11:49:00,308.17001,308.19000,307.91000,307.97000,80571
2026-07-28 11:48:00,307.83499,308.17001,307.67999,308.15500,95392
2026-07-28 11:47:00,307.70999,307.91000,307.54999,307.83499,116452
2026-07-28 11:46:00,307.045013,307.72000,306.98999,307.70001,113735
2026-07-28 11:45:00,307.14999,307.26999,307.019989,307.045013,67897
2026-07-28 11:44:00,307.070099,307.21991,307.010101,307.16000,57373
2026-07-28 11:43:00,306.80011,307.45001,306.76,307.10501,113245
2026-07-28 11:42:00,306.78009,306.98001,306.72000,306.84000,46272
2026-07-28 11:41:00,306.58499,306.89261,306.51001,306.82999,66917
2026-07-28 11:40:00,306.67001,306.79001,306.50009,306.60501,264999
2026-07-28 11:39:00,306.93991,306.93991,306.67,306.72000,44707
2026-07-28 11:38:00,306.85999,307.070007,306.73999,306.94000,82171
2026-07-28 11:37:00,307.14001,307.15991,306.64999,306.85001,88888
2026-07-28 11:36:00,307.13000,307.35001,307.049988,307.17499,148817
2026-07-28 11:35:00,306.31989,307.20999,306.29001,307.14001,152464
2026-07-28 11:34:00,306.51999,306.76999,306.22110,306.29001,86941
2026-07-28 11:33:00,306.44000,306.54999,306.20999,306.49500,71731
2026-07-28 11:32:00,306.27499,306.67999,306.22000,306.49991,59042
2026-07-28 11:31:00,306.19031,306.32001,306.010010,306.27499,38329
2026-07-28 11:30:00,306.22000,306.49991,306.14001,306.20001,57805
2026-07-28 11:29:00,306.095001,306.32700,305.91000,306.26620,44195
2026-07-28 11:28:00,306.17999,306.27,305.98,306.10040,56941
2026-07-28 11:27:00,306.51999,306.57001,306.12009,306.16000,66663
2026-07-28 11:26:00,305.98999,306.63000,305.97000,306.56000,138108
2026-07-28 11:25:00,306.022705,306.16000,305.85999,305.95001,73787
2026-07-28 11:24:00,306.016693,306.20001,305.92001,306.049988,66046
2026-07-28 11:23:00,305.79001,306.14999,305.70001,306.010010,87574
2026-07-28 11:22:00,306.26999,306.45001,305.68011,305.73999,82761
2026-07-28 11:21:00,306.19501,306.42001,305.95999,306.26721,156442
2026-07-28 11:20:00,305.41501,306.29999,305.41000,306.20999,193326
2026-07-28 11:19:00,305.43500,305.52499,305.14001,305.37000,72677
2026-07-28 11:18:00,304.87000,305.48001,304.84500,305.47260,67414
2026-07-28 11:17:00,304.94000,305.16910,304.64,304.85001,72867
2026-07-28 11:16:00,304.82999,305.22961,304.8,304.94000,61802
2026-07-28 11:15:00,304.59079,304.83990,304.37000,304.82999,57965
2026-07-28 11:14:00,304.73001,305.010010,304.53,304.54999,66295
2026-07-28 11:13:00,305.029999,305.14999,304.39001,304.73001,72070
2026-07-28 11:12:00,304.32999,305.32999,304.17999,305.059998,79752
2026-07-28 11:11:00,304.37991,304.57001,303.85001,304.35999,86936
2026-07-28 11:10:00,304.81000,305.38000,304.28000,304.34500,128408
2026-07-28 11:09:00,304.51501,304.89999,304.35001,304.89969,69007
2026-07-28 11:08:00,304.63300,304.84299,304.42001,304.46011,43950
2026-07-28 11:07:00,304.67499,304.70850,304.26001,304.64001,74304
2026-07-28 11:06:00,304.25500,304.98999,304.20999,304.69000,73826
2026-07-28 11:05:00,304.29001,304.36,303.97000,304.26001,63138
2026-07-28 11:04:00,304.62000,304.75,304.17999,304.29001,44330
2026-07-28 11:03:00,304.76999,304.88989,304.53922,304.60999,45466
2026-07-28 11:02:00,305.019897,305.11,304.66000,304.75,56891
2026-07-28 11:01:00,304.69000,305.070007,304.29999,305.010010,98650
2026-07-28 11:00:00,304.045013,304.68991,303.97000,304.64001,71985
2026-07-28 10:59:00,304.28500,304.32001,303.79999,304.047394,59109
2026-07-28 10:58:00,304.11499,304.37000,304.089996,304.26999,56223
2026-07-28 10:57:00,304.94641,304.95999,303.95050,304.11499,118899
2026-07-28 10:56:00,305.25,305.28000,304.89999,304.94000,61861
2026-07-28 10:55:00,304.98499,305.62,304.91000,305.29501,136777
2026-07-28 10:54:00,305.20999,305.20999,304.70999,305.019989,290283
2026-07-28 10:53:00,304.78000,305.48001,304.78000,305.16501,96833
2026-07-28 10:52:00,304.85519,304.97000,304.60211,304.76999,94980
2026-07-28 10:51:00,304.45001,305.079987,304.39999,304.83499,209889
2026-07-28 10:50:00,303.95990,304.51001,303.89999,304.46701,143799
2026-07-28 10:49:00,303.88000,303.95999,303.7,303.95871,106267
2026-07-28 10:48:00,303.42999,304.079987,303.39999,303.90051,139167
2026-07-28 10:47:00,302.92001,303.5,302.82001,303.42999,138505
2026-07-28 10:46:00,302.35999,303.010010,302.32010,302.95999,100366
2026-07-28 10:45:00,302.55991,302.78989,302.20999,302.38770,106338
2026-07-28 10:44:00,302.86499,302.97000,302.50031,302.51001,61279
2026-07-28 10:43:00,302.70001,303.12,302.60999,302.86499,72285
2026-07-28 10:42:00,302.98001,303.019989,302.51001,302.69989,79892
2026-07-28 10:41:00,302.43011,303.028992,302.39999,303.019592,101973
2026-07-28 10:40:00,301.94000,302.54999,301.89,302.45001,93349
2026-07-28 10:39:00,301.56000,302.059998,301.22000,301.95010,116211
2026-07-28 10:38:00,302.13000,302.29001,301.57,301.60999,81940
2026-07-28 10:37:00,302.32501,302.41010,301.45010,302.14001,125218
2026-07-28 10:36:00,302.43500,302.74,302.22009,302.30499,71493
2026-07-28 10:35:00,301.98001,302.5,301.91501,302.43500,97371
2026-07-28 10:34:00,302.62949,302.81,301.85999,301.99951,88700
2026-07-28 10:33:00,301.94000,302.66000,301.94000,302.60501,79778
2026-07-28 10:32:00,302.48999,302.59991,301.79,301.94000,112029
2026-07-28 10:31:00,302.39001,302.84000,302.14999,302.43500,95861
2026-07-28 10:30:00,302.60599,303.22000,302.18051,302.35999,162920
2026-07-28 10:29:00,302.10001,302.66989,302.029999,302.58511,87278
2026-07-28 10:28:00,302.079987,302.59000,301.91000,302.16980,106405
2026-07-28 10:27:00,302.045013,302.4,302,302.030090,84918
2026-07-28 10:26:00,301.67001,302.17001,301.53000,302.010010,96056
2026-07-28 10:25:00,301.54999,301.91000,301.34259,301.64001,93381
2026-07-28 10:24:00,301.82999,302.22989,301.45999,301.55960,99373
2026-07-28 10:23:00,301.049988,301.92990,300.79999,301.88000,115652
2026-07-28 10:22:00,301.92001,302.09,300.89001,301.079987,158585
2026-07-28 10:21:00,301.51999,301.98999,300.97699,301.95001,175365
2026-07-28 10:20:00,301.22501,301.92999,301.20181,301.48270,165370
2026-07-28 10:19:00,301.23001,301.55,300.97,301.20001,131328
2026-07-28 10:18:00,301.21140,301.62949,300.89,301.25,131232
2026-07-28 10:17:00,301.19000,301.47000,300.94000,301.25,109308
2026-07-28 10:16:00,301.53851,301.64,301.040009,301.19000,91425
2026-07-28 10:15:00,301.51999,302.040009,301.02,301.51001,156638
2026-07-28 10:14:00,300.91000,301.50931,300.69009,301.42999,196029
2026-07-28 10:13:00,302.010010,302.09,300.89999,300.89999,262252
2026-07-28 10:12:00,302.95999,303.24,301.98999,302.019989,147457
2026-07-28 10:11:00,303.00048828,303.076202,302.51999,302.95999,125230
2026-07-28 10:10:00,302.31000,303.26001,301.94009,303.015015,146428
2026-07-28 10:09:00,302.19989,302.87991,302.13,302.35001,133470
2026-07-28 10:08:00,302.39999,302.45999,301.54999,302.16501,281329
2026-07-28 10:07:00,303.39001,303.54980,302.42999,302.45050,137064
2026-07-28 10:06:00,303.60001,303.89,302.81061,303.45990,141320
2026-07-28 10:05:00,303.13000,303.98990,302.95999,303.66501,125816
2026-07-28 10:04:00,303.51501,303.54001,302.79999,303.13000,130295
2026-07-28 10:03:00,303.92499,304.19000,303.29999,303.56000,152233
2026-07-28 10:02:00,305.049988,305.20001,303.85999,303.92999,153206
2026-07-28 10:01:00,304.78000,305.17999,304.45999,304.85010,132762
2026-07-28 10:00:00,303.54999,305,303.51999,304.89139,172101
2026-07-28 09:59:00,303.22000,303.85999,302.85999,303.62000,112368
2026-07-28 09:58:00,303.60501,303.60501,302.60999,303.34921,186440
2026-07-28 09:57:00,304.14001,304.17001,303.45999,303.60501,109316
2026-07-28 09:56:00,303.13501,304.29001,303.010010,304.14001,157821
2026-07-28 09:55:00,302.79001,303.44989,302.37009,303.13000,221015
2026-07-28 09:54:00,303.57501,303.97000,302.73001,302.78989,210021
2026-07-28 09:53:00,305.44000,305.44000,303.23999,303.5,327093
2026-07-28 09:52:00,305.029999,305.66901,304.94989,305.39511,125218
2026-07-28 09:51:00,305.35501,305.82999,304.92999,305.089996,137029
2026-07-28 09:50:00,305.87000,306.95001,305.26001,305.32001,226244
2026-07-28 09:49:00,304.90500,305.87,304.73999,305.85999,169708
2026-07-28 09:48:00,304.42001,305.029999,304.31000,304.85999,159719
2026-07-28 09:47:00,304.39999,304.48761,304.000091553,304.35501,99387
2026-07-28 09:46:00,304.69009,305.029999,304.3,304.31000,161222
2026-07-28 09:45:00,305.13000,305.42,304.26001,304.73999,171364
2026-07-28 09:44:00,304.97369,305.64999,304.86099,305.14999,222189
2026-07-28 09:43:00,304.33499,305.070007,303.69000,304.97000,169433
2026-07-28 09:42:00,305.089996,305.24,304.20010,304.35959,165444
2026-07-28 09:41:00,304.78000,305.66000,304.59000,305.040009,240632
2026-07-28 09:40:00,303.82999,304.98001,303.29999,304.82001,180791
2026-07-28 09:39:00,303.11130,304.13000,303.049988,303.79999,143460
2026-07-28 09:38:00,304.35001,304.54999,303.079987,303.10999,147953
2026-07-28 09:37:00,304.78000,305.049988,304.18011,304.44501,123238
2026-07-28 09:36:00,305.054993,305.62000,303.81000,304.69000,219413
2026-07-28 09:35:00,304.89999,305.57001,304.70001,305.029999,171281
2026-07-28 09:34:00,305.49500,305.79950,304.66010,304.85999,180951
2026-07-28 09:33:00,304.059998,305.63000,304,305.60999,195768
2026-07-28 09:32:00,304.62009,304.97989,302.60040,304.14999,404542
2026-07-28 09:31:00,305.54999,305.76999,304.01,304.53000,233100
2026-07-28 09:30:00,305.92499,307.19000,303.82010,305.51001,1922981
2026-07-27 15:59:00,308.57999,309.34,308.51999,309.23999,703870
2026-07-27 15:58:00,308.57999,308.92001,308.55109,308.60001,233644
2026-07-27 15:57:00,308.45001,308.79001,308.35999,308.57999,242207
2026-07-27 15:56:00,308.065002,308.48999,308.029999,308.45001,123666
2026-07-27 15:55:00,307.64001,308.32001,307.5,308.050812,202629
2026-07-27 15:54:00,307.85001,307.98999,307.34000,307.63000,203652
2026-07-27 15:53:00,308.48999,308.62000,307.87000,307.92999,166058
2026-07-27 15:52:00,308.44000,308.5,308.16000,308.47000,132022
2026-07-27 15:51:00,308.79501,308.84991,308.23999,308.41501,109222
2026-07-27 15:50:00,308.66000,308.91571,308.23001,308.78500,160590
2026-07-27 15:49:00,308.51001,308.78000,308.34000,308.73999,63229
2026-07-27 15:48:00,308.63000,308.67,308.30881,308.5,67445
2026-07-27 15:47:00,308.79999,308.92999,308.64099,308.69000,68889
2026-07-27 15:46:00,308.71500,308.92999,308.67999,308.78009,51291
2026-07-27 15:45:00,308.66000,308.95999,308.45001,308.70999,104459
2026-07-27 15:44:00,308.54999,308.76001,308.53000,308.67999,63045
2026-07-27 15:43:00,308.41501,308.76990,308.33011,308.55499,69467
2026-07-27 15:42:00,308.57999,308.64999,308.39999,308.43500,58036
2026-07-27 15:41:00,308.41000,308.57999,308.29059,308.54999,120643
2026-07-27 15:40:00,307.87000,308.415,307.64999,308.39999,242949
2026-07-27 15:39:00,308.31000,308.34000,307.79999,307.82501,63395
2026-07-27 15:38:00,308.22501,308.32001,307.94,308.31000,91207
2026-07-27 15:37:00,308.66989,308.70001,308.079987,308.26990,88298
2026-07-27 15:36:00,308.95950,308.98999,308.66010,308.67999,156977
2026-07-27 15:35:00,308.81000,309.029999,308.68011,308.95001,92317
2026-07-27 15:34:00,309.12000,309.125,308.79001,308.81009,56233
2026-07-27 15:33:00,308.91000,309.17950,308.76001,309.14001,71018
2026-07-27 15:32:00,308.90491,308.98001,308.75,308.875,69124
2026-07-27 15:31:00,308.69989,308.97571,308.63000,308.92990,61804
2026-07-27 15:30:00,308.32001,308.66000,308.28000,308.64990,75785
2026-07-27 15:29:00,308.35501,308.51990,308.21,308.33499,47670
2026-07-27 15:28:00,308.59000,308.64999,308.32999,308.35501,50271
2026-07-27 15:27:00,308.64499,308.72900,308.50101,308.60501,52001
2026-07-27 15:26:00,308.54001,308.69000,308.48001,308.64001,41480
2026-07-27 15:25:00,308.34500,308.60001,308.32001,308.51999,82861
2026-07-27 15:24:00,308.11499,308.37991,308.11499,308.35001,41380
2026-07-27 15:23:00,308.14499,308.29999,308.089996,308.10001,37193
2026-07-27 15:22:00,307.95990,308.21991,307.87000,308.10001,42808
2026-07-27 15:21:00,308.20499,308.20499,307.88000,307.92999,42044
2026-07-27 15:20:00,308.13501,308.26001,308.090088,308.19000,44318
2026-07-27 15:19:00,308.12000,308.17999,307.89999,308.12000,53417
2026-07-27 15:18:00,308.21500,308.39001,308.10001,308.12000,91283
2026-07-27 15:17:00,308.11499,308.23001,307.97009,308.21500,61641
2026-07-27 15:16:00,308.23499,308.35001,307.85001,308.11499,85779
2026-07-27 15:15:00,308.10999,308.38000,308.10001,308.23001,72311
2026-07-27 15:14:00,308.024994,308.16501,308,308.065002,44312
2026-07-27 15:13:00,308.13000,308.16000,307.98999,308.019989,65985
2026-07-27 15:12:00,308.26001,308.48721,308.14011,308.16501,67858
2026-07-27 15:11:00,308.27011,308.29990,308.040009,308.23001,250692
2026-07-27 15:10:00,307.92001,308.3,307.88031,308.28000,72794
2026-07-27 15:09:00,307.45001,308.019989,307.41000,307.92001,361929
2026-07-27 15:08:00,307.90948,307.90991,307.45001,307.45001,47427
2026-07-27 15:07:00,307.63501,308.17999,307.57,307.87671,57898
2026-07-27 15:06:00,307.41000,307.67999,307.32999,307.63501,30474
2026-07-27 15:05:00,307.20380,307.55499,307.20001,307.48999,45775
2026-07-27 15:04:00,307.79999,307.81,307.12000,307.23999,59487
2026-07-27 15:03:00,307.63501,308.06,307.56000,307.80991,65611
2026-07-27 15:02:00,307.48999,307.89001,307.48001,307.61499,53011
2026-07-27 15:01:00,307.56000,307.63000,307.39001,307.51001,83964
2026-07-27 15:00:00,307.66000,307.73999,307.44000,307.57999,51111
2026-07-27 14:59:00,307.57901,307.73001,307.51001,307.63000,54879
2026-07-27 14:58:00,307.59201,307.62,307.31180,307.54001,57391
2026-07-27 14:57:00,307.57501,307.67001,307.39011,307.57999,54695
2026-07-27 14:56:00,307.49380,307.72620,307.45001,307.57999,61484
2026-07-27 14:55:00,307.12009,307.57999,307.12009,307.51001,72562
2026-07-27 14:54:00,307.26999,307.26999,307.019989,307.12009,45904
2026-07-27 14:53:00,307.019989,307.29950,306.97000,307.26999,67769
2026-07-27 14:52:00,306.39001,307.15,306.38000,307.059998,119828
2026-07-27 14:51:00,306.17001,306.54001,306.089996,306.43500,42455
2026-07-27 14:50:00,306.029999,306.16000,305.92001,306.16000,66216
2026-07-27 14:49:00,306.34000,306.36990,306.029999,306.029999,46038
2026-07-27 14:48:00,306.25500,306.39999,306.040009,306.34000,47653
2026-07-27 14:47:00,306.28000,306.31989,306.10999,306.25500,43066
2026-07-27 14:46:00,306.41000,306.59000,306.26999,306.29001,71392
2026-07-27 14:45:00,306.37009,306.64990,306.32999,306.42499,56033
2026-07-27 14:44:00,306.53500,306.57001,306.26999,306.39001,39672
2026-07-27 14:43:00,306.34000,306.59000,306.10001,306.57001,41456
2026-07-27 14:42:00,306.42001,306.59000,306.22000,306.39001,67027
2026-07-27 14:41:00,305.72501,306.75,305.64001,306.42001,209772
2026-07-27 14:40:00,305.68991,305.72000,305.47000,305.67001,35124
2026-07-27 14:39:00,305.70999,305.78989,305.44000,305.64001,80311
2026-07-27 14:38:00,305.93500,306.02,305.70050,305.75500,33147
2026-07-27 14:37:00,306.024994,306.12991,305.79999,305.95001,45669
2026-07-27 14:36:00,305.90500,306.16000,305.79010,306.049591,51963
2026-07-27 14:35:00,305.87000,305.95999,305.54999,305.91000,70380
2026-07-27 14:34:00,306.010010,306.13300,305.76999,305.84000,56436
2026-07-27 14:33:00,306.015106,306.19000,305.95001,306.010010,49439
2026-07-27 14:32:00,306.070007,306.16,305.92001,305.98001,90450
2026-07-27 14:31:00,306.19000,306.37000,306.049988,306.070007,43078
2026-07-27 14:30:00,306.44000,306.54999,306.10999,306.19501,70603
2026-07-27 14:29:00,306.48999,306.64001,306.31491,306.5,52374
2026-07-27 14:28:00,306.34000,306.69989,306.32001,306.46851,66405
2026-07-27 14:27:00,306.029999,306.5,306.010010,306.31000,71532
2026-07-27 14:26:00,305.98001,306.29001,305.94000,306.010010,82794
2026-07-27 14:25:00,305.90500,306.14011,305.85999,305.94000,95743
2026-07-27 14:24:00,305.64001,305.98999,305.54001,305.90500,97419
2026-07-27 14:23:00,305.64001,305.98999,305.61121,305.64001,94170
2026-07-27 14:22:00,305.97000,305.98560,305.56000,305.64999,78169
2026-07-27 14:21:00,306.0050049,306.059906,305.80991,305.98001,69232
2026-07-27 14:20:00,305.85999,306.19989,305.82001,306,72530
2026-07-27 14:19:00,306.10999,306.14999,305.81351,305.90991,76854
2026-07-27 14:18:00,306.070007,306.17001,305.93011,306.13000,77428
2026-07-27 14:17:00,306.25,306.25,306,306.070007,81741
2026-07-27 14:16:00,306.47000,306.5,306.10010,306.21500,115733
2026-07-27 14:15:00,307.12210,307.20999,306.44000,306.47000,130076
2026-07-27 14:14:00,307.19000,307.34000,307.09,307.15500,41786
2026-07-27 14:13:00,307.375,307.42999,307.059998,307.19000,48317
2026-07-27 14:12:00,307.43500,307.60999,307.32001,307.375,49647
2026-07-27 14:11:00,307.48001,307.66000,307.41,307.42999,66727
2026-07-27 14:10:00,307.29001,307.66861,307.285,307.49500,60036
2026-07-27 14:09:00,307.26999,307.34299,307.22,307.30499,30448
2026-07-27 14:08:00,307.10159,307.37000,307.029999,307.26001,48891
2026-07-27 14:07:00,307.30499,307.45001,307.10001,307.10010,37409
2026-07-27 14:06:00,307.39999,307.65,307.28101,307.32999,40784
2026-07-27 14:05:00,307.35001,307.47000,307.12000,307.41000,97306
2026-07-27 14:04:00,308.44000,308.45,307.29999,307.32999,91738
2026-07-27 14:03:00,308.43591,308.59000,308.23001,308.49500,47609
2026-07-27 14:02:00,308.47000,308.66000,308.28,308.46439,40000
2026-07-27 14:01:00,308.49500,308.79001,308.48,308.48981,72170
2026-07-27 14:00:00,308.44000,308.78000,308.36920,308.48999,69641
2026-07-27 13:59:00,308.37000,308.54999,308.35001,308.44000,26476
2026-07-27 13:58:00,308.35001,308.46,308.29999,308.38000,37737
2026-07-27 13:57:00,308.19000,308.52740,308.19000,308.37000,50432
2026-07-27 13:56:00,307.74039,308.22000,307.72101,308.14999,55181
2026-07-27 13:55:00,308.089996,308.25,307.56000,307.78000,113000
2026-07-27 13:54:00,307.76999,308.13000,307.745,308.12930,53834
2026-07-27 13:53:00,307.72000,307.79001,307.54001,307.70999,32520
2026-07-27 13:52:00,307.64001,307.76001,307.57501,307.76001,26973
2026-07-27 13:51:00,307.69501,307.76001,307.47501,307.59000,52029
2026-07-27 13:50:00,307.60001,307.97000,307.48999,307.69501,58951
2026-07-27 13:49:00,307.88501,308,307.6,307.63501,38092
2026-07-27 13:48:00,308.13501,308.29001,307.85001,307.88501,44919
2026-07-27 13:47:00,308.22000,308.31000,308.049988,308.13501,57606
2026-07-27 13:46:00,308.23499,308.67001,308.049988,308.18839,71292
2026-07-27 13:45:00,308.42001,308.56000,308.19000,308.21799,56196
2026-07-27 13:44:00,308.14999,308.44000,308.10001,308.39001,34616
2026-07-27 13:43:00,308.010010,308.19000,307.91,308.16000,24348
2026-07-27 13:42:00,308.17990,308.32001,307.98010,308.040009,49304
2026-07-27 13:41:00,307.83011,308.18,307.82999,308.11719,38234
2026-07-27 13:40:00,307.89999,307.96991,307.78000,307.88000,23957
2026-07-27 13:39:00,308.10001,308.16000,307.82001,307.92001,49840
2026-07-27 13:38:00,307.82501,308.28000,307.77011,308.13501,35297
2026-07-27 13:37:00,307.96771,308.040009,307.76999,307.76999,40166
2026-07-27 13:36:00,307.78140,308.16000,307.69,307.91010,91610
2026-07-27 13:35:00,307.98001,308.057892,307.73001,307.82999,35881
2026-07-27 13:34:00,308.17001,308.3,307.86050,308,79042
2026-07-27 13:33:00,308.070007,308.26001,308.000091553,308.20999,58459
2026-07-27 13:32:00,307.48001,308.089996,307.47501,308.070007,55675
2026-07-27 13:31:00,307.39999,307.60001,307.38000,307.46500,30708
2026-07-27 13:30:00,307.39001,307.49,307.22000,307.39999,42091
2026-07-27 13:29:00,307.54001,307.61911,307.35001,307.39001,22226
2026-07-27 13:28:00,307.48001,307.73001,307.42999,307.56500,47001
2026-07-27 13:27:00,307.64001,307.8,307.37000,307.37000,33548
2026-07-27 13:26:00,307.60999,307.79001,307.47150,307.66211,26480
2026-07-27 13:25:00,307.53979,307.70999,307.51999,307.67001,30334
2026-07-27 13:24:00,307.32501,307.57001,307.22000,307.54999,47525
2026-07-27 13:23:00,307.45999,307.5,307.14001,307.32501,45309
2026-07-27 13:22:00,307.59000,307.64999,307.36,307.42999,47200
2026-07-27 13:21:00,307.67761,307.85999,307.60010,307.63000,59285
2026-07-27 13:20:00,307.010010,307.76999,307,307.70001,102076
2026-07-27 13:19:00,307.10001,307.23999,306.95,307.040009,87702
2026-07-27 13:18:00,307.075012,307.16989,306.94000,307.13501,64392
2026-07-27 13:17:00,307.22189,307.33990,306.98,307.075012,41598
2026-07-27 13:16:00,307.31500,307.38431,307.15009,307.23999,28938
2026-07-27 13:15:00,307.24500,307.38000,307.14001,307.35001,34550
2026-07-27 13:14:00,307.35999,307.44000,307.17,307.22009,25094
2026-07-27 13:13:00,307.37000,307.60001,307.24011,307.31000,29968
2026-07-27 13:12:00,307.053009,307.44000,306.91000,307.36499,54075
2026-07-27 13:11:00,307.37000,307.42001,306.98999,307.059998,53242
2026-07-27 13:10:00,307.19049,307.42999,307.040100,307.40500,32509
2026-07-27 13:09:00,307.22501,307.38000,307.13000,307.19000,38227
2026-07-27 13:08:00,307.57501,307.63501,307.17081,307.23001,46761
2026-07-27 13:07:00,307.25,307.60001,307.13000,307.54001,34273
2026-07-27 13:06:00,306.75,307.31000,306.70001,307.29001,65281
2026-07-27 13:05:00,306.95999,306.95999,306.72000,306.76001,42493
2026-07-27 13:04:00,307.19000,307.26999,306.89001,307.011505,64097
2026-07-27 13:03:00,307.10010,307.21991,306.89999,307.21991,110695
2026-07-27 13:02:00,307.32999,307.98001,307.019989,307.15500,99229
2026-07-27 13:01:00,307.76999,307.94000,307.25009,307.36499,38275
2026-07-27 13:00:00,307.74011,307.91861,307.54999,307.78000,40040
2026-07-27 12:59:00,307.69000,307.8,307.47009,307.76999,109535
2026-07-27 12:58:00,307.95010,308.039886,307.66000,307.66089,33131
2026-07-27 12:57:00,307.98999,308.070007,307.75,307.99500,42361
2026-07-27 12:56:00,307.45001,307.98999,307.45001,307.91000,33305
2026-07-27 12:55:00,307.60999,307.61,307.25,307.46051,45102
2026-07-27 12:54:00,307.60001,307.73001,307.42010,307.57001,56354
2026-07-27 12:53:00,307.76001,307.76001,307.5,307.53000,22990
2026-07-27 12:52:00,307.69501,307.89990,307.3125,307.79999,90293
2026-07-27 12:51:00,307.42441,307.95889,307.29999,307.70999,145688
2026-07-27 12:50:00,307.79510,307.79510,307.39999,307.44989,59306
2026-07-27 12:49:00,307.97000,307.98001,307.73010,307.76501,66328
2026-07-27 12:48:00,308.46991,308.5,307.89999,308.010010,74642
2026-07-27 12:47:00,308.31000,308.63000,308.28,308.38000,60553
2026-07-27 12:46:00,308.25,308.42001,308.20001,308.32001,27619
2026-07-27 12:45:00,308.35501,308.41501,308.10001,308.20010,39645
2026-07-27 12:44:00,308.29999,308.47000,308.02,308.36850,51977
2026-07-27 12:43:00,308.39001,308.57001,308.29999,308.33499,53912
2026-07-27 12:42:00,308.67001,308.67001,308.26001,308.37000,75365
2026-07-27 12:41:00,308.93500,308.94000,308.56000,308.68500,64186
2026-07-27 12:40:00,309.049988,309.14,308.75,308.94000,45831
2026-07-27 12:39:00,309.33459,309.34500,308.89999,309.049988,34789
2026-07-27 12:38:00,309.29999,309.49500,309.25,309.37000,36288
2026-07-27 12:37:00,309.65500,310,309.29999,309.29999,64562
2026-07-27 12:36:00,309.39050,309.69000,308.90030,309.69000,108615
2026-07-27 12:35:00,309.57501,309.69000,309.35,309.42001,28852
2026-07-27 12:34:00,309.56000,309.76001,309.34000,309.59000,48653
2026-07-27 12:33:00,309.79999,309.79999,309.37051,309.56000,48340
2026-07-27 12:32:00,310.10501,310.19000,309.70999,309.79001,81984
2026-07-27 12:31:00,309.67001,310.33740,309.67001,310.10501,97661
2026-07-27 12:30:00,309.35001,309.79990,309.28000,309.67001,69468
2026-07-27 12:29:00,309.63000,309.76999,309.29001,309.39999,123345
2026-07-27 12:28:00,309.68619,310.28799,309.665,309.67499,76449
2026-07-27 12:27:00,309.78281,309.88000,309.20010,309.67999,104703
2026-07-27 12:26:00,310.22000,310.45200,309.64011,309.78500,61867
2026-07-27 12:25:00,308.84000,310.32001,308.79999,310.22000,178694
2026-07-27 12:24:00,308.37000,308.87000,308.32001,308.87000,59364
2026-07-27 12:23:00,307.88000,308.34000,307.72009,308.29999,74980
2026-07-27 12:22:00,307.92001,307.98,307.34000,307.875,105368
2026-07-27 12:21:00,308.37000,308.48001,307.88000,307.92999,71468
2026-07-27 12:20:00,308.049988,308.42999,307.82001,308.38000,60653
2026-07-27 12:19:00,308.29999,308.35849,307.95001,308.045013,49129
2026-07-27 12:18:00,308.32999,308.45001,308.10001,308.29999,62134
2026-07-27 12:17:00,308.14001,308.45001,308.059998,308.32999,80236
2026-07-27 12:16:00,308.67001,308.72000,307.91870,308.079987,89592
2026-07-27 12:15:00,308.72000,308.96820,308.60001,308.71500,58837
2026-07-27 12:14:00,309.059906,309.13000,308.60001,308.70001,65308
2026-07-27 12:13:00,309.76810,309.85999,309,309,81424
2026-07-27 12:12:00,309.76999,310.089996,309.60999,309.78500,74349
2026-07-27 12:11:00,309.73001,309.89001,309.35999,309.79501,86030
2026-07-27 12:10:00,309.17001,309.79999,309.17001,309.76001,101176
2026-07-27 12:09:00,309.18500,309.28000,308.89,309.16000,46922
2026-07-27 12:08:00,308.91000,309.31,308.82001,309.20001,41211
2026-07-27 12:07:00,308.76999,309.089996,308.61,308.92001,31670
2026-07-27 12:06:00,309.10001,309.10999,308.54999,308.73999,55652
2026-07-27 12:05:00,308.94000,309.34991,308.94000,309.024994,68452
2026-07-27 12:04:00,308.74500,308.95999,308.66000,308.94000,46361
2026-07-27 12:03:00,308.64999,308.88849,308.64001,308.73001,34809
2026-07-27 12:02:00,308.72000,308.97000,308.60001,308.63599,48586
2026-07-27 12:01:00,308.76501,308.94000,308.60999,308.73999,47126
2026-07-27 12:00:00,308.76999,309.049988,308.60001,308.75989,38688
2026-07-27 11:59:00,308.57999,308.94989,308.51999,308.73990,46157
2026-07-27 11:58:00,308.78000,308.79001,308.37000,308.56970,54330
2026-07-27 11:57:00,308.83011,309.25,308.73001,308.79001,102979
2026-07-27 11:56:00,308.38309,308.95001,308.32999,308.875,63640
2026-07-27 11:55:00,307.85001,308.51999,307.78000,308.39001,71567
2026-07-27 11:54:00,307.90500,308.049988,307.73999,307.80499,31503
2026-07-27 11:53:00,307.67001,308.049988,307.57001,307.92999,42973
2026-07-27 11:52:00,307.84500,307.98001,307.62000,307.62009,56883
2026-07-27 11:51:00,307.84000,308.10001,307.69009,307.92999,52383
2026-07-27 11:50:00,307.91000,308.16840,307.62000,307.79501,51902
2026-07-27 11:49:00,307.89999,307.95001,307.62009,307.89999,41284
2026-07-27 11:48:00,307.64001,308.049896,307.59000,307.92499,52679
2026-07-27 11:47:00,307.84500,307.99991,307.42221,307.60001,56055
2026-07-27 11:46:00,307.98499,308.13000,307.70001,307.83011,56905
2026-07-27 11:45:00,308.15500,308.37991,307.95959,308.039886,39580
2026-07-27 11:44:00,307.82001,308.42001,307.75,308.19000,66819
2026-07-27 11:43:00,308.22000,308.34000,307.79001,307.84000,61067
2026-07-27 11:42:00,308.18500,308.45999,308.15369,308.26001,75342
2026-07-27 11:41:00,308.26999,308.38000,307.87000,308.16721,67671
2026-07-27 11:40:00,308.38251,308.79999,307.95001,308.28000,96909
2026-07-27 11:39:00,307.84000,308.56000,307.84000,308.42001,120786
2026-07-27 11:38:00,307.085297,307.92001,307.029999,307.85501,88793
2026-07-27 11:37:00,307.66501,307.74,307.070007,307.10550,90853
2026-07-27 11:36:00,307.61270,308,307.46051,307.70990,51789
2026-07-27 11:35:00,307.85501,308.049988,307.45999,307.64499,66375
2026-07-27 11:34:00,307.78000,307.95001,307.60001,307.78009,62806
2026-07-27 11:33:00,307.78510,307.88989,307.56000,307.76999,59881
2026-07-27 11:32:00,307.92001,308.20001,307.60999,307.75,74669
2026-07-27 11:31:00,308.56500,308.98999,307.91,307.94000,66453
2026-07-27 11:30:00,308.5,308.78000,308.24579,308.59991,80780
2026-07-27 11:29:00,307.95001,308.60001,307.89999,308.54999,73674
2026-07-27 11:28:00,308.065002,308.10001,307.6,307.90009,70907
2026-07-27 11:27:00,308.12000,308.50809,307.94,308.059998,55696
2026-07-27 11:26:00,307.81000,308.24,307.64001,308.14969,65671
2026-07-27 11:25:00,308.059998,308.14999,307.60001,307.81900,73874
2026-07-27 11:24:00,307.95001,308.22000,307.75201,308.019989,78422
2026-07-27 11:23:00,308.58499,308.59000,307.82999,307.95001,110592
2026-07-27 11:22:00,308.53000,308.98999,308.42,308.58499,64986
2026-07-27 11:21:00,308.79001,308.95001,308.40851,308.59000,114323
2026-07-27 11:20:00,308.51740,308.95001,308.42001,308.76999,86851
2026-07-27 11:19:00,308.20001,308.69000,307.97501,308.52499,107521
2026-07-27 11:18:00,308.75,308.89999,308.10999,308.17999,104687
2026-07-27 11:17:00,309.12000,309.13501,308.62000,308.70499,79076
2026-07-27 11:16:00,309.14999,309.34000,308.85001,309.12000,94514
2026-07-27 11:15:00,309.56500,309.71509,309.15500,309.20001,66729
2026-07-27 11:14:00,309.34000,309.79999,309.34000,309.57501,47487
2026-07-27 11:13:00,309.80179,309.96,309.27,309.51990,61451
2026-07-27 11:12:00,309.20001,310.18991,309.14999,309.84500,88452
2026-07-27 11:11:00,309.32501,309.66000,308.97000,309.14999,85156
2026-07-27 11:10:00,309.46991,309.85999,309.23999,309.33450,60934
2026-07-27 11:09:00,309.10999,309.48990,308.94009,309.39789,80638
2026-07-27 11:08:00,309.87000,309.92001,309,309.10999,64988
2026-07-27 11:07:00,309.38000,309.98999,309,309.92001,99721
2026-07-27 11:06:00,309.85001,310.17001,309.29999,309.42001,85327
2026-07-27 11:05:00,310.39001,310.48651,309.75,309.84500,110545
2026-07-27 11:04:00,309.96500,310.73001,309.81201,310.39999,175669
2026-07-27 11:03:00,309.019989,310.079987,309.019989,309.95999,204596
2026-07-27 11:02:00,308.73999,309.14001,308.6,309.019989,115104
2026-07-27 11:01:00,308.94000,308.94000,308.60001,308.73001,65503
2026-07-27 11:00:00,308.75500,309.029999,308.39200,308.82999,71968
2026-07-27 10:59:00,308.69000,308.89999,308.60010,308.76001,72056
2026-07-27 10:58:00,308.52499,308.82999,308.44000,308.68500,125437
2026-07-27 10:57:00,308.29999,308.60999,307.84500,308.52499,151555
2026-07-27 10:56:00,309.059998,309.14999,308.050110,308.30499,122934
2026-07-27 10:55:00,308.67999,309.10999,308.54999,309.054993,110145
2026-07-27 10:54:00,308.56000,309.10001,308.51031,308.67999,118772
2026-07-27 10:53:00,308.10999,308.94000,308.080109,308.5,122458
2026-07-27 10:52:00,307.56000,308.34000,307.29999,308.10999,135480
2026-07-27 10:51:00,306.98999,308.11221,306.98999,307.60001,259563
2026-07-27 10:50:00,306.12000,307.27991,306.12000,306.98999,153443
2026-07-27 10:49:00,305.64999,306.25,305.62000,306.14499,93118
2026-07-27 10:48:00,305.89999,306.20001,305.55,305.69000,102640
2026-07-27 10:47:00,305.89001,306.24,305.60501,305.87000,131905
2026-07-27 10:46:00,305.049988,306.20001,305.04,305.87000,217443
2026-07-27 10:45:00,304.76001,305.41000,304.73999,305.13000,114191
2026-07-27 10:44:00,305.23001,305.39990,304.39999,304.64001,149364
2026-07-27 10:43:00,305.10999,305.31921,304.28000,305.18381,201558
2026-07-27 10:42:00,305.029999,305.5,304.98,305.10999,171872
2026-07-27 10:41:00,306.10999,306.34000,304.85999,305.070007,350012
2026-07-27 10:40:00,306.18500,306.31989,305.76999,306.10999,133346
2026-07-27 10:39:00,306.22000,306.45001,305.92001,306.20999,123023
2026-07-27 10:38:00,306.22501,306.83,306.17001,306.30499,149364
2026-07-27 10:37:00,306.26001,306.75,305.92001,306.22501,176630
2026-07-27 10:36:00,307.070007,307.22000,306.20001,306.25500,209081
2026-07-27 10:35:00,307.12000,307.29999,306.54001,307.10001,130819
2026-07-27 10:34:00,307.39999,307.70999,307.10001,307.14999,105958
2026-07-27 10:33:00,307.049988,307.48,306.94229,307.39001,137877
2026-07-27 10:32:00,307.59000,307.85999,306.91000,306.99500,171608
2026-07-27 10:31:00,306.69000,307.67001,306.48001,307.60999,208382
2026-07-27 10:30:00,306.91010,307.26001,306.42001,306.73999,167555
2026-07-27 10:29:00,307.30499,307.52179,306.89999,306.97501,124139
2026-07-27 10:28:00,307.17999,307.45990,306.88,307.27011,166836
2026-07-27 10:27:00,307.70001,307.73990,306.91000,307.17499,259720
2026-07-27 10:26:00,308.48871,308.54001,307.66049,307.72000,147323
2026-07-27 10:25:00,308.67999,308.73001,308.23001,308.48999,73848
2026-07-27 10:24:00,308.23001,308.85989,308.16101,308.75781,92557
2026-07-27 10:23:00,308.56000,309,308.010010,308.26999,110173
2026-07-27 10:22:00,309.39001,309.45999,308.52011,308.56000,94390
2026-07-27 10:21:00,308.82999,309.48999,308.79001,309.37051,95528
2026-07-27 10:20:00,309.35001,309.36990,308.82999,308.88000,99078
2026-07-27 10:19:00,309.67499,310,309.39001,309.41000,99488
2026-07-27 10:18:00,308.98001,309.79999,308.98001,309.70999,87315
2026-07-27 10:17:00,309.51001,309.54990,308.79999,308.98499,86175
2026-07-27 10:16:00,309.51001,309.67999,309.10999,309.5,78194
2026-07-27 10:15:00,309.29999,310.20001,309.25,309.57999,121361
2026-07-27 10:14:00,309.36810,309.60501,309.17001,309.29501,98419
2026-07-27 10:13:00,309.73499,310.10001,308.95001,309.34500,200402
2026-07-27 10:12:00,308.35999,309.77991,308.31000,309.73499,118448
2026-07-27 10:11:00,308.70630,308.85001,308.059998,308.34000,166780
2026-07-27 10:10:00,309.47000,309.5,308.65021,308.74500,120981
2026-07-27 10:09:00,309.49951,309.85999,309.32001,309.42999,149785
2026-07-27 10:08:00,308.60989,309.47,308.53000,309.42001,139823
2026-07-27 10:07:00,308.51001,309.19000,308.35001,308.62000,557188
2026-07-27 10:06:00,308.42969,308.57990,307.70001,308.57990,179045
2026-07-27 10:05:00,308.72479,309.16000,308.049988,308.54990,197383
2026-07-27 10:04:00,308.63501,309.029999,308.46649,308.73001,159355
2026-07-27 10:03:00,308.39499,308.98999,308,308.63501,172298
2026-07-27 10:02:00,307.92999,308.62000,307.79999,308.35001,189654
2026-07-27 10:01:00,309.14999,309.26001,307.89999,307.95499,212719
2026-07-27 10:00:00,309.10001,309.19000,308.60001,309.084991,205496
2026-07-27 09:59:00,308.85999,309.78000,308.85999,309.059998,173224
2026-07-27 09:58:00,309.84000,309.88000,308.79999,308.82629,230149
2026-07-27 09:57:00,310.70001,310.76001,309.72000,309.82010,282437
2026-07-27 09:56:00,311.41251,311.45999,310.54001,310.73499,208434
2026-07-27 09:55:00,311.54999,311.76001,311.13000,311.42999,108143
2026-07-27 09:54:00,311.89999,312.075592,311.10999,311.54999,116501
2026-07-27 09:53:00,311.72000,312.079987,311.42081,311.83221,131017
2026-07-27 09:52:00,312.089996,312.22000,311.40240,311.75500,146976
2026-07-27 09:51:00,312.76001,312.91940,312,312.059998,152573
2026-07-27 09:50:00,312.72009,312.94,312.26999,312.72501,141099
2026-07-27 09:49:00,312.76001,313.070587,312.64999,312.82999,106897
2026-07-27 09:48:00,313.080109,313.55,312.79001,312.82501,107853
2026-07-27 09:47:00,311.67001,313.48990,311.64001,313.049988,199265
2026-07-27 09:46:00,314.040009,314.10001,311.26001,311.61700,369535
2026-07-27 09:45:00,314.17001,314.65,313.74,314.019989,166604
2026-07-27 09:44:00,313.29001,314.28989,313.030090,314.13501,128098
2026-07-27 09:43:00,312.89960,313.31000,312.31000,313.31000,159515
2026-07-27 09:42:00,312.33499,313.85001,312.26,312.89499,198346
2026-07-27 09:41:00,313.51999,313.76001,312.019989,312.34000,217467
2026-07-27 09:40:00,314.38080,314.42,313.30011,313.48001,223236
2026-07-27 09:39:00,315.76700,315.76700,314.12000,314.42001,187206
2026-07-27 09:38:00,316.45001,316.63000,315.48001,315.51999,197300
2026-07-27 09:37:00,316.14001,317,316.000091553,316.51501,338630
2026-07-27 09:36:00,314.48999,316.20001,314.345,316.17001,250555
2026-07-27 09:35:00,315.010010,315.26001,314.027802,314.48001,260256
2026-07-27 09:34:00,312.38000,315.22000,311.73010,315.079987,269258
2026-07-27 09:33:00,312.10999,312.64001,310.91699,312.375,183458
2026-07-27 09:32:00,312.57999,313,310.89801,312.22141,207125
2026-07-27 09:31:00,314.70499,314.73999,311.62000,312.60999,278685
2026-07-27 09:30:00,313.23001,315.17001,310.84000,314.70001,2627716
2026-07-24 15:59:00,312.84500,313.23999,312.73,313,868083
2026-07-24 15:58:00,312.82001,313,312.47000,312.84000,569770
2026-07-24 15:57:00,312.049988,312.89999,311.75,312.81000,514847
2026-07-24 15:56:00,312.33499,312.35999,312,312.022491,393997
2026-07-24 15:55:00,311.48499,312.45001,311.47000,312.34000,432515
2026-07-24 15:54:00,310.97000,311.78000,310.89001,311.48499,345914
2026-07-24 15:53:00,310.54001,310.98001,310.45999,310.96500,169778
2026-07-24 15:52:00,310.32001,310.63000,310.20010,310.54999,192350
2026-07-24 15:51:00,310.20001,310.38000,309.92999,310.29010,217110
2026-07-24 15:50:00,310.95999,311.20999,310.010010,310.20999,371658
2026-07-24 15:49:00,310.72000,310.98001,310.60001,310.94989,103279
2026-07-24 15:48:00,310.92499,310.98001,310.63010,310.76001,146517
2026-07-24 15:47:00,310.44000,310.99,310.32,310.92999,122513
2026-07-24 15:46:00,310.85999,310.88989,310.22009,310.42999,168852
2026-07-24 15:45:00,310.78000,311.070007,310.75,310.88000,165221
2026-07-24 15:44:00,310.76001,310.92001,310.59,310.79999,144658
2026-07-24 15:43:00,310.15500,310.79,310.070007,310.77499,161592
2026-07-24 15:42:00,310.10989,310.22989,309.95999,310.15500,112084
2026-07-24 15:41:00,310.25,310.25500,309.94000,310.10120,170464
2026-07-24 15:40:00,310.20001,310.37000,310.070007,310.26999,109424
2026-07-24 15:39:00,310.23001,310.27399,310.070007,310.20499,101589
2026-07-24 15:38:00,310.15991,310.36990,310.07,310.23001,125314
2026-07-24 15:37:00,309.69839,310.20001,309.67,310.15979,96137
2026-07-24 15:36:00,310.019989,310.16000,309.60999,309.66000,94981
2026-07-24 15:35:00,309.64999,310.10001,309.5,310,133075
2026-07-24 15:34:00,309.60001,309.88000,309.53000,309.70801,125296
2026-07-24 15:33:00,310.22501,310.24,309.34500,309.60001,233266
2026-07-24 15:32:00,310.031586,310.26001,309.92499,310.22501,150809
2026-07-24 15:31:00,309.35999,310.14001,309.32999,310.040009,196518
2026-07-24 15:30:00,309.29001,309.56000,309.20999,309.35999,146905
2026-07-24 15:29:00,309.49011,309.70001,309.28021,309.29001,111636
2026-07-24 15:28:00,308.79999,309.5,308.79999,309.5,136664
2026-07-24 15:27:00,308.76501,308.94000,308.75,308.81000,66987
2026-07-24 15:26:00,308.64999,308.82990,308.54001,308.76010,46032
2026-07-24 15:25:00,308.70999,308.85001,308.60001,308.64999,71676
2026-07-24 15:24:00,308.67999,308.70999,308.5,308.69000,78099
2026-07-24 15:23:00,308.88501,308.89999,308.60999,308.67001,61587
2026-07-24 15:22:00,308.96500,309.03,308.78000,308.89969,81094
2026-07-24 15:21:00,308.625,309.02,308.53000,308.97000,93109
2026-07-24 15:20:00,308.54001,308.64999,308.285,308.625,61762
2026-07-24 15:19:00,308.53500,308.74991,308.32001,308.57501,88159
2026-07-24 15:18:00,308.49280,308.73999,308.42999,308.54999,62703
2026-07-24 15:17:00,308.45999,308.75,308.35999,308.49341,93037
2026-07-24 15:16:00,308.25,308.44290,308.080109,308.42001,111097
2026-07-24 15:15:00,308.48999,308.56000,308.25,308.26999,119995
2026-07-24 15:14:00,308.51999,308.54999,308.32001,308.42999,75641
2026-07-24 15:13:00,308.37000,308.69000,308.33,308.54999,113870
2026-07-24 15:12:00,308.49991,308.85,308.35999,308.38501,78980
2026-07-24 15:11:00,308.35501,308.45999,308.14999,308.45999,99323
2026-07-24 15:10:00,308.34000,308.42999,308.25,308.33051,76524
2026-07-24 15:09:00,308.34000,308.45999,308.25009,308.36499,81626
2026-07-24 15:08:00,308.70001,308.81891,308.34009,308.38000,137167
2026-07-24 15:07:00,309.19000,309.35001,308.66501,308.70999,114816
2026-07-24 15:06:00,309.13501,309.39999,309.089996,309.20001,54154
2026-07-24 15:05:00,309.070312,309.26819,308.93011,309.13501,61934
2026-07-24 15:04:00,309.070007,309.16422,308.92001,309.089996,59777
2026-07-24 15:03:00,309.30249,309.35999,308.67999,309.045013,170247
2026-07-24 15:02:00,309.51001,309.62991,309.26001,309.28989,93150
2026-07-24 15:01:00,309.35001,309.87000,309.23001,309.54990,112513
2026-07-24 15:00:00,309.34000,309.52991,308.89999,309.34000,113211
2026-07-24 14:59:00,309.54001,309.63000,309.26001,309.39001,127726
2026-07-24 14:58:00,309.63501,309.81989,309.54999,309.60001,91914
2026-07-24 14:57:00,309.56000,309.92001,309.55,309.63501,116743
2026-07-24 14:56:00,309.64999,309.64999,309.42001,309.56500,98280
2026-07-24 14:55:00,309.44000,309.75,309.25009,309.66501,109013
2026-07-24 14:54:00,309.23001,309.60461,309.185,309.45001,103792
2026-07-24 14:53:00,309.20999,309.32990,309.080109,309.23499,61246
2026-07-24 14:52:00,308.96500,309.26999,308.87051,309.22870,103340
2026-07-24 14:51:00,308.39001,309.10001,308.38000,308.94000,96305
2026-07-24 14:50:00,308.76999,308.79999,308.25,308.42920,119558
2026-07-24 14:49:00,308.66101,308.85001,308.60001,308.72000,143789
2026-07-24 14:48:00,308.88000,309.19000,308.66000,308.69501,104027
2026-07-24 14:47:00,308.64999,308.93,308.62009,308.89999,98774
2026-07-24 14:46:00,308.78000,308.93,308.56000,308.63861,101592
2026-07-24 14:45:00,308.48999,308.94000,308.42001,308.76001,139231
2026-07-24 14:44:00,308.125,308.58939,308.10001,308.47000,108482
2026-07-24 14:43:00,307.66000,308.53,307.62009,308.125,187325
2026-07-24 14:42:00,306.97989,307.70001,306.89011,307.63330,121340
2026-07-24 14:41:00,307.019897,307.14499,306.92001,306.96500,78029
2026-07-24 14:40:00,307.13000,307.19000,306.89999,307,71628
2026-07-24 14:39:00,306.85501,307.32999,306.64700,307.080109,145702
2026-07-24 14:38:00,306.64001,306.87,306.55011,306.85501,109544
2026-07-24 14:37:00,306.77499,306.91,306.60999,306.625,91301
2026-07-24 14:36:00,306.88501,307.23001,306.69000,306.76999,92261
2026-07-24 14:35:00,307.10999,307.10999,306.51,306.89200,212458
2026-07-24 14:34:00,307.26999,307.36,307,307.089996,127124
2026-07-24 14:33:00,307.42999,307.52,307.20999,307.24500,89325
2026-07-24 14:32:00,307.029999,307.55,307,307.42001,102876
2026-07-24 14:31:00,307.38000,307.5,307,307.054993,132136
2026-07-24 14:30:00,307.32501,307.47000,307.23999,307.38000,81279
2026-07-24 14:29:00,307.38989,307.69000,307.31000,307.32001,103189
2026-07-24 14:28:00,307.37000,307.57999,307.31009,307.38000,74825
2026-07-24 14:27:00,307.57001,307.77,307.35010,307.39511,122152
2026-07-24 14:26:00,307.69000,307.87000,307.5,307.53000,102410
2026-07-24 14:25:00,308.010010,308.06,307.54999,307.69000,153316
2026-07-24 14:24:00,308.080109,308.20999,307.89001,308.019989,68755
2026-07-24 14:23:00,308,308.14990,307.86499,308.12000,106827
2026-07-24 14:22:00,308.26001,308.26990,307.81009,307.94501,121597
2026-07-24 14:21:00,307.99500,308.29,307.96,308.28000,76572
2026-07-24 14:20:00,308.14999,308.14999,307.95,307.98001,79558
2026-07-24 14:19:00,308.26001,308.32999,308.010010,308.125,61616
2026-07-24 14:18:00,308.75500,308.79001,308.07,308.23999,90471
2026-07-24 14:17:00,308.42999,308.84000,308.38,308.75,75250
2026-07-24 14:16:00,308.34000,308.5,308.22009,308.40500,68533
2026-07-24 14:15:00,308.38501,308.44989,308.14050,308.34000,80860
2026-07-24 14:14:00,307.98001,308.57999,307.95010,308.39999,135952
2026-07-24 14:13:00,308.10001,308.20001,307.79999,308,235344
2026-07-24 14:12:00,308.20999,308.23990,308.019989,308.10999,77049
2026-07-24 14:11:00,308.019989,308.29999,308,308.20999,106920
2026-07-24 14:10:00,308.070007,308.16000,308,308.029999,101832
2026-07-24 14:09:00,308.034393,308.24991,308,308.070007,109971
2026-07-24 14:08:00,308.46979,308.48990,308.019989,308.049988,105240
2026-07-24 14:07:00,308.45001,308.73001,308.39001,308.46500,87680
2026-07-24 14:06:00,308.98990,308.98990,308.43011,308.48999,120870
2026-07-24 14:05:00,308.87000,308.98761,308.64999,308.98001,69987
2026-07-24 14:04:00,309.12009,309.17001,308.84000,308.88000,87267
2026-07-24 14:03:00,309.32001,309.42999,309.029999,309.14499,55257
2026-07-24 14:02:00,309.24500,309.41440,309.15009,309.37000,48053
2026-07-24 14:01:00,309.69000,309.76999,309.20999,309.24500,88576
2026-07-24 14:00:00,309.5,309.76001,309.31000,309.70499,88814
2026-07-24 13:59:00,309.54501,309.67001,309.45010,309.50500,50063
2026-07-24 13:58:00,309.54501,309.66989,309.51001,309.54501,38723
2026-07-24 13:57:00,309.65500,309.67001,309.5,309.55701,47054
2026-07-24 13:56:00,309.38010,309.72989,309.37009,309.67999,254911
2026-07-24 13:55:00,309.69000,309.85001,309.35999,309.39999,68591
2026-07-24 13:54:00,309.38501,309.70999,309.37000,309.66000,71741
2026-07-24 13:53:00,309.26001,309.48001,309.23001,309.38000,43386
2026-07-24 13:52:00,309.28000,309.51999,309.20010,309.23999,61609
2026-07-24 13:51:00,309.42999,309.63000,309.20151,309.26999,85071
2026-07-24 13:50:00,309.071014,309.48,309.039490,309.42999,112428
2026-07-24 13:49:00,308.64999,309.16000,308.63669,309.079987,103200
2026-07-24 13:48:00,308.48950,308.67001,308.34009,308.64499,56824
2026-07-24 13:47:00,308.57999,308.69000,308.36499,308.43890,72645
2026-07-24 13:46:00,308.25961,308.63000,308.19009,308.60431,87042
2026-07-24 13:45:00,308.17819,308.29990,308,308.23499,112596
2026-07-24 13:44:00,308.45999,308.62,308.13,308.21820,94201
2026-07-24 13:43:00,308.26001,308.49991,308.22000,308.45001,79608
2026-07-24 13:42:00,308.14999,308.47989,308.13,308.24680,103544
2026-07-24 13:41:00,308.45001,308.54001,308,308.125,160350
2026-07-24 13:40:00,308.77499,308.78,308.35001,308.47501,102542
2026-07-24 13:39:00,308.95999,309.049988,308.63000,308.74011,79164
2026-07-24 13:38:00,309.17999,309.26001,308.89,308.94501,102694
2026-07-24 13:37:00,309.60999,309.62,309.089996,309.22000,73595
2026-07-24 13:36:00,309.73999,309.77991,309.54999,309.63800,40108
2026-07-24 13:35:00,309.71509,309.81409,309.54999,309.78961,68881
2026-07-24 13:34:00,309.76001,309.82001,309.61081,309.71500,57036
2026-07-24 13:33:00,309.44501,310.010010,309.37021,309.79199,119831
2026-07-24 13:32:00,309.48999,309.56000,309.32001,309.44501,58598
2026-07-24 13:31:00,309.39499,309.57001,309.32001,309.37000,48890
2026-07-24 13:30:00,309.45999,309.73001,309.29001,309.42999,67085
2026-07-24 13:29:00,309.56000,309.57849,309.31049,309.44989,65237
2026-07-24 13:28:00,309.54001,309.72989,309.51999,309.59500,51881
2026-07-24 13:27:00,309.20001,309.68,309.20001,309.56000,98135
2026-07-24 13:26:00,309.010010,309.26001,308.95001,309.22501,52318
2026-07-24 13:25:00,308.92999,309.12991,308.79999,309.040009,70346
2026-07-24 13:24:00,308.68100,309,308.60999,308.92999,49964
2026-07-24 13:23:00,308.77991,308.82999,308.66000,308.70001,85816
2026-07-24 13:22:00,308.97501,309.03,308.69000,308.75,68624
2026-07-24 13:21:00,309,309.22000,308.89999,309,63347
2026-07-24 13:20:00,309.13501,309.23001,309,309.010010,58668
2026-07-24 13:19:00,308.85999,309.14001,308.71011,309.10999,71392
2026-07-24 13:18:00,308.76501,309.20001,308.57010,308.85880,140204
2026-07-24 13:17:00,308.48999,308.78000,308.41800,308.78000,85462
2026-07-24 13:16:00,308.70001,308.73999,308.35001,308.49500,88369
2026-07-24 13:15:00,308.72000,308.97989,308.62009,308.65051,73443
2026-07-24 13:14:00,308.66791,308.94000,308.62161,308.74921,60459
2026-07-24 13:13:00,308.68271,308.92001,308.59009,308.60999,95320
2026-07-24 13:12:00,308.48001,308.82001,308.44009,308.66000,80378
2026-07-24 13:11:00,308.12000,308.64999,308.085785,308.50500,86965
2026-07-24 13:10:00,308.42001,308.48001,308,308.10999,155279
2026-07-24 13:09:00,308.63000,308.81000,308.41000,308.42001,70091
2026-07-24 13:08:00,308.65680,308.70999,308.38010,308.63000,69978
2026-07-24 13:07:00,308.32990,308.72000,308.20001,308.72000,146179
2026-07-24 13:06:00,308.99979,309,308.17999,308.32990,176252
2026-07-24 13:05:00,308.69501,309.089996,308.69,308.95001,99728
2026-07-24 13:04:00,309,309.13000,308.5,308.69501,121031
2026-07-24 13:03:00,308.75500,309.14001,308.73001,309.0094910,157756
2026-07-24 13:02:00,308.83719,308.87000,308.39999,308.75500,110974
2026-07-24 13:01:00,309.084991,309.10999,308.56201,308.82001,134941
2026-07-24 13:00:00,309.28000,309.33401,308.94000,309.080109,165492
2026-07-24 12:59:00,309.49991,309.54001,309.17999,309.23999,83352
2026-07-24 12:58:00,309.67999,309.67999,309.37009,309.48749,83052
2026-07-24 12:57:00,309.64499,309.97000,309.51999,309.67999,96782
2026-07-24 12:56:00,310.29999,310.41400,309.53000,309.60999,138953
2026-07-24 12:55:00,310.39999,310.60001,310.16000,310.35001,54488
2026-07-24 12:54:00,310.53000,310.64999,310.39999,310.42999,49817
2026-07-24 12:53:00,310.47000,310.78860,310.29001,310.54999,78838
2026-07-24 12:52:00,310.29001,310.59970,310.20001,310.45081,56032
2026-07-24 12:51:00,310.23499,310.47989,310.13120,310.26489,34003
2026-07-24 12:50:00,310.51999,310.63000,310.21011,310.24881,37443
2026-07-24 12:49:00,309.91010,310.64999,309.88000,310.59000,115627
2026-07-24 12:48:00,310.089996,310.14001,309.77359,309.92499,82947
2026-07-24 12:47:00,310.43219,310.48889,309.94000,310.059998,95622
2026-07-24 12:46:00,310.69000,310.70001,310.34009,310.42999,41698
2026-07-24 12:45:00,310.54999,310.84991,310.48001,310.67499,66686
2026-07-24 12:44:00,310.30499,310.66000,310.20001,310.56149,52935
2026-07-24 12:43:00,310.41501,310.51999,310.19000,310.31000,53440
2026-07-24 12:42:00,310.375,310.57001,310.32999,310.41501,37279
2026-07-24 12:41:00,310.48499,310.53000,310.29999,310.42999,44249
2026-07-24 12:40:00,310.95001,311,310.41000,310.48499,112408
2026-07-24 12:39:00,310.53500,310.98001,310.52011,310.97501,53039
2026-07-24 12:38:00,311.26981,311.26999,310.51001,310.52499,104522
2026-07-24 12:37:00,310.51001,311.25,310.39011,311.24991,106378
2026-07-24 12:36:00,310.26840,310.60001,310.17999,310.51001,78554
2026-07-24 12:35:00,310.089996,310.30569,309.98999,310.20999,80470
2026-07-24 12:34:00,310.10999,310.34979,310.070007,310.14001,47416
2026-07-24 12:33:00,310.10001,310.31000,310.067505,310.13989,40349
2026-07-24 12:32:00,310.54251,310.64630,310,310.070007,66591
2026-07-24 12:31:00,310.10999,310.60501,310.029999,310.54501,61670
2026-07-24 12:30:00,310.45001,310.51999,310,310.12000,156181
2026-07-24 12:29:00,310.40500,310.64001,310.39999,310.46149,57149
2026-07-24 12:28:00,311.12000,311.14990,310.26,310.39999,132529
2026-07-24 12:27:00,310.95999,311.33200,310.94000,311.14270,60532
2026-07-24 12:26:00,310.95001,311.19000,310.91000,310.92999,65457
2026-07-24 12:25:00,310.79999,310.91000,310.53000,310.91000,48506
2026-07-24 12:24:00,310.90500,310.94000,310.62210,310.76501,66359
2026-07-24 12:23:00,311.039490,311.039490,310.76001,310.90500,61312
2026-07-24 12:22:00,310.73999,311.070007,310.57010,311.010010,63475
2026-07-24 12:21:00,310.84521,310.91989,310.64001,310.75,72892
2026-07-24 12:20:00,310.42010,310.84,310.42010,310.82999,61134
2026-07-24 12:19:00,310.48721,310.63000,310.39999,310.54999,57752
2026-07-24 12:18:00,310.54999,310.77469,310.45001,310.47501,56854
2026-07-24 12:17:00,310.88000,310.92001,310.41010,310.54999,62129
2026-07-24 12:16:00,310.50500,311.019989,310.44000,310.88000,80376
2026-07-24 12:15:00,310.49600,310.57990,310.32001,310.51999,68315
2026-07-24 12:14:00,310.76999,310.82001,310.35001,310.5,121176
2026-07-24 12:13:00,311.25,311.32590,310.76001,310.76001,92849
2026-07-24 12:12:00,311.45001,311.73990,311.26,311.34500,84104
2026-07-24 12:11:00,311.91000,311.97000,311.29999,311.41000,126831
2026-07-24 12:10:00,311.19501,311.98001,311,311.92001,129155
2026-07-24 12:09:00,310.73999,311.48001,310.70001,311.19501,104852
2026-07-24 12:08:00,310.70001,310.76999,310.47,310.76999,66861
2026-07-24 12:07:00,310.19000,310.89,310.13000,310.72000,86785
2026-07-24 12:06:00,310.51501,310.64999,310.16049,310.16049,59434
2026-07-24 12:05:00,310.52020,310.66000,310.32010,310.48999,90855
2026-07-24 12:04:00,310.47501,310.67001,310.37009,310.51999,76696
2026-07-24 12:03:00,310.17999,310.57999,310,310.52371,89142
2026-07-24 12:02:00,310,310.20999,309.63000,310.17499,105835
2026-07-24 12:01:00,310.029999,310.16501,309.85950,310.0050049,87255
2026-07-24 12:00:00,310.92499,311.10001,309.82999,310.040100,186313
2026-07-24 11:59:00,310.72000,310.98999,310.67001,310.89001,101444
2026-07-24 11:58:00,310.45001,310.89999,310.39999,310.74609,124217
2026-07-24 11:57:00,310.5,310.60001,310.28000,310.45499,59105
2026-07-24 11:56:00,310.44989,310.63000,310.40079,310.51001,52435
2026-07-24 11:55:00,310.24579,310.58441,310.14999,310.44989,55264
2026-07-24 11:54:00,310.31000,310.44000,310,310.21500,72032
2026-07-24 11:53:00,310.19000,310.41989,310,310.34000,64227
2026-07-24 11:52:00,310.32501,310.72989,310.10999,310.14740,95593
2026-07-24 11:51:00,310.30499,310.63901,310.17001,310.31000,86204
2026-07-24 11:50:00,310.019989,310.35699,309.98999,310.31500,100516
2026-07-24 11:49:00,310.31000,310.31000,310,310.019989,69297
2026-07-24 11:48:00,310.23819,310.5,310,310.33670,97411
2026-07-24 11:47:00,310.059998,310.29001,309.88000,310.23950,99468
2026-07-24 11:46:00,310.22000,310.46259,310.030090,310.059998,88715
2026-07-24 11:45:00,310.11011,310.60001,310.1,310.22000,76294
2026-07-24 11:44:00,309.92001,310.38000,309.89011,310.16501,75151
2026-07-24 11:43:00,310.36499,310.39999,309.79999,309.95981,134934
2026-07-24 11:42:00,310.48001,310.89001,310.36011,310.39990,63121
2026-07-24 11:41:00,310.89999,310.89999,310.35999,310.45999,110138
2026-07-24 11:40:00,311.23499,311.50839,310.87000,310.89999,136522
2026-07-24 11:39:00,311.059998,311.28000,310.95001,311.23499,66431
2026-07-24 11:38:00,310.60001,311.12000,310.45010,311.049988,88711
2026-07-24 11:37:00,310.72501,310.83511,310.41000,310.63501,89223
2026-07-24 11:36:00,310.61920,310.95001,310.47000,310.75,91744
2026-07-24 11:35:00,309.76999,310.63000,309.70010,310.57159,118564
2026-07-24 11:34:00,309.88501,310.32001,309.76999,309.76999,92701
2026-07-24 11:33:00,310.25,310.32999,309.70749,309.90500,117265
2026-07-24 11:32:00,310.84000,311.029999,310.22000,310.22000,115871
2026-07-24 11:31:00,310.40921,310.91989,310.38062,310.84000,133009
2026-07-24 11:30:00,310.32010,310.60001,310.17001,310.41000,84505
2026-07-24 11:29:00,310.97000,311.039886,310.14001,310.38501,190622
2026-07-24 11:28:00,310.95999,311.59991,310.93469,310.98001,196528
2026-07-24 11:27:00,310.76999,311.12000,310.70001,310.89871,79796
2026-07-24 11:26:00,310.95001,311.3,310.79999,310.82999,129246
2026-07-24 11:25:00,309.97000,311.10999,309.95010,311.010010,185057
2026-07-24 11:24:00,309.96091,310.25989,309.65009,309.95001,119424
2026-07-24 11:23:00,309.50500,310.25,308.81000,310.010010,166723
2026-07-24 11:22:00,309.51501,309.99509,309.41010,309.51001,148728
2026-07-24 11:21:00,308.66000,309.94000,308.61,309.42429,250394
2026-07-24 11:20:00,308.62009,309.029999,308.31000,308.67499,622259
2026-07-24 11:19:00,309.39001,309.45999,308.58029,308.63000,355933
2026-07-24 11:18:00,309.94000,310.26001,309.32050,309.39001,236327
2026-07-24 11:17:00,310.76501,311.28000,309.81000,309.95001,184047
2026-07-24 11:16:00,311.85999,311.94461,310.72000,310.76501,153579
2026-07-24 11:15:00,311.37009,312.32001,311.26001,311.84000,242261
2026-07-24 11:14:00,309.87000,311.79999,309.87000,311.38000,232007
2026-07-24 11:13:00,309.22009,310.049988,309.20999,309.89001,134640
2026-07-24 11:12:00,309.35999,309.76001,309.14999,309.26999,118916
2026-07-24 11:11:00,309.84000,310.73999,309.17999,309.35999,242306
2026-07-24 11:10:00,309.125,310.089996,308.85001,309.84000,252121
2026-07-24 11:09:00,309.92001,310.19000,309,309.125,242067
2026-07-24 11:08:00,309.70160,310.23001,309.64011,309.91000,144922
2026-07-24 11:07:00,310.18399,310.45001,309.61011,309.68011,176116
2026-07-24 11:06:00,310.22000,310.38000,310,310.22760,112580
2026-07-24 11:05:00,310.040009,310.44000,310.031006,310.24500,141893
2026-07-24 11:04:00,310.59000,310.67990,310,310.010010,200296
2026-07-24 11:03:00,311.10999,311.16000,310.46011,310.61649,175165
2026-07-24 11:02:00,311.72000,311.72000,311.029999,311.12000,103240
2026-07-24 11:01:00,312.52991,312.60999,311.57001,311.69501,143695
2026-07-24 11:00:00,312.39999,312.54999,312.14999,312.49500,147036
2026-07-24 10:59:00,311.79681,312.48999,311.78009,312.40009,162844
2026-07-24 10:58:00,311.42001,311.83990,311.019989,311.81000,149479
2026-07-24 10:57:00,311.125,311.75,311.125,311.38000,183684
2026-07-24 10:56:00,311.15500,311.18399,310.67001,311.10001,106134
2026-07-24 10:55:00,311.17999,311.29999,310.95,311.17599,116841
2026-07-24 10:54:00,311.28000,311.45999,310.66281,311.17499,223310
2026-07-24 10:53:00,310.74039,311.57999,310.67001,311.27499,109474
2026-07-24 10:52:00,311.35001,311.44000,310.64001,310.74039,196635
2026-07-24 10:51:00,312.13000,312.20999,311.31000,311.38501,203619
2026-07-24 10:50:00,311.61499,312.29950,311.60001,312.15100,204651
2026-07-24 10:49:00,311.045013,311.85001,310.975,311.60999,183737
2026-07-24 10:48:00,311.125,311.39999,310.95001,311.070007,182245
2026-07-24 10:47:00,311.045013,311.63629,310.86279,311.125,250642
2026-07-24 10:46:00,309.26831,311.10001,309.23001,311.000091553,344669
2026-07-24 10:45:00,309.67010,309.82999,309,309.32001,186299
2026-07-24 10:44:00,309.39001,309.82999,309.19849,309.70999,188424
2026-07-24 10:43:00,308.69000,309.60001,308.5,309.32999,327221
2026-07-24 10:42:00,308.95999,309.14999,308.66,308.66000,246586
2026-07-24 10:41:00,309.14999,309.42001,308.78000,308.94000,265729
2026-07-24 10:40:00,309.64990,309.66000,308.82120,309.10999,353129
